Site_Code,POC_Code,Nwk_Code,Gen_Code,Fuel_Code,Tech_Code,Trading_date,TP1,TP2,TP3,TP4,TP5,TP6,TP7,TP8,TP9,TP10,TP11,TP12,TP13,TP14,TP15,TP16,TP17,TP18,TP19,TP20,TP21,TP22,TP23,TP24,TP25,TP26,TP27,TP28,TP29,TP30,TP31,TP32,TP33,TP34,TP35,TP36,TP37,TP38,TP39,TP40,TP41,TP42,TP43,TP44,TP45,TP46,TP47,TP48,TP49,TP50
ARA,ARA2201,MRPL,aratiatia,Hydro,Hydro,1997-11-01,28860,24700,24570,16380,12950,13860,14750,14760,14790,14800,14800,15390,15780,16140,16830,16390,16000,17870,15300,15400,14970,11060,11250,11470,11490,15270,15600,15680,15480,19320,20760,20410,20090,19680,18340,15580,15600,15570,15690,15760,15790,15630,15690,15800,15780,15820,15660,15640,,
ARG,ARG1101,TRUS,argyle_wairau,Hydro,Hydro,1997-11-01,0,0,0,0,0,0,0,0,0,0,0,0,0,0,4450,5012,5130,5160,4740,4760,4766,4770,4807,892,10,0,0,0,0,0,0,4448,5223,5223,5228,5254,5278,5276,5276,5280,5272,5202,886,12,0,0,0,0,,
ARI,ARI1101,MRPL,arapuni,Hydro,Hydro,1997-11-01,50680,42040,42100,42080,42060,42160,42130,42150,42070,42060,41150,42170,42000,42140,42350,43710,51980,53730,57600,67300,67260,67590,67750,68140,62160,58490,58680,58750,58760,55560,52250,52250,52270,52170,52110,52150,52130,52100,53430,56740,56730,56420,56590,56770,56640,56610,56420,56250,,
ATI,ATI2201,MRPL,atiamuri,Hydro,Hydro,1997-11-01,19010,10710,9830,9850,9890,9900,9930,9940,9950,17620,19060,19240,18990,18970,19010,23340,28060,28620,27720,27870,27880,27970,28000,28080,28000,27840,27780,22690,18820,18860,18840,18760,18700,18620,18590,18700,18860,19000,19170,19310,19380,19350,19440,19490,19800,27820,27960,27700,,
AVI,AVI2201,MERI,aviemore,Hydro,Hydro,1997-11-01,88320,88230,88160,78450,47910,10020,1940,3840,740,0,1590,9320,43120,40080,47850,59970,45300,42380,40590,33570,35760,35490,35070,33770,32390,32180,34570,32380,34860,33150,34390,32620,30020,31390,32210,27860,28430,27320,27290,28550,28140,30910,32600,32830,32080,32280,31880,32350,,
BEN,BEN2202,MERI,benmore,Hydro,Hydro,1997-11-01,174870,178840,181740,180710,182410,183770,183430,177360,172690,159940,164120,92640,90170,91910,88880,87570,88430,90510,92780,86940,89350,91120,91190,91220,88500,91850,92160,92210,92380,92320,92410,90870,89370,89110,89730,88220,89790,88520,89310,89880,89770,96550,97020,96990,96550,96070,95750,93380,,
BWK,BWK1101,TRUS,waipori,Hydro,Hydro,1997-11-01,0,0,0,0,0,0,0,0,0,0,0,0,0,0,0,0,0,0,0,0,0,0,0,0,0,0,0,0,0,0,0,0,0,0,0,0,0,0,0,0,0,0,0,0,0,0,0,0,,
COB,COB0661,CTCT,cobb,Hydro,Hydro,1997-11-01,9780,9840,9840,9830,9850,9880,9890,9770,9840,9820,9860,9860,9890,9910,9820,9750,9870,9790,9950,9780,9830,9830,9820,9840,9790,9790,9830,9770,9820,9770,9800,9750,9770,9750,9780,9720,9770,9750,9760,9800,9780,9770,9760,9780,9800,9830,9800,9850,,
COL,COL0661,TRUS,coleridge,Hydro,Hydro,1997-11-01,10670,10680,10670,10680,10670,10670,10680,10670,10660,10670,10670,10670,10680,10680,10680,10670,10670,10670,10680,10660,10670,10670,10680,10660,10670,10680,10680,10670,10680,10670,10680,10680,10680,10680,10680,10680,10680,10680,10670,10680,10680,10680,10670,10680,10680,10680,10670,10680,,
CYD,CYD2201,CTCT,clyde,Hydro,Hydro,1997-11-01,108470,109330,109250,109060,109350,109610,109820,108090,109150,108850,111950,153710,159030,159480,157460,156060,158450,156940,160400,156700,158050,157860,158030,158390,157620,157550,139580,101520,102140,101620,102060,101520,101920,148170,158450,157190,158420,160960,157980,115440,101800,101480,101290,103010,104690,104910,104570,109000,,
HLY,HLY2201,GENE,huntly_1_4,Coal,Thrml,1997-11-01,0,0,0,0,0,0,0,0,0,0,19790,61300,67730,92840,113390,119570,120110,119450,121060,121110,120670,120380,119410,119610,118690,111370,114900,105460,94840,92620,81650,90830,87270,117170,120420,120500,119980,120100,114510,116370,118630,119290,119320,119650,100760,69170,36990,0,,
HWA,HWA1101,TRUS,patea,Hydro,Hydro,1997-11-01,3456,3456,3476,3484,3480,3488,3476,3472,3472,3468,3460,3456,3444,3440,3428,3424,3416,3420,3428,3420,3420,3428,3436,3432,3436,3440,3444,3448,3448,3452,3444,3440,3428,3424,3424,3412,3424,3424,3432,3432,3432,3432,3432,3444,3448,3444,3448,3456,,
KIN,KIN0112,CHHE,kinleith,Wood,Cogen,1997-11-01,0,0,0,0,0,0,0,0,0,0,0,0,0,0,0,0,0,0,0,164,702,3376,2873,4205,4447,4173,3117,6137,4307,5515,3625,309,0,0,0,0,0,0,0,0,0,0,0,0,0,0,0,0,,
KPO,KPO1101,MRPL,karapiro,Hydro,Hydro,1997-11-01,26970,26390,26590,26530,26620,26760,26760,26830,26720,25500,23740,25270,24990,25230,25620,26350,26790,25530,23170,26090,25760,25940,26010,29470,31670,31460,31630,33580,33260,33010,32120,34020,35170,35020,34910,34930,34700,34560,34870,35020,35110,34930,35090,35180,35160,35240,35110,35050,,
MAN,MAN2201,MERI,manapouri,Hydro,Hydro,1997-11-01,292410,292540,292660,292760,292990,293100,293360,293230,293390,293450,293490,293590,293540,293680,293570,293540,293590,293420,293530,293260,293270,293140,292990,292840,292760,292780,292820,292870,293030,293200,287820,293250,293410,293440,293450,293410,293470,293480,293420,293380,293350,293400,293280,293310,293230,293050,292850,292760,,
MAT,MAT1101,TRUS,matahina,Hydro,Hydro,1997-11-01,0,0,0,0,0,0,0,0,0,0,0,0,0,0,0,0,0,0,0,0,0,0,0,0,0,0,0,0,0,0,0,0,0,0,0,0,0,0,0,0,0,0,0,0,0,0,0,0,,
MHO,MHO0331,KING,mangahao,Hydro,Hydro,1997-11-01,9660,9590,9620,9590,9600,9610,100,0,0,0,0,0,0,0,0,0,0,0,0,0,0,0,0,0,0,0,0,0,0,0,0,0,0,0,0,0,0,0,0,0,0,0,0,0,0,0,0,0,,
MTI,MTI2201,MRPL,maraetai,Hydro,Hydro,1997-11-01,41100,29520,17930,8650,8960,24930,22030,15570,12750,32470,5940,22610,16780,32760,40580,71330,68200,84730,108280,104560,98750,79050,70960,49900,54860,42380,43240,35570,37740,22900,22210,27040,39220,60690,72300,97760,94570,75470,62980,78370,94390,81140,54520,32880,26460,29670,43950,18240,,
NPL,NPL1101,CTCT,new_plymouth,Gas&Oil,Thrml,1997-11-01,57880,57880,57910,57900,57920,57900,57920,57920,57920,57960,57960,57980,57970,57980,58010,58050,58090,58100,58050,58110,58070,57900,58070,57980,58070,58020,57980,57930,57940,57880,57850,57840,57800,57780,57770,57740,57740,57780,57840,57900,57970,57970,58000,58010,58030,58050,58080,58100,,
NPL,NPL2201,CTCT,new_plymouth,Gas&Oil,Thrml,1997-11-01,113970,114010,113950,113990,113920,113970,113960,113950,113970,113940,113980,113940,113950,114000,113960,113920,114000,114000,114010,113990,114000,114010,113990,113950,113990,113990,113920,113940,113960,114010,113880,113880,113890,113920,113950,113950,113950,113960,114260,114450,114410,114480,114440,114460,114480,114430,114440,114510,,
OHA,OHA2201,MERI,ohau_a,Hydro,Hydro,1997-11-01,27990,23650,23250,24790,1660,1810,1960,590,1300,1750,10610,8010,15010,15960,24260,10870,21530,48960,58810,87450,82530,76980,71730,75920,75720,71140,76090,69780,56830,62810,62630,67940,84650,62310,54060,64990,44170,38200,33980,51270,76810,89290,84560,59510,62970,78470,91830,98940,,
OHB,OHB2201,MERI,ohau_b,Hydro,Hydro,1997-11-01,43020,31520,13580,1050,0,0,0,0,0,0,0,1460,12180,19410,21070,31440,41600,54390,68940,55570,62300,67120,58950,58720,58410,58800,57600,53130,48620,71440,73880,63810,54610,37600,47330,53420,62810,46940,41290,46010,60240,71320,69090,59460,46570,54600,74320,75670,,
OHC,OHC2201,MERI,ohau_c,Hydro,Hydro,1997-11-01,42080,30850,12600,780,0,0,0,0,0,0,0,2810,14870,16720,21930,31540,40000,55380,62740,60910,60670,66480,59050,59390,58560,57620,58470,52020,49570,73390,70340,62860,55090,38190,47170,54380,59320,49170,40740,47450,62170,70670,68550,58660,42830,56940,75560,75590,,
OHK,OHK2201,MRPL,ohakuri,Hydro,Hydro,1997-11-01,26570,26430,19440,15850,12890,11290,11970,9900,9380,7060,6680,10100,18500,22480,22680,33830,39860,40810,39540,39630,39560,39650,39700,36210,26540,26450,26710,26740,26720,26690,26690,26700,26690,26660,34250,39450,39390,39320,36640,30800,30760,30520,28610,27440,25050,13100,12880,12950,,
OKI,OKI2201,CTCT,ohaaki,Geo,Geo,1997-11-01,28520,27920,28330,28080,28010,28030,28530,28140,28330,28290,28170,28410,28260,27910,28350,28600,28740,28000,27830,28590,28570,27690,27680,27770,27660,27660,27960,28210,28220,27540,28360,28700,27470,27110,27780,27970,27870,27940,28290,28640,27880,27820,27990,28230,28430,28280,28510,28990,,
OTA,OTA2221,CTCT,otahuhu_a,Gas,Thrml,1997-11-01,0,0,0,0,0,0,0,0,0,0,0,0,0,0,0,0,0,0,0,0,0,0,0,0,0,0,0,0,0,0,0,0,0,0,0,0,0,0,0,0,0,0,0,0,0,0,0,0,,
PPI,PPI2201,MRPL,poihipi,Geo,Geo,1997-11-01,0,0,0,0,0,0,0,0,0,0,0,0,0,780,16750,20420,20280,20430,20370,20300,20360,20270,20320,20260,20300,20280,20290,20250,20280,20240,20180,20240,20250,20210,20190,20230,20250,20230,20260,20250,20250,20260,20270,20330,20280,6010,0,0,,
ROT,ROT1101,TRUS,wheao_flaxy,Hydro,Hydro,1997-11-01,4458,4444,4444,4430,4432,4447,4453,4468,4422,4436,4468,4458,4452,4810,7422,7514,7850,7858,8074,8770,8790,9026,10002,10642,8890,4968,4958,4916,4934,4662,4442,4238,4191,5441,5484,5668,4448,6884,7984,7444,7440,7874,7956,7750,4978,4902,3894,4010,,
ROX,ROX1101,CTCT,roxburgh,Hydro,Hydro,1997-11-01,0,0,0,0,0,0,0,0,0,0,0,0,0,0,0,18040,19880,19900,19950,19840,19940,19890,19870,19820,19850,19870,19780,19890,18870,60,0,0,0,0,0,0,0,15550,19950,19810,19840,19800,19830,19550,19340,3120,0,0,,
ROX,ROX2201,CTCT,roxburgh,Hydro,Hydro,1997-11-01,98850,98970,98960,98850,99160,98900,98890,98580,99130,99110,98510,99640,97890,99370,98890,98720,99270,99280,99620,98720,99470,99080,99210,99090,98930,98960,98890,99460,98780,80770,79360,79290,79260,79290,79190,79290,79430,96530,99460,99000,99080,98800,98900,97470,96440,96260,96690,92010,,
RPO,RPO2201,GENE,rangipo,Hydro,Hydro,1997-11-01,29670,29660,29670,29660,29670,29650,29670,29660,29670,29670,29660,29670,29670,29660,29680,29670,29670,29670,29670,29670,29670,29660,29670,29670,29670,29670,29660,29660,29660,29670,29660,29660,29660,29660,29660,29660,29660,29660,29660,29660,29650,29670,29660,29660,29670,29660,29660,29670,,
SFD,SFD2201,CTCT,stratford,Gas,Thrml,1997-11-01,0,0,0,0,0,0,0,0,0,0,0,0,0,0,0,0,0,0,0,0,0,0,0,0,0,0,0,0,0,0,0,0,0,0,0,0,0,0,0,0,0,0,0,0,0,0,0,0,,
SWN,SWN2201,TRUS,southdown,Gas,Thrml,1997-11-01,61140,61030,61030,61070,61010,61030,61020,61060,60770,59810,58870,59300,59510,59660,59890,59460,60350,60990,60630,60820,60940,61060,61040,61110,61030,61040,61060,61030,61040,60920,60870,60870,60870,60870,60750,60800,60840,60800,60810,60720,60710,60720,60750,60780,60770,60700,60710,60720,,
TKA,TKA0111,MERI,tekapo_a,Hydro,Hydro,1997-11-01,1770,1440,1190,6430,9280,7190,5750,6260,7160,6620,4500,6500,7440,7850,6450,5450,5610,6910,6970,6070,6450,6100,6540,7150,6120,6380,6610,6570,6460,6610,6330,6610,6380,6490,6630,6780,6210,6360,6780,6420,6670,6370,6590,6810,6340,6490,6680,6140,,
TKB,TKB2201,MERI,tekapo_b,Hydro,Hydro,1997-11-01,29410,40840,40800,40750,40720,40970,41070,40270,40610,40500,40820,40680,41170,41240,40030,35380,38840,38450,39660,38620,38910,39030,39050,39180,38900,38820,39340,38710,39150,38800,39090,38680,38890,38800,39080,38700,39090,39060,38910,39160,39030,39040,39020,38890,39110,39240,38830,39180,,
TKU,TKU2201,GENE,tokaanu,Hydro,Hydro,1997-11-01,0,0,0,0,0,0,0,0,0,0,0,0,0,0,0,390,15680,29620,28440,28520,28510,28590,28590,28710,28670,28310,0,26380,30120,30070,30060,30030,30000,29900,29910,29900,29870,29410,29130,29140,29170,29100,29130,29130,29140,2660,0,0,,
TMU,TMU1101,GENE,te_awamutu,Gas,Cogen,1997-11-01,13480,13540,13500,13480,13480,13500,13490,13480,13480,13530,13530,13540,13580,13610,13630,13560,13500,13470,13380,13260,13050,12910,12750,12670,12680,12580,12690,12690,12610,12670,12680,12610,12650,12800,12890,12990,13090,13140,13260,13340,13390,13440,13440,13460,13530,13560,13490,13530,,
TUI,TUI1101,GENE,waikaremoana,Hydro,Hydro,1997-11-01,22760,4400,4050,3770,3820,3840,3840,4230,4410,4450,4000,4510,4100,3920,4000,5180,44650,50060,50280,49450,49480,47650,48480,49360,49350,49260,49460,49550,49600,49490,49580,49750,50990,49890,50130,50900,49850,49550,49870,49990,50000,49180,49250,49390,49250,48450,47660,49140,,
WHI,WHI2201,CTCT,whirinaki,Diesel,Thrml,1997-11-01,0,0,0,0,0,0,0,0,0,0,0,0,0,0,0,0,0,0,0,0,0,0,0,0,0,0,0,0,0,0,0,0,0,0,0,0,0,0,0,0,0,0,0,0,0,0,0,0,,
WKM,WKM2201,MRPL,whakamaru,Hydro,Hydro,1997-11-01,27140,36660,36650,36490,36370,36300,36190,36100,35970,26570,22350,12070,7420,13030,17860,17730,17720,18600,23640,32360,35770,30650,29820,30050,30000,29910,30040,30060,30070,32180,32740,32710,32670,32640,32610,32680,32720,32790,33530,34310,34380,34250,34330,34390,34310,34310,34190,34090,,
WPA,WPA2201,MRPL,waipapa,Hydro,Hydro,1997-11-01,13520,8350,5330,4340,4350,4410,4420,4440,4460,5350,13850,10710,7960,7420,8120,23690,25050,23290,26940,27480,27940,22630,21110,21040,14010,11050,11020,11050,11050,10990,10990,10960,10960,10980,19480,24220,26100,28120,23100,21300,25480,24090,20660,14760,7760,7750,10070,9860,,
WRK,WRK2201,CTCT,wairakei,Geo,Geo,1997-11-01,74750,75180,75040,74800,74650,74570,74210,74030,74190,74280,74270,74010,74450,74780,74800,74430,74860,75160,74600,74830,74880,74740,74700,74730,74650,74490,74670,74620,74670,74600,74520,74200,74120,74350,74290,74310,74440,74550,74660,74210,74470,75190,75380,75010,75120,75270,75190,74960,,
WTK,WTK0111,MERI,waitaki,Hydro,Hydro,1997-11-01,39630,39860,39820,39880,39950,38550,38110,37760,38120,37950,37950,37010,35810,34960,32340,32110,31270,29810,28920,27010,26880,24890,24280,22500,22030,19910,20000,17630,17370,17420,16960,15740,15760,15650,15710,15660,15700,15760,15700,16090,16330,15660,15630,15590,15750,15720,15710,15720,,
ARA,ARA2201,MRPL,aratiatia,Hydro,Hydro,1997-11-02,15730,15670,15790,14400,11590,11670,11690,11750,11840,12730,13440,12650,11370,11470,12000,14230,14350,14400,14880,14080,14140,13860,13900,13950,13770,13580,13820,13820,13530,13630,13870,13880,13530,18330,25790,26620,26080,26040,25880,26060,25830,25770,21960,20620,20130,18330,18260,14790,,
ARG,ARG1101,TRUS,argyle_wairau,Hydro,Hydro,1997-11-02,0,0,0,0,0,0,0,0,0,0,0,0,0,0,0,0,4554,5100,5206,5211,5212,5214,5220,5247,608,4,0,110,207,0,0,0,0,0,4293,5008,4899,4884,4881,4886,4942,4900,4845,4836,970,9,0,0,,
ARI,ARI1101,MRPL,arapuni,Hydro,Hydro,1997-11-02,56570,49600,42340,42530,42520,42540,42390,42470,42450,42620,42490,42260,42400,42430,42450,42310,42310,41370,51420,50700,51740,51580,51520,51630,51770,45300,45030,45010,44940,45140,45170,45060,44880,44990,44990,45910,46810,62700,62590,62910,68520,69560,63120,42600,41230,40850,40560,40770,,
ATI,ATI2201,MRPL,atiamuri,Hydro,Hydro,1997-11-02,27490,19770,10240,9770,9750,9760,9770,9750,9760,9830,9690,9520,9450,9430,9410,9360,9500,11170,19600,19380,19430,21890,28300,28520,28590,28200,20130,19770,18780,19680,19650,19510,19420,19400,19390,20700,25470,27970,27710,27880,33200,34870,29600,22500,13520,9880,9830,9830,,
AVI,AVI2201,MERI,aviemore,Hydro,Hydro,1997-11-02,31200,29720,30340,31910,29500,28750,27010,21770,21970,22850,27650,33500,33690,30250,29700,30380,30250,33200,32330,30050,28530,36110,53340,54380,68360,84050,82520,77780,73780,76480,75170,78050,81480,83680,81380,79720,80210,85360,82380,82780,81400,82710,83160,82660,78410,63800,65740,65750,,
BEN,BEN2202,MERI,benmore,Hydro,Hydro,1997-11-02,90300,90680,90070,90430,91800,90830,91350,89410,88830,89710,89330,90560,89330,76230,69000,90040,91400,90220,90140,90760,91930,90040,90950,91000,90940,90590,90170,90990,90700,90810,90900,90760,90520,90850,90790,90760,90700,90850,90830,90850,90850,90880,90900,90880,90790,90860,87580,67460,,
BWK,BWK1101,TRUS,waipori,Hydro,Hydro,1997-11-02,0,0,0,0,0,0,0,0,0,0,0,0,0,0,0,0,0,0,0,0,0,0,0,0,0,0,0,0,0,0,0,0,0,0,0,0,0,0,0,0,0,0,0,0,0,0,0,0,,
COB,COB0661,CTCT,cobb,Hydro,Hydro,1997-11-02,9790,9830,9810,9830,7420,0,0,0,0,0,0,0,2900,10230,10100,10040,10100,9950,9960,9820,9690,9660,9930,9960,9850,9800,9720,9990,9890,9750,9950,9760,9770,10020,9820,9750,9660,9970,9810,9840,9790,9900,9900,9910,9900,9790,9900,10010,,
COL,COL0661,TRUS,coleridge,Hydro,Hydro,1997-11-02,10680,10680,10680,10690,10680,10680,10680,10680,10670,10680,10680,10680,10680,10680,10690,10680,10690,10690,10680,10680,10680,10680,10680,10690,10660,10600,10600,10610,10610,10600,10610,10610,10600,10610,10610,10620,10600,10610,10610,10610,10600,10620,10600,10610,10600,10590,10600,10600,,
CYD,CYD2201,CTCT,clyde,Hydro,Hydro,1997-11-02,108740,109170,108800,109140,105100,104160,104570,103870,103730,104120,104010,104460,103870,142170,158630,158340,158880,158040,158160,157330,159750,161370,163270,159570,121550,108820,108410,109750,109260,108670,109540,108770,149390,164200,162730,162210,161610,163710,162580,162740,162370,162960,162850,113820,109210,108640,109140,109670,,
HLY,HLY2201,GENE,huntly_1_4,Coal,Thrml,1997-11-02,0,0,0,0,0,0,0,0,0,560,7390,30440,53420,57540,57820,70030,83430,111530,117150,117760,117980,118720,118770,118940,110450,101230,101920,97560,93090,91590,83730,83450,83490,104030,116710,117430,118180,117890,118000,115410,115210,117490,118430,117910,118210,89540,91250,82210,,
HWA,HWA1101,TRUS,patea,Hydro,Hydro,1997-11-02,3456,3456,3464,3464,3472,3468,3472,3476,3464,3468,3460,3452,3448,3444,3440,3440,3440,3448,3440,3436,3436,3440,3444,3440,3452,3456,3460,3448,3456,3448,3444,3440,3428,3428,3432,3428,3588,5136,3436,3436,3424,3428,3440,3440,3452,3456,3460,3460,,
KIN,KIN0112,CHHE,kinleith,Wood,Cogen,1997-11-02,0,0,0,0,0,0,0,0,0,0,0,0,0,0,0,0,0,0,0,553,2534,6747,174,12,5557,7292,7277,3630,2480,4554,4382,4188,3393,3411,3117,1623,0,0,0,0,0,0,0,0,0,0,0,0,,
KPO,KPO1101,MRPL,karapiro,Hydro,Hydro,1997-11-02,35250,35150,35270,35240,35190,35220,35160,35090,35120,35350,35180,34520,28150,26780,25480,25400,25520,25580,26140,25520,26220,26060,25110,25070,25160,25090,25170,25170,25110,25290,25250,25200,25040,25110,25040,25620,24570,24700,24630,25260,25880,26210,27170,26870,26880,26920,26800,26920,,
MAN,MAN2201,MERI,manapouri,Hydro,Hydro,1997-11-02,292570,292580,292510,292590,292740,292500,293550,293160,293270,293450,293420,293430,292840,293470,294100,293480,293460,293450,293450,293380,292950,293090,293250,292930,292730,292640,292540,292640,292700,292930,293100,293220,293320,293580,293520,293400,293540,293660,293450,293580,293610,293630,293600,293530,293440,293210,293260,293180,,
MAT,MAT1101,TRUS,matahina,Hydro,Hydro,1997-11-02,0,0,0,0,0,0,0,0,0,0,0,0,0,0,0,0,0,0,0,0,0,0,0,0,0,0,0,0,0,0,0,0,0,0,0,0,0,0,0,0,0,0,0,0,0,0,0,0,,
MHO,MHO0331,KING,mangahao,Hydro,Hydro,1997-11-02,0,0,0,0,0,0,0,0,0,0,0,0,0,0,0,0,0,0,0,0,0,0,0,0,0,0,0,0,0,0,0,0,0,0,0,0,0,0,0,0,0,0,0,0,0,0,0,0,,
MTI,MTI2201,MRPL,maraetai,Hydro,Hydro,1997-11-02,39230,20990,35710,19950,22740,33710,35500,25130,31650,22970,29880,17070,40490,45150,43660,51890,53610,55060,67600,81220,98420,90800,64780,53600,35870,32250,35450,31590,28940,27740,47680,35770,36920,32270,66430,88940,93670,59470,59010,66490,88280,66700,41460,43550,29720,28380,21430,33900,,
NPL,NPL1101,CTCT,new_plymouth,Gas&Oil,Thrml,1997-11-02,58100,58120,58120,58130,58100,58110,58050,58040,58020,57960,57980,57960,57980,57990,58010,58030,58020,58080,58110,58130,58140,58130,58160,58130,58120,58110,58080,58070,57260,57660,58460,58400,58380,58330,58310,58290,58270,58280,58300,58310,58330,58360,58390,58420,58410,58420,58400,58410,,
NPL,NPL2201,CTCT,new_plymouth,Gas&Oil,Thrml,1997-11-02,114410,114500,114430,114450,114420,114420,114420,114440,114450,114420,114410,114460,114400,114430,114480,114440,114370,114500,114490,114370,114480,114340,114470,114450,114480,114430,114460,113650,113640,113620,113970,113990,113950,114020,113930,113940,113990,113930,113940,114000,113960,113950,114050,113890,113780,113990,114010,114000,,
OHA,OHA2201,MERI,ohau_a,Hydro,Hydro,1997-11-02,105010,96950,66450,51220,36480,27760,28960,29390,22550,22720,22640,28700,24930,6300,1960,1900,13860,33980,56480,75470,59610,31430,30530,30840,45230,53440,59780,53750,42710,24800,7860,23950,19500,28090,17400,24560,26880,26300,25010,24160,35030,63890,53470,46200,42490,34730,34500,25340,,
OHB,OHB2201,MERI,ohau_b,Hydro,Hydro,1997-11-02,77550,72500,55390,44930,40450,28950,25780,27040,21420,16660,16510,22690,17720,3660,3190,11730,22590,27210,37430,47440,43930,40520,34150,43660,52030,40560,42380,34030,28060,23070,12320,16320,10880,6600,13990,34420,36690,31960,26600,19480,27580,49720,48610,47060,39730,33580,31250,14660,,
OHC,OHC2201,MERI,ohau_c,Hydro,Hydro,1997-11-02,76580,73530,51420,42370,39520,28150,24900,26220,20650,17920,16070,21160,18450,2530,2150,11350,21840,27000,39820,50810,45360,36500,33050,49800,51110,37850,38420,34750,27910,23290,12050,16270,12120,7080,15510,35000,35620,26300,26850,21510,28320,48950,48210,45720,37960,32750,30100,17180,,
OHK,OHK2201,MRPL,ohakuri,Hydro,Hydro,1997-11-02,13070,13220,13390,13380,13390,13410,13390,13400,13420,13460,13470,13420,13470,13470,13460,17820,27010,27000,27130,26860,26990,39260,52520,46030,41140,40650,28250,27640,27600,27650,27620,27560,27480,27530,27490,27740,27390,27490,27440,27730,51280,52980,52680,52130,19920,14320,14320,14340,,
OKI,OKI2201,CTCT,ohaaki,Geo,Geo,1997-11-02,28640,28690,28580,28480,28550,28390,28250,28870,28700,28600,28510,29180,29110,28650,27950,29310,29270,28460,28410,28740,28850,28340,28380,28830,28670,27950,28370,28650,28250,27880,27560,27880,28010,27780,27640,27730,27800,28240,28050,27940,28170,27920,27900,28140,28840,28800,28290,28390,,
OTA,OTA2221,CTCT,otahuhu_a,Gas,Thrml,1997-11-02,0,0,0,0,0,0,0,0,0,0,0,0,0,0,0,0,0,0,0,0,0,0,0,0,0,0,0,0,0,0,0,0,0,0,0,0,0,0,0,0,0,0,0,0,0,0,0,0,,
PPI,PPI2201,MRPL,poihipi,Geo,Geo,1997-11-02,0,0,0,0,0,0,0,0,0,0,0,0,0,9620,20390,20300,20410,20300,20400,20320,20340,20310,20270,20250,20260,20210,20170,20080,20080,20140,20190,20210,20230,20180,20180,20160,20260,20240,20360,20360,20290,20360,20320,20240,13720,330,0,0,,
ROT,ROT1101,TRUS,wheao_flaxy,Hydro,Hydro,1997-11-02,3924,3924,4006,3939,4229,4463,4436,4491,4498,4444,4462,6631,6926,8243,8826,8840,8805,8779,8700,9662,10302,10360,9638,4958,4964,4926,4954,4954,4916,4928,4950,4022,3916,4790,9822,9802,9788,9796,9754,9738,9288,7460,7392,7420,6950,6899,6479,4404,,
ROX,ROX1101,CTCT,roxburgh,Hydro,Hydro,1997-11-02,0,0,0,0,0,0,0,0,0,0,0,0,0,0,0,0,0,0,0,0,0,0,0,0,14980,19900,19770,19930,19810,19880,19930,19810,19890,19890,19850,19880,19880,19910,19910,19430,0,0,0,0,0,0,0,0,,
ROX,ROX2201,CTCT,roxburgh,Hydro,Hydro,1997-11-02,93420,93780,93860,93630,79420,79160,63360,59610,59350,59380,59350,59410,59450,59340,69520,79250,95990,99290,99000,99270,99310,98680,99060,98830,98650,99320,98610,99590,99000,99060,99550,98660,99350,99360,98990,99280,99010,99300,99040,99450,99440,99160,98950,98900,98950,98830,98680,99490,,
RPO,RPO2201,GENE,rangipo,Hydro,Hydro,1997-11-02,29670,29660,29670,29670,29660,29590,29670,29670,29660,29680,29670,29660,29670,29670,29670,29670,29680,29670,29660,29680,29670,29670,29670,29670,29670,29670,29660,29670,29660,29660,29660,29670,29660,29660,29660,29660,29660,29660,29660,29670,29660,29660,29660,29660,29670,29660,29670,29660,,
SFD,SFD2201,CTCT,stratford,Gas,Thrml,1997-11-02,0,0,0,0,0,0,0,0,0,0,0,0,0,0,0,0,0,0,0,0,0,0,0,0,0,0,0,0,0,0,0,0,0,0,0,0,0,0,0,0,0,0,0,0,0,0,0,0,,
SWN,SWN2201,TRUS,southdown,Gas,Thrml,1997-11-02,60780,60750,60780,60760,60760,60750,60790,60760,60780,60830,60660,60590,60670,60780,60780,60310,59490,60920,60730,60740,60780,60750,60750,60780,60770,60800,60870,61140,61060,61110,61030,61090,60990,61040,61000,61010,60950,60890,60880,60930,60900,60870,60890,60920,60970,60980,61020,61010,,
TKA,TKA0111,MERI,tekapo_a,Hydro,Hydro,1997-11-02,5910,6290,6350,6480,6400,6820,6390,6270,6320,6620,6570,6520,6430,6330,6600,6660,6350,6700,6420,6390,6470,6080,6430,6580,6390,6270,6490,6440,6430,6770,6190,6490,6760,5970,6520,6690,6010,6370,6840,6120,6580,6370,6220,6640,6470,6250,6570,6720,,
TKB,TKB2201,MERI,tekapo_b,Hydro,Hydro,1997-11-02,38710,38870,38580,38920,38950,38720,39160,38610,38570,38720,38670,38810,38450,38700,39010,38990,39020,38780,38830,38440,38030,38070,38750,38750,38640,38470,38360,38860,38820,38300,38760,38490,38300,38960,38550,38480,38400,39020,38500,38500,38320,38660,38590,38550,38560,38300,38610,38620,,
TKU,TKU2201,GENE,tokaanu,Hydro,Hydro,1997-11-02,0,0,0,0,0,0,0,0,0,0,0,0,0,22710,28250,28120,28300,28330,28440,28120,28210,28120,28260,28360,28410,28230,4070,0,0,0,22660,29040,28960,29020,29020,29340,28880,28920,28940,29250,29030,29110,28980,29260,29270,29200,29100,28280,,
TMU,TMU1101,GENE,te_awamutu,Gas,Cogen,1997-11-02,13510,13430,13420,13420,13440,13500,13510,13550,13510,13500,13500,13580,13580,13570,13430,13440,13390,13310,13160,13090,13100,13070,12920,12890,12860,12860,12700,12760,12820,12740,12680,12770,12920,12770,12710,12740,12860,13040,13130,13330,13420,13470,13500,13540,13560,13560,13570,13530,,
TUI,TUI1101,GENE,waikaremoana,Hydro,Hydro,1997-11-02,11070,4470,3920,3890,3880,3950,3880,3900,3990,3980,3960,3830,3890,3890,3880,3730,32910,49450,49570,49130,49440,49340,49210,49130,49210,49160,49240,49240,49230,49340,49340,49290,49130,49210,49360,50540,49650,49730,49600,50040,49780,49730,49560,50090,49660,49710,49510,49660,,
WHI,WHI2201,CTCT,whirinaki,Diesel,Thrml,1997-11-02,0,0,0,0,0,0,0,0,0,0,0,0,0,0,0,0,0,0,0,0,0,0,0,0,0,0,0,0,0,0,0,0,0,0,0,0,0,0,0,0,0,0,0,0,0,0,0,0,,
WKM,WKM2201,MRPL,whakamaru,Hydro,Hydro,1997-11-02,34190,24170,23680,24940,24900,24910,24890,24870,24840,22340,20590,20430,18840,16640,16590,22550,23620,23630,23860,23660,34850,36140,36090,36100,36180,36110,36120,36130,36020,36110,36110,36010,35870,32740,29450,29940,30070,35840,35820,36240,36110,36160,36020,36320,25050,24520,24390,24430,,
WPA,WPA2201,MRPL,waipapa,Hydro,Hydro,1997-11-02,7700,7690,13580,11080,8140,3990,8320,8970,9030,9060,9030,9000,13200,15050,14910,15810,19040,18910,18920,18750,22590,25430,25360,16730,13860,9060,7960,7940,12040,11560,10270,14850,15610,16790,16640,17080,23450,22770,18320,18600,23740,21200,16740,12790,12410,8600,8240,13160,,
WRK,WRK2201,CTCT,wairakei,Geo,Geo,1997-11-02,75270,75170,75150,74990,75320,75360,75490,75390,75570,75580,75480,75010,75370,75380,75240,75130,75370,75490,75410,75420,75420,75400,75490,75350,75520,75720,75670,75640,75840,75670,75520,75650,75600,75480,75330,75210,75190,75350,75240,74490,75040,75040,74920,74730,74840,74860,74810,74800,,
WTK,WTK0111,MERI,waitaki,Hydro,Hydro,1997-11-02,15680,15730,15660,15630,15830,15690,15690,15650,15690,15760,15700,15760,15640,15690,15730,16400,17390,18300,19750,20430,22160,22510,24600,24720,26600,27950,27720,27800,27500,27580,27670,27580,27730,27990,29370,29380,31200,32160,33430,34170,34190,34310,34520,34570,34570,34580,34540,34510,,
ARA,ARA2201,MRPL,aratiatia,Hydro,Hydro,1997-11-03,14630,14630,14670,14870,14690,14750,14710,14770,14690,14710,14950,14370,9850,10020,14880,17760,27580,28050,27640,24600,23890,21530,21850,22050,21930,22030,25390,26220,27750,28260,28740,28830,28470,28340,28650,28720,28740,28760,28740,28700,28500,28280,23570,16800,17960,17710,18580,17750,,
ARG,ARG1101,TRUS,argyle_wairau,Hydro,Hydro,1997-11-03,0,0,0,0,0,0,0,0,0,0,0,0,0,0,4174,4736,4737,4734,4764,4824,4848,4860,4875,4918,932,12,0,0,0,0,0,0,0,0,4136,4708,4730,4826,4858,4863,4862,4926,4838,4810,920,12,0,0,,
ARI,ARI1101,MRPL,arapuni,Hydro,Hydro,1997-11-03,40350,40160,40150,40640,40680,40800,40590,40730,40570,40570,40940,40940,57280,60510,62440,70560,72610,71570,72010,72210,71920,67610,62220,62210,61640,61860,62700,62760,56270,52740,51600,52130,54460,57090,57510,71080,72350,72370,65710,50820,47960,47670,47580,46590,48230,47700,49280,47530,,
ATI,ATI2201,MRPL,atiamuri,Hydro,Hydro,1997-11-03,9900,9920,9920,9990,9900,9880,9840,9780,9720,9640,9540,9280,9140,9060,13510,26140,27770,27810,27970,28040,28080,23320,19740,19790,17640,17400,19180,19140,11610,10000,9980,10190,18470,19550,23700,26840,18250,20700,20290,10700,10290,10210,10200,4840,1420,1040,1280,1030,,
AVI,AVI2201,MERI,aviemore,Hydro,Hydro,1997-11-03,46080,38550,56500,57280,53880,59440,59450,59010,59390,59350,59310,72600,78340,75180,75740,78070,73500,74880,82420,82100,84800,82400,81280,65860,58610,58620,58590,58560,66350,83490,86860,86820,86750,86680,86620,86460,86470,86360,86290,86220,86110,86030,85960,85880,85820,85710,85640,85520,,
BEN,BEN2202,MERI,benmore,Hydro,Hydro,1997-11-03,70580,55250,45520,24820,26300,25100,24610,24850,25180,25110,25190,46270,50410,75650,75470,74970,81610,72740,71830,69180,70650,71440,67820,68590,66270,54450,72120,61960,55100,62340,66170,66040,62590,62380,62050,67880,64890,63040,63780,65400,63310,55520,60800,64520,65710,65510,64690,58120,,
BWK,BWK1101,TRUS,waipori,Hydro,Hydro,1997-11-03,0,0,0,0,0,0,0,0,0,0,0,0,0,0,0,0,0,0,0,0,0,0,0,0,0,0,0,0,0,0,0,0,0,0,0,0,0,0,0,0,0,0,0,0,0,0,0,0,,
COB,COB0661,CTCT,cobb,Hydro,Hydro,1997-11-03,9970,9900,9890,9900,10060,9940,9920,9890,9960,9960,9880,9900,9910,9890,10070,9740,10030,9740,9840,9790,9810,9830,9850,9830,9710,9810,9790,9770,9770,9810,9780,9790,9790,9790,9740,9820,9750,9850,9790,9820,9900,9860,9780,9820,9840,9860,9860,9910,,
COL,COL0661,TRUS,coleridge,Hydro,Hydro,1997-11-03,10610,10600,10600,10570,10600,10600,10600,10590,10600,10590,10600,10600,10600,10610,10610,10610,10600,10740,13030,13370,13430,13420,13430,13430,13420,13430,13420,13430,13430,13430,13440,13430,13490,13590,13590,13600,13590,13600,13590,13590,13600,13550,13430,13440,13450,13450,13420,13420,,
CYD,CYD2201,CTCT,clyde,Hydro,Hydro,1997-11-03,109410,109170,109080,109020,109780,109220,109050,108950,109270,109250,108930,108960,109050,108940,109870,108230,111300,160960,163670,162610,163000,163490,165340,163430,161000,155130,152830,152760,152660,153610,156770,158020,157880,157990,161720,163140,161550,163780,162180,162870,164300,163430,113510,108920,109080,109330,109140,109840,,
HLY,HLY2201,GENE,huntly_1_4,Coal,Thrml,1997-11-03,75920,73110,72880,73150,75810,76980,79820,84140,88810,101460,137720,192900,269400,346850,366180,365440,364660,364780,364120,363360,364380,363590,360450,360430,362600,357570,361050,359650,358740,345560,352990,353080,362220,362710,362670,363620,365480,347060,319550,318950,345960,367030,368430,367950,304380,258900,211660,189230,,
HWA,HWA1101,TRUS,patea,Hydro,Hydro,1997-11-03,3456,3452,3468,3464,3472,3472,3476,3472,3468,3476,3460,3452,3444,3428,3416,3408,3412,3416,3396,3396,3396,3396,3408,3396,3400,3400,3408,3408,3412,3404,3416,3404,8452,8880,8884,8876,8892,8904,8920,8896,3616,3404,3408,3400,3416,3424,3428,3432,,
KIN,KIN0112,CHHE,kinleith,Wood,Cogen,1997-11-03,0,0,0,0,0,0,0,0,0,0,0,0,0,0,0,0,0,0,647,6426,7511,7462,7641,7589,8233,8739,10857,11104,10175,10123,7113,0,0,0,0,0,0,0,0,0,0,0,2300,7457,11064,11400,10696,11059,,
KPO,KPO1101,MRPL,karapiro,Hydro,Hydro,1997-11-03,27000,26920,26930,27060,26890,26950,26890,31450,32020,32010,32130,31820,32080,32110,32220,32360,36530,36520,36760,36830,36980,37290,36830,36790,36970,37100,36780,36800,33890,31650,31560,32220,37410,37810,38050,37790,37720,37740,34350,29240,32060,31780,31740,30990,28250,27220,26430,25110,,
MAN,MAN2201,MERI,manapouri,Hydro,Hydro,1997-11-03,292920,292750,292660,292690,292750,292880,292980,293130,293340,293470,293580,293520,293700,293630,293780,293590,293680,293540,293840,294100,294080,294060,293980,293870,293420,293480,293270,293340,293260,293520,293590,293700,293880,293910,294090,294270,293720,293830,293740,293800,293980,293850,293730,293810,293970,293780,293700,293560,,
MAT,MAT1101,TRUS,matahina,Hydro,Hydro,1997-11-03,0,0,0,0,0,0,0,0,0,0,0,0,0,0,0,0,0,0,0,0,0,0,0,0,0,0,0,0,0,0,0,0,0,0,0,0,0,0,0,0,0,0,0,0,0,0,0,0,,
MHO,MHO0331,KING,mangahao,Hydro,Hydro,1997-11-03,0,0,0,0,0,0,0,0,0,0,0,0,0,0,0,100,9750,10100,10060,9970,10280,10410,10320,10310,10320,10310,10270,10270,10290,10260,10240,10330,10260,10240,10290,10260,10240,10240,10230,10270,10280,10270,10260,10170,10310,10240,10390,10210,,
MTI,MTI2201,MRPL,maraetai,Hydro,Hydro,1997-11-03,74820,56860,43800,39600,27640,24680,16670,20090,22840,12210,30150,26030,23620,42910,82290,111780,115630,99470,97800,80680,72860,71350,64990,54330,42460,38810,62000,35790,35610,48480,41260,56360,51850,74490,62570,66680,51030,34420,29650,50880,55330,73460,67180,54650,47950,41190,55920,35370,,
NPL,NPL1101,CTCT,new_plymouth,Gas&Oil,Thrml,1997-11-03,57550,57450,57450,57490,57450,57450,57460,58090,58310,58310,58290,58290,58290,58290,58290,58300,58320,58340,58360,58380,58390,58380,58390,58380,58400,58380,58360,58350,58330,58320,58290,58290,58240,58260,58210,58210,58190,58190,58220,58200,58230,58260,58280,58290,58300,58340,58350,58370,,
NPL,NPL2201,CTCT,new_plymouth,Gas&Oil,Thrml,1997-11-03,114000,113970,114000,114040,113960,113970,113930,113920,113960,113920,113970,113950,113960,113920,113950,113960,113850,114730,114860,114870,114900,114960,114940,114930,114930,114910,114890,114900,114830,114880,114850,114810,114810,114820,114750,114790,114770,114740,115050,115040,115070,115100,115080,115150,115210,115220,115260,115230,,
OHA,OHA2201,MERI,ohau_a,Hydro,Hydro,1997-11-03,22310,25480,48360,47210,37970,11850,11730,11390,11940,11950,11250,11480,30470,45210,51160,55040,53880,55050,54170,53520,47870,39850,43440,39650,33450,36540,35210,37930,37440,37090,35960,36070,35460,32950,31950,31750,29840,35080,35270,36210,34910,33330,31270,20420,14120,29110,22750,17260,,
OHB,OHB2201,MERI,ohau_b,Hydro,Hydro,1997-11-03,20870,26110,18390,19510,22180,36910,37140,27690,25050,25030,24660,28680,39510,37330,32700,31470,32700,27360,24610,24090,27580,32130,34150,44620,46630,50340,49250,49190,48430,33500,34620,34920,38280,40270,39760,33570,30660,27060,29150,29840,27050,33810,37450,39760,38000,21580,28270,32310,,
OHC,OHC2201,MERI,ohau_c,Hydro,Hydro,1997-11-03,23100,22340,18510,19490,22800,36470,35660,28450,27130,27140,23850,25550,31770,30010,36400,33920,32830,31470,24390,21330,24570,31880,33580,42670,48110,49730,49310,49260,48420,32880,34840,35320,37470,39740,39100,33570,31550,24960,25080,25570,28240,36730,39090,39770,36420,22550,29890,31260,,
OHK,OHK2201,MRPL,ohakuri,Hydro,Hydro,1997-11-03,14370,14360,14300,4890,0,0,0,0,0,0,0,0,360,11160,27290,53060,53630,46600,40280,40350,37010,26930,26800,26750,26830,26860,26690,26690,26750,26710,26690,26960,26540,32710,40500,42150,34980,20300,19460,19790,19830,19650,9540,9030,3440,0,0,0,,
OKI,OKI2201,CTCT,ohaaki,Geo,Geo,1997-11-03,29380,29050,28240,28440,28740,28950,28480,29000,29390,29230,28440,29110,28820,28500,28330,28800,29160,28640,28430,28360,28410,28020,28540,27890,27920,28040,27970,27640,27650,27970,27970,27560,27340,27840,27490,27280,27800,28000,28040,27540,28100,28190,27940,27250,27920,28570,28310,28280,,
OTA,OTA2221,CTCT,otahuhu_a,Gas,Thrml,1997-11-03,0,0,0,0,0,0,0,0,0,0,0,0,0,0,0,0,0,0,0,0,0,0,0,0,0,0,0,0,0,0,0,0,0,0,0,0,0,0,0,0,0,0,0,0,0,0,0,0,,
PPI,PPI2201,MRPL,poihipi,Geo,Geo,1997-11-03,0,0,0,0,0,0,0,0,0,0,0,0,0,8720,20440,20270,20330,20280,20270,20230,20260,20230,20270,20230,20210,20130,20230,20230,20160,20300,20240,20200,20210,20270,20120,20170,20240,20160,20220,20290,20270,20150,20020,20090,15580,30,0,0,,
ROT,ROT1101,TRUS,wheao_flaxy,Hydro,Hydro,1997-11-03,4430,4474,4486,4434,4462,4460,4476,4484,4486,4446,4454,4472,4428,4898,9742,9832,9742,8651,8395,8424,8346,8456,8368,8364,8376,7872,7386,7426,7424,7412,7406,7420,6826,6464,6442,6428,6402,6416,6422,6416,6342,6016,5948,5916,5917,5968,4439,4470,,
ROX,ROX1101,CTCT,roxburgh,Hydro,Hydro,1997-11-03,0,0,0,0,0,0,0,0,0,0,0,0,0,0,0,0,0,0,0,0,0,0,15880,19840,19810,19860,19850,19770,19810,19920,18150,17450,17310,17470,19710,19890,19840,19830,19840,19800,19900,19830,19780,19880,19930,19820,19830,19240,,
ROX,ROX2201,CTCT,roxburgh,Hydro,Hydro,1997-11-03,98750,98970,98930,98840,80390,78960,79100,79280,79080,79020,79670,78940,79530,79440,79200,78860,79310,79170,79340,79070,79370,78860,98160,98850,98790,99150,99170,98880,99140,99490,97330,96880,96650,97120,98670,99050,98960,99050,99010,98860,99340,98930,98870,99020,99170,98810,98900,99160,,
RPO,RPO2201,GENE,rangipo,Hydro,Hydro,1997-11-03,29660,29670,29670,29670,29670,29600,29670,29670,29670,29680,29670,29670,29660,29680,29670,29660,29680,29660,29670,29660,29670,29670,29670,29660,29670,29650,29670,29660,29660,29670,29660,29660,29670,29660,29660,29650,29670,29660,29660,29660,29660,29660,29670,29660,29670,29660,29670,29670,,
SFD,SFD2201,CTCT,stratford,Gas,Thrml,1997-11-03,0,0,0,0,0,0,0,0,0,0,0,0,0,0,0,0,10940,7700,0,0,0,0,0,0,0,0,0,0,0,0,0,0,0,0,0,0,0,0,0,0,0,0,0,0,0,0,0,0,,
SWN,SWN2201,TRUS,southdown,Gas,Thrml,1997-11-03,60980,60970,60970,60960,60940,60920,60940,60900,60930,60490,59750,58770,58750,58890,59040,59220,59270,59950,60670,60880,60960,61010,60710,60680,60610,60650,60610,60610,60610,60560,60530,60540,60490,60490,60520,60530,60710,60720,60750,60780,60810,60810,60820,60770,60850,60840,60920,60840,,
TKA,TKA0111,MERI,tekapo_a,Hydro,Hydro,1997-11-03,6140,6710,6830,5660,6220,7250,6320,6100,6600,6390,6390,6250,6780,6240,6410,6870,6020,6350,6540,6490,5970,6710,6920,6070,6760,6730,6280,6290,6740,6710,5640,6540,6770,6470,6670,6570,6180,6720,6670,6430,6410,6910,6690,6480,6370,6630,6530,6280,,
TKB,TKB2201,MERI,tekapo_b,Hydro,Hydro,1997-11-03,38840,38580,38470,38590,39000,38650,38630,38590,38880,38770,38370,38810,38690,38690,39100,38410,38890,38290,38930,38660,38590,38870,39210,39070,38190,38820,38840,38800,38840,39030,39110,39090,39110,39090,38770,39080,38500,39320,38780,39140,39530,39480,38640,38970,39090,39320,39060,39350,,
TKU,TKU2201,GENE,tokaanu,Hydro,Hydro,1997-11-03,0,0,0,0,0,0,0,0,0,0,0,0,0,0,54970,96970,117820,107900,118670,119010,87400,86590,60620,77710,77170,87360,60710,58820,56380,57810,59370,59680,59050,57800,57970,57840,57770,57820,57760,57960,72310,85820,87300,60010,39010,0,0,0,,
TMU,TMU1101,GENE,te_awamutu,Gas,Cogen,1997-11-03,13500,13510,13510,13460,13510,13530,13540,13500,13420,13310,13290,13280,13340,13370,13220,13190,13140,13210,13300,13230,13140,13050,12990,12950,12880,12740,12770,12860,12830,12900,12890,12830,12800,12890,12840,12910,12800,12750,12820,12870,13070,13110,13160,13220,13280,13310,13410,13480,,
TUI,TUI1101,GENE,waikaremoana,Hydro,Hydro,1997-11-03,49740,47950,3800,3470,3280,3320,3270,3500,3260,3230,3350,3150,3300,9310,20770,60750,65470,65570,65680,65210,65730,65940,61240,60710,60830,60200,38060,37450,37550,37540,37890,38350,37870,43110,49690,50130,50210,49980,50160,51360,54940,58950,56680,49440,50590,50850,50470,49180,,
WHI,WHI2201,CTCT,whirinaki,Diesel,Thrml,1997-11-03,0,0,0,0,0,0,0,0,0,0,0,0,0,0,0,0,0,0,0,0,0,0,0,0,0,0,0,0,0,0,0,0,0,0,0,0,0,0,0,0,0,0,0,0,0,0,0,0,,
WKM,WKM2201,MRPL,whakamaru,Hydro,Hydro,1997-11-03,24460,24450,24480,24540,24450,16830,11880,700,0,0,0,0,0,12060,29380,34450,33410,32520,32790,32980,33330,36020,35920,35910,35990,36040,35830,35840,35880,35820,35640,35910,35540,35420,35590,35480,35470,35500,35430,35590,35580,35420,35340,20430,20770,22230,22810,22210,,
WPA,WPA2201,MRPL,waipapa,Hydro,Hydro,1997-11-03,16470,16590,12510,10780,8940,7540,7450,7490,7600,5980,4470,6120,8900,18800,22490,27280,28160,28150,28130,28060,26880,18330,18210,18110,18190,15570,16920,17000,11090,7770,9140,15260,20150,22990,24360,23610,12160,12020,11910,12200,13930,15720,18430,17980,13930,13680,20070,16230,,
WRK,WRK2201,CTCT,wairakei,Geo,Geo,1997-11-03,74890,75220,75300,74810,75250,75290,75190,75100,75400,75040,75460,75380,75440,75430,75390,75370,75250,73000,72370,71840,72090,71950,71800,71620,71720,71820,71840,71700,72530,74950,75020,74760,74920,75070,74950,75010,75090,74910,75220,75120,75030,74910,74900,74810,75150,75230,75130,74930,,
WTK,WTK0111,MERI,waitaki,Hydro,Hydro,1997-11-03,34430,34230,33200,32040,32000,31900,31870,31810,31790,31740,31700,31630,31680,31690,31780,31710,31830,31760,31850,31860,31930,32030,32090,32100,29770,29790,29690,29690,29970,31990,32040,32710,34590,34670,34690,34970,36960,37100,37120,37220,37270,37290,37190,37350,37420,37360,37360,32670,,
ARA,ARA2201,MRPL,aratiatia,Hydro,Hydro,1997-11-04,18360,17490,17520,17860,17820,18380,18480,18580,18480,18400,18250,19070,21040,21250,24210,23680,20200,18650,18480,20120,15800,15600,17100,19720,19000,19350,20970,19290,19110,19140,19430,20310,19010,18800,19330,19360,19350,18980,21450,23870,23640,23490,22750,18380,18460,18660,21630,17050,,
ARG,ARG1101,TRUS,argyle_wairau,Hydro,Hydro,1997-11-04,0,0,0,0,0,0,0,0,0,0,0,0,0,0,4119,4701,4708,4720,4797,4834,4842,4866,4878,4886,4940,916,10,0,0,0,0,0,0,0,0,4094,4728,4749,4830,4858,4916,4834,4826,924,9,0,0,0,,
ARI,ARI1101,MRPL,arapuni,Hydro,Hydro,1997-11-04,50300,49050,43950,41920,32510,33180,36390,38160,37950,37740,37440,37480,37680,37910,41910,57160,62420,60630,66010,71980,65150,53280,46990,42050,41660,42160,43390,41820,44190,45800,45330,47800,49540,49490,49890,49830,56360,57430,54220,54570,54430,54250,53830,54180,57010,51770,50890,50980,,
ATI,ATI2201,MRPL,atiamuri,Hydro,Hydro,1997-11-04,7770,2140,910,1020,980,1190,1180,1200,1120,1050,860,820,1140,16100,31510,36160,34800,34050,35960,31320,26600,26290,26520,26720,26480,26810,27470,26640,26670,26800,28230,28680,28280,28290,28350,28360,28410,27970,11300,8150,8120,13130,23370,19930,9000,2970,7390,9390,,
AVI,AVI2201,MERI,aviemore,Hydro,Hydro,1997-11-04,85430,85340,80630,58640,58830,52530,58350,53000,48020,35570,34170,42120,55050,58690,72280,75790,61460,62670,61060,62310,58130,56820,56760,56780,56740,56750,56780,60320,72060,70890,78040,83320,84040,83890,83810,83720,83620,83550,83460,69820,56020,56150,80660,83210,83120,83050,82980,82880,,
BEN,BEN2202,MERI,benmore,Hydro,Hydro,1997-11-04,56030,56010,49860,44660,45210,44220,44680,44960,45200,45210,54290,75550,75230,76910,74380,73020,74620,74650,69190,78080,77080,77220,79040,75470,79050,75050,70420,73080,72780,60870,66460,62210,63650,74270,77420,78420,77900,79110,75990,79360,87130,72390,79700,82160,81250,80760,77110,78880,,
BWK,BWK1101,TRUS,waipori,Hydro,Hydro,1997-11-04,0,0,0,0,0,0,0,0,0,0,0,0,0,0,0,1368,10656,11532,1704,0,0,0,0,0,0,0,0,0,0,0,0,0,0,0,0,0,0,0,0,0,0,0,0,0,0,0,0,0,,
COB,COB0661,CTCT,cobb,Hydro,Hydro,1997-11-04,9870,9870,9910,9860,9900,9840,9850,9900,9890,9920,9880,9900,9920,9930,9900,9860,9880,9950,9810,9900,9870,9810,9900,9810,9870,9830,9850,9770,9750,9870,9800,9840,9750,9820,9790,9830,9800,9830,9820,9780,9870,9870,9780,9850,9860,9860,9830,9880,,
COL,COL0661,TRUS,coleridge,Hydro,Hydro,1997-11-04,13420,13420,13420,13490,13450,13440,13440,13450,13450,13460,13460,13460,13460,13480,13470,13430,13340,13410,13400,13430,13420,13410,13420,13410,13430,13440,13470,13450,13430,13480,13430,13460,13410,13470,13440,13450,13450,13450,13450,13430,13450,13460,13430,13450,13440,13440,13440,13440,,
CYD,CYD2201,CTCT,clyde,Hydro,Hydro,1997-11-04,109150,109300,109230,108910,109510,108600,108810,109270,109260,109410,108930,143450,148260,135520,162900,162110,162680,164280,160980,163670,162880,162000,163820,162090,163750,162720,117820,108680,108270,110190,109000,109860,108410,150580,162750,163170,162790,163530,162940,162100,164030,163420,161880,162970,163160,160770,152560,153550,,
HLY,HLY2201,GENE,huntly_1_4,Coal,Thrml,1997-11-04,142830,141170,140910,140920,141210,141390,141320,141430,141490,140410,142320,202070,267080,314020,239960,239030,239590,276850,328110,355320,361860,361800,338180,330790,344980,356460,355800,364840,363920,359310,350410,349440,360650,365170,351850,335030,325660,302170,298550,294180,323540,362930,366070,352860,317240,234060,156750,115930,,
HWA,HWA1101,TRUS,patea,Hydro,Hydro,1997-11-04,3412,3416,3428,3436,3448,3432,3444,3432,3432,3428,3432,3420,3412,3388,3388,3396,3408,3404,3400,3404,3396,3392,3392,3404,3408,3412,3412,3396,3392,3404,3396,3384,3380,3384,3384,3380,3396,3412,3408,3408,3404,3408,3404,3412,3412,3420,3416,3432,,
KIN,KIN0112,CHHE,kinleith,Wood,Cogen,1997-11-04,10285,10429,10509,10984,9956,8512,7257,5647,6324,8338,8363,9284,10608,11574,9924,11256,10780,9613,10487,10823,12448,12653,12558,12199,12423,11358,12214,12115,11423,12384,12329,12702,12473,12648,12677,11199,13290,12583,13178,13668,14109,12653,13609,13663,13795,14082,13482,13589,,
KPO,KPO1101,MRPL,karapiro,Hydro,Hydro,1997-11-04,30540,34710,34600,34640,27570,28290,28280,28390,28190,27990,27730,27890,28100,28620,33710,33870,28370,26640,26440,26430,27260,27410,26700,27240,26680,27240,28900,26730,26830,27020,27040,28060,26680,26590,26910,26770,26500,25870,26610,26970,26930,26530,24140,24600,24740,24930,24560,24670,,
MAN,MAN2201,MERI,manapouri,Hydro,Hydro,1997-11-04,293480,293220,293110,292910,293000,293070,293030,293190,293330,293480,293520,293710,293700,293870,293810,293670,293770,293880,293670,293850,293490,294290,293740,293650,293570,293350,293240,293010,292900,293030,292400,281540,291170,291770,292170,292510,292400,292660,292380,290610,292000,291170,290840,291750,291460,291450,290860,291370,,
MAT,MAT1101,TRUS,matahina,Hydro,Hydro,1997-11-04,0,0,0,0,0,0,0,0,0,0,0,0,0,0,0,0,0,0,0,0,0,0,0,0,0,0,0,0,0,0,0,0,0,0,0,0,0,0,0,0,0,0,0,0,0,0,0,0,,
MHO,MHO0331,KING,mangahao,Hydro,Hydro,1997-11-04,10300,10150,10130,10160,10150,10220,10230,10240,10220,10180,10140,10160,10210,10270,10730,10710,10290,10050,10040,10030,10130,10140,10200,10400,10410,10500,10740,10460,10460,10490,10500,10650,10470,10470,10490,10500,10490,10420,10480,10520,2940,0,0,0,0,0,0,0,,
MTI,MTI2201,MRPL,maraetai,Hydro,Hydro,1997-11-04,46170,25070,14810,6870,9170,12430,20380,13700,12260,16950,12070,9270,15720,42260,98490,115050,114360,108840,84760,26290,12960,13450,29880,43240,33300,18280,57570,39230,41930,20380,33270,58150,52270,33920,40580,78580,46210,31240,29780,43210,72440,47090,48080,58150,29910,35870,63300,22260,,
NPL,NPL1101,CTCT,new_plymouth,Gas&Oil,Thrml,1997-11-04,58340,58360,58350,58350,58330,57430,57450,57470,57480,57530,58270,58340,58340,58330,58320,58310,58340,58360,58370,58390,58410,58380,58410,58400,58400,58390,58390,58340,58370,58400,58370,58330,58310,58270,58240,58250,58210,58220,58230,58230,58250,58260,58290,58300,58330,58360,58350,58360,,
NPL,NPL2201,CTCT,new_plymouth,Gas&Oil,Thrml,1997-11-04,115260,115270,115250,115290,115270,114460,113940,113960,113960,115230,115220,115260,115250,115280,115220,115630,115710,115790,115830,115800,115850,115850,115870,115850,115850,115860,115840,115790,115900,115820,115780,115800,115720,115700,115710,115690,115690,115710,115660,115710,115710,115700,115720,115790,115750,115840,115800,115820,,
OHA,OHA2201,MERI,ohau_a,Hydro,Hydro,1997-11-04,32250,19430,27340,26860,29400,26100,16950,16400,11150,29420,43510,24450,45540,49700,58060,50280,48080,49100,50770,33370,42850,54750,48570,46380,48140,48760,55300,46460,38110,49370,41250,43080,38020,31450,31450,31060,30550,31130,32340,24290,44650,62060,38960,30520,28960,26720,48520,41040,,
OHB,OHB2201,MERI,ohau_b,Hydro,Hydro,1997-11-04,36450,30760,29380,28980,28170,19220,10040,7680,6570,8410,25440,9430,17390,39240,45150,45330,43010,38170,38330,47620,43780,38610,42610,45690,46180,44890,45030,44480,40020,44310,40130,45730,48080,45550,38930,39710,33680,31480,25790,24460,30830,48270,33260,33810,30160,27180,32550,35780,,
OHC,OHC2201,MERI,ohau_c,Hydro,Hydro,1997-11-04,36050,30620,29450,30160,25920,19080,9360,6490,6500,8020,26220,11400,18410,37330,44520,45900,38890,35960,41760,45180,43570,38930,41630,46510,43370,44520,46080,42460,40670,43940,39610,45080,48480,44560,37840,38440,33570,30840,24700,24640,31490,49110,31520,33450,29560,27740,26130,37130,,
OHK,OHK2201,MRPL,ohakuri,Hydro,Hydro,1997-11-04,10780,3520,0,0,0,0,0,0,0,0,0,0,0,22380,45870,52420,51100,51190,46050,39380,39910,39890,40080,40230,39890,40200,40790,39820,39760,39900,39900,41070,42010,40380,40210,40220,40190,39460,30110,29750,32040,33850,36490,21620,11820,0,1300,12980,,
OKI,OKI2201,CTCT,ohaaki,Geo,Geo,1997-11-04,28260,28680,28430,28640,28370,28870,28520,28830,28850,28900,29130,28980,28560,28630,29460,29370,27800,27070,28910,29310,28630,28410,28650,28760,28440,28580,28860,28870,28250,28650,28820,28840,28650,28470,28470,28760,29260,28960,28560,28990,29610,29060,28960,29290,29390,29150,28990,29620,,
OTA,OTA2221,CTCT,otahuhu_a,Gas,Thrml,1997-11-04,0,0,0,0,0,0,0,0,0,0,0,0,0,0,0,5620,21770,6480,0,0,0,0,0,0,0,0,0,0,0,0,0,0,0,0,0,0,0,0,0,0,0,0,0,0,0,0,0,0,,
PPI,PPI2201,MRPL,poihipi,Geo,Geo,1997-11-04,0,0,0,0,0,0,0,0,0,0,0,0,0,7030,20450,20410,20420,20380,20420,20360,20250,20330,20420,20370,20300,20250,20250,20240,20410,20260,20400,20350,20350,20330,20370,20390,20400,20330,20380,20400,20320,20400,20370,20360,12460,0,0,0,,
ROT,ROT1101,TRUS,wheao_flaxy,Hydro,Hydro,1997-11-04,4428,4484,4442,4468,4482,4458,4436,4450,4458,4444,4468,4506,7548,7716,7416,7370,7408,7408,7427,7387,7446,7444,7264,4472,4428,4406,4464,4460,4494,4468,4468,4474,4838,4962,7056,7428,7410,7422,7426,7436,7428,7426,7418,7417,7439,6764,3466,3440,,
ROX,ROX1101,CTCT,roxburgh,Hydro,Hydro,1997-11-04,30,0,0,0,0,0,0,0,0,0,0,0,0,0,0,0,14860,19830,19830,19870,19830,19900,19870,19770,2660,0,0,0,0,0,0,0,15960,19830,19870,19880,19910,19890,19820,19940,19910,19870,19880,19740,19920,19930,19800,19860,,
ROX,ROX2201,CTCT,roxburgh,Hydro,Hydro,1997-11-04,99070,98880,98820,98510,79380,79080,79160,78880,79480,79010,79270,79520,90870,99080,98960,99140,98850,99030,99060,99110,98830,99250,99140,98590,99460,99040,98670,99320,99200,98630,99350,98360,99220,99080,99000,99170,99090,99070,98870,99480,99120,98970,99150,98790,99310,99300,98680,99050,,
RPO,RPO2201,GENE,rangipo,Hydro,Hydro,1997-11-04,29630,29420,29410,29430,29410,29510,29420,29420,29420,29430,29420,29420,29430,29450,29540,29530,29430,29420,29430,29430,29430,29420,29420,29420,29420,29430,29410,29420,29420,29410,29420,29420,29420,29410,29410,29420,29410,29410,29420,29420,29420,29410,29420,29420,29410,29420,29420,29420,,
SFD,SFD2201,CTCT,stratford,Gas,Thrml,1997-11-04,0,0,0,0,0,0,0,0,0,0,0,0,0,0,1310,63230,93620,62160,12630,0,0,0,0,0,0,0,0,0,0,0,0,0,0,0,0,0,0,0,0,0,0,0,0,0,0,0,0,0,,
SWN,SWN2201,TRUS,southdown,Gas,Thrml,1997-11-04,60780,60680,60700,60700,60700,60680,60720,60690,60630,60670,60780,60790,60900,60920,60990,61060,61040,60990,61010,60870,60890,60920,60980,60930,60950,60920,60910,60900,60820,60780,60720,60760,60760,60720,60770,60780,60780,60840,60830,60860,60950,60900,60910,60950,60970,60960,60940,60990,,
TKA,TKA0111,MERI,tekapo_a,Hydro,Hydro,1997-11-04,7030,6470,6470,6490,6410,6600,6570,6160,6780,6540,6530,6610,6250,6790,6690,6410,6410,6340,6460,6830,6660,6650,6340,6750,6750,6960,6090,6450,6620,6410,6790,6160,7100,6260,5730,6640,6960,6630,6310,6470,6250,6620,6880,6800,6450,6830,6470,6050,,
TKB,TKB2201,MERI,tekapo_b,Hydro,Hydro,1997-11-04,38960,39050,38980,38940,39170,38740,38710,39030,38940,39230,38830,38810,39070,39060,38880,38480,38690,39290,38320,38910,38880,38390,39280,38710,39150,39020,39370,38720,38630,39640,38730,39580,38490,39010,38990,39210,39260,39390,39190,38850,39690,39590,38980,39550,39430,39360,39180,39380,,
TKU,TKU2201,GENE,tokaanu,Hydro,Hydro,1997-11-04,0,0,0,0,0,0,0,0,0,0,0,0,0,7880,54430,96730,99410,97060,99860,91470,87500,87310,87980,80320,56060,57050,59520,57460,57450,57630,57540,58350,57280,78660,86760,86470,86550,86030,86550,86810,86580,86020,49600,0,0,0,0,0,,
TMU,TMU1101,GENE,te_awamutu,Gas,Cogen,1997-11-04,13510,13560,13650,13580,13580,13700,13750,13780,13710,13680,13820,13860,14010,14070,14040,13940,13850,13760,13660,13550,13330,13240,13080,13100,12910,12980,12890,12920,12910,12960,13050,13030,13060,12900,12920,12970,23370,27380,27600,27770,13870,13490,13530,13570,13540,13570,13560,13620,,
TUI,TUI1101,GENE,waikaremoana,Hydro,Hydro,1997-11-04,50010,46490,4020,3410,3330,3690,3610,3670,3580,3560,3390,3300,3050,3340,43510,65600,66760,65130,64470,62840,52530,51210,50190,48840,48150,48690,59550,55880,50060,49460,49700,50720,49460,47790,48340,48280,49100,48700,49050,49440,49390,49180,48940,49260,49630,50740,49710,49010,,
WHI,WHI2201,CTCT,whirinaki,Diesel,Thrml,1997-11-04,0,0,0,0,0,0,0,0,0,0,0,0,0,0,0,0,0,0,0,0,0,0,0,0,0,0,0,0,0,0,0,0,0,0,0,0,0,0,0,0,0,0,0,0,0,0,0,0,,
WKM,WKM2201,MRPL,whakamaru,Hydro,Hydro,1997-11-04,25480,24590,24530,24660,24480,24500,12810,15980,20190,20090,19890,19860,19970,33360,38300,36750,37210,36540,36490,36460,32250,24510,24650,24770,25500,26850,27830,34410,36640,36720,36720,37190,36650,36550,36680,36730,36740,36520,36100,28680,35820,36990,36740,36880,36040,29530,36880,22910,,
WPA,WPA2201,MRPL,waipapa,Hydro,Hydro,1997-11-04,11340,7940,7980,8080,7240,4220,4200,4260,4240,4200,4180,4200,6500,16290,21320,27950,28640,28510,28410,23750,13800,8730,4110,7690,12160,13170,12430,14160,15250,11690,8260,12010,21340,20100,13600,16960,14660,11230,12580,11540,13690,16870,18160,13830,12430,9780,17010,13780,,
WRK,WRK2201,CTCT,wairakei,Geo,Geo,1997-11-04,75260,75090,74880,74550,74800,74970,75290,75320,75050,75270,75250,75100,75070,75200,75070,75150,75120,75140,75270,75360,73190,73010,73240,73100,73280,73240,72930,72600,72820,73800,74960,74870,74680,74330,74340,74300,74310,74670,74620,74380,74270,74350,74300,74290,74330,74210,74430,74420,,
WTK,WTK0111,MERI,waitaki,Hydro,Hydro,1997-11-04,35570,37370,37360,37300,37420,37180,37210,37320,37310,37320,37180,37200,37170,37150,37070,37070,37160,37270,37010,37160,37070,37030,37060,36910,36870,36770,36800,36710,36650,36700,36680,36710,36860,36920,36980,37080,37120,37230,37220,37190,37220,37110,36990,37120,37200,37240,37230,37360,,
ARA,ARA2201,MRPL,aratiatia,Hydro,Hydro,1997-11-05,15920,16160,16210,15850,15720,19570,19770,19740,20220,21100,22170,22010,20890,18740,19640,21470,28020,25720,23510,22120,19040,19000,19170,16440,14360,24410,22150,19020,18640,18680,18860,18800,18370,20660,20770,21510,23550,23300,23410,25550,27950,28530,27370,27320,27210,26370,28420,28350,,
ARG,ARG1101,TRUS,argyle_wairau,Hydro,Hydro,1997-11-05,0,0,0,0,0,0,0,0,0,0,0,0,0,0,4078,4732,4730,4731,4738,4792,4816,4828,4631,121,0,0,0,0,0,0,0,0,0,4287,4920,4842,4826,4866,4816,4796,4803,4796,901,6,0,0,0,0,,
ARI,ARI1101,MRPL,arapuni,Hydro,Hydro,1997-11-05,48310,43370,41720,41640,33710,30970,31070,31020,30630,31150,31100,31130,35790,46820,48550,46940,56900,70850,71150,71410,71520,53910,50330,52510,52700,53300,54220,54020,53880,49340,47450,47290,47010,47720,47150,47170,47260,47180,47330,47400,50730,60170,48310,48130,47650,46500,48490,43660,,
ATI,ATI2201,MRPL,atiamuri,Hydro,Hydro,1997-11-05,9480,9510,9500,9510,9530,9480,9530,9480,9290,9470,9360,9260,16290,22550,23540,29460,36290,34820,34610,33370,28750,28730,28540,20910,16460,10450,8530,8500,8470,8610,8570,8380,8190,8310,8180,8280,16980,21210,22950,23120,23790,23820,20500,20570,20290,18500,24670,20450,,
AVI,AVI2201,MERI,aviemore,Hydro,Hydro,1997-11-05,82800,82710,82620,82550,82460,82350,82300,82190,82100,82000,80160,75730,77790,79300,79460,80630,78230,77360,79820,66720,58750,39600,41880,32850,42570,30520,27100,26620,26540,28850,26870,27240,26930,25090,23430,25090,23070,25110,24960,4790,12070,43590,28700,1100,0,0,6770,5110,,
BEN,BEN2202,MERI,benmore,Hydro,Hydro,1997-11-05,73760,73590,76710,74120,76740,77530,74080,78050,76600,76880,75640,75330,75740,78040,77920,86960,84490,87340,89760,91900,98980,133990,143350,150130,174290,185650,180960,180190,179920,183020,184200,185810,177500,177370,178180,180730,173920,181650,180700,178160,179350,178850,179180,175160,179550,181850,179340,181720,,
BWK,BWK1101,TRUS,waipori,Hydro,Hydro,1997-11-05,0,0,0,0,0,0,0,0,0,0,0,0,0,0,0,0,0,0,0,0,0,0,0,0,264,48,0,432,0,804,564,174,0,0,0,0,0,0,0,0,0,0,0,0,0,0,0,0,,
COB,COB0661,CTCT,cobb,Hydro,Hydro,1997-11-05,9830,9840,9890,9840,9870,9900,9840,9890,9880,9870,9870,9860,9870,9890,9880,9910,9810,9820,4150,2670,2460,2490,2460,2500,2450,2540,2490,2450,2400,2380,2590,2720,2610,2510,2600,2680,2500,2640,2570,2570,2640,2620,2590,2670,2550,2590,2600,2640,,
COL,COL0661,TRUS,coleridge,Hydro,Hydro,1997-11-05,13430,13450,13440,13430,13430,13420,13430,13430,13420,13420,13430,13430,13430,13440,13440,13440,13540,13650,13640,13660,13630,13630,13620,13620,13600,13590,13580,13580,13570,13550,13580,14200,14840,14840,14850,14860,14840,14880,14880,14870,14880,14890,14880,14890,14890,14890,14900,14920,,
CYD,CYD2201,CTCT,clyde,Hydro,Hydro,1997-11-05,117160,101390,101890,54840,51900,52070,51680,52050,51910,51930,52630,99200,107450,141410,143440,156730,155580,161290,161130,163690,160600,161280,161060,161590,147060,147300,146510,146260,145810,146800,166460,167890,166520,161410,163070,164480,161580,163490,160760,160620,161520,108920,101530,102250,101200,101500,101590,102060,,
HLY,HLY2201,GENE,huntly_1_4,Coal,Thrml,1997-11-05,116150,103590,99930,101360,101550,101450,101160,101040,93730,74960,99230,128080,203760,290870,352610,368890,367690,363170,365380,363120,359690,359900,354890,359490,367330,366330,366030,349180,324030,309860,302500,309260,351240,355650,356060,362690,365470,366390,367680,368410,368080,368330,335560,294230,285860,229730,155770,106410,,
HWA,HWA1101,TRUS,patea,Hydro,Hydro,1997-11-05,3424,3424,3428,3444,3464,3448,3444,3448,3444,3440,3440,3424,3408,3400,3384,3388,3404,3400,3400,3412,3408,3408,3404,3400,3412,3412,3416,3408,3412,3412,3408,3396,3392,3380,3380,3396,3400,3408,3412,3416,3404,3404,3412,3412,3412,3424,3428,3424,,
KIN,KIN0112,CHHE,kinleith,Wood,Cogen,1997-11-05,14064,14278,14485,14019,13865,11963,13487,14403,14385,14458,14507,13683,14383,14482,14535,14517,14403,13848,11716,8980,9349,10322,9722,9568,10121,7825,8223,11009,13001,10389,9498,10516,8039,9100,11587,12279,11335,12618,12085,12762,11512,11652,12857,13579,12254,14428,14136,13626,,
KPO,KPO1101,MRPL,karapiro,Hydro,Hydro,1997-11-05,24890,23180,26030,26010,26000,25880,26010,25920,25480,26120,25330,22160,21890,22760,23370,21860,27130,30650,30770,29170,32160,33090,33190,33520,28350,31770,32740,32530,32330,32440,32300,32120,31870,32300,31820,31750,31460,31310,31470,31620,31620,31440,31750,31690,31190,31830,31540,29710,,
MAN,MAN2201,MERI,manapouri,Hydro,Hydro,1997-11-05,290570,291510,290980,290440,290730,291110,290530,291580,291010,290980,290860,291050,291850,293800,293870,293950,293830,293890,293890,294020,293910,293970,293880,293900,293790,293860,293550,293460,293390,293230,293380,293410,293430,293430,293660,293830,293560,293180,293190,293150,293320,293160,293200,293260,293160,293260,293210,293240,,
MAT,MAT1101,TRUS,matahina,Hydro,Hydro,1997-11-05,0,0,0,0,0,0,0,0,0,0,0,0,0,0,0,0,0,0,0,0,0,0,0,0,0,0,0,0,0,0,0,0,0,0,0,0,0,0,0,0,0,0,0,0,0,0,0,0,,
MHO,MHO0331,KING,mangahao,Hydro,Hydro,1997-11-05,0,0,0,0,0,0,0,0,0,0,0,0,0,0,0,0,8790,10080,10020,9970,9930,9920,9910,10030,9730,9970,10370,10350,10330,10310,10350,10310,10290,10360,10300,10290,10290,10280,10320,10330,3750,0,0,0,0,0,0,0,,
MTI,MTI2201,MRPL,maraetai,Hydro,Hydro,1997-11-05,43520,32950,31310,29130,24830,9830,19450,17870,4010,29240,22740,30150,34250,60820,100280,130210,116470,77450,103810,64140,63630,71580,55870,100950,40300,12430,24640,31970,26790,43490,48270,70120,34330,43690,66130,58510,44440,47620,38000,40070,61080,18620,30550,44840,15640,34140,25190,26980,,
NPL,NPL1101,CTCT,new_plymouth,Gas&Oil,Thrml,1997-11-05,58380,58380,58380,58350,58370,58360,58350,58360,58330,58320,58310,58310,58290,58280,58280,58260,58270,58290,58310,58300,58350,58360,58350,58380,58360,58370,58350,58360,58340,58340,58330,58320,58290,58280,58230,58200,58240,58250,58200,58190,58230,58230,58250,58270,58310,58300,58340,58340,,
NPL,NPL2201,CTCT,new_plymouth,Gas&Oil,Thrml,1997-11-05,115820,115860,115820,115800,115840,115820,115840,115870,115820,115840,115800,115840,115820,115760,115760,115810,115770,115850,115810,115930,115790,115870,115880,115900,115810,115880,115860,115890,115860,115850,115820,115710,115730,115670,115660,115690,115700,115700,115710,115700,115750,115720,115720,115750,115780,115740,115770,115840,,
OHA,OHA2201,MERI,ohau_a,Hydro,Hydro,1997-11-05,46710,42070,33940,32900,40370,49620,49310,36820,34810,34920,45010,53570,55650,55960,54100,54250,52380,49520,47050,50270,47080,48010,47930,49700,57780,58280,70690,71020,70260,67880,63250,63390,77280,62770,60280,62070,50850,35410,26130,25860,28760,56770,55970,65640,67990,68220,79040,73440,,
OHB,OHB2201,MERI,ohau_b,Hydro,Hydro,1997-11-05,40850,40260,34490,34480,31210,36300,32630,31100,36140,40910,46570,44080,48470,42180,47490,44030,45240,39420,33990,38360,39410,32410,36310,39500,56080,61730,60790,58740,59210,54600,53090,52560,51340,55810,56380,57490,44420,34830,29040,32850,26310,48120,58700,71530,65540,53120,61230,60110,,
OHC,OHC2201,MERI,ohau_c,Hydro,Hydro,1997-11-05,42380,39500,34200,33180,32080,35370,31850,30590,36190,39950,47220,42750,48450,41100,47330,43440,45460,37900,32740,37890,39310,31990,36510,39110,56970,58550,60140,59510,58930,53350,50730,52460,52680,55490,54970,56160,42410,33200,30210,32660,25530,51450,54960,69970,67610,52280,62790,58570,,
OHK,OHK2201,MRPL,ohakuri,Hydro,Hydro,1997-11-05,12980,13000,12990,12990,13020,8370,6470,6460,3400,7330,12760,12820,17730,25570,35380,39340,52270,51100,49500,47150,22300,15650,13730,17770,24370,17510,14100,14040,14070,14160,14140,14080,13940,14230,14000,14200,26630,33320,38960,42590,50480,49380,38740,38650,38140,32780,35710,26060,,
OKI,OKI2201,CTCT,ohaaki,Geo,Geo,1997-11-05,29760,29140,29310,29730,29600,29350,28940,28890,29420,29520,29710,29310,29460,29700,29850,29000,28810,29320,29390,29030,28920,29960,29800,28830,29000,28890,28720,28990,29190,29040,29220,29120,9240,7680,20720,21020,20870,21180,20010,19870,19970,20020,20640,27980,28270,25940,23840,28130,,
OTA,OTA2221,CTCT,otahuhu_a,Gas,Thrml,1997-11-05,0,0,0,0,0,0,0,0,0,0,0,0,0,0,0,0,0,0,0,0,0,0,0,0,0,0,0,0,0,0,0,0,0,0,0,0,0,0,0,0,0,0,0,0,0,0,0,0,,
PPI,PPI2201,MRPL,poihipi,Geo,Geo,1997-11-05,0,0,0,0,0,0,0,0,0,0,0,0,0,2140,18680,20450,20370,20420,20400,20340,20400,20360,20390,20380,20420,20320,20320,20280,20300,20340,20340,20320,20320,20280,20280,20300,20330,20270,20260,20310,20250,20270,20300,20290,19270,2610,0,0,,
ROT,ROT1101,TRUS,wheao_flaxy,Hydro,Hydro,1997-11-05,3454,3462,3468,3438,3484,3450,4364,4474,4440,4460,4408,4472,4472,4476,7328,7246,7504,8282,8382,8416,8364,8396,8428,7216,4956,4940,4936,4924,4920,4936,4980,4952,4938,6592,8310,7856,7890,7866,7906,7472,7440,7404,7410,7420,7374,7384,7430,7427,,
ROX,ROX1101,CTCT,roxburgh,Hydro,Hydro,1997-11-05,8500,0,0,0,0,0,0,0,0,0,0,0,0,0,0,0,0,15030,18710,18660,18850,18720,18730,18850,18670,18880,18780,18830,18850,17000,0,0,0,12890,18930,18850,18700,18810,18770,18760,18890,410,0,0,0,0,0,0,,
ROX,ROX2201,CTCT,roxburgh,Hydro,Hydro,1997-11-05,98700,97110,97520,97520,64270,58380,58350,58290,58440,58470,58320,58280,64430,76420,76890,97410,99090,95880,93360,93330,94020,93330,93630,94060,93030,93990,93420,93850,93890,93950,94310,94370,93260,95570,94410,94030,93400,94020,93700,93740,94120,98710,99090,98890,79320,76930,76240,76770,,
RPO,RPO2201,GENE,rangipo,Hydro,Hydro,1997-11-05,29410,29420,29420,29420,29420,29420,29430,29410,29430,29420,29420,29430,29410,29430,29420,29420,29430,29410,29430,29420,29420,29420,29420,29420,29410,29420,29410,29420,29420,29410,29410,29420,29420,29410,29420,29410,29420,29410,29420,29420,29410,29420,29420,29410,29410,29430,29410,29410,,
SFD,SFD2201,CTCT,stratford,Gas,Thrml,1997-11-05,0,0,0,0,0,0,0,0,0,0,0,0,0,0,0,0,0,0,0,0,0,0,0,0,0,0,0,0,0,0,0,0,0,0,0,0,0,0,0,0,0,0,0,0,0,0,0,0,,
SWN,SWN2201,TRUS,southdown,Gas,Thrml,1997-11-05,61020,61000,61000,61040,60990,60960,60990,61010,60970,60990,60990,61010,61010,61110,61160,61110,61090,61150,61160,61180,61130,61110,60900,61160,61040,61100,61060,61100,61110,61030,61070,61050,61020,61070,61050,61070,61060,61010,61060,61070,61140,61080,61180,61160,61160,61130,61180,61180,,
TKA,TKA0111,MERI,tekapo_a,Hydro,Hydro,1997-11-05,6960,6450,6580,6590,6670,6390,6620,6500,6630,6640,6450,6490,6650,6450,6650,6430,6660,6550,5980,6520,7260,6360,6510,6670,6610,6490,6610,6910,6310,6640,6650,6420,6670,7200,6160,6350,6980,6720,6360,6730,6900,6540,6510,6580,6540,6620,6640,6460,,
TKB,TKB2201,MERI,tekapo_b,Hydro,Hydro,1997-11-05,38880,39080,39220,38930,38940,39020,38530,38990,38810,38930,38780,38780,38790,38960,38770,38800,38340,38320,38820,39930,38940,39270,39030,39240,39130,39560,39510,39330,39060,38640,39460,39990,39660,38820,39330,39610,38680,39340,39180,39180,39430,39410,39030,39420,38760,38820,39100,39340,,
TKU,TKU2201,GENE,tokaanu,Hydro,Hydro,1997-11-05,0,0,0,0,0,0,0,0,0,0,0,0,0,2830,36370,80770,99370,101530,86030,84130,83710,84510,84310,50100,26430,28020,28380,28250,28220,28270,28230,28180,51580,59710,59450,59480,58940,27510,27390,27550,27600,27530,25100,0,0,0,0,0,,
TMU,TMU1101,GENE,te_awamutu,Gas,Cogen,1997-11-05,13590,13590,13600,13560,13530,13510,13530,13560,13620,13630,13590,13610,13700,13760,13740,13670,13630,13580,13520,13450,13450,13420,13390,13280,13210,13120,13000,12880,12950,12850,12830,12860,12800,12820,12820,12820,24230,13520,12770,13030,13150,13330,13370,13470,13520,13580,13660,13660,,
TUI,TUI1101,GENE,waikaremoana,Hydro,Hydro,1997-11-05,48740,48730,13030,17320,17260,4930,3330,3330,3230,3390,3330,3320,3220,3660,29270,47560,61130,65300,52030,50420,50700,51050,51220,50480,48630,49130,50320,49570,49520,49640,49590,49490,49260,49070,48430,48380,48420,48410,48590,48630,48330,48120,48440,49240,48670,49210,48970,48910,,
WHI,WHI2201,CTCT,whirinaki,Diesel,Thrml,1997-11-05,0,0,0,0,0,0,0,0,0,0,0,0,0,0,0,0,0,0,0,0,0,0,0,0,0,0,0,0,0,0,0,0,0,0,0,0,0,0,0,0,0,0,0,0,0,0,0,0,,
WKM,WKM2201,MRPL,whakamaru,Hydro,Hydro,1997-11-05,22750,25520,24340,24320,24300,18780,17760,17720,17480,17730,18410,20680,27030,35610,37040,36250,36780,36810,37000,37120,37180,37300,37350,37860,37010,37090,37350,37160,36970,36970,36830,36740,36600,36720,36540,35710,13740,10080,10110,23660,33480,34640,30880,32510,33880,24490,33560,30130,,
WPA,WPA2201,MRPL,waipapa,Hydro,Hydro,1997-11-05,10080,11450,7980,7960,10380,8880,7650,7580,7290,7640,7640,7900,13820,16760,21860,27250,28960,28790,26460,26190,24300,24150,20980,21700,21380,14930,9340,7640,7610,11230,18110,18110,18140,12760,13310,19670,15530,14750,12060,12100,15040,14860,7500,8490,12180,8190,12210,7540,,
WRK,WRK2201,CTCT,wairakei,Geo,Geo,1997-11-05,74350,74440,74690,74740,74830,74820,74700,74730,74950,74850,74820,74780,74740,74310,68420,70620,70560,70520,70480,70360,70560,70590,70640,70680,70760,70670,70670,70610,70560,68700,69730,71270,75250,75280,74480,73880,74830,74710,74280,73920,74000,74040,73950,73740,73790,73990,74090,73990,,
WTK,WTK0111,MERI,waitaki,Hydro,Hydro,1997-11-05,37300,37380,37450,37370,37440,37520,37270,35060,34990,35010,33460,32380,32400,30190,29900,27600,27330,25430,24850,23450,22430,21080,20090,18650,17550,17710,17510,17530,17560,17500,17650,17760,17590,17590,17670,17690,17470,16740,15160,15140,15160,15190,15180,13810,13600,13570,13540,13530,,
ARA,ARA2201,MRPL,aratiatia,Hydro,Hydro,1997-11-06,27950,17540,14740,14790,14900,14880,17780,21580,21450,21320,21290,21100,21310,21120,21290,23390,28600,28520,28470,28430,22250,20950,21290,21390,21220,23200,23890,26050,25660,25540,25810,25960,24750,22680,28150,28280,28260,28280,28250,28230,28270,28200,28150,27950,25220,24910,24740,16670,,
ARG,ARG1101,TRUS,argyle_wairau,Hydro,Hydro,1997-11-06,0,0,0,0,0,0,0,0,0,0,0,0,0,0,3908,4242,4256,4359,4398,4426,4438,4418,4422,900,8,0,0,0,0,0,0,0,0,0,3730,4272,4374,4448,4426,4437,4434,4431,912,9,0,0,0,0,,
ARI,ARI1101,MRPL,arapuni,Hydro,Hydro,1997-11-06,32420,28090,30830,36410,27370,23560,17160,17210,17240,17280,17420,17210,23490,51780,72610,68550,64220,64310,64420,64570,64430,64590,64580,64430,64620,64580,64730,64700,65360,64060,58480,53710,59230,69820,72560,72730,72770,59260,57950,57660,65230,65520,65570,65710,62780,45350,45740,41340,,
ATI,ATI2201,MRPL,atiamuri,Hydro,Hydro,1997-11-06,14230,10440,8950,9010,9360,8940,8740,8820,8790,8830,8780,8600,9780,26610,28220,34240,36340,34940,30350,21140,20990,18280,24270,22860,24200,20290,19440,19580,19680,19740,23460,27410,23410,23790,28230,28170,28270,23640,26750,28770,28840,28700,23620,17360,14320,8480,8590,5430,,
AVI,AVI2201,MERI,aviemore,Hydro,Hydro,1997-11-06,23040,4380,9040,4900,5430,5300,4760,5130,5540,4990,15820,21920,23260,23700,24470,33210,48370,47730,51110,49680,10290,1980,2280,38800,44280,28470,31540,28780,12190,4880,4420,3710,4390,2850,0,0,0,0,0,0,0,0,0,0,0,0,0,1470,,
BEN,BEN2202,MERI,benmore,Hydro,Hydro,1997-11-06,175910,175800,178790,177460,183860,180320,176490,178370,183130,178490,178320,178360,183370,186300,183060,179710,182580,180410,174400,171690,174820,172960,175340,174370,173780,174900,180630,177630,180570,179830,180300,177720,179260,207600,222920,224490,222200,223690,224900,225000,202660,199780,222690,222300,225480,223840,221560,224050,,
BWK,BWK1101,TRUS,waipori,Hydro,Hydro,1997-11-06,0,0,0,0,0,0,0,0,0,0,0,0,0,0,0,0,0,0,0,0,0,0,0,0,0,0,0,0,0,0,0,0,0,0,0,0,0,0,0,0,0,0,0,0,0,0,0,0,,
COB,COB0661,CTCT,cobb,Hydro,Hydro,1997-11-06,2610,2590,2640,2620,2680,2640,2580,2620,2670,2630,2630,2620,2660,2670,2690,2650,2660,2610,2670,2610,2670,2610,2620,2600,2600,2600,2610,2520,2590,2580,2590,2500,2570,2540,2560,2540,2540,2530,2530,2510,2640,2650,2560,2470,2580,2700,2470,2670,,
COL,COL0661,TRUS,coleridge,Hydro,Hydro,1997-11-06,14890,14910,14910,14910,14910,14910,14900,14890,14910,14910,14900,14910,14890,14900,14900,14900,15000,15060,15020,15030,15020,15030,15020,15020,15010,15020,15010,15000,15010,15010,15010,14990,15000,15000,14990,15000,14990,15010,15020,15020,15060,15040,15030,15000,15020,15050,15010,15030,,
CYD,CYD2201,CTCT,clyde,Hydro,Hydro,1997-11-06,99420,98910,55120,51840,51470,51030,50740,53230,54160,53850,53840,90240,104570,140590,143380,152350,156810,159850,161420,160760,161720,160750,166770,159850,146440,146360,146700,145470,146710,146450,146640,145480,147840,161130,161110,161080,161190,160810,160600,160500,162050,148870,141530,103650,100760,101860,101280,104860,,
HLY,HLY2201,GENE,huntly_1_4,Coal,Thrml,1997-11-06,110320,98750,99250,92770,92310,88510,89740,80890,76770,80290,89640,131270,169190,228940,243440,243010,242770,241600,240340,239710,240630,241070,239730,238520,238180,238180,239830,239180,240130,239440,240360,239450,240290,241590,241430,240640,241000,241330,241790,241930,241540,241170,241580,241370,203980,163290,117660,96080,,
HWA,HWA1101,TRUS,patea,Hydro,Hydro,1997-11-06,3428,3424,3440,3448,3448,3448,3456,3452,3440,3444,3428,3408,3412,3396,3380,3384,3620,3440,3444,3440,3444,3444,3444,3436,3444,3448,3444,3444,3448,3456,3456,3444,8472,8860,8856,8864,8880,8896,8908,8896,3680,3452,3448,3456,3460,3464,3476,3476,,
KIN,KIN0112,CHHE,kinleith,Wood,Cogen,1997-11-06,13872,13066,11298,11637,9852,8916,11059,9528,10499,9538,9242,9404,12643,12792,13046,13170,9650,9588,9991,10765,9468,10230,10362,10544,9807,8911,9695,9189,7101,5749,8413,8308,7760,10579,9916,9384,10302,8258,8841,11306,10491,9384,11258,11161,11517,10260,8970,12511,,
KPO,KPO1101,MRPL,karapiro,Hydro,Hydro,1997-11-06,24400,25810,26280,26560,28190,25830,23400,23540,23580,23620,23840,25260,26640,27410,29910,30760,32940,35590,35700,35830,35490,30260,32980,33740,33920,33880,34060,34110,34090,34150,34100,34380,34280,35580,34380,34490,34480,34570,34560,34520,35380,34440,34520,34620,34780,34420,34740,34710,,
MAN,MAN2201,MERI,manapouri,Hydro,Hydro,1997-11-06,293180,293100,293090,292990,284360,269630,266590,254090,245510,244080,261580,264590,286640,292990,294580,295820,295840,295870,295480,295110,294950,292970,292980,292850,292940,292880,292850,292720,292700,292510,292480,292320,292370,292400,292410,292570,292640,292690,292820,292850,292950,292990,292910,292850,292920,293070,292780,292960,,
MAT,MAT1101,TRUS,matahina,Hydro,Hydro,1997-11-06,0,0,0,0,0,0,0,0,0,0,0,0,0,0,0,0,0,0,0,0,0,0,0,0,0,0,0,0,0,0,0,0,0,0,0,0,0,0,0,0,0,0,0,0,0,0,0,0,,
MHO,MHO0331,KING,mangahao,Hydro,Hydro,1997-11-06,0,0,0,0,0,0,0,0,0,0,0,0,0,0,0,0,9870,10090,10030,9970,9920,9920,9900,10130,10340,10320,10340,10330,10320,10300,10290,10320,10320,10460,10250,10250,10220,10230,10240,10230,630,0,0,0,0,0,0,0,,
MTI,MTI2201,MRPL,maraetai,Hydro,Hydro,1997-11-06,5200,11280,55360,19600,34590,28800,23190,29150,22790,14530,33140,27030,59050,40800,80980,96480,111050,97890,89160,85780,82040,84660,85490,78310,56230,48190,41620,38580,37380,20320,14400,45830,58230,77750,67470,81250,73590,62050,52730,37840,86370,85160,64710,64520,48180,55960,42980,40210,,
NPL,NPL1101,CTCT,new_plymouth,Gas&Oil,Thrml,1997-11-06,58360,58370,58380,58360,58380,58370,58350,58350,58330,58320,58310,58280,58280,58270,58260,58220,58230,58230,58230,58250,58280,58290,58290,58300,58320,58300,58320,58320,58280,58310,58280,58270,58250,58250,58240,58210,58200,58200,58180,58200,58210,58180,58200,58200,58210,58230,58250,58290,,
NPL,NPL2201,CTCT,new_plymouth,Gas&Oil,Thrml,1997-11-06,115860,115880,115860,115860,115900,115860,115880,115850,115860,115840,115850,115830,115770,115800,115820,115770,115770,115780,115750,115830,115840,115830,115710,115790,115770,115790,115740,115890,115840,115870,115830,115790,115830,115770,115720,115790,115730,115680,115740,115700,115280,115250,115270,115250,115230,115350,115260,115380,,
OHA,OHA2201,MERI,ohau_a,Hydro,Hydro,1997-11-06,87910,82170,77790,72790,72480,72330,67790,67100,68450,66910,66980,73120,73310,69840,79840,90860,77960,81180,75310,75390,78660,82460,83980,79980,80240,91350,91050,90800,87220,89390,88830,94850,78910,70940,46500,53630,58820,70040,60410,51280,67280,90490,80710,72650,53910,59870,72880,75230,,
OHB,OHB2201,MERI,ohau_b,Hydro,Hydro,1997-11-06,70850,69150,60800,60930,55170,57530,55860,49190,55950,67600,62240,49730,53210,60380,63570,74450,68750,72250,73320,70860,71560,72010,65340,73200,71270,72450,71940,72410,73180,70970,71320,73170,76840,58010,57440,55270,58450,51470,45150,36600,36770,64130,63700,60150,54480,45830,54030,40950,,
OHC,OHC2201,MERI,ohau_c,Hydro,Hydro,1997-11-06,73830,66140,60580,59940,54800,58460,53910,48950,52970,66560,63780,50450,54720,58260,64610,72920,68650,73230,72160,70760,69930,73380,64240,73680,70660,73330,70210,73120,73010,70680,70970,74830,75950,56560,57080,54990,58080,50910,45400,36010,35050,64650,63340,61560,52050,45830,56140,40570,,
OHK,OHK2201,MRPL,ohakuri,Hydro,Hydro,1997-11-06,9320,1510,0,0,0,2540,14410,14590,14620,14650,14700,14680,16160,29210,38510,50850,52770,50510,42170,32520,34000,27560,35420,34970,34910,37840,40690,40610,40160,32220,27630,29490,32200,36590,39910,39910,39840,34080,37460,39220,39640,39150,33350,26700,13470,7650,7800,1460,,
OKI,OKI2201,CTCT,ohaaki,Geo,Geo,1997-11-06,27990,28430,28320,28200,28440,28550,28480,28150,27660,28610,28490,27690,28070,28590,28820,28550,28040,28380,29320,28600,28620,28580,28650,28940,28730,28460,28420,28600,29030,28700,27870,28930,29090,28640,28240,28590,28600,28570,28490,28450,28650,28320,29170,28680,28360,28560,28370,28320,,
OTA,OTA2221,CTCT,otahuhu_a,Gas,Thrml,1997-11-06,0,0,0,0,0,0,0,0,0,0,0,0,0,0,0,0,0,4890,930,0,0,0,0,0,0,0,0,0,0,0,0,0,0,0,0,0,0,0,0,0,0,0,0,0,0,0,0,0,,
PPI,PPI2201,MRPL,poihipi,Geo,Geo,1997-11-06,0,0,0,0,0,0,0,0,0,0,0,0,0,3970,20140,20400,20290,20330,20330,20300,20360,20300,20300,20350,20310,20140,20260,20190,20180,19950,20230,20360,20260,20320,20260,20280,20300,20280,20300,20270,20270,20340,20320,20270,17640,960,0,0,,
ROT,ROT1101,TRUS,wheao_flaxy,Hydro,Hydro,1997-11-06,7399,4660,4452,4450,4418,4476,4450,4454,4434,4484,4446,4466,4452,6244,6886,6970,7807,8423,8378,8348,8418,8298,7916,7472,7446,7386,6692,5074,4910,5046,5458,5660,7465,7647,7438,9520,9602,8361,7569,7404,7442,5886,4548,4448,4414,3976,3966,3944,,
ROX,ROX1101,CTCT,roxburgh,Hydro,Hydro,1997-11-06,0,0,0,0,0,0,0,0,0,0,0,0,0,0,0,0,0,12960,18830,18830,18890,18760,13710,18740,18790,18810,18760,18740,18880,18800,18860,18790,18780,18780,18760,18770,18850,18580,18800,18780,18710,3540,0,0,0,0,0,0,,
ROX,ROX2201,CTCT,roxburgh,Hydro,Hydro,1997-11-06,78820,78940,77860,76610,61240,59400,59440,57130,56080,56380,56250,55170,57210,75920,76900,97680,99230,96290,93920,93910,94370,93370,93720,93650,93890,93720,93720,93650,94050,93760,94190,93360,93880,93880,93450,93650,93850,92900,93780,93650,93220,98280,98810,98960,99140,98950,97030,95150,,
RPO,RPO2201,GENE,rangipo,Hydro,Hydro,1997-11-06,29420,29410,29420,29410,29420,29420,29410,29410,29420,29420,29410,29420,29410,29420,29420,29410,29420,29420,29410,29420,29420,27490,22920,26890,26360,26220,28240,27110,27440,26800,24780,27180,30370,29210,29410,29320,29550,29550,29550,29540,29550,29550,29530,29540,29550,29190,29010,29010,,
SFD,SFD2201,CTCT,stratford,Gas,Thrml,1997-11-06,0,0,0,0,0,0,0,0,0,0,0,0,0,0,0,0,0,0,0,0,0,0,0,0,0,0,0,0,0,0,0,0,0,0,0,0,0,0,0,0,0,0,0,0,0,0,0,0,,
SWN,SWN2201,TRUS,southdown,Gas,Thrml,1997-11-06,61180,61230,61240,61260,61330,61250,61250,61210,61230,61220,61280,61250,61310,61290,61320,61350,61280,61320,61330,61390,61370,61370,61110,60510,60610,61030,61330,61290,61280,61250,61260,61250,61250,61230,61200,61240,61150,61180,61180,61210,61180,61200,61190,61200,61200,61250,61280,61220,,
TKA,TKA0111,MERI,tekapo_a,Hydro,Hydro,1997-11-06,6660,6490,6650,6620,6510,6810,6640,6390,6510,6740,6480,6460,6670,6530,6730,6400,6560,6310,6690,6550,6500,6910,6610,6720,6570,6830,6720,6470,6870,6530,6300,6710,6890,6490,6340,7020,6150,6360,6920,6350,5820,7100,6910,5810,5900,6720,6860,6070,,
TKB,TKB2201,MERI,tekapo_b,Hydro,Hydro,1997-11-06,39110,39080,39120,39010,39230,39120,38640,38900,39240,38930,38950,38870,38990,38890,39010,38910,38750,38800,39260,39030,39450,39300,39450,39530,39500,39570,39630,39310,39580,39400,39390,39170,39330,39220,39090,38860,39030,38870,38780,38680,39230,39120,38650,38140,38690,39320,38010,38900,,
TKU,TKU2201,GENE,tokaanu,Hydro,Hydro,1997-11-06,0,0,0,0,0,0,0,0,0,0,0,0,0,0,58810,88500,99920,87780,85880,85800,85750,85910,62770,40120,36440,28390,27000,27640,28520,28480,28430,36600,56600,57000,58040,57650,55230,55290,55300,55250,55770,55240,6140,0,0,0,0,0,,
TMU,TMU1101,GENE,te_awamutu,Gas,Cogen,1997-11-06,13680,13660,13660,13740,13730,13710,13680,13670,13710,13770,13830,13850,13850,13890,13870,13850,13840,13560,13450,13590,13490,13360,13300,13240,13370,13350,13240,13200,13240,13250,13220,13210,13260,13350,13320,13310,13220,13240,13260,13310,13470,13560,13610,13670,13720,13790,13810,13830,,
TUI,TUI1101,GENE,waikaremoana,Hydro,Hydro,1997-11-06,47950,42440,4870,5030,5930,5160,4790,4780,4440,4300,4550,4310,4550,4330,14780,50090,62990,52820,50990,51290,49590,48320,49120,49410,49630,49580,49480,49130,48920,49120,49520,49700,50020,49290,49160,49910,49990,50070,50080,49890,50780,50070,62310,64720,64780,54990,59540,50840,,
WHI,WHI2201,CTCT,whirinaki,Diesel,Thrml,1997-11-06,0,0,0,0,0,0,0,0,0,0,0,0,0,0,0,0,0,0,0,0,0,0,0,0,0,0,0,0,0,0,0,0,0,0,0,0,0,0,0,0,0,0,0,0,0,0,0,0,,
WKM,WKM2201,MRPL,whakamaru,Hydro,Hydro,1997-11-06,29580,27840,23990,23260,11600,10500,10050,10110,10150,10170,10380,18000,24600,35170,35370,35490,35500,35590,35820,36000,35960,36080,36080,35970,36100,36080,36170,36130,36060,35980,35840,35910,35880,36520,35730,35840,35890,35960,35990,35940,36400,36050,36090,36180,36290,36110,36170,31200,,
WPA,WPA2201,MRPL,waipapa,Hydro,Hydro,1997-11-06,6340,5890,6430,9030,6220,5990,6950,10880,16580,11370,7380,7390,16450,13720,22230,24890,28080,27140,26180,23050,20820,23050,23030,22740,21410,16730,13530,11590,12720,10650,8120,12570,14840,19390,19640,22920,22450,19040,17600,13580,17770,17070,25200,23570,17940,17700,14020,11950,,
WRK,WRK2201,CTCT,wairakei,Geo,Geo,1997-11-06,74380,74200,74450,74400,74560,74460,74540,74590,74570,74770,74680,73870,73920,73910,73620,73730,73490,73250,73100,73080,71300,73950,73050,72830,72990,73960,74100,74000,74070,74060,74120,74140,74450,74410,74690,75180,75240,75340,75350,75270,75220,75530,75450,75350,75470,75470,75470,75350,,
WTK,WTK0111,MERI,waitaki,Hydro,Hydro,1997-11-06,13510,13520,13500,13470,13460,13460,13440,13470,13520,13530,13490,13560,13530,13530,13530,13490,13520,13570,13620,13610,13600,13570,13540,13550,13610,13640,13670,13560,13680,13490,13560,13590,13580,13600,13500,13530,13430,13400,13360,13320,13480,13320,13270,13200,13220,13260,13110,13190,,
ARA,ARA2201,MRPL,aratiatia,Hydro,Hydro,1997-11-07,12290,12400,12260,12430,12410,12320,12710,12900,12880,12800,8340,7340,7780,12880,22510,28590,28490,28330,28220,28120,20900,19210,19650,19690,19510,19400,19800,19930,19640,19610,19950,22540,22750,28330,28500,28500,28510,28550,28560,27590,23480,23440,23490,23370,22900,27260,26440,26010,,
ARG,ARG1101,TRUS,argyle_wairau,Hydro,Hydro,1997-11-07,0,0,0,0,0,0,0,0,0,0,0,0,0,0,3399,4248,4250,4257,4264,3076,0,0,0,0,0,0,1665,0,0,0,0,0,0,0,0,0,4130,4718,4761,4814,4836,4857,4857,917,9,0,0,0,,
ARI,ARI1101,MRPL,arapuni,Hydro,Hydro,1997-11-07,32570,32570,32070,32280,32090,31880,32580,32980,32900,32470,31710,32320,22850,43330,53300,70260,72970,73350,73470,73520,73720,73650,73300,72790,72960,72670,72280,72420,72230,62850,58760,58690,65450,72450,73280,73160,63470,52210,52320,57300,69970,63500,63290,62800,57220,55170,59090,59140,,
ATI,ATI2201,MRPL,atiamuri,Hydro,Hydro,1997-11-07,4710,4710,4550,4670,4570,4590,4760,4910,4850,4680,2900,2430,2540,2340,15110,35010,36720,36790,36830,36880,36890,36920,34640,28990,29270,29380,29390,18360,17630,17630,18230,19250,21160,28090,22850,19700,19820,18790,17860,18300,18060,18000,18100,15020,10990,8900,16840,21090,,
AVI,AVI2201,MERI,aviemore,Hydro,Hydro,1997-11-07,24350,19060,900,0,0,0,0,11100,25440,28800,29670,29670,35030,12730,8120,20190,22830,25070,11360,4690,4810,4780,4650,3990,3780,19340,30010,26710,27370,28160,27680,27210,27720,27580,11800,5420,27030,26360,26460,29680,51450,51410,52180,53060,68370,74690,87240,80050,,
BEN,BEN2202,MERI,benmore,Hydro,Hydro,1997-11-07,216060,212190,219720,224150,215790,209010,211070,201010,194050,134370,162680,127960,160970,153180,221210,224010,222300,221800,225910,228310,221600,225350,231030,228570,227570,229470,231080,225030,224820,228950,225320,224250,223320,194220,214830,219820,216290,199500,199850,197980,183600,184190,201710,192720,168130,175820,180140,178220,,
BWK,BWK1101,TRUS,waipori,Hydro,Hydro,1997-11-07,0,0,0,0,0,0,0,0,0,0,0,0,0,0,0,0,0,0,0,0,0,0,0,0,0,0,0,0,0,0,0,0,0,0,0,0,0,0,0,0,0,0,0,0,0,0,0,0,,
COB,COB0661,CTCT,cobb,Hydro,Hydro,1997-11-07,2680,2580,2600,2590,2650,2710,2700,2590,2670,2630,2720,2640,2690,2610,2710,2660,2640,2570,2660,2710,2550,2630,2660,2580,2570,2580,2640,2550,2530,2620,2540,2510,2550,2540,2540,2580,2500,2570,2480,2540,2650,2570,2550,2570,2630,2610,2660,2590,,
COL,COL0661,TRUS,coleridge,Hydro,Hydro,1997-11-07,15050,15020,15040,15020,15030,15050,15040,15030,15040,15040,15050,15010,15020,15050,15080,15090,15050,15010,15020,15040,15010,15030,15040,15030,15020,15030,15050,15040,15030,15040,15040,15030,15050,15030,15030,15050,15020,15060,15020,15060,15070,15050,15040,15040,15080,15040,15050,15050,,
CYD,CYD2201,CTCT,clyde,Hydro,Hydro,1997-11-07,104890,103900,60780,54210,51350,51320,54150,54120,54510,54330,54660,89100,103310,136860,143930,157880,157750,156830,158330,159140,157050,158160,158800,157880,143920,143800,144750,143460,143350,144710,143650,143190,144030,156920,158180,158560,157480,158180,156970,157830,159160,151140,147800,116340,102170,101820,102080,101680,,
HLY,HLY2201,GENE,huntly_1_4,Coal,Thrml,1997-11-07,110780,107440,98400,87500,84570,86530,86960,76460,73660,72550,73770,107430,141270,195440,234880,239890,241080,240200,241550,242050,240710,241030,240470,238250,237590,238710,238700,239680,239940,240380,240170,239470,240040,239980,240340,240760,240160,240800,241570,240650,240750,241650,240540,239560,215280,128020,34800,0,,
HWA,HWA1101,TRUS,patea,Hydro,Hydro,1997-11-07,3488,3480,3480,3484,3492,3492,3496,3492,3484,3488,3492,3476,3472,3452,3432,3436,3436,3436,3448,3456,3460,3456,3456,3456,3460,3468,3464,3464,3464,3460,3464,3468,3456,3456,3460,3452,3456,3460,3480,3464,3472,3468,3476,3476,3484,3480,3488,3492,,
KIN,KIN0112,CHHE,kinleith,Wood,Cogen,1997-11-07,13056,12877,14194,14027,14149,14567,14266,14647,14238,13332,13407,13399,13417,13992,13312,11206,13504,14251,12852,13292,12267,12418,12897,14816,15269,13643,13330,14851,15010,15259,15364,14955,14243,13758,15204,15227,14632,16048,16066,15588,15747,15249,14746,15772,14995,15160,15090,14572,,
KPO,KPO1101,MRPL,karapiro,Hydro,Hydro,1997-11-07,31290,27310,26910,27200,27020,26950,26160,25010,24960,24490,23690,24480,25160,24620,25310,32140,35090,34910,34930,34900,35120,34990,35050,34790,29490,29620,29680,29730,30200,34850,34880,34810,34690,34600,34570,34400,34160,32170,34460,35360,34770,34580,34500,34120,32440,35210,35690,34130,,
MAN,MAN2201,MERI,manapouri,Hydro,Hydro,1997-11-07,292910,292860,292820,287720,286290,252370,236650,213950,218060,241840,250190,292300,293060,293060,293150,293270,293220,293150,293310,293360,293220,293290,293390,293460,293430,293560,293430,292960,293070,293110,292930,292780,292740,292610,292660,292610,292660,292830,292860,293050,293180,293150,293240,293340,293470,293460,293510,293570,,
MAT,MAT1101,TRUS,matahina,Hydro,Hydro,1997-11-07,0,0,0,0,0,0,0,0,0,0,0,0,0,0,0,0,0,0,0,0,0,0,0,0,0,0,0,0,0,0,0,0,0,0,0,0,0,0,0,0,0,0,0,0,0,0,0,0,,
MHO,MHO0331,KING,mangahao,Hydro,Hydro,1997-11-07,0,0,0,0,0,0,0,0,0,0,0,0,0,0,0,1480,10200,10130,10290,10440,10420,10370,10380,10320,10310,10310,10310,10300,10290,10290,10290,10280,10290,10270,10270,10270,10230,9970,10260,10280,0,0,0,0,0,0,0,0,,
MTI,MTI2201,MRPL,maraetai,Hydro,Hydro,1997-11-07,11310,10950,18820,9940,12260,16940,14330,25240,32660,18110,18570,10200,52730,46860,104370,106860,105880,110920,115360,90340,83430,86410,78320,81930,87990,89470,69410,68970,66390,59010,67770,66090,90210,81630,65780,70620,32430,21170,29310,56940,91920,82350,37540,14660,4340,28260,67150,39490,,
NPL,NPL1101,CTCT,new_plymouth,Gas&Oil,Thrml,1997-11-07,58270,58310,58300,58320,58320,58320,58320,58320,58310,58300,58300,58280,58260,58240,58230,58210,58200,58200,58180,58200,58200,58210,58230,58250,58240,58230,58260,58240,58240,58250,58320,58210,58200,58200,58200,58230,58210,58200,58190,58200,58190,58160,58160,58190,58200,58170,58220,58210,,
NPL,NPL2201,CTCT,new_plymouth,Gas&Oil,Thrml,1997-11-07,115320,115340,115350,115370,115330,115370,115370,115360,115370,115280,115320,115300,115280,115290,115300,115250,115280,115270,115250,115260,115300,115270,115260,115270,115200,115240,115300,115250,115330,115240,115270,115210,115240,115190,115140,115170,115120,115120,115130,115110,115090,115100,115060,115100,115080,115160,115120,115120,,
OHA,OHA2201,MERI,ohau_a,Hydro,Hydro,1997-11-07,93210,72070,69170,57090,57960,61300,61160,58490,50510,62830,74920,77470,90530,71470,66510,79970,91430,87610,84910,87310,88290,86590,86510,82030,84240,73920,66600,76020,75730,78090,76520,75790,58000,64790,56880,54460,34600,50670,50250,51020,56320,76410,69420,74300,59570,60320,79500,82500,,
OHB,OHB2201,MERI,ohau_b,Hydro,Hydro,1997-11-07,70910,73840,71590,50240,52150,49880,52730,53700,53960,72890,68640,69740,72320,72660,55520,68570,73580,73010,73590,76700,66530,71490,68140,66770,71070,59060,60960,62930,55630,51650,53580,52500,46970,47430,48910,47050,39890,43240,43350,33060,39120,57990,51200,57640,68770,55410,54000,52330,,
OHC,OHC2201,MERI,ohau_c,Hydro,Hydro,1997-11-07,71840,73560,71130,50850,50170,49570,49950,48110,49340,71930,71790,69570,73820,73200,56260,69960,73490,72480,74210,75130,67610,72060,66030,68060,71810,56700,61120,62970,54840,51730,56630,58820,48940,48800,47880,48380,38640,44380,44490,33240,36120,55680,51280,59410,67300,55980,54820,55380,,
OHK,OHK2201,MRPL,ohakuri,Hydro,Hydro,1997-11-07,0,0,0,0,0,0,0,0,0,0,0,0,1360,19100,31360,53690,54600,54680,54620,54510,54460,54320,54250,54100,48210,43460,35340,27000,26870,26610,26640,28870,32280,27350,27310,30610,37800,27010,20840,21600,21310,39300,41240,41050,37230,23460,35920,40250,,
OKI,OKI2201,CTCT,ohaaki,Geo,Geo,1997-11-07,28140,28800,28850,28620,28150,29250,28940,28510,28310,28460,28850,28660,29080,28680,28850,28960,29390,28740,28350,28690,28620,28470,27950,28460,28810,28870,28100,28350,28270,28180,27990,27590,27900,28010,28580,28180,28080,28250,28660,28110,27910,27790,28210,28620,28710,28740,28810,28470,,
OTA,OTA2221,CTCT,otahuhu_a,Gas,Thrml,1997-11-07,0,0,0,0,0,0,0,0,0,0,0,0,0,0,0,0,0,0,0,0,0,0,0,0,0,0,0,0,0,0,0,0,0,0,0,0,0,0,0,0,0,0,0,0,0,0,0,0,,
PPI,PPI2201,MRPL,poihipi,Geo,Geo,1997-11-07,0,0,0,0,0,0,0,0,0,0,0,0,0,550,17200,20440,20340,20410,20350,20430,20420,20350,20420,20360,20310,20350,20370,20350,20310,20270,20240,20310,20280,20240,20300,20310,20320,20330,20370,20340,20360,20290,20270,20340,20100,920,0,0,,
ROT,ROT1101,TRUS,wheao_flaxy,Hydro,Hydro,1997-11-07,3974,3966,3968,3974,3938,3936,3948,3966,3956,3998,3946,4802,5180,5172,5194,6356,10460,8072,7362,7396,7412,7414,7562,4224,3956,3564,3958,4012,4010,3974,3982,4334,7510,9924,10086,9608,9384,9358,8078,7418,7428,7412,7392,7412,7423,7439,4116,3484,,
ROX,ROX1101,CTCT,roxburgh,Hydro,Hydro,1997-11-07,0,0,0,0,0,0,0,0,0,0,0,0,0,0,0,0,0,15720,18410,18320,18260,18310,18350,18360,18330,18320,18260,18300,18360,18320,18250,18340,18350,18220,18280,18250,18420,18280,18350,18190,18270,17660,17320,7300,0,0,0,0,,
ROX,ROX2201,CTCT,roxburgh,Hydro,Hydro,1997-11-07,75690,74810,74750,74830,61130,59800,56740,56030,56160,55970,55480,56280,56900,73230,76530,94510,97230,97580,97830,97370,97400,97520,97570,97500,97290,97620,97140,97120,97770,97520,97220,97380,97660,97320,97440,97280,97760,97360,97560,97190,97490,94820,93440,96790,98850,99120,98870,99150,,
RPO,RPO2201,GENE,rangipo,Hydro,Hydro,1997-11-07,29020,29010,29020,29020,29020,29020,29020,29040,29030,29020,29030,29030,29310,29460,29460,29450,29450,29460,29440,29450,29430,29440,29440,29430,29430,29440,29420,29430,29410,29420,29410,29420,29420,29430,29430,29440,29430,29440,29450,28860,28520,28540,28540,28550,28540,28550,28540,28540,,
SFD,SFD2201,CTCT,stratford,Gas,Thrml,1997-11-07,0,0,0,0,0,0,0,0,0,0,0,0,0,0,0,0,0,0,0,0,0,0,0,0,0,0,0,0,0,0,0,0,0,0,0,0,0,0,0,0,0,0,0,0,0,0,0,0,,
SWN,SWN2201,TRUS,southdown,Gas,Thrml,1997-11-07,61190,61200,61180,61160,61050,61040,61060,61070,61030,61060,61010,61000,60720,59320,59210,59190,59340,59690,59690,59760,59770,59900,60490,60700,60850,60860,60780,60660,60650,60800,60770,60710,60610,60610,60510,60520,60480,60420,60530,60660,60730,60670,60710,60730,60680,60780,60770,60740,,
TKA,TKA0111,MERI,tekapo_a,Hydro,Hydro,1997-11-07,6550,6660,6270,6480,6580,6310,6390,5830,5290,4950,5390,5940,5180,6620,6760,6170,6320,6640,6270,6480,6990,6350,6530,6700,6630,6700,6490,6670,6440,6120,6740,7270,6590,6210,6650,6490,6710,6190,6710,6410,6250,6520,6810,6430,6730,6940,6010,6990,,
TKB,TKB2201,MERI,tekapo_b,Hydro,Hydro,1997-11-07,39040,38420,38530,38220,38600,38980,38960,38380,38730,38480,39020,38610,38950,38510,38960,38720,38690,38230,38880,39290,38680,39080,39340,39100,38900,38950,39420,38770,38630,39130,38860,38740,38960,38810,38590,38990,38380,38790,38420,38700,39490,39240,38950,39040,39320,38950,39170,38710,,
TKU,TKU2201,GENE,tokaanu,Hydro,Hydro,1997-11-07,0,0,0,0,0,0,0,0,0,0,0,0,18730,44050,55710,56150,60850,59570,57240,55870,55770,33140,26570,27330,27370,27410,27400,27390,27370,27340,27420,27410,27370,27350,27340,27870,56870,55720,30790,6730,0,0,0,0,0,0,0,0,,
TMU,TMU1101,GENE,te_awamutu,Gas,Cogen,1997-11-07,13840,13850,13770,13780,13790,13700,13730,13730,13720,13780,13750,13770,13820,13800,13760,13720,13680,13600,13550,13570,13370,13240,13060,13140,13000,12930,12980,12880,12820,12890,12790,12760,12610,12610,12630,12670,12710,12780,12830,12940,13040,13100,13200,13250,13260,13270,13190,13140,,
TUI,TUI1101,GENE,waikaremoana,Hydro,Hydro,1997-11-07,4040,3650,3550,3640,3650,3480,3780,3860,3840,3620,3470,3520,4260,46860,52780,60840,66860,67200,53610,23080,19220,22240,28230,41320,20270,19930,20130,19870,19760,19780,19870,19820,19800,19750,42850,48660,49940,48500,29600,18260,19820,19820,19700,19430,18050,20740,21210,20230,,
WHI,WHI2201,CTCT,whirinaki,Diesel,Thrml,1997-11-07,0,0,0,0,0,0,0,0,0,0,0,0,0,0,0,0,0,0,0,0,0,0,0,0,0,0,0,0,0,0,0,0,0,0,0,0,0,0,0,0,0,0,0,0,0,0,0,0,,
WKM,WKM2201,MRPL,whakamaru,Hydro,Hydro,1997-11-07,19660,12040,13290,25440,25440,25230,25410,25410,25360,25220,32180,36700,21870,35660,35700,35530,36200,36430,36570,36700,36890,36930,37050,37080,36810,35580,35630,35690,35670,35670,35720,35670,35690,36040,36620,36630,36580,35480,36490,36970,36790,36750,36700,36510,35630,36750,37100,36340,,
WPA,WPA2201,MRPL,waipapa,Hydro,Hydro,1997-11-07,6740,3610,3960,6410,6320,6310,6460,6590,5470,5360,5360,6640,8470,19300,25740,28450,28460,28740,28810,28820,28480,26080,25430,25750,25670,25620,22140,20820,21520,21380,17960,21460,21720,24390,19570,21600,15560,9210,8640,11630,17970,25020,24870,10120,4930,7510,14920,15860,,
WRK,WRK2201,CTCT,wairakei,Geo,Geo,1997-11-07,75340,75550,75650,75530,75350,75550,75580,75440,75520,75410,75260,75580,75480,75470,75370,75480,75350,75370,75190,75350,75310,75420,75230,75160,75280,75260,75170,75300,75140,73270,73310,73500,73290,73460,73530,73340,73240,73250,73400,73510,73450,73410,73400,73530,73380,73480,73480,73570,,
WTK,WTK0111,MERI,waitaki,Hydro,Hydro,1997-11-07,13180,13140,13120,13090,13100,13090,13050,12990,13020,13000,13040,13030,13040,13030,13050,13020,13000,12970,13020,13030,13310,13450,13500,13460,13430,13430,13540,13430,13430,13510,13430,13430,13370,13470,13460,13480,13400,13440,13350,13460,14210,14940,15240,17680,17700,17750,17660,19300,,
ARA,ARA2201,MRPL,aratiatia,Hydro,Hydro,1997-11-08,27300,24940,19260,14830,14860,14880,14860,14850,13770,13670,13790,13340,13370,12830,26500,28420,25580,21050,21190,23180,23110,22880,24730,28690,28220,27900,28210,28270,27850,27660,27930,25990,16830,16900,17320,19460,29090,28600,28700,28730,28700,28630,28540,28340,28100,20660,16890,16890,,
ARG,ARG1101,TRUS,argyle_wairau,Hydro,Hydro,1997-11-08,0,0,0,0,0,0,0,0,0,0,0,0,0,0,3804,4316,4317,4406,4414,4434,4431,904,10,0,0,0,0,0,0,0,3288,3736,5290,5270,5142,5094,5139,5175,5172,5188,5190,5190,5194,5224,5182,5178,3814,891,,
ARI,ARI1101,MRPL,arapuni,Hydro,Hydro,1997-11-08,56250,51290,42310,38170,32390,32790,32610,31520,32210,32940,35810,36540,35660,35300,35580,37420,47190,70370,70460,70310,70580,70220,70560,65880,55020,54560,54510,53140,46550,46670,46620,46320,51040,53220,56600,62610,62170,62840,66730,66540,66410,66270,60670,55300,56010,58120,57060,56730,,
ATI,ATI2201,MRPL,atiamuri,Hydro,Hydro,1997-11-08,26800,23730,15680,8430,5650,5150,4990,4380,4810,7210,19920,16340,8890,8690,8780,15390,28340,28520,27680,27590,27800,27690,27950,27870,22690,14710,10300,10500,10450,10580,10540,10380,10460,10510,15300,22610,22460,22540,22800,22760,22700,22750,19710,17410,16040,15260,18550,18650,,
AVI,AVI2201,MERI,aviemore,Hydro,Hydro,1997-11-08,72900,70130,80390,73830,71960,69660,68920,67350,67410,63080,47210,46130,69280,77610,58980,72400,67910,69410,66420,57160,56280,58900,58530,58850,58840,53390,47260,46570,49580,49030,49820,56620,56410,58260,58040,55000,53470,53170,53990,39140,31170,53000,53080,50810,54060,51760,52090,52810,,
BEN,BEN2202,MERI,benmore,Hydro,Hydro,1997-11-08,166420,159920,153090,106120,105770,108890,103760,102880,103290,104720,105750,103710,107660,101930,108030,100530,83970,89910,109430,110840,117700,123010,136780,146080,158770,149550,133190,105080,108730,104350,104290,102840,112600,135690,129920,125930,104340,92010,77240,94630,131690,127900,133070,138040,123640,147000,141500,132660,,
BWK,BWK1101,TRUS,waipori,Hydro,Hydro,1997-11-08,0,0,0,0,0,0,0,0,0,0,0,0,0,0,0,0,0,0,0,0,0,0,0,0,0,0,0,0,0,0,0,0,0,0,0,0,0,0,0,0,0,0,0,0,0,0,0,0,,
COB,COB0661,CTCT,cobb,Hydro,Hydro,1997-11-08,2560,2640,2470,2720,2700,2660,2640,2610,2620,2650,2670,2650,2570,2660,2680,2690,2570,2740,2590,2600,2600,2620,2560,2730,2580,2450,2630,2580,2630,2620,2640,2680,2550,2590,2640,2580,2560,2650,2650,2600,2640,2660,2650,2610,2700,2620,2650,2660,,
COL,COL0661,TRUS,coleridge,Hydro,Hydro,1997-11-08,15010,15040,15040,15090,15070,15060,15060,15060,15050,15060,15070,15070,15040,15060,15050,15060,15520,15780,15740,15740,15650,15050,15010,15060,15020,15000,15070,15060,15090,15080,15080,15060,15030,15060,15080,15060,15050,15080,15070,15060,15070,15080,15080,15060,15090,15080,15070,15090,,
CYD,CYD2201,CTCT,clyde,Hydro,Hydro,1997-11-08,103470,106950,105340,107600,107390,106950,106750,106480,106530,106820,107030,106680,106080,106860,139540,146400,156500,159430,157400,157770,157590,158110,157110,159530,144960,141110,143450,143050,144250,143810,144160,144580,142670,157700,158580,157780,157310,158420,158440,157620,158090,143650,143340,142520,113630,101430,101540,101880,,
HLY,HLY2201,GENE,huntly_1_4,Coal,Thrml,1997-11-08,0,0,0,0,0,0,0,0,0,0,0,11660,61310,97950,115070,117240,116790,118120,117980,117360,116990,117100,117530,117810,118100,117540,118200,118790,117730,118030,118590,118340,118260,118850,119160,118210,118460,118520,118640,118360,117050,116230,117220,117690,117710,84490,43400,0,,
HWA,HWA1101,TRUS,patea,Hydro,Hydro,1997-11-08,3484,3472,3484,3496,3500,3500,3492,3496,3492,3488,3472,3460,3460,3468,3456,3456,3452,3444,3456,3460,3440,3448,3468,3464,3456,3460,3460,3476,3464,3464,3472,3460,3448,3448,3444,3448,3444,3456,3456,3456,3456,3464,3476,3480,3488,3496,3476,3484,,
KIN,KIN0112,CHHE,kinleith,Wood,Cogen,1997-11-08,14510,13765,13736,16193,15976,15568,15404,14592,14801,15892,15483,16297,16666,15792,16091,15319,15354,16367,15682,15732,14936,14283,14092,14189,15334,15772,14667,13195,14836,15568,15090,15150,14069,14784,14637,15075,15155,15429,15488,15438,14955,15802,15827,15613,14950,15045,15005,15578,,
KPO,KPO1101,MRPL,karapiro,Hydro,Hydro,1997-11-08,34350,32040,34990,33920,24880,26120,25900,24640,25470,26400,26740,26380,26460,26140,26410,27680,25670,25840,25810,28460,30860,31490,36880,35670,35240,34880,34810,35060,34920,35030,34930,34710,34930,34990,34950,34790,34860,34820,35140,35010,34960,34880,34910,33460,33540,35350,35550,33490,,
MAN,MAN2201,MERI,manapouri,Hydro,Hydro,1997-11-08,293470,293600,293440,293570,293560,293460,293370,293190,293150,292970,292910,292830,292770,292950,293140,293250,293220,293490,293600,293660,293740,293840,293780,293840,293930,293700,293840,293780,280120,293470,293520,293350,293080,293000,292880,292710,292730,292810,292990,292900,293030,293260,293370,293360,293600,293700,293600,293690,,
MAT,MAT1101,TRUS,matahina,Hydro,Hydro,1997-11-08,0,0,0,0,0,0,0,0,0,0,0,0,0,0,0,0,0,0,0,0,0,0,0,0,0,0,0,0,0,0,0,0,0,0,0,0,0,0,0,0,0,0,0,0,0,0,0,0,,
MHO,MHO0331,KING,mangahao,Hydro,Hydro,1997-11-08,0,0,0,0,0,0,0,0,0,0,0,0,0,0,0,0,0,0,0,0,0,0,0,0,0,0,0,0,0,0,0,0,0,0,0,0,0,0,0,0,0,0,0,0,0,0,0,0,,
MTI,MTI2201,MRPL,maraetai,Hydro,Hydro,1997-11-08,37200,5530,32700,12340,9150,22030,15690,8680,10790,26180,50530,46850,26260,17530,45030,81680,84370,78670,93090,100530,104710,91700,60900,89300,79860,89190,71570,55750,48000,46920,42790,32350,52370,52310,77590,70210,68370,70990,72020,82910,95440,63510,45290,35160,29800,21160,25450,24370,,
NPL,NPL1101,CTCT,new_plymouth,Gas&Oil,Thrml,1997-11-08,58230,58240,58260,58290,58270,58260,58210,58170,58140,58110,58080,58060,58050,58050,58050,58090,58100,58100,58070,58080,58080,58060,58070,58070,58100,58120,58150,58150,58210,58190,58220,58230,58220,58260,58230,58240,58240,58230,58250,58230,58230,58210,58210,58190,58200,58220,58180,58200,,
NPL,NPL2201,CTCT,new_plymouth,Gas&Oil,Thrml,1997-11-08,115090,115140,115160,115220,115120,115160,115070,115020,114950,114940,114900,114910,114870,114840,114940,114920,115010,115010,115000,114940,114940,114960,114900,114970,114840,114960,114970,114980,115030,115070,115150,115140,115100,115150,115140,115130,115180,115150,115200,115110,115210,115150,115150,115160,115090,115120,115160,115050,,
OHA,OHA2201,MERI,ohau_a,Hydro,Hydro,1997-11-08,88590,90370,73350,86480,87620,60620,59850,59380,59400,52810,34150,47030,55090,64290,63240,56820,53580,70580,73290,79590,82010,74280,80960,70350,78700,76850,81620,92290,84710,78980,76230,80230,77440,77520,74510,76680,80550,90490,85470,79640,92950,115810,111480,90270,82120,79250,79390,80180,,
OHB,OHB2201,MERI,ohau_b,Hydro,Hydro,1997-11-08,75560,74740,53690,63930,60690,55880,51630,48830,46900,34230,20970,43330,63220,67610,40750,47210,46350,63750,66180,70790,71430,70510,68730,71530,65670,62780,66880,72720,60010,60150,57920,70540,67190,60060,46180,66410,68830,68900,73440,69150,73950,94120,91160,73980,57240,51310,69310,68560,,
OHC,OHC2201,MERI,ohau_c,Hydro,Hydro,1997-11-08,73540,71760,57710,63010,61660,54730,52220,50120,46610,36450,21060,41510,60670,67290,40240,47450,45750,64110,66930,71090,70920,68990,70430,69240,66390,63980,65910,73490,58480,59550,58390,71080,66080,58680,46720,64530,68500,71260,72450,68980,75240,93390,90480,72310,57860,53580,70390,67140,,
OHK,OHK2201,MRPL,ohakuri,Hydro,Hydro,1997-11-08,28590,22700,3500,0,0,0,0,2800,160,3120,14240,8440,3910,11010,21970,29520,42840,41610,37500,46260,46760,46540,41080,34830,29140,19310,19190,19340,19120,19250,19230,19000,23580,25860,34000,34220,34220,34180,34260,34200,34130,34080,28760,26870,25390,21530,27850,27770,,
OKI,OKI2201,CTCT,ohaaki,Geo,Geo,1997-11-08,29230,28810,28160,28570,28860,28650,28400,29370,29470,28890,28160,29110,28860,28120,28220,28650,28950,28570,28540,28700,28520,28030,28170,28250,28170,28350,28260,28460,28630,28350,28270,28320,28090,28500,28280,28130,28690,28720,28500,28520,29280,29300,28820,28580,29620,29420,29350,29310,,
OTA,OTA2221,CTCT,otahuhu_a,Gas,Thrml,1997-11-08,0,0,0,0,0,0,0,0,0,0,0,0,0,0,0,0,0,0,0,0,0,0,0,0,0,0,0,0,0,0,0,0,0,0,0,0,0,0,0,0,0,0,0,0,0,0,0,0,,
PPI,PPI2201,MRPL,poihipi,Geo,Geo,1997-11-08,0,0,0,0,0,0,0,0,0,0,0,0,0,2270,19900,20490,20320,20250,20090,20120,20050,20040,20070,20070,20030,20010,20010,20070,20080,20040,20040,20100,20110,20170,20010,20140,20290,20330,20260,20380,20330,20400,20360,20300,15990,0,0,0,,
ROT,ROT1101,TRUS,wheao_flaxy,Hydro,Hydro,1997-11-08,3464,3472,3458,3450,3560,4432,4440,4474,4433,4471,4474,4428,4418,4434,5576,7378,7416,7412,7378,7420,7431,7403,7466,7450,7416,7394,7080,4938,4952,4907,4965,4976,7799,8333,8400,8396,8340,8378,7340,6972,6918,6988,6930,6866,5118,4974,4934,4940,,
ROX,ROX1101,CTCT,roxburgh,Hydro,Hydro,1997-11-08,0,0,0,0,0,0,0,0,0,0,0,0,0,0,0,0,0,0,14490,17970,17870,17990,17750,17930,17730,17960,17790,17820,17870,17880,17920,17840,17920,18040,17890,17780,18000,17820,17890,17850,17940,17870,17890,17870,17910,17890,17810,17920,,
ROX,ROX2201,CTCT,roxburgh,Hydro,Hydro,1997-11-08,78770,74000,74290,74150,73750,74040,73840,74140,74040,73860,74250,73750,73950,73920,76590,76240,95150,96860,98150,98150,97890,98240,97900,98320,97480,98240,97800,97790,98060,97990,97800,97700,98270,98350,98090,97910,98370,97880,98060,97830,98300,98420,98270,98060,98280,98080,97640,98110,,
RPO,RPO2201,GENE,rangipo,Hydro,Hydro,1997-11-08,28540,28530,28530,28530,28530,28530,28530,28520,28530,28540,28530,28530,28530,28540,28530,28640,28770,28820,29670,29690,29680,29680,29700,29680,29680,29660,29650,29660,29650,29650,29630,29630,29630,28540,27140,27240,27330,27340,27350,27370,27390,27410,27380,27370,27340,27360,27340,27350,,
SFD,SFD2201,CTCT,stratford,Gas,Thrml,1997-11-08,0,0,0,0,0,0,0,0,0,0,0,0,0,0,0,0,0,0,0,0,0,0,0,0,0,0,0,0,0,0,0,0,0,0,0,0,0,0,0,0,0,0,0,0,0,0,0,0,,
SWN,SWN2201,TRUS,southdown,Gas,Thrml,1997-11-08,60730,60660,60730,60670,60660,60630,60660,60600,60660,60620,60620,60600,60610,60610,60630,60610,60600,60090,60030,60040,60530,60560,60540,60440,60440,60390,60320,60320,60350,60240,60180,60200,60130,60110,60060,60100,60150,60160,60100,60060,60130,60140,60170,60180,60180,60220,60220,60230,,
TKA,TKA0111,MERI,tekapo_a,Hydro,Hydro,1997-11-08,6460,5690,6560,6730,6490,6690,6460,6460,6360,6600,6410,6700,6490,6320,6620,6390,6600,5850,6910,6640,6380,6560,6190,2740,920,1310,3090,3190,1010,840,1320,1850,2610,1300,1410,3700,7510,7240,6060,6080,6390,6460,6630,6520,6150,6680,6440,6380,,
TKB,TKB2201,MERI,tekapo_b,Hydro,Hydro,1997-11-08,38430,38900,38010,39220,39270,38870,38840,38580,38510,38820,38830,38710,38220,38630,38690,39090,38020,39140,38390,38510,38600,38860,36490,39450,38870,38160,39120,39070,39490,39370,39440,39850,39150,39480,39640,39630,39360,39060,38490,38200,38430,38610,38640,38350,38790,38350,38450,38480,,
TKU,TKU2201,GENE,tokaanu,Hydro,Hydro,1997-11-08,0,0,0,0,0,0,0,0,0,0,0,0,0,0,0,0,0,0,27090,27060,27150,27010,27040,26940,23280,21420,21430,21970,22390,22440,22420,22340,22460,28050,29070,29000,29010,29000,11230,0,0,0,0,0,0,0,0,0,,
TMU,TMU1101,GENE,te_awamutu,Gas,Cogen,1997-11-08,13100,13280,13120,13010,13010,12970,12940,12900,12910,12950,12970,12910,12890,12850,12860,12880,12830,12810,12710,12670,12610,12520,12530,12510,12490,12510,12700,12800,12790,12850,12860,12700,12600,12530,12510,12980,13230,13250,13290,13330,13180,13220,13240,13290,13250,13290,13390,13410,,
TUI,TUI1101,GENE,waikaremoana,Hydro,Hydro,1997-11-08,3880,2310,3490,3040,2930,3320,3180,2570,2890,3340,3530,3850,4410,4230,4360,4910,27120,29800,29490,29460,29560,29690,29950,4060,3210,3190,3160,3210,3180,3210,3190,3140,3210,3220,26090,29000,28870,28810,29030,28970,7780,3890,3800,4330,4920,5280,5360,5330,,
WHI,WHI2201,CTCT,whirinaki,Diesel,Thrml,1997-11-08,0,0,0,0,0,0,0,0,0,0,0,0,0,0,0,0,0,0,0,0,0,0,0,0,0,0,0,0,0,0,0,0,0,0,0,0,0,0,0,0,0,0,0,0,0,0,0,0,,
WKM,WKM2201,MRPL,whakamaru,Hydro,Hydro,1997-11-08,36380,33100,24820,24040,23200,18710,19860,18760,19340,23990,30060,26750,18900,18660,21820,26000,36450,36570,36680,36680,36860,36730,36880,36930,37130,37130,37150,37220,37110,37130,37050,36880,36950,36940,36960,36890,36910,36930,37080,37070,37090,37080,35050,31910,32830,33970,34100,33930,,
WPA,WPA2201,MRPL,waipapa,Hydro,Hydro,1997-11-08,7810,7010,7950,7670,7570,4040,5170,8200,8390,8690,16450,16550,12360,8380,12060,19160,24930,27280,22570,27260,27320,27280,27110,26890,26820,26360,18400,12260,20480,16980,19040,13890,17510,16150,18140,22250,20970,19320,20370,21040,24620,23500,17520,14100,12950,8890,11300,11490,,
WRK,WRK2201,CTCT,wairakei,Geo,Geo,1997-11-08,73580,73510,73320,73190,73310,73370,73350,73220,73300,73250,73360,73420,73250,73240,73230,73220,73090,72790,72890,72950,72960,72680,72680,72840,72730,72490,72670,72630,72690,72620,72820,72790,72880,72810,72760,72860,72650,72540,72650,72750,72700,72690,73020,73060,73150,73010,72990,73140,,
WTK,WTK0111,MERI,waitaki,Hydro,Hydro,1997-11-08,19840,21730,22290,22610,22430,24290,24810,24950,24970,24940,25100,24910,25100,24910,24880,24710,24830,24950,24860,24890,24820,24760,24840,25040,24770,25250,27410,27360,27450,27330,27420,29140,29770,29870,29960,29830,29750,29900,29860,29920,29980,29880,29890,29750,29970,29820,29820,29960,,
ARA,ARA2201,MRPL,aratiatia,Hydro,Hydro,1997-11-09,15170,14440,13860,12450,12490,12610,12520,11370,11590,11610,12830,14790,14790,14740,16410,16860,16780,16740,16650,16680,16180,16060,18230,24950,23900,20810,19970,20090,19700,19170,16120,15440,12380,15780,17780,17670,17760,17660,17520,16930,18110,20710,28290,27900,12890,10070,12820,13550,,
ARG,ARG1101,TRUS,argyle_wairau,Hydro,Hydro,1997-11-09,10,0,0,0,0,0,0,0,0,0,0,0,0,0,2019,2300,2298,4269,4280,4281,4284,4292,4302,4372,92,0,0,0,0,0,0,0,0,0,0,0,4318,4882,4788,4796,4794,4797,4797,4797,4802,4869,941,11,,
ARI,ARI1101,MRPL,arapuni,Hydro,Hydro,1997-11-09,56770,48000,41680,41630,41470,38550,38090,38460,40980,44780,46860,42350,42030,42030,42130,51250,61480,61730,55980,53930,53570,53890,55400,55550,55590,55550,55430,47160,46300,46530,46480,46400,46560,46270,48200,51140,51300,51180,51180,51600,59410,67310,60020,55730,55660,55250,56060,55690,,
ATI,ATI2201,MRPL,atiamuri,Hydro,Hydro,1997-11-09,19740,19800,13230,9180,8720,9000,5650,2340,2410,8800,9540,8680,8500,9170,9150,10250,11260,11420,11500,14440,23890,27770,18890,18600,18650,18550,14460,4380,4400,4470,4400,11650,14230,20790,22940,27730,27750,27740,27760,19720,27060,34540,36390,30270,24950,21520,18680,18530,,
AVI,AVI2201,MERI,aviemore,Hydro,Hydro,1997-11-09,53630,52810,50640,50810,50020,30100,31640,26740,25770,25270,26210,25010,26260,26090,25530,4530,21780,25220,23930,27170,48570,53420,48010,51900,56430,59600,59640,59610,59590,47310,30080,30100,30150,30150,39220,59950,59930,59910,59380,48350,62260,87940,88710,82070,82860,77430,82080,85490,,
BEN,BEN2202,MERI,benmore,Hydro,Hydro,1997-11-09,145320,128400,126670,102550,105810,113730,104160,103710,102590,104580,104500,114480,122280,134150,112870,125920,107540,121320,147860,169930,124660,157780,153650,145620,172870,127020,104180,110300,102610,99950,105850,123210,138650,138000,126330,129940,122700,104040,101870,138580,151890,152570,159250,114670,105400,81300,109480,81420,,
BWK,BWK1101,TRUS,waipori,Hydro,Hydro,1997-11-09,0,0,0,0,0,0,0,0,0,0,0,0,0,0,0,0,0,0,0,0,0,0,0,246,9390,9954,9948,9954,9954,9954,9954,10080,4098,2382,120,0,0,0,0,0,0,0,0,0,0,0,0,0,,
COB,COB0661,CTCT,cobb,Hydro,Hydro,1997-11-09,2700,2690,2610,2630,2780,2660,2710,2670,2690,2680,2730,2650,2720,2700,2670,2690,2710,2740,2650,2760,2650,2790,2560,2700,2720,2550,2700,2690,2660,2540,2730,2780,2650,2680,2630,2690,2630,2680,2660,2690,2680,2680,2680,2680,2680,2640,2770,2780,,
COL,COL0661,TRUS,coleridge,Hydro,Hydro,1997-11-09,15080,15070,15050,15030,15080,15050,15060,15050,15050,15050,15080,15050,15070,15060,15010,15070,15050,15030,15040,15070,15050,15280,15280,15310,15320,15260,15310,15290,15300,15260,15310,15300,15250,15290,15290,15300,15280,15300,15290,15300,15290,15290,15270,15270,15290,15260,15310,15310,,
CYD,CYD2201,CTCT,clyde,Hydro,Hydro,1997-11-09,101980,101910,101190,101410,102720,101580,102090,101640,101800,101620,102100,101450,101960,101850,133660,143460,154400,158910,157560,159430,157570,159290,156310,158220,147200,141450,143790,143430,143170,141530,144270,144670,142880,146340,158150,158360,157300,158290,157760,158320,157870,148670,149100,148830,108770,101200,102230,102480,,
HLY,HLY2201,GENE,huntly_1_4,Coal,Thrml,1997-11-09,0,0,0,0,0,0,0,0,0,0,250,15080,37130,62560,71230,94900,114250,118360,117590,115960,114750,117890,118650,118280,103830,101290,101860,102080,103410,103600,103610,103680,103540,105140,116590,116760,116170,117440,117310,117060,117240,116380,117630,86740,59230,37890,0,0,,
HWA,HWA1101,TRUS,patea,Hydro,Hydro,1997-11-09,3476,3488,3476,3488,3496,3504,3496,3504,3500,3492,3492,3480,3476,3476,3468,3464,3464,3460,3456,3460,3452,3460,3464,3464,3464,3472,3480,3472,3472,3480,3476,3464,3456,3448,3440,3404,3324,3480,3480,3472,3480,3468,3472,3484,3492,3488,3484,3492,,
KIN,KIN0112,CHHE,kinleith,Wood,Cogen,1997-11-09,15204,14985,15608,16810,16148,15702,15648,15080,15578,16404,17054,16616,15463,14816,15508,15907,15448,15194,15588,16636,15145,14866,15897,13626,14918,15431,14540,14383,14333,14871,16160,15170,14398,16718,17169,16509,16526,16524,15909,17801,17341,16248,16524,16009,17032,18000,16711,17278,,
KPO,KPO1101,MRPL,karapiro,Hydro,Hydro,1997-11-09,31000,31260,29660,30120,30030,30060,30010,32100,31840,34120,33740,33780,33640,33580,33770,30320,33490,33550,29400,28010,28900,29020,29060,29170,29180,29110,29080,29130,29000,29150,29120,29070,29180,28870,29010,28840,28860,28850,28890,29230,30780,28540,28530,29890,29860,29480,30260,29880,,
MAN,MAN2201,MERI,manapouri,Hydro,Hydro,1997-11-09,293700,293720,293690,293690,293750,293700,293620,293580,293580,293440,293360,293220,293170,293070,293020,293140,293240,293300,293380,293590,293580,293750,293560,293780,293800,293640,293880,293780,293820,293630,293820,293840,293590,293520,293460,293220,293130,293120,293070,293030,293060,293150,293330,293500,293520,293650,293800,293840,,
MAT,MAT1101,TRUS,matahina,Hydro,Hydro,1997-11-09,0,0,0,0,0,0,0,0,0,0,0,0,0,0,0,0,0,0,0,0,0,0,0,0,0,0,0,0,0,0,0,0,0,0,0,0,0,0,0,0,0,0,0,0,0,0,0,0,,
MHO,MHO0331,KING,mangahao,Hydro,Hydro,1997-11-09,0,0,0,0,0,0,0,0,0,0,0,0,0,0,0,0,0,0,0,0,0,0,0,0,0,0,0,0,0,0,0,0,0,0,0,0,0,0,0,0,0,0,0,0,0,0,0,0,,
MTI,MTI2201,MRPL,maraetai,Hydro,Hydro,1997-11-09,23910,22480,5530,7610,12280,13220,3780,20080,22830,11580,12770,17990,17640,22800,19270,42020,32030,53300,77980,84770,78020,59890,61010,55150,45960,46310,31080,33300,19090,21430,33170,23940,42410,50900,66350,54390,63670,79280,57920,84560,120140,106780,59880,77750,51110,47830,76130,45780,,
NPL,NPL1101,CTCT,new_plymouth,Gas&Oil,Thrml,1997-11-09,58230,58230,58260,58270,58280,57640,57320,57340,57380,57370,57370,57340,57400,57330,57360,58260,58310,58310,58270,58310,58260,58260,58250,58250,58240,58250,58220,58240,58250,58250,58180,56870,58370,58350,58300,58330,58320,58340,58320,58340,58330,58330,58310,58320,58350,58330,58300,58280,,
NPL,NPL2201,CTCT,new_plymouth,Gas&Oil,Thrml,1997-11-09,115130,115180,115170,115170,115240,113370,112930,112910,112860,112900,112820,112940,112870,112660,112700,115130,115270,115280,115170,115220,115200,115180,115170,115130,115130,115150,115130,115140,115150,115190,112810,114300,114320,114310,114400,114320,114350,114500,114800,114750,114780,114710,114650,114680,114660,114570,114540,114670,,
OHA,OHA2201,MERI,ohau_a,Hydro,Hydro,1997-11-09,80620,79600,73780,72400,55750,53590,36090,27470,27460,27090,28750,27220,34840,27890,27350,47550,50030,52140,58130,61380,64810,65440,61240,59650,78330,86610,85510,77480,72790,67750,72320,73190,75530,76980,75810,77130,75270,75340,70050,77450,75640,87460,97370,93340,88520,70520,73760,74150,,
OHB,OHB2201,MERI,ohau_b,Hydro,Hydro,1997-11-09,71530,68120,63220,52000,42020,36980,40930,24020,19770,19560,20520,28470,30330,44930,51660,36980,37260,37600,36930,38900,49280,50500,62540,67340,70830,68410,70330,59970,54890,44900,48250,57040,63760,69770,66720,74460,72720,75180,73120,73640,74090,73650,79630,84760,84610,70980,63440,62780,,
OHC,OHC2201,MERI,ohau_c,Hydro,Hydro,1997-11-09,71560,67270,64000,53810,40590,34780,38240,24180,20100,19880,20890,29090,31500,48240,47980,35650,37720,39480,46870,47700,45140,46480,54850,62010,72790,68870,68810,61030,53880,45760,46530,57730,64690,68650,67770,74270,73330,74450,73820,74350,74070,73910,80710,84110,84330,69310,62680,63140,,
OHK,OHK2201,MRPL,ohakuri,Hydro,Hydro,1997-11-09,27780,16490,13810,8560,9910,8720,2810,0,0,5530,1640,2060,2070,2080,2170,14550,26860,27350,27260,27260,32430,34970,33770,26890,26840,21790,21230,12950,12860,12880,12870,17540,19130,28250,31640,39160,39200,39530,39730,29200,38880,51960,52350,52940,44960,40460,38000,27540,,
OKI,OKI2201,CTCT,ohaaki,Geo,Geo,1997-11-09,29640,29690,29260,29720,29760,29490,28950,29560,29610,29710,29360,29420,29670,29620,30000,29450,29590,29030,29710,29120,29540,29530,29340,29270,29300,29870,29510,28930,29270,29610,29240,29100,29470,29590,29230,28140,28940,29070,28410,28530,28790,28900,28770,28650,28940,28790,28390,28700,,
OTA,OTA2221,CTCT,otahuhu_a,Gas,Thrml,1997-11-09,0,0,0,0,0,0,0,0,0,0,0,0,0,0,0,0,0,0,0,0,0,0,0,0,0,0,0,0,0,0,0,0,0,0,0,0,0,0,0,0,0,0,0,0,0,0,0,0,,
PPI,PPI2201,MRPL,poihipi,Geo,Geo,1997-11-09,0,0,0,0,0,0,0,0,0,0,0,0,0,1800,19230,20460,20430,20410,20450,20480,20370,20410,20470,20410,20400,20450,20450,20360,20450,20330,20380,20430,20330,20390,20460,20410,20420,20440,20470,16310,11870,15230,20410,20430,20440,16130,620,0,,
ROT,ROT1101,TRUS,wheao_flaxy,Hydro,Hydro,1997-11-09,4552,4454,4384,3956,3602,3462,3484,3444,3470,3482,3922,4238,4234,4768,5458,5526,10039,10347,10354,9376,7414,7394,7411,7449,7408,7428,7414,5906,4974,4962,4934,4969,4939,4964,7560,7438,7424,7416,7768,7864,7710,7423,7427,5930,5908,5940,5880,5426,,
ROX,ROX1101,CTCT,roxburgh,Hydro,Hydro,1997-11-09,3390,0,0,0,0,0,0,0,0,0,0,0,0,0,0,0,0,0,16680,18260,18410,18330,18300,18370,18160,18280,18390,18300,18310,18390,18410,18310,18290,18570,19800,19950,19890,19860,19850,19840,19790,18320,18250,18330,18280,18350,18290,18410,,
ROX,ROX2201,CTCT,roxburgh,Hydro,Hydro,1997-11-09,82360,78930,78830,79430,79220,79310,79060,79010,79320,79240,79420,79300,79330,79110,79080,78880,96430,97150,97730,97500,97690,97360,97330,97340,97210,97540,97510,97390,97250,97720,98110,97370,97300,97940,96260,95780,96150,96040,96010,95780,95920,91590,91190,91580,96400,97820,97270,97610,,
RPO,RPO2201,GENE,rangipo,Hydro,Hydro,1997-11-09,27360,27340,27340,27350,27340,27340,27350,27340,27340,27350,27320,27260,27240,27300,27320,27310,26520,20100,19700,19720,19710,19700,19710,19690,19680,19660,19650,20320,21200,22210,22630,22640,22640,23140,28630,28640,28640,28640,28660,28660,28690,28680,28750,29410,29420,29420,29420,29420,,
SFD,SFD2201,CTCT,stratford,Gas,Thrml,1997-11-09,0,0,0,0,0,0,0,0,0,0,0,0,0,0,0,0,0,0,0,0,0,0,0,0,0,0,0,0,0,0,0,0,0,0,0,0,0,0,0,0,0,0,0,0,0,0,0,0,,
SWN,SWN2201,TRUS,southdown,Gas,Thrml,1997-11-09,60210,59580,58290,58000,57910,57870,57860,57750,57790,57840,57750,58380,59560,59890,60110,59100,59170,59200,60030,60520,60280,60180,60210,60160,60200,60510,60510,60370,60150,60160,60170,60160,60200,60180,60200,60230,60230,60190,60250,60260,60060,59150,58380,58420,58340,58400,58400,58400,,
TKA,TKA0111,MERI,tekapo_a,Hydro,Hydro,1997-11-09,6480,6530,6270,6420,6650,6300,6240,6710,6270,6480,6480,6490,6090,6160,6790,6890,5800,5950,6810,0,0,0,0,0,0,0,0,0,0,0,0,0,0,0,1150,6220,10400,10530,8720,2520,5220,6750,7350,5730,5670,6570,7120,6920,,
TKB,TKB2201,MERI,tekapo_b,Hydro,Hydro,1997-11-09,38580,38410,38020,38070,38810,38140,38460,38260,38340,38200,38360,38010,38310,38260,38210,38340,38490,38810,38180,39060,38450,8000,2210,3250,3470,21960,38270,39060,40480,39660,40750,41210,40590,40590,40260,40320,39980,40330,40050,40340,40310,40110,40030,39770,39860,39590,40300,40210,,
TKU,TKU2201,GENE,tokaanu,Hydro,Hydro,1997-11-09,1320,7790,9850,9850,9810,9840,9750,9680,9880,9820,9850,9920,9840,9870,10020,9870,13410,66210,68190,68350,67640,67510,67650,67740,56410,56200,56170,56160,55440,55190,54860,54870,55030,54960,56400,56920,57010,56840,56860,57060,55160,55520,18210,0,0,0,0,0,,
TMU,TMU1101,GENE,te_awamutu,Gas,Cogen,1997-11-09,13410,13320,13290,13450,13400,13220,13450,13460,13440,13500,13650,13610,13540,13360,13480,13470,13370,13820,13700,13690,13330,13410,13170,12980,12990,13070,12970,12940,12930,13010,13060,13100,13090,13070,13190,13350,13270,13280,13460,13440,13590,13560,13310,13230,13230,13170,13210,13120,,
TUI,TUI1101,GENE,waikaremoana,Hydro,Hydro,1997-11-09,5310,5330,5300,5280,5240,4040,3970,3930,4000,3940,3950,3960,4850,3030,3820,3880,3920,5040,28510,28450,29800,29380,29750,29420,3630,3080,3190,3310,3280,3320,3370,3280,3350,3270,4500,29310,29690,29680,29720,30030,30770,29500,16640,3650,3260,3110,3500,3390,,
WHI,WHI2201,CTCT,whirinaki,Diesel,Thrml,1997-11-09,0,0,0,0,0,0,0,0,0,0,0,0,0,0,0,0,0,0,0,0,0,0,0,0,0,0,0,0,0,0,0,0,0,0,0,0,0,0,0,0,0,0,0,0,0,0,0,0,,
WKM,WKM2201,MRPL,whakamaru,Hydro,Hydro,1997-11-09,33910,34000,25250,23350,18140,17770,20900,23200,27760,22270,28630,13450,13130,13390,10480,25420,24210,19770,19740,19870,34510,37300,31520,25050,25540,25530,25500,19400,19160,18600,16720,16680,16750,26350,33790,33540,32580,34350,35600,35790,36600,35450,35170,35960,36030,35850,36270,36110,,
WPA,WPA2201,MRPL,waipapa,Hydro,Hydro,1997-11-09,8930,8310,7240,4350,5930,7910,7910,7800,7920,8090,7640,7420,7090,6840,6890,14020,14890,14890,16130,20550,23910,22040,15580,18940,16840,12040,11340,10980,9360,7850,10990,12200,12650,17450,16630,16630,16310,21320,21010,21110,24750,28150,25520,22670,23770,19120,17440,17280,,
WRK,WRK2201,CTCT,wairakei,Geo,Geo,1997-11-09,73180,72930,73040,73190,73160,73000,73130,73190,73210,73060,73060,73210,73250,73090,73130,73180,73060,72920,73010,72880,72730,73010,74100,74620,74800,74650,74330,74620,74780,74670,74520,74590,74630,74630,74650,74490,74650,74800,74690,74560,74720,74690,74510,74640,74640,74910,74870,74710,,
WTK,WTK0111,MERI,waitaki,Hydro,Hydro,1997-11-09,29950,29900,29740,29940,30030,29850,29930,29770,29830,29810,29980,29790,29890,29820,29820,29860,28820,27420,27290,27460,27320,27500,27180,27470,27410,27130,27470,27420,27430,27190,27540,27510,27220,27370,27250,25680,24720,24920,24870,24920,24910,24910,24970,24940,24930,24860,26370,27440,,
ARA,ARA2201,MRPL,aratiatia,Hydro,Hydro,1997-11-10,13390,13320,13130,12150,12450,12250,14240,14810,14820,14820,14830,14850,14850,14880,16240,24450,25520,25500,25430,24470,21420,21390,22430,23430,22860,22720,23200,23300,21900,19160,14500,18270,18960,19420,23850,24050,24080,21650,20500,20630,21310,20750,19390,19640,19610,15040,14850,14490,,
ARG,ARG1101,TRUS,argyle_wairau,Hydro,Hydro,1997-11-10,0,0,0,0,0,0,0,0,0,0,0,0,0,0,2342,2716,2778,4464,4353,4371,4382,4386,4382,898,12,0,0,0,0,0,0,0,0,3708,4280,4284,4360,4388,4394,4422,4414,4413,4413,4418,4438,936,12,0,,
ARI,ARI1101,MRPL,arapuni,Hydro,Hydro,1997-11-10,54750,46770,40810,37960,37750,34480,39890,39540,40220,38200,33990,34380,36880,37890,37980,45180,65970,72750,73390,73810,73200,73710,73490,73890,73470,73310,73690,73660,71880,69980,65120,55180,53430,53810,54040,56800,63680,56960,57000,57140,58550,57760,56450,57050,56920,54240,52790,51440,,
ATI,ATI2201,MRPL,atiamuri,Hydro,Hydro,1997-11-10,17480,9170,2610,1790,1890,1770,6510,4860,6300,6630,2230,2450,8700,16580,21090,25390,29800,36680,36590,31420,28660,28810,28840,28930,29000,29000,23400,19530,19250,19490,8090,7180,7650,8890,18910,19000,25740,20620,20760,20840,21440,20750,17970,11890,8250,7980,4880,2980,,
AVI,AVI2201,MERI,aviemore,Hydro,Hydro,1997-11-10,83160,83930,81660,56020,6090,0,0,0,0,0,21340,28440,31430,54360,62170,82720,84990,82910,83870,82670,84520,86260,83830,86290,86510,86190,86320,85730,85390,84910,57400,50500,48980,48760,52380,50030,50510,52240,57440,58760,58820,59350,61480,58520,58910,53010,53850,54460,,
BEN,BEN2202,MERI,benmore,Hydro,Hydro,1997-11-10,138400,116090,105630,78840,83550,96550,54020,48000,48780,47840,46510,49420,73210,124300,153550,128320,132580,122220,116780,111850,112700,145160,135220,178730,184620,187300,188220,186010,182800,174610,198450,215600,191830,186010,198910,199470,194550,194660,194240,194740,200940,222160,206840,192990,202700,179810,189790,186320,,
BWK,BWK1101,TRUS,waipori,Hydro,Hydro,1997-11-10,0,0,0,0,0,0,0,0,0,0,0,0,0,0,0,0,0,0,0,0,0,0,0,0,270,3354,3192,2442,2436,2460,2442,2442,2436,2460,2076,1944,1932,1956,1932,1938,1950,1962,90,0,0,0,0,0,,
COB,COB0661,CTCT,cobb,Hydro,Hydro,1997-11-10,2690,2720,2620,2750,2710,2700,2670,2720,2740,2710,2690,2740,2750,2680,2690,2710,2710,2640,2670,2640,2700,2690,2630,2700,2680,2630,2660,2620,2620,2620,2630,2640,2550,2550,2640,2560,2590,2650,2650,2630,2620,2630,2590,2630,2640,2640,2680,2690,,
COL,COL0661,TRUS,coleridge,Hydro,Hydro,1997-11-10,15290,15290,15270,15240,15280,15280,15290,15300,15320,15300,15260,15280,15300,15290,15290,15290,15280,15280,15290,15280,15280,15290,15280,15290,15300,15300,15290,15300,15290,15280,15300,15300,15270,15250,15280,15270,15270,15270,15270,15260,15260,15260,15260,15260,15270,15260,15280,15290,,
CYD,CYD2201,CTCT,clyde,Hydro,Hydro,1997-11-10,101430,101830,101000,101920,100550,99180,98930,99250,99500,99170,98850,99550,99390,98880,132550,151770,153350,152490,152990,152520,153680,154000,152720,114110,101990,101680,101920,101650,101610,101790,102180,102110,101260,101290,103170,146320,148090,149140,149070,148380,148340,148470,147560,146630,102850,101600,101830,102020,,
HLY,HLY2201,GENE,huntly_1_4,Coal,Thrml,1997-11-10,0,0,0,0,0,0,0,0,0,0,5880,59290,136160,212730,239920,239500,240790,239030,237910,239540,238350,239720,240170,240260,240290,240690,241150,240600,239780,239250,238990,239680,239770,239480,239610,238890,240090,240950,241700,240880,241830,241140,241180,238820,190680,157220,118150,111170,,
HWA,HWA1101,TRUS,patea,Hydro,Hydro,1997-11-10,3492,3500,3516,3516,3512,3508,3504,3508,3504,3500,3492,3492,3480,3480,3460,3452,3452,3452,3456,3460,3460,3468,3464,3466,3476,3474,3476,3482,3470,3482,3476,3466,8514,8920,8916,8908,8912,8944,8948,8944,3724,3494,3504,3510,3508,3520,3514,3512,,
KIN,KIN0112,CHHE,kinleith,Wood,Cogen,1997-11-10,15170,14995,15775,17204,17756,15991,13499,17453,17281,15934,16751,16609,17176,16977,16429,15060,15468,16123,16141,17383,18498,17408,17017,15633,14099,15707,13965,14365,14253,11059,11664,12194,9326,10145,10989,8627,6660,7830,8567,9010,11139,11360,10367,9120,11069,12326,13566,14985,,
KPO,KPO1101,MRPL,karapiro,Hydro,Hydro,1997-11-10,29300,30660,31290,29560,28940,28420,28900,28700,28640,30020,30140,30450,30310,30180,30270,30450,30430,35350,37450,37800,35830,31310,31090,31590,31080,31080,31480,31500,30900,31750,31680,30000,30250,30320,30480,30110,29950,30020,30220,30390,31780,30820,29980,32150,31770,31700,31910,31040,,
MAN,MAN2201,MERI,manapouri,Hydro,Hydro,1997-11-10,293810,293840,293780,293900,293910,293870,293860,293880,293860,293850,293720,293740,293540,293460,293350,293310,293360,293210,293440,293440,293350,293660,293810,293840,293950,293840,293920,293950,293970,293830,293930,293940,293850,293900,293820,293810,293740,293680,274390,291860,293240,293360,293250,293680,293690,293630,293760,293820,,
MAT,MAT1101,TRUS,matahina,Hydro,Hydro,1997-11-10,0,0,0,0,0,0,0,0,0,0,0,0,0,0,0,0,0,0,0,0,0,0,0,0,0,0,0,0,0,0,0,0,0,0,0,0,0,0,0,0,0,0,0,0,0,0,0,0,,
MHO,MHO0331,KING,mangahao,Hydro,Hydro,1997-11-10,0,0,0,0,0,0,0,0,0,0,0,0,0,0,0,190,10770,10740,10660,10630,10450,10460,10380,10410,10330,10330,10360,10360,10260,10340,10340,10350,10500,10520,10240,10260,10260,10280,10270,10290,10470,10340,10220,10250,10220,10200,10230,10100,,
MTI,MTI2201,MRPL,maraetai,Hydro,Hydro,1997-11-10,8490,4890,4280,3600,7880,2260,14920,16560,8400,21310,17190,11010,25930,40030,65750,115870,122650,97700,87460,90560,67750,59760,53330,80390,67500,35890,36850,28280,15630,21970,35490,51740,82250,97680,89790,97270,48380,61890,47700,75270,90350,118690,82910,58210,61160,23120,25690,9460,,
NPL,NPL1101,CTCT,new_plymouth,Gas&Oil,Thrml,1997-11-10,58360,58350,58290,58330,58310,58320,58320,58330,58310,58330,58310,58320,58300,58340,58250,58380,58290,58350,58300,58310,58330,58310,58330,58310,58320,58320,58320,58300,58320,58360,58320,58310,58300,58420,58290,58350,58320,58350,58340,58340,58330,58330,58340,58340,58340,58330,58340,58330,,
NPL,NPL2201,CTCT,new_plymouth,Gas&Oil,Thrml,1997-11-10,114700,114690,114700,114650,114740,114760,114760,114760,114700,114740,114720,114880,114700,114860,114810,114850,114840,114880,114800,114890,114660,114770,114670,114720,114660,114750,114630,114580,114520,114790,114620,114770,114740,114760,114690,114820,114730,114830,115060,115050,115010,114970,115010,115000,114930,114910,114950,114930,,
OHA,OHA2201,MERI,ohau_a,Hydro,Hydro,1997-11-10,70740,72000,69310,92890,99600,99370,98620,91530,92610,91220,101140,104290,101910,89740,98340,121300,123210,120880,122450,121500,123190,123680,121460,104730,104010,103150,104080,103340,103340,104010,108180,111300,118370,112450,103640,99540,85130,76950,73250,65390,58060,73830,89790,94120,85740,80210,75690,55140,,
OHB,OHB2201,MERI,ohau_b,Hydro,Hydro,1997-11-10,70550,77320,71280,75380,70750,69430,71550,69410,69720,73740,86620,91510,94070,97370,95150,97440,99980,97800,100450,99970,100210,98660,98290,86310,84280,82830,85330,83880,83710,85120,86030,84060,95270,98290,97370,84400,67350,54460,48880,46050,44360,63620,71290,74080,67450,67420,66590,52250,,
OHC,OHC2201,MERI,ohau_c,Hydro,Hydro,1997-11-10,73040,75220,71820,74400,70750,70710,70410,69310,69850,72790,87730,90950,94650,98800,93640,98300,99810,98520,99320,98610,100120,99670,97400,84910,84600,84030,84540,84020,83920,84300,85220,85110,98210,95390,95150,86180,66840,54730,49940,44650,47240,61520,73180,72120,66940,67830,66940,49720,,
OHK,OHK2201,MRPL,ohakuri,Hydro,Hydro,1997-11-10,14330,0,0,0,0,0,0,0,0,0,0,0,0,16190,33620,40450,42850,53460,54360,44680,41260,41380,41240,41360,41180,34290,28190,28180,27980,28210,28290,28210,28230,35010,40490,40410,39450,31370,26400,19190,19830,19420,15770,23640,13210,13200,11970,400,,
OKI,OKI2201,CTCT,ohaaki,Geo,Geo,1997-11-10,28990,28420,28540,28220,28720,28750,28410,28210,28380,28930,28830,28370,28160,28930,29010,28450,28810,28800,28550,28180,29070,28980,28540,27650,28920,28950,28440,27480,27610,28380,28240,28580,28840,28510,27960,28440,28670,28530,28540,28360,28340,28370,28700,28540,28340,28270,28450,28300,,
OTA,OTA2221,CTCT,otahuhu_a,Gas,Thrml,1997-11-10,0,0,0,0,0,0,0,0,0,0,0,0,0,0,0,0,0,0,0,0,0,0,0,0,0,0,0,0,0,0,0,0,0,0,0,0,0,0,0,0,0,0,0,0,0,0,0,0,,
PPI,PPI2201,MRPL,poihipi,Geo,Geo,1997-11-10,0,0,0,0,0,0,0,0,0,0,0,0,0,630,15810,20440,20450,20320,20310,20390,20310,20400,20280,20430,20290,20420,20350,20280,20100,20320,20370,20330,20380,20330,20370,20360,20490,20480,20470,20440,20640,20650,20640,20690,20630,2870,0,0,,
ROT,ROT1101,TRUS,wheao_flaxy,Hydro,Hydro,1997-11-10,5214,4600,4028,3666,3465,3451,3060,2984,2992,3008,3480,6178,6158,6442,8506,8342,8820,9392,9292,9359,9375,8414,7436,7436,7424,7468,7442,7422,7429,7388,7423,7400,7426,7400,7432,7426,7434,7408,7476,7419,7447,7382,6380,5934,5560,4720,3968,3966,,
ROX,ROX1101,CTCT,roxburgh,Hydro,Hydro,1997-11-10,1100,0,0,0,0,0,0,0,0,0,0,0,16880,19870,19860,17480,16860,16910,19590,19790,19840,19890,19950,19820,19850,19830,19800,19800,19790,19860,19790,19760,19790,19950,19920,19870,19860,19880,19830,19770,19850,19960,19790,19840,19860,19850,19780,19830,,
ROX,ROX2201,CTCT,roxburgh,Hydro,Hydro,1997-11-10,80270,76630,76900,77020,77520,60330,59260,59370,59250,59520,59390,59700,59340,59530,61750,96800,99090,99170,96410,95830,96290,95750,96410,95300,74150,74210,74040,74000,74100,74330,74000,74150,73870,74420,74230,78830,79420,79300,79180,78920,79320,77470,76380,76810,76740,76480,76350,73690,,
RPO,RPO2201,GENE,rangipo,Hydro,Hydro,1997-11-10,29420,29420,29420,29420,29410,29430,29420,29430,29420,29430,29430,29430,29420,29420,29420,29710,29750,29730,29730,29720,29720,29730,28220,20370,20620,20630,20620,23980,29620,29650,29670,29690,29700,29710,29700,29420,29280,29300,29280,29780,35640,29560,29540,29550,29540,29550,29550,29550,,
SFD,SFD2201,CTCT,stratford,Gas,Thrml,1997-11-10,0,0,0,0,0,0,0,0,0,0,0,0,0,0,0,0,0,0,0,0,0,0,0,0,0,0,0,0,0,0,0,0,0,0,0,0,0,0,0,0,0,0,0,0,0,0,0,0,,
SWN,SWN2201,TRUS,southdown,Gas,Thrml,1997-11-10,58380,58370,58390,58790,59900,60070,60280,60190,60260,60250,60220,60220,60280,60300,60290,60320,60250,60350,60340,60320,60400,60510,60530,60550,60510,60530,60610,60510,60580,60540,60540,60560,60630,60610,60550,60610,60590,60610,60610,60670,60710,60730,60720,60780,60820,60820,60870,60840,,
TKA,TKA0111,MERI,tekapo_a,Hydro,Hydro,1997-11-10,6630,6520,5690,6250,7330,6080,5370,7070,7320,6890,5250,5640,5720,7490,6650,6790,6970,6820,6680,6750,6680,6830,6880,7050,6610,7200,6970,6790,7110,6820,6720,7020,6730,7080,6970,6840,7010,6840,6760,6890,7190,6510,6680,6740,6860,6770,6940,6750,,
TKB,TKB2201,MERI,tekapo_b,Hydro,Hydro,1997-11-10,39840,40000,39610,40210,39840,39770,39620,39810,40060,39720,39550,39960,40150,39720,39830,39900,40170,39740,40110,39980,40300,40390,40260,40640,40480,40480,40650,40470,40430,40440,40630,40830,40380,40250,40830,40500,40390,40600,40560,40400,40120,40180,40150,40240,40300,40310,40500,40660,,
TKU,TKU2201,GENE,tokaanu,Hydro,Hydro,1997-11-10,16170,20830,21420,21320,21480,21300,21480,21430,21390,21470,21340,21480,21450,26580,70210,91720,91190,98190,97320,97040,93150,86270,89000,97770,96980,96970,97630,89660,81360,69850,67830,74290,84240,85990,94530,73170,83090,77060,71500,72140,91980,93150,91350,23130,20670,21690,21800,20300,,
TMU,TMU1101,GENE,te_awamutu,Gas,Cogen,1997-11-10,13120,13080,13070,13120,13110,13070,13280,13230,13260,13290,13330,13360,13480,13500,13560,13570,13570,13520,13410,13310,13320,13260,13240,13130,13110,13110,13110,13160,13120,13140,13100,13210,13190,13230,13250,13230,13270,13360,13440,13490,13590,13630,13620,13530,13660,13650,13670,13650,,
TUI,TUI1101,GENE,waikaremoana,Hydro,Hydro,1997-11-10,2920,2610,3280,3240,3440,3260,3360,3420,3290,3390,3140,3270,3270,3260,7880,28860,28870,45530,34780,30160,29700,14090,3970,4040,3960,3910,4020,3590,3280,3510,3380,3380,3580,3420,2620,26930,29910,29980,29910,30000,30140,6880,3250,10980,3460,3430,3470,3280,,
WHI,WHI2201,CTCT,whirinaki,Diesel,Thrml,1997-11-10,0,0,0,0,0,0,0,0,0,0,0,0,0,0,0,0,0,0,0,0,0,0,0,0,0,0,0,0,0,0,0,0,0,0,0,0,0,0,0,0,0,0,0,0,0,0,0,0,,
WKM,WKM2201,MRPL,whakamaru,Hydro,Hydro,1997-11-10,35590,35190,26580,16560,21620,24870,19870,22750,25450,24760,20470,17400,27860,32390,36600,36800,36740,36920,36990,33030,32220,37120,37030,37230,37060,37060,37170,37150,36750,36980,36900,36830,37170,36430,29120,31000,36020,36070,36130,36220,36700,36510,36140,36320,36220,25800,24590,17300,,
WPA,WPA2201,MRPL,waipapa,Hydro,Hydro,1997-11-10,14010,9080,4960,3820,3920,3860,3930,4050,5770,5600,8540,8670,11200,10200,14570,22410,27240,28600,28430,26970,26510,25160,23450,15590,18440,16240,14350,14220,8920,5290,8710,10490,13470,24820,25450,28320,28250,21860,13280,23900,25190,27950,25460,23540,11790,11580,11080,7540,,
WRK,WRK2201,CTCT,wairakei,Geo,Geo,1997-11-10,74240,74360,74320,74250,74260,74290,74250,74290,74310,74150,73940,74090,74030,74440,74360,74200,74170,74390,74520,74310,74360,74510,74040,74250,74330,74400,74500,74610,74190,74340,74360,74350,74370,74440,74270,74430,74450,74510,74520,74570,74610,74690,74280,74590,74560,74560,74630,74250,,
WTK,WTK0111,MERI,waitaki,Hydro,Hydro,1997-11-10,27370,27500,27260,27450,26860,24870,24840,24990,24980,24860,24840,25040,24980,24870,24920,24980,24950,24790,24940,24860,25010,24920,27330,27470,28330,29950,29880,29860,29870,30500,32540,32500,32210,32320,32470,32340,32400,32540,34250,34590,36160,37400,37250,37360,37420,37260,37390,37440,,
ARA,ARA2201,MRPL,aratiatia,Hydro,Hydro,1997-11-11,16650,16780,16570,16120,19120,16990,14690,14660,14660,13760,12360,12280,12300,12680,12640,14570,14820,16770,18560,16990,10820,11790,11460,10730,8100,13850,13240,14430,10340,13370,14760,14760,14530,11320,14600,14790,14810,14790,14790,14800,14790,14790,14800,14790,14790,14800,14780,14780,,
ARG,ARG1101,TRUS,argyle_wairau,Hydro,Hydro,1997-11-11,0,0,0,0,0,0,0,0,0,0,0,0,0,0,3756,4264,4268,4322,4360,4370,4388,4400,4404,888,12,0,0,0,0,0,0,0,3732,4248,4311,4368,4402,4413,4438,4444,4443,4448,4443,4436,945,8,0,0,,
ARI,ARI1101,MRPL,arapuni,Hydro,Hydro,1997-11-11,53040,53300,52860,45110,45470,39670,35290,34850,34320,34640,34520,22330,37940,28250,48180,74100,74210,73820,73690,73660,69660,50680,48260,50100,49740,49640,49910,49120,49850,49530,50330,49390,56010,67480,69660,64560,63580,63670,59300,55040,56830,55080,54090,54030,37720,37060,36570,37100,,
ATI,ATI2201,MRPL,atiamuri,Hydro,Hydro,1997-11-11,2950,2960,2910,2800,3080,2680,3120,3070,2930,2980,3080,9360,10410,15800,23500,27620,31020,36120,28290,28610,25660,17730,17760,14190,14110,14100,14160,13870,11640,9370,9660,15310,20670,30580,34160,30620,18450,14490,16770,19630,20950,28350,22120,13470,12450,6310,6310,2920,,
AVI,AVI2201,MERI,aviemore,Hydro,Hydro,1997-11-11,53940,53160,41450,42960,42460,36750,26920,25940,25870,26970,54280,59670,60200,77560,80690,84480,85840,72910,70840,69000,74450,75920,77450,78720,73840,76660,73180,76940,72880,74430,55800,53060,51810,50520,48340,50800,50210,47420,50390,59930,62530,62440,59760,53580,54860,57010,54560,52340,,
BEN,BEN2202,MERI,benmore,Hydro,Hydro,1997-11-11,197550,154530,117760,105630,114880,101040,101710,111360,106730,104960,111180,116250,141390,215740,201070,207930,215910,218140,207390,205830,201040,188280,186080,215840,201770,204950,202140,190480,180860,193290,187830,197440,203070,199560,200470,205670,203080,197800,181440,136230,179420,167460,163250,149250,120580,99840,103410,104520,,
BWK,BWK1101,TRUS,waipori,Hydro,Hydro,1997-11-11,0,0,0,0,0,0,0,0,0,0,0,0,0,132,1872,1932,1950,1962,1962,1932,1950,1950,1932,1920,1932,1932,96,0,0,0,0,0,0,0,0,0,0,0,0,0,0,0,0,0,0,0,0,0,,
COB,COB0661,CTCT,cobb,Hydro,Hydro,1997-11-11,2640,2700,2710,2650,2690,2690,2730,2700,2690,2750,2680,2740,2730,2730,2700,2700,2740,2700,2720,2690,2610,2690,2720,2700,2610,2660,2570,2640,2560,2580,2550,2640,2580,2560,2520,2570,2570,2500,2570,2590,2600,2580,2580,2550,2570,2620,2590,2610,,
COL,COL0661,TRUS,coleridge,Hydro,Hydro,1997-11-11,15290,15290,15290,15340,15290,15290,15290,15290,15280,15300,15280,15300,15290,15290,15270,15270,15270,15210,15080,15260,15080,15430,15410,15380,15230,14930,15080,15080,15070,15090,15090,15090,15100,15100,15100,15120,15110,15090,15140,15130,15150,15150,15170,15160,15170,15200,15180,15200,,
CYD,CYD2201,CTCT,clyde,Hydro,Hydro,1997-11-11,104080,104910,104930,104350,104780,104440,105050,104590,104510,104930,101930,101890,101950,102400,142670,147450,148650,147850,148290,148020,146930,148460,148910,148270,102280,101830,101190,101930,101140,101550,101310,102180,107650,159420,165300,166110,165780,165080,165930,165930,166350,165980,164600,163660,165450,166330,165680,150270,,
HLY,HLY2201,GENE,huntly_1_4,Coal,Thrml,1997-11-11,118030,115640,101940,90970,88910,89250,87960,88020,87860,86710,88840,129050,185560,237020,237160,236930,238900,240180,241800,242000,241590,239470,241560,241790,243290,242700,242860,243500,245250,245600,239530,244320,243920,243580,243670,243990,244540,243750,243950,245200,246000,245820,245670,244920,245190,244410,244400,244080,,
HWA,HWA1101,TRUS,patea,Hydro,Hydro,1997-11-11,9610,4350,10478,3486,5140,11292,9668,3512,3516,3516,3512,3508,3504,3502,3498,3492,3496,3496,3496,3496,3504,3504,3508,3512,3512,3512,3516,3512,3512,3516,3504,3496,3492,3484,3484,3484,3496,3504,3508,3504,3500,3500,3504,3516,3512,3520,3532,3524,,
KIN,KIN0112,CHHE,kinleith,Wood,Cogen,1997-11-11,16111,14781,14443,14627,12628,13813,14009,14246,14174,14094,13559,14047,13835,14741,15737,15558,13215,13586,12902,12528,13825,13375,12433,10355,9259,7412,7711,8587,10140,3784,6954,9209,8965,10666,10574,8682,6501,7051,6276,7063,8111,8079,5525,4576,7955,7964,9005,11181,,
KPO,KPO1101,MRPL,karapiro,Hydro,Hydro,1997-11-11,32230,32420,32170,31670,32770,31090,32960,32770,32300,32600,32490,32130,32000,32660,29710,28370,33410,37000,36750,33940,30840,26360,26600,29090,28760,28670,28830,28200,28760,28490,29220,28320,28310,28410,30630,32360,32160,32230,32000,32470,33810,33860,32930,32820,32520,32660,29870,31510,,
MAN,MAN2201,MERI,manapouri,Hydro,Hydro,1997-11-11,293810,293800,293900,293880,293890,293850,293900,293840,293870,293940,293780,293850,293710,293650,293460,293330,293270,293130,293140,293190,293230,293390,293590,293660,293720,293850,293470,294400,293830,293900,293970,293950,293350,293930,294360,293890,293740,293590,293490,293250,292700,292940,292740,292750,292870,293070,293250,293480,,
MAT,MAT1101,TRUS,matahina,Hydro,Hydro,1997-11-11,0,0,0,0,0,0,0,0,0,0,0,0,0,0,0,0,0,0,0,0,0,0,0,0,0,0,0,0,0,0,0,0,0,0,0,0,0,0,0,0,0,0,0,0,0,0,0,0,,
MHO,MHO0331,KING,mangahao,Hydro,Hydro,1997-11-11,10270,10300,10260,10190,10350,10100,10350,10330,10270,10310,10320,10250,10240,10370,10320,10310,10330,10280,10350,10330,10260,10280,10160,10340,10310,10280,10300,10230,10310,10270,10350,10260,10260,10280,10240,10240,10230,10230,10220,10290,10430,10280,10040,9680,9640,9640,9600,9680,,
MTI,MTI2201,MRPL,maraetai,Hydro,Hydro,1997-11-11,18560,21080,16810,11200,20090,13980,26820,17970,15560,26100,21210,14420,23720,38010,67240,101480,129260,101110,78180,100930,55610,73960,30610,23150,38900,23490,46160,23430,60220,52500,66110,60500,56240,66650,62980,49760,31870,77770,39180,57190,82840,86510,51770,52710,31750,43690,30300,19990,,
NPL,NPL1101,CTCT,new_plymouth,Gas&Oil,Thrml,1997-11-11,58340,58330,58340,58290,57290,57340,57370,57380,57360,57370,58330,58380,58330,58340,58360,58330,58350,58340,58350,58340,58360,58310,58370,58330,58340,58330,58320,58320,58320,58320,58320,58320,58320,58330,58320,58320,58340,58320,58340,58330,58290,58330,58320,58310,58310,58290,58330,58310,,
NPL,NPL2201,CTCT,new_plymouth,Gas&Oil,Thrml,1997-11-11,114870,114850,114800,114800,113610,113770,113840,113860,113900,113800,115150,115230,115270,115200,115200,115280,115250,115290,115290,115260,115280,115190,115250,115190,115180,115120,115070,115080,115110,115160,115100,115090,115170,115030,115080,115120,115120,115210,115190,115220,115120,115220,115220,115220,115210,115200,115090,115080,,
OHA,OHA2201,MERI,ohau_a,Hydro,Hydro,1997-11-11,55700,52570,59690,53850,45220,44670,44080,40790,41650,42260,41410,43820,55390,63320,79900,91860,98870,101890,103870,78470,67050,70490,92580,71580,102110,94310,88750,88060,69190,60820,63090,84210,95810,59350,74690,90130,88270,55540,57230,51450,57260,68350,86660,79510,62060,33050,27590,9260,,
OHB,OHB2201,MERI,ohau_b,Hydro,Hydro,1997-11-11,44110,41820,49010,45670,36710,33970,32530,29260,29780,31810,34200,41710,46500,51350,66600,84220,80230,81840,83640,51670,63480,72850,84950,82000,79580,82470,78830,79070,60230,59320,58970,65140,71510,63780,56650,68690,67270,53750,54540,54760,43080,59920,67780,63990,46490,26660,24090,8510,,
OHC,OHC2201,MERI,ohau_c,Hydro,Hydro,1997-11-11,45080,41730,49330,44540,37080,34690,30930,30090,30010,30470,35590,39710,47510,50490,70880,85530,81020,80080,79060,53310,63680,71770,81630,81620,80210,81350,80070,77670,60270,60250,59970,69000,75080,60290,50370,67630,68730,54600,54670,54800,44410,60100,67860,62300,45520,27140,24740,10710,,
OHK,OHK2201,MRPL,ohakuri,Hydro,Hydro,1997-11-11,0,0,0,0,0,0,0,0,0,490,10060,7030,20260,28790,37390,49530,53620,54140,53710,45600,39260,28150,27170,22400,22040,21930,22070,21550,11750,2510,7940,11420,17530,27160,38910,37390,34310,33800,33530,34020,38970,43400,31460,19250,17210,9100,9080,4190,,
OKI,OKI2201,CTCT,ohaaki,Geo,Geo,1997-11-11,28390,28490,28580,28370,28350,29100,28820,27800,28580,28990,28740,28300,28860,29040,28840,28430,29130,29110,28350,28310,28740,28600,27890,28490,28690,28980,28680,29010,29170,28220,28330,28090,28460,28610,28350,27880,28010,29000,28790,28190,27950,28800,28720,28500,28610,28810,28860,28300,,
OTA,OTA2221,CTCT,otahuhu_a,Gas,Thrml,1997-11-11,0,0,0,0,0,0,0,0,0,0,0,0,0,0,0,0,0,0,0,0,0,0,0,0,0,0,0,0,0,0,0,0,0,0,0,0,0,0,0,0,0,0,0,0,0,0,0,0,,
PPI,PPI2201,MRPL,poihipi,Geo,Geo,1997-11-11,0,0,0,0,0,0,0,0,0,0,0,0,0,1380,17860,20440,20460,20460,20450,20390,20400,20360,20380,20460,20360,20320,20390,20310,20360,20380,20370,20330,20400,20370,20380,20360,20430,20350,20340,20350,20380,20440,20460,20410,20330,2900,0,0,,
ROT,ROT1101,TRUS,wheao_flaxy,Hydro,Hydro,1997-11-11,3920,3850,3468,3454,3320,2994,2976,2962,2972,2986,2971,5725,6192,6428,7702,8394,8388,8368,8410,8374,8366,7746,7378,7378,7402,7382,7402,7418,7380,7432,7446,7460,7360,7394,7446,7384,7408,7428,7458,7423,7437,6808,5945,5867,4946,4936,4734,4464,,
ROX,ROX1101,CTCT,roxburgh,Hydro,Hydro,1997-11-11,19790,19820,19850,19940,19820,19830,19950,19830,19820,19840,19840,19880,19910,19720,19870,19850,19850,19890,19800,19830,19810,19970,19870,19800,19850,19800,19820,19800,19850,19760,19890,19880,19820,19800,19880,19810,19760,20000,19750,19920,19900,19830,19870,19790,19860,19900,19800,19940,,
ROX,ROX2201,CTCT,roxburgh,Hydro,Hydro,1997-11-11,56450,56310,56240,56320,56120,56250,56440,56150,56200,56380,58530,59410,59750,58570,60290,78190,79120,79400,79200,79260,79190,79290,79270,78820,79160,79000,79240,79260,79140,79410,79460,79180,77980,91100,95920,95740,95590,96300,95690,96290,96120,95820,96120,95420,95860,96140,95800,95990,,
RPO,RPO2201,GENE,rangipo,Hydro,Hydro,1997-11-11,29550,29560,29550,29560,29550,29560,29550,29550,29570,29550,29550,29570,29560,29550,29560,29570,29560,29550,29560,29560,29570,29550,29550,29550,29550,29550,29550,29550,29550,29540,29550,29540,29500,29540,29550,29540,29550,29540,29550,29550,29550,29540,29550,29550,29550,29550,29550,29550,,
SFD,SFD2201,CTCT,stratford,Gas,Thrml,1997-11-11,0,0,0,0,0,0,0,0,0,0,0,0,0,0,0,0,0,0,0,0,0,0,0,0,0,0,0,0,0,0,0,0,0,0,0,0,0,0,0,0,0,0,0,0,0,0,0,0,,
SWN,SWN2201,TRUS,southdown,Gas,Thrml,1997-11-11,60890,60880,60890,60860,60900,60870,60940,60960,60940,58240,56960,59870,58200,59780,60200,60870,60960,60990,60960,61020,60990,61060,61040,61050,60990,60940,61060,61040,61090,61060,61060,61060,60980,61050,61010,61010,61040,61030,61040,61020,61030,61060,61090,61060,61060,61060,61040,61060,,
TKA,TKA0111,MERI,tekapo_a,Hydro,Hydro,1997-11-11,6800,6750,6790,7260,6860,6650,7050,6810,6790,6990,6970,6830,7080,6490,7200,6690,6440,6870,7010,6770,7140,6670,6610,7330,6870,6500,6950,6600,6810,6950,6660,6720,7030,6550,7250,6280,6290,7090,6620,6840,6890,6540,6900,6930,6730,6410,7260,7660,,
TKB,TKB2201,MERI,tekapo_b,Hydro,Hydro,1997-11-11,40470,40710,40650,40530,40870,40640,40860,40540,40670,40830,40560,40570,40270,40660,40370,40330,40630,40340,40650,40500,40070,40410,40640,40550,40100,40280,39980,40230,39880,39960,39900,40380,40040,39920,39680,39950,39860,39400,39870,39780,39750,39620,39530,39420,39330,39600,39620,39420,,
TKU,TKU2201,GENE,tokaanu,Hydro,Hydro,1997-11-11,0,0,0,0,0,0,0,0,0,0,0,0,11080,28100,83980,91100,93410,95260,87180,95420,93050,89910,87640,89800,89420,89190,89490,88540,89580,89290,90240,89100,88780,89320,88880,88920,88990,89000,88630,89300,91190,89360,84790,58460,58460,58440,58290,47350,,
TMU,TMU1101,GENE,te_awamutu,Gas,Cogen,1997-11-11,13610,13650,13700,13650,13680,13910,14000,14010,14000,14020,14090,14220,14240,14210,14190,14120,13960,13740,13640,13560,13310,13250,13160,13100,13090,13150,13150,13220,13010,12980,12940,12960,13070,13210,13440,13200,13210,13340,13440,13460,13370,13440,13540,13490,13430,13530,13680,13730,,
TUI,TUI1101,GENE,waikaremoana,Hydro,Hydro,1997-11-11,3110,3100,3030,2940,3180,2820,3220,3130,4310,2910,2870,2660,6570,4140,5330,27560,31840,35950,29890,30360,29680,29830,29340,29970,17830,14030,13540,13400,13530,13450,13590,13370,4730,3270,3190,3230,3200,3230,3140,3190,3400,3170,3010,3020,2960,3150,3940,3740,,
WHI,WHI2201,CTCT,whirinaki,Diesel,Thrml,1997-11-11,0,0,0,0,0,0,0,0,0,0,0,0,0,0,0,0,0,0,0,0,0,0,0,0,0,0,0,0,0,0,0,0,0,0,0,0,0,0,0,0,0,0,0,0,0,0,0,0,,
WKM,WKM2201,MRPL,whakamaru,Hydro,Hydro,1997-11-11,13130,23170,22570,12690,12090,6910,2220,11030,11200,11320,13170,23040,23200,27900,34930,34830,35040,35010,35260,35360,35170,35270,34590,35390,35140,35000,35040,34610,34880,34720,35030,34610,34600,34680,34520,35060,35290,35330,35190,30630,35430,34970,29300,26300,26080,26160,25870,19420,,
WPA,WPA2201,MRPL,waipapa,Hydro,Hydro,1997-11-11,7890,8000,7710,8260,7840,7700,7930,7930,7820,8290,8970,13490,15850,15880,20310,21270,25820,26970,26870,26400,24250,21780,19690,14220,10050,7610,7670,7520,10290,16990,17290,21240,24460,19360,21840,14430,11860,11800,14670,16840,22820,25430,18620,17300,11470,11860,13600,10720,,
WRK,WRK2201,CTCT,wairakei,Geo,Geo,1997-11-11,73710,74510,74810,74800,74750,74560,74910,74920,74810,74850,74970,74920,74960,74720,74760,74940,74890,74620,74960,74880,74730,74520,74750,74800,74760,74610,74690,74590,74560,74450,74450,74410,74310,74170,74420,74370,74370,74280,74510,74540,74610,74200,74310,74390,74510,74410,74620,74750,,
WTK,WTK0111,MERI,waitaki,Hydro,Hydro,1997-11-11,37260,37370,37410,37250,37400,37370,37480,37330,37270,36780,34750,34220,32440,31670,29920,29870,30030,29950,30020,29980,29830,30000,30140,29920,29890,29980,29930,29920,29840,30080,29810,29890,30120,32210,32100,33410,34640,34670,34570,34690,34580,34630,34630,34520,34600,34700,34590,34650,,
ARA,ARA2201,MRPL,aratiatia,Hydro,Hydro,1997-11-12,14770,14780,14760,14780,14760,14770,14760,14770,14760,14750,14760,14750,14760,14750,14750,14750,21580,26870,21340,21260,16070,14340,14660,14830,14700,14700,17100,22180,17840,11300,11710,14580,13970,14140,14880,14910,14940,14940,14590,21670,28590,28430,28070,25610,12530,13490,13090,14270,,
ARG,ARG1101,TRUS,argyle_wairau,Hydro,Hydro,1997-11-12,0,0,0,0,0,0,0,0,0,0,0,0,0,0,3350,3705,3744,3788,3966,3896,3856,3818,831,10,0,0,0,0,0,0,0,0,1617,4521,4704,4710,4710,4714,4714,4716,4720,4730,4776,4780,4785,4820,4857,4832,,
ARI,ARI1101,MRPL,arapuni,Hydro,Hydro,1997-11-12,31750,32140,32660,32470,32420,31890,31660,30400,32660,32240,31490,31360,32850,31470,51960,69670,73060,73480,73550,66140,59020,48430,48730,48700,57520,64380,62000,61170,61240,61180,61310,61360,61420,60720,60890,61120,51840,56590,56880,55950,57820,56780,57180,56930,53380,47890,44930,36480,,
ATI,ATI2201,MRPL,atiamuri,Hydro,Hydro,1997-11-12,890,960,1060,1080,1090,1000,950,720,1210,1070,880,690,930,570,7220,20960,32680,35790,31180,24480,15340,13930,11400,9310,9330,18870,25550,28580,28530,28470,28440,28310,27250,21400,26590,27890,23160,28460,28450,23590,22940,22690,22940,22160,20190,20160,14600,4390,,
AVI,AVI2201,MERI,aviemore,Hydro,Hydro,1997-11-12,54770,53320,52730,37200,28150,28240,29760,28050,17080,9840,22240,35080,65960,78250,80600,80850,81260,83010,84750,77170,80770,83240,84140,83590,82450,84950,82750,81330,81410,61500,83750,83280,56160,46430,49930,49880,56060,53920,50210,50680,50330,52370,50220,56870,59190,51830,48460,47890,,
BEN,BEN2202,MERI,benmore,Hydro,Hydro,1997-11-12,104730,123190,92340,79170,74470,50930,31950,24250,28480,61790,75210,103490,181100,211410,179710,215270,209580,199360,212340,203320,125700,117070,147330,175220,177510,198710,180320,212680,197690,193920,202930,209120,206080,193060,174770,182850,188720,199260,203700,194870,200770,200500,201970,192970,131410,121220,169160,139670,,
BWK,BWK1101,TRUS,waipori,Hydro,Hydro,1997-11-12,0,0,0,0,0,0,0,0,0,0,0,0,0,180,1914,1956,1944,1926,1944,1938,1968,1974,108,0,0,0,0,0,0,0,0,0,0,0,0,0,0,0,0,0,0,0,0,0,0,0,0,0,,
COB,COB0661,CTCT,cobb,Hydro,Hydro,1997-11-12,2690,2610,2600,2670,2620,2610,2660,2620,2700,2620,2620,2710,2620,2680,2640,2660,2620,2760,2690,2510,2610,2630,2660,2630,2590,2720,2580,2550,2560,2580,2610,2580,2490,2550,2550,2540,2600,2590,2530,2560,2550,2620,2530,2530,2580,2570,2630,2590,,
COL,COL0661,TRUS,coleridge,Hydro,Hydro,1997-11-12,15200,15180,15200,15230,15210,15240,15250,15270,15300,15290,15280,15330,15280,15360,15290,15220,15280,15280,15060,14950,15330,15360,15180,15100,15130,15270,15140,15110,15170,15230,15280,15260,15090,15130,15060,15070,15150,15150,15120,15280,15230,15350,15200,15160,15280,15240,15200,15180,,
CYD,CYD2201,CTCT,clyde,Hydro,Hydro,1997-11-12,107770,107070,106930,107670,104220,103840,103710,102450,103330,102450,102410,107940,151190,152100,151710,151720,151410,153370,152050,149770,151350,151760,152210,151680,151260,161990,155410,123570,107980,108300,108530,108340,107610,141280,153260,153090,153800,153780,152820,153220,152950,148990,107780,108800,109160,109090,109530,109130,,
HLY,HLY2201,GENE,huntly_1_4,Coal,Thrml,1997-11-12,244090,242010,226500,214970,212710,202060,201760,190550,176070,179880,219080,246840,251940,254770,256230,258860,264660,279940,310380,341730,365190,370190,370230,370870,370910,368830,368190,368550,369180,369580,370020,369430,370650,370170,370350,370590,369190,370210,370790,371080,371880,372040,370700,371680,353970,302460,284020,245810,,
HWA,HWA1101,TRUS,patea,Hydro,Hydro,1997-11-12,3528,3520,3524,3528,3528,3532,3536,3524,3536,3536,3528,3520,3508,3504,3488,3476,3476,3476,3484,3484,3476,3480,3480,3480,3476,3480,3476,3476,3476,3476,3484,3476,3460,3544,3460,3476,3484,3492,3508,3508,3504,3508,3512,3508,3508,3512,3508,3528,,
KIN,KIN0112,CHHE,kinleith,Wood,Cogen,1997-11-12,10691,11308,11082,8502,9797,10342,7994,7688,6949,5729,6259,5744,6513,6849,7486,7305,7267,7437,5273,4800,4603,0,0,0,0,100,508,7984,6697,0,174,5599,5258,6600,7262,6742,6515,7506,8502,8726,8146,10213,8652,10962,8766,8963,7783,9366,,
KPO,KPO1101,MRPL,karapiro,Hydro,Hydro,1997-11-12,28650,28760,29160,29020,28990,28600,28360,27990,30450,30060,29510,29310,30490,29380,30840,30750,31390,31120,31100,27740,27120,26980,27060,27010,27000,28440,26660,26770,27260,32070,32310,33170,36150,37780,38000,38080,38130,37460,37710,35120,35300,34050,34590,34320,34350,31480,29540,31890,,
MAN,MAN2201,MERI,manapouri,Hydro,Hydro,1997-11-12,293730,293750,293890,294020,294010,294090,294240,294230,294320,294300,294220,293980,289350,287780,286970,286730,286830,288660,288970,288790,288880,289040,289210,289380,289600,290630,290810,290890,291070,291110,291100,291140,291120,291090,291130,291070,291260,292990,292400,292260,292100,291960,291600,291470,291460,291330,291490,291400,,
MAT,MAT1101,TRUS,matahina,Hydro,Hydro,1997-11-12,0,0,0,0,0,0,0,0,0,0,0,0,0,0,0,0,0,0,0,0,0,0,0,0,0,0,0,0,0,0,0,0,0,0,0,0,0,0,0,0,0,0,0,0,0,0,0,0,,
MHO,MHO0331,KING,mangahao,Hydro,Hydro,1997-11-12,9730,9780,9840,9810,9800,9730,9720,9590,9850,9770,9700,9700,9820,9690,9930,9860,9870,9810,9820,9830,9980,10300,10310,10710,10800,10930,10710,10720,10750,10730,10770,10750,10750,10730,10740,10750,10770,10390,10210,10260,11300,11150,11200,11190,11340,11240,11020,11300,,
MTI,MTI2201,MRPL,maraetai,Hydro,Hydro,1997-11-12,14150,19650,25340,27020,20820,20470,22230,10370,19700,23010,18380,21550,31080,25140,70370,85890,124680,113760,87420,67730,90770,101790,70950,84050,52020,68160,66330,42520,63460,55780,35580,30300,34710,40510,50770,52540,77470,48710,21620,34190,32320,14970,18360,15570,21720,26290,12680,18180,,
NPL,NPL1101,CTCT,new_plymouth,Gas&Oil,Thrml,1997-11-12,58320,57330,57340,57350,57320,57330,57360,57300,57370,57330,57350,57450,58390,58310,58330,58310,58320,58340,58300,58330,58320,58320,58310,58350,58160,21680,0,0,0,0,8010,24080,35590,56510,57910,57960,58010,58000,58000,58020,57980,58050,58050,58050,58050,58030,58010,58000,,
NPL,NPL2201,CTCT,new_plymouth,Gas&Oil,Thrml,1997-11-12,115090,115150,115070,115000,114950,115100,115010,115080,115150,115170,115070,115130,115100,115160,115230,115160,115160,115170,115110,115230,115100,115050,115110,115570,115880,44000,0,0,1310,26280,57900,69520,89140,106200,115060,115070,115260,115300,115320,115330,115330,115360,115360,115300,115340,115230,115240,115270,,
OHA,OHA2201,MERI,ohau_a,Hydro,Hydro,1997-11-12,25820,5950,4460,4150,3530,3380,3890,3390,4060,3340,3330,4090,3990,48900,50190,60510,64450,64620,65190,39800,27410,27810,25170,24950,24690,66540,87690,84170,89850,76190,76810,76290,70090,72280,72490,72140,50530,47370,52330,49680,49240,56530,53860,43640,30290,14560,10830,10350,,
OHB,OHB2201,MERI,ohau_b,Hydro,Hydro,1997-11-12,39930,12070,5410,2800,2200,2270,3950,1840,3830,2530,1800,2820,10940,25980,47150,59480,58590,42050,31540,35200,50200,46000,43870,44270,45970,36710,60280,62480,62140,51440,46840,53090,65120,55720,49640,50080,48980,45570,43590,49170,50790,50850,47940,28100,24380,17960,18810,19330,,
OHC,OHC2201,MERI,ohau_c,Hydro,Hydro,1997-11-12,37520,11950,5740,2980,2520,2390,2800,2440,2950,2430,2400,2990,12370,27520,47360,58440,56380,40670,33080,39360,48500,45140,45480,45080,48520,41750,58170,63600,60130,54020,50820,50540,67660,51030,50450,50240,49740,40490,48340,49670,49380,50150,49130,28810,25290,15480,18700,19100,,
OHK,OHK2201,MRPL,ohakuri,Hydro,Hydro,1997-11-12,0,0,0,0,0,0,0,0,0,0,0,0,0,0,7710,40720,52490,51030,37840,28780,28840,28500,17670,12750,12810,22200,28480,35620,37800,39710,39810,39800,40770,46310,52320,52280,36540,31490,31820,32720,38690,45580,42820,32290,26920,27430,18660,1270,,
OKI,OKI2201,CTCT,ohaaki,Geo,Geo,1997-11-12,29290,29040,28400,28210,29370,29020,28740,28800,29060,29280,28750,29040,29150,28680,28590,28640,28720,28810,28920,28620,28850,28610,28800,28450,28000,28220,28170,27900,27970,27970,27960,27730,28250,28510,28140,27090,28020,28270,27890,27430,27620,28070,27600,27840,27900,27910,27360,27580,,
OTA,OTA2221,CTCT,otahuhu_a,Gas,Thrml,1997-11-12,0,0,0,0,0,0,0,0,0,0,0,0,0,0,0,0,0,0,0,0,0,0,0,0,0,0,0,0,0,0,0,0,0,0,0,0,0,0,0,0,0,0,0,0,0,0,0,0,,
PPI,PPI2201,MRPL,poihipi,Geo,Geo,1997-11-12,0,0,0,0,0,0,0,0,0,0,0,0,0,1020,15960,20420,20380,20250,20220,20350,20200,20370,20200,20280,20180,20110,20060,20100,20030,19760,19920,20030,20010,20040,20090,20110,20080,20020,20030,20070,20070,20060,20010,20090,19720,2870,0,0,,
ROT,ROT1101,TRUS,wheao_flaxy,Hydro,Hydro,1997-11-12,4478,4454,4474,3738,3438,3462,3456,3454,3488,3444,3476,3436,5428,6766,7128,7142,8376,8386,8367,8367,8370,8326,8344,8344,7018,4528,4498,4280,4012,3940,3972,4396,7279,7393,7424,7428,7404,7442,7400,7404,7406,6968,6912,5250,4084,3974,3950,3952,,
ROX,ROX1101,CTCT,roxburgh,Hydro,Hydro,1997-11-12,19810,19810,19890,19870,19940,19870,19830,19840,19910,19890,19870,19880,19840,19880,19860,19880,19900,19910,19760,19830,19990,19820,19930,19810,19920,19850,19850,19800,19850,19830,19790,19800,19810,19820,19830,19820,19830,19920,19860,19860,19930,19850,19810,19850,19800,19930,19760,19910,,
ROX,ROX2201,CTCT,roxburgh,Hydro,Hydro,1997-11-12,95650,95680,95980,94930,77110,79110,78990,79200,79290,78970,79120,79440,79150,79230,79060,79280,79480,95550,96040,96970,97250,97110,97180,96990,97120,97110,99130,70730,59390,59490,59450,59430,59710,77100,79260,79150,79180,79310,79150,79450,79230,79100,79140,79030,79120,79270,78890,79460,,
RPO,RPO2201,GENE,rangipo,Hydro,Hydro,1997-11-12,29550,29550,29540,29550,29560,29540,29550,29550,29550,29550,29550,29550,29550,29560,29550,29550,29550,29550,29550,29560,29540,29550,29540,29550,29540,29760,29540,29550,29540,29550,29540,29550,29550,29540,29530,29550,29540,29540,29530,29550,29540,29540,29540,29540,29540,29530,29540,29550,,
SFD,SFD2201,CTCT,stratford,Gas,Thrml,1997-11-12,0,0,0,0,0,0,0,0,0,0,0,0,0,0,0,0,0,0,0,0,0,0,0,0,0,0,0,0,0,0,0,0,0,0,0,0,0,0,0,0,0,0,0,0,0,0,0,0,,
SWN,SWN2201,TRUS,southdown,Gas,Thrml,1997-11-12,61080,61080,61090,61040,60990,60950,60970,60920,60960,60970,60940,60820,60420,60390,60460,60440,60260,60750,60820,60800,60560,59920,59610,59620,60260,60700,60550,60610,60640,60640,60630,60350,60590,60630,60660,60600,60660,60630,60590,60650,60710,60650,60650,60710,60700,60680,60630,60540,,
TKA,TKA0111,MERI,tekapo_a,Hydro,Hydro,1997-11-12,6800,5800,5430,6600,8020,6790,5660,5780,6750,7310,6540,6350,7140,6390,6720,6970,6560,6750,6830,6630,6250,6480,6750,6500,6740,6590,6530,6990,6690,6390,6770,7030,6370,6570,6870,6630,6550,7120,6530,6690,6970,6350,6230,6510,6180,6790,6340,6320,,
TKB,TKB2201,MERI,tekapo_b,Hydro,Hydro,1997-11-12,39760,39330,39260,39840,39520,39490,39820,39530,40040,39680,39670,40070,39630,39840,39730,39680,39590,40020,40000,38960,39300,39470,39530,39410,39210,40000,39520,39390,39380,39560,39710,39690,39330,39490,39710,39580,39920,39960,39630,39840,39700,38750,38030,37960,38270,38160,38420,37970,,
TKU,TKU2201,GENE,tokaanu,Hydro,Hydro,1997-11-12,0,0,0,0,0,0,0,0,0,0,0,0,360,56670,101220,99910,99820,86770,86210,87730,88320,87680,87900,59830,58210,60180,68620,68410,68570,68570,68830,68850,65670,68300,69060,69120,69180,68400,61400,61290,60710,60700,61460,29050,30270,29840,27940,29750,,
TMU,TMU1101,GENE,te_awamutu,Gas,Cogen,1997-11-12,13770,13700,13700,13760,13630,13600,13680,13730,13660,13550,13580,13620,13600,13560,13520,13460,13450,13370,13290,13290,13260,12870,12700,12770,12810,12900,12840,12830,12850,12870,12810,12840,12830,12790,12830,12810,12800,12790,12800,12780,12860,12810,12830,12830,12720,12750,12850,12850,,
TUI,TUI1101,GENE,waikaremoana,Hydro,Hydro,1997-11-12,3630,7410,9170,9330,8240,8410,7710,9710,10420,8940,9430,10110,7150,3540,19970,41420,36260,40400,30780,30060,30060,29660,29770,29760,15550,11710,45360,49680,48520,48860,48680,48770,48400,34680,33290,37300,27610,39920,16580,12280,13320,12910,5440,3570,3810,3520,2690,3450,,
WHI,WHI2201,CTCT,whirinaki,Diesel,Thrml,1997-11-12,0,0,0,0,0,0,0,0,0,0,0,0,0,0,0,0,0,0,0,0,0,0,0,0,0,0,0,0,0,0,0,0,0,0,0,0,0,0,0,0,0,0,0,0,0,0,0,0,,
WKM,WKM2201,MRPL,whakamaru,Hydro,Hydro,1997-11-12,19890,19990,20170,20120,20090,19870,19750,19220,20050,19900,19600,19460,19970,19450,22640,33140,36510,36360,36480,36600,36710,36640,36670,36660,36610,37270,36210,36240,36370,36350,36480,36480,36500,36450,36440,36520,36570,36330,36420,36520,36450,35800,36000,35780,36320,36000,34620,19080,,
WPA,WPA2201,MRPL,waipapa,Hydro,Hydro,1997-11-12,5900,5900,7030,8390,8750,8690,8620,8820,9060,8980,8850,8780,9590,9060,21610,27120,27750,28110,27870,27290,23000,24600,24590,24480,23460,19800,20960,17000,12470,16800,18520,17970,11900,10890,16390,17170,15010,15130,12790,10320,13340,11570,10300,8040,9160,8900,6950,6560,,
WRK,WRK2201,CTCT,wairakei,Geo,Geo,1997-11-12,74710,74620,73400,74220,74210,74430,74480,74370,74520,74280,74140,74140,74420,74580,74700,74810,74900,74690,74780,74660,74800,74660,74630,74710,74970,74740,74870,74960,74900,75490,75480,75270,75490,75430,75390,75410,75390,75520,75460,75350,75350,75280,75360,75280,75080,75090,75230,75420,,
WTK,WTK0111,MERI,waitaki,Hydro,Hydro,1997-11-12,33730,32030,32090,32210,32010,32060,30570,29800,30000,29770,29800,30000,29780,29960,29950,29990,29950,30220,29830,29560,29920,29850,29950,29890,29830,30070,29950,29770,29900,32360,32470,34390,34760,34890,35770,37300,37420,37410,37260,37480,37360,37450,37240,37270,37390,37350,37440,37310,,
ARA,ARA2201,MRPL,aratiatia,Hydro,Hydro,1997-11-13,14470,13690,12320,12430,12530,12650,12660,13070,13780,13650,13860,13830,14220,14640,17570,21370,21100,20960,20780,15750,10040,14400,18710,17810,10020,13480,10700,6400,1300,9050,11560,7410,2470,10940,11400,11310,11570,11250,11530,11720,12000,13380,12970,13020,13210,11890,12010,12040,,
ARG,ARG1101,TRUS,argyle_wairau,Hydro,Hydro,1997-11-13,4824,4822,910,12,0,0,0,0,0,0,0,3446,5248,5187,5168,5175,5181,5184,5178,5176,5190,5169,5175,5205,5061,5090,5078,5046,5100,5126,5146,5108,5136,5144,5140,5140,5144,5170,5181,5126,5118,5112,5130,5150,5154,5134,3765,3792,,
ARI,ARI1101,MRPL,arapuni,Hydro,Hydro,1997-11-13,33550,33860,33470,35840,36930,39230,39100,39070,39820,39220,39880,42800,46370,45380,51990,55650,60270,61790,61620,61710,61630,61870,61740,61740,61740,62060,61600,62000,61690,51850,45310,45260,47260,62320,68620,70710,66840,58970,59630,59470,59770,59440,59660,62890,62400,50250,45550,36190,,
ATI,ATI2201,MRPL,atiamuri,Hydro,Hydro,1997-11-13,3970,3610,4140,4190,3910,2540,2540,2530,2500,2330,2790,4450,4730,4460,10560,16000,19910,25540,28390,28460,27400,21910,15640,14730,8390,6100,5960,2910,1890,1920,1900,4840,9540,9510,9610,14880,15080,14950,17790,20710,17660,18470,21530,19650,19850,13570,10180,10180,,
AVI,AVI2201,MERI,aviemore,Hydro,Hydro,1997-11-13,58710,50480,47590,47340,49810,39980,31240,23020,16980,43790,51320,58470,73960,82350,80100,82480,81330,78980,82360,72810,66010,65310,68840,65580,77560,67810,64540,63320,76930,78540,73220,72070,78440,83330,86230,82630,83160,83450,68980,55200,48400,62530,69820,58540,44970,49690,49250,54090,,
BEN,BEN2202,MERI,benmore,Hydro,Hydro,1997-11-13,146930,115120,109470,58680,38550,24700,23390,23510,25100,23680,23900,23270,41030,136240,197330,223530,224340,223590,208140,200060,185250,164530,198620,211430,222880,222380,221870,220840,223120,220410,224510,225450,223310,224180,227960,224230,221100,176160,159400,178190,189860,182770,136050,127450,89200,90580,90060,92040,,
BWK,BWK1101,TRUS,waipori,Hydro,Hydro,1997-11-13,0,0,0,0,0,0,0,0,0,0,0,0,0,0,0,0,0,0,0,0,0,0,0,0,0,1020,24,0,0,0,0,0,0,0,0,0,0,0,0,0,0,0,0,0,0,0,0,0,,
COB,COB0661,CTCT,cobb,Hydro,Hydro,1997-11-13,2620,2630,2590,2620,2580,2680,2600,2620,2690,2640,2660,2580,2710,2640,2630,2660,2590,2580,2650,2610,2630,2620,2630,2650,2540,2630,2950,2740,2760,2750,2810,2790,2770,2720,2780,2710,2750,2760,2800,2830,2810,2750,2740,2790,2800,2770,2790,2910,,
COL,COL0661,TRUS,coleridge,Hydro,Hydro,1997-11-13,15140,15180,15220,15140,15110,15270,15100,15260,15300,15130,15160,15050,15250,15130,15120,15200,13700,11310,11050,11220,11160,11250,11220,11230,11290,11130,12640,15120,15130,15150,15190,15190,15170,15090,15060,14900,15120,15030,15010,15050,14960,15030,14950,15070,14950,15100,14910,15040,,
CYD,CYD2201,CTCT,clyde,Hydro,Hydro,1997-11-13,104850,104390,104070,104300,103830,104730,104010,104090,104810,104310,104340,103680,106850,158440,158030,154700,153530,153480,154430,153830,154260,154280,154290,154840,153440,154740,153990,153610,155850,161650,162560,162210,161780,161590,162420,161410,161650,161910,162270,162660,162090,161570,111520,107160,106810,106930,106950,107920,,
HLY,HLY2201,GENE,huntly_1_4,Coal,Thrml,1997-11-13,245360,246460,247170,246800,228310,214070,203410,202760,204210,216800,221180,269020,353740,370480,371200,370520,371940,370730,370210,369510,369780,370250,370250,370060,370740,370710,370170,370800,370900,370400,370420,370680,370220,369510,369540,370610,370760,370370,371980,371640,372090,372020,372220,370640,367700,313920,286640,243490,,
HWA,HWA1101,TRUS,patea,Hydro,Hydro,1997-11-13,3516,3524,3540,3532,3532,3540,3544,3540,3532,3524,3524,3516,3500,3508,3504,3488,3488,3492,3500,3496,3492,3492,3496,3500,3504,3504,3508,3508,3516,3516,3516,3496,3488,3484,3492,3496,3496,3500,3508,3520,3524,3516,3524,3532,3524,3528,3536,3548,,
KIN,KIN0112,CHHE,kinleith,Wood,Cogen,1997-11-13,9060,10688,10945,9408,7153,11365,12931,11711,9421,8589,8940,9613,8403,9055,9423,10666,12244,11216,9954,11960,11906,12115,9035,10021,11856,12837,11452,9633,3030,0,0,0,632,7591,0,3232,543,1591,11744,4793,0,0,0,0,0,0,0,0,,
KPO,KPO1101,MRPL,karapiro,Hydro,Hydro,1997-11-13,29750,29340,29920,30580,32140,32190,32020,31970,31980,32900,33660,33410,34120,33190,33060,33100,32970,31940,32310,32430,32410,32560,31680,31910,31790,32080,31670,30290,28990,29030,29110,29020,29760,32930,35360,35440,34630,31820,32460,32380,32540,29100,29090,29080,29280,28990,28420,27730,,
MAN,MAN2201,MERI,manapouri,Hydro,Hydro,1997-11-13,291660,291940,292100,292280,292370,292560,292550,292530,292760,292620,292670,292610,292620,292560,292510,292490,289270,288250,287700,288520,288200,287340,288650,287400,291070,289730,290000,290140,290310,290370,289910,294650,294630,294640,294610,294560,294640,294500,294620,294580,294530,294560,294450,294280,294040,293810,293520,293350,,
MAT,MAT1101,TRUS,matahina,Hydro,Hydro,1997-11-13,0,0,0,0,0,0,0,0,0,0,0,0,0,0,0,0,0,0,0,0,0,0,0,0,0,0,0,0,0,0,0,0,0,0,0,0,0,0,0,0,0,0,0,0,0,0,0,0,,
MHO,MHO0331,KING,mangahao,Hydro,Hydro,1997-11-13,11390,11330,11290,11310,11310,11310,11290,11300,11270,11200,11290,11280,11390,11280,11330,12210,12190,12220,12220,12250,12260,12270,12240,12220,12190,12240,12180,12220,12180,12180,12200,12170,12160,12180,12150,12120,12180,12120,12190,12170,11870,11770,11790,11770,11800,11750,11770,11760,,
MTI,MTI2201,MRPL,maraetai,Hydro,Hydro,1997-11-13,16760,15500,7620,9570,13430,25060,19510,22340,30640,5720,29140,25560,30850,31130,39200,72460,61510,55580,55040,75420,60490,76090,69330,62210,44070,56090,48200,47100,51470,43670,50980,66270,80650,55240,69370,35140,35160,29680,25530,40740,51470,64790,49620,21490,25720,27010,23730,31600,,
NPL,NPL1101,CTCT,new_plymouth,Gas&Oil,Thrml,1997-11-13,57980,57970,57930,57910,57880,57520,57370,57350,57350,57370,57370,57380,57390,57390,57590,57870,58380,58330,58320,58340,58330,58310,58300,58290,58290,58240,58220,58200,58180,58180,58150,58250,58270,57880,53570,53510,53460,54170,58360,58060,58030,58070,58050,58050,58030,58050,57990,57990,,
NPL,NPL2201,CTCT,new_plymouth,Gas&Oil,Thrml,1997-11-13,115220,115180,115230,115220,115180,113680,113830,113810,113810,113810,113850,113800,113820,113720,114560,115070,115130,115110,115080,114970,115000,114980,114930,114880,114830,114960,114870,114750,114780,114770,114700,115680,116550,118760,120240,120370,120480,119280,114860,114880,115020,115060,115140,115130,115040,114880,114500,114490,,
OHA,OHA2201,MERI,ohau_a,Hydro,Hydro,1997-11-13,27660,22930,4820,3560,3170,3940,3310,3400,3950,3570,3620,3040,4010,3400,12180,29040,45440,35770,26960,25570,24630,24630,24480,23710,33120,26640,28460,28880,29200,27310,22550,25220,24430,23710,46440,51440,29530,22100,22350,21850,25120,41690,63140,63000,44770,25660,31780,19550,,
OHB,OHB2201,MERI,ohau_b,Hydro,Hydro,1997-11-13,19470,19500,9060,3120,2850,3350,2930,2980,3360,3100,3130,2750,3400,10040,17780,32250,42250,34520,29350,20890,19980,16850,20580,20810,23530,25080,38560,47900,42260,35420,31090,27190,28050,35180,23150,35200,26480,12930,3770,0,15380,19550,42790,36970,23200,24300,35180,23530,,
OHC,OHC2201,MERI,ohau_c,Hydro,Hydro,1997-11-13,19260,19340,10300,2840,2560,3090,2660,2720,3120,2820,2860,2450,3470,11400,21520,32860,41160,32190,28880,20410,18370,18400,20280,20940,25830,25630,42280,43760,41630,35450,30930,27320,34620,30660,22910,36070,21360,11940,2130,0,16080,23770,45520,35140,25270,25860,35070,22820,,
OHK,OHK2201,MRPL,ohakuri,Hydro,Hydro,1997-11-13,0,0,0,0,0,0,0,0,0,0,0,0,0,0,8520,31010,53060,52970,51810,35360,36930,23970,18690,14440,9310,7680,7680,6780,2890,2850,2850,8350,12720,12790,13200,26810,27780,27480,25630,29580,24500,25610,32780,38810,37820,18380,9460,7320,,
OKI,OKI2201,CTCT,ohaaki,Geo,Geo,1997-11-13,27780,27850,27790,27520,27750,27820,28040,27790,27780,27530,27730,27460,27680,27940,27970,27570,27340,28150,28030,25710,26420,27060,26590,25880,25910,26240,26350,26000,26190,27860,27470,27820,27850,27750,27650,27580,27350,27610,28150,28250,27790,27950,28490,27890,27780,28220,28170,27960,,
OTA,OTA2221,CTCT,otahuhu_a,Gas,Thrml,1997-11-13,0,0,0,0,0,0,0,0,0,0,0,0,0,0,0,0,0,0,0,0,0,0,0,0,0,0,0,0,0,0,0,0,0,0,0,0,0,0,0,0,0,0,0,0,0,0,0,0,,
PPI,PPI2201,MRPL,poihipi,Geo,Geo,1997-11-13,0,0,0,0,0,0,0,0,0,0,0,0,0,1450,16810,20200,19850,19970,20210,20160,20050,20060,20060,20170,20090,20130,20200,20240,20190,20140,20260,20200,20270,20260,20260,20250,20270,20280,20280,20270,20380,20320,20370,20330,18880,1030,0,0,,
ROT,ROT1101,TRUS,wheao_flaxy,Hydro,Hydro,1997-11-13,3958,3960,3842,3466,3450,3498,3484,3430,3757,5717,5706,5678,5674,4662,5540,7914,8427,8615,8595,8608,8607,8618,8620,8682,6078,5468,5450,5510,5482,5490,5456,5198,6730,8976,8774,9208,9740,9734,9778,9795,9763,9794,9770,9754,8432,7234,4954,4498,,
ROX,ROX1101,CTCT,roxburgh,Hydro,Hydro,1997-11-13,19810,19930,19870,19920,19850,19870,19780,19810,19950,19830,19810,19870,19830,19840,19830,19890,19790,19860,19930,19880,19810,19890,19860,19870,19870,19850,19830,19860,19430,18770,18740,18810,18750,18860,18750,18760,18750,18790,19620,19810,19810,19860,19870,19940,19730,19900,19860,19810,,
ROX,ROX2201,CTCT,roxburgh,Hydro,Hydro,1997-11-13,59540,58460,58210,58360,58180,58280,58200,58200,58420,58340,58360,58440,58320,58900,78490,97760,98940,99080,99280,99230,98920,99320,98990,99300,99120,98670,98830,98810,97080,93840,93560,94030,93410,93920,93530,93660,93570,93890,93970,93640,93130,93670,93760,94080,92730,93900,93260,93230,,
RPO,RPO2201,GENE,rangipo,Hydro,Hydro,1997-11-13,29550,29540,32680,35860,35050,35000,35050,35060,35050,35050,35050,34770,860,0,0,0,0,0,0,0,0,0,0,0,0,0,0,0,0,0,0,0,0,0,0,0,0,0,0,0,0,0,0,0,0,0,0,0,,
SFD,SFD2201,CTCT,stratford,Gas,Thrml,1997-11-13,0,0,0,0,0,0,0,0,0,0,0,0,0,0,0,0,0,0,0,0,0,0,0,0,0,0,0,0,0,0,0,0,0,0,0,0,0,0,0,0,0,0,0,0,0,0,0,0,,
SWN,SWN2201,TRUS,southdown,Gas,Thrml,1997-11-13,60490,60410,60390,60370,60320,60290,60210,60160,60100,60110,60090,60140,60150,60130,60060,60090,60060,59500,59390,59510,59940,59890,59850,59820,59750,59840,59670,59590,59720,59780,59770,59900,60030,60060,59960,60060,60140,60220,60270,60350,60410,60470,60490,60440,60420,60440,60420,60430,,
TKA,TKA0111,MERI,tekapo_a,Hydro,Hydro,1997-11-13,6210,6670,6230,6610,6030,6140,6930,6430,5830,6640,6420,6760,6070,6230,6530,6610,6430,6350,6250,6370,6150,6900,5970,6230,6730,5980,6360,6700,6580,6310,6080,6840,6350,6180,6350,6490,6550,6530,6190,5940,6100,7130,6110,5650,6130,6980,6200,5770,,
TKB,TKB2201,MERI,tekapo_b,Hydro,Hydro,1997-11-13,38130,38090,38050,38040,37860,38320,38180,38110,38430,38260,38320,37760,38620,38280,38120,38290,37890,37770,38280,38100,38070,38180,38340,38260,38240,37920,38350,38090,38100,37990,38350,38200,38320,38130,38590,38140,38230,38200,38260,38500,38280,37880,37720,37860,38020,37510,37650,38280,,
TKU,TKU2201,GENE,tokaanu,Hydro,Hydro,1997-11-13,9420,9150,7330,3970,4090,4190,4050,4020,3970,3050,4090,3860,39680,45160,92390,117480,118310,118380,118300,118350,118290,118390,98610,89190,68400,61180,57880,58180,58070,58100,58190,57940,57760,57810,57630,57460,57800,57340,57760,57720,57850,57700,57650,57650,57840,57530,57710,55980,,
TMU,TMU1101,GENE,te_awamutu,Gas,Cogen,1997-11-13,12840,12820,12780,12700,12680,12630,12610,12590,12580,12650,12730,12760,12770,12730,12780,12760,12830,12810,12730,12650,12540,12480,12510,12510,12490,12840,12930,12940,12950,12920,12900,12790,12810,12750,12750,12740,12870,12930,12970,13030,13020,13040,13190,13210,13240,13250,13310,13390,,
TUI,TUI1101,GENE,waikaremoana,Hydro,Hydro,1997-11-13,3360,3540,2800,2850,2810,2890,2850,2860,2830,2640,2810,2880,4290,18110,20740,20160,20010,20090,20190,20030,19160,18900,19370,16460,16080,14640,13160,4620,4630,3570,3540,3570,4730,4790,4650,4530,4650,4560,4650,4790,4860,4810,4730,4240,4020,3970,4040,4080,,
WHI,WHI2201,CTCT,whirinaki,Diesel,Thrml,1997-11-13,0,0,0,0,0,0,0,0,0,0,0,0,0,0,0,0,0,0,0,0,0,0,0,0,0,0,0,0,0,0,0,0,0,0,0,0,0,0,0,0,0,0,0,0,0,0,0,0,,
WKM,WKM2201,MRPL,whakamaru,Hydro,Hydro,1997-11-13,17920,17750,15580,17160,11980,14060,18570,13760,13880,11980,10340,19910,17550,23510,28210,29110,29200,36490,36550,29980,31900,31440,36400,36470,29850,23430,26230,19900,16260,14350,17110,18390,19290,19920,26290,30850,31070,30520,28780,29380,23390,29130,31460,16840,15730,18490,14490,15430,,
WPA,WPA2201,MRPL,waipapa,Hydro,Hydro,1997-11-13,9270,8020,8460,8460,8450,8480,8450,9780,10160,8670,9500,12300,9740,10700,15840,14740,18820,18590,14860,21800,24610,21090,18460,18490,18370,18480,18290,18340,18220,18200,18170,18110,18140,18230,18760,19820,12100,17090,12730,14100,14620,20490,20160,11020,8250,11210,13750,12120,,
WRK,WRK2201,CTCT,wairakei,Geo,Geo,1997-11-13,75480,75290,75180,75540,75500,75180,75360,75520,75370,75340,75340,75440,75450,75520,75530,75630,73200,72940,73120,72450,72410,72800,71860,71320,72320,72750,73400,75160,75480,75400,75000,74560,74620,74520,73740,72940,73060,73590,73310,74060,75280,75150,75160,74990,74920,74970,75040,75080,,
WTK,WTK0111,MERI,waitaki,Hydro,Hydro,1997-11-13,37360,36670,34860,34840,34780,35010,34770,34770,34950,34800,34860,34670,35040,35210,37300,37370,37240,35900,37420,37310,37360,37330,37350,37450,37210,37470,37360,37290,37360,37340,37500,37440,37380,37320,37500,37340,37410,37390,37470,37510,37420,37280,37200,37360,37290,37370,37320,36410,,
ARA,ARA2201,MRPL,aratiatia,Hydro,Hydro,1997-11-14,12050,12120,12070,12100,12070,11960,10820,11930,7310,9650,11850,12610,12820,12800,17430,24980,27410,27200,26500,16220,9830,13010,12830,11830,11600,13860,14240,11820,4520,11800,11290,11270,7130,7410,12730,16540,25600,25460,25180,24780,10740,10070,9200,7220,10150,10840,9600,10020,,
ARG,ARG1101,TRUS,argyle_wairau,Hydro,Hydro,1997-11-14,884,9,0,0,0,0,0,0,0,0,0,0,0,0,4131,4692,4707,4700,2358,2379,2418,5214,5258,5265,877,10,0,0,0,0,0,0,0,4186,4714,4730,4833,4874,4938,4882,4820,4810,4808,2808,915,7,0,0,,
ARI,ARI1101,MRPL,arapuni,Hydro,Hydro,1997-11-14,35250,35400,35270,35330,35240,35050,35150,35110,35040,35310,34140,35050,35270,35890,49460,62940,63060,63350,62990,63020,63090,63060,62840,54270,50290,49690,45100,50210,50360,50270,48740,49420,49790,50060,52500,57400,51170,51540,57140,62360,62400,51360,47540,43400,49180,50570,47740,48610,,
ATI,ATI2201,MRPL,atiamuri,Hydro,Hydro,1997-11-14,6790,4320,4290,4290,4280,4190,4240,4250,4210,4340,3730,4040,8350,9390,9030,15510,30870,30950,31220,31900,27820,25200,19090,14790,18740,17550,11510,9750,9770,9760,7960,9650,13200,21400,17200,20580,14280,6700,16070,19450,19480,14960,12540,9360,5300,8560,8510,8930,,
AVI,AVI2201,MERI,aviemore,Hydro,Hydro,1997-11-14,55730,58550,56050,56210,46530,28320,28010,21970,24020,27100,26700,26270,26680,24800,43650,55050,60140,60150,60160,74280,80740,77330,75780,75870,78750,77710,74460,77070,79150,75350,75020,53890,54920,37470,30390,29120,30050,32600,28180,27480,26290,31750,42460,54410,43700,44550,53150,28730,,
BEN,BEN2202,MERI,benmore,Hydro,Hydro,1997-11-14,124910,121950,126030,115350,95560,97570,61280,53710,66710,47740,58100,69170,133240,139680,162540,188710,195550,192650,180590,163080,147190,144230,163500,141590,136380,154420,156310,152380,161670,151560,139710,131360,128940,140250,142550,134290,109680,105300,48440,23990,39490,117140,169550,177810,138820,160590,199390,171770,,
BWK,BWK1101,TRUS,waipori,Hydro,Hydro,1997-11-14,0,0,0,0,0,0,0,0,0,0,0,0,0,0,0,0,0,0,0,0,0,0,0,0,0,0,0,0,0,0,0,0,0,0,0,0,0,0,0,0,0,0,0,0,0,0,0,0,,
COB,COB0661,CTCT,cobb,Hydro,Hydro,1997-11-14,3010,2770,2720,2820,2880,2850,2820,2810,2920,2840,2880,2830,2870,2840,2870,2840,2810,2840,2820,2810,2930,2830,2790,2760,2810,2800,2700,2750,2780,2680,2770,2750,2760,2730,2720,2690,2720,2820,2730,2780,2710,2780,2780,2750,2720,2810,2790,2740,,
COL,COL0661,TRUS,coleridge,Hydro,Hydro,1997-11-14,15030,14920,15020,15050,15010,15140,15110,15070,14970,15050,15120,15080,15080,15150,15090,15060,15040,15070,15040,15160,15190,15060,15010,15030,15070,15060,15000,15630,17150,17110,17050,17040,17010,17040,17040,16970,17030,17100,16990,17110,17070,17150,17140,17140,17130,17150,17080,16970,,
CYD,CYD2201,CTCT,clyde,Hydro,Hydro,1997-11-14,108700,106460,106300,107340,107320,107270,107150,106830,107580,107050,107310,106920,107530,150680,157120,157060,156630,156950,156840,157020,158410,157400,156810,156770,157460,157350,156260,156910,157410,156320,157340,157290,157500,157050,156910,156330,156900,158170,156750,157800,156280,157440,110450,103960,103700,104320,104220,103980,,
HLY,HLY2201,GENE,huntly_1_4,Coal,Thrml,1997-11-14,213060,211660,211630,177330,163760,162500,161910,160560,160130,159740,195880,239620,290140,367310,370720,369890,369920,370040,370710,369850,369700,369240,369220,369070,369480,369260,369400,369270,369620,367500,367410,368950,368770,369270,369060,368720,368680,369050,369810,370470,370700,371400,371580,360490,295560,244210,244650,245100,,
HWA,HWA1101,TRUS,patea,Hydro,Hydro,1997-11-14,3548,3540,3536,3548,3548,3548,3544,3560,3548,3540,3532,3524,3516,3508,3500,3500,3492,3492,3492,3496,3496,3500,3504,3504,3496,3504,3508,3500,3516,3504,3512,3504,3504,3488,3496,3492,3504,3508,3504,3504,3500,3504,3500,3512,3520,3532,3536,3532,,
KIN,KIN0112,CHHE,kinleith,Wood,Cogen,1997-11-14,0,0,0,0,0,0,0,0,0,0,0,0,0,0,0,0,0,0,0,0,0,0,0,0,0,0,0,0,0,219,12207,14405,14228,13355,13462,12877,11682,13086,12772,13243,12757,14017,14876,14995,14766,14692,14136,14318,,
KPO,KPO1101,MRPL,karapiro,Hydro,Hydro,1997-11-14,27740,27870,27750,27800,27760,27530,28070,28390,30700,31790,30400,31550,31660,31340,31770,31720,31590,31810,31480,31540,31650,30760,28350,28500,28990,28730,29020,28650,28780,28660,28740,28540,28780,29130,28920,28780,28530,28310,29320,29300,29630,29300,27690,24310,29580,30580,28040,29200,,
MAN,MAN2201,MERI,manapouri,Hydro,Hydro,1997-11-14,293260,293410,293530,293550,293790,294110,294340,294470,294640,294710,294790,294790,294760,294750,294760,294790,294630,294550,294380,294160,293940,293720,293440,293440,293520,293700,293880,294270,294540,294760,294990,295060,295150,295200,295230,295180,295290,295390,294720,294950,290590,295270,296320,296070,295840,292530,295570,295240,,
MAT,MAT1101,TRUS,matahina,Hydro,Hydro,1997-11-14,0,0,0,0,0,0,0,0,0,0,0,0,0,0,0,0,0,0,0,0,0,0,0,0,0,0,0,0,0,0,0,0,0,0,0,0,0,0,0,0,0,0,0,0,0,0,0,0,,
MHO,MHO0331,KING,mangahao,Hydro,Hydro,1997-11-14,11720,11760,11760,11750,11730,11710,11740,11740,11700,11780,11610,11760,11780,11760,11820,12080,12210,12240,12200,12210,12220,12200,12170,12210,12200,12190,12210,12170,12190,12160,12200,12180,12210,12270,12170,12170,12180,12130,11980,11960,11990,11920,11700,11200,11740,11770,11430,11540,,
MTI,MTI2201,MRPL,maraetai,Hydro,Hydro,1997-11-14,26050,19020,11660,20900,21280,19210,22740,25750,6530,16970,3640,14490,21420,26930,48570,64900,66550,65020,55030,67380,69060,63170,53160,45330,40780,35400,49020,48870,39170,28840,27270,36550,47250,52480,51680,49980,60270,69030,89890,70360,100130,75770,33500,16210,42870,37560,12390,7770,,
NPL,NPL1101,CTCT,new_plymouth,Gas&Oil,Thrml,1997-11-14,57970,57960,57960,57930,57900,57880,57860,57860,57850,57890,57920,57980,58010,58080,58140,58150,58190,58200,58210,58210,58230,58200,58190,58180,58140,58120,58060,58040,57990,57960,57920,57870,57840,57840,57840,57860,57890,57900,57940,58000,58360,58350,58340,58350,58350,58350,58340,58340,,
NPL,NPL2201,CTCT,new_plymouth,Gas&Oil,Thrml,1997-11-14,114470,114470,114470,114690,114850,114910,114850,114840,114940,114950,114980,114820,114930,116230,114680,115630,111680,108590,109640,110170,110130,109860,109220,109280,109290,124830,125850,116310,117040,116020,115610,116750,114640,114760,114800,114870,114900,114950,112720,113670,114980,115080,115050,115090,115050,115040,115060,109070,,
OHA,OHA2201,MERI,ohau_a,Hydro,Hydro,1997-11-14,60140,32710,27830,25120,22420,22240,22140,21880,22730,24690,26420,26310,26630,26480,45350,55420,55010,55250,50610,50860,52530,51480,49370,49750,50560,31430,30730,31720,32280,31140,32420,32120,30230,29740,29580,41480,39150,30300,25910,24740,23210,26820,24830,24220,23940,24480,25970,23850,,
OHB,OHB2201,MERI,ohau_b,Hydro,Hydro,1997-11-14,47280,57930,35240,18610,21360,22420,19640,19510,20410,24890,23940,22320,24690,19730,24500,39660,45220,49450,47700,45920,40490,37330,38180,46320,49160,48190,45470,39160,32190,33500,35050,34070,34840,33330,33880,34320,25100,18110,2690,5330,6570,19150,22940,22410,21360,23110,24170,24130,,
OHC,OHC2201,MERI,ohau_c,Hydro,Hydro,1997-11-14,50090,56190,37210,20390,20340,20270,20220,20000,20450,25930,22530,23190,24700,20370,25950,38760,47030,48410,48390,44140,40070,39340,38940,47570,49110,48010,42990,39430,33400,34030,34840,34780,34990,34610,34520,34100,26040,12750,7190,5100,6250,20330,22660,22410,22250,23400,24480,24270,,
OHK,OHK2201,MRPL,ohakuri,Hydro,Hydro,1997-11-14,5230,0,0,0,0,0,210,1820,1510,1430,850,1360,12990,14660,24160,35890,46080,46340,46110,40710,36780,37530,29710,26050,21770,18480,10500,13340,13690,14030,10870,13400,18360,29850,29610,38760,23890,10960,22710,27220,27290,22050,19030,15000,8710,11270,10740,12390,,
OKI,OKI2201,CTCT,ohaaki,Geo,Geo,1997-11-14,28120,28920,28900,28060,28490,29150,28640,28130,28330,28600,28780,28500,28870,29210,28960,29180,28930,28550,28070,27440,27790,28560,28730,28750,28690,28680,28960,28210,27700,28150,28360,28060,27680,28930,28750,28190,27740,28340,27860,27710,28050,28690,28750,28570,29040,29270,28700,27650,,
OTA,OTA2221,CTCT,otahuhu_a,Gas,Thrml,1997-11-14,0,0,0,0,0,0,0,0,0,0,0,0,0,0,0,0,0,0,0,0,0,0,0,0,0,0,0,0,0,0,0,0,0,0,0,0,0,0,0,0,0,0,0,0,0,0,0,0,,
PPI,PPI2201,MRPL,poihipi,Geo,Geo,1997-11-14,0,0,0,0,0,0,0,0,0,0,0,0,0,880,13730,20450,20440,20320,20340,20410,20330,20290,20290,20340,20320,20280,20110,20210,20230,20140,20290,20320,20260,20380,20330,20330,20260,20350,20400,20360,20390,20330,20370,20340,20360,4790,0,0,,
ROT,ROT1101,TRUS,wheao_flaxy,Hydro,Hydro,1997-11-14,4452,4810,4800,4452,4458,4442,4486,4484,4418,4442,4436,4472,3956,3966,6904,7874,8051,8377,8282,8343,8317,8372,8338,8348,8344,8372,8388,6730,4520,4528,4458,4494,4774,7596,8284,7856,7866,7889,8205,7408,7410,7398,7406,6126,4464,4470,4468,4444,,
ROX,ROX1101,CTCT,roxburgh,Hydro,Hydro,1997-11-14,19470,19830,19880,19880,19820,19860,19850,19840,19810,19860,19910,19900,19840,19840,19790,19920,19940,19820,19920,19860,19820,19790,19830,19810,19840,19840,19900,19860,19860,19880,19880,19870,19770,19830,19870,19810,19850,19850,19750,19820,19770,19850,19850,19830,19870,19790,19810,19930,,
ROX,ROX2201,CTCT,roxburgh,Hydro,Hydro,1997-11-14,72680,59280,54650,54980,54560,54710,54740,54920,54450,54540,54650,54680,54930,85020,93880,94090,94530,94520,94470,94060,94150,94230,94220,94060,94100,94320,94660,94700,94540,94180,94160,94770,94310,94170,94430,94150,94510,94310,93070,94560,93770,93980,94050,94340,94340,93920,93790,94350,,
RPO,RPO2201,GENE,rangipo,Hydro,Hydro,1997-11-14,0,0,0,0,0,0,0,0,0,0,0,0,0,0,0,0,0,0,4180,5940,1460,0,0,0,1130,12240,14760,19610,19600,19600,22020,28180,28170,28190,27810,21580,16230,12290,10650,10270,12770,19980,19980,19970,25370,14900,0,0,,
SFD,SFD2201,CTCT,stratford,Gas,Thrml,1997-11-14,0,0,0,0,0,0,0,0,0,0,0,0,0,0,0,0,0,0,0,0,0,0,0,0,0,0,0,0,0,0,0,0,0,0,0,0,0,0,0,0,0,0,0,0,0,0,0,0,,
SWN,SWN2201,TRUS,southdown,Gas,Thrml,1997-11-14,60370,60350,60300,60320,60270,60330,60390,60420,60370,60430,60190,59170,59080,59080,59100,58690,56980,56960,56880,56940,56740,56670,56660,56950,58130,58890,59890,60490,60660,60640,60580,60510,60520,60590,60650,60650,60670,60670,60690,60700,60730,60720,60700,60600,60620,60710,60690,60710,,
TKA,TKA0111,MERI,tekapo_a,Hydro,Hydro,1997-11-14,6610,6400,6230,5790,6130,7000,5990,5860,6170,6860,6540,6130,6220,6550,6690,6250,5480,5840,7000,6370,6210,6720,6650,6140,6200,6670,6230,6400,6200,6400,6220,6790,6480,6400,6660,6370,6070,6450,6200,6920,6560,5910,6510,6720,6600,6320,6800,6960,,
TKB,TKB2201,MERI,tekapo_b,Hydro,Hydro,1997-11-14,38770,37570,37310,37750,38010,37870,37680,37570,38120,37770,37880,37650,37920,37870,37860,37830,37680,37870,37820,38080,38670,38320,38120,37940,38240,38040,37650,37800,38070,37720,38330,38250,38340,38050,38060,37860,37790,38530,38410,38480,38210,38420,38630,38480,38350,38750,38620,38320,,
TKU,TKU2201,GENE,tokaanu,Hydro,Hydro,1997-11-14,1080,0,0,0,0,0,0,0,0,0,0,0,0,12630,59780,57900,56670,56800,53630,52750,57130,59250,59080,59180,58660,46480,44290,39270,39440,39290,36470,28480,28640,28760,30520,37910,42940,47010,49820,50890,47600,40280,42230,40210,34710,11060,0,0,,
TMU,TMU1101,GENE,te_awamutu,Gas,Cogen,1997-11-14,13390,13390,13420,13430,13450,13490,13620,13660,13680,13700,13740,13670,13700,13700,13690,13580,13510,13430,13320,13280,13190,13180,13120,13120,13080,12970,12820,12670,12740,12840,12850,12800,12710,12720,12780,12800,12860,12990,13100,13220,13290,13340,13370,13390,13360,13520,13520,13490,,
TUI,TUI1101,GENE,waikaremoana,Hydro,Hydro,1997-11-14,4060,4110,4110,4100,4130,4080,4110,4100,4060,4120,3810,3880,3590,3190,3680,21630,25530,25870,26300,25870,24210,23460,23660,24890,5490,2970,3370,3340,3370,3360,3390,3340,3410,3460,3330,3300,3340,3300,3740,5070,3790,3700,3130,1990,3600,4070,3200,3470,,
WHI,WHI2201,CTCT,whirinaki,Diesel,Thrml,1997-11-14,0,0,0,0,0,0,0,0,0,0,0,0,0,0,0,0,0,0,0,0,0,0,0,0,0,0,0,0,0,0,0,0,0,0,0,0,0,0,0,0,0,0,0,0,0,0,0,0,,
WKM,WKM2201,MRPL,whakamaru,Hydro,Hydro,1997-11-14,15260,14230,13530,12270,14410,13480,14950,22970,24240,14090,16300,11380,10060,8560,14680,22440,23770,27770,27640,28630,32380,31630,31770,30120,30640,26800,27020,25030,20520,19600,18090,27560,28650,33980,34470,34040,21260,15910,21240,24230,29180,27910,27970,22950,17560,19720,20030,20620,,
WPA,WPA2201,MRPL,waipapa,Hydro,Hydro,1997-11-14,11990,7810,6640,3880,4620,8400,7830,8830,8770,8880,8480,7910,8750,9740,13120,17960,21000,21000,20660,19990,19480,15020,14830,16060,16370,13660,13730,16490,15320,14400,12970,12880,9410,14980,13470,18250,18550,23660,21910,20850,20440,27090,19990,11290,12440,12350,9830,8350,,
WRK,WRK2201,CTCT,wairakei,Geo,Geo,1997-11-14,74990,75100,75290,75160,75010,75100,75110,75210,75140,75140,75180,75490,75650,75500,75510,75580,75450,75350,75390,75280,73960,72880,72740,73310,72980,72790,72760,74090,75140,75150,75120,75100,75320,75240,75170,75010,75090,75130,75150,75120,75120,75140,75240,74810,75250,75350,75330,74820,,
WTK,WTK0111,MERI,waitaki,Hydro,Hydro,1997-11-14,35130,34800,34740,34970,34990,34920,34000,32300,32500,32300,32330,32250,32340,32230,32290,32300,30810,29690,29670,29660,29820,27600,26930,26920,26930,26950,26850,26920,26970,26800,27140,27030,27040,27460,27390,24850,24910,23940,22250,22380,22210,22440,21940,19940,19920,19970,19930,19870,,
ARA,ARA2201,MRPL,aratiatia,Hydro,Hydro,1997-11-15,10910,8570,8040,9430,10820,12750,13390,13340,13170,13270,12940,12950,9870,9670,9770,9780,9760,9820,9700,11890,19660,22940,24570,24680,18650,23060,25890,27790,21200,26300,28430,28670,20480,27770,28180,28110,28120,27920,22470,13000,7930,7680,7830,7710,7150,9410,12200,12520,,
ARG,ARG1101,TRUS,argyle_wairau,Hydro,Hydro,1997-11-15,0,0,0,0,0,0,0,0,0,0,0,0,0,0,3830,4293,4380,4400,4446,4446,4455,4485,4485,4492,916,9,0,0,0,0,0,0,4539,5288,5274,5178,5184,5193,5200,5198,5196,5194,5220,5220,5216,5222,5222,5224,,
ARI,ARI1101,MRPL,arapuni,Hydro,Hydro,1997-11-15,37260,31280,29750,31160,29750,28740,30800,30670,30070,30510,29390,30280,30200,31570,30420,29840,29740,46250,48960,48990,49100,49650,55250,58520,58280,58090,58350,58240,56460,48390,45720,48160,48010,47240,47800,53720,58310,57800,57790,57970,57650,57580,57890,57510,58620,42270,31480,31910,,
ATI,ATI2201,MRPL,atiamuri,Hydro,Hydro,1997-11-15,5050,4920,4570,4920,4600,4280,4870,4830,4670,4790,4430,4550,4420,4270,4000,9190,9220,18960,28300,28110,28120,28000,24290,19770,19800,19800,19800,19820,19590,19280,9030,8700,8480,8130,12480,18710,16500,6860,5970,890,860,880,2060,8200,8660,9160,9400,9610,,
AVI,AVI2201,MERI,aviemore,Hydro,Hydro,1997-11-15,26980,26900,30150,30410,30430,29070,25410,20760,21180,22240,22000,27480,29430,27810,25530,26550,26330,26350,27540,26230,50750,52640,53630,52710,48990,48710,52110,50930,49050,50120,30900,28620,28510,49670,50320,48410,34680,31780,32770,25920,26860,25010,22340,22710,18340,13220,25240,26720,,
BEN,BEN2202,MERI,benmore,Hydro,Hydro,1997-11-15,195630,184390,140430,115460,98800,75320,64160,61120,28430,15920,32280,47500,53800,63300,53720,55540,55020,55270,55890,65950,81900,81130,82660,82630,80440,80300,82900,81800,71350,75140,83160,78580,52030,51470,55350,53600,50180,54030,48990,50070,52110,53710,50350,51710,34280,29030,29270,27160,,
BWK,BWK1101,TRUS,waipori,Hydro,Hydro,1997-11-15,0,0,0,0,0,0,0,0,0,0,0,0,0,0,0,0,0,0,0,0,0,0,0,0,0,0,0,0,0,0,0,0,0,0,0,0,0,0,0,0,0,0,0,0,0,0,0,0,,
COB,COB0661,CTCT,cobb,Hydro,Hydro,1997-11-15,2840,2730,2810,2860,2750,2860,2800,2900,2710,2830,2840,2760,2810,2860,2760,2810,2800,2810,2840,2760,2750,2800,2840,2840,2720,2710,2840,2810,2760,2810,2770,2800,2810,2730,2870,2810,2750,2790,2750,2740,2810,2880,2760,2810,2780,2810,2840,2680,,
COL,COL0661,TRUS,coleridge,Hydro,Hydro,1997-11-15,16860,16980,17090,17010,16880,17020,17070,17080,16840,17060,17010,16980,17050,16820,16920,17030,17000,17020,16790,17000,16930,17010,16990,16890,16890,16900,17030,17010,16980,17170,17070,17090,17090,17020,17150,17080,17010,17170,17010,17030,17000,17000,16990,17060,16950,17000,17050,17040,,
CYD,CYD2201,CTCT,clyde,Hydro,Hydro,1997-11-15,104480,103640,104140,104660,103700,104920,104190,105080,103280,104550,104410,100810,99520,141230,146490,186070,195790,195530,195760,195300,194450,195480,196410,165020,152240,147960,148850,148300,147660,148510,150150,153380,153320,154120,195390,198040,197040,197890,196760,197010,160450,149300,147830,148380,156450,160750,160810,158750,,
HLY,HLY2201,GENE,huntly_1_4,Coal,Thrml,1997-11-15,242750,213960,196190,161840,149140,142600,142160,142120,142390,142110,142070,161970,204390,227030,244440,245000,244590,244720,244470,244400,244140,244120,244600,244310,244230,243800,243890,244040,243760,244520,246530,246850,246950,246710,246780,246920,247440,247480,247530,247480,247530,247600,247510,247150,247820,247780,247870,233990,,
HWA,HWA1101,TRUS,patea,Hydro,Hydro,1997-11-15,3532,3556,3540,3540,3540,3540,3544,3544,3552,3540,3540,3536,3524,3512,3516,3516,3508,3508,3504,3500,3508,3508,3520,3524,3528,3524,3532,3528,3524,13978,14988,14976,14962,14938,14912,14886,14904,14902,14916,14928,14940,14932,14928,14936,14952,14976,15008,15012,,
KIN,KIN0112,CHHE,kinleith,Wood,Cogen,1997-11-15,14298,13942,12717,13930,14572,14166,14502,14014,13897,13815,13195,13539,12964,12234,12354,12359,11218,11032,14144,13788,12209,13750,13828,13696,14390,15934,15488,15190,16136,14652,16185,14472,14547,13833,14587,14373,11716,0,0,0,0,966,15588,14692,16820,16220,16427,16902,,
KPO,KPO1101,MRPL,karapiro,Hydro,Hydro,1997-11-15,31690,31030,29600,31030,29630,28650,30700,30570,30020,30440,29410,30230,30120,29760,29790,29790,29630,29640,28900,28850,29780,29420,29440,29550,29330,29190,29320,29280,27470,25410,26670,28790,28590,27930,28310,28020,26190,22130,21590,20650,20340,20250,20520,20670,20970,20120,21230,22150,,
MAN,MAN2201,MERI,manapouri,Hydro,Hydro,1997-11-15,295240,295290,295500,295800,295960,296340,296460,296700,296660,296790,296740,296770,296820,296780,296790,296790,296770,296750,296690,296550,296280,296100,295860,295640,295470,295280,295660,295790,295990,296280,296470,296660,296720,296700,296800,296780,296780,296800,296770,296760,296830,296790,296790,296650,296590,296390,296100,295820,,
MAT,MAT1101,TRUS,matahina,Hydro,Hydro,1997-11-15,0,0,0,0,0,0,0,0,0,0,0,0,0,0,0,0,0,0,0,0,0,0,0,0,0,0,0,0,0,0,0,0,0,0,0,0,0,0,0,0,0,0,0,0,0,0,0,0,,
MHO,MHO0331,KING,mangahao,Hydro,Hydro,1997-11-15,11720,11800,11630,11830,11650,11500,11780,11790,11710,11780,11650,11760,11760,11710,11720,11710,11710,11740,11730,11720,11730,11710,11700,11710,11680,11660,11690,11690,11540,11390,11550,11850,11830,11740,11790,11760,11800,11960,11980,11990,11940,11940,11970,11920,11920,11620,11760,11870,,
MTI,MTI2201,MRPL,maraetai,Hydro,Hydro,1997-11-15,10360,9750,4720,13320,2030,2100,9400,6390,9140,22930,14850,16130,19690,13740,23800,26290,73710,88800,71040,77220,75550,81540,54760,66360,51500,25410,33430,29860,21360,11780,10190,25760,45170,32760,55790,49100,41700,66000,82060,73840,80290,67520,85140,73550,46460,4860,5370,8830,,
NPL,NPL1101,CTCT,new_plymouth,Gas&Oil,Thrml,1997-11-15,58330,58740,59290,60660,62930,66600,72680,84550,103490,113350,113960,113890,113920,113280,113340,113300,113320,113430,113380,113400,113370,113420,113370,113400,113990,114580,114540,114480,114480,114450,114420,114280,114170,114070,114010,113990,114040,114150,114090,114110,114170,114300,114430,114400,114460,114500,114500,114510,,
NPL,NPL2201,CTCT,new_plymouth,Gas&Oil,Thrml,1997-11-15,102830,103070,105700,107730,106830,104810,98870,85290,69730,59840,59840,59830,59870,59900,59930,59970,60030,60030,60050,60060,60050,60060,60030,60070,60040,60030,60020,60010,59970,59930,59890,59810,59710,59650,59600,59630,59620,59620,59600,59630,59640,59680,59730,59760,59790,59840,59840,59840,,
OHA,OHA2201,MERI,ohau_a,Hydro,Hydro,1997-11-15,24440,23770,24280,24590,23850,23500,22030,22720,21360,22250,22170,21640,21960,22740,18920,23370,24150,24140,37820,34580,29650,33810,41890,54100,73110,61840,32280,26060,24140,21660,16780,14710,30830,50690,39400,39480,41390,30070,30190,24140,38570,62280,44200,29020,28190,28580,29080,19210,,
OHB,OHB2201,MERI,ohau_b,Hydro,Hydro,1997-11-15,24980,23000,24290,22290,20010,22540,16980,13780,26230,20470,19730,16500,16430,17070,17040,18670,18500,24230,33540,45100,33380,44720,51530,50590,48400,47270,36360,29200,21710,10730,10400,11200,27760,42490,34610,30650,36620,28500,22390,21060,32370,59250,45190,31390,21930,27980,39550,16410,,
OHC,OHC2201,MERI,ohau_c,Hydro,Hydro,1997-11-15,24660,24130,23730,22220,21630,22340,16060,15530,26690,18160,19060,16860,17250,17300,17880,18190,18340,24850,35910,43120,33980,46690,50800,50660,49700,47160,36080,30030,23040,11540,11220,12070,28910,39770,32760,33260,37140,27330,22120,21040,35350,58500,43180,30680,23760,29600,39110,19090,,
OHK,OHK2201,MRPL,ohakuri,Hydro,Hydro,1997-11-15,6730,6550,6060,6580,6120,5770,6520,6460,6280,6420,6060,6400,6380,6240,5110,7650,10970,26590,40380,40130,29960,27290,27300,27350,27280,27180,27230,27210,22130,12260,13240,14670,14490,14080,19430,27680,25130,12660,10280,19930,24650,22980,8190,13210,13060,8280,4890,3540,,
OKI,OKI2201,CTCT,ohaaki,Geo,Geo,1997-11-15,28280,28360,28500,28370,28350,29010,28730,28840,28370,28350,28480,28360,27810,28740,28810,28470,28240,28540,28770,28280,27530,28430,28080,27830,27890,28320,27890,27380,27860,28120,27940,26980,27730,28000,27890,27630,27420,27850,27680,28100,27850,27840,27440,27760,27730,28120,27960,27460,,
OTA,OTA2221,CTCT,otahuhu_a,Gas,Thrml,1997-11-15,0,0,0,0,0,0,0,0,0,0,0,0,0,0,0,0,0,0,0,0,0,0,0,0,0,0,0,0,0,0,0,0,0,0,0,0,0,0,0,0,0,0,0,0,0,0,0,0,,
PPI,PPI2201,MRPL,poihipi,Geo,Geo,1997-11-15,0,0,0,0,0,0,0,0,0,0,0,0,0,2700,19230,20500,20460,20370,20380,20370,20320,20340,20330,20270,20300,20220,20230,20120,20020,20110,20160,20150,20150,20190,20110,20110,20100,20090,20120,19950,20000,20080,20090,19990,7710,2740,2770,3230,,
ROT,ROT1101,TRUS,wheao_flaxy,Hydro,Hydro,1997-11-15,4484,4890,4968,4818,4456,4444,4468,4456,4474,4438,4444,4454,4434,4490,4456,4454,4478,4476,4638,4934,4940,4930,4964,4920,4916,4954,4932,4956,4956,4922,4978,4930,4978,4946,5114,7394,7434,7358,7378,7459,7431,7434,9448,9830,9784,9797,9321,9314,,
ROX,ROX1101,CTCT,roxburgh,Hydro,Hydro,1997-11-15,19760,19770,19860,19830,19850,19850,19890,19750,19820,19810,19830,19790,19890,19770,19790,19890,19890,19840,19800,19960,19850,19790,19880,33000,40020,39800,40010,39740,39820,39800,39950,39990,39920,39770,39990,39790,39760,39870,39800,39920,39790,39760,39900,40040,39820,39970,39540,39800,,
ROX,ROX2201,CTCT,roxburgh,Hydro,Hydro,1997-11-15,75830,74860,56530,53800,53850,53860,53880,53990,53720,53470,53660,56820,59610,58510,71950,79490,95040,99250,98930,99480,99110,99060,99300,98870,99130,99040,99300,98850,99180,98810,97010,93910,94030,93800,99310,98730,98840,99130,98950,99280,98970,98970,99210,87330,95040,93780,92940,93450,,
RPO,RPO2201,GENE,rangipo,Hydro,Hydro,1997-11-15,17910,27780,28190,28200,28200,28200,28190,28200,28190,28200,28200,28210,28190,28200,28210,28190,28210,28200,28200,28200,28200,28200,28200,28200,28210,28190,28210,28190,28210,28190,28200,28200,29470,29960,29960,29960,29960,29960,29960,29960,29960,29960,29970,29950,29960,29960,29970,29960,,
SFD,SFD2201,CTCT,stratford,Gas,Thrml,1997-11-15,0,0,0,0,0,0,0,0,0,0,0,0,0,0,0,0,0,0,0,0,0,0,0,0,0,0,0,0,0,0,0,0,0,0,0,0,0,0,0,0,0,0,0,0,0,0,0,0,,
SWN,SWN2201,TRUS,southdown,Gas,Thrml,1997-11-15,60730,60700,60730,60700,60680,60650,60610,60370,59600,59490,60000,59430,56100,49780,41440,37540,31210,31370,31450,31450,31330,31360,31740,31730,31710,31740,31660,31380,38460,44690,51270,55030,58110,58910,58840,59130,59220,59280,59720,60300,60200,60210,60060,59980,59820,59740,59710,59670,,
TKA,TKA0111,MERI,tekapo_a,Hydro,Hydro,1997-11-15,6100,6290,6470,6540,5870,6410,6820,6350,6380,6410,6370,6360,6520,6350,6700,6350,5950,6450,6790,6650,5870,6570,6280,6420,6610,6560,6250,6810,6820,6190,6620,6750,6780,6440,6600,6760,6420,6450,6520,6580,6510,6730,6470,6470,6540,6820,6240,6550,,
TKB,TKB2201,MERI,tekapo_b,Hydro,Hydro,1997-11-15,38670,38040,38240,38570,38060,38530,38330,38700,37860,38390,38410,38060,38430,38740,38330,38470,38370,38410,38530,38150,38030,38240,38580,38750,38230,38260,38930,38880,38490,38840,38780,38900,38980,38650,39050,38680,38390,38460,38310,38290,38640,38870,38340,38510,38290,38410,38600,37680,,
TKU,TKU2201,GENE,tokaanu,Hydro,Hydro,1997-11-15,0,0,0,0,0,0,0,0,0,0,0,0,0,0,47530,88250,88030,88180,87880,87910,87980,38550,27390,27450,27570,27550,27530,27350,27710,27530,28040,28930,27000,26060,26030,58690,86440,85680,85600,85660,85250,39720,26890,26680,26650,25830,26240,22320,,
TMU,TMU1101,GENE,te_awamutu,Gas,Cogen,1997-11-15,13480,13580,13620,13700,13710,13740,13710,13710,13760,13730,13720,13710,13800,13700,13580,13510,13380,13260,13050,12830,12640,12360,2840,12920,12630,12660,12590,12600,12570,12650,12720,12760,12750,12730,12690,12690,13040,25630,12780,12710,12760,12760,12790,12760,12760,12750,12710,12590,,
TUI,TUI1101,GENE,waikaremoana,Hydro,Hydro,1997-11-15,3980,5050,4450,4840,4470,4190,4620,4640,4480,4600,4210,4500,4490,4360,4460,10230,23020,24880,25420,25880,25720,24660,8100,4740,4630,4590,4630,4600,4330,4090,4320,4810,4820,4840,4870,4790,4900,5390,5030,5070,5070,5060,5060,5050,5050,4970,4800,4820,,
WHI,WHI2201,CTCT,whirinaki,Diesel,Thrml,1997-11-15,0,0,0,0,0,0,0,0,0,0,0,0,0,0,0,0,0,0,0,0,0,0,0,0,0,0,0,0,0,0,0,0,0,0,0,0,0,0,0,0,0,0,0,0,0,0,0,0,,
WKM,WKM2201,MRPL,whakamaru,Hydro,Hydro,1997-11-15,14610,13830,12680,19220,19480,18570,8910,4810,3140,9400,12340,9240,15340,10350,8040,5570,21290,29790,35370,35360,35430,35420,34890,23950,23890,23810,23860,23850,23300,22780,23340,24300,24200,23920,24130,24020,24100,24020,24060,24130,24020,23960,24080,23960,23990,22240,14540,15520,,
WPA,WPA2201,MRPL,waipapa,Hydro,Hydro,1997-11-15,7860,7780,6360,4730,4100,3760,4170,4150,4080,4160,3980,4170,7060,10830,9430,11690,17540,23790,24880,23230,19630,20870,20000,14210,16390,15650,8810,7310,8660,9830,8350,8840,9890,14740,18470,22450,13020,17840,22490,24500,22500,19220,18190,21490,14060,10320,4630,4840,,
WRK,WRK2201,CTCT,wairakei,Geo,Geo,1997-11-15,75330,75410,75340,75340,75460,75240,75350,75410,75240,75320,75430,75480,75450,75470,75390,75420,75400,75340,75180,75170,75140,75130,75060,75090,74960,74960,74810,74960,75020,75040,75080,75110,75050,75020,74910,74850,74630,74310,74460,74580,74650,74730,74780,74910,74930,74790,74620,74900,,
WTK,WTK0111,MERI,waitaki,Hydro,Hydro,1997-11-15,18710,17230,17350,17470,17310,17460,17420,17480,17240,17440,17420,17330,17480,17490,17310,17510,17420,17370,17360,17440,17250,17340,17350,17390,17380,17250,17460,17390,17290,17330,17330,17470,17360,17350,17430,17460,17300,17380,17230,17120,17140,17140,17140,16110,15870,15970,15880,15720,,
ARA,ARA2201,MRPL,aratiatia,Hydro,Hydro,1997-11-16,12470,12280,9310,8550,6090,5320,5810,6380,6220,8100,9570,9020,8830,12310,13140,12990,13030,12980,12920,15580,16960,23040,25070,24990,17590,23910,25580,25740,17840,23300,25330,26230,21060,26760,27140,27050,26750,26510,19820,8460,7730,7420,6680,8340,8050,6560,6660,6010,,
ARG,ARG1101,TRUS,argyle_wairau,Hydro,Hydro,1997-11-16,5229,5234,5218,5218,5220,5223,5241,5232,5217,5230,5246,5229,5211,5210,5224,5223,4804,4773,4762,4764,4760,4798,4828,4844,4842,944,8,0,0,0,0,0,4524,5272,5198,5098,5118,5169,5175,5164,5160,5176,5187,5190,5175,5202,5202,5152,,
ARI,ARI1101,MRPL,arapuni,Hydro,Hydro,1997-11-16,34820,27380,26960,28040,27930,26680,27390,28230,28060,28230,28280,28080,29460,31460,33130,32830,32920,32880,32770,32730,32830,32650,32740,47570,49690,49790,49750,49780,45800,47470,47460,47010,46900,47350,47740,47700,47320,47620,43620,41470,44440,47280,40260,38050,38510,38170,43930,43080,,
ATI,ATI2201,MRPL,atiamuri,Hydro,Hydro,1997-11-16,9570,9520,9830,11520,19740,19140,19460,16290,16020,15610,17610,19080,15210,7080,3510,3360,3480,6210,19160,18940,18990,19000,19080,19050,19080,19140,14700,13700,13600,13540,13460,16930,18460,18510,18600,18600,18610,18760,15380,15400,16200,25790,23450,16730,16220,14410,11720,10640,,
AVI,AVI2201,MERI,aviemore,Hydro,Hydro,1997-11-16,57840,51930,30640,24200,23240,20470,8090,4030,4540,4740,5030,4350,5680,4240,12220,22140,21290,16480,36700,20860,41880,30250,14260,18470,62560,73090,55260,29850,52050,54240,40900,25850,27560,24830,22250,27720,51590,46580,39930,24550,23090,23480,30220,22540,25960,17740,5030,6140,,
BEN,BEN2202,MERI,benmore,Hydro,Hydro,1997-11-16,56880,74690,30830,28620,29380,6150,12540,20700,21150,21360,21890,20540,22810,20320,21910,22230,20260,22060,22340,22620,18560,22250,29790,31700,26840,50210,60510,67040,69180,60560,56300,73990,67140,77530,68350,82280,64380,56570,62820,56530,55060,72210,72830,63140,55640,79920,98790,79550,,
BWK,BWK1101,TRUS,waipori,Hydro,Hydro,1997-11-16,0,0,0,0,0,0,0,0,0,0,0,0,0,0,0,0,0,0,0,0,0,0,0,0,0,0,0,0,0,0,0,0,0,0,0,0,0,0,0,0,0,0,0,0,0,0,0,0,,
COB,COB0661,CTCT,cobb,Hydro,Hydro,1997-11-16,2860,2840,2770,2800,2860,2820,2950,2780,2810,2820,2860,2760,2910,2760,2840,2870,2750,2860,2890,2860,2630,2720,2860,2980,2640,2820,2790,2780,2800,2780,2840,2880,2720,2710,2770,2880,2800,2760,2710,2800,2880,2860,2800,2860,2750,2780,2780,2890,,
COL,COL0661,TRUS,coleridge,Hydro,Hydro,1997-11-16,17110,16970,17150,17100,17060,17040,16990,16930,16950,16980,17010,17070,17000,16940,17130,17010,17030,17080,17090,17100,17020,17040,17070,17110,17030,17070,17060,17080,17110,17070,17090,17100,17080,17110,17130,17130,17060,17100,17090,17110,17120,17120,17120,17120,17120,17080,17080,17090,,
CYD,CYD2201,CTCT,clyde,Hydro,Hydro,1997-11-16,116130,107410,108880,109040,109450,109120,110290,108700,109000,109100,109400,108620,104460,143470,155590,189580,195900,198230,198320,198610,193980,196260,198510,200680,195380,166500,162740,162670,162950,162780,163700,164250,161690,161730,196190,203370,202560,201830,200670,202440,203730,202990,202600,202700,153340,157550,162630,164100,,
HLY,HLY2201,GENE,huntly_1_4,Coal,Thrml,1997-11-16,181990,162230,175160,146390,130840,130900,117970,111360,120500,125960,105010,122530,145240,168130,169200,190840,221800,244580,245650,244840,244420,244840,244320,244330,244760,244040,244040,220390,191770,188490,188050,189170,192980,203190,242840,243960,244290,244070,245390,246520,245870,211830,164200,121430,106960,105320,109910,102900,,
HWA,HWA1101,TRUS,patea,Hydro,Hydro,1997-11-16,4014,3508,3508,3508,3496,3504,3508,3512,3516,3516,3504,3496,3496,3504,3492,3500,3500,3512,3504,3500,3496,3488,3484,3488,3494,3498,3502,3510,3514,3510,3500,3494,3486,3480,3474,3474,3484,3486,3494,3490,3486,3482,3486,3492,3492,3500,3508,3516,,
KIN,KIN0112,CHHE,kinleith,Wood,Cogen,1997-11-16,16721,16945,16785,16584,15513,15279,15314,15740,16882,17908,15946,16126,15476,15976,15329,15877,15934,14226,15760,16688,15434,16531,16691,15523,15112,15939,15364,15737,15030,15386,16146,16051,14941,15369,15869,16942,16526,15966,17348,17717,16529,15538,16066,16736,15976,16270,16377,15563,,
KPO,KPO1101,MRPL,karapiro,Hydro,Hydro,1997-11-16,23220,20860,22940,22240,21940,20740,21510,22240,22070,22290,22340,22140,21700,20830,22240,21940,22080,22030,21940,21880,29460,30380,30430,30210,30200,30260,30220,30280,30180,30210,29880,31710,31580,31790,31940,31920,31760,31890,31820,32830,32290,32640,30180,31510,32860,32030,32250,30850,,
MAN,MAN2201,MERI,manapouri,Hydro,Hydro,1997-11-16,295810,294940,294380,294430,294670,294830,286220,281740,281810,282200,282490,292180,294740,294740,295010,295100,294660,294930,294910,294950,294270,294500,294290,295100,293340,293910,285820,287920,293300,293540,293820,294150,293960,294150,294300,294410,294330,294300,294210,294340,294460,294370,294340,294350,294190,294090,294040,293950,,
MAT,MAT1101,TRUS,matahina,Hydro,Hydro,1997-11-16,0,0,0,0,0,0,0,0,0,0,0,0,0,0,0,0,0,0,0,0,0,0,0,0,0,0,0,0,0,0,0,0,0,0,0,0,0,0,0,0,0,0,0,0,0,0,0,0,,
MHO,MHO0331,KING,mangahao,Hydro,Hydro,1997-11-16,11850,11770,11980,11960,11920,11720,11870,12010,11960,12010,12030,11980,11890,11710,11990,12000,12190,12170,12010,11720,11740,11720,11730,11700,11670,12170,12670,12680,12630,12630,12630,12600,12590,12630,12720,12720,12690,12700,12660,12680,12690,12060,11660,11780,11960,11930,11930,11750,,
MTI,MTI2201,MRPL,maraetai,Hydro,Hydro,1997-11-16,10680,3500,12210,18320,8460,1840,4050,7970,8170,8080,22300,13580,12660,2400,16690,20790,27140,38870,29880,63160,58330,55300,57490,49990,40000,35370,35280,26640,31980,18340,12560,19060,21550,35400,35010,46670,38100,43490,38600,67560,66330,77550,42820,40300,45710,44920,45150,39650,,
NPL,NPL1101,CTCT,new_plymouth,Gas&Oil,Thrml,1997-11-16,113690,113370,113420,113400,113370,113380,113360,113390,113290,113400,113410,113400,113360,113420,113510,113450,113510,114240,114710,114790,114810,114840,114780,114790,114800,114740,114740,114650,114700,114620,114490,114460,114470,114460,114430,114460,114510,114520,114570,114610,114600,114670,114700,114760,114740,114750,114780,114750,,
NPL,NPL2201,CTCT,new_plymouth,Gas&Oil,Thrml,1997-11-16,58610,58110,58100,58110,58090,58080,58100,58120,58090,58130,58120,58100,58100,58130,58090,58100,58110,59360,59960,59950,59980,59950,59960,59930,59930,59930,59900,59880,59860,59850,59770,59750,59760,59750,59730,59770,59760,59810,59840,59840,59850,59870,59880,59920,59940,59940,59960,59960,,
OHA,OHA2201,MERI,ohau_a,Hydro,Hydro,1997-11-16,50760,48900,31250,30860,31280,30850,31520,30540,30540,30690,30970,30280,31140,30400,21860,13610,24180,24760,27070,20600,20930,19510,16760,22960,17970,22260,21630,27280,28170,28110,22710,38030,26900,27490,17740,27270,29540,25910,24200,28890,30070,27390,39940,30850,32590,30440,26680,23040,,
OHB,OHB2201,MERI,ohau_b,Hydro,Hydro,1997-11-16,39120,45780,38810,27080,18210,16960,24000,23620,20840,19020,25990,27050,27660,26010,22020,20200,20510,22690,21530,20430,16890,20950,20450,22890,24510,25070,20980,22820,25110,25590,25880,26520,30100,33110,32990,32530,31280,28440,16950,15130,19110,20050,42870,39280,26510,14370,18870,18340,,
OHC,OHC2201,MERI,ohau_c,Hydro,Hydro,1997-11-16,40440,42940,38190,26550,18400,17190,23940,23670,20470,18900,26280,26460,26910,27910,19380,22980,21420,20680,20770,20810,17600,20420,19530,23660,25180,23170,20560,24290,25490,25470,25790,25990,30530,31540,32350,32950,32490,28230,17280,15890,18030,19990,45320,35930,28590,16580,16570,15900,,
OHK,OHK2201,MRPL,ohakuri,Hydro,Hydro,1997-11-16,12650,13810,12580,11220,15700,20710,20290,23500,22550,15130,17110,17590,17520,10830,6290,5960,6040,5970,5850,23740,27580,27460,27480,27370,27340,20850,14170,14200,14190,14210,14230,22740,27910,27970,28070,28040,27910,28000,28600,32060,35370,41420,32720,27300,23970,20300,16950,14990,,
OKI,OKI2201,CTCT,ohaaki,Geo,Geo,1997-11-16,27460,27900,28140,27700,26830,27840,27970,27460,27040,27520,27550,27320,27300,27730,27770,26980,27460,27640,27650,27340,27360,27870,27600,27660,27350,27710,27200,27640,27380,27350,27720,27700,27790,27910,28710,28290,27580,28050,28820,28540,28010,28160,28600,28530,28120,28590,28810,28210,,
OTA,OTA2221,CTCT,otahuhu_a,Gas,Thrml,1997-11-16,0,0,0,0,0,0,0,0,0,0,0,0,0,0,0,0,0,0,0,0,0,0,0,0,0,0,0,0,0,0,0,0,0,0,0,0,0,0,0,0,0,0,0,0,0,0,0,0,,
PPI,PPI2201,MRPL,poihipi,Geo,Geo,1997-11-16,660,750,740,600,680,670,670,650,550,320,410,430,400,380,370,710,620,14270,20200,20150,20200,20170,20120,20330,20330,20330,20350,20340,20360,20420,20520,20500,20610,20520,20500,20590,20530,20630,20630,20590,20630,20660,20530,20530,20600,9140,1440,2070,,
ROT,ROT1101,TRUS,wheao_flaxy,Hydro,Hydro,1997-11-16,8532,6124,4924,4902,4944,4954,4268,3984,3944,3972,3978,3944,3936,3944,6742,6892,6940,7146,7440,6572,6447,6385,6424,6452,6446,6458,6702,7468,8908,9761,7971,8352,8414,8364,8690,8858,8828,8296,7896,7874,7912,7874,7856,7904,7862,7864,7898,7858,,
ROX,ROX1101,CTCT,roxburgh,Hydro,Hydro,1997-11-16,10190,0,0,0,0,0,0,0,0,0,0,0,0,0,18940,36110,39710,40020,39730,39930,39720,40060,39890,39820,38820,21250,18290,18050,18240,18360,18360,18360,37120,39850,37190,36570,36970,36810,36720,36900,36850,36690,36860,36490,37020,37650,40000,40050,,
ROX,ROX2201,CTCT,roxburgh,Hydro,Hydro,1997-11-16,97780,95790,93560,93810,93570,93730,77850,73910,74170,74210,73850,73900,96630,98670,99070,99320,98720,99420,98720,99090,98800,99250,98790,98620,98670,99010,98430,97980,98430,98730,98710,98580,97950,98570,97350,96770,97360,97030,97130,97150,97180,96930,97190,96560,97280,97700,99290,99460,,
RPO,RPO2201,GENE,rangipo,Hydro,Hydro,1997-11-16,29330,29080,29090,29070,29080,29010,29080,29080,29080,29080,29080,29080,29070,29090,29070,29080,29080,29080,29100,29330,29330,29320,29160,29160,29150,29170,29150,38460,39900,39920,39920,39910,39930,39920,39920,39780,39410,39420,39420,39430,39410,39420,39430,39430,39430,23560,19800,19790,,
SFD,SFD2201,CTCT,stratford,Gas,Thrml,1997-11-16,0,0,0,0,0,0,0,0,0,0,0,0,0,0,0,0,0,0,0,0,0,0,0,0,0,0,0,0,0,0,0,0,0,0,0,0,0,0,0,0,0,0,0,0,0,0,0,0,,
SWN,SWN2201,TRUS,southdown,Gas,Thrml,1997-11-16,59630,59530,59560,59510,59460,59290,59230,59140,59110,59170,59260,59280,59420,59490,59550,59580,59660,59170,58910,59530,59470,59480,59390,59410,59400,59390,59220,59100,59080,59110,58950,58870,58960,58910,58960,59060,59200,59340,59490,59150,59600,59870,59670,59850,60010,59980,60070,59930,,
TKA,TKA0111,MERI,tekapo_a,Hydro,Hydro,1997-11-16,6620,6340,5940,6790,6700,6120,6380,6550,6420,6510,6410,6640,6640,6500,6580,6480,6330,6440,6660,6920,6590,6060,6280,6810,6790,6460,6400,6480,6600,6140,6510,6810,6660,6180,6370,6040,6980,6560,6270,6530,6690,6310,6610,6400,6740,6250,6360,6640,,
TKB,TKB2201,MERI,tekapo_b,Hydro,Hydro,1997-11-16,38580,38370,38260,38300,38520,38250,38860,38080,38140,38390,38630,38200,38820,38180,38380,38630,38200,38610,38970,38760,37600,37980,38640,39280,37690,38420,38460,38370,38350,38230,38570,38840,37940,37910,38310,38830,38310,38120,37890,38290,38660,38460,38140,38410,37840,38080,37960,38430,,
TKU,TKU2201,GENE,tokaanu,Hydro,Hydro,1997-11-16,0,0,0,0,0,0,0,0,0,0,0,0,0,0,0,0,24550,44790,51940,56620,56280,56100,56350,56190,56240,56170,56280,57230,58050,58130,70200,70900,70950,71010,70880,70670,70270,70640,70520,70580,70680,70860,67760,68970,71120,28840,19980,19300,,
TMU,TMU1101,GENE,te_awamutu,Gas,Cogen,1997-11-16,12570,12630,12590,12580,12560,12580,12560,12560,12550,12530,12570,12590,12710,12670,12700,12790,12750,12710,12810,12730,12710,12720,12700,12660,12640,12660,12670,12740,12830,12910,13050,13130,13140,12920,12740,12860,12890,12960,12980,13020,13040,13200,13260,13300,13270,13250,13310,13330,,
TUI,TUI1101,GENE,waikaremoana,Hydro,Hydro,1997-11-16,4870,3910,3960,3730,3720,3430,3560,3720,3760,3780,3800,3760,3720,3260,3690,3370,3360,3480,20720,25180,25670,25330,24580,24150,23740,4230,3050,3310,3210,3220,3210,3140,3110,3190,3240,3250,3160,3250,3210,3190,3190,3210,2700,2960,3190,3130,3200,3320,,
WHI,WHI2201,CTCT,whirinaki,Diesel,Thrml,1997-11-16,0,0,0,0,0,0,0,0,0,0,0,0,0,0,0,0,0,0,0,0,0,0,0,0,0,0,0,0,0,0,0,0,0,0,0,0,0,0,0,0,0,0,0,0,0,0,0,0,,
WKM,WKM2201,MRPL,whakamaru,Hydro,Hydro,1997-11-16,19700,14780,22350,23360,23250,22400,20520,23240,15080,11510,13160,17570,15280,11510,11600,11370,11450,11400,11320,26410,35350,35120,35150,34960,34950,25730,24180,19720,18360,18370,18370,11610,8630,12380,19590,24190,24100,24180,24140,24180,24710,36970,38720,30160,29340,27160,19310,20560,,
WPA,WPA2201,MRPL,waipapa,Hydro,Hydro,1997-11-16,5490,6390,4960,5090,7530,7150,6770,5770,5610,3950,3980,7100,7080,6480,3680,5250,9500,8850,15300,16400,16540,16390,16450,17230,16890,12460,13350,11030,8230,11610,11060,7560,7450,13180,12450,13770,15470,15590,15470,17590,20880,21500,21660,16230,15450,15170,11540,10770,,
WRK,WRK2201,CTCT,wairakei,Geo,Geo,1997-11-16,74890,74550,74860,74820,74680,74750,74670,74780,74860,74780,74650,74760,74980,75010,75070,75250,75410,75360,75330,75240,75200,75270,75180,75080,75100,75180,75130,74990,74960,74730,74860,74550,74420,74530,74710,74920,74880,74730,74710,74910,74890,74040,74370,74700,74340,74250,74850,74880,,
WTK,WTK0111,MERI,waitaki,Hydro,Hydro,1997-11-16,15980,15920,15880,15870,15860,15910,15910,15750,15070,14920,14940,14800,14950,14800,14950,14920,14790,15000,14870,14960,14760,14910,14900,15010,14780,14970,14940,14920,14960,14900,14950,14940,14830,14850,14890,14900,14990,14930,14850,14930,14910,14850,14960,14950,14980,14870,14960,14920,,
ARA,ARA2201,MRPL,aratiatia,Hydro,Hydro,1997-11-17,5600,5620,6220,7000,4130,1770,1560,1420,1590,1610,1690,1810,1040,1910,3270,4510,4560,4330,4280,3530,1200,6980,6910,6870,6710,3120,2830,2760,2740,2730,2790,5390,6170,10510,14420,14640,14670,14670,14690,14680,14690,14700,14700,14690,14690,14680,14670,13200,,
ARG,ARG1101,TRUS,argyle_wairau,Hydro,Hydro,1997-11-17,891,10,0,0,0,0,0,0,0,0,0,0,0,1928,4710,4696,4712,4708,4707,4713,4714,4694,4699,4734,4758,912,14,0,0,0,0,0,3958,4702,4718,4728,4749,4780,4798,4756,4752,4767,4786,4818,4830,4812,4812,4858,,
ARI,ARI1101,MRPL,arapuni,Hydro,Hydro,1997-11-17,41740,33070,31630,33480,40270,44470,46290,50180,45970,49580,51650,52450,62300,64060,64120,68750,72710,71770,71510,71450,71330,71130,71110,70880,70800,70750,70900,70600,65320,58740,55660,55660,63790,72450,72350,72240,72420,68820,66640,71630,70430,69340,68140,61920,55620,48660,48500,47100,,
ATI,ATI2201,MRPL,atiamuri,Hydro,Hydro,1997-11-17,10200,13300,9990,7210,6950,8320,11950,10320,8840,8970,12200,13740,12690,16480,16370,27220,27780,27570,27480,27420,27280,21870,16460,14740,14820,16590,16980,10610,8990,9100,9060,11610,15400,17180,16980,16970,17130,13530,12730,10290,9830,9600,10080,9870,9590,7060,8460,6870,,
AVI,AVI2201,MERI,aviemore,Hydro,Hydro,1997-11-17,24530,30950,31550,26920,25200,21560,18070,19040,14560,6590,18360,13830,5290,20810,30170,36160,37950,38770,40620,15620,13120,9220,11500,33670,43350,42840,42680,42930,45180,41830,56540,58730,56990,58690,58780,58540,50410,37910,45370,46620,44290,45490,46860,44410,55010,54140,28220,26980,,
BEN,BEN2202,MERI,benmore,Hydro,Hydro,1997-11-17,136190,131420,80540,83230,78870,76590,49650,38950,25970,31200,25650,63380,76780,105970,161810,179180,177100,200450,202910,188160,170050,195640,167070,184480,186560,180390,206210,188520,178460,194980,158320,165500,163120,150560,135710,142890,122330,105850,74260,70940,93430,99750,88390,119310,92490,70460,110800,90850,,
BWK,BWK1101,TRUS,waipori,Hydro,Hydro,1997-11-17,0,0,0,0,0,0,0,0,0,0,0,0,0,0,0,0,0,0,0,0,0,0,0,0,0,0,0,0,0,0,0,0,0,0,0,0,0,0,0,0,0,0,0,0,0,0,0,0,,
COB,COB0661,CTCT,cobb,Hydro,Hydro,1997-11-17,2880,2850,2620,2780,2780,2840,2800,2860,2890,3000,2830,2720,2790,2900,2740,2830,2730,2710,2840,2810,2790,2760,2770,2750,2770,2860,2750,2740,2830,2700,2830,2810,2690,2800,2820,2790,2710,2800,2840,2900,2810,2760,2820,2810,2760,2790,2860,2900,,
COL,COL0661,TRUS,coleridge,Hydro,Hydro,1997-11-17,17100,17100,17030,17040,17070,17080,17080,17110,17100,17120,17080,17070,17070,17110,17080,17100,16880,17080,17100,17120,17080,17090,17070,17080,17120,17120,17110,17000,17050,17080,17150,17130,17100,17110,17110,17110,17100,17120,17120,17120,17120,17100,17110,17100,17100,17110,17120,17110,,
CYD,CYD2201,CTCT,clyde,Hydro,Hydro,1997-11-17,141390,99360,97830,98990,98930,99540,99260,99740,100020,100630,99580,98350,127830,156280,155060,194190,196410,195910,198080,198370,197640,196900,197650,195570,197810,174720,155020,155210,156530,161610,163310,163350,161620,194530,198540,197520,196480,204210,206050,206870,204980,204080,205580,164620,117110,108910,109540,110000,,
HLY,HLY2201,GENE,huntly_1_4,Coal,Thrml,1997-11-17,94510,89130,88990,88560,77440,82290,70620,81760,73670,85590,90570,131170,219160,277950,342060,368440,369800,370210,370250,369720,367860,368260,368380,327070,273930,287950,291700,321670,313480,307610,289030,294120,338470,362410,353450,370370,360520,337840,329950,313710,318130,335740,296860,230050,178430,173750,173330,174080,,
HWA,HWA1101,TRUS,patea,Hydro,Hydro,1997-11-17,3516,3516,3524,3524,3528,3520,3520,3528,3524,3512,3512,3508,3500,3492,3476,3476,3468,3476,3468,3476,3480,3480,3480,3484,3488,3484,3488,3492,3496,3496,3484,3484,3472,3464,3464,3464,3476,3480,3476,3476,3480,3488,3496,3500,3504,3504,3516,3524,,
KIN,KIN0112,CHHE,kinleith,Wood,Cogen,1997-11-17,15541,17221,17570,16703,16531,16539,16390,15453,17781,16671,16081,17019,14941,11652,12483,13136,11696,14303,14692,14833,15105,15909,15797,15583,16148,16604,16029,16310,18053,16952,16019,17298,16111,15959,15916,15702,16253,15145,15309,16071,17871,18665,17468,16165,15869,16499,17348,18364,,
KPO,KPO1101,MRPL,karapiro,Hydro,Hydro,1997-11-17,31930,29940,31320,32960,31130,30310,30750,33140,33060,33630,34550,35430,35680,35420,36010,35530,35080,36930,36720,36660,36580,36380,36370,36290,36220,36140,36260,36030,36240,36280,36160,36130,36030,36110,36100,36010,36130,36150,31830,30740,29750,33000,34820,34160,34450,33810,34140,30820,,
MAN,MAN2201,MERI,manapouri,Hydro,Hydro,1997-11-17,293700,293500,293160,293170,294120,296070,297200,296890,297080,297250,297320,297170,292140,293110,293080,293150,292990,292930,293020,293040,292970,292590,292790,292610,292400,292220,291940,291740,291850,291830,291880,292260,292260,292650,292680,292760,294700,296740,296750,296830,296700,296670,296740,296670,296590,296620,296620,296460,,
MAT,MAT1101,TRUS,matahina,Hydro,Hydro,1997-11-17,0,0,0,0,0,0,0,0,0,0,0,0,0,0,0,0,0,0,0,0,0,0,0,0,0,0,0,0,0,0,0,0,0,0,0,0,0,0,0,0,0,0,0,0,0,0,0,0,,
MHO,MHO0331,KING,mangahao,Hydro,Hydro,1997-11-17,11600,11610,11790,12010,11890,11860,11920,11850,11940,11950,11980,12070,12120,12100,12190,12140,12170,12110,12090,12080,12060,12020,12030,12000,11970,11960,11980,11950,11970,11980,11970,11960,11750,11720,11700,11690,11700,11690,11740,11830,11730,11620,11750,11640,11660,11700,11670,11620,,
MTI,MTI2201,MRPL,maraetai,Hydro,Hydro,1997-11-17,31040,24350,18170,25660,44190,27270,49740,18690,30720,48510,51940,38000,42610,62180,71100,74100,117190,103730,73390,63230,59080,53790,63320,64780,48090,49450,56420,34410,31800,39920,63310,77360,69510,51600,85850,87520,54350,41080,42030,70210,78680,49450,57970,55060,36970,40540,21290,11220,,
NPL,NPL1101,CTCT,new_plymouth,Gas&Oil,Thrml,1997-11-17,114780,114740,113600,112860,112850,112870,112790,112860,112850,112890,112740,112790,106740,103560,103540,104090,103600,103690,103600,105560,113370,114420,114470,114500,114530,114590,114640,114610,114600,114530,114270,114220,114140,114170,114170,114130,114050,114040,114130,114370,114470,114550,114570,114490,114370,113600,113440,113470,,
NPL,NPL2201,CTCT,new_plymouth,Gas&Oil,Thrml,1997-11-17,59960,59970,58900,58680,58870,58960,58930,58940,58910,58900,58880,58870,59430,59720,59860,59850,59900,59890,59930,59960,59950,59870,59780,59780,59810,59850,59880,59880,59860,59830,59810,59810,59780,59770,59770,59730,59720,59710,59720,59740,59760,59800,59790,59760,59690,58660,58070,58090,,
OHA,OHA2201,MERI,ohau_a,Hydro,Hydro,1997-11-17,22150,36950,37110,26500,21530,6440,5130,6990,5780,6400,5630,20540,23780,27450,24920,29360,25840,23130,24040,24010,23930,23770,24060,24890,35390,36850,36490,40200,41640,40000,54800,56800,50530,51520,51720,49590,47010,50330,50980,49270,47950,47130,31370,46930,50150,47260,48070,48720,,
OHB,OHB2201,MERI,ohau_b,Hydro,Hydro,1997-11-17,15590,27440,33720,22990,18560,20130,6050,3850,5180,8280,20210,20970,24540,24130,23430,35570,21670,18240,17630,17940,16640,16450,17540,26160,46970,51550,45130,45370,46020,40110,42880,42020,39180,43680,42990,39240,41980,42790,42450,31700,27070,26790,27610,33950,59820,52140,51680,49260,,
OHC,OHC2201,MERI,ohau_c,Hydro,Hydro,1997-11-17,15780,30180,35330,23540,18270,17360,6670,4980,4270,7460,20650,21270,21320,21640,24310,36120,23860,17310,16250,17430,16950,16490,17530,27630,46330,47230,45980,46080,43210,40840,42170,41950,40770,41760,42050,41520,40980,41620,42110,32270,30660,26190,26630,37490,53920,50640,49060,45370,,
OHK,OHK2201,MRPL,ohakuri,Hydro,Hydro,1997-11-17,16040,16110,15190,7230,10820,13950,12770,10530,10930,10940,14160,11940,7800,11970,15310,25930,27600,29640,34420,27240,27190,27150,27190,27090,27000,26950,26950,26850,26830,20900,11260,11710,13660,11590,18650,25970,26090,26020,26220,26440,25870,25240,25940,22850,13610,8870,8440,4430,,
OKI,OKI2201,CTCT,ohaaki,Geo,Geo,1997-11-17,28580,28720,28750,28620,28380,28450,28880,28860,28620,28560,28370,29140,28770,28300,28650,28970,28700,27980,28680,28640,28140,27830,28350,28340,27910,27840,27830,27170,27610,27150,28050,27560,27460,27410,27870,27790,27710,27300,27620,27950,28180,27780,27300,28320,28280,27750,27970,28080,,
OTA,OTA2221,CTCT,otahuhu_a,Gas,Thrml,1997-11-17,0,0,0,0,0,0,0,0,0,0,0,0,0,0,0,0,0,0,0,0,0,0,0,0,0,0,0,0,0,0,0,0,0,0,0,0,0,0,0,0,0,0,0,0,0,0,0,0,,
PPI,PPI2201,MRPL,poihipi,Geo,Geo,1997-11-17,490,660,340,370,510,420,600,490,480,500,640,530,540,520,580,5120,20470,20330,20340,20330,20420,20310,20300,20230,20190,20200,20140,20190,20070,20020,20060,20050,19990,20110,20090,20110,20130,20090,20070,20250,20180,20240,20200,20140,12800,800,1460,1300,,
ROT,ROT1101,TRUS,wheao_flaxy,Hydro,Hydro,1997-11-17,7926,7864,7888,7930,8400,8374,7178,4988,4906,4618,3984,3946,3962,5422,7950,10778,10756,10814,10104,9372,9380,9396,7976,7886,7908,7872,6930,5956,5538,5444,5588,5960,6920,7388,7416,7386,7425,7419,7396,7438,7410,7386,7368,7382,7426,7384,7426,7051,,
ROX,ROX1101,CTCT,roxburgh,Hydro,Hydro,1997-11-17,18720,24270,20110,3750,0,0,0,0,0,0,0,0,5940,18350,19880,19890,35640,39760,39800,40000,39930,39780,40040,40620,39870,39840,39510,39950,39970,37650,37930,37670,37770,39280,39860,39720,39880,37880,37760,37760,37500,37620,37860,37410,37670,37610,37630,37840,,
ROX,ROX2201,CTCT,roxburgh,Hydro,Hydro,1997-11-17,98940,82940,79390,79280,79090,79130,78930,78940,79160,78930,79350,79300,92730,97340,99270,100330,100610,100290,100310,100000,99210,98890,99240,98710,98960,99330,98510,99340,99450,93020,93600,93360,93320,98520,99140,98850,99240,94130,94020,93910,93550,93650,94110,93140,97670,98790,99140,99150,,
RPO,RPO2201,GENE,rangipo,Hydro,Hydro,1997-11-17,19800,19810,25630,27130,27140,27090,27140,27130,27140,27130,27140,27130,27640,37790,39480,39060,38440,38450,38440,38450,38450,38450,38430,38410,38440,38450,38440,38450,38450,38110,38060,38060,38050,38070,38040,38060,38180,38310,38300,38310,38300,38300,38300,38300,38310,38300,38300,38300,,
SFD,SFD2201,CTCT,stratford,Gas,Thrml,1997-11-17,0,0,0,0,0,0,0,0,0,0,0,0,0,0,0,0,0,0,0,0,0,0,0,0,0,0,0,0,0,0,0,0,0,0,0,0,0,0,0,0,0,0,0,0,0,0,0,0,,
SWN,SWN2201,TRUS,southdown,Gas,Thrml,1997-11-17,59540,59690,59950,60060,60000,60010,60040,59910,59940,59820,59730,59910,59940,59980,59990,59980,60010,59990,60070,60100,60070,60140,60100,60140,60100,60090,60080,60080,60150,60150,60160,60280,60200,60230,60170,60210,60150,60200,60180,60250,60200,60040,60200,60110,60060,60080,60050,60060,,
TKA,TKA0111,MERI,tekapo_a,Hydro,Hydro,1997-11-17,6410,6410,7150,5670,6150,6990,6530,6190,6500,4010,5370,7450,7710,5910,6160,6500,6700,6590,5940,6690,6320,6770,6360,6460,6890,6790,6240,6810,6550,6640,6580,6630,6650,6420,6690,6500,6630,6410,7080,6420,6910,6820,6650,6810,6630,6390,6450,6810,,
TKB,TKB2201,MERI,tekapo_b,Hydro,Hydro,1997-11-17,38570,38390,37230,37990,37930,38120,38150,38490,31030,31880,38430,38640,38570,38530,37860,38220,37740,37880,38540,38370,38370,38460,38530,38380,38580,39040,38500,38410,38990,38310,38860,38950,38110,38860,39000,38910,38520,39220,39260,39560,39160,38880,39130,39220,38730,38890,39120,39260,,
TKU,TKU2201,GENE,tokaanu,Hydro,Hydro,1997-11-17,18780,19710,11840,10190,9780,9650,9850,9560,9850,9850,10010,10510,10230,0,66460,86980,87420,87170,86870,87190,87110,87000,86930,86820,86950,73480,56310,56420,56570,57360,57380,57370,57310,57400,57260,56470,84030,106840,107200,108110,106710,105790,106860,105940,106410,74040,60750,33830,,
TMU,TMU1101,GENE,te_awamutu,Gas,Cogen,1997-11-17,13340,13330,13310,13360,13390,13380,13370,13390,13390,13470,13500,13510,13530,13510,13500,13470,13390,13290,13210,13090,12910,12750,12710,12670,12610,12550,12450,12400,12470,12500,12470,12520,12550,12580,12680,12750,12830,12770,12790,12810,12880,12920,12960,12960,13030,12930,12900,12900,,
TUI,TUI1101,GENE,waikaremoana,Hydro,Hydro,1997-11-17,3690,3390,3690,4270,4140,3820,3800,3670,3720,3740,3770,4000,4180,4080,4190,3470,17520,24870,24040,24280,24910,25400,24510,10240,3070,3080,3130,3060,3110,3100,3090,3080,3080,3080,3080,3060,3060,3070,3120,3260,3010,2900,3130,2990,3260,3540,3430,3340,,
WHI,WHI2201,CTCT,whirinaki,Diesel,Thrml,1997-11-17,0,0,0,0,0,0,0,0,0,0,0,0,0,0,0,0,0,0,0,0,0,0,0,0,0,0,0,0,0,0,0,0,0,0,0,0,0,0,0,0,0,0,0,0,0,0,0,0,,
WKM,WKM2201,MRPL,whakamaru,Hydro,Hydro,1997-11-17,18430,18130,17350,14800,15190,14520,18000,15960,12520,17870,23800,20130,24330,30910,30390,44850,46660,47160,47000,46920,46750,39650,33010,30110,30460,34420,34550,34340,32580,35250,35290,35610,39110,35130,37260,38130,38240,36310,35830,26190,23300,31040,34020,24250,17040,14760,16020,12220,,
WPA,WPA2201,MRPL,waipapa,Hydro,Hydro,1997-11-17,17190,11320,8710,9280,9060,9920,17210,16300,13220,16080,17720,16480,10970,14860,15380,18500,26770,27740,27810,27510,18170,14770,15380,24100,17960,17500,16290,16230,16240,16220,16150,20650,22400,18820,20680,23970,19740,14750,12440,15760,19200,20880,15540,15070,15530,10470,9880,9160,,
WRK,WRK2201,CTCT,wairakei,Geo,Geo,1997-11-17,74650,74870,74920,74870,74960,74760,74810,74840,74930,74830,74870,74920,74930,74940,75050,74900,74860,74880,74860,74860,75030,74930,74930,74960,74950,75050,75190,75050,74990,75090,74970,74670,75000,75060,74970,75000,75050,74720,74440,73750,74030,74670,74770,74560,74530,74840,74700,74600,,
WTK,WTK0111,MERI,waitaki,Hydro,Hydro,1997-11-17,14830,14800,14900,14890,14910,14960,14930,14880,14930,14930,14940,14850,14980,15000,14870,16340,16310,16710,17520,17950,20000,19850,19930,19900,19990,20740,22390,22380,22600,22270,22460,22440,22260,22420,22410,22340,22240,22260,22440,22520,22310,22260,22460,22330,22280,22360,22460,22510,,
ARA,ARA2201,MRPL,aratiatia,Hydro,Hydro,1997-11-18,12970,13490,13970,13970,13610,12110,12150,12460,14170,14360,14430,14320,16230,22550,25090,24760,24700,24660,24370,23960,19700,19800,20770,23340,24120,23850,24160,24250,24000,23890,24110,19820,20060,26380,28100,27960,27720,24100,19500,16400,14420,14570,14580,14620,14640,14650,14670,14680,,
ARG,ARG1101,TRUS,argyle_wairau,Hydro,Hydro,1997-11-18,5271,5270,5250,5176,5163,5162,5163,5158,159,0,0,0,0,0,4623,5326,5290,5205,5204,5163,5163,5190,5188,5178,5028,5140,2271,2319,2376,2398,2420,2433,2456,2466,5154,5202,5194,5185,5184,5187,5182,5176,5156,5152,5154,5181,5161,5136,,
ARI,ARI1101,MRPL,arapuni,Hydro,Hydro,1997-11-18,44220,43430,43800,43610,43670,43670,43740,43550,43760,43410,43890,43110,49420,62370,70380,70970,70820,70900,70090,71310,62140,60020,59900,59910,60070,60020,59950,59910,60170,60140,60110,66480,69490,72300,72530,71850,70100,60730,60050,59740,61940,59190,58930,60150,61070,63010,62850,49170,,
ATI,ATI2201,MRPL,atiamuri,Hydro,Hydro,1997-11-18,7620,8300,8430,8440,9440,9830,9820,9830,9780,9670,9610,9310,10030,18380,30250,35610,35530,35560,34170,30790,29960,24340,18760,18760,7670,7350,7310,7320,7490,6970,8030,13940,12200,18310,18380,18400,18480,18580,12250,9560,9990,9530,9590,9040,9570,10080,10010,8700,,
AVI,AVI2201,MERI,aviemore,Hydro,Hydro,1997-11-18,23440,24120,24290,6190,7340,7600,6850,7460,8010,17800,48660,46230,52620,78150,82330,81740,81720,82020,86930,78600,83140,84600,83930,83730,83080,83700,78290,79930,71480,63330,59160,59180,59210,59230,38020,44740,38640,23890,20990,6170,5140,8310,27560,28570,28480,28170,46220,54650,,
BEN,BEN2202,MERI,benmore,Hydro,Hydro,1997-11-18,107970,89620,113090,121430,112130,114760,106100,108540,111550,104150,75010,87040,101080,118880,114170,113510,111720,112410,112470,116770,136860,137310,137290,154020,174700,174780,174800,196760,211990,211920,209920,192430,163840,126640,126150,160780,114090,112920,99330,102760,104170,119080,111410,95240,81030,67840,85420,99950,,
BWK,BWK1101,TRUS,waipori,Hydro,Hydro,1997-11-18,0,0,0,0,0,0,0,0,0,0,0,0,0,738,2388,2328,2940,2280,1866,78,0,0,0,0,0,0,0,0,0,0,0,0,0,0,0,0,0,0,0,0,0,0,0,0,0,0,0,0,,
COB,COB0661,CTCT,cobb,Hydro,Hydro,1997-11-18,2780,2780,2890,2770,2820,2840,2800,2840,2770,2770,2930,2860,2850,2800,2860,2830,2810,2800,2850,2830,2810,2840,2800,2790,2780,2840,2800,2730,2870,2800,2780,2780,2710,2820,2820,2730,2680,2830,2770,2800,2890,2820,2780,2820,2830,2790,2830,2790,,
COL,COL0661,TRUS,coleridge,Hydro,Hydro,1997-11-18,17100,17100,17120,17140,17110,17110,17090,17090,17090,17090,17140,17120,17120,17110,17120,17120,17030,14230,14010,14010,14000,14020,14000,14650,13530,13810,13900,14060,17120,17110,17110,17110,17080,17090,17100,17100,17070,17100,17090,17090,17100,17100,17090,17080,17090,17090,17090,17060,,
CYD,CYD2201,CTCT,clyde,Hydro,Hydro,1997-11-18,106740,106460,104100,102760,103380,103310,103060,103300,102800,105440,153920,160790,156580,155210,155980,155380,186350,197050,197580,198050,197210,197980,197320,163730,155280,155930,155520,154860,156450,155800,155300,155700,154620,156230,159340,157620,157470,159170,158110,158430,156820,155680,155320,156170,155650,155330,155840,155060,,
HLY,HLY2201,GENE,huntly_1_4,Coal,Thrml,1997-11-18,174100,167470,145210,134020,129620,100860,100530,101420,101120,100880,100960,139770,172360,174060,178800,225440,242930,239870,243220,240630,240230,241490,241300,240740,188910,177040,189050,201880,208150,195020,217090,239710,242980,244180,243540,243810,243500,243330,225320,213590,189220,232710,242940,235830,183710,141550,116540,118770,,
HWA,HWA1101,TRUS,patea,Hydro,Hydro,1997-11-18,3508,3528,3532,3532,3532,3536,3536,3512,3524,3528,3512,3508,3500,3496,3492,3484,3488,3484,3488,3484,3488,3492,3488,3488,3488,3488,3496,3488,3488,3496,3492,3476,3468,3460,3460,3464,3472,3488,3484,3484,3496,3484,3484,3500,3504,3512,3512,3520,,
KIN,KIN0112,CHHE,kinleith,Wood,Cogen,1997-11-18,15944,15633,15583,14955,16711,17567,18299,17707,16178,16549,17418,17134,16706,16380,16058,16474,16278,16965,17141,18083,16952,15361,16220,16905,15120,15319,16564,16108,18533,18959,16930,17839,17308,17000,14826,15869,16116,15902,16417,16681,15013,15536,16026,18170,17408,19223,18172,18010,,
KPO,KPO1101,MRPL,karapiro,Hydro,Hydro,1997-11-18,31370,30750,31020,30890,30970,30970,30920,30920,31080,30800,31210,30590,30960,32720,38200,39550,39460,39450,38910,39710,39570,38510,33430,33600,33750,33720,33600,33620,33810,36980,39820,38820,39840,39460,39720,39580,39260,33040,34060,34160,38880,36530,36280,36560,34840,35040,34840,29190,,
MAN,MAN2201,MERI,manapouri,Hydro,Hydro,1997-11-18,296210,295920,295910,295520,295590,295500,295630,295690,295910,296080,250490,289630,296070,296100,296170,296120,296130,296170,296150,296210,296150,296170,296100,295990,295820,295650,295390,295230,295090,295060,294940,295100,295200,295440,295760,295810,296010,296160,296210,296230,296250,296380,296260,296430,296310,296290,296360,296230,,
MAT,MAT1101,TRUS,matahina,Hydro,Hydro,1997-11-18,0,0,0,0,0,0,0,0,0,0,0,0,0,0,0,0,0,0,0,0,0,0,0,0,0,0,0,0,0,0,0,0,0,0,0,0,0,0,0,0,0,0,0,0,0,0,0,0,,
MHO,MHO0331,KING,mangahao,Hydro,Hydro,1997-11-18,11730,11650,11670,11650,11710,11660,11660,11670,11690,11660,11730,11640,11680,11690,11740,11720,11730,11740,11650,11800,11800,11800,11790,11790,11790,11770,11780,11790,11820,11820,11800,11650,11820,11760,11800,11780,11740,11740,11750,11760,12110,11350,11210,11210,10990,11250,11220,11120,,
MTI,MTI2201,MRPL,maraetai,Hydro,Hydro,1997-11-18,50620,26940,24550,21280,36660,31120,18950,21230,33260,29940,45980,17360,44640,74350,77420,113620,91420,107090,70130,75770,55140,59530,77030,63770,81360,67330,55250,48330,38850,53670,37660,23150,47160,73700,89810,86120,64130,59420,49070,54480,105530,120480,71240,57270,41480,58430,48380,16670,,
NPL,NPL1101,CTCT,new_plymouth,Gas&Oil,Thrml,1997-11-18,113470,113510,113580,113540,113530,113590,113560,113540,113510,113450,113470,113490,114320,114510,113640,114290,114600,114580,114470,114560,114560,114680,114700,114720,114700,114710,114720,114680,114680,114650,114600,114560,114530,114530,114470,114420,114400,114410,114370,114400,114400,114460,114480,114570,114560,114620,114650,114670,,
NPL,NPL2201,CTCT,new_plymouth,Gas&Oil,Thrml,1997-11-18,58090,58090,58090,58250,58230,58250,58230,58240,58240,58240,58220,58210,59480,59750,57640,59430,59880,59880,59900,59900,59930,59940,59910,59960,59950,59960,59940,59960,59930,59910,59910,59880,59850,59850,59830,59810,59800,59800,59780,59790,59850,59840,59870,59900,59930,59920,59940,59980,,
OHA,OHA2201,MERI,ohau_a,Hydro,Hydro,1997-11-18,46780,44150,29920,12430,7800,6510,5340,3420,2950,2900,3970,3420,3310,24280,29980,52200,65970,55370,43600,33830,41620,33810,33610,38150,51180,48210,73300,47640,30850,30060,38150,59950,58570,61350,62160,60950,59880,62190,55340,55130,55990,55510,64290,57140,59630,66060,69280,68770,,
OHB,OHB2201,MERI,ohau_b,Hydro,Hydro,1997-11-18,39770,36040,30260,23040,8180,7840,8060,2380,2130,2100,2770,2420,2450,25420,38310,35520,36530,33110,44490,32250,32890,28280,26420,41220,46470,49850,49430,41620,45650,43910,40940,41420,48080,53020,52620,50440,57090,57200,57420,56210,55510,54400,58260,52930,51300,56170,62630,53260,,
OHC,OHC2201,MERI,ohau_c,Hydro,Hydro,1997-11-18,39940,39500,32320,29840,8810,7420,6690,2330,2070,2060,2820,2420,2390,22000,37170,35880,38680,32860,45090,33550,35230,26410,24790,43810,47630,46190,49480,41240,45130,42190,41400,42200,49520,51460,51620,50530,58620,59610,55090,55140,55980,54880,58630,52480,55060,53820,62170,53890,,
OHK,OHK2201,MRPL,ohakuri,Hydro,Hydro,1997-11-18,4010,7060,7480,7460,5400,3210,3220,2430,0,0,0,2700,14750,27720,44960,52830,52650,52490,52070,41640,40220,33200,26060,16730,13940,13890,13810,13800,13950,13940,14790,21020,20080,27220,27270,27260,27210,27230,27260,27210,27890,26980,26870,20910,14500,8480,8310,5930,,
OKI,OKI2201,CTCT,ohaaki,Geo,Geo,1997-11-18,27990,27470,28250,28330,27810,27180,27600,28330,28120,27770,27830,27760,23730,22710,22700,22780,22950,22940,22790,22920,22900,22980,22760,22910,22730,22700,22720,22860,22860,22610,22490,22440,22310,22110,24890,25070,25690,25670,25240,26490,27710,28650,28110,27850,28340,28250,27700,28100,,
OTA,OTA2221,CTCT,otahuhu_a,Gas,Thrml,1997-11-18,0,0,0,0,0,0,0,0,0,0,0,0,0,0,0,0,0,0,0,0,0,0,0,0,0,0,0,0,0,0,0,0,0,0,0,0,0,0,0,0,0,0,0,0,0,0,0,0,,
PPI,PPI2201,MRPL,poihipi,Geo,Geo,1997-11-18,520,470,700,540,510,500,500,500,480,520,540,570,600,640,660,6820,20490,20370,20300,20240,20320,20330,20320,20300,20220,20360,20190,20300,20270,20240,20270,20270,20210,20220,20250,20160,20240,20240,20280,20270,20350,20220,20270,20270,20300,7240,2010,1280,,
ROT,ROT1101,TRUS,wheao_flaxy,Hydro,Hydro,1997-11-18,7461,6046,5494,5464,5436,5432,5456,5490,5180,4906,4914,4898,4894,4924,6966,6869,7061,7384,7414,7406,7424,7342,6746,6384,6388,6420,6414,5650,5366,4954,4924,4950,4928,4950,6714,7360,7418,7408,7412,7382,7430,7382,7438,7268,6900,6954,6898,6905,,
ROX,ROX1101,CTCT,roxburgh,Hydro,Hydro,1997-11-18,20080,20050,1440,0,0,0,0,0,0,0,0,0,16580,53100,58060,58110,58060,58240,58010,58250,40810,38100,38310,38130,38390,38310,38240,38520,38210,38580,38190,38580,38340,38090,39940,39720,40060,39770,39770,40040,39980,37850,37130,37380,37090,37150,37130,37170,,
ROX,ROX2201,CTCT,roxburgh,Hydro,Hydro,1997-11-18,98670,99100,79230,76690,76840,76650,76800,76800,76720,87190,93690,93640,97730,80500,78210,78200,78100,78350,78200,78490,78360,78210,78390,78260,78440,78120,78140,78470,78050,78390,78140,78230,78410,78120,79570,78830,79500,79150,79320,79340,79270,79040,78930,79450,79040,79320,79290,79210,,
RPO,RPO2201,GENE,rangipo,Hydro,Hydro,1997-11-18,38310,38310,38300,38310,38310,38410,38310,38310,38310,38310,38320,38300,38330,38530,39530,40480,41330,41340,41320,41340,41110,41090,41060,41070,41080,41020,40690,40680,40830,40860,40670,39930,39540,38810,38790,38790,38790,38790,38800,38800,38790,38790,38800,38800,38790,38800,38780,38610,,
SFD,SFD2201,CTCT,stratford,Gas,Thrml,1997-11-18,0,0,0,0,0,0,0,0,0,0,0,0,0,0,0,0,0,0,0,0,0,0,0,0,0,0,0,0,0,0,0,0,0,0,0,0,0,0,0,0,0,0,0,0,0,0,0,0,,
SWN,SWN2201,TRUS,southdown,Gas,Thrml,1997-11-18,60090,60060,60130,60080,60080,60150,60130,60130,60160,60100,60010,60140,60130,60120,60190,60290,60370,60370,60320,60320,60370,60370,60420,60410,60430,60430,60450,60340,60390,60440,60430,60300,60450,60450,60480,60490,60470,60470,60510,60530,60610,60490,60500,60500,60210,60600,60660,60560,,
TKA,TKA0111,MERI,tekapo_a,Hydro,Hydro,1997-11-18,6960,6510,6360,6710,6640,6540,6500,7000,6400,4600,2710,3800,7850,7470,5820,5140,6630,6820,6060,6210,6400,6250,6610,6220,6040,6180,6270,6560,6150,6640,6730,6530,6100,6370,6790,6020,6030,6100,6230,6620,6340,5920,6480,6740,6520,6360,6380,6710,,
TKB,TKB2201,MERI,tekapo_b,Hydro,Hydro,1997-11-18,38690,38520,39030,38510,38730,38860,38660,38740,34800,22090,24650,34610,37020,37120,37370,37060,37190,37130,37360,37370,37250,37500,37240,37340,37300,37560,37430,37250,37870,37610,37510,37460,37070,37680,37760,37370,36990,37750,37460,37660,38120,37920,37810,38010,38100,37890,37990,37760,,
TKU,TKU2201,GENE,tokaanu,Hydro,Hydro,1997-11-18,390,0,0,0,0,0,0,0,0,0,0,0,0,6840,79060,111340,113950,113860,112990,114120,113950,114060,113890,113910,113940,113870,107760,106050,106500,106370,106380,107450,107600,108710,114850,114950,114640,114840,114970,115000,117530,114860,114520,114790,111770,73350,39720,0,,
TMU,TMU1101,GENE,te_awamutu,Gas,Cogen,1997-11-18,12910,12900,12840,12770,12850,12900,12910,12930,12840,13020,13130,13170,13130,13060,13130,13080,12990,12990,12920,12920,12870,12830,12870,12730,12750,11250,9120,9260,9380,9280,9440,10030,12750,12780,12750,12820,22480,12680,12910,13090,13050,13080,13080,13220,13200,13320,13440,13410,,
TUI,TUI1101,GENE,waikaremoana,Hydro,Hydro,1997-11-18,3590,3380,3440,3440,3480,3490,3500,3510,3550,3490,3660,3490,3590,3680,5820,22480,25970,26440,25600,26190,26180,24670,24270,8270,3250,3230,3210,3220,3230,3250,3220,2980,3250,3190,3300,3270,3190,3220,3200,3220,3780,3100,3020,3420,3570,5150,4970,4340,,
WHI,WHI2201,CTCT,whirinaki,Diesel,Thrml,1997-11-18,0,0,0,0,0,0,0,0,0,0,0,0,0,0,0,0,0,0,0,0,0,0,0,0,0,0,0,0,0,0,0,0,0,0,0,0,0,0,0,0,0,0,0,0,0,0,0,0,,
WKM,WKM2201,MRPL,whakamaru,Hydro,Hydro,1997-11-18,12070,12000,12060,12050,16480,20150,19970,19860,19900,19800,19920,19640,24270,30740,47340,46930,46930,46950,42900,46510,36360,33520,35550,33360,35550,33280,35400,28310,23810,23800,23780,23270,23830,27490,35680,35620,35500,35610,35570,35610,36740,35390,33170,24370,21780,22040,25430,25240,,
WPA,WPA2201,MRPL,waipapa,Hydro,Hydro,1997-11-18,9660,14590,12300,7600,10510,12130,10600,7940,9150,11420,12530,12660,15210,21020,25040,25610,27220,27120,25960,22510,21800,21140,15500,18090,21650,21690,21580,20200,16270,13500,13460,12840,15340,22030,24910,25530,22500,20070,19870,18510,21650,25760,27520,22320,18320,12480,12390,12120,,
WRK,WRK2201,CTCT,wairakei,Geo,Geo,1997-11-18,74630,74650,74770,74790,74250,74680,74880,74870,74770,74630,74840,74700,74830,74590,74840,75130,75050,75000,74970,74940,74660,74850,74520,74850,74880,74850,74700,74860,74950,74750,74630,74900,74940,74910,74840,74810,74910,75010,75020,74990,75120,75190,75230,75270,75040,75090,75370,75350,,
WTK,WTK0111,MERI,waitaki,Hydro,Hydro,1997-11-18,22260,21950,19910,19770,19880,19870,19790,19840,19700,19860,20100,19940,19990,22170,22480,22480,24880,24920,27390,27410,27420,29360,29870,29870,31820,32470,32430,32300,32470,32430,32330,32400,32240,32490,32460,32170,32220,32570,32320,32370,32190,29750,29780,29880,27600,27310,27340,27280,,
ARA,ARA2201,MRPL,aratiatia,Hydro,Hydro,1997-11-19,14700,14710,14730,14750,14770,14780,14800,14810,14830,14850,14860,14870,14870,20310,22760,26690,26970,26520,24230,21570,20680,20090,21070,21320,20070,23010,23400,23170,23000,19440,13570,13370,13780,18930,19060,19220,18710,18990,18340,19280,23200,26070,25140,24910,24540,24790,24720,24280,,
ARG,ARG1101,TRUS,argyle_wairau,Hydro,Hydro,1997-11-19,5138,5142,2640,2744,2788,2904,75,0,0,0,0,0,0,0,4510,5254,5230,5180,5061,5104,5114,5124,5094,5122,5127,5128,1744,1726,1774,1804,1820,1854,1911,5144,5253,5205,5192,5186,5162,5130,5126,5121,5132,5148,5146,5139,5164,5163,,
ARI,ARI1101,MRPL,arapuni,Hydro,Hydro,1997-11-19,37930,36370,36410,29790,27570,30950,29930,30630,29560,29490,29990,30200,52080,71260,71080,73760,73950,71840,72310,72480,72810,70440,71350,71530,69520,71460,71840,71460,68370,63120,63400,66760,68480,63460,62670,62280,60850,61550,60100,62150,62490,72560,70550,70250,69220,61760,60950,52560,,
ATI,ATI2201,MRPL,atiamuri,Hydro,Hydro,1997-11-19,4690,4720,8010,6620,4260,7840,10100,10180,9960,9880,9860,9730,16460,32660,35630,36510,36790,36960,36970,36840,36680,29550,15190,14740,13600,14920,15090,14920,15270,15110,9540,6740,13150,18650,27840,27850,27570,27700,22180,12770,12180,17710,12940,9310,8000,4420,4450,4340,,
AVI,AVI2201,MERI,aviemore,Hydro,Hydro,1997-11-19,55740,60610,29630,0,41790,8680,0,16750,24010,23850,22880,32940,54340,54380,54260,80710,87350,86100,88740,87940,76770,74250,69620,73300,78060,69550,48320,58010,59460,59490,56250,48830,56540,59460,59430,59430,59390,35930,31340,33490,32310,32230,31120,31880,31760,31200,32230,30520,,
BEN,BEN2202,MERI,benmore,Hydro,Hydro,1997-11-19,104290,53630,25670,74250,46830,41030,39590,13510,0,0,19480,0,0,14560,23170,36960,50610,67310,89980,84840,93690,118110,153750,156530,148350,125070,136020,136310,124250,121450,110250,154270,151350,142890,149400,114760,65210,50130,46460,58930,62830,96490,95690,85600,74170,76850,76740,67170,,
BWK,BWK1101,TRUS,waipori,Hydro,Hydro,1997-11-19,0,0,0,0,0,0,0,0,0,0,0,0,0,0,0,0,0,0,0,0,0,0,0,0,0,0,0,0,0,0,0,0,0,0,0,0,0,0,0,0,0,0,0,0,0,0,0,0,,
COB,COB0661,CTCT,cobb,Hydro,Hydro,1997-11-19,2850,2770,2800,2840,2850,2800,2820,2820,2930,2880,2770,2870,2790,2860,2860,2900,2720,2780,2800,2860,2820,2790,2770,2760,2790,2760,2820,2700,2770,2800,2850,2800,2700,2780,2760,2700,2820,2770,2740,2870,2800,2810,2750,2790,2790,2770,2820,2730,,
COL,COL0661,TRUS,coleridge,Hydro,Hydro,1997-11-19,17070,17050,17040,17060,17050,17040,17060,17070,17080,17070,17030,17020,17030,17050,17050,17070,17030,17100,17100,17010,17010,17010,17020,17010,17010,17010,17040,17020,17030,17020,17030,17020,17010,17030,17030,17020,17030,17030,17040,17060,17030,17040,17030,17040,17050,17030,17050,17020,,
CYD,CYD2201,CTCT,clyde,Hydro,Hydro,1997-11-19,105640,102760,102940,108200,108320,107820,108320,108960,109820,109530,108620,109600,152820,156060,191080,198440,195700,197010,197440,198690,197840,197510,196950,197320,197660,165240,158830,156720,158240,158520,159230,158450,187230,197570,197400,196410,198560,197730,197340,199220,198080,197880,197080,197720,197740,156690,158320,157220,,
HLY,HLY2201,GENE,huntly_1_4,Coal,Thrml,1997-11-19,118410,119150,119170,115560,103250,109040,106890,106510,103230,103890,104910,113570,115710,131710,197310,241830,241240,241040,241890,241370,240390,241140,241640,240710,239910,240710,240120,240430,240380,240220,239000,242640,242630,241930,243500,237650,239410,243780,243210,176260,164880,175520,231370,223210,217700,176220,155750,117370,,
HWA,HWA1101,TRUS,patea,Hydro,Hydro,1997-11-19,3528,3536,3536,3532,3544,3552,3548,3536,3528,3520,3508,3504,3488,3472,3464,3472,3492,3500,3516,3516,3532,3524,3524,3520,3532,3532,3524,3532,3524,3532,3520,3512,3504,3496,3496,3492,3508,3516,3508,3484,3480,3484,3484,3500,3496,3496,3504,3520,,
KIN,KIN0112,CHHE,kinleith,Wood,Cogen,1997-11-19,16482,16295,16731,17328,17458,17796,17836,16273,17766,17144,16011,15827,16487,16223,16763,16626,16043,15314,14156,14298,14109,14410,16188,16153,16173,16820,17119,17278,16681,14843,14739,15135,14731,14776,12772,16531,17126,16474,18038,18150,17707,18346,17124,15919,16499,16258,15889,17164,,
KPO,KPO1101,MRPL,karapiro,Hydro,Hydro,1997-11-19,30080,30140,30190,30170,30240,29900,30040,31810,29350,29330,30240,32390,32960,36490,33070,34740,38620,37090,37490,37620,37850,36730,34260,34540,32760,34710,35030,34250,33720,34520,34790,34320,34260,35900,36770,38490,37550,39210,39550,40670,40850,41830,33630,29860,29470,30350,30460,30570,,
MAN,MAN2201,MERI,manapouri,Hydro,Hydro,1997-11-19,296170,296060,295950,295790,295620,295480,295500,295530,295640,295750,295870,296110,296250,296380,296480,296160,277470,292370,296480,296580,296530,296500,296430,296900,296880,296780,296760,296410,296380,296230,296250,296130,296160,296310,296440,296570,296880,296950,297070,297220,297220,297320,297370,297360,297340,297430,287250,297210,,
MAT,MAT1101,TRUS,matahina,Hydro,Hydro,1997-11-19,0,0,0,0,0,0,0,0,0,0,0,0,0,0,0,0,0,0,0,0,0,0,0,0,0,0,0,0,0,0,0,0,0,0,0,0,0,0,0,0,0,0,0,0,0,0,0,0,,
MHO,MHO0331,KING,mangahao,Hydro,Hydro,1997-11-19,11200,11240,11250,11250,11230,11190,11220,11430,11160,11150,11270,11340,11320,11740,11280,11040,11310,11080,11110,11110,11160,11070,11210,11230,11000,11230,11280,11210,11600,12690,12760,12690,12460,12440,12430,12460,12360,12400,12270,12470,11890,11940,11670,11610,11530,11610,11640,11500,,
MTI,MTI2201,MRPL,maraetai,Hydro,Hydro,1997-11-19,22140,33270,31470,13170,25040,14440,23580,27390,16930,20280,29300,27460,45380,91710,101760,75080,109770,93820,69330,45200,29870,39680,46900,29030,13990,39280,46010,23550,26190,22600,41210,54010,47900,63320,69070,78400,60480,57500,19580,77030,99080,103390,73690,75620,57310,48370,34910,22580,,
NPL,NPL1101,CTCT,new_plymouth,Gas&Oil,Thrml,1997-11-19,114690,114360,113600,113700,113720,113760,113740,113710,113640,113700,113600,113610,113600,113420,113260,113290,113440,113460,113390,113420,113440,113510,113590,113530,113560,113570,113570,113560,113570,113560,113550,113560,113490,113460,113430,113440,113330,113390,113360,113370,113380,113340,113380,113410,113450,113380,113490,113450,,
NPL,NPL2201,CTCT,new_plymouth,Gas&Oil,Thrml,1997-11-19,59980,59980,59990,60010,59970,59980,59950,59950,59940,59910,59880,59880,59890,59850,59860,59810,58620,58600,58620,58640,58610,58640,58640,58640,58640,58630,58630,58640,58640,58640,58640,58640,58620,58640,58620,58620,58630,58620,58620,58610,58620,58630,58610,58610,58620,58620,58600,58630,,
OHA,OHA2201,MERI,ohau_a,Hydro,Hydro,1997-11-19,87620,88030,82010,62070,50850,48390,49210,53630,68760,78380,76520,80820,66040,80880,78020,88620,72540,84710,85040,86560,85930,80590,74680,74860,75610,75330,77790,84520,86720,87620,88620,87580,82270,82210,82240,79320,76940,71450,65520,54680,53130,52870,51420,52120,51930,51270,56970,54680,,
OHB,OHB2201,MERI,ohau_b,Hydro,Hydro,1997-11-19,73140,72830,73530,57560,39030,39300,47480,38440,38530,40910,41580,70140,67810,68730,64360,74270,68430,64870,74060,76090,72390,64790,59000,70180,67170,56810,58040,70560,70020,71650,72390,71990,68130,71760,70310,69090,62790,51840,51250,45340,42140,39550,37890,41090,50450,60690,71960,67620,,
OHC,OHC2201,MERI,ohau_c,Hydro,Hydro,1997-11-19,74380,73460,73800,55820,41420,46750,40690,36820,38280,41960,41860,69300,65380,70720,64530,74850,70420,67570,73180,74180,73550,66940,61630,65850,66210,57790,57370,72940,70810,71160,71880,71130,69790,70760,70840,69230,60470,50890,51630,43760,41160,42000,41050,41600,41560,66960,70860,66750,,
OHK,OHK2201,MRPL,ohakuri,Hydro,Hydro,1997-11-19,0,0,0,0,0,0,0,0,0,0,2780,13440,43920,52610,50770,51440,52650,51490,45000,40510,29700,26150,26700,26790,24470,25260,25650,25090,25460,25220,25450,27350,35450,38540,40860,33130,33940,23030,23620,15630,21490,28810,24810,20900,17560,14240,14200,14080,,
OKI,OKI2201,CTCT,ohaaki,Geo,Geo,1997-11-19,28620,28590,28300,28760,28890,28260,27710,28220,28130,28570,28190,28090,28560,28520,28510,27950,27980,28320,27870,27010,27710,28070,27950,27560,28050,28110,27730,27080,27750,26510,26410,26730,27160,27390,26930,27100,27360,27290,27100,27210,26950,27700,27680,27570,27330,27770,27900,27670,,
OTA,OTA2221,CTCT,otahuhu_a,Gas,Thrml,1997-11-19,0,0,0,0,0,0,0,0,0,0,0,0,0,0,0,0,0,0,0,0,0,0,0,0,0,0,0,0,0,0,0,0,0,0,0,0,0,0,0,0,0,0,0,0,0,0,0,0,,
PPI,PPI2201,MRPL,poihipi,Geo,Geo,1997-11-19,810,540,530,530,520,510,520,630,750,660,650,880,790,790,320,9570,20160,20170,20120,20140,20230,20160,19990,20030,19970,20090,20100,19970,19990,20050,20060,19940,19980,20030,19980,19910,19990,20000,20080,20180,20080,20150,20120,20190,20140,12300,1360,1390,,
ROT,ROT1101,TRUS,wheao_flaxy,Hydro,Hydro,1997-11-19,3599,3474,3464,3462,3462,3460,4126,4930,4946,4944,4964,4942,4954,7070,8526,8477,9365,10174,10332,8926,8360,8346,8374,8399,8345,8407,6745,5400,5482,5088,4988,5768,6428,6458,6443,6480,6427,6455,6397,6432,6472,6442,6436,6844,7262,8284,8214,7814,,
ROX,ROX1101,CTCT,roxburgh,Hydro,Hydro,1997-11-19,37300,36800,20150,18390,18190,18290,18390,18170,19610,19820,19850,19860,19850,19860,38100,39800,58220,59770,59690,59720,59320,59790,59410,59710,59740,59730,59730,59260,59830,59710,59690,59590,44100,39810,39910,39890,40000,39960,39750,39890,39780,39840,39870,39840,40090,39920,39820,39820,,
ROX,ROX2201,CTCT,roxburgh,Hydro,Hydro,1997-11-19,79190,79190,79140,75830,75090,75520,75930,76610,79030,79160,79500,79050,79290,79350,79120,79050,79320,79470,79300,79340,78940,79310,78950,79240,79390,79330,79330,78840,79340,79180,79360,79260,97450,98800,99000,98920,99040,99090,98890,98940,98810,98900,98810,99000,99250,99230,98980,99040,,
RPO,RPO2201,GENE,rangipo,Hydro,Hydro,1997-11-19,38530,38540,38550,38550,38550,38550,38550,38580,38540,38550,38550,38540,38560,38590,38240,38690,38680,38830,39140,39310,39240,38810,38800,38790,38710,38290,38290,37720,37530,37520,37530,37510,37510,36430,36410,38460,37980,37520,37530,37540,37530,37540,37530,37540,37530,37530,37540,37530,,
SFD,SFD2201,CTCT,stratford,Gas,Thrml,1997-11-19,0,0,0,0,0,0,0,0,0,0,0,0,0,0,0,0,0,0,0,0,0,0,0,0,0,0,0,0,0,0,0,0,0,0,0,0,0,0,0,0,0,0,0,0,0,0,0,0,,
SWN,SWN2201,TRUS,southdown,Gas,Thrml,1997-11-19,60580,60610,60610,60610,60600,60610,60600,60610,60540,60560,60590,60600,60560,60680,60130,58510,59290,59850,60490,60390,60450,60500,60640,60220,60340,60590,60510,60470,60640,60560,60560,60530,60570,60260,60450,60530,60490,60610,60540,60650,60680,60730,60680,60680,60660,60650,60680,60650,,
TKA,TKA0111,MERI,tekapo_a,Hydro,Hydro,1997-11-19,6370,6530,6260,6520,5960,6670,6760,6330,6170,6680,6350,5710,6330,6620,6250,6280,6520,6290,6080,6230,6760,6420,5580,6250,6470,6110,6240,6610,6320,5950,6480,6300,6250,6390,6460,5970,6160,6780,6330,6190,6590,6220,6270,6260,6180,6480,6090,6310,,
TKB,TKB2201,MERI,tekapo_b,Hydro,Hydro,1997-11-19,38010,37480,37550,37600,37670,37510,37550,37590,38070,37810,37200,37760,37200,37560,37620,37780,36870,37210,37370,37570,37470,37170,37200,37060,37330,37100,37500,36930,37370,37480,37680,37530,37160,37570,37420,37230,37700,37440,37350,37960,37490,37410,37100,37080,37050,36760,37040,36640,,
TKU,TKU2201,GENE,tokaanu,Hydro,Hydro,1997-11-19,0,0,0,0,0,0,0,0,0,0,0,0,0,0,82770,102260,100180,97580,98210,98510,98750,96280,95780,88520,80980,83610,67380,64190,64770,64430,64740,64410,65080,66250,69720,98580,98910,101470,99960,102250,102950,104520,101090,63710,10420,0,0,0,,
TMU,TMU1101,GENE,te_awamutu,Gas,Cogen,1997-11-19,13420,13370,13210,13080,13160,13150,13180,13170,13170,13110,13260,13700,26520,13380,13250,13130,13050,13010,13010,12930,12800,12560,9010,8940,9130,11750,12800,12730,12810,12700,11170,9100,12520,12760,12810,12800,13320,12920,13290,13070,13110,13210,13200,13230,13280,13250,13310,13450,,
TUI,TUI1101,GENE,waikaremoana,Hydro,Hydro,1997-11-19,4480,4520,4530,4560,4560,4420,4490,3940,1880,1780,2910,3810,3030,4280,2940,22200,25200,23780,23650,23710,24070,24240,23910,23070,23920,34470,41310,8070,3380,3390,3440,3380,3410,3380,3390,3470,3250,3360,3180,3440,3450,3370,2730,2750,2710,2850,2900,2750,,
WHI,WHI2201,CTCT,whirinaki,Diesel,Thrml,1997-11-19,0,0,0,0,0,0,0,0,0,0,0,0,0,0,0,0,0,0,0,0,0,0,0,0,0,0,0,0,0,0,0,0,0,0,0,0,0,0,0,0,0,0,0,0,0,0,0,0,,
WKM,WKM2201,MRPL,whakamaru,Hydro,Hydro,1997-11-19,22670,5280,12140,12640,8200,11830,5200,6710,9440,9440,9750,11290,21290,34020,42460,45190,46800,45560,45900,46010,46210,45600,46030,43200,40190,34380,35810,33750,33930,33730,33780,33550,28170,24750,24750,28040,46480,46840,43250,42700,43150,46730,45010,39280,35280,34510,30410,28530,,
WPA,WPA2201,MRPL,waipapa,Hydro,Hydro,1997-11-19,11550,7500,7500,5860,3920,7950,8250,8490,8390,8420,8620,15190,15490,22970,24080,23750,26190,27260,26520,22050,17430,12250,13950,10370,7390,9390,14500,11960,12120,9950,11110,16510,17380,18720,20280,22160,22960,20260,12270,13910,23910,26680,26030,25440,20250,17670,10250,7520,,
WRK,WRK2201,CTCT,wairakei,Geo,Geo,1997-11-19,74930,75110,75490,75440,75260,75410,75510,75450,75260,75040,75540,75590,75570,74980,74830,75320,75270,74370,74490,74920,74950,74740,74610,74900,74730,74820,74890,74900,75010,75110,74950,74740,74900,74920,74820,74730,74740,74940,74990,74690,74640,74860,75260,75120,74780,74950,74590,74860,,
WTK,WTK0111,MERI,waitaki,Hydro,Hydro,1997-11-19,26610,24800,25690,27320,27330,27280,27280,27200,27300,27170,26990,25310,24630,24700,24710,24710,24950,27240,27320,27460,27440,26950,24910,24900,24980,24900,25000,24720,24930,25000,25110,24930,24800,24970,24960,24830,25050,24030,22430,22440,22280,22300,22230,22310,22280,22290,22390,22240,,
ARA,ARA2201,MRPL,aratiatia,Hydro,Hydro,1997-11-20,20020,11950,12820,12890,13190,14120,14600,14670,14680,14710,14710,14760,21030,22280,22320,25660,27940,28660,28550,27280,18050,20080,22610,21690,21250,21380,21650,26170,27650,24470,25460,25880,25610,26170,28620,28600,28590,28560,28500,28330,25940,21630,17290,13360,12530,12560,12620,12640,,
ARG,ARG1101,TRUS,argyle_wairau,Hydro,Hydro,1997-11-20,5152,5157,5180,5190,5146,872,10,0,0,0,0,0,0,0,4449,4940,5026,5049,5018,5031,5058,5058,5012,5060,5060,5061,5061,5062,5064,5064,5089,5086,5079,5078,5073,5071,5083,5103,5071,5072,5080,5097,5082,5068,5047,5119,5134,5138,,
ARI,ARI1101,MRPL,arapuni,Hydro,Hydro,1997-11-20,39060,32580,30360,31040,31770,35650,37170,41030,40920,41030,40800,41070,51050,66600,67020,67150,69300,69770,70290,70480,70770,70710,70890,71080,69850,59860,60790,59930,51430,44000,43630,42280,43540,63010,66390,71110,61000,56660,57040,57640,58440,58100,58120,58050,58410,56040,46210,48630,,
ATI,ATI2201,MRPL,atiamuri,Hydro,Hydro,1997-11-20,4300,4450,3900,3070,3500,7840,9730,10120,10100,10090,9890,9770,16430,22850,23960,32490,31400,32500,29290,25860,23470,23450,23600,22960,15010,8420,8490,9900,15260,18620,18930,21040,29110,31010,31970,29180,30860,28920,23990,14160,19980,26300,19450,19620,14160,12240,6070,3600,,
AVI,AVI2201,MERI,aviemore,Hydro,Hydro,1997-11-20,33630,32050,29480,26080,22680,22170,23140,23110,22410,22680,26550,30220,45230,46250,32440,30580,32880,42390,43030,42020,44110,43500,42650,46290,42690,44340,43740,42390,42130,46750,44140,43730,44130,44210,42240,43980,43050,43020,35040,27550,28860,44490,54570,56850,51340,33630,37430,27730,,
BEN,BEN2202,MERI,benmore,Hydro,Hydro,1997-11-20,100360,101090,58680,43280,42560,42430,42840,42740,42520,42570,42240,42890,42350,63170,72860,122880,131980,118910,121130,119880,113790,152560,139110,142600,159010,163960,169390,168620,150630,118850,151380,150960,142580,146420,149360,140420,143800,121360,108250,97180,98680,101390,101370,103190,91180,75810,90540,79470,,
BWK,BWK1101,TRUS,waipori,Hydro,Hydro,1997-11-20,0,0,0,0,0,0,0,0,0,0,0,0,0,0,0,0,0,0,0,0,0,0,0,0,0,0,0,0,0,0,0,0,0,0,0,0,0,0,0,0,0,0,0,0,0,0,0,0,,
COB,COB0661,CTCT,cobb,Hydro,Hydro,1997-11-20,2910,2800,2690,2890,2840,2780,2870,2880,2800,2840,2780,2900,2810,2850,2840,2800,2730,2800,2820,2770,2860,2840,2710,2890,2720,2780,2780,2700,2660,2910,2800,2760,2780,2810,2720,2810,2770,2790,2810,2790,2840,2840,2780,2810,2800,2800,2820,2860,,
COL,COL0661,TRUS,coleridge,Hydro,Hydro,1997-11-20,17050,17030,17010,17070,17040,17020,17050,17030,17030,17050,17030,17050,17040,17040,17030,17040,17020,17050,17100,17130,17130,17110,17090,17130,17080,17080,17070,17080,17100,17150,17130,17130,17130,17140,17140,17140,17140,17140,17100,17040,17080,17120,17120,17130,17120,17130,17110,17100,,
CYD,CYD2201,CTCT,clyde,Hydro,Hydro,1997-11-20,154540,153110,151610,154040,145220,142750,144200,144070,143110,143360,142710,144440,143250,186660,197570,197110,195850,197340,197710,196770,198700,197610,196000,199570,196110,197800,197240,195820,195630,199730,197330,197300,197550,197960,196390,197900,194600,192190,192960,192190,193160,192880,191820,192540,191790,192390,192270,193310,,
HLY,HLY2201,GENE,huntly_1_4,Coal,Thrml,1997-11-20,117330,118090,113320,103970,94940,84050,85020,85280,77470,91470,104780,113610,117110,137450,206710,243630,243160,244120,245020,244880,243550,244050,244140,244590,244390,243980,243420,243990,244660,244780,244800,244750,244820,244840,243760,244220,243840,243710,244310,236100,244290,244290,243290,244090,244270,227350,166050,119150,,
HWA,HWA1101,TRUS,patea,Hydro,Hydro,1997-11-20,3520,3512,3532,3540,3536,3532,3532,3540,3552,3532,3516,3512,3492,3484,3480,3488,3488,3488,3484,3488,3496,3496,3496,3496,3500,3504,3500,3504,3508,3504,3500,3492,8272,8992,8984,8996,9008,9024,9036,9012,3736,3496,3516,3504,3516,3524,3536,3540,,
KIN,KIN0112,CHHE,kinleith,Wood,Cogen,1997-11-20,16561,16760,18063,17731,16472,17487,16643,17039,16790,17109,17537,17054,15767,12951,11866,11263,11286,11039,11711,9369,11326,10377,5330,6533,3759,3418,6214,10437,7818,7143,7282,7215,6565,5627,1865,0,0,0,0,179,9428,12204,10730,12170,12209,12707,13793,14522,,
KPO,KPO1101,MRPL,karapiro,Hydro,Hydro,1997-11-20,30110,30420,32450,32350,33640,31370,29870,31900,31720,31920,31600,32300,29800,32110,32450,32310,33330,32480,31800,31960,32170,32090,32180,32280,31980,34060,38010,37670,37750,36420,37340,37890,38040,37620,38820,39410,39510,39280,39550,39980,39670,39720,36750,36410,36760,34560,32980,32690,,
MAN,MAN2201,MERI,manapouri,Hydro,Hydro,1997-11-20,297530,297390,297260,297300,297150,296890,296710,296870,296710,296760,296740,297060,297260,297420,297550,297650,297630,297890,297950,298030,298160,298090,298040,298270,298080,298080,297950,272450,297460,297600,297310,297240,297330,297300,297310,297450,297380,298120,297980,298070,297930,298270,298270,298340,298340,298380,298490,298490,,
MAT,MAT1101,TRUS,matahina,Hydro,Hydro,1997-11-20,0,0,0,0,0,0,0,0,0,0,0,0,0,0,0,0,0,0,0,0,0,0,0,0,0,0,0,0,0,0,0,0,0,0,0,0,0,0,0,0,0,0,0,0,0,0,0,0,,
MHO,MHO0331,KING,mangahao,Hydro,Hydro,1997-11-20,11470,11510,11760,11740,11890,11640,11440,11690,11660,11700,11680,11750,11430,11740,11820,11820,11870,11690,11660,11670,11690,11670,11690,11710,11660,11720,11710,11650,11660,11500,11600,11690,11710,11680,11700,11670,11690,11650,11670,11700,11710,11690,11670,11650,11690,11690,11660,11630,,
MTI,MTI2201,MRPL,maraetai,Hydro,Hydro,1997-11-20,13500,11630,21730,20870,25130,15570,6210,15820,11120,26630,20850,33040,29560,64880,77660,101380,119780,127500,114870,98790,81890,68440,90210,70950,31930,49040,74200,44740,67880,66230,54080,78050,78900,59630,83310,85800,59160,60560,36910,81160,59010,66960,62390,36720,38960,30480,56160,45010,,
NPL,NPL1101,CTCT,new_plymouth,Gas&Oil,Thrml,1997-11-20,113440,113490,113510,113520,113480,113440,113420,113460,113460,113440,113420,113400,113340,113460,113400,113150,113250,113360,113410,113340,113410,113450,113430,113450,113460,113520,113480,113520,113480,113460,113330,113410,113380,113350,113500,113410,113420,113430,113370,113380,112030,110440,105530,100600,88650,78650,56040,56090,,
NPL,NPL2201,CTCT,new_plymouth,Gas&Oil,Thrml,1997-11-20,58610,58630,58630,58630,58620,58610,58640,58610,58610,58630,58630,58610,58610,58630,58630,58630,58620,58660,58620,58610,58640,58640,58590,58640,58670,58630,58640,58660,58650,58640,58650,58660,58640,58640,58650,58640,58630,58640,58570,59930,61570,62680,68270,73050,85390,94020,111940,112930,,
OHA,OHA2201,MERI,ohau_a,Hydro,Hydro,1997-11-20,60900,60690,54590,47140,28730,40160,34390,34270,51490,49930,35750,36700,64310,59090,83100,82370,78360,74830,75870,74590,73130,60800,59060,61380,69240,53290,68130,74450,59010,59700,56810,56440,56690,57230,55060,56980,71690,68260,68980,68310,69270,66840,65990,58430,55890,44290,55000,45500,,
OHB,OHB2201,MERI,ohau_b,Hydro,Hydro,1997-11-20,54150,50640,46800,38270,31970,32710,29850,16500,15830,8990,26580,41520,59180,64710,68020,72990,72840,73950,65860,58050,58990,49470,47820,51110,55810,63590,60620,59940,53950,54850,49990,51370,53540,52680,48920,52300,50370,50920,51780,39820,48550,51210,57940,44610,42570,31650,44370,47490,,
OHC,OHC2201,MERI,ohau_c,Hydro,Hydro,1997-11-20,53100,51680,48100,40580,30240,32790,29320,18420,7920,7050,30190,41270,62300,62950,69710,73790,70690,62270,64360,67890,60250,49620,48630,50000,58640,61420,61080,59920,52880,53080,51240,51140,51350,51650,50400,51620,51070,51030,50640,39750,49780,57100,59420,43650,44580,33940,43810,45640,,
OHK,OHK2201,MRPL,ohakuri,Hydro,Hydro,1997-11-20,14040,13990,10300,7300,7750,11590,11360,9180,9140,2990,0,290,16350,20450,20750,34430,41620,41390,42220,42210,42190,42110,42040,42000,39950,35130,34850,34550,32090,29950,26290,28310,36280,39720,40950,40920,27850,24190,32690,34010,30200,31450,24520,27830,20620,15200,9650,7100,,
OKI,OKI2201,CTCT,ohaaki,Geo,Geo,1997-11-20,26910,27920,27500,27530,27380,27740,27720,27440,27750,27990,27480,27200,27260,27370,27850,27570,27240,27150,27550,27720,27380,26220,27250,27110,27050,26940,27040,27310,28130,29770,30080,29910,29100,29500,29410,29350,29610,30060,29500,30070,29340,29100,28970,29470,29330,29580,29620,30000,,
OTA,OTA2221,CTCT,otahuhu_a,Gas,Thrml,1997-11-20,0,0,0,0,0,0,0,0,0,0,0,0,0,0,0,0,0,0,0,0,0,0,0,0,0,0,0,0,0,0,0,0,0,0,0,0,0,0,0,0,0,0,0,0,0,0,0,0,,
PPI,PPI2201,MRPL,poihipi,Geo,Geo,1997-11-20,600,480,580,400,270,250,300,350,340,330,340,330,230,350,1260,15330,20100,20000,20030,20030,20130,20040,19960,19950,19920,20020,20060,19830,19900,20030,20070,20040,20210,20080,19940,19970,19920,20040,19990,19900,19940,19960,19880,19950,20060,7340,1210,920,,
ROT,ROT1101,TRUS,wheao_flaxy,Hydro,Hydro,1997-11-20,7464,7472,7195,6411,6106,4858,4982,4964,4962,4978,4920,4948,4950,5068,6810,8452,7436,7454,7382,7422,7382,7418,9804,10946,9982,8868,8338,6826,4954,4964,4368,4448,7044,8324,8404,8421,8383,8430,8368,8398,8394,8216,7422,5326,3472,3476,3462,3457,,
ROX,ROX1101,CTCT,roxburgh,Hydro,Hydro,1997-11-20,39920,39820,39830,39840,39840,23580,19930,19830,19880,19870,19940,20020,37880,39890,39890,39890,39850,40170,39950,39720,39930,39510,39960,39980,39590,40110,39860,39780,41150,50150,50420,50810,50690,50840,50740,50830,50240,49420,49790,49480,49910,49630,56060,59640,59520,60020,59650,59920,,
ROX,ROX2201,CTCT,roxburgh,Hydro,Hydro,1997-11-20,99000,98940,98950,98870,98920,98800,99330,98900,99250,99040,99210,99160,98710,99180,99260,99010,99150,99520,99100,98890,99220,98590,99130,99070,98550,99030,99160,99050,99120,88830,87190,87850,87850,87840,87650,88160,91020,93650,94040,93530,94150,93870,93440,94020,93530,94400,93750,94050,,
RPO,RPO2201,GENE,rangipo,Hydro,Hydro,1997-11-20,37170,35770,35760,35760,35770,35730,35770,35770,35770,35780,35760,35770,35760,35760,35760,35760,35770,35770,35760,35780,35770,35750,35780,35750,35770,35760,35750,35750,35770,35760,35760,35770,35760,35760,35770,35780,35760,35760,35770,35760,35760,35760,35760,35770,35760,35760,35750,35750,,
SFD,SFD2201,CTCT,stratford,Gas,Thrml,1997-11-20,0,0,0,0,0,0,0,0,0,0,0,0,0,0,0,0,0,0,0,0,0,0,0,0,0,0,0,0,0,0,0,0,0,0,0,0,0,0,0,0,0,0,0,0,0,0,0,0,,
SWN,SWN2201,TRUS,southdown,Gas,Thrml,1997-11-20,60680,60730,60750,60800,60830,60760,60730,60780,60800,60750,60730,60720,60700,60780,60770,60730,60660,60190,60540,60660,60820,60810,60840,60800,60800,60800,60770,60760,60650,60580,60590,60610,60580,60580,60540,60620,60610,60550,60590,60580,60590,60580,60540,60530,60540,60540,60580,60590,,
TKA,TKA0111,MERI,tekapo_a,Hydro,Hydro,1997-11-20,6160,6300,6410,5750,5330,6020,6370,6040,6030,6000,6060,5950,6630,6080,6380,6300,6030,6240,6060,6420,6620,5880,6540,6290,6040,6210,6460,6130,5910,6180,6400,6000,6490,6390,5600,6550,6620,5890,6290,6810,6000,5660,6850,6150,5930,6560,6090,6030,,
TKB,TKB2201,MERI,tekapo_b,Hydro,Hydro,1997-11-20,37460,36970,36290,37380,37210,36880,37180,37160,36700,36940,36560,37170,36840,37000,37000,36900,36620,36930,37110,36830,37460,37400,36670,37620,36930,37240,37240,36750,36450,37640,37100,36950,37010,37220,36780,37290,37120,37250,37410,37320,37430,37310,37120,37260,37050,36880,37030,37190,,
TKU,TKU2201,GENE,tokaanu,Hydro,Hydro,1997-11-20,0,0,0,0,0,0,0,0,0,0,0,0,0,0,69800,87380,87470,86760,89010,89040,88050,87520,87550,87640,87350,86870,58960,58240,58280,57350,58100,58640,58700,58520,58610,58530,58630,58520,58700,58620,58690,58520,58510,55180,0,0,0,0,,
TMU,TMU1101,GENE,te_awamutu,Gas,Cogen,1997-11-20,13530,13530,13570,13550,13540,13410,13310,13420,13470,13520,13400,13430,13410,13390,13310,13140,13040,12960,12990,12780,12750,12670,12770,12730,12650,12710,12680,12680,12620,12600,12600,12560,12560,12580,12660,12670,12670,12690,12710,12790,12810,12850,12830,12890,12930,13000,13000,12950,,
TUI,TUI1101,GENE,waikaremoana,Hydro,Hydro,1997-11-20,2750,2710,3950,3560,3620,3170,2580,3240,3280,3330,3260,3540,2890,3400,3570,4160,24820,23670,23550,23580,23690,23710,23710,23710,23560,23710,5770,4260,3840,3460,3870,4100,4110,19330,6620,4110,3430,3440,3470,3510,3520,3450,3460,3490,3550,3520,3490,3520,,
WHI,WHI2201,CTCT,whirinaki,Diesel,Thrml,1997-11-20,0,0,0,0,0,0,0,0,0,0,0,0,0,0,0,0,0,0,0,0,0,0,0,0,0,0,0,0,0,0,0,0,0,0,0,0,0,0,0,0,0,0,0,0,0,0,0,0,,
WKM,WKM2201,MRPL,whakamaru,Hydro,Hydro,1997-11-20,27110,8730,5830,5780,6160,5580,4910,5620,5580,2460,840,1310,31370,47930,48220,48180,48430,47700,47630,47720,47840,47730,47730,47770,47220,39580,41950,46800,40540,35910,33300,32200,32340,37050,45550,47490,39750,40370,35690,30760,36600,36480,36500,35610,26380,23050,19500,17160,,
WPA,WPA2201,MRPL,waipapa,Hydro,Hydro,1997-11-20,7340,7510,4910,6260,7200,6500,6700,6720,6690,7490,8000,8160,12180,19590,23020,23690,27150,28350,28560,28560,28520,28390,28090,26950,19050,13610,18100,18590,15290,23900,19890,21620,23020,22260,21060,25040,24810,15450,13630,17430,21730,23980,20720,17520,12620,11060,11150,16090,,
WRK,WRK2201,CTCT,wairakei,Geo,Geo,1997-11-20,74730,74690,74820,74870,74920,74780,74930,74950,74870,74770,74770,74760,75060,74770,74590,74790,74880,74700,74660,74750,74890,75050,74940,74580,74630,74760,74500,74270,74480,74590,74670,74440,74300,74660,74310,73880,73840,73600,74170,74140,74320,74470,74630,74900,74790,74820,75070,75090,,
WTK,WTK0111,MERI,waitaki,Hydro,Hydro,1997-11-20,22490,22330,22180,22420,22310,22210,22450,22410,22290,22340,22210,22380,22260,22330,22300,22240,22210,22340,22400,22310,22460,22350,22220,22500,22280,22370,22370,22280,22230,22580,22400,22400,22400,22440,22330,22440,22410,22410,20700,19780,17970,17350,17290,17400,17350,17420,17340,17420,,
ARA,ARA2201,MRPL,aratiatia,Hydro,Hydro,1997-11-21,12740,11960,12610,12460,13350,13000,12960,12970,12950,13090,12910,13040,13160,13270,15750,21650,21140,21200,21970,27170,25550,19450,19630,19870,19480,20130,26650,28360,27910,27720,27990,28020,27600,27450,27620,27390,19620,19360,19660,20270,20210,20300,19150,13620,13520,13860,13980,13810,,
ARG,ARG1101,TRUS,argyle_wairau,Hydro,Hydro,1997-11-21,5115,5120,5157,5124,5128,5155,5151,5145,5140,5139,5133,5139,3836,3821,5182,5188,5114,5102,5115,5124,5145,5150,5132,5098,5096,5098,3795,3824,3826,3818,3873,3902,3916,3933,5180,5196,5188,5178,5174,5166,5097,5082,5040,5026,3720,3778,886,8,,
ARI,ARI1101,MRPL,arapuni,Hydro,Hydro,1997-11-21,46840,44910,49710,51220,53680,52540,52260,52180,51890,52330,51620,51870,52110,52330,59480,61970,67740,69000,58900,61750,61810,60450,58580,59200,58780,59300,56310,58940,58900,58860,59820,68600,68720,68690,68450,68470,68530,68430,66800,64080,64100,64740,63500,63290,61530,63840,65520,62750,,
ATI,ATI2201,MRPL,atiamuri,Hydro,Hydro,1997-11-21,1160,1090,5810,4320,7570,5000,4360,7810,3670,3780,4120,3040,4230,14470,33090,35850,35430,36110,37410,37230,37060,36920,36760,33130,28430,28590,26290,10320,16360,15750,14910,10090,9540,9550,9480,9610,15820,19010,18970,19120,19190,21230,19740,19080,8970,7190,7140,8590,,
AVI,AVI2201,MERI,aviemore,Hydro,Hydro,1997-11-21,26380,25670,22410,17690,5740,4890,5410,5450,4870,4370,4710,5000,26330,31310,32440,52650,48030,46900,48180,34670,23360,23030,26620,26420,27290,53320,44250,51670,52330,50270,50080,49530,50830,51400,50110,48680,23950,60,0,0,0,35530,50310,48380,53100,48740,53220,55110,,
BEN,BEN2202,MERI,benmore,Hydro,Hydro,1997-11-21,75850,73140,46880,43370,43250,43030,43420,43170,43020,43000,43070,43130,43210,60350,77350,107030,145610,127100,116110,107230,113360,84660,49350,44600,43920,23250,23710,20070,8160,23400,23130,33710,77810,78030,76960,78460,73240,77610,78090,74040,76540,91260,110020,132970,122030,108510,105370,112420,,
BWK,BWK1101,TRUS,waipori,Hydro,Hydro,1997-11-21,0,0,0,0,0,0,0,0,0,0,0,0,0,0,0,0,0,0,0,0,0,0,0,0,0,0,0,0,0,0,0,0,0,0,0,0,0,0,0,0,0,0,0,0,0,0,0,0,,
COB,COB0661,CTCT,cobb,Hydro,Hydro,1997-11-21,2890,2870,2700,2860,2870,2800,2860,2870,2810,2800,2840,2850,2850,2890,2850,2810,2810,2770,2820,2810,2840,2790,2800,2810,2800,2770,2850,2870,2900,2790,2770,2730,2800,2820,2750,2810,2780,2830,2850,2630,2790,2850,2920,2820,2820,2880,2790,2850,,
COL,COL0661,TRUS,coleridge,Hydro,Hydro,1997-11-21,17120,17110,17060,17100,17090,17080,17100,17090,17100,17100,17070,17080,17070,17070,17060,17060,17060,17050,17050,17050,17050,17040,17060,17040,17050,16980,17050,17070,17040,17010,17050,17050,17090,17100,17100,17110,17090,17110,17100,16850,17070,17090,17070,17060,17050,17060,17050,17060,,
CYD,CYD2201,CTCT,clyde,Hydro,Hydro,1997-11-21,197610,197800,190370,192800,193090,191770,192850,192830,191980,191800,192270,192840,192430,210040,212540,211770,211610,211260,211940,212170,212440,211920,211990,212040,212120,211450,213390,213220,213760,211820,211480,211030,212200,212590,211320,212740,211750,212550,212920,209330,211710,163410,144770,143020,143430,143960,142850,143460,,
HLY,HLY2201,GENE,huntly_1_4,Coal,Thrml,1997-11-21,120050,119650,119710,107690,76780,75550,73280,68890,65470,70080,75770,106940,172080,178760,185170,238210,243680,244580,243130,244980,244960,244310,243350,243700,243670,234910,231840,216990,230460,239930,231130,230720,240530,242580,232040,239850,230830,231810,238470,231870,244210,243970,244070,244300,225410,171800,119270,116200,,
HWA,HWA1101,TRUS,patea,Hydro,Hydro,1997-11-21,3536,3536,3544,3552,3548,3556,3556,3556,3552,3536,3540,3524,3524,3512,3508,3504,3508,3504,3508,2780,3504,4428,3500,3496,3504,3512,3512,3504,3508,3708,3440,3432,8396,8912,8896,8912,8920,8932,8948,8960,3656,3444,3432,3440,3452,3460,3468,3468,,
KIN,KIN0112,CHHE,kinleith,Wood,Cogen,1997-11-21,13255,13442,14687,15872,16056,15523,14921,15264,14428,14821,14776,14241,15065,14627,14707,14632,14542,14575,15025,14248,17448,18015,15354,11998,12911,11460,6493,3652,0,0,0,0,0,0,0,2218,0,0,0,0,0,0,513,7641,11806,14024,10900,0,,
KPO,KPO1101,MRPL,karapiro,Hydro,Hydro,1997-11-21,30470,29710,30960,29940,32390,30680,30480,30430,30240,30660,30120,30470,30650,32300,32450,34770,40630,40790,40660,40640,39440,34160,34200,34350,34100,34420,34220,34240,34160,34130,34270,34190,34230,34230,34020,33960,30710,28820,32340,36230,36960,38320,37030,38430,37740,38900,35200,36410,,
MAN,MAN2201,MERI,manapouri,Hydro,Hydro,1997-11-21,298500,298390,298270,298380,298320,298170,297990,297220,296530,296370,296430,296500,296560,297500,297730,297770,297910,298180,298270,298290,298340,298320,298400,298340,298390,298260,298170,298130,298160,297960,297940,297860,297830,297750,297750,297750,297790,297850,297990,297940,298110,298150,298300,298230,298270,298320,298280,298330,,
MAT,MAT1101,TRUS,matahina,Hydro,Hydro,1997-11-21,0,0,0,0,0,0,0,0,0,0,0,0,0,0,0,0,0,0,0,0,0,0,0,0,0,0,0,0,0,0,0,0,0,0,0,0,0,0,0,0,0,0,0,0,0,0,0,0,,
MHO,MHO0331,KING,mangahao,Hydro,Hydro,1997-11-21,11640,11390,11600,11550,11880,11680,11650,11620,11610,11680,11610,11670,11690,11750,11790,11760,11680,11730,11710,11720,11720,11760,11740,11760,11710,11750,11720,11700,11700,11710,11720,11720,11730,11740,11720,11680,11680,11690,11650,11690,11270,11320,11220,11190,11060,11210,11350,11150,,
MTI,MTI2201,MRPL,maraetai,Hydro,Hydro,1997-11-21,38950,8660,14780,10140,12220,14280,15380,8760,3020,7610,7000,14480,22280,40340,101230,115510,88530,92550,112580,81320,54890,65730,48780,61540,47130,48970,47880,76250,63500,49620,51650,60000,55740,46520,53900,63800,73820,74440,45910,60820,68410,88680,52670,56220,23650,61320,64090,30880,,
NPL,NPL1101,CTCT,new_plymouth,Gas&Oil,Thrml,1997-11-21,56140,56150,56130,56170,56140,56160,56190,56150,56150,56150,56150,56130,56120,56090,56120,56090,56080,56090,56030,56080,56060,56020,56080,56060,56110,56080,56040,56010,55970,55950,55840,55870,55930,55970,55960,56120,56060,56060,56030,56020,56030,56070,56040,56050,56050,56060,56090,56100,,
NPL,NPL2201,CTCT,new_plymouth,Gas&Oil,Thrml,1997-11-21,112900,113720,113750,113810,113870,113870,113880,113690,113820,113800,113800,113800,113870,113870,113870,113850,113890,113740,113850,113800,113720,113760,113810,113760,113820,113740,113860,113860,113900,113840,113910,113910,113870,113850,113870,113850,113830,113860,113820,113720,113750,113810,113800,113830,113860,113860,113830,113890,,
OHA,OHA2201,MERI,ohau_a,Hydro,Hydro,1997-11-21,62450,66730,36260,30080,26180,11750,5900,5820,5420,5300,18910,29210,46520,51000,56040,72030,72090,71590,72750,73160,69390,72550,74670,74900,74960,74490,76580,86640,95610,103350,104580,103950,93450,99620,83170,81030,73320,68420,68020,57700,49340,64860,85460,68800,69090,70620,85480,72340,,
OHB,OHB2201,MERI,ohau_b,Hydro,Hydro,1997-11-21,48620,49220,41770,36480,24580,22480,11050,9340,12000,13860,22380,26270,33660,42090,42520,51430,60880,59370,59640,61190,54730,57700,69800,68510,63220,71880,80480,85900,87000,79630,83640,81560,65920,67750,68300,56480,48680,54550,56500,49170,43370,62770,67900,63010,72760,60310,68640,55850,,
OHC,OHC2201,MERI,ohau_c,Hydro,Hydro,1997-11-21,50160,50020,39920,32480,25130,21130,10880,9260,11810,13680,23440,28200,34870,40880,42590,51380,59240,59360,60010,60250,54010,60410,68860,68910,63180,72310,80090,87290,85120,82820,82580,81440,65070,67180,68530,54500,51720,54310,56210,49980,44470,60990,68790,64120,69600,58430,70040,55700,,
OHK,OHK2201,MRPL,ohakuri,Hydro,Hydro,1997-11-21,3970,3160,7810,6450,11060,10220,9160,12640,7320,7360,7100,7330,11860,27140,40340,40370,40230,40610,41280,41280,41310,41320,41280,41290,41210,41170,35910,18440,27250,22570,20680,20630,20330,27140,27750,27740,27700,27710,27650,27680,27710,31250,28770,27560,13300,10810,10910,12900,,
OKI,OKI2201,CTCT,ohaaki,Geo,Geo,1997-11-21,29990,30070,29540,29880,29750,29340,29360,29900,30140,29830,29510,30180,30080,29740,29930,30140,30160,29860,30160,30510,29900,29700,29890,30200,30210,30040,29730,29560,29730,29280,29060,29510,29730,29920,30440,30460,29740,30060,29440,29780,29840,29750,29500,30070,31110,30610,29950,29750,,
OTA,OTA2221,CTCT,otahuhu_a,Gas,Thrml,1997-11-21,0,0,0,0,0,0,0,0,0,0,0,0,0,0,0,0,0,0,0,0,0,0,0,0,0,0,0,0,0,0,0,0,0,0,0,0,0,0,0,0,0,0,0,0,0,0,0,0,,
PPI,PPI2201,MRPL,poihipi,Geo,Geo,1997-11-21,360,150,340,240,420,370,380,370,290,290,260,100,320,280,5860,20440,20180,20220,20100,20030,20200,19990,20070,20120,20040,20030,20130,20080,20090,20020,20040,20140,20250,20020,20040,20150,20080,20070,20170,20250,20200,20230,20250,20270,18420,1230,440,0,,
ROT,ROT1101,TRUS,wheao_flaxy,Hydro,Hydro,1997-11-21,3479,3452,3482,3476,4776,4940,4948,4956,4938,4948,4968,4956,5438,6914,6922,7340,7425,7445,7436,7416,7454,7414,7334,4872,5156,5202,5220,5098,4967,4997,4902,6106,8214,7890,7858,8249,8439,8010,7420,7406,7418,7434,7416,7394,7402,7388,5186,4462,,
ROX,ROX1101,CTCT,roxburgh,Hydro,Hydro,1997-11-21,55690,54620,59010,59720,57550,56750,56880,56980,57020,57210,57020,57190,56970,56150,54560,54590,54760,54740,54880,54940,54950,54890,54940,54650,54910,54570,55040,54570,54720,54770,54740,54770,54940,54860,54770,55040,54750,54760,54920,54660,54950,25630,17380,17340,17470,17280,17400,17340,,
ROX,ROX2201,CTCT,roxburgh,Hydro,Hydro,1997-11-21,93750,93530,93860,93840,96290,96510,96630,96570,96490,96720,96620,96710,96790,95540,93560,93870,93710,94060,94530,94530,94120,94030,94330,93790,94100,93700,94200,93600,93890,94040,94070,93960,93940,93820,93910,94310,94000,93740,93900,93840,93960,90590,86210,86000,86470,85810,86460,86070,,
RPO,RPO2201,GENE,rangipo,Hydro,Hydro,1997-11-21,35750,35750,35760,35750,35750,35750,35760,35770,35760,35760,35760,35740,35770,35770,35770,35790,35780,35790,35770,35760,35760,35760,35770,35760,35760,35730,32160,29760,29940,29770,24840,24480,29630,34520,34510,34520,34510,34520,34520,34510,34520,34520,34520,34910,35030,35020,35010,35020,,
SFD,SFD2201,CTCT,stratford,Gas,Thrml,1997-11-21,0,0,0,0,0,0,0,0,0,0,0,0,0,0,0,0,0,0,0,0,0,0,0,0,0,0,0,0,0,0,0,0,0,0,0,0,0,0,0,0,0,0,0,0,0,0,0,0,,
SWN,SWN2201,TRUS,southdown,Gas,Thrml,1997-11-21,60610,60530,60560,60520,60600,60530,60560,60540,60510,60560,60530,60510,60590,60520,60460,60530,60610,60610,60590,60560,60560,60550,60540,60540,60540,60580,60580,60560,60550,60530,60530,60520,60540,60530,60540,60540,60510,60560,60510,60590,60580,60680,60680,60700,60610,60660,60720,60700,,
TKA,TKA0111,MERI,tekapo_a,Hydro,Hydro,1997-11-21,6780,6440,5890,5990,6200,6210,6250,6400,6270,6150,6100,6210,6560,6100,6180,6480,6150,6020,6310,6340,6170,6520,5970,6100,6730,6090,6350,6510,6350,6360,6340,6080,6420,6280,6380,6160,6360,6200,6210,6400,6210,6210,6460,6770,6130,5650,6750,6070,,
TKB,TKB2201,MERI,tekapo_b,Hydro,Hydro,1997-11-21,37380,37180,36230,36760,36950,36810,37110,37120,36920,36840,37000,37180,37220,37460,37210,36930,37060,36970,37250,37270,37320,37200,37240,37210,37250,37200,37530,37710,37840,37360,37150,36970,37190,37460,36830,37280,37130,37360,37430,36410,37230,37350,37760,37150,36910,37210,36640,36910,,
TKU,TKU2201,GENE,tokaanu,Hydro,Hydro,1997-11-21,0,0,0,0,0,0,0,0,0,0,0,0,3390,60100,87070,87410,86740,87250,87160,87180,87130,87380,87400,87430,87260,62430,62420,64680,47680,34410,38130,38490,33230,27920,55390,57970,58010,57990,57770,57950,57500,57870,57520,11710,0,0,0,0,,
TMU,TMU1101,GENE,te_awamutu,Gas,Cogen,1997-11-21,12960,13000,12990,13010,13020,13110,13120,13130,13130,13110,13130,13320,13340,13380,13340,13260,13190,13150,13220,13110,13000,12970,12940,12890,12850,12870,12860,12910,12870,12960,12880,12860,12950,12980,13000,13020,13090,13140,13220,13280,13360,13360,13400,13440,13500,13480,13530,13490,,
TUI,TUI1101,GENE,waikaremoana,Hydro,Hydro,1997-11-21,3550,3070,3390,4380,3400,2840,2810,2790,2710,2810,2710,2760,3460,3660,3740,3620,16540,25140,24540,24680,25020,25000,24900,24910,24860,24240,23840,24150,12020,3220,3260,3230,3160,3130,3100,3130,3140,3130,3110,3150,3140,3210,3080,3110,2840,3210,3620,3200,,
WHI,WHI2201,CTCT,whirinaki,Diesel,Thrml,1997-11-21,0,0,0,0,0,0,0,0,0,0,0,0,0,0,0,0,0,0,0,0,0,0,0,0,0,0,0,0,0,0,0,0,0,0,0,0,0,0,0,0,0,0,0,0,0,0,0,0,,
WKM,WKM2201,MRPL,whakamaru,Hydro,Hydro,1997-11-21,12500,7390,3310,2170,2090,1730,1690,2950,12230,12270,14530,19390,22630,27720,44740,46830,46430,46970,47650,47720,47790,47830,47800,47860,47660,47810,47400,34570,34760,35750,35840,35730,35670,35590,35360,35360,34200,29700,29620,30380,35290,35920,30380,28980,18720,16370,20550,23540,,
WPA,WPA2201,MRPL,waipapa,Hydro,Hydro,1997-11-21,13550,10950,5040,4940,4760,4250,4220,5550,8190,4760,4630,4970,6700,10150,24200,27000,28120,28030,27970,27940,26150,21780,20450,17810,17470,13370,13440,17660,19980,21620,18630,16640,16570,16580,16450,16480,20470,22480,20080,14520,15440,20030,23620,18920,13130,20690,20340,13160,,
WRK,WRK2201,CTCT,wairakei,Geo,Geo,1997-11-21,75000,74860,74970,75020,75020,74950,74900,75020,74990,75020,74960,75050,75130,75150,75130,74940,74960,75090,74940,74810,74680,74870,75030,74920,74850,75070,75210,75130,74930,74820,74950,74940,74770,74830,75010,75090,75000,74890,74860,74960,74930,74910,74950,75120,74940,74840,74560,74590,,
WTK,WTK0111,MERI,waitaki,Hydro,Hydro,1997-11-21,17280,17300,17230,17360,17350,17190,17220,17190,17120,17160,17150,17150,17120,17230,17190,17120,17170,17200,17360,17540,17500,17460,17480,17480,17460,17390,17590,17510,17470,17400,17300,17290,17450,17430,17390,17470,17350,17460,17450,17290,17430,17480,17510,17390,17460,17380,17400,17450,,
ARA,ARA2201,MRPL,aratiatia,Hydro,Hydro,1997-11-22,14000,14030,13990,14060,14110,14240,14070,14310,14330,14010,14210,14490,14490,18420,17320,15740,15610,15440,15360,15160,12080,14970,15230,15210,11070,10080,10390,10360,10120,10170,14470,14620,14210,9930,9470,9630,9660,22720,26350,28350,28010,27660,18500,19080,15540,12690,9130,0,,
ARG,ARG1101,TRUS,argyle_wairau,Hydro,Hydro,1997-11-22,0,0,0,0,0,0,0,0,0,0,0,0,0,0,4048,4749,4752,4750,4742,4737,4737,4743,4745,4747,4749,4752,3860,3929,3926,3925,3943,3910,3905,4769,4728,4727,4804,4828,4808,4804,4797,4796,4796,4792,4792,4790,871,13,,
ARI,ARI1101,MRPL,arapuni,Hydro,Hydro,1997-11-22,63910,63660,55370,43000,42960,43650,42350,43510,43450,41300,43910,48170,43700,41220,42720,53040,62200,63450,63740,62700,62870,61490,57120,57750,52950,47050,47000,43060,41970,42040,41900,42090,48730,52910,56900,52330,52450,51870,52600,58880,68590,72120,72230,72290,72260,72300,72170,72000,,
ATI,ATI2201,MRPL,atiamuri,Hydro,Hydro,1997-11-22,3540,6930,8850,3560,2460,2550,2310,5330,7070,7100,5490,2790,2610,2940,9260,18960,23710,23580,29050,28890,28870,28920,28910,28900,26070,24150,22700,20500,20290,20310,20160,20020,19860,21690,24070,25460,27820,27400,24540,11830,3660,3600,3630,1350,1300,1340,8530,9020,,
AVI,AVI2201,MERI,aviemore,Hydro,Hydro,1997-11-22,52600,53330,25210,25520,26830,14240,0,0,0,0,0,8730,26330,22940,22070,25520,29070,32040,32020,33640,30010,32050,33320,33240,30610,32870,31180,27790,29740,28500,28950,25730,27040,26260,28090,26470,27580,27730,26780,26470,28990,56070,77620,82020,81670,73550,84770,64330,,
BEN,BEN2202,MERI,benmore,Hydro,Hydro,1997-11-22,116620,93830,66370,37660,30210,30610,31540,30750,30390,30100,31780,35170,62230,56440,55700,56900,61150,52410,73510,88180,91160,91050,102980,113590,108870,115800,120100,112390,115800,119250,121060,114660,116560,114450,117240,113160,114480,110800,113210,115480,116130,159240,159500,151750,148600,145160,171820,165260,,
BWK,BWK1101,TRUS,waipori,Hydro,Hydro,1997-11-22,0,0,0,0,0,0,0,0,0,0,0,0,0,0,0,0,0,0,0,0,0,0,0,0,0,0,0,0,0,0,0,0,0,0,0,0,0,0,0,0,0,0,0,0,0,0,0,0,,
COB,COB0661,CTCT,cobb,Hydro,Hydro,1997-11-22,2770,2860,2800,2820,2880,2880,2930,2840,2870,2840,2960,2760,2870,2880,2810,2800,2920,2800,2750,2840,2840,2820,2890,2870,2740,2790,2900,2660,2770,2840,2880,2700,2770,2740,2840,2740,2800,2830,2740,2740,2890,2860,2750,2840,2820,2830,2830,2800,,
COL,COL0661,TRUS,coleridge,Hydro,Hydro,1997-11-22,17050,17060,17060,17050,17070,17070,17060,16940,17070,17060,17080,17040,17060,17070,17060,17060,17070,17060,17050,17060,17070,17070,17070,17070,17050,17180,17490,17460,17470,17470,17480,17470,17490,17470,17490,17500,17520,17500,17510,17500,17520,17530,17520,17530,17530,17530,17510,17500,,
CYD,CYD2201,CTCT,clyde,Hydro,Hydro,1997-11-22,149960,153600,152370,152980,153560,153480,153850,153290,153280,152840,154570,151370,153590,153390,186760,194060,196390,193990,193410,195150,194910,195200,196070,195840,193440,194920,192700,187960,189610,191210,191700,151170,150500,185360,190860,189070,191790,197430,196220,189880,191750,190380,189070,157900,148400,148360,148060,147830,,
HLY,HLY2201,GENE,huntly_1_4,Coal,Thrml,1997-11-22,79150,74730,83700,89250,90030,82870,84710,74720,75280,80160,74750,78580,102660,118150,116850,119400,120150,118210,118540,118560,118110,118270,119550,119960,119900,119720,120030,119800,117340,116630,117430,118700,118530,117840,117860,117810,117770,117810,117970,117920,118050,118010,117890,115500,68170,38520,0,0,,
HWA,HWA1101,TRUS,patea,Hydro,Hydro,1997-11-22,3464,3464,3472,3484,3484,3480,3488,3468,3472,3468,3458,3454,3444,3444,3440,3436,3438,3438,3428,3430,3438,3440,3450,3446,3456,3448,3452,3452,3468,3448,3448,3452,3428,3432,3420,3428,3436,3440,3436,3452,3448,3448,3448,3456,3456,3472,3472,3468,,
KIN,KIN0112,CHHE,kinleith,Wood,Cogen,1997-11-22,0,0,0,0,0,0,0,0,0,0,0,0,0,0,0,5373,16382,15907,17134,17415,18341,19238,18692,17816,17570,18829,18237,18299,17866,16390,16579,14627,16250,14863,12269,11821,14911,15224,15364,14731,15199,15085,15593,15847,16327,16399,16930,17562,,
KPO,KPO1101,MRPL,karapiro,Hydro,Hydro,1997-11-22,36800,36490,36120,37000,35240,30750,30700,32140,32100,30520,31250,32460,36140,36090,34620,36350,36360,35310,34930,34700,34730,34580,30670,27760,27960,28050,28050,27880,27920,28000,27740,27980,27800,27750,27560,27630,27540,27040,27730,27700,27780,27600,27820,27960,27990,28090,28010,27850,,
MAN,MAN2201,MERI,manapouri,Hydro,Hydro,1997-11-22,298220,298320,298270,298240,298300,298240,298180,298140,298040,297940,297990,297820,297900,297860,297840,297950,297970,298110,298120,298200,298200,298220,293350,297830,297760,297750,297780,297710,297710,297750,297690,297550,297540,297500,297380,297410,297220,297460,297380,297390,297540,297490,297540,297550,298210,299300,299220,299220,,
MAT,MAT1101,TRUS,matahina,Hydro,Hydro,1997-11-22,0,0,0,0,0,0,0,0,0,0,0,0,0,0,0,0,0,0,0,0,0,0,0,0,0,0,0,0,0,0,0,0,0,0,0,0,0,0,0,0,0,0,0,0,0,0,0,0,,
MHO,MHO0331,KING,mangahao,Hydro,Hydro,1997-11-22,11230,11200,11150,11150,11160,11230,11100,11240,11230,11040,11120,11310,11280,11320,11290,11270,11270,11280,11290,11260,11260,11240,11240,11220,11240,11240,11240,11210,11210,11680,11680,11700,11700,11710,11660,11660,11660,11590,11670,11650,11660,11640,11650,11640,11640,11640,11610,11580,,
MTI,MTI2201,MRPL,maraetai,Hydro,Hydro,1997-11-22,46670,12790,7090,18830,6140,16200,14060,31260,25380,3930,4360,25410,17670,39760,52830,36350,59180,75420,90740,80730,98170,80430,67160,29990,25920,43690,42340,38770,35430,33080,32400,47940,52360,60040,64480,73120,78330,56700,32780,68870,76950,72450,48620,57640,72440,51500,65790,49520,,
NPL,NPL1101,CTCT,new_plymouth,Gas&Oil,Thrml,1997-11-22,56140,56140,55970,56090,56110,56260,56180,57390,56360,56090,71130,87750,107730,113550,113430,113480,113590,113400,113510,113570,113590,113660,113630,113660,113620,113640,113660,113670,113710,113690,113740,113650,113700,113680,113740,113740,113740,113720,113750,113670,113610,113670,113610,113640,113610,113610,113570,113650,,
NPL,NPL2201,CTCT,new_plymouth,Gas&Oil,Thrml,1997-11-22,113920,113840,113870,113840,113860,113840,113770,113800,113920,113880,113870,113880,113880,113850,113870,113890,113880,113890,113900,113860,113840,113880,113880,113880,113850,113770,113790,113790,113810,113780,113870,113860,113920,113880,113880,113910,113860,113890,113890,113870,113880,113750,113840,113760,113810,113860,113880,113900,,
OHA,OHA2201,MERI,ohau_a,Hydro,Hydro,1997-11-22,67320,69700,73450,66760,64040,63930,73590,69580,69070,72310,74520,79220,44910,48580,47540,52990,58060,78240,77720,79990,87520,87790,88910,87330,85670,60630,76830,76490,58880,60050,61210,57480,59360,58630,66680,56260,48890,58460,57040,32590,25190,30660,50740,43780,45820,51510,45770,40020,,
OHB,OHB2201,MERI,ohau_b,Hydro,Hydro,1997-11-22,66350,67050,63290,59360,54030,50860,55100,43060,43820,49680,52090,48030,44520,48830,50980,62250,67920,63190,62950,62670,68760,73150,76650,75460,70960,55790,63770,70000,62580,46850,43480,38600,38390,37650,51110,63310,46210,44210,37160,29860,26730,25900,25200,35210,34040,36530,49420,62060,,
OHC,OHC2201,MERI,ohau_c,Hydro,Hydro,1997-11-22,66880,65800,63690,58100,53420,51340,55070,44890,44110,48710,50670,48510,42800,48870,52320,62090,65230,64200,62930,60850,69580,72050,76000,75810,70670,53810,65680,69450,60490,45890,43650,40260,40080,39400,51120,57160,45790,46060,34760,30440,24140,26330,25950,34330,33790,35680,55490,57760,,
OHK,OHK2201,MRPL,ohakuri,Hydro,Hydro,1997-11-22,4240,10000,10590,3460,2670,2850,2410,7340,12170,11660,8590,2980,2880,3500,13670,27020,33910,39810,39750,39660,39580,39520,39510,39370,39400,39440,35030,27330,26330,25020,13320,13290,13300,24710,35380,32280,27990,26430,25730,16370,18730,27120,24440,20690,20070,16740,12120,11220,,
OKI,OKI2201,CTCT,ohaaki,Geo,Geo,1997-11-22,30250,29750,29630,30210,30500,30390,29870,30890,30770,30030,29710,30440,30240,29820,30570,31110,30450,30020,29390,29760,29770,29810,29600,30100,30820,30580,29510,30050,29810,29340,29050,29360,29540,29750,29680,30330,30310,29520,29290,29310,29490,29570,29830,30160,30270,30270,29640,29430,,
OTA,OTA2221,CTCT,otahuhu_a,Gas,Thrml,1997-11-22,0,0,0,0,0,0,0,0,0,0,0,0,0,0,0,0,0,0,0,0,0,0,0,0,0,0,0,0,0,0,0,0,0,0,0,0,0,0,0,0,0,0,0,0,0,0,0,0,,
PPI,PPI2201,MRPL,poihipi,Geo,Geo,1997-11-22,310,290,370,250,350,270,280,270,270,260,270,280,270,270,950,16730,20440,20210,20170,20360,20240,20390,20260,20270,20350,20210,20180,20210,20190,20230,20210,20140,20110,20220,20230,20150,20160,20100,20040,20120,20170,20320,20220,20240,20170,6260,1840,1290,,
ROT,ROT1101,TRUS,wheao_flaxy,Hydro,Hydro,1997-11-22,4468,4468,4479,4491,4502,4490,4460,4492,4466,4466,4466,4487,5093,6884,7194,7416,7356,7422,7404,7410,7394,7398,7415,7419,7404,7412,7406,7394,7388,6943,6817,3488,3468,3440,3544,7332,7374,7398,7409,7451,7418,7438,7370,6986,6890,6928,6975,6861,,
ROX,ROX1101,CTCT,roxburgh,Hydro,Hydro,1997-11-22,18840,19420,19320,19300,19350,19360,19160,19400,19270,19340,19370,31740,35330,36800,37050,37450,37450,37350,37380,37330,37010,37470,37040,37170,37040,37280,19490,18320,18300,18370,18330,36810,40060,39970,39770,39830,39560,37460,37710,39360,40060,39720,39830,38620,37090,37070,36830,37160,,
ROX,ROX2201,CTCT,roxburgh,Hydro,Hydro,1997-11-22,94640,97210,97000,97030,96970,96820,96040,97390,96770,96830,97130,96310,97070,94640,93490,94300,94190,94220,94190,93880,93450,94300,93460,93630,93530,94360,78310,77320,77050,77340,77050,92750,94230,97570,98850,99170,97540,93200,93800,98610,99500,98770,98860,97910,96330,96190,95920,96460,,
RPO,RPO2201,GENE,rangipo,Hydro,Hydro,1997-11-22,36140,36400,36410,36410,36410,36420,36410,36400,36410,36400,36400,36400,36400,36410,36410,36420,36430,34540,27030,27020,27020,27020,27020,27020,27020,27010,27010,27020,27020,27010,27020,27010,27020,27010,27020,27010,27020,27010,27010,27020,27010,27010,27010,35100,36670,36660,36680,36680,,
SFD,SFD2201,CTCT,stratford,Gas,Thrml,1997-11-22,0,0,0,0,0,0,0,0,0,0,0,0,0,0,0,0,0,0,0,0,0,0,0,0,0,0,0,0,0,0,0,0,0,0,0,0,0,0,0,0,0,0,0,0,0,0,0,0,,
SWN,SWN2201,TRUS,southdown,Gas,Thrml,1997-11-22,60730,60730,60760,60720,60700,60750,60750,60750,60780,60750,60800,60790,60820,60820,60850,59900,59820,60150,60870,60900,60870,60870,60870,60750,60810,60880,60820,60910,60950,60870,60800,60870,60850,60820,60870,60870,60920,60920,60940,60920,60870,60840,60870,60890,60930,60940,60870,60890,,
TKA,TKA0111,MERI,tekapo_a,Hydro,Hydro,1997-11-22,6080,6160,6140,6380,6320,6310,5990,6670,6040,6280,6210,6420,6390,6230,6210,6360,6050,6610,6320,6310,6480,6240,4040,2450,2240,2270,2300,2190,2260,2290,2330,2220,2280,2250,2970,4280,5740,6030,6620,5780,5080,6070,7220,6470,6110,6070,6330,6320,,
TKB,TKB2201,MERI,tekapo_b,Hydro,Hydro,1997-11-22,36410,36980,36850,37000,37230,37200,37480,37000,37150,37050,37610,36770,37230,37340,37150,36940,37630,37100,37110,37780,37890,37900,36670,36480,35820,36160,36740,35480,36010,36330,36600,35570,36010,35960,38450,37940,38070,38100,37460,37250,37720,37700,37160,37500,37380,37270,37280,37200,,
TKU,TKU2201,GENE,tokaanu,Hydro,Hydro,1997-11-22,0,0,0,0,0,0,0,0,0,0,0,0,0,0,0,25990,28600,56180,69720,69320,69420,69390,69540,69400,61780,38940,38980,38830,38870,38960,38780,38990,38910,38880,38780,63250,69990,69370,70090,69960,69860,40120,38840,1670,0,0,0,0,,
TMU,TMU1101,GENE,te_awamutu,Gas,Cogen,1997-11-22,13490,13490,13550,13600,13570,13560,13560,13600,13530,13480,13540,13540,13620,13680,13670,13580,13490,13400,13350,13330,13240,13090,13120,13090,13040,12960,12960,12980,13030,12990,12970,12960,12960,13040,13040,13090,13160,13210,13290,13350,13350,13370,13410,13400,13420,13470,13460,13460,,
TUI,TUI1101,GENE,waikaremoana,Hydro,Hydro,1997-11-22,3330,3310,3260,3330,3320,3380,3250,3420,3390,3060,3230,3090,3820,2640,2630,2560,2570,17500,25170,25110,24760,25070,24610,24440,24520,24140,24040,23970,24020,24070,23970,24190,24090,24030,5710,3500,3520,3490,3770,3610,3580,3410,3400,3410,3410,3480,3180,3300,,
WHI,WHI2201,CTCT,whirinaki,Diesel,Thrml,1997-11-22,0,0,0,0,0,0,0,0,0,0,0,0,0,0,0,0,0,0,0,0,0,0,0,0,0,0,0,0,0,0,0,0,0,0,0,0,0,0,0,0,0,0,0,0,0,0,0,0,,
WKM,WKM2201,MRPL,whakamaru,Hydro,Hydro,1997-11-22,14510,5710,1670,1720,1680,0,0,0,0,0,0,0,2360,2970,21780,25100,36530,40730,46770,48130,48140,48060,48020,47920,43880,40950,36940,34330,34290,34410,35140,40240,35140,35640,36660,43990,47340,47050,46840,37780,38600,41470,32700,27290,35030,35690,35550,30930,,
WPA,WPA2201,MRPL,waipapa,Hydro,Hydro,1997-11-22,10510,8660,5280,5290,6450,4400,4170,7140,8640,10520,8370,8190,7440,8760,17160,14370,17580,21120,23670,25290,22990,26220,23430,13690,9440,14810,14710,14020,10580,10610,12710,13160,17780,17750,18480,19190,19120,19880,19220,15820,17530,22230,19210,16730,16700,16790,16750,16710,,
WRK,WRK2201,CTCT,wairakei,Geo,Geo,1997-11-22,69780,57750,51690,45090,34150,24440,12800,450,0,0,0,0,0,0,0,0,0,0,0,0,0,0,0,0,0,0,0,0,0,0,0,0,0,0,0,0,0,0,0,0,0,0,0,0,0,0,0,0,,
WTK,WTK0111,MERI,waitaki,Hydro,Hydro,1997-11-22,17290,17470,17340,17390,17380,17340,17440,17440,17450,17350,17610,17260,17460,17410,17310,17400,17620,17400,17400,17460,17420,17480,17510,17520,17350,17450,17420,17350,17280,17510,17560,17280,17450,17450,17440,17330,17450,17370,17350,17380,17570,17400,17360,17480,17480,17400,17400,17430,,
ARA,ARA2201,MRPL,aratiatia,Hydro,Hydro,1997-11-23,0,0,0,0,0,0,0,11920,14380,14290,14240,15410,21140,24290,26950,28790,28760,28730,28730,28720,28310,24550,24380,24560,24290,24240,24540,25250,26160,26030,26250,26260,26000,25720,25070,23440,26860,29060,29030,29010,28960,28820,28590,28290,24850,16080,6970,0,,
ARG,ARG1101,TRUS,argyle_wairau,Hydro,Hydro,1997-11-23,0,0,0,0,0,0,0,0,0,0,0,0,0,0,4096,4742,4742,4740,4742,4743,4746,4752,4754,4756,4758,1824,1842,1868,1884,1902,1906,1924,1926,4900,4815,4772,4770,4778,4812,4802,4797,4791,4791,4788,4785,886,12,0,,
ARI,ARI1101,MRPL,arapuni,Hydro,Hydro,1997-11-23,72080,64470,58100,58360,50780,45630,45500,45530,45250,45600,45390,43460,35100,35840,35780,39590,47430,48140,47500,53060,51360,51520,52960,49680,53470,48350,42810,42910,42900,37200,36360,37160,37610,37050,38920,39720,39540,39640,43970,50810,65030,71550,71480,71530,71740,68980,68890,68880,,
ATI,ATI2201,MRPL,atiamuri,Hydro,Hydro,1997-11-23,9060,9120,9080,9150,9120,9020,9050,9030,8920,9000,8830,4880,1680,1830,8380,10620,20640,21560,24880,28510,28320,28400,28560,28650,28800,27090,24210,18040,11570,9890,9730,13040,13530,16360,20520,27430,28360,28390,19510,17380,17620,17620,17700,15360,7700,8770,9640,8970,,
AVI,AVI2201,MERI,aviemore,Hydro,Hydro,1997-11-23,66760,39640,32020,29690,29690,29700,26320,25360,25770,25480,11810,4650,4690,4360,4440,5120,4530,4790,5170,4510,4820,5660,3730,5180,5320,12510,45230,53780,52020,51770,54240,52160,50920,54230,53030,33940,45720,49570,38290,28480,25800,49290,50060,39410,51840,37780,45260,47090,,
BEN,BEN2202,MERI,benmore,Hydro,Hydro,1997-11-23,149200,127590,112330,118620,120210,119000,104630,88150,77980,74150,74900,102970,104490,126350,89460,87200,89800,90500,110180,113330,117000,116200,123920,101630,104050,146160,106830,102740,98110,90780,82550,77910,79680,78230,80670,80530,81880,84290,79920,82230,80780,96490,115230,120230,118030,119890,117850,120100,,
BWK,BWK1101,TRUS,waipori,Hydro,Hydro,1997-11-23,0,0,0,0,0,0,0,0,0,0,0,0,0,0,0,0,0,0,0,0,0,0,0,0,0,0,0,0,0,0,0,0,0,0,0,0,0,0,0,0,0,0,0,0,0,0,0,0,,
COB,COB0661,CTCT,cobb,Hydro,Hydro,1997-11-23,2760,2850,2860,2870,2790,2940,2790,2820,2830,2810,2860,2920,2850,2830,2820,2890,2820,2840,2860,2780,2800,2860,2660,2780,2800,2700,2800,2830,2710,2700,2760,2680,2680,2720,2790,2700,2720,2780,2690,2750,2770,2770,2770,2850,2780,2740,2830,2790,,
COL,COL0661,TRUS,coleridge,Hydro,Hydro,1997-11-23,17520,17520,17500,17470,17490,17500,17460,17460,17460,17460,17470,17490,17480,17490,17470,17490,17460,17470,17470,17450,17460,17460,17440,17470,17470,17460,17480,17480,17460,17460,17440,17390,17360,17360,17400,17380,17370,17380,17360,17360,17370,17380,17370,17380,17360,17360,17400,17380,,
CYD,CYD2201,CTCT,clyde,Hydro,Hydro,1997-11-23,110070,106780,107040,106880,106220,107380,106240,106320,106500,106270,106920,107070,107060,146740,186890,198210,196770,197690,197940,196970,197420,198410,194880,196500,191790,147530,148760,149300,147970,147740,148750,147500,147940,182020,193240,191920,191810,192820,191130,192020,192550,193170,191890,193590,191880,191740,192700,192040,,
HLY,HLY2201,GENE,huntly_1_4,Coal,Thrml,1997-11-23,0,0,0,0,0,0,0,0,0,0,0,25950,67570,69060,69930,109260,122460,122710,122820,122750,122710,122680,122720,112710,122330,122570,122510,122560,112420,86520,82280,96850,102500,116810,122030,122070,121890,121980,122020,122230,110470,114660,121110,115350,68230,43640,0,0,,
HWA,HWA1101,TRUS,patea,Hydro,Hydro,1997-11-23,3460,3464,3472,3472,3460,3468,3464,3460,3468,3476,3468,3460,3456,3456,3448,3448,3444,3440,3448,3440,3440,3444,3448,3448,3460,3456,3456,3464,3464,3460,3456,3452,3444,3436,3424,3424,3436,3428,3444,3448,3448,3448,3448,3460,3476,3460,3464,3476,,
KIN,KIN0112,CHHE,kinleith,Wood,Cogen,1997-11-23,18035,17154,16935,15274,14846,15478,15374,15199,17333,17084,15931,16088,16414,17000,16561,15946,16190,16233,15279,14955,14941,15090,15618,15538,15996,16282,15538,16198,16126,14841,14156,14985,15700,15199,15185,13803,13726,14276,14497,15299,14741,16108,16972,16586,16136,16716,16367,16609,,
KPO,KPO1101,MRPL,karapiro,Hydro,Hydro,1997-11-23,35890,36860,36750,36960,36910,36550,36760,36680,36490,36880,36620,36440,37380,37750,36160,36750,36530,36910,36120,36700,35920,36080,35080,34450,33890,26380,25630,25770,25740,25770,25700,25600,26240,25420,25210,25400,25070,25050,25150,25300,25570,25390,25370,25560,25780,25610,25670,25850,,
MAN,MAN2201,MERI,manapouri,Hydro,Hydro,1997-11-23,299160,299230,299270,299260,299200,299310,299220,299190,299120,299060,299090,298990,298910,298830,298820,298940,298750,298760,298710,298860,298830,298940,298880,298940,298990,298970,299040,298800,299140,298880,298880,298840,298860,298790,298760,298720,298610,298600,298510,298550,298260,298640,298590,298740,298740,298750,298820,298870,,
MAT,MAT1101,TRUS,matahina,Hydro,Hydro,1997-11-23,0,0,0,0,0,0,0,0,0,0,0,0,0,0,0,0,0,0,0,0,0,0,0,0,0,0,0,0,0,0,0,0,0,0,0,0,0,0,0,0,0,0,0,0,0,0,0,0,,
MHO,MHO0331,KING,mangahao,Hydro,Hydro,1997-11-23,11610,11630,11600,11640,11630,11600,11630,11640,11610,11650,11630,11560,11570,11670,11670,11380,11230,11290,11190,11280,11190,11200,11220,11210,11220,11140,10910,10900,10900,10910,10900,10670,10800,10700,10700,10730,10670,10670,10650,10650,10680,10640,10630,10420,10390,10370,10380,10380,,
MTI,MTI2201,MRPL,maraetai,Hydro,Hydro,1997-11-23,37540,35200,50620,38250,32820,17730,15210,11750,4890,8690,19260,8320,5930,15010,25950,45360,48090,51940,48040,55420,51150,18970,19650,33870,36360,24050,36060,27140,45660,51350,49120,37090,58680,51610,53410,78350,69120,58700,61420,68160,90670,89000,75070,65940,47580,58320,53600,37250,,
NPL,NPL1101,CTCT,new_plymouth,Gas&Oil,Thrml,1997-11-23,113620,113670,113670,113670,113690,113750,113770,113740,113780,113790,113750,113760,113790,113810,113820,113750,113800,113800,113630,113730,113730,113660,113720,113680,113680,113610,113700,112840,113140,113640,113620,113560,113560,113610,113640,113550,113620,113600,113680,113630,113630,113620,113620,113630,113580,113680,113590,113620,,
NPL,NPL2201,CTCT,new_plymouth,Gas&Oil,Thrml,1997-11-23,113880,113830,113900,113870,113890,113890,113920,113900,113890,113870,113910,113790,113800,113870,113830,113940,113860,113890,113890,113910,113820,113880,113800,113850,113770,113820,113810,112260,113310,113890,113870,113860,113890,113910,113870,113860,113880,113850,113930,113880,113920,113890,113900,113860,113790,113860,113750,113820,,
OHA,OHA2201,MERI,ohau_a,Hydro,Hydro,1997-11-23,84080,71630,61280,51050,49870,52020,48400,48080,48350,47960,48570,49380,47710,36100,31220,24470,23980,24190,25120,31890,50970,52060,49320,52270,51720,50810,52300,53080,40290,34950,32670,31230,29290,29830,30850,29780,29800,30590,29180,28130,25750,30450,30440,30740,30410,26660,48850,53280,,
OHB,OHB2201,MERI,ohau_b,Hydro,Hydro,1997-11-23,70820,72400,53470,42180,38020,40830,35940,34960,35780,36400,36710,36890,38230,28120,29110,20640,15680,22110,27080,38420,46440,48410,43560,49770,52290,51530,38090,30770,34370,41590,42040,34500,19480,20780,28200,24590,22180,22670,21420,19210,17430,27590,35400,28150,34580,12100,31080,21030,,
OHC,OHC2201,MERI,ohau_c,Hydro,Hydro,1997-11-23,71620,68210,52320,42370,39070,40330,36290,35460,35660,35400,36030,36290,40240,29980,29850,17550,15980,20340,24410,39910,45880,46630,44770,50400,51160,50550,38320,32390,31400,42640,41760,32320,19220,21960,28540,24190,22090,22620,20610,16110,17760,28760,36660,28920,30300,11010,31510,21770,,
OHK,OHK2201,MRPL,ohakuri,Hydro,Hydro,1997-11-23,9880,11100,4840,4710,4670,4540,4640,240,0,0,3380,6430,6790,7030,7990,2190,19590,20780,31180,39680,42580,51530,51660,51690,45120,33940,25790,17280,14370,7580,12600,18530,17090,16660,27150,39230,40370,40370,40450,39140,36690,40220,40130,29430,22740,20330,18030,13260,,
OKI,OKI2201,CTCT,ohaaki,Geo,Geo,1997-11-23,29880,30240,29840,30250,30490,30640,30370,30530,30110,30020,29820,29630,30080,30220,30480,30390,30540,30280,30000,29450,29370,29840,29330,29310,29070,29380,29180,28680,28760,29610,29460,28580,28480,28360,28350,28210,28490,29060,29020,29130,28880,28960,28770,29350,29110,28870,29370,30040,,
OTA,OTA2221,CTCT,otahuhu_a,Gas,Thrml,1997-11-23,0,0,0,0,0,0,0,0,0,0,0,0,0,0,0,0,0,0,0,0,0,0,0,0,0,0,0,0,0,0,0,0,0,0,0,0,0,0,0,0,0,0,0,0,0,0,0,0,,
PPI,PPI2201,MRPL,poihipi,Geo,Geo,1997-11-23,360,370,370,400,410,420,430,430,440,440,430,420,410,360,10350,20350,20140,20270,20210,20200,20150,20070,20110,20050,20140,20120,20020,20110,20140,20010,20100,20090,20140,20050,20020,20060,20010,20080,20140,20120,20120,20070,19990,19980,15340,640,910,640,,
ROT,ROT1101,TRUS,wheao_flaxy,Hydro,Hydro,1997-11-23,4535,4469,4476,4466,4470,4430,4474,4428,4464,4454,4484,4420,4462,4958,7384,7374,7389,7404,7381,7417,7439,7392,7410,7366,7418,7428,7448,7402,7416,7418,7422,6516,3491,3507,3498,4456,6960,6864,6918,6880,7194,7381,7425,7432,5700,4464,4464,4473,,
ROX,ROX1101,CTCT,roxburgh,Hydro,Hydro,1997-11-23,38650,38860,25000,19730,19780,19800,19880,19830,19870,19720,19940,19760,19840,19850,19850,32290,37560,37770,37720,37700,37900,37800,37790,37840,39320,39470,39360,39360,39390,39430,39510,39430,39600,39280,39570,39530,39300,39450,39450,39480,39380,39270,37620,37700,37570,37850,37560,37820,,
ROX,ROX2201,CTCT,roxburgh,Hydro,Hydro,1997-11-23,78500,78050,79110,78950,79090,79040,79260,79310,79190,78970,79670,78790,79250,79360,79300,92950,92760,93340,92900,93380,93420,93030,93260,93460,96840,97160,96830,96930,96890,97070,97420,97050,97380,96760,97280,97290,96830,97040,97160,97140,97020,96890,98560,99070,98710,99510,98950,98540,,
RPO,RPO2201,GENE,rangipo,Hydro,Hydro,1997-11-23,36690,36690,36700,36690,36700,36630,36700,36690,36700,36690,36700,36690,36680,36680,36670,36680,36100,29340,29320,29330,29320,29320,29330,29320,29330,29330,29330,29320,29330,29320,29330,29320,29330,29330,29320,29330,29320,29450,29830,29830,29840,29830,29830,29830,29830,29840,29830,29830,,
SFD,SFD2201,CTCT,stratford,Gas,Thrml,1997-11-23,0,0,0,0,0,0,0,0,0,0,0,0,0,0,0,0,0,0,0,0,0,0,0,0,0,0,0,0,0,0,0,0,0,0,0,0,0,0,0,0,0,0,0,0,0,0,0,0,,
SWN,SWN2201,TRUS,southdown,Gas,Thrml,1997-11-23,60900,60890,60870,60890,60900,60960,60970,60900,60840,60970,60930,60880,60940,61010,60940,60940,61020,61010,60720,60900,61030,61020,61080,61130,61090,61100,61020,61030,61040,61080,61090,61060,61090,61060,61040,61030,61020,61030,61010,60970,60920,60920,60880,60950,60890,60990,60940,60970,,
TKA,TKA0111,MERI,tekapo_a,Hydro,Hydro,1997-11-23,6220,6220,6070,6340,6560,5960,6580,5960,6350,6380,6470,6240,6380,5030,5060,4260,4110,5580,5670,5690,2880,2490,2300,2380,1590,1340,1480,1280,1240,1320,1460,1270,1350,1190,1710,4670,6440,6380,5700,6620,6760,6520,6360,6030,4380,6850,7680,6470,,
TKB,TKB2201,MERI,tekapo_b,Hydro,Hydro,1997-11-23,37010,37270,37160,37390,36880,37590,37000,37100,37170,37110,37240,37700,37310,37220,38150,39630,39400,39530,39690,39360,37680,37650,36460,37190,38780,38880,39300,39490,38910,38980,39290,38820,38760,38860,39060,38770,37050,37410,37630,37920,37930,37860,37980,38290,38060,37730,38330,38020,,
TKU,TKU2201,GENE,tokaanu,Hydro,Hydro,1997-11-23,0,0,0,0,0,0,0,0,0,0,0,0,0,0,0,0,3100,37920,62380,64300,63230,66090,66750,66670,39820,37540,37390,37510,37490,37640,37980,37950,38690,37840,37670,64430,69060,69080,69210,69310,69610,69480,70000,68660,68480,68320,68280,68370,,
TMU,TMU1101,GENE,te_awamutu,Gas,Cogen,1997-11-23,13460,13480,13430,13460,13410,13410,13440,13480,13460,13480,13540,13520,13540,13580,13570,13500,13440,13340,13300,13210,13110,13070,13020,12910,12820,12760,12730,12620,12610,12590,12590,12560,12550,12510,12520,12520,12580,12580,12640,12730,12900,13000,13140,13300,13310,13470,13500,13570,,
TUI,TUI1101,GENE,waikaremoana,Hydro,Hydro,1997-11-23,3060,3330,3270,3100,3110,3010,3020,3020,3010,3010,3020,2970,2730,2820,2820,2860,3420,23220,24410,25460,25190,25220,25350,26290,26310,26340,26190,26090,23830,23560,23490,23410,23770,23380,23310,23520,23320,23710,24740,24870,24920,24770,15430,3170,3110,3110,3070,3050,,
WHI,WHI2201,CTCT,whirinaki,Diesel,Thrml,1997-11-23,0,0,0,0,0,0,0,0,0,0,0,0,0,0,0,0,0,0,0,0,0,0,0,0,0,0,0,0,0,0,0,0,0,0,0,0,0,0,0,0,0,0,0,0,0,0,0,0,,
WKM,WKM2201,MRPL,whakamaru,Hydro,Hydro,1997-11-23,20440,23180,23110,23260,14590,8270,5400,5440,5410,1940,2720,4320,3590,3680,13100,15230,26790,26610,27040,21800,22260,24490,24530,24510,24540,26390,32200,24430,19370,20540,22900,22830,26510,31340,33290,44120,47860,47800,47550,41420,44330,47290,47200,47150,42250,45560,41920,28610,,
WPA,WPA2201,MRPL,waipapa,Hydro,Hydro,1997-11-23,17620,15610,15620,14800,12010,8340,5030,7620,7590,6910,6610,6560,6530,6700,9210,13780,16050,12450,14060,14640,16980,15270,7740,7630,11560,10640,12990,9490,11100,13300,15970,12880,14520,17970,17480,18710,22680,19150,18140,17330,23080,27150,22050,20660,14480,15050,18800,12580,,
WRK,WRK2201,CTCT,wairakei,Geo,Geo,1997-11-23,0,0,0,0,0,0,0,0,0,0,0,0,0,0,0,0,0,0,0,0,0,0,0,0,0,0,0,0,0,0,0,0,0,0,0,0,0,0,0,0,0,0,0,0,0,0,0,0,,
WTK,WTK0111,MERI,waitaki,Hydro,Hydro,1997-11-23,17450,17430,17550,17490,17290,17500,17430,17400,17350,17390,17460,17450,17350,17440,17420,17560,17380,17470,17360,17400,17380,17590,17350,17480,17510,17320,17470,17490,17470,17430,17560,17350,17510,17430,17540,17420,17400,17490,17370,17430,16060,15950,15920,16000,15950,15970,15950,15870,,
ARA,ARA2201,MRPL,aratiatia,Hydro,Hydro,1997-11-24,0,0,0,0,0,0,0,0,7000,21410,22480,16220,18730,24610,27300,26950,27020,27020,27140,27180,26710,26530,26900,26970,26570,26560,26790,26790,26610,23490,27930,28000,27750,27510,28020,29480,33500,26300,26420,25770,27190,30100,31940,27950,28000,28020,28040,28030,,
ARG,ARG1101,TRUS,argyle_wairau,Hydro,Hydro,1997-11-24,0,0,0,0,0,0,0,0,0,0,0,0,0,0,4058,4690,4688,4710,4708,4710,4718,4713,4725,4722,894,10,0,0,0,0,0,0,4106,4690,4689,4690,4694,4726,4754,4760,4758,4763,4828,4793,4795,4794,4786,874,,
ARI,ARI1101,MRPL,arapuni,Hydro,Hydro,1997-11-24,70780,67590,51670,48860,42040,41540,40610,41890,42700,38330,34120,33200,32710,34720,45120,48890,57120,60870,65210,67700,62700,62560,62590,62580,62140,58100,49630,48610,48710,50750,51030,51210,59580,62810,62690,62770,59890,58180,57980,58480,60060,63170,60890,60270,51550,42430,40780,40050,,
ATI,ATI2201,MRPL,atiamuri,Hydro,Hydro,1997-11-24,9080,10500,12450,15950,19140,19070,17300,10010,9530,5040,7340,10600,12960,18390,19950,28570,28450,28420,28530,21250,20050,20130,20380,22360,22300,22330,19900,21660,22180,22050,18780,18030,17990,17960,17940,17970,18000,18120,18180,18400,18480,25730,21330,19450,18840,19690,19610,19480,,
AVI,AVI2201,MERI,aviemore,Hydro,Hydro,1997-11-24,62810,73340,70060,57410,50410,46710,49310,43980,46010,45020,49030,57100,59500,51330,49770,54930,81790,82350,83080,82160,81970,82880,82390,73800,58770,60260,60820,58550,60530,47860,45960,48490,48530,56450,56730,57510,57630,57280,55980,55570,56270,55770,58060,58770,58770,58720,58700,58690,,
BEN,BEN2202,MERI,benmore,Hydro,Hydro,1997-11-24,120390,119950,119970,123320,123470,122800,125930,120080,122550,121640,126610,121950,124980,156210,180330,179410,181120,181430,181030,168030,158180,160700,158910,164610,159220,164250,166000,160010,162830,161260,156310,160740,159700,159870,160610,163630,161000,161000,161200,160770,151900,154580,161090,133040,136830,112560,129010,122220,,
BWK,BWK1101,TRUS,waipori,Hydro,Hydro,1997-11-24,0,0,0,0,0,0,0,0,0,0,0,0,0,0,0,0,0,0,0,0,0,0,0,0,0,0,0,0,0,0,0,0,0,0,0,0,0,0,0,0,0,0,0,0,0,0,0,0,,
COB,COB0661,CTCT,cobb,Hydro,Hydro,1997-11-24,2790,2840,2750,2810,2840,2820,2890,2730,2810,2800,2910,2780,2870,2800,2810,2770,2790,2800,2850,2780,2740,2800,2750,2840,2660,2760,2780,2690,2750,2760,2650,2750,2740,2710,2690,2750,2720,2710,2730,2720,2750,2850,2710,2760,2770,2810,2760,2830,,
COL,COL0661,TRUS,coleridge,Hydro,Hydro,1997-11-24,17390,17390,17360,17350,17380,17380,17400,17350,17370,17360,17370,17340,17360,17350,17310,17370,17370,17370,17380,17370,17360,14200,13790,13790,13750,13780,13770,13760,13780,13770,13730,13890,17200,17340,17340,17350,17360,17360,17350,17350,17350,17370,17350,17340,17350,17340,17330,17350,,
CYD,CYD2201,CTCT,clyde,Hydro,Hydro,1997-11-24,155140,148680,147420,148480,148520,148330,149340,157130,160470,160150,154210,146580,148140,151390,177120,193460,193770,196640,198150,197200,196870,197770,197120,198970,195610,197470,198090,195890,197910,197740,196150,197960,197500,197180,196960,198000,196930,197000,197160,196760,197280,198720,196490,197100,197060,197800,196740,197970,,
HLY,HLY2201,GENE,huntly_1_4,Coal,Thrml,1997-11-24,0,0,0,0,0,0,0,0,0,1690,12150,28630,76570,170490,230250,238020,243020,238660,240650,241150,238810,240950,244250,244590,244070,242740,243030,242560,240520,241530,241870,241870,242060,242700,242310,241770,242700,243150,243860,242380,242600,242890,243340,242580,241000,193200,165340,113710,,
HWA,HWA1101,TRUS,patea,Hydro,Hydro,1997-11-24,3464,3468,3472,3476,3484,3484,3484,3488,3484,3480,3460,3448,3440,3436,3424,3416,3412,3416,3424,3416,3424,3424,3428,3428,3428,3428,3444,3440,3444,3440,3444,3428,3428,3412,3416,3424,3428,3432,3436,3444,3444,3448,3440,3444,3452,3460,3456,3464,,
KIN,KIN0112,CHHE,kinleith,Wood,Cogen,1997-11-24,17094,17667,18172,16156,15374,15070,18070,18185,17293,17253,15737,14741,15110,13459,15685,15538,16424,15760,16479,14209,14687,15419,16365,16721,16133,15229,14390,14846,14129,14415,15541,14990,15155,14878,15115,15304,15894,16111,15369,14781,15349,14537,15523,15762,16086,12961,11921,10277,,
KPO,KPO1101,MRPL,karapiro,Hydro,Hydro,1997-11-24,26030,25950,25960,26070,26020,25840,24930,26280,26230,26460,26500,26340,26240,26160,28570,28160,29310,30660,31420,32820,32420,32070,32040,30860,31080,30280,31960,31790,31820,31790,31860,31740,33730,35230,35060,35000,34540,34640,34520,35000,34990,34810,34830,35020,27350,28910,28690,28310,,
MAN,MAN2201,MERI,manapouri,Hydro,Hydro,1997-11-24,293870,292350,287230,290780,292270,292730,292700,292650,292640,292550,292560,292720,292790,294380,294310,294230,294300,294320,294380,294370,294510,294530,294380,295230,294610,294800,294760,294690,294770,294680,294560,294820,294640,294670,294670,294640,294560,294590,294530,294470,294520,294610,295370,296800,296920,297090,297470,298210,,
MAT,MAT1101,TRUS,matahina,Hydro,Hydro,1997-11-24,0,0,0,0,0,0,0,0,0,0,0,0,0,0,0,0,0,0,0,0,0,0,0,0,0,0,0,0,0,0,0,0,0,0,0,0,0,0,0,0,0,0,0,0,0,0,0,0,,
MHO,MHO0331,KING,mangahao,Hydro,Hydro,1997-11-24,10400,10390,10370,10380,10350,10330,10220,10380,10380,10410,10430,10420,10420,10430,10640,10660,4270,0,0,0,0,0,0,0,0,0,0,0,0,0,0,0,0,0,0,0,0,0,0,0,0,0,0,0,0,0,0,0,,
MTI,MTI2201,MRPL,maraetai,Hydro,Hydro,1997-11-24,73460,60340,42300,48430,32050,21680,8910,22940,17390,20720,31590,30760,49690,59620,101170,99540,102260,96570,53150,51090,59380,49780,49620,47050,37280,45950,58340,65090,65790,40650,48760,71560,76630,67860,85430,101050,52250,71100,64980,68460,63150,79950,54630,76300,30640,39120,40830,37500,,
NPL,NPL1101,CTCT,new_plymouth,Gas&Oil,Thrml,1997-11-24,82140,57430,57380,57420,57400,57400,57410,57380,57390,57400,60140,75940,109680,113070,113020,113060,112950,112530,113900,113660,113550,113630,113660,113600,113640,113620,113600,113620,113680,113590,113630,113610,113630,113620,113650,113600,113630,113640,113620,113620,113640,113560,113640,113630,113600,113570,113630,113590,,
NPL,NPL2201,CTCT,new_plymouth,Gas&Oil,Thrml,1997-11-24,113830,113860,113860,113870,113860,113860,113850,113810,113760,113830,112670,107740,112310,113890,113860,113860,113860,113890,113930,113860,113900,113820,113840,113820,113820,113800,113880,113880,113920,113870,113890,113860,113920,113900,113870,113870,113830,113830,113810,113800,113820,113860,113880,113830,113880,113870,113860,113830,,
OHA,OHA2201,MERI,ohau_a,Hydro,Hydro,1997-11-24,75080,60880,56080,53130,34200,52700,54300,54750,50620,49370,51220,67070,66760,60170,42170,71780,67540,59760,66010,80050,96500,88620,85140,90080,89860,88110,89230,104260,106980,110490,109530,106720,115930,113340,107080,90230,92920,85030,60210,54800,55170,63120,81610,81240,64980,67260,56980,36990,,
OHB,OHB2201,MERI,ohau_b,Hydro,Hydro,1997-11-24,46230,61090,56300,36710,33740,47480,43380,45310,38810,47760,35690,45700,48260,57690,45360,64150,74330,86000,82770,73880,48590,62130,69820,69610,83210,86680,86540,81700,75090,82570,88690,88520,81970,84620,85340,84160,76320,70390,60530,41690,36470,58060,72660,68630,59030,41250,37730,38670,,
OHC,OHC2201,MERI,ohau_c,Hydro,Hydro,1997-11-24,47410,59610,55590,40460,37680,42210,43260,43420,38040,46350,35080,48910,50060,55050,42290,64700,73590,83590,82050,73530,50270,63880,66710,70770,80310,86500,86100,83310,74780,81920,89600,86560,82610,85040,84880,81770,77110,70010,56630,40010,36130,61840,73950,66890,60410,42000,38410,39470,,
OHK,OHK2201,MRPL,ohakuri,Hydro,Hydro,1997-11-24,15420,11980,13290,10220,10150,6860,6110,11470,12630,8070,12350,13580,19300,26780,30580,32890,37400,39890,39950,31500,30130,30060,29960,27610,27040,26920,24350,24180,24290,25510,25820,25650,25660,26900,26910,26960,26850,26920,29960,34410,34330,39790,36050,26840,25870,27010,26930,26570,,
OKI,OKI2201,CTCT,ohaaki,Geo,Geo,1997-11-24,29200,29350,29160,28960,28910,29200,29630,30320,30260,29550,30260,29950,29410,29180,29990,30320,29870,29950,30030,29790,28980,28850,28490,28570,29150,29140,28620,28840,28310,28130,28160,28660,28530,28510,28500,28980,28690,28800,28580,28640,28680,28540,28780,29380,29770,30130,29730,29430,,
OTA,OTA2221,CTCT,otahuhu_a,Gas,Thrml,1997-11-24,0,0,0,0,0,0,0,0,0,0,0,0,0,0,0,0,0,0,0,0,0,0,0,0,0,0,0,0,0,0,0,0,0,0,0,0,0,0,0,0,0,0,0,0,0,0,0,0,,
PPI,PPI2201,MRPL,poihipi,Geo,Geo,1997-11-24,440,390,480,450,480,420,370,370,410,80,10,20,50,6070,20450,20310,20090,20080,20140,20100,20120,20160,20070,20160,20160,20180,20010,20110,20050,20070,20060,20040,20080,20080,20110,20030,20090,20130,20190,20270,20230,19350,14920,12210,1390,1670,1620,1320,,
ROT,ROT1101,TRUS,wheao_flaxy,Hydro,Hydro,1997-11-24,4471,4450,4434,4442,4444,4448,4446,4458,4460,4442,4456,4470,4460,4484,4448,6560,8424,8379,8381,8408,8442,8376,8324,8376,8404,8424,8322,8413,8383,5420,4960,4936,4958,4940,5036,5458,7442,9200,9136,9200,8458,8164,7274,7202,6772,4972,4952,4932,,
ROX,ROX1101,CTCT,roxburgh,Hydro,Hydro,1997-11-24,37690,37910,37690,37780,37670,37780,37690,23100,19880,19830,30590,37450,38000,54860,59870,59510,59640,58390,57670,57620,57710,57610,45450,38310,38250,38330,38430,37910,38370,38410,38210,47790,54600,54900,54960,55080,54600,55560,56070,56170,56190,55890,56130,56020,55820,56320,55880,55920,,
ROX,ROX2201,CTCT,roxburgh,Hydro,Hydro,1997-11-24,95050,94240,94010,93830,93500,94090,93490,79620,79390,79240,78600,76940,77560,76900,77320,76930,77170,76510,76120,75950,76000,75840,88660,95320,95750,95520,95510,94660,95570,95890,95500,92890,88990,89260,89230,89560,88990,90600,92310,92330,92630,92180,92590,92240,92130,92820,92020,92160,,
RPO,RPO2201,GENE,rangipo,Hydro,Hydro,1997-11-24,29840,29830,29840,29830,29830,29790,29830,29830,29840,29840,29840,29830,29840,29840,29840,29840,29830,29840,29840,29830,29840,29830,29830,29840,29820,29830,29820,29830,29820,29830,29820,29820,29830,29820,29820,23420,29490,29480,29830,29840,29860,29850,29850,29850,29860,29850,29850,29730,,
SFD,SFD2201,CTCT,stratford,Gas,Thrml,1997-11-24,0,0,0,0,0,0,0,0,0,0,0,0,0,0,0,0,0,0,0,0,0,0,0,0,0,0,0,0,0,0,0,0,0,0,0,0,0,0,0,0,0,0,0,0,0,0,0,0,,
SWN,SWN2201,TRUS,southdown,Gas,Thrml,1997-11-24,60960,60970,61030,60990,61010,60980,60970,60980,60970,60920,60910,60970,60960,60990,61040,60990,60940,60940,60990,60990,60960,61080,61110,61080,61020,61010,60980,60990,60960,60990,60990,60980,60960,60920,60890,60900,60910,60940,60940,60920,60940,60770,60790,60780,60790,60780,60860,60800,,
TKA,TKA0111,MERI,tekapo_a,Hydro,Hydro,1997-11-24,5990,6390,6500,6810,6870,6450,6350,7010,6140,6320,6930,6930,6400,2500,530,500,610,600,610,580,580,580,570,570,590,560,590,580,550,560,530,550,560,570,590,620,650,670,680,590,580,590,580,590,540,490,520,460,,
TKB,TKB2201,MERI,tekapo_b,Hydro,Hydro,1997-11-24,37990,38300,37920,38090,38260,38220,38720,37780,38210,38230,38800,38190,38560,20880,18820,7990,5590,3450,3270,16200,17800,8090,4420,4120,2330,14510,8290,3010,3490,3330,3200,3390,3270,3190,3090,2950,2570,2650,2570,2180,2300,2940,2220,15620,19350,5920,3540,3550,,
TKU,TKU2201,GENE,tokaanu,Hydro,Hydro,1997-11-24,10560,0,0,0,0,0,0,0,0,0,0,0,0,0,31620,90700,89810,88720,88750,88920,89050,88950,88870,88880,88590,59620,57080,57000,57020,57000,57090,56930,57030,85290,92130,93940,88530,38880,28180,27860,28050,27900,27750,790,0,0,0,0,,
TMU,TMU1101,GENE,te_awamutu,Gas,Cogen,1997-11-24,13620,13630,13630,13730,13710,13630,13580,13560,13480,13470,13480,13440,13480,13430,13420,13340,13280,13210,13120,13060,12900,12710,12590,12530,12470,12470,12400,12380,12330,12380,12440,12460,12530,12560,12620,12660,12780,12860,12900,13040,13180,13220,13260,13310,13350,13380,13390,13370,,
TUI,TUI1101,GENE,waikaremoana,Hydro,Hydro,1997-11-24,3090,3100,3080,3350,2920,2800,2650,2860,2950,2910,2900,2900,2900,2900,14620,23690,24680,24650,25750,25290,25370,25110,24640,24660,24660,24750,24720,24730,24780,24710,23870,23680,23340,23590,23130,23390,23690,23780,23770,23630,23900,23720,23680,4320,2480,3160,3160,3070,,
WHI,WHI2201,CTCT,whirinaki,Diesel,Thrml,1997-11-24,0,0,0,0,0,0,0,0,0,0,0,0,0,0,0,0,0,0,0,0,0,0,0,0,0,0,0,0,0,0,0,0,0,0,0,0,0,0,0,0,0,0,0,0,0,0,0,0,,
WKM,WKM2201,MRPL,whakamaru,Hydro,Hydro,1997-11-24,27460,28190,29480,27390,24270,7530,10480,11990,11990,12170,14860,18780,24720,31700,35310,39850,43790,45600,45830,45920,45990,45960,45880,45750,44820,33370,32970,32760,32770,32770,29180,28300,30690,29110,30470,34660,34550,34680,34630,34900,34870,39280,35790,34860,33780,31490,34640,35630,,
WPA,WPA2201,MRPL,waipapa,Hydro,Hydro,1997-11-24,14150,16130,13240,9510,17120,10720,7080,7410,9370,9410,13590,10560,12660,15710,23320,27110,27620,27580,27380,19130,17400,17360,17360,17290,15120,11640,17300,15120,16630,18900,16710,19640,24260,24110,21780,24400,23640,15730,16900,17090,17670,18080,21820,16700,14720,14110,15550,18930,,
WRK,WRK2201,CTCT,wairakei,Geo,Geo,1997-11-24,0,0,0,0,0,0,0,0,0,0,0,0,0,0,0,0,0,0,0,0,0,0,0,0,0,0,0,0,0,0,0,0,0,0,0,0,0,0,0,0,0,0,0,0,0,0,0,0,,
WTK,WTK0111,MERI,waitaki,Hydro,Hydro,1997-11-24,15810,16020,15870,15970,15900,16020,15980,15840,17480,17360,17540,18880,20070,21280,22500,22530,24870,24930,26060,27400,27380,27450,27400,27550,27350,27450,27500,29640,29960,29970,29860,30050,31960,32330,32320,32370,32240,32360,32350,32280,32330,32330,32260,32270,32250,32090,29860,29940,,
ARA,ARA2201,MRPL,aratiatia,Hydro,Hydro,1997-11-25,28000,27930,27800,27630,21470,21170,21180,21230,21240,21150,22590,25260,21620,25910,28110,28400,28560,28670,28720,24370,27070,27680,28830,28960,28710,28280,28720,28850,28040,27930,28500,28580,28330,28130,29550,27500,27220,28440,28450,28430,28450,28340,28300,28290,28270,28120,28280,28290,,
ARG,ARG1101,TRUS,argyle_wairau,Hydro,Hydro,1997-11-25,9,0,0,0,0,0,0,0,0,0,0,0,0,0,4058,4678,4680,4688,4698,4702,4705,4706,4709,885,10,0,0,0,0,0,0,0,0,4086,4671,4672,4682,4690,4724,4731,4737,4743,4748,4798,4779,4779,861,14,,
ARI,ARI1101,MRPL,arapuni,Hydro,Hydro,1997-11-25,37890,39670,39690,31890,30160,30340,30310,36330,38020,38610,38980,42990,49870,53770,67370,65880,63730,64140,64430,64840,64820,65550,68610,67560,62120,56960,56780,56680,56720,56850,55470,55360,55340,55290,55350,55690,55070,55430,55840,55480,58870,57470,57470,57520,53200,49180,52760,53530,,
ATI,ATI2201,MRPL,atiamuri,Hydro,Hydro,1997-11-25,11840,12180,4350,3980,4000,4060,2780,2460,2440,2130,960,3170,11870,12750,21400,29820,29970,29950,30030,28750,22620,24180,26120,26080,26010,21520,20710,20650,20630,20620,25430,26150,26000,25930,25900,26000,25870,26010,26160,26030,26510,25860,25800,23980,10480,8880,10400,10690,,
AVI,AVI2201,MERI,aviemore,Hydro,Hydro,1997-11-25,58680,58690,56200,50550,51320,55820,45810,44590,46510,44380,45810,44250,50160,58720,55980,49310,50210,53990,55330,52980,54500,50700,50910,52270,51470,50330,52090,51510,52220,50240,53540,50860,51210,52470,51670,49220,51670,49970,50340,52420,47280,41950,54200,58850,32780,0,0,0,,
BEN,BEN2202,MERI,benmore,Hydro,Hydro,1997-11-25,151180,146160,109090,115160,113730,106790,117200,116870,113540,115460,126830,135730,146150,135590,143280,161480,157170,151280,145490,148080,148270,148750,147460,149830,148400,147670,149450,147950,150060,146650,151050,138860,141480,135600,148850,147990,156760,152840,152380,153940,154190,151340,153870,140450,143290,154880,148210,139550,,
BWK,BWK1101,TRUS,waipori,Hydro,Hydro,1997-11-25,0,0,0,0,0,0,0,0,0,0,0,0,0,936,1686,1302,2358,2142,2616,0,42,0,0,0,0,0,0,0,0,0,0,0,0,0,0,0,0,0,0,0,0,0,0,0,0,0,0,0,,
COB,COB0661,CTCT,cobb,Hydro,Hydro,1997-11-25,2760,720,0,0,430,2460,2490,2460,2550,2470,2530,2440,2460,2440,2430,2410,2520,2490,2410,2430,2450,2440,2420,2440,2420,2390,2430,2400,2430,2370,2420,2400,2390,2430,2400,2360,2450,2380,2370,2440,2430,2450,2500,2290,2330,2530,2560,2470,,
COL,COL0661,TRUS,coleridge,Hydro,Hydro,1997-11-25,17330,17340,17340,17400,17350,17360,17360,17350,17360,17340,17360,17340,17330,17330,17330,17330,17360,17330,17290,17300,17320,17340,17360,17350,17360,17340,17350,17360,17350,17350,17350,17350,17350,17370,17350,17350,17370,17390,17370,17390,17380,17360,17360,17330,17340,17400,17390,17360,,
CYD,CYD2201,CTCT,clyde,Hydro,Hydro,1997-11-25,195060,142380,143020,142690,142910,143430,142990,142710,144050,142720,144220,191670,206950,206950,206330,205910,208780,207720,206480,207170,207380,207480,207090,207690,207240,206880,207490,207080,207650,206580,207560,207150,207110,207450,207350,206190,208020,206560,206590,207560,207730,207270,202730,196570,197680,201550,201570,200340,,
HLY,HLY2201,GENE,huntly_1_4,Coal,Thrml,1997-11-25,105830,105680,110200,110330,104060,101950,92200,88310,87820,86670,99240,100390,138730,214490,240030,243380,242070,241990,239780,240100,240150,239240,237360,238440,237670,239020,239960,239500,239770,240810,242870,242670,241820,242290,240770,234800,234160,242170,242150,241840,241840,241650,243350,235290,211790,167950,147820,99590,,
HWA,HWA1101,TRUS,patea,Hydro,Hydro,1997-11-25,3460,3488,3472,3484,3492,3492,3484,3480,3484,3492,3468,3464,3428,3428,3424,3420,3416,3420,3420,3416,3424,3432,3432,3436,3432,3432,3436,3436,3424,3436,3428,3416,3412,3404,3412,3416,3420,3428,3432,3428,3432,3432,3440,3452,3448,3448,3460,3480,,
KIN,KIN0112,CHHE,kinleith,Wood,Cogen,1997-11-25,10997,11821,14243,13175,14350,14094,13828,15055,15558,17278,17059,17039,17761,17248,16444,16915,16977,16487,18155,18493,17923,16897,16243,16870,17527,19143,18444,16601,16544,16462,16783,15879,14990,14510,14627,16701,17836,16813,16083,16414,16970,14881,15060,16718,16327,16589,15090,13800,,
KPO,KPO1101,MRPL,karapiro,Hydro,Hydro,1997-11-25,28380,28490,27940,27650,27630,27840,27710,27940,27820,27490,27870,27760,29650,30860,36360,35070,33630,33960,34080,34410,34370,34170,30500,27680,27620,30290,32270,32180,32170,32230,32200,32200,35500,30840,30340,30530,29990,30170,30330,30050,31150,29600,29520,29630,29730,27570,30350,30860,,
MAN,MAN2201,MERI,manapouri,Hydro,Hydro,1997-11-25,298260,298240,298440,299420,299500,299530,299400,299410,299550,299540,299510,299340,299060,298510,298430,298330,298380,298180,298260,298320,298480,298540,298510,298650,298700,298660,298780,298710,298740,298760,298770,298800,298750,298720,298770,298600,298640,298460,298340,298310,298230,298170,298170,297880,298000,298320,297930,299080,,
MAT,MAT1101,TRUS,matahina,Hydro,Hydro,1997-11-25,0,0,0,0,0,0,0,0,0,0,0,0,0,0,0,0,0,0,0,0,0,0,0,0,0,0,0,0,0,0,0,0,0,0,0,0,0,0,0,0,0,0,0,0,0,0,0,0,,
MHO,MHO0331,KING,mangahao,Hydro,Hydro,1997-11-25,0,0,0,0,0,0,0,0,0,0,0,0,0,0,0,0,9190,10560,10490,10440,10370,10310,10340,10310,11260,11330,11310,11300,11290,11300,12120,12230,12220,12210,12210,12240,12160,12170,12210,12190,12340,12140,12120,12120,12310,12100,12440,12510,,
MTI,MTI2201,MRPL,maraetai,Hydro,Hydro,1997-11-25,22430,22910,26220,16210,10150,12100,22940,18520,19100,8880,19650,19390,16730,35900,98360,124910,92950,66460,79840,68070,61950,49150,31990,42820,32930,49370,42950,38940,32140,38140,49880,44450,51170,48080,59170,102370,81890,56180,74410,73720,92200,77780,56220,54620,52020,39920,18030,38040,,
NPL,NPL1101,CTCT,new_plymouth,Gas&Oil,Thrml,1997-11-25,95320,57390,57380,57390,57400,57390,57420,57410,57380,57400,57410,64020,89420,113080,113580,113410,113420,113540,113780,113860,113890,113880,113790,113830,113780,113760,113730,113750,113780,113830,113770,113810,113840,113840,113830,113870,113860,113910,113910,113850,113880,113920,113900,113950,113830,113870,113830,113860,,
NPL,NPL2201,CTCT,new_plymouth,Gas&Oil,Thrml,1997-11-25,113870,113820,113840,113770,113890,113850,113860,113850,113780,113850,113780,113790,113750,113870,113850,113840,113900,113860,113930,113860,113860,113890,113850,113780,113790,113780,113730,113880,113850,113840,113860,113860,113860,113810,113870,113780,113780,113800,113810,113760,113810,113790,113850,113820,113460,113340,110470,91310,,
OHA,OHA2201,MERI,ohau_a,Hydro,Hydro,1997-11-25,55250,75620,76640,76330,61470,53290,47900,45730,47080,49230,50990,49120,49520,49390,48770,68620,109460,117900,82590,65930,68560,95240,97130,100880,103130,90710,87240,97570,70910,64660,79100,91140,113340,122240,108740,105090,82080,75560,40100,18510,13070,37920,38640,36160,15590,9510,22660,46150,,
OHB,OHB2201,MERI,ohau_b,Hydro,Hydro,1997-11-25,60490,67880,62100,53830,46880,40830,32410,30070,30940,44850,49400,45030,46520,47480,37060,66760,77520,76400,82510,101350,86590,64190,67100,79710,85170,81510,81700,75340,73140,65460,54790,74910,89360,96490,94850,84700,68920,56470,34440,19810,13370,19120,37120,34060,32920,26600,37970,20570,,
OHC,OHC2201,MERI,ohau_c,Hydro,Hydro,1997-11-25,62960,63810,60280,54090,48010,41620,31910,29550,30460,44330,47520,46160,46490,46500,38750,66220,75140,76180,89330,98050,82150,65780,67460,78880,84700,81200,80370,75240,72880,65230,54850,75540,88680,95070,93100,85390,67150,54960,35100,19470,13020,18450,33500,36510,34340,25430,36980,20990,,
OHK,OHK2201,MRPL,ohakuri,Hydro,Hydro,1997-11-25,9040,13290,3920,0,1280,1750,250,0,0,0,0,6340,16550,18760,42460,48710,47000,47300,47480,43940,31620,33290,36830,36820,33410,28750,28090,25300,28160,28340,31290,37590,31990,35680,36310,36490,35930,36170,36510,36110,38710,39480,39380,39400,39460,37580,39490,40080,,
OKI,OKI2201,CTCT,ohaaki,Geo,Geo,1997-11-25,29970,29580,29100,29160,30110,30230,29800,29850,29850,29760,29490,29330,29600,29700,30080,29800,29680,30020,29870,29170,29410,29620,29210,28270,28530,28720,28610,28510,28950,29550,29800,29080,28320,29130,28750,28310,28230,28810,28950,28810,28760,29240,29110,28470,28910,28960,28700,29130,,
OTA,OTA2221,CTCT,otahuhu_a,Gas,Thrml,1997-11-25,0,0,0,0,0,0,0,0,0,0,0,0,0,0,0,0,0,0,0,0,0,0,0,0,0,0,0,0,0,0,0,0,0,0,0,0,0,0,0,0,0,0,0,0,0,0,0,0,,
PPI,PPI2201,MRPL,poihipi,Geo,Geo,1997-11-25,480,520,530,520,500,470,460,440,440,450,370,370,1390,7750,20260,20060,20010,20120,20140,20180,20130,20090,20200,20140,20140,20140,20150,20140,20100,20090,20170,20200,20200,20070,20120,20070,20040,20070,19980,19940,20010,20040,17330,7310,1440,1000,1010,1060,,
ROT,ROT1101,TRUS,wheao_flaxy,Hydro,Hydro,1997-11-25,4960,4926,4094,3958,3976,3956,3964,3938,3956,3962,3954,3982,3944,6664,7437,7425,7387,7431,7398,7414,7418,7432,7432,7398,7408,7416,7429,7391,7404,7412,7396,7412,7400,7397,7415,7356,7426,7448,7388,7410,7372,7376,4332,3958,3958,3962,3968,3942,,
ROX,ROX1101,CTCT,roxburgh,Hydro,Hydro,1997-11-25,55720,56000,56110,38140,37470,37470,37390,37670,37590,37160,37750,37330,37910,56190,58520,58380,58730,58180,58670,58510,58710,58360,58500,58540,58510,58680,58560,58320,58580,58630,58460,58650,58590,58350,58960,58720,58670,58430,58570,58710,58830,58380,58650,58340,58760,58830,58450,58650,,
ROX,ROX2201,CTCT,roxburgh,Hydro,Hydro,1997-11-25,91730,92110,92380,91940,92270,92260,92460,92820,92720,91890,93140,92790,94130,93490,93540,93240,94000,92860,94260,93540,94210,93860,93800,93610,94080,94140,93910,93540,93820,93820,93600,93660,93790,93640,94510,94090,93900,93660,93860,93680,94030,93350,93760,93420,93960,94340,93550,94900,,
RPO,RPO2201,GENE,rangipo,Hydro,Hydro,1997-11-25,28590,28590,28600,28590,28610,28670,28600,28600,28600,28600,28590,28600,28600,28610,28990,29610,29510,29190,29200,29190,29190,29190,29190,29200,29180,29190,29190,29190,29190,29200,29190,29190,29190,28790,28430,28440,28440,28430,28450,28430,28430,28440,28440,28430,28440,28430,28440,28440,,
SFD,SFD2201,CTCT,stratford,Gas,Thrml,1997-11-25,0,0,0,0,0,0,0,0,0,0,0,0,0,0,0,0,0,0,0,0,0,0,0,0,0,0,0,0,0,0,0,0,0,0,0,0,0,0,0,0,0,0,0,0,0,0,0,0,,
SWN,SWN2201,TRUS,southdown,Gas,Thrml,1997-11-25,60820,60820,60870,60790,60790,60780,60750,60750,60750,60700,60670,60660,60640,60690,60750,60780,60730,60790,60850,60800,60750,60750,60790,60700,60760,60730,60690,60730,60680,60650,60610,60610,60600,60590,60630,60630,60590,60600,60600,60450,60540,60600,60650,60610,60650,60590,60580,60600,,
TKA,TKA0111,MERI,tekapo_a,Hydro,Hydro,1997-11-25,700,550,490,440,400,380,390,370,380,430,440,450,480,560,620,620,650,680,640,610,630,630,610,610,600,580,610,590,580,570,550,560,530,560,610,640,700,720,680,620,2620,7900,5730,7750,6830,4120,4150,7020,,
TKB,TKB2201,MERI,tekapo_b,Hydro,Hydro,1997-11-25,2400,1670,1920,2140,2050,2140,2180,1980,4470,4360,5710,5210,5590,5780,5660,5620,6090,6050,5720,6000,5850,5810,5700,5840,5700,5680,5660,5480,5540,5280,5630,5270,5260,5490,5290,4840,5490,5120,21480,39020,38670,36520,39360,35660,36050,37200,37480,37920,,
TKU,TKU2201,GENE,tokaanu,Hydro,Hydro,1997-11-25,0,0,0,0,0,0,0,0,0,0,0,0,0,0,22920,43820,82660,85670,85460,87960,88360,87670,87840,64320,55890,56670,56330,56270,56250,56320,56230,56340,56370,56790,57890,82070,84720,84810,84980,84750,87750,86510,41110,26480,26550,25660,15580,0,,
TMU,TMU1101,GENE,te_awamutu,Gas,Cogen,1997-11-25,13340,13320,13330,13340,13430,13490,13380,13310,13300,13310,13320,13320,13300,13290,13220,13200,13200,13210,13170,12990,12930,12860,12730,12710,12690,12720,12730,12780,12760,12740,12810,12860,12880,12930,12970,12970,12970,12890,12910,12910,12950,12900,12910,13000,12990,12940,12930,12970,,
TUI,TUI1101,GENE,waikaremoana,Hydro,Hydro,1997-11-25,3030,3920,4000,3890,3860,3620,2880,2880,2890,2820,2890,3110,2860,2990,16890,22300,22430,23110,23260,24220,23470,22920,23160,23190,23100,23170,23090,23090,23290,23220,22510,22920,22970,23000,23050,22770,22620,22810,23690,23890,24470,23580,23540,23570,23660,22210,23790,3580,,
WHI,WHI2201,CTCT,whirinaki,Diesel,Thrml,1997-11-25,0,0,0,0,0,0,0,0,0,0,0,0,0,0,0,0,0,0,0,0,0,0,0,0,0,0,0,0,0,0,0,0,0,0,0,0,0,0,0,0,0,0,0,0,0,0,0,0,,
WKM,WKM2201,MRPL,whakamaru,Hydro,Hydro,1997-11-25,16640,18010,14820,10720,13400,12170,16320,13850,13740,13180,10010,11890,19220,22710,32060,35480,34910,35120,35270,28870,28420,30700,35040,35010,34970,33340,33310,33260,33250,33260,33970,35210,35170,44110,45800,40090,38340,32910,33740,35620,36330,35430,35420,35390,27790,23040,14370,23160,,
WPA,WPA2201,MRPL,waipapa,Hydro,Hydro,1997-11-25,12230,9410,8620,9080,8060,8090,7810,9080,8200,6150,6800,8540,10430,8250,14350,27440,28260,26940,21730,21880,21270,20760,16480,11080,11720,11760,14490,13180,13320,10680,8820,10830,11830,19430,21850,26290,26940,24560,16250,16390,21080,27800,24320,13560,14400,14270,12310,11470,,
WRK,WRK2201,CTCT,wairakei,Geo,Geo,1997-11-25,0,0,0,0,0,0,0,0,0,0,0,0,0,0,0,0,0,0,0,0,0,0,0,0,0,0,0,0,0,0,0,0,0,0,4140,4660,9990,16520,20540,21300,24230,26860,26220,30640,29700,29370,29420,28670,,
WTK,WTK0111,MERI,waitaki,Hydro,Hydro,1997-11-25,29820,29880,29930,29900,29910,29920,29910,30030,30070,29880,30090,29870,29850,29800,29780,29860,29980,29810,29890,29860,29930,29800,29850,29830,29810,29790,29850,29870,29790,29790,29840,29820,29860,29910,29810,29870,29880,29820,29760,29890,29790,29760,29860,29730,29030,27460,26870,25000,,
ARA,ARA2201,MRPL,aratiatia,Hydro,Hydro,1997-11-26,28430,28480,28460,28280,24600,26890,17820,14790,14890,14960,20420,21380,21150,25610,27470,27610,27600,27570,27640,27620,27240,27060,27330,23650,19990,23650,23690,27680,25790,26370,26860,27280,23590,27910,28180,28240,28210,28160,28230,28200,28260,28310,28120,28080,25840,21200,16590,14030,,
ARG,ARG1101,TRUS,argyle_wairau,Hydro,Hydro,1997-11-26,0,0,0,0,0,0,0,0,0,0,0,0,0,0,4107,4696,4698,4698,4702,4704,4710,4710,4716,4714,902,9,0,0,0,0,0,0,0,4095,4677,4690,4692,4695,4742,4766,4772,4818,4798,4792,4788,873,9,0,,
ARI,ARI1101,MRPL,arapuni,Hydro,Hydro,1997-11-26,41430,37120,33480,32260,28690,29690,30840,37980,37790,39430,32000,29150,27700,40750,44540,49380,70640,71510,62620,52550,52900,53700,56870,56690,55470,54720,54820,53510,53100,54440,48330,50760,57570,60800,61580,61540,60550,60390,60730,60640,61000,61490,60280,60440,57980,55060,44520,43020,,
ATI,ATI2201,MRPL,atiamuri,Hydro,Hydro,1997-11-26,10570,7440,6460,6680,4270,4220,4350,3930,4200,4990,6090,5820,3000,22460,27600,36830,36820,36830,35140,30310,28920,22020,20100,14000,10820,16890,12670,17510,17510,14450,13210,18300,19030,26180,29910,27840,27290,27280,27580,27550,27730,28000,27340,27410,26970,26940,24950,20010,,
AVI,AVI2201,MERI,aviemore,Hydro,Hydro,1997-11-26,0,0,0,0,0,0,0,0,0,0,0,0,0,0,18060,66190,82820,81790,81470,82960,83590,83080,83670,82740,83010,82680,83320,82850,83200,82720,82830,60300,57360,58050,65230,73630,73560,68690,67690,52140,49490,49560,59080,49880,49400,50890,50300,47700,,
BEN,BEN2202,MERI,benmore,Hydro,Hydro,1997-11-26,143970,160010,130870,29390,0,0,0,0,0,0,0,72350,89360,110650,118910,143960,160700,157650,159670,158700,158540,156850,160590,156240,158710,157210,160520,158980,161190,159940,160560,160180,158610,159840,170730,175540,175580,174470,162240,141070,148970,165430,174550,142280,113800,114370,153060,156530,,
BWK,BWK1101,TRUS,waipori,Hydro,Hydro,1997-11-26,0,0,0,0,0,0,0,0,0,0,0,0,0,0,0,0,0,0,0,0,0,0,0,0,0,0,0,0,0,0,0,0,0,0,0,0,0,0,0,0,0,0,0,0,0,0,0,0,,
COB,COB0661,CTCT,cobb,Hydro,Hydro,1997-11-26,2520,2450,2460,2480,2420,2570,2470,2500,2450,2500,2520,2490,2480,2460,2440,2480,4460,4780,4800,4860,4860,4810,4870,4800,4820,4800,4820,4800,4820,4800,4810,4800,4860,4890,4920,4850,4880,4870,4850,4950,5020,4910,4750,4850,4980,4920,4980,4890,,
COL,COL0661,TRUS,coleridge,Hydro,Hydro,1997-11-26,17350,17380,17390,17350,17330,17350,17340,17340,17340,17360,17370,17360,17350,17370,17380,17400,17370,17380,17390,17390,17390,17390,17370,17350,17360,17350,17350,17350,17360,17350,17350,17510,17880,17920,17920,17910,17910,17910,17910,17920,17940,17920,17920,17920,17950,17920,17950,17910,,
CYD,CYD2201,CTCT,clyde,Hydro,Hydro,1997-11-26,193790,192410,192370,192190,191250,194030,192120,192660,163750,153640,153490,153210,153220,182230,201260,202420,201560,202200,201600,202600,202560,201880,201380,196930,197730,197220,198130,197100,197820,197380,197570,197340,196800,190150,190860,189540,190120,189720,195730,198190,199930,196890,193660,196210,198650,197400,198680,196670,,
HLY,HLY2201,GENE,huntly_1_4,Coal,Thrml,1997-11-26,97610,91900,87960,88240,88480,88430,88330,87530,86700,86360,87900,141060,221840,241860,243810,239730,238070,237770,236480,234790,237060,237490,236240,235910,236240,236970,237780,237780,237940,237180,238370,237220,237520,237430,237500,237440,237630,238040,239020,242080,242740,242760,243640,243990,243240,210450,164830,110190,,
HWA,HWA1101,TRUS,patea,Hydro,Hydro,1997-11-26,3472,3468,3480,3476,3488,3492,3488,3492,3488,3500,3468,3456,3448,3436,3412,3424,3424,3428,3428,3436,3440,3432,3428,3436,3432,3440,3436,3436,3432,3432,3428,3428,3412,3412,3412,3416,3424,3424,3424,3432,3436,3436,3440,3440,3436,3448,3460,3476,,
KIN,KIN0112,CHHE,kinleith,Wood,Cogen,1997-11-26,13793,15528,15419,15287,17032,16342,17961,17408,17383,18359,18750,17393,16215,15817,15939,16205,15269,16885,17961,17044,17243,16967,17039,14776,15807,17234,18864,17156,17393,17438,18800,16604,16551,14114,16848,16407,16509,17273,16424,15264,14667,15949,15672,15354,15045,15055,16126,16058,,
KPO,KPO1101,MRPL,karapiro,Hydro,Hydro,1997-11-26,30450,30150,29970,28990,28510,27960,27800,27910,29060,29810,33730,34580,31240,31620,31130,31180,31890,31750,31230,31150,31220,31120,31130,31260,30710,31110,24850,29670,28750,28590,28330,24470,27150,28910,31330,29270,30390,30320,30710,30250,30340,30480,29020,31760,30990,32090,29290,28730,,
MAN,MAN2201,MERI,manapouri,Hydro,Hydro,1997-11-26,298950,298930,298960,299060,298950,299290,299290,299310,298960,299270,299250,299200,299190,298970,298810,299000,298910,298750,298710,298800,298750,298720,288900,298380,298540,298570,298850,298860,298950,298890,298960,298920,298900,298860,298930,298940,298880,298800,298710,298770,298790,298440,298130,298190,298380,298220,298390,298510,,
MAT,MAT1101,TRUS,matahina,Hydro,Hydro,1997-11-26,0,0,0,0,0,0,0,0,0,0,0,0,0,0,0,0,0,0,0,0,0,0,0,0,0,0,0,0,0,0,0,0,0,0,0,0,0,0,0,0,0,0,0,0,0,0,0,0,,
MHO,MHO0331,KING,mangahao,Hydro,Hydro,1997-11-26,12420,12400,12440,12360,12360,12340,12320,12340,12470,12510,12410,12340,12450,12560,12490,12470,12450,12440,12500,12450,12470,12460,12450,12480,12450,12430,12480,12340,12390,12480,12420,12200,12220,12200,12190,12210,12170,12130,12200,12170,12230,12320,12130,12180,12090,12200,11670,11630,,
MTI,MTI2201,MRPL,maraetai,Hydro,Hydro,1997-11-26,11730,3360,11480,9520,7900,6390,10590,7950,29560,28310,16520,6330,14340,45230,88080,106520,100740,82920,71800,66030,60050,79900,50710,48390,71180,72450,93630,46860,32060,40750,48740,66790,71480,69450,67590,88260,91740,83650,61010,55260,81140,100150,80290,57610,26760,36100,19790,33840,,
NPL,NPL1101,CTCT,new_plymouth,Gas&Oil,Thrml,1997-11-26,113880,113880,113910,113880,113870,113940,113900,113940,113940,113990,114000,113980,114130,113930,114010,113990,113940,113980,113920,113900,113920,113960,113820,113910,113930,113830,113820,113790,113780,113710,113800,113730,113780,113720,113790,113800,113830,113910,113910,113900,113910,113890,113880,113910,113920,113880,113790,113830,,
NPL,NPL2201,CTCT,new_plymouth,Gas&Oil,Thrml,1997-11-26,71320,58670,58620,58620,58640,58630,58630,58630,58630,58630,58640,58640,58660,58610,58650,58640,58650,58630,58630,58630,58640,58640,58570,58630,58630,58610,58630,58630,58610,58620,58620,58630,58610,58630,58630,58630,58610,58630,58630,58630,58620,58630,58650,58620,58630,58630,58620,58620,,
OHA,OHA2201,MERI,ohau_a,Hydro,Hydro,1997-11-26,76690,53080,53540,79550,82960,82880,63410,53870,52530,54310,84700,77090,88470,88970,104860,111520,96140,55970,82150,82110,89310,108170,94380,88260,71760,71190,75820,67110,79350,61550,58190,72670,78600,82580,65240,59270,22470,12790,8460,6560,7040,25730,28620,26930,6730,6380,28650,32120,,
OHB,OHB2201,MERI,ohau_b,Hydro,Hydro,1997-11-26,45470,50980,48780,71810,69050,53120,51840,42820,49610,62510,74370,56510,66470,78620,71420,84590,85640,48680,61540,95450,75460,68110,74510,79320,74620,57680,52640,64320,59340,63730,63510,60240,49830,53730,54970,39740,37040,17430,3920,0,0,9840,25210,25960,16880,13950,24660,26380,,
OHC,OHC2201,MERI,ohau_c,Hydro,Hydro,1997-11-26,43660,50020,52110,70960,72850,52160,45440,39700,60690,61880,72080,54140,66870,72980,74540,84370,81900,47430,65770,93110,75260,71070,73050,80230,72610,57510,52320,65470,58080,63900,64120,58660,49710,55500,52020,41090,35280,17430,3240,0,0,12140,24970,24830,15590,15170,25250,27000,,
OHK,OHK2201,MRPL,ohakuri,Hydro,Hydro,1997-11-26,23210,2650,0,0,0,0,0,0,0,950,2450,3660,4880,30450,38300,52420,52970,52640,49670,46750,46750,37330,30880,26950,23060,26180,18820,23950,23830,20010,18630,24870,26540,40170,42870,40380,39960,39740,39360,39990,41470,41940,40480,40630,39540,32410,31270,27020,,
OKI,OKI2201,CTCT,ohaaki,Geo,Geo,1997-11-26,29200,29100,29430,28820,28490,28740,29300,29420,29610,29580,29570,30430,29860,29480,29580,29520,29550,29340,29940,29950,29690,29180,30070,29740,29060,28570,28840,29310,28990,29160,29140,29650,29200,28980,28510,28670,28860,28910,28260,28900,28460,28780,28920,29490,29330,29380,29440,29480,,
OTA,OTA2221,CTCT,otahuhu_a,Gas,Thrml,1997-11-26,0,0,0,0,0,0,0,0,0,0,0,0,0,0,0,0,0,0,0,0,0,0,0,0,0,0,0,0,0,0,0,0,0,0,0,0,0,0,0,0,0,0,0,0,0,0,0,0,,
PPI,PPI2201,MRPL,poihipi,Geo,Geo,1997-11-26,520,420,410,340,350,360,380,390,400,410,410,430,420,380,390,3240,20360,20090,20240,20140,20050,20110,20140,20060,20190,20130,20160,20030,20170,20080,20140,20020,19970,20080,20100,20060,20100,20050,20090,19990,20040,20160,20130,20130,20040,10230,2400,2350,,
ROT,ROT1101,TRUS,wheao_flaxy,Hydro,Hydro,1997-11-26,3964,3972,3934,3978,3942,3949,3975,3972,3942,3946,5102,7212,7624,6904,6932,6970,7448,7384,7439,7407,7408,7428,7418,7432,7388,7358,7406,7406,7428,7390,7414,7398,7376,7410,7138,6944,6932,7364,7404,7438,7428,6976,4462,4472,4440,4472,4494,4444,,
ROX,ROX1101,CTCT,roxburgh,Hydro,Hydro,1997-11-26,59140,59770,59620,59410,59750,59730,59530,59680,44020,40070,39970,39900,39990,38610,37190,37280,37360,37440,37400,37380,37440,37340,37910,47990,52340,52190,52550,52700,59590,59750,59890,59790,59890,54530,54250,53950,54140,54100,58690,59580,59960,59260,59590,59530,59590,59640,59470,59770,,
ROX,ROX2201,CTCT,roxburgh,Hydro,Hydro,1997-11-26,97790,99090,98930,98800,99130,99080,98880,98880,99030,99090,99320,99050,99420,97620,96280,96540,96810,96620,96730,96700,96900,96590,97260,91520,86560,86650,87190,84570,79010,79150,78930,79250,79580,72650,72400,71960,72260,72280,78320,79200,79580,78950,79140,79350,79060,79400,78990,79400,,
RPO,RPO2201,GENE,rangipo,Hydro,Hydro,1997-11-26,28430,28440,28440,28430,28440,28440,28430,28450,28430,28450,28440,28440,28440,28450,28440,28440,28450,28450,28440,28440,13660,8280,8640,8640,8630,8630,17260,29200,29190,29200,29190,29190,29190,29190,29200,29190,29190,29190,29190,29190,29200,29190,29570,29690,29700,29700,29690,29670,,
SFD,SFD2201,CTCT,stratford,Gas,Thrml,1997-11-26,0,0,0,0,0,0,0,0,0,0,0,0,0,0,0,0,770,39650,6230,0,0,0,0,0,0,0,0,0,0,0,0,0,0,0,0,0,0,0,0,0,0,0,0,0,0,0,0,0,,
SWN,SWN2201,TRUS,southdown,Gas,Thrml,1997-11-26,60610,60610,60540,60580,60510,60530,60560,60580,60520,60480,60630,60270,60560,60560,60610,60560,60600,59650,59350,59870,60410,60440,60680,60610,60650,60620,60580,60530,60570,60550,60590,60550,60570,60600,60590,60620,60620,60610,60650,60600,60660,60640,60650,60650,60630,60630,60680,60630,,
TKA,TKA0111,MERI,tekapo_a,Hydro,Hydro,1997-11-26,7540,6580,5890,6270,7140,6330,6470,6890,6540,6430,6500,6620,6890,6480,6250,6490,6780,6680,6400,6540,6950,6370,6520,6790,6480,6630,6750,6410,6450,6800,6410,6510,6850,6050,6080,6900,6540,6280,6430,7090,6070,6370,7020,6070,6340,6240,6410,7130,,
TKB,TKB2201,MERI,tekapo_b,Hydro,Hydro,1997-11-26,38210,37760,37750,38080,37720,38420,38070,38100,37830,38180,38220,38180,38190,38150,37950,38110,37800,37940,37850,38060,38140,37910,38210,37680,37880,37840,37960,37850,38140,37850,38060,38000,37650,37770,37870,37590,37630,37610,37570,38200,38370,37980,36930,37590,38400,37940,38450,37620,,
TKU,TKU2201,GENE,tokaanu,Hydro,Hydro,1997-11-26,0,0,0,0,0,0,0,0,0,0,0,0,0,1460,55880,56680,58850,106570,80330,55180,73170,78380,78590,78920,78620,78630,70380,56440,56780,57100,57330,57110,57190,57190,57120,57370,57360,57340,57180,57460,34260,27360,26620,26990,26890,280,0,0,,
TMU,TMU1101,GENE,te_awamutu,Gas,Cogen,1997-11-26,13020,13000,13010,13040,13080,13130,13230,13250,13320,13370,13350,13390,13390,13390,13360,13240,13170,13140,13090,13000,12930,12850,12850,12870,12870,12850,12790,12710,12720,12760,12710,12750,12770,12780,12850,12880,12900,12890,12930,26400,13910,13120,13120,13110,13110,13120,13140,13140,,
TUI,TUI1101,GENE,waikaremoana,Hydro,Hydro,1997-11-26,3180,3570,3620,2750,2710,2590,2540,2720,3140,3130,2600,3340,3760,4030,20500,23710,24060,41290,35910,23760,23560,22460,23710,23670,23820,24060,23610,23110,24100,24290,23960,22950,23830,24240,23660,23930,23810,23720,24000,23560,23140,24340,23590,23690,23250,19270,3030,3100,,
WHI,WHI2201,CTCT,whirinaki,Diesel,Thrml,1997-11-26,0,0,0,0,0,0,0,0,0,0,0,0,0,0,0,0,0,0,0,0,0,0,0,0,0,0,0,0,0,0,0,0,0,0,0,0,0,0,0,0,0,0,0,0,0,0,0,0,,
WKM,WKM2201,MRPL,whakamaru,Hydro,Hydro,1997-11-26,15140,14750,16760,15730,15050,15050,17340,23380,22980,23980,25700,21590,23640,36940,37170,48240,48510,48470,48680,48590,42850,38250,36830,36880,30070,29410,29530,28920,27360,22250,21920,23320,23750,35450,44090,40740,35450,35330,35820,35730,36390,47270,46760,46870,46320,46940,39890,20650,,
WPA,WPA2201,MRPL,waipapa,Hydro,Hydro,1997-11-26,9390,8130,8250,5620,4090,4010,4020,4050,5680,8320,7920,5140,6580,13050,16680,24800,27750,28360,23780,23250,18370,17550,24340,20830,16410,18490,19790,20240,16950,14560,13140,17040,19170,23410,24920,21530,21510,22010,22850,20000,16330,25850,25230,19410,17820,15510,10480,8540,,
WRK,WRK2201,CTCT,wairakei,Geo,Geo,1997-11-26,29120,29540,29380,29040,29260,29440,29050,28340,29200,28690,28160,28420,28670,28670,28080,28580,31200,32440,39200,43300,45170,43200,44200,47290,53080,53720,52840,54820,56050,58080,59450,60690,61610,61410,64750,68320,68960,69120,69260,69760,70760,70260,70240,70200,70670,71570,71820,71890,,
WTK,WTK0111,MERI,waitaki,Hydro,Hydro,1997-11-26,24830,24880,24800,24740,24770,24890,24680,24920,24820,24970,24960,24240,22510,22380,22320,22390,22400,24460,24880,25900,27430,27380,27510,27390,27500,28000,29990,29940,31130,32390,32460,32430,32370,32430,30720,29940,30300,32140,32300,34920,35220,37190,37080,37260,37580,37380,37520,37250,,
ARA,ARA2201,MRPL,aratiatia,Hydro,Hydro,1997-11-27,14150,14320,14400,14440,14440,14510,14220,13360,13380,13400,13440,13140,13480,13490,13450,13520,13490,13530,13520,13540,13290,13200,13320,13310,13050,12950,13190,13210,13030,12970,13180,13170,13000,12900,13100,13060,13100,13120,13050,13620,14680,23600,26430,15170,14440,14470,14490,14480,,
ARG,ARG1101,TRUS,argyle_wairau,Hydro,Hydro,1997-11-27,0,0,0,0,0,0,0,0,0,0,0,0,0,0,4098,4678,4678,4680,4695,4702,4701,4707,4742,887,9,0,0,0,0,0,0,0,0,0,4094,4690,4690,4690,4707,4724,4725,4755,4756,4756,4780,867,12,0,,
ARI,ARI1101,MRPL,arapuni,Hydro,Hydro,1997-11-27,42010,42470,42870,43050,41110,41210,40550,41040,40890,40880,40940,39620,42260,58400,60880,61490,61300,61350,61280,61620,61590,61670,61630,61560,61450,61550,61740,61580,61510,61510,61650,61460,61460,61500,61700,61410,61500,61540,59780,50420,52030,57900,56400,54930,54880,55090,54970,51690,,
ATI,ATI2201,MRPL,atiamuri,Hydro,Hydro,1997-11-27,9420,2350,2430,2460,2510,2570,2440,2510,2510,2480,2390,2020,3230,18870,11510,20690,27180,27580,27570,24330,19620,19720,19740,19730,19730,19730,19760,19770,19760,19730,19650,19490,27690,34820,34510,35710,35710,35200,28360,21070,26770,30040,30130,28800,14540,12250,11970,6970,,
AVI,AVI2201,MERI,aviemore,Hydro,Hydro,1997-11-27,59260,59540,51220,44270,49670,49910,49590,47400,49820,53360,70610,71420,65930,73330,67940,63150,63720,62520,62700,63990,64350,63870,64490,63550,66150,68580,71220,69150,68080,70000,70770,68810,69240,67260,67680,67450,57920,39890,28080,27800,28420,47220,58480,51750,41960,34810,58010,56490,,
BEN,BEN2202,MERI,benmore,Hydro,Hydro,1997-11-27,159300,141350,103850,78170,67080,80520,70610,56740,58200,67300,90670,145380,175370,127560,156590,180140,179410,178620,177510,178290,178220,177700,178240,178410,179750,178350,180810,180410,178330,179710,180320,179580,178690,176870,177980,177300,155130,126990,127860,129730,115600,135320,168190,163470,149370,155070,171720,171240,,
BWK,BWK1101,TRUS,waipori,Hydro,Hydro,1997-11-27,0,0,0,0,0,0,0,0,0,0,0,0,0,0,0,0,0,0,0,0,0,0,0,0,0,0,0,0,0,0,0,0,0,0,0,0,0,0,0,0,0,0,0,0,0,0,0,0,,
COB,COB0661,CTCT,cobb,Hydro,Hydro,1997-11-27,4910,4900,4890,4970,4940,4930,4920,4840,4970,5010,4980,4950,4800,4950,4950,4920,4940,4930,4900,4920,4930,4910,4920,4880,4910,4860,4920,4870,4830,4850,4860,4850,4860,4840,4850,4850,4840,4860,4850,4910,4880,4920,4890,4850,4830,4920,4920,4910,,
COL,COL0661,TRUS,coleridge,Hydro,Hydro,1997-11-27,17920,17920,17930,17940,17930,17950,17940,17930,17960,17960,17930,17920,17880,17940,17940,17930,17920,17910,17890,17910,17900,17920,17920,17600,16800,16800,17040,17540,17610,17630,17640,17630,17650,17650,17640,17670,17630,17630,17630,17650,17640,17670,17670,17660,17650,17670,17690,17690,,
CYD,CYD2201,CTCT,clyde,Hydro,Hydro,1997-11-27,151360,147660,147640,149030,148250,148150,148000,146920,148750,149510,153480,153250,151110,200240,202670,201690,202520,202430,201620,202290,202290,201890,202230,201630,202620,201610,202910,202130,201230,201880,202190,201700,202250,202710,204230,204190,204050,204050,204020,204920,204560,205210,204320,203400,203160,204950,204520,204710,,
HLY,HLY2201,GENE,huntly_1_4,Coal,Thrml,1997-11-27,101490,88810,87650,87990,88130,88310,88220,88520,87600,87030,86440,126310,177280,235030,242860,241290,239720,236950,235290,238140,238440,238340,225660,225820,227060,227860,239600,229670,225170,225830,226530,227370,227830,239630,240290,239780,240230,239730,239580,240040,241410,242890,242820,243050,242700,206690,167150,114550,,
HWA,HWA1101,TRUS,patea,Hydro,Hydro,1997-11-27,3456,3468,3476,3472,3476,3488,3484,3476,3472,3468,3468,3456,3444,3432,3428,3432,3432,3428,3424,3436,3452,3436,3432,3444,3972,3528,3524,3516,3504,3520,3516,3492,3492,3496,3872,3468,3468,3476,3484,3500,1348,208,204,208,212,212,212,216,,
KIN,KIN0112,CHHE,kinleith,Wood,Cogen,1997-11-27,16838,14746,14572,15199,15359,17042,17356,18317,18190,18640,18396,17644,16760,15707,16175,16258,14702,16439,16223,17672,17871,18150,17714,17475,16193,16825,16788,18132,17642,17672,16268,16029,14983,15125,16521,15523,15727,15127,14505,14654,16063,15349,16516,16031,14896,16011,16843,16965,,
KPO,KPO1101,MRPL,karapiro,Hydro,Hydro,1997-11-27,29950,29310,30920,31920,31420,31390,30850,31260,31120,31100,31180,30600,31130,29500,29990,30720,30470,30490,30370,30530,30480,30590,30500,30430,30310,30320,30430,30250,30210,30150,30200,30050,30080,29990,30160,31620,33690,33640,33390,34060,34080,34030,33980,34130,34180,34330,34400,34370,,
MAN,MAN2201,MERI,manapouri,Hydro,Hydro,1997-11-27,298860,299130,299210,299360,299360,299370,299880,299950,300030,300100,300060,299950,299800,299920,299860,299690,299560,299500,299280,299200,299090,299130,299180,299270,299540,299670,299700,299790,299830,299930,299980,299980,300070,300030,299980,300040,300020,299920,299900,299770,299660,299520,299330,299180,299080,299150,299170,299360,,
MAT,MAT1101,TRUS,matahina,Hydro,Hydro,1997-11-27,0,0,0,0,0,0,0,0,0,0,0,0,0,0,0,0,0,0,0,0,0,0,0,0,0,0,0,0,0,0,0,0,0,0,0,0,0,0,0,0,0,0,0,0,0,0,0,0,,
MHO,MHO0331,KING,mangahao,Hydro,Hydro,1997-11-27,11550,11590,11620,11650,11620,11670,11610,11670,11660,11660,11670,11530,11700,11720,11700,12150,12200,12230,12220,12220,12200,12230,12220,12210,12190,12190,12120,11960,11950,11990,12030,11980,11370,11320,11320,11270,11260,11250,11200,11250,11270,11260,11240,11240,11230,11240,11230,11190,,
MTI,MTI2201,MRPL,maraetai,Hydro,Hydro,1997-11-27,10060,10300,16770,15290,27190,40230,20270,28210,17270,23500,29920,8500,31290,59190,80000,98240,121970,112360,82700,77410,57890,75190,65570,56380,44580,44800,34730,45520,49240,47690,51640,64850,53920,30750,54960,64520,58980,63360,46570,49880,87490,88030,50780,63790,52040,65630,42360,43830,,
NPL,NPL1101,CTCT,new_plymouth,Gas&Oil,Thrml,1997-11-27,113750,113740,113750,113770,113800,113800,113830,113810,113850,113850,113880,113950,113970,113920,113950,113940,113980,113940,113930,114010,113960,114000,113960,113940,113950,113890,113890,113880,113870,113790,113630,113570,113940,114030,114030,114030,114060,114070,114140,114030,114040,114060,114090,114050,114050,114040,113990,114010,,
NPL,NPL2201,CTCT,new_plymouth,Gas&Oil,Thrml,1997-11-27,58630,58630,58620,58640,58630,58610,58620,58620,58620,58650,58620,58630,58640,58630,58640,58660,58640,58640,58640,58640,58650,58640,58640,58640,58640,58630,58640,58640,58620,58640,58610,58640,58690,58690,58710,58710,58680,58710,58690,58710,58700,58700,58700,58710,58690,58690,58710,58650,,
OHA,OHA2201,MERI,ohau_a,Hydro,Hydro,1997-11-27,60300,60550,52550,48200,19040,15860,18140,6740,6740,7080,6760,6490,17850,12030,40700,63170,74800,86340,72860,62820,81920,79240,78610,85640,83830,79610,80060,82130,76380,69120,47300,52720,57360,81260,60720,39170,37140,27330,22600,23010,22790,26880,27440,24620,24460,25180,34180,45670,,
OHB,OHB2201,MERI,ohau_b,Hydro,Hydro,1997-11-27,55260,60830,44630,38310,21070,15630,15410,12410,12380,17720,16770,16230,17470,17740,21740,55730,61350,57960,75950,77380,62810,50480,67620,73630,69440,64070,66680,60870,59310,53690,48720,60720,60860,65310,44880,34100,14110,23300,20460,16910,18060,19770,29660,32840,28490,22900,23580,22230,,
OHC,OHC2201,MERI,ohau_c,Hydro,Hydro,1997-11-27,55440,58610,43470,37940,21020,15730,15690,11930,13240,16660,16500,16320,18000,15570,24410,54130,57500,60480,76250,76730,60510,50290,69120,74060,67740,64700,64430,61360,59820,52750,49430,61280,59600,66020,43190,32230,15540,22810,20180,20400,19540,19060,28520,30970,26590,22520,25030,27580,,
OHK,OHK2201,MRPL,ohakuri,Hydro,Hydro,1997-11-27,10640,1390,1610,1640,1800,1780,1240,0,0,0,0,0,3300,27320,27580,33410,37460,37830,37500,28630,26200,26230,26090,26070,26040,27880,26410,26120,23680,19490,19570,19460,30110,50260,50740,52100,52110,52160,51850,45130,41740,51250,52070,52000,34100,19740,16830,10410,,
OKI,OKI2201,CTCT,ohaaki,Geo,Geo,1997-11-27,29060,29300,28840,29360,30360,29440,29190,29160,29390,29080,29230,29470,30020,29940,29550,29880,30120,29840,29330,28300,28070,28250,28710,28790,28150,26950,27320,27540,27520,27400,27810,27550,27710,28510,28540,27930,27840,28560,28550,28960,28640,28510,28290,28650,28590,28570,29450,29570,,
OTA,OTA2221,CTCT,otahuhu_a,Gas,Thrml,1997-11-27,0,0,0,0,0,0,0,0,0,0,0,0,0,0,0,0,0,0,0,0,0,0,0,0,0,0,0,0,0,0,0,0,0,0,0,0,0,0,0,0,0,0,0,0,0,0,0,0,,
PPI,PPI2201,MRPL,poihipi,Geo,Geo,1997-11-27,690,260,520,420,580,560,390,370,370,370,370,350,470,430,1540,15000,20160,20250,20170,20130,20080,19940,19920,19920,19930,19920,19910,19920,19910,19900,19920,19900,19840,19650,19460,20150,20140,19910,19910,19870,20040,20080,20030,19990,19920,3820,760,680,,
ROT,ROT1101,TRUS,wheao_flaxy,Hydro,Hydro,1997-11-27,3986,3928,3938,3946,3944,3960,3974,3960,3960,3952,3958,3814,3458,6846,7430,7404,7426,7416,7414,7398,7368,7368,7384,7442,7408,5628,4970,4980,4929,4903,4966,4950,4948,4942,4982,5386,8878,8947,7527,7470,7509,7491,7486,7482,7410,7462,4378,3948,,
ROX,ROX1101,CTCT,roxburgh,Hydro,Hydro,1997-11-27,55850,54510,54690,55140,54250,23070,18250,18350,18170,18270,18270,18270,18250,18310,32230,52430,54980,55120,54640,54630,54760,55020,54960,54550,54950,54760,54910,54680,57820,56920,54650,54830,54800,54570,54970,54560,54890,54370,54810,54830,54790,53190,52190,52220,52280,52500,51850,52670,,
ROX,ROX2201,CTCT,roxburgh,Hydro,Hydro,1997-11-27,92040,93410,93840,94290,93280,96570,97970,98150,97690,98020,98140,97600,98210,98140,98820,98810,99440,99480,98960,98800,99210,99290,99410,98600,99380,98910,99350,99060,94770,96750,98870,99180,99220,97710,96840,96340,96810,96360,96440,96790,96570,94540,93660,93900,94170,93970,93410,94120,,
RPO,RPO2201,GENE,rangipo,Hydro,Hydro,1997-11-27,29440,29330,28950,28940,28950,28950,28950,28940,28940,28960,28940,28950,28950,28950,28940,28950,28950,28950,28940,28940,28950,28940,28950,28930,28940,28940,28930,28940,28930,28930,28940,28930,28940,28930,28930,28930,28940,28930,28940,28930,28930,28940,28940,28930,28940,28940,28940,29350,,
SFD,SFD2201,CTCT,stratford,Gas,Thrml,1997-11-27,0,0,0,0,0,0,0,0,0,0,0,0,0,0,0,0,0,0,0,0,0,0,0,0,0,0,0,0,0,0,0,0,0,0,0,0,0,0,0,0,0,0,0,0,0,0,0,0,,
SWN,SWN2201,TRUS,southdown,Gas,Thrml,1997-11-27,60630,60710,60650,60650,60660,60700,60590,60600,60640,60630,60460,60540,60270,60480,60520,60490,60600,60590,60610,60580,60620,59920,60270,60660,60560,60490,60550,60680,60610,60590,60590,60730,60440,60540,60700,60750,60720,60480,60760,60790,60780,60800,60790,60770,60820,60750,60850,60790,,
TKA,TKA0111,MERI,tekapo_a,Hydro,Hydro,1997-11-27,6290,6150,6770,6520,6300,7050,5970,6220,6540,6620,6510,6340,6670,6450,6820,6330,6170,6830,6810,5950,5950,6610,7070,5880,6170,7000,6490,6620,6080,6470,6590,6460,6350,6310,6620,6160,6630,5970,6200,6420,6740,6270,6400,6290,6040,6080,6750,6570,,
TKB,TKB2201,MERI,tekapo_b,Hydro,Hydro,1997-11-27,37780,37900,37800,38150,38020,37980,37850,37270,38020,38240,37880,37960,37100,37960,37990,37650,37810,37740,37630,37840,37790,37650,37700,37620,37810,37500,38010,37710,37500,37540,37690,37430,37630,37490,37430,37470,37210,37480,37360,37600,37400,37690,37330,37110,36920,37420,37490,37400,,
TKU,TKU2201,GENE,tokaanu,Hydro,Hydro,1997-11-27,0,0,0,0,0,0,0,0,0,0,0,0,0,1630,57400,57740,57540,57600,57570,57690,57820,57430,57290,57200,57140,57090,57160,57080,57040,57000,57000,56830,56880,56840,56900,56830,57030,57030,56760,51060,28890,27960,27790,27770,27800,0,0,0,,
TMU,TMU1101,GENE,te_awamutu,Gas,Cogen,1997-11-27,13150,13140,13160,13170,26400,13250,13150,13170,13150,13220,13240,13240,13260,13220,13150,13090,12980,12920,12670,12760,12540,12410,11830,11750,12240,12010,11860,11940,11910,12000,11870,11890,11880,11900,12040,12190,12480,12560,12610,12670,12770,12830,12880,12980,13000,13090,13100,13190,,
TUI,TUI1101,GENE,waikaremoana,Hydro,Hydro,1997-11-27,2930,3040,3080,3160,3180,3260,3160,3270,3210,3200,3240,2990,3190,4380,19610,23580,23410,23440,23080,23190,23140,23160,11310,3310,3280,3240,3230,3200,3170,3350,2840,2840,2830,2840,10880,21910,23210,23220,23350,24160,23390,23820,23620,5020,3380,3480,3490,3520,,
WHI,WHI2201,CTCT,whirinaki,Diesel,Thrml,1997-11-27,0,0,0,0,0,0,0,0,0,0,0,0,0,0,0,0,0,0,0,0,0,0,0,0,0,0,0,0,0,0,0,0,0,0,0,0,0,0,0,0,0,0,0,0,0,0,0,0,,
WKM,WKM2201,MRPL,whakamaru,Hydro,Hydro,1997-11-27,11490,11620,11780,8440,6600,6690,6590,12290,12390,12380,12400,12290,9770,34980,44800,47960,47680,47640,47620,47750,47670,43740,41320,41240,41030,40930,40930,40660,34590,33840,33890,33640,33660,33490,43550,47500,47760,47760,47620,41050,46850,47690,46430,37720,29010,28530,27650,13690,,
WPA,WPA2201,MRPL,waipapa,Hydro,Hydro,1997-11-27,8250,6290,4310,7060,4930,7590,8080,17050,17930,10330,7900,7420,8340,13140,20640,23090,27420,28390,28390,28100,18870,18040,17920,17910,17820,17680,14530,12960,12910,12890,12950,17490,22150,16700,12450,14930,18520,15670,16270,13210,19550,24410,18060,18060,21130,14030,12560,14480,,
WRK,WRK2201,CTCT,wairakei,Geo,Geo,1997-11-27,71040,71390,71360,71210,71320,71210,71150,71370,71270,71450,71580,71150,71360,71480,71500,71870,72310,71760,73370,74440,74530,74560,74500,74780,75210,75380,75570,75930,75910,75520,75520,75910,76690,76570,76520,76570,76740,76570,76630,76610,76660,76640,76640,76640,76690,76780,76870,76850,,
WTK,WTK0111,MERI,waitaki,Hydro,Hydro,1997-11-27,37240,37240,37230,37410,37350,37380,37320,37100,37400,37400,37270,37240,36980,37260,35960,34690,34270,32370,32320,32520,32500,32460,32480,32400,32500,32380,32580,32480,32330,32520,32520,32480,32550,32470,32390,32400,30850,29900,28320,27490,26360,24970,25080,24820,24750,24910,24690,24950,,
ARA,ARA2201,MRPL,aratiatia,Hydro,Hydro,1997-11-28,14510,14340,14430,14390,13700,13450,13330,13420,13380,13240,13540,13590,13780,14610,24140,25410,24360,23880,21030,21120,20960,20760,21080,21130,20950,15810,14400,22300,25280,27890,28110,28050,27580,27370,25620,20270,20500,20540,20580,20620,22310,27450,24730,18980,18630,16450,12620,12950,,
ARG,ARG1101,TRUS,argyle_wairau,Hydro,Hydro,1997-11-28,0,0,0,0,0,0,0,0,0,0,0,0,0,0,3729,4250,4248,4254,4262,4264,4260,4270,4330,870,9,0,0,0,0,0,0,0,0,4014,4689,4688,4696,4700,4704,4722,4740,4896,5164,5157,5145,5136,2960,8,,
ARI,ARI1101,MRPL,arapuni,Hydro,Hydro,1997-11-28,51750,49970,50880,37510,38940,40680,40150,40400,40140,39440,40410,40360,41480,51590,52320,65990,66750,67290,66570,67730,66400,61600,54380,51260,45620,42420,42400,42010,48730,53140,58920,57450,58360,58490,58410,61060,66030,65870,65700,57870,54610,54360,54120,54590,55790,60900,60610,60030,,
ATI,ATI2201,MRPL,atiamuri,Hydro,Hydro,1997-11-28,4030,3750,3900,3320,4870,3130,2980,3070,2980,2790,3010,2880,4100,16870,17780,24690,23530,23650,24060,28670,28650,28480,25610,24370,17500,10030,9020,8950,9990,19230,19130,18900,18780,20100,27670,27580,27760,27860,27960,28020,28020,27950,27900,28000,27810,26360,18750,18740,,
AVI,AVI2201,MERI,aviemore,Hydro,Hydro,1997-11-28,57640,58570,41180,31150,37300,32480,29730,29520,29580,28090,44420,52050,57890,54760,72310,92880,99350,85600,81710,72180,76210,85360,84990,87640,83260,65680,58920,56750,58430,59150,57480,58880,57870,57440,59210,59230,56890,43120,29930,27400,27490,28430,31350,31150,37300,53740,56600,55890,,
BEN,BEN2202,MERI,benmore,Hydro,Hydro,1997-11-28,173070,175090,157950,130510,100420,88830,75810,58560,58360,56480,72900,79360,102590,132150,130320,150270,155170,161250,156540,159310,161460,158650,131900,135820,122210,123840,132460,117980,138420,131950,114580,123110,138380,136530,127230,124720,112730,96210,101430,94150,93300,95730,90360,87490,93200,96910,143140,123350,,
BWK,BWK1101,TRUS,waipori,Hydro,Hydro,1997-11-28,0,0,0,0,0,0,0,0,0,0,0,0,0,0,0,0,0,0,0,0,0,0,0,0,0,0,0,0,0,0,114,24,0,0,0,0,0,0,0,0,0,0,0,0,0,0,0,0,,
COB,COB0661,CTCT,cobb,Hydro,Hydro,1997-11-28,4900,4890,4840,4880,4950,4960,4960,4940,4930,4890,4950,4970,4950,4930,4960,4910,4810,4960,4910,4780,4920,5010,4870,4970,4800,4810,4990,4780,4970,4950,4830,4950,4850,4840,4920,4880,4780,4880,4920,4890,4900,4940,4870,4860,4980,4890,4890,4940,,
COL,COL0661,TRUS,coleridge,Hydro,Hydro,1997-11-28,17700,17680,17680,17690,17700,17710,17710,17710,17710,17680,17700,17710,17710,17690,17720,17700,17670,17690,17500,17660,17690,17720,17650,17720,17680,17680,17710,17670,17550,17140,16730,17730,17710,17700,17730,17720,17680,17690,17700,17690,17690,17700,17690,17680,17730,17700,17710,17720,,
CYD,CYD2201,CTCT,clyde,Hydro,Hydro,1997-11-28,200140,199560,198420,199150,200770,200720,200620,200410,200270,199200,200410,200970,200250,200090,200950,205550,204770,208170,206190,200750,205390,207640,204690,207150,203260,204080,208500,204450,208980,209090,208080,210550,208160,209250,210950,210110,208760,211000,211820,202770,202870,203470,202850,198660,200880,198850,200090,201640,,
HLY,HLY2201,GENE,huntly_1_4,Coal,Thrml,1997-11-28,98320,85410,86050,82510,70790,70610,69840,69500,69140,69410,69290,114050,172230,228230,242010,240350,240120,239990,239310,240280,240070,238900,239460,239670,239330,238460,238010,235540,235990,237820,236820,236920,237520,237930,238730,238290,240590,233050,208170,207720,208720,226270,240830,202550,173500,119790,119770,107470,,
HWA,HWA1101,TRUS,patea,Hydro,Hydro,1997-11-28,208,212,212,216,216,212,216,216,216,212,212,200,200,196,3472,3476,3484,3476,3484,3488,3484,3484,3488,3488,3492,3508,3508,3508,3508,3500,3508,3496,3484,3472,3476,3472,3484,3488,3488,3488,1332,200,200,204,204,216,208,208,,
KIN,KIN0112,CHHE,kinleith,Wood,Cogen,1997-11-28,16200,16024,16031,16220,16447,16693,17253,17522,16678,16357,15180,14926,14642,14953,14990,16078,15916,14537,15035,15140,15817,16442,16185,15819,16046,15653,15339,16462,16492,16524,16362,16290,16223,15110,15194,15822,15894,13813,13442,15349,15125,14629,12745,12916,14261,14761,15105,14448,,
KPO,KPO1101,MRPL,karapiro,Hydro,Hydro,1997-11-28,34520,33300,34010,32340,29590,30040,29470,29680,29460,28810,29850,29840,30170,30270,29920,31600,29180,29010,29030,29130,32520,32700,32790,32680,32920,32710,32680,32540,32640,32460,32640,32510,32470,32450,31290,29920,31070,30950,30860,31120,33110,37970,36860,37110,36660,36970,37080,36920,,
MAN,MAN2201,MERI,manapouri,Hydro,Hydro,1997-11-28,299410,299510,299640,299850,299920,300110,299990,300150,300100,300140,300190,300220,300230,300170,300170,300010,299840,299830,299670,299340,299500,299370,299320,299490,299500,299710,299930,286010,300010,300220,300000,300500,300150,300260,300340,300340,300200,300240,300280,300190,300110,300000,299900,299690,299620,299520,299410,299540,,
MAT,MAT1101,TRUS,matahina,Hydro,Hydro,1997-11-28,0,0,0,0,0,0,0,0,0,0,0,0,0,0,0,0,0,0,0,0,0,0,0,0,0,0,0,0,0,0,0,0,0,0,0,0,0,0,0,0,0,0,0,0,0,0,0,0,,
MHO,MHO0331,KING,mangahao,Hydro,Hydro,1997-11-28,11200,11030,11130,11150,11200,11260,11200,11220,11180,11100,11240,11250,11300,11330,11290,11620,11640,11650,11650,11650,11700,11670,11700,11670,11700,11690,11690,11660,11680,2260,10670,11560,11690,11710,11690,11680,11710,11700,11680,11680,11710,11880,11910,11930,11830,11860,11890,11840,,
MTI,MTI2201,MRPL,maraetai,Hydro,Hydro,1997-11-28,22840,8550,10100,13200,27380,20790,17350,19630,16340,14640,26310,13140,40500,60310,82040,115960,121090,109130,107650,90830,87640,89610,75240,56720,46170,64100,69170,63040,36310,32700,33670,56840,37380,67880,39740,54890,58510,72140,62910,57250,80840,84210,48410,52530,30010,40240,44660,28820,,
NPL,NPL1101,CTCT,new_plymouth,Gas&Oil,Thrml,1997-11-28,113950,114010,113950,113980,113950,113980,113980,113980,113960,113940,114010,113960,114060,114000,114000,113980,114010,114060,113830,114280,114260,114250,114220,114170,114160,114160,114130,114140,114140,114210,114140,114080,114150,114170,114150,114210,114210,114220,114270,114250,114270,114180,114260,114200,114170,114110,114050,114050,,
NPL,NPL2201,CTCT,new_plymouth,Gas&Oil,Thrml,1997-11-28,58650,58660,58670,58650,58660,58640,58630,58650,58640,58660,58660,58660,58660,58650,58670,58640,58640,58650,58640,58630,58650,58640,58620,58570,58600,58570,58530,58520,58520,58480,58510,58490,58510,58500,58530,58530,58550,58480,58550,58570,58580,58570,58560,58560,58510,58510,58420,58380,,
OHA,OHA2201,MERI,ohau_a,Hydro,Hydro,1997-11-28,44760,28030,25890,25900,25980,27650,8130,4630,4530,3990,8740,26890,27550,27170,27590,47520,57820,59170,58720,58380,51800,57040,106270,110200,76390,76260,86430,92640,95810,96550,83590,80810,95180,75680,74110,73180,50130,36690,31420,10930,10870,28210,47700,47420,49470,51110,50520,49360,,
OHB,OHB2201,MERI,ohau_b,Hydro,Hydro,1997-11-28,38550,28910,22410,20260,9270,4170,4100,4040,14300,12070,16630,16960,23780,19660,41780,41820,57480,55710,56790,57280,38030,33950,45650,62810,90230,92200,82190,89890,67230,54900,65450,70010,78460,77470,60420,46890,34460,19690,19590,35560,33340,36080,38930,37040,36200,42160,47870,42300,,
OHC,OHC2201,MERI,ohau_c,Hydro,Hydro,1997-11-28,31810,26970,20930,19120,9410,4520,4470,4410,14230,11970,17230,17820,22250,19680,36040,47680,57340,54200,59150,57020,35710,32540,47860,65320,90520,90730,79310,93420,65610,57160,65110,67560,81470,71430,57870,52270,36710,19680,20000,37280,30490,35550,39220,35560,36430,42810,47820,41250,,
OHK,OHK2201,MRPL,ohakuri,Hydro,Hydro,1997-11-28,7230,6760,6910,6400,8260,8850,8670,8730,8560,8440,8770,8770,10270,28570,39330,40290,44050,50730,49600,37720,30890,30220,23100,20530,17900,16470,16380,16170,16380,16130,16340,16400,16420,24390,38480,44190,45220,46930,43900,37980,38090,37780,37460,37940,30510,24090,14250,14270,,
OKI,OKI2201,CTCT,ohaaki,Geo,Geo,1997-11-28,28980,29300,29050,28800,28840,28880,29060,29810,29560,29130,29350,29090,29350,29600,29070,28960,28540,28160,28310,28620,28920,29050,29410,29150,28120,28290,28410,28050,27790,28290,28860,29350,29090,29340,29170,28780,28680,28850,28880,28950,29400,29670,29350,29170,28840,29120,29330,29290,,
OTA,OTA2221,CTCT,otahuhu_a,Gas,Thrml,1997-11-28,0,0,0,0,0,0,0,0,0,0,0,0,0,0,0,0,0,0,0,0,0,0,0,0,0,0,0,0,0,0,0,0,0,0,0,0,0,0,0,0,0,0,0,0,0,0,0,0,,
PPI,PPI2201,MRPL,poihipi,Geo,Geo,1997-11-28,400,220,180,290,280,280,280,280,260,250,250,240,140,90,3070,20090,20110,20210,20140,20080,20090,20090,20090,20110,20160,20180,20100,19980,19940,19980,19990,19940,19950,19920,19830,19880,19910,19840,19830,19940,19890,19800,19870,19930,17440,830,620,430,,
ROT,ROT1101,TRUS,wheao_flaxy,Hydro,Hydro,1997-11-28,3944,3956,3944,3984,3922,3936,3978,3976,3934,3968,3922,3974,5046,6932,6892,6932,7226,7438,7422,7350,7410,7359,7437,7450,7428,5244,4030,3938,4148,4972,4978,4981,4952,4912,6443,7900,7924,7844,7926,7854,7908,7848,7854,7920,7912,7904,7752,3959,,
ROX,ROX1101,CTCT,roxburgh,Hydro,Hydro,1997-11-28,57090,58550,58560,58670,58890,58620,58650,58710,58500,58660,58480,58720,58420,58740,58520,59090,59590,60000,59340,60960,60800,60700,60630,60540,60490,60410,60340,60280,60190,59710,59510,59360,59220,59080,58970,58820,58720,58600,58470,58340,58230,58040,57900,57770,57630,57490,57330,57180,,
ROX,ROX2201,CTCT,roxburgh,Hydro,Hydro,1997-11-28,96460,97430,97430,97680,98030,97590,97580,97380,97330,97830,97360,97720,97290,97800,97420,98320,99090,99350,99030,99730,99440,99270,99150,99000,98920,98800,98690,98580,98450,97650,97290,97030,96810,96590,96350,96170,95980,95770,95560,95330,95140,94830,94620,94420,94170,93940,93680,93440,,
RPO,RPO2201,GENE,rangipo,Hydro,Hydro,1997-11-28,29340,29360,29340,29360,29350,29350,29350,29370,29360,29360,29360,29360,29360,29360,29360,29360,29360,29360,29360,29350,29360,29350,29350,29350,29350,29350,29350,29350,29350,29350,29340,29350,29340,29350,29350,29340,29360,29340,29350,29350,29350,29340,29350,29350,29350,29350,29350,29340,,
SFD,SFD2201,CTCT,stratford,Gas,Thrml,1997-11-28,0,0,0,0,0,0,0,0,0,0,0,0,0,0,0,0,0,0,0,0,0,0,0,0,0,0,0,0,0,0,0,0,0,0,0,0,0,0,0,0,0,0,0,0,0,0,0,0,,
SWN,SWN2201,TRUS,southdown,Gas,Thrml,1997-11-28,60770,60660,60630,60570,60660,60700,60700,60680,60700,60650,60700,60700,60720,60730,60730,60740,60700,60540,60480,60470,60430,60470,60510,60390,60330,60270,60150,59960,59950,59930,59840,59750,59740,59730,59790,59840,59940,59940,60010,60080,60230,60320,60340,60270,60320,60340,60320,60270,,
TKA,TKA0111,MERI,tekapo_a,Hydro,Hydro,1997-11-28,5920,6210,6480,6500,6160,5990,6930,6570,5940,6570,6520,6240,6230,6570,6540,5820,6900,6260,6280,6830,6200,6160,6930,6470,6360,6250,6380,6930,6060,6370,6800,6510,6650,6290,6750,6660,6550,6430,6500,6380,7940,10730,7950,6020,5780,4450,700,0,,
TKB,TKB2201,MERI,tekapo_b,Hydro,Hydro,1997-11-28,37400,37260,36970,37100,37620,37780,37770,37800,37700,37290,37670,37840,37850,37570,37820,37530,36910,37870,37740,36890,37610,38310,37220,37840,36880,36960,37930,36910,37970,37960,37400,38140,37680,37660,38130,38040,37160,37700,37800,37710,37220,35690,37150,37850,38540,27490,3890,0,,
TKU,TKU2201,GENE,tokaanu,Hydro,Hydro,1997-11-28,0,0,0,0,0,0,0,0,0,0,0,0,0,0,42750,58230,56780,56660,56710,56800,57050,56840,56920,56840,57050,56980,57130,57220,57010,56920,57190,56920,56870,56850,56880,56870,57030,56950,56960,56970,27860,26660,26550,26690,23760,0,0,0,,
TMU,TMU1101,GENE,te_awamutu,Gas,Cogen,1997-11-28,13230,13280,13250,13350,13250,13260,13230,13250,13300,13330,13310,13310,13330,13330,13170,13070,12960,12730,12630,12800,12840,12660,12670,12460,12370,12330,12460,12340,12310,12350,12280,12100,12180,12050,12080,12160,12150,12250,12360,12390,12440,12480,12530,12560,12510,12560,12550,12500,,
TUI,TUI1101,GENE,waikaremoana,Hydro,Hydro,1997-11-28,3640,3480,3440,3500,3670,3670,3620,3600,3580,3520,3650,3620,3640,3650,18060,23180,22290,22220,22550,23290,23400,23350,23500,5380,3960,3940,3910,3860,3860,3860,3890,3860,3800,3850,17090,22830,23000,22860,23420,23850,23960,23850,23210,23590,22070,4190,3870,3880,,
WHI,WHI2201,CTCT,whirinaki,Diesel,Thrml,1997-11-28,0,0,0,0,0,0,0,0,0,0,0,0,0,0,0,0,0,0,0,0,0,0,0,0,0,0,0,0,0,0,0,0,0,0,0,0,0,0,0,0,0,0,0,0,0,0,0,0,,
WKM,WKM2201,MRPL,whakamaru,Hydro,Hydro,1997-11-28,4800,3640,3870,2380,3720,1840,1770,1830,5410,5350,5560,5570,7380,25390,34760,36170,35020,39680,44100,44230,44510,44310,44430,44330,42530,41250,41150,40940,40280,33500,33550,33420,33380,33820,41930,41990,42160,40450,38080,38220,39720,45890,45730,45870,39290,33320,23120,22950,,
WPA,WPA2201,MRPL,waipapa,Hydro,Hydro,1997-11-28,8190,7280,7440,4160,6140,7920,8390,8240,8190,9270,9470,9490,9960,16600,20420,26150,27800,28560,28570,28540,27820,26880,26710,26310,15340,15650,17620,17720,17050,11990,11980,11970,12030,16410,18460,17380,12140,16760,17040,17150,19280,24970,24560,15320,13050,9800,9870,9800,,
WRK,WRK2201,CTCT,wairakei,Geo,Geo,1997-11-28,76660,76470,76810,76810,76780,76790,76840,76890,76840,76840,76910,76870,76640,76510,76500,76490,76530,76660,76660,76760,76580,76460,76610,76910,77000,77150,77110,77060,77240,77290,77310,77420,77320,77310,77700,77500,77620,77760,77720,77480,75510,77450,77590,77600,77440,77520,77620,77560,,
WTK,WTK0111,MERI,waitaki,Hydro,Hydro,1997-11-28,24870,24810,24910,24860,24950,25070,25020,25000,24920,24900,24960,25000,25010,24960,26010,27270,27280,30000,30060,32160,32390,35050,34840,35040,34640,34740,35070,34660,35790,37480,37210,37500,37240,37290,37470,37370,37060,37310,37360,37230,37170,37160,36950,36810,35200,34400,34310,32510,,
ARA,ARA2201,MRPL,aratiatia,Hydro,Hydro,1997-11-29,14500,14410,14480,14590,14540,14660,14740,14740,14660,14690,14400,14720,14750,14830,18510,21700,23850,16320,17140,15890,14590,14870,15040,16260,18050,22190,21930,21180,18000,18670,21080,20650,19370,23990,25560,25240,28670,28460,28290,27430,25170,22780,20630,20820,20820,15230,14620,14710,,
ARG,ARG1101,TRUS,argyle_wairau,Hydro,Hydro,1997-11-29,0,0,0,0,0,0,0,0,0,0,0,0,0,0,4452,5181,5163,5148,5136,5127,5116,5106,5090,5091,5097,5087,5090,5086,5088,5085,5082,5079,5074,5074,5068,5069,5062,5064,5062,5061,5058,5058,5058,5058,5062,5070,5064,5066,,
ARI,ARI1101,MRPL,arapuni,Hydro,Hydro,1997-11-29,56180,48240,40690,38990,38580,39590,39900,39510,38770,39180,37270,39070,39250,39510,40050,44800,58270,72820,72170,71400,71220,71460,71540,68310,62650,55240,49890,51210,49330,49310,49470,49320,51450,55370,63010,61480,67690,72110,72030,68190,62960,61750,57820,57890,57730,58080,58080,57760,,
ATI,ATI2201,MRPL,atiamuri,Hydro,Hydro,1997-11-29,11050,9870,4340,2480,2370,2850,4630,4560,4340,4500,3920,4280,4180,4250,7010,15680,23680,28910,28840,28900,28980,29040,29110,28510,24040,20210,21810,19260,19340,19330,18280,14440,14440,20010,20610,22300,21860,20260,20380,20620,20620,20550,20380,22010,24630,14730,14450,12110,,
AVI,AVI2201,MERI,aviemore,Hydro,Hydro,1997-11-29,49030,51400,34720,29660,28150,33960,44350,45690,44730,44790,44450,42490,43840,42960,44380,44600,43810,41990,45270,43890,42660,44090,44280,43720,43490,44410,49090,54590,53040,55200,53270,52810,51620,56880,55650,49510,47230,33390,26020,35750,39610,40410,45450,46460,46820,48510,59270,59290,,
BEN,BEN2202,MERI,benmore,Hydro,Hydro,1997-11-29,126510,104220,89330,78840,44010,22170,23010,21240,21750,23130,23590,36020,72870,113970,103870,99750,83950,101100,100130,140440,154400,131400,128130,127110,111030,148810,142220,127170,97860,106320,148000,151650,138590,142930,167940,133080,60610,70650,79130,88020,81040,85780,95330,82890,72570,103920,128840,106810,,
BWK,BWK1101,TRUS,waipori,Hydro,Hydro,1997-11-29,0,0,0,0,0,0,0,0,0,0,0,0,0,0,0,0,0,0,0,0,0,0,0,0,0,0,0,0,0,0,0,0,0,0,0,0,0,0,0,0,0,0,0,0,0,0,0,0,,
COB,COB0661,CTCT,cobb,Hydro,Hydro,1997-11-29,4880,4910,4930,4930,4900,4950,5010,4910,4930,4950,4960,4880,4990,4900,4950,4980,4930,4850,4980,4920,4880,4930,4930,4900,4890,4920,4910,4910,4880,4950,4890,4880,4850,5000,4920,4790,4890,4910,4880,4900,4930,4980,4930,4910,4970,4930,4910,4980,,
COL,COL0661,TRUS,coleridge,Hydro,Hydro,1997-11-29,17720,17730,17720,17720,17700,17700,17730,17710,17720,17720,17740,17720,17750,17730,17750,17760,17720,17740,17780,17770,17700,17730,17730,17730,17730,17750,17740,17740,17730,17760,17740,17740,17740,17750,17750,17680,17780,17770,17760,17760,17760,17760,17760,17740,17750,17750,17770,17790,,
CYD,CYD2201,CTCT,clyde,Hydro,Hydro,1997-11-29,204640,206890,203190,202190,201870,202760,203750,201730,202250,202710,205740,204580,203920,202050,203320,203380,202720,201170,204110,203350,199570,200210,200480,202110,201860,202480,202110,202360,201820,212990,211630,211420,210850,214390,212290,209740,212190,210530,209120,209080,210060,208520,207150,207380,210670,209190,207490,208820,,
HLY,HLY2201,GENE,huntly_1_4,Coal,Thrml,1997-11-29,103780,110040,100600,71500,61440,62380,62860,62770,62750,62710,62730,62750,76080,87910,96020,109710,111790,116330,122040,122380,122350,122260,122020,122020,121660,109300,108830,108750,108840,108760,109090,109230,109040,108650,108090,116560,120380,121410,118490,118030,107520,108190,107680,92880,72220,52350,0,0,,
HWA,HWA1101,TRUS,patea,Hydro,Hydro,1997-11-29,204,208,208,212,224,224,224,216,224,216,220,212,208,204,204,200,200,204,196,196,200,204,204,204,204,208,208,208,212,208,208,200,3156,3460,3468,3464,3468,3484,3492,3496,1348,212,208,208,212,212,216,220,,
KIN,KIN0112,CHHE,kinleith,Wood,Cogen,1997-11-29,16442,15847,15503,15483,15722,16123,15085,14769,14702,14901,14074,13798,15429,14338,13454,12055,9493,8024,7078,0,0,0,0,0,0,0,0,0,0,0,0,0,0,0,0,0,0,0,0,0,0,0,0,0,0,0,0,0,,
KPO,KPO1101,MRPL,karapiro,Hydro,Hydro,1997-11-29,31810,29230,29900,30260,29800,31050,31290,30930,30120,30660,28670,26140,25930,26320,26760,27210,26880,25930,26190,25860,31060,32650,32670,32570,32570,32450,33480,33550,33600,33580,33730,33520,33710,33430,33230,31200,30800,30790,30790,31070,31270,31150,34030,34170,34040,34320,34330,34130,,
MAN,MAN2201,MERI,manapouri,Hydro,Hydro,1997-11-29,299520,299650,299800,300060,300150,300270,300400,300270,300390,300420,300410,300200,300520,300290,300330,300250,300230,300080,299970,299850,299650,299580,299180,298100,298240,298360,298530,298640,298720,298880,298820,299140,299420,299540,299450,299330,299440,299490,299460,299410,299490,299410,299280,299110,299030,298810,298650,298650,,
MAT,MAT1101,TRUS,matahina,Hydro,Hydro,1997-11-29,0,0,0,0,0,0,0,0,0,0,0,0,0,0,0,0,0,0,0,0,0,0,0,0,0,0,0,0,0,0,0,0,0,0,0,0,0,0,0,0,0,0,0,0,0,0,0,0,,
MHO,MHO0331,KING,mangahao,Hydro,Hydro,1997-11-29,11810,11710,11740,11800,11720,11880,11930,11890,11760,11820,11580,11850,11890,11950,12010,12070,12200,12160,12190,12150,12100,12120,12130,12110,12130,12090,12130,12080,12210,12350,12400,12350,12390,12360,12380,12370,12350,12330,12340,12370,12380,12400,12360,12370,12340,12250,12100,12080,,
MTI,MTI2201,MRPL,maraetai,Hydro,Hydro,1997-11-29,24230,11360,16870,13650,8580,21110,16590,13350,10220,10530,7660,11880,16370,16160,42400,59400,85790,79540,110720,98890,83790,76660,69300,58040,64200,35830,77060,53820,62630,59690,46380,64070,75150,68400,59580,77890,82600,78160,52480,27860,50030,77640,80670,80510,64950,55120,75370,54060,,
NPL,NPL1101,CTCT,new_plymouth,Gas&Oil,Thrml,1997-11-29,114050,114070,114020,114060,114030,114040,114050,114080,114010,114080,114060,114090,114110,114120,114250,114200,114190,114210,114190,114160,114240,114210,114240,114160,114130,114200,114070,114070,114040,114010,114010,113980,114040,113850,113700,113640,114000,114090,114130,114160,114150,114260,114220,114240,114190,114230,114130,114260,,
NPL,NPL2201,CTCT,new_plymouth,Gas&Oil,Thrml,1997-11-29,58340,58380,58390,58400,58430,58450,58440,58430,58460,58470,58480,58500,58550,58570,58590,58600,58630,58610,58570,58580,58580,58580,58600,58560,58560,58530,58480,58450,58390,58390,58350,58350,58310,58330,58340,58340,58390,58420,58450,58470,58480,58520,58530,58550,58560,58550,58540,58520,,
OHA,OHA2201,MERI,ohau_a,Hydro,Hydro,1997-11-29,44780,42060,54420,54760,51020,25760,13630,11730,12040,17190,39690,46640,48370,46950,47990,48300,47650,47820,52440,55670,54860,55910,56070,55820,55670,57970,60930,61010,60700,53060,51290,51210,50710,53420,51870,49460,40770,30040,29440,26720,24020,23050,28920,40460,44110,31230,55170,48490,,
OHB,OHB2201,MERI,ohau_b,Hydro,Hydro,1997-11-29,45590,37170,31560,39300,44630,32740,25430,25800,24840,23680,24600,26930,33800,31790,31010,33960,41380,36840,40500,49130,48270,50110,50340,49350,43880,45680,48970,50420,47960,42870,38710,38790,48050,52010,49470,44310,44660,32650,28440,20650,16930,10870,21840,42490,40020,36670,45020,46490,,
OHC,OHC2201,MERI,ohau_c,Hydro,Hydro,1997-11-29,44900,36720,32080,40210,45120,34080,25370,26760,25780,24700,25830,29030,30280,29220,29960,34780,40810,36810,40690,48890,48380,49160,49200,48980,44670,45980,49090,49210,48890,41050,39390,39350,48390,50570,49470,45470,43770,32230,29760,14850,16870,15550,23190,38790,37130,35720,48500,49260,,
OHK,OHK2201,MRPL,ohakuri,Hydro,Hydro,1997-11-29,14220,14110,3570,0,0,40,11210,12140,11700,11960,10470,8040,12600,13740,17960,25480,34090,39640,45120,51300,44020,41260,41040,37330,31800,25550,25230,26320,26350,26340,22510,12980,19450,27210,29220,32820,43270,40560,40460,29620,18560,15910,15840,20280,27580,21540,20720,19650,,
OKI,OKI2201,CTCT,ohaaki,Geo,Geo,1997-11-29,29070,30180,29830,29310,29470,29630,28980,29090,28910,29270,29440,29860,30320,29840,29070,29540,29090,28800,29170,29390,29020,29390,29310,28820,28570,28880,28920,29240,29160,28960,28950,29120,28990,28990,28530,28360,28900,29200,29380,29090,29170,29360,29100,30110,30010,29500,29900,30010,,
OTA,OTA2221,CTCT,otahuhu_a,Gas,Thrml,1997-11-29,0,0,0,0,0,0,0,0,0,0,0,0,0,0,0,0,0,0,0,0,0,0,0,0,0,0,0,0,0,0,0,0,0,0,0,0,0,0,0,0,0,0,0,0,0,0,0,0,,
PPI,PPI2201,MRPL,poihipi,Geo,Geo,1997-11-29,200,200,310,520,530,370,370,380,360,360,260,380,5080,20810,20710,20360,20240,20160,20140,19940,20080,20100,20000,20010,20190,20260,20380,20440,20420,20450,20450,20540,20570,20460,20480,20500,20550,20630,20640,20600,20580,18280,840,0,0,0,0,0,,
ROT,ROT1101,TRUS,wheao_flaxy,Hydro,Hydro,1997-11-29,3929,3968,3925,3967,3930,3960,3934,3912,3942,3920,6622,11102,12088,7236,5916,5454,4452,4428,4462,5196,6722,5942,5950,5952,5956,5932,4572,4461,4463,4464,4482,4471,4481,5312,7880,8376,8520,8356,8476,8394,8342,7916,5512,4492,4070,4380,4716,4960,,
ROX,ROX1101,CTCT,roxburgh,Hydro,Hydro,1997-11-29,57030,56870,56720,56490,56310,56150,55980,55790,55630,55460,55290,55110,54940,54700,54510,54340,54130,53950,53780,53580,53400,53230,53040,52860,52680,52500,52310,52120,51920,51660,51440,51250,51030,50830,50650,50580,50820,51010,50980,50970,50930,50920,50960,50080,48450,47580,50350,50960,,
ROX,ROX2201,CTCT,roxburgh,Hydro,Hydro,1997-11-29,93180,92930,92660,92290,92020,91760,91480,91190,90910,90630,90370,90070,89790,89410,89090,88790,88500,88190,87900,87610,87300,86990,86660,86380,86070,85760,85450,85130,84790,84330,83960,83590,83230,82930,82590,82470,82950,83260,83250,83180,83140,83080,83190,83290,83330,82400,82800,83140,,
RPO,RPO2201,GENE,rangipo,Hydro,Hydro,1997-11-29,29350,29350,29340,29350,29350,29310,29350,29350,29340,29360,29340,29350,29350,29350,29360,29340,29350,29350,29350,29350,29350,29350,29350,29350,29350,29350,29350,29350,29350,29350,29350,29350,29640,29850,29850,29850,29850,29850,29850,29850,29850,29850,29850,29280,28720,28720,28710,28720,,
SFD,SFD2201,CTCT,stratford,Gas,Thrml,1997-11-29,0,0,0,0,0,0,0,0,0,0,0,0,0,0,0,0,0,0,0,0,0,0,0,0,0,0,0,0,0,0,0,0,0,0,0,0,0,0,0,0,0,0,0,0,0,0,0,0,,
SWN,SWN2201,TRUS,southdown,Gas,Thrml,1997-11-29,60280,59690,59410,59870,59980,59990,58980,58910,58630,57910,57170,55250,49650,46300,47620,40770,32260,31140,31050,31050,31030,31100,31050,31050,31050,31080,31100,31070,31030,30720,31690,31700,31570,31600,32490,33980,40190,51010,54380,56620,57920,57860,57960,57790,58250,58510,58620,59060,,
TKA,TKA0111,MERI,tekapo_a,Hydro,Hydro,1997-11-29,0,0,0,0,0,0,0,0,0,0,0,0,0,0,0,0,0,0,0,0,0,0,0,0,0,0,0,0,0,0,0,0,0,0,0,0,0,0,0,0,0,0,0,0,0,0,0,0,,
TKB,TKB2201,MERI,tekapo_b,Hydro,Hydro,1997-11-29,0,0,0,0,0,0,0,0,0,0,0,0,0,0,0,0,0,0,0,0,0,0,0,0,0,0,0,0,0,0,0,0,0,0,0,0,0,0,0,0,0,0,0,0,0,0,0,0,,
TKU,TKU2201,GENE,tokaanu,Hydro,Hydro,1997-11-29,0,0,0,0,0,0,0,0,0,0,0,0,0,0,0,0,0,82840,85610,85260,84970,85160,85290,85320,85470,60960,3200,0,0,0,0,0,0,0,0,49480,54800,54340,54330,55260,55290,55230,55160,13480,0,0,0,0,,
TMU,TMU1101,GENE,te_awamutu,Gas,Cogen,1997-11-29,12500,12560,12590,12660,12670,12590,12500,12510,12460,12470,12500,12480,12530,12510,12470,12470,12470,12510,12540,12580,12530,12230,12150,12070,11950,12160,12300,12470,12430,12320,12370,12620,12450,12290,12350,12550,12460,12540,12650,12710,12850,12910,12990,13080,13170,13210,13260,13330,,
TUI,TUI1101,GENE,waikaremoana,Hydro,Hydro,1997-11-29,3430,2990,2860,3120,3010,3140,3250,3170,3040,2970,2690,2830,3060,3010,6330,22630,23590,23340,23400,23260,23260,23270,23280,23230,23670,23220,22310,16760,4640,4650,4710,4680,4670,5310,23090,24900,25170,25440,25430,25540,24890,25430,25130,10620,3800,3720,4760,5520,,
WHI,WHI2201,CTCT,whirinaki,Diesel,Thrml,1997-11-29,0,0,0,0,0,0,0,0,0,0,0,0,0,0,0,0,0,0,0,0,0,0,0,0,0,0,0,0,0,0,0,0,0,0,0,0,0,0,0,0,0,0,0,0,0,0,0,0,,
WKM,WKM2201,MRPL,whakamaru,Hydro,Hydro,1997-11-29,22840,22520,13520,10380,10140,9890,5540,5470,5210,5390,4800,5390,8940,12190,20520,31390,43990,47720,47920,47690,47540,47650,47580,47550,47520,42640,45800,41540,40730,43790,36470,33390,39020,40650,40740,45110,47310,47260,47210,47230,47250,47130,46920,46970,46850,40050,28580,33420,,
WPA,WPA2201,MRPL,waipapa,Hydro,Hydro,1997-11-29,8960,7640,4680,5800,4640,5250,6930,6930,6790,6850,6560,6840,6860,6930,9130,13430,23930,21300,26460,27880,26910,26700,20840,19170,16130,17250,18360,15920,15990,19650,19390,16470,19530,23530,20970,15310,21810,23040,20920,13650,13340,20260,24370,23710,22380,19540,18050,12930,,
WRK,WRK2201,CTCT,wairakei,Geo,Geo,1997-11-29,77510,77600,77680,77570,77390,77100,77140,77120,76920,77110,77280,77300,77100,77170,77220,77200,77060,77140,77180,77130,75920,75850,77150,77580,77470,77500,77540,77530,77440,77540,77510,77260,76910,76420,77010,76760,77270,77040,77100,77160,77120,77170,77270,77340,77300,77290,77500,77500,,
WTK,WTK0111,MERI,waitaki,Hydro,Hydro,1997-11-29,32080,30610,29610,28420,27050,25970,24580,23810,22110,22120,22130,22210,22180,22060,22060,22210,22200,22200,22220,22220,22120,22110,22090,22100,22100,22080,22090,22100,22180,22220,22230,22250,22240,22320,22320,22200,22300,22320,22270,22220,22220,22240,22180,22180,22210,22230,22270,22400,,
ARA,ARA2201,MRPL,aratiatia,Hydro,Hydro,1997-11-30,14770,14810,14830,14860,19610,22050,21410,17570,19430,19400,19380,17630,12500,12050,12760,12740,12820,24030,28060,28070,21640,26050,28540,28590,24440,25940,28720,28760,27590,26830,28560,28610,22800,26800,28580,28630,28660,28670,28700,28700,28710,28720,28750,28750,28750,28760,28760,28770,,
ARG,ARG1101,TRUS,argyle_wairau,Hydro,Hydro,1997-11-30,5067,5025,5024,5026,5032,5018,5016,2463,8,0,0,0,0,0,3312,3776,3742,3738,3732,3734,5058,5078,5086,5034,4998,5031,5037,3774,3822,3822,3820,3824,3822,3822,3824,5061,5085,5060,5034,4672,0,0,0,0,0,0,0,0,,
ARI,ARI1101,MRPL,arapuni,Hydro,Hydro,1997-11-30,57730,53100,46480,41560,33430,33310,33650,33790,33630,33660,33740,35850,41170,40290,51590,71740,71780,62980,71460,71180,71410,71510,71960,66140,62640,62160,52010,49650,48320,46590,42480,45670,62740,67960,69020,65640,58930,58120,57760,56210,58300,60410,56260,56730,57160,54370,57490,57810,,
ATI,ATI2201,MRPL,atiamuri,Hydro,Hydro,1997-11-30,5240,2020,2060,2050,2080,2070,2050,2070,2050,2030,1970,1830,5630,11160,5880,5830,5920,10260,20190,27710,28320,32050,33340,33390,35200,32680,27420,26680,23940,23060,24680,24530,24320,26850,28770,28310,18050,16350,15920,14510,16740,20800,19740,15310,13120,13400,17220,13000,,
AVI,AVI2201,MERI,aviemore,Hydro,Hydro,1997-11-30,59280,59260,48700,33910,27090,30070,30070,23790,18220,17420,26550,28840,30050,30050,29440,30050,30050,30040,30050,33610,54150,56820,60210,66510,56030,77760,59780,53760,45030,32550,29400,26680,28650,48870,55530,56100,34380,35010,34120,12910,4250,17790,28610,27100,24740,27030,28700,28760,,
BEN,BEN2202,MERI,benmore,Hydro,Hydro,1997-11-30,127840,113840,86970,85930,80170,49820,45210,47160,64150,63560,57710,53350,54040,56990,60070,98840,100150,103650,107600,148390,162840,155970,161400,164310,150550,152190,167030,155770,163350,159080,155640,161660,159560,160760,151830,159480,136250,123650,124400,124010,108020,116700,149430,127870,107650,114710,141160,142450,,
BWK,BWK1101,TRUS,waipori,Hydro,Hydro,1997-11-30,0,0,0,0,0,0,0,0,0,0,0,0,0,0,0,0,0,0,0,0,0,0,0,0,0,0,0,0,0,0,0,0,0,0,0,0,0,0,0,0,0,0,0,0,0,0,0,0,,
COB,COB0661,CTCT,cobb,Hydro,Hydro,1997-11-30,4970,4960,4900,5030,4960,4980,5000,5030,4980,4890,4930,5080,4960,4980,4940,5020,5000,4990,4990,4970,4930,4970,4980,4920,4970,4950,4950,4970,4960,4950,4980,4970,4900,5040,4920,4900,4950,5050,4980,4990,4960,4980,4960,4920,4950,5010,4990,4900,,
COL,COL0661,TRUS,coleridge,Hydro,Hydro,1997-11-30,17790,17780,17780,17750,17790,17790,17800,17790,17790,17760,17780,17810,17750,17750,17760,17810,17800,17810,17800,17810,17820,17820,17800,17780,17790,17800,17780,17790,17770,17760,17760,17750,17760,17760,17750,17750,17780,17810,17810,17820,17810,17820,17830,17810,17820,17810,17800,17780,,
CYD,CYD2201,CTCT,clyde,Hydro,Hydro,1997-11-30,212000,211940,211290,214480,212580,213550,213530,214550,211840,210260,211010,214170,211550,211830,211510,212550,212640,212340,212290,212080,211630,212680,212470,211700,212450,211710,209750,210380,210240,209990,210450,210100,208940,211720,210590,210210,211990,213460,212130,212740,211830,212320,211950,211210,211360,213170,212420,210470,,
HLY,HLY2201,GENE,huntly_1_4,Coal,Thrml,1997-11-30,0,0,0,0,0,0,0,0,0,0,0,0,1610,11660,37270,45820,79660,99900,90080,99350,115580,118680,118000,117760,90330,55610,72760,73360,72530,72570,72580,72260,72690,72650,72790,104550,116760,118300,118490,118520,119490,118790,115290,116390,90630,37020,0,0,,
HWA,HWA1101,TRUS,patea,Hydro,Hydro,1997-11-30,212,216,220,224,224,224,224,228,224,224,224,216,212,204,208,208,208,208,208,208,204,208,208,204,208,204,212,208,208,208,204,200,3188,3464,3456,3456,3460,3468,3476,3468,1356,200,208,208,208,216,212,212,,
KIN,KIN0112,CHHE,kinleith,Wood,Cogen,1997-11-30,0,0,0,0,0,0,0,0,0,0,0,0,0,0,0,0,0,0,0,0,0,0,0,0,0,0,0,0,0,0,0,0,0,0,0,0,0,0,0,0,0,0,0,0,0,0,0,0,,
KPO,KPO1101,MRPL,karapiro,Hydro,Hydro,1997-11-30,34300,34320,34540,34490,34520,34450,34520,34540,28820,28630,28740,28680,28590,29040,26030,26760,26840,26780,27850,29190,34170,33970,34080,34220,34310,33900,34160,33130,34260,34260,33970,34280,34210,29970,29360,29420,31230,33470,33630,33650,35000,36010,32370,32780,33130,33190,33450,33220,,
MAN,MAN2201,MERI,manapouri,Hydro,Hydro,1997-11-30,298590,298680,298700,298970,299030,299260,299310,299460,299430,299430,299420,299550,299480,299460,299450,299470,299370,299340,299150,299010,298810,298650,291630,297770,297800,297850,297810,298000,298180,298360,298600,298710,298740,298910,298810,298750,298870,298910,298860,298820,298810,298720,298610,298370,298250,298130,297940,297630,,
MAT,MAT1101,TRUS,matahina,Hydro,Hydro,1997-11-30,0,0,0,0,0,0,0,0,0,0,0,0,0,0,0,0,0,0,0,0,0,0,0,0,0,0,0,0,0,0,0,0,0,0,0,0,0,0,0,0,0,0,0,0,0,0,0,0,,
MHO,MHO0331,KING,mangahao,Hydro,Hydro,1997-11-30,12090,12080,12090,12080,12070,12090,12110,12100,12080,12090,12090,12090,12080,11940,12160,12140,12160,12160,12260,12120,12140,12120,12130,12140,12160,12090,12130,12010,12150,12150,12120,12160,12180,12170,12170,12160,12170,12130,12140,12140,12310,12340,12000,12020,12070,12060,12100,12070,,
MTI,MTI2201,MRPL,maraetai,Hydro,Hydro,1997-11-30,58330,30980,31340,17320,21600,21680,25100,35680,27730,29460,27510,36460,28820,11300,37550,37110,37150,66110,86130,89780,93390,77800,61320,70810,79160,41800,55370,30010,34880,24350,19960,27750,43150,47600,46290,35610,77210,73350,68350,67530,101340,121190,67930,64490,48810,56000,62830,24790,,
NPL,NPL1101,CTCT,new_plymouth,Gas&Oil,Thrml,1997-11-30,114190,114230,114180,114210,114120,114080,114120,114070,114080,114060,114040,114070,114130,114180,114150,114230,114150,114230,114190,114220,114240,114200,114210,114210,114160,114170,114110,114130,114030,114060,114000,113990,113980,114000,113970,113970,113960,114010,114050,114030,114070,114090,114100,114040,114050,113980,113950,113930,,
NPL,NPL2201,CTCT,new_plymouth,Gas&Oil,Thrml,1997-11-30,58540,58540,58520,58510,58490,58500,58470,58460,58450,58460,58440,58460,58460,58500,58550,58550,58570,58570,58590,58580,58570,58600,58580,58550,58520,58510,58500,58450,58430,58430,58380,58360,58350,58330,58330,58340,58360,58380,58390,58420,58450,58460,58480,58390,58320,58250,58250,58240,,
OHA,OHA2201,MERI,ohau_a,Hydro,Hydro,1997-11-30,47730,50650,49720,51850,47530,46210,30890,29390,29130,28070,41440,45940,42560,44690,37400,31880,32360,31370,27580,25400,25210,27890,28190,29320,27400,29400,33610,34090,38500,47010,47550,46790,46460,50980,70680,91910,67820,61140,57190,49130,49870,50860,54990,54320,49570,47670,53140,53520,,
OHB,OHB2201,MERI,ohau_b,Hydro,Hydro,1997-11-30,46220,46120,45480,42940,35420,30550,30490,23350,19800,19420,21630,23130,25860,45880,40750,46280,39620,34960,33090,22530,20740,23790,24670,27010,36940,48760,44930,43050,40660,49200,50890,49670,47280,41030,46200,51120,52780,50600,45690,46330,36970,33110,46620,50830,40980,35400,46600,48020,,
OHC,OHC2201,MERI,ohau_c,Hydro,Hydro,1997-11-30,49010,48810,47860,40120,32910,29950,29940,23960,20700,20210,22100,23650,27960,45330,37940,44920,36510,36360,32210,22900,22940,23460,23440,28120,37330,46870,43550,41910,42200,49530,49910,49720,46020,40590,47540,50470,53750,52650,47240,42190,35810,32910,48010,47990,38840,36050,48190,47860,,
OHK,OHK2201,MRPL,ohakuri,Hydro,Hydro,1997-11-30,13990,12490,5400,3500,2980,120,0,0,0,0,0,0,6850,15660,6880,11280,23040,26870,38170,51520,52330,52150,52140,52110,52040,44720,28510,24040,25570,21590,20610,23030,28990,36920,40590,36970,27310,27210,27220,27220,27410,35360,35670,25740,25700,26010,26100,25360,,
OKI,OKI2201,CTCT,ohaaki,Geo,Geo,1997-11-30,29570,29440,29830,30110,30680,30520,30760,30480,30870,30250,30180,30520,30580,30180,30460,30190,30240,30600,30580,29940,30200,30290,29980,29010,29470,29170,29060,29380,29240,29210,28980,28540,28670,28740,28610,28250,29520,29440,28750,29010,29300,28870,28580,28760,28810,28870,29190,30020,,
OTA,OTA2221,CTCT,otahuhu_a,Gas,Thrml,1997-11-30,0,0,0,0,0,0,0,0,0,0,0,0,0,0,0,0,0,0,0,0,0,0,0,0,0,0,0,0,0,0,0,0,0,0,0,0,0,0,0,0,0,0,0,0,0,0,0,0,,
PPI,PPI2201,MRPL,poihipi,Geo,Geo,1997-11-30,0,0,0,0,0,0,0,0,0,0,0,0,0,0,0,3170,19350,20100,20190,20100,20220,20170,20090,20070,20170,20050,20100,20020,20050,20070,20060,20110,20110,20060,20030,20010,19960,19950,19990,19870,19860,19830,19990,20300,20340,20340,14460,630,,
ROT,ROT1101,TRUS,wheao_flaxy,Hydro,Hydro,1997-11-30,4448,4466,4438,4444,4464,4468,4432,4476,4450,4456,4504,4470,4508,7707,7939,7876,7946,7929,7919,7906,7858,7866,7876,7888,7914,7922,5554,3920,3930,3960,3950,3976,3976,3960,6924,8404,8410,8344,8359,8335,8424,8346,8310,4038,3912,3966,3948,3976,,
ROX,ROX1101,CTCT,roxburgh,Hydro,Hydro,1997-11-30,50790,50790,50170,50060,49090,49400,49000,49550,49940,50640,51210,51200,51200,51180,51100,51180,51180,51160,51180,51160,51200,51180,51180,51200,51190,51210,51220,51210,51220,51240,51230,51230,51210,51190,51210,51200,51190,51160,51150,51140,51130,51130,51140,51120,51110,51110,51130,51140,,
ROX,ROX2201,CTCT,roxburgh,Hydro,Hydro,1997-11-30,82970,82940,82840,82880,81640,81990,81470,82830,82710,82640,83210,83520,83450,83430,83310,83480,83520,83480,83440,83380,83510,83540,83440,83440,83440,83440,83420,83500,83440,83420,83490,83510,83470,83490,83470,83390,83650,83480,83270,83370,83330,83360,83340,83360,83390,83480,83310,83280,,
RPO,RPO2201,GENE,rangipo,Hydro,Hydro,1997-11-30,28720,28720,28720,28720,28730,28680,28720,28730,28730,28720,28740,28730,28720,28740,28740,28730,28730,28740,28730,28730,28730,28740,28730,28720,29230,29240,29230,29230,29230,29230,29230,29230,29240,28300,26960,27310,27840,27600,27590,27590,27590,27580,27590,27580,27590,27580,27590,27580,,
SFD,SFD2201,CTCT,stratford,Gas,Thrml,1997-11-30,0,0,0,0,0,0,0,0,0,0,0,0,0,0,0,0,0,0,0,0,0,0,0,0,0,0,0,0,0,0,0,0,0,0,0,0,0,0,0,0,0,0,0,0,0,0,0,0,,
SWN,SWN2201,TRUS,southdown,Gas,Thrml,1997-11-30,59840,59860,59870,59910,59850,59760,59750,59720,59740,59840,59900,59910,59740,59640,59760,59840,59730,59450,59210,59280,59060,58870,58930,58700,58160,57030,57640,57890,57690,57730,57630,57670,57830,58030,57980,58280,58800,59130,59220,59270,59330,59440,59460,59390,59330,59350,59320,59310,,
TKA,TKA0111,MERI,tekapo_a,Hydro,Hydro,1997-11-30,0,0,0,0,0,0,0,0,0,0,0,0,0,0,0,0,0,0,0,0,0,0,0,0,0,0,0,0,0,0,0,0,0,0,0,0,0,0,0,0,0,0,0,0,0,0,0,0,,
TKB,TKB2201,MERI,tekapo_b,Hydro,Hydro,1997-11-30,0,0,0,0,0,0,0,0,0,0,0,0,0,0,0,0,0,0,0,0,0,0,0,0,0,0,0,0,0,0,0,0,0,0,0,0,0,0,0,0,0,0,0,0,0,0,0,0,,
TKU,TKU2201,GENE,tokaanu,Hydro,Hydro,1997-11-30,0,0,0,0,0,0,0,0,0,0,0,0,0,0,0,0,0,0,0,0,0,0,0,0,25640,26300,27130,27450,27910,27950,27850,28000,27990,30380,49040,56920,59450,58650,59150,58190,59320,60190,57790,57990,58190,36280,0,0,,
TMU,TMU1101,GENE,te_awamutu,Gas,Cogen,1997-11-30,13440,13520,13530,13500,13390,13450,13590,13620,13660,13760,13820,13830,13760,13790,13870,13810,13740,13610,13360,13210,13150,13110,13040,12950,12910,12920,12820,12750,12660,12600,12420,12360,12280,12290,12370,12340,12310,12320,12340,12360,12400,12400,12380,12370,12380,12490,12370,12380,,
TUI,TUI1101,GENE,waikaremoana,Hydro,Hydro,1997-11-30,4640,4190,3480,3260,3260,3240,3270,3270,3240,3230,3250,3220,3230,2970,3300,3280,21420,24950,24600,23450,23210,24250,24500,24550,24560,24430,24540,24040,24580,24580,24460,24570,24550,24500,24240,24140,23770,23620,23790,25020,25500,26200,23670,4250,3930,3950,4160,4110,,
WHI,WHI2201,CTCT,whirinaki,Diesel,Thrml,1997-11-30,0,0,0,0,0,0,0,0,0,0,0,0,0,0,0,0,0,0,0,0,0,0,0,0,0,0,0,0,0,0,0,0,0,0,0,0,0,0,0,0,0,0,0,0,0,0,0,0,,
WKM,WKM2201,MRPL,whakamaru,Hydro,Hydro,1997-11-30,21840,20260,14220,7740,2340,0,0,0,0,0,0,0,10400,10550,10850,11490,14940,22030,36690,46400,46340,46250,46290,46380,46430,46220,46350,42200,36660,37200,40730,41630,42070,46520,43790,28440,39080,41120,38860,39820,44270,48090,45910,46050,46140,37710,35520,24120,,
WPA,WPA2201,MRPL,waipapa,Hydro,Hydro,1997-11-30,12580,14530,9190,8300,5240,8270,8880,8950,12930,13160,9830,9900,10000,8140,8760,11340,16420,17690,23030,24690,24700,22470,17200,17880,19070,18920,18950,18050,13010,11970,11750,9360,10920,14570,13840,12090,20120,20730,20920,20860,23200,27760,27770,22010,17290,11700,15690,11820,,
WRK,WRK2201,CTCT,wairakei,Geo,Geo,1997-11-30,77480,77570,77590,77580,77530,77520,77580,77700,77630,77620,77740,77570,77720,77840,77920,77960,78110,78030,77910,77910,77860,77760,77750,77730,77780,77820,77820,77740,77750,77540,77620,77600,77520,77470,77590,77470,77530,77510,77570,77630,77730,77630,77710,77750,77770,77740,77840,77820,,
WTK,WTK0111,MERI,waitaki,Hydro,Hydro,1997-11-30,22410,22430,20960,20120,19880,19940,17770,17560,17410,17010,15930,16150,15190,14970,14940,14940,14940,14910,14910,14900,14890,14970,14990,14990,15040,14940,14980,14930,14900,14950,15030,14990,14940,15050,14960,14840,15080,15000,14880,14970,14990,14860,14960,14840,14930,14960,14920,14840,,
