Site_Code,POC_Code,Nwk_Code,Gen_Code,Fuel_Code,Tech_Code,Trading_date,TP1,TP2,TP3,TP4,TP5,TP6,TP7,TP8,TP9,TP10,TP11,TP12,TP13,TP14,TP15,TP16,TP17,TP18,TP19,TP20,TP21,TP22,TP23,TP24,TP25,TP26,TP27,TP28,TP29,TP30,TP31,TP32,TP33,TP34,TP35,TP36,TP37,TP38,TP39,TP40,TP41,TP42,TP43,TP44,TP45,TP46,TP47,TP48,TP49,TP50
ANI,ANI0111,BOPE,aniwhenua,Hydro,Hydro,1999-09-01,6224,6229,6230,6239,6240,6244,6245,6252,7648,7465,7456,7452,7441,7447,10398,10473,11430,10610,10513,10521,10516,10501,10496,6652,6323,5310,5277,5287,5297,5307,5624,9012,9233,7379,12202,12458,12467,12434,12385,10665,10614,8127,7895,7893,7883,7892,6557,6325,,
ARA,ARA2201,MRPL,aratiatia,Hydro,Hydro,1999-09-01,24360,25470,27150,27710,27660,27620,20860,19260,19550,19590,19610,23180,28260,28130,28080,28080,28100,28170,28250,28330,18650,23320,28320,28620,27910,27960,28400,30130,22920,33400,36210,27070,28350,32420,33670,39170,39820,39370,35960,27860,28060,28100,28100,28080,28020,27910,27790,24760,,
ARG,ARG1101,TRUS,argyle_wairau,Hydro,Hydro,1999-09-01,0,0,0,0,0,0,0,0,0,0,0,0,0,2877,5284,5247,5231,5250,5243,5244,5253,5255,5234,5235,5240,988,10,0,0,0,0,0,0,0,4389,5320,5240,5258,5268,5262,5271,5274,5273,4086,4141,4064,3998,873,,
ARI,ARI1101,MRPL,arapuni,Hydro,Hydro,1999-09-01,80340,81660,71280,60420,59200,59090,59260,59190,59310,59230,59120,59070,59110,59130,62180,80530,82180,82330,80290,79840,73360,66320,49890,48830,43650,47670,45510,41940,43370,42940,43840,46260,41250,34370,34110,51230,63330,63360,63100,61650,62830,63290,62860,62540,61770,60320,59760,43860,,
ATI,ATI2201,MRPL,atiamuri,Hydro,Hydro,1999-09-01,28620,24080,19080,22570,28230,28200,21310,19470,19540,19520,22250,21750,17010,16910,17780,30460,37660,37420,29650,8950,630,260,180,740,0,570,630,1670,170,80,3010,2950,1940,6490,13460,33340,33230,36790,37650,33420,30460,19680,12650,15900,18040,14050,9860,11090,,
AVI,AVI2201,MERI,aviemore,Hydro,Hydro,1999-09-01,15220,13770,9060,7090,7130,7160,7550,20940,43430,43880,43860,48070,48950,57100,81920,84790,84870,84500,84770,83940,84580,77620,77120,76960,76990,77740,77520,77620,76550,76870,76200,75540,68260,68500,77770,71370,69100,77220,68680,44960,44000,50710,50930,54310,56080,38140,33630,34980,,
BEN,BEN2202,MERI,benmore,Hydro,Hydro,1999-09-01,54370,47170,47950,47630,47530,6180,3870,3250,3080,3330,3410,3380,31850,134140,178060,215970,219500,221500,211680,204420,171760,233050,240040,239390,239460,242220,224100,184530,221950,191890,147430,156320,211160,199800,231380,235400,251380,237040,236200,247180,226710,201980,177770,155910,107540,49330,111360,81000,,
BWK,BWK1101,TRUS,waipori,Hydro,Hydro,1999-09-01,0,0,0,0,0,0,0,0,0,0,0,0,0,125,10638,13317,13317,13323,13317,13317,6346,4227,2185,2173,2173,2214,6774,10763,13144,13293,13299,13293,13293,13293,13340,13329,13334,13329,13346,13340,13340,13346,13352,6334,4893,2679,1595,0,,
COB,COB0661,CTCT,cobb,Hydro,Hydro,1999-09-01,15790,15780,15780,15790,15780,15780,15800,15780,15780,15790,15780,15770,15770,15770,15790,15760,15750,15750,15760,15730,15750,15770,15780,15780,15770,15790,3710,2890,2810,2800,940,0,0,0,0,0,0,0,0,0,0,0,0,0,0,0,0,0,,
COL,COL0661,TRUS,coleridge,Hydro,Hydro,1999-09-01,12710,12690,12700,12690,12700,12720,12710,12710,12700,12690,12700,12690,12720,12710,12700,12680,12690,12690,12690,12680,12690,12690,13160,9820,9710,10830,12570,12570,12570,12580,12570,12560,12570,12570,12560,12560,12550,12540,12540,12540,12550,12540,12530,12530,12490,12480,12530,12470,,
CYD,CYD2201,CTCT,clyde,Hydro,Hydro,1999-09-01,47890,46960,1940,0,0,0,0,0,0,0,0,0,94450,101280,101990,100990,100960,100890,101010,100610,101010,101360,111940,98860,98890,101240,101700,101730,101200,101330,101010,101440,101440,101590,99780,72600,103630,100890,100800,101690,101490,101090,99080,51860,39650,50680,52150,48450,,
EDG,EDG0331,BOPE,edgecumbe,Gas,Cogen,1999-09-01,1455,1421,1388,1333,1336,1405,1473,1408,1441,1430,1393,1359,1349,1384,1454,1489,1469,1397,1423,1468,1468,1564,1793,1822,1752,1815,1752,1681,1608,1445,1471,1557,1744,1829,1924,2059,1873,1824,1842,1903,1981,1756,1921,1918,1856,1819,1937,2066,,
GLN,GLN0111,ALNT,glenbrook_kilns,Gas,Cogen,1999-09-01,17530,17673,16879,17319,17367,17329,17300,17434,16372,11224,11032,11042,11032,10889,10956,10860,11119,11205,11176,11463,11578,11731,11492,11473,11138,10927,10927,10391,10190,10774,9731,6487,9741,10669,10592,10602,10631,10736,10736,10870,10908,10899,11080,11032,11013,11013,10937,10655,,
HLY,HLY2201,GENE,huntly_1_4,Coal,Thrml,1999-09-01,191570,191440,191290,191540,191160,191670,191430,191560,191270,191370,191000,191270,194890,217050,220550,221880,245330,241770,220180,218130,220240,220210,220550,220710,221010,221950,242180,273740,273330,272850,273450,273710,273440,273600,273470,281790,283770,275870,276100,276380,276100,272490,271640,271550,251180,250390,249830,249240,,
HWA,HWA1101,TRUS,patea,Hydro,Hydro,1999-09-01,216,220,216,220,216,220,216,220,220,216,220,216,11224,13349,13413,13373,13333,13349,13341,13349,13365,13377,13405,13409,13381,13417,13429,13413,13425,13413,13389,13413,13369,13389,13377,13357,13397,13369,13405,13365,13357,13381,13381,13341,13385,1686,216,212,,
HWA,HWA1102,KIWI,whareroa,Gas,Cogen,1999-09-01,6404,6434,6940,7170,7530,8168,8322,8472,8664,7938,8329,8105,8345,8041,7618,7849,7978,8218,8353,8473,8553,8049,7930,8137,7882,8474,8136,8218,8106,7850,6435,5852,5557,5284,5461,5420,5476,5620,5501,5637,5676,5668,5548,5284,5341,5660,5556,5460,,
KAW,KAW0111,BOPE,kawerau_geo,Geo,Geo,1999-09-01,2593,2567,2551,2537,2566,2566,2576,2592,2604,2599,2609,2599,2583,2575,2555,2549,2599,2569,2545,2537,2552,2512,2493,2447,2373,2345,2268,2246,2253,2256,2247,2244,2240,2260,2319,2402,2407,2499,2537,2539,2566,2550,2567,2578,2546,2509,2532,2557,,
KIN,KIN0112,CHHE,kinleith,Wood,Cogen,1999-09-01,18330,18430,17513,17064,17515,17752,18001,17909,17702,17066,16979,18425,18527,18944,18328,18156,18488,18176,18555,18151,16949,17343,17228,16214,16805,16643,15516,16625,16590,17081,16755,15181,15426,15366,15511,15835,16840,17009,17189,17104,15984,16672,16805,16655,16199,16655,17051,16585,,
KPA,KPA1101,KAPE,kapuni,Gas,Cogen,1999-09-01,8886,8800,8868,8864,8974,8704,8644,8628,8624,8624,8596,8536,8538,8534,8528,8518,8408,8452,8442,8420,8374,8120,7950,8284,7840,8042,8180,8330,8444,8452,8588,8574,8350,8676,8476,8578,8584,8510,8456,8226,8428,8502,8598,8702,8578,8778,8876,8836,,
KPO,KPO1101,MRPL,karapiro,Hydro,Hydro,1999-09-01,38340,38250,38660,39400,39320,39210,39330,39240,39410,39310,39230,39170,35370,34590,34850,37930,38800,40730,41810,42260,42340,41310,36560,34650,34890,37030,33280,33860,34260,35790,34120,34210,36190,37460,33780,34880,33520,31780,31970,30650,31290,31770,31350,31270,32810,31690,31750,31500,,
KUM,KUM0111,TRUS,Kumara,Hydro,Hydro,1999-09-01,0,0,0,0,0,0,0,0,0,0,0,0,0,865,2970,3097,3142,3153,2567,1982,1895,1896,1894,1895,1894,1894,1894,1895,1893,1891,1889,1892,1892,1892,1891,1891,1891,1890,1891,1891,1892,1892,858,0,0,0,0,0,,
MAN,MAN2201,MERI,manapouri,Hydro,Hydro,1999-09-01,238640,236590,237220,236920,236860,236460,237450,236590,236230,237110,237230,237170,237710,237450,238410,236810,236760,236420,237170,236190,237040,237990,237810,237090,237070,238570,238570,238610,237220,237100,236610,238210,238190,238230,237470,238010,237530,236660,236530,238720,238450,237570,237290,237450,235030,235970,240980,238810,,
MAT,MAT1101,TRUS,matahina,Hydro,Hydro,1999-09-01,10490,10640,10950,11240,11000,10750,10830,10790,10910,10870,10810,11130,10600,10720,15680,17780,17710,17720,17760,17730,17760,17260,17530,18320,17220,18220,27420,26300,28250,30280,29060,27950,26110,27760,28080,28940,28160,27890,28070,29740,28560,22490,19950,13180,14420,11900,10680,10600,,
MHO,MHO0331,KING,mangahao,Hydro,Hydro,1999-09-01,0,0,0,0,0,0,0,0,0,0,0,0,0,0,0,280,4990,5420,5420,5420,5410,5410,5410,5400,5400,5400,5400,5400,5390,5400,5410,5400,5400,5410,5390,5400,5410,5410,5410,5410,5410,5400,5410,5420,5440,5420,5420,5430,,
MTI,MTI2201,MRPL,maraetai,Hydro,Hydro,1999-09-01,82890,58480,78350,60800,64650,50480,45740,39360,42220,57650,78390,64040,62460,76740,89130,100270,85080,73670,89070,70610,65280,38780,11850,12920,3840,9050,19000,30860,17900,19240,19930,21420,8440,24460,25140,79700,64250,93820,69120,44530,46830,44890,29840,35350,18790,34500,57070,38220,,
NPL,NPL1101,CTCT,new_plymouth,Gas&Oil,Thrml,1999-09-01,20900,21000,20900,20950,21000,21010,20930,20960,20950,20830,21020,20890,20940,20920,21000,20970,20970,21030,20920,21070,20910,20930,21060,20960,30810,37680,37990,34650,38100,31180,29560,29480,21100,23120,23490,23300,23390,23360,22820,23190,23320,23400,23370,23430,23400,23370,23440,23440,,
NPL,NPL2201,CTCT,new_plymouth,Gas&Oil,Thrml,1999-09-01,39580,39250,39790,39590,39430,39630,39540,39620,39780,39580,39570,39600,39560,39380,39400,39650,39320,39110,38940,39490,39560,38660,39970,39290,51390,73660,75330,81730,83800,73520,68360,68070,43870,48070,58090,60480,60950,60830,61030,60900,60830,60960,60950,60880,60830,60990,60830,60890,,
OHA,OHA2201,MERI,ohau_a,Hydro,Hydro,1999-09-01,35400,33950,34460,34340,34320,46720,49540,42830,33440,31860,31770,48840,57490,77680,95060,102260,102360,101640,102180,100810,101120,97290,89810,79540,79790,74350,74110,74160,72910,73240,72500,73510,73400,73760,93200,95600,104940,105890,105280,112420,112320,113730,117580,116910,102160,81610,73330,71690,,
OHB,OHB2201,MERI,ohau_b,Hydro,Hydro,1999-09-01,29980,19650,21400,22250,22190,36500,38050,33850,26330,26730,27720,36580,44540,67490,84950,92280,92350,91790,92180,91090,91340,61000,60040,54640,53240,54870,54670,54620,51570,51560,50920,51780,53760,53220,67860,91040,97840,97830,97430,97020,96240,95490,95470,85930,69850,55340,51870,52300,,
OHC,OHC2201,MERI,ohau_c,Hydro,Hydro,1999-09-01,30070,19560,21530,22430,22350,36740,38190,34080,26440,26840,25570,34580,44560,67640,84740,92380,92430,91880,92340,91280,92010,61600,60520,52940,50730,53130,52910,53130,51770,51750,51110,52000,53900,53380,67050,90160,95490,96030,95690,97640,97400,96670,96100,84920,69940,55450,50710,51050,,
OHK,OHK2201,MRPL,ohakuri,Hydro,Hydro,1999-09-01,39250,33430,26620,31950,40100,38010,28480,27020,27090,27070,29000,31460,27160,27160,24070,45130,45680,43400,25570,8280,0,0,0,0,0,5440,8130,8570,6750,5370,5210,11920,8040,22160,19330,50870,48000,53580,54090,46740,34720,32130,21610,22850,26590,22170,20500,17850,,
OKI,OKI2201,CTCT,ohaaki,Geo,Geo,1999-09-01,22350,22310,22470,22830,22660,22470,22480,22530,22450,22510,22850,22930,22880,22590,22870,22870,22510,23120,23090,22790,22330,22250,22230,22700,22810,22610,22290,22020,22100,22480,22550,22380,22120,22010,22140,22200,22560,22430,22120,22040,22110,22120,22410,23090,22390,22340,22230,22070,,
OTA,OTA2202,CTCT,otahuhu_b,Gas,Thrml,1999-09-01,191810,191850,192160,192360,192410,192700,192930,193370,193460,193420,193460,193480,193430,193490,193460,193480,193480,193500,193490,193490,193320,192840,192330,192050,161340,116350,84480,37000,0,0,46040,61390,89200,121710,120960,89680,99360,121770,118370,139350,148990,149040,148990,149040,148990,149090,148990,149090,,
OTA,OTA2221,CTCT,otahuhu_a,Gas,Thrml,1999-09-01,0,0,0,0,0,0,0,0,0,0,0,0,0,0,0,0,0,0,0,0,0,0,0,0,0,0,0,0,0,0,0,0,0,0,0,0,0,0,0,0,0,0,0,0,0,0,0,0,,
PPI,PPI2201,MRPL,poihipi,Geo,Geo,1999-09-01,910,910,940,940,890,880,880,860,850,860,860,880,850,2760,18090,18250,18100,17800,17780,17760,17860,17840,17840,17820,17800,17780,17770,17760,17750,17770,17780,17810,17810,17780,17720,17730,17730,17670,17670,17630,17630,17660,17660,17670,17680,17700,17710,17330,,
ROT,ROT1101,TRUS,wheao_flaxy,Hydro,Hydro,1999-09-01,7380,5462,4426,4498,4498,4494,4524,4518,4528,4456,4490,4954,4980,4958,5222,8891,8847,8850,8838,8830,7992,7894,7942,7880,7877,7915,6596,4960,4852,8031,7643,7442,7424,7430,7429,7532,9799,9838,9807,9765,9752,9646,8898,8424,7670,7070,6886,5554,,
ROX,ROX1101,CTCT,roxburgh,Hydro,Hydro,1999-09-01,10300,9900,19650,19900,19880,19820,19890,19890,19840,19830,19910,19820,19820,19810,19680,19790,19840,19820,19830,19880,19420,19270,19830,19900,19910,19040,18780,18830,18780,37660,38140,19850,19950,19920,19830,15300,18850,19800,19820,19820,19860,19780,19940,19840,12730,1380,0,0,,
ROX,ROX2201,CTCT,roxburgh,Hydro,Hydro,1999-09-01,53860,54610,40600,39610,21210,19900,19850,19870,19900,19880,19990,19930,19910,19840,19910,19890,19940,19940,19830,21380,39740,39620,44650,59650,59670,58360,57860,58010,58080,57890,58110,59650,59590,59660,59440,46150,58180,59640,59450,59540,59400,59550,59540,59330,58190,59130,59320,58880,,
RPO,RPO2201,GENE,rangipo,Hydro,Hydro,1999-09-01,36970,36980,36990,36990,36990,36990,36990,36990,37000,37000,37000,36980,37000,37000,36980,36920,36870,36860,36880,36870,36870,36860,36870,36870,36860,36860,36850,36890,36860,36860,36840,36860,36850,36860,36860,36850,36850,36860,36870,36860,36850,36860,36860,36860,36870,36880,36880,36890,,
SFD,SFD2201,CTCT,stratford,Gas,Thrml,1999-09-01,163280,162800,161460,129220,95640,76800,77100,76730,76920,76980,95520,153100,162740,162620,163710,174550,176140,176500,173210,173580,173570,173580,173580,166330,162680,162680,162670,162680,163590,162680,162740,162680,162670,162680,162680,168830,173330,162740,162740,162730,162680,162800,162680,162730,162740,162790,162790,162800,,
SWN,SWN2201,TRUS,southdown,Gas,Thrml,1999-09-01,60140,59660,59890,60090,60370,60600,60600,60690,61250,61360,61500,61480,61380,60130,59680,59560,59270,59870,59880,59730,59630,59560,60180,61490,61390,59920,61180,60600,60390,59920,60230,60180,59460,58960,60030,60470,60630,60680,60780,60770,60650,60920,60970,61040,60800,60860,61060,61190,,
TKA,TKA0111,MERI,tekapo_a,Hydro,Hydro,1999-09-01,11080,10860,10960,10920,10910,10530,10530,10430,10370,10440,10430,10380,10460,10420,10610,10330,10340,10310,10350,10230,10340,10440,10460,10430,10440,10560,10520,10540,10360,10420,10320,10450,10450,10490,10400,10480,10430,10320,10280,10530,10490,10400,10410,10380,10050,10270,10780,10610,,
TKB,TKB2201,MERI,tekapo_b,Hydro,Hydro,1999-09-01,69370,67470,68070,67920,67980,67790,68560,67930,67760,67980,67980,67860,68060,68130,68780,67960,67900,67620,67850,67460,67670,68100,68130,68000,68080,68450,68380,68360,67960,68000,67770,68070,68110,68190,67970,68070,68090,67780,67570,68260,68270,67920,67730,68180,66740,67070,69170,68950,,
TKU,TKU2201,GENE,tokaanu,Hydro,Hydro,1999-09-01,0,0,0,0,0,0,0,0,0,0,0,0,0,23710,53880,84160,110460,112850,113040,112920,113120,112370,113780,112640,87030,56430,54490,55050,54900,54920,55020,82570,111400,112730,112600,111910,112200,112170,112020,111770,84450,57490,55900,56110,56150,55960,560,0,,
TMU,TMU1101,GENE,te_awamutu,Gas,Cogen,1999-09-01,14030,14110,14180,14220,14290,14310,14350,14390,14420,14470,14520,14540,14560,14610,14610,14540,14390,14270,14170,14050,13940,13880,13800,13730,13640,13580,13460,13440,13410,13380,13380,13360,13350,13360,13370,13390,13470,13610,13670,13780,13800,13850,13830,13900,13940,13960,14030,14060,,
TUI,TUI1101,GENE,waikaremoana,Hydro,Hydro,1999-09-01,7460,7420,7400,7390,7390,7390,7390,7390,7390,7380,7380,6310,19640,20350,20440,20220,20210,20260,20170,19930,20080,19260,18340,19780,18260,19080,19670,19880,20010,19600,20330,20130,18500,19950,19520,20120,19970,19980,19860,18910,19470,19660,19870,19960,19440,7460,7380,7360,,
WHI,WHI2201,CTCT,whirinaki,Diesel,Thrml,1999-09-01,0,0,0,0,0,0,0,0,0,0,0,0,0,0,0,0,0,0,0,0,0,0,0,0,0,0,0,0,0,0,0,0,0,0,0,0,0,0,0,0,0,0,0,0,0,0,0,0,,
WKM,WKM2201,MRPL,whakamaru,Hydro,Hydro,1999-09-01,49360,49810,49920,42410,34410,34360,34540,34460,34590,34500,35190,42460,42490,42490,45730,49350,49210,49300,49420,44960,26920,14590,7060,6640,9890,7470,10430,8440,7060,7380,12180,20170,16450,13310,12570,31000,45040,47080,46960,39560,29050,29660,22530,14070,13250,16300,25720,23460,,
WKM,WKM2201,TUAR,mokai,Geo,Geo,1999-09-01,0,0,0,0,0,0,0,0,0,0,0,0,0,0,0,0,0,0,0,0,0,0,0,0,0,0,0,0,0,0,0,0,0,0,0,0,0,0,0,0,0,0,0,0,0,0,0,0,,
WPA,WPA2201,MRPL,waipapa,Hydro,Hydro,1999-09-01,22740,23340,21060,17860,17910,17870,15350,13970,14120,14140,15960,25170,24790,24730,24720,26940,23540,22110,27720,23880,20780,16890,8120,4650,6300,6210,8180,9130,10710,9290,7590,9550,10700,13840,9090,15590,22640,22770,22680,21660,20280,17900,11940,11760,11280,11890,12200,12130,,
WRK,WRK2201,CTCT,wairakei,Geo,Geo,1999-09-01,83870,83840,83850,83820,83800,83810,83840,83840,83870,83820,83890,83840,83910,83900,83910,83890,83850,83950,84000,84070,84060,83890,83660,83990,83620,83780,83830,83840,83800,83770,83840,83810,83520,83780,83740,83760,83750,83820,83730,83490,83340,83560,83520,83500,83440,83540,83630,83620,,
WTK,WTK0111,MERI,waitaki,Hydro,Hydro,1999-09-01,30250,29690,29940,29870,29810,29800,30080,29840,30300,32390,32350,32250,32430,32370,32860,32170,32160,32040,32210,31830,32120,30180,30000,29920,29950,30290,30190,30230,29740,29870,29570,29960,29940,30060,31730,32530,34160,34520,34410,35130,35020,34750,34800,34720,33770,33820,33440,32890,,
ANI,ANI0111,BOPE,aniwhenua,Hydro,Hydro,1999-09-02,6331,5322,5247,5251,5247,5252,5251,5323,7917,11040,7422,7404,7403,8561,10488,10496,11471,10634,10615,10614,10594,10539,10034,7217,6316,5428,5907,5246,5247,5231,6331,6486,6476,6694,12325,12612,12545,12477,12406,10664,10564,7958,7888,7882,7883,7882,6492,6239,,
ARA,ARA2201,MRPL,aratiatia,Hydro,Hydro,1999-09-02,21930,21810,21730,20460,19840,20040,20010,20200,20250,20040,20440,21060,21740,23260,28320,37150,29820,26340,17800,17020,16020,23000,20750,17420,9120,6870,7240,7220,6840,12640,14880,16190,11010,15680,16080,19700,25330,24690,13100,13010,13410,16170,25120,23140,20090,26840,21570,21690,,
ARG,ARG1101,TRUS,argyle_wairau,Hydro,Hydro,1999-09-02,10,0,0,0,0,0,0,0,0,0,0,0,0,3243,5162,5166,5170,5199,5270,5270,5268,5274,5275,5278,5241,995,7,0,0,0,0,0,0,0,3567,4194,4279,4313,4350,4370,4391,900,12,0,0,0,0,0,,
ARI,ARI1101,MRPL,arapuni,Hydro,Hydro,1999-09-02,40550,40610,40450,40540,40450,40530,40430,40470,40470,40230,40450,40690,40800,40110,40530,40050,55930,66410,68320,67300,53880,46710,39000,41180,40640,40960,41020,41020,40970,42380,41980,52390,49640,45500,42620,41860,41080,40820,49860,49810,39000,37050,36130,36060,36220,36130,36100,38370,,
ATI,ATI2201,MRPL,atiamuri,Hydro,Hydro,1999-09-02,15430,16170,15950,16160,15960,16030,15930,15920,15920,15610,15800,16130,13990,23180,24290,35320,32440,27140,24650,18600,17660,11040,6620,4660,4340,4580,4610,4640,4690,4260,4070,4510,4110,4590,4670,22320,33740,35680,35790,37350,31200,36890,31730,26210,27110,26460,23820,25050,,
AVI,AVI2201,MERI,aviemore,Hydro,Hydro,1999-09-02,49060,49640,37210,28510,28040,29030,28820,25720,26520,25910,27440,27720,29140,49680,52080,50890,54190,68220,71840,72230,68350,69830,56310,55320,55340,49780,49540,48110,48240,16840,14100,14590,26530,59220,77130,79550,78660,75690,81180,84130,86260,86470,83910,85110,83820,85010,88280,86520,,
BEN,BEN2202,MERI,benmore,Hydro,Hydro,1999-09-02,140380,97220,54930,21540,21470,20750,19250,20590,19170,18560,19760,19960,54470,133410,180000,220280,236180,232870,208550,165300,170080,167990,171100,177080,181830,181990,182590,177830,162480,159280,144990,147990,158670,156500,213060,232190,234500,242270,228750,220630,221230,200180,173160,140800,128660,110230,116380,102320,,
BWK,BWK1101,TRUS,waipori,Hydro,Hydro,1999-09-02,0,0,0,0,0,0,0,0,0,0,0,0,0,0,2310,5941,8328,8239,7917,7917,6548,3256,947,941,970,887,0,0,0,0,0,0,0,0,827,8322,8638,8644,8620,8614,8638,8638,8542,1613,947,976,83,0,,
COB,COB0661,CTCT,cobb,Hydro,Hydro,1999-09-02,0,0,0,0,0,0,0,0,0,0,0,0,0,0,0,0,0,0,0,0,0,0,0,0,0,0,0,0,0,0,0,0,0,0,0,0,0,0,0,0,0,0,0,0,0,0,0,0,,
COL,COL0661,TRUS,coleridge,Hydro,Hydro,1999-09-02,12450,12430,12460,12480,12520,12460,12450,12450,12460,12450,12490,12490,12490,12460,12470,12460,12450,12330,6700,6600,6580,6610,6610,6600,6610,6610,6610,6200,5910,6130,6070,5850,6250,6510,11380,12650,12620,12540,12520,12520,12540,12540,12520,12510,12470,12490,12550,12530,,
CYD,CYD2201,CTCT,clyde,Hydro,Hydro,1999-09-02,0,0,0,0,0,0,0,0,0,0,0,0,92710,102450,103410,102780,102290,101830,103390,103240,101100,102030,102600,105260,105590,106230,106380,105580,105650,105560,105730,106010,106350,105970,105490,93990,93220,104910,91920,101150,107450,109080,57430,56470,56190,56530,57370,56860,,
EDG,EDG0331,BOPE,edgecumbe,Gas,Cogen,1999-09-02,2104,1956,1786,1761,1856,1794,1728,1676,1587,1612,1587,1474,1472,1444,1364,1377,1356,1263,1199,1108,1047,983,837,933,954,893,1077,1237,1349,1458,1407,1415,1517,1350,1367,1228,1238,1383,1329,1365,1260,1280,1372,1513,1609,1473,1491,1601,,
GLN,GLN0111,ALNT,glenbrook_kilns,Gas,Cogen,1999-09-02,11099,10956,11071,10267,10999,11032,10994,11032,11138,11090,10946,10908,10841,10966,10918,10832,10966,10985,10841,10851,11157,11406,11329,11272,11243,11090,10611,11262,11080,10994,11166,11032,10918,10870,10870,10908,10832,10851,10822,10860,10841,10841,10793,10822,10631,10592,10650,10516,,
HLY,HLY2201,GENE,huntly_1_4,Coal,Thrml,1999-09-02,205480,195470,194220,193910,193310,193480,193670,193420,193450,193350,193780,195240,194970,219280,220820,254760,276160,221090,219890,220450,242290,243770,244330,244300,243880,243410,242610,243580,243500,240900,245030,244670,243830,253990,245630,245270,253670,256700,245330,245550,245550,245150,245580,245970,207560,197820,196610,231050,,
HWA,HWA1101,TRUS,patea,Hydro,Hydro,1999-09-02,212,216,212,216,216,216,220,216,216,216,216,216,208,11102,13345,13381,13373,13397,13413,13421,13389,13373,13369,13369,13389,13409,13409,13397,13405,13377,13401,13357,13339,13331,13373,13363,13353,13353,13345,13365,13337,13397,13397,13385,13357,1686,212,216,,
HWA,HWA1102,KIWI,whareroa,Gas,Cogen,1999-09-02,5636,5508,5556,5676,6219,5764,6092,6275,6107,6180,5988,5780,5580,5316,5236,5660,5972,5876,5988,5987,5732,5836,5428,5477,5637,5932,5628,5908,6076,6251,6220,5460,5333,4845,4628,4166,4317,4661,4518,4732,4798,4884,4949,4877,4900,4565,4805,4749,,
KAW,KAW0111,BOPE,kawerau_geo,Geo,Geo,1999-09-02,2545,2539,2547,2574,2546,2569,2572,2577,2593,2600,2603,2598,2598,2533,2554,2583,2558,2479,2470,2424,2340,2320,2323,2301,2243,2211,2224,2186,2179,2223,2250,2246,2210,2198,2227,2300,2344,2281,2325,2366,2371,2354,2398,2418,2462,2485,2514,2503,,
KIN,KIN0112,CHHE,kinleith,Wood,Cogen,1999-09-02,16518,16201,16408,17762,17829,18545,18570,18677,18176,16864,16259,16141,15446,15673,15678,16575,15880,13471,12396,12785,12167,12404,11970,11277,10277,10559,8923,8582,10180,10454,9607,10856,11093,11918,12421,13050,13661,14688,14249,16353,16800,14882,14596,14653,13421,13733,14466,13147,,
KPA,KPA1101,KAPE,kapuni,Gas,Cogen,1999-09-02,8750,8884,8726,8742,8774,8726,8746,8828,8778,8664,8718,8594,8404,8312,8356,8232,8174,8112,7982,7916,7922,7910,7664,7902,7934,7926,7858,7864,7882,7768,7720,7930,7866,8032,8122,8194,8182,8190,8160,8208,8506,8486,8594,8588,8590,8580,8424,8426,,
KPO,KPO1101,MRPL,karapiro,Hydro,Hydro,1999-09-02,28410,28710,27480,27970,28320,28800,28620,28720,28680,28240,28640,29380,30070,27920,28910,27710,27590,26210,26500,26400,25680,25860,25090,27060,26500,26800,26790,26720,26650,25620,25040,26250,25550,26430,26580,27080,29370,29020,21950,21040,21410,21310,21330,21300,21470,21400,26870,29900,,
KUM,KUM0111,TRUS,Kumara,Hydro,Hydro,1999-09-02,0,0,0,0,0,0,0,0,0,0,0,0,0,868,2973,3101,3142,3157,2559,1979,1903,1902,1889,1853,1854,1854,1857,1856,1856,1857,1892,1909,1910,1909,1908,1909,1909,1907,1906,1906,1908,1907,886,0,0,0,0,0,,
MAN,MAN2201,MERI,manapouri,Hydro,Hydro,1999-09-02,235230,235720,237770,239200,242560,235760,235480,235100,236840,235830,238870,238960,226630,219830,223420,224090,222250,220750,225180,226180,222310,226260,227010,225770,226230,227840,228310,225880,225640,225910,226240,226940,227630,226640,224990,228620,226890,224500,223400,224390,227560,228290,224560,211910,230560,233350,236270,227790,,
MAT,MAT1101,TRUS,matahina,Hydro,Hydro,1999-09-02,10500,10540,10790,11190,10690,10590,10800,10990,11000,11080,10640,11210,10820,10410,15450,17280,17600,17490,17640,17570,17130,17460,18260,17940,17660,17250,16930,17840,18110,17170,18740,17700,17410,17730,18160,17870,17610,17430,17530,17310,17450,17370,17380,17380,17270,11090,10960,11030,,
MHO,MHO0331,KING,mangahao,Hydro,Hydro,1999-09-02,5420,5420,5430,5420,5430,5420,5430,5420,5420,5420,5410,5420,5400,5400,5400,5410,5390,5390,5390,5380,5390,5390,5380,5390,5390,5390,5390,5380,5390,5390,5390,5390,5390,5400,5390,5390,5400,5390,5400,5390,5390,5400,5400,5400,5400,5410,5400,3210,,
MTI,MTI2201,MRPL,maraetai,Hydro,Hydro,1999-09-02,39800,34750,31230,48270,31520,43070,29350,37870,41330,25300,36150,44750,60940,48650,107360,97370,75550,76600,73390,79190,42130,24550,28750,31530,24810,41620,36440,23500,29750,22480,23340,19200,21710,29250,26650,65120,105000,94540,118090,41480,40580,28160,31170,22470,30380,38600,34730,53460,,
NPL,NPL1101,CTCT,new_plymouth,Gas&Oil,Thrml,1999-09-02,23370,23440,23490,23370,23500,23350,23430,23300,23450,23430,23440,23400,23300,23220,23310,23990,24250,24110,21960,21060,21020,21050,21040,20930,20910,26790,28140,28220,28320,21740,21280,21010,20980,20980,20980,21070,20910,21010,20870,20900,20970,20900,21000,20980,20890,20850,20870,20930,,
NPL,NPL2201,CTCT,new_plymouth,Gas&Oil,Thrml,1999-09-02,47970,47360,47290,47050,47000,47050,46960,47270,47110,47240,47210,47180,46670,47210,47090,46830,47090,47180,43420,41300,41240,41070,41160,41120,41200,49880,64110,68010,68270,46320,42010,41200,41180,41130,41160,41200,40840,41250,41160,41130,41040,41100,41140,41290,41090,40930,40890,41210,,
OHA,OHA2201,MERI,ohau_a,Hydro,Hydro,1999-09-02,66810,67640,70480,56880,51400,47480,42890,41530,43120,41830,44490,62580,90010,112450,118210,117360,116120,114640,118780,120540,114740,116460,105720,92500,92190,93890,94720,92470,92620,92320,92880,93570,94640,93830,92200,95430,119230,114740,113720,117810,119240,116790,112700,103210,81590,52700,59390,33690,,
OHB,OHB2201,MERI,ohau_b,Hydro,Hydro,1999-09-02,70640,65660,65850,55990,42600,34960,22870,24900,26220,27460,36670,56010,70530,95270,97020,96210,95060,93680,97490,98360,93880,94820,92360,92610,87080,85500,84180,82360,82510,79050,72370,75480,77900,77030,75820,83490,89840,93740,93080,94700,97530,97770,94850,97500,71100,37120,52960,22890,,
OHC,OHC2201,MERI,ohau_c,Hydro,Hydro,1999-09-02,70740,65740,65940,56090,42400,33080,28760,20650,21930,27270,36760,56120,70280,95750,98660,97980,96860,95510,99120,100150,93730,91030,88160,90330,85010,83420,82080,80260,80430,78130,71770,74740,77190,76370,75160,82870,89220,93040,92420,94010,97050,99480,96500,97730,71020,37390,50990,22420,,
OHK,OHK2201,MRPL,ohakuri,Hydro,Hydro,1999-09-02,20280,20360,16960,17960,17640,17780,17690,17750,17800,17520,17810,18360,19560,33150,37690,51530,47090,39560,26410,13550,12770,8120,6290,7380,12380,20380,27190,27120,27070,26110,17930,16110,11700,14310,14600,28100,46470,52030,54510,48720,36160,41050,41170,41160,38800,37240,36420,30400,,
OKI,OKI2201,CTCT,ohaaki,Geo,Geo,1999-09-02,22230,22530,22530,22440,22280,22240,22060,22370,22610,22560,22460,22360,22240,22170,22550,22850,22580,22320,22050,22080,22130,22310,22370,22210,22220,21960,22100,21870,22140,22270,22180,22160,21890,22480,21880,21930,22190,22430,22310,22130,21990,22070,22000,22500,22480,22420,22060,21890,,
OTA,OTA2202,CTCT,otahuhu_b,Gas,Thrml,1999-09-02,149090,149100,149070,149100,149080,149090,149130,149040,149140,149090,149090,149080,149150,149090,149090,149080,166760,181150,181130,181120,181160,179760,170530,149100,149090,132370,112620,109510,109540,151460,173710,173760,173770,173750,173820,173810,173850,173860,173860,178360,181200,181160,181200,181150,181150,181200,181200,181240,,
OTA,OTA2221,CTCT,otahuhu_a,Gas,Thrml,1999-09-02,0,0,0,0,0,0,0,0,0,0,0,0,0,0,0,0,0,0,0,0,0,0,0,0,0,0,0,0,0,0,0,0,0,0,0,0,0,0,0,0,0,0,0,0,0,0,0,0,,
PPI,PPI2201,MRPL,poihipi,Geo,Geo,1999-09-02,3650,3770,3730,3690,3710,3710,3640,3640,3660,3670,3660,3530,3330,7430,17250,17270,17250,17200,17130,17060,16690,17100,17140,17140,17100,17060,17050,16930,16900,16880,16880,16850,16840,16860,16890,16890,16880,16870,16880,16900,16910,16920,16930,16920,16920,16920,16950,16080,,
ROT,ROT1101,TRUS,wheao_flaxy,Hydro,Hydro,1999-09-02,3522,3536,3500,3744,3974,3972,3958,3976,3972,3978,4730,4982,4912,5800,8354,8480,8902,8862,8886,8825,7921,7902,7926,7960,7904,7912,7700,7421,7463,7436,7406,7392,7386,7412,7450,7398,8352,9804,9834,9831,9319,7518,7440,7451,7452,5949,3956,3974,,
ROX,ROX1101,CTCT,roxburgh,Hydro,Hydro,1999-09-02,0,0,0,0,0,0,0,0,0,0,4370,19850,19820,19890,20130,38980,39380,54380,57080,56930,56860,57050,57030,56300,56100,56150,56220,55990,56090,56110,56100,56240,56280,56090,56010,22920,19840,18430,10430,17550,18460,18450,17810,17680,850,0,0,0,,
ROX,ROX2201,CTCT,roxburgh,Hydro,Hydro,1999-09-02,40120,39600,39690,39740,39650,39500,39630,39740,39530,39710,22780,19800,19760,19860,19860,19800,19770,19830,19920,19750,19820,19820,19890,19770,19750,19800,19810,19790,19790,19880,19830,19890,19830,19750,19760,19840,19820,50290,32240,55150,56280,55130,53670,53350,54750,54490,54210,54530,,
RPO,RPO2201,GENE,rangipo,Hydro,Hydro,1999-09-02,36900,36890,36880,36900,36890,36880,36890,36890,36880,36890,36900,36890,36860,36860,36880,36840,36830,36830,36830,36840,36830,36840,36830,36820,36820,36830,36810,36820,36800,36830,36810,36820,36810,36810,36810,36810,36820,36820,36840,36860,36860,36870,36860,36890,36880,36890,36890,36880,,
SFD,SFD2201,CTCT,stratford,Gas,Thrml,1999-09-02,163100,162790,162730,162730,162740,162730,161940,141300,132330,153110,162790,162800,162740,162670,167190,174000,163220,162680,162680,162680,162680,162670,162680,162740,162680,162740,162670,162680,162740,162680,162740,162680,162730,162680,162740,162680,167610,162680,162730,162740,162740,162740,162730,162740,162740,162740,162740,162740,,
SWN,SWN2201,TRUS,southdown,Gas,Thrml,1999-09-02,60610,60700,60870,60610,60410,60350,60480,60710,60720,60720,60620,59910,58520,56430,56270,55760,55820,55380,55570,55790,55430,55170,55950,56910,58530,59340,58690,58770,58460,58600,57880,58940,59080,59410,59890,59980,60260,60200,60030,60130,60350,60390,60350,60340,60670,60710,60900,61110,,
TKA,TKA0111,MERI,tekapo_a,Hydro,Hydro,1999-09-02,10130,10210,10510,10700,11060,10160,10340,10240,10420,10280,10600,10640,10650,10310,10590,10400,10270,10120,10620,10690,10100,10820,10990,10470,10350,10530,10590,10360,10380,10350,10400,10480,10590,10470,10330,10690,10550,10070,9370,8450,6820,6140,5720,5910,5750,7430,7930,7640,,
TKB,TKB2201,MERI,tekapo_b,Hydro,Hydro,1999-09-02,66560,66640,68140,69010,71880,68080,67320,67130,67920,67270,68490,68530,68960,67240,68560,68130,67260,66100,68580,69770,66330,67260,68180,67750,67410,68460,69010,67750,67850,67530,67840,68300,68930,68610,67580,69290,69150,66310,65600,59080,37180,37170,39350,40550,38720,40000,42120,38960,,
TKU,TKU2201,GENE,tokaanu,Hydro,Hydro,1999-09-02,0,0,0,0,0,0,0,0,0,0,0,0,0,12760,56480,82850,110130,111990,112450,112200,111640,112670,112410,112110,88070,58460,55700,55800,55680,55300,55670,80670,110630,112540,112210,112710,112350,111940,112460,112080,87980,56790,55950,28240,27660,26190,0,0,,
TMU,TMU1101,GENE,te_awamutu,Gas,Cogen,1999-09-02,14080,14110,14120,14110,14070,14130,14150,14140,14110,14110,14090,14140,14200,14190,14190,14110,14000,13930,13780,13610,13510,13460,13340,13320,13220,13130,13140,13000,13010,13020,13000,12970,13010,13040,13090,13230,13250,13360,13450,13450,13500,13530,13590,13660,13780,13780,13790,13790,,
TUI,TUI1101,GENE,waikaremoana,Hydro,Hydro,1999-09-02,7330,7230,7120,7350,7460,7480,7470,7470,7460,7430,7450,7610,18030,20030,20110,19260,19510,19840,20360,19780,19040,18790,18280,19950,19510,19790,20010,20070,20130,19380,18800,19910,19360,20110,20200,20550,20540,20270,20400,20030,20130,20050,19950,19970,19320,7240,7450,7460,,
WHI,WHI2201,CTCT,whirinaki,Diesel,Thrml,1999-09-02,0,0,0,0,0,0,0,0,0,0,0,0,0,0,0,0,0,0,0,0,0,0,0,0,0,0,0,0,0,0,0,0,0,0,0,0,0,0,0,0,0,0,0,0,0,0,0,0,,
WKM,WKM2201,MRPL,whakamaru,Hydro,Hydro,1999-09-02,31510,32020,31810,31990,31770,31810,31710,31730,31710,31430,31640,31950,32780,37220,35620,49340,45750,43430,35400,24110,23510,19770,18140,19190,18860,18980,18980,18010,18950,18200,17590,18510,15620,11540,11730,29690,41150,47760,48080,40300,38780,48040,47980,40680,42700,44040,41430,30350,,
WKM,WKM2201,TUAR,mokai,Geo,Geo,1999-09-02,0,0,0,0,0,0,0,0,0,0,0,0,0,0,0,0,0,0,0,0,0,0,0,0,0,0,0,0,0,0,0,0,0,0,0,0,0,0,0,0,0,0,0,0,0,0,0,0,,
WPA,WPA2201,MRPL,waipapa,Hydro,Hydro,1999-09-02,11400,11250,11080,11290,15040,9780,10460,12100,13880,12430,12140,13280,17210,22320,25440,28670,28480,28260,22430,20580,18400,13030,9160,9810,9440,11750,14120,12890,8170,10330,7850,8490,8100,8650,11800,17080,26580,28290,28370,20170,11170,10900,15210,15810,9100,7770,13730,13110,,
WRK,WRK2201,CTCT,wairakei,Geo,Geo,1999-09-02,83570,83590,83540,83620,83590,83610,83580,83590,83610,83530,83600,83690,83710,83560,83570,83480,83520,83510,83600,83560,83510,83590,83460,83900,83790,83860,83850,83870,83850,83660,83510,83770,83660,83780,83830,83870,83800,83750,83760,83690,83720,83570,83610,83590,83650,83670,83680,83730,,
WTK,WTK0111,MERI,waitaki,Hydro,Hydro,1999-09-02,31460,31750,32570,33110,34210,31610,32080,31760,32340,31870,32870,31120,30540,29520,30320,29850,31440,31480,32940,33200,31410,32100,32600,32150,32160,32690,32860,32320,34750,34610,34770,34990,35320,35060,34630,35610,35300,33910,33700,34290,35330,35430,34270,34770,34200,34760,36320,35450,,
ANI,ANI0111,BOPE,aniwhenua,Hydro,Hydro,1999-09-03,6240,5292,5272,5272,5272,5276,5277,5312,8694,10191,6436,7543,8182,9385,10478,10478,11461,10569,10546,10556,10559,10549,10554,6627,6325,5272,5262,5257,5282,5246,5247,6234,6688,9163,12290,12452,12494,12438,12414,10695,10538,8004,7958,7943,7953,7953,6462,6269,,
ARA,ARA2201,MRPL,aratiatia,Hydro,Hydro,1999-09-03,21530,21660,21610,21700,21660,20070,16760,14800,15010,16090,10350,11400,6450,11560,13640,16440,16200,15970,15170,15940,14710,13020,13740,13890,13390,12060,13550,12990,13560,13080,13810,14050,14090,17980,33280,37430,37230,35700,24380,24680,24710,24720,23860,18470,21950,19750,25010,23210,,
ARG,ARG1101,TRUS,argyle_wairau,Hydro,Hydro,1999-09-03,0,0,0,0,0,0,0,0,0,0,0,0,0,3131,4762,4705,4728,4780,4805,4835,4850,4859,4871,4893,4911,927,13,0,0,0,0,0,0,0,4364,5164,5152,5223,5258,5277,5289,5261,5237,5240,5241,5253,958,7,,
ARI,ARI1101,MRPL,arapuni,Hydro,Hydro,1999-09-03,47610,40400,40330,40370,40340,40390,40500,40210,40340,40380,39930,39540,47270,51720,51640,51990,51780,51510,50510,51710,51920,50670,52310,52430,50490,45710,46490,38980,41020,34290,43110,43520,43550,52430,53010,52650,70220,74580,74230,74560,74340,72700,64400,63760,55690,55260,55240,53670,,
ATI,ATI2201,MRPL,atiamuri,Hydro,Hydro,1999-09-03,17450,16550,13570,9600,9770,11950,8940,5140,4140,8850,8880,12380,13950,15030,15610,32870,36280,36030,35330,30610,17560,22060,22920,23030,22560,19230,10770,7720,6060,6730,7530,7640,7500,17440,22380,34540,36410,36170,36520,37380,37320,35930,35590,22060,6860,840,770,790,,
AVI,AVI2201,MERI,aviemore,Hydro,Hydro,1999-09-03,84640,76730,58270,43850,43490,43240,42870,43460,43440,39280,41940,42230,46460,66660,65640,64810,76400,65160,64060,63120,63010,63650,55600,49090,48200,48900,48470,48270,48400,48470,48980,48740,50010,72290,72250,64750,73070,72190,54820,76990,85720,84920,84520,83230,83640,85880,85310,87340,,
BEN,BEN2202,MERI,benmore,Hydro,Hydro,1999-09-03,91420,83770,54670,50090,48590,48260,47900,48540,48430,44590,46020,46360,46420,131670,190980,202330,214620,213050,204270,177040,167320,170190,129170,125840,123390,125320,124020,123480,123680,122930,125220,124280,127530,125860,162730,156210,161260,190190,186730,149520,118220,101560,130920,133910,109970,81610,96960,79050,,
BWK,BWK1101,TRUS,waipori,Hydro,Hydro,1999-09-03,0,0,0,0,0,0,0,0,0,0,0,0,0,0,6227,8638,8644,8632,8614,8596,2792,964,952,964,958,893,0,0,0,0,12,0,0,0,863,12192,13293,13382,13382,13418,13436,13454,13448,13442,5298,0,0,0,,
COB,COB0661,CTCT,cobb,Hydro,Hydro,1999-09-03,0,0,0,0,0,0,0,0,0,0,0,0,0,0,0,0,0,11120,15850,15820,15830,15820,4820,4710,4550,4670,4580,4530,4540,4470,4630,4390,10,0,0,0,0,0,0,0,0,0,0,0,0,0,0,0,,
COL,COL0661,TRUS,coleridge,Hydro,Hydro,1999-09-03,12510,12500,12500,12510,12510,12510,12500,12520,12510,12520,12520,12530,12510,12550,12520,12530,12500,12530,12530,12530,9310,7220,5290,4630,8360,8400,8550,9780,11140,11670,12740,12770,12760,12740,12720,12740,12740,12720,12720,12720,12730,12730,12710,12710,12710,12730,12710,12750,,
CYD,CYD2201,CTCT,clyde,Hydro,Hydro,1999-09-03,4810,0,0,0,0,0,0,0,0,0,0,20,98610,106850,106400,105960,104990,106500,106220,105690,105640,105970,106220,106050,105580,105960,105730,105630,105620,105480,106000,105770,106350,105860,105320,106660,105740,105620,105610,105780,106130,104850,54070,53570,53670,54310,54130,54820,,
EDG,EDG0331,BOPE,edgecumbe,Gas,Cogen,1999-09-03,1577,1532,1390,1331,1246,1087,1077,1108,1158,1126,1174,1149,1074,1087,1198,1191,1174,1178,1212,1083,1171,1384,1346,1448,1376,1314,1328,1302,1231,1224,1061,1102,1031,1036,1150,1163,1328,1398,1435,1298,1446,1401,1491,1482,1669,1575,1539,1341,,
GLN,GLN0111,ALNT,glenbrook_kilns,Gas,Cogen,1999-09-03,10487,10592,10611,8803,10420,10650,11157,11233,11138,10870,10717,12506,16716,17271,17357,17558,17750,17893,17214,17692,17319,17644,17539,17515,17376,17099,15893,17061,17166,17271,17257,17357,17520,17960,17147,17108,17338,17673,17769,17903,17797,17673,17740,17644,17482,17453,17539,17654,,
HLY,HLY2201,GENE,huntly_1_4,Coal,Thrml,1999-09-03,238130,238750,238860,239380,239450,238820,239600,229510,216570,223500,238040,245780,246750,246070,245250,242810,242960,240710,244420,241180,243300,242710,243480,242710,243030,242830,242760,244510,240310,242280,242680,244390,241910,240590,246560,283660,288660,289540,290180,290080,290520,290460,269980,244780,243890,243290,243850,244220,,
HWA,HWA1101,TRUS,patea,Hydro,Hydro,1999-09-03,212,212,216,216,216,216,216,216,212,216,212,216,208,11084,13333,13329,13333,13361,13345,13353,13361,13341,13373,13345,13337,13381,13393,13357,13369,13393,13365,13361,13357,13373,13337,13361,13389,13377,13381,13361,13393,13397,13377,13369,13389,1730,220,216,,
HWA,HWA1102,KIWI,whareroa,Gas,Cogen,1999-09-03,4916,4718,5068,5756,6028,6140,6282,6188,6316,6347,6060,5692,5124,5013,4861,4748,4550,4428,4062,4068,4158,4229,4221,4453,4293,4341,3238,279,639,871,879,432,222,56,454,655,719,479,383,32,247,887,839,662,2008,3941,6196,5995,,
KAW,KAW0111,BOPE,kawerau_geo,Geo,Geo,1999-09-03,2498,2548,2578,2554,2563,2568,2586,2595,2593,2610,2610,2595,2569,2576,2579,2570,2558,2535,2510,2387,2279,2225,2135,2156,2144,2101,2101,2057,2069,2082,2060,2120,2169,2289,2314,2341,2342,2369,2375,2377,2343,2380,2381,2354,2398,2422,2455,2391,,
KIN,KIN0112,CHHE,kinleith,Wood,Cogen,1999-09-03,13982,13464,13633,14628,16126,15989,16284,16401,17296,17326,17303,17074,17009,18286,16485,15840,15944,16780,16164,15127,14414,15825,16398,15590,15356,15296,16097,18739,18163,18510,18201,18453,18111,18111,17443,16695,18156,18126,17687,18158,17772,18550,18251,17899,18126,18021,17657,17453,,
KPA,KPA1101,KAPE,kapuni,Gas,Cogen,1999-09-03,8360,8466,8426,8440,8440,8578,8648,8682,8876,8750,8714,8716,8742,8650,8680,8654,8566,8392,8210,8170,8182,8016,8032,7958,7872,7840,8110,8130,8140,8190,8282,8240,8250,8356,8390,8458,8376,8308,8222,8268,8344,8330,8372,8382,8416,8430,8402,8374,,
KPO,KPO1101,MRPL,karapiro,Hydro,Hydro,1999-09-03,29750,29780,29770,29760,29740,24850,27340,28830,30190,30930,33200,31550,31410,31970,31570,32060,30590,20610,19740,19970,21150,20130,21210,20990,20510,20550,21350,20540,19510,21010,22630,23180,23210,22630,21300,21210,25900,31680,31570,31690,27380,25980,26150,29190,30010,25150,21290,25490,,
KUM,KUM0111,TRUS,Kumara,Hydro,Hydro,1999-09-03,0,0,0,0,0,0,0,0,0,0,0,0,0,927,2996,3101,3127,3147,2579,1990,1885,1885,1885,1885,1885,1885,1886,1885,1886,1886,1886,1886,1887,1887,1885,1882,1881,1879,1878,1880,1905,1928,946,0,0,0,0,0,,
MAN,MAN2201,MERI,manapouri,Hydro,Hydro,1999-09-03,224770,224540,227250,226700,226120,225480,224830,225560,225310,225930,226160,226310,224820,227160,226260,226970,224210,228740,228540,227110,226810,227470,228440,227760,226700,227530,226790,226510,226660,226300,226950,226570,227950,226870,225120,227920,226750,225860,226220,226300,227540,226200,226000,224210,228330,231980,231090,234290,,
MAT,MAT1101,TRUS,matahina,Hydro,Hydro,1999-09-03,10890,10990,10920,10970,10940,10690,10580,10880,10880,10730,11110,11220,10650,12160,23440,24120,24110,23750,25330,24850,23540,22150,22500,17840,17540,17050,17830,17510,17900,17490,17800,17760,17770,17720,17800,17930,17120,17160,17410,17480,17440,17420,17780,11800,11430,10760,11000,10980,,
MHO,MHO0331,KING,mangahao,Hydro,Hydro,1999-09-03,2980,2980,2980,2990,2980,2980,2990,2980,2960,2970,2970,2960,2970,4050,5400,5400,5400,5400,5390,5400,550,0,0,0,0,0,0,0,0,0,0,0,0,0,0,0,0,0,0,0,0,0,0,0,0,0,0,0,,
MTI,MTI2201,MRPL,maraetai,Hydro,Hydro,1999-09-03,29500,43120,42330,49160,46530,36950,40990,37290,33430,34870,53820,48970,54580,46060,82610,103300,96190,91070,52430,50270,32560,20910,47240,42220,37330,16540,18300,12800,15090,13310,20600,36030,42020,64930,77780,86810,136310,116430,91620,82790,75880,65430,71980,66580,40300,45160,55430,36620,,
NPL,NPL1101,CTCT,new_plymouth,Gas&Oil,Thrml,1999-09-03,20880,20990,20960,20940,21070,21000,21000,20990,20960,21040,20980,20950,20950,20870,20950,20970,20860,20950,21010,20870,20980,21010,21000,21060,20970,20960,34440,42480,42700,42860,42900,42850,42940,42820,52360,55850,56050,56150,56080,56170,56200,56220,56210,56240,56240,56270,56230,56260,,
NPL,NPL2201,CTCT,new_plymouth,Gas&Oil,Thrml,1999-09-03,40960,41190,41170,41300,41280,41230,41190,41170,41110,40900,41420,41150,40970,41040,40990,41060,41260,41020,41180,41100,41110,41100,41080,41220,41180,41130,54410,59190,60320,60980,60530,60740,60350,61310,96420,114920,115410,114690,113420,117090,113500,113680,114140,114230,114060,114230,114180,114160,,
OHA,OHA2201,MERI,ohau_a,Hydro,Hydro,1999-09-03,51190,32950,24970,14830,13600,13210,12730,13350,13390,13900,14440,21520,46210,63920,71260,88210,85560,88450,87330,82430,82160,82720,55850,53560,52550,54760,62470,62350,62510,62130,63010,62890,63820,63140,62020,64160,85210,97330,97570,97680,98560,97400,87470,74930,74610,59430,77660,63600,,
OHB,OHB2201,MERI,ohau_b,Hydro,Hydro,1999-09-03,56130,26670,21010,9700,8950,9230,13690,14190,14220,14650,13230,12410,28640,58120,67540,68240,85750,78150,68360,73700,67520,54360,49130,46650,45590,46520,45830,45660,45780,45460,46420,48240,49840,57450,57400,56270,64870,88780,89950,68120,54230,53280,52830,51040,51590,53890,69140,59660,,
OHC,OHC2201,MERI,ohau_c,Hydro,Hydro,1999-09-03,54620,24520,18790,12100,11530,11540,11900,12350,12340,12790,14190,15010,28350,56420,67720,68470,85780,78250,68650,73820,67640,54560,49300,46870,45750,46700,46030,45810,45930,45540,46600,46300,47530,57340,57590,56460,65190,87580,87830,67490,54510,53630,53140,51330,51840,53930,69020,59750,,
OHK,OHK2201,MRPL,ohakuri,Hydro,Hydro,1999-09-03,23840,17190,17830,11730,14470,18120,15970,10220,8140,10160,16530,19070,16470,15370,20310,49640,53570,53180,52060,33760,20600,18170,31680,39860,28730,22090,17490,18390,23500,21830,4550,4400,4440,14960,48060,52560,52890,52640,53530,48970,48810,39080,24580,21880,14240,0,0,0,,
OKI,OKI2201,CTCT,ohaaki,Geo,Geo,1999-09-03,22030,22450,22630,22460,22330,22060,22210,22250,22610,22600,22410,22170,22390,22800,22260,22520,22690,22620,22500,22390,22220,22740,22980,22850,22840,22790,22670,22640,22680,22700,22750,22760,22660,22620,22780,22790,22780,22860,22830,22830,22800,22920,22900,23050,23070,23100,23080,22950,,
OTA,OTA2202,CTCT,otahuhu_b,Gas,Thrml,1999-09-03,181210,181150,181240,181220,181240,181190,181210,181230,181220,181200,181200,181240,181240,181260,181210,181250,181200,182330,182310,182270,182300,182250,182240,182230,182260,179240,182540,182590,182550,182590,182620,182730,182710,147410,15410,0,0,0,0,0,0,0,0,0,0,0,0,0,,
OTA,OTA2221,CTCT,otahuhu_a,Gas,Thrml,1999-09-03,0,0,0,0,0,0,0,0,0,0,0,0,0,0,0,0,0,0,0,0,0,0,0,0,0,0,0,0,0,0,0,0,0,0,0,0,0,0,0,0,0,0,0,0,0,0,0,0,,
PPI,PPI2201,MRPL,poihipi,Geo,Geo,1999-09-03,850,890,890,880,880,880,880,880,890,880,840,730,650,1300,17580,18190,18100,17840,17760,17780,17790,17640,17630,17620,17650,17640,17620,17620,17610,17620,17630,17630,17640,17610,17610,17600,17590,17560,17580,17550,17540,17550,17580,17610,17630,17630,17650,16700,,
ROT,ROT1101,TRUS,wheao_flaxy,Hydro,Hydro,1999-09-03,4000,4006,4166,4968,4960,4966,4986,4942,4962,4980,4994,4950,4938,4936,4924,7512,8384,8352,8388,7334,5926,5134,5016,5036,4968,4996,4966,4974,4992,4942,5322,5476,5940,8480,9302,9016,9828,9478,9350,9382,8628,8342,7388,7436,7458,7418,7250,4830,,
ROX,ROX1101,CTCT,roxburgh,Hydro,Hydro,1999-09-03,0,0,0,0,0,0,0,0,0,0,0,0,0,0,0,0,0,0,0,0,16410,19040,18920,18990,18920,18950,35890,37320,21530,18790,18840,18850,18870,18870,18690,18830,18740,18840,18780,18820,18800,18700,18280,16630,0,0,0,0,,
ROX,ROX2201,CTCT,roxburgh,Hydro,Hydro,1999-09-03,39760,39650,39670,39710,39770,39600,38640,38640,38760,38540,39710,39700,38410,38530,38810,38620,38630,38710,57190,58060,56790,56820,56710,56910,56720,56730,41850,38830,55210,58110,57000,56910,57140,56930,56540,56720,56480,56780,56660,56570,56640,56470,55680,56140,56370,56810,56680,56650,,
RPO,RPO2201,GENE,rangipo,Hydro,Hydro,1999-09-03,36880,36880,36890,36880,36820,36900,36880,36890,36900,36880,36890,36880,36860,36870,36860,36860,36830,36830,36830,36820,36830,36820,36830,36820,36830,36820,36820,36820,36820,36820,36810,36810,36810,36820,36840,36820,36810,36800,36860,36830,36830,36740,36740,36740,36750,36750,36740,36750,,
SFD,SFD2201,CTCT,stratford,Gas,Thrml,1999-09-03,163220,162740,162130,144650,121370,94120,76250,75270,75280,75270,82470,147270,161640,162800,162680,162740,162610,162680,162680,162680,162670,162740,162680,162680,162680,162670,162680,162740,162740,162680,162740,162670,162680,162680,162740,162670,162680,162610,162740,162740,162680,162790,162740,162730,162740,162730,162680,162740,,
SWN,SWN2201,TRUS,southdown,Gas,Thrml,1999-09-03,61250,61150,61090,61180,61300,61300,61280,61230,61320,61300,61210,59820,58760,54940,53720,53830,51800,47420,45510,46190,49710,51350,52850,53920,53530,53510,53370,56770,55970,56200,56470,57460,52810,55080,56210,56860,57230,57290,57140,57120,57190,57380,57760,58140,57810,58390,58160,58630,,
TKA,TKA0111,MERI,tekapo_a,Hydro,Hydro,1999-09-03,7620,10890,11290,11330,10910,10860,10810,10890,10890,10960,11040,11080,10750,11090,11060,11220,10680,11100,11030,10870,10860,10950,11030,10970,10830,10950,10880,10840,10850,10820,10950,10890,11060,10920,10770,11230,11260,11090,11110,11130,11250,11140,11070,10880,10940,11070,10450,10850,,
TKB,TKB2201,MERI,tekapo_b,Hydro,Hydro,1999-09-03,41230,66550,72240,73330,73330,73460,73120,73500,73620,73950,74310,74670,73740,74930,74120,75630,72890,74450,75900,75210,74210,73870,74640,74240,73570,73950,73660,73350,73460,73180,73730,73850,74380,74120,73300,74550,75670,73440,73580,73470,74240,73830,73390,72130,72160,74160,73970,76050,,
TKU,TKU2201,GENE,tokaanu,Hydro,Hydro,1999-09-03,0,0,0,0,0,0,0,0,0,0,0,0,0,26300,52000,82990,85080,84680,84390,84440,84910,84050,84880,84760,84250,84100,74950,81180,61700,44170,31000,44560,54830,27380,27240,27440,27410,27440,27420,28150,28100,28260,28250,28070,28320,25660,0,0,,
TMU,TMU1101,GENE,te_awamutu,Gas,Cogen,1999-09-03,13910,14030,14050,14080,14100,14150,14180,14200,14220,14280,14350,14330,14370,14410,14330,14260,14140,14020,13910,13830,13720,13600,13530,13360,12730,12650,12590,12440,12400,12430,12490,12790,12900,12970,13120,13170,13290,13380,13480,13550,13610,13720,13790,13780,13820,13820,13910,13970,,
TUI,TUI1101,GENE,waikaremoana,Hydro,Hydro,1999-09-03,7260,7260,7270,7260,7270,7250,7260,7260,7250,7150,7140,7110,18690,20380,20110,20390,20170,20020,19200,19810,20170,19400,20310,20250,19720,17400,19440,18640,20220,19420,20500,21000,21080,21380,21120,20400,20980,20410,20280,20360,20290,20190,20260,20380,20040,7280,7320,7310,,
WHI,WHI2201,CTCT,whirinaki,Diesel,Thrml,1999-09-03,0,0,0,0,0,0,0,0,0,0,0,0,0,0,0,0,0,0,0,0,0,0,0,0,0,0,0,0,0,0,0,0,0,0,0,0,0,0,0,0,0,0,0,0,0,0,0,0,,
WKM,WKM2201,MRPL,whakamaru,Hydro,Hydro,1999-09-03,24870,22480,25250,24150,28720,26400,22600,21230,24970,24690,30930,35240,29940,18250,26370,38940,48210,48120,47360,39990,27580,24180,27740,36620,34130,32290,15710,5900,4790,3860,5130,5900,6100,21580,33810,46350,48990,48630,48600,48740,48760,48740,48850,48580,46580,44300,35320,32600,,
WKM,WKM2201,TUAR,mokai,Geo,Geo,1999-09-03,0,0,0,0,0,0,0,0,0,0,0,0,0,0,0,0,0,0,0,0,0,0,0,0,0,0,0,0,0,0,0,0,0,0,0,0,0,0,0,0,0,0,0,0,0,0,0,0,,
WPA,WPA2201,MRPL,waipapa,Hydro,Hydro,1999-09-03,16230,9770,8480,11910,11940,12000,12050,11870,11940,11950,11970,11970,17300,19070,22890,27230,28010,27920,23530,12690,12800,11760,16130,16590,12500,11930,9790,7730,8780,8180,8590,8190,8220,15140,25660,25890,27740,28010,28100,24550,23310,20070,20040,23210,18850,16290,20090,13120,,
WRK,WRK2201,CTCT,wairakei,Geo,Geo,1999-09-03,83680,83720,83720,83700,83750,83730,83760,83730,83760,83750,83740,83760,83650,83680,83650,83670,83840,83740,83640,83840,83940,83810,83940,84020,83870,83450,83810,83660,83780,83790,82970,81570,81540,81580,82760,83780,83760,83620,83410,83390,83360,83610,83760,83740,83680,83770,83680,83690,,
WTK,WTK0111,MERI,waitaki,Hydro,Hydro,1999-09-03,34640,34470,34450,34950,34780,34650,34470,34740,34700,34920,35110,35250,34410,35340,34790,35010,34130,35330,35210,34770,34660,34920,35190,35000,34630,34930,34720,34620,34660,34540,34880,34800,35180,34890,34450,35290,34960,34650,34290,32240,32610,32210,29610,28980,29170,30190,29910,30660,,
ANI,ANI0111,BOPE,aniwhenua,Hydro,Hydro,1999-09-04,6275,5312,5282,5292,5287,5292,5292,5297,5307,7011,10125,8342,7585,7938,10478,10524,11420,10579,10524,10488,10503,10504,10493,6633,6310,5337,5186,5191,5212,6789,9850,7719,6476,6885,12318,12449,12469,12403,12378,10650,10579,7908,7834,7840,7842,7852,6462,6239,,
ARA,ARA2201,MRPL,aratiatia,Hydro,Hydro,1999-09-04,19470,15560,13320,13440,13050,8450,4420,9730,9350,9430,9580,13230,14380,14340,14510,14340,14340,14430,22270,25530,24360,24350,24420,12150,11660,11860,12320,12220,12540,13040,15180,15590,26770,28310,28120,27920,27780,27450,25170,17150,27270,27770,27770,27790,27810,27840,27860,27890,,
ARG,ARG1101,TRUS,argyle_wairau,Hydro,Hydro,1999-09-04,0,0,0,0,0,0,0,0,0,0,0,0,0,3432,4811,4764,4840,4867,4893,4890,4908,4916,4973,896,10,0,0,0,0,0,0,0,0,0,4314,5195,5217,5255,5265,5281,5289,5287,5276,5276,5281,5281,5276,955,,
ARI,ARI1101,MRPL,arapuni,Hydro,Hydro,1999-09-04,46150,46090,46140,46200,46090,46000,45220,45470,45080,45150,45280,45090,45170,44960,45630,59610,66940,69830,69240,70910,70580,74730,74540,73820,73770,74230,71840,69580,60550,56300,57120,57000,60330,63540,64790,70660,71820,64170,64450,65460,65600,65250,65200,65540,65970,67360,64200,51280,,
ATI,ATI2201,MRPL,atiamuri,Hydro,Hydro,1999-09-04,840,860,890,1030,1000,5040,15730,12080,11200,11190,11210,2750,4080,13840,9100,15870,28500,37780,37490,37640,37660,37680,32900,32310,33920,34480,19650,10690,1090,0,0,0,12150,28380,30890,37760,37660,37650,37670,37530,33680,21630,15020,10040,7080,4460,3850,3780,,
AVI,AVI2201,MERI,aviemore,Hydro,Hydro,1999-09-04,85980,78180,68170,56320,52590,53180,54170,40540,40110,57270,57540,58210,58630,57420,57950,60390,57730,56050,60640,58000,56240,57600,55410,56120,51970,52210,54800,57850,53470,51800,49400,52450,55680,58010,55810,53300,58110,53540,54230,53550,51170,52490,53590,55600,53780,54020,53860,53820,,
BEN,BEN2202,MERI,benmore,Hydro,Hydro,1999-09-04,134530,118920,95630,94730,98110,94720,58910,54960,56170,54500,69310,114330,161040,203520,151890,186960,198420,193430,196970,195110,202330,181500,184150,188440,169850,145820,150180,150040,135330,127900,125040,129230,134950,137560,131620,124710,133770,130260,131970,129880,123540,127410,130400,130350,130800,131260,130420,110330,,
BWK,BWK1101,TRUS,waipori,Hydro,Hydro,1999-09-04,0,0,0,0,0,0,0,0,0,0,0,0,0,0,2631,4899,4875,4858,4846,4828,3429,286,0,0,0,0,0,0,0,0,0,0,0,0,1316,12328,13293,13299,13329,13329,13323,13334,13329,13340,7126,167,0,0,,
COB,COB0661,CTCT,cobb,Hydro,Hydro,1999-09-04,0,0,0,0,0,0,0,0,0,0,0,0,0,0,0,0,0,0,0,0,0,0,0,0,0,0,0,0,0,0,0,0,0,0,0,0,0,0,0,0,0,0,0,0,0,0,0,0,,
COL,COL0661,TRUS,coleridge,Hydro,Hydro,1999-09-04,12700,12800,12710,12700,12720,12720,12740,12750,12740,12720,12720,12740,12730,12710,12720,12750,12720,12690,12730,12740,12700,12710,12720,12730,12710,12660,12670,12710,12690,12720,12730,12680,12700,12700,12680,12650,12650,12660,12680,12680,12650,12430,12400,12420,12410,12420,12410,12420,,
CYD,CYD2201,CTCT,clyde,Hydro,Hydro,1999-09-04,1240,0,0,0,0,0,0,0,0,0,0,0,0,0,91620,104370,102960,102170,104710,103040,99650,101150,102380,102340,100080,99190,100310,101950,100870,102420,100470,100230,101340,101910,100720,96680,71810,100830,101340,100880,99560,96360,50530,50140,51110,51890,51820,51080,,
EDG,EDG0331,BOPE,edgecumbe,Gas,Cogen,1999-09-04,1296,1191,1202,1231,1273,1212,1138,1248,1423,1479,1389,1354,1253,1202,1203,1167,1146,1075,1042,1031,958,933,947,1023,1013,922,1131,991,898,1015,1047,1149,1275,1253,1483,1422,1483,1409,1571,1768,1726,1824,1835,1876,1915,1838,1829,1792,,
GLN,GLN0111,ALNT,glenbrook_kilns,Gas,Cogen,1999-09-04,17644,16333,17663,17644,17721,17912,17845,17778,17845,17769,17826,17855,17769,17788,17673,17549,18209,18161,18439,17472,18525,18352,17912,18793,18793,18726,18917,17692,17740,18668,18113,18879,19070,19156,19137,19022,19137,19242,19415,19443,19376,19309,19089,19108,18352,19300,19520,19376,,
HLY,HLY2201,GENE,huntly_1_4,Coal,Thrml,1999-09-04,243890,244240,244130,194560,168930,168360,168740,174080,164780,164640,169110,162950,165670,155830,172880,169980,168610,169690,164360,155970,144970,157130,162090,147010,142390,149740,167950,161380,202610,153370,163260,162620,172000,149360,167960,174390,207130,202800,166290,153510,156200,155780,136460,137990,131700,157620,157040,160630,,
HWA,HWA1101,TRUS,patea,Hydro,Hydro,1999-09-04,216,216,216,216,220,220,220,216,220,216,216,216,208,208,212,212,212,212,212,212,212,212,212,216,216,216,216,216,204,212,212,212,208,208,212,208,204,200,196,204,204,204,208,212,216,220,208,208,,
HWA,HWA1102,KIWI,whareroa,Gas,Cogen,1999-09-04,5828,5772,5268,5149,5084,5132,5020,4774,4660,4261,4165,4157,4421,4581,4604,4622,4300,4262,4092,3926,3957,3277,3198,3166,2901,2622,2302,2621,2590,3101,2718,2278,2414,2526,3357,3509,3742,3301,3589,3925,3861,5763,8896,9190,9102,8974,6594,4509,,
KAW,KAW0111,BOPE,kawerau_geo,Geo,Geo,1999-09-04,2419,2443,2417,2404,2417,2432,2448,2483,2484,2456,2470,2497,2512,2565,2566,2479,2460,2408,2308,2327,2232,2182,2134,2106,2103,2078,2057,2040,2063,2093,2087,2107,2126,2096,2218,2226,2250,2267,2307,2334,2401,2428,2432,2457,2433,2359,2423,2392,,
KIN,KIN0112,CHHE,kinleith,Wood,Cogen,1999-09-04,17323,17094,17156,17343,17498,17747,17518,17822,17348,17433,17428,17672,17907,17702,17812,17657,17024,15914,16580,17306,17468,18084,18465,17737,15710,14807,14842,16508,17348,15615,14349,15097,15954,16049,15757,16318,14419,12192,10828,11713,12436,13149,13469,13810,14613,14596,14055,15331,,
KPA,KPA1101,KAPE,kapuni,Gas,Cogen,1999-09-04,8402,8414,8456,8454,8452,8430,8452,8510,8602,8628,8670,8630,8896,8882,8940,8776,8718,8662,8660,8356,8434,8438,8446,8372,8162,8210,8296,8262,6370,0,3430,7946,8106,8004,8262,8426,8486,8558,8490,8428,8296,8258,8292,8482,8516,8564,8544,8564,,
KPO,KPO1101,MRPL,karapiro,Hydro,Hydro,1999-09-04,26910,26820,26860,28450,29330,29320,29260,29510,29200,29290,30910,31390,32420,36620,36660,37590,36560,37160,35590,38170,37250,36740,36100,37030,36940,36370,36960,36280,36680,36560,37870,36720,36160,36380,35930,36130,36970,33780,34490,34940,34980,34810,34820,35000,35310,36150,34670,34940,,
KUM,KUM0111,TRUS,Kumara,Hydro,Hydro,1999-09-04,0,0,0,0,0,0,0,0,0,0,0,0,0,0,0,0,0,0,0,0,0,0,0,0,0,0,0,0,0,0,0,0,0,0,0,0,0,0,0,0,0,0,0,64,1449,958,0,0,,
MAN,MAN2201,MERI,manapouri,Hydro,Hydro,1999-09-04,233520,236780,230170,228630,230400,231390,232450,232800,233510,227690,226150,226940,227670,226080,226460,229930,226610,223110,229660,226970,223540,226010,228490,230370,225580,222160,224930,229020,226410,230620,226720,224680,227000,229340,226160,221730,226620,225990,227160,226750,223190,224960,226310,226660,227420,227860,226950,226830,,
MAT,MAT1101,TRUS,matahina,Hydro,Hydro,1999-09-04,11030,10940,10960,10790,10860,11110,10570,10300,10220,10850,11020,10900,10490,11260,11040,10990,11250,11010,10120,10700,10690,11070,10840,11320,10990,10770,10260,10100,8750,8750,11020,10930,12010,17790,18030,18010,18420,17590,17100,17500,17650,17600,17580,17470,11490,11230,10450,10480,,
MHO,MHO0331,KING,mangahao,Hydro,Hydro,1999-09-04,0,0,0,0,0,0,0,0,0,0,0,0,0,10100,13210,13380,13340,13410,13200,13730,13680,13570,13480,13350,13260,13150,13040,12950,12820,12810,12660,12550,1080,0,0,0,0,0,0,0,0,0,0,0,0,0,0,0,,
MTI,MTI2201,MRPL,maraetai,Hydro,Hydro,1999-09-04,55180,20650,21950,49690,39090,44710,46120,27730,31110,31240,31430,31130,31450,31090,32420,53920,84160,80000,82580,85500,77360,55060,54250,70310,89780,83060,72760,56750,41300,43900,45410,33370,46640,61900,60940,79470,86500,136260,95600,74080,101040,65480,61100,63950,42490,27670,31850,22040,,
NPL,NPL1101,CTCT,new_plymouth,Gas&Oil,Thrml,1999-09-04,56280,56250,56250,56290,56280,56270,56290,56280,56290,56230,56260,56270,56270,56290,56270,56260,56220,56230,56210,56180,56190,56150,53660,50560,31570,24140,23580,23400,23470,23580,27720,27330,27490,27370,27500,27490,29690,30090,50880,55640,56000,56080,56080,56090,56130,56110,56120,56120,,
NPL,NPL2201,CTCT,new_plymouth,Gas&Oil,Thrml,1999-09-04,106600,105610,105550,105530,105510,105600,105660,105610,105700,105640,105670,105690,105680,105710,105710,105670,105700,105650,105720,105680,105760,105650,93960,66790,49730,46190,45990,46010,45930,46220,47200,45470,45920,45920,45640,46000,45900,45700,97950,113500,113780,113900,113940,113900,114150,114120,114170,114120,,
OHA,OHA2201,MERI,ohau_a,Hydro,Hydro,1999-09-04,59340,61110,57760,56650,43970,28960,29660,29900,30370,29270,28660,29140,34140,38400,36120,43120,47540,60450,65910,63680,60580,62330,57510,62650,67170,69290,51620,33880,21910,9490,59250,64280,38250,36200,43290,64490,117240,118920,108740,96420,62170,58240,54980,55340,55530,52820,75540,61730,,
OHB,OHB2201,MERI,ohau_b,Hydro,Hydro,1999-09-04,51830,45440,40040,39130,31160,22950,23700,23890,24380,20890,20210,20700,30610,35050,28180,27890,34440,46230,58550,63440,61570,58410,51720,53810,54060,41550,41720,42910,28230,17980,38750,41300,27010,34670,38280,59130,96830,97780,86060,75490,59040,46450,60560,47510,44140,39490,61450,59130,,
OHC,OHC2201,MERI,ohau_c,Hydro,Hydro,1999-09-04,51990,43270,37750,36950,28990,20350,21060,21340,21890,20580,19890,20540,28960,44790,28510,27760,34440,47100,58770,63440,61510,62890,52290,49170,51830,45150,46720,40070,23450,18480,40580,43160,28610,32790,39040,59500,94720,95630,83550,73320,58370,46600,62040,47650,44280,39720,61580,59350,,
OHK,OHK2201,MRPL,ohakuri,Hydro,Hydro,1999-09-04,9710,10500,8620,7200,13860,9710,10200,8920,8770,8830,9020,8960,11920,24810,21210,27650,46190,52560,53190,54730,54560,54530,52300,51880,49490,49600,38760,25090,740,0,2550,2800,16550,24320,35870,51770,53950,53560,45080,30930,28400,28460,21340,14400,3350,0,0,0,,
OKI,OKI2201,CTCT,ohaaki,Geo,Geo,1999-09-04,23030,22940,23090,23160,23080,22930,22840,22940,23180,23210,23270,23130,23050,23160,23170,23370,23310,23280,23090,23040,22880,22830,22840,22890,22870,22810,22720,22530,22460,22680,22760,22770,22750,22390,22420,22550,22800,22920,22830,22750,22560,22870,23010,22940,22980,22860,22870,22860,,
OTA,OTA2202,CTCT,otahuhu_b,Gas,Thrml,1999-09-04,0,0,0,0,0,0,0,0,0,0,0,0,0,0,0,0,0,0,0,0,0,0,0,0,0,0,3160,19250,71620,115870,0,0,0,0,0,0,0,0,0,0,0,0,0,0,0,0,0,0,,
OTA,OTA2221,CTCT,otahuhu_a,Gas,Thrml,1999-09-04,0,0,0,0,0,0,0,0,0,0,0,0,0,0,0,0,0,0,0,0,0,0,0,0,0,0,0,0,0,0,0,0,0,0,0,0,0,0,0,0,0,0,0,0,0,0,0,0,,
PPI,PPI2201,MRPL,poihipi,Geo,Geo,1999-09-04,870,870,840,850,870,870,840,840,840,840,790,660,640,1390,17710,18220,18080,17970,17830,17730,17710,17670,17600,17570,17560,17550,17540,17540,17540,17550,17610,17540,17510,17500,17500,17510,17510,17510,17520,17540,17540,17550,17540,17560,17550,17550,17560,16490,,
ROT,ROT1101,TRUS,wheao_flaxy,Hydro,Hydro,1999-09-04,4342,4470,4480,4502,4438,4516,4510,4478,4480,4526,4526,4472,5344,7911,7885,7942,8405,8401,7380,7382,7328,7412,7480,7428,7470,7406,7408,7416,7378,7496,7472,7540,7412,7424,7383,7485,7452,7408,7398,7466,7406,7418,7386,7420,7434,7442,7368,6540,,
ROX,ROX1101,CTCT,roxburgh,Hydro,Hydro,1999-09-04,0,0,0,0,0,0,0,0,0,0,0,0,0,0,0,0,0,0,0,0,0,0,15850,19760,19780,19830,19890,19830,19800,19880,19660,19810,19890,19900,19760,19530,14920,19720,19850,19780,19770,19870,19870,19740,19840,19850,19880,18690,,
ROX,ROX2201,CTCT,roxburgh,Hydro,Hydro,1999-09-04,40390,39740,39360,39560,39670,39470,39600,39510,39440,39570,39690,39660,39420,39500,39700,39580,39430,39870,39700,39510,57180,59420,59370,59240,59010,59560,59600,59390,59520,59590,58960,59670,59730,59470,59150,59150,45100,59230,59450,59310,59280,59460,57490,56180,39650,39560,39720,39690,,
RPO,RPO2201,GENE,rangipo,Hydro,Hydro,1999-09-04,36750,36760,36760,36760,36740,36760,36760,36760,36760,36760,36750,36770,37080,37240,37250,37240,37240,37240,37240,37250,37220,37240,37230,37230,37230,37230,37220,37230,37180,37370,37380,37210,37220,37220,37220,37230,37190,37190,37060,36960,36960,36030,35570,35570,35550,35640,36740,36670,,
SFD,SFD2201,CTCT,stratford,Gas,Thrml,1999-09-04,163170,162740,162680,162750,162720,162800,162740,162730,162730,162800,162720,162690,162730,162740,162680,162720,162750,162720,162760,162740,162730,162740,162730,162740,162740,162740,162740,162730,162680,162740,162740,161900,162670,162740,162800,162800,170530,172850,164810,162790,162740,162810,162800,162730,162790,162800,162720,162810,,
SWN,SWN2201,TRUS,southdown,Gas,Thrml,1999-09-04,58900,58680,58620,58900,58840,59240,59320,58880,58460,58210,56870,56310,53080,45820,32760,31070,31870,31500,31320,31600,31700,31670,31720,31720,31940,31740,31680,31430,39180,49230,55790,58940,58660,59110,59180,60630,60560,60030,60590,60590,62350,62990,62880,62490,62000,62160,61940,61300,,
TKA,TKA0111,MERI,tekapo_a,Hydro,Hydro,1999-09-04,10450,11030,10130,10080,10310,10380,10530,10570,10650,10430,10510,11430,11480,11300,11340,11400,10840,10590,11320,10850,10600,10830,11120,11360,10720,10440,10760,11230,10920,11370,10870,10770,11080,11240,10910,10510,11020,10950,11050,10950,10580,10780,10940,10950,10980,11020,10970,10970,,
TKB,TKB2201,MERI,tekapo_b,Hydro,Hydro,1999-09-04,76360,77490,74730,71760,72550,73500,74190,74700,75800,75580,74650,73740,74190,73140,72920,76210,73490,69630,73350,73370,69930,71040,72620,74750,73060,68780,70320,74970,75180,76710,75770,73040,74070,76610,75760,71860,73770,76530,76970,77040,75480,75530,76590,76820,76860,77120,76810,76770,,
TKU,TKU2201,GENE,tokaanu,Hydro,Hydro,1999-09-04,0,0,0,0,0,0,0,0,0,0,0,0,0,0,0,0,0,26170,27700,28090,27950,28280,28270,150,0,0,0,0,0,0,0,24910,28200,28170,51670,56120,83020,84420,84520,83990,55740,55880,54980,28010,27930,4830,0,0,,
TMU,TMU1101,GENE,te_awamutu,Gas,Cogen,1999-09-04,13980,14040,14120,14090,14100,14170,14200,14310,14380,14370,14370,14360,14450,14470,14450,14340,14200,14020,13850,13680,13460,13320,13270,13110,13060,13040,12960,12820,12870,12800,12780,12830,12870,12950,13010,13130,13270,13350,13410,13430,13520,13530,13590,13640,13680,13650,13650,13740,,
TUI,TUI1101,GENE,waikaremoana,Hydro,Hydro,1999-09-04,7320,7310,7360,6650,6580,6580,6570,6600,6550,6560,6560,6620,18380,20330,21270,20210,19620,20060,19590,20300,19940,20410,20360,19930,19840,20610,20850,20770,21120,20620,21720,20430,19710,20090,20300,20220,21230,19450,19900,19940,20030,19950,20030,20150,20360,8260,7200,7040,,
WHI,WHI2201,CTCT,whirinaki,Diesel,Thrml,1999-09-04,0,0,0,0,0,0,0,0,0,0,0,0,0,0,0,0,0,0,0,0,0,0,0,0,0,0,0,0,0,0,0,0,0,0,0,0,0,0,0,0,0,0,0,0,0,0,0,0,,
WKM,WKM2201,MRPL,whakamaru,Hydro,Hydro,1999-09-04,35670,36340,36250,26110,24140,24170,24090,21230,21140,21160,21350,21180,21250,21070,21640,26270,41450,48770,48270,48830,48370,30480,29440,47180,48310,49190,26940,22750,11780,10270,13260,13480,29640,37090,46500,48650,49310,48000,48100,48620,48770,48730,35950,36280,23500,16290,15390,15050,,
WKM,WKM2201,TUAR,mokai,Geo,Geo,1999-09-04,0,0,0,0,0,0,0,0,0,0,0,0,0,0,0,0,0,0,0,0,0,0,0,0,0,0,0,0,0,0,0,0,0,0,0,0,0,0,0,0,0,0,0,0,0,0,0,0,,
WPA,WPA2201,MRPL,waipapa,Hydro,Hydro,1999-09-04,12440,8160,8130,9760,16640,13920,13840,13840,11220,7730,7800,15540,12430,9870,10260,15780,19380,22950,22200,24070,23340,20880,12180,20300,22310,22010,22180,20960,12970,12190,12060,12790,13250,17090,18440,20950,23650,27100,28130,27130,25860,25530,17670,17690,13470,8090,7550,8360,,
WRK,WRK2201,CTCT,wairakei,Geo,Geo,1999-09-04,83690,83640,83680,83680,83730,83750,83780,83780,83790,83830,83840,83840,83840,83890,84150,84210,84270,84210,84130,84080,83910,83900,83800,83740,83770,83850,83890,83790,83730,83580,83460,83470,83780,83890,83950,83890,83940,83630,83590,83560,83620,83550,83640,83660,83630,83830,83730,83780,,
WTK,WTK0111,MERI,waitaki,Hydro,Hydro,1999-09-04,27490,29090,26570,26340,27030,27240,27640,27770,28030,27420,27060,27380,27550,27000,26270,25850,24670,23870,26040,25370,26390,27070,27950,28660,26780,25880,27140,30750,29830,31110,28110,26900,27850,28300,27350,26140,29530,29960,30220,29940,28840,29410,29930,29960,30020,30130,29970,29980,,
ANI,ANI0111,BOPE,aniwhenua,Hydro,Hydro,1999-09-05,6252,5295,5272,5272,5276,5280,5279,5282,5338,8479,10587,7449,7384,7378,10403,10463,11486,10604,10569,10569,10564,10553,10544,6592,6285,5358,5337,5312,5328,5337,5320,6264,6303,6335,11864,12449,12434,12393,12358,10630,10558,8097,8037,8033,8024,8041,6444,6260,,
ARA,ARA2201,MRPL,aratiatia,Hydro,Hydro,1999-09-05,27890,27930,27980,28000,28020,28030,28050,18920,17300,17480,25470,27560,27510,18670,17860,17730,17910,17920,17580,14870,14430,14340,14540,12240,10000,9680,10480,9850,9420,9690,9860,14360,14420,14420,15380,24930,28290,28060,27860,27650,18220,17320,17260,17330,17380,17830,17920,23660,,
ARG,ARG1101,TRUS,argyle_wairau,Hydro,Hydro,1999-09-05,10,0,0,0,0,0,0,0,0,0,0,0,0,3334,4753,4720,4810,4853,4902,4913,4959,4911,4868,921,12,0,0,0,0,0,0,0,0,0,4004,4683,4753,4835,4884,4898,4922,4940,4959,4876,4856,4861,922,9,,
ARI,ARI1101,MRPL,arapuni,Hydro,Hydro,1999-09-05,54890,52670,52980,52330,53300,53240,52160,48940,40950,40810,40890,39970,40910,40700,41560,44790,45910,46040,44660,46450,48820,47970,48090,39000,38560,38210,39350,38200,37610,38280,38300,38090,37700,37480,38160,43590,53300,65230,69420,69100,69060,63030,55670,55790,53370,47180,46760,43060,,
ATI,ATI2201,MRPL,atiamuri,Hydro,Hydro,1999-09-05,14530,18590,18670,18160,6700,910,660,750,950,920,910,620,670,540,490,370,780,8130,9210,5540,4590,4470,4600,7420,12700,18720,12000,13680,13430,13690,13630,10710,11400,13270,19650,26700,32620,37680,32710,29220,22550,15220,7210,4030,3960,4310,7300,3160,,
AVI,AVI2201,MERI,aviemore,Hydro,Hydro,1999-09-05,38170,26960,26640,26250,26560,26810,26710,26990,26800,26770,27060,26950,27400,27120,23770,46650,59130,57450,57190,58800,58520,57870,58240,60520,58540,57370,49990,50670,53150,51150,49270,49590,55570,56530,49110,59420,57340,59240,58500,58210,57990,57880,58320,57830,57580,58320,58220,59290,,
BEN,BEN2202,MERI,benmore,Hydro,Hydro,1999-09-05,68100,5710,2860,0,2790,4150,4160,5950,5300,4600,5990,41850,63310,103920,104260,132320,189570,193960,193800,200360,199590,196690,199680,186480,172490,151450,125390,123470,121560,116110,107510,107190,103920,99260,100930,131200,171740,160880,162770,161050,160060,159630,161850,159290,157830,159030,158670,156490,,
BWK,BWK1101,TRUS,waipori,Hydro,Hydro,1999-09-05,0,0,0,0,0,0,0,0,0,0,0,0,0,6,0,0,0,0,0,0,0,0,0,0,0,0,0,0,0,0,0,0,0,1274,12644,13168,13186,13162,13180,13180,13186,13174,13192,13192,4215,0,0,0,,
COB,COB0661,CTCT,cobb,Hydro,Hydro,1999-09-05,0,0,0,0,0,0,0,0,0,0,0,0,0,0,0,0,0,0,0,0,0,0,0,0,0,0,0,0,0,0,0,0,0,0,0,0,0,0,0,0,0,0,0,0,0,0,0,0,,
COL,COL0661,TRUS,coleridge,Hydro,Hydro,1999-09-05,12430,12450,12420,12410,12410,12400,12410,12420,12410,12400,12410,12400,12440,12420,12390,12430,12430,12400,12400,12420,12410,12410,12400,12450,12430,12410,12420,12440,12420,12430,12430,12440,12420,12340,12360,12470,12410,12450,12460,12440,12430,12410,12390,12400,12390,12390,12410,12410,,
CYD,CYD2201,CTCT,clyde,Hydro,Hydro,1999-09-05,1540,0,0,0,0,0,0,0,0,0,0,0,0,0,86000,103040,102550,100860,100810,102190,101930,101390,101670,103590,101460,100850,102120,102120,101480,101400,102140,102600,101260,100280,102320,102680,72510,72810,73000,106110,106040,105880,104860,104440,101980,54810,54730,52360,,
EDG,EDG0331,BOPE,edgecumbe,Gas,Cogen,1999-09-05,1553,1468,1490,1392,1290,1266,1290,1335,1348,1294,1256,1200,1221,1215,1265,1197,1171,1176,1351,1214,1182,1214,1149,1204,1260,1218,1147,1216,1023,972,1017,1025,1126,1167,1030,1057,1040,1139,1184,1209,1048,1130,1145,1248,1370,1335,1353,1384,,
GLN,GLN0111,ALNT,glenbrook_kilns,Gas,Cogen,1999-09-05,19587,19740,20008,19711,19032,18630,19252,19568,19405,19261,19376,19501,19472,19386,19491,19615,19529,19845,19922,19950,19759,18362,19147,21032,22381,22132,21950,20984,21357,23280,23443,23969,23940,23634,23606,22811,22170,22878,23079,21788,21874,22496,22850,23280,23299,21261,22878,23625,,
HLY,HLY2201,GENE,huntly_1_4,Coal,Thrml,1999-09-05,166840,167200,166910,167170,167370,167460,167250,167510,167540,167600,167590,167560,167530,167190,167400,167160,167430,167530,168120,167730,167460,167470,167200,166750,165780,157860,177940,164930,169610,181560,185020,183210,177190,160930,179320,176180,174690,174620,180320,168840,166840,167180,166620,166950,165920,159170,155870,157660,,
HWA,HWA1101,TRUS,patea,Hydro,Hydro,1999-09-05,212,212,212,212,212,216,212,208,216,212,216,212,212,208,208,208,208,212,208,208,208,212,212,216,212,214,214,216,208,212,208,208,204,204,200,204,200,200,204,204,200,204,200,200,204,208,204,204,,
HWA,HWA1102,KIWI,whareroa,Gas,Cogen,1999-09-05,4644,4765,4884,4564,4524,4805,4612,4620,4708,4780,4628,4453,4589,4436,3965,3876,4029,4372,4405,3748,3854,4380,4132,4452,4533,4005,4268,4629,4252,3742,3588,3390,3684,3494,3076,3110,2941,3077,3149,3093,2741,2868,2598,2636,2973,2989,2892,2910,,
KAW,KAW0111,BOPE,kawerau_geo,Geo,Geo,1999-09-05,2367,2369,2341,2337,2342,2325,2346,2333,2337,2375,2431,2383,2395,2422,2334,2311,2322,2340,2291,2226,2241,2246,2231,2202,2207,2189,2125,2103,2128,2114,2128,2143,2138,2156,2178,2221,2259,2301,2294,2309,2291,2300,2286,2277,2279,2311,2294,2333,,
KIN,KIN0112,CHHE,kinleith,Wood,Cogen,1999-09-05,15077,14972,15690,15620,15431,15381,15206,16904,17181,16538,16677,16321,17184,16705,16398,17288,17104,17637,18555,17420,17258,18525,17498,17383,18787,17565,17019,15835,16485,16126,16835,17752,17672,17208,17847,17144,17403,17238,17812,17592,18221,18577,17470,17064,17199,16994,17161,18468,,
KPA,KPA1101,KAPE,kapuni,Gas,Cogen,1999-09-05,8594,8622,8342,8338,8430,8484,8518,8390,8176,8186,8166,8154,8168,8142,8178,8102,8000,7992,7954,7912,7844,7734,7922,7888,7854,7834,7914,7980,7918,8000,8036,7992,8044,8080,8098,8114,8210,8238,8430,8320,8380,8348,8434,8440,8478,8462,8388,8364,,
KPO,KPO1101,MRPL,karapiro,Hydro,Hydro,1999-09-05,38080,36390,36520,36110,36670,36610,35980,36180,36680,36560,36560,35230,29560,29430,30370,29900,29770,29470,28820,29630,29010,26960,27440,27750,27360,27130,27900,27090,26920,27820,27800,27710,27440,27280,27620,27550,28620,29210,29270,29090,28640,29280,31240,31370,31080,32330,31950,29640,,
KUM,KUM0111,TRUS,Kumara,Hydro,Hydro,1999-09-05,0,0,0,0,0,0,0,0,0,0,0,0,0,0,0,0,0,0,0,0,0,0,0,0,0,0,0,0,0,0,0,0,0,0,0,0,0,0,0,0,0,0,0,68,1454,965,0,0,,
MAN,MAN2201,MERI,manapouri,Hydro,Hydro,1999-09-05,228160,228610,220180,224910,226330,226000,226250,227440,226540,225460,226870,226230,227890,226520,224320,229250,228020,224470,224060,227520,227410,226260,226440,231800,227050,224790,227990,228450,226560,226340,227870,229080,226570,223060,227370,231680,224620,228590,226870,226310,225910,225620,226630,225800,225210,226770,226780,227960,,
MAT,MAT1101,TRUS,matahina,Hydro,Hydro,1999-09-05,11390,10730,10950,10750,11090,10760,10200,10400,10670,10630,10660,10630,10870,10620,10520,10800,11110,10850,10670,11010,10670,10430,10840,9960,10230,10690,10830,10790,10690,10800,10800,10820,10840,18090,17880,17580,17560,17760,17760,17700,17700,17490,17340,17180,10790,10820,10260,10330,,
MHO,MHO0331,KING,mangahao,Hydro,Hydro,1999-09-05,0,0,0,0,0,0,0,0,0,0,0,0,0,0,0,0,0,0,0,0,0,0,0,0,0,0,0,0,0,0,0,0,0,0,0,0,0,0,0,0,0,0,0,0,0,0,0,0,,
MTI,MTI2201,MRPL,maraetai,Hydro,Hydro,1999-09-05,90910,73420,77630,58170,41650,44380,32040,19070,18030,19520,25480,16870,27760,31340,26680,23010,23440,55110,44720,29860,31160,21890,22550,34080,21770,20450,21240,20480,20130,20560,20560,20500,20220,20100,22260,22500,84550,98330,77560,69940,69760,52960,40900,35390,17320,21540,30670,15510,,
NPL,NPL1101,CTCT,new_plymouth,Gas&Oil,Thrml,1999-09-05,56120,56120,56160,56180,56210,56240,56220,56170,56190,56180,56190,56170,56180,56190,56180,56190,56150,56170,56140,56110,56130,56070,56080,56050,56040,56010,55930,56130,56310,56250,56270,56330,56270,56310,56310,56270,56290,56270,56260,56320,56290,56300,56260,56270,56290,56260,56290,56300,,
NPL,NPL2201,CTCT,new_plymouth,Gas&Oil,Thrml,1999-09-05,114130,114170,114140,114180,114190,114190,114190,114130,114150,114170,114140,114170,114200,114190,114210,114170,114170,114180,114190,114210,114170,114180,114220,114200,114160,114210,113740,113790,113680,113640,113670,113710,113780,113770,113780,113710,113790,113780,113750,113810,113780,113690,113730,113710,113670,113670,113630,113660,,
OHA,OHA2201,MERI,ohau_a,Hydro,Hydro,1999-09-05,62800,63110,53570,54160,55690,55890,31770,32860,32250,31730,32800,32490,33850,41000,31790,31670,30750,40270,51100,72730,67250,49730,49220,53680,49330,53260,54760,37020,31250,26730,27300,28360,46150,78500,71040,73760,106000,114790,111090,83360,82910,82610,73190,58060,50470,37750,72800,55840,,
OHB,OHB2201,MERI,ohau_b,Hydro,Hydro,1999-09-05,59820,56490,32290,21140,22460,22810,36650,37470,37080,36780,37360,35430,39490,44220,11000,13810,22350,39170,53740,56500,49040,48560,36030,29870,37840,42240,49210,37280,24430,20450,22100,31040,46690,60560,58780,60810,85740,89390,87210,77360,67490,60310,54150,45040,35960,35740,39730,32120,,
OHC,OHC2201,MERI,ohau_c,Hydro,Hydro,1999-09-05,60030,56510,32300,21250,22730,23010,36950,37620,37220,36880,37590,35510,39660,44230,11290,12210,21260,39470,54070,56830,49320,48280,35550,29970,37990,42320,49380,37490,25720,16580,16780,34280,48040,60820,59070,61230,85280,86060,87450,77660,67770,60420,54250,44930,36520,36090,39950,32270,,
OHK,OHK2201,MRPL,ohakuri,Hydro,Hydro,1999-09-05,13910,25620,26310,25600,8020,0,0,0,0,0,0,0,0,0,1490,9550,16190,25100,26640,18230,16210,15800,16050,17860,19800,24130,20570,20520,17150,17630,17680,15160,14670,14740,26400,46050,53640,54510,47380,41690,30980,16380,5710,0,0,0,7060,1430,,
OKI,OKI2201,CTCT,ohaaki,Geo,Geo,1999-09-05,22890,22860,22910,23110,23160,23080,23000,22920,22840,22880,23120,23200,23190,23040,23030,23130,22980,23080,23230,23060,22820,22850,22850,22820,22810,22920,23170,22770,22580,22490,22610,22710,22860,22820,22730,22550,22540,22820,23060,23080,23020,22880,22710,22910,22920,23100,23080,22960,,
OTA,OTA2202,CTCT,otahuhu_b,Gas,Thrml,1999-09-05,0,0,0,0,0,0,0,0,0,0,0,0,0,0,0,0,0,0,0,0,0,0,0,0,0,0,0,0,0,0,0,0,0,0,0,0,0,0,0,0,0,0,0,0,0,0,0,0,,
OTA,OTA2221,CTCT,otahuhu_a,Gas,Thrml,1999-09-05,0,0,0,0,0,0,0,0,0,0,0,0,0,0,0,0,0,0,0,0,0,0,0,0,0,0,0,0,0,0,0,0,0,0,0,0,0,0,0,0,0,0,0,0,0,0,0,0,,
PPI,PPI2201,MRPL,poihipi,Geo,Geo,1999-09-05,0,0,0,0,0,0,0,0,0,0,0,3070,10490,13000,18180,18020,17920,17870,17740,17680,17650,17630,17620,17630,17640,17610,17590,17570,17570,17600,17590,17580,17530,17530,17520,17670,17660,17660,17700,17640,17630,17580,17610,17630,17640,17630,17630,16580,,
ROT,ROT1101,TRUS,wheao_flaxy,Hydro,Hydro,1999-09-05,4464,4516,4448,4450,4424,4459,4493,4406,4540,4538,4540,4480,4542,5253,8371,8372,8636,8876,8572,7872,7611,7445,7492,7447,7462,7425,7440,7410,7406,7438,7488,7494,7454,7440,7332,7394,7422,7410,7308,7384,7761,8388,8361,8344,8401,8435,7688,6010,,
ROX,ROX1101,CTCT,roxburgh,Hydro,Hydro,1999-09-05,10,0,0,0,0,0,0,0,0,0,0,0,0,0,0,0,0,0,0,0,0,0,0,0,0,0,0,0,0,0,0,0,0,0,0,0,0,0,0,0,0,0,0,0,0,0,0,0,,
ROX,ROX2201,CTCT,roxburgh,Hydro,Hydro,1999-09-05,39560,39590,39580,39630,39470,39680,39600,39630,39440,39730,39640,39520,39680,39600,39460,39620,39660,39730,39810,39660,57410,59280,59620,59340,59210,59480,59420,59440,59410,59350,59480,59400,59320,59530,59670,58790,39820,39470,41570,56180,56610,56800,56640,56620,56680,56760,56590,55360,,
RPO,RPO2201,GENE,rangipo,Hydro,Hydro,1999-09-05,35610,35600,35610,35620,35610,35620,35630,35610,35620,35620,35620,35630,35600,35610,35600,35610,35580,35590,35580,35570,35570,35570,35590,35570,35560,35590,35570,35580,35570,35580,35560,35580,35570,35570,35560,35540,35540,35560,35540,35560,35540,35550,35540,35540,35560,35790,35820,35820,,
SFD,SFD2201,CTCT,stratford,Gas,Thrml,1999-09-05,163290,162800,162790,162800,162490,138440,125450,138980,138980,126970,133560,161760,162800,162800,162800,162800,162800,162800,162790,162800,162800,162800,162800,162800,162740,162800,162740,162800,162740,162740,162800,162740,162800,162740,162810,162740,162740,172480,168340,162800,162810,162740,162800,162800,162800,162740,162800,162800,,
SWN,SWN2201,TRUS,southdown,Gas,Thrml,1999-09-05,61370,61490,61370,61080,60800,61230,61510,61090,61630,61700,61550,61610,60770,59520,59120,59040,58680,58410,58120,59690,59540,59090,59870,60680,61740,62180,62140,62480,62470,62530,62700,62760,62780,62750,62790,62900,62900,62950,63040,63080,63020,63070,63160,63090,63110,63170,63330,63280,,
TKA,TKA0111,MERI,tekapo_a,Hydro,Hydro,1999-09-05,11020,11080,10910,10700,10850,10920,10880,10990,10910,10850,10990,10930,11140,10980,10730,11260,11100,10640,10620,11000,10960,10800,10880,11440,10850,10640,11030,11050,10840,10820,11020,11150,10800,10490,11050,11430,10710,11130,10960,10900,10840,10820,10920,10350,10240,10420,10390,10550,,
TKB,TKB2201,MERI,tekapo_b,Hydro,Hydro,1999-09-05,77260,77430,76720,75550,76430,76530,76420,76880,76740,76420,76830,71990,71870,71300,69900,72420,72270,69690,68860,70990,71190,70320,70140,73740,72230,69200,74150,76570,75690,75370,76110,76840,76080,73060,74540,78460,74930,76790,76310,75860,75610,75380,75830,75590,74900,75710,75880,76200,,
TKU,TKU2201,GENE,tokaanu,Hydro,Hydro,1999-09-05,0,0,0,0,0,0,0,0,0,0,0,0,0,0,0,0,0,0,26480,55590,55910,55930,56590,56400,56110,28740,0,0,0,0,0,0,20370,52490,68770,84570,84770,84520,84730,84560,84560,84010,84310,55260,26530,0,0,0,,
TMU,TMU1101,GENE,te_awamutu,Gas,Cogen,1999-09-05,13790,13820,13820,13820,13830,13870,13930,13960,13980,13990,13980,14020,14050,14060,14100,14040,13970,13810,13620,13460,13290,13150,13110,13050,13070,12970,12860,12830,12820,12830,12940,12920,12970,12990,13090,13190,13300,13410,13470,13530,13550,13560,13600,13640,13660,13670,13670,13700,,
TUI,TUI1101,GENE,waikaremoana,Hydro,Hydro,1999-09-05,7760,7320,7420,7390,7350,7350,7330,7120,7190,7190,6470,6180,19810,20270,20150,19740,20220,20650,19980,20100,20410,20110,20310,20870,20600,20480,21010,19650,19400,19610,19970,20250,19790,20210,20220,20020,19900,20490,20420,20290,20280,19970,19680,19730,19180,7090,6850,6560,,
WHI,WHI2201,CTCT,whirinaki,Diesel,Thrml,1999-09-05,0,0,0,0,0,0,0,0,0,0,0,0,0,0,0,0,0,0,0,0,0,0,0,0,0,0,0,0,0,0,0,0,0,0,0,0,0,0,0,0,0,0,0,0,0,0,0,0,,
WKM,WKM2201,MRPL,whakamaru,Hydro,Hydro,1999-09-05,30060,45200,47740,45030,24520,24510,24250,16550,14990,14930,8930,6630,6950,6860,12940,15570,24580,28400,30340,17010,13040,12740,12850,9570,11480,11470,11590,11510,11470,11530,11540,11540,11520,11520,21010,37520,47700,48050,48070,47970,47970,47550,32690,23810,21130,12100,11940,9830,,
WKM,WKM2201,TUAR,mokai,Geo,Geo,1999-09-05,0,0,0,0,0,0,0,0,0,0,0,0,0,0,0,0,0,0,0,0,0,0,0,0,0,0,0,0,0,0,0,0,0,0,0,0,0,0,0,0,0,0,0,0,0,0,0,0,,
WPA,WPA2201,MRPL,waipapa,Hydro,Hydro,1999-09-05,17830,28000,28080,19510,14170,10480,13600,8910,8040,8000,8030,7730,8020,13110,10480,9490,9650,11890,13900,12040,11620,10490,9580,9730,5330,7380,7690,7430,7250,7430,7440,7440,7320,7290,8610,15070,22350,26280,26090,22330,22200,21730,20900,11300,7930,7840,7680,7500,,
WRK,WRK2201,CTCT,wairakei,Geo,Geo,1999-09-05,84000,83950,83980,83900,83840,83790,83660,83640,83700,83760,83710,83620,83670,83710,83820,83740,83950,83980,83950,84020,83950,83990,84030,84020,83990,83890,84060,83940,84000,84110,84130,84150,84080,83950,83950,83880,83890,83820,83850,83760,83760,83710,83670,83710,83660,83790,83800,83380,,
WTK,WTK0111,MERI,waitaki,Hydro,Hydro,1999-09-05,30150,30300,29810,29130,29650,29860,29740,30070,29830,29710,30030,29900,30420,30020,27780,28350,27920,26530,25510,25100,24960,24510,24710,26410,24650,23170,22700,22770,22160,22070,22700,23080,22030,21100,22790,23910,21750,23030,22560,22310,22170,22090,22380,22040,21850,22380,22300,22760,,
ANI,ANI0111,BOPE,aniwhenua,Hydro,Hydro,1999-09-06,6259,5282,5257,5252,5256,5257,5262,5262,5266,5267,6245,7837,8603,8125,10473,10478,11453,10665,10566,10574,10562,8051,7963,6472,6289,5358,5337,5323,5307,5191,5194,6342,8281,7989,10198,12482,12464,12453,12384,10664,10579,8130,8049,8038,8054,8039,6497,6269,,
ARA,ARA2201,MRPL,aratiatia,Hydro,Hydro,1999-09-06,28750,28700,28640,28640,28620,28600,28600,28600,28600,28580,28580,28600,28050,26390,25950,26640,27770,28570,28580,28590,28070,27870,28080,25560,25060,25090,27750,27860,27400,27890,28280,28450,28490,28530,28560,28630,28670,28680,28660,28630,28620,28630,28610,28580,28540,28530,28510,28480,,
ARG,ARG1101,TRUS,argyle_wairau,Hydro,Hydro,1999-09-06,0,0,0,0,0,0,0,0,0,0,0,0,0,3216,5208,5193,5181,5187,5234,5284,5298,5289,5276,5276,5277,963,10,0,0,0,0,0,0,0,4329,5240,5273,5277,5271,5274,5274,5274,5275,983,13,0,0,0,,
ARI,ARI1101,MRPL,arapuni,Hydro,Hydro,1999-09-06,38730,38540,40280,39850,39930,40090,36750,31240,31350,31130,31040,30560,31030,40270,53180,59580,59650,59260,57180,58360,58350,51080,51140,50940,50570,47820,47490,53600,61840,64490,64790,64610,66540,67450,67650,65790,69590,69140,67990,68750,61160,60270,60220,60290,60210,60220,60340,60550,,
ATI,ATI2201,MRPL,atiamuri,Hydro,Hydro,1999-09-06,5230,9490,9850,9810,9840,9860,9870,9850,9860,9850,11830,18180,22030,29470,36800,37160,37220,37320,37460,37600,37640,37640,37700,37720,36680,19180,10240,9690,15600,14130,16810,20230,24190,25690,26260,32800,35530,35930,35550,34280,23690,23380,20710,19440,4890,1450,400,5210,,
AVI,AVI2201,MERI,aviemore,Hydro,Hydro,1999-09-06,58550,58980,59400,59550,59060,58670,58590,59000,59090,59870,59080,62200,84140,84750,72080,81590,85420,85340,85630,84730,86020,86520,86180,85700,74960,73210,73190,73790,72130,68050,68750,68620,68530,67960,66280,71580,73060,72390,72770,74180,73230,73310,73380,73090,72770,73410,73770,73630,,
BEN,BEN2202,MERI,benmore,Hydro,Hydro,1999-09-06,150190,149760,149030,123590,84870,59600,55750,65680,63500,67610,69740,104320,118560,137460,97120,191420,209620,198580,171370,153220,118980,105020,103620,102550,101880,107900,123360,112280,104920,100130,98450,98330,106420,152070,163200,220910,231200,226680,213120,198090,192590,144570,149370,60750,50110,52080,53530,51940,,
BWK,BWK1101,TRUS,waipori,Hydro,Hydro,1999-09-06,0,0,0,0,0,0,0,0,0,0,0,0,0,2601,12453,13192,13168,13198,13174,13156,13180,5512,2137,1923,89,0,0,0,0,0,0,0,0,3000,12781,13340,13352,13346,13352,13358,13334,13346,13340,13364,13364,13400,13388,7310,,
COB,COB0661,CTCT,cobb,Hydro,Hydro,1999-09-06,0,0,0,0,0,0,0,0,0,0,0,0,0,0,0,0,0,13210,15900,15880,15900,15900,15900,15890,15870,15880,15880,15880,15860,15870,15880,15870,15870,15870,15870,15890,15860,15860,15870,15880,15870,15870,15870,15870,15850,15870,15880,15880,,
COL,COL0661,TRUS,coleridge,Hydro,Hydro,1999-09-06,12400,12410,12400,12410,12400,12410,12400,12410,12390,12400,12430,12420,12400,12390,12420,12430,12660,12640,12650,12650,12630,12630,12630,12630,12620,12630,12620,12630,12620,12620,12630,12620,12620,12620,12650,12660,12650,12660,12660,12690,12710,12680,12660,12660,12650,12660,12650,12650,,
CYD,CYD2201,CTCT,clyde,Hydro,Hydro,1999-09-06,140,0,0,0,0,0,0,0,0,0,0,0,0,0,90450,105950,105460,105340,105610,105170,106750,107070,108750,105590,107320,107350,107380,107640,107040,107320,107700,107610,107550,107330,107570,106180,107340,107000,107220,108020,107440,107200,57250,55240,55140,55330,55420,51960,,
EDG,EDG0331,BOPE,edgecumbe,Gas,Cogen,1999-09-06,1392,1294,1268,1315,1204,1156,1118,1118,1187,1151,1122,1111,1103,1230,1102,1189,1133,1101,1165,1369,1497,1524,1477,1495,1382,1231,1106,592,0,0,324,1273,1148,1128,1147,1101,1013,1129,1082,1049,1032,1090,1202,1150,1103,1081,1114,1214,,
GLN,GLN0111,ALNT,glenbrook_kilns,Gas,Cogen,1999-09-06,23606,23462,23539,23797,23682,23711,23711,23567,23558,23893,23644,23414,22725,23424,23318,23606,23873,23797,22811,22582,22333,21778,22419,22496,22409,21347,21022,21405,21357,22323,23118,23749,23194,23606,23271,22964,23739,23998,24304,24256,24821,24582,24763,23797,24419,25491,25270,26112,,
HLY,HLY2201,GENE,huntly_1_4,Coal,Thrml,1999-09-06,161140,161250,161580,159310,164860,164780,167980,168110,169440,171470,175080,172800,185120,190140,199150,206910,186980,162830,167890,166370,167150,166300,165810,166360,166430,166760,167160,168090,169480,166100,167160,167160,166940,166900,166820,175520,247350,280120,238720,207880,177530,169450,169830,169690,169240,169530,170040,169990,,
HWA,HWA1101,TRUS,patea,Hydro,Hydro,1999-09-06,204,204,216,212,212,216,216,212,216,212,216,208,7433,8935,8955,8967,8931,8963,8947,8931,8959,8943,8919,8915,8911,8935,8955,8971,8987,8999,8975,8999,8999,8963,8971,8971,8987,8971,8963,8979,8955,8967,1318,212,216,212,216,216,,
HWA,HWA1102,KIWI,whareroa,Gas,Cogen,1999-09-06,2908,3005,3285,3836,3485,3660,4268,4556,4460,4748,5268,5556,6314,8233,8768,9150,9112,8967,7721,7658,7489,7114,7290,7162,7250,7210,5220,4613,4693,4500,4814,4540,4589,4493,4476,4678,4604,4549,4533,4428,4301,4293,4181,4093,3941,3269,3221,3309,,
KAW,KAW0111,BOPE,kawerau_geo,Geo,Geo,1999-09-06,2389,2432,2465,2408,2394,2393,2418,2399,2431,2374,2371,2416,2370,2403,2360,2369,2350,2340,2294,2262,2243,2211,2171,2107,2073,2028,2015,2088,2122,2103,2064,2057,2077,2127,2178,2174,2200,2218,2214,2225,2214,2218,2221,2213,2226,2255,2234,2223,,
KIN,KIN0112,CHHE,kinleith,Wood,Cogen,1999-09-06,19131,18271,18555,18378,18994,18931,17986,16241,16249,15580,14369,14748,14932,15039,15463,15336,15002,15241,14566,14429,14035,14047,15361,16002,17872,17732,17009,17682,16942,16062,15351,13987,12434,13339,13638,12870,12788,12364,12292,13037,14596,14603,13885,14311,15847,17712,15810,17627,,
KPA,KPA1101,KAPE,kapuni,Gas,Cogen,1999-09-06,8304,8308,8332,8318,8288,8250,8122,8026,7984,7988,7954,8044,8020,8070,7970,7882,7874,7750,7688,7666,7618,7544,7534,7610,7602,7816,7796,7786,7800,7736,7774,7816,7842,7932,7990,8056,8008,7886,7958,7966,7992,7994,7934,8068,8070,8076,8062,7996,,
KPO,KPO1101,MRPL,karapiro,Hydro,Hydro,1999-09-06,29180,29040,30200,29700,29830,26530,26250,26140,26210,25950,25310,26950,26990,27400,26620,27520,27690,27590,27810,28320,28300,28140,26690,26100,26020,26160,25970,30480,35160,35340,36260,36270,36100,36100,36160,36250,35410,34320,33360,33890,33700,34000,34020,33940,33880,33870,33930,34150,,
KUM,KUM0111,TRUS,Kumara,Hydro,Hydro,1999-09-06,0,0,0,0,0,0,0,0,0,0,0,0,0,963,2993,3105,3144,3152,2562,1990,1910,1867,1867,1868,1868,1867,1867,1869,1867,1870,1882,1921,1920,1918,1920,1919,1917,1917,1917,1916,1916,1915,850,0,0,0,0,0,,
MAN,MAN2201,MERI,manapouri,Hydro,Hydro,1999-09-06,228060,227550,226930,226810,227220,227240,226760,227050,225870,227440,228460,227870,225180,225740,226440,228120,226710,226230,226560,225750,227330,228450,227850,227300,226850,227160,227730,227550,226570,227220,228560,228620,228080,227600,228000,228760,227220,226310,226630,228510,227130,227290,227090,227220,226720,227610,228400,227950,,
MAT,MAT1101,TRUS,matahina,Hydro,Hydro,1999-09-06,10860,11120,10890,10830,10830,10640,10570,11200,10790,10960,10670,10640,10880,10910,17640,18030,18020,17900,18000,17970,17810,17730,17690,17620,17570,17640,17550,17500,17520,17520,17560,17550,17510,17480,23270,25220,24580,22440,24000,25170,24620,24990,24640,16830,16470,10660,10920,10870,,
MHO,MHO0331,KING,mangahao,Hydro,Hydro,1999-09-06,0,0,0,0,0,0,0,0,0,0,0,0,0,8310,13760,13870,13800,13660,13550,13590,13520,13400,13300,13150,13030,12930,12810,12700,12620,12510,12380,12320,12250,12140,12080,11980,11900,11850,11770,11680,11640,11500,11500,11460,11310,1010,0,0,,
MTI,MTI2201,MRPL,maraetai,Hydro,Hydro,1999-09-06,40690,29060,26900,24590,19530,28210,30640,32630,37210,27100,33180,22070,20960,41500,96290,88790,88760,88300,92040,69050,55190,59390,44070,53640,50110,54900,71890,72570,71610,68670,84440,67770,92710,70230,73630,82000,81880,80830,79360,58170,78100,81890,96420,75610,70870,28610,23290,21310,,
NPL,NPL1101,CTCT,new_plymouth,Gas&Oil,Thrml,1999-09-06,56250,56250,56300,56250,56260,56290,56280,56280,56290,56310,56270,56300,56290,56320,56140,56280,56270,56230,56240,56220,56210,56190,56150,56100,56110,56100,56060,56040,55970,55990,55970,56130,56100,56140,56140,56150,56190,56200,56180,56220,56180,56200,56220,56170,56160,56120,56080,56020,,
NPL,NPL2201,CTCT,new_plymouth,Gas&Oil,Thrml,1999-09-06,113570,113640,113620,113580,113550,113470,113430,113480,113520,113560,113580,113570,113640,113680,114200,114240,114200,114200,114200,114220,114260,114170,114160,114160,114160,114170,114120,113930,113950,114040,113990,114040,114050,114130,114130,114100,114130,114150,114140,114180,114160,114150,114140,114110,114120,114080,114010,114010,,
OHA,OHA2201,MERI,ohau_a,Hydro,Hydro,1999-09-06,56260,35350,33370,19390,19940,20070,19450,10800,8900,10430,12210,15280,70040,96410,96480,97960,97530,96740,96570,96180,87550,89010,78840,76550,77840,86380,90070,90790,89560,86780,75060,87660,87930,87580,92740,93720,92600,91840,92080,93590,94880,95300,95040,95020,90700,60430,82270,65770,,
OHB,OHB2201,MERI,ohau_b,Hydro,Hydro,1999-09-06,50090,38300,15740,7620,8000,8090,7680,7930,6980,7640,10610,24940,57940,96620,77870,83950,91760,91420,87060,79080,68850,69710,67350,65950,65510,60620,58200,59130,57490,65780,58980,65790,68320,67840,74940,81290,87830,93980,94410,84970,77660,77600,77410,82150,54270,51510,69550,52910,,
OHC,OHC2201,MERI,ohau_c,Hydro,Hydro,1999-09-06,50300,36680,13740,5730,6030,6070,5660,5950,4830,6300,10600,25170,58620,97270,81410,84490,92120,91670,87590,79010,69070,69940,67600,66190,65740,60870,58410,59340,57700,63670,59160,65430,66100,65640,75150,81400,88060,94300,94670,93620,74500,72930,72820,79710,53120,50550,68370,50440,,
OHK,OHK2201,MRPL,ohakuri,Hydro,Hydro,1999-09-06,13470,14660,14920,14880,14890,14890,14090,12100,16160,25610,25330,26880,28850,44680,53090,54810,54730,54610,54510,54450,54360,54270,54130,54030,39930,20610,12550,11880,19040,15590,15920,25710,30890,30800,32270,53440,54270,54150,54030,44260,33980,44050,26830,28960,8520,6110,5130,0,,
OKI,OKI2201,CTCT,ohaaki,Geo,Geo,1999-09-06,22830,22950,22880,22910,23160,23160,23230,23050,22860,23040,22840,23090,23220,23200,23070,22850,22790,23050,23100,23210,23130,23020,22700,22960,22710,22670,22790,22840,22710,22480,22490,22510,22460,23230,23570,23370,23170,23100,23200,23360,23770,23780,23490,23300,23170,23410,23460,23650,,
OTA,OTA2202,CTCT,otahuhu_b,Gas,Thrml,1999-09-06,0,0,0,0,0,0,0,0,0,0,0,0,0,0,0,0,0,0,0,0,0,0,0,0,0,0,0,0,0,0,0,0,0,0,0,0,0,0,0,0,0,0,0,0,0,0,0,0,,
OTA,OTA2221,CTCT,otahuhu_a,Gas,Thrml,1999-09-06,0,0,0,0,0,0,0,0,0,0,0,0,0,0,0,0,0,0,0,0,0,0,0,0,0,0,0,0,0,0,0,0,0,0,0,0,0,0,0,0,0,0,0,0,0,0,0,0,,
PPI,PPI2201,MRPL,poihipi,Geo,Geo,1999-09-06,910,970,950,950,940,910,890,910,920,910,920,940,740,1340,17900,18260,18120,17980,17890,17860,17800,17790,17770,17730,17700,17670,17660,17670,17610,17590,17510,17500,17520,17540,17550,17550,17550,17560,17580,17600,17620,17630,17640,17630,17590,17550,17600,16270,,
ROT,ROT1101,TRUS,wheao_flaxy,Hydro,Hydro,1999-09-06,4426,4462,4487,4456,4458,4435,4384,4414,4462,4518,3930,3474,3654,7810,7902,7880,8358,9350,9811,9773,9612,7350,7362,7360,7364,7392,7358,7358,6436,4483,4531,4772,5382,8308,8352,8339,8383,8398,8333,8331,8444,8427,8405,8430,8410,8374,8384,8390,,
ROX,ROX1101,CTCT,roxburgh,Hydro,Hydro,1999-09-06,0,0,0,0,0,0,0,0,0,0,0,0,0,0,0,0,0,0,0,0,0,0,14470,15840,0,0,0,0,0,2470,16220,3990,0,0,0,0,0,0,0,0,0,0,0,0,0,0,0,0,,
ROX,ROX2201,CTCT,roxburgh,Hydro,Hydro,1999-09-06,39590,39510,39630,39580,39470,39600,39680,39590,39530,39730,39690,39600,39280,39740,38760,38500,38580,38620,38580,39710,56590,57010,56800,59260,73240,73030,73030,73130,72990,70800,57250,68740,73410,73130,73240,42010,73200,73190,73260,72790,73050,72810,72080,71930,72040,70700,55480,54620,,
RPO,RPO2201,GENE,rangipo,Hydro,Hydro,1999-09-06,35820,35830,35820,35830,35820,35840,35830,35820,35830,35830,35820,35840,35830,35660,34700,35250,35290,35300,35300,35280,35310,35300,35300,35290,35300,35300,35290,35290,35300,35290,35290,35300,35290,35310,35280,35270,35100,35010,35010,35020,35020,35070,35050,35060,35060,35060,35050,35050,,
SFD,SFD2201,CTCT,stratford,Gas,Thrml,1999-09-06,163290,162800,162740,162800,162800,162740,148000,125400,125390,132650,154030,162800,169860,176140,175890,173760,173700,173640,173700,173400,172540,172120,171870,171690,171330,171330,171210,171020,171030,170840,170840,170770,170910,171260,171400,171450,171510,171680,171690,171570,171510,174990,176010,175960,175950,176260,175880,167930,,
SWN,SWN2201,TRUS,southdown,Gas,Thrml,1999-09-06,62980,63280,62980,63020,62970,63100,63010,63140,63030,62850,62400,61990,61730,60270,59760,60870,61320,61170,60930,60680,60340,59960,60030,60180,60060,59930,59840,59820,60150,60610,60500,60560,60440,60160,60430,60470,60720,60960,61090,60960,61060,61020,60960,60990,61060,61070,61170,61110,,
TKA,TKA0111,MERI,tekapo_a,Hydro,Hydro,1999-09-06,10500,10840,10910,10890,10920,10940,10870,10910,10770,10990,11120,11010,10730,10850,10950,11080,10920,10890,10940,10810,10990,10110,10000,9930,9970,10400,10400,10490,10520,11180,10980,10670,10440,10390,10440,10530,10390,10290,10350,10580,10430,10440,10440,10380,10340,10420,10490,10480,,
TKB,TKB2201,MERI,tekapo_b,Hydro,Hydro,1999-09-06,75120,73600,68130,67820,67960,68060,67660,67920,70280,72540,73320,75490,75460,75290,75770,76790,76230,72970,71460,71330,71600,72000,71840,71700,71420,71520,71380,71650,71270,71310,71600,71750,71580,71470,71460,71930,71490,71210,71200,71830,71660,71570,71510,71330,70920,71250,71780,71450,,
TKU,TKU2201,GENE,tokaanu,Hydro,Hydro,1999-09-06,0,0,0,0,0,0,0,0,0,0,0,0,0,0,28480,53930,83180,84560,84650,85120,84960,84710,84700,84470,84150,84470,84110,60840,26690,26640,26750,49860,55750,84020,84830,84840,84270,84720,84230,84950,84340,55720,27960,27570,27540,27610,27490,26130,,
TMU,TMU1101,GENE,te_awamutu,Gas,Cogen,1999-09-06,13820,13860,13920,14000,14040,14020,14080,14130,14100,14040,14040,14000,14030,14080,14060,14010,13930,13850,13700,13460,13230,13060,12940,12920,12870,12750,12780,12740,12740,12730,12700,12720,12720,12720,12770,12900,13020,13040,13110,13160,13200,13190,13220,13240,13260,13230,13230,13240,,
TUI,TUI1101,GENE,waikaremoana,Hydro,Hydro,1999-09-06,6960,6720,7010,7150,7140,7150,7120,7110,7110,6970,6960,6840,6910,20200,19390,20230,19950,19800,20060,20240,19900,19960,19980,19720,20180,20060,20430,20120,20080,20090,19780,19830,19820,19710,19920,20210,20450,19800,19170,19360,19290,19390,19430,19440,19410,8690,6860,6890,,
WHI,WHI2201,CTCT,whirinaki,Diesel,Thrml,1999-09-06,0,0,0,0,0,0,0,0,0,0,0,0,0,0,0,0,0,0,0,0,0,0,0,0,0,0,0,0,0,0,0,0,0,0,0,0,0,0,0,0,0,0,0,0,0,0,0,0,,
WKM,WKM2201,MRPL,whakamaru,Hydro,Hydro,1999-09-06,9490,9520,10730,19990,24350,24370,24330,24260,24310,24160,25870,30990,30630,32790,46040,48920,48990,48870,49080,49480,49450,49330,49270,49130,48970,45050,27380,24750,35850,36960,37090,37010,40190,43660,43730,47380,47810,48050,47540,47780,47700,47870,47890,47800,26310,12780,10170,5880,,
WKM,WKM2201,TUAR,mokai,Geo,Geo,1999-09-06,0,0,0,0,0,0,0,0,0,0,0,0,0,0,0,0,0,0,0,0,0,0,0,0,0,0,0,0,0,0,0,0,0,0,0,0,0,0,0,0,0,0,0,0,0,0,0,0,,
WPA,WPA2201,MRPL,waipapa,Hydro,Hydro,1999-09-06,9520,8340,8060,7820,7870,7890,7890,14990,16510,8960,7870,7630,8960,15290,24170,26740,26580,25510,22260,22760,20370,17360,15500,13220,14190,16840,20210,20700,20030,19970,20070,20040,22640,24470,23430,22450,22350,22220,21720,21420,19100,21170,25820,26660,19920,12890,9140,6290,,
WRK,WRK2201,CTCT,wairakei,Geo,Geo,1999-09-06,82970,82910,83160,82980,83060,83250,83220,83320,83250,83250,83200,83040,83010,82970,82840,83000,82960,83020,83050,83120,82440,82220,83390,82440,83860,83850,83890,83740,83780,83800,83830,83830,83780,83710,83630,83530,83660,83570,83460,83550,83550,83580,83580,83550,83620,83530,83630,83640,,
WTK,WTK0111,MERI,waitaki,Hydro,Hydro,1999-09-06,22620,22510,22390,22270,22430,22460,22260,22380,21940,22610,22980,23590,24330,25730,27430,28100,29920,29790,29970,31320,32620,32910,33220,34910,34760,36320,37240,37550,36970,38080,40060,40030,39910,39720,39970,40260,39760,39400,39610,40420,39860,39880,39880,39690,39530,39850,40060,39990,,
ANI,ANI0111,BOPE,aniwhenua,Hydro,Hydro,1999-09-07,6280,5302,5192,5196,5221,5202,5221,5221,5202,5211,7157,10213,8251,7386,10413,10478,11436,10584,10541,10548,10537,8074,8008,6474,6255,5279,5257,5264,5269,5267,5297,7701,9093,7852,12030,12474,12449,12394,12348,10629,10569,8074,7943,7938,7928,7923,6456,6267,,
ARA,ARA2201,MRPL,aratiatia,Hydro,Hydro,1999-09-07,28440,28410,28380,28350,28320,28290,27520,22060,22430,25970,27830,28410,28380,28380,28430,28620,28270,28250,28280,28310,27800,27600,27910,27950,27440,27280,27640,27700,26830,24660,25160,22970,24100,25880,28170,28120,28100,28040,27920,27990,28020,27550,26660,26600,24300,23860,25730,26300,,
ARG,ARG1101,TRUS,argyle_wairau,Hydro,Hydro,1999-09-07,0,0,0,0,0,0,0,0,0,0,0,251,4807,4835,5270,5262,5261,5255,5247,5246,5243,5244,5244,5238,5240,5237,5237,5237,5231,5238,5234,4992,5222,5235,5237,5234,5231,5234,5232,5211,5192,5196,5249,5264,5280,5301,5273,5281,,
ARI,ARI1101,MRPL,arapuni,Hydro,Hydro,1999-09-07,60500,64700,64500,60400,61200,61050,61120,61020,61310,60960,61360,60930,60880,62170,68010,68880,68760,68330,67930,68990,68460,68470,60330,60330,60020,55810,54720,59910,60250,58740,59810,60600,69600,70070,70920,73030,73600,73130,72340,73160,73760,74210,73590,65010,62700,59470,62760,62660,,
ATI,ATI2201,MRPL,atiamuri,Hydro,Hydro,1999-09-07,4580,540,580,1470,1380,1360,1950,2630,1770,1620,1690,2950,10790,26920,34080,35460,35510,35490,35860,36050,35960,35530,31050,31230,29660,27890,24840,15930,15100,19330,21790,33970,37160,37010,36940,36890,37080,37020,36840,34180,30150,31400,25270,4690,1280,1420,3000,2980,,
AVI,AVI2201,MERI,aviemore,Hydro,Hydro,1999-09-07,74110,73190,72530,72440,54620,24370,24650,24990,24930,25390,25520,25100,25190,39260,53640,74060,80600,82140,84870,84140,85430,84040,85950,85770,58960,58390,49390,53200,44320,47620,48400,46070,55640,58100,80800,84370,85440,85340,85890,78320,43280,44020,43820,43890,43890,19860,5210,5320,,
BEN,BEN2202,MERI,benmore,Hydro,Hydro,1999-09-07,53490,51420,46320,24650,26520,24210,27190,29530,29160,30190,30760,27540,36760,101770,148890,198070,219500,215070,188840,151350,133850,124780,124270,122610,161760,162870,152790,192110,160610,158580,155920,156090,213850,229570,269570,247680,249630,252920,245580,245800,240740,189850,147870,144610,147120,105090,126790,115430,,
BWK,BWK1101,TRUS,waipori,Hydro,Hydro,1999-09-07,262,0,0,0,0,0,0,0,0,0,0,0,0,2774,12834,13311,13352,13340,13364,13370,13394,13471,13454,13454,6483,5245,11191,13477,13489,13495,13507,13501,13513,13507,13507,13513,13525,13525,13537,13537,13537,13525,13531,13501,13531,13519,13507,13585,,
COB,COB0661,CTCT,cobb,Hydro,Hydro,1999-09-07,15880,15870,15860,15860,15860,15840,15860,15880,15860,15880,15890,15860,15860,15870,15890,15880,15870,15860,15850,15870,15870,15880,15880,15860,15890,15870,15870,15860,15890,15880,15880,15870,15870,15870,15880,15870,15880,15870,15890,15890,15850,15880,15880,15890,15880,15880,15890,15900,,
COL,COL0661,TRUS,coleridge,Hydro,Hydro,1999-09-07,12650,12650,12640,12650,12650,12620,12620,12630,12630,12640,12630,12650,12660,12650,12630,12630,12630,12630,12620,12630,12630,12630,12630,12630,12570,12490,12480,12480,12490,12480,12490,12490,12490,13070,9280,10730,12530,12590,12630,12610,12590,12590,12590,12600,12600,12600,12610,12630,,
CYD,CYD2201,CTCT,clyde,Hydro,Hydro,1999-09-07,50,0,0,0,0,0,0,0,0,0,0,0,91420,100540,102390,110450,109390,106860,109170,155470,159650,159960,159930,158420,154910,154900,154770,154930,155870,139790,135740,158370,160080,159790,160620,159600,160480,160180,162620,160240,158950,159970,159780,158010,110190,110020,110070,91060,,
EDG,EDG0331,BOPE,edgecumbe,Gas,Cogen,1999-09-07,1256,1259,1323,1219,1140,1080,937,933,975,1124,978,1084,1019,1095,1103,1163,1113,1119,1232,1083,1077,1032,974,646,0,0,0,0,0,0,0,0,132,1151,1099,1141,1139,1236,1403,1349,1189,1237,1272,1206,1081,1039,1098,1006,,
GLN,GLN0111,ALNT,glenbrook_kilns,Gas,Cogen,1999-09-07,25892,25452,25146,25098,25156,25433,25309,25452,25778,25404,25433,25471,24869,24639,24773,24553,24897,25223,24237,24840,24773,24715,23950,24955,24869,24749,24701,23376,22620,22295,22429,22070,21965,22036,24122,24495,24878,25151,25227,25840,25959,25892,25605,25165,24543,24950,25060,25385,,
HLY,HLY2201,GENE,huntly_1_4,Coal,Thrml,1999-09-07,169850,170130,169850,169370,170090,170150,170040,170140,170040,170160,170130,169710,169330,170150,186890,204360,216490,178530,153250,158090,162790,166700,167390,166820,166510,166840,166780,167300,167180,166600,166580,166680,166720,166780,203290,236140,259390,248500,208960,209910,164800,171870,170390,174230,169230,169430,168800,168010,,
HWA,HWA1101,TRUS,patea,Hydro,Hydro,1999-09-07,212,212,212,216,216,216,216,216,220,216,212,212,7477,8891,8959,8927,8907,8899,8919,8947,8939,8939,8935,8935,8935,8935,8939,8935,8935,8931,8935,8927,8927,8919,8923,12614,13385,13381,13381,13417,13417,13421,13457,13449,13457,13461,13437,1718,,
HWA,HWA1102,KIWI,whareroa,Gas,Cogen,1999-09-07,3437,3382,3436,3270,3220,3342,3349,3173,3134,3148,2710,2733,2542,2557,2453,2774,2805,3157,3621,3453,3598,4172,4045,3725,3790,4324,4932,4652,4798,4860,4012,3934,3932,3662,3493,3261,3021,3181,3085,2973,3085,2877,2869,3013,2725,2941,3021,3428,,
KAW,KAW0111,BOPE,kawerau_geo,Geo,Geo,1999-09-07,2227,2237,2238,2235,2230,2230,2241,2210,2235,2207,2219,2214,2196,2178,2175,2134,2104,2128,2114,2077,2043,2026,2054,2015,2052,2058,2108,2156,2122,2142,2165,2115,2146,2152,2136,2119,2154,2209,2301,2259,2209,2277,2265,2243,2285,2335,2323,2298,,
KIN,KIN0112,CHHE,kinleith,Wood,Cogen,1999-09-07,16054,16820,16318,14254,16889,17435,17338,17403,17787,17124,16999,16089,16635,17468,16623,17199,16146,15456,16219,15284,16029,16782,16448,16747,15934,15982,16191,15845,15728,16151,15732,16608,15501,16126,16543,15842,16106,15157,15176,15127,16029,15630,15009,15521,15620,15820,15147,15388,,
KPA,KPA1101,KAPE,kapuni,Gas,Cogen,1999-09-07,8010,7950,7950,7958,8016,7768,7760,8048,7990,8076,7954,7934,7830,7878,7738,7702,7686,7776,7878,7926,8100,7938,7974,8056,8092,7914,7930,7972,8024,8020,8024,7922,7958,7988,8020,8096,8134,8132,8226,8254,8242,8248,8276,8180,8264,8348,8274,8302,,
KPO,KPO1101,MRPL,karapiro,Hydro,Hydro,1999-09-07,34120,34060,34210,33640,32340,32330,32430,31330,32760,32520,32870,32540,33030,34860,32680,33020,32980,32750,33680,34230,34130,34060,34010,33970,33710,33910,33710,33790,33690,33710,34860,33670,33330,33700,33740,33630,33880,33320,32550,33550,34090,34690,34170,35920,34610,33290,36930,36670,,
KUM,KUM0111,TRUS,Kumara,Hydro,Hydro,1999-09-07,0,0,0,0,0,0,0,0,0,0,0,0,0,888,2943,3071,3107,3112,2570,1989,1878,1878,1876,1873,1874,1874,1876,1876,1877,1879,1879,1879,1880,2827,3047,3107,3109,3113,3120,3128,3128,3125,2495,1856,0,0,0,0,,
MAN,MAN2201,MERI,manapouri,Hydro,Hydro,1999-09-07,229470,227990,227230,227130,227760,213530,227710,228630,228490,229070,229230,227770,227940,227950,228760,227950,227400,227100,225980,226150,227780,226940,227560,227300,228060,227480,225450,226660,228010,227490,227630,226820,227290,226050,228200,226500,227210,226800,227590,227350,225680,227230,226020,226570,226130,225280,227710,228010,,
MAT,MAT1101,TRUS,matahina,Hydro,Hydro,1999-09-07,10710,10680,10750,10700,10730,10690,10710,11040,10650,10560,10880,10740,10720,11320,21840,23720,24210,24890,24730,24480,24380,24370,24370,24320,23990,24200,23980,24080,23920,24230,25420,24670,24630,24770,24420,24500,24550,24260,23760,25200,24210,16370,16090,16430,16530,10980,11090,10780,,
MHO,MHO0331,KING,mangahao,Hydro,Hydro,1999-09-07,0,0,0,0,0,0,0,0,0,0,0,0,0,8670,13070,13240,13180,13030,12900,12760,12640,12510,12420,12330,12200,12120,11990,11880,11720,11660,11520,11480,11320,11290,11180,11000,10990,10870,10720,10660,10560,10560,10550,10510,10490,10490,10340,10320,,
MTI,MTI2201,MRPL,maraetai,Hydro,Hydro,1999-09-07,72790,51530,44640,57120,51290,40540,47660,29920,30990,36980,51750,60940,50890,54630,97870,93930,87900,87640,88870,86260,61640,46520,60900,67040,44720,44890,72400,31680,53710,63750,81880,95060,70290,94140,59300,82010,81210,80590,83070,53870,91170,100650,101370,77120,56940,42110,54440,45030,,
NPL,NPL1101,CTCT,new_plymouth,Gas&Oil,Thrml,1999-09-07,56000,55910,55890,55830,55820,55820,55820,55890,55970,56030,56080,56150,56170,56200,56180,56220,56140,56220,56200,56210,56180,56150,56100,56050,56010,55990,55950,55950,55990,56000,56060,56030,56080,56130,56170,56200,56200,56230,56240,56250,56220,56210,56220,56210,56220,56230,56200,56150,,
NPL,NPL2201,CTCT,new_plymouth,Gas&Oil,Thrml,1999-09-07,113990,113900,113820,113780,113780,113790,113820,113760,113890,113950,113980,114090,114090,114080,114070,114190,114210,114170,114210,114190,114220,114180,114180,114130,114080,114090,114060,114100,114150,114100,114130,114150,114200,114170,114210,114230,114170,114190,114190,114180,114230,114100,114160,114200,114140,114100,114020,113490,,
OHA,OHA2201,MERI,ohau_a,Hydro,Hydro,1999-09-07,75070,58960,44730,32520,30590,23450,24470,25850,25740,26190,26670,66810,75240,86970,74620,83440,85470,78440,78220,54280,50870,48780,49060,51790,73820,72950,50040,48320,49630,48830,48970,48490,48750,47980,55600,86810,88400,92820,93150,92980,77870,51450,51000,51090,51030,39890,41430,44790,,
OHB,OHB2201,MERI,ohau_b,Hydro,Hydro,1999-09-07,64020,44520,28130,19390,11730,20620,20650,25060,26080,26420,26650,26640,45110,63530,66750,72180,70790,69020,63340,47640,41720,36560,36750,37100,50510,48530,43460,43570,44590,43970,44070,43710,43910,45330,46820,61550,73380,75970,73890,65590,66420,62330,51670,43920,43880,35310,34670,34240,,
OHC,OHC2201,MERI,ohau_c,Hydro,Hydro,1999-09-07,62340,45670,30580,18980,10610,27550,29380,26840,25670,26110,26310,26440,45380,63830,67170,72540,70200,66140,63500,47440,40950,34410,34520,35010,51240,48730,43680,43760,44760,44150,44240,43870,44070,43440,44600,61620,76000,70890,74170,63640,63930,62550,51650,44040,44060,35280,34790,34370,,
OHK,OHK2201,MRPL,ohakuri,Hydro,Hydro,1999-09-07,0,0,0,0,0,0,0,0,0,0,4820,18480,30600,51900,51380,51970,52090,51750,52230,47490,40850,48710,52390,52340,44230,28220,37760,39320,39160,39160,39590,47770,49870,50140,49920,53640,53890,53730,53500,50500,42860,32080,7470,7770,8070,8080,5220,2820,,
OKI,OKI2201,CTCT,ohaaki,Geo,Geo,1999-09-07,23530,23290,23400,23240,23230,23350,23560,23460,23440,23230,23180,23110,23230,23620,23550,23300,22980,22930,23440,23260,23160,23590,23280,22380,22680,23130,23110,23170,23110,22360,22470,22690,22850,22930,23250,23400,23270,23140,23090,23030,23140,23620,23530,23530,23200,23250,23280,23650,,
OTA,OTA2202,CTCT,otahuhu_b,Gas,Thrml,1999-09-07,0,0,0,0,0,0,0,0,0,0,0,0,0,0,0,0,0,0,0,0,0,0,0,0,0,0,0,0,0,0,0,0,0,0,0,0,0,0,0,0,0,0,0,0,0,0,0,0,,
OTA,OTA2221,CTCT,otahuhu_a,Gas,Thrml,1999-09-07,0,0,0,0,0,0,0,0,0,0,0,0,0,0,0,0,0,0,0,0,0,0,0,0,0,0,0,0,0,0,0,0,0,0,0,0,0,0,0,0,0,0,0,0,0,0,0,0,,
PPI,PPI2201,MRPL,poihipi,Geo,Geo,1999-09-07,610,800,850,870,870,880,870,870,870,860,630,610,540,1160,16690,18020,17980,17780,17600,17550,17540,17510,17490,17440,17420,17420,17420,17420,17420,17420,17370,17350,17380,17380,17390,17380,17390,17410,17440,17420,17460,17510,17560,17610,17610,17590,17590,16450,,
ROT,ROT1101,TRUS,wheao_flaxy,Hydro,Hydro,1999-09-07,4430,3508,3486,3470,3468,3466,3488,3492,3538,3506,3476,3842,3982,3994,5324,7562,8314,8584,9388,8882,8424,8332,8426,8382,7476,7458,7418,7420,7344,7424,7479,7489,7473,7385,7484,7466,7464,7446,7346,7433,7415,7439,7433,7400,7380,7466,7374,7370,,
ROX,ROX1101,CTCT,roxburgh,Hydro,Hydro,1999-09-07,0,0,0,0,0,0,0,0,0,0,0,0,0,0,0,0,0,4950,2430,0,0,17570,18940,18690,1280,0,0,0,15750,11900,1050,18960,34990,37840,40320,38430,37750,37770,40570,44800,44990,40870,16630,14950,15030,14420,0,0,,
ROX,ROX2201,CTCT,roxburgh,Hydro,Hydro,1999-09-07,40140,40130,40130,40410,40070,40250,39960,40270,39980,40380,39830,40150,39960,40100,42120,69690,70790,80320,85870,90630,90620,95180,94990,92020,78530,79230,79470,79040,63290,66880,78870,91580,77800,76400,73840,74220,76160,95840,84260,73250,69310,73490,97490,98700,99080,99000,93040,60950,,
RPO,RPO2201,GENE,rangipo,Hydro,Hydro,1999-09-07,35080,35060,35070,35050,35070,35070,35060,35070,35060,35060,35070,35060,35070,35040,35030,35040,35030,35030,35040,35020,35030,35030,35030,35030,35020,35030,35020,35020,35020,35030,35000,35030,35010,35000,35020,35000,35000,35020,35040,35040,35030,35040,35050,35060,35050,35060,35060,35090,,
SFD,SFD2201,CTCT,stratford,Gas,Thrml,1999-09-07,163660,163290,163290,163290,163350,162010,144530,140260,138130,142700,150680,163290,167550,170410,170180,170110,170170,169860,170050,170050,169990,170040,170540,171020,171020,171210,170840,170840,171020,170840,171020,171090,171140,171080,171270,171330,171570,171750,171810,171760,171870,172060,172120,172170,170520,170770,162370,162300,,
SWN,SWN2201,TRUS,southdown,Gas,Thrml,1999-09-07,61110,61110,61060,61040,60980,60850,60850,60910,60940,60850,60800,60390,58840,58340,57990,57860,57720,57460,57170,57170,57460,57670,58680,59410,60680,60450,60810,60710,60800,60820,60870,60830,60820,60630,60540,60340,60440,60420,60600,60490,60680,60940,60990,61080,61160,60750,60840,61090,,
TKA,TKA0111,MERI,tekapo_a,Hydro,Hydro,1999-09-07,10580,10440,10320,10500,10890,10760,10850,10980,10930,11030,11040,10890,10910,11020,10880,10360,9930,9890,9920,10320,10440,10430,10460,10360,10490,10380,10340,10360,10540,10440,10450,10390,10420,10760,11000,10780,10950,10900,10980,10970,10760,10950,10900,10890,10910,10650,10510,10570,,
TKB,TKB2201,MERI,tekapo_b,Hydro,Hydro,1999-09-07,72690,71530,70850,70790,71020,70380,70910,71560,71620,71920,72130,71210,71470,71410,72010,71880,71520,71410,70960,70650,71520,71450,71700,71170,71770,71380,70830,71220,71890,71620,71610,71370,71580,70710,71870,70840,71410,71480,71800,71720,70920,71390,71320,71500,71170,70880,72060,72090,,
TKU,TKU2201,GENE,tokaanu,Hydro,Hydro,1999-09-07,0,0,0,0,0,0,0,0,0,0,0,0,1120,27780,27380,54230,56380,80130,84940,84720,85080,84840,84990,84890,84790,85010,84800,58850,55930,55870,55900,55930,55840,56020,56180,56200,56360,55790,54700,55990,56270,55470,55480,54030,23510,27320,27650,26330,,
TMU,TMU1101,GENE,te_awamutu,Gas,Cogen,1999-09-07,13240,13260,13270,13250,13260,13270,13300,13290,13340,13340,13300,13310,13390,13330,13290,13240,13190,13030,12890,12850,12750,12680,12600,12600,12680,12800,12880,12820,12720,12710,12750,12820,12860,12910,12950,12960,12990,13000,13040,13040,13050,13060,13100,13120,13110,13080,13060,13090,,
TUI,TUI1101,GENE,waikaremoana,Hydro,Hydro,1999-09-07,6940,6960,6950,6940,6930,6870,6870,6890,6880,6870,6890,6760,18970,20810,19500,19680,19670,19570,20050,20530,20550,20580,20560,20540,20430,20520,20460,20350,20310,20330,20730,19370,19160,19980,20280,20220,20060,19480,19220,19260,19680,20090,19630,19640,19000,7280,7140,7200,,
WHI,WHI2201,CTCT,whirinaki,Diesel,Thrml,1999-09-07,0,0,0,0,0,0,0,0,0,0,0,0,0,0,0,0,0,0,0,0,0,0,0,0,0,0,0,0,0,0,0,0,0,0,0,0,0,0,0,0,0,0,0,0,0,0,0,0,,
WKM,WKM2201,MRPL,whakamaru,Hydro,Hydro,1999-09-07,14760,24510,33740,35160,35940,35260,16210,11310,11440,11280,11700,24340,24800,27500,45650,48480,48470,48330,48830,49110,49110,43750,35270,35160,34880,35140,37670,38770,38600,38570,39730,44750,48250,48420,48460,48410,48580,48350,47930,48420,48810,47470,41140,31030,20010,13510,19410,28960,,
WKM,WKM2201,TUAR,mokai,Geo,Geo,1999-09-07,0,0,0,0,0,0,0,0,0,0,0,0,0,0,0,0,0,0,0,0,0,0,0,0,0,0,0,0,0,0,0,0,0,0,0,0,0,0,0,0,0,0,0,0,0,0,0,0,,
WPA,WPA2201,MRPL,waipapa,Hydro,Hydro,1999-09-07,12660,17150,16370,14640,14650,14640,13160,14240,14230,14120,14220,14160,14200,14520,25400,26980,23970,22260,22710,24350,25880,23790,17990,17790,17590,12060,14710,14550,9980,19110,22170,23640,26150,23790,22210,23330,25510,25110,24610,19400,18800,24060,26500,21200,22680,16220,16260,16060,,
WRK,WRK2201,CTCT,wairakei,Geo,Geo,1999-09-07,83750,83820,83810,83830,83750,83700,83670,83560,83620,83550,83610,83560,83610,83630,83520,83560,83630,83640,83670,83750,83770,83130,83750,83860,83820,83900,83800,83860,83330,83240,83880,83850,83820,83830,83860,83870,83870,83940,83900,83990,84000,83980,84030,83930,83860,83630,83830,83970,,
WTK,WTK0111,MERI,waitaki,Hydro,Hydro,1999-09-07,40410,39860,39490,39410,39740,39230,39580,40000,39880,40180,40240,39680,39790,39880,38150,37540,37400,37310,37090,36590,34960,34900,35040,34690,35150,34740,34540,34710,35320,34950,34970,34790,34900,34570,35180,34450,35020,34860,35120,35050,34320,33270,32310,32320,30050,29570,27880,27830,,
ANI,ANI0111,BOPE,aniwhenua,Hydro,Hydro,1999-09-08,6272,5282,5252,5252,5251,6227,12086,12300,8856,6501,9576,12162,9596,7812,10403,11813,12192,12383,12419,11567,10548,10489,10541,8540,6507,6305,6300,6300,6285,6249,6300,8024,9047,8931,12282,12343,12111,11481,10489,10543,10529,10538,10479,10463,10412,10519,10553,10514,,
ARA,ARA2201,MRPL,aratiatia,Hydro,Hydro,1999-09-08,27050,27650,27610,27620,27630,27650,27600,27600,27690,27740,27930,28500,28510,28440,28380,28380,28380,28300,28390,28360,18170,26970,28410,28500,28060,27960,28330,28440,28010,27930,28300,28350,28360,28290,28360,28360,28340,28290,28250,28240,28230,28170,28140,28110,28070,28020,27900,21390,,
ARG,ARG1101,TRUS,argyle_wairau,Hydro,Hydro,1999-09-08,5296,5295,5296,5302,5301,4079,4097,3998,3926,1839,1794,1798,1818,1854,5102,5277,5240,5184,5201,5252,5250,5269,5283,5225,1901,1901,1907,1902,1900,1906,1897,1882,1928,1930,5080,5277,5213,5253,5258,5256,5262,5267,5290,5295,5238,5241,5223,5228,,
ARI,ARI1101,MRPL,arapuni,Hydro,Hydro,1999-09-08,62280,57100,53310,53300,53220,53300,52900,49570,49720,49900,49730,49950,54320,56480,59710,59830,59380,62320,77940,78010,77920,78020,75260,75570,73170,65880,65910,65870,65160,65760,65810,65820,67070,65120,65990,65410,66730,66260,70340,74220,75410,74470,74870,74900,71220,60590,59280,59530,,
ATI,ATI2201,MRPL,atiamuri,Hydro,Hydro,1999-09-08,6450,10770,10660,10700,10720,13800,15220,10130,7740,2180,10000,19340,2920,15060,34930,35550,35350,34820,36100,35710,35500,28740,20670,20090,15720,14820,14800,14790,14470,14790,14740,14610,15720,19600,22230,27850,28660,28520,28130,28140,28460,28200,28330,28370,27120,20440,16000,13910,,
AVI,AVI2201,MERI,aviemore,Hydro,Hydro,1999-09-08,5410,5480,5550,5580,5650,21820,28980,29700,30140,29560,29580,49450,84650,85100,85350,85690,84680,85090,78440,75990,73380,72630,72510,73800,72380,72920,53890,53940,52460,53200,42840,18510,13390,29240,34180,81910,83190,82380,76080,83340,75080,64770,54100,45220,28400,28520,45670,36840,,
BEN,BEN2202,MERI,benmore,Hydro,Hydro,1999-09-08,165120,119690,84690,74050,55350,36520,24880,27940,30300,27340,27630,29640,94900,206670,188480,248640,252090,256580,232250,185210,141250,127380,131710,137190,148370,132560,133340,133730,130400,131180,107230,102050,90020,120240,167300,224150,250600,255600,257170,267220,265780,258300,236830,205000,204240,179800,180200,112850,,
BWK,BWK1101,TRUS,waipori,Hydro,Hydro,1999-09-08,14454,10894,10965,10114,202,0,0,0,0,0,1476,12858,13400,13495,13501,13483,13483,13501,13489,13483,13501,13483,13489,13501,13495,13495,13495,13495,6512,5155,5006,4227,2042,3340,12834,13412,13418,13418,13430,13454,13448,13471,13454,13471,13471,13483,11965,2447,,
COB,COB0661,CTCT,cobb,Hydro,Hydro,1999-09-08,15890,15870,15880,15880,15890,15900,15840,15880,15910,15880,15870,15900,15850,15880,15880,15890,15860,15880,15870,15880,15890,15860,15870,15900,15860,15880,15880,11480,14230,4170,14810,15890,15900,15890,15900,15880,15910,15890,15890,15890,15900,15890,15880,15890,15890,15910,15880,15900,,
COL,COL0661,TRUS,coleridge,Hydro,Hydro,1999-09-08,12610,12620,12610,12600,12610,12630,12600,12610,12610,12600,12610,12610,12590,12600,12610,12600,12600,12610,12610,12620,12620,12630,12620,12630,12620,7370,6360,6420,6460,6290,6090,6140,6540,12440,12650,12590,12570,12570,12540,12610,12760,12760,12760,12770,12760,12770,12730,12750,,
CYD,CYD2201,CTCT,clyde,Hydro,Hydro,1999-09-08,53240,50190,46700,46740,47040,46950,46240,46860,47250,46740,46750,47130,46520,46960,89190,101220,138500,140760,140800,140540,143400,142820,142750,143850,142580,143120,143420,150370,149930,150380,150250,150360,150970,150560,150770,153010,154030,153450,153310,153500,154090,153130,111460,103120,102960,103430,100570,100930,,
EDG,EDG0331,BOPE,edgecumbe,Gas,Cogen,1999-09-08,950,921,931,959,921,911,834,772,783,831,941,941,988,1003,890,922,960,1086,1083,976,1187,1178,1076,1171,1059,886,784,773,771,852,858,887,871,821,828,872,965,967,1094,1215,1120,1089,1184,1140,1144,1135,1124,1107,,
GLN,GLN0111,ALNT,glenbrook_kilns,Gas,Cogen,1999-09-08,25203,23701,24859,24668,24572,24333,24457,24677,24629,24629,24792,24007,24227,24428,24352,24285,24629,24811,24553,24744,22897,24333,24897,24735,24811,24725,22582,20926,22218,23787,24160,24304,24629,23893,25108,25376,23883,23787,23873,23739,23615,23768,23730,23558,23184,24017,23271,22926,,
HLY,HLY2201,GENE,huntly_1_4,Coal,Thrml,1999-09-08,172100,172530,171950,172340,172460,172630,172130,172480,172670,173130,172440,172640,172460,171560,187200,204240,198360,155820,161570,154850,145980,163900,173870,184650,167740,168320,169090,171230,168600,170010,169880,169000,168630,169030,169510,203770,305750,352560,318720,238110,177550,169270,169210,168930,169640,169710,169590,169300,,
HWA,HWA1101,TRUS,patea,Hydro,Hydro,1999-09-08,216,216,216,220,216,220,220,220,220,220,216,220,1905,8923,8895,8907,8951,1302,208,208,212,216,212,208,216,212,216,216,212,212,216,208,212,208,208,204,204,204,204,208,208,212,212,208,216,212,216,216,,
HWA,HWA1102,KIWI,whareroa,Gas,Cogen,1999-09-08,3422,3884,4110,4180,4229,4325,4125,3933,3765,3884,4077,4333,4412,4398,4468,4700,4502,4428,4046,3950,4460,4318,3726,3356,3934,4246,4316,4350,3917,3853,3854,4125,4341,4438,3981,3941,3934,3677,2774,3262,2734,4054,3908,3718,3614,3556,3614,3805,,
KAW,KAW0111,BOPE,kawerau_geo,Geo,Geo,1999-09-08,2285,2312,2344,2304,2295,2274,2248,2206,2231,2227,2295,2286,2264,2314,2256,2251,2215,2230,2212,2209,2208,2216,2162,2111,2053,2055,2015,2025,2028,2051,2070,2069,2116,2160,2296,2347,2371,2376,2429,2445,2457,2455,2486,2452,2418,2413,2455,2482,,
KIN,KIN0112,CHHE,kinleith,Wood,Cogen,1999-09-08,15157,15027,15959,15381,15331,15513,15137,15825,16022,13927,12561,13314,12322,11798,11419,10833,11025,11275,10933,10551,10050,10818,10267,10424,9602,8524,5877,2025,1321,1720,1576,3027,3742,4942,4493,7213,7293,8769,9213,8001,8228,8415,8091,8210,10776,10993,9297,10816,,
KPA,KPA1101,KAPE,kapuni,Gas,Cogen,1999-09-08,8252,8214,8270,8284,8210,8110,8120,8108,8130,8136,8174,8496,8370,8396,8256,8210,8150,8218,8206,8180,8068,8254,8230,8250,8160,8218,8160,8112,7984,7962,8000,7992,8028,8072,8076,8158,8176,8186,8176,8174,8210,8184,8198,8202,8248,8236,8286,8518,,
KPO,KPO1101,MRPL,karapiro,Hydro,Hydro,1999-09-08,36370,36470,36150,36120,36020,36090,35510,38110,36910,35180,36090,36870,38410,37160,36040,36140,35660,36490,43610,44300,39150,39540,39910,40150,39800,32370,36660,36630,35720,36550,36630,36710,38470,35670,36710,36150,37780,37040,35370,35200,39920,38970,39240,39280,39350,40980,42110,38910,,
KUM,KUM0111,TRUS,Kumara,Hydro,Hydro,1999-09-08,0,0,0,0,0,0,0,0,0,0,0,0,0,843,2973,3098,3141,3157,2579,1990,1900,1879,1880,1881,1880,1880,1880,1881,1881,1883,1879,1880,1881,2883,3085,3144,3153,3153,3152,3152,3153,3151,2574,1869,0,0,0,0,,
MAN,MAN2201,MERI,manapouri,Hydro,Hydro,1999-09-08,227250,226340,226120,226400,228040,227540,224280,227150,229300,226780,226830,228530,225800,226590,227140,227330,226270,226750,227180,227230,227750,227190,226700,228340,226940,227360,259760,261770,259830,260640,260510,260250,261360,260670,260150,259450,261020,260080,259920,259900,260280,259500,259170,259070,258880,259810,258790,260800,,
MAT,MAT1101,TRUS,matahina,Hydro,Hydro,1999-09-08,10810,11090,17660,17710,17710,17740,17560,17470,17730,17790,17680,23630,23420,23250,23890,24780,24230,23300,23350,23770,25540,25860,25800,25000,24310,24290,24230,24180,24000,24540,24270,24280,26530,24840,35470,36260,36050,34640,34200,27600,26280,22070,22090,18000,18010,13760,13840,10650,,
MHO,MHO0331,KING,mangahao,Hydro,Hydro,1999-09-08,10310,10310,10300,10310,10300,10310,10300,10270,10250,10100,10090,10100,10100,10090,10090,10090,10080,10080,10040,10020,10020,10010,10030,10020,10020,10010,10020,10010,10010,10010,9850,5760,5360,5350,5340,5350,5350,5360,5130,5100,5100,5100,5080,4930,4920,4910,4920,4920,,
MTI,MTI2201,MRPL,maraetai,Hydro,Hydro,1999-09-08,48700,47030,52830,44250,33440,27810,25360,13060,16530,54940,58750,49570,87390,85360,91540,93160,87480,82720,83720,80850,90220,84560,79210,64730,37520,45330,50110,59770,28500,42910,46470,65610,88960,93300,103670,105980,103330,105310,103320,76550,98930,77710,65720,61220,34720,15360,31930,45780,,
NPL,NPL1101,CTCT,new_plymouth,Gas&Oil,Thrml,1999-09-08,56150,56150,56120,56120,56110,56090,56100,56100,56120,56160,56200,56220,56240,56250,56230,56220,56220,46410,28220,26440,26190,25910,25960,25930,23630,23560,23400,23590,23490,23480,23340,23470,23660,23190,23480,23340,23460,23450,23450,46960,55840,56220,56270,56280,56280,56290,56270,56290,,
NPL,NPL2201,CTCT,new_plymouth,Gas&Oil,Thrml,1999-09-08,112650,112690,112680,112710,112650,112700,112650,112670,112680,112680,112660,112710,113110,113400,113690,113680,113680,81670,51710,48900,48320,48260,48420,39760,38500,38670,38600,38370,38430,38670,38570,38450,38410,38380,38440,38440,38390,38260,38420,92430,112540,113570,113680,113660,113670,113680,113680,113760,,
OHA,OHA2201,MERI,ohau_a,Hydro,Hydro,1999-09-08,55070,55840,46010,31090,31870,21900,20450,21340,21940,21140,21240,23230,57290,71620,95610,95680,94770,96640,96610,96720,96800,96750,96120,84630,86650,80350,58950,61530,62420,67150,89320,88950,92880,97000,96790,96400,96880,96400,95280,95540,86440,78940,73110,72620,50100,46240,33950,34940,,
OHB,OHB2201,MERI,ohau_b,Hydro,Hydro,1999-09-08,35550,34140,31200,24270,17600,17330,15640,17030,17960,16710,16890,17680,34250,54640,77390,91670,99390,102950,87850,80880,71050,71010,73850,61720,71710,63590,49120,45490,42580,42040,45950,63870,73980,81270,82370,90240,103900,102480,101330,77590,57780,51620,51320,42570,31330,32270,31350,35090,,
OHC,OHC2201,MERI,ohau_c,Hydro,Hydro,1999-09-08,35680,34110,31340,22630,17660,17440,15710,17140,18080,16840,16990,17770,34350,52920,77640,92840,98780,101880,88000,79880,70310,70300,73120,62180,71600,62950,48350,44730,41830,41260,45160,63080,72580,80310,82280,90120,103060,101430,100480,78520,58270,49530,48330,41790,34380,35310,34500,33040,,
OHK,OHK2201,MRPL,ohakuri,Hydro,Hydro,1999-09-08,11840,20240,18330,20810,23150,10950,1850,7200,9550,5670,21960,27790,10100,25470,48490,51480,51490,51790,41490,40840,30940,28690,27320,23860,20520,19820,19840,19890,19200,19840,19950,20050,22040,30270,40170,49140,42870,40440,39520,39370,39970,39380,39560,39570,31400,15600,8740,8220,,
OKI,OKI2201,CTCT,ohaaki,Geo,Geo,1999-09-08,23780,23650,23500,23240,23280,23490,23680,23790,23570,23360,23740,23830,23490,23710,23730,23160,22330,21500,21040,21090,21490,21520,21530,21250,21100,20850,21010,22620,23370,23300,23240,23130,23090,23050,23300,23410,23480,23440,23350,23260,23180,23510,23590,23540,23440,23110,23330,23550,,
OTA,OTA2202,CTCT,otahuhu_b,Gas,Thrml,1999-09-08,0,0,0,0,0,0,0,0,0,0,0,0,0,0,0,0,12770,38530,67600,80970,87590,92310,71180,75170,81030,89860,91730,92250,93700,84000,67150,79590,99460,100990,81830,40180,0,0,0,0,0,0,0,0,0,0,0,0,,
OTA,OTA2221,CTCT,otahuhu_a,Gas,Thrml,1999-09-08,0,0,0,0,0,0,0,0,0,0,0,0,0,0,0,0,0,0,0,0,0,0,0,0,0,0,0,0,0,0,0,0,0,0,0,0,0,0,0,0,0,0,0,0,0,0,0,0,,
PPI,PPI2201,MRPL,poihipi,Geo,Geo,1999-09-08,790,980,940,880,870,880,880,890,890,890,890,640,550,1530,17630,18070,17940,17950,17680,17670,17680,17570,17580,17580,17580,17590,17620,17630,17630,17670,17680,17630,17630,17650,17620,17650,17660,17690,17660,17680,17670,17700,17720,17720,17760,17670,17730,15300,,
ROT,ROT1101,TRUS,wheao_flaxy,Hydro,Hydro,1999-09-08,7360,5272,5218,3852,3440,3418,3414,3446,3764,3918,3960,3992,3954,4232,4454,7986,8528,8840,8866,8898,8368,8416,8390,8366,8326,7860,7410,7430,7366,7413,7483,7494,7468,7404,7484,7900,8418,8370,8384,8449,8349,8382,8394,8392,8428,8352,5642,4508,,
ROX,ROX1101,CTCT,roxburgh,Hydro,Hydro,1999-09-08,0,0,0,0,0,0,0,0,0,0,0,0,0,0,0,15360,48910,59730,59630,59610,58170,49290,59730,59870,59590,58220,47030,48810,57830,58100,40310,40040,47770,58250,57180,34690,36920,39880,39830,39860,40070,39780,23340,19880,19880,19820,20320,20310,,
ROX,ROX2201,CTCT,roxburgh,Hydro,Hydro,1999-09-08,40720,41400,44600,44920,44670,44630,44850,44690,44690,44760,44510,44830,45210,45130,59290,78600,70450,59470,59430,59310,58450,69140,59370,59590,59450,58530,70260,66890,57850,58690,76950,77080,69800,57050,58420,64850,63130,59350,59440,59280,59500,59300,59400,59310,59440,59430,61220,60990,,
RPO,RPO2201,GENE,rangipo,Hydro,Hydro,1999-09-08,35090,35100,35110,35100,35110,35110,35100,35110,35120,35100,35120,35070,35070,35070,35040,35020,35020,35010,35030,35020,35020,35030,35020,35020,35040,35050,33920,34090,35200,34830,34680,34680,34690,34680,34680,34680,34650,34660,34660,34670,34690,34690,34700,34710,34700,34730,34720,34370,,
SFD,SFD2201,CTCT,stratford,Gas,Thrml,1999-09-08,162850,162300,162310,162300,162320,162360,161510,139610,130510,130850,146540,162810,169680,173690,173460,172780,172490,172410,172300,171930,171810,171490,171270,171320,171260,171390,171320,162650,161840,161830,161810,170460,171450,171630,172050,172610,173080,173330,173640,173830,174000,173820,172830,172670,172840,172960,172720,162310,,
SWN,SWN2201,TRUS,southdown,Gas,Thrml,1999-09-08,61100,61130,61030,60720,61060,61030,61130,60980,61130,61200,61220,60450,59810,59420,58820,58840,58860,58780,58550,58930,59880,60190,60730,61060,61370,61830,61970,61630,61620,61990,62150,62190,62140,62030,62260,62190,62220,62240,62230,62140,62150,62090,62020,62010,62020,61920,61940,61830,,
TKA,TKA0111,MERI,tekapo_a,Hydro,Hydro,1999-09-08,10450,10350,10360,10370,10530,10500,10090,10440,10660,10370,10380,10590,10290,10380,10430,10480,10310,10390,10410,10420,10280,7010,7360,10160,10320,10400,10480,10510,10290,10410,10860,10880,11010,10950,10740,10340,10530,10410,10390,10440,10550,10370,10380,10440,10400,10530,10400,10550,,
TKB,TKB2201,MERI,tekapo_b,Hydro,Hydro,1999-09-08,71980,71090,70960,70970,72190,72070,69780,71150,72770,71400,71600,72080,70850,70980,71620,71800,70990,71120,71320,71390,70480,41990,41700,68260,71120,71330,71810,71970,70850,71110,71170,71030,71880,71610,71300,70900,71680,71650,71270,70280,69340,68830,68990,69440,70110,70850,70270,71380,,
TKU,TKU2201,GENE,tokaanu,Hydro,Hydro,1999-09-08,0,0,0,0,0,0,0,0,0,0,0,0,0,26470,50840,56020,55900,56830,55850,57880,57860,56410,55540,54600,54640,81240,84640,62250,84190,42790,75510,84210,84840,84830,85160,84520,84570,84230,84060,84840,84200,84590,84760,83750,56390,29550,27530,27550,,
TMU,TMU1101,GENE,te_awamutu,Gas,Cogen,1999-09-08,13120,13150,13150,13130,13130,13110,13120,13080,13150,13140,13170,13260,13270,13240,13240,13180,13170,13110,13080,13060,13020,12890,12820,12740,12730,12690,12660,12650,12590,12500,12490,12510,12520,12500,12490,12510,12670,12890,12950,13000,13080,13150,13150,13160,13180,13220,13250,13250,,
TUI,TUI1101,GENE,waikaremoana,Hydro,Hydro,1999-09-08,7240,7250,7220,7220,7210,7230,7230,7090,7120,7220,7190,7210,19580,19590,18810,18660,18380,18520,20800,19290,19430,19940,20260,20520,19940,19970,19910,19960,19590,19930,19940,19980,21640,19610,20150,19800,20930,20520,19700,20330,21090,20390,19920,19830,19840,7580,7000,6860,,
WHI,WHI2201,CTCT,whirinaki,Diesel,Thrml,1999-09-08,0,0,0,0,0,0,0,0,0,0,0,0,0,0,0,0,0,0,0,0,0,0,0,0,0,0,0,0,0,0,0,0,0,0,0,0,0,0,0,0,0,0,0,0,0,0,0,0,,
WKM,WKM2201,TUAR,mokai,Geo,Geo,1999-09-08,0,0,0,0,0,0,0,0,0,0,0,0,0,0,0,0,0,0,0,0,0,0,0,0,0,0,0,0,0,0,0,0,0,0,0,0,0,0,0,0,0,0,0,0,0,0,0,0,,
WKM,WKM2201,MRPL,whakamaru,Hydro,Hydro,1999-09-08,25210,25210,25190,25160,25110,25120,24960,24800,24910,20160,24170,19300,22720,39680,48010,48080,47830,47140,48580,48190,48180,48700,42680,37230,26610,23060,23000,22920,22220,22700,22830,22960,25440,36810,37410,47000,50190,49730,48770,48620,49410,48200,42770,42750,40150,30050,28930,29100,,
WPA,WPA2201,MRPL,waipapa,Hydro,Hydro,1999-09-08,15900,10950,11170,14930,17360,13590,10030,9860,10180,8980,9710,14100,23130,24470,26760,28170,27950,27510,22230,22750,22670,23190,22730,21460,18600,15860,12390,12380,11890,12370,12410,14620,23670,28070,28070,28060,28170,28100,27910,25120,24290,25480,25390,23660,14610,8560,7710,8280,,
WRK,WRK2201,CTCT,wairakei,Geo,Geo,1999-09-08,83910,83940,83900,83890,83850,83820,83800,83680,83680,83640,83640,83680,83660,83670,83620,83630,83620,80920,83200,83000,83580,83690,83680,83700,83440,82500,82750,82850,82790,82800,82870,83210,83290,83070,83090,83020,83320,83210,82860,82780,83100,82910,83070,83170,83240,83290,83270,83320,,
WTK,WTK0111,MERI,waitaki,Hydro,Hydro,1999-09-08,25850,24700,24720,24740,25240,25150,23930,24970,25640,24760,24800,25450,24520,24820,24850,25030,24680,24890,24890,24880,25090,24770,24680,25310,24580,24890,25080,25170,24490,24830,24730,24800,25110,24920,24840,24610,25200,24900,24780,26130,27850,26420,24870,24980,24820,25170,24810,25200,,
ANI,ANI0111,BOPE,aniwhenua,Hydro,Hydro,1999-09-09,6570,6287,6320,6315,5403,5373,5367,5370,5371,5367,6280,7540,7333,7333,10433,10529,11410,10579,10549,10584,10579,7998,7888,7888,6511,5282,5252,5282,5282,5287,5287,5287,8144,9289,12287,12449,12318,12141,10640,10551,10511,10478,10418,10564,7973,7882,6411,6164,,
ARA,ARA2201,MRPL,aratiatia,Hydro,Hydro,1999-09-09,9450,13050,13630,13760,17460,27350,27660,27590,27530,27500,27470,27440,27400,27370,26650,23420,23180,30720,34590,30670,28350,29250,29490,30020,23140,24710,26200,27650,25880,20660,20330,20990,21030,24390,27710,25200,29980,35680,36580,35930,35380,34980,29750,24260,24380,22820,24720,24830,,
ARG,ARG1101,TRUS,argyle_wairau,Hydro,Hydro,1999-09-09,1007,12,0,0,0,0,0,0,0,0,0,0,0,3141,4870,4758,4767,4799,4808,5222,5177,5229,5222,5219,5220,925,9,0,0,0,0,0,0,0,4380,5202,5195,5199,5186,5214,5247,5258,5256,5268,5278,5296,964,12,,
ARI,ARI1101,MRPL,arapuni,Hydro,Hydro,1999-09-09,58800,52760,49610,45790,45710,45730,45650,45710,45730,45650,45230,42600,46020,61820,75540,76440,75670,74490,75600,76650,77190,77400,77330,76580,74960,76240,77630,76250,68380,61290,60460,61200,61040,61150,64740,72670,77380,77630,78370,73460,66730,66660,74130,77070,77010,74240,67790,57860,,
ATI,ATI2201,MRPL,atiamuri,Hydro,Hydro,1999-09-09,16800,16290,7880,8020,7980,8020,7960,8040,10230,17710,21230,13530,16480,24590,35020,36820,36820,36890,36990,37020,37060,37040,37120,32890,16860,16420,14810,14750,18320,19480,18510,18720,18540,18620,18010,34760,36870,36810,36850,36900,36930,36990,37030,37090,34610,27370,9920,6140,,
AVI,AVI2201,MERI,aviemore,Hydro,Hydro,1999-09-09,27330,27330,46340,48780,48520,48480,29950,27090,27230,25950,34330,53700,75080,72100,76110,84030,82630,78910,77910,57890,42910,52990,53780,53700,58700,54230,62630,55530,53320,44770,14560,24650,36310,49820,54780,24270,74160,77380,75480,75060,74620,74970,75940,76770,63460,46110,46780,46800,,
BEN,BEN2202,MERI,benmore,Hydro,Hydro,1999-09-09,115030,91090,107960,71170,117120,81160,78110,66810,35650,44330,68580,122470,171830,202310,209380,214940,222450,213320,197850,175570,149540,163370,163610,182650,190740,177940,188280,188600,169160,148850,127090,145520,181260,191550,185730,146810,210060,256330,243510,265860,265140,229180,194250,96130,54360,26290,88400,45060,,
BWK,BWK1101,TRUS,waipori,Hydro,Hydro,1999-09-09,5316,6,0,0,0,0,0,804,12828,13531,13507,13501,13483,13495,13489,13477,13471,13483,13483,13477,13495,13483,13489,13495,13483,13501,12977,5042,1637,0,0,0,0,3000,13269,13448,13454,13442,13460,13448,13448,13454,13465,13465,13465,13465,13471,11983,,
COB,COB0661,CTCT,cobb,Hydro,Hydro,1999-09-09,15870,15890,15900,15890,15880,15890,15920,15880,15890,15890,15880,15870,15900,15890,15900,15900,15870,15880,15870,15880,15880,15870,15880,15880,15880,15890,15870,15880,15870,15860,15880,15870,15870,15880,15890,15880,15900,15920,15880,15880,15870,15880,15890,15910,15890,15880,15900,15900,,
COL,COL0661,TRUS,coleridge,Hydro,Hydro,1999-09-09,12710,12720,12750,12810,12770,12810,12800,12790,12800,12780,12770,12770,12800,12810,12820,12810,12830,12820,12830,12840,12830,12840,12840,12830,12850,13400,14720,14790,14780,14810,14840,14850,14820,14750,14770,14780,14870,14930,14790,14870,14860,14870,14880,14920,14880,14890,14880,14880,,
CYD,CYD2201,CTCT,clyde,Hydro,Hydro,1999-09-09,99990,100160,52300,50890,46380,46220,46800,46170,46300,46280,45610,46690,98650,102720,102720,103020,102230,147450,155920,156120,156430,156180,156810,156810,156340,157150,156270,156230,156300,156000,156810,156530,113350,103730,104070,104090,104470,104910,103890,103490,101890,102130,102740,103140,102730,102310,102870,102810,,
EDG,EDG0331,BOPE,edgecumbe,Gas,Cogen,1999-09-09,1181,1237,1173,1250,1309,1272,1204,1213,993,1051,996,1089,1201,1183,1202,1231,1019,1154,1096,1135,1235,1372,1454,1470,1412,1408,1391,1325,1079,1032,1080,1082,1120,1218,1245,1248,1228,1334,1450,1526,1265,1169,1050,1100,1090,1125,1177,1277,,
GLN,GLN0111,ALNT,glenbrook_kilns,Gas,Cogen,1999-09-09,23338,22524,23481,23720,23701,23452,23108,22792,21912,22620,22850,22716,22993,22878,22869,22993,23539,22582,22639,22610,21433,22974,23165,23223,22735,22620,22476,22582,22476,22630,22457,22716,22840,22744,22687,22582,22103,22209,22630,22945,22974,23098,23165,23012,22984,23213,22103,23022,,
HLY,HLY2201,GENE,huntly_1_4,Coal,Thrml,1999-09-09,170940,170930,170420,170570,169670,169980,170130,169400,171110,169560,169540,169890,169620,169130,168070,228700,248110,183680,150880,153720,166960,167110,166900,168140,167890,167510,167440,167670,167520,167830,167590,169680,169540,169510,169800,176250,190820,205830,238900,233410,195440,165240,165290,167120,166270,166340,167070,167090,,
HWA,HWA1101,TRUS,patea,Hydro,Hydro,1999-09-09,216,212,216,220,216,220,216,216,216,216,216,212,208,11008,13389,13369,13369,13397,13413,13401,13385,13401,13405,13413,13373,13413,13437,13425,13397,13417,13421,13409,13385,13373,13389,13377,13393,13397,13385,13389,13361,13401,1730,216,216,220,220,220,,
HWA,HWA1102,KIWI,whareroa,Gas,Cogen,1999-09-09,3901,4134,4236,4485,4501,4509,4053,3973,3965,3942,4021,4085,3981,3774,3693,3661,3510,3422,3334,2934,2846,2812,2422,2158,2438,2486,3206,3517,3366,3374,3174,3534,3862,3606,3510,3310,3262,3558,3318,3390,3550,5500,8928,9119,9231,9288,9128,9294,,
KAW,KAW0111,BOPE,kawerau_geo,Geo,Geo,1999-09-09,2464,2461,2428,2435,2393,2424,2416,2470,2430,2456,2418,2449,2471,2509,2501,2485,2461,2477,2457,2391,2196,2095,2356,2308,2254,2273,2293,2284,2274,2302,2310,2308,2340,2345,2353,2390,2374,2385,2446,2448,2489,2452,2414,2530,2552,2535,2523,2542,,
KIN,KIN0112,CHHE,kinleith,Wood,Cogen,1999-09-09,12925,14119,12785,13262,12975,12546,12977,13868,14678,15580,15725,13738,13942,13596,13030,13947,13915,13035,14394,14246,14309,13219,12726,13401,13085,13095,12511,13102,14586,13626,13174,11773,11172,10671,10529,10532,11873,12541,13339,13304,13825,13189,14493,14187,13556,13434,12142,13229,,
KPA,KPA1101,KAPE,kapuni,Gas,Cogen,1999-09-09,8604,8520,8544,8530,8630,8542,8522,8542,8546,8550,8530,8466,8438,8406,8234,8190,8134,8086,8018,8024,8060,7960,7954,8016,7980,7974,7990,8024,8014,8048,8090,8080,8106,8092,8136,8178,8170,8154,8172,8138,8154,8148,8146,8154,8184,8214,8256,8230,,
KPO,KPO1101,MRPL,karapiro,Hydro,Hydro,1999-09-09,36760,37410,37110,37330,36370,34360,35360,36910,36960,36840,35970,37040,37080,37000,39060,39310,38610,40630,43510,43510,43800,43970,43840,43120,42020,42620,43320,42280,34790,33410,32900,33460,33170,33250,38420,38860,42110,41770,41520,35930,31710,31750,37890,40360,30920,29380,32640,33530,,
KUM,KUM0111,TRUS,Kumara,Hydro,Hydro,1999-09-09,0,0,0,0,0,0,0,0,0,0,0,0,0,819,2956,3096,3142,3157,3158,3159,3158,3157,3156,3156,3156,2896,2221,1914,1885,1883,1885,1838,1834,2713,3092,3146,3154,3154,3153,3154,3152,3151,2532,1975,1772,0,0,0,,
MAN,MAN2201,MERI,manapouri,Hydro,Hydro,1999-09-09,258580,259460,259880,260340,259350,259280,261980,259830,259970,260610,259220,259190,260620,260640,260750,261410,259110,259550,259680,259900,260320,259500,260710,260290,259820,260950,260120,259920,260470,259400,261060,260440,260450,260220,260460,260800,261410,262610,260660,259840,258600,258690,259900,261650,260070,259140,259840,259440,,
MAT,MAT1101,TRUS,matahina,Hydro,Hydro,1999-09-09,10650,11130,11000,10790,10880,11150,11040,10810,10710,10650,10270,10800,10930,11230,23770,24380,24450,25040,25130,23410,24400,24710,24270,24990,26290,24830,24090,24060,23830,24270,24090,24230,24280,24510,25720,28670,28280,29520,30570,30440,29560,22340,22070,15730,15690,11100,12620,10490,,
MHO,MHO0331,KING,mangahao,Hydro,Hydro,1999-09-09,4920,4930,4930,4930,4920,4920,4930,4930,4930,4930,4940,4920,4920,4910,4900,4880,8460,12230,12300,12200,12150,12000,11920,11840,11740,11660,11560,11420,11390,11230,11210,11080,11020,11030,10870,9730,4900,4900,4900,4900,4910,4900,4660,3930,3940,3930,3920,3920,,
MTI,MTI2201,MRPL,maraetai,Hydro,Hydro,1999-09-09,26140,37730,28990,40910,27660,27200,17820,22270,32740,27930,5420,24140,47940,92790,107740,87210,93800,104530,108570,108610,93430,87470,92320,64970,28560,19990,36200,37650,39570,47950,47120,65670,63510,66490,65580,110820,115230,103310,104800,107710,112110,113280,102470,88900,53800,25680,26780,26910,,
NPL,NPL1101,CTCT,new_plymouth,Gas&Oil,Thrml,1999-09-09,56280,56260,56260,56260,56280,56250,56270,56280,56290,56240,56320,56290,56290,56290,56310,56290,56280,56310,56210,56290,56320,56270,56280,56260,56260,56280,33400,22550,21690,21570,21430,21420,21530,21640,35810,54180,55620,55870,56150,56020,56080,56050,56020,56080,56040,56050,56040,56050,,
NPL,NPL2201,CTCT,new_plymouth,Gas&Oil,Thrml,1999-09-09,113660,113680,113700,113680,113660,113700,113680,113700,113720,113630,113720,113670,113830,113930,113980,113980,113990,114010,113900,113980,114000,113970,113950,113780,113950,76620,42240,41330,41110,41040,41050,41020,40940,41660,72680,111300,113900,113800,113930,113800,113920,113870,113870,113730,114000,113950,113870,113900,,
OHA,OHA2201,MERI,ohau_a,Hydro,Hydro,1999-09-09,33250,26820,21270,21370,21140,21110,21970,21170,21210,21450,20950,21040,29710,47870,74620,97600,97040,94690,94610,84330,68970,62830,63030,65810,87810,88630,88130,87600,87980,87330,88440,88240,88030,89080,102330,117440,114860,120020,118180,116700,116090,116290,90780,91670,89660,77850,75590,74800,,
OHB,OHB2201,MERI,ohau_b,Hydro,Hydro,1999-09-09,33410,18270,18510,18620,18140,18260,18320,5750,6780,7510,6670,6840,10450,36610,83570,102990,103010,96090,90850,74340,62130,57060,54090,54290,75190,76410,74720,72740,72340,70020,64830,63440,63400,67010,80340,93930,99250,101820,99490,64860,63540,72310,74200,75710,74490,72850,70000,69400,,
OHC,OHC2201,MERI,ohau_c,Hydro,Hydro,1999-09-09,30540,17380,17100,17240,16770,16810,18150,16870,5840,5050,4240,4390,8940,36440,84110,103270,101810,96380,90990,74570,62160,57250,54290,54120,75200,76670,74890,72960,73240,72350,63350,62160,62150,66240,80730,94580,99230,101470,99100,74080,73250,68820,70560,71870,70690,69070,66220,65820,,
OHK,OHK2201,MRPL,ohakuri,Hydro,Hydro,1999-09-09,25670,17940,12850,12890,12860,12890,12790,9810,7650,14130,26910,27470,27440,38530,43620,55050,53230,54270,54870,54830,51510,52330,54670,44330,20750,20740,20830,21130,26500,26370,25930,26470,26340,26470,36200,48660,54480,54380,54470,54420,54360,54240,54180,54060,48660,39260,14180,10320,,
OKI,OKI2201,CTCT,ohaaki,Geo,Geo,1999-09-09,23450,23640,23540,23420,23290,23330,23350,23270,23560,23500,23530,23420,23340,23170,23140,23450,23730,23630,23510,23170,23130,23250,23690,23550,23560,23430,23190,23340,23340,23480,23530,23380,23220,23250,23200,23250,23250,23410,23510,23570,23520,23380,23210,23250,23540,23520,23240,23090,,
OTA,OTA2202,CTCT,otahuhu_b,Gas,Thrml,1999-09-09,0,0,0,0,0,0,0,0,0,0,0,0,0,0,0,0,0,0,0,0,0,0,0,330,19250,67590,85170,92120,97590,97530,96910,96870,101520,92060,40910,0,0,0,0,0,0,0,0,0,0,0,0,0,,
OTA,OTA2221,CTCT,otahuhu_a,Gas,Thrml,1999-09-09,0,0,0,0,0,0,0,0,0,0,0,0,0,0,0,0,0,0,0,0,0,0,0,0,0,0,0,0,0,0,0,0,0,0,0,0,0,0,0,0,0,0,0,0,0,0,0,0,,
PPI,PPI2201,MRPL,poihipi,Geo,Geo,1999-09-09,730,830,890,910,930,930,940,930,930,890,780,700,710,620,12940,18320,18240,18080,18120,18120,18090,17970,17920,17900,17900,17910,17910,17910,17920,17970,17970,17950,17940,17930,17910,17900,17850,17840,17870,17890,17900,17920,17930,17950,17950,17970,17880,17400,,
ROT,ROT1101,TRUS,wheao_flaxy,Hydro,Hydro,1999-09-09,4468,4472,5250,4650,4424,4436,4434,4464,4436,4494,4440,4516,4442,4464,6866,7978,8856,8888,8499,8385,8372,8307,8355,8193,7375,7462,7420,7496,7014,4906,4966,4940,5020,5030,7428,7374,7450,7362,7466,7443,7393,7402,7458,7419,7379,7375,7439,7430,,
ROX,ROX1101,CTCT,roxburgh,Hydro,Hydro,1999-09-09,20330,20360,19910,19810,15580,14870,14990,14940,15010,14860,15040,15030,14900,20010,39660,47740,44480,54990,57580,56980,44800,45080,40990,56440,59680,55170,32790,24580,34880,39830,39640,52360,49450,39810,25380,28160,19900,19850,1430,0,0,0,0,0,0,0,0,0,,
ROX,ROX2201,CTCT,roxburgh,Hydro,Hydro,1999-09-09,60430,60530,59790,59680,32830,29780,29790,29920,29690,29790,29950,29820,29880,40040,39640,51290,54560,44650,58540,59400,71610,72220,74970,60120,56340,61430,83690,92390,81700,77150,76770,64840,67380,76690,91790,85170,79300,79470,79630,80100,80870,81240,81500,80980,81140,80970,81290,81530,,
RPO,RPO2201,GENE,rangipo,Hydro,Hydro,1999-09-09,29700,29690,29700,29690,29700,29710,29700,29700,29710,29710,29700,29710,29720,29710,29700,29700,29700,29710,29700,29700,29710,29710,29710,29710,29700,29710,29710,29710,29710,29700,29720,29710,29700,29710,29710,29710,29490,29460,29450,29460,29470,29450,29460,29470,29450,29460,29460,29460,,
SFD,SFD2201,CTCT,stratford,Gas,Thrml,1999-09-09,162710,162370,162310,162250,162300,162320,162300,162300,162310,162240,162320,170160,173510,173530,173330,172960,172780,172970,173630,173510,173390,168400,163220,173030,173150,172960,172840,172900,172900,172950,173330,173330,173510,173690,173040,172720,172650,172660,172780,173450,173570,173820,173820,173940,172720,172960,173880,168760,,
SWN,SWN2201,TRUS,southdown,Gas,Thrml,1999-09-09,61770,61860,61960,62000,61970,61970,61680,61480,61680,61760,61670,61610,60500,58860,58560,58600,58570,59480,59950,60090,60540,60850,61370,61780,61180,61660,61970,61940,62070,62040,61860,61910,62070,62050,61890,62000,61990,61850,61750,61950,61880,61820,62020,62170,62460,62470,62350,62410,,
TKA,TKA0111,MERI,tekapo_a,Hydro,Hydro,1999-09-09,10250,10400,10420,10460,10370,10370,10700,10370,10410,10480,10310,10350,10490,10520,10480,10570,10320,10350,10390,10390,10400,8730,7490,7480,7390,6900,5880,5870,5890,6860,10980,10910,10930,10410,10420,10440,11450,11190,10890,10830,10730,10790,10940,10390,9960,9840,10000,10030,,
TKB,TKB2201,MERI,tekapo_b,Hydro,Hydro,1999-09-09,69670,70020,70480,70790,70020,70210,71570,70730,70980,71690,70870,70780,71710,71810,71660,72420,71240,71050,70790,71120,71510,54700,42590,38370,37650,37710,37620,37280,37440,44460,71170,71470,71320,73490,74420,74820,74990,76100,75300,74140,73790,73720,74180,76180,75020,74260,75300,74530,,
TKU,TKU2201,GENE,tokaanu,Hydro,Hydro,1999-09-09,27670,27670,27550,25850,0,0,0,0,0,0,26460,27560,27410,27470,27990,56540,82400,84770,84550,84570,85500,58030,57310,56890,57220,32600,32440,32130,31960,32230,32850,28220,51100,55820,83860,83920,84710,83990,84420,84150,84690,84150,57660,55160,27920,27280,27580,27490,,
TMU,TMU1101,GENE,te_awamutu,Gas,Cogen,1999-09-09,13260,13290,13300,13320,13340,13360,13420,13440,13460,13480,13510,13540,13550,13520,13520,13510,13520,13470,13420,13390,13420,13330,13260,13230,13120,13080,13030,13000,13020,13000,12980,12940,13450,25410,13550,13680,13970,27750,13740,13320,13330,13390,13510,13560,13570,13600,13630,13650,,
TUI,TUI1101,GENE,waikaremoana,Hydro,Hydro,1999-09-09,6840,6860,6880,6860,6870,6850,6850,6850,6850,6840,6820,7120,20180,20020,20080,20430,20000,18820,19450,20240,20440,20500,20510,20070,21170,21590,19990,20350,20230,20390,19880,19790,19780,19880,20450,19920,19740,19900,20780,20480,20230,20010,20100,19760,19560,6010,7280,6580,,
WHI,WHI2201,CTCT,whirinaki,Diesel,Thrml,1999-09-09,0,0,0,0,0,0,0,0,0,0,0,0,0,0,0,0,0,0,0,0,0,0,0,0,0,0,0,0,0,0,0,0,0,0,0,0,0,0,0,0,0,0,0,0,0,0,0,0,,
WKM,WKM2201,MRPL,whakamaru,Hydro,Hydro,1999-09-09,32190,25180,24980,22700,12630,12710,12620,11370,17700,19630,19330,19740,34070,47520,47830,50530,50000,50280,51000,51310,51450,51550,51590,51420,27300,24880,29200,28080,28520,31420,37230,38180,38080,38210,27710,50720,51770,51880,51930,51970,52040,52100,52180,52190,52200,52030,51780,27100,,
WKM,WKM2201,TUAR,mokai,Geo,Geo,1999-09-09,0,0,0,0,0,0,0,0,0,0,0,0,0,0,0,0,0,0,0,0,0,0,0,0,0,0,0,0,0,0,0,0,0,0,0,0,0,0,0,0,0,0,0,0,0,0,0,0,,
WPA,WPA2201,MRPL,waipapa,Hydro,Hydro,1999-09-09,12680,12970,12840,10360,10270,10280,10220,6310,4580,8130,8380,8690,12340,24120,27820,27090,25350,26330,27770,27990,28120,28080,27950,27590,16210,8160,12300,10540,11410,12560,12700,21060,20690,21640,20840,23430,28280,28330,28410,28370,28400,28460,28530,28430,26190,20930,10450,9270,,
WRK,WRK2201,CTCT,wairakei,Geo,Geo,1999-09-09,83220,83250,83250,83240,83220,83240,83150,83180,83190,83230,83070,83260,83440,83520,83480,83490,83990,83890,83840,83850,83700,83950,83940,83910,83720,83780,83920,83830,83790,83860,83840,83900,83860,83820,83860,83790,83870,83730,83810,83780,83640,83700,83600,83520,83670,83470,83790,83850,,
WTK,WTK0111,MERI,waitaki,Hydro,Hydro,1999-09-09,24510,24830,24900,24940,24770,24750,25540,24750,24890,25040,24610,24710,25070,25130,25000,26720,27150,27220,27280,29760,29960,29650,30130,30060,29790,30300,29720,29680,29750,29540,30070,29900,29930,29590,29850,29900,30310,30770,29770,29560,29210,29410,29980,30540,30000,29580,30150,30230,,
ANI,ANI0111,BOPE,aniwhenua,Hydro,Hydro,1999-09-10,5396,5294,5363,5365,5367,5365,5363,5357,5358,5352,6159,7591,7429,7413,10383,10428,11405,10650,10654,7968,7883,7883,7887,6477,5357,5355,5370,5368,5377,5373,5383,5735,8533,8840,12273,12474,12443,12374,10649,10569,10559,10538,7918,7817,7817,7822,6517,6315,,
ARA,ARA2201,MRPL,aratiatia,Hydro,Hydro,1999-09-10,25140,16860,13870,14130,16640,17330,17210,17280,17640,17820,17160,17350,17270,17150,22820,27730,27670,27650,27650,27680,27210,27050,27440,27550,27120,27020,27400,27520,27080,26990,27380,27660,27610,27710,27840,27900,30520,30650,30480,30440,30400,30260,30200,27520,28030,28050,28040,28030,,
ARG,ARG1101,TRUS,argyle_wairau,Hydro,Hydro,1999-09-10,0,0,0,0,0,0,0,0,0,0,0,4029,4776,4793,5264,5201,5151,5204,5216,5234,5254,5249,5210,5229,5229,943,9,0,0,0,0,0,0,0,4307,5213,5258,5265,4053,4083,3985,3928,3907,3904,863,10,0,0,,
ARI,ARI1101,MRPL,arapuni,Hydro,Hydro,1999-09-10,51310,45450,44920,44990,45220,37810,33270,33360,33430,33350,33280,33280,33350,36950,69330,75250,77760,79270,79300,79310,69960,67300,67980,67760,60380,64290,65250,65910,67440,70540,72160,72110,73180,73170,73050,77500,78290,78260,78310,78320,78370,78390,78400,75380,67570,67450,67020,56020,,
ATI,ATI2201,MRPL,atiamuri,Hydro,Hydro,1999-09-10,3830,3920,3370,3530,3760,3680,3650,3790,4050,4460,9110,10420,18530,31850,37000,36940,36970,37090,37180,37220,29400,25400,25500,25350,13870,9580,10350,9370,9850,18970,21350,23690,24080,24080,29840,35930,37380,37230,37270,37340,37370,35430,27220,11460,8630,8620,8310,5150,,
AVI,AVI2201,MERI,aviemore,Hydro,Hydro,1999-09-10,46220,45720,46000,26890,26830,26480,26460,26990,26950,26870,27440,59620,74500,72900,77960,85310,84250,85130,79190,76820,67890,53180,51930,52880,54380,55620,55410,55380,80780,84930,85040,84980,86370,82660,71840,70850,72460,82740,85150,68460,45500,32770,32900,32770,32840,32210,32920,33300,,
BEN,BEN2202,MERI,benmore,Hydro,Hydro,1999-09-10,64580,26290,18960,3990,4500,2210,1490,5040,4790,4760,6860,4900,45100,83440,122300,214910,194990,173300,132580,127180,128040,127920,126270,130000,123540,124290,123670,123790,126520,124510,125360,129650,133270,168980,217680,218430,221740,230520,226320,178100,135450,131600,86450,111960,86310,76430,84690,87880,,
BWK,BWK1101,TRUS,waipori,Hydro,Hydro,1999-09-10,2542,0,0,0,0,155,9257,9923,9906,9918,9923,9906,9900,9912,12436,13448,13436,13448,13460,13454,13465,13460,13454,13460,13442,13436,13436,13460,13436,13448,13442,13454,13460,13460,13471,13460,13454,13465,13454,13477,13448,13448,13460,13454,13465,13465,13454,11965,,
COB,COB0661,CTCT,cobb,Hydro,Hydro,1999-09-10,15890,15870,15890,15890,15880,15890,15880,15890,15890,15890,15900,15890,15910,15870,15860,15900,15840,15880,15880,15870,15870,15880,15890,15900,15870,15870,15860,15870,15880,15870,15860,15870,15900,15880,15880,15890,15900,15880,15880,15870,15880,15880,15880,15870,15870,15830,15880,15900,,
COL,COL0661,TRUS,coleridge,Hydro,Hydro,1999-09-10,14880,14910,14880,14890,14890,14870,14870,14880,14890,14890,14880,14870,14890,14870,14860,14860,14860,14860,14870,14870,14880,14880,14870,14870,14870,14860,14860,14860,14860,14870,14860,14860,14860,14860,14860,14860,14870,14860,14860,14850,14870,14880,14890,14850,14850,14850,14860,14870,,
CYD,CYD2201,CTCT,clyde,Hydro,Hydro,1999-09-10,101960,99930,54450,50290,50280,50130,50110,50320,50270,50220,50520,50880,98540,102600,104010,104430,103960,104490,150120,156540,156140,156450,156880,157980,156490,155920,156170,155800,106720,105150,105030,104330,104990,102550,105090,105140,104630,104240,104150,103780,104090,104110,103970,103880,103950,102910,104080,104640,,
EDG,EDG0331,BOPE,edgecumbe,Gas,Cogen,1999-09-10,1143,1319,1309,1368,1318,1403,1400,1322,1258,1277,1288,1401,1307,1383,1296,1367,1346,1411,1374,1323,1348,1417,1400,1369,1345,1366,1397,1389,1343,1141,1068,1066,1181,1222,1284,1319,1387,1321,1392,1375,1411,1446,1334,1361,1394,1463,1410,1530,,
GLN,GLN0111,ALNT,glenbrook_kilns,Gas,Cogen,1999-09-10,23175,23271,23156,22783,22950,22864,22381,21644,21759,21673,21854,22065,21768,21912,21883,22027,22280,22094,21654,21960,21529,22314,22137,22476,23165,22706,22907,22735,20668,21941,21864,22142,23261,23012,23031,22524,22830,22601,23079,23443,23548,23443,23051,21118,22476,23385,23232,23118,,
HLY,HLY2201,GENE,huntly_1_4,Coal,Thrml,1999-09-10,166300,166650,166600,167440,166760,166880,166930,167340,167220,167110,167810,165730,168050,167660,169160,196130,188870,165650,150400,148430,154580,174350,171130,170320,170910,170850,171310,169540,166310,169350,169250,171050,171130,169370,163570,169570,170150,170660,171130,171000,171550,171370,171150,171760,168570,168990,169450,169280,,
HWA,HWA1101,TRUS,patea,Hydro,Hydro,1999-09-10,220,220,220,224,220,224,224,220,224,224,220,216,11260,13433,13419,13443,13415,13441,13433,13395,13403,13403,13397,13393,13401,13405,13441,13429,13401,13413,13349,13377,13397,13409,13409,13401,13393,13393,13397,13405,13369,13377,1706,216,216,220,220,220,,
HWA,HWA1102,KIWI,whareroa,Gas,Cogen,1999-09-10,9520,9574,9607,9767,10021,9983,10133,10086,9886,9639,9559,9208,8840,8408,8098,8240,8249,8361,8233,8449,8289,8153,7793,8042,8632,8578,8064,7530,8098,8074,8113,7898,8585,8912,8736,8856,8777,8360,8010,8090,7984,8282,8177,7969,8018,7968,7962,8153,,
KAW,KAW0111,BOPE,kawerau_geo,Geo,Geo,1999-09-10,2550,2534,2552,2558,2532,2548,2554,2549,2563,2540,2562,2558,2564,2540,2531,2517,2508,2495,2451,2419,2351,2359,2346,2340,2306,2308,2208,2267,2271,2285,2235,2151,2112,2161,2224,2252,2327,2382,2432,2462,2460,2423,2457,2489,2464,2464,2388,2465,,
KIN,KIN0112,CHHE,kinleith,Wood,Cogen,1999-09-10,13232,12387,13982,13506,14157,15555,14728,15815,11803,15471,16351,17104,16174,16104,17799,16084,17169,16468,17194,17273,17029,16762,16461,16408,16530,17792,16737,17338,17348,16939,16373,15810,16012,16264,16530,16368,16406,14521,14483,14802,14483,15231,17682,16952,17054,16929,17273,16864,,
KPA,KPA1101,KAPE,kapuni,Gas,Cogen,1999-09-10,8242,8266,8224,8204,8194,8230,8182,8238,8218,8210,8238,8190,8178,8302,8196,8114,8072,8074,8044,8046,8128,8104,8172,8168,8160,8176,8176,8088,8102,7994,8034,7920,7824,7870,7882,8020,8112,8170,8194,8188,8186,8238,8242,8202,8254,8230,8190,8102,,
KPO,KPO1101,MRPL,karapiro,Hydro,Hydro,1999-09-10,34820,34910,31280,31580,32450,32230,32130,32420,33250,33650,32290,32710,32620,33040,35270,34490,33550,35120,36770,36160,35950,37070,36990,36760,34450,39170,39640,39170,39630,38590,39270,38680,39330,39110,40140,40520,39820,38890,38940,39030,39100,39100,39130,39200,32080,31400,31290,31210,,
KUM,KUM0111,TRUS,Kumara,Hydro,Hydro,1999-09-10,0,0,0,0,0,0,0,0,0,0,0,0,0,819,2954,3092,3143,3156,3156,3156,3155,3154,3154,3155,3154,2901,2188,1886,1838,1837,1836,1836,1838,2664,3088,3142,3155,3155,3154,3155,3153,3152,2520,1978,1781,0,0,0,,
MAN,MAN2201,MERI,manapouri,Hydro,Hydro,1999-09-10,259720,258960,259500,260100,260380,252720,262190,263070,263120,262890,263700,264160,264630,263400,262230,263370,262200,263050,263090,262210,262330,262770,263280,262670,221880,222900,222940,222930,224760,223580,224010,223620,225760,222540,223670,223800,225390,224410,223760,222710,223520,223320,223470,222690,222970,220160,222630,224060,,
MAT,MAT1101,TRUS,matahina,Hydro,Hydro,1999-09-10,10950,10940,11200,10770,10660,10390,10730,11380,11010,10440,10510,10280,10660,11930,24540,24350,23400,25190,25120,24600,22980,24280,24430,23920,25340,26020,22110,17560,17660,17380,17380,17710,17820,17630,17590,17670,17550,17510,17530,17550,17460,11820,11650,10670,11000,11010,10640,10970,,
MHO,MHO0331,KING,mangahao,Hydro,Hydro,1999-09-10,3930,3940,3930,3940,3940,3930,3940,3940,3950,3940,3940,3930,3930,3910,3920,4710,4900,4890,4900,4910,4920,4920,4910,4910,4890,4900,4890,4900,4900,4910,4920,4910,4920,4920,4920,4920,4920,4900,4910,4920,4910,4920,4920,4920,4900,90,0,0,,
MTI,MTI2201,MRPL,maraetai,Hydro,Hydro,1999-09-10,27940,27750,14630,16080,17810,23780,15920,15980,26520,38740,23050,27520,38630,92370,112220,96340,103980,99180,100790,100730,81400,77880,53070,58770,28020,39750,39440,41820,34170,62160,66150,67000,61730,75250,58800,87470,121320,130370,119150,110710,106520,63100,59990,36000,39960,51940,31820,13760,,
NPL,NPL1101,CTCT,new_plymouth,Gas&Oil,Thrml,1999-09-10,56030,56050,56040,56050,56020,56050,56030,56030,56060,56030,56030,56050,56040,56070,56060,56080,56040,56060,56040,56060,56040,56050,56060,56030,56040,56010,56020,56020,56030,56030,56010,56040,56000,56030,56050,56010,56030,56020,56020,56020,56050,56020,56030,56020,56070,56050,56030,56050,,
NPL,NPL2201,CTCT,new_plymouth,Gas&Oil,Thrml,1999-09-10,113840,113860,113840,113810,113770,113800,113770,113750,113760,113770,113820,113810,113860,113890,113930,113930,113920,113950,113950,113950,113940,113920,113870,113870,113820,113720,113760,113720,113710,113670,113600,113660,113660,113640,113680,113650,113740,113760,113760,113780,113800,113830,113840,113790,113830,113950,114090,114180,,
OHA,OHA2201,MERI,ohau_a,Hydro,Hydro,1999-09-10,74540,73040,73670,74310,66940,63550,56150,26710,26820,27530,61170,80500,90790,108150,115780,117970,116240,117410,116750,73680,73300,50360,49590,51560,81500,88300,91180,90800,96740,57660,51410,51180,52900,50120,51230,53560,90040,127250,117600,116580,117330,113400,112450,111390,90600,66970,72170,74880,,
OHB,OHB2201,MERI,ohau_b,Hydro,Hydro,1999-09-10,74150,73240,73660,66680,64280,55980,43140,37320,34700,34610,42350,59260,72290,90350,89210,93180,96450,97540,77840,66470,58200,54000,54650,56990,86460,63340,72440,67820,58870,36370,36140,39130,38960,34990,36160,44630,74920,99640,97630,96730,92390,87580,87820,87270,87240,64420,79990,67200,,
OHC,OHC2201,MERI,ohau_c,Hydro,Hydro,1999-09-10,71780,71580,72880,66280,64400,56080,43180,37570,34900,34750,42610,59420,72540,90580,94550,97620,96740,97720,78000,66280,58410,55660,52930,54330,85820,58920,71400,67990,60270,46290,34090,33940,37340,35200,36380,46150,74130,99800,97810,96860,92400,87670,87990,87480,81460,60710,78480,67380,,
OHK,OHK2201,MRPL,ohakuri,Hydro,Hydro,1999-09-10,5390,5250,4690,4820,5100,5040,5020,5150,5470,6760,12830,14450,25420,44630,54620,54690,54680,54760,54750,54690,43900,36500,36390,36100,19520,13820,13810,13300,13690,26440,31230,33370,34220,34270,43940,52300,54480,54280,54200,54120,54050,54040,51350,20030,13710,13710,13630,12030,,
OKI,OKI2201,CTCT,ohaaki,Geo,Geo,1999-09-10,22970,22900,22950,23120,23150,23120,23080,23070,23120,22810,22770,22760,22620,22460,22610,22530,22510,22560,22550,22480,22650,22660,22480,22380,22870,23080,22990,22640,22480,22450,22400,22930,22740,22650,22420,22260,22230,22570,23040,22990,22800,22640,23010,23020,22680,23160,23180,22970,,
OTA,OTA2202,CTCT,otahuhu_b,Gas,Thrml,1999-09-10,0,0,0,0,0,0,0,0,0,0,0,0,0,0,0,0,0,0,0,0,0,0,0,0,0,0,0,0,0,0,0,0,0,0,0,0,0,0,0,0,0,0,0,0,0,0,0,0,,
OTA,OTA2221,CTCT,otahuhu_a,Gas,Thrml,1999-09-10,0,0,0,0,0,0,0,0,0,0,0,0,0,0,0,0,0,0,0,0,0,0,0,0,0,0,0,0,0,0,0,0,0,0,0,0,0,0,0,0,0,0,0,0,0,0,0,0,,
PPI,PPI2201,MRPL,poihipi,Geo,Geo,1999-09-10,850,840,890,930,940,940,920,870,860,840,830,830,850,800,16410,18420,18410,18160,18110,18070,18050,18050,18050,18050,18030,18020,17920,17800,17810,17820,17850,17900,17890,17910,17890,17890,17890,17870,17860,17900,17910,17890,17810,17770,17890,17900,17820,16450,,
ROT,ROT1101,TRUS,wheao_flaxy,Hydro,Hydro,1999-09-10,7419,7365,7306,6920,3658,3480,3480,3466,3536,3452,3476,3842,3988,3962,5760,7436,8746,9310,9094,8882,5536,4942,4454,5040,5462,5342,4930,5228,5420,5454,5450,5424,5418,5844,6988,7416,7418,7432,7476,7436,7392,7404,7388,7430,7450,7400,7436,7434,,
ROX,ROX1101,CTCT,roxburgh,Hydro,Hydro,1999-09-10,0,0,0,0,0,0,0,0,0,0,0,0,0,0,0,17380,38890,39340,39340,39360,39400,39330,39350,39340,39230,39320,39370,39350,38370,37770,37710,20480,18880,18760,18880,18660,300,0,0,0,0,0,0,0,0,0,0,0,,
ROX,ROX2201,CTCT,roxburgh,Hydro,Hydro,1999-09-10,79210,80460,80510,78650,41040,40660,40550,40580,40660,40710,40610,40510,45000,59440,79340,79270,77140,76800,77120,77140,77340,77340,77120,77290,77040,77330,77310,77330,77030,77330,77130,79240,79500,79310,79360,79510,79260,79180,79050,79170,79220,79320,78840,79230,79200,79080,79100,79270,,
RPO,RPO2201,GENE,rangipo,Hydro,Hydro,1999-09-10,29460,29470,29460,29460,29390,29460,29460,29460,29460,29460,29460,29460,29460,29460,29460,29460,29460,29460,29460,29460,29460,29470,29460,29460,29460,29450,29460,29460,29450,29460,29460,29460,29450,29450,29460,29460,29460,29450,29470,29450,29460,29470,29460,29460,29460,29450,29460,29450,,
SFD,SFD2201,CTCT,stratford,Gas,Thrml,1999-09-10,174440,173570,172900,162730,162850,162800,162730,162790,162790,162790,162740,168890,174060,173580,173640,173940,174000,173700,173450,173390,173700,172600,172350,165240,166080,172170,172300,172230,172360,169740,170290,172180,172180,172290,172970,172420,169930,174240,174440,174550,167790,173640,173880,173820,173700,173580,166690,162190,,
SWN,SWN2201,TRUS,southdown,Gas,Thrml,1999-09-10,62510,62510,62610,62760,62710,62640,62520,62690,62730,62790,62540,62910,61530,59720,59580,59330,59340,59690,60320,60430,61440,61950,62450,62440,62240,62330,62420,62740,63090,62980,63160,62860,62900,62680,62750,62660,62730,62710,62710,62280,62640,62500,62660,62500,62520,62460,62570,62600,,
TKA,TKA0111,MERI,tekapo_a,Hydro,Hydro,1999-09-10,10480,10780,10860,10930,10910,10820,10810,10920,10910,10900,11020,11040,11150,10910,10820,10930,10770,10920,10930,10820,10890,10920,11010,11200,10850,10890,10850,10850,11010,10750,9890,9920,10130,9750,9920,9920,10720,10960,10930,10810,10910,10890,10890,10840,10870,10570,10900,11060,,
TKB,TKB2201,MERI,tekapo_b,Hydro,Hydro,1999-09-10,75270,74200,74180,74560,74760,74260,73960,74540,74740,74620,74980,75680,75580,75440,71550,74000,74060,74540,74900,74430,74210,74910,75350,76100,75070,74650,74290,74180,75300,74530,75050,74310,75690,74300,74310,74530,75440,75520,74570,74100,74430,74410,74710,74160,74550,73000,73930,74940,,
TKU,TKU2201,GENE,tokaanu,Hydro,Hydro,1999-09-10,0,0,0,0,0,0,0,0,0,0,0,0,0,27740,56400,83530,110300,102910,111770,112350,112180,112680,112170,83850,79270,55330,29000,27270,27420,27550,27250,53240,57850,84110,84630,84700,84200,84360,84350,84460,84350,84260,84380,84370,59170,28370,27990,28080,,
TMU,TMU1101,GENE,te_awamutu,Gas,Cogen,1999-09-10,13660,13720,13820,13830,13800,13870,13960,13940,13940,13950,14010,14010,14040,14060,14040,13920,13850,13820,13750,13690,13630,13500,13450,13370,13260,13130,13130,13060,13040,13020,12980,12980,12950,12990,13000,13090,13230,13340,13440,13520,13520,13600,13680,13760,13830,13900,13980,14000,,
TUI,TUI1101,GENE,waikaremoana,Hydro,Hydro,1999-09-10,6490,6080,6000,5980,5970,6120,6160,6170,6190,6410,6170,6650,20600,20440,20830,19690,18780,19570,19680,19760,19650,20110,20100,19990,18040,20210,20440,20020,20190,20020,20070,19720,20160,20130,20070,20330,20000,19970,19990,20040,20080,20060,20060,20060,19570,5980,5980,5920,,
WHI,WHI2201,CTCT,whirinaki,Diesel,Thrml,1999-09-10,0,0,0,0,0,0,0,0,0,0,0,0,0,0,0,0,0,0,0,0,0,0,0,0,0,0,0,0,0,0,0,0,0,0,0,0,0,0,0,0,0,0,0,0,0,0,0,0,,
WKM,WKM2201,MRPL,whakamaru,Hydro,Hydro,1999-09-10,24010,24090,23330,23430,23620,23500,23500,23530,23830,23930,23440,23540,28200,42460,49700,49570,49760,50410,50430,50520,50540,50770,50700,50540,39710,49180,46470,38920,30210,36350,33590,34290,35070,35210,39600,48520,50530,50640,50780,50870,50940,51000,49120,38880,29060,28740,28350,26440,,
WKM,WKM2201,TUAR,mokai,Geo,Geo,1999-09-10,0,0,0,0,0,0,0,0,0,0,0,0,0,0,0,0,0,0,0,0,0,0,0,0,0,0,0,0,0,0,0,0,0,0,0,0,0,0,0,0,0,0,0,0,0,0,0,0,,
WPA,WPA2201,MRPL,waipapa,Hydro,Hydro,1999-09-10,8040,8190,7020,3570,3740,3700,3690,3760,7580,9430,12490,12660,15030,17300,19070,19230,28530,28550,27740,27720,27390,25710,20670,17850,14900,16740,15060,10810,12100,16350,17070,17020,20340,19730,22120,22600,27320,28480,28780,28610,28650,28550,23220,16750,14620,14600,14400,11700,,
WRK,WRK2201,CTCT,wairakei,Geo,Geo,1999-09-10,84060,84100,84010,83990,84000,83970,83890,83860,83900,83760,83750,83590,83820,83760,83640,83760,83730,84080,84000,83810,83660,83620,83550,83520,83310,83470,83350,83460,83390,83380,83350,83290,83350,83240,83240,83210,83220,83250,82320,81710,82720,83430,83180,83120,83130,83070,83040,83030,,
WTK,WTK0111,MERI,waitaki,Hydro,Hydro,1999-09-10,29790,29350,29670,29900,29830,29530,29480,29890,29830,29780,30240,30300,30770,29770,29490,29980,29380,29920,29940,29570,29790,29960,30240,30940,29650,29790,29660,29640,30240,28850,27370,27360,27650,26740,24880,24850,25210,26300,27400,27120,24880,24820,24800,24690,24750,24050,24800,25190,,
ANI,ANI0111,BOPE,aniwhenua,Hydro,Hydro,1999-09-11,5363,5337,5332,5343,5342,5343,5342,5348,5347,5347,5348,5357,7575,7490,7479,10443,11471,10579,10524,7968,7903,7897,7901,6519,5287,5261,5262,5267,5267,5272,5277,6254,9037,8734,12237,12444,12393,12303,10685,10634,10622,10592,8094,7797,5478,5302,6260,6290,,
ARA,ARA2201,MRPL,aratiatia,Hydro,Hydro,1999-09-11,28080,28080,27960,28120,28090,28150,28080,28190,28110,26690,14230,14320,14620,21730,24960,25210,30030,34790,27090,26380,26240,26050,26300,26430,24740,23210,23490,23740,23350,24250,25900,26030,25540,22840,22780,31810,39410,38160,31450,28250,28370,26630,30600,22950,20620,21000,20600,21090,,
ARG,ARG1101,TRUS,argyle_wairau,Hydro,Hydro,1999-09-11,0,0,0,0,0,0,0,0,0,0,0,0,0,161,4067,5070,5250,5246,5210,5189,5194,5207,5212,5222,5253,5259,995,10,0,0,0,0,0,0,4343,5210,5219,5226,5225,5207,5237,5274,5268,5268,1012,10,0,0,,
ARI,ARI1101,MRPL,arapuni,Hydro,Hydro,1999-09-11,51760,49020,47480,49420,48930,47840,39540,42210,42460,42470,42260,41990,42310,48490,51630,51950,51290,60740,61830,62160,62540,51960,51960,51320,50950,51180,51030,51160,51060,51160,51260,51340,51070,51210,51040,57960,73070,74050,74280,75300,75460,63540,60470,60340,58660,53310,52960,53270,,
ATI,ATI2201,MRPL,atiamuri,Hydro,Hydro,1999-09-11,3550,3440,1780,930,760,900,480,960,920,920,6350,6610,6530,15230,21930,27870,33440,36050,37150,37320,37420,37410,37380,34260,27850,25020,22320,15090,15220,15270,15370,15330,15100,24450,33310,36310,36800,36980,36770,38210,38160,25860,10960,9870,8630,8790,12430,11720,,
AVI,AVI2201,MERI,aviemore,Hydro,Hydro,1999-09-11,33510,32720,32780,33220,33380,33320,33280,33520,33250,33060,33190,33330,33090,50730,51400,51000,52180,52000,53560,52370,53150,53160,53090,53540,52480,53040,53140,52890,53320,51960,54120,53050,53250,55620,55590,57680,82720,84570,86210,61860,53620,78230,66910,54020,58500,42510,34200,34120,,
BEN,BEN2202,MERI,benmore,Hydro,Hydro,1999-09-11,87630,81690,86300,72300,71400,71020,70570,71920,70280,69120,70850,118530,115590,116630,109170,139740,164350,149720,181280,182190,174010,162400,156810,157790,153190,155530,155950,155030,165510,165990,175000,176510,211970,218820,212870,211500,222170,242390,231950,212120,205700,217110,203140,176540,175640,143660,137230,132120,,
BWK,BWK1101,TRUS,waipori,Hydro,Hydro,1999-09-11,2411,0,0,0,149,9185,9882,9906,9894,9900,9900,9900,9888,9894,9906,12394,13400,13436,13406,13424,13418,13430,13424,13424,13418,13430,13424,13430,13430,13436,13424,13442,13436,13418,13424,13430,13418,13430,13424,13418,13430,13436,13442,13430,13448,13442,13436,11959,,
COB,COB0661,CTCT,cobb,Hydro,Hydro,1999-09-11,15890,15860,15850,15900,15890,15890,15890,15900,15890,15880,15870,15890,15840,15880,15880,15870,15870,15860,15890,15870,15880,15880,15880,15890,15860,15880,15880,15870,15880,15850,15900,15870,15870,15880,15870,15860,15870,15860,15890,15840,15860,15880,15880,15870,15870,15870,13600,11540,,
COL,COL0661,TRUS,coleridge,Hydro,Hydro,1999-09-11,14880,14860,14850,14860,14870,14870,14860,14870,14870,14860,14860,14840,14850,14850,14860,14860,14850,14860,14850,14880,14790,14730,14730,14740,14720,14730,14710,14710,14710,14700,14720,14710,14700,14710,14710,14710,14710,14700,14710,14690,14700,14720,14700,14720,14710,14710,14730,14720,,
CYD,CYD2201,CTCT,clyde,Hydro,Hydro,1999-09-11,102700,101530,54710,52230,52300,52260,52210,52390,52140,51960,52030,52310,51920,52080,97250,104610,104670,104320,105210,104530,104870,104940,104860,105190,104340,104800,104940,104680,105080,103990,105730,104810,104720,105210,104550,104670,104540,104450,105400,103920,104530,105220,104940,104920,105020,104730,105070,105000,,
EDG,EDG0331,BOPE,edgecumbe,Gas,Cogen,1999-09-11,1454,1400,1409,1482,1386,1360,1325,1388,1417,1489,1373,1268,1206,1169,1247,1279,1167,1118,1038,985,982,922,818,774,752,725,802,801,792,908,977,985,938,970,1119,1342,1370,1382,1459,1271,1313,1343,1460,1264,1290,1371,1241,1277,,
GLN,GLN0111,ALNT,glenbrook_kilns,Gas,Cogen,1999-09-11,23653,23510,23472,23548,23873,23749,23921,23778,23873,23749,22247,22266,23184,24084,24132,24361,24266,24208,24247,24065,23596,23653,23395,24027,24141,22735,23462,23787,23357,24113,24381,24553,24553,24294,23979,23433,23893,23931,24103,23835,23893,23644,23960,24495,24376,22893,23931,24505,,
HLY,HLY2201,GENE,huntly_1_4,Coal,Thrml,1999-09-11,169500,168920,169620,169430,169300,169870,169620,169770,169530,170030,169730,169710,169020,169540,168580,180590,163360,157090,146500,141740,148160,169220,168160,168610,168440,168700,169500,169420,169920,168210,168660,169860,171100,171160,171160,151010,153260,165510,143600,164140,170510,201690,176520,170040,169390,169560,169390,169490,,
HWA,HWA1101,TRUS,patea,Hydro,Hydro,1999-09-11,216,220,216,220,220,224,220,220,224,220,224,216,216,216,216,216,216,220,216,220,220,220,224,220,224,224,224,224,224,224,224,3783,4466,4446,4474,4470,4466,4462,4462,4462,4466,4498,4521,859,216,220,224,220,,
HWA,HWA1102,KIWI,whareroa,Gas,Cogen,1999-09-11,7945,8097,8289,8401,8512,8576,8720,8697,8839,9016,8816,8960,8832,9104,9534,9471,10413,10261,10062,10245,10381,10334,10134,10348,10254,9894,10302,10780,10302,10182,9246,8433,8625,8672,8608,8209,8081,8529,8201,8225,8384,8680,8130,8192,8002,7714,7816,8018,,
KAW,KAW0111,BOPE,kawerau_geo,Geo,Geo,1999-09-11,2509,2517,2505,2531,2531,2491,2517,2534,2536,2541,2567,2584,2592,2555,2564,2554,2503,2515,2458,2396,2309,2263,2219,2192,2221,2217,2227,2224,2199,2202,2208,2229,2237,2230,2316,2360,2416,2410,2415,2435,2437,2464,2490,2479,2463,2450,2463,2456,,
KIN,KIN0112,CHHE,kinleith,Wood,Cogen,1999-09-11,16558,17393,17146,17321,17363,17595,17687,17672,17797,16266,16952,12003,14468,16852,18146,17513,17508,16475,16438,16466,16229,16770,15052,14192,14414,14414,14531,14219,14214,14785,15022,14743,16735,15356,17966,18071,17587,16884,17687,16500,16842,16431,16084,17004,17049,17256,16840,16725,,
KPA,KPA1101,KAPE,kapuni,Gas,Cogen,1999-09-11,3552,3108,3102,3172,3182,3144,3126,3136,3192,3190,3220,3176,3158,3152,3074,3030,3000,2938,2914,3026,2998,2966,2954,2894,2914,2914,2854,2806,3148,3350,3372,3404,3336,3486,3580,3610,3586,3536,3482,3448,3380,3360,3368,3390,3412,3532,3554,3224,,
KPO,KPO1101,MRPL,karapiro,Hydro,Hydro,1999-09-11,31730,28100,26840,28470,28050,28410,27380,28510,28390,28420,28290,28080,28320,28290,28210,30480,30430,30590,30540,31220,31660,31740,31660,30110,27190,27600,27510,27600,27530,27550,27640,27690,27540,27610,27490,29510,35420,37360,36470,37000,37010,33130,31110,29830,29240,30730,30190,30640,,
KUM,KUM0111,TRUS,Kumara,Hydro,Hydro,1999-09-11,0,0,0,0,0,0,0,0,0,0,0,0,0,0,0,486,1725,1883,1889,1911,1925,1925,1924,1926,1923,1923,1923,1923,1922,1921,1922,1922,1920,1922,1913,1904,1905,1899,1860,1860,1860,1862,855,0,0,0,0,0,,
MAN,MAN2201,MERI,manapouri,Hydro,Hydro,1999-09-11,181830,174020,174950,177380,178200,177620,177610,178720,177570,176450,177170,177820,176790,176770,177450,176310,176180,175380,177620,176010,176600,176960,176430,177430,174860,176490,176650,176370,177240,174080,179370,176930,176480,178120,176190,176430,175580,175490,178040,174800,175490,177930,176680,176950,176810,175870,177120,176410,,
MAT,MAT1101,TRUS,matahina,Hydro,Hydro,1999-09-11,10960,10510,10490,11090,10520,10940,11170,11080,10910,10820,10430,10940,11130,11000,10970,11100,11240,11170,10480,10560,10960,11000,10920,10970,10860,10940,10890,10910,10930,10930,10720,10610,10510,10540,10500,10510,10550,10780,10520,10850,10810,10930,11380,10560,10440,10940,10870,10790,,
MHO,MHO0331,KING,mangahao,Hydro,Hydro,1999-09-11,0,0,0,0,0,0,0,0,0,0,0,0,0,0,0,0,0,0,0,0,0,0,0,0,0,0,0,0,0,0,0,0,0,0,0,0,0,0,0,0,0,0,0,0,0,0,0,0,,
MTI,MTI2201,MRPL,maraetai,Hydro,Hydro,1999-09-11,39970,24200,8200,29370,14980,17580,9660,22890,21480,34740,50520,19880,46470,40960,39650,67200,68570,103740,105500,99290,64600,43480,36770,30660,46150,40950,30910,56850,45470,47820,41230,63710,49240,78130,70810,113780,122000,118830,119220,102460,86230,37490,47050,35870,36890,43310,52540,34920,,
NPL,NPL1101,CTCT,new_plymouth,Gas&Oil,Thrml,1999-09-11,56050,56020,56040,56000,56040,56020,56020,56030,56020,56040,56020,56040,56020,56030,56060,56040,56020,56020,56030,56060,56020,56000,56010,56000,56040,56050,56030,56040,56040,56000,55960,55970,55990,55550,56010,56020,56040,56010,56000,56020,56030,56060,56080,56050,56050,56050,56030,56050,,
NPL,NPL2201,CTCT,new_plymouth,Gas&Oil,Thrml,1999-09-11,114140,114100,114120,114020,113990,113990,114030,113990,113980,113970,113980,114020,113940,114000,114040,114010,113980,114040,114010,114070,113970,113890,113750,113750,113770,113820,113730,113880,113860,113770,113670,113650,113680,113750,113720,113750,113780,113720,113710,113740,113770,113920,113950,113990,114070,114040,114100,114110,,
OHA,OHA2201,MERI,ohau_a,Hydro,Hydro,1999-09-11,97610,96010,95780,74520,74490,59650,54340,55140,54180,53430,34740,20680,47100,80400,72290,70450,69640,68830,70670,69400,69980,70250,67590,68330,66430,54260,45850,23980,8050,3660,6090,9390,9500,31780,91540,89860,107320,116380,117940,88540,72830,87760,89570,84400,70820,40310,52300,60350,,
OHB,OHB2201,MERI,ohau_b,Hydro,Hydro,1999-09-11,86680,80420,90370,67090,57180,45110,34050,17030,16380,15710,24640,41890,62890,63360,57010,58200,55860,62630,64010,62970,63420,63640,54770,51180,36910,36140,35760,34580,34120,29090,19550,18550,18350,21490,38250,65510,76980,93970,86880,81960,69050,75340,78160,74880,50730,35940,58190,48900,,
OHC,OHC2201,MERI,ohau_c,Hydro,Hydro,1999-09-11,87090,80740,90710,67190,57220,41970,32830,18700,16400,15720,24760,42000,63240,63670,55050,53640,63010,62900,64430,63470,62740,61680,52740,50960,37080,36350,36010,32850,31910,27440,20220,19200,19030,22150,38230,64870,77580,94520,91440,79920,66970,73220,76060,73550,50860,36290,58860,46150,,
OHK,OHK2201,MRPL,ohakuri,Hydro,Hydro,1999-09-11,9270,8010,6290,5500,5380,5600,4990,5640,5610,4530,0,4640,5270,23100,27290,30220,48010,52310,51640,51910,52360,52420,52180,46490,39810,39760,39610,39600,28430,28530,27620,27650,27580,27720,40550,48960,54240,54130,54030,53960,53210,17410,14730,14240,19670,14180,18440,19460,,
OKI,OKI2201,CTCT,ohaaki,Geo,Geo,1999-09-11,22970,22860,22820,22740,22850,23130,23250,23130,22930,22930,22860,22950,23460,23490,23290,22970,22970,22920,22990,23210,23000,22680,22350,22130,22750,22320,22420,22480,22410,22390,22250,22160,21970,22120,22470,22680,22620,22460,22220,22220,22380,22910,22690,22570,22200,22250,22260,22600,,
OTA,OTA2202,CTCT,otahuhu_b,Gas,Thrml,1999-09-11,0,0,0,0,0,0,0,0,0,0,0,0,0,0,0,0,0,0,0,0,0,0,0,0,0,0,0,0,0,0,0,0,0,0,0,0,0,0,0,0,0,0,0,0,0,0,0,0,,
OTA,OTA2221,CTCT,otahuhu_a,Gas,Thrml,1999-09-11,0,0,0,0,0,0,0,0,0,0,0,0,0,0,0,0,0,0,0,0,0,0,0,0,0,0,0,0,0,0,0,0,0,0,0,0,0,0,0,0,0,0,0,0,0,0,0,0,,
PPI,PPI2201,MRPL,poihipi,Geo,Geo,1999-09-11,800,880,900,880,860,850,850,850,840,860,860,850,800,2080,18100,18260,18170,18100,18060,17880,17850,17820,17710,17690,17730,17810,17830,17800,17770,17740,17740,17740,17750,17740,17750,17750,17730,17740,17800,17820,17830,17820,17790,17790,17760,17770,17720,16620,,
ROT,ROT1101,TRUS,wheao_flaxy,Hydro,Hydro,1999-09-11,7404,7402,7376,7400,7426,5784,3444,3500,3528,3528,3516,3662,3954,3982,3996,3986,4114,6238,7542,7332,7254,6862,6878,7336,8508,8894,4768,5446,5478,5462,5616,5984,6094,6126,8231,10773,10562,10348,9844,8422,8386,8103,5381,4478,4434,4456,4422,4480,,
ROX,ROX1101,CTCT,roxburgh,Hydro,Hydro,1999-09-11,0,0,0,0,0,0,0,0,0,0,0,0,0,0,0,0,0,0,0,0,0,0,0,0,0,0,0,0,0,0,0,0,0,0,0,0,0,0,0,0,0,0,0,0,0,0,0,0,,
ROX,ROX2201,CTCT,roxburgh,Hydro,Hydro,1999-09-11,78960,79130,60370,59420,41370,39620,39560,39570,39600,39680,39640,39650,39400,39760,39300,56020,75030,79540,79300,79340,79230,79150,79190,79170,78990,79140,79250,78980,79320,79410,79230,79160,79400,79350,79390,79230,79200,79170,79140,79030,79220,79140,79570,79310,79040,79360,79190,79370,,
RPO,RPO2201,GENE,rangipo,Hydro,Hydro,1999-09-11,27500,27320,27330,27310,27290,27320,27320,27320,27320,27320,27330,27320,27330,27330,27320,27320,27330,27320,27330,27320,27320,27330,27320,27330,27320,27320,27320,27320,27320,27320,27320,27310,27330,27310,27320,27320,27320,27320,27320,27330,27320,27310,27320,27320,27320,27320,27330,27310,,
SFD,SFD2201,CTCT,stratford,Gas,Thrml,1999-09-11,168280,173520,170890,162310,162300,162240,162310,162310,162300,162310,162300,162310,171270,163340,174310,174550,174620,174000,163710,173400,170160,173520,173520,172720,172240,172050,171990,170290,172360,172480,172600,172610,172840,173210,173460,173820,174060,174310,174550,174670,174730,175100,174490,174300,174850,175030,173690,162920,,
SWN,SWN2201,TRUS,southdown,Gas,Thrml,1999-09-11,62630,62610,62670,62560,62640,62830,62780,62780,62670,62810,62660,61130,59800,58870,58530,58220,57460,56860,57080,57720,57720,58440,60960,62460,61580,61800,61620,61290,61660,61590,61800,61900,62020,61870,61940,61920,61730,61690,61650,61660,61590,60970,61790,61780,61780,61660,61710,61540,,
TKA,TKA0111,MERI,tekapo_a,Hydro,Hydro,1999-09-11,11110,10760,10780,11020,11070,10980,10500,10610,10480,10390,10440,10550,10360,10440,10450,10370,10370,10290,10550,10350,10700,10980,10940,11030,10790,10910,10950,10880,10990,10670,11170,10930,10880,11030,10840,10890,10860,10840,11100,10690,10830,10700,9950,10380,10970,10890,11000,10970,,
TKB,TKB2201,MERI,tekapo_b,Hydro,Hydro,1999-09-11,76440,73880,73700,74920,75780,75310,75400,75780,75320,74600,74780,74820,75360,74230,75070,74510,74210,73890,75040,74680,74680,74980,74810,75330,74150,74810,74760,74720,75090,73260,75860,75260,74470,75460,74420,74450,74360,74110,75380,75000,74630,76350,75710,76120,75930,75380,76290,75590,,
TKU,TKU2201,GENE,tokaanu,Hydro,Hydro,1999-09-11,2380,0,0,0,0,0,0,0,0,0,0,0,0,0,0,0,24590,29720,55290,56020,56410,56170,56490,56380,56280,29350,26880,0,0,0,0,0,24930,27520,27720,53270,56220,56420,56060,55910,28420,28330,27990,27550,0,0,0,0,,
TMU,TMU1101,GENE,te_awamutu,Gas,Cogen,1999-09-11,14080,14070,14110,14150,14170,14240,14280,14310,14320,14350,14400,14440,14530,14600,14560,14390,14250,14110,13900,13770,13640,13480,13350,13270,13160,13130,13080,13060,13030,13000,12990,13010,13040,13060,13030,13060,13110,13160,13220,13290,13390,13410,13450,13470,13500,13520,13490,13520,,
TUI,TUI1101,GENE,waikaremoana,Hydro,Hydro,1999-09-11,6130,6050,5650,6200,6050,6150,5830,6210,6160,6180,6140,6040,6130,6110,6360,7410,6830,6670,6500,6780,6830,6370,6340,6320,4650,4730,4700,4760,4700,4710,4790,4410,4080,4130,4460,5570,5910,5870,4770,5270,5480,4650,4370,4350,4260,4290,4150,4260,,
WHI,WHI2201,CTCT,whirinaki,Diesel,Thrml,1999-09-11,0,0,0,0,0,0,0,0,0,0,0,0,0,0,0,0,0,0,0,0,0,0,0,0,0,0,0,0,0,0,0,0,0,0,0,0,0,0,0,0,0,0,0,0,0,0,0,0,,
WKM,WKM2201,MRPL,whakamaru,Hydro,Hydro,1999-09-11,24870,23910,18280,16510,18370,18520,17950,18490,18410,18070,14010,13830,14010,14080,20380,22400,39670,49390,49200,49360,49650,46950,46470,35630,31920,36090,37300,37290,31930,27280,27500,27610,27420,31770,47100,47700,47870,47990,47620,50400,50590,20850,23410,26610,26100,26290,25890,18650,,
WKM,WKM2201,TUAR,mokai,Geo,Geo,1999-09-11,0,0,0,0,0,0,0,0,0,0,0,0,0,0,0,0,0,0,0,0,0,0,0,0,0,0,0,0,0,0,0,0,0,0,0,0,0,0,0,0,0,0,0,0,0,0,0,0,,
WPA,WPA2201,MRPL,waipapa,Hydro,Hydro,1999-09-11,10110,9990,9350,10240,10010,10240,9590,6800,5880,5900,10260,17570,15950,17000,18080,18430,17870,23490,24580,25770,25980,17910,12820,11470,14250,11260,11190,12540,15780,10650,10680,15730,18150,23460,22920,26440,27770,28160,28180,28040,27810,23340,15290,14620,14260,14380,14130,10940,,
WRK,WRK2201,CTCT,wairakei,Geo,Geo,1999-09-11,83130,82020,80530,82870,83220,83200,83290,83310,83430,83320,83430,83530,83420,83490,83370,83430,83460,83310,83530,83470,83470,83410,83300,83350,83020,83020,83050,83030,83040,82950,83010,82940,82950,82920,83030,83090,83270,83330,83220,82890,82790,82610,83030,82920,83010,83090,83140,83290,,
WTK,WTK0111,MERI,waitaki,Hydro,Hydro,1999-09-11,25330,24490,24520,25120,25250,25160,25080,25330,25020,24790,24930,25100,24820,24870,23020,22270,22280,22080,22660,22240,22450,22510,22440,22690,22060,19950,20000,19870,20120,19340,20560,19950,19870,20200,19760,19850,19730,19720,20350,20220,22200,22720,22480,22490,22540,22320,22570,22530,,
ANI,ANI0111,BOPE,aniwhenua,Hydro,Hydro,1999-09-12,5357,5328,5327,5327,5323,5324,5325,5327,5328,5332,5332,5333,7544,7560,7550,10388,11410,10531,10458,7966,7878,7913,7993,6502,5380,5365,5367,5373,5373,5367,5378,5388,6330,7878,12292,12514,12464,12404,10634,10594,10582,10561,6653,6365,5328,5271,5275,5279,,
ARA,ARA2201,MRPL,aratiatia,Hydro,Hydro,1999-09-12,20810,20970,20980,21060,21010,21000,21160,21050,21200,21110,21410,13020,11870,12050,12140,22810,24780,24210,24710,24790,24420,24230,24440,24450,12700,11900,12240,12310,14280,24510,26130,26430,26340,26490,25870,25940,25420,17170,13300,13540,10650,10730,10440,11830,12310,11430,10670,10800,,
ARG,ARG1101,TRUS,argyle_wairau,Hydro,Hydro,1999-09-12,0,0,0,0,0,0,0,0,0,0,0,0,0,0,4128,4901,4923,4931,4926,4923,4926,4956,4947,939,13,0,0,0,0,0,0,0,0,0,3949,4688,4779,4849,4893,4920,4938,4982,4913,4864,948,10,0,0,,
ARI,ARI1101,MRPL,arapuni,Hydro,Hydro,1999-09-12,45240,40160,40070,40080,39990,39950,40070,39860,39980,39860,40080,39820,37900,38000,37940,38320,38760,36640,35970,36500,36820,37050,39890,50640,51800,50590,48540,48370,48210,46020,47940,49070,48940,49430,50330,57950,57160,61050,65850,67210,67230,67400,66510,59920,53840,49650,49450,49590,,
ATI,ATI2201,MRPL,atiamuri,Hydro,Hydro,1999-09-12,8520,9250,9200,9220,9200,9180,9190,9150,9190,9140,9150,8970,8790,8770,8800,8970,9200,16340,17100,22470,26120,26170,19710,13060,12990,9760,7520,7460,7370,6460,7340,7670,7420,13810,28330,37040,36600,36660,36130,36550,36510,36540,32730,19980,5870,4390,8310,9200,,
AVI,AVI2201,MERI,aviemore,Hydro,Hydro,1999-09-12,47470,34560,33630,33390,33580,29470,13440,22040,23750,18820,24710,24110,30210,36630,35360,37290,36000,43300,43880,43380,44320,43880,43230,42110,42970,44440,44140,44020,43410,43480,43520,44750,41990,44550,30370,59500,86130,85210,85090,85590,85270,76100,75410,55910,41690,40940,41740,42170,,
BEN,BEN2202,MERI,benmore,Hydro,Hydro,1999-09-12,130500,110330,91940,89310,79960,54850,52630,39980,38030,32590,34090,37500,33890,52020,12940,15770,95410,112400,113690,112620,114700,113740,112250,109730,111420,109140,85450,93400,88290,76350,97500,102010,95890,109870,158140,182860,226120,242590,250580,219930,215030,201210,181440,182310,188100,175060,193460,145130,,
BWK,BWK1101,TRUS,waipori,Hydro,Hydro,1999-09-12,2238,0,0,0,0,0,0,0,0,0,0,0,0,0,1685,2084,1994,1994,1994,1982,1935,1935,1994,1988,1958,1941,1929,1935,1929,1935,1994,1994,1988,1994,1970,1976,1988,1964,1953,1970,1958,1941,1958,1976,1953,1988,1953,1964,,
COB,COB0661,CTCT,cobb,Hydro,Hydro,1999-09-12,13750,15870,15870,15870,15870,15880,15860,15860,15870,15870,15870,15870,15880,15870,15840,15880,15850,15870,15870,15860,15890,15870,15860,15840,15860,15880,15880,15870,15870,15860,15870,15870,15830,15880,15840,15870,15870,15860,15860,15860,15870,15870,15870,15850,15870,15860,15870,15880,,
COL,COL0661,TRUS,coleridge,Hydro,Hydro,1999-09-12,14730,14720,14730,14700,14710,14710,14710,14730,14730,14730,14730,14730,14750,14750,14730,14730,14710,14710,14720,14710,14720,14720,14710,14720,14720,14720,14740,14740,14740,14730,14740,14730,14730,14730,14720,14740,14730,14730,14740,14730,14730,14740,14730,14740,14740,14730,14760,14750,,
CYD,CYD2201,CTCT,clyde,Hydro,Hydro,1999-09-12,102550,100630,52210,51990,52060,52290,52070,52060,52050,52090,52310,52150,52180,52230,79590,86600,103590,101730,102060,101760,102270,102020,101650,101020,101520,102320,101690,74590,74200,74250,74260,76610,99900,101330,101010,100960,101140,100590,123320,125770,125230,114910,104770,104440,105150,104480,105070,105480,,
EDG,EDG0331,BOPE,edgecumbe,Gas,Cogen,1999-09-12,1210,1189,1203,1268,1403,1364,1353,1274,1245,1148,1158,1220,1187,1113,1129,1076,1103,1194,1163,1117,1164,1339,1176,1126,1134,1226,1149,1015,959,982,1137,1224,1194,1081,1010,994,1146,1189,1336,1334,1474,1483,1198,1237,1175,1172,1238,1189,,
GLN,GLN0111,ALNT,glenbrook_kilns,Gas,Cogen,1999-09-12,24050,24012,19410,19171,19692,24094,23835,23730,23759,23806,23864,23452,23366,22572,23242,22103,23271,23376,23146,22821,22697,23022,22744,22754,22333,23079,22390,22017,22304,22046,22811,23108,23510,23338,23079,22984,23137,23118,23424,23519,23644,23405,23452,23606,23653,23854,23462,23290,,
HLY,HLY2201,GENE,huntly_1_4,Coal,Thrml,1999-09-12,169110,169540,169560,169600,169320,169170,168780,170360,169470,169480,169330,168450,168210,168550,168670,168860,176870,167290,157880,169680,167760,169280,167540,166780,166910,166790,166940,166840,166930,166770,166840,166680,166490,166700,166080,184040,206070,220770,176430,171750,170950,169750,169560,170020,169800,169300,169370,169860,,
HWA,HWA1101,TRUS,patea,Hydro,Hydro,1999-09-12,216,220,224,224,224,220,224,220,224,220,224,220,216,212,216,216,216,216,212,216,216,216,220,216,220,220,220,220,216,212,216,3767,4446,4446,4482,4470,4470,4466,4462,4470,4466,4470,4470,891,220,220,220,224,,
HWA,HWA1102,KIWI,whareroa,Gas,Cogen,1999-09-12,8352,8744,8912,8840,8800,8752,8497,8312,8488,8473,8353,7944,7626,7586,7554,7298,7474,7274,6586,6308,6467,6355,6171,6156,6355,6443,6627,6819,6730,6436,6316,6394,6172,6467,6779,7170,7162,7426,8122,8544,8688,8784,8657,8288,8257,8648,8529,8624,,
KAW,KAW0111,BOPE,kawerau_geo,Geo,Geo,1999-09-12,2455,2458,2476,2500,2501,2519,2504,2470,2465,2473,2469,2481,2485,2467,2493,2457,2437,2405,2381,2378,2315,2255,2251,2217,2187,2190,2141,2156,2135,2153,2283,2198,2216,2223,2317,2325,2328,2323,2344,2319,2319,2284,2266,2264,2311,2272,2271,2324,,
KIN,KIN0112,CHHE,kinleith,Wood,Cogen,1999-09-12,16194,16655,17204,16887,17114,17179,17223,16942,17044,16022,17081,17558,17124,16874,16284,17617,16765,14780,14129,14952,16064,16037,15386,16104,15845,15775,16451,15860,16229,16361,16109,16059,15523,16144,16418,17089,16485,16024,16426,16523,15977,15860,15261,15431,13182,12476,14361,14802,,
KPA,KPA1101,KAPE,kapuni,Gas,Cogen,1999-09-12,3182,3144,3178,3228,3174,3192,3184,3198,3196,3160,3158,3164,3090,3022,2954,2926,2906,2870,2878,2914,2950,2918,2842,2774,3094,3094,3060,3110,2806,2760,2822,2866,2914,2938,2946,2930,3078,3244,3300,3276,3238,3144,3244,3344,3574,3524,3480,3432,,
KPO,KPO1101,MRPL,karapiro,Hydro,Hydro,1999-09-12,30870,31350,31270,31270,31170,31110,31220,31040,31130,30990,31280,30980,31590,31030,30620,31010,31440,26350,24810,25060,25270,25340,25340,25400,25300,25300,25380,25280,25200,24010,25160,25790,25620,25990,25220,25810,25400,32680,35370,35520,34010,34070,30290,25670,26040,25790,25710,25890,,
KUM,KUM0111,TRUS,Kumara,Hydro,Hydro,1999-09-12,0,0,0,0,0,0,0,0,0,0,0,0,0,0,0,531,1752,1881,1895,1930,1929,1926,1926,1926,1926,1926,1926,1924,1923,1923,1922,1922,1921,1922,1921,1905,1906,1905,1906,1903,1904,1903,832,0,0,0,0,0,,
MAN,MAN2201,MERI,manapouri,Hydro,Hydro,1999-09-12,176190,176170,175420,175920,176110,177400,176060,176660,176200,176480,177430,176470,176620,177360,175720,178280,175730,176240,177010,176470,177650,176780,175090,173730,175190,177540,177250,177060,175930,176020,175780,177310,173950,177990,176930,177630,177610,176040,175340,176470,176790,177120,176170,174720,177220,175140,176340,177560,,
MAT,MAT1101,TRUS,matahina,Hydro,Hydro,1999-09-12,10450,10490,10490,10510,10490,10460,10540,10470,10510,10440,10580,10470,11020,10830,10440,10680,10880,10060,10750,11000,11020,11080,10820,10690,10650,10680,10730,10650,10920,11160,11120,10770,10670,9880,10370,10670,10980,10640,10260,10760,10900,10810,10320,10800,10800,10630,10750,10890,,
MHO,MHO0331,KING,mangahao,Hydro,Hydro,1999-09-12,0,0,0,0,0,0,0,0,0,0,0,0,0,0,0,0,0,0,0,0,0,0,0,0,0,0,0,0,0,0,0,0,0,0,0,0,0,0,0,0,0,0,0,0,0,0,0,0,,
MTI,MTI2201,MRPL,maraetai,Hydro,Hydro,1999-09-12,23290,18920,18590,29070,16230,14010,21560,26670,18520,25430,21570,22120,17270,25180,31190,28200,33740,59040,66160,64990,50730,33650,40180,40800,42730,26290,32350,46390,29270,16910,20330,38150,52440,76400,77310,88780,90010,121500,99590,73470,78120,79200,58830,46420,37080,28050,32340,20980,,
NPL,NPL1101,CTCT,new_plymouth,Gas&Oil,Thrml,1999-09-12,56060,56050,56050,56000,55990,55960,55930,55910,55890,55870,55860,55860,55780,55790,55750,55760,55810,55890,55930,56020,56070,56120,56130,56120,56130,56130,55880,54870,55710,55960,55970,55960,55920,55910,55830,55800,55780,55780,55800,55790,55860,55900,56010,56090,56170,56200,56200,56180,,
NPL,NPL2201,CTCT,new_plymouth,Gas&Oil,Thrml,1999-09-12,114100,114080,114070,114040,114030,113980,113970,113900,113930,113900,113880,113820,113770,113740,113770,113790,113800,113880,113980,114020,114000,114080,114070,114010,114050,114030,114020,112690,113330,113980,113960,113910,113890,113750,113730,113710,113730,113700,113710,113780,113810,113860,113850,113990,113970,113970,114020,114070,,
OHA,OHA2201,MERI,ohau_a,Hydro,Hydro,1999-09-12,66210,66520,72540,51330,49940,37290,31000,28410,28050,28210,29290,44680,76820,80340,78980,81000,79020,79450,80090,79710,80650,94270,95760,94500,94960,96430,96700,96610,95970,95840,95950,96890,95050,107000,116910,118690,118280,117140,116800,117510,98430,76910,75340,71020,65460,33800,33850,34660,,
OHB,OHB2201,MERI,ohau_b,Hydro,Hydro,1999-09-12,62360,51140,60060,37160,35820,34460,30730,21250,20940,21100,21960,35270,49600,50980,47580,69070,71940,81690,97830,96860,88580,79890,77450,76200,77150,79000,78730,78600,73480,73460,73600,75080,74880,92850,97300,97240,96920,95820,95730,88330,75820,63140,63420,55920,44540,38400,35990,34330,,
OHC,OHC2201,MERI,ohau_c,Hydro,Hydro,1999-09-12,62170,50580,60320,36540,33570,34250,30890,21370,21090,21240,22120,35240,49770,51100,47930,69170,72030,84090,96430,95430,87220,78510,76140,74810,75770,77620,77400,77250,72130,72140,73210,75370,75000,92930,97480,98400,98350,97170,97000,90930,77480,64730,63900,56080,44760,36640,35690,34190,,
OHK,OHK2201,MRPL,ohakuri,Hydro,Hydro,1999-09-12,5840,6870,6880,6920,6930,6950,7040,7000,7060,7040,7190,7110,13240,13880,13880,13950,14040,25370,27320,27440,38440,40940,29590,20630,20130,14800,13460,13440,13400,13060,13430,13610,21220,27540,39740,52870,52440,52500,51330,52070,51990,51980,51420,33010,14650,13670,13650,13640,,
OKI,OKI2201,CTCT,ohaaki,Geo,Geo,1999-09-12,22940,22990,22700,22480,22570,23050,22690,22900,22720,22630,22630,22600,22540,22370,22740,22960,22840,22560,22350,22220,22080,22450,22620,22540,22270,22170,22730,22810,23280,23440,23330,23130,22860,23260,23070,23340,23860,23230,23150,23070,23120,23020,23180,23360,23510,23400,23150,23040,,
OTA,OTA2202,CTCT,otahuhu_b,Gas,Thrml,1999-09-12,0,0,0,0,0,0,0,0,0,0,0,0,0,0,0,0,0,0,0,0,0,0,0,0,0,0,0,0,0,0,0,0,0,0,0,0,0,0,0,0,0,0,0,0,0,0,0,0,,
OTA,OTA2221,CTCT,otahuhu_a,Gas,Thrml,1999-09-12,0,0,0,0,0,0,0,0,0,0,0,0,0,0,0,0,0,0,0,0,0,0,0,0,0,0,0,0,0,0,0,0,0,0,0,0,0,0,0,0,0,0,0,0,0,0,0,0,,
PPI,PPI2201,MRPL,poihipi,Geo,Geo,1999-09-12,650,880,900,860,860,870,880,890,890,900,800,690,500,2880,18110,18160,18100,18090,17880,17840,17780,17740,17670,17620,17630,17590,17560,17590,17600,17580,17590,17580,17580,17590,17600,17590,17580,17560,17580,17500,17440,17470,17490,17560,17580,17580,17580,16450,,
ROT,ROT1101,TRUS,wheao_flaxy,Hydro,Hydro,1999-09-12,4458,4466,4464,4482,4480,4498,4518,4506,4540,4523,4553,4518,4498,4522,7026,7474,7482,7426,7450,7441,7381,7410,7462,7394,7418,7440,7446,7408,7780,7856,7906,7872,7818,7940,7915,10311,10496,10732,8556,8428,8302,7816,5734,4442,4420,4444,4436,4448,,
ROX,ROX1101,CTCT,roxburgh,Hydro,Hydro,1999-09-12,0,0,0,0,0,0,0,0,0,0,0,0,0,0,0,0,0,0,0,0,0,0,0,0,0,0,0,0,0,0,0,0,0,0,0,0,0,0,16550,18820,18810,14690,0,0,0,0,0,0,,
ROX,ROX2201,CTCT,roxburgh,Hydro,Hydro,1999-09-12,78900,78610,59450,57700,39580,39490,40620,40500,40540,40430,40540,40660,40700,40800,55430,77280,80090,82020,82250,81850,81900,81560,82090,82000,81890,81660,81270,68790,69420,69380,69280,69230,81890,82050,82000,81880,81950,81920,79590,79110,78910,72870,79010,79190,79130,79190,79180,79430,,
RPO,RPO2201,GENE,rangipo,Hydro,Hydro,1999-09-12,27320,27320,27320,27320,27270,27320,27320,27310,27320,27320,27310,27320,27310,27320,27320,27330,27320,27320,27320,27330,27320,27320,27320,27330,27320,27320,27320,27320,27320,27310,27320,27320,27320,27310,27310,27320,27310,27310,27300,27310,27320,27320,27310,27310,27320,27320,27310,27320,,
SFD,SFD2201,CTCT,stratford,Gas,Thrml,1999-09-12,172530,162850,162790,162790,162860,162790,163700,163830,163760,163830,163760,163830,163770,170650,174120,173760,173510,173210,172960,172730,172530,172110,171810,171810,171380,170770,170650,170780,170220,170470,169980,170350,170410,169860,170470,170660,171200,174130,172730,172300,172300,173570,172180,172050,171990,171620,162780,162850,,
SWN,SWN2201,TRUS,southdown,Gas,Thrml,1999-09-12,61660,61560,61750,61630,61690,61610,61680,61590,61610,61610,61560,61020,59510,59080,59080,59000,58910,58950,58960,59060,60180,60890,61010,61100,61130,61250,61250,61130,61160,61160,61180,61180,61160,61140,61200,61200,61260,61250,61230,61400,61370,61360,61370,61330,61300,61330,61370,61320,,
TKA,TKA0111,MERI,tekapo_a,Hydro,Hydro,1999-09-12,10440,10460,10410,10370,10400,10520,10390,10870,10880,10900,11030,10700,9960,9990,9790,10420,10820,10870,10970,10890,11040,10970,10870,10700,10820,11050,11010,10990,10890,10890,10900,11080,10670,11060,10600,10480,10520,10360,10360,10440,10450,10480,10520,10550,10760,10570,10740,10850,,
TKB,TKB2201,MERI,tekapo_b,Hydro,Hydro,1999-09-12,76160,75460,75470,75670,75450,76130,75380,74820,71180,71550,72430,73370,75660,76050,75250,76350,75190,75390,75750,75770,76170,76160,75490,74470,74810,76190,76330,76200,75570,75440,75530,76420,74520,76170,75380,76630,76200,75660,75220,75530,75760,76320,75460,75070,75980,75430,75770,76350,,
TKU,TKU2201,GENE,tokaanu,Hydro,Hydro,1999-09-12,0,0,0,0,0,0,0,0,0,0,0,0,0,0,0,0,0,0,0,0,0,0,0,0,0,0,0,0,0,0,0,220,28170,28190,27990,28400,55550,55800,56290,55630,28140,28380,28180,28250,26930,0,0,0,,
TMU,TMU1101,GENE,te_awamutu,Gas,Cogen,1999-09-12,13530,13620,13590,13660,13620,13630,13620,13660,13690,13690,13680,13590,13430,13430,13520,13500,13200,13060,12990,12920,12880,12880,12830,12830,12770,12870,12920,12890,13080,12980,12990,13000,12970,12950,12960,12950,13050,13070,13100,13080,13100,13080,13080,13010,13060,13080,13080,13080,,
TUI,TUI1101,GENE,waikaremoana,Hydro,Hydro,1999-09-12,6190,6650,6600,6610,6610,6580,6600,6570,6450,6270,6260,6200,6180,6230,6680,6830,11000,12610,38070,42090,41490,41430,41490,41490,41870,41650,40720,40410,40310,38530,9780,7240,7010,7230,6690,6810,7010,7110,6560,6910,6880,6940,6800,6780,7090,7060,7010,7080,,
WHI,WHI2201,CTCT,whirinaki,Diesel,Thrml,1999-09-12,0,0,0,0,0,0,0,0,0,0,0,0,0,0,0,0,0,0,0,0,0,0,0,0,0,0,0,0,0,0,0,0,0,0,0,0,0,0,0,0,0,0,0,0,0,0,0,0,,
WKM,WKM2201,MRPL,whakamaru,Hydro,Hydro,1999-09-12,18960,21030,20990,21040,20930,20800,21010,21400,24320,24100,24420,24110,23930,24020,23940,14300,13010,23290,24080,33200,36380,36360,27480,24720,24760,17670,15660,11690,11640,10770,11560,12050,11980,22390,47010,48880,48440,48650,47720,48360,48440,48360,42000,33280,15260,14450,22980,19020,,
WKM,WKM2201,TUAR,mokai,Geo,Geo,1999-09-12,0,0,0,0,0,0,0,0,0,0,0,0,0,0,0,0,0,0,0,0,0,0,0,0,0,0,0,0,0,0,0,0,0,0,0,0,0,0,0,0,0,0,0,0,0,0,0,0,,
WPA,WPA2201,MRPL,waipapa,Hydro,Hydro,1999-09-12,8780,7870,7860,7880,7850,7820,7890,7850,7900,7850,7990,7910,7890,7930,7930,8120,8330,16320,19000,19150,19110,19000,14820,13740,13660,13670,12560,10310,10270,9640,10190,10510,12300,16690,24570,27820,27660,27670,27460,27540,27270,25300,20260,18350,14500,10410,10340,10400,,
WRK,WRK2201,CTCT,wairakei,Geo,Geo,1999-09-12,83150,83280,83490,83490,83560,83440,83450,83420,83240,83410,83420,83510,83500,83620,83670,83690,83670,83700,83750,83680,83600,83640,83550,83540,83370,83410,83490,83450,83430,83260,83120,83160,83240,82920,83640,83640,83670,83540,83610,83430,83340,83320,83400,83460,83330,83520,83510,83530,,
WTK,WTK0111,MERI,waitaki,Hydro,Hydro,1999-09-12,22280,22460,22380,22280,22350,22640,22310,22350,22310,22350,23930,24940,24960,25060,24620,25260,24650,24790,25000,24840,25180,25030,24760,24320,24630,25200,25120,25040,24780,24810,24820,25270,24250,25240,24970,25050,25140,24770,24730,24910,25450,27540,27310,29420,30050,29610,30000,30250,,
ANI,ANI0111,BOPE,aniwhenua,Hydro,Hydro,1999-09-13,5277,5277,5277,5282,5282,5282,5287,5287,5287,5533,8876,10808,7981,7515,7504,10428,11443,10582,10594,8026,7915,7921,7925,6492,5372,5358,5367,5378,5378,5380,6469,9520,9128,8003,12258,12448,12477,12436,10690,10644,10632,10622,6648,6325,5378,5317,5237,5261,,
ARA,ARA2201,MRPL,aratiatia,Hydro,Hydro,1999-09-13,10790,10980,10980,4770,3190,3240,3270,3260,3270,5400,12710,14430,14390,14380,14370,14360,14300,14360,14350,17800,24460,21930,17950,18290,17960,18060,18240,18480,18150,24640,27600,27560,27450,27320,27090,24290,19720,25160,28270,32650,31520,29870,21630,24650,27200,27490,27600,27550,,
ARG,ARG1101,TRUS,argyle_wairau,Hydro,Hydro,1999-09-13,0,0,0,0,0,0,0,0,0,0,0,0,0,0,3147,4735,4685,4735,4784,4814,4846,4861,4861,4887,4893,4910,4919,4952,4970,4893,4838,4813,4817,4831,3956,4061,4823,4756,4814,4843,4874,4858,4847,4844,4850,4855,4864,4840,,
ARI,ARI1101,MRPL,arapuni,Hydro,Hydro,1999-09-13,39680,40240,40170,40050,39980,39970,39970,39920,39840,39800,39930,39960,53620,67080,70300,77540,75110,76720,77270,78180,76170,76030,63690,64110,65140,64220,64120,71370,71530,71610,68620,72280,75950,72400,75450,74920,75370,74930,70550,70160,66710,64900,64800,65900,71360,75080,75720,73250,,
ATI,ATI2201,MRPL,atiamuri,Hydro,Hydro,1999-09-13,8490,8930,8880,8900,8890,12290,13970,13910,13900,13790,13820,13680,14660,23180,26590,28880,34160,37020,37120,30210,33820,36320,27050,30760,36620,23550,27200,22630,28810,13110,10850,10520,27720,37200,36970,36940,37060,37100,37230,37290,37390,37420,26040,11820,3400,5090,7970,8870,,
AVI,AVI2201,MERI,aviemore,Hydro,Hydro,1999-09-13,41300,40770,33100,29200,26990,26050,26880,26570,27120,27210,26210,32010,61830,61820,61430,72290,73300,73110,72230,73710,61360,54410,54270,54230,53660,55310,54200,54740,54040,54030,53850,54770,54360,54340,55290,85050,85320,85940,84440,78160,78380,78860,78830,72350,72380,71760,74990,70380,,
BEN,BEN2202,MERI,benmore,Hydro,Hydro,1999-09-13,158320,137880,112600,84300,63720,47230,25230,6890,6430,6610,5970,10140,106880,161550,184590,198910,189300,203460,193860,168480,163340,164410,162880,153940,142130,139060,124620,126290,123150,121800,122200,126170,128800,164760,185110,189970,203950,200560,206220,199460,199440,199620,200490,169960,146260,74910,73760,70690,,
BWK,BWK1101,TRUS,waipori,Hydro,Hydro,1999-09-13,1964,1970,1941,1947,1958,1947,1970,1964,1964,1982,1976,1964,2447,6905,13882,14132,14132,14126,14126,14132,13930,13126,13412,13418,13418,13436,13406,13424,13412,13424,13424,13424,13412,13424,13424,13412,13436,13424,13418,13436,13424,13436,13436,13442,13442,13454,13424,7233,,
COB,COB0661,CTCT,cobb,Hydro,Hydro,1999-09-13,15850,15850,15870,15870,15870,15850,15870,15860,15880,15870,15850,15880,15870,15880,15880,15850,15860,5680,4130,4370,4200,4260,4250,4230,4080,14360,15900,15920,15900,15910,15910,15930,15920,15930,15940,15930,15930,15950,15920,15940,15950,15950,15940,15930,15930,15920,15970,15940,,
COL,COL0661,TRUS,coleridge,Hydro,Hydro,1999-09-13,14760,14760,14750,14750,14740,14750,14740,14750,14740,14760,14750,14790,14750,14760,14760,14750,14750,14730,14730,14740,14740,14730,14730,14740,14740,14760,14740,14760,14750,14740,14750,14750,14750,14740,14750,14760,14740,14780,14770,14770,14760,14770,14770,14750,14750,14740,14760,14750,,
CYD,CYD2201,CTCT,clyde,Hydro,Hydro,1999-09-13,103910,64900,53160,53280,53230,52850,53180,53060,53280,53320,52890,53260,53080,53350,100460,102830,143960,154290,153540,106070,101570,101810,101800,101750,101350,102790,107240,108050,107430,107430,107270,108020,107700,107700,107960,107580,107650,107990,107350,107320,107430,107860,107650,106820,106910,106630,108850,107060,,
EDG,EDG0331,BOPE,edgecumbe,Gas,Cogen,1999-09-13,1111,1051,992,1179,1145,1071,1038,928,836,850,895,884,896,914,949,848,861,856,799,885,861,881,881,963,1032,1088,1095,1065,1136,1280,1285,1328,1335,1404,1343,1254,1208,1207,1127,1038,992,894,960,987,1106,1003,1075,1057,,
GLN,GLN0111,ALNT,glenbrook_kilns,Gas,Cogen,1999-09-13,23318,22237,22496,23251,23266,23285,23385,23481,23452,23481,23510,23175,22496,22763,22955,22792,23500,23472,23615,22687,22811,23156,23481,23826,24381,23328,23816,23730,23749,22869,22448,22610,22075,17998,14975,17510,16793,16821,17596,19472,18840,18506,16898,17989,17443,18247,18151,18113,,
HLY,HLY2201,GENE,huntly_1_4,Coal,Thrml,1999-09-13,169920,170190,169820,169470,169040,169020,168890,168950,169050,169560,163920,163510,150120,163180,175660,255560,224450,187710,199280,276630,352370,369610,369280,357310,357140,313880,267940,232200,220750,218680,219270,308130,298010,311010,249000,261770,261760,275440,213030,194080,193160,192830,193300,193140,193090,192910,192680,192040,,
HWA,HWA1101,TRUS,patea,Hydro,Hydro,1999-09-13,220,224,224,224,224,228,224,224,224,224,224,220,7565,8971,8931,8979,8967,8947,8967,8955,8947,8951,1274,204,204,204,204,208,216,216,216,212,208,9355,13341,13353,13361,13353,13377,13349,13357,13397,13409,13405,1718,216,216,216,,
HWA,HWA1102,KIWI,whareroa,Gas,Cogen,1999-09-13,8424,8386,8728,8712,8888,8808,8856,8967,8705,8504,8329,8185,8049,7882,7992,7746,8130,8968,9038,9048,8880,9000,7642,0,0,0,0,2446,8345,8896,8281,8033,7897,7546,7219,807,1239,1863,1879,2103,1919,2166,2023,2199,5468,6884,6730,5932,,
KAW,KAW0111,BOPE,kawerau_geo,Geo,Geo,1999-09-13,2269,2257,2246,2266,2285,2301,2291,2287,2223,2204,2232,2238,2242,2244,2264,2260,2260,2190,2168,2115,2141,2063,2047,2080,2066,2052,2099,2102,2114,2165,2163,2116,2110,2164,2230,2204,2150,2198,2211,2204,2177,2173,2219,2180,2188,2222,2285,2201,,
KIN,KIN0112,CHHE,kinleith,Wood,Cogen,1999-09-13,14927,15321,15770,14942,14778,17004,16984,16909,16687,15351,14673,15167,13466,11908,13835,13284,11444,13673,13022,13130,13907,13112,13693,13835,12995,14184,16139,16363,16226,16378,16087,16119,16029,16446,16456,16129,16418,16470,17258,17647,16717,16490,16174,18138,18011,17199,16672,16800,,
KPA,KPA1101,KAPE,kapuni,Gas,Cogen,1999-09-13,3368,3474,3372,3320,3320,3078,3100,2946,2970,2974,2934,2942,2978,2986,2934,2928,2920,3060,3060,3064,3194,3184,3208,3424,3386,3384,3322,3440,3372,3244,3070,3014,3006,3096,3130,3268,3252,3416,3420,3578,3540,3638,3678,3738,3522,3640,3570,3534,,
KPO,KPO1101,MRPL,karapiro,Hydro,Hydro,1999-09-13,30890,31870,31780,31630,31700,31690,31680,31630,32220,32310,32340,32320,32160,32260,32430,32590,31320,32170,32420,32960,31880,31940,32120,32180,32180,32340,33910,36540,36550,36820,37590,37400,38470,39990,41310,42510,42610,42380,42730,42460,42610,42580,42430,42590,39090,42640,43250,40960,,
KUM,KUM0111,TRUS,Kumara,Hydro,Hydro,1999-09-13,0,0,0,0,0,0,0,0,0,0,0,0,0,817,2955,3094,3139,3155,3154,3154,3152,3154,3152,3153,3151,2892,2232,1934,1871,1871,1869,1872,1872,2743,3087,3136,3151,3151,3150,3156,3156,3155,2502,1981,1769,0,0,0,,
MAN,MAN2201,MERI,manapouri,Hydro,Hydro,1999-09-13,176370,210330,227520,228360,228800,226870,228410,227590,229040,229690,225590,227190,226180,227070,227640,224550,226170,226610,224970,227200,225890,226510,226230,226340,225170,227590,225930,226920,225740,225040,224770,226620,226500,226490,227260,226710,226710,252800,249820,251290,251440,251970,252100,249840,249940,249120,253000,250580,,
MAT,MAT1101,TRUS,matahina,Hydro,Hydro,1999-09-13,10810,10980,10970,10930,10890,10920,10960,10890,10860,10840,10920,10660,10620,11210,17580,17880,17310,17970,17970,17590,17540,17520,15280,17630,17630,17780,17700,17810,17810,17840,17780,17920,18700,34030,34810,34260,35060,34760,34970,34850,34750,27950,27470,21940,20720,17550,16810,13160,,
MHO,MHO0331,KING,mangahao,Hydro,Hydro,1999-09-13,0,0,0,0,0,0,0,0,0,0,0,0,0,0,0,0,0,0,0,0,0,0,0,0,0,0,0,0,0,0,0,0,0,0,0,0,0,0,0,0,0,0,0,0,0,0,0,0,,
MTI,MTI2201,MRPL,maraetai,Hydro,Hydro,1999-09-13,15670,20270,21380,19630,23790,36180,22330,34210,17310,22430,29050,28220,39980,59930,86140,59560,103690,119780,122880,91910,65060,43570,69270,84470,59730,66280,74800,76310,51960,64970,83070,69350,121940,89910,129410,115490,112930,94940,92060,79520,98060,81170,48090,66610,25600,30330,57850,33700,,
NPL,NPL1101,CTCT,new_plymouth,Gas&Oil,Thrml,1999-09-13,56170,56200,56170,56190,56140,56120,56110,56100,55990,55950,55910,55900,55880,55810,55710,55750,56010,55990,56070,56110,56140,56170,56200,56190,56150,56160,56160,56140,56110,56050,56030,55980,55930,55900,55900,55910,55930,55930,55950,55980,56000,56020,56060,56080,56100,56110,56130,54620,,
NPL,NPL2201,CTCT,new_plymouth,Gas&Oil,Thrml,1999-09-13,113980,113990,114000,114020,113990,113980,113960,113890,113850,113760,113810,113790,113750,113760,113760,113800,113830,113890,113850,113940,73330,49670,48510,48520,48330,48310,48450,48450,48540,48460,48350,48350,48150,48190,48370,62240,63290,63250,62990,63290,63230,63380,63220,63120,62990,63020,63020,63270,,
OHA,OHA2201,MERI,ohau_a,Hydro,Hydro,1999-09-13,36270,36520,33400,30380,29480,14360,13950,13380,14110,14460,29760,69030,87440,88270,88850,116000,117400,117570,116330,117970,117250,117500,117190,117540,116190,119170,117830,118260,117200,116560,116230,118380,117640,117380,118170,117550,117230,118200,116120,97110,65780,56970,79470,67060,55050,31050,28350,26930,,
OHB,OHB2201,MERI,ohau_b,Hydro,Hydro,1999-09-13,44700,26390,17630,14540,17970,11840,14180,11970,19100,19460,33080,49890,50560,57450,77150,96670,97580,97510,96390,98120,97160,97530,97300,97470,96330,99170,97590,98270,92860,91900,89280,95010,96290,97490,98140,97330,97350,98130,96610,86470,65660,45040,69500,53810,46940,16070,6830,6650,,
OHC,OHC2201,MERI,ohau_c,Hydro,Hydro,1999-09-13,41850,27590,17770,14680,19790,12030,14280,13820,19300,19660,32990,49810,50470,57480,77360,96180,96350,96340,95240,96890,95970,96330,96090,96280,95140,97960,96350,97050,91620,90750,90450,96270,96440,96340,96920,96220,96170,96960,96690,86810,65890,45320,69670,54400,47200,15960,6990,7050,,
OHK,OHK2201,MRPL,ohakuri,Hydro,Hydro,1999-09-13,12270,8660,9180,14110,14080,14090,14100,14100,14100,14110,14150,14160,16540,34840,37810,38650,48580,54030,54180,51930,53060,50000,44760,49930,45520,31610,43340,21540,30070,15030,10540,15030,39360,53550,53680,53390,53440,53170,53250,53090,53040,52870,22570,3950,0,0,8780,3380,,
OKI,OKI2201,CTCT,ohaaki,Geo,Geo,1999-09-13,23020,23030,23590,23520,23410,23050,22930,22940,23220,23450,23390,23210,22900,22940,23010,23170,23380,23260,23150,23080,23340,23440,22990,23220,23180,23260,23230,23010,22920,22530,22910,23230,23160,22960,22710,22570,22680,22950,23120,22970,22830,22590,22890,22780,22940,23100,23060,22790,,
OTA,OTA2202,CTCT,otahuhu_b,Gas,Thrml,1999-09-13,0,0,0,0,0,0,0,0,0,0,0,0,0,0,0,0,0,0,0,0,0,2260,0,2880,21220,68780,85540,97960,105360,100420,99310,86020,70850,72040,65190,69840,72050,72040,72050,72100,72050,72090,72050,72100,72040,72050,68260,62110,,
OTA,OTA2221,CTCT,otahuhu_a,Gas,Thrml,1999-09-13,0,0,0,0,0,0,0,0,0,0,0,0,0,0,0,0,0,0,0,0,0,0,0,0,0,0,0,0,0,0,0,0,0,0,0,0,0,0,0,0,0,0,0,0,0,0,0,0,,
PPI,PPI2201,MRPL,poihipi,Geo,Geo,1999-09-13,1210,890,890,840,860,860,860,870,860,870,860,870,650,840,17000,18100,17960,17770,17680,17640,17600,17990,17740,17410,17410,17400,17370,17360,17360,17350,17370,17350,17350,17380,17440,17450,17460,17460,17460,17470,17500,17500,17470,17420,17410,17340,17390,16140,,
ROT,ROT1101,TRUS,wheao_flaxy,Hydro,Hydro,1999-09-13,4428,4510,4494,4482,4466,4468,4480,4482,4474,4468,4398,3936,3972,6878,7454,7456,7624,8136,8304,8394,8324,8320,8329,8361,8284,7446,7410,7430,7424,7398,5140,6506,7798,7890,7964,8274,8438,8396,7718,7412,7386,7378,7388,7400,7390,7433,6983,4446,,
ROX,ROX1101,CTCT,roxburgh,Hydro,Hydro,1999-09-13,0,0,0,0,0,0,0,0,0,0,0,0,0,0,0,0,0,0,0,0,0,0,0,0,0,12060,19790,19850,19790,19860,19890,19930,19910,20000,19870,19840,19790,19810,19820,19770,19880,19880,19770,19830,19810,17850,0,0,,
ROX,ROX2201,CTCT,roxburgh,Hydro,Hydro,1999-09-13,78510,77830,59480,59330,43030,39640,39490,39550,39690,39650,39570,39470,39740,57040,59240,76470,79560,79390,78960,79250,79040,79110,79350,79140,79120,67750,59190,59350,59160,59290,59660,59370,59550,59520,59540,77110,79180,79260,79080,79040,79320,79330,78940,79300,79130,79220,79160,79210,,
RPO,RPO2201,GENE,rangipo,Hydro,Hydro,1999-09-13,27310,27310,27310,27310,27270,27310,27310,27310,27310,27310,27320,27320,27310,27320,27310,27310,27310,27310,27310,27310,27310,27310,27310,27310,27310,27310,27310,27310,27310,27320,27310,27310,27310,27310,27310,27310,27310,27320,27300,27310,27310,27320,27820,28320,29210,29330,29350,30350,,
SFD,SFD2201,CTCT,stratford,Gas,Thrml,1999-09-13,163180,162800,162800,162810,162790,162790,162440,158900,159080,159630,162800,163650,170730,170700,170230,169860,169610,170060,169730,169370,169130,168770,168580,168340,168140,168960,169180,169570,169480,169930,169610,103860,74850,78570,157560,172490,175450,175280,175350,170580,170290,170170,170280,170300,170400,170340,170600,168270,,
SWN,SWN2201,TRUS,southdown,Gas,Thrml,1999-09-13,61330,61370,61350,61180,61130,61170,61020,61040,61150,61090,61090,60890,60990,60940,60850,60750,60850,60750,61060,61010,60900,60720,60850,61210,61270,61230,61300,61280,61250,61040,60880,60740,60560,60620,60840,61130,61250,61380,61680,61820,61740,61680,61650,61680,61610,60750,61160,61350,,
TKA,TKA0111,MERI,tekapo_a,Hydro,Hydro,1999-09-13,10650,10530,10700,10760,10740,10520,10700,10630,10750,10840,10790,11010,10900,11060,11120,10780,10920,10400,9750,9990,9860,9910,9900,9900,9770,10160,10010,10510,10330,10330,10280,10890,10920,10900,10980,10890,10910,11000,10800,10350,9980,9720,7790,3760,3810,3700,4240,3940,,
TKB,TKB2201,MERI,tekapo_b,Hydro,Hydro,1999-09-13,76230,74960,75310,76250,76210,75030,75670,75500,75730,75730,73270,74100,73660,74140,74870,73580,73480,73690,73040,73770,73600,73640,73510,73720,73080,74520,74210,74130,73600,73070,72900,74010,73770,73550,73940,73840,73600,74060,71110,70880,70930,64520,44880,22790,23010,22510,25580,23860,,
TKU,TKU2201,GENE,tokaanu,Hydro,Hydro,1999-09-13,0,0,0,0,0,0,0,0,0,0,0,0,0,0,460,28390,55170,55750,56200,34600,27070,27120,27190,27260,27240,27400,55170,56380,56340,56470,56350,56610,56390,56740,56510,56440,56710,56050,56460,54920,27360,27420,26940,26540,50590,54420,54320,53490,,
TMU,TMU1101,GENE,te_awamutu,Gas,Cogen,1999-09-13,13090,13070,13070,13040,13030,13040,13060,13020,13000,13010,13030,13030,13020,12970,12910,12900,12860,12840,12790,12740,12700,12720,12730,12690,12720,12800,12840,12880,12940,12950,12930,12910,12850,12770,12740,12720,12720,12740,12720,12700,12670,12640,12640,12620,12580,12580,12590,12580,,
TUI,TUI1101,GENE,waikaremoana,Hydro,Hydro,1999-09-13,6980,6920,6780,6710,6620,6600,6610,6610,6600,6570,6590,6590,19930,32820,41310,30550,25280,23410,8190,7620,6650,6400,6640,6640,6600,6630,6620,6640,6630,6640,6640,6660,7270,6930,6960,6940,13920,15080,19760,19560,24270,19370,14640,14650,6910,7800,8360,7100,,
WHI,WHI2201,CTCT,whirinaki,Diesel,Thrml,1999-09-13,0,0,0,0,0,0,0,0,0,0,0,0,0,0,0,0,0,0,0,0,0,0,0,0,0,0,0,0,0,0,0,0,0,0,0,0,0,0,0,0,0,0,0,0,0,0,0,0,,
WKM,WKM2201,MRPL,whakamaru,Hydro,Hydro,1999-09-13,14510,14720,14700,18100,19050,29860,32300,32070,31900,31750,31830,31120,34120,49870,50140,50200,49060,49880,50230,50620,49760,49670,49790,49900,49860,46310,42370,42040,47370,41630,40920,48380,48600,47980,48430,48200,48520,48410,48640,48610,48760,48840,48760,48850,17970,10950,13370,13730,,
WKM,WKM2201,TUAR,mokai,Geo,Geo,1999-09-13,0,0,0,0,0,0,0,0,0,0,0,0,0,0,0,0,0,0,0,0,0,0,0,0,0,0,0,0,0,0,0,0,0,0,0,0,0,0,0,0,0,0,0,0,0,0,0,0,,
WPA,WPA2201,MRPL,waipapa,Hydro,Hydro,1999-09-13,7650,7710,7680,7320,5300,6720,7310,7310,7310,7300,7370,7390,10770,18000,25020,23140,24210,27840,28060,25310,20020,18750,18720,18910,18800,18990,18810,18700,18860,21590,25570,25860,26540,28260,28320,27900,27820,27860,27600,26260,24440,25730,21150,19370,16230,12710,14610,14530,,
WRK,WRK2201,CTCT,wairakei,Geo,Geo,1999-09-13,83490,83550,83810,83730,83780,83770,83690,83770,83640,83810,83810,83780,83850,83800,83850,83800,83620,83780,83790,83830,83710,83750,83710,83680,83600,83580,83580,83550,83530,83540,83490,83470,83380,83430,83380,83240,83290,83200,83280,83220,82940,83010,82990,81070,80600,81600,83280,83110,,
WTK,WTK0111,MERI,waitaki,Hydro,Hydro,1999-09-13,29840,29530,29890,30040,30010,29470,29950,29780,30010,30090,29550,30080,29800,30150,30310,31480,32380,32320,31910,34320,34700,34830,34790,34820,34450,35520,34860,35090,34650,34550,34430,35090,34820,34780,35010,34740,34820,35070,34670,34850,34830,34820,34760,34760,34710,34590,35570,34870,,
ANI,ANI0111,BOPE,aniwhenua,Hydro,Hydro,1999-09-14,5242,5322,9760,12461,10494,7383,7724,11695,12399,11592,7933,9798,12322,12250,12174,12126,12076,12328,11718,12262,12424,12494,12489,12406,12205,12065,12066,11970,12189,12235,12172,12191,12016,11934,12102,12307,12278,12242,12181,12081,12132,12196,12240,12260,12252,12267,12253,12257,,
ARA,ARA2201,MRPL,aratiatia,Hydro,Hydro,1999-09-14,27750,27790,27900,27840,28190,28210,28220,28260,28370,29620,28980,28700,28050,26930,32990,34480,30030,26840,26890,27070,21010,19140,19810,20300,19580,19520,19870,19910,19510,19480,19900,19820,20060,20220,21820,27390,27320,27130,27110,27190,27150,27130,27140,27420,27240,27230,27760,27730,,
ARG,ARG1101,TRUS,argyle_wairau,Hydro,Hydro,1999-09-14,4792,4884,4944,4950,4971,4971,4974,4973,4970,4931,4938,4946,4941,4937,5286,5232,5214,5220,5220,5220,5226,5229,5231,5232,5232,5231,5238,5255,5256,5261,5259,5259,5261,5240,5235,5229,5226,5231,5232,5229,5231,5235,5235,5232,2536,2556,2537,2477,,
ARI,ARI1101,MRPL,arapuni,Hydro,Hydro,1999-09-14,75300,71020,65870,63080,56990,56190,55370,54840,55470,58080,64820,62120,62160,63120,64970,66360,66520,66510,66530,71510,76830,76460,76420,72420,60910,55380,49150,38980,35650,35690,35690,38740,61000,64460,74420,75560,76210,76020,75880,76110,75930,76060,75000,76390,75850,76200,75700,75980,,
ATI,ATI2201,MRPL,atiamuri,Hydro,Hydro,1999-09-14,1180,1120,1080,620,2870,2610,2090,1960,2160,2470,2370,2150,1840,3890,31120,37080,36950,33680,33390,33570,33690,31270,25440,20330,18090,14540,15930,10030,10170,10230,10240,10010,12410,18910,26600,33830,36380,36230,36260,36620,37880,27010,8300,1290,610,710,620,720,,
AVI,AVI2201,MERI,aviemore,Hydro,Hydro,1999-09-14,72890,52940,36750,34270,23280,22780,22530,22030,21730,24770,31040,68610,72490,70670,70490,74130,81900,84040,86160,67020,36320,36380,37540,37720,40600,53180,49010,66040,66240,65080,65070,66070,65470,65800,65690,72870,84760,85770,78420,75120,74970,75220,77940,82450,84980,73240,61890,62270,,
BEN,BEN2202,MERI,benmore,Hydro,Hydro,1999-09-14,115680,99600,99550,100240,109660,101180,100710,99020,98040,98220,94000,105060,151400,210870,164380,200060,206180,205850,143440,127590,124200,124780,124620,123820,117190,118650,123230,135840,138680,134240,110460,112980,111610,112590,111760,123650,174030,207920,204510,204250,203380,203520,202380,198520,193270,112920,139500,128590,,
BWK,BWK1101,TRUS,waipori,Hydro,Hydro,1999-09-14,131,0,0,0,0,0,0,0,0,0,0,0,0,2750,12870,13430,13412,13448,13424,13674,13433,13454,13528,13364,13370,13379,13364,13379,13382,13430,13537,13454,13439,13454,13439,13436,13445,13445,13436,13451,13448,13457,13436,13460,13465,13465,13454,11965,,
COB,COB0661,CTCT,cobb,Hydro,Hydro,1999-09-14,15940,15950,15940,15950,15940,15950,15950,15940,15940,15950,15960,15960,15940,15950,15940,15940,15930,15910,15950,15930,15930,15940,15960,15960,15930,5520,4570,4370,4400,4120,4130,4660,13600,15830,15810,15810,15820,15830,15810,15820,15810,15820,15820,15820,15800,15810,15820,15840,,
COL,COL0661,TRUS,coleridge,Hydro,Hydro,1999-09-14,14740,14750,14750,14750,14750,14750,14750,14750,14750,14750,14750,14770,14780,14770,14760,14750,14430,14370,14450,14450,14450,14380,14270,14260,14260,14230,14210,14200,14210,14210,14200,14230,14320,14300,14310,14290,14290,14290,14310,14290,14310,14300,14310,14310,14320,14310,14320,14320,,
CYD,CYD2201,CTCT,clyde,Hydro,Hydro,1999-09-14,52510,50380,41310,51630,51570,49080,46720,37020,35300,35970,51850,53190,104870,105290,105280,104920,105130,104440,108630,108110,108220,110840,111560,111650,110330,110660,111530,111010,111140,110500,110170,86840,105180,105390,105200,107660,145640,145840,145370,145500,117060,104750,104980,101990,73480,104310,104890,88130,,
EDG,EDG0331,BOPE,edgecumbe,Gas,Cogen,1999-09-14,1075,1117,1066,1000,1051,1115,1086,1064,1062,937,989,980,927,894,991,1011,1066,970,920,927,917,913,980,891,794,899,835,922,982,894,1064,1071,1124,1178,1248,1112,1241,1225,1269,1158,993,1108,1217,1285,1367,1310,1315,1285,,
GLN,GLN0111,ALNT,glenbrook_kilns,Gas,Cogen,1999-09-14,17903,18037,17759,17740,17817,18209,18238,21003,23634,22467,22218,20745,17721,17817,21510,22763,22601,22658,22630,22591,22103,22285,22132,22161,22677,22821,22936,19759,16305,17960,22295,21721,22697,22610,22706,22620,21816,22381,22610,22754,22912,22993,23118,22630,22448,22677,22778,18955,,
HLY,HLY2201,GENE,huntly_1_4,Coal,Thrml,1999-09-14,172880,192720,192290,195490,190350,189470,180140,176370,166740,165700,166180,165280,164910,165320,158280,174550,178280,149060,155600,156940,164950,165520,165400,164560,162430,164860,216550,222010,223760,200280,200670,201460,200580,199620,199660,198970,186070,180490,180500,180300,180440,181170,180830,180910,180930,180750,180530,177600,,
HWA,HWA1101,TRUS,patea,Hydro,Hydro,1999-09-14,216,216,216,220,220,216,216,216,220,216,220,216,7485,8943,8911,8915,8991,8991,8987,8971,8967,8979,1306,212,216,216,216,216,212,216,216,212,459,9175,13313,13369,13349,13361,13409,13389,13413,13409,13397,13369,1090,216,216,220,,
HWA,HWA1102,KIWI,whareroa,Gas,Cogen,1999-09-14,6028,6003,6179,5940,6044,5979,6259,6572,6826,6867,6715,6963,6994,7026,6955,6715,6531,6299,6228,6020,5859,6131,5884,5900,6220,6092,6131,6019,5852,6923,7091,7122,6363,6467,6739,7394,7530,7378,7227,6907,6962,6491,6659,6651,7099,7362,7330,6730,,
KAW,KAW0111,BOPE,kawerau_geo,Geo,Geo,1999-09-14,2227,2239,2208,2158,2141,2178,2204,2231,2239,2274,2340,2348,2427,2454,2476,2466,2393,2389,2416,2400,2363,2268,2177,2051,1989,1939,1919,1872,1938,1946,1906,1950,1979,2027,2065,2170,2222,2255,2288,2263,2288,2417,2455,2403,2427,2439,2454,2407,,
KIN,KIN0112,CHHE,kinleith,Wood,Cogen,1999-09-14,14568,15471,15181,15137,14453,15640,18036,17129,16338,16989,17283,18545,18435,16590,16820,16914,17702,17116,18483,18181,17964,18111,17752,17493,17288,17253,17076,17819,18021,16019,15117,14907,17373,17373,16603,16660,17248,18400,19066,18241,17986,17862,18540,18353,17672,17986,18186,17483,,
KPA,KPA1101,KAPE,kapuni,Gas,Cogen,1999-09-14,3564,3272,3160,3254,3212,3108,2998,3230,3152,3094,3108,3062,2982,3096,3006,3142,3304,3200,3200,2998,2990,2978,2926,3002,2874,2826,2852,2940,2958,2982,2934,2842,2844,2842,2958,3408,3506,3340,3384,3372,3304,3376,3448,3312,3570,3508,3542,3320,,
KPO,KPO1101,MRPL,karapiro,Hydro,Hydro,1999-09-14,42870,42580,42640,40450,44410,43370,42330,45880,47710,47900,47570,45480,44380,44750,46110,46030,46140,46040,46240,46500,46540,46290,46450,45920,43920,45880,45780,45640,45550,45490,45400,45080,45060,45020,44770,44970,44980,44890,44890,45490,45440,45480,44820,45760,45390,45640,45270,43320,,
KUM,KUM0111,TRUS,Kumara,Hydro,Hydro,1999-09-14,0,0,0,0,0,0,0,0,0,0,0,0,0,806,2938,3101,3139,3153,3153,3154,2918,2614,2545,2547,2545,2546,2218,1893,1862,1826,1806,1807,1804,2162,2532,2573,2574,2589,2617,2616,2614,2618,2315,1906,1707,0,0,0,,
MAN,MAN2201,MERI,manapouri,Hydro,Hydro,1999-09-14,250440,250120,250160,250410,250300,250700,250960,250270,249620,251240,252020,251520,251110,251080,250890,250260,250320,249180,251670,250360,250900,250900,252310,252490,249680,249580,251830,250750,250920,249550,249460,250790,250540,250800,250740,250120,251070,251510,250680,251070,250550,250460,251380,250730,250170,249600,251330,251270,,
MAT,MAT1101,TRUS,matahina,Hydro,Hydro,1999-09-14,13650,10510,10910,11520,11230,9400,10340,10910,10940,10950,11070,11660,10280,15060,28380,27790,34250,35310,35140,35330,35360,34950,34930,35100,34870,34910,35100,35270,35300,35300,35240,35040,35190,35200,34960,35050,35080,34980,34980,35050,34960,34960,35800,36070,35060,35330,35080,35320,,
MHO,MHO0331,KING,mangahao,Hydro,Hydro,1999-09-14,0,0,0,0,0,0,0,0,0,0,0,0,0,9520,11770,13620,13900,13860,13830,13840,13740,13660,13560,13450,13360,13230,13120,13000,12880,12760,12640,12520,12160,12040,11920,11770,11720,11530,11630,11610,11480,11400,11260,11160,11070,10920,10860,10720,,
MTI,MTI2201,MRPL,maraetai,Hydro,Hydro,1999-09-14,45870,32880,34550,16770,42310,44250,40530,22120,30740,41510,42400,40910,47950,52350,119750,100080,84150,93560,93400,77160,77090,24710,24210,35500,29050,24730,38850,40550,27540,49020,54320,65590,30560,40840,64440,110260,119170,110610,79090,74720,80210,56620,34360,58030,45730,36250,27680,22420,,
NPL,NPL1101,CTCT,new_plymouth,Gas&Oil,Thrml,1999-09-14,36630,34030,33710,33750,33690,33620,33660,33650,33660,33510,33740,33560,35120,34050,34130,34170,34130,34200,34180,34230,34040,34370,43300,43800,39490,38300,38070,37000,36840,36770,36550,36620,37430,37010,36450,28610,28730,28320,28320,28340,32620,33090,33130,33200,33140,33070,33150,33200,,
NPL,NPL2201,CTCT,new_plymouth,Gas&Oil,Thrml,1999-09-14,63090,63210,63110,63280,63240,62990,63240,63160,63320,63130,63360,62740,63470,63230,63090,63270,62910,63290,63020,63450,63320,63050,53710,53550,57230,58110,58480,58530,59370,60370,59190,58310,63300,63150,63130,48470,48330,48530,48480,48280,60950,63240,63180,63380,63360,63230,63320,63310,,
OHA,OHA2201,MERI,ohau_a,Hydro,Hydro,1999-09-14,26920,13280,9690,9830,9900,5360,4870,4730,4550,4990,5210,5220,17320,72470,87820,103720,103480,102010,97030,94190,91920,92030,88230,85400,81770,82220,85190,83640,83890,82070,67380,68530,68090,68270,68120,67210,71260,112520,119860,93130,57640,37410,37480,34720,31580,4530,5260,5300,,
OHB,OHB2201,MERI,ohau_b,Hydro,Hydro,1999-09-14,27670,21850,18340,18010,8200,5030,4900,4480,4120,4880,5220,4980,13660,49230,68770,90330,97110,95840,98440,75280,67880,63450,64850,65240,62290,62610,65080,64880,66710,65240,65100,66210,63750,63650,63260,62640,67710,92760,90550,66780,31190,28960,28100,26540,25950,4050,5070,5100,,
OHC,OHC2201,MERI,ohau_c,Hydro,Hydro,1999-09-14,27830,22020,18500,18430,8300,5170,5070,4630,4270,5040,5380,5140,13820,47970,67960,90060,97220,96020,98560,78550,63320,63580,65070,65430,62450,62850,65240,64090,64400,62960,63370,64960,64480,64780,64430,63790,67820,90860,90680,66430,30690,26560,26980,26670,25780,4080,5140,5150,,
OHK,OHK2201,MRPL,ohakuri,Hydro,Hydro,1999-09-14,0,0,0,0,0,0,0,0,0,0,0,0,1080,6640,39090,47250,47160,53470,53400,53450,53390,43970,36130,29190,20630,20710,20700,20620,20540,20560,20550,20350,20580,25500,25950,43350,51130,50940,50860,49380,49780,34450,9470,1570,1400,1510,1340,370,,
OKI,OKI2201,CTCT,ohaaki,Geo,Geo,1999-09-14,22760,22830,22700,23510,23000,22790,22790,22600,22620,22900,23040,23180,22950,22840,22630,22710,23180,23250,23150,22840,22770,22590,22750,23270,23240,22980,22560,22570,22910,23240,23490,21810,22990,22510,23470,22900,23060,23270,23210,22940,22930,23110,23170,23060,23200,23150,23230,22970,,
OTA,OTA2202,CTCT,otahuhu_b,Gas,Thrml,1999-09-14,62160,65950,72050,72100,72040,72050,72100,72050,72040,72100,72050,64610,72040,72050,72050,72050,94940,99360,99310,99360,99320,99310,99310,99310,99310,99320,99310,86640,89040,99410,99360,99310,99360,99310,99360,98640,73340,72000,72100,72050,72050,72040,72050,72050,72050,72090,72050,63270,,
OTA,OTA2221,CTCT,otahuhu_a,Gas,Thrml,1999-09-14,0,0,0,0,0,0,0,0,0,0,0,0,0,0,0,0,0,0,0,0,0,0,0,0,0,0,0,0,0,0,0,0,0,0,0,0,0,0,0,0,0,0,0,0,0,0,0,0,,
PPI,PPI2201,MRPL,poihipi,Geo,Geo,1999-09-14,890,810,820,880,860,730,580,540,540,810,810,660,540,1300,17640,18020,17790,17760,17690,17620,17600,17600,17580,17580,17560,17510,17520,17560,17550,17560,17580,17550,17540,17540,17560,17560,17540,17530,17560,17550,17550,17550,17470,17420,17480,17500,17330,16040,,
ROT,ROT1101,TRUS,wheao_flaxy,Hydro,Hydro,1999-09-14,4450,4452,4430,4438,4464,4424,4434,4396,4392,4642,4970,5382,9342,9692,11416,11630,9598,8877,8900,9287,9556,9812,9828,10390,10772,11161,11235,11192,11194,11127,10273,10252,10326,10316,10526,10736,10714,9402,8316,7400,7426,7414,7424,5072,4898,4946,4922,4980,,
ROX,ROX1101,CTCT,roxburgh,Hydro,Hydro,1999-09-14,0,0,0,0,0,0,0,0,0,0,0,0,0,0,0,0,0,0,0,0,0,33700,37940,46480,56280,56770,55750,18750,18350,18250,17870,380,12060,0,0,0,0,0,0,0,25820,39940,39880,4410,0,0,0,0,,
ROX,ROX2201,CTCT,roxburgh,Hydro,Hydro,1999-09-14,79500,79040,72260,58180,39580,39520,39560,39510,39520,39530,39790,39890,58920,78720,79310,79050,79420,78970,76370,76040,75710,75010,75500,66180,55880,56520,56350,55490,55250,55290,55450,59550,67600,79470,79420,79420,78320,78400,78220,78220,78350,79350,79100,78310,46220,78000,78880,46690,,
RPO,RPO2201,GENE,rangipo,Hydro,Hydro,1999-09-14,36710,37360,39080,31300,30820,36420,36420,36440,36420,36430,36420,35610,35550,38650,43290,48660,48680,48680,49240,57320,54150,54110,54120,54110,54100,49420,43890,45850,37290,29490,29830,29850,30380,30540,32590,31130,30240,30240,30230,30240,30250,30250,30240,30250,30240,30240,30250,30240,,
SFD,SFD2201,CTCT,stratford,Gas,Thrml,1999-09-14,163340,162740,162250,153420,122770,85710,75820,75830,75820,75830,99180,162430,171630,172230,172600,172190,171510,171080,170660,170170,169870,169620,169080,169080,168700,163290,161830,161400,157260,160360,161760,165120,169380,169500,169800,170110,170110,170180,170350,170350,170110,170110,169810,169870,169920,169630,163770,169860,,
SWN,SWN2201,TRUS,southdown,Gas,Thrml,1999-09-14,61130,61280,61410,61280,61060,61130,61280,61450,61560,61460,61370,61470,60990,59100,58500,58340,58030,57890,58170,58490,59220,59630,60060,60220,60090,60170,60830,60610,60630,60530,60680,60680,60800,60880,60870,60890,60850,60920,61040,61060,61010,61070,60990,60900,61080,61150,61210,61300,,
TKA,TKA0111,MERI,tekapo_a,Hydro,Hydro,1999-09-14,3940,3920,3930,3960,3980,4500,4490,4390,4310,4490,4600,4520,4410,4430,4420,5630,6870,6660,7050,6810,6380,6440,6630,6650,6270,6370,6620,6480,6520,5950,5830,5970,5910,5960,5910,5840,5970,5990,5900,5920,5870,5900,5970,5910,5830,5780,6020,5940,,
TKB,TKB2201,MERI,tekapo_b,Hydro,Hydro,1999-09-14,24060,23780,23840,24030,24080,24100,24220,23750,23070,24170,24640,24360,24190,23700,23700,28870,33480,33260,33930,33600,33820,33780,34320,35350,34010,33430,34600,34860,34590,36270,36950,37230,37230,37140,37200,36960,37150,37460,37120,37210,37050,36970,37290,37140,36960,36740,37330,37330,,
TKU,TKU2201,GENE,tokaanu,Hydro,Hydro,1999-09-14,46710,45390,21380,0,0,39240,46870,52770,54510,54230,54420,54380,55280,52080,47760,72070,72620,72440,71250,75880,80030,79920,80210,84070,84300,73980,13650,24160,13190,20220,42410,94770,99190,98930,97830,98240,98930,98810,98710,98810,98510,98630,98640,72460,71230,71790,71060,62890,,
TMU,TMU1101,GENE,te_awamutu,Gas,Cogen,1999-09-14,12600,12610,12620,12590,12570,12560,12540,12540,12560,12540,12550,12570,12610,12610,12580,12490,12420,12360,12250,12170,12130,11950,11900,11900,11910,11890,11880,11900,11980,11850,11790,11950,12030,12070,12090,12190,12270,12320,12460,12440,12440,12450,12450,12440,12500,12480,12480,12510,,
TUI,TUI1101,GENE,waikaremoana,Hydro,Hydro,1999-09-14,6510,6490,6560,6150,7270,7240,6560,6520,6970,7020,6880,7160,6710,6730,6690,6910,7040,6990,7040,7040,7040,7030,6880,6930,6940,6940,6940,6930,6960,6950,6970,6940,6900,6890,6840,6830,6970,6900,6920,6570,6680,6720,6600,6710,6750,6680,6260,6970,,
WHI,WHI2201,CTCT,whirinaki,Diesel,Thrml,1999-09-14,0,0,0,0,0,0,0,0,0,0,0,0,0,0,0,0,0,0,0,0,0,0,0,0,0,0,0,0,0,0,0,0,0,0,0,0,0,0,0,0,0,0,0,0,0,0,0,0,,
WKM,WKM2201,MRPL,whakamaru,Hydro,Hydro,1999-09-14,14510,14400,16600,20170,23130,25040,24570,24340,24530,24730,24660,24640,36030,37140,47280,48530,48730,48660,48760,48910,48980,48640,48640,36970,35550,35490,26020,18090,30650,16850,16410,16280,16510,36310,42620,48560,48680,48690,48730,48810,48760,48820,30810,13160,18860,17380,18880,16150,,
WKM,WKM2201,TUAR,mokai,Geo,Geo,1999-09-14,0,0,0,0,0,0,0,0,0,0,0,0,0,0,0,0,0,0,0,0,0,0,0,0,0,0,0,0,0,0,0,0,0,0,0,0,0,0,0,0,0,0,0,0,0,0,0,0,,
WPA,WPA2201,MRPL,waipapa,Hydro,Hydro,1999-09-14,16040,11330,9840,7120,8570,11660,13690,13470,13670,13720,13730,13490,17380,18440,26490,28000,27980,27810,27710,27630,27370,18940,9640,7500,7400,7460,9310,17920,16990,12630,13130,17040,15630,12790,20430,23810,25830,26450,26130,22090,24330,22210,18610,15920,24370,13390,12270,8700,,
WRK,WRK2201,CTCT,wairakei,Geo,Geo,1999-09-14,83130,83190,83240,83260,83080,82990,82870,82350,82200,82220,82280,82160,82080,82180,82240,82380,82330,82580,82600,82650,82740,82680,82750,82600,82580,81870,82660,82760,82670,82720,82710,82710,82030,82110,82570,82600,82650,82690,82640,82700,82630,82850,82830,82800,82890,82810,82900,82800,,
WTK,WTK0111,MERI,waitaki,Hydro,Hydro,1999-09-14,34840,34830,34810,34880,34870,32610,32540,32210,31980,32490,32750,32590,32380,32370,32310,32060,32160,31680,32690,32170,32300,32370,32930,33060,31790,29680,30460,30050,30160,29630,29590,30010,29830,29960,29830,29600,29950,30080,29770,29860,29730,29740,30020,29790,29600,28460,27640,27700,,
ANI,ANI0111,BOPE,aniwhenua,Hydro,Hydro,1999-09-15,12222,12192,12181,12167,12151,12127,12166,12207,12197,12172,12156,12141,12111,12091,11920,11892,12114,12327,12348,12343,11476,10899,10453,12215,12549,12502,12426,12404,11579,10617,10634,10625,10518,12078,12406,12384,12388,12383,12371,12368,12356,12378,12393,12389,12398,12393,12394,12383,,
ARA,ARA2201,MRPL,aratiatia,Hydro,Hydro,1999-09-15,19450,14970,15080,15170,15240,15290,15390,22140,25090,24870,24750,24470,24040,24980,30120,32830,27570,25490,25680,18920,14490,14850,15980,16180,15910,15870,16230,21320,22700,22360,11310,7510,4820,4150,5680,15800,23640,25880,28090,27790,27460,18300,14880,14720,15460,15610,13170,11460,,
ARG,ARG1101,TRUS,argyle_wairau,Hydro,Hydro,1999-09-15,2442,2410,2386,2379,2359,2389,2392,2392,2395,2401,2418,3980,3934,3892,5199,5196,5192,5237,5273,5278,5281,5278,5280,5280,1897,39,0,0,0,0,0,0,769,2756,5305,5343,5335,5320,5317,5316,5268,5258,5280,5286,5265,5281,5280,5280,,
ARI,ARI1101,MRPL,arapuni,Hydro,Hydro,1999-09-15,76390,75740,75680,75730,75750,71690,60070,55310,55220,50450,45320,48070,47510,53280,57260,63690,63780,64020,72000,69860,63990,58430,54180,54140,54130,48280,45180,44830,45190,45160,45170,45130,45140,45140,45140,48360,68510,73430,73520,73770,74880,75110,63490,58420,50890,49750,49950,49870,,
ATI,ATI2201,MRPL,atiamuri,Hydro,Hydro,1999-09-15,950,740,740,730,730,2820,5850,8330,9050,12390,17990,19610,19260,21910,34930,35370,35360,35600,35630,35560,35270,31250,17650,12990,10350,8670,8660,10000,14840,15900,15800,15630,15620,24240,32980,37030,37720,37750,37780,37840,36050,21120,20940,15410,14720,14020,14150,14040,,
AVI,AVI2201,MERI,aviemore,Hydro,Hydro,1999-09-15,67940,42750,19330,6800,5250,5320,5420,5490,14020,31350,42530,43990,40290,39100,63780,84570,78670,77680,78670,78440,77600,76550,78280,78840,76630,78770,77780,72040,64930,63380,59080,64410,78350,78710,77540,78020,85430,85170,78710,73320,73070,74540,73610,73510,73140,33440,13860,14810,,
BEN,BEN2202,MERI,benmore,Hydro,Hydro,1999-09-15,141810,137820,126440,94260,78650,75370,68910,53650,50340,50090,49030,111240,127900,137600,133200,187130,164490,150650,135700,132000,151880,168840,164210,159720,165490,163030,176720,193800,158900,145260,169100,188790,197890,214900,220760,221920,224470,222940,207250,190170,143360,133490,130840,130570,129030,90970,112890,57800,,
BWK,BWK1101,TRUS,waipori,Hydro,Hydro,1999-09-15,2143,0,0,0,0,0,0,0,0,0,0,0,0,2798,12936,13436,13430,13424,13454,13430,13436,12989,3596,0,0,0,0,0,0,0,18,1000,12513,13102,13108,12891,13082,13358,13358,13364,13364,13364,13361,13361,13376,13370,13388,8638,,
COB,COB0661,CTCT,cobb,Hydro,Hydro,1999-09-15,15810,15810,15830,15820,15810,15830,15820,15840,15830,15820,15790,15820,15840,15810,15810,15810,15820,15810,15830,15820,15810,15800,15820,10120,7470,14630,15660,15780,15710,7150,15600,15560,15640,15700,15650,15680,15670,15670,15610,15690,15680,15750,15670,15680,15680,15610,15650,15700,,
COL,COL0661,TRUS,coleridge,Hydro,Hydro,1999-09-15,14310,14330,14320,14320,14310,14320,14330,14320,14330,14330,14320,14330,14350,14350,14330,14330,14350,14280,14280,14480,14510,14500,14500,14510,14500,14500,14490,14500,14520,14510,14510,14520,14510,14520,14510,14500,14510,14520,14520,14510,14460,14440,14440,14440,14450,14450,14460,14460,,
CYD,CYD2201,CTCT,clyde,Hydro,Hydro,1999-09-15,102080,101410,53130,1990,0,0,0,0,0,0,0,240,84180,121950,122790,122510,150600,151010,152540,152520,150920,149030,152340,153300,148620,152530,110580,102760,91250,86200,72760,70710,103690,105210,104610,105290,147380,145330,131020,135890,135280,135830,123380,122780,103860,101130,101640,102180,,
EDG,EDG0331,BOPE,edgecumbe,Gas,Cogen,1999-09-15,1292,1216,1174,1165,1121,1080,1030,1050,1056,1115,1114,1066,1057,1071,1100,1024,1013,1123,1053,1054,1157,1234,1322,1291,1385,1158,940,993,1194,1406,1334,1298,1093,1114,1222,1322,1446,1319,1302,1217,1077,1036,982,1008,988,1044,1031,981,,
GLN,GLN0111,ALNT,glenbrook_kilns,Gas,Cogen,1999-09-15,17903,17396,20658,23672,23529,22984,23127,23041,22792,23079,22993,21663,22295,24113,23519,23806,23960,24065,24534,24285,23701,23787,23098,23357,22486,21969,21730,22496,20869,19941,21204,21328,22161,21969,21577,20343,22467,22534,22706,22830,22457,22917,22754,22955,22907,22859,22897,23204,,
HLY,HLY2201,GENE,huntly_1_4,Coal,Thrml,1999-09-15,167180,163720,163990,163530,163520,163870,163780,164930,164840,164820,164850,164780,164470,163920,163280,164530,167230,167430,166940,167130,167170,167170,167120,168240,194910,194880,194760,194830,195260,214500,221270,221890,220410,189610,184660,184400,190600,220160,218760,199120,207390,209910,197070,194810,194560,194820,194560,196060,,
HWA,HWA1101,TRUS,patea,Hydro,Hydro,1999-09-15,216,212,220,220,220,220,224,220,224,224,220,220,212,3787,4430,4418,5252,8939,8947,8937,8919,8883,709,212,212,220,216,216,220,292,216,212,212,7947,13333,13159,13385,13331,13389,13455,13457,13469,13431,13449,13419,1062,228,224,,
HWA,HWA1102,KIWI,whareroa,Gas,Cogen,1999-09-15,6492,6236,6354,6108,6515,6843,7002,7363,7721,7722,7482,7354,6963,6682,6540,6394,6300,6420,6554,6939,7355,6930,6666,6436,6492,6842,7075,6643,6603,6731,6411,6579,6971,6891,6730,6611,6866,6764,6794,6859,7227,7673,7641,7387,8473,10173,11810,12050,,
KAW,KAW0111,BOPE,kawerau_geo,Geo,Geo,1999-09-15,2410,2413,2460,2464,2492,2514,2512,2498,2508,2502,2514,2516,2538,2519,2465,2401,2327,2300,2321,2301,2214,2156,2110,2098,2038,2029,2148,2188,2215,2334,2301,2314,2305,2281,2310,2361,2418,2451,2472,2467,2430,2358,2345,2340,2303,2359,2401,2345,,
KIN,KIN0112,CHHE,kinleith,Wood,Cogen,1999-09-15,16820,18276,18051,17844,16244,15979,17956,17989,18031,17792,17942,18246,16565,17174,17438,17570,17942,18051,18562,18657,18545,17632,17857,17039,17218,17944,18056,17578,16575,17041,17525,17186,17378,17587,18011,17632,17899,17201,16787,17949,18213,18183,17842,18216,18251,18121,15588,14895,,
KPA,KPA1101,KAPE,kapuni,Gas,Cogen,1999-09-15,3158,3110,3056,3042,3066,2992,3066,3062,3216,3220,3250,3256,3184,3190,3144,3034,2934,2926,2930,3026,2966,2962,2950,3060,2652,2918,2938,2906,2966,3046,3044,3102,3098,3008,2970,3002,3006,3010,3036,3046,2998,3026,3008,2986,2970,3022,2986,3004,,
KPO,KPO1101,MRPL,karapiro,Hydro,Hydro,1999-09-15,42490,41830,41820,41950,42040,42100,42790,42410,42400,43080,41730,32320,32200,33050,32660,32430,32450,32510,32520,32500,32360,32400,32770,32750,32730,32720,32700,32420,32600,32590,32520,32440,32320,33230,31700,31050,31160,30800,30930,31180,30440,30450,29900,29910,30780,31220,30360,30280,,
KUM,KUM0111,TRUS,Kumara,Hydro,Hydro,1999-09-15,0,0,0,0,0,0,0,0,0,0,0,0,0,829,2410,2550,2582,2593,2594,2595,2593,2591,2593,2593,2590,2593,2332,1930,1856,1856,1857,1855,1855,2107,2519,2574,2573,2591,2607,2611,2610,2610,2322,1894,1711,0,0,0,,
MAN,MAN2201,MERI,manapouri,Hydro,Hydro,1999-09-15,250560,250170,250530,250300,250110,250500,250700,251340,251030,250890,249500,250520,251850,250700,250480,249820,251490,250610,251490,251730,250680,249050,251110,252240,249110,251170,249950,250960,249390,250510,251250,250460,250710,251550,250010,250660,251030,250700,249140,251280,251040,252450,251120,250710,250940,249520,250060,251350,,
MAT,MAT1101,TRUS,matahina,Hydro,Hydro,1999-09-15,33590,34250,35380,35200,35040,34540,35200,35240,35240,35240,35300,35140,34740,35930,35260,34940,35040,35170,35170,35060,35010,35130,35750,35710,35700,35660,35650,35980,35570,34940,34930,34890,34930,35170,35360,35240,35370,35110,35220,35340,35000,35250,34790,34660,35380,35640,35860,35790,,
MHO,MHO0331,KING,mangahao,Hydro,Hydro,1999-09-15,1020,0,0,0,0,0,0,0,0,0,0,0,0,0,0,0,0,0,0,0,0,0,0,0,0,0,0,0,0,0,0,0,0,0,0,0,0,0,0,0,0,0,0,0,0,0,0,0,,
MTI,MTI2201,MRPL,maraetai,Hydro,Hydro,1999-09-15,52660,23110,27680,32830,38100,21080,28620,26300,11560,12070,30460,23570,31190,62670,107850,95390,93180,104050,99390,73480,41860,40940,49910,52070,29440,43560,61110,24980,48120,45140,37570,59820,45050,46270,51890,103330,124640,140660,93780,109630,82410,58570,53110,33080,23340,20210,35740,34620,,
NPL,NPL1101,CTCT,new_plymouth,Gas&Oil,Thrml,1999-09-15,33140,33130,33120,33030,33060,33550,33280,33260,33180,33230,33260,33140,33290,33260,33310,30850,25880,23490,22930,29890,23460,22050,25250,25580,25710,25870,25810,25830,25850,25780,25930,25810,25760,25780,25850,29560,30540,23020,14900,10,0,0,0,0,0,0,0,0,,
NPL,NPL2201,CTCT,new_plymouth,Gas&Oil,Thrml,1999-09-15,63200,63410,63220,63380,63360,63350,63380,63310,63450,63380,63330,63420,63280,63270,63170,64920,67930,73320,67200,68240,76240,78160,76830,78460,78740,79220,79120,78820,79250,79480,79350,78520,78140,78030,78210,85650,88650,96470,102880,141440,154930,165370,170670,170640,170600,170550,170670,170630,,
OHA,OHA2201,MERI,ohau_a,Hydro,Hydro,1999-09-15,4830,4990,22790,34110,34170,28470,9920,9770,9770,9770,19350,26890,55170,77770,79530,100020,103370,102360,95850,88850,87650,85760,90130,90430,68920,70840,71270,76060,77780,82640,78340,77280,77490,78410,76360,77560,85550,120500,122620,92360,88380,90110,88190,87780,76290,55030,53170,54300,,
OHB,OHB2201,MERI,ohau_b,Hydro,Hydro,1999-09-15,4730,5780,22130,29100,29100,23000,20540,20730,16080,7310,13030,20530,40630,66350,65290,84210,87450,76980,68020,68010,67020,65510,66600,66120,64950,68130,71030,69840,53990,53160,72950,75180,69340,71820,74480,74900,73420,94520,95700,68230,63300,63310,61490,61120,54500,42840,50620,51590,,
OHC,OHC2201,MERI,ohau_c,Hydro,Hydro,1999-09-15,4770,5980,22220,29210,29190,23070,20650,20830,15580,7400,13280,20620,41650,66720,65350,84200,86110,75290,66720,66700,67880,66640,67800,67290,64260,66830,69680,68360,54160,54370,74060,76360,69810,70060,72670,73300,74120,96160,96540,65780,60940,62590,61080,60820,56730,42910,50820,51750,,
OHK,OHK2201,MRPL,ohakuri,Hydro,Hydro,1999-09-15,0,0,0,0,0,2460,8530,7940,8330,17300,27400,27230,26920,30220,48960,52190,52150,52380,52270,40470,39850,34120,14550,11090,10590,11520,24750,26780,21840,21810,21750,21750,21780,32000,40680,52910,54850,54650,54610,54680,51100,28870,27230,20070,20160,17520,14000,14150,,
OKI,OKI2201,CTCT,ohaaki,Geo,Geo,1999-09-15,22950,22980,23260,23260,23190,23010,22830,22630,23110,23500,23500,23160,23170,23000,23490,23810,23490,23170,22660,22740,22690,23260,23270,23110,22850,22710,22770,23230,23280,23190,22930,22640,22630,22940,23200,23110,22880,22710,22780,22840,23050,23330,23080,22960,22830,22870,22780,23080,,
OTA,OTA2202,CTCT,otahuhu_b,Gas,Thrml,1999-09-15,62110,62110,62160,71420,72050,72100,72050,72040,72050,72040,72060,71570,72040,72050,72100,72140,96630,99310,99360,99360,99310,99360,114000,120140,119960,117230,79180,70230,84330,87220,90090,82130,89000,91340,105850,78470,22700,0,0,0,0,0,0,0,0,0,0,0,,
OTA,OTA2221,CTCT,otahuhu_a,Gas,Thrml,1999-09-15,0,0,0,0,0,0,0,0,0,0,0,0,0,0,0,0,0,0,0,0,0,0,0,0,0,0,0,0,0,0,0,0,0,0,0,0,0,0,0,0,0,0,0,0,0,0,0,0,,
PPI,PPI2201,MRPL,poihipi,Geo,Geo,1999-09-15,650,850,830,840,820,810,790,800,810,810,820,610,500,990,15910,18100,18040,17850,17670,17600,17600,17590,17750,17470,17440,17420,17440,17460,17470,17490,17500,17480,17460,17450,17460,17460,17470,17400,17390,17400,17410,17450,17530,17550,17540,17500,17480,16170,,
ROT,ROT1101,TRUS,wheao_flaxy,Hydro,Hydro,1999-09-15,4984,5008,4936,4956,4972,4962,4966,4976,4968,4974,4991,4957,6598,6902,7910,9396,9396,9362,9396,9396,9440,9280,8362,8344,8356,8404,8364,8404,8434,8448,8444,8410,8400,8370,8410,8416,9794,9754,9764,9800,9700,9420,9258,8406,8486,8354,7460,7410,,
ROX,ROX1101,CTCT,roxburgh,Hydro,Hydro,1999-09-15,0,0,0,0,0,0,0,0,0,0,0,0,0,0,0,0,0,0,0,17980,19360,19400,19400,19330,19330,19300,19850,20340,47510,58300,19460,18320,19870,19860,19870,19850,13530,14450,19260,19840,19850,19380,250,0,0,0,0,0,,
ROX,ROX2201,CTCT,roxburgh,Hydro,Hydro,1999-09-15,79150,78500,59480,58580,39720,39910,39550,39680,39590,39610,39540,39890,54380,58810,59460,59560,78810,79070,79540,77730,59250,59630,59660,59210,59730,59680,59840,60500,59450,59810,56460,55150,59630,78730,79510,79360,72020,75070,78550,78960,79050,78830,79120,79120,79370,81550,82160,82020,,
RPO,RPO2201,GENE,rangipo,Hydro,Hydro,1999-09-15,30250,30240,30250,30240,30240,30250,30250,30230,30250,30250,30250,30240,30250,30250,30240,30230,30240,30240,30240,30240,30240,30240,30250,30240,30200,30120,36660,39020,39020,39710,39900,39910,39890,39880,39880,39870,39880,39850,39870,39870,39870,39880,39890,39910,39890,39890,39890,39900,,
SFD,SFD2201,CTCT,stratford,Gas,Thrml,1999-09-15,170340,168770,163280,163350,163280,163280,163290,163280,163280,163290,164320,170900,170770,170800,170640,170590,170290,170170,171200,171390,171140,170960,170470,170110,166700,164260,169680,169740,169620,163040,169440,169560,169860,169930,169980,170170,170230,170410,170660,170590,170360,173940,175650,161760,161830,161770,161820,163050,,
SWN,SWN2201,TRUS,southdown,Gas,Thrml,1999-09-15,61330,61270,61250,61360,61240,61210,61140,61200,61240,61270,61310,60590,59250,58410,58660,58030,57480,57490,57640,59340,59930,60100,60180,60210,60130,60370,60650,60680,60660,60660,60650,60610,60690,60700,60800,60920,61160,61330,61340,61110,60490,59940,60490,60360,60330,60670,60730,60870,,
TKA,TKA0111,MERI,tekapo_a,Hydro,Hydro,1999-09-15,5910,5900,6030,5920,5890,6000,5990,6110,6030,5990,5780,5960,6100,5890,5890,5810,5990,5890,6030,6010,5880,5720,6000,6070,5690,6020,5860,6030,5770,6030,6020,5910,6010,6030,5860,5930,6130,6880,8890,9450,9420,9410,8930,8920,8940,8720,8880,5670,,
TKB,TKB2201,MERI,tekapo_b,Hydro,Hydro,1999-09-15,37380,37160,37280,37210,37130,37230,37490,37540,37490,37320,36920,37050,37580,37270,37060,36820,37370,37150,37260,37570,37260,36570,37120,37730,36770,37210,37140,37400,36980,37100,37580,37350,37160,37620,37040,37140,41780,41800,55870,59300,59200,60300,59400,59060,59160,58400,56720,29450,,
TKU,TKU2201,GENE,tokaanu,Hydro,Hydro,1999-09-15,9760,9790,9770,9910,9940,9870,9860,10040,9980,9960,9870,9870,10010,36750,64080,92900,93420,93190,93520,93670,93960,93300,93620,93790,89000,53270,81440,84650,84580,69880,85030,84630,84700,84640,84710,84520,84700,84360,84570,84640,84340,84600,84320,83710,10690,0,0,0,,
TMU,TMU1101,GENE,te_awamutu,Gas,Cogen,1999-09-15,12530,12570,12600,12610,12580,12630,12640,12640,12630,12640,12650,12660,12660,12640,12620,12610,12550,12470,12340,12270,12300,12160,12140,12130,11980,11940,11930,11910,11900,11920,11910,11910,12000,12010,12080,12170,23930,14300,13300,13350,13450,13460,13490,13440,13500,13540,13590,13620,,
TUI,TUI1101,GENE,waikaremoana,Hydro,Hydro,1999-09-15,7510,7240,7270,7270,7270,7230,7220,7230,7220,7220,7230,6850,6520,6930,7350,7150,10510,10480,11460,11090,9480,9720,10320,10350,11060,10980,11090,10940,11000,10990,11000,11010,11010,7560,6900,7270,7190,7010,7010,7050,6980,6520,6090,7110,7170,6540,6500,6490,,
WHI,WHI2201,CTCT,whirinaki,Diesel,Thrml,1999-09-15,0,0,0,0,0,0,0,0,0,0,0,0,0,0,0,0,0,0,0,0,0,0,0,0,0,0,0,0,0,0,0,0,0,0,0,0,0,0,0,0,0,0,0,0,0,0,0,0,,
WKM,WKM2201,MRPL,whakamaru,Hydro,Hydro,1999-09-15,23070,16690,11830,12150,17470,22990,23510,24870,24770,24750,24760,24680,24570,29580,47650,48430,48450,48640,48650,48640,48170,37450,37030,32140,29470,26270,24110,23490,23980,23880,23710,23750,23800,35490,39750,41190,48920,48970,49160,49360,49170,40830,35840,25630,23950,24130,24360,24250,,
WKM,WKM2201,TUAR,mokai,Geo,Geo,1999-09-15,0,0,0,0,0,0,0,0,0,0,0,0,0,0,0,0,0,0,0,0,0,0,0,0,0,0,0,0,0,0,0,0,0,0,0,0,0,0,0,0,0,0,0,0,0,0,0,0,,
WPA,WPA2201,MRPL,waipapa,Hydro,Hydro,1999-09-15,9900,13130,14390,14560,12000,8690,7470,8540,9290,9400,12870,15110,14850,10230,24580,26320,26390,26380,26440,26290,21080,15270,16190,18330,15370,11410,11390,15430,14170,15140,12210,12680,14090,18420,15920,24310,28220,28710,28820,28860,28330,25460,21110,15800,13650,11130,11310,11260,,
WRK,WRK2201,CTCT,wairakei,Geo,Geo,1999-09-15,82770,82960,82850,82950,82890,82960,82950,82830,82900,82970,82960,82950,82940,83050,82940,82920,82840,82910,82840,82740,82730,82620,82720,82650,82620,82780,82720,82610,82580,82530,81540,82440,82480,82500,82530,82480,82510,82690,82660,82740,82620,82660,82540,82540,82570,82530,82570,82550,,
WTK,WTK0111,MERI,waitaki,Hydro,Hydro,1999-09-15,27360,27320,27640,27390,27270,27520,27570,27870,27650,27550,26970,27410,27890,27290,27270,27080,27620,27320,27640,27700,27330,26820,27600,27900,26720,27640,27200,27680,27000,27630,27720,27350,27590,27730,27220,27430,27500,27260,26740,27530,27380,27950,27410,27340,27410,26790,27250,27690,,
ANI,ANI0111,BOPE,aniwhenua,Hydro,Hydro,1999-09-16,10685,10675,10571,10581,11169,12484,12439,12434,12413,12424,12411,12406,12398,12398,12389,12373,12343,12373,12484,12479,12504,12520,12524,12520,12504,12484,12429,12327,12132,11985,11929,12399,12547,12532,12529,12525,12519,12519,12515,12514,12507,12507,12504,12494,12484,12489,12489,12487,,
ARA,ARA2201,MRPL,aratiatia,Hydro,Hydro,1999-09-16,11370,11420,11350,11540,11510,10920,10950,6540,3240,3250,3330,3350,10440,13720,16450,25410,20580,22670,22200,16390,12190,27400,28630,28550,17170,21840,28320,27680,14700,20430,22940,24370,28130,28630,28600,26500,21780,27430,28310,28130,27960,27770,21400,18540,17350,12300,12540,16180,,
ARG,ARG1101,TRUS,argyle_wairau,Hydro,Hydro,1999-09-16,5281,5281,973,15,0,0,0,0,0,0,0,0,0,3253,5249,5258,5249,5213,5183,5182,5184,5192,5234,5264,1915,1882,1889,1889,1889,1891,1892,1886,1888,1907,5084,5310,5249,5217,5220,5232,5232,5234,5235,5240,5240,5228,5220,5225,,
ARI,ARI1101,MRPL,arapuni,Hydro,Hydro,1999-09-16,59100,55130,55040,48670,55530,55860,55790,55730,55650,57620,65300,71700,71670,73130,76730,68530,66410,66320,66560,66630,66620,66720,66680,66680,66810,66970,66780,66720,66840,66970,66910,66870,76260,77090,77140,70870,74440,76970,77460,77100,77460,78050,78080,78030,76490,83880,88560,86900,,
ATI,ATI2201,MRPL,atiamuri,Hydro,Hydro,1999-09-16,16210,15190,14100,9600,10030,10150,10180,10170,10130,10130,15010,15710,16680,25500,36130,36810,32730,36750,34330,37500,36700,36040,29960,29510,29670,29430,29620,29640,36410,24840,23460,23920,23600,21400,31470,37470,35900,37360,37390,37440,37480,37510,37560,23220,4240,1870,2250,1950,,
AVI,AVI2201,MERI,aviemore,Hydro,Hydro,1999-09-16,13760,13550,14940,14440,14660,14050,14220,15490,14070,13660,14450,12740,27870,58940,43680,78180,78120,78070,78280,78040,77590,72530,69260,68500,67190,28020,24560,30090,35420,48970,49820,55970,64780,68470,67390,70970,83050,85650,84650,56170,77870,56300,52760,53740,52980,53600,53040,54840,,
BEN,BEN2202,MERI,benmore,Hydro,Hydro,1999-09-16,118540,91570,71270,65270,40640,12330,7310,8940,7330,7100,8070,54190,73540,84800,116830,198730,199300,199460,211070,200320,198070,199850,202220,200200,197350,175200,170270,182710,176110,163790,160400,164760,198430,200610,199630,198870,197260,209500,201110,190330,210540,204840,195460,179960,182410,161660,160660,107140,,
BWK,BWK1101,TRUS,waipori,Hydro,Hydro,1999-09-16,137,0,0,0,0,0,0,0,0,0,0,0,0,1941,12709,13251,13358,13352,13352,13358,13602,13430,11102,429,0,0,0,0,0,0,0,0,0,0,137,3167,3363,3346,3346,3346,3346,3346,3131,125,0,0,0,0,,
COB,COB0661,CTCT,cobb,Hydro,Hydro,1999-09-16,15650,15650,15700,15700,15690,15670,15670,15740,15660,15650,15680,15590,15660,15660,15670,15680,15660,15660,15680,15670,15640,14800,4600,4400,6570,15310,15870,15870,15860,15860,15870,15870,15880,15870,15870,15860,15860,15890,15820,15880,15890,15910,15830,15890,15830,15870,15830,15920,,
COL,COL0661,TRUS,coleridge,Hydro,Hydro,1999-09-16,14460,14460,14470,14480,14470,14470,14460,14480,14470,14460,14460,14440,14470,14460,14460,14460,14460,14450,14460,14450,14460,14450,14450,14460,14440,14450,14460,14450,14440,14450,14450,14440,14440,14450,14440,14440,14440,14450,14440,14460,14460,14470,14460,14460,14460,14470,14470,14490,,
CYD,CYD2201,CTCT,clyde,Hydro,Hydro,1999-09-16,11130,0,0,0,0,0,0,0,0,0,0,42680,84600,85350,134920,150780,150590,150630,150750,150580,119880,106370,106810,106420,105830,106310,106430,106140,106120,106090,106280,106410,106380,106540,113690,127610,150720,151270,149940,150840,128490,129150,126690,126550,105660,106470,107610,108930,,
EDG,EDG0331,BOPE,edgecumbe,Gas,Cogen,1999-09-16,916,904,850,928,1011,1096,1142,1084,1129,1089,1122,1141,1085,1198,1246,1330,1288,1142,1105,1012,813,837,858,730,868,927,951,900,1124,1360,1255,956,421,363,265,778,1340,1337,1379,1455,1389,1359,1495,1511,1358,1338,1226,1089,,
GLN,GLN0111,ALNT,glenbrook_kilns,Gas,Cogen,1999-09-16,23290,23156,22371,22247,22610,22524,22601,18132,17979,22917,18946,18113,17807,17434,17539,22443,22453,8325,2354,3292,3110,2670,5990,10363,10836,10454,10162,9688,10085,11377,11219,11324,11631,11942,11942,12075,12085,12123,12056,11989,12085,11932,12209,12162,12190,12324,12496,12544,,
HLY,HLY2201,GENE,huntly_1_4,Coal,Thrml,1999-09-16,179590,168180,167640,168640,167900,169840,170600,171010,171190,171260,171260,171640,170750,171580,171080,180480,194240,173380,171950,171230,170760,170000,170350,173520,204820,202310,178690,167960,168920,168550,169100,168970,169030,169170,169430,233550,274380,292260,278250,249570,189850,170840,171540,171490,164380,149310,157730,149240,,
HWA,HWA1101,TRUS,patea,Hydro,Hydro,1999-09-16,228,228,228,228,228,228,228,228,224,228,224,216,475,8907,8967,8959,8971,8963,8967,8959,8983,8963,8116,212,220,783,13369,13413,13409,13385,13457,13445,13465,13461,13449,13449,13453,13521,13908,13928,13940,13936,13952,14823,14875,14899,14911,14919,,
HWA,HWA1102,KIWI,whareroa,Gas,Cogen,1999-09-16,12656,12800,12624,12162,12344,12210,12392,11331,11132,10900,10334,9958,9917,9734,9559,9622,10038,10325,10405,10261,9622,9248,9200,8791,8664,9063,9024,8784,8823,9391,9495,9470,9886,10142,10102,9814,10142,10093,10118,9958,9958,9606,9384,8918,8808,9248,9414,9415,,
KAW,KAW0111,BOPE,kawerau_geo,Geo,Geo,1999-09-16,2341,2401,2385,2360,2443,2487,2485,2475,2474,2518,2464,2457,2461,2488,2488,2459,2415,2372,2319,2250,2218,2166,2194,2256,2190,2145,2145,2356,2354,2360,2342,2277,2312,2346,2380,2399,2444,2408,2432,2421,2423,2399,2396,2379,2374,2392,2375,2403,,
KIN,KIN0112,CHHE,kinleith,Wood,Cogen,1999-09-16,16844,16266,16204,17764,17376,18478,18079,17807,16019,16735,16857,16874,17717,18410,17819,18226,18575,18368,18924,17518,17994,17752,17131,17829,17712,17368,17697,14977,15386,15755,13937,12342,12302,14952,14229,14438,14192,14553,14112,15802,16373,18176,18642,17777,18231,18535,18637,17797,,
KPA,KPA1101,KAPE,kapuni,Gas,Cogen,1999-09-16,2958,2906,2898,2898,2910,2890,2898,2890,2828,2862,2938,2956,2816,2822,2858,2814,2760,2778,2766,2708,2654,2664,2614,2596,2684,2686,2734,2962,3074,3046,2994,2902,2930,3048,3082,3172,3070,3030,2906,2918,2926,2906,2882,2834,2918,3010,3032,2930,,
KPO,KPO1101,MRPL,karapiro,Hydro,Hydro,1999-09-16,29990,30030,29340,29840,29810,30220,30430,30390,30480,30970,31090,33550,34730,35410,37560,40730,40860,40680,41040,41030,40930,41090,40960,40890,41180,41280,41030,41090,42860,42500,41710,37240,37670,35100,35660,39680,40200,40090,40340,40130,40170,40040,40160,40100,38450,35000,36430,35420,,
KUM,KUM0111,TRUS,Kumara,Hydro,Hydro,1999-09-16,0,0,0,0,0,0,0,0,0,0,0,0,0,817,2422,2534,2559,2565,2565,2565,2564,2565,2565,2564,2564,2564,2332,1908,1831,1821,1820,1822,1822,2125,2526,2562,2561,2562,2561,2592,2595,2594,2385,875,0,0,0,0,,
MAN,MAN2201,MERI,manapouri,Hydro,Hydro,1999-09-16,250420,249920,241420,250430,250530,249420,249990,251340,249960,249540,250200,248460,250820,250220,250330,250880,250390,250620,250810,250510,249980,250680,251840,250290,227090,225160,225330,224440,224220,224160,224230,224350,225540,226430,226500,224320,223440,224490,222980,224320,225310,226490,222470,224830,223310,224430,223200,225880,,
MAT,MAT1101,TRUS,matahina,Hydro,Hydro,1999-09-16,35630,35470,35270,35470,35410,35380,35330,35280,35210,35210,35200,35230,35170,34810,34540,34490,34820,34700,34940,35110,35190,35240,35140,34920,35030,35160,34970,34900,34990,35090,35040,34960,34950,34940,34970,34760,34830,34780,35040,34820,34850,34720,34820,34650,33210,33810,36020,35620,,
MHO,MHO0331,KING,mangahao,Hydro,Hydro,1999-09-16,0,0,0,0,0,0,0,0,0,0,0,0,0,9580,11940,13200,13290,13120,12970,12840,12730,12600,12480,12380,12260,12170,12090,11950,11920,11780,11740,11650,11620,11490,11460,11320,11280,11200,11070,11060,10900,10860,10820,10740,10590,10550,10540,10360,,
MTI,MTI2201,MRPL,maraetai,Hydro,Hydro,1999-09-16,62180,51680,45730,26280,34770,34690,31380,30060,38140,23400,45910,42130,56310,95880,117060,113280,94040,106840,78880,111060,98730,94210,102110,102950,82690,103990,86100,83170,73100,64630,69790,85490,90920,91340,101550,87860,85990,94590,78830,97060,86280,80280,72890,42790,30180,26980,26250,25480,,
NPL,NPL1101,CTCT,new_plymouth,Gas&Oil,Thrml,1999-09-16,0,0,0,0,0,0,0,0,0,0,0,0,0,0,0,0,0,0,0,0,0,0,0,0,0,0,0,0,0,0,0,0,0,0,0,0,0,0,0,0,0,0,0,0,0,0,0,0,,
NPL,NPL2201,CTCT,new_plymouth,Gas&Oil,Thrml,1999-09-16,171200,171390,171430,171380,171400,171430,171330,171290,171190,171110,171120,171210,171170,171380,171390,171260,171360,156060,121530,114630,113470,113600,113740,113770,113510,113540,157770,171020,171330,171380,171370,171350,171400,171300,171320,171290,171310,171300,171310,171330,171300,171340,171360,171380,171430,171430,171420,171430,,
OHA,OHA2201,MERI,ohau_a,Hydro,Hydro,1999-09-16,53490,53020,52100,51590,51810,51220,51450,52760,51270,60390,61150,59540,62460,70940,84080,96030,109750,97910,98080,97620,99950,97850,100710,105780,107800,107570,107930,101300,97200,97150,97600,98000,98040,102720,103040,102380,103480,116400,115690,116660,92090,83280,79370,81000,79500,80510,79430,69810,,
OHB,OHB2201,MERI,ohau_b,Hydro,Hydro,1999-09-16,50830,50540,47690,46980,47210,39800,37970,31190,34940,36820,37510,36020,53520,70440,70560,86520,97360,90920,95270,93560,89200,83250,84090,90340,91590,92620,82730,80170,75470,75090,77880,78190,78300,87950,87980,87530,86320,87730,86050,77710,87780,75010,73730,75700,74190,68000,59550,53460,,
OHC,OHC2201,MERI,ohau_c,Hydro,Hydro,1999-09-16,50960,50710,47470,46680,46880,40120,39080,30870,34580,35530,36170,34670,54050,70890,71060,86150,96540,90090,94500,92780,89190,83830,84600,89660,89740,90760,82760,80630,75950,75530,75810,76450,78650,87580,88000,88170,86930,88370,86760,77940,88100,75350,73550,75270,73520,67060,58830,52460,,
OHK,OHK2201,MRPL,ohakuri,Hydro,Hydro,1999-09-16,20130,15790,13850,14100,14060,14060,14060,14040,14000,14010,21350,16610,22640,37550,53120,53590,48980,54530,46550,54270,53480,52290,51180,51000,51170,41320,40130,39660,45660,26220,20030,32880,24200,30710,44010,52010,46320,52420,53510,53300,53210,53080,52300,29610,6480,0,0,0,,
OKI,OKI2201,CTCT,ohaaki,Geo,Geo,1999-09-16,23250,23350,23200,23000,23080,23410,23140,23720,23410,23270,23050,22850,22920,23370,23510,23200,22890,22760,22820,23060,23280,23150,23000,22670,22990,23050,23290,23200,23010,22990,22880,22850,22850,23260,23180,23250,23100,23050,22800,23660,23770,23750,23480,23260,23140,23190,23350,23660,,
OTA,OTA2202,CTCT,otahuhu_b,Gas,Thrml,1999-09-16,0,0,0,0,0,0,0,0,0,0,0,0,0,0,0,240,14070,49440,52650,7200,0,0,0,0,0,0,0,0,0,0,0,0,0,0,0,0,0,0,0,0,0,0,0,0,0,0,0,0,,
OTA,OTA2221,CTCT,otahuhu_a,Gas,Thrml,1999-09-16,0,0,0,0,0,0,0,0,0,0,0,0,0,0,0,0,0,0,0,0,0,0,0,0,0,0,0,0,0,0,0,0,0,0,0,0,0,0,0,0,0,0,0,0,0,0,0,0,,
PPI,PPI2201,MRPL,poihipi,Geo,Geo,1999-09-16,610,860,850,850,840,820,800,800,800,800,810,790,510,2680,17940,18030,17980,17730,17540,17520,17520,17530,17550,17570,17560,17520,17510,17500,17510,17560,17550,17540,17550,17530,17530,17530,17520,17500,17510,17530,17520,17530,17520,17470,17480,17530,17520,17200,,
ROT,ROT1101,TRUS,wheao_flaxy,Hydro,Hydro,1999-09-16,7396,7190,6784,4991,5003,5068,5398,5406,5674,5742,5742,5740,5739,7198,8319,7879,7943,7948,7938,7856,7896,7912,7910,7948,7902,8232,8382,8438,8392,8426,8410,8404,8386,8730,9390,10750,11741,11691,11586,10710,10800,10758,10248,9510,8446,8350,7359,6213,,
ROX,ROX1101,CTCT,roxburgh,Hydro,Hydro,1999-09-16,0,0,0,0,0,0,0,0,0,0,0,0,0,0,0,0,260,16820,19790,19780,30320,39850,39850,39870,22550,19780,19880,1440,0,0,0,0,0,0,28300,19830,19860,19770,19840,19830,15680,15460,15350,15380,3290,0,0,0,,
ROX,ROX2201,CTCT,roxburgh,Hydro,Hydro,1999-09-16,79260,79030,61550,59050,40070,39430,39710,39930,39630,39390,39790,41190,57020,59560,59530,60930,79130,61090,59260,59320,59320,59430,59320,59310,59290,59380,59510,59500,59410,59550,75570,79500,79270,77150,76090,79480,79400,79200,78950,79040,62970,62120,61740,62070,75800,78990,76890,77600,,
RPO,RPO2201,GENE,rangipo,Hydro,Hydro,1999-09-16,39910,39900,39920,39920,39830,39920,39930,39920,39930,39920,39920,39900,39890,39890,39880,39890,39880,39870,39900,39880,39890,39890,39920,39890,39930,42120,44610,44590,40430,40310,40290,40300,40370,43820,43830,43830,43840,43830,43840,43840,43860,43840,39770,39680,39690,39690,39690,39700,,
SFD,SFD2201,CTCT,stratford,Gas,Thrml,1999-09-16,172570,164260,162310,162250,162310,162300,162320,162240,162310,162250,162260,162260,164130,172190,171930,171820,171930,171680,171570,171570,171330,170780,170410,170720,170770,170720,170910,170830,170710,170660,171150,171450,171330,171330,171200,171070,171280,171330,171370,171570,171570,171760,171990,171880,162320,162300,162260,162830,,
SWN,SWN2201,TRUS,southdown,Gas,Thrml,1999-09-16,60940,60890,60920,60950,60990,60980,61080,61180,61190,61210,61220,61250,59470,58390,58440,58060,57980,58360,57630,58100,55810,46020,31170,31030,30880,31050,31290,31220,31390,31480,31440,31760,32350,30670,30640,30820,31000,30910,30820,34690,38450,50990,57200,58540,59250,59300,60660,61400,,
TKA,TKA0111,MERI,tekapo_a,Hydro,Hydro,1999-09-16,4850,5940,6050,5970,6010,5450,5440,5640,5420,5350,5480,5210,5440,5450,5440,5670,7920,6320,5460,5420,5360,5450,5590,5470,5310,5440,5380,4910,4880,4880,5290,5470,5460,5520,5440,5420,5390,5490,5590,6380,6010,6210,5740,5980,5790,5920,5600,4150,,
TKB,TKB2201,MERI,tekapo_b,Hydro,Hydro,1999-09-16,28950,33540,34010,33980,34010,33810,33860,34330,33860,33640,33750,33150,34050,33670,33740,36600,39920,35160,34540,33810,33600,33860,34280,34060,33490,33890,33970,33700,33690,33670,33770,33890,33930,33890,34050,33760,33590,34060,34590,36110,36510,36860,36010,36250,35820,36090,35830,24660,,
TKU,TKU2201,GENE,tokaanu,Hydro,Hydro,1999-09-16,0,0,0,0,0,0,0,0,0,0,0,0,25660,31290,56210,56750,84210,84040,84570,84530,84550,84700,84430,84560,84850,81190,83820,83980,89930,89600,89350,89180,90050,112310,112690,112420,112930,112540,113050,112720,112790,112410,65910,61870,57400,6530,5940,5940,,
TMU,TMU1101,GENE,te_awamutu,Gas,Cogen,1999-09-16,13610,13640,13720,13790,13850,13860,13850,13810,13760,13860,13800,13810,13840,13770,13680,13530,13380,13550,13700,13680,13500,13390,13340,13340,13620,13840,13730,13680,13720,13710,13730,13770,13520,13500,13370,13450,13550,13690,25260,14660,13220,13280,13280,13330,13350,13390,13410,13480,,
TUI,TUI1101,GENE,waikaremoana,Hydro,Hydro,1999-09-16,6480,6590,6620,6620,6590,6600,6610,6590,6300,6300,6310,6280,7080,6880,6160,6820,11300,11180,11260,10470,10090,10590,10610,11180,10190,10540,10390,10650,10830,10560,10560,10530,10450,6220,6510,6540,6440,6450,6450,6440,6460,6470,6450,6420,6220,6310,6940,6350,,
WHI,WHI2201,CTCT,whirinaki,Diesel,Thrml,1999-09-16,0,0,0,0,0,0,0,0,0,0,0,0,0,0,0,0,0,0,0,0,0,0,0,0,0,0,0,0,0,0,0,0,0,0,0,0,0,0,0,0,0,0,0,0,0,0,0,0,,
WKM,WKM2201,MRPL,whakamaru,Hydro,Hydro,1999-09-16,32890,30520,28590,24540,21750,21810,19590,19560,23120,24400,33290,28490,32320,46520,49890,49730,49850,49910,50100,50160,50210,50310,50300,50340,50400,50470,50330,50260,50310,50360,50290,50190,50170,50200,50150,50010,50060,50140,50350,50260,50320,50300,50400,50330,32350,16700,17430,15510,,
WKM,WKM2201,TUAR,mokai,Geo,Geo,1999-09-16,0,0,0,0,0,0,0,0,0,0,0,0,0,0,0,0,0,0,0,0,0,0,0,0,0,0,0,0,0,0,0,0,0,0,0,0,0,0,0,0,0,0,0,0,0,0,0,0,,
WPA,WPA2201,MRPL,waipapa,Hydro,Hydro,1999-09-16,18880,15870,15890,12580,12520,12470,12450,12000,11940,12780,14600,9690,17210,21920,26480,26840,26950,26990,27040,26960,27060,27110,26990,27760,27800,27750,27580,27500,27260,25570,24730,26950,25380,25010,26600,27220,25860,26590,24410,20790,20970,21580,27220,17760,12040,9600,9280,8420,,
WRK,WRK2201,CTCT,wairakei,Geo,Geo,1999-09-16,82550,82580,82580,82630,82590,82580,82590,82600,82630,82650,82680,82680,82660,82690,82670,82290,81220,80980,81160,81030,80950,80990,80670,80860,81070,81140,81130,81030,81090,81040,81000,80850,80940,80970,80970,81930,82320,82350,82400,82440,82410,82390,82420,82380,82340,82390,82470,82450,,
WTK,WTK0111,MERI,waitaki,Hydro,Hydro,1999-09-16,29200,29570,30190,30000,30090,29800,29870,30450,29810,29650,29950,29180,29960,29880,29870,30010,29870,29890,30810,32380,32170,32450,32850,32540,32060,32420,32500,32310,32250,32250,32380,32500,32500,32550,32500,32320,32210,32600,31840,32340,32630,33140,31850,32480,31910,32310,31890,33120,,
ANI,ANI0111,BOPE,aniwhenua,Hydro,Hydro,1999-09-17,10712,10579,10552,10553,11832,12565,12529,12524,12520,12514,12499,12499,12495,12484,12408,12363,12368,11872,11731,12277,12444,12454,12428,12081,10776,10659,11842,12562,12509,11345,10605,10624,10624,11496,12545,12509,12494,12464,12434,12419,12403,12383,12366,12340,12323,12310,12280,12263,,
ARA,ARA2201,MRPL,aratiatia,Hydro,Hydro,1999-09-17,28190,28230,28170,28100,28070,28050,26920,26440,26520,26440,26210,26210,27210,28230,26310,23430,25730,28080,28690,27140,26970,27130,12670,17200,5730,14660,14620,14630,2250,13280,14380,13510,13640,13590,13620,13660,14290,17510,17390,17430,17270,15400,14470,14460,14450,14440,14440,14420,,
ARG,ARG1101,TRUS,argyle_wairau,Hydro,Hydro,1999-09-17,1007,12,0,0,0,0,0,0,0,0,0,4134,4849,4846,5250,5217,5199,5196,5214,5216,5217,5222,5225,5208,1928,1945,1948,1952,1949,1955,1956,1952,1956,1955,5113,5316,5311,5304,5280,5280,5276,5283,5277,5276,5283,972,12,0,,
ARI,ARI1101,MRPL,arapuni,Hydro,Hydro,1999-09-17,79730,72820,72210,71320,71490,71540,63660,56420,50970,56550,56520,56570,62670,82920,84340,84780,85250,84540,82060,77120,75790,77530,75210,67390,67330,67210,64550,62130,66450,65830,59890,56910,58350,60060,60330,61440,63120,65850,65790,66440,66410,66430,59980,47760,47670,46890,44460,38140,,
ATI,ATI2201,MRPL,atiamuri,Hydro,Hydro,1999-09-17,1960,1780,1580,1330,1410,1440,1490,1510,1570,1450,1260,1110,4360,22470,27940,30710,28920,26860,27950,19400,8850,9430,10600,13050,26800,20930,15320,19700,16620,12380,11440,14920,15760,15630,13810,18720,22010,29170,18160,14840,14960,15030,14060,9520,9480,9980,10170,9290,,
AVI,AVI2201,MERI,aviemore,Hydro,Hydro,1999-09-17,55590,53070,55960,52920,53180,49600,48760,48760,49110,62370,76430,67350,77680,78380,83160,85810,85460,80770,55730,76200,80660,75590,55410,53230,53800,54400,53690,53980,53460,53490,54130,53810,67320,77910,85290,84780,84750,78030,75860,75640,75630,70640,69220,71460,70750,67200,59220,59080,,
BEN,BEN2202,MERI,benmore,Hydro,Hydro,1999-09-17,99260,94650,88010,67840,41450,30830,29400,29520,30080,30140,68660,103060,139030,148180,167890,203160,199470,202620,197420,181620,179810,178640,178330,158980,160370,164650,162740,164050,161350,154610,156550,156250,182120,189140,201040,199700,202360,201280,199740,179140,145410,124240,123280,137390,137030,142360,191940,151840,,
BWK,BWK1101,TRUS,waipori,Hydro,Hydro,1999-09-17,0,0,0,0,0,0,0,0,0,0,0,0,0,1191,3727,3375,3363,3363,3357,3375,3054,417,0,0,0,77,0,0,0,0,0,0,0,0,131,2988,3331,3343,3340,3346,3328,3343,3152,113,0,0,0,0,,
COB,COB0661,CTCT,cobb,Hydro,Hydro,1999-09-17,15900,15830,15810,15850,15860,15860,15890,15880,15890,15880,15850,15830,15850,15860,15900,15880,15840,15850,12840,4180,4420,4340,4480,4360,4470,4560,4430,4450,4330,4370,4500,4800,15710,15750,15740,15710,15720,15790,15760,15760,15750,15730,15730,15740,15710,15750,15720,15760,,
COL,COL0661,TRUS,coleridge,Hydro,Hydro,1999-09-17,14490,14470,14460,14470,14500,14470,14480,14480,14480,14480,14460,14470,14470,14480,14490,14470,14470,14460,14470,14460,14470,14460,13160,12520,12500,12510,12480,12500,12480,12490,12480,12490,12470,12490,12480,12480,12470,12490,12500,12500,12510,12510,12510,12510,12510,12520,12510,12520,,
CYD,CYD2201,CTCT,clyde,Hydro,Hydro,1999-09-17,35510,0,0,0,0,0,0,0,0,0,0,42570,46920,54860,109720,158140,159370,157930,157700,157650,158190,157820,158420,157720,107300,105380,105030,73470,54570,54610,102380,105600,105060,138910,145150,144680,144890,157750,158280,158140,112970,105090,105090,104340,102830,103380,104870,105420,,
EDG,EDG0331,BOPE,edgecumbe,Gas,Cogen,1999-09-17,987,1031,1045,1068,1141,1109,1022,1005,1039,1062,1074,1087,1179,1132,1139,1146,1054,1042,877,838,766,972,1032,923,945,954,983,1092,1002,1014,843,876,784,961,879,899,925,980,1008,1022,1034,1007,1008,1068,1108,1097,1077,1147,,
GLN,GLN0111,ALNT,glenbrook_kilns,Gas,Cogen,1999-09-17,12334,12717,12678,12506,12238,12324,12487,13080,13176,13004,13090,13071,13128,13080,13099,13071,12841,12917,13472,13386,13310,13348,13482,13339,13377,13367,12975,13291,13587,12822,13960,14525,14755,14334,13970,14257,13989,13913,13597,13472,13597,13568,13673,13013,13664,15003,15099,15147,,
HLY,HLY2201,GENE,huntly_1_4,Coal,Thrml,1999-09-17,160270,169900,170450,156710,160880,161410,163600,174500,172470,177110,177640,181310,193420,175460,171690,177050,181420,187560,170830,170610,170530,170060,169580,168930,169140,171400,168450,171010,169340,148480,154130,170960,152390,163830,169730,170000,169880,210990,293910,246680,255580,253240,203100,175570,172670,153540,160640,149260,,
HWA,HWA1101,TRUS,patea,Hydro,Hydro,1999-09-17,14942,14938,14926,14974,14954,14954,14966,14954,14942,14938,14946,14934,14946,14934,14934,14915,14903,14930,14891,14895,14751,14915,14915,14919,14926,14926,14938,14923,14926,14911,14919,14919,14911,14915,14930,14911,14919,14926,14938,14915,14925,14964,14958,14950,14934,14960,14952,14946,,
HWA,HWA1102,KIWI,whareroa,Gas,Cogen,1999-09-17,9798,9902,10318,10246,9926,10053,10565,10924,11523,11508,11530,11491,11579,11451,11394,11388,11370,11444,11522,11236,10860,10916,11244,11036,10749,10548,10486,8504,8520,8545,9008,9583,9950,9583,9231,9000,9207,8848,8664,8378,8504,9630,13534,11619,12241,13047,12560,12928,,
KAW,KAW0111,BOPE,kawerau_geo,Geo,Geo,1999-09-17,2359,2360,2406,2382,2365,2366,2309,2353,2311,2336,2345,2335,2293,2305,2287,2255,2367,2263,2186,2156,2205,2232,2176,2155,2028,2016,2017,2005,1991,2043,2083,2043,2019,2043,2032,2077,2138,2139,2170,2240,2311,2259,2251,2261,2263,2329,2350,2357,,
KIN,KIN0112,CHHE,kinleith,Wood,Cogen,1999-09-17,18430,18378,18291,18111,17438,17707,18370,17859,18739,18261,18173,17827,18507,18505,18191,18016,18378,17508,18565,17919,17827,17388,17448,17418,17687,17031,17351,17725,16790,15463,18425,17520,17742,18111,18011,17313,16887,17455,18408,18547,18398,18208,18251,18405,18330,18114,18849,18742,,
KPA,KPA1101,KAPE,kapuni,Gas,Cogen,1999-09-17,2870,2866,2866,2844,2810,2826,2818,2842,2870,2898,2922,2878,2842,2874,2850,2840,2778,2718,2676,2690,2612,2606,2572,2584,2610,2592,2560,2554,2524,2572,2570,2552,2648,2678,2776,2826,2870,2878,2910,2934,2944,2934,2946,2946,2902,2878,2910,2918,,
KPO,KPO1101,MRPL,karapiro,Hydro,Hydro,1999-09-17,35360,36480,36920,35950,37720,39220,39210,39260,39370,39100,38530,38420,39740,42000,46460,45390,46370,45240,45540,45390,44030,43850,37190,35740,37140,37080,36810,36220,38970,42220,41510,42890,37550,37360,37560,37700,37100,35030,36840,37740,37590,36330,35790,35800,35640,36620,35690,35180,,
KUM,KUM0111,TRUS,Kumara,Hydro,Hydro,1999-09-17,0,0,0,0,0,0,0,0,0,0,0,0,835,2434,2547,2547,2568,2578,2576,2576,2576,2575,2576,2576,2577,2578,2324,1908,1837,1836,1836,1837,1835,2069,2515,2564,2573,2607,2605,2604,2605,2606,2314,850,0,0,0,0,,
MAN,MAN2201,MERI,manapouri,Hydro,Hydro,1999-09-17,227270,223320,222100,223610,224230,223890,224510,223740,224470,224190,223490,223280,223680,224690,225700,224930,223630,224090,197250,212390,226990,195770,220260,225560,226370,226320,180540,211300,226850,228040,228650,228390,226760,226820,227340,226960,226730,228940,228350,227100,227610,227500,227650,227950,227160,227250,227200,228540,,
MAT,MAT1101,TRUS,matahina,Hydro,Hydro,1999-09-17,33650,34640,33900,34390,35590,35600,35590,35420,35410,35170,34610,34500,34930,35420,35320,35320,35550,35490,35810,35490,35800,36220,35370,35130,35060,34970,34820,34800,34030,34160,35090,34970,34500,34660,34840,34910,35570,34250,34280,34820,34670,27150,27270,21890,20910,17750,17750,18160,,
MHO,MHO0331,KING,mangahao,Hydro,Hydro,1999-09-17,980,0,0,0,0,0,0,0,0,0,0,0,0,8290,10880,12080,12240,12060,11930,11780,11680,11540,11530,11360,11360,11230,11180,11120,11040,10840,10830,8810,0,0,0,0,0,0,0,0,0,0,0,0,0,0,0,0,,
MTI,MTI2201,MRPL,maraetai,Hydro,Hydro,1999-09-17,60370,61970,61720,56210,44910,41580,41710,41690,39850,42050,42090,44370,70550,109530,96940,101230,113400,96940,90330,57570,24030,35550,59530,54680,68330,57860,49590,48140,59580,67360,49850,45810,44220,44330,49180,40210,73070,82840,33040,54010,28970,20180,39590,47450,35030,20190,34670,32550,,
NPL,NPL1101,CTCT,new_plymouth,Gas&Oil,Thrml,1999-09-17,0,0,0,0,0,0,0,0,0,0,0,0,0,0,0,0,0,0,0,0,0,0,0,0,0,0,0,0,0,0,0,0,0,0,0,0,0,0,0,0,0,0,0,0,0,0,0,0,,
NPL,NPL2201,CTCT,new_plymouth,Gas&Oil,Thrml,1999-09-17,171470,171370,171420,171460,171410,171450,171420,171440,171470,171420,171420,171410,171390,171430,171520,171230,171470,171490,171470,171390,171520,171410,171450,171470,171420,171470,171470,171450,171360,171430,171420,171360,171380,171400,171390,171390,171410,171390,171370,171330,171390,171420,171410,171450,171400,171440,171400,171470,,
OHA,OHA2201,MERI,ohau_a,Hydro,Hydro,1999-09-17,61620,57690,48650,48520,48790,48630,49050,49020,49320,48890,48420,48510,50770,68560,100760,118350,109310,101010,102400,101810,102720,102080,104120,104740,105570,106410,102650,101450,99440,97770,98730,98380,97000,97640,97650,99980,99800,102420,101600,101110,101320,100310,100400,100820,99780,97370,89430,90500,,
OHB,OHB2201,MERI,ohau_b,Hydro,Hydro,1999-09-17,53200,50360,40630,36060,36370,26260,23940,23900,24270,23760,23160,28560,50830,63230,78730,91170,89360,86900,86300,85970,85920,83310,83620,82810,73890,74320,74540,76700,76370,80560,81310,80990,80070,80610,81620,83830,84530,86650,83620,83160,83210,82450,82430,76160,74510,70820,63960,64820,,
OHC,OHC2201,MERI,ohau_c,Hydro,Hydro,1999-09-17,52320,49570,40490,35720,36020,25750,23630,23600,23950,23440,22860,27970,50310,62290,79020,91130,89570,86110,85660,85450,85990,83340,83850,83010,74010,74550,74770,76920,76430,80760,81550,81200,80300,80870,80090,80950,84790,86890,83870,83410,83470,82650,82720,76570,73890,70520,62890,63550,,
OHK,OHK2201,MRPL,ohakuri,Hydro,Hydro,1999-09-17,0,0,0,0,0,0,0,0,0,0,0,0,9180,30790,46850,53060,46910,45450,45980,33360,19250,13590,13220,15760,33170,11010,17720,27700,26320,19240,15280,19870,20840,15580,13470,18180,32630,48830,40990,41180,36540,22410,22280,22280,12170,12260,12700,8430,,
OKI,OKI2201,CTCT,ohaaki,Geo,Geo,1999-09-17,23470,23290,23010,23030,23070,23290,23680,23480,23190,23000,23280,23240,23370,23470,23360,23170,23160,23090,23030,23140,23330,23470,23310,23120,22800,23360,23190,23440,23810,23690,23190,22860,22900,23470,23530,23330,23120,22970,22870,23370,23800,23580,23220,22970,23080,23230,23550,23430,,
OTA,OTA2202,CTCT,otahuhu_b,Gas,Thrml,1999-09-17,0,0,0,0,0,0,0,0,0,0,0,0,0,0,0,0,0,0,0,0,0,0,0,0,0,0,0,0,0,0,0,0,0,0,0,0,0,0,0,0,0,0,0,0,0,0,0,0,,
OTA,OTA2221,CTCT,otahuhu_a,Gas,Thrml,1999-09-17,0,0,0,0,0,0,0,0,0,0,0,0,0,0,0,0,0,0,0,0,0,0,0,0,0,0,0,0,0,0,0,0,0,0,0,0,0,0,0,0,0,0,0,0,0,0,0,0,,
PPI,PPI2201,MRPL,poihipi,Geo,Geo,1999-09-17,990,860,840,850,800,810,820,830,790,750,750,490,470,1250,17790,18160,18070,18000,17920,17760,17740,17710,17710,17700,17680,17650,17650,17620,17650,17640,17630,17600,17560,17580,17580,17590,17510,17510,17520,17530,17530,17550,17550,17560,17560,17540,17560,16640,,
ROT,ROT1101,TRUS,wheao_flaxy,Hydro,Hydro,1999-09-17,4655,4965,4926,5476,5714,5714,5712,5708,5710,5706,5704,5646,5430,5438,5695,9791,8808,8094,7869,7845,7844,7890,7882,7516,7436,7406,7424,7436,7400,7400,7424,7388,7406,7440,7446,7459,7400,9198,10199,10302,10262,10178,9752,9748,9382,9226,5568,4484,,
ROX,ROX1101,CTCT,roxburgh,Hydro,Hydro,1999-09-17,0,0,0,0,0,0,0,0,0,0,0,0,0,0,0,0,0,0,0,0,0,0,0,0,0,0,0,0,0,0,0,0,0,0,0,0,0,0,0,0,0,0,0,0,0,0,0,0,,
ROX,ROX2201,CTCT,roxburgh,Hydro,Hydro,1999-09-17,79010,77640,59450,58990,39770,39570,39590,39590,39630,39650,39640,39610,38100,39720,39650,39620,74680,79330,79710,97630,99000,99280,99180,98860,98850,99090,98310,98580,99020,99130,99310,99000,99060,94110,92400,92010,92300,80550,79210,79000,78900,79240,79240,80030,81270,81470,79020,79050,,
RPO,RPO2201,GENE,rangipo,Hydro,Hydro,1999-09-17,39700,39710,39710,39710,39710,39710,39700,39720,39710,39710,39700,39680,39670,38640,38390,35930,34790,34480,34440,34460,34460,34440,34460,34440,32460,31910,31880,31870,31900,31570,29360,29310,29230,29550,29730,32930,34160,34160,34140,34160,34150,34160,34160,34170,34150,34160,34160,34160,,
SFD,SFD2201,CTCT,stratford,Gas,Thrml,1999-09-17,170180,166700,162310,162250,162250,162310,162310,162310,162300,162310,162250,162250,167730,169680,169690,169680,169680,169740,169680,163710,162800,162740,162800,162740,162800,160240,143000,147630,160310,157800,112360,124230,118210,105100,111070,129410,160300,152940,114850,110150,152330,159750,158900,114980,110090,110160,110100,111190,,
SWN,SWN2201,TRUS,southdown,Gas,Thrml,1999-09-17,61640,62210,62390,62450,62450,62110,62070,62350,62520,62380,62370,62340,62250,60400,59680,59870,59490,59700,59790,59560,60030,61050,61080,61210,61020,60750,60780,60780,60770,60970,60850,60660,60870,60990,61090,61140,61230,61080,61360,61560,61730,61810,61700,61840,61840,61880,61780,61610,,
TKA,TKA0111,MERI,tekapo_a,Hydro,Hydro,1999-09-17,3750,3310,3190,3390,3420,3400,3480,3480,3540,3450,3350,3330,3380,3470,3600,3560,5620,5910,5870,5850,5950,5880,6010,5900,6000,6060,5490,5520,5440,5450,5550,5510,5360,5420,5420,5320,5360,5550,5470,5430,5460,5370,5360,7360,7310,7460,5750,5480,,
TKB,TKB2201,MERI,tekapo_b,Hydro,Hydro,1999-09-17,22850,21390,20840,21430,21690,21500,21800,21790,21940,21740,21450,21360,21440,21830,22110,22670,36650,36430,36410,36410,36410,36410,36410,36400,36410,36410,36400,36410,36400,36410,36400,36390,36400,36390,36400,36400,36390,36390,36400,36400,36400,36380,36390,34260,34250,34080,36160,32640,,
TKU,TKU2201,GENE,tokaanu,Hydro,Hydro,1999-09-17,60,0,0,0,0,0,0,0,0,0,0,0,0,29210,56930,88520,89950,89360,89750,89410,89430,89840,89860,89510,65570,63970,64190,63160,64640,64390,65720,65400,65740,65480,55060,81660,79630,105550,108000,111610,112250,110870,83370,83670,63960,14740,0,0,,
TMU,TMU1101,GENE,te_awamutu,Gas,Cogen,1999-09-17,13510,13620,13640,13700,13750,13720,13750,13700,13670,13640,13680,13690,13680,13660,13620,13520,13380,13250,13170,13090,12990,12890,12740,12650,12580,12530,12480,12440,12460,12440,12410,12350,12560,12660,12680,12740,12820,12950,13030,13070,13120,13230,13260,13220,13200,13240,13400,13440,,
TUI,TUI1101,GENE,waikaremoana,Hydro,Hydro,1999-09-17,6530,6580,7130,6910,6860,6890,6860,6780,6770,6630,6540,5990,6110,6420,6340,6320,10210,9930,10200,10780,10190,10640,10460,10470,10510,10310,9940,10180,10060,10510,10520,10080,9640,6300,6290,6360,6880,6500,6290,6370,6380,6400,6430,6440,6450,7100,6950,6730,,
WHI,WHI2201,CTCT,whirinaki,Diesel,Thrml,1999-09-17,0,0,0,0,0,0,0,0,0,0,0,0,0,0,0,0,0,0,0,0,0,0,0,0,0,0,0,0,0,0,0,0,0,0,0,0,0,0,0,0,0,0,0,0,0,0,0,0,,
WKM,WKM2201,MRPL,whakamaru,Hydro,Hydro,1999-09-17,35620,32220,26820,24450,30890,34480,26890,19250,22370,23720,23460,23320,31270,46900,47470,48080,48880,48580,48570,43500,29880,22560,23050,24000,28240,25600,20770,24220,21460,17730,17530,23370,24310,24760,27220,28500,35660,49130,48960,49260,36060,29120,29290,33760,22720,20100,19660,15160,,
WKM,WKM2201,TUAR,mokai,Geo,Geo,1999-09-17,0,0,0,0,0,0,0,0,0,0,0,0,0,0,0,0,0,0,0,0,0,0,0,0,0,0,0,0,0,0,0,0,0,0,0,0,0,0,0,0,0,0,0,0,0,0,0,0,,
WPA,WPA2201,MRPL,waipapa,Hydro,Hydro,1999-09-17,19590,17730,13680,13090,17640,17830,12110,11690,11760,14270,14150,14160,19030,27200,26380,24970,27160,27200,27130,25260,16870,13190,11150,12340,17050,17600,16890,14920,16380,17060,16770,16240,20540,22350,17380,14890,17280,21580,18080,12960,16540,14820,6630,5000,11890,10490,10050,10370,,
WRK,WRK2201,CTCT,wairakei,Geo,Geo,1999-09-17,82440,82460,82450,82390,82380,82360,79250,77820,82110,78260,80140,80200,82120,82140,82140,76270,80930,76460,76360,76620,76680,77600,77030,76780,76780,80420,81650,81500,81640,81580,81620,81550,81560,81620,81580,81660,81630,82080,82350,82430,82430,82340,82360,82540,82500,82480,82400,82380,,
WTK,WTK0111,MERI,waitaki,Hydro,Hydro,1999-09-17,33360,32010,31620,31450,29850,29790,30030,29970,30140,29900,29670,29550,29690,30000,30370,29990,29870,29870,28570,27340,27390,27350,27600,27330,27590,27870,27510,27680,27380,27460,27750,27620,27190,27370,27340,27050,27780,30220,29980,29880,29970,29690,29700,29840,29490,29910,29690,30060,,
ANI,ANI0111,BOPE,aniwhenua,Hydro,Hydro,1999-09-18,10692,10579,10594,10584,10587,9581,9576,9571,9571,9576,9586,10493,10478,10493,10489,10498,11733,10622,10551,10534,11093,12610,12565,11690,10508,10506,10524,10513,10720,11595,12174,11025,10581,10584,12409,12484,12464,12464,12464,12479,12459,12438,12419,12408,12389,10684,10605,10553,,
ARA,ARA2201,MRPL,aratiatia,Hydro,Hydro,1999-09-18,14410,14390,14380,14370,14370,9930,3780,3440,3470,3620,10300,13570,13460,14770,22860,30120,27550,28950,28610,28130,19440,24910,28070,28160,17890,26970,28320,29230,15360,24180,26780,27630,27220,17420,16720,17440,27020,26620,16010,13120,13180,12870,10330,10480,10500,10820,11280,11090,,
ARG,ARG1101,TRUS,argyle_wairau,Hydro,Hydro,1999-09-18,0,0,0,0,0,0,0,0,0,0,0,0,0,0,4323,5270,5261,5243,5190,5193,5201,5207,5210,5234,5249,1940,1959,1962,1962,1961,1961,1959,1948,1930,5096,5304,5264,5216,5249,5256,5255,5258,5255,5256,989,12,0,0,,
ARI,ARI1101,MRPL,arapuni,Hydro,Hydro,1999-09-18,45410,47040,39980,38840,38950,40100,39760,38790,38810,38950,39100,39780,38270,41920,43070,47950,50160,52450,52280,52090,52330,52230,52100,51390,51690,49940,44830,44420,45220,45210,44510,45050,44740,44080,44620,44960,45200,44550,41260,43290,43570,43780,43630,43610,43600,43470,43940,43660,,
ATI,ATI2201,MRPL,atiamuri,Hydro,Hydro,1999-09-18,19340,20320,12880,13390,15350,18040,17830,17170,17170,17230,17240,17540,18210,25960,26480,26530,25870,22370,22470,22300,22480,22410,12800,8790,5070,6220,4710,4300,8340,6310,2950,3190,2940,5720,15440,33890,36380,36280,36650,31930,25290,9420,5410,8150,7180,8650,9550,9500,,
AVI,AVI2201,MERI,aviemore,Hydro,Hydro,1999-09-18,70810,70990,69380,69610,64370,6610,2250,2340,2410,2330,2540,31930,76660,77520,79040,81600,68670,58520,58200,58100,55690,56190,57780,58080,58770,59450,59410,59040,57500,57670,57390,57660,58670,75320,80740,75430,74710,75710,75330,75040,75020,75140,74980,75400,69530,46130,46510,46750,,
BEN,BEN2202,MERI,benmore,Hydro,Hydro,1999-09-18,122730,103480,99920,100000,104700,107070,125420,114220,115310,116070,115910,116800,125190,128180,105550,107670,142130,169140,168500,168260,167910,168890,172380,173210,174680,168980,168750,168060,164850,165280,164620,165210,168710,171960,172560,170830,169830,198050,199910,168830,168290,168910,168420,169450,149140,132230,136920,126960,,
BWK,BWK1101,TRUS,waipori,Hydro,Hydro,1999-09-18,0,0,0,0,0,0,0,0,0,0,0,0,0,0,0,0,0,0,0,0,0,0,0,0,0,0,0,0,0,0,0,0,0,0,0,12,2780,1970,1816,1839,1804,1810,1631,0,0,0,0,0,,
COB,COB0661,CTCT,cobb,Hydro,Hydro,1999-09-18,15710,15750,15660,15680,15770,15770,15740,15760,15760,15740,15780,15750,15740,15710,15750,15860,15780,15750,15730,15740,15610,15650,15720,15740,15770,15810,15800,15780,15720,15730,15730,15730,15750,15750,15760,15730,15700,15760,15760,15740,15730,15750,15740,15760,15740,15750,15780,15790,,
COL,COL0661,TRUS,coleridge,Hydro,Hydro,1999-09-18,12510,12520,12500,12500,12530,12530,12530,12530,12540,12530,12540,12520,12540,12510,12530,12560,12540,12510,12520,12510,12480,12460,12490,12480,12500,12510,12500,12500,12490,12480,12480,12490,12490,12470,12470,12470,12470,12470,12470,12490,12490,12500,12500,12510,12490,12500,12510,12500,,
CYD,CYD2201,CTCT,clyde,Hydro,Hydro,1999-09-18,62350,2260,0,0,0,0,0,0,0,0,0,0,0,0,85710,155330,158060,155040,156840,154620,151190,153030,154470,154710,109960,105890,105830,105640,109300,110470,110310,110440,105850,105340,105540,147690,156890,157650,157340,155150,107620,107640,107550,107800,107590,107720,108010,108180,,
EDG,EDG0331,BOPE,edgecumbe,Gas,Cogen,1999-09-18,1278,1374,1401,1242,1184,1219,1164,1230,1302,1369,1370,1431,1355,1377,1176,1290,1327,317,0,0,19,1184,1482,1517,1344,1136,1234,1202,1166,1055,1104,1045,1006,939,956,954,1038,1019,1084,997,950,1004,1072,1122,1168,1160,1148,1152,,
GLN,GLN0111,ALNT,glenbrook_kilns,Gas,Cogen,1999-09-18,14984,15204,15224,15185,15204,14831,14621,14850,14688,14439,13099,13664,13635,13635,13606,13673,13664,13750,13626,13262,13118,14200,17998,19013,19328,19281,18410,18869,19214,19740,20362,20687,20917,20620,20706,20649,20457,20237,20773,23682,23003,18467,16821,17577,17558,17348,17099,17386,,
HLY,HLY2201,GENE,huntly_1_4,Coal,Thrml,1999-09-18,152640,147220,160110,162480,150010,172540,165380,156610,147570,155320,163730,190400,168870,166820,167550,167540,167830,166170,166910,167290,167490,167560,167120,168440,168330,167900,165820,147790,157000,174440,153120,162570,184230,179910,168580,181860,188390,188040,188310,188980,188800,187840,188410,188620,188640,177860,179640,163000,,
HWA,HWA1101,TRUS,patea,Hydro,Hydro,1999-09-18,14962,14938,14954,14942,14903,14946,14950,14919,14938,14966,14974,14950,14919,14926,14919,14887,14883,14903,14895,14883,14903,14911,14917,14913,14907,14883,14923,14911,14919,14891,14895,14895,14871,14879,14873,14885,14891,14855,14875,14881,14869,14867,14867,14859,14851,14893,14905,14885,,
HWA,HWA1102,KIWI,whareroa,Gas,Cogen,1999-09-18,12664,12104,12074,11386,11363,11874,11546,11036,10700,10779,10764,10556,10238,10556,10372,10036,9854,10165,10492,9958,9446,9374,8944,8902,9088,8974,9143,9071,8999,9278,9063,9479,9406,9446,10054,10156,10238,10692,9742,9342,9614,9342,9334,9287,8815,8671,8792,8712,,
KAW,KAW0111,BOPE,kawerau_geo,Geo,Geo,1999-09-18,2428,2399,2413,2458,2478,2505,2488,2374,2458,2459,2514,2522,2541,2553,2496,2429,2399,2310,2279,2238,2161,2147,2127,2115,2153,2120,2095,2104,2082,2080,2126,2093,2108,2136,2175,2257,2293,2330,2345,2357,2429,2367,2345,2376,2376,2441,2479,2442,,
KIN,KIN0112,CHHE,kinleith,Wood,Cogen,1999-09-18,18281,17804,17799,16962,17069,18293,17767,17493,18512,18141,18448,18540,17852,18931,18286,18178,18301,18375,18423,18171,18131,17592,18707,18667,18749,18478,18540,18271,17954,17563,17276,16750,17568,17054,17667,16715,17373,17111,17710,18066,18201,18146,17966,17792,18086,18468,18271,16859,,
KPA,KPA1101,KAPE,kapuni,Gas,Cogen,1999-09-18,2890,2972,2938,2914,2918,2922,2906,2846,2858,2846,2866,2856,2740,2780,2762,2750,2716,2678,2652,2710,2716,2682,2628,2638,2656,2650,2688,2666,2716,2682,2714,2732,2646,3356,7408,7638,7622,7570,7586,7644,7578,7536,7510,7556,7486,7496,7582,7594,,
KPO,KPO1101,MRPL,karapiro,Hydro,Hydro,1999-09-18,35590,34730,27820,25360,25740,27500,26900,25650,25620,25840,26030,27030,25180,27350,25640,25760,24840,25800,23860,23640,23810,23720,23600,23710,23890,22990,24880,23950,25330,23230,23170,25040,24570,23850,27200,32230,32450,32400,31750,24590,25370,25560,25390,25460,25460,25430,25830,25590,,
KUM,KUM0111,TRUS,Kumara,Hydro,Hydro,1999-09-18,0,0,0,0,0,0,0,0,0,0,0,0,0,0,0,0,0,0,0,0,0,0,0,0,0,0,0,0,0,0,0,0,0,0,417,1687,1875,1912,1939,1085,0,0,0,0,0,0,0,0,,
MAN,MAN2201,MERI,manapouri,Hydro,Hydro,1999-09-18,180710,176580,174980,173960,176190,176790,176350,176400,176550,175780,176370,176660,176370,175880,177110,180130,178500,175930,176310,176300,174110,173900,175280,176240,176930,177640,177620,177260,175670,175780,175470,175590,176480,176380,176560,175970,175250,176700,176360,176020,176210,176350,176300,176690,176340,176600,177150,177520,,
MAT,MAT1101,TRUS,matahina,Hydro,Hydro,1999-09-18,16720,17200,17840,17390,17490,17800,17520,17400,17520,17600,17690,17980,17380,17600,17520,17980,18120,17990,17700,23510,24420,24270,24110,24260,23390,24830,27380,24910,25210,24890,24210,24900,24180,24890,35420,35350,35680,34960,34930,35650,35660,35570,34690,28160,27570,22520,21770,17960,,
MHO,MHO0331,KING,mangahao,Hydro,Hydro,1999-09-18,0,0,0,0,0,0,0,0,0,0,0,0,0,0,0,0,0,0,0,0,0,0,0,0,0,0,0,0,0,0,0,0,0,0,0,0,0,0,0,0,0,0,0,0,0,0,0,0,,
MTI,MTI2201,MRPL,maraetai,Hydro,Hydro,1999-09-18,61860,72400,54680,38610,39690,40940,40630,39660,39750,39920,40130,40840,41010,79090,66960,38610,26540,65730,75100,52110,65470,55070,46660,25180,71580,26660,27310,27490,28540,25790,22720,23530,23070,27050,41270,50610,86880,123510,79750,39640,53320,26000,22840,28630,29610,25730,28640,27510,,
NPL,NPL1101,CTCT,new_plymouth,Gas&Oil,Thrml,1999-09-18,0,0,0,0,0,0,0,0,0,0,0,0,0,0,0,0,0,0,0,0,0,0,0,0,0,0,0,0,0,0,0,0,0,0,0,0,0,0,0,0,0,0,0,0,0,0,0,0,,
NPL,NPL2201,CTCT,new_plymouth,Gas&Oil,Thrml,1999-09-18,171420,171480,171430,171490,171440,171460,171550,171490,171410,171450,171480,171520,171450,171440,171410,171470,171360,171430,171390,171470,171370,149890,113390,107800,107420,107290,99560,82050,76930,77010,90510,92530,77960,72360,71670,71820,72010,71960,72000,71880,71980,71670,71960,71980,71830,72260,71630,71970,,
OHA,OHA2201,MERI,ohau_a,Hydro,Hydro,1999-09-18,89530,89850,87220,86190,71800,62240,58620,58770,61070,63650,63950,63880,74310,81680,82740,68940,91140,87950,87800,87640,85060,85090,86880,87540,88240,89060,89170,88910,87250,87200,85480,77450,81170,88400,88470,91140,95900,97020,96830,96350,83980,89050,93690,94240,93950,81130,78190,79230,,
OHB,OHB2201,MERI,ohau_b,Hydro,Hydro,1999-09-18,64050,64310,62180,62330,66510,70270,66200,65630,53850,47800,48400,43320,42870,40970,42080,54910,74530,79630,84080,83990,81050,81310,82670,76510,62400,59150,59020,57370,57220,50660,50280,50640,71100,97220,97980,96230,96340,90860,87660,87130,77610,74460,72580,71100,68280,50230,64570,55200,,
OHC,OHC2201,MERI,ohau_c,Hydro,Hydro,1999-09-18,62780,63020,60930,61040,65440,70300,66420,65840,54690,47890,48490,42970,42000,41390,41050,54660,73190,81450,82930,82750,79890,80410,81760,75630,61210,58080,58110,57760,57500,51100,50740,51120,71500,97650,98400,96730,96810,91230,88150,87640,77930,74890,72960,71510,68580,50400,65040,55220,,
OHK,OHK2201,MRPL,ohakuri,Hydro,Hydro,1999-09-18,21130,25330,20250,18900,19200,20080,19790,19070,19120,19310,19440,19980,30490,38290,37490,37570,36050,32570,32450,32110,32300,32100,18620,12350,6120,6530,6550,6920,7300,7300,6980,7270,7170,11600,25220,49250,53360,53310,54200,40570,36470,16310,8330,6280,3500,12680,13840,13770,,
OKI,OKI2201,CTCT,ohaaki,Geo,Geo,1999-09-18,23270,23050,23070,23260,23630,23830,23560,23290,23340,23320,23650,24240,23600,23380,23500,23490,23490,23950,23880,23570,23480,23270,23280,23370,23510,23420,23480,23320,22970,22470,23080,22930,22760,22770,23150,22980,22990,23180,23380,23250,22950,23020,23000,23590,23370,23390,23220,23050,,
OTA,OTA2202,CTCT,otahuhu_b,Gas,Thrml,1999-09-18,0,0,0,0,0,0,0,0,0,0,0,0,0,0,0,0,0,0,0,0,0,10270,35140,64080,77520,82800,78860,91010,99270,99310,101470,104450,101810,101760,87980,72100,93740,101760,101810,101760,101810,101760,101760,101800,101810,101760,101810,101810,,
OTA,OTA2221,CTCT,otahuhu_a,Gas,Thrml,1999-09-18,0,0,0,0,0,0,0,0,0,0,0,0,0,0,0,0,0,0,0,0,0,0,0,0,0,0,0,0,0,0,0,0,0,0,0,0,0,0,0,0,0,0,0,0,0,0,0,0,,
PPI,PPI2201,MRPL,poihipi,Geo,Geo,1999-09-18,810,810,850,880,890,900,890,900,740,730,660,500,470,760,16920,18000,18120,18050,17920,17810,17800,17770,17760,17750,17760,17740,17720,17710,17710,17700,17710,17710,17680,17670,17660,17630,17550,17620,17660,17650,17650,17660,17650,17670,17710,17680,17700,16570,,
ROT,ROT1101,TRUS,wheao_flaxy,Hydro,Hydro,1999-09-18,4776,4926,4970,4952,5280,5667,5757,5754,5754,5752,5750,5748,5744,5374,4492,4548,7698,8844,8918,8844,8832,8520,8360,8352,8354,8479,8374,8393,8344,8244,8364,7420,7420,7422,7462,7374,7466,7929,9741,9818,9810,9884,9817,9823,9384,9376,9318,7192,,
ROX,ROX1101,CTCT,roxburgh,Hydro,Hydro,1999-09-18,0,0,0,0,0,0,0,0,0,0,0,0,0,0,0,0,0,0,0,17380,19770,10680,0,0,0,0,0,0,0,0,0,0,0,0,0,0,0,0,0,0,0,0,0,0,0,0,0,0,,
ROX,ROX2201,CTCT,roxburgh,Hydro,Hydro,1999-09-18,79020,78880,60370,57940,39640,39600,39480,39640,39560,39630,39810,39640,39620,39770,39750,39580,57320,59600,74130,78840,80130,88960,99030,99000,99020,98760,99010,98810,94630,93500,93510,93760,98680,99170,99310,81160,77240,76800,76610,77020,76360,76720,76730,76810,76720,76640,76740,76580,,
RPO,RPO2201,GENE,rangipo,Hydro,Hydro,1999-09-18,34190,34200,34180,34190,34200,34190,34200,34190,34190,34200,34190,34210,34200,34190,34190,34170,34180,34170,34180,34170,34160,34180,34160,34170,34170,34160,34180,34170,34180,34170,34170,34150,34180,34190,34150,34160,34160,34160,34160,34170,34150,34170,34170,34190,34190,34180,34180,34200,,
SFD,SFD2201,CTCT,stratford,Gas,Thrml,1999-09-18,157280,160300,159200,127590,109660,109670,109660,109610,109670,109670,109610,109660,141720,131370,117470,110640,110770,122770,151660,159570,121240,110650,110650,110640,110640,110650,110640,111920,110700,110640,110700,110650,110640,110660,110630,110650,110640,110590,110640,110650,110640,110640,110590,110640,110650,110650,110640,110650,,
SWN,SWN2201,TRUS,southdown,Gas,Thrml,1999-09-18,61560,61450,61880,62030,61950,61880,61900,61940,61980,61990,62040,61880,61440,59370,59260,59210,58720,58560,58010,60020,60370,61060,61350,61410,61440,61460,61150,61230,61180,61300,61630,61650,61680,61700,61900,61930,62000,62010,62040,62110,62070,61990,61970,61990,62070,62010,62070,61940,,
TKA,TKA0111,MERI,tekapo_a,Hydro,Hydro,1999-09-18,3140,0,0,0,0,0,0,0,0,0,0,0,0,0,0,0,0,0,0,0,0,0,0,0,0,0,0,0,0,0,0,0,0,0,0,0,0,0,0,0,0,0,0,0,0,0,0,0,,
TKB,TKB2201,MERI,tekapo_b,Hydro,Hydro,1999-09-18,5080,0,900,3070,4350,3470,0,0,0,0,0,0,0,0,0,0,0,0,0,0,0,0,0,0,0,0,130,200,0,0,0,0,0,0,0,0,0,0,0,0,0,0,0,0,0,0,0,0,,
TKU,TKU2201,GENE,tokaanu,Hydro,Hydro,1999-09-18,0,0,0,0,0,0,0,0,0,0,0,0,0,0,0,52790,83720,84290,84330,83890,84380,84460,84220,84530,84410,83980,68540,50490,9970,0,0,0,0,16560,56130,81290,84350,83570,83860,109670,112520,112380,96080,44930,2760,27020,27250,27910,,
TMU,TMU1101,GENE,te_awamutu,Gas,Cogen,1999-09-18,13520,13600,13600,13660,13710,13760,13820,13870,13950,13990,13970,14100,14090,14080,13930,13790,13690,13520,13480,13270,13120,12970,12900,12840,12790,12800,12740,12720,12770,12770,12730,12720,12750,12770,12860,12950,13080,13170,13200,13300,13350,13310,13360,13370,13420,13440,13460,13440,,
TUI,TUI1101,GENE,waikaremoana,Hydro,Hydro,1999-09-18,6700,6740,6990,6550,6600,6910,6430,6340,6340,6380,6380,6400,6270,11130,7620,6890,17350,33540,19970,19860,33030,9980,6770,6690,6020,6190,6760,6400,6470,6490,6470,6460,6300,6120,9080,11200,6940,7560,7410,6640,6640,6660,6670,6650,6830,6860,6840,6850,,
WHI,WHI2201,CTCT,whirinaki,Diesel,Thrml,1999-09-18,0,0,0,0,0,0,0,0,0,0,0,0,0,0,0,0,0,0,0,0,0,0,0,0,0,0,0,0,0,0,0,0,0,0,0,0,0,0,0,0,0,0,0,0,0,0,0,0,,
WKM,WKM2201,MRPL,whakamaru,Hydro,Hydro,1999-09-18,35960,37740,26140,19530,20930,23060,22930,22450,22440,22530,22660,23040,32000,36020,35380,35390,34640,35640,35630,35500,35610,35540,23790,15070,5490,4810,6130,6300,10990,12130,11900,12110,12020,12530,29550,49050,49170,49290,48530,48020,36580,23210,15410,11530,12010,13590,14370,14170,,
WKM,WKM2201,TUAR,mokai,Geo,Geo,1999-09-18,0,0,0,0,0,0,0,0,0,0,0,0,0,0,0,0,0,0,0,0,0,0,0,0,0,0,0,0,0,0,0,0,0,0,0,0,0,0,0,0,0,0,0,0,0,0,0,0,,
WPA,WPA2201,MRPL,waipapa,Hydro,Hydro,1999-09-18,15240,16060,17510,15950,16030,15110,14160,13580,13570,13610,13660,13970,13380,14960,15850,15880,14030,9770,17820,17760,17900,17750,17680,13050,9650,11160,8540,8580,8910,8940,8630,8920,8770,10420,19190,19290,19390,25230,27080,20480,16360,14490,10340,7870,7800,7760,8020,7880,,
WRK,WRK2201,CTCT,wairakei,Geo,Geo,1999-09-18,82340,82390,82540,82590,82670,82730,82770,82730,82690,82730,82700,82790,82830,83010,82980,81320,81490,81550,81660,81720,81520,81610,81620,81540,81610,81040,65050,65200,65210,65230,65220,65230,65170,65160,65190,65790,65890,65910,65760,65320,70590,80050,81430,82900,82830,82990,83000,82980,,
WTK,WTK0111,MERI,waitaki,Hydro,Hydro,1999-09-18,29720,29860,29100,29120,30090,28710,27370,27500,27580,27490,27790,28580,29890,29680,30320,31510,32250,32430,32270,32200,31140,31360,32070,32260,32540,32830,32840,32700,32020,32090,31970,32100,32430,32400,32500,32250,32100,32490,32360,32260,32260,32320,32270,32460,32280,32330,32560,32750,,
ANI,ANI0111,BOPE,aniwhenua,Hydro,Hydro,1999-09-19,9634,9644,9652,7951,7910,7923,7938,7943,7953,7948,7968,8770,12534,12479,12399,12383,12419,12405,12467,12519,12510,12504,12479,10727,7996,7838,7837,7840,7839,7868,7862,7883,7877,10619,12570,12583,12567,12539,12535,12514,12504,12490,12476,12456,12449,10705,10529,10538,,
ARA,ARA2201,MRPL,aratiatia,Hydro,Hydro,1999-09-19,11220,11430,11410,4330,2620,2610,2550,2520,2470,3620,13800,11100,12190,13470,13210,14750,28610,27880,28140,27810,20650,26170,29110,29960,19190,23610,26220,27090,19060,25560,26720,27690,27570,27430,27300,21690,10930,10370,12650,12030,11290,10490,2610,2560,2380,2580,5960,10980,,
ARG,ARG1101,TRUS,argyle_wairau,Hydro,Hydro,1999-09-19,0,0,0,0,0,0,0,0,0,0,0,1409,5393,5375,5370,5364,5361,5338,5329,5326,5222,5223,5223,5217,5231,5273,5273,5249,5249,5250,5250,5249,5249,5247,5243,5240,5240,5236,5240,5237,5238,5238,5235,5241,5240,5246,5238,5241,,
ARI,ARI1101,MRPL,arapuni,Hydro,Hydro,1999-09-19,43240,41200,40810,40260,36870,36760,36320,28970,28870,28990,29340,29260,29160,35490,35020,35760,35550,35410,35970,35770,35940,35740,35660,36930,35450,35140,35630,35130,52920,64150,64530,59210,54830,54720,54680,54610,54870,54260,72330,63850,65390,58270,54160,54110,53790,53790,50380,45170,,
ATI,ATI2201,MRPL,atiamuri,Hydro,Hydro,1999-09-19,14640,18980,18990,19040,19120,19080,18970,18870,18750,18400,7610,4000,11310,22130,16790,12810,12660,12730,9530,8660,8800,8620,8620,9340,8460,8300,8500,5270,5250,5010,4990,5260,5120,5720,10240,25390,28620,35730,35340,28990,24200,19830,10260,9640,11580,14200,16510,16690,,
AVI,AVI2201,MERI,aviemore,Hydro,Hydro,1999-09-19,23830,6850,6640,7140,7550,7520,7840,7520,7790,7900,8130,7800,7910,8160,15240,34570,51220,85820,85350,84740,85480,84740,85130,85240,85090,85260,84200,85310,85470,85160,84860,85990,86150,83780,84540,85410,84990,86910,82720,84260,84400,85690,86870,83600,85450,85990,85580,84720,,
BEN,BEN2202,MERI,benmore,Hydro,Hydro,1999-09-19,135060,128640,85150,73530,70620,60200,37300,27060,22090,21830,22120,51970,93640,98310,82250,59110,57980,85590,145110,179650,187500,176270,162490,122810,131790,131670,129860,132180,132540,132690,130880,133690,133860,132490,194290,191550,209720,229040,212820,212850,198390,176010,179170,123470,99740,93610,99400,77850,,
BWK,BWK1101,TRUS,waipori,Hydro,Hydro,1999-09-19,0,0,0,0,0,0,0,0,0,0,0,0,0,0,0,0,0,0,0,0,0,0,0,0,0,0,0,0,0,0,0,0,0,0,696,2286,1982,1964,1964,1947,1947,1970,1947,155,0,0,0,0,,
COB,COB0661,CTCT,cobb,Hydro,Hydro,1999-09-19,15740,15720,15690,15740,15790,15760,15810,15740,15770,15770,15800,15740,15740,15770,15720,15790,15770,15770,15770,15740,15790,15750,15760,15740,15760,15780,15720,15780,15790,15770,15750,15810,15780,15690,15730,15770,15760,15830,15630,15730,15730,15790,15810,15690,15790,15800,15770,15750,,
COL,COL0661,TRUS,coleridge,Hydro,Hydro,1999-09-19,12500,12490,12490,12510,12510,12530,12520,12510,12500,12490,12510,12500,12500,12520,12490,12520,12500,12480,12490,12470,12500,12500,12490,12480,12480,12460,12440,12450,12460,12440,12440,12450,12430,12420,12410,12450,12430,12440,12400,12430,12450,12440,12490,12430,12460,12470,12460,12450,,
CYD,CYD2201,CTCT,clyde,Hydro,Hydro,1999-09-19,63790,400,0,0,0,0,0,0,0,0,0,0,0,0,79590,125770,152910,155390,154940,154570,155230,154610,154930,154930,107630,105270,104760,105400,105440,105270,105770,108790,108770,107510,108140,155940,157270,158890,155230,156450,108030,108040,108640,106890,107920,108190,107610,100600,,
EDG,EDG0331,BOPE,edgecumbe,Gas,Cogen,1999-09-19,1142,1166,1265,1419,1238,1162,984,1059,1021,1210,1242,1258,1288,1253,1198,1212,1115,1102,1071,1126,1148,997,1021,999,960,1004,1053,1021,857,922,989,1006,1035,1035,1012,997,1025,1030,1011,1014,922,1046,1324,1031,1258,1148,975,1021,,
GLN,GLN0111,ALNT,glenbrook_kilns,Gas,Cogen,1999-09-19,17864,17491,19319,21921,22429,21921,20802,21079,21854,21701,21730,21883,21988,22209,23969,23778,24323,24132,25003,25031,24792,24094,23290,23414,24113,24811,24687,22055,22859,22199,22543,23328,23539,23003,24017,24065,24074,24017,24122,23156,23539,23854,23606,23692,24036,24103,24208,24294,,
HLY,HLY2201,GENE,huntly_1_4,Coal,Thrml,1999-09-19,164430,159490,167590,164720,171470,167590,166350,162260,154740,159900,172440,173670,172710,175990,175010,174520,174650,173620,173000,174370,175240,173420,173400,172220,171580,171420,177270,174100,172470,172860,173180,172850,172340,172190,171720,171620,171250,171390,171640,171530,171970,172060,172550,172680,175570,158380,160660,172890,,
HWA,HWA1101,TRUS,patea,Hydro,Hydro,1999-09-19,14921,14899,14857,14861,14831,14839,14839,14823,14843,14883,14863,14879,14867,14855,14863,14831,14863,14891,14879,14883,13580,13465,13421,13433,13445,13465,13481,13441,13461,14755,14879,14855,14863,14843,14863,14871,14871,14883,14871,14871,14883,14891,14875,14903,14883,14895,14895,14775,,
HWA,HWA1102,KIWI,whareroa,Gas,Cogen,1999-09-19,8622,8664,8592,8535,8528,8600,8679,8511,8496,8576,8800,8695,8480,8160,8240,8744,8822,9144,9574,9924,10070,10181,10181,10197,10396,10612,10438,9948,10708,10454,10228,10437,6778,6603,6379,6196,6164,6162,6132,6036,6091,6635,6499,6267,6363,6108,6027,5980,,
KAW,KAW0111,BOPE,kawerau_geo,Geo,Geo,1999-09-19,2439,2441,2531,2543,2553,2548,2556,2559,2521,2546,2538,2542,2532,2530,2527,2480,2449,2405,2342,2323,2272,2280,2260,2267,2302,2360,2346,2261,2263,2227,2249,2277,2279,2245,2213,2243,2290,2218,2246,2248,2194,2170,2174,2225,2248,2276,2262,2238,,
KIN,KIN0112,CHHE,kinleith,Wood,Cogen,1999-09-19,17548,17757,15501,15875,16525,16924,15550,18794,18338,18181,18066,17912,17996,18572,17672,15157,15082,14468,14675,14638,14453,15057,14571,15867,15152,15491,16500,15640,15102,14401,14563,15052,16742,18827,18901,17523,19113,19350,18926,18959,18981,18931,18709,18016,17867,18039,18645,18468,,
KPA,KPA1101,KAPE,kapuni,Gas,Cogen,1999-09-19,7556,7586,7590,7526,7524,7490,7500,7560,7596,7570,7514,7542,7568,7564,7522,7524,7594,7584,7540,7588,7606,7688,7570,7546,7670,7744,7782,7866,8006,7966,7914,7790,7872,7922,7944,7842,7892,7838,7914,7974,7934,7950,7976,7976,7942,7988,7934,7894,,
KPO,KPO1101,MRPL,karapiro,Hydro,Hydro,1999-09-19,25380,25640,25600,25630,25780,28480,29480,29410,29270,29330,29650,29520,29400,29490,28960,29390,29240,29130,25260,24420,24580,24360,24300,25230,24050,23840,24070,25150,25900,25260,25490,26470,26350,26260,26290,26210,26640,25980,27580,29900,30050,29810,29840,29900,29660,29930,30130,30350,,
KUM,KUM0111,TRUS,Kumara,Hydro,Hydro,1999-09-19,0,0,0,0,0,0,0,0,0,0,0,0,0,0,0,0,0,0,0,0,0,0,0,0,0,0,0,0,0,0,0,0,0,32,1564,1908,1925,1973,1999,1059,0,0,0,0,0,0,0,0,,
MAN,MAN2201,MERI,manapouri,Hydro,Hydro,1999-09-19,176860,175990,175310,176240,177070,176580,177200,176180,176520,176520,177010,175750,176070,176590,175480,177280,176900,177120,176810,176240,177020,176370,176770,176920,176680,176980,176630,177410,175920,173900,173580,173940,174240,174930,176040,176870,176450,178310,174200,175740,175940,177290,178530,175270,177130,177790,177410,176580,,
MAT,MAT1101,TRUS,matahina,Hydro,Hydro,1999-09-19,18120,18040,17720,17760,17810,17800,17720,17690,17630,17710,17900,17840,17800,17850,17570,17830,17740,17730,17880,17820,17890,17790,17780,16670,16870,17590,17660,17810,17900,17520,18080,17910,17570,20320,24410,24590,22630,23400,24980,25250,23340,23660,24830,24580,17530,17610,17720,10970,,
MHO,MHO0331,KING,mangahao,Hydro,Hydro,1999-09-19,0,0,0,0,0,0,0,0,0,0,0,0,0,0,0,0,0,0,0,0,0,0,0,0,0,0,0,0,0,0,11590,13060,12940,12880,12830,12780,12850,12720,12700,12720,12750,12670,12670,12680,12600,12690,12750,12820,,
MTI,MTI2201,MRPL,maraetai,Hydro,Hydro,1999-09-19,28130,27740,27780,36240,38420,38320,40640,41160,45030,47980,51640,66600,60340,64910,29240,41830,22480,18210,39960,33180,36730,44260,38200,61140,65460,41630,39950,37340,42120,19850,25810,38080,53410,49050,35910,38560,75900,100770,106750,47590,67500,35530,33750,40190,21590,32050,23890,20380,,
NPL,NPL1101,CTCT,new_plymouth,Gas&Oil,Thrml,1999-09-19,0,0,0,0,0,0,0,0,0,0,0,0,0,0,0,0,0,0,0,0,0,0,0,0,0,0,0,0,0,0,0,0,0,0,0,0,0,0,0,0,0,0,0,0,0,0,0,0,,
NPL,NPL2201,CTCT,new_plymouth,Gas&Oil,Thrml,1999-09-19,71700,71540,71770,72120,71730,72160,72040,72220,71770,72170,71980,71600,72070,71620,72100,137230,169430,171340,171230,171260,171200,171340,171330,171350,171320,171400,171460,171160,169270,170610,171460,171640,171620,171610,171610,171610,171540,171470,171610,171780,171890,171850,171830,171850,171850,171890,171770,171870,,
OHA,OHA2201,MERI,ohau_a,Hydro,Hydro,1999-09-19,78580,77450,76550,71280,54410,68620,69430,55420,41820,39400,48230,69810,73200,73930,72350,74510,74040,74130,73600,72890,49840,48790,49400,52700,85750,88280,72100,51390,56040,49650,49170,50520,65940,78680,87210,88200,87890,89860,85600,86760,87180,88420,78610,67090,52240,22390,10040,10910,,
OHB,OHB2201,MERI,ohau_b,Hydro,Hydro,1999-09-19,60670,60210,60850,36360,32660,24410,27190,34320,39070,39250,40530,53650,60580,61330,60110,61790,61380,61530,61110,60480,46590,45850,46240,46410,67800,65960,59410,47740,42430,42230,36750,38050,53840,73210,73910,74720,76260,81500,76350,78030,69030,65180,56250,49470,31650,9650,15250,23230,,
OHC,OHC2201,MERI,ohau_c,Hydro,Hydro,1999-09-19,61020,60400,51670,36200,32810,24530,27360,34460,39220,39430,40640,53730,60720,61460,60260,61930,61500,61680,61250,60660,46930,45990,46390,46540,67940,66080,57760,45480,40290,40030,35930,38270,63490,71880,72600,73450,74990,80320,75080,76930,69210,65350,57080,55690,32740,8000,12890,20920,,
OHK,OHK2201,MRPL,ohakuri,Hydro,Hydro,1999-09-19,20160,26640,26620,26680,26760,22830,18640,15770,13720,10910,0,8750,20390,32550,25510,20990,20770,20720,15320,13740,13920,13650,13620,14730,13430,13220,13410,6420,6030,5720,5770,6320,6260,8180,16100,37580,43950,44070,40250,36900,36510,30760,17710,14990,26540,19370,19430,19620,,
OKI,OKI2201,CTCT,ohaaki,Geo,Geo,1999-09-19,23150,23160,23510,23530,23410,23460,23380,23120,23000,23400,23480,23540,23280,23140,23020,23180,23680,23590,23260,23070,22740,22740,22730,23220,23300,23090,22740,22540,23260,23060,23060,23190,23080,22970,22720,22620,22790,22900,23120,23220,22900,22730,22730,22590,22800,23290,23320,23150,,
OTA,OTA2202,CTCT,otahuhu_b,Gas,Thrml,1999-09-19,101810,101850,101810,101810,101810,101850,101810,101810,101810,101800,95280,23040,0,0,0,0,0,0,0,0,0,0,0,0,0,0,0,0,0,0,0,0,0,0,0,0,0,0,0,0,0,0,0,0,0,0,0,0,,
OTA,OTA2221,CTCT,otahuhu_a,Gas,Thrml,1999-09-19,0,0,0,0,0,0,0,0,0,0,0,0,0,0,0,0,0,0,0,0,0,0,0,0,0,0,0,0,0,0,0,0,0,0,0,0,0,0,0,0,0,0,0,0,0,0,0,0,,
PPI,PPI2201,MRPL,poihipi,Geo,Geo,1999-09-19,920,920,900,910,920,870,880,880,870,860,760,680,700,2000,17830,18040,17940,17830,17620,17570,17570,17560,17550,17560,17560,17580,17590,17580,17560,17500,17480,17470,17490,17480,17460,17440,17440,17420,17430,17440,17440,17500,17470,17490,17550,17570,17600,16590,,
ROT,ROT1101,TRUS,wheao_flaxy,Hydro,Hydro,1999-09-19,4510,4457,4457,4494,4788,5416,5396,5396,5570,5744,5740,5738,5736,4960,7332,9344,9300,9412,8157,7919,7868,7436,7396,8368,8464,8326,8396,8436,8374,8468,8370,8320,8406,8454,8468,8864,9114,9828,9790,8876,10848,10760,10764,10706,10696,10348,10264,8932,,
ROX,ROX1101,CTCT,roxburgh,Hydro,Hydro,1999-09-19,0,0,0,0,0,0,0,0,0,0,0,0,0,0,0,0,0,0,0,0,0,0,0,0,0,0,0,0,0,0,0,0,0,0,0,0,0,0,0,0,0,0,0,0,0,0,0,0,,
ROX,ROX2201,CTCT,roxburgh,Hydro,Hydro,1999-09-19,78520,79240,63560,59340,40850,39490,39590,39490,39600,39620,39680,39660,39710,39670,39670,39710,47230,59660,78370,96820,98970,98790,99110,99110,99160,98410,98990,99190,98690,98700,98320,95920,95390,96200,96100,78190,76720,77060,76370,76810,76560,76890,76420,76500,76610,76460,76200,54780,,
RPO,RPO2201,GENE,rangipo,Hydro,Hydro,1999-09-19,34190,34180,34190,34190,34180,34180,34200,34190,34190,34190,34170,34190,34200,34180,34190,34150,34170,34170,34150,34150,34150,34150,34170,34160,34180,34170,34160,34180,34170,34170,34160,34160,34150,34140,34130,34140,44060,41490,41520,41510,41850,48970,48970,48980,48970,48980,48980,48990,,
SFD,SFD2201,CTCT,stratford,Gas,Thrml,1999-09-19,110940,110640,110650,110640,110650,110640,110640,110700,108570,97720,106620,110640,110700,110650,109970,77170,92220,110650,110640,110650,110650,110640,110650,110640,110640,110650,110640,110650,110640,110650,110650,110640,110650,110580,110580,110650,110580,110650,110580,110650,110640,110650,110580,110640,110650,110640,103630,75890,,
SWN,SWN2201,TRUS,southdown,Gas,Thrml,1999-09-19,61900,61880,61840,61930,61870,61860,61820,61800,61810,61820,61900,61110,59470,59480,60280,60950,60970,60890,61640,61220,61420,61670,61870,61580,61620,61650,61600,61490,61390,61420,61420,61370,61360,61370,61390,61280,61420,61460,61530,61510,61510,61790,61700,61800,61880,61970,61850,61920,,
TKA,TKA0111,MERI,tekapo_a,Hydro,Hydro,1999-09-19,0,0,0,0,0,0,0,0,0,0,0,0,0,0,0,0,0,0,0,0,0,0,0,0,0,0,0,0,0,0,0,0,0,0,0,0,0,0,0,0,0,0,0,0,0,0,0,0,,
TKB,TKB2201,MERI,tekapo_b,Hydro,Hydro,1999-09-19,0,0,0,0,0,0,0,0,0,0,0,0,0,0,0,0,0,0,0,0,0,0,0,0,0,0,0,0,0,0,0,0,0,0,0,0,0,0,0,0,0,0,0,0,0,0,0,0,,
TKU,TKU2201,GENE,tokaanu,Hydro,Hydro,1999-09-19,46460,56010,56160,56000,53960,34700,27890,27960,27800,27960,27900,27920,27880,28030,27930,27850,54140,56950,57210,57500,112190,113790,114160,113730,86320,84410,83830,84400,83790,83370,84120,83790,84960,110060,112280,112440,104510,107500,107410,107790,106620,111660,112020,111470,83750,83290,83620,82350,,
TMU,TMU1101,GENE,te_awamutu,Gas,Cogen,1999-09-19,13430,13450,13450,13500,13460,13470,13490,13460,13470,13430,13420,13470,13440,13390,13330,13290,13270,13290,13290,13280,13230,13200,13170,13130,13100,13070,12980,12920,12930,12940,12940,12940,12930,12940,12940,12920,12940,12930,12910,12900,12880,12950,12950,12960,13000,13080,12930,13000,,
TUI,TUI1101,GENE,waikaremoana,Hydro,Hydro,1999-09-19,6570,6790,6800,6840,6790,6790,6780,6780,6780,6780,6790,6660,6660,6670,6650,6710,6670,6660,6700,6690,6710,6690,6720,7380,6780,6770,6790,6560,6610,6590,6570,10050,7390,6440,6240,6270,7510,7230,7210,7030,6910,6900,6930,6930,6860,6710,6790,7170,,
WHI,WHI2201,CTCT,whirinaki,Diesel,Thrml,1999-09-19,0,0,0,0,0,0,0,0,0,0,0,0,0,0,0,0,0,0,0,0,0,0,0,0,0,0,0,0,0,0,0,0,0,0,0,0,0,0,0,0,0,0,0,0,0,0,0,0,,
WKM,WKM2201,MRPL,whakamaru,Hydro,Hydro,1999-09-19,21710,31070,31050,31090,31160,31070,30900,30820,30660,30760,28530,30790,33690,31070,27170,25030,24920,24760,14710,12210,12230,12230,12250,12370,12280,12280,12320,12310,12370,12310,12330,12420,12410,12430,12880,41270,49070,48430,48350,48500,44740,38050,20710,17300,22680,24060,35700,36420,,
WKM,WKM2201,TUAR,mokai,Geo,Geo,1999-09-19,0,0,0,0,0,0,0,0,0,0,0,0,0,0,0,0,0,0,0,0,0,0,0,0,0,0,0,0,0,0,0,0,0,0,0,0,0,0,0,0,0,0,0,0,0,0,0,0,,
WPA,WPA2201,MRPL,waipapa,Hydro,Hydro,1999-09-19,7770,7900,7880,8330,11200,11160,11110,17180,17070,17150,17350,17410,19530,20370,15160,8470,8300,8260,10820,14420,13580,12060,12890,13510,15950,16780,16830,14310,13930,14440,11620,7900,7820,11670,14950,14930,15780,25400,28000,27620,21260,9980,8290,8260,8080,8900,7890,9810,,
WRK,WRK2201,CTCT,wairakei,Geo,Geo,1999-09-19,83040,82980,83090,83020,83120,83090,83150,83140,83110,83190,83160,83140,83140,83130,83180,82990,82920,82720,82340,81700,82330,82360,82350,82410,82360,82330,82340,82310,82330,82290,82260,81830,81900,82400,82340,82350,82310,82320,82410,82450,82450,82410,82350,82390,82370,82500,82550,82580,,
WTK,WTK0111,MERI,waitaki,Hydro,Hydro,1999-09-19,32370,32050,31730,32200,32610,32420,32720,32240,32430,32530,32730,32210,32290,32500,31930,32440,32240,32300,32240,32130,32390,32210,32380,32430,32460,32560,32080,32450,32560,32430,32290,32790,32910,31720,32000,32320,32200,32920,31420,32000,32070,32530,33010,31830,32500,32760,32600,32310,,
ANI,ANI0111,BOPE,aniwhenua,Hydro,Hydro,1999-09-20,7923,7858,7847,7842,7852,7863,7862,7858,8396,12026,12559,12530,12509,11970,10579,12373,12452,12448,12502,12504,12525,12534,12525,10662,8013,7966,7966,8293,12615,12595,12575,12560,12544,12530,12453,12480,12471,12449,12426,12418,12419,12393,12343,12353,12338,10680,10514,10508,,
ARA,ARA2201,MRPL,aratiatia,Hydro,Hydro,1999-09-20,10920,12170,12110,11850,12050,11990,12000,12060,12000,12070,12040,11070,5830,10910,14730,14750,14770,14860,14870,14860,14610,14530,14740,14750,14520,14440,14610,14620,14460,14380,14550,14600,14620,14640,14650,14660,14670,14630,14660,14670,14680,14630,14380,14740,14750,14760,14790,14780,,
ARG,ARG1101,TRUS,argyle_wairau,Hydro,Hydro,1999-09-20,5241,5241,5246,5252,5249,5251,5249,5247,5247,5252,5249,5247,5245,5237,5234,5231,5228,5228,5232,5232,5234,5231,5235,5232,4156,4122,4007,3929,3886,3865,3849,3811,3806,3809,5168,5176,5180,5187,5192,5238,5253,5262,5268,5264,5267,5270,5265,5261,,
ARI,ARI1101,MRPL,arapuni,Hydro,Hydro,1999-09-20,43670,44840,44830,44440,44670,44630,44630,44600,44540,44600,47300,50440,52060,53530,57510,64570,64300,64220,64240,68970,68930,69320,69450,64030,55690,55820,55190,55230,56740,56280,56030,56200,56100,56110,56070,56110,56520,56070,55730,55850,55880,54890,54800,58020,52800,42770,33360,33180,,
ATI,ATI2201,MRPL,atiamuri,Hydro,Hydro,1999-09-20,16060,16550,11190,5970,3240,2660,2640,2700,4270,6350,6280,12310,19230,22110,23880,23850,23830,17580,19200,19350,19190,18640,18470,18460,18460,18500,18230,18390,18740,18770,16820,11380,16730,20330,18340,18420,18800,18350,18260,18380,18370,17710,16250,18610,10610,9110,8580,9290,,
AVI,AVI2201,MERI,aviemore,Hydro,Hydro,1999-09-20,84610,84480,60080,34790,34700,30440,26240,23900,23330,25620,26040,23270,44240,55520,39590,23220,54970,59820,60080,59860,61170,60650,61590,62010,60140,61780,53380,59810,59830,60240,61020,61900,62250,75760,82230,83280,82860,83290,81620,79910,59820,60370,54060,52620,53000,53420,53840,53970,,
BEN,BEN2202,MERI,benmore,Hydro,Hydro,1999-09-20,66550,62760,67090,75230,84490,77200,69670,75060,75210,79410,76550,116050,134200,113530,111910,110010,154330,221500,222260,221220,224660,223170,225750,226880,186180,175220,175720,178730,179290,178240,180390,183100,218740,219660,220830,223600,222560,223830,209430,207030,186010,181830,178800,176950,178150,179080,171870,120760,,
BWK,BWK1101,TRUS,waipori,Hydro,Hydro,1999-09-20,0,0,0,0,0,0,0,0,0,0,0,0,0,1030,2244,1947,1941,1953,1958,1947,1935,1941,1923,149,0,0,0,0,0,0,0,0,0,625,2298,2000,2417,2828,2792,2756,2429,2024,1923,1947,149,0,0,0,,
COB,COB0661,CTCT,cobb,Hydro,Hydro,1999-09-20,15720,15730,15680,15770,15800,15780,15830,15710,15710,15840,15820,15690,15700,15720,15800,15750,15750,15700,15710,15700,15780,6720,4480,4540,3970,4460,4170,4100,4250,4410,4520,4680,5320,15710,15790,15830,15820,15830,15770,15720,15830,15830,15820,15800,15800,15820,15820,15830,,
COL,COL0661,TRUS,coleridge,Hydro,Hydro,1999-09-20,12460,12450,12430,12460,12480,12470,12490,12450,12450,12470,12500,12430,12460,12470,12480,12490,12470,12460,12460,12450,12450,12460,12460,12460,12430,12450,12450,12440,12450,12450,12450,12450,12420,12400,12400,12400,12390,12410,12390,12380,12420,12440,12440,12440,12440,12450,12460,12460,,
CYD,CYD2201,CTCT,clyde,Hydro,Hydro,1999-09-20,59040,1380,0,0,0,0,0,0,0,0,0,0,0,46230,99890,152010,158900,157780,158750,157700,158830,158340,159100,117670,108550,109520,108860,108660,108420,108620,109050,109510,108850,108410,111910,158830,158650,159050,157590,154110,108490,108800,108120,107820,108060,108300,108500,108580,,
EDG,EDG0331,BOPE,edgecumbe,Gas,Cogen,1999-09-20,1014,1101,1091,1102,1114,1212,1238,1234,1216,1191,1146,1269,1305,1179,1265,1139,1133,1153,1180,1155,1075,1286,1368,1480,1566,1402,1145,236,0,0,0,13,989,1261,1226,1259,1336,1391,1608,1542,1576,1466,1385,1312,1354,1317,1267,1309,,
GLN,GLN0111,ALNT,glenbrook_kilns,Gas,Cogen,1999-09-20,22821,24562,23931,23672,23620,23672,23577,23739,23797,23902,23433,23352,22610,23251,23672,23328,23385,22773,22620,21041,23299,22677,22744,22830,23491,24074,24122,23759,22763,22333,22668,22036,22486,23290,23529,23739,23615,23816,23692,23854,23806,23854,22113,23175,23816,23586,23462,23376,,
HLY,HLY2201,GENE,huntly_1_4,Coal,Thrml,1999-09-20,174210,174430,175700,161690,170700,169230,168010,169450,170810,169740,171820,172780,167220,179100,188100,251980,253390,249120,230470,190780,175710,175740,175450,175520,179960,175320,187290,159940,170420,177780,176060,174840,175850,176640,178960,196120,246010,311040,317920,282500,266100,248400,194450,176000,177620,175480,175470,175550,,
HWA,HWA1101,TRUS,patea,Hydro,Hydro,1999-09-20,13433,13437,13489,13481,13465,13509,13465,13501,13509,13521,13497,13509,13465,13449,13469,13481,13505,14771,14871,14867,14883,14887,14903,14855,14883,14891,14875,14883,14879,14891,14895,14879,14883,14883,14871,14871,14875,14875,14895,14915,14915,14919,14899,14915,14923,14923,14911,14907,,
HWA,HWA1102,KIWI,whareroa,Gas,Cogen,1999-09-20,5875,5588,5732,5876,5891,5955,6116,6171,6643,6795,6738,6868,6634,6612,6522,6348,6202,5900,5788,5620,5659,5588,5756,5740,6052,5860,6554,6228,6476,6298,6260,6388,6467,6211,6340,6683,6547,6291,6467,6875,7106,6923,6707,7290,7234,7170,6948,6666,,
KAW,KAW0111,BOPE,kawerau_geo,Geo,Geo,1999-09-20,2376,2397,2298,2279,2370,2422,2384,2426,2429,2450,2508,2482,2500,2496,2448,2392,2326,2279,2308,2231,2199,2175,2149,2161,2123,2104,2143,2108,2190,2202,2160,2159,2180,2195,2269,2305,2323,2307,2347,2376,2316,2334,2338,2373,2373,2371,2404,2429,,
KIN,KIN0112,CHHE,kinleith,Wood,Cogen,1999-09-20,18011,18041,17238,17917,17632,17687,17779,17966,17999,18121,17956,18096,17515,18183,16366,17727,18203,18064,16433,16904,18211,15635,15077,15401,15660,15917,16114,16595,16712,16565,16343,17114,16166,15830,16939,17303,17508,17096,16924,18216,17253,17687,17647,17857,18931,17348,17106,16406,,
KPA,KPA1101,KAPE,kapuni,Gas,Cogen,1999-09-20,7834,7854,7860,7806,7834,7886,7866,7886,7890,7876,7854,7826,7792,7830,7738,7650,7516,7490,7548,7514,7532,7462,7540,7530,7598,7568,7516,7464,7452,7464,7464,7530,7566,7626,7706,7802,7808,7816,7788,7832,7888,7822,7746,7922,7954,7998,8000,8030,,
KPO,KPO1101,MRPL,karapiro,Hydro,Hydro,1999-09-20,29770,30830,30790,30570,34400,35870,35580,35600,35460,35510,35330,35250,33490,35500,33690,32250,31980,31140,29760,30520,29430,29790,29930,30030,35180,33650,29600,29310,30640,30810,30340,30680,30560,30470,30490,30510,31680,30270,30070,30170,30310,29020,33010,39520,33390,30850,32290,31080,,
KUM,KUM0111,TRUS,Kumara,Hydro,Hydro,1999-09-20,135,915,0,0,0,0,0,0,0,0,0,0,1282,2569,2666,2679,2775,3066,3151,3166,3165,3165,3165,3166,3163,3164,2552,2008,1916,1893,1895,1895,1895,2748,3101,3155,3157,3158,3157,3157,3157,3157,2587,911,0,0,0,0,,
MAN,MAN2201,MERI,manapouri,Hydro,Hydro,1999-09-20,223630,227900,227280,228640,229470,228860,230140,228230,227070,229830,230180,226850,227280,227830,228760,228520,228430,227410,227740,227520,228480,228450,228700,189230,168930,170950,170170,169630,145520,170090,171090,169500,167040,165860,166040,194390,217900,224350,222770,220420,224360,224890,223590,223110,223680,223560,224260,224730,,
MAT,MAT1101,TRUS,matahina,Hydro,Hydro,1999-09-20,11510,11290,10620,12060,17920,17590,17610,17640,17610,17660,17610,17620,17010,17510,19870,21130,20880,21540,21830,22200,21000,21590,21870,21780,21560,21670,20720,21040,22190,22210,21710,21920,21590,21770,34950,34990,35720,35410,35150,35230,35050,26270,26860,20860,20740,17430,17780,13190,,
MHO,MHO0331,KING,mangahao,Hydro,Hydro,1999-09-20,12580,12780,12770,12710,12770,12750,12760,12770,12750,12770,12750,12740,12490,12800,13290,13360,13350,13300,13280,13190,13180,13110,13070,13070,13020,12970,12960,12930,12880,12800,12790,12710,12490,12450,12370,12370,12360,12360,12320,12300,12290,12300,12290,12300,12290,12290,12300,12290,,
MTI,MTI2201,MRPL,maraetai,Hydro,Hydro,1999-09-20,21640,33730,21880,21430,22820,39630,36560,21290,18170,30290,37670,32080,48330,67200,55470,78310,74050,53780,60940,69960,57010,61660,55820,74520,66230,70300,66180,74420,43980,29380,26460,56030,51840,84940,74670,85650,95330,81970,54540,56720,63410,40410,41310,35480,18000,24770,53790,27420,,
NPL,NPL1101,CTCT,new_plymouth,Gas&Oil,Thrml,1999-09-20,0,0,0,0,0,0,0,0,0,0,0,0,0,0,0,0,0,0,0,0,0,0,0,0,0,0,0,0,0,0,0,0,0,0,0,0,0,0,0,0,0,0,0,0,0,0,0,0,,
NPL,NPL2201,CTCT,new_plymouth,Gas&Oil,Thrml,1999-09-20,171860,171830,171970,171830,171920,171970,171950,172020,171950,171970,171950,171940,171990,171940,172000,171960,172010,171900,171950,171930,171960,171910,171800,171880,171870,171910,171860,171910,171910,171820,171930,171940,171960,171900,172000,171950,172000,171910,171970,171970,171940,171940,171910,171870,171930,171960,171880,171940,,
OHA,OHA2201,MERI,ohau_a,Hydro,Hydro,1999-09-20,7500,25540,25490,26750,27550,27100,28370,26580,25720,28350,30460,33040,45510,71140,69920,69440,71030,84880,89780,91080,93320,88070,89230,85760,82290,84800,83250,82600,81700,82230,83670,86260,93490,92050,92410,94310,93710,94270,92050,89250,92520,79830,78400,77000,77550,77810,79040,78790,,
OHB,OHB2201,MERI,ohau_b,Hydro,Hydro,1999-09-20,19770,27870,28190,22620,24350,19650,15530,12400,13830,10860,26140,37320,65930,61340,66760,66490,67040,71660,72710,69760,64590,71060,72870,73520,71200,73420,71980,62630,61390,66800,72600,78280,77080,75860,76350,77800,77300,77790,75720,73560,76250,76640,71410,74450,74930,58110,48970,44240,,
OHC,OHC2201,MERI,ohau_c,Hydro,Hydro,1999-09-20,19600,28020,28330,22820,24530,19790,15600,12500,14000,8670,24600,36410,64890,59820,66810,66440,67240,72010,72430,68620,63340,69880,71730,72340,70010,72140,70790,61340,60170,65510,71390,77030,76040,74790,75280,76680,76230,76720,74720,72530,76180,76910,71730,74710,75140,58290,49070,44440,,
OHK,OHK2201,MRPL,ohakuri,Hydro,Hydro,1999-09-20,15580,7970,12490,13160,7360,5810,13270,13870,11180,7380,7760,13040,17130,28380,30800,34950,33560,25270,28030,28170,28000,26190,27830,27770,27680,27680,27340,27340,27680,27700,24650,14930,24480,27700,27680,27660,27720,27400,27360,14980,25560,26920,25140,27500,13100,270,0,0,,
OKI,OKI2201,CTCT,ohaaki,Geo,Geo,1999-09-20,22800,22860,22800,22870,23190,23520,23380,23070,22940,22740,22840,23110,23810,23470,22970,22790,22790,22750,22920,23340,23230,22980,22640,21940,21990,21830,22540,22720,22840,22790,22810,21960,21610,21790,21980,21640,21580,21510,21650,21640,21710,22340,21560,21700,21420,21540,21690,21700,,
OTA,OTA2202,CTCT,otahuhu_b,Gas,Thrml,1999-09-20,0,0,0,0,0,0,0,0,0,0,0,0,0,0,0,0,0,0,0,0,0,0,0,0,0,0,0,0,0,0,0,0,0,0,0,0,0,0,0,0,0,0,0,0,0,0,0,0,,
OTA,OTA2221,CTCT,otahuhu_a,Gas,Thrml,1999-09-20,0,0,0,0,0,0,0,0,0,0,0,0,0,0,0,0,0,0,0,0,0,0,0,0,0,0,0,0,0,0,0,0,0,0,0,0,0,0,0,0,0,0,0,0,0,0,0,0,,
PPI,PPI2201,MRPL,poihipi,Geo,Geo,1999-09-20,1350,910,890,900,890,900,860,880,870,860,800,760,710,2670,17960,18110,18030,17800,17690,17710,17740,17720,17710,17660,17630,17620,17610,17600,17590,17600,17600,17600,17590,17590,17530,17520,17570,17600,17620,17600,17600,17600,17590,17570,17570,17550,17440,16260,,
ROT,ROT1101,TRUS,wheao_flaxy,Hydro,Hydro,1999-09-20,4958,4888,4890,4966,4926,4946,5014,5088,5456,5622,5744,5740,5740,6081,8903,7443,7357,7452,7452,7428,7480,7452,7658,8345,8347,8650,8856,9222,9378,9352,9326,9340,9496,9030,8921,8907,8900,9284,9794,11710,11712,11660,11746,11686,11714,8218,7396,7380,,
ROX,ROX1101,CTCT,roxburgh,Hydro,Hydro,1999-09-20,0,0,0,0,0,0,0,0,0,0,0,0,0,0,0,0,0,0,0,0,0,0,0,0,0,0,0,0,0,0,0,0,0,0,0,0,0,0,0,0,0,0,0,0,0,0,0,0,,
ROX,ROX2201,CTCT,roxburgh,Hydro,Hydro,1999-09-20,75390,78050,60150,60540,41530,40280,40270,40190,40410,40370,39620,39700,39700,39590,39750,39670,56240,56830,67310,95120,96240,95990,96160,95960,95820,96340,95760,95730,95790,95960,96050,96170,95950,96330,96010,76610,76110,76070,75660,75850,75830,76010,75920,75800,75910,76100,76020,76290,,
RPO,RPO2201,GENE,rangipo,Hydro,Hydro,1999-09-20,48990,48990,49000,48980,49000,48990,49000,48990,49000,48990,48990,48990,48980,48980,48970,48980,48970,48950,48970,48950,48960,48960,48960,48950,48940,48930,48930,48920,48930,48930,48920,48910,48930,48920,48930,48920,48940,48930,48930,48920,48930,48940,48950,48950,48960,45130,46730,48820,,
SFD,SFD2201,CTCT,stratford,Gas,Thrml,1999-09-20,107290,110650,110640,110640,110650,110640,110640,110650,110640,110710,110640,110580,116440,135080,154270,160790,160790,160670,146540,111860,111070,111140,111070,112170,119050,111070,111140,117040,113520,111070,111130,111070,111080,111130,111070,112350,130580,160790,160790,160730,160790,160730,137580,110150,110100,110160,110090,111070,,
SWN,SWN2201,TRUS,southdown,Gas,Thrml,1999-09-20,61920,62140,62270,62430,62000,61820,62180,62280,62390,62270,62180,61410,59650,59760,59560,59540,58770,59650,59470,59780,60680,61230,61310,61200,61540,61710,61880,61680,62010,62020,62150,61810,61930,62040,62120,62200,62310,62190,62250,62140,62130,62100,61680,61950,62090,61780,61750,61660,,
TKA,TKA0111,MERI,tekapo_a,Hydro,Hydro,1999-09-20,0,0,0,0,0,0,0,0,0,0,0,0,0,3140,6120,5960,5950,5780,5810,5770,5980,5890,6040,6110,5830,6110,5920,5860,5790,5860,5980,6110,5930,5820,5890,6060,5980,6060,5900,6030,6520,6590,6420,6320,6380,3870,3510,3510,,
TKB,TKB2201,MERI,tekapo_b,Hydro,Hydro,1999-09-20,0,0,0,0,0,0,0,0,0,0,0,0,0,15300,34130,34160,36650,36870,37050,37710,37090,41350,39130,39200,38570,39000,38850,38550,38230,38340,38710,39080,38920,38380,38380,38940,38830,38920,38480,37600,38500,39020,38800,38430,38430,24270,22010,21830,,
TKU,TKU2201,GENE,tokaanu,Hydro,Hydro,1999-09-20,55540,27790,27300,27250,0,0,0,0,0,0,0,0,27960,54400,83580,111810,112080,111980,111860,106880,98660,85210,69490,71720,84300,84710,84150,84820,84580,84560,84150,84140,84150,82050,106070,112050,113130,111740,112420,112220,112420,111640,111460,84240,55940,33050,29920,27260,,
TMU,TMU1101,GENE,te_awamutu,Gas,Cogen,1999-09-20,13040,13110,13090,13030,12950,12930,12900,12930,13030,12930,13040,13040,13120,13210,13140,13070,13000,12900,12870,12730,12890,12780,12720,12590,12570,12710,12710,12680,12690,12660,13030,12860,12910,13000,12940,12900,12950,12960,12960,12970,13070,13300,13300,13240,13330,13380,13420,13380,,
TUI,TUI1101,GENE,waikaremoana,Hydro,Hydro,1999-09-20,6580,6760,7070,6850,6870,6850,6850,6860,6850,6850,6850,6790,6250,7500,23940,28950,28770,28750,28740,29090,28470,20060,10800,22200,21020,6790,20520,23600,14320,6980,6850,8260,7210,12150,23240,30420,34010,33590,33010,33190,33100,32370,29880,11030,7170,7330,6290,6990,,
WHI,WHI2201,CTCT,whirinaki,Diesel,Thrml,1999-09-20,0,0,0,0,0,0,0,0,0,0,0,0,0,0,0,0,0,0,0,0,0,0,0,0,0,0,0,0,0,0,0,0,0,0,0,0,0,0,0,0,0,0,0,0,0,0,0,0,,
WKM,WKM2201,MRPL,whakamaru,Hydro,Hydro,1999-09-20,35110,28060,33700,35040,24160,15820,15800,15840,15850,15910,15760,18550,29150,43370,45320,38010,37830,31460,27750,28180,27480,27690,27760,27710,27590,27760,28170,35020,35790,35920,34510,28040,28000,27950,27990,28100,28820,28470,27640,29580,34940,33970,30680,34810,19690,10880,19550,23460,,
WKM,WKM2201,TUAR,mokai,Geo,Geo,1999-09-20,0,0,0,0,0,0,0,0,0,0,0,0,0,0,0,0,0,0,0,0,0,0,0,0,0,0,0,0,0,0,0,0,0,0,0,0,0,0,0,0,0,0,0,0,0,0,0,0,,
WPA,WPA2201,MRPL,waipapa,Hydro,Hydro,1999-09-20,15750,16090,11160,7560,7690,7690,7740,13440,13150,8160,7740,17200,17400,18050,17930,17970,17950,17910,17840,18190,21500,17180,17670,17660,24040,24420,23930,18920,18760,17710,10450,11780,17450,17910,21410,21440,22120,24830,25320,15700,14500,13830,18840,15170,10210,7510,9090,14150,,
WRK,WRK2201,CTCT,wairakei,Geo,Geo,1999-09-20,82430,82450,82470,82440,82410,82430,82470,82510,82480,82470,82490,82490,82490,82440,82380,82350,82310,82290,82300,82390,82330,82340,82320,81830,82160,82000,80450,79610,78700,81440,81340,81300,80640,81530,81840,81840,81780,81550,81450,81590,82090,82010,81800,82090,82050,79710,80830,81640,,
WTK,WTK0111,MERI,waitaki,Hydro,Hydro,1999-09-20,32150,31980,31650,32230,32530,32330,32860,31960,31670,32780,32830,31530,31600,31910,32300,32120,32040,31620,31750,31590,32080,31890,32210,32390,31790,32390,32000,31860,31680,31800,32100,32390,32050,31710,31860,32290,32150,32320,31720,31140,32280,32430,32090,31840,31960,32070,32270,32200,,
ANI,ANI0111,BOPE,aniwhenua,Hydro,Hydro,1999-09-21,8102,7991,7993,7983,7954,7963,7897,8261,10957,11078,11133,11683,11022,11315,11580,12401,12368,12449,12542,12537,12524,12514,12510,10679,9596,8563,8563,9884,10821,9339,11219,11093,9591,11063,12025,11698,11249,11749,11967,12119,12250,12244,12283,12317,12326,12315,10670,10548,,
ARA,ARA2201,MRPL,aratiatia,Hydro,Hydro,1999-09-21,14780,14830,14820,14840,14830,14880,14870,14890,14890,16250,16860,16500,15500,16260,16180,23270,28260,28250,28240,28250,27700,27530,27890,28010,27510,27370,27750,27850,27440,27250,27590,27690,24560,27820,28000,28050,39670,39650,39050,29440,31020,25240,25110,25300,25600,27210,28540,28600,,
ARG,ARG1101,TRUS,argyle_wairau,Hydro,Hydro,1999-09-21,5259,5256,1948,1919,1925,1939,1939,1940,1940,1940,1937,1936,1936,5077,5286,5213,5196,5189,5195,5214,5223,5223,5220,5223,4467,4510,4447,4434,4408,4392,4399,4416,5228,5214,5264,5252,5253,5249,5252,5255,5255,5256,5252,5258,3980,4088,940,9,,
ARI,ARI1101,MRPL,arapuni,Hydro,Hydro,1999-09-21,33190,33310,33310,33320,33250,33330,33320,33280,33290,35590,41660,41580,49790,51110,66360,76760,76680,76580,76620,76360,75960,76560,76490,77550,76050,75980,75240,75150,76330,76660,75210,64380,76730,76660,76740,76580,76670,76500,76820,76360,76000,76450,76290,76510,75750,67290,55040,36270,,
ATI,ATI2201,MRPL,atiamuri,Hydro,Hydro,1999-09-21,9250,11900,9380,9420,5970,3770,3730,3660,3690,3650,3690,3510,19810,28440,28410,28530,33690,36810,36770,36730,36610,29150,26580,27950,29300,34010,33660,33020,22160,20990,18020,13660,13220,13070,13210,26740,37200,37360,37440,37340,37350,27910,16380,4940,850,660,610,1460,,
AVI,AVI2201,MERI,aviemore,Hydro,Hydro,1999-09-21,54380,52290,71110,72090,73060,73780,73290,73500,69930,69570,67900,68600,66360,67880,48500,62100,63230,59800,29070,29010,29180,29150,29450,29090,29130,29200,36070,56190,56510,55870,55640,56180,56430,56080,56870,65670,78610,82720,77420,64780,65710,65050,66450,64510,64980,65560,65530,65500,,
BEN,BEN2202,MERI,benmore,Hydro,Hydro,1999-09-21,102070,91770,91310,101940,102520,75870,67670,60610,54140,54870,62600,83880,89870,114530,151320,203210,221590,221410,212530,199490,200400,199930,201990,198760,198310,198550,197530,170510,171670,168930,167440,169400,170180,169660,173900,172230,178450,220490,207370,195070,199650,193910,186570,188620,197960,188200,196130,171230,,
BWK,BWK1101,TRUS,waipori,Hydro,Hydro,1999-09-21,0,0,0,0,0,0,0,0,0,0,0,0,0,1048,2226,1988,1958,1953,1958,3703,4161,4298,5375,10584,12358,12406,12400,5637,250,0,0,0,0,506,2881,3179,3238,3203,3173,3149,3173,3131,3256,3161,1453,0,0,0,,
COB,COB0661,CTCT,cobb,Hydro,Hydro,1999-09-21,15830,15780,15760,15780,15830,15820,15820,15830,15840,15840,15780,15830,15840,15820,15790,15760,15780,15800,15810,15810,15810,15810,15830,15800,15810,15790,15820,15820,15820,15800,15780,15800,15810,15810,15830,15810,15820,15800,15790,15790,15830,15820,15830,15790,15800,15830,15820,15820,,
COL,COL0661,TRUS,coleridge,Hydro,Hydro,1999-09-21,12490,12460,12440,12460,12480,12490,12480,12480,12490,12500,12470,12480,12510,12500,12470,12470,12470,12480,12490,12450,12570,12570,12560,12550,12550,12540,12540,12530,12540,12540,12530,12530,12530,12530,12540,12530,12540,12540,12520,12530,12540,12530,12550,12520,12530,12530,12560,12540,,
CYD,CYD2201,CTCT,clyde,Hydro,Hydro,1999-09-21,59830,220,0,0,0,0,0,0,0,0,0,0,2250,50810,102020,150860,155890,155910,156040,153410,153710,153540,152400,106140,106010,105980,108960,108820,109020,108490,108340,108750,109000,108640,109820,156960,158960,158150,155930,152140,106350,105270,105950,104640,70670,74370,105910,107150,,
EDG,EDG0331,BOPE,edgecumbe,Gas,Cogen,1999-09-21,1385,1370,1257,1299,1324,1291,1245,1260,1176,1183,1231,1235,1381,1371,1320,1297,1375,1308,1498,1583,1658,1729,1486,1485,1389,1416,1330,1315,1364,1278,1375,1349,1379,1254,1270,1435,1395,1550,1532,1474,1547,1500,1508,1411,1422,1370,1243,1162,,
GLN,GLN0111,ALNT,glenbrook_kilns,Gas,Cogen,1999-09-21,23194,23376,23376,22907,23146,23682,23845,24323,22725,24945,24648,24275,24342,24524,24744,24888,23893,26189,25462,25223,23213,23251,24361,23979,24266,24916,23720,24543,22926,23730,23921,22993,23510,23634,24218,23768,23840,24084,24271,24041,24452,24916,24888,24505,22984,24381,25290,25366,,
HLY,HLY2201,GENE,huntly_1_4,Coal,Thrml,1999-09-21,176070,185350,170930,170790,176500,175410,174980,167360,164890,157700,189940,192690,208780,175760,174230,175580,182240,181680,178140,179340,179060,179460,179700,170710,174360,174800,157290,153540,159960,164920,174340,174580,174790,174530,174710,174600,174400,175190,174010,175050,176400,176350,176650,176650,176690,176920,177170,177560,,
HWA,HWA1101,TRUS,patea,Hydro,Hydro,1999-09-21,14946,14946,14934,14926,14915,14938,14926,14938,14958,14950,14934,14895,14875,14875,14855,14851,14859,14871,14891,14883,14879,14891,14883,14891,14895,14871,14871,14903,14891,14915,14895,14891,14875,14891,14879,14883,14879,14895,14903,14911,14919,14911,14887,14899,14919,14903,14915,14903,,
HWA,HWA1102,KIWI,whareroa,Gas,Cogen,1999-09-21,6564,6666,6691,7330,7618,7705,7538,7257,7474,7624,7474,7032,6754,6530,6826,6754,6706,6754,6881,6954,6937,7273,7370,7337,7265,6994,6810,7080,6650,6554,6722,6642,7042,6770,6250,6546,7185,7082,6994,6993,6905,7194,7072,7738,7928,7672,7098,6577,,
KAW,KAW0111,BOPE,kawerau_geo,Geo,Geo,1999-09-21,2431,2403,2404,2422,2445,2482,2462,2493,2486,2500,2528,2464,2532,2504,2410,2406,2343,2319,2379,2284,2241,2229,2246,2232,2149,2229,2208,2144,2151,2115,2192,2250,2171,2114,2128,2233,2289,2330,2399,2408,2417,2438,2465,2467,2454,2483,2516,2507,,
KIN,KIN0112,CHHE,kinleith,Wood,Cogen,1999-09-21,16605,17415,15987,17007,17647,18153,15087,18266,18879,18847,18500,18652,18360,18056,18106,18363,17278,17453,17398,16979,16967,16311,16503,17343,17288,17169,17632,16264,15944,16306,16623,16740,16129,16097,16588,16271,16074,16174,16351,15590,15580,15610,16326,16832,17797,16605,16879,16578,,
KPA,KPA1101,KAPE,kapuni,Gas,Cogen,1999-09-21,8018,8020,8032,8060,8018,8048,8034,8044,8044,7990,8028,8072,8028,7974,7920,8036,8060,8064,8082,8006,8000,7980,7892,7964,7994,7964,7886,7860,7810,7792,7812,7854,7866,7858,7930,8016,7996,7994,7972,7950,7958,7972,8014,8044,8046,8040,8052,7998,,
KPO,KPO1101,MRPL,karapiro,Hydro,Hydro,1999-09-21,30530,31450,31450,31570,31280,31570,31560,31260,31350,31240,31720,31210,35080,38550,38380,38490,38420,38230,38420,38140,37590,38230,36900,39140,36430,36360,35280,35140,36970,37360,37310,37310,37360,37720,41690,40670,41610,41170,41980,41360,40850,41540,41450,41350,41650,41040,41100,37190,,
KUM,KUM0111,TRUS,Kumara,Hydro,Hydro,1999-09-21,0,0,0,0,0,0,0,0,0,0,0,0,928,2462,2569,2574,2798,3151,3151,3152,3151,3152,3151,3152,3151,3152,2563,1994,1907,1906,1906,1908,1907,2705,3096,3149,3158,3157,3158,3158,3156,3157,2559,919,0,0,0,0,,
MAN,MAN2201,MERI,manapouri,Hydro,Hydro,1999-09-21,226010,222880,221280,221970,223990,224810,224270,224330,224440,225860,224600,224930,226500,224530,224210,223100,224490,223850,224720,224480,224690,225590,226960,225380,225000,224940,226140,225430,224880,223500,224300,225550,225650,225000,225410,224420,225400,224780,223720,223480,224610,224190,224660,223420,224140,225160,225310,224210,,
MAT,MAT1101,TRUS,matahina,Hydro,Hydro,1999-09-21,13570,14320,14010,13870,13580,13890,13700,13850,14070,14080,13770,28540,29100,29810,29110,29480,30080,29880,29660,29030,29550,29140,28740,29480,29140,29600,29320,29840,29090,28810,28700,28900,29100,29330,35750,35140,34870,34610,34870,28590,28640,21650,20760,17790,17630,13530,13620,11150,,
MHO,MHO0331,KING,mangahao,Hydro,Hydro,1999-09-21,12300,12310,12420,12390,12400,12420,12460,12530,12520,12480,12410,12450,12460,12450,12450,12400,12390,12570,12640,12640,12560,12530,12530,12540,12530,12520,12540,12300,12240,12250,12220,12170,12390,12390,12300,12290,12290,12290,12290,12290,12290,12280,12280,12190,12190,12180,12180,12170,,
MTI,MTI2201,MRPL,maraetai,Hydro,Hydro,1999-09-21,53680,57300,57380,42530,20830,17950,17930,17730,17880,17890,18220,17920,32180,66550,74660,83910,122180,103720,116270,83520,50550,45270,33600,83680,82550,91550,93000,91570,65300,55090,55440,75560,68540,81270,58200,118510,118520,116630,109570,110110,84460,92820,83120,79960,53290,16630,12030,8270,,
NPL,NPL1101,CTCT,new_plymouth,Gas&Oil,Thrml,1999-09-21,0,0,0,0,0,0,0,0,0,0,0,0,0,0,0,0,0,0,0,0,0,0,0,0,0,0,0,0,0,0,0,0,0,0,0,0,0,0,0,0,0,0,0,0,0,0,0,0,,
NPL,NPL2201,CTCT,new_plymouth,Gas&Oil,Thrml,1999-09-21,171920,171940,171920,171900,171970,171930,171940,171940,171870,171910,171890,171960,171960,171930,171910,171890,171870,171960,171910,172000,171950,171960,171860,171870,171820,171590,171990,171950,171980,171920,172010,171990,171970,171970,171980,172000,172010,156600,139390,135270,126000,116520,116350,116180,115880,116000,116020,116220,,
OHA,OHA2201,MERI,ohau_a,Hydro,Hydro,1999-09-21,77140,73430,72440,49210,49740,49210,48480,46880,48100,48320,61520,76720,78120,76190,78100,90960,103560,106960,103210,102770,103090,102960,103930,102610,103310,95660,86790,85660,93200,102150,96470,99200,108870,117120,118820,118220,117980,117650,114640,115510,114320,102480,80300,77140,77400,78450,78570,63190,,
OHB,OHB2201,MERI,ohau_b,Hydro,Hydro,1999-09-21,44880,42920,42330,42910,43750,44310,43850,44070,44910,50030,57220,67810,68840,67280,66930,73450,86240,98390,94390,94040,94330,94180,94730,90330,85310,68920,69560,68720,69350,78600,67680,77800,97960,97220,98650,97920,98070,97650,96700,93790,85790,82900,67300,52590,52940,53820,55320,53620,,
OHC,OHC2201,MERI,ohau_c,Hydro,Hydro,1999-09-21,45040,43090,42520,43110,43950,44510,44070,44270,45150,50240,57340,67960,68950,67420,67020,72640,85200,97180,93190,92880,93160,93010,93560,89180,84480,69140,69870,68970,69620,78970,67830,78240,98220,97540,98970,98240,98390,97870,97000,94100,86080,83160,67590,52810,53170,54080,54090,51400,,
OHK,OHK2201,MRPL,ohakuri,Hydro,Hydro,1999-09-21,5010,9860,6550,6600,1760,0,0,0,0,0,0,0,30710,50200,52430,52360,51280,53430,53410,53140,52660,41780,40980,43150,52930,52690,42970,38010,33740,33970,19410,15090,13310,15560,15860,31710,49890,52560,48470,53420,45510,41530,41360,28160,2900,0,0,0,,
OKI,OKI2201,CTCT,ohaaki,Geo,Geo,1999-09-21,21820,21830,21850,21580,21530,21660,21860,22320,22130,21890,21860,21800,21470,21770,22120,22200,22010,21560,21460,21380,21530,21680,20700,21870,21470,21530,22170,21280,21650,21990,21910,21560,21440,21530,21490,21500,21710,21910,21850,21490,21410,21590,21660,21990,22010,21700,21690,21400,,
OTA,OTA2202,CTCT,otahuhu_b,Gas,Thrml,1999-09-21,0,0,0,0,0,0,0,0,0,0,0,0,0,0,0,0,0,0,0,0,0,0,0,0,0,0,0,0,0,0,0,0,0,0,0,0,12130,31970,58950,54390,64600,62840,62820,62970,63180,63170,63460,63640,,
OTA,OTA2221,CTCT,otahuhu_a,Gas,Thrml,1999-09-21,0,0,0,0,0,0,0,0,0,0,0,0,0,0,0,0,0,0,0,0,0,0,0,0,0,0,0,0,0,0,0,0,0,0,0,0,0,0,0,0,0,0,0,0,0,0,0,0,,
PPI,PPI2201,MRPL,poihipi,Geo,Geo,1999-09-21,3680,3720,3620,3620,3600,3610,3610,3620,3630,3630,3610,3650,3630,10240,2000,0,3540,18360,18400,18260,18090,18040,17960,17930,17910,17920,17900,17880,17860,17860,17860,17850,17870,17660,17890,17910,17930,17910,17930,17900,17830,17860,17940,17950,17910,17770,17770,16820,,
ROT,ROT1101,TRUS,wheao_flaxy,Hydro,Hydro,1999-09-21,6492,5584,5736,5730,5730,5730,5728,5726,5726,5720,5722,5720,4966,4912,6104,7444,7442,7456,7654,8360,8386,8420,8454,8386,8392,8389,8437,8396,8392,8472,8394,8434,8431,8429,8612,8860,8918,9308,9362,9268,9280,9364,9328,9290,8868,8866,8838,8902,,
ROX,ROX1101,CTCT,roxburgh,Hydro,Hydro,1999-09-21,0,0,0,0,0,0,0,0,0,0,0,0,0,0,0,0,0,0,0,0,0,0,0,0,0,0,0,0,0,0,0,0,0,0,0,0,0,0,0,0,0,0,0,0,0,0,0,0,,
ROX,ROX2201,CTCT,roxburgh,Hydro,Hydro,1999-09-21,78870,78680,59670,58660,40020,39540,39500,39550,39630,39690,39570,39720,39760,39590,39530,40020,56610,57100,75730,96090,96600,96440,97030,95460,95900,95940,93070,93460,93410,93390,93710,92650,93750,93620,93760,64640,73870,73840,75800,79130,79130,79090,79360,78910,73880,74340,78540,76690,,
RPO,RPO2201,GENE,rangipo,Hydro,Hydro,1999-09-21,48840,48830,48830,48840,48830,48840,48840,48830,48840,48830,48830,48830,48820,48820,48810,48810,48800,48810,48810,48800,48810,48800,48810,48800,48810,48800,48810,48800,48800,48810,48800,48800,48800,48800,48800,48810,48800,48800,48810,48800,48820,48830,48820,48830,48830,48830,47330,44300,,
SFD,SFD2201,CTCT,stratford,Gas,Thrml,1999-09-21,155250,153600,119780,110960,111570,111590,111500,110640,110650,110580,110650,110580,141050,171190,171210,169680,168890,169680,169610,164030,159690,159760,159750,161100,168630,159770,159810,159760,159740,159770,159740,159770,159750,159760,159740,161160,169620,169690,170760,171390,174370,174610,174860,161830,146230,134720,110630,111990,,
SWN,SWN2201,TRUS,southdown,Gas,Thrml,1999-09-21,61610,61520,61780,62040,62120,62070,62220,62000,62090,62090,62070,62010,61450,61120,60990,60540,60610,61010,61860,61650,61740,62290,62180,61610,62130,62220,62070,62160,62060,61880,61950,62010,62000,62040,62010,62120,62670,62060,62110,62210,62280,62360,62380,62490,62570,62590,62660,62620,,
TKA,TKA0111,MERI,tekapo_a,Hydro,Hydro,1999-09-21,3590,3270,3190,3280,3420,3520,3440,3460,3590,3650,3400,3530,3680,4470,6450,6250,6400,6410,6440,6390,6460,6410,6550,6360,6340,6350,6520,6700,1000,170,6230,6730,7470,7350,7590,6660,6520,10190,9800,9840,10000,9350,9350,9040,9120,9020,8710,8690,,
TKB,TKB2201,MERI,tekapo_b,Hydro,Hydro,1999-09-21,22280,21340,20900,21240,21600,21900,21760,21790,22120,22360,21860,21770,22460,26080,38320,38430,38660,38420,38740,38600,38660,38750,38880,38720,38410,38310,38990,38680,31570,8840,31690,33850,33830,33670,34170,34050,33990,62580,62250,62630,63300,61340,61540,60160,59980,60790,61000,60640,,
TKU,TKU2201,GENE,tokaanu,Hydro,Hydro,1999-09-21,980,0,0,0,0,0,0,0,0,0,0,440,27780,55350,84830,111930,112340,112360,112440,112210,112000,112740,112690,112280,84090,83770,83580,83410,83700,83870,83590,83720,84370,111890,112870,112170,112020,111630,112440,112150,112370,112770,112620,85460,56180,27980,17690,4780,,
TMU,TMU1101,GENE,te_awamutu,Gas,Cogen,1999-09-21,13370,13420,13420,13410,13390,13380,13370,13490,13370,13480,13550,13660,13620,13740,13750,13740,13700,13690,13660,13500,13350,13190,13120,13550,13500,13260,13090,13030,13040,12970,12980,13010,13060,13130,13240,13360,13480,13460,13600,13680,13730,13810,13850,13880,13890,13970,13970,13860,,
TUI,TUI1101,GENE,waikaremoana,Hydro,Hydro,1999-09-21,6900,7400,7330,7350,7180,7270,7280,7200,7220,7210,7240,7160,6570,7160,32330,33410,33310,33190,33250,33080,33310,33510,32770,34220,32890,32720,32350,32970,34290,33840,33690,33700,33600,33530,33620,33350,32950,32710,33090,32860,32400,32750,10590,6080,5960,5980,6140,6030,,
WHI,WHI2201,CTCT,whirinaki,Diesel,Thrml,1999-09-21,0,0,0,0,0,0,0,0,0,0,0,0,0,0,0,0,0,0,0,0,0,0,0,0,0,0,0,0,0,0,0,0,0,0,0,0,0,0,0,0,0,0,0,0,0,0,0,0,,
WKM,WKM2201,MRPL,whakamaru,Hydro,Hydro,1999-09-21,23190,23580,23650,23740,20890,18890,18820,18630,18690,16450,11640,11630,38420,46680,49250,49270,49220,49220,49330,49320,49060,49370,49260,49990,48970,48810,48370,48290,39050,38220,38170,23610,22550,28320,48810,48750,48740,48630,49130,48950,48700,49130,49140,49100,46320,21930,9200,2280,,
WKM,WKM2201,TUAR,mokai,Geo,Geo,1999-09-21,0,0,0,0,0,0,0,0,0,0,0,0,0,0,0,0,0,0,0,0,0,0,0,0,0,0,0,0,0,0,0,0,0,0,0,0,0,0,0,0,0,0,0,0,0,0,0,0,,
WPA,WPA2201,MRPL,waipapa,Hydro,Hydro,1999-09-21,14690,16720,14890,14980,12870,9220,9190,9060,9080,9080,9250,9060,9650,15950,22900,24370,26830,27750,27820,27900,25370,24730,18900,13910,17990,19590,26760,26540,27140,22830,18240,18260,20820,22710,25390,25630,26120,27660,28160,28460,28290,28380,28210,28010,22090,5430,3270,4140,,
WRK,WRK2201,CTCT,wairakei,Geo,Geo,1999-09-21,81600,81630,81580,81610,81640,81720,81620,81640,81660,81580,81700,81710,81590,81680,81650,81690,81650,80980,79510,79770,79740,81370,81520,81580,81440,81480,81190,80860,80720,79260,80150,81130,81100,81140,81250,81250,81100,81190,81060,81040,81250,81080,79240,81110,81140,81040,81000,80930,,
WTK,WTK0111,MERI,waitaki,Hydro,Hydro,1999-09-21,31120,29220,29070,29260,29620,29830,29660,29780,30030,30220,31010,32320,32710,32090,32110,31750,32110,32050,32190,32060,32140,32060,32310,31900,31800,31750,32180,31940,32100,31740,31560,31930,32000,31780,32230,31980,32100,31840,31670,31740,32150,31930,32390,31670,31840,32080,32080,32030,,
ANI,ANI0111,BOPE,aniwhenua,Hydro,Hydro,1999-09-22,8594,8547,7938,7918,7918,7923,7928,7913,7935,9410,9427,9465,11144,10412,11184,12290,12366,12479,12449,12413,12399,12363,12335,10647,9556,8588,8573,8513,7918,7938,7933,7988,9253,11320,12394,12458,12447,12380,12354,12297,12237,12187,12136,12091,12036,11995,10685,10533,,
ARA,ARA2201,MRPL,aratiatia,Hydro,Hydro,1999-09-22,29750,37250,37000,33480,30650,31710,31750,28120,25710,26650,37400,36840,37100,36680,36450,37570,37900,38600,36170,28400,16420,24120,27460,26300,17790,17980,17710,17850,17970,18180,18710,22260,23180,25990,27450,24770,25040,24020,24070,23610,23290,16830,15500,13320,13040,12120,11710,11760,,
ARG,ARG1101,TRUS,argyle_wairau,Hydro,Hydro,1999-09-22,0,0,0,0,0,0,0,0,0,0,0,3171,3743,5202,5189,5158,5159,5165,5173,5180,5189,5196,5199,5205,1898,37,0,0,0,0,0,0,2383,5205,5273,5258,5252,5244,5226,5174,5184,5186,5186,5184,5193,5199,5207,5228,,
ARI,ARI1101,MRPL,arapuni,Hydro,Hydro,1999-09-22,66600,67130,64080,64150,55250,54400,54320,46410,53990,46420,29130,42830,52320,60850,68800,64230,61380,62400,61040,59980,60450,54280,50840,60070,61110,61420,60010,59580,61050,61520,61120,59570,63790,55370,54220,53870,55900,63410,69380,68670,68420,69550,66330,49790,42340,42570,45030,44910,,
ATI,ATI2201,MRPL,atiamuri,Hydro,Hydro,1999-09-22,1500,7730,5190,5290,4330,3450,1850,1440,5970,8150,7530,8540,18660,28110,29300,36330,36310,36630,35590,26530,10650,6080,5350,3130,3120,3850,8340,7170,4900,5190,4370,3270,3310,18350,36690,36190,36710,36540,36750,36600,36580,36790,30540,25030,10880,8020,8990,9020,,
AVI,AVI2201,MERI,aviemore,Hydro,Hydro,1999-09-22,49970,47020,47490,47600,49340,46470,45740,42260,34940,39950,51080,51680,62940,64020,37170,36640,75850,78760,77840,77340,77580,73920,69030,63040,28670,22230,24940,21890,22390,27860,29240,22540,46160,77330,78800,77530,79430,85880,84340,85040,84560,85430,85200,85810,84830,85190,85320,70520,,
BEN,BEN2202,MERI,benmore,Hydro,Hydro,1999-09-22,122660,115480,130680,112380,105350,103010,102120,101230,76810,79810,102160,114320,134850,143630,158800,190260,196150,206910,206990,192950,193320,195360,196560,200240,191230,192890,192430,194080,193010,203160,176360,153050,181630,184470,188840,186790,190830,202470,188810,188690,180660,164770,163810,165490,162570,137520,116370,97760,,
BWK,BWK1101,TRUS,waipori,Hydro,Hydro,1999-09-22,0,0,0,0,0,0,0,0,0,0,0,0,0,0,131,2137,1947,1976,1935,1953,1976,1964,1929,1458,0,0,0,0,0,0,0,0,0,149,2381,2006,1941,1929,1953,1953,1947,1935,1423,0,0,0,0,0,,
COB,COB0661,CTCT,cobb,Hydro,Hydro,1999-09-22,15750,15800,15830,15830,15850,15790,15810,15810,15830,15820,15810,15820,15790,15820,15740,15800,15180,15830,15800,15800,12900,4360,4240,4440,15310,8260,6800,4310,4380,4840,3310,4120,4960,15920,15940,15930,15950,15960,15910,15920,15910,15930,15920,15930,15920,15920,15930,15940,,
COL,COL0661,TRUS,coleridge,Hydro,Hydro,1999-09-22,12540,12540,12550,12560,12570,12550,12540,12550,12560,12560,12550,12560,12560,12560,12520,12560,12540,9580,12540,12540,12530,12540,12550,12540,12500,12500,12500,12500,12510,12560,12230,12480,12510,12480,12500,12500,12510,12540,12490,12500,12490,12500,12510,12510,12500,12520,12520,12530,,
CYD,CYD2201,CTCT,clyde,Hydro,Hydro,1999-09-22,52070,20,0,0,0,0,0,0,0,0,0,0,2260,50860,97640,152140,154620,156250,154490,154110,154230,154730,111670,105980,104260,104620,106590,107820,108110,109530,105270,107670,107990,107360,108180,109870,156480,161820,159500,160140,112960,108350,107340,86130,86610,107720,108270,105920,,
EDG,EDG0331,BOPE,edgecumbe,Gas,Cogen,1999-09-22,1219,1340,1370,1374,1399,1413,1438,1469,1466,1610,1641,1615,1657,1630,1539,1632,1604,1463,1350,1353,1250,1211,1183,1101,1116,1059,1068,1082,1129,1082,1238,1143,1253,1190,1328,1346,1335,1319,1250,1239,1293,1297,1227,1276,1288,1307,1330,1438,,
GLN,GLN0111,ALNT,glenbrook_kilns,Gas,Cogen,1999-09-22,25605,24385,25050,25175,24826,25003,24974,23232,21376,23653,22008,22955,22763,23366,23519,23701,21893,21280,24141,22955,23051,23338,20812,22897,23539,23098,21682,22438,21960,22285,24103,24027,24074,23873,23854,23519,22668,23998,23481,22630,23127,23395,22649,22036,22630,22917,23137,23137,,
HLY,HLY2201,GENE,huntly_1_4,Coal,Thrml,1999-09-22,177090,177100,177340,177910,177990,177820,177520,177950,177680,187620,194640,195940,196030,195850,195990,195530,196340,196470,196610,197060,196930,196560,195470,198130,198380,198730,205930,223900,258200,247910,249020,268060,277690,234340,199700,197540,197840,207720,215380,195900,180220,175470,175480,174970,175240,185060,203480,211340,,
HWA,HWA1101,TRUS,patea,Hydro,Hydro,1999-09-22,13800,13457,13481,13481,13481,13449,13481,13453,13457,13457,13465,13417,13425,13417,13401,13437,13429,13401,13425,13389,13409,13405,13401,13385,13441,13441,13445,13421,13417,13409,13417,13485,13437,13429,13409,13405,13437,13413,13417,13429,13397,13405,13425,13421,13409,13413,13389,13393,,
HWA,HWA1102,KIWI,whareroa,Gas,Cogen,1999-09-22,6625,6418,6562,6833,6890,7057,7081,7018,7392,7266,7424,7649,7353,7224,7186,7256,7274,7648,8033,8152,8112,7889,7481,7880,7546,7360,7018,6562,6570,6442,6474,6594,6570,6450,6474,6394,6570,6626,6802,6649,6778,7169,7273,7202,7114,6529,6482,6633,,
KAW,KAW0111,BOPE,kawerau_geo,Geo,Geo,1999-09-22,2535,2510,2469,2493,2551,2533,2543,2526,2545,2549,2556,2560,2543,2539,2522,2455,2427,2332,2310,2250,2221,2183,2136,2119,2106,2132,2126,2089,2061,2102,2130,2140,2181,2200,2194,2226,2296,2289,2374,2456,2500,2502,2506,2488,2509,2519,2511,2527,,
KIN,KIN0112,CHHE,kinleith,Wood,Cogen,1999-09-22,16600,16899,16024,16849,16727,16690,16421,16074,16119,16959,16765,16079,15905,14678,16555,16348,15526,15176,15603,15685,16720,16114,15381,14812,14713,14581,15067,15371,15396,15356,14638,14189,14386,14199,15590,16141,16239,16800,16802,16740,16939,17159,16772,15997,15999,16353,16301,16954,,
KPA,KPA1101,KAPE,kapuni,Gas,Cogen,1999-09-22,8068,8190,8128,8126,8076,8170,8190,8186,8274,8244,8230,8250,8252,8200,8134,8026,7918,7860,7804,7742,7768,7794,7792,7766,7742,7748,7834,7800,7956,8006,7928,7906,7978,8002,8060,8104,8172,8192,8254,8268,8228,8208,8270,8254,8118,8126,8214,8360,,
KPO,KPO1101,MRPL,karapiro,Hydro,Hydro,1999-09-22,36200,39280,39550,39630,38580,39400,39340,36850,39880,38790,38220,39980,40110,39780,39630,39580,39330,39360,38300,37810,37770,33300,35140,35840,35470,35800,35480,36130,37050,36430,34490,32120,35000,35470,35640,35500,37000,36090,36830,36290,36060,33470,30490,28370,29360,29360,31400,30130,,
KUM,KUM0111,TRUS,Kumara,Hydro,Hydro,1999-09-22,0,0,0,0,0,0,0,0,0,0,0,0,861,2449,2573,2592,2992,3164,3163,3163,3162,3162,3162,3161,3161,3160,2295,2074,1932,1885,1878,1881,2739,3103,3151,3157,3157,3156,3156,3164,3167,3165,2554,2001,1897,834,0,0,,
MAN,MAN2201,MERI,manapouri,Hydro,Hydro,1999-09-22,223290,225080,225900,226730,228340,225660,226130,226260,226810,226770,226250,226730,226680,226560,224810,226440,224620,225820,227440,226550,225840,227320,228050,227070,220100,220570,222580,223150,220780,203690,194860,205780,214480,206040,209740,205980,206870,197690,194220,194390,199280,202090,201360,201660,200810,201300,201770,202150,,
MAT,MAT1101,TRUS,matahina,Hydro,Hydro,1999-09-22,11300,10790,10810,10950,10300,10380,10470,10540,11030,10570,11940,17760,17740,27980,28940,27470,28910,28070,28560,29360,29380,29600,29470,29080,28770,29120,29540,29010,29580,29650,29220,29380,30980,30250,35430,35300,36190,35090,35010,27420,26350,21460,21160,17670,17360,13950,14050,11430,,
MHO,MHO0331,KING,mangahao,Hydro,Hydro,1999-09-22,12190,12170,12190,12170,12180,12180,12180,12170,12170,12160,12150,12170,12160,12160,12170,12080,12030,12030,12100,12080,12090,12080,12070,12070,12070,12080,12060,12070,12050,12040,12040,12000,12000,12000,11980,11970,11980,11970,11980,11970,11980,11950,11920,11940,11950,11930,11950,11940,,
MTI,MTI2201,MRPL,maraetai,Hydro,Hydro,1999-09-22,54970,37520,22030,27480,14760,13480,17690,4380,19860,7730,9430,31090,52320,54930,92280,122430,103560,132840,79410,32850,11350,22870,30030,15220,17560,36850,36470,6870,16310,17640,14360,17000,18670,10080,17760,59140,59880,105470,130940,111480,76190,59530,47140,31790,23850,28780,40380,44910,,
NPL,NPL1101,CTCT,new_plymouth,Gas&Oil,Thrml,1999-09-22,0,0,0,0,0,0,0,0,0,0,0,0,0,0,0,0,0,0,0,0,0,0,0,0,0,0,0,0,0,0,0,0,0,0,0,0,0,0,0,0,0,0,0,0,0,0,0,0,,
NPL,NPL2201,CTCT,new_plymouth,Gas&Oil,Thrml,1999-09-22,130340,133470,133320,133600,133570,133640,133590,133650,133400,133640,133580,133330,133480,133570,133480,135930,135940,89230,62410,61360,61320,68690,75360,76600,76420,76490,76610,76560,76270,76560,73740,87060,91270,79930,76750,78960,80130,91080,80690,83830,106300,98570,67630,89790,67620,63310,63230,63630,,
OHA,OHA2201,MERI,ohau_a,Hydro,Hydro,1999-09-22,48760,46220,45570,45340,47230,46870,53710,50050,45820,45760,45980,49330,70700,83080,69560,79860,89830,99040,113830,96960,97260,98460,98940,101120,96310,97190,96810,97810,98270,108240,98480,93720,105150,116320,118610,117600,117610,121290,107430,107000,106180,105610,102400,93330,87050,69500,87800,56760,,
OHB,OHB2201,MERI,ohau_b,Hydro,Hydro,1999-09-22,44520,35870,42070,40930,42990,37640,22880,24920,30680,39750,42870,51530,56620,64740,67910,71400,89820,83670,82350,77190,77590,78450,78910,80630,76780,77470,77170,78000,78370,82520,70490,68650,85200,96720,98620,97670,99190,100910,96360,97070,77870,72470,72810,73560,75710,52910,65280,52510,,
OHC,OHC2201,MERI,ohau_c,Hydro,Hydro,1999-09-22,42230,35790,44190,43650,44430,36450,19660,24110,29910,39050,42450,51710,56760,67260,67560,68080,90170,84070,82670,77530,77870,78760,79230,80950,77100,77820,75270,75930,76220,81640,70840,68920,85820,96960,98830,97950,99450,101190,96730,97480,78070,72830,73140,73890,75700,49620,62440,51230,,
OHK,OHK2201,MRPL,ohakuri,Hydro,Hydro,1999-09-22,3720,12390,3860,5870,180,0,5420,0,0,0,0,3620,27800,41710,49390,53940,53900,54060,53330,31830,12650,8960,7760,6780,10390,9850,12900,10810,8220,8520,7710,6730,7430,35480,54240,54130,54440,53820,54000,53720,50090,49810,46400,35060,10920,4660,0,0,,
OKI,OKI2201,CTCT,ohaaki,Geo,Geo,1999-09-22,20740,20990,21260,21240,20960,20650,20710,20480,20870,21060,21140,20980,20780,21460,20910,20870,21030,21330,21040,20570,20390,21090,21340,21480,21580,21800,21620,21380,19990,18690,22270,22270,22100,21780,21860,21900,21810,22150,22350,22290,22060,21930,22000,22500,22460,22200,22240,22040,,
OTA,OTA2202,CTCT,otahuhu_b,Gas,Thrml,1999-09-22,63980,64140,64270,64410,64420,64610,64940,65090,65040,64900,64840,65000,65090,64990,64760,64130,63740,69940,98430,162150,185370,186180,186300,176840,166650,153460,130510,131950,146790,151160,151580,145920,44980,0,0,0,0,17670,61620,76710,130700,132910,160950,164300,164350,164360,164350,164350,,
OTA,OTA2221,CTCT,otahuhu_a,Gas,Thrml,1999-09-22,0,0,0,0,0,0,0,0,0,0,0,0,0,0,0,0,0,0,0,0,0,0,0,0,0,0,0,0,0,0,0,0,0,0,0,0,0,0,0,0,0,0,0,0,0,0,0,0,,
PPI,PPI2201,MRPL,poihipi,Geo,Geo,1999-09-22,3660,3670,3600,3540,3560,3570,3590,3590,3600,3620,3620,3620,3280,10030,17130,17340,17320,17260,17230,17210,17170,17130,17050,17020,16890,16870,16890,16890,16870,16870,16860,16850,16860,16880,16860,16870,16890,16880,16780,16790,16790,16770,16750,16720,16720,16730,16620,15580,,
ROT,ROT1101,TRUS,wheao_flaxy,Hydro,Hydro,1999-09-22,8870,8608,8388,8386,5444,4452,4450,4470,4456,4466,4466,4454,4466,5930,8346,8733,8853,8640,8404,8393,8385,8422,8398,8330,8224,7224,6726,6714,6990,7453,7413,7444,7434,7462,7418,7642,8421,8397,8312,8368,8420,8413,8437,8460,8386,8408,8384,8388,,
ROX,ROX1101,CTCT,roxburgh,Hydro,Hydro,1999-09-22,0,0,0,0,0,0,0,0,0,0,0,0,0,0,0,0,0,0,0,0,0,0,0,0,0,0,0,0,0,0,0,0,0,0,0,0,0,0,0,0,0,0,0,0,0,0,0,0,,
ROX,ROX2201,CTCT,roxburgh,Hydro,Hydro,1999-09-22,79210,77740,59590,59330,41020,39500,39630,39570,39650,39700,39580,39740,39480,39620,39540,37530,56540,57360,77970,95010,95150,95220,96400,97290,96920,96920,94950,92670,56440,91450,93460,94190,93220,94230,92290,91840,75800,71900,71960,71990,75550,76810,74960,59350,59780,76260,76550,76860,,
RPO,RPO2201,GENE,rangipo,Hydro,Hydro,1999-09-22,44290,44300,44300,44290,44290,44290,44290,44320,44300,44310,44310,44290,44290,44260,44260,43390,29760,29810,29780,29780,29780,29790,29790,29800,29820,29820,29830,30040,29820,29830,41440,44160,44390,44150,44150,44150,44160,44170,44160,44160,44180,44160,44180,44170,44180,44190,39800,39710,,
SFD,SFD2201,CTCT,stratford,Gas,Thrml,1999-09-22,157590,159750,143860,114420,119350,111130,111120,111120,111120,111180,111130,113570,165600,174190,174910,173280,154690,163040,170960,159810,159760,128130,122170,117530,143490,123810,132880,111500,110100,110090,110160,110090,113820,153540,144890,157920,160610,172050,160550,159020,165600,160790,160720,160790,152450,111680,111070,111130,,
SWN,SWN2201,TRUS,southdown,Gas,Thrml,1999-09-22,62450,62640,62800,62900,62790,62740,62700,62620,62640,62880,62540,62640,62210,61020,60870,60880,60660,60420,61590,62500,62440,62380,62020,61950,62000,61630,61660,61110,61500,61540,61370,61440,61500,61310,61440,61800,62140,62950,62900,62880,62870,62930,62970,62980,63000,62560,63020,62880,,
TKA,TKA0111,MERI,tekapo_a,Hydro,Hydro,1999-09-22,8900,7000,3510,3000,3270,3040,3130,3180,3230,3240,3170,3250,3260,4690,5700,5990,5770,6210,5430,5350,5360,5460,5560,5760,5260,5370,5340,5440,5530,5360,2980,4890,4990,4810,5050,4950,5420,10820,5800,4370,4310,4430,4520,5490,6080,6170,6200,6290,,
TKB,TKB2201,MERI,tekapo_b,Hydro,Hydro,1999-09-22,59290,48250,23180,22570,23390,22180,22100,22350,22540,22560,22400,22470,22630,25540,28510,32030,33650,34340,34330,33800,33910,34200,34410,35030,33860,33890,33810,34070,34050,2590,28500,35090,36560,35810,36480,36230,36700,70130,41430,36310,36180,32120,32420,37030,36310,36340,36650,36600,,
TKU,TKU2201,GENE,tokaanu,Hydro,Hydro,1999-09-22,0,0,0,0,0,0,0,0,0,0,0,0,0,27070,62510,86650,112910,109040,83960,84010,84170,85330,85440,85330,84810,84990,84960,85260,80280,36200,81460,83360,84440,85480,85330,91660,115480,112130,112370,111960,112530,112380,112600,112110,84970,56010,8320,4100,,
TMU,TMU1101,GENE,te_awamutu,Gas,Cogen,1999-09-22,13930,13920,13990,13980,13990,14030,14020,13970,14030,14000,14000,14180,14220,14340,14200,14030,13800,13770,13700,13600,13430,13380,13300,13180,13090,13050,12990,12960,12950,12890,12920,12950,13010,13060,13120,13230,13340,13470,13490,13650,13670,13720,11450,18470,16320,14440,14480,14530,,
TUI,TUI1101,GENE,waikaremoana,Hydro,Hydro,1999-09-22,6590,6510,6520,6500,6200,6340,6360,5890,6400,6340,6150,6450,6600,6660,30680,33940,33930,34600,33630,33070,33160,33560,33280,33230,33130,33280,32590,21910,6050,6680,7470,6940,11010,34160,34440,33820,34340,33850,32660,33540,33390,33730,9320,6430,6410,6240,7100,7080,,
WHI,WHI2201,CTCT,whirinaki,Diesel,Thrml,1999-09-22,0,0,0,0,0,0,0,0,0,0,0,0,0,0,0,0,0,0,0,0,0,0,0,0,0,0,0,0,0,0,0,0,0,0,0,0,0,0,0,0,0,0,0,0,0,0,0,0,,
WKM,WKM2201,MRPL,whakamaru,Hydro,Hydro,1999-09-22,8770,13930,9320,11340,8750,11190,11380,9690,15900,18670,12720,21750,32390,48410,37230,37280,37370,37570,37390,36990,29700,15440,17120,22170,23610,19600,16930,19070,11880,12270,11950,11920,12710,18550,26260,41980,42850,46310,46560,46380,46130,46680,46770,46260,44630,30660,24920,23540,,
WKM,WKM2201,TUAR,mokai,Geo,Geo,1999-09-22,0,0,0,0,0,0,0,0,0,0,0,0,0,0,0,0,0,0,0,0,0,0,0,0,0,0,0,0,0,0,0,0,0,0,0,0,0,0,0,0,0,0,0,0,0,0,0,0,,
WPA,WPA2201,MRPL,waipapa,Hydro,Hydro,1999-09-22,9720,17370,17670,13480,9800,7470,7450,5140,4120,3840,3810,6640,12860,18920,24060,25060,27180,28430,27170,22310,12110,8490,11510,11560,8680,7400,7650,8910,6180,8420,8280,8310,8560,5880,7010,17480,17430,21980,27100,28550,28360,28320,22650,18370,13620,7840,6070,7170,,
WRK,WRK2201,CTCT,wairakei,Geo,Geo,1999-09-22,81010,81070,77790,77250,81000,80880,80950,80760,81010,80910,80820,80910,80880,80980,80880,80730,80270,80060,80310,80540,80600,79520,66410,65980,65620,65860,65530,65550,65710,65830,65730,65690,65900,65530,65820,65740,65930,65730,65810,65640,65430,70030,72390,75300,77940,79440,79820,79570,,
WTK,WTK0111,MERI,waitaki,Hydro,Hydro,1999-09-22,31450,31970,32070,32070,32720,31710,31810,31910,32040,32040,31870,32010,31960,32030,31310,32030,31400,32160,31920,31700,31760,32000,32180,32670,31590,31720,31610,31810,31800,32760,30300,31450,31780,29390,29490,29270,29710,30090,29040,29220,29090,29410,29330,29610,29240,30970,32000,32110,,
ANI,ANI0111,BOPE,aniwhenua,Hydro,Hydro,1999-09-23,8427,8352,8048,8049,8054,8049,8059,7867,7870,9466,9402,9414,9405,9511,10452,11920,10599,10584,10630,10594,10609,11239,10705,10579,7963,7898,6489,6433,6532,7207,10358,9253,9838,10453,12388,12422,12456,12456,12421,12394,12363,12318,10684,10463,10453,9551,7976,7865,,
ARA,ARA2201,MRPL,aratiatia,Hydro,Hydro,1999-09-23,12320,12510,12890,13680,13850,13880,14250,13780,13800,13920,13940,17350,28410,28410,28550,33860,29530,31020,27150,17910,12200,16880,15210,19760,18090,14930,15100,8380,4370,8510,13890,15070,15010,15070,15220,19850,26450,32020,30520,28130,27840,14780,14350,12010,11970,12250,12210,12150,,
ARG,ARG1101,TRUS,argyle_wairau,Hydro,Hydro,1999-09-23,5229,5211,1013,12,0,0,0,0,0,0,0,0,1,4313,5247,5243,5235,5229,5222,5182,5173,5181,5186,5196,5202,5205,5213,5225,973,10,0,0,0,0,4396,5181,5202,5229,5231,5240,5240,5261,5252,5250,5256,5261,5250,5256,,
ARI,ARI1101,MRPL,arapuni,Hydro,Hydro,1999-09-23,43940,43720,42730,43460,43950,44070,45580,43220,43300,42370,32330,28400,26370,32890,42560,66250,65510,63850,65210,65840,53990,45640,50970,56650,58360,55010,55100,59510,46400,42920,42750,42710,37750,32570,33250,34190,38530,47520,55590,61300,62510,66110,65310,58360,50630,50680,51600,51960,,
ATI,ATI2201,MRPL,atiamuri,Hydro,Hydro,1999-09-23,5310,5510,3680,820,940,980,1540,760,760,840,760,730,16540,26880,33010,36890,34150,38040,26080,20290,16270,10630,10170,17210,30220,26430,28590,25230,14660,15640,19580,19240,14260,10570,10220,12460,14890,29040,35060,36550,36870,36840,33480,18790,5790,9110,9060,9030,,
AVI,AVI2201,MERI,aviemore,Hydro,Hydro,1999-09-23,66180,64480,65760,57110,49570,45180,29090,27650,27310,27310,55000,66230,66020,64980,40640,44210,57350,63990,64040,63310,63450,63390,63750,63070,54550,58500,62370,63750,63930,64020,64250,64130,67900,71440,72210,72510,73230,74250,73050,73250,73510,73270,73410,72510,68400,68610,68500,69090,,
BEN,BEN2202,MERI,benmore,Hydro,Hydro,1999-09-23,91490,106390,108570,107250,95490,79850,78830,78580,77620,77550,86390,88190,95570,108370,114060,104960,155260,198740,201220,198990,199300,199090,212790,213510,204390,197950,197800,192190,191150,191410,191970,191780,192860,184040,186200,187240,188970,187790,183510,183990,184450,183990,184110,183980,183860,176440,174750,176160,,
BWK,BWK1101,TRUS,waipori,Hydro,Hydro,1999-09-23,0,0,0,0,0,0,0,0,0,0,0,0,0,0,0,155,2310,1857,1774,1345,0,0,0,0,0,0,0,0,0,0,0,0,0,0,0,0,167,2214,1845,1792,1816,1464,2268,2393,2393,2387,2399,2399,,
COB,COB0661,CTCT,cobb,Hydro,Hydro,1999-09-23,15930,15900,15930,15930,15940,15920,15920,15930,15910,15920,15930,15930,15920,15930,15840,15930,15920,15930,15930,15920,9590,4960,4520,11110,15670,15600,10660,14470,12070,4430,6150,4500,4430,14380,15600,15630,15660,15730,15670,15680,15690,15680,15690,15690,15680,15690,15700,15720,,
COL,COL0661,TRUS,coleridge,Hydro,Hydro,1999-09-23,12540,12520,12510,12540,12540,12530,12530,12530,12530,12540,12540,12540,12540,12540,12500,12550,12560,12560,12550,12540,12540,9940,7180,10730,11090,11100,11090,11090,11510,12570,12560,12570,12570,12550,12560,12560,12560,12570,12570,12570,12570,12570,12590,12580,12600,12580,12610,12590,,
CYD,CYD2201,CTCT,clyde,Hydro,Hydro,1999-09-23,57110,3300,0,0,0,0,0,0,0,0,0,0,3030,52770,101940,146260,154660,154980,153880,152920,153010,152920,153220,109180,103500,102600,103350,104080,105890,106220,103070,106190,106530,103770,103230,102610,103760,104370,103690,92970,104380,104310,104420,104400,104360,104560,104500,104060,,
EDG,EDG0331,BOPE,edgecumbe,Gas,Cogen,1999-09-23,1594,1476,1375,1442,1529,1568,1547,1600,1560,1460,1547,1457,1637,1507,1492,1363,1305,1422,1442,1524,1633,1597,1597,1654,1685,1647,1559,1404,1226,1319,1168,1161,1278,1162,1232,1293,1327,1362,1498,1500,1592,1494,1471,1532,1521,1482,1497,1497,,
GLN,GLN0111,ALNT,glenbrook_kilns,Gas,Cogen,1999-09-23,23118,22830,22945,23223,22830,23787,23797,23529,22534,22065,22314,22075,22094,22170,22103,23299,23644,23261,23165,23070,22744,21740,22984,23251,22893,22548,20926,22792,22630,22850,23204,23352,23376,23232,23787,24495,23921,23539,23247,23137,23290,23433,23051,22878,22476,22630,23223,23481,,
HLY,HLY2201,GENE,huntly_1_4,Coal,Thrml,1999-09-23,235910,231230,242000,236970,229730,223660,228520,228740,227890,242630,235570,223580,224960,234630,255620,246800,272830,194030,175220,182120,179840,178050,213140,236470,170910,188540,188870,206010,209340,208760,175080,173760,173180,172460,172660,172660,173000,175850,199250,198950,201170,202110,236640,248380,249040,248490,184190,174670,,
HWA,HWA1101,TRUS,patea,Hydro,Hydro,1999-09-23,13413,13413,1222,216,216,216,216,220,216,220,220,216,212,11398,13333,13353,13363,13377,13361,13369,13409,13385,13385,13373,13461,13449,13465,13445,13441,13453,13413,13393,13377,13357,13369,13357,13389,13397,13401,13369,13377,13437,13453,11863,579,216,216,216,,
HWA,HWA1102,KIWI,whareroa,Gas,Cogen,1999-09-23,6514,6338,6442,6802,6657,6745,7512,8040,8624,8662,8520,8599,8679,9166,8967,8344,8622,7960,7450,7000,7066,7082,7336,6794,7010,6673,7057,6954,6889,6938,6873,6898,6793,6818,6738,6969,6905,6922,6977,6785,6738,6778,7432,7496,7778,7784,7480,7114,,
KAW,KAW0111,BOPE,kawerau_geo,Geo,Geo,1999-09-23,2417,2462,2522,2531,2550,2548,2570,2557,2559,2568,2570,2563,2580,2562,2562,2536,2491,2452,2407,2380,2302,2283,2258,2177,2130,2077,2030,2092,2108,2070,2117,2114,2127,2192,2211,2271,2325,2349,2395,2376,2391,2405,2421,2479,2462,2483,2464,2444,,
KIN,KIN0112,CHHE,kinleith,Wood,Cogen,1999-09-23,16159,15585,14239,13733,14768,16401,16134,16899,16648,15603,16074,16114,16665,15276,14967,13419,13970,14139,14401,14533,10940,10748,11120,13189,11285,12875,13952,14708,16019,15650,15770,15147,14773,12491,12653,13204,13344,14374,14967,14493,14486,15201,14867,15401,15655,15887,15555,15521,,
KPA,KPA1101,KAPE,kapuni,Gas,Cogen,1999-09-23,8228,8242,8228,8260,8332,8310,8292,8258,8304,8328,8328,8360,8312,8210,8136,8008,7956,7868,7818,7886,7914,7804,7732,7614,7720,7712,7694,7716,7800,7782,7744,7788,7866,7984,8016,8056,8112,8134,8118,8186,8178,8202,8214,8206,8234,8268,8296,8292,,
KPO,KPO1101,MRPL,karapiro,Hydro,Hydro,1999-09-23,30030,29760,28920,28370,30210,30490,32670,29530,29600,29610,28670,28900,29000,28360,29620,32050,28720,25910,26040,27150,27740,24140,26540,26060,28810,30480,30340,30180,29950,26900,27480,27310,26670,27500,27350,29930,30640,30570,30590,34480,35660,35490,32410,28650,27240,27540,27500,27430,,
KUM,KUM0111,TRUS,Kumara,Hydro,Hydro,1999-09-23,0,0,0,0,0,0,0,0,0,0,0,0,0,0,1322,3062,3145,3152,3165,3167,3165,3165,3164,3165,3164,3163,2504,1998,1913,1908,1867,1867,2736,3097,3149,3154,3162,3165,3165,3162,3163,3162,2482,1996,1914,840,0,0,,
MAN,MAN2201,MERI,manapouri,Hydro,Hydro,1999-09-23,202660,200800,201990,202160,202980,201720,201910,202120,201580,201240,202920,202400,202210,201960,199260,202000,202030,201880,202150,200690,201380,203370,204610,207390,205740,202700,203430,201350,203250,202200,201910,202680,205800,201040,200910,201650,201810,202770,207900,199970,199820,199610,199650,199740,199620,200140,200030,200750,,
MAT,MAT1101,TRUS,matahina,Hydro,Hydro,1999-09-23,12890,12360,11240,11090,11030,10030,9890,10470,11210,10740,10760,17840,17580,27090,29310,29040,29940,30850,30440,30200,30810,30290,29840,21560,26860,29430,28570,28910,28830,28990,29520,29700,30050,29490,28150,30090,29730,28460,28470,29940,29950,21600,21660,15140,15320,11990,11520,10830,,
MHO,MHO0331,KING,mangahao,Hydro,Hydro,1999-09-23,11940,11910,11960,11920,11920,11920,11930,11920,11920,11920,11920,11930,11920,11920,11900,11860,11870,11850,11860,11870,11870,11860,11870,11860,11860,11860,11860,11860,11860,11800,11720,11740,11740,11730,11730,11740,11730,11690,11590,11590,11590,11590,11590,11580,11590,11590,11580,11590,,
MTI,MTI2201,MRPL,maraetai,Hydro,Hydro,1999-09-23,44320,45840,21230,21290,21640,38380,33290,25900,22310,18050,20950,37410,41510,53420,66400,108540,55080,74350,60320,56090,56700,54020,40600,67750,90110,71680,63280,37860,23580,52570,30210,43540,23650,49160,26540,18420,37930,71960,52210,103060,115550,101190,33910,14190,13350,32220,44570,20910,,
NPL,NPL1101,CTCT,new_plymouth,Gas&Oil,Thrml,1999-09-23,0,0,0,0,0,0,0,0,0,0,0,0,0,0,0,0,0,0,0,0,0,0,0,0,0,0,0,0,0,0,0,0,0,0,0,0,0,0,0,0,0,0,0,0,0,0,0,0,,
NPL,NPL2201,CTCT,new_plymouth,Gas&Oil,Thrml,1999-09-23,62760,62900,63630,63230,63290,63340,63370,63440,63380,63380,63360,63110,63170,62780,63010,62100,62090,62130,62510,62060,62170,62230,62170,64180,90490,103400,99590,98840,120690,95360,75480,85340,86380,68760,110860,157550,170240,170370,170420,171290,171970,171960,172060,171810,171860,171680,171880,171950,,
OHA,OHA2201,MERI,ohau_a,Hydro,Hydro,1999-09-23,55210,54120,58770,53110,51540,46630,31240,26560,46470,49540,60270,73970,95660,94710,92240,88630,97230,102730,102850,101510,101700,100930,89430,88820,96730,94400,95240,95680,95740,95900,96170,93960,110780,114880,115660,116590,117390,116310,112110,106720,73540,73210,73180,73660,82860,70960,89220,70860,,
OHB,OHB2201,MERI,ohau_b,Hydro,Hydro,1999-09-23,57950,54310,47380,36070,37040,35650,36080,36050,35430,35190,39930,56540,73250,72810,70090,73020,86140,90470,90560,89500,89630,89500,90000,89370,71070,66920,67190,68140,68340,68440,68740,68650,85220,94960,95890,96480,97270,98640,97200,97520,80570,78070,78110,78170,77840,55820,76730,53490,,
OHC,OHC2201,MERI,ohau_c,Hydro,Hydro,1999-09-23,58740,57050,46490,36280,37190,35820,36240,36200,34050,32910,38810,56980,73480,72930,70350,73200,87320,88730,88840,89650,89890,89730,90250,89610,71210,67190,67390,68350,68560,68670,66950,65470,83500,95240,96140,96750,97560,97000,95100,95360,80660,78250,78280,78340,77980,55350,72750,52580,,
OHK,OHK2201,MRPL,ohakuri,Hydro,Hydro,1999-09-23,0,0,0,0,0,0,0,0,0,9210,16450,26070,36230,51790,52910,54260,43950,49090,37310,28980,18870,11170,13540,26770,39970,37930,36500,29420,21420,16710,3890,6970,8200,13750,20740,14530,19340,45430,53980,53920,53680,53480,50470,35070,23500,18790,15270,11450,,
OKI,OKI2201,CTCT,ohaaki,Geo,Geo,1999-09-23,22540,22210,22440,22580,22240,22410,22250,22180,22210,22450,22660,22370,22020,22260,22200,22360,22610,22640,22490,22160,22130,21880,21820,21960,22160,21930,21850,22320,21930,21680,21850,22170,22040,21720,21870,21850,21830,21890,22000,22230,21880,21970,21860,21930,21910,22160,22440,22230,,
OTA,OTA2202,CTCT,otahuhu_b,Gas,Thrml,1999-09-23,164350,164400,164310,164350,164360,164350,164350,164400,164350,164360,164350,164400,164350,164400,164400,164310,164400,164400,166890,168480,160750,176210,132630,40110,0,0,0,0,38070,62840,116410,118610,135930,146550,142560,146540,146590,145880,122890,35050,0,0,0,0,0,0,0,0,,
OTA,OTA2221,CTCT,otahuhu_a,Gas,Thrml,1999-09-23,0,0,0,0,0,0,0,0,0,0,0,0,0,0,0,0,0,0,0,0,0,0,0,0,0,0,0,0,0,0,0,0,0,0,0,0,0,0,0,0,0,0,0,0,0,0,0,0,,
PPI,PPI2201,MRPL,poihipi,Geo,Geo,1999-09-23,3550,3610,3620,3620,3630,3610,3590,3590,3600,3600,3600,3600,3300,7710,16900,16980,17080,17120,17100,17050,17020,16990,17000,16990,16980,16950,16950,16920,16900,16890,16890,16860,16780,16780,16780,16770,16770,16770,16770,16780,16810,16810,16830,16830,16840,16860,16850,15560,,
ROT,ROT1101,TRUS,wheao_flaxy,Hydro,Hydro,1999-09-23,8358,8390,8408,8050,6408,3964,3992,3992,3962,3914,3968,3978,3978,5456,8824,9148,9370,9304,9384,9380,9394,8762,8378,8414,8348,7376,7423,7377,7332,7406,7468,7414,7432,7448,8064,8870,9266,9288,9451,9743,9782,9791,9785,9785,9697,9330,9306,9338,,
ROX,ROX1101,CTCT,roxburgh,Hydro,Hydro,1999-09-23,0,0,0,0,0,0,0,0,0,0,0,0,0,0,0,0,0,0,0,0,0,0,0,0,0,0,0,0,0,0,0,0,0,0,0,5030,0,0,0,0,0,0,0,0,0,0,0,0,,
ROX,ROX2201,CTCT,roxburgh,Hydro,Hydro,1999-09-23,75330,77700,59180,59460,39640,39570,39450,39520,39620,39720,39620,39630,39400,39670,39360,39420,53130,57850,77710,79180,79220,79370,79210,78980,79180,79090,79650,79330,77590,77380,78290,77280,76620,78210,79360,74560,79470,79470,78180,53150,79090,79040,79210,79010,79040,79330,79210,79450,,
RPO,RPO2201,GENE,rangipo,Hydro,Hydro,1999-09-23,39730,39660,39650,39650,39660,39660,39660,39670,39660,39660,39660,39660,39640,39630,39620,39620,39630,39620,39610,39620,39630,39620,39610,39940,39610,39620,39610,39600,39610,39610,39610,39600,39600,39610,39590,39600,39590,39600,39600,39610,39350,39230,39220,39220,39230,39260,39270,39260,,
SFD,SFD2201,CTCT,stratford,Gas,Thrml,1999-09-23,128370,115330,111060,111140,111070,111130,111060,111130,111070,111140,111070,111120,156960,160730,161700,169270,160250,160230,160260,160300,160250,150800,112230,155740,164680,160260,160290,159640,124370,113930,119740,110580,110590,110580,110590,110580,127650,144030,133140,167430,158720,159820,159750,161590,137890,110630,110640,115580,,
SWN,SWN2201,TRUS,southdown,Gas,Thrml,1999-09-23,62940,62960,62920,63020,63100,63040,62970,62900,62910,62800,62950,61510,60400,59750,59400,59130,59160,59230,59920,60970,61520,61450,62440,62510,60870,62500,62560,62520,62490,62520,62550,62590,62260,61610,62000,62260,62620,62980,63060,62830,62900,62930,62920,63000,62980,62870,62950,62950,,
TKA,TKA0111,MERI,tekapo_a,Hydro,Hydro,1999-09-23,6050,4250,4450,4460,4600,2820,2450,2430,2330,2780,3060,3010,2990,2990,3140,4020,5710,6030,6040,5920,5930,5920,5980,5880,5840,5570,5790,6010,6030,6050,6080,6070,6140,5620,5760,5810,5920,6100,5890,5920,5960,5920,5950,5930,5920,5970,5980,6040,,
TKB,TKB2201,MERI,tekapo_b,Hydro,Hydro,1999-09-23,34900,20970,21840,21930,22410,21740,21870,21940,21640,21480,22340,22060,22170,21900,20730,22140,33790,37100,36920,36520,36520,36480,36680,36570,36230,35490,35860,36730,36820,36840,36930,36990,37370,35700,35870,36190,36410,36840,36630,36550,36480,36540,36530,36550,36510,36610,36700,36650,,
TKU,TKU2201,GENE,tokaanu,Hydro,Hydro,1999-09-23,0,0,0,0,0,0,0,0,0,0,0,0,0,28450,56550,82940,106830,112040,112460,89870,83890,83350,83850,83340,57270,54640,54700,54590,54630,54520,54870,54710,78850,83640,83460,111330,112120,111970,112410,110190,83530,83250,83760,82850,39180,0,0,0,,
TMU,TMU1101,GENE,te_awamutu,Gas,Cogen,1999-09-23,14610,14660,14730,14720,14810,14850,14910,14850,14910,14930,14960,15120,15070,15060,15010,14900,14750,14650,14530,14390,14160,14030,13960,13870,13860,13630,13690,13660,13660,13520,13570,13560,13550,13550,13580,13720,13930,14000,14140,14180,14250,14250,14350,14420,14460,14540,14580,14590,,
TUI,TUI1101,GENE,waikaremoana,Hydro,Hydro,1999-09-23,7650,7400,7060,7040,5990,5830,6480,5770,5750,5770,5780,5750,5850,6050,30790,31780,32910,30830,30670,31450,32810,31470,33760,31810,31430,32820,33200,33260,28820,17800,30200,33120,10100,8690,15340,6260,20040,32630,33040,33140,33060,33040,8650,6690,6370,6450,6420,6390,,
WHI,WHI2201,CTCT,whirinaki,Diesel,Thrml,1999-09-23,0,0,0,0,0,0,0,0,0,0,0,0,0,0,0,0,0,0,0,0,0,0,0,0,0,0,0,0,0,0,0,0,0,0,0,0,0,0,0,0,0,0,0,0,0,0,0,0,,
WKM,WKM2201,MRPL,whakamaru,Hydro,Hydro,1999-09-23,18010,17130,4660,4770,8000,11270,11830,11050,11050,7390,2580,10550,36530,48570,49150,49020,36060,44990,40790,32950,26410,22660,23870,29630,45850,44740,42800,37280,19550,18450,19060,23180,19990,19120,23340,14780,15980,29420,42330,47150,48680,48670,48720,41320,20190,17200,21420,16930,,
WKM,WKM2201,TUAR,mokai,Geo,Geo,1999-09-23,0,0,0,0,0,0,0,0,0,0,0,0,0,0,0,0,0,0,0,0,0,0,0,0,0,0,0,0,0,0,0,0,0,0,0,0,0,0,0,0,0,0,0,0,0,0,0,0,,
WPA,WPA2201,MRPL,waipapa,Hydro,Hydro,1999-09-23,8240,14460,14600,13020,9800,8520,13440,13600,11320,7700,7620,7750,11590,13720,19570,26550,20860,15240,18970,18750,18580,10320,9610,15870,26890,21070,18370,15050,13340,11760,11590,18750,12560,13630,10460,8260,9960,16930,17570,24580,27420,27600,23240,11320,8240,6790,10370,15220,,
WRK,WRK2201,CTCT,wairakei,Geo,Geo,1999-09-23,79320,79580,79570,79560,79610,79620,79730,79480,79370,79490,79610,79660,79540,79610,79570,79370,79470,79270,79790,79520,78970,79090,79130,78760,79160,79270,79280,79410,79540,79330,79450,79300,79180,79360,79380,79400,79310,79160,79080,78920,78850,78900,80520,80920,81050,81070,81000,81040,,
WTK,WTK0111,MERI,waitaki,Hydro,Hydro,1999-09-23,32230,31530,32000,32010,32340,31790,31920,31900,31640,31560,32120,31990,32000,31920,30930,32000,31990,32050,32070,31780,31810,31780,31910,31750,31590,30960,31540,32770,32670,32700,32800,32790,33040,31500,31840,32020,32300,32820,32300,32360,32380,32340,32390,33080,34820,34960,34960,35060,,
ANI,ANI0111,BOPE,aniwhenua,Hydro,Hydro,1999-09-24,6466,6295,6305,6346,6431,6431,8104,10151,10463,9379,10655,9732,10291,10287,10695,12298,12287,12409,12464,12509,12489,12456,10698,10488,6577,6330,6331,6491,6577,6940,9561,9460,10166,8875,12348,12520,12524,12517,12497,12474,12444,12416,10682,10483,10498,9622,8013,7898,,
ARA,ARA2201,MRPL,aratiatia,Hydro,Hydro,1999-09-24,11570,11660,12160,11940,12260,12340,12140,12770,12730,12330,12410,12560,13520,14030,17070,22850,18040,17880,17990,17990,14450,17630,21930,23630,17510,13910,26710,27300,21610,19860,22000,22440,22530,22290,22150,17500,13930,14640,22160,19930,14120,14150,14170,14170,10350,6370,3910,2450,,
ARG,ARG1101,TRUS,argyle_wairau,Hydro,Hydro,1999-09-24,966,13,0,0,0,0,0,0,0,0,0,0,3206,5161,5170,5177,5164,5163,5172,5178,5187,5172,5194,5247,5246,5240,942,9,0,0,0,0,0,0,4320,5187,5190,5240,5255,5253,5255,5253,5252,5250,5261,5204,985,7,,
ARI,ARI1101,MRPL,arapuni,Hydro,Hydro,1999-09-24,57580,61360,62380,61900,62390,62460,61970,61930,52390,51550,51660,52000,51860,56640,71430,72550,72590,72410,72610,72840,64060,53320,53130,53140,56670,58860,55980,55770,52250,48950,49490,50200,45200,40830,40720,40860,45890,69410,71190,72850,72930,72810,72920,65820,53760,47540,48880,46270,,
ATI,ATI2201,MRPL,atiamuri,Hydro,Hydro,1999-09-24,8540,8570,9050,8920,9120,9140,8180,4150,2510,2210,2220,2240,19850,28080,33230,36800,36800,36860,36990,37020,32260,24400,22440,23710,27800,28540,22580,19970,17890,15020,19140,14560,11130,8840,8770,10900,14020,27280,36680,37550,37450,37010,16850,12830,4590,1740,1550,1370,,
AVI,AVI2201,MERI,aviemore,Hydro,Hydro,1999-09-24,65800,56800,53940,51850,46770,24370,24620,24520,22720,22430,36380,53440,52440,51770,60990,82420,83790,82780,82490,81650,81980,78200,74480,75810,73100,71710,73310,75110,82560,81970,82130,82600,85850,85800,85320,85850,83630,85720,85240,85180,79630,78810,78880,78350,74040,73590,70530,47100,,
BEN,BEN2202,MERI,benmore,Hydro,Hydro,1999-09-24,141930,124410,115120,113250,101760,91800,76600,76290,75170,94140,108160,155040,159210,169880,135650,136620,183760,194440,193750,191330,192060,191530,189360,178700,146200,141320,145870,142140,143820,147050,147530,148890,165020,170070,173980,171060,188050,210670,187720,183850,118640,109890,105010,106510,161210,168410,182770,174510,,
BWK,BWK1101,TRUS,waipori,Hydro,Hydro,1999-09-24,2387,2351,256,0,0,0,0,0,0,0,0,0,0,0,0,0,0,0,0,0,0,0,0,0,0,0,0,0,0,0,0,0,0,0,0,0,0,0,0,0,0,0,0,0,0,0,0,2149,,
COB,COB0661,CTCT,cobb,Hydro,Hydro,1999-09-24,15710,15710,15690,15660,15640,15690,15690,15690,15710,15710,15690,15650,15670,15710,15670,15580,5140,13330,10850,15130,11790,4880,10110,11520,14930,14850,15610,14690,13950,11210,9290,9490,15210,15740,15740,15750,15630,15770,15730,15730,15740,15780,15790,15760,15760,15770,15750,15780,,
COL,COL0661,TRUS,coleridge,Hydro,Hydro,1999-09-24,12620,12610,12620,12600,12580,12620,12610,12610,12620,12610,12610,12610,12610,12610,12600,12590,12600,12610,12600,8680,8250,12620,12630,12620,12630,12620,12640,12630,12620,12620,12620,12620,12640,12610,13200,13310,13280,13310,14010,14780,14780,14790,14790,14780,14780,14790,14770,14770,,
CYD,CYD2201,CTCT,clyde,Hydro,Hydro,1999-09-24,54020,280,0,0,0,0,0,0,0,0,0,0,0,45850,99750,147100,152410,151670,151430,150700,150900,151320,150210,102910,100340,101180,102010,101290,100590,100300,100400,100750,101090,100940,100760,144670,149270,151080,152220,153080,152840,152750,106960,105790,105800,105930,106240,105090,,
EDG,EDG0331,BOPE,edgecumbe,Gas,Cogen,1999-09-24,1356,1318,1407,1418,1315,1455,1306,1401,1293,1423,1357,1280,1280,1341,1320,1363,1313,1282,1405,1488,1526,1627,1695,1678,1621,1611,1404,1348,1294,1378,1259,1215,1261,1229,1060,1086,1126,1182,1218,1227,1240,1245,1282,1318,1313,1359,1344,1429,,
GLN,GLN0111,ALNT,glenbrook_kilns,Gas,Cogen,1999-09-24,23280,22543,22577,22902,22926,22630,22505,22677,22505,22543,22553,22448,21366,21960,22955,23577,23472,23615,23500,23290,21338,22639,22639,22907,23366,23385,23443,21328,21529,22285,21941,21941,23022,23338,22400,21548,21682,22362,22429,22917,23213,23232,23309,23625,23051,22802,23519,23912,,
HLY,HLY2201,GENE,huntly_1_4,Coal,Thrml,1999-09-24,151010,160200,169070,164520,166150,172280,175510,170410,184350,174930,183510,184600,183890,174950,174590,173610,173460,172970,173900,173580,172860,172710,173030,172600,172600,172830,173070,172910,155400,164880,169670,168270,176040,173210,173090,174320,173170,171960,171990,171930,172120,175820,171360,170890,170920,157060,173760,156510,,
HWA,HWA1101,TRUS,patea,Hydro,Hydro,1999-09-24,216,220,216,220,220,220,220,220,220,224,220,216,216,11252,13389,13345,13397,13409,13401,13389,13417,13421,13437,13429,13425,13397,13437,13433,13425,13385,13393,13429,13393,13405,13413,13397,13401,13405,13425,13413,13417,13449,13465,1234,220,216,216,10605,,
HWA,HWA1102,KIWI,whareroa,Gas,Cogen,1999-09-24,7408,7353,7793,7472,7353,7504,7553,7633,7456,7768,8192,7808,7289,7353,6993,7113,7257,7393,7065,6817,6977,7306,7168,7034,7129,8591,8872,8600,8344,7968,7434,7872,8208,7921,7409,6914,6570,6761,6706,6402,6842,6586,6746,6896,7090,7050,6714,6688,,
KAW,KAW0111,BOPE,kawerau_geo,Geo,Geo,1999-09-24,2411,2347,2416,2361,2416,2416,2396,2385,2384,2388,2420,2503,2475,2451,2424,2391,2384,2318,2304,2241,2228,2183,2187,2205,2204,2119,2064,2073,2056,2071,2124,2162,2120,2160,2254,2275,2306,2343,2356,2412,2415,2425,2433,2392,2398,2403,2448,2420,,
KIN,KIN0112,CHHE,kinleith,Wood,Cogen,1999-09-24,15506,15910,15932,15685,15481,14817,15271,15147,15765,14927,16473,16515,17707,17109,14957,14207,13910,14817,14052,13471,13015,13593,13214,11484,13135,12626,13725,14256,12461,14045,13708,13361,14301,15162,15406,15443,14441,14558,15910,14882,13895,14274,13648,12431,10120,12678,13873,13985,,
KPA,KPA1101,KAPE,kapuni,Gas,Cogen,1999-09-24,8308,8312,8280,8230,8210,8198,8204,8234,8176,8166,8188,8150,8042,8060,8008,7918,7854,7784,7752,7752,7744,7724,7776,7764,7796,7816,7760,7784,7784,7784,7724,7728,7764,7834,7966,7992,8060,8066,8124,8144,8130,8164,8178,8190,8202,8254,8234,8222,,
KPO,KPO1101,MRPL,karapiro,Hydro,Hydro,1999-09-24,27930,29030,29670,29220,29710,26840,27060,30180,28170,27390,27620,28020,27720,32770,36350,36940,37590,37290,37490,37440,37470,37390,37360,37330,37740,36770,37610,37980,35400,37380,36360,38010,37060,35160,35020,29150,28900,31940,32110,32490,32660,32620,32780,31340,30630,27900,29310,28260,,
KUM,KUM0111,TRUS,Kumara,Hydro,Hydro,1999-09-24,0,0,0,0,0,0,0,0,0,0,0,0,0,0,351,2929,3129,3155,3163,3162,3162,3162,3162,3162,3159,3159,2512,1995,1915,1882,1866,1867,2739,3096,3145,3153,3151,3151,3151,3153,3152,3151,2594,1992,1887,830,0,0,,
MAN,MAN2201,MERI,manapouri,Hydro,Hydro,1999-09-24,201740,200760,199940,198760,189190,200930,201290,201660,203140,202720,201380,200470,201300,202740,201160,199340,202940,201420,200670,198850,199770,200510,202040,205460,202940,205440,207840,205860,202850,202010,202550,202850,204160,203960,203630,204980,200530,205240,204370,203150,201830,203600,203590,202130,201970,201750,204680,203090,,
MAT,MAT1101,TRUS,matahina,Hydro,Hydro,1999-09-24,12300,12340,11260,10360,10670,10770,10390,10970,10930,10650,11160,17840,19110,28840,30120,29160,29280,29370,29420,29090,29150,29090,29060,29090,29070,29320,29490,29580,29990,29650,29100,30330,29930,29290,29160,29270,30360,29270,28900,30280,29650,22110,21020,15860,15720,13170,12330,12910,,
MHO,MHO0331,KING,mangahao,Hydro,Hydro,1999-09-24,11580,11540,11540,11560,11410,11440,11470,11470,11470,11470,11470,11470,11470,11450,11310,11310,11300,11300,11300,11300,11310,11300,11290,11300,11290,11290,11120,11130,11110,11120,11120,11120,11120,11120,11110,11100,11020,10940,10920,10930,10920,10930,10920,10920,10930,10920,10790,10770,,
MTI,MTI2201,MRPL,maraetai,Hydro,Hydro,1999-09-24,58830,26860,30350,27590,28580,28660,33330,43050,50430,53980,59900,60630,45960,73240,116120,122380,132320,110150,102740,74750,49700,64520,57210,86870,76660,59100,49170,49950,34670,36030,33040,28830,30030,45400,42150,45590,74670,117200,95340,44630,49120,27340,71770,72950,21460,21500,16750,16720,,
NPL,NPL1101,CTCT,new_plymouth,Gas&Oil,Thrml,1999-09-24,0,0,0,0,0,0,0,0,0,0,0,0,0,0,0,0,0,0,0,0,0,0,0,0,0,0,0,0,0,10,0,0,0,0,0,0,0,0,0,0,0,0,0,0,0,0,0,0,,
NPL,NPL2201,CTCT,new_plymouth,Gas&Oil,Thrml,1999-09-24,171940,171930,171900,171920,171940,171910,171920,171950,171950,171990,171970,171990,172010,171910,171930,172010,171970,171990,172020,171940,172010,171950,171980,171940,171890,171630,171620,171560,169270,167660,166980,167030,167960,169500,170830,171440,171910,171950,171910,171960,171960,171980,171850,171980,171920,171920,171860,171960,,
OHA,OHA2201,MERI,ohau_a,Hydro,Hydro,1999-09-24,66380,72270,67300,54890,52690,53670,54000,53860,50130,49510,49290,51590,78250,77950,75590,75020,98530,102800,103970,104760,106280,106830,87800,90880,73780,71190,69330,68320,66400,65620,65860,66430,90950,93880,93230,93980,91400,93290,93410,93120,77570,75940,76000,75130,76910,77520,78750,77770,,
OHB,OHB2201,MERI,ohau_b,Hydro,Hydro,1999-09-24,50660,58990,53060,50670,46380,43820,42580,35380,34740,34550,34360,41300,65910,74700,62610,71790,87990,90380,85880,83860,84180,84760,61200,61340,59860,61510,63210,58930,57610,57030,57220,57690,71960,70520,70000,70610,68390,70450,70030,69960,74200,76120,76280,75970,81750,82320,83480,82610,,
OHC,OHC2201,MERI,ohau_c,Hydro,Hydro,1999-09-24,51100,60200,53590,46720,44340,44010,42510,35560,34940,34720,34560,41750,66090,74960,61750,72340,88210,89040,83540,81650,83890,84940,62770,62040,60550,59940,61430,59250,57800,57210,57400,57860,68040,70730,70250,70820,68670,70640,70240,70200,73680,75330,75560,75250,82360,82630,83690,82910,,
OHK,OHK2201,MRPL,ohakuri,Hydro,Hydro,1999-09-24,10440,10450,12210,12040,12390,11800,7530,5110,6130,5550,3310,3530,26560,36260,50880,54760,54880,54790,54700,48060,34100,33250,33220,33180,37830,39730,30380,26060,19740,15770,21550,20040,16390,13730,13650,17300,22070,41940,53910,51050,44780,44250,35770,26590,11820,3300,0,0,,
OKI,OKI2201,CTCT,ohaaki,Geo,Geo,1999-09-24,22100,22060,22060,22100,22280,22430,22290,22300,22010,22610,22330,22350,22660,22570,22380,22220,22100,22230,22110,22510,22350,22180,21930,21890,21830,21700,21800,22050,21810,21710,21640,21540,21570,21830,22020,21820,21960,21770,21740,21620,22230,22120,22070,22010,21890,21690,21680,22060,,
OTA,OTA2202,CTCT,otahuhu_b,Gas,Thrml,1999-09-24,0,0,0,0,0,0,0,0,0,0,0,0,0,0,0,0,0,0,0,0,0,0,0,0,0,0,0,0,0,0,0,0,0,0,0,0,0,0,0,0,0,0,0,0,0,0,0,0,,
OTA,OTA2221,CTCT,otahuhu_a,Gas,Thrml,1999-09-24,0,0,0,0,0,0,0,0,0,0,0,0,0,0,0,0,0,0,0,0,0,0,0,0,0,0,0,0,0,0,0,0,0,0,0,0,0,0,0,0,0,0,0,0,0,0,0,0,,
PPI,PPI2201,MRPL,poihipi,Geo,Geo,1999-09-24,3250,3350,3390,3350,3400,3400,3400,3370,3400,3390,3330,3320,3180,8300,16860,16930,16860,16840,16810,16790,16790,16780,16800,16890,16890,16880,16850,16870,16860,16880,16860,16870,16860,16870,16870,16880,16890,16920,16930,16910,16900,16880,16890,16890,16910,16920,16860,16380,,
ROT,ROT1101,TRUS,wheao_flaxy,Hydro,Hydro,1999-09-24,9390,9340,8938,5904,4432,4464,4472,4448,4466,4429,4471,4438,4616,7836,7318,6898,7040,7416,7472,7762,7906,6154,5118,5210,4968,4644,4492,7480,7452,7412,7496,7928,7926,7928,7920,7954,7978,8338,8262,7801,7377,7412,7438,7422,7124,6924,6880,7250,,
ROX,ROX1101,CTCT,roxburgh,Hydro,Hydro,1999-09-24,0,0,0,0,0,0,0,0,0,0,0,0,0,0,0,0,0,0,0,0,0,0,0,18790,19860,19930,19820,19770,19430,120,0,0,0,0,0,0,0,0,0,0,0,0,0,0,0,0,0,0,,
ROX,ROX2201,CTCT,roxburgh,Hydro,Hydro,1999-09-24,79190,79070,60810,59150,40080,39530,39600,39640,39650,39610,39750,39680,39610,39680,39720,39620,57430,57120,75820,79080,79180,79370,78400,79290,79450,79410,80110,78290,79980,98950,99000,99180,99020,99180,99240,82990,79540,79390,77360,76850,76740,76840,77110,77040,77220,77460,76590,77210,,
RPO,RPO2201,GENE,rangipo,Hydro,Hydro,1999-09-24,39270,39280,39280,39280,39400,39280,39280,39290,39280,39290,39280,39280,39290,39260,39270,39260,39250,39270,39260,39260,39260,39250,39250,39250,39260,39250,39240,39250,39250,39240,39240,39240,39240,39230,39230,39240,39230,39260,39230,39240,39260,39250,39260,39270,39240,39370,39720,39260,,
SFD,SFD2201,CTCT,stratford,Gas,Thrml,1999-09-24,172190,173700,166450,159820,159810,159750,159820,159810,159810,159810,159880,159750,167250,172420,167240,173270,131860,149830,149880,149830,143860,117350,141600,123560,145070,160240,159940,138550,137830,132220,126790,126550,110220,121010,114730,111560,137520,126610,127590,125270,137090,126560,150490,122960,114550,110090,108520,72950,,
SWN,SWN2201,TRUS,southdown,Gas,Thrml,1999-09-24,62810,62760,62920,62900,62880,62930,62830,62880,62900,62870,62910,62000,60370,58390,58420,58060,58560,59370,59490,60950,62760,62850,63020,62860,62710,62640,62500,62200,61760,61440,61880,61880,62000,62090,62150,62480,62660,62800,62930,63020,63070,63180,63120,62830,62880,62800,62780,62640,,
TKA,TKA0111,MERI,tekapo_a,Hydro,Hydro,1999-09-24,4400,3520,3420,3360,3300,3440,3480,3440,3570,3510,3490,3390,3430,3540,4640,6340,6500,5940,5870,5740,5780,5860,5800,6000,5810,6040,6300,6080,5880,5800,5830,5920,6030,5980,5930,5990,5670,6010,5870,4920,4880,5040,5050,4940,4940,5100,5570,5670,,
TKB,TKB2201,MERI,tekapo_b,Hydro,Hydro,1999-09-24,26620,22070,21940,21650,21450,21830,22010,21960,22210,22160,22060,21760,21870,22160,28570,36490,37230,37650,37400,37090,37040,37190,37110,37540,37260,37610,38430,38260,37480,37130,37150,37370,37670,37700,37520,37790,36840,37420,37550,37460,37400,37650,37900,37660,37470,37520,38100,37590,,
TKU,TKU2201,GENE,tokaanu,Hydro,Hydro,1999-09-24,0,0,0,0,0,0,0,0,0,0,0,0,26300,55120,83750,110120,112420,112300,90130,83540,83820,83880,83890,83760,82310,55000,54860,54870,55530,55730,55510,56350,56040,56120,82050,108790,99850,98410,111940,112760,112730,112770,103810,83250,55190,12620,9040,0,,
TMU,TMU1101,GENE,te_awamutu,Gas,Cogen,1999-09-24,14710,14710,14730,14750,14800,14850,14870,14960,14990,14970,14990,15120,15150,15200,15120,15080,14920,14760,14520,14280,14040,13850,13810,13630,13750,13530,13400,13340,22410,14960,12870,12930,12870,12840,12880,12930,13040,13240,13360,13410,13430,13560,13640,13730,13720,13780,13820,13880,,
TUI,TUI1101,GENE,waikaremoana,Hydro,Hydro,1999-09-24,6190,6140,6380,6250,6370,6390,6280,6640,6620,6320,6380,6590,6430,6450,28910,32850,32890,32750,32930,33370,34090,34100,34130,34150,34170,33670,33630,33200,31670,32870,32740,33050,14900,32780,33700,33760,34440,35130,33550,33450,33530,32930,7030,6930,6870,6970,7970,6660,,
WHI,WHI2201,CTCT,whirinaki,Diesel,Thrml,1999-09-24,0,0,0,0,0,0,0,0,0,0,0,0,0,0,0,0,0,0,0,0,0,0,0,0,0,0,0,0,0,0,0,0,0,0,0,0,0,0,0,0,0,0,0,0,0,0,0,0,,
WKM,WKM2201,MRPL,whakamaru,Hydro,Hydro,1999-09-24,30440,29170,24930,23410,23810,23880,23540,23640,17990,17140,12350,18550,39910,48530,48650,48310,48490,48460,48650,48660,48660,48600,48520,48510,48370,48260,44910,36400,30440,21510,23560,23730,23890,23760,23760,23800,24130,40100,47340,47810,47870,47180,33900,32260,22250,10800,14220,17930,,
WKM,WKM2201,TUAR,mokai,Geo,Geo,1999-09-24,0,0,0,0,0,0,0,0,0,0,0,0,0,0,0,0,0,0,0,0,0,0,0,0,0,0,0,0,0,0,0,0,0,0,0,0,0,0,0,0,0,0,0,0,0,0,0,0,,
WPA,WPA2201,MRPL,waipapa,Hydro,Hydro,1999-09-24,17560,15660,7980,10150,9890,9880,9640,10680,15050,16790,19470,19160,21690,16110,23520,26330,26620,26220,25990,25890,23040,17910,16470,15390,16520,15980,16250,14530,13280,11930,12790,9720,9760,14830,14840,15780,19710,24180,27770,24280,22840,12920,12860,18280,11290,9360,9290,9620,,
WRK,WRK2201,CTCT,wairakei,Geo,Geo,1999-09-24,80980,80950,81160,81150,81170,81150,81180,81270,81280,81140,81290,81350,81350,81490,81350,81380,80570,80050,80260,80310,80210,80350,80180,80540,80710,80730,80800,80880,80740,70350,67960,74960,77840,78730,79510,80540,80600,80750,80680,79490,79440,79270,79210,79390,79320,79510,79470,79490,,
WTK,WTK0111,MERI,waitaki,Hydro,Hydro,1999-09-24,35310,33290,32360,32110,32000,32320,32460,32390,32670,32580,32480,32280,32340,32520,32290,32150,32600,32400,32350,32020,31970,31270,29460,30080,29560,30170,30920,30390,29750,29470,29590,29830,30130,30040,29850,30130,29060,29940,29730,29790,29720,30090,30110,29930,32000,32460,34450,34980,,
ANI,ANI0111,BOPE,aniwhenua,Hydro,Hydro,1999-09-25,6471,6315,6326,6335,6335,6446,6532,6537,9984,10020,10017,9745,10609,9898,10710,12439,12492,12416,12469,12519,12479,12454,10700,10569,6592,6325,6331,6325,6325,6456,6522,7938,9546,9173,12282,12454,12434,12378,12338,12302,12263,12186,10655,10619,10612,9478,7950,7913,,
ARA,ARA2201,MRPL,aratiatia,Hydro,Hydro,1999-09-25,14060,14760,14790,14840,15170,27070,27490,17360,14860,15080,23400,25490,28420,28220,28040,27860,19480,14190,12610,13510,12720,13190,17220,20580,20290,20130,20730,20410,19480,19000,19620,19450,23130,25350,23440,21480,28050,28510,37330,32550,23430,23240,22230,22580,22440,22500,22610,19630,,
ARG,ARG1101,TRUS,argyle_wairau,Hydro,Hydro,1999-09-25,0,0,0,0,0,0,0,0,0,0,0,0,3291,5178,5187,5189,5187,5189,5190,5192,5204,5211,978,10,0,0,0,0,0,0,0,0,0,4401,5195,5187,5190,5199,5216,5220,5213,5243,5241,5240,5244,5246,5238,986,,
ARI,ARI1101,MRPL,arapuni,Hydro,Hydro,1999-09-25,45600,46530,47910,42970,44430,44380,46870,49490,48780,49020,49680,47890,47950,47960,49490,58190,65040,75770,77400,77950,77760,78300,68580,60500,68320,68540,66400,50750,48470,43340,43050,50900,41180,38470,44860,55340,68190,73510,77700,77830,77900,75900,77620,74100,69350,57990,57440,45750,,
ATI,ATI2201,MRPL,atiamuri,Hydro,Hydro,1999-09-25,19870,31630,21360,4480,480,2680,3190,1100,1680,1730,1870,4590,11890,19580,15970,30460,32970,37730,37730,37720,36820,25720,24120,20240,25400,20700,16710,15980,15760,15640,10370,8730,8790,8710,11580,26210,36240,37760,37740,37820,25190,21440,13140,16500,3920,890,2440,70,,
AVI,AVI2201,MERI,aviemore,Hydro,Hydro,1999-09-25,32540,14430,13510,14130,13420,14020,14470,13720,15260,15180,15380,14300,13810,14230,38830,83230,86680,85330,84930,85100,84460,85170,85750,86630,85890,85490,83950,74650,82350,74090,85060,82460,81290,80700,81970,80330,80380,81710,79810,80770,80270,80020,80610,80320,79920,79330,80060,82500,,
BEN,BEN2202,MERI,benmore,Hydro,Hydro,1999-09-25,144500,149390,142690,144070,142480,143810,144730,143090,160920,161070,161430,157770,135870,136840,117010,107940,157140,185170,180180,180390,178590,180450,175310,175050,172740,171560,167930,168300,171270,165170,155080,147950,164260,172920,176810,172520,177060,210650,208370,194100,176890,182590,184040,183230,181920,170400,172140,172560,,
BWK,BWK1101,TRUS,waipori,Hydro,Hydro,1999-09-25,12799,13299,13305,13323,10769,2012,0,0,0,0,0,0,0,0,0,0,0,0,0,0,0,0,0,0,0,0,0,0,0,0,0,0,0,0,0,0,0,0,0,0,0,0,0,0,0,0,0,0,,
COB,COB0661,CTCT,cobb,Hydro,Hydro,1999-09-25,15760,15750,15710,15760,15710,15750,15770,15730,15800,15790,15800,15750,15730,15750,15710,15700,15780,15740,15730,15740,15700,15740,15780,15800,15780,15770,15680,15690,15750,15810,15820,15710,15750,15720,15790,15700,15690,15770,15680,15740,15740,15720,15750,15730,15710,15660,15700,15810,,
COL,COL0661,TRUS,coleridge,Hydro,Hydro,1999-09-25,14770,14760,14760,14740,14740,14740,14740,14740,14720,14690,14690,14680,14690,14690,14680,14670,14810,14880,14870,14880,14870,14870,14890,14880,14900,14890,14890,14870,14880,14890,14880,14860,14860,14850,14850,14830,14840,14840,14710,14660,14650,14650,14650,14650,14650,14640,14660,14680,,
CYD,CYD2201,CTCT,clyde,Hydro,Hydro,1999-09-25,96830,24490,0,0,0,0,0,0,0,0,0,0,1280,51460,94040,102900,103930,103140,102860,102960,102600,102850,105830,106920,106440,106230,105510,105610,85430,84730,84900,83480,75160,101920,104300,103160,85540,94130,64260,35110,135790,151280,149590,103900,103390,103000,102160,102050,,
EDG,EDG0331,BOPE,edgecumbe,Gas,Cogen,1999-09-25,1511,1543,1538,1440,1474,1322,1393,1383,1442,1398,1450,1458,1415,1367,1337,1276,1172,1132,1062,1000,988,1061,957,986,952,1102,1089,1149,1052,950,946,1006,1017,1043,1067,1074,1006,1128,1210,1181,1093,1155,1233,1192,1189,1211,1154,1223,,
GLN,GLN0111,ALNT,glenbrook_kilns,Gas,Cogen,1999-09-25,24428,23184,23960,24065,24113,23902,24304,24189,24074,23730,23462,23079,23739,23261,23615,23625,23720,23668,23658,23701,22974,21089,22725,23242,23290,22897,23041,23505,23692,23462,23586,21567,18209,16386,18104,17329,18362,18515,19127,19022,18735,18209,18400,16687,17252,19453,23596,22754,,
HLY,HLY2201,GENE,huntly_1_4,Coal,Thrml,1999-09-25,137280,142290,156400,169830,171710,158720,167010,178490,168610,165250,183980,169380,191140,163400,183880,184980,170420,153000,144330,158060,143540,158800,154270,154920,161220,157500,164790,158050,168940,170790,184540,183130,195990,201340,186370,186730,203890,222660,205210,207950,219210,163380,159510,177700,156960,159640,164250,163080,,
HWA,HWA1101,TRUS,patea,Hydro,Hydro,1999-09-25,13433,13417,13389,13441,12722,4050,216,212,216,220,355,8863,8961,8953,8957,8925,8971,9007,9027,13365,13395,13437,13423,13409,13413,13415,13397,13409,13413,13417,13389,13395,13373,13367,13385,13365,13375,13365,13323,13333,13411,13409,13403,1252,212,212,212,495,,
HWA,HWA1102,KIWI,whareroa,Gas,Cogen,1999-09-25,6282,6058,6514,6490,6721,6913,7241,7417,7529,7984,8200,8184,8056,7936,7953,7857,7704,7593,7657,7545,7185,7130,6842,6818,6858,6626,6466,5954,6148,6178,6066,6106,6035,6251,6138,5962,6347,6138,6442,6666,7121,7145,7098,6673,6322,6234,6346,6338,,
KAW,KAW0111,BOPE,kawerau_geo,Geo,Geo,1999-09-25,2434,2425,2419,2448,2439,2460,2452,2392,2398,2394,2423,2531,2542,2529,2486,2451,2392,2315,2235,2192,2215,2168,2167,2134,2118,2101,2086,2116,2126,2125,2108,2104,2169,2165,2182,2225,2249,2285,2336,2380,2378,2435,2428,2493,2470,2465,2404,2469,,
KIN,KIN0112,CHHE,kinleith,Wood,Cogen,1999-09-25,13284,12780,12302,13364,11414,11614,13379,13274,13940,13703,13272,14501,14329,13259,12766,11429,12820,12913,12379,12476,11055,11399,12561,12823,12621,13892,15072,12367,13830,14788,14635,15266,15645,13643,13214,14463,14568,14650,12638,12264,12137,11883,12401,12282,13154,13050,13905,15007,,
KPA,KPA1101,KAPE,kapuni,Gas,Cogen,1999-09-25,8186,8228,8208,8200,8140,8196,8214,8228,8250,8236,8204,8060,8022,7986,7978,7968,7858,7740,7698,7728,7690,7660,7612,7578,7566,7544,7642,7652,7732,7784,7870,7944,7970,7972,7904,7926,7920,7846,7766,7804,7810,7822,7812,7812,7784,7788,7842,7818,,
KPO,KPO1101,MRPL,karapiro,Hydro,Hydro,1999-09-25,30190,30580,31400,31710,31290,30770,31280,31530,31200,31310,31580,30640,30780,30800,31410,31470,31290,30730,41490,42250,41560,42240,39000,34350,34600,34530,34880,33530,30660,30790,31350,30950,31240,31200,30810,30800,34730,37520,40420,40800,36150,38950,41700,32700,33480,38260,38500,35690,,
KUM,KUM0111,TRUS,Kumara,Hydro,Hydro,1999-09-25,0,0,0,0,0,0,0,0,0,0,0,0,0,493,1730,1886,1898,1897,1021,0,0,0,0,0,0,0,0,0,0,0,0,0,0,0,0,0,0,0,0,0,0,0,0,0,0,0,0,0,,
MAN,MAN2201,MERI,manapouri,Hydro,Hydro,1999-09-25,195010,176450,174740,176370,174740,176040,177060,175230,178160,178140,178550,176730,176410,176730,174710,174720,178970,176490,175850,176020,174740,175450,176670,178750,177320,177050,174350,174220,176260,180150,181000,176130,177680,176340,178940,175570,175050,178480,174070,177160,176490,175050,176980,176100,174780,173950,174780,180290,,
MAT,MAT1101,TRUS,matahina,Hydro,Hydro,1999-09-25,12960,11390,13190,13020,13440,15450,14670,14710,13670,13790,13610,13950,13600,12750,11570,13020,14500,12850,13120,13760,13450,13030,13640,13840,13700,13710,14490,13900,13900,13680,13700,13550,13710,13890,27950,29210,30510,28500,28650,29380,30120,30180,21880,21690,16070,15690,14420,14280,,
MHO,MHO0331,KING,mangahao,Hydro,Hydro,1999-09-25,10760,10760,10770,10770,10770,10760,10760,10770,10760,10760,10770,10750,10770,10750,10760,10770,10680,10690,10680,10700,10700,10680,10620,10660,10520,10520,10520,10520,10520,10520,10520,10520,10520,10520,10520,10520,10520,10520,10520,10510,10530,10510,10520,10520,10520,10520,10520,10520,,
MTI,MTI2201,MRPL,maraetai,Hydro,Hydro,1999-09-25,33860,64450,68100,69330,65190,48320,24740,20240,19230,19550,20570,18410,30830,43040,44430,59050,61920,90890,108440,80340,79610,80490,77590,73500,76780,61690,51170,53680,45920,38800,34790,48340,30940,32610,52190,70620,117560,121300,139970,127760,64300,65600,50450,46060,50850,27840,33610,14370,,
NPL,NPL1101,CTCT,new_plymouth,Gas&Oil,Thrml,1999-09-25,0,0,0,0,0,0,0,0,0,0,0,0,0,0,0,0,0,0,0,0,0,0,0,0,0,0,0,0,0,0,0,0,0,0,0,0,0,0,0,0,0,0,0,0,0,0,0,0,,
NPL,NPL2201,CTCT,new_plymouth,Gas&Oil,Thrml,1999-09-25,171890,171800,170960,165430,169040,170100,168450,168530,168500,168870,170650,171880,171890,171880,171980,171870,171820,171880,171890,171880,171870,171880,171850,171850,171770,171680,171700,171670,171550,167590,167080,167900,167040,167620,170170,171540,171770,171790,171880,171780,171930,171930,171880,171940,171860,171890,171850,171880,,
OHA,OHA2201,MERI,ohau_a,Hydro,Hydro,1999-09-25,84220,92110,91580,91640,91180,91670,92190,91360,73220,73640,73770,91560,85000,85140,82440,81150,84910,82620,81950,82150,83180,84710,85580,87220,86150,85430,83270,83410,85120,82410,79590,75520,85260,91900,91860,95010,106570,126170,125490,126840,77410,68370,69340,69030,68070,96000,97480,101230,,
OHB,OHB2201,MERI,ohau_b,Hydro,Hydro,1999-09-25,72860,66010,64980,65550,64730,65470,65980,65140,59990,59600,59790,72890,64360,63270,57330,52530,71650,72960,72450,72650,71830,72760,73480,74550,54130,53790,54330,55900,53620,60110,61210,68490,91820,94770,93710,89720,89570,99700,97140,98740,81730,74780,75520,75270,74520,68990,69970,72860,,
OHC,OHC2201,MERI,ohau_c,Hydro,Hydro,1999-09-25,72790,66270,65190,65810,64950,65720,66210,65390,60100,59820,60010,68110,61630,63480,57420,52720,72060,73060,72540,72710,71910,72860,73560,72990,56680,53610,49580,53030,51700,62700,63720,67690,89460,92410,93820,92260,90460,98790,96290,97790,85320,72570,73270,73030,73360,69120,70060,73040,,
OHK,OHK2201,MRPL,ohakuri,Hydro,Hydro,1999-09-25,37410,44390,23830,1380,0,0,0,0,0,0,0,12240,28150,28440,24780,44190,47460,54240,54420,54620,52680,37880,34790,28430,35200,29190,22760,21720,21330,15750,13200,12990,13220,13120,17090,37700,52630,54280,54170,54070,23090,31960,33540,23160,4500,0,2250,0,,
OKI,OKI2201,CTCT,ohaaki,Geo,Geo,1999-09-25,22250,22250,22120,22000,21960,21840,21840,22510,22420,22330,22060,22020,22120,22100,22640,22590,22360,22070,21930,21920,21970,22860,22200,21950,21710,21690,21740,21960,22220,22040,21730,21610,21630,21780,21780,22070,22010,21870,21660,21770,21900,21840,22170,22200,22080,22130,21960,22070,,
OTA,OTA2202,CTCT,otahuhu_b,Gas,Thrml,1999-09-25,0,0,0,0,0,0,0,0,0,0,0,0,0,0,0,0,0,0,0,0,0,0,0,0,0,0,0,0,0,0,0,0,0,0,0,0,0,0,0,0,0,0,0,0,0,0,0,0,,
OTA,OTA2221,CTCT,otahuhu_a,Gas,Thrml,1999-09-25,0,0,0,0,0,0,0,0,0,0,0,0,0,0,0,0,0,0,0,0,0,0,0,0,0,0,0,0,0,0,0,0,0,0,0,0,0,0,0,0,0,0,0,0,0,0,0,0,,
PPI,PPI2201,MRPL,poihipi,Geo,Geo,1999-09-25,190,0,0,0,0,0,0,0,6290,9450,8940,8710,8490,13330,17350,17340,17200,17260,17240,17200,17210,17190,17190,17160,17110,17080,17070,17050,17040,17040,17000,17000,16980,16980,16960,16900,16920,16910,16920,16920,16940,16950,16980,16980,17010,17040,17010,16250,,
ROT,ROT1101,TRUS,wheao_flaxy,Hydro,Hydro,1999-09-25,10734,10770,10758,9970,7860,4298,3970,3984,3958,3978,3936,4374,4935,4937,4978,6172,7188,7308,9406,11116,11200,11612,10764,9862,8320,8400,8330,7816,7928,7534,7486,7512,7506,7490,7460,7502,7430,9078,9815,9833,9776,9792,9402,9338,7850,7920,5787,4109,,
ROX,ROX1101,CTCT,roxburgh,Hydro,Hydro,1999-09-25,0,0,0,0,0,0,0,0,0,0,0,0,0,0,0,0,0,0,0,0,0,0,0,0,0,0,0,0,0,0,0,0,0,0,0,0,0,0,0,0,0,0,0,0,0,0,0,0,,
ROX,ROX2201,CTCT,roxburgh,Hydro,Hydro,1999-09-25,76840,82560,59790,59090,39900,39680,39660,39620,39680,39670,39620,39600,39670,39790,39680,39640,56790,59510,78510,78850,78780,79060,77500,77180,58430,57340,57260,57490,41970,39650,39570,39640,39750,57630,77170,79120,48760,39750,38900,40390,77600,81050,79570,78850,79100,79170,80410,81520,,
RPO,RPO2201,GENE,rangipo,Hydro,Hydro,1999-09-25,39280,39290,39260,39270,39200,39280,39280,39280,39280,39280,39280,39280,39280,39270,39260,39270,39270,39260,39270,39260,39270,39260,39250,39260,39250,39250,39250,39250,39250,39240,39240,39250,39240,39240,39230,39250,39240,39240,39240,39250,39240,38790,38360,38370,38370,38350,38380,38360,,
SFD,SFD2201,CTCT,stratford,Gas,Thrml,1999-09-25,5060,0,0,0,0,0,0,0,0,0,0,0,0,0,0,0,0,0,0,0,0,0,0,0,0,0,0,0,0,0,0,0,0,0,0,0,0,0,0,0,0,0,0,0,0,0,0,0,,
SWN,SWN2201,TRUS,southdown,Gas,Thrml,1999-09-25,62730,62220,62630,62670,62760,62510,62640,62590,62620,62730,62730,62660,62810,60950,59580,58520,58490,58270,59640,61060,62040,62050,61940,61840,61670,61470,61100,60900,60690,60190,60300,60470,60680,60960,61110,61310,61560,61900,61990,62040,62180,61760,61800,62100,62130,62240,62320,62480,,
TKA,TKA0111,MERI,tekapo_a,Hydro,Hydro,1999-09-25,3550,0,0,0,0,0,0,0,0,0,0,0,0,0,0,0,0,0,0,0,0,0,0,0,0,0,0,0,0,0,0,490,490,0,0,0,0,2520,6210,80,0,0,0,0,0,0,0,0,,
TKB,TKB2201,MERI,tekapo_b,Hydro,Hydro,1999-09-25,20170,0,0,0,0,0,0,0,0,0,0,0,0,0,0,0,0,0,0,0,0,0,0,0,0,0,0,0,0,0,0,0,0,0,0,0,0,8080,21100,150,0,0,0,0,0,0,0,0,,
TKU,TKU2201,GENE,tokaanu,Hydro,Hydro,1999-09-25,0,0,0,0,0,0,0,0,0,0,0,0,27130,54290,55910,56210,55970,56040,56280,56400,56170,56040,55870,56220,55830,56030,56390,56120,55970,55830,56000,55830,56280,56320,55860,56290,56630,55930,56080,56000,56110,56490,57300,57180,54950,28110,28280,19720,,
TMU,TMU1101,GENE,te_awamutu,Gas,Cogen,1999-09-25,13990,14070,14070,14060,14110,14200,14190,14250,14280,14340,14390,14470,14540,14530,14500,14390,14270,14080,13840,13670,13510,13280,13140,13050,13000,13030,12930,12810,12850,12840,12830,12850,12930,12980,13030,13130,13220,13340,13430,13570,13580,13580,13590,13710,13760,13800,13940,13970,,
TUI,TUI1101,GENE,waikaremoana,Hydro,Hydro,1999-09-25,6500,7010,7050,7550,7000,6830,6990,7200,6930,7000,7210,6760,6790,6780,23560,33140,32970,31840,32230,33150,32840,33230,33080,33060,33180,33150,33300,32990,32670,32410,32550,32420,21610,31100,33260,33260,33790,33160,32950,33240,33740,30590,6690,7320,7210,7370,7390,7280,,
WHI,WHI2201,CTCT,whirinaki,Diesel,Thrml,1999-09-25,0,0,0,0,0,0,0,0,0,0,0,0,0,0,0,0,0,0,0,0,0,0,0,0,0,0,0,0,0,0,0,0,0,0,0,0,0,0,0,0,0,0,0,0,0,0,0,0,,
WKM,WKM2201,MRPL,whakamaru,Hydro,Hydro,1999-09-25,29630,39950,37800,14030,21260,28530,12710,3900,5710,10600,11250,16280,27980,35410,32300,41910,36860,49540,50460,50490,50490,45070,41170,37390,37410,33160,32430,25980,24120,23850,17490,15000,15140,18920,31840,38960,50360,50340,50440,50690,46470,47070,38670,34960,33490,23980,25260,9970,,
WKM,WKM2201,TUAR,mokai,Geo,Geo,1999-09-25,0,0,0,0,0,0,0,0,0,0,0,0,0,0,0,0,0,0,0,0,0,0,0,0,0,0,0,0,0,0,0,0,0,0,0,0,0,0,0,0,0,0,0,0,0,0,0,0,,
WPA,WPA2201,MRPL,waipapa,Hydro,Hydro,1999-09-25,12520,17910,19900,16210,16070,16630,16020,9230,9850,9980,10350,9700,13280,13360,12370,17580,20520,25520,27640,25610,21540,21160,20890,20920,21020,20950,17660,16600,15270,12770,10600,14020,10810,11340,14850,17250,27280,28630,28940,28730,27930,23930,13700,15920,17860,13460,12030,9990,,
WRK,WRK2201,CTCT,wairakei,Geo,Geo,1999-09-25,79360,79560,79520,79670,79840,79630,79800,79780,79720,79860,79610,79690,79760,79710,79770,79690,79820,79720,79810,79860,79900,79990,79810,79910,79840,79780,79870,79730,79900,79750,79810,79750,79810,80180,80070,80140,80200,80090,80060,80120,80260,79630,80110,80230,80240,80230,80260,80290,,
WTK,WTK0111,MERI,waitaki,Hydro,Hydro,1999-09-25,34900,34840,34500,34650,34360,34530,34640,34350,34780,34740,34690,34390,34200,33980,32190,31440,31850,31660,31650,31740,31700,31830,31990,32290,32220,32090,31590,31600,31980,32610,32820,32010,32190,32020,32450,31990,31880,32490,31810,32210,32150,32050,32250,32190,32000,31780,32040,32930,,
ANI,ANI0111,BOPE,aniwhenua,Hydro,Hydro,1999-09-26,6464,6315,6325,6336,6337,6343,6346,6355,6353,8969,9465,10155,9617,9671,10443,12260,12265,12207,12282,12487,12451,10682,10587,6592,6295,6290,6283,6287,6325,6406,7706,8629,9288,8266,12262,12283,12202,12126,12055,11976,11919,11869,10662,10562,10498,9531,8084,8064,,
ARA,ARA2201,MRPL,aratiatia,Hydro,Hydro,1999-09-26,25760,25150,19130,20100,19970,19760,19690,22680,27290,28180,25600,24170,27150,25990,22710,21050,20770,20760,20290,19540,19300,19140,19220,19740,19180,18940,18940,19360,19720,17690,12430,11010,11740,11700,24200,24100,24080,27090,27530,27320,27130,26950,17580,13870,14770,14720,17050,15510,,
ARG,ARG1101,TRUS,argyle_wairau,Hydro,Hydro,1999-09-26,7,0,0,0,0,0,0,0,0,0,0,0,0,3396,5249,5265,5261,5261,5260,5252,5241,5190,5193,5222,946,12,0,0,0,0,0,0,0,0,0,4398,5252,5237,5235,5235,5237,5237,5238,5235,5246,5250,5244,5255,,
ARI,ARI1101,MRPL,arapuni,Hydro,Hydro,1999-09-26,60030,64700,58010,49250,48520,48510,48500,46780,45760,37880,37040,36490,36320,37020,35030,44620,53680,54120,53690,52870,53070,53050,52470,46950,46820,46650,45930,46390,47380,47440,47810,46870,47460,47220,47210,47230,49270,53440,52500,52020,51710,51220,52400,50650,42770,40690,42040,42250,,
ATI,ATI2201,MRPL,atiamuri,Hydro,Hydro,1999-09-26,22260,18310,1640,1680,1520,2270,2970,3020,2780,2950,4240,10860,13660,10910,10430,19330,9550,17820,19220,23970,19860,17610,17040,8970,17880,18010,18630,19560,19860,20240,18740,19190,12000,18600,18910,18960,21370,35870,36940,36610,32390,14930,10330,9550,9500,2380,9160,9490,,
AVI,AVI2201,MERI,aviemore,Hydro,Hydro,1999-09-26,82810,82220,80390,79900,79620,79240,79940,79920,34050,15180,15440,14780,16340,18890,19820,20520,52780,55590,56810,57830,63500,65920,60760,62990,60010,60570,61640,60280,61810,62330,71470,84860,85290,83850,84680,85700,84500,85150,84600,67850,68570,69390,70560,70880,71440,71950,72040,67680,,
BEN,BEN2202,MERI,benmore,Hydro,Hydro,1999-09-26,112700,117060,113740,113460,117200,116320,117950,117900,122190,123050,124910,120910,130630,130270,117090,117120,188230,193610,201510,196850,197560,197710,188540,190440,164520,148800,147090,146310,148970,151060,152720,148270,169790,166240,168160,167020,162770,165100,165710,163120,150380,150530,153740,153860,151290,152730,168670,169680,,
BWK,BWK1101,TRUS,waipori,Hydro,Hydro,1999-09-26,0,0,0,0,0,0,0,0,0,0,0,0,0,0,0,0,0,0,0,0,0,0,0,0,0,0,0,0,0,0,0,0,0,0,0,0,0,0,0,0,0,0,0,0,0,0,0,0,,
COB,COB0661,CTCT,cobb,Hydro,Hydro,1999-09-26,15800,15810,15720,15720,15690,15670,15710,15700,15780,15800,15810,15770,15650,15630,15770,15770,15730,15710,15790,15710,15740,15760,15750,15800,15690,15730,15750,15700,15770,15770,15760,15740,15750,15640,15700,15770,15690,15750,15710,15690,15650,15660,15740,15740,15780,15790,15790,15750,,
COL,COL0661,TRUS,coleridge,Hydro,Hydro,1999-09-26,14710,14700,14660,14670,14660,14650,14650,14650,14680,14690,14700,14680,14660,14640,14670,14690,14680,14670,14690,14670,14670,14670,14670,14670,14670,14650,14680,14660,14640,14660,14650,14640,14640,14640,14640,14650,14630,14630,14630,14630,14620,14630,14630,14630,14630,14640,14650,14650,,
CYD,CYD2201,CTCT,clyde,Hydro,Hydro,1999-09-26,57400,3210,0,0,0,0,0,0,0,0,0,0,1140,50200,97070,101540,101130,100870,105070,105320,105490,105630,105660,106390,105270,105570,106140,105300,94410,93810,93710,93420,93510,92570,93120,102550,106800,107850,107510,107300,105020,105020,102670,90840,91170,91470,91480,88670,,
EDG,EDG0331,BOPE,edgecumbe,Gas,Cogen,1999-09-26,1367,1461,1482,1280,1331,1337,1356,1270,1259,1258,1318,1403,1473,1396,1315,1254,1186,1290,1263,1342,1381,1421,1327,1296,1113,1218,1087,1093,1154,1206,1016,972,1032,1028,1082,957,977,1030,982,1001,1032,1029,1085,1148,1115,1144,1103,1049,,
GLN,GLN0111,ALNT,glenbrook_kilns,Gas,Cogen,1999-09-26,23022,22697,23108,23165,23347,24151,24141,24084,22046,22476,23778,23606,23519,23414,23567,23376,23663,23491,23462,23232,21041,22285,22543,22314,22993,22323,23031,23586,23481,23653,23539,23596,23893,23873,24046,22964,24333,23960,23414,24342,22697,24371,24208,23893,23730,24237,24515,24285,,
HLY,HLY2201,GENE,huntly_1_4,Coal,Thrml,1999-09-26,105180,124780,167790,169860,170990,170090,167450,178200,168600,178200,192030,185810,195410,213400,200970,223150,194620,215860,222300,207740,203770,210870,201530,216610,217760,209110,178250,166000,158700,156650,168480,177390,180300,188280,182690,186920,218080,211110,206850,205400,199890,196550,195440,165340,160630,163040,170450,169700,,
HWA,HWA1101,TRUS,patea,Hydro,Hydro,1999-09-26,13279,13433,13397,13395,12822,252,212,212,216,216,216,212,208,208,7685,8953,8923,8959,8955,8967,8959,8975,8993,9005,8997,9011,10449,13435,13419,13441,13453,13433,13413,13413,13389,13381,13401,13433,13429,13425,13405,13433,13425,13417,13409,13425,13405,13405,,
HWA,HWA1102,KIWI,whareroa,Gas,Cogen,1999-09-26,6098,6546,6625,6738,7018,7121,7449,7641,7577,7832,7770,7258,6673,6386,6442,6058,6338,6506,6745,6882,6282,5898,5474,5635,6082,5810,5946,5395,5499,5570,5914,6163,6266,6131,6346,6210,6402,6610,6290,6258,6306,6570,6569,6210,5923,5754,5715,5658,,
KAW,KAW0111,BOPE,kawerau_geo,Geo,Geo,1999-09-26,2440,2425,2511,2522,2535,2519,2540,2543,2548,2555,2565,2562,2559,2531,2503,2468,2488,2462,2381,2267,2128,2001,2027,2043,2026,2017,2023,2036,2078,2037,2055,2039,2036,2073,2085,2158,2175,2188,2234,2257,2273,2298,2311,2346,2387,2300,2282,2326,,
KIN,KIN0112,CHHE,kinleith,Wood,Cogen,1999-09-26,15745,15281,15411,16700,15381,15411,15905,16635,16328,15837,16114,15820,16620,16463,16291,16194,16949,17189,16468,16974,17248,16859,16069,12262,12666,13997,15112,15887,15296,16074,15067,14533,14977,15815,16869,16353,16615,17248,17061,17004,16580,16343,16249,15211,15336,16560,16904,16323,,
KPA,KPA1101,KAPE,kapuni,Gas,Cogen,1999-09-26,7532,7814,7786,7810,7830,7830,7842,7848,7866,7880,7880,7754,7702,7746,7758,7794,7828,7844,7862,7730,7690,7616,7628,7672,7710,7742,7600,7608,7578,7584,7568,7600,7692,7772,7774,7834,7884,7818,7844,7862,7880,7940,7994,8000,7998,7996,8018,8010,,
KPO,KPO1101,MRPL,karapiro,Hydro,Hydro,1999-09-26,34900,34320,32560,37330,36960,36530,36210,36340,35500,36000,36120,35470,35210,35920,34850,34300,32470,32720,30860,29410,29670,28360,27940,28170,27350,27170,26440,26840,27820,27860,27680,25310,25980,26780,27030,27030,27420,28170,26990,26410,26560,25980,27360,26220,27130,27010,26810,27350,,
KUM,KUM0111,TRUS,Kumara,Hydro,Hydro,1999-09-26,512,104,0,0,0,499,191,0,0,0,0,0,0,204,1714,1928,1937,1939,1057,0,0,0,0,0,0,0,0,0,0,0,0,0,0,0,0,0,0,0,0,0,0,0,0,0,0,0,0,0,,
MAN,MAN2201,MERI,manapouri,Hydro,Hydro,1999-09-26,181200,179960,176560,174870,174680,173420,175210,175580,179430,180640,182430,178160,173740,172300,178730,177810,177450,175190,179540,175860,176040,176720,176790,179280,175620,176060,177670,174120,177460,179100,178600,177130,177030,173790,176180,178500,175220,176460,176400,175520,173030,173240,176690,179200,178050,178300,178700,179010,,
MAT,MAT1101,TRUS,matahina,Hydro,Hydro,1999-09-26,12820,15630,14240,13530,13750,13810,13700,13740,13390,13650,13740,13860,14000,13890,14060,15400,14370,13630,13340,13590,14020,14020,13880,13820,13510,13830,13680,13950,13890,13660,13860,13310,13690,13940,11280,10750,11030,10430,10360,10520,10580,10710,10270,10500,11100,11100,10990,11050,,
MHO,MHO0331,KING,mangahao,Hydro,Hydro,1999-09-26,10500,10550,10610,10610,10660,10710,10880,10910,10940,11090,11110,11180,11260,11260,11290,11370,11380,11470,11530,11540,11550,11550,11540,11550,11610,11610,11620,11610,11680,11670,11680,11680,11690,11760,11760,11820,11850,11910,12020,12020,12030,12030,12030,12030,12030,12030,12020,12030,,
MTI,MTI2201,MRPL,maraetai,Hydro,Hydro,1999-09-26,66420,57240,52940,28010,22540,7130,7070,7120,5240,5390,5390,34210,50230,34050,32640,45350,31750,33240,42070,67590,68980,55270,54690,41720,57460,50420,56340,59410,57050,56490,56830,56000,46960,57750,52090,51250,65670,99820,107900,90760,90610,93730,86770,73210,45450,36620,25040,6170,,
NPL,NPL1101,CTCT,new_plymouth,Gas&Oil,Thrml,1999-09-26,0,0,0,0,0,0,0,0,0,0,0,0,0,0,0,0,0,0,0,0,0,0,0,0,0,0,0,0,0,0,0,0,0,0,0,0,0,0,0,0,0,0,0,0,0,0,0,0,,
NPL,NPL2201,CTCT,new_plymouth,Gas&Oil,Thrml,1999-09-26,171760,171820,171740,171710,171720,171610,171070,166280,163070,163180,163140,164440,168390,171830,171790,171840,171880,171810,171870,171860,171760,171830,171810,171780,171770,171760,171610,171760,171740,170020,168720,166720,167070,166990,167060,167260,170060,171250,171850,171860,171910,171850,171930,171930,171960,171860,171930,171950,,
OHA,OHA2201,MERI,ohau_a,Hydro,Hydro,1999-09-26,84890,75830,73560,72880,72670,72020,72930,72930,69010,75290,76220,74080,71680,71090,74270,73700,73960,74680,75240,72640,72780,73140,73160,70030,65340,64410,65750,64000,65080,66010,65770,65270,79900,83850,85630,85430,84840,90890,90510,89750,73690,67600,68420,68890,69880,70820,70960,69520,,
OHB,OHB2201,MERI,ohau_b,Hydro,Hydro,1999-09-26,61290,52870,51070,50420,50420,54640,54460,53040,66670,69720,70380,68800,66860,66370,51220,44810,50490,53680,55670,56210,56580,56830,56500,54210,56910,60510,56960,55310,56310,54630,53640,55850,72930,71810,72670,74130,75510,75980,75370,74840,69420,65570,60860,58650,59410,60160,60290,58350,,
OHC,OHC2201,MERI,ohau_c,Hydro,Hydro,1999-09-26,61280,52980,51140,50620,50670,54810,55520,55510,69490,72320,71200,68970,67080,66600,49170,44390,50070,52960,54900,55390,55790,56090,56090,57260,55560,55880,56880,55400,56460,57120,56900,56450,72710,71860,72810,74250,73120,76130,75450,74940,69710,66730,61900,60240,58640,55370,58370,58710,,
OHK,OHK2201,MRPL,ohakuri,Hydro,Hydro,1999-09-26,29180,26200,260,0,0,0,0,0,0,6070,7050,15350,21030,14520,22170,26480,16030,26050,27400,32750,27490,24840,24310,12850,27680,26780,27480,28800,28930,28920,23870,25940,14520,26770,27750,27740,31800,52860,54700,49390,37250,24120,15210,18020,11570,4770,12770,9590,,
OKI,OKI2201,CTCT,ohaaki,Geo,Geo,1999-09-26,21810,22110,22740,22080,21970,21980,22010,21960,22160,22380,22330,22260,22020,21990,22020,21860,22220,22110,22170,21800,21700,21720,21480,21710,22080,22040,21780,21500,21510,21350,21680,22420,21970,21740,21460,21530,21420,21950,22050,22080,21770,21540,21630,21730,21780,21980,21970,21850,,
OTA,OTA2202,CTCT,otahuhu_b,Gas,Thrml,1999-09-26,0,0,0,0,0,0,0,0,0,0,0,0,0,0,0,0,0,0,0,0,0,0,0,0,0,0,0,0,0,0,0,0,0,0,0,0,0,0,0,0,0,0,0,0,0,0,0,0,,
OTA,OTA2221,CTCT,otahuhu_a,Gas,Thrml,1999-09-26,0,0,0,0,0,0,0,0,0,0,0,0,0,0,0,0,0,0,0,0,0,0,0,0,0,0,0,0,0,0,0,0,0,0,0,0,0,0,0,0,0,0,0,0,0,0,0,0,,
PPI,PPI2201,MRPL,poihipi,Geo,Geo,1999-09-26,3600,3730,3770,3770,3770,3760,3740,3740,3720,3720,3450,3560,3400,8280,17070,16910,16950,16980,16930,16910,16890,16890,16890,16850,16820,16800,16780,16770,16780,16790,16780,16760,16780,16770,16750,16760,16780,16770,16760,16740,16740,16740,16720,16710,16710,16730,16660,15580,,
ROT,ROT1101,TRUS,wheao_flaxy,Hydro,Hydro,1999-09-26,8282,8846,8836,7766,3986,3984,3918,3948,3948,4039,4449,4454,4514,6154,8974,8859,7585,7308,6946,8006,8388,8328,8314,8384,8462,8428,8250,7928,7900,7896,7914,7902,7937,7915,7918,8222,8382,9520,9768,9730,9732,9768,9768,9794,9372,8914,8820,8816,,
ROX,ROX1101,CTCT,roxburgh,Hydro,Hydro,1999-09-26,0,0,0,0,0,0,0,0,0,0,0,0,0,0,0,0,0,0,0,0,0,0,0,0,0,0,0,0,0,0,0,0,0,0,0,0,0,0,0,0,0,0,0,0,0,0,0,0,,
ROX,ROX2201,CTCT,roxburgh,Hydro,Hydro,1999-09-26,79710,78980,61110,58000,39520,39640,35410,14220,19740,19800,26400,39630,39590,39770,39840,39770,55270,60010,75650,75430,75510,75490,75780,74470,56190,56630,56490,56440,49790,48980,49050,49070,49080,48950,49020,73920,74160,74320,73980,73810,76960,77100,76790,52980,52400,52330,52500,54110,,
RPO,RPO2201,GENE,rangipo,Hydro,Hydro,1999-09-26,37530,39400,39390,39400,39340,39390,39400,39400,39400,39400,39400,39400,39390,39400,39400,39390,33680,29480,29480,29480,29490,29480,29480,29480,29480,28360,27710,27710,27720,27710,27710,27710,27710,27700,27720,27700,27720,27700,27710,27710,27710,27700,27720,27700,27710,27710,27710,27720,,
SFD,SFD2201,CTCT,stratford,Gas,Thrml,1999-09-26,0,0,0,0,0,0,0,0,0,0,0,0,0,0,0,0,0,0,0,0,0,0,0,0,0,0,0,0,0,0,840,28060,35730,36830,73930,79060,110760,126610,149590,159810,161220,151830,130330,147450,98570,75770,75760,75760,,
SWN,SWN2201,TRUS,southdown,Gas,Thrml,1999-09-26,61420,62120,62470,62450,62450,62420,62370,62470,62390,62390,62400,62310,60950,59080,58920,58490,58230,59300,59970,60510,60950,61430,61600,61870,62260,62250,61240,61850,62320,62410,62490,62450,62450,62470,62420,62380,62470,62420,62540,62540,62480,62420,62470,62500,62450,62370,62440,62460,,
TKA,TKA0111,MERI,tekapo_a,Hydro,Hydro,1999-09-26,0,0,0,0,0,0,0,0,0,0,0,0,0,0,0,0,0,0,0,0,0,0,0,0,0,0,0,0,0,0,0,0,0,0,1190,2560,2200,1960,1880,1800,1690,1700,1900,1900,1520,1120,0,0,,
TKB,TKB2201,MERI,tekapo_b,Hydro,Hydro,1999-09-26,0,0,0,0,0,0,0,0,0,0,0,0,0,0,0,0,0,0,0,0,0,0,0,0,0,0,0,0,0,0,0,0,0,0,1260,3590,8840,9110,9310,8610,7660,7920,8810,9200,9960,1170,0,0,,
TKU,TKU2201,GENE,tokaanu,Hydro,Hydro,1999-09-26,27890,27500,27380,27760,28050,24930,100,0,0,0,0,0,0,0,0,23270,60570,66050,66100,66090,66630,66490,66250,66460,65840,67180,67520,41160,40890,40190,40400,40260,40950,40540,40780,68440,68500,68190,69480,68440,68600,68320,68310,68590,65840,38500,38460,16000,,
TMU,TMU1101,GENE,te_awamutu,Gas,Cogen,1999-09-26,13940,13810,13900,13950,13930,13920,13930,13880,13870,13900,13920,13900,13890,13880,13860,13830,13790,13750,13650,13630,13570,13380,13210,13070,12860,12810,12800,12760,12750,12600,12630,12690,12730,12790,12820,12920,12980,13100,13120,13100,13080,13150,13140,13130,13130,13100,13080,13100,,
TUI,TUI1101,GENE,waikaremoana,Hydro,Hydro,1999-09-26,5410,7740,7280,7560,7380,7320,7250,7290,7050,7190,7160,7050,6960,7160,31080,33030,33130,33520,33240,32740,32870,32870,32690,33160,33460,33320,27950,33930,22120,8190,7150,6940,7010,10700,32420,18420,33240,33730,33070,32790,32820,32600,11410,5300,6490,6880,6840,6740,,
WHI,WHI2201,CTCT,whirinaki,Diesel,Thrml,1999-09-26,0,0,0,0,0,0,0,0,0,0,0,0,0,0,0,0,0,0,0,0,0,0,0,0,0,0,0,0,0,0,0,0,0,0,0,0,0,0,0,0,0,0,0,0,0,0,0,0,,
WKM,WKM2201,MRPL,whakamaru,Hydro,Hydro,1999-09-26,37760,32830,23370,10230,7410,6000,6770,6820,5480,5530,5600,7480,12290,12450,12240,24600,24100,34160,33450,36480,25880,25160,25150,18780,30180,29260,31100,32230,32730,32760,31510,29240,21340,35170,32980,32210,38340,49470,49120,48910,45090,33160,33180,31810,24770,13000,12700,10760,,
WKM,WKM2201,TUAR,mokai,Geo,Geo,1999-09-26,0,0,0,0,0,0,0,0,0,0,0,0,0,0,0,0,0,0,0,0,0,0,0,0,0,0,0,0,0,0,0,0,0,0,0,0,0,0,0,0,0,0,0,0,0,0,0,0,,
WPA,WPA2201,MRPL,waipapa,Hydro,Hydro,1999-09-26,15140,13400,13170,8990,8460,4110,3950,3960,3820,3920,3940,8730,13270,13540,13240,14470,10950,10000,12620,18240,18410,15540,15340,14860,15130,15930,17310,18090,18570,18520,17070,14100,14400,16380,15990,15440,16930,22740,27730,28170,28010,21890,21780,20640,17840,18470,7300,3720,,
WRK,WRK2201,CTCT,wairakei,Geo,Geo,1999-09-26,78600,80210,80320,80390,80460,80420,80450,80460,80390,80430,80400,80370,80360,80380,80050,80160,80330,80360,80240,80080,80140,80140,80040,80110,80060,79990,79850,79880,79990,79970,79990,79920,79950,79890,79840,79860,79870,79950,79900,79860,80030,79960,80100,80090,80180,80140,80130,80240,,
WTK,WTK0111,MERI,waitaki,Hydro,Hydro,1999-09-26,33190,32950,32250,32130,32030,31760,32040,31970,32870,33080,33360,32650,31730,31500,32720,32540,32370,31960,32850,32090,32160,32290,32310,32870,32060,32200,32690,32010,32500,32820,32730,32510,32530,31870,32630,35180,34660,34960,34740,34540,34170,34230,34440,32430,32690,32950,32990,32560,,
ANI,ANI0111,BOPE,aniwhenua,Hydro,Hydro,1999-09-27,6406,6128,6139,6139,6144,6148,6159,6159,6169,6174,7898,8502,10095,9612,10523,11940,11920,12322,12484,12464,12439,10680,10644,6608,6290,6295,6295,6330,6380,6411,6739,10208,8747,7868,12252,12391,12265,12111,11960,11829,11707,10635,9480,9410,9493,8026,7948,6507,,
ARA,ARA2201,MRPL,aratiatia,Hydro,Hydro,1999-09-27,23010,25430,25220,20490,20510,20840,17760,14640,14470,14340,15580,27300,26910,26080,27490,27650,27650,27640,27610,27600,27050,26860,27150,27170,22030,14010,14320,14450,14270,14270,14490,14600,14660,18260,25870,34010,39150,28660,27650,27650,27640,27600,27580,27550,27620,27710,27830,27940,,
ARG,ARG1101,TRUS,argyle_wairau,Hydro,Hydro,1999-09-27,5240,5225,958,9,0,0,0,0,0,0,0,0,0,3229,5181,5180,5137,5140,5170,5176,5177,5178,5189,5187,5195,5199,943,13,0,0,0,0,0,4292,5178,5176,5174,5178,5184,5195,5232,5246,5243,5238,5246,5246,5241,5243,,
ARI,ARI1101,MRPL,arapuni,Hydro,Hydro,1999-09-27,41820,37080,36900,38740,37780,38130,38400,38640,38360,31840,30510,30530,29610,35220,44160,51410,49820,55650,60630,59820,61990,58840,61360,61300,60650,61730,60520,60240,61580,59940,62640,61220,62530,62110,62080,62900,74900,75370,75540,74800,76140,77050,76760,76910,63460,78530,78730,77300,,
ATI,ATI2201,MRPL,atiamuri,Hydro,Hydro,1999-09-27,12790,19080,19130,6190,5910,6530,6690,6820,6760,6030,5760,8110,15420,23150,27980,33600,36600,36570,36880,36720,27160,20400,18500,26520,32090,36170,35490,32370,29310,29350,29360,31930,37230,37020,37000,37050,37100,37160,37220,37270,37270,37310,32380,19990,11690,5400,4860,1330,,
AVI,AVI2201,MERI,aviemore,Hydro,Hydro,1999-09-27,62300,64030,62450,62060,62400,62960,64580,64010,64720,68380,72840,70360,71040,56390,53260,54320,81280,82080,82580,74870,72700,72500,72540,72960,58460,53310,48910,49210,48610,48970,48630,49110,73570,55420,74390,77400,78180,84810,75700,62450,58250,58660,57790,57950,57420,58270,58050,60260,,
BEN,BEN2202,MERI,benmore,Hydro,Hydro,1999-09-27,115150,115810,112230,111550,103380,97460,92560,90060,91510,93760,98490,105560,110410,100820,91890,104030,182340,186210,188130,158990,149500,149220,149480,150390,145090,142360,140710,149370,129900,135280,125680,125820,172250,190310,191760,198720,202840,214310,209580,205870,156840,140700,150590,133940,162610,153760,157860,166780,,
BWK,BWK1101,TRUS,waipori,Hydro,Hydro,1999-09-27,0,0,0,0,0,0,0,0,0,0,0,0,0,0,0,0,0,0,0,0,1316,4887,2357,1899,1935,1464,0,0,0,0,0,0,0,0,18,10608,13209,13221,13209,13204,11727,3881,2000,1947,1953,1976,167,0,,
COB,COB0661,CTCT,cobb,Hydro,Hydro,1999-09-27,15690,15760,15690,15660,15680,15720,15790,15780,15790,15800,15800,15720,15750,15670,15710,15770,15750,15660,15710,15630,15740,15740,15740,15750,15700,15750,15750,15760,15740,15740,15720,15740,15760,15730,15690,15710,15740,15780,15680,15660,15730,15750,15700,15720,15690,15730,15720,15800,,
COL,COL0661,TRUS,coleridge,Hydro,Hydro,1999-09-27,14640,14660,14630,14640,14630,14640,14650,14650,14670,14670,14670,14640,14650,14630,14640,14650,14660,14650,14660,14640,14660,14650,14620,14660,14670,14160,12690,12690,12860,12940,12650,12790,13070,12850,12740,12740,12800,12890,12720,12650,12850,12770,12670,12710,12610,12740,12740,12750,,
CYD,CYD2201,CTCT,clyde,Hydro,Hydro,1999-09-27,52820,470,0,0,0,0,0,0,0,0,0,0,0,48700,81820,84440,103030,144760,159930,158910,160450,160420,160470,106990,102720,103670,107940,108080,107770,107930,107760,107990,108170,107840,107500,107560,107890,108320,107300,107110,107710,107910,103570,103480,83640,103290,103560,102770,,
EDG,EDG0331,BOPE,edgecumbe,Gas,Cogen,1999-09-27,1205,1134,1198,1115,1113,1093,1234,1300,1311,1397,1351,1314,1320,1274,1232,1123,1275,1256,1032,1201,1176,1250,1239,1388,1227,1090,1038,943,1030,1123,1232,1337,1415,1578,1508,1541,1485,1349,1261,1216,1273,1313,1367,1373,1451,1468,1427,1390,,
GLN,GLN0111,ALNT,glenbrook_kilns,Gas,Cogen,1999-09-27,25079,24620,24983,20228,18041,18223,16754,17970,17864,18075,18190,18343,18372,18285,18506,18190,18008,17817,17424,17128,16286,17214,17319,17262,16984,18238,18333,17281,17061,16955,17482,17290,16266,17166,17089,17003,17147,17061,17137,17759,17223,17530,17530,17730,17663,17750,18199,18199,,
HLY,HLY2201,GENE,huntly_1_4,Coal,Thrml,1999-09-27,182040,173840,167410,191460,164860,158580,150310,161760,172430,182480,182860,181180,179470,191830,203030,218610,220800,207620,223610,208980,217020,203600,215880,214750,198090,218210,215730,203890,216830,168870,180360,174790,170280,168770,150660,141740,162960,196910,208970,173980,162520,167460,158570,163530,137500,142110,165130,168240,,
HWA,HWA1101,TRUS,patea,Hydro,Hydro,1999-09-27,13405,13413,13077,320,216,220,220,216,220,216,220,212,212,212,11100,13357,13413,13437,13437,13413,13473,13457,13457,13421,13389,13437,13437,13421,13433,13429,13433,13409,13405,13405,13365,13389,13397,13397,13393,13373,13413,13405,13397,1378,216,212,216,212,,
HWA,HWA1102,KIWI,whareroa,Gas,Cogen,1999-09-27,5802,5819,5859,5874,5962,6155,6091,6266,6162,6610,6874,7258,6832,6898,6986,6418,6714,7241,7593,7577,7009,6762,6905,7074,8304,7602,7560,7377,7193,7010,6698,6634,7145,6890,6706,6810,6921,6834,6793,7090,7018,6872,6954,7034,6753,4005,3948,6010,,
KAW,KAW0111,BOPE,kawerau_geo,Geo,Geo,1999-09-27,2330,2345,2349,2393,2365,2350,2318,2340,2334,2374,2431,2470,2491,2439,2395,2353,2344,2264,2230,2201,2166,2029,2017,2018,2024,2013,1984,1987,2018,2083,2187,2122,2157,2426,2480,2436,2482,2489,2498,2510,2477,2479,2515,2523,2523,2526,2534,2535,,
KIN,KIN0112,CHHE,kinleith,Wood,Cogen,1999-09-27,17538,17094,18176,18031,18350,17892,16156,16924,16448,16338,16717,15929,15855,16104,16488,17563,16391,15939,15181,16251,15132,15630,16618,15922,16184,15885,17258,17303,15775,16800,16962,15506,15431,15723,15211,14541,14104,14812,14625,15316,15441,15401,15201,15902,16598,15785,15354,16279,,
KPA,KPA1101,KAPE,kapuni,Gas,Cogen,1999-09-27,7988,7950,7936,7980,7948,7904,7924,7896,7888,7920,7936,7940,7962,7964,7844,7742,7802,7790,7904,8126,8110,8078,8024,8006,8298,8328,8354,8466,8464,8344,8374,8350,8342,8386,8370,8354,8396,8434,8468,8486,8536,8546,8534,8576,8496,8538,8598,8606,,
KPO,KPO1101,MRPL,karapiro,Hydro,Hydro,1999-09-27,26840,27310,26960,27880,26380,26810,27140,27440,27130,26880,27020,27080,27460,27260,27910,27170,27020,30290,31450,30260,31390,30110,31320,31390,31110,31530,31050,30910,31450,30680,31780,31210,31330,30660,35470,36460,37940,34970,36240,34810,36000,37250,37010,37050,35490,32760,36740,36530,,
KUM,KUM0111,TRUS,Kumara,Hydro,Hydro,1999-09-27,0,0,0,0,0,0,0,0,0,0,0,0,0,1037,3035,3133,3139,3168,3172,3171,2954,2639,2600,2601,2599,2598,2600,2601,2600,2602,2602,2603,2602,2601,2600,2978,3126,3159,3167,3171,3173,3176,2562,2008,1923,844,0,0,,
MAN,MAN2201,MERI,manapouri,Hydro,Hydro,1999-09-27,225810,227530,223610,222880,223780,223470,226860,226710,227190,227990,228770,225210,226190,224240,225680,227380,227550,225670,226620,224810,227270,226980,227080,227370,226260,227000,226720,227410,227070,227370,226620,227180,227930,227750,226780,226400,226940,228140,226350,225060,226160,226850,225180,225830,224770,225610,225720,229020,,
MAT,MAT1101,TRUS,matahina,Hydro,Hydro,1999-09-27,10820,11080,10930,11980,11220,10660,10670,10830,10640,10530,11000,11280,12300,17600,17790,17670,18180,17940,17950,17660,18140,17420,18000,17960,17810,18060,17750,17710,17970,17610,17080,17240,18160,19040,29460,30280,28740,28290,29780,28450,28960,21690,21510,16200,16110,13230,13230,10320,,
MHO,MHO0331,KING,mangahao,Hydro,Hydro,1999-09-27,12030,12030,12030,12030,12030,12030,12020,12030,12030,12030,12030,12030,12030,12030,12010,11970,11890,12120,12260,12260,12260,12250,12250,12230,12180,12190,12190,12180,12180,12190,12190,11930,11990,12000,11990,11990,11980,11950,11950,11940,11940,11950,11940,11940,11940,11940,11940,11950,,
MTI,MTI2201,MRPL,maraetai,Hydro,Hydro,1999-09-27,21300,16400,7210,8290,10950,11040,11970,13500,13410,19890,21220,33850,56860,72810,97000,129340,115400,96590,61070,83490,54740,76220,65930,71840,76620,58180,73420,76880,69860,75180,79430,95660,88810,109750,120070,125450,127510,144750,140730,132080,128760,122160,116440,94670,46530,41080,28520,10920,,
NPL,NPL1101,CTCT,new_plymouth,Gas&Oil,Thrml,1999-09-27,0,0,0,0,0,0,0,0,0,0,0,0,0,0,0,0,0,0,0,0,0,0,0,0,0,0,0,0,0,0,0,0,0,120,1870,2300,3420,4630,6240,10170,14830,19930,20120,19860,19160,19700,19570,19790,,
NPL,NPL2201,CTCT,new_plymouth,Gas&Oil,Thrml,1999-09-27,171870,171910,171890,171780,171830,151850,129790,115860,93220,92330,124300,169880,171750,171810,171780,171890,171880,171860,171920,171950,171910,171930,171910,171890,171960,171850,171760,171720,171820,171610,168890,167630,162310,163220,161420,162820,162000,158950,166130,163750,157030,151680,150760,151970,153200,153280,153130,153310,,
OHA,OHA2201,MERI,ohau_a,Hydro,Hydro,1999-09-27,67020,69630,67190,66680,66950,67940,69400,68720,69350,69920,73190,81450,86100,89050,89870,99530,105410,87000,87360,85230,88150,88040,88180,88630,82070,78800,79060,88110,86100,93350,93220,93810,94160,93320,92270,89230,102080,120000,118810,117400,114510,108080,99690,92710,91930,74430,73520,75650,,
OHB,OHB2201,MERI,ohau_b,Hydro,Hydro,1999-09-27,42480,44440,42470,42200,46510,50480,52510,52050,61520,65120,68590,65430,68860,76570,74290,78580,78850,76730,77480,75830,78110,77890,77980,78390,72970,71090,71150,71430,70800,75600,72020,71260,71640,70850,71610,74010,82380,98750,96980,95970,97170,97680,85720,75380,71910,57680,61860,64470,,
OHC,OHC2201,MERI,ohau_c,Hydro,Hydro,1999-09-27,43450,43630,41680,41330,45680,50570,52750,52170,61690,64160,66350,65260,68860,76640,74390,78900,79000,76900,77720,75640,77370,77130,77250,77670,72810,71330,71400,71690,71010,75840,72300,71530,71870,71090,70290,72940,80430,99000,97220,96300,97490,97970,86090,75820,72500,62250,60260,62690,,
OHK,OHK2201,MRPL,ohakuri,Hydro,Hydro,1999-09-27,12310,13630,13600,4760,6670,6810,6970,5770,40,0,2270,11520,24730,36210,47510,55200,54450,54370,54740,54300,44140,38410,23560,26090,32620,39540,39080,39850,41020,43030,41310,48120,54150,53750,53720,53140,53740,53760,53750,53440,53430,49820,40890,37110,25970,14580,6480,0,,
OKI,OKI2201,CTCT,ohaaki,Geo,Geo,1999-09-27,21590,21720,21680,21650,21870,22100,22070,22080,21910,21910,21760,21930,22540,22290,22070,21890,21690,21680,21960,21950,22100,21890,21730,21540,21620,21410,21730,22120,21860,21730,21500,21610,21760,22270,22440,22190,21930,21760,21770,21930,22520,22210,22160,21970,21820,21980,21990,22140,,
OTA,OTA2202,CTCT,otahuhu_b,Gas,Thrml,1999-09-27,0,0,0,0,0,0,0,0,0,0,0,0,0,0,0,0,0,0,0,0,0,0,0,0,0,0,0,0,0,0,0,0,0,0,0,0,0,0,0,0,0,0,0,0,0,0,0,0,,
OTA,OTA2221,CTCT,otahuhu_a,Gas,Thrml,1999-09-27,0,0,0,0,0,0,0,0,0,0,0,0,0,0,0,0,0,0,0,0,0,0,0,0,0,0,0,0,0,0,0,0,0,0,0,0,0,0,0,0,0,0,0,0,0,0,0,0,,
PPI,PPI2201,MRPL,poihipi,Geo,Geo,1999-09-27,3130,3830,3630,3570,3610,3630,3650,3650,3670,3670,3630,3440,3430,9630,16980,16920,17020,17090,17020,16970,16880,16920,16880,16870,16880,16840,16830,16810,16840,16850,16850,16870,16870,16890,16930,16960,16970,17000,17040,17020,17010,17000,16980,17000,17030,17030,17100,16070,,
ROT,ROT1101,TRUS,wheao_flaxy,Hydro,Hydro,1999-09-27,4446,4442,4408,4480,4415,4463,4520,4462,4456,4488,4478,4509,4487,8768,9380,9406,9344,9770,9742,9336,9376,8902,8422,7460,7426,7448,7370,7454,7442,7446,7454,7434,7486,7424,8756,9788,9810,10164,10780,10800,10622,10360,10314,8640,7442,6778,4940,4936,,
ROX,ROX1101,CTCT,roxburgh,Hydro,Hydro,1999-09-27,0,0,0,0,0,0,0,0,0,0,0,0,0,0,0,0,0,0,0,0,0,0,0,0,0,0,0,0,0,0,0,0,0,0,0,0,0,0,0,0,0,0,0,0,0,0,0,0,,
ROX,ROX2201,CTCT,roxburgh,Hydro,Hydro,1999-09-27,78900,78940,59780,54460,40200,38680,38680,38560,38610,38710,38630,39640,39690,39650,53800,59660,59490,59980,68860,69500,69340,69300,69250,78510,79100,78590,73950,74050,73890,74120,73840,74320,73920,74030,73970,74090,73910,74230,73750,74000,73860,74100,78380,79130,79080,79280,79220,79510,,
RPO,RPO2201,GENE,rangipo,Hydro,Hydro,1999-09-27,27720,27720,27720,27720,27720,30490,39610,39590,39600,39600,39600,39600,39580,38370,38830,38920,38930,38920,38930,38920,38910,38920,38910,38920,38910,38920,38920,38480,38410,38400,38190,33870,33870,33870,33880,35320,35150,34630,34640,36550,37290,37300,37290,37300,37210,37360,37190,34840,,
SFD,SFD2201,CTCT,stratford,Gas,Thrml,1999-09-27,76000,75770,75820,75710,75760,75760,75770,75820,75770,75820,75770,77650,153400,160240,167250,165220,146000,131260,127200,160620,160420,160250,160170,161160,172430,159710,159730,159700,162070,174070,164140,171020,134490,166860,163410,175530,165290,177160,180960,177650,177600,177710,178200,178080,175390,135940,132440,87530,,
SWN,SWN2201,TRUS,southdown,Gas,Thrml,1999-09-27,62330,62320,62350,62260,62230,62160,62120,62210,62180,62040,61950,61850,61730,61430,62060,62110,62140,62290,62340,62710,62730,62530,62620,62700,62730,62560,62510,62350,62040,61840,62110,62060,62300,62530,62800,62840,62590,62300,62180,62250,62350,62230,62210,62340,62330,61630,61970,62650,,
TKA,TKA0111,MERI,tekapo_a,Hydro,Hydro,1999-09-27,0,0,0,0,0,0,0,0,0,0,0,0,0,1180,860,1020,1100,4520,5280,5180,5450,5420,5420,5980,5840,6000,5980,6020,5930,5980,5930,6000,5510,5940,5850,5860,5950,6910,6800,6740,6920,7400,7330,7370,7310,7430,7390,7750,,
TKB,TKB2201,MERI,tekapo_b,Hydro,Hydro,1999-09-27,0,0,0,0,0,0,0,0,0,0,0,0,0,3500,4470,4760,8660,37150,36840,36190,37060,36990,37060,37140,36900,37040,37280,37260,37190,37080,37070,37210,37320,37240,36540,36320,36570,42300,43210,42530,43290,43730,43150,43360,43010,43150,43540,44990,,
TKU,TKU2201,GENE,tokaanu,Hydro,Hydro,1999-09-27,39630,40460,36520,16540,17620,8980,0,0,0,0,0,0,26660,53780,58660,85720,85330,83770,84360,83650,84950,85810,85640,85900,85620,85760,84050,57980,57340,57420,57210,57510,57420,57310,58200,83220,84490,84620,84560,82480,82090,81980,81840,81850,79160,49520,22140,0,,
TMU,TMU1101,GENE,te_awamutu,Gas,Cogen,1999-09-27,13110,13130,13180,13210,13210,13200,13230,13320,13380,13380,13410,13380,13340,13340,13260,13240,13110,13030,13060,12930,13010,12930,12880,12830,12810,12980,12930,12860,12950,12870,12880,12880,12880,13160,13330,13430,13560,13670,13710,13780,13870,13930,13920,13930,13980,14060,14140,14190,,
TUI,TUI1101,GENE,waikaremoana,Hydro,Hydro,1999-09-27,6480,6600,6490,6870,6350,6430,6530,6590,6500,6470,6500,6470,6250,6920,29940,33550,33210,32820,33520,33150,34010,32450,33610,33620,33360,33840,33440,33390,33460,32610,34040,33250,33260,32550,32360,31600,33190,33250,33620,32930,33040,29300,5880,5900,7730,8020,8270,7950,,
WHI,WHI2201,CTCT,whirinaki,Diesel,Thrml,1999-09-27,0,0,0,0,0,0,0,0,0,0,0,0,0,0,0,0,0,0,0,0,0,0,0,0,0,0,0,0,0,0,0,0,0,0,0,0,0,0,0,0,0,0,0,0,0,0,0,0,,
WKM,WKM2201,MRPL,whakamaru,Hydro,Hydro,1999-09-27,11740,11810,11720,11930,11650,11730,14450,18520,22700,15360,13370,20960,31410,44250,48370,48380,47550,47350,48110,47560,40940,32740,31290,46600,47950,48380,47850,47760,48460,36800,37180,45740,48740,48260,48360,47630,49090,49510,50010,49340,49660,49790,49650,49880,28410,16920,22420,22920,,
WKM,WKM2201,TUAR,mokai,Geo,Geo,1999-09-27,0,0,0,0,0,0,0,0,0,0,0,0,0,0,0,0,0,0,0,0,0,0,0,0,0,0,0,0,0,0,0,0,0,0,0,0,0,0,0,0,0,0,0,0,0,0,0,0,,
WPA,WPA2201,MRPL,waipapa,Hydro,Hydro,1999-09-27,7000,6030,5200,3920,4260,4340,4440,4520,4470,8140,9170,13640,17250,18820,22890,26620,28100,28030,28120,24730,23710,22120,17040,18060,18030,18360,18070,19190,26650,27730,26170,25330,25630,25570,28080,28250,28230,28120,27760,27520,27460,27690,27780,27730,23340,11890,10060,5710,,
WRK,WRK2201,CTCT,wairakei,Geo,Geo,1999-09-27,80240,80270,80250,80230,80200,80250,80230,80330,80300,80340,80250,80220,80000,80300,80210,80130,79920,79950,80010,80000,79980,78660,79230,80510,80370,80470,80460,79840,79700,79930,80000,80030,79980,79930,80130,79850,80250,80430,80560,80330,80090,80370,80310,80670,80430,80750,80840,80510,,
WTK,WTK0111,MERI,waitaki,Hydro,Hydro,1999-09-27,31870,32630,31940,31780,31870,32130,32890,32670,32940,33100,33360,32210,32470,31830,32180,32670,32660,31920,32200,29930,29930,29900,29920,30040,29630,29980,29960,30050,29840,29920,29800,29960,30110,29890,29670,29680,29940,30250,29630,29480,32280,32410,32100,32220,32020,32310,32260,32990,,
ANI,ANI0111,BOPE,aniwhenua,Hydro,Hydro,1999-09-28,6325,6335,6335,6325,6321,6320,6350,6512,6960,8898,9584,9097,9853,9989,10544,12341,12343,12280,12358,10689,10554,10514,10513,6633,6343,6342,6361,6401,6411,6410,6941,8386,8717,8318,12250,12446,12439,12426,12396,12343,12282,10685,9551,9455,7978,7954,7953,6526,,
ARA,ARA2201,MRPL,aratiatia,Hydro,Hydro,1999-09-28,28440,29890,30080,29300,29070,28160,28310,28400,28510,28580,28670,28750,28820,30010,37400,40160,39670,36710,27920,28000,22450,18060,18740,18740,18340,25160,26330,26230,20860,18190,18700,23060,28500,28430,28330,28220,28120,28010,25570,25320,24850,24760,23870,24940,24860,25330,25330,25370,,
ARG,ARG1101,TRUS,argyle_wairau,Hydro,Hydro,1999-09-28,985,9,0,0,0,0,0,0,0,0,0,0,3285,5177,5187,5190,5189,5195,5219,5228,5229,5229,5229,5234,5199,937,12,0,0,0,0,0,0,0,4064,4780,4825,4846,4871,4893,4907,4928,4941,949,10,0,0,0,,
ARI,ARI1101,MRPL,arapuni,Hydro,Hydro,1999-09-28,75220,67220,66560,66430,65690,65800,65930,65920,65940,65850,62240,60050,67660,76440,77180,77320,77370,66400,65570,65270,65400,62690,59620,59520,56310,52580,58980,64870,59930,54210,54210,54070,54130,53960,54030,54270,54150,54050,66150,73840,77870,77670,72720,60010,57870,58500,64320,67120,,
ATI,ATI2201,MRPL,atiamuri,Hydro,Hydro,1999-09-28,8740,10150,7940,7980,4980,4350,4180,4170,4160,4140,3990,4330,17810,21160,28620,28980,29190,36180,37610,34350,21260,19830,22130,24820,24660,26480,28710,19070,5740,2500,1550,6860,7990,7720,1860,1960,2670,25790,35960,36990,37870,35940,24180,20570,18510,14740,10110,4530,,
AVI,AVI2201,MERI,aviemore,Hydro,Hydro,1999-09-28,52460,44440,24480,5790,6080,6650,6970,6990,6870,6440,6660,6750,46280,61570,66040,77550,79190,82150,70360,56560,72820,77860,78140,77070,79140,83370,83650,82990,82220,78430,77750,75920,78210,85760,85740,85350,84990,85780,85580,80800,73520,60820,54840,50870,54980,48760,48990,47710,,
BEN,BEN2202,MERI,benmore,Hydro,Hydro,1999-09-28,135090,119850,129010,133850,134780,136640,109930,103090,109060,123570,155800,164830,167190,174610,164140,197620,211080,208590,168510,149590,177990,188990,188310,176340,143960,142280,143150,140540,119210,106130,103130,140180,168640,191070,194730,192410,195980,198220,202570,200410,169760,159970,160540,158520,157350,136730,157380,164810,,
BWK,BWK1101,TRUS,waipori,Hydro,Hydro,1999-09-28,0,0,0,0,0,0,0,0,0,0,0,595,7227,7340,3137,1929,1953,1947,1964,1923,1964,1947,167,0,0,0,0,0,0,0,381,0,0,0,0,18,2548,2197,1958,1958,1953,1953,1935,1953,1464,0,0,0,,
COB,COB0661,CTCT,cobb,Hydro,Hydro,1999-09-28,15770,15790,15760,15650,15670,15730,15740,15750,15740,15730,15740,15750,15750,15700,15740,15730,15750,15660,15720,15690,15720,15740,15750,15760,15730,15740,15740,15730,12970,6660,4200,4210,4770,15890,15900,15890,15890,15890,15900,15880,15890,15890,15900,15890,15890,15890,15890,15900,,
COL,COL0661,TRUS,coleridge,Hydro,Hydro,1999-09-28,12740,12750,12750,12760,12780,12800,12800,12810,12810,12810,12820,12820,12820,12780,12820,12830,12660,12600,12740,12870,12900,12900,12950,12970,12990,13020,13040,13050,12770,12990,12960,13000,12720,12690,12560,12560,12320,12540,12540,12400,12710,12730,12740,12740,12760,12760,12780,12780,,
CYD,CYD2201,CTCT,clyde,Hydro,Hydro,1999-09-28,69010,240,0,0,0,0,0,0,0,0,0,0,2240,51850,95240,134490,154000,152460,153300,152750,153240,153330,148500,104010,102860,73820,73950,73530,104880,106530,106530,106660,106310,106550,106430,106270,106130,106530,106440,106080,106050,106240,106510,64830,52520,52640,38790,38130,,
EDG,EDG0331,BOPE,edgecumbe,Gas,Cogen,1999-09-28,1468,1566,1448,1495,1349,1317,1402,1407,1458,1406,1391,1395,1388,1303,1493,1390,1212,1208,1179,1254,1127,1182,1165,1094,1118,1073,968,998,978,988,983,1018,1095,1129,1148,1163,1249,1105,1199,1195,1263,1306,1425,1491,1634,1497,1529,1543,,
GLN,GLN0111,ALNT,glenbrook_kilns,Gas,Cogen,1999-09-28,17453,16802,18190,18113,17864,18314,18391,18659,18439,18104,18343,18362,17807,18276,18362,18218,18276,18218,17472,15472,16812,16793,16955,17022,17405,16975,16898,16133,15979,16257,15444,16094,16735,16668,16802,16726,16534,16621,16678,16879,17348,17721,17616,17903,17941,18209,17262,18190,,
HLY,HLY2201,GENE,huntly_1_4,Coal,Thrml,1999-09-28,160960,173980,177850,177420,163580,176960,180940,181370,183000,182090,184000,178610,172750,193650,162960,179420,169910,188270,191070,187270,185370,186150,185240,188220,234270,238340,237900,238050,237990,238780,237980,186400,174560,173830,174600,174210,226450,243470,240690,240330,241420,240370,240570,237170,163110,151180,170970,159480,,
HWA,HWA1101,TRUS,patea,Hydro,Hydro,1999-09-28,216,220,216,220,220,220,220,216,216,216,216,216,212,208,11168,13349,13389,13433,13413,13397,13373,13373,13353,13381,13389,13381,13377,4374,212,220,212,212,212,208,208,11483,13309,13365,13393,13413,13381,13393,13409,13437,1398,216,216,220,,
HWA,HWA1102,KIWI,whareroa,Gas,Cogen,1999-09-28,7296,7441,5290,7944,7912,8096,7912,8016,8216,8008,7640,7402,7264,7026,7064,6938,7016,7426,7464,7489,7473,7233,7314,7616,8432,8696,8976,8728,8608,7936,7945,8113,7872,7346,6938,7194,7224,7506,7305,6969,6970,8127,10245,9461,9222,9374,8726,8448,,
KAW,KAW0111,BOPE,kawerau_geo,Geo,Geo,1999-09-28,2562,2566,2549,2557,2566,2578,2583,2587,2582,2579,2576,2582,2606,2590,2548,2545,2518,2366,2297,2246,2168,2119,2068,2014,1992,1991,1960,1934,1950,1950,1935,1886,1965,2021,2088,2097,2131,2205,2305,2334,2366,2365,2359,2497,2453,2451,2487,2444,,
KIN,KIN0112,CHHE,kinleith,Wood,Cogen,1999-09-28,15725,15959,16057,16864,16164,16264,16082,15680,15002,15147,14812,13713,12756,13381,12795,11312,9624,10230,9931,9048,10786,11185,10225,9746,7876,6320,5640,8415,7747,7308,7809,6385,9302,12726,12257,12242,12077,13284,13217,13179,13135,7801,9352,10050,10871,12586,13284,14129,,
KPA,KPA1101,KAPE,kapuni,Gas,Cogen,1999-09-28,8602,8602,8592,8612,8608,8654,8684,8654,8638,8742,8772,8738,7252,986,0,0,0,0,0,0,0,0,0,0,0,0,0,0,264,7574,8008,7990,7920,7964,7996,7920,8080,8126,8202,8094,8016,8024,7852,7942,7924,7932,7912,7938,,
KPO,KPO1101,MRPL,karapiro,Hydro,Hydro,1999-09-28,37980,39070,39370,39430,38860,41180,43240,43210,43180,43140,42800,42290,42230,41390,43080,42940,43210,43430,41700,35670,37580,34670,35080,34850,34590,37500,37910,36030,34520,34210,34370,33660,31900,31620,31880,31570,31580,31520,35310,40750,42570,41530,38260,34410,32870,32770,33090,32030,,
KUM,KUM0111,TRUS,Kumara,Hydro,Hydro,1999-09-28,0,0,0,0,0,0,0,0,0,0,0,0,0,850,2970,3110,3156,3175,3174,3173,2934,2672,2607,2606,2605,2607,2606,2606,2605,2606,2606,2606,2605,2602,2602,2990,3128,3158,3163,3170,3170,3171,2557,1991,1904,820,0,0,,
MAN,MAN2201,MERI,manapouri,Hydro,Hydro,1999-09-28,228890,229630,226920,223390,223330,225380,226250,225640,226610,226020,227220,227370,229140,225230,226480,226470,227180,224750,226350,225570,225950,226590,226350,227040,225990,226020,226350,225310,224280,226530,227040,227580,227010,226880,227060,226480,225850,227770,226250,225610,225880,226600,227130,225260,226030,226210,226290,226000,,
MAT,MAT1101,TRUS,matahina,Hydro,Hydro,1999-09-28,9700,11110,9950,10490,10740,11760,10970,10520,10760,10750,10680,10420,11140,15730,17200,17660,17420,17520,17500,17200,17410,17300,17650,17570,17510,17180,17250,17380,17490,17540,17590,17460,17460,19230,33670,35280,35340,35150,35190,34600,34210,27710,28480,21510,20450,18220,17650,14340,,
MHO,MHO0331,KING,mangahao,Hydro,Hydro,1999-09-28,11940,11940,11940,11940,11940,11940,11950,11930,11950,11940,11940,11940,11940,11940,11950,11940,11950,11940,11950,11940,11950,11940,11950,11940,11940,11950,11940,11930,11930,11940,11930,11920,11880,11890,11890,11880,11880,11890,11880,11890,11860,11890,11870,11780,11800,11790,11800,11800,,
MTI,MTI2201,MRPL,maraetai,Hydro,Hydro,1999-09-28,33650,29250,28250,28050,29640,29190,26770,26750,26790,26780,24250,27370,53180,65110,84070,99360,100570,72280,79220,39880,28820,14780,35240,62730,53800,78250,56900,15910,22810,58790,66740,53580,40900,31120,26550,39770,48230,86620,73150,116500,108530,76990,48950,67860,36820,44910,38370,39170,,
NPL,NPL1101,CTCT,new_plymouth,Gas&Oil,Thrml,1999-09-28,34330,35700,35380,47710,46630,38580,38290,38140,38190,38130,37950,38000,38160,38100,38080,38120,38100,38080,37960,41060,51810,55750,56100,56210,41530,29030,21320,21440,21150,20930,20940,20850,20990,20950,21060,21020,21000,20860,20840,21030,20950,37800,53920,56290,56650,56700,56720,56580,,
NPL,NPL2201,CTCT,new_plymouth,Gas&Oil,Thrml,1999-09-28,138300,135410,122930,116550,121490,132660,133090,133040,133170,133040,132970,132960,133180,132890,132910,133060,133050,114900,99260,98770,87770,78170,78700,78890,58160,42470,39730,41350,41350,41220,41200,40840,41080,41190,41200,41050,41300,40870,41000,40470,40530,75520,110450,112760,112700,112720,112760,112730,,
OHA,OHA2201,MERI,ohau_a,Hydro,Hydro,1999-09-28,69860,65850,68790,69360,69640,70930,67230,63990,73530,73140,81880,88370,89540,86980,87800,87820,104090,112000,107350,106780,101900,97130,88190,88970,87320,83110,83650,83330,83300,61270,54320,76080,95230,98490,98660,98040,97300,99310,100250,97110,97000,97820,98690,97210,97560,94370,96420,97610,,
OHB,OHB2201,MERI,ohau_b,Hydro,Hydro,1999-09-28,60770,58240,58530,57510,57760,58740,67060,66350,59130,58830,62040,66020,66930,65260,66890,73870,85540,96060,97220,97450,80180,73990,74210,76090,75210,75500,75890,75040,67120,54170,55220,57800,63380,70210,78610,80480,79990,81070,76920,73560,72510,73060,73730,76000,85710,76800,86900,87810,,
OHC,OHC2201,MERI,ohau_c,Hydro,Hydro,1999-09-28,59760,57940,58260,57190,57450,58400,66660,66360,58780,58510,61940,66690,67620,66010,67760,72970,84890,96520,97780,97060,78380,74240,74460,74930,73980,74270,74650,73750,67470,58120,51380,57070,61780,71920,80190,77820,79930,81310,77590,74040,72730,73270,73980,76290,86190,77210,87280,87850,,
OHK,OHK2201,MRPL,ohakuri,Hydro,Hydro,1999-09-28,11930,14170,7700,4970,0,0,0,0,0,0,0,800,26220,33600,50060,54460,54360,54330,54230,52220,34860,33860,34160,33010,22820,18400,27090,13670,8290,8330,8390,11690,14100,14070,14090,14160,14130,37200,52140,53680,54590,51460,34540,28840,25570,23540,19440,7760,,
OKI,OKI2201,CTCT,ohaaki,Geo,Geo,1999-09-28,22430,22310,22110,22050,22110,22090,22040,22020,22340,22200,22290,22100,22120,21990,22190,22530,22680,22540,22220,20590,20520,20260,21220,21100,21540,21640,21560,21650,22060,21980,21570,21050,20710,20890,21280,21460,21320,21070,21100,21080,21510,21660,21300,21160,21120,21110,21290,21640,,
OTA,OTA2202,CTCT,otahuhu_b,Gas,Thrml,1999-09-28,0,0,0,0,0,0,0,0,0,0,0,0,0,0,0,0,0,12190,39410,62020,61970,62060,61970,62010,62020,62110,64750,108200,171250,182020,183630,184960,185710,186190,186430,186810,187340,187690,138970,39750,0,0,0,0,0,0,0,0,,
OTA,OTA2221,CTCT,otahuhu_a,Gas,Thrml,1999-09-28,0,0,0,0,0,0,0,0,0,0,0,0,0,0,0,0,0,0,0,0,0,0,0,0,0,0,0,0,0,0,0,0,0,0,0,0,0,0,0,0,0,0,0,0,0,0,0,0,,
PPI,PPI2201,MRPL,poihipi,Geo,Geo,1999-09-28,3540,3720,3630,3620,3630,3650,3640,3630,3630,3620,3650,3700,3610,8670,16790,17040,17230,17150,17120,17110,17080,17060,17030,17010,17000,16990,16980,16960,16950,16950,16940,16940,16950,16950,16920,16910,16900,16880,16880,16890,16870,16860,16860,16850,16860,16880,16890,16080,,
ROT,ROT1101,TRUS,wheao_flaxy,Hydro,Hydro,1999-09-28,4472,4434,4474,4924,4944,4994,5016,5016,5026,4952,4922,4958,4994,6272,8354,8426,8396,8424,8382,8374,8336,8340,8354,8352,8322,8410,8434,8416,8428,8440,8410,8396,8412,8442,9044,9816,9780,9798,9089,7891,7928,7848,7874,7848,7856,7915,7057,6918,,
ROX,ROX1101,CTCT,roxburgh,Hydro,Hydro,1999-09-28,0,0,0,0,0,0,0,0,0,0,0,0,0,0,0,0,0,0,0,0,0,0,0,0,0,0,0,0,0,0,0,0,0,0,0,0,0,0,0,0,0,0,0,0,0,0,0,0,,
ROX,ROX2201,CTCT,roxburgh,Hydro,Hydro,1999-09-28,79050,78990,61460,58860,40010,39480,39630,39550,39600,39660,39680,39760,39560,39660,39670,40550,59480,59320,59260,76940,79390,79120,79630,79090,78120,69280,69250,69170,76020,76730,76800,76380,76500,76940,76750,76810,76920,76800,76690,76830,76830,76750,76690,63580,59290,59400,54310,54490,,
RPO,RPO2201,GENE,rangipo,Hydro,Hydro,1999-09-28,34860,34840,34860,34850,34860,34850,34850,34860,34850,34860,34840,34830,34650,34260,34250,34250,34240,34250,34260,34280,34250,34270,34270,34260,34270,34260,34270,34260,34270,34250,34260,34260,34250,34250,34240,34230,34230,34250,34440,36530,36510,36520,36510,36530,36540,36570,36580,34090,,
SFD,SFD2201,CTCT,stratford,Gas,Thrml,1999-09-28,156700,177170,154090,137940,127220,77520,76130,75770,75950,75880,86620,161580,175830,176680,176740,174550,174610,174620,169560,159690,159760,152620,110100,110030,110100,110040,110090,107600,75460,75270,75220,75270,75280,75280,89120,110030,110040,110220,132100,163470,169440,117350,111070,117780,154630,111070,109600,91500,,
SWN,SWN2201,TRUS,southdown,Gas,Thrml,1999-09-28,62330,62730,62490,62400,62590,62640,62660,62740,62800,62610,62550,62570,60370,60420,59680,60540,60310,60160,60320,61610,61810,61850,61940,62380,62640,62250,62430,62210,62130,62270,62190,62330,62270,62360,62420,62550,62230,62470,62540,62430,62500,62320,62120,62130,62430,62470,62310,62360,,
TKA,TKA0111,MERI,tekapo_a,Hydro,Hydro,1999-09-28,2750,0,0,0,0,0,0,0,0,0,0,0,60,5360,5940,6520,7050,6760,6900,6790,6880,6920,6980,7440,7090,5930,5990,5870,5770,6000,6000,6030,5940,6010,5980,5930,5900,6000,5980,5870,5860,5920,6010,5900,5920,5950,5980,4040,,
TKB,TKB2201,MERI,tekapo_b,Hydro,Hydro,1999-09-28,6050,0,0,0,0,0,0,0,0,0,0,0,130,32370,36300,36730,39990,40300,40890,40670,40390,40970,40900,41620,39350,37040,36870,36600,36220,36720,36980,37090,36770,36810,36970,36760,36490,36990,41860,38400,36540,36640,36910,36620,36660,36750,36790,22360,,
TKU,TKU2201,GENE,tokaanu,Hydro,Hydro,1999-09-28,0,0,0,0,0,0,0,0,0,0,0,0,900,33960,59480,84450,84390,83940,84150,84190,84550,84520,84880,85610,84000,84470,58820,56190,56370,56370,56360,56320,56770,61050,90980,113290,113110,112090,112740,110100,110160,110000,110210,108570,84590,49860,22500,0,,
TMU,TMU1101,GENE,te_awamutu,Gas,Cogen,1999-09-28,14230,14280,14270,14350,14420,14420,14450,14470,14510,14500,14610,14680,14590,14610,14530,14410,14150,14030,13920,13680,13590,13500,13390,13330,13250,13150,13160,13120,13030,13020,12990,12990,12980,13030,13100,13210,13310,13420,13500,13560,13640,13620,13680,13740,13740,13790,13860,13880,,
TUI,TUI1101,GENE,waikaremoana,Hydro,Hydro,1999-09-28,8040,8180,8070,7950,7380,6730,6690,6730,6740,6760,6720,6600,6890,10150,33270,33310,32870,33760,33840,33390,33360,33340,34000,33030,33000,33060,33200,32720,16520,16550,16630,16320,15310,20440,33380,33550,33450,33320,33240,33910,33310,33180,7430,7160,7090,7250,6000,5970,,
WHI,WHI2201,CTCT,whirinaki,Diesel,Thrml,1999-09-28,0,0,0,0,0,0,0,0,0,0,0,0,0,0,0,0,0,0,0,0,0,0,0,0,0,0,0,0,0,0,0,0,0,0,0,0,0,0,0,0,0,0,0,0,0,0,0,0,,
WKM,WKM2201,MRPL,whakamaru,Hydro,Hydro,1999-09-28,25430,26140,26010,26010,25880,25790,25840,25800,25770,25700,33960,38330,43470,49850,50160,50180,50240,50290,50260,50100,30920,25250,27140,29900,30570,33930,36540,25680,17130,13250,13340,25200,29350,28740,18290,18550,18500,34700,47770,49520,49500,49080,37910,37530,22370,20180,21410,17610,,
WKM,WKM2201,TUAR,mokai,Geo,Geo,1999-09-28,0,0,0,0,0,0,0,0,0,0,0,0,0,0,0,0,0,0,0,0,0,0,0,0,0,0,0,0,0,0,0,0,0,0,0,0,0,0,0,0,0,0,0,0,0,0,0,0,,
WPA,WPA2201,MRPL,waipapa,Hydro,Hydro,1999-09-28,10240,10010,10300,11160,10860,9480,8150,8160,8230,8250,7880,8020,17920,20500,22610,23740,24050,21450,19620,19120,13950,8530,8460,12060,12490,21140,25510,16340,11100,8000,10640,17730,17950,17740,13430,8200,15770,21130,22540,24500,25360,25370,25170,21730,20570,17930,11660,11600,,
WRK,WRK2201,CTCT,wairakei,Geo,Geo,1999-09-28,80140,80130,80050,80030,79970,80180,80080,80060,79990,79970,79980,79820,79930,79950,80030,80060,80020,80120,80060,80040,79960,80090,80500,80670,80670,80600,80260,80460,80450,80540,80380,80490,80390,80280,80360,80240,80350,80420,80380,80430,80310,80450,80300,80370,80410,80450,80540,80400,,
WTK,WTK0111,MERI,waitaki,Hydro,Hydro,1999-09-28,32670,33000,34940,34130,34220,34520,34640,34550,34510,34350,34400,35410,34700,33980,31850,31850,30290,29470,29740,29550,29670,29820,29870,30030,29780,29840,29950,29710,29440,29960,30020,30090,29850,32050,32510,32360,32190,32560,32480,32150,32110,32280,32550,32200,32300,32390,32420,32320,,
ANI,ANI0111,BOPE,aniwhenua,Hydro,Hydro,1999-09-29,6311,6315,6317,6323,6320,6323,6322,6331,6406,6415,9007,9274,9061,9859,10533,12303,12242,12293,10730,10473,10473,10463,10456,6584,6318,6328,6335,6318,6353,6385,6724,7633,8676,8397,12242,12489,12444,12466,12401,12358,12308,10705,9535,9531,8074,8054,8039,6542,,
ARA,ARA2201,MRPL,aratiatia,Hydro,Hydro,1999-09-29,24860,25540,25380,25320,19630,12070,12110,12980,27270,26550,26870,26670,26690,25250,26590,28350,25040,23810,23710,21600,17340,19570,24650,25320,15590,23680,26030,24600,17950,23210,24950,26270,26090,25490,24770,25820,27600,28300,28050,28060,27970,27880,27810,27770,25590,22690,22300,19360,,
ARG,ARG1101,TRUS,argyle_wairau,Hydro,Hydro,1999-09-29,0,0,0,0,0,0,0,0,0,0,0,0,1565,3765,5222,5207,5210,5270,5287,5301,5311,5350,5284,5289,5305,952,9,0,0,0,0,0,0,0,4032,4808,4911,4953,4993,4920,4884,4893,4940,4941,945,10,0,0,,
ARI,ARI1101,MRPL,arapuni,Hydro,Hydro,1999-09-29,66290,67400,67080,54850,43120,40700,38980,38560,39160,39120,39560,39050,41350,45370,54570,62930,63170,63160,63060,61110,63720,63290,58930,55120,50390,47340,47070,45700,47440,47160,46390,46780,46930,46490,45750,52120,72290,73990,71350,65530,59920,56830,50650,48320,47070,46180,43590,41890,,
ATI,ATI2201,MRPL,atiamuri,Hydro,Hydro,1999-09-29,17330,9210,6260,4730,5430,9610,9570,9470,9590,9580,9610,12310,27300,37600,37370,37340,37430,37560,37640,27290,16740,16040,9310,9880,7270,8390,9950,10750,15440,22390,20970,21610,28180,27830,19890,19760,18270,28680,27690,16010,13520,10390,2480,1880,880,1360,270,2850,,
AVI,AVI2201,MERI,aviemore,Hydro,Hydro,1999-09-29,36580,35540,36180,36410,36740,36690,36850,37060,36590,36990,36190,37110,48000,53550,57720,71690,73420,69440,68240,68530,68710,68740,70590,82400,80530,62500,77910,83480,82640,83300,82290,82440,83220,83570,82610,82090,84090,84090,81680,82510,81290,76350,73670,73090,73460,66690,56430,8260,,
BEN,BEN2202,MERI,benmore,Hydro,Hydro,1999-09-29,115100,83710,78970,79480,82250,82170,82490,83030,81840,88210,84010,85950,100560,124870,127360,169820,161600,165170,166490,167310,179770,181830,153840,158440,132470,127930,125040,125350,123690,127760,134980,135470,137260,139140,156960,182900,198630,209420,197880,192850,172680,165140,170100,170560,168240,135230,119190,116070,,
BWK,BWK1101,TRUS,waipori,Hydro,Hydro,1999-09-29,0,0,0,0,0,0,0,0,0,0,0,0,0,0,601,2268,1976,1923,1935,1953,1935,1441,0,0,0,0,0,0,0,0,0,0,0,0,0,0,0,0,0,0,0,0,0,0,0,0,0,0,,
COB,COB0661,CTCT,cobb,Hydro,Hydro,1999-09-29,15890,15860,15890,15880,15900,15900,15900,15900,15900,15900,15880,15900,15890,15890,15900,15870,15890,15880,15880,15890,15890,15900,15880,15890,15850,15910,15890,15890,15880,15900,15870,15870,15890,15900,15880,15870,15910,15900,15870,15880,15890,15900,15880,15900,15900,15860,15880,15900,,
COL,COL0661,TRUS,coleridge,Hydro,Hydro,1999-09-29,12770,12660,12760,12820,12820,12770,12760,12770,12720,12710,12680,12750,12670,12710,12720,12670,12520,14240,14710,14840,14850,14840,14740,12470,12450,12450,12440,12440,12430,12410,12420,12890,13130,12690,12430,12510,12510,12530,12520,12510,12540,12540,12560,12550,12570,12560,12550,12560,,
CYD,CYD2201,CTCT,clyde,Hydro,Hydro,1999-09-29,3730,0,0,0,0,0,0,0,0,0,0,0,0,45060,99000,151180,153320,153340,153430,153640,153770,153830,152340,104330,102630,104640,104130,104030,105260,106970,106360,106510,106870,107090,106540,106250,107400,107400,106070,106550,106890,107010,106440,107040,107210,106100,106320,57320,,
EDG,EDG0331,BOPE,edgecumbe,Gas,Cogen,1999-09-29,1714,1560,1607,1646,1542,1571,1523,1438,1414,1456,1419,1269,1315,1285,1197,1226,1173,1148,1170,1229,1179,1107,1004,956,955,972,1057,947,1026,972,953,969,956,967,1030,1051,1066,1232,1337,1285,1263,1184,1341,1509,1478,1534,1486,1612,,
GLN,GLN0111,ALNT,glenbrook_kilns,Gas,Cogen,1999-09-29,17348,18123,18429,18486,18601,18381,18448,18400,18525,18659,18199,17750,17472,17702,17836,17931,17970,17884,17099,15999,17750,17998,17252,17845,17922,17501,17826,18075,18372,17884,17501,18027,18486,17549,18333,18439,18257,18257,18142,18008,17960,18056,17797,17654,17252,17654,17099,16678,,
HLY,HLY2201,GENE,huntly_1_4,Coal,Thrml,1999-09-29,154890,174850,169380,167200,170740,176820,172440,165530,167970,173410,183060,180810,184220,172480,172350,172830,202180,223830,222490,221470,193900,228870,235900,239070,239870,215170,171180,173580,172980,172380,173080,174530,183530,225500,240110,241650,242970,243500,242940,243270,243260,243100,243760,245440,245020,244300,243540,243500,,
HWA,HWA1101,TRUS,patea,Hydro,Hydro,1999-09-29,216,220,224,216,220,216,216,216,216,216,212,212,212,212,7377,8899,8951,8959,8915,8915,8955,8903,8941,8919,997,216,216,216,216,212,216,212,212,208,7501,8907,8909,8897,8927,8967,8963,8975,8971,8955,1011,212,216,212,,
HWA,HWA1102,KIWI,whareroa,Gas,Cogen,1999-09-29,8303,8272,8199,8144,7600,5923,6186,6282,6522,6722,6530,6402,6402,6290,6098,5850,5939,5754,5755,5706,5771,5698,5594,5500,5746,5778,5524,5490,5379,5339,5970,5779,5907,6082,5914,6442,6954,6857,6849,6946,7073,6722,6282,6050,5883,5675,5810,5732,,
KAW,KAW0111,BOPE,kawerau_geo,Geo,Geo,1999-09-29,2520,2551,2568,2560,2512,2528,2517,2527,2536,2539,2555,2583,2569,2562,2536,2489,2384,2298,2166,2159,2099,2091,2012,1985,1975,1961,1966,1954,1932,1927,1943,1979,1972,1985,2014,2090,2140,2142,2183,2276,2313,2445,2484,2495,2493,2475,2495,2495,,
KIN,KIN0112,CHHE,kinleith,Wood,Cogen,1999-09-29,14002,13322,13479,13633,14154,14421,15431,16515,17061,18106,18921,18981,18226,18161,18473,18475,18044,16705,18036,17902,16466,16498,16959,15850,16042,15620,13399,11459,9926,11763,14229,14102,13621,11541,12773,10250,13678,11998,9943,12302,11516,12898,15181,14970,15523,15142,16054,15142,,
KPA,KPA1101,KAPE,kapuni,Gas,Cogen,1999-09-29,7836,7880,7844,7850,7814,7840,7838,7822,7880,7862,7888,7818,7792,7766,7746,7742,7762,7774,8038,8244,8304,8086,8024,7910,7782,7648,7578,7580,7536,7490,7556,7508,7584,7568,7710,7800,7858,7820,7808,7784,7766,7784,7804,7816,7832,7864,7850,7916,,
KPO,KPO1101,MRPL,karapiro,Hydro,Hydro,1999-09-29,37090,32110,32100,32910,32290,32380,31990,32250,34520,34500,33930,32130,33620,35590,35640,34730,34950,34940,34730,32680,35710,35120,34280,35540,33290,36380,35920,32930,36850,36420,33800,34500,34800,33810,32570,34610,33840,35690,33010,30000,30750,32040,29400,30760,30240,30060,29730,31040,,
KUM,KUM0111,TRUS,Kumara,Hydro,Hydro,1999-09-29,0,0,0,0,0,0,0,0,0,0,0,0,0,840,2958,3114,3156,3167,3166,3167,2950,2646,2592,2592,2591,2594,2595,2596,2596,2596,2595,2595,2596,2596,2597,3074,3152,3150,3152,3157,3158,3158,2573,2011,1911,846,0,0,,
MAN,MAN2201,MERI,manapouri,Hydro,Hydro,1999-09-29,226750,222480,225200,225140,227430,227310,227470,227720,226660,227500,225170,227300,226190,226990,226730,225280,225900,226870,226980,227510,227720,227860,226200,227310,222680,228450,227230,226800,224940,226330,224280,224620,227260,225620,203570,202540,206330,206030,200910,200750,200880,201650,199630,201320,202020,199610,201460,203100,,
MAT,MAT1101,TRUS,matahina,Hydro,Hydro,1999-09-29,13360,10750,10620,10020,10540,10770,10510,10940,11120,10940,10810,10900,11600,17870,17710,17460,17520,17510,17450,17790,17960,17740,17850,17740,17870,18340,17700,17550,18320,16680,23010,25120,23420,23830,35840,35610,35350,35470,33580,34920,34660,27370,27130,21430,22600,18160,17340,13950,,
MHO,MHO0331,KING,mangahao,Hydro,Hydro,1999-09-29,11790,11800,11780,11790,11790,11790,11790,11780,11790,11760,11750,11760,11730,11750,11710,11710,11700,11710,11700,11670,11680,11670,11630,11640,11650,11590,11510,11500,11510,11510,11500,11510,11500,11500,11490,11500,11490,11480,11470,11400,11320,11320,11310,11320,11320,11300,11180,11140,,
MTI,MTI2201,MRPL,maraetai,Hydro,Hydro,1999-09-29,65770,55610,36230,36080,28180,17560,16560,16350,9690,9550,9840,20580,60370,75020,123880,113100,103110,109020,87990,21020,64470,30240,23110,38030,15330,50260,57290,27620,64590,100430,45290,73230,61240,42920,36750,35480,32200,48650,33100,56220,29350,25730,28580,21660,18260,10460,11580,26040,,
NPL,NPL1101,CTCT,new_plymouth,Gas&Oil,Thrml,1999-09-29,56480,56500,56490,56430,56470,56510,56450,56470,56500,56460,56500,56480,56320,56380,56130,56290,56260,56230,56270,56280,35260,22550,21820,21540,21550,21390,21400,44280,55310,55900,56020,56140,56150,55930,30120,22520,21600,21520,21430,21450,21490,21490,21450,21390,21470,21410,21460,21370,,
NPL,NPL2201,CTCT,new_plymouth,Gas&Oil,Thrml,1999-09-29,112740,113080,113200,113160,113140,113200,113090,113060,113100,113040,113070,113040,112980,113010,113040,113070,113120,72980,53290,52280,43640,42290,42190,42060,42120,42040,42010,89780,112070,113060,113060,113030,75770,50490,42770,42170,42400,41780,41820,42120,42220,42310,42130,42090,42160,42060,41870,42060,,
OHA,OHA2201,MERI,ohau_a,Hydro,Hydro,1999-09-29,93730,85410,87240,87600,88460,88420,88630,83550,73260,74210,89790,96260,96380,97760,97930,96750,97410,100160,105030,105820,106040,106210,105240,101280,95290,84160,81750,63710,60760,61490,62720,62840,64170,64350,63310,63280,68650,85690,95970,75530,65060,70510,70610,65350,56740,47700,48140,48850,,
OHB,OHB2201,MERI,ohau_b,Hydro,Hydro,1999-09-29,81140,70940,65380,66270,68480,68370,66160,69680,73050,73640,85110,88640,87680,87750,82650,86310,92470,92480,90070,90580,82650,80990,78630,75900,72810,66650,63890,59670,58030,58720,57710,57870,58730,59000,58050,57600,58500,65430,78840,77290,78180,68090,56230,44730,36430,21620,43480,44260,,
OHC,OHC2201,MERI,ohau_c,Hydro,Hydro,1999-09-29,81460,71110,65790,65130,63930,64000,66420,69710,73380,73880,85440,88880,87990,88210,81330,84470,90540,92880,90460,90710,80530,81400,78970,76170,73030,66610,64160,59970,55970,56680,57890,58050,58860,59360,58340,57850,58720,65570,79180,77500,78490,68270,56410,45050,36570,21670,43620,44190,,
OHK,OHK2201,MRPL,ohakuri,Hydro,Hydro,1999-09-29,25210,13130,8740,6450,2440,7020,6890,6790,6080,6600,6800,13180,38360,55320,55230,55130,55060,54950,54860,37250,21640,21280,9870,12240,14960,13500,21490,21560,37660,37850,36010,36470,33870,38930,19440,14010,14890,36100,39100,21450,16650,16580,13900,12390,3050,550,11690,13760,,
OKI,OKI2201,CTCT,ohaaki,Geo,Geo,1999-09-29,21480,21360,21280,21160,21190,21280,21490,21530,21500,21490,21510,21450,21460,21770,21940,21520,21940,21840,21770,21610,22250,22020,21760,21820,21480,21250,21080,21180,21520,21250,21290,20850,20860,20870,20800,21150,21510,21440,21300,21260,21260,21260,21600,21980,21960,21750,21500,21460,,
OTA,OTA2202,CTCT,otahuhu_b,Gas,Thrml,1999-09-29,0,0,0,0,0,0,0,0,0,0,0,0,0,0,0,0,0,0,10030,52320,62020,64940,137110,183050,184760,185660,185750,145830,49730,50,0,0,42380,82900,166950,185500,186250,186630,187130,187260,187250,187260,187140,187200,187270,187280,187390,187530,,
OTA,OTA2221,CTCT,otahuhu_a,Gas,Thrml,1999-09-29,0,0,0,0,0,0,0,0,0,0,0,0,0,0,0,0,0,0,0,0,0,0,0,0,0,0,0,0,0,0,0,0,0,0,0,0,0,0,0,0,0,0,0,0,0,0,0,0,,
PPI,PPI2201,MRPL,poihipi,Geo,Geo,1999-09-29,3660,3480,3590,3700,3720,3730,3730,3740,3740,3740,3720,3730,3740,9980,16730,16910,16910,16910,16890,16860,16840,16810,16790,16770,16740,16700,16680,16640,16630,16630,16620,16600,16600,16600,16580,16590,16600,16620,16600,16600,16620,16500,16510,16550,16590,16660,16740,15800,,
ROT,ROT1101,TRUS,wheao_flaxy,Hydro,Hydro,1999-09-29,6894,6144,4932,5378,5440,5452,5016,4983,4979,4992,4854,4468,4855,8395,7951,7917,7938,7902,7930,7888,7952,7912,7904,7864,7886,7890,7888,7920,7936,7896,7967,7901,7900,7864,9275,9805,9858,10708,8324,7991,7975,7997,7897,7866,7906,7864,6924,5322,,
ROX,ROX1101,CTCT,roxburgh,Hydro,Hydro,1999-09-29,0,0,0,0,0,0,0,0,0,0,0,0,0,0,0,0,0,0,0,0,0,0,0,0,0,0,0,0,12130,18830,18810,18800,14940,0,0,0,0,0,0,0,0,0,0,0,0,0,0,0,,
ROX,ROX2201,CTCT,roxburgh,Hydro,Hydro,1999-09-29,42120,39960,39620,39710,39660,39540,39510,39610,39830,39640,39540,39820,39670,39580,39730,39710,59230,59300,59380,77850,79280,79280,79280,79310,79000,79260,79120,79070,66280,57470,57400,57570,61820,76450,75770,76120,76230,75670,75960,76140,76310,76020,76140,75900,75750,75830,75850,78280,,
RPO,RPO2201,GENE,rangipo,Hydro,Hydro,1999-09-29,34080,34080,34080,34070,34190,34070,34070,34080,34080,34080,34060,34060,34050,34050,34030,34010,34010,34000,34010,34000,34010,34000,34020,34000,34010,34000,33990,34000,33990,33990,33990,33990,33970,33990,34000,33980,34000,33980,33990,34020,34010,34010,34040,34040,34030,34020,34020,34050,,
SFD,SFD2201,CTCT,stratford,Gas,Thrml,1999-09-29,159720,175230,174260,134440,130600,112900,99180,80640,75580,75270,96310,140550,175220,175830,176010,176980,176820,176250,176010,175280,173700,154510,119510,119520,160380,172580,174190,167120,147480,153820,169980,171140,173450,173820,174200,173810,159140,159150,160300,160150,160590,160600,160660,160670,160670,147910,110580,112470,,
SWN,SWN2201,TRUS,southdown,Gas,Thrml,1999-09-29,62390,62450,62590,62390,62640,62520,62430,62590,62490,62670,62590,62500,62390,62380,62280,62520,62380,62420,62420,61950,61850,61840,61920,62040,61950,61660,62210,62180,61810,62260,62330,62300,62300,62380,62210,62440,62600,62470,62490,62570,62530,62540,62640,62520,62570,62460,62550,62330,,
TKA,TKA0111,MERI,tekapo_a,Hydro,Hydro,1999-09-29,0,0,0,0,0,0,0,0,0,0,0,0,0,0,1200,5800,5910,5900,5920,5960,5980,6000,5880,5980,5580,6160,6010,5990,5880,5970,5790,5840,5970,6030,5870,5780,6140,6100,5730,5880,5960,6000,5840,6010,6060,5740,5850,5980,,
TKB,TKB2201,MERI,tekapo_b,Hydro,Hydro,1999-09-29,0,0,0,0,0,0,0,0,0,0,0,0,0,0,9150,36810,36590,36200,36180,36320,36390,36480,36180,36400,35430,36520,36650,36460,35440,36670,36340,35930,36010,37420,36480,36230,36890,37150,36160,36200,36550,36790,36350,36660,36830,36090,36250,36560,,
TKU,TKU2201,GENE,tokaanu,Hydro,Hydro,1999-09-29,0,0,0,0,0,0,0,0,0,0,0,0,0,26110,27420,26530,53800,82020,84150,84380,84450,84430,82150,55370,55500,55610,55140,55300,55670,54820,55670,55530,55440,55270,55780,83650,83910,84170,84050,84490,84570,82750,52290,26220,0,0,0,0,,
TMU,TMU1101,GENE,te_awamutu,Gas,Cogen,1999-09-29,13860,14090,14050,14180,14230,14240,14280,14280,14330,14370,14430,14370,14420,14290,14160,14080,14010,13920,13810,13660,13530,13350,13190,13030,12990,12860,12830,12800,12890,12900,13020,13050,13020,13020,13040,13080,13180,13240,13290,13330,13420,13450,13470,13540,13600,13610,13700,13880,,
TUI,TUI1101,GENE,waikaremoana,Hydro,Hydro,1999-09-29,5810,6060,6410,6600,6240,6530,6410,6270,6460,6440,6550,6430,6690,6630,26840,33010,31420,33670,33120,32450,34690,33890,33200,33790,32610,33640,33130,32010,34470,34550,32840,33140,33980,33440,32820,33840,33540,34440,33150,33860,33810,33730,33770,33860,33360,26620,22410,17320,,
WHI,WHI2201,CTCT,whirinaki,Diesel,Thrml,1999-09-29,0,0,0,0,0,0,0,0,0,0,0,0,0,0,0,0,0,0,0,0,0,0,0,0,0,0,0,0,0,0,0,0,0,0,0,0,0,0,0,0,0,0,0,0,0,0,0,0,,
WKM,WKM2201,TUAR,mokai,Geo,Geo,1999-09-29,0,0,0,0,0,0,0,0,0,0,0,0,0,0,0,0,0,0,0,0,0,0,0,0,0,0,0,0,0,0,0,0,0,0,0,0,0,0,0,0,0,0,0,0,0,0,0,0,,
WKM,WKM2201,MRPL,whakamaru,Hydro,Hydro,1999-09-29,23260,21700,12230,14070,16410,18140,17960,17730,18070,18050,18300,22420,36510,49780,49900,49750,49850,49920,49960,41670,24800,24780,16180,19720,19250,16540,24700,24170,29690,36070,34640,35110,35530,35960,27360,27360,26730,32960,35400,36120,36040,35880,21710,18640,17430,15120,11180,17710,,
WPA,WPA2201,MRPL,waipapa,Hydro,Hydro,1999-09-29,17870,17760,17540,12260,9040,8100,7910,7730,4430,4250,4380,4740,11830,18500,25020,28230,28290,28270,28290,25540,15030,14720,9280,12790,11900,10130,16310,16120,17850,19800,24530,24390,18230,16010,13530,13590,12080,16420,17610,12740,11470,9400,9440,8080,5730,5690,5160,7400,,
WRK,WRK2201,CTCT,wairakei,Geo,Geo,1999-09-29,80440,80460,80380,80450,80310,80540,80450,80430,80420,80400,80440,80350,80370,80390,80450,80460,80370,80520,80430,80410,79670,80270,80390,80310,80370,80320,80270,80370,80220,80340,80320,80020,80230,80110,80240,80170,80050,80090,80100,80190,80060,80090,80170,79990,80100,79860,80170,80140,,
WTK,WTK0111,MERI,waitaki,Hydro,Hydro,1999-09-29,32380,31610,32140,32230,32480,32450,32520,32680,32340,32600,32090,32620,32290,32350,32460,32040,32270,32290,32290,32450,32500,32550,32260,32500,31370,32940,32620,32570,32180,32480,32000,32070,32440,32590,32170,31930,32880,32900,31770,32110,32410,32540,32090,32520,32690,31790,32050,32450,,
ANI,ANI0111,BOPE,aniwhenua,Hydro,Hydro,1999-09-30,6340,6346,6355,6363,6363,6365,6371,6371,6375,6376,6380,6452,8175,9686,10526,12316,12222,12116,10700,10614,10534,10460,10400,6545,6287,6355,6361,6365,6401,6361,6214,5559,7555,8276,12363,12471,12472,12449,12375,12316,10654,10609,8085,8028,8024,8029,6537,6310,,
ARA,ARA2201,MRPL,aratiatia,Hydro,Hydro,1999-09-30,14710,13700,8810,8880,8820,8870,8780,8820,8940,8860,8960,12460,12990,14530,15980,27400,28340,28230,28120,27990,24500,23470,27700,27860,27320,27220,27470,27650,22340,21590,21990,21150,22040,28800,27020,35310,35780,36790,36570,26570,27760,27810,27860,27920,27950,27990,28060,28150,,
ARG,ARG1101,TRUS,argyle_wairau,Hydro,Hydro,1999-09-30,0,0,0,0,0,0,0,0,0,0,0,0,1513,3828,5186,5184,5192,5208,5286,5322,5341,5270,4887,4932,4928,942,10,0,0,0,0,0,0,0,4040,4776,4907,4993,4922,4907,4908,4907,4910,948,9,0,0,0,,
ARI,ARI1101,MRPL,arapuni,Hydro,Hydro,1999-09-30,41290,39920,40210,40250,34920,33200,33070,33040,33170,33010,33070,33140,36330,43270,72990,72890,74560,74700,64350,55330,55550,55590,55450,55260,54900,56050,55660,56600,55700,57260,53970,55410,62150,59700,69180,74820,74990,75410,75300,68950,61820,65990,60520,66020,65000,59670,66400,56230,,
ATI,ATI2201,MRPL,atiamuri,Hydro,Hydro,1999-09-30,8200,8500,8770,8770,9160,19010,18790,18720,18740,18530,15440,8220,7890,8360,12650,28940,30010,30230,29440,24350,19820,30190,36650,36650,36390,37020,36690,37190,36750,37050,24490,21880,21970,25910,28890,36030,37570,37900,38160,38200,38240,38190,31280,20480,20230,11470,10170,5440,,
AVI,AVI2201,MERI,aviemore,Hydro,Hydro,1999-09-30,14740,10380,0,0,0,0,0,0,0,0,27310,71520,77910,77670,68250,78110,79280,77590,77080,77530,78440,78190,77960,79810,69230,59070,71070,66270,73150,78400,78580,78610,76660,78670,77720,65910,67420,66310,70040,79060,78740,80790,80350,80370,79560,18940,78390,77980,,
BEN,BEN2202,MERI,benmore,Hydro,Hydro,1999-09-30,156410,153050,138020,127380,112150,86410,80910,81490,83340,85290,84310,92280,163790,161980,122370,140780,162340,157730,156770,159850,164270,157150,149130,166910,156520,147210,190760,170290,144810,125450,151160,166040,151360,155780,131830,109480,117710,191130,212300,202120,187450,169800,178650,167620,139610,110140,132590,117390,,
BWK,BWK1101,TRUS,waipori,Hydro,Hydro,1999-09-30,0,0,0,0,0,0,0,0,0,0,0,0,0,0,0,0,0,0,0,0,0,0,0,0,0,0,0,0,0,0,0,0,0,0,1542,1935,1887,1911,1893,1899,1917,1899,155,0,0,0,0,0,,
COB,COB0661,CTCT,cobb,Hydro,Hydro,1999-09-30,15900,15860,15880,15880,15890,15900,15900,15920,15870,15900,15900,15890,15880,15880,15890,15880,15890,15870,15860,15870,15880,15880,15880,15910,15880,15890,15880,15870,15870,15880,15890,15880,15850,15890,15870,15880,15910,15870,15890,15860,15850,15890,15880,15880,15860,15890,15880,15880,,
COL,COL0661,TRUS,coleridge,Hydro,Hydro,1999-09-30,12560,12520,12480,12380,12410,12410,12410,12430,12420,12420,12430,12430,12420,12420,12440,12430,12440,12420,12420,12410,12420,12420,12420,12430,12410,12410,12400,12410,12400,12400,12400,12390,12390,12390,12400,12380,12400,12410,12420,12410,12420,12410,12430,12430,12430,12440,12460,12440,,
CYD,CYD2201,CTCT,clyde,Hydro,Hydro,1999-09-30,1960,0,0,0,0,0,0,0,0,0,0,0,3050,51620,53840,99140,104730,148730,152430,150060,150630,150390,150200,113810,103410,104010,103770,103410,103530,103880,103990,103980,102820,103960,103540,103670,104560,103810,103820,103040,102870,104100,103810,103850,101530,100520,53760,50590,,
EDG,EDG0331,BOPE,edgecumbe,Gas,Cogen,1999-09-30,1378,1481,1403,1302,1391,1378,1276,1326,1319,1385,1524,1412,1497,1471,1476,1372,1358,1289,1425,1448,1377,1390,1488,1355,1231,981,936,752,667,616,620,627,651,752,739,746,808,1010,1099,1157,1140,1133,1169,1193,1185,1191,1181,1254,,
GLN,GLN0111,ALNT,glenbrook_kilns,Gas,Cogen,1999-09-30,16888,17223,17587,17673,17501,18113,18228,18151,18333,18357,18333,18190,18238,18247,18324,18281,18506,18075,17386,17281,16467,16754,17175,17252,17463,18046,17348,17673,17568,17405,17673,17826,17998,18276,18228,18467,20170,23940,23452,23778,24304,24534,23969,23653,22725,23797,24294,24409,,
HLY,HLY2201,GENE,huntly_1_4,Coal,Thrml,1999-09-30,242990,243080,243280,243270,243220,243300,242570,243110,243190,243190,243260,242760,242840,242620,243920,244160,240980,234770,240510,243110,192060,186200,178380,186160,171680,192760,183600,215170,239110,191190,191240,178080,191060,170730,148040,175370,179560,174760,174670,174280,174110,174390,174270,174040,174560,154660,157390,142820,,
HWA,HWA1101,TRUS,patea,Hydro,Hydro,1999-09-30,216,212,216,216,216,216,216,216,212,216,216,212,208,11116,13381,13373,13349,13365,13373,13349,13381,13381,9347,1023,212,212,216,216,216,212,212,208,212,204,3735,4450,4430,4450,4438,4438,4434,4510,4510,4510,571,216,216,216,,
HWA,HWA1102,KIWI,whareroa,Gas,Cogen,1999-09-30,5810,5850,5890,6010,5987,6066,6130,6267,6657,6722,6642,6490,6138,6074,5914,5754,5562,6011,6346,6258,6410,6306,6218,6251,5842,6355,6690,5842,5866,5788,6234,6210,5811,6323,6242,6130,6282,6130,6082,5995,6074,6026,5898,6091,6050,6266,6306,6913,,
KAW,KAW0111,BOPE,kawerau_geo,Geo,Geo,1999-09-30,2476,2504,2535,2519,2523,2511,2509,2514,2539,2519,2530,2538,2524,2524,2498,2481,2457,2368,2290,2248,2204,2132,2052,1983,1901,1811,1818,1790,1745,1711,1691,1722,1778,1886,1938,1959,2044,2104,2147,2209,2265,2357,2402,2437,2470,2464,2483,2495,,
KIN,KIN0112,CHHE,kinleith,Wood,Cogen,1999-09-30,14658,15112,15276,15620,15845,15236,15830,16161,15725,16680,16478,15640,16515,16129,16057,16820,15725,16343,16899,16214,15229,15059,12292,12574,11890,11853,12671,12202,12117,13289,13641,14351,12362,13282,14640,15732,15057,14955,15892,14768,15745,16600,16553,16376,16044,15281,14563,14750,,
KPA,KPA1101,KAPE,kapuni,Gas,Cogen,1999-09-30,7922,7894,7846,7852,7840,7414,3018,3018,3014,3026,3044,3066,3046,3004,2994,3002,2954,2910,2842,2840,2838,2802,2814,2824,2846,2818,2778,2812,2874,2830,2814,2858,2836,3948,7630,7832,7960,7938,7958,7986,7980,7994,8024,8010,7918,8056,8150,8278,,
KPO,KPO1101,MRPL,karapiro,Hydro,Hydro,1999-09-30,30930,30640,30890,30900,27670,28350,29960,29900,30090,29820,29900,29970,29760,29700,29470,27320,27440,29090,30260,28230,29810,30430,29080,28410,29070,29850,28830,29690,28370,26420,26240,31930,29810,29030,32970,34210,34320,37170,36000,36280,36440,36670,36610,36650,34710,36760,37760,37140,,
KUM,KUM0111,TRUS,Kumara,Hydro,Hydro,1999-09-30,0,0,0,0,0,0,0,0,0,0,0,0,0,841,2969,3106,3154,3162,3162,3161,3161,3166,3175,3176,3174,3174,3174,3172,3172,3170,3163,3156,3154,3154,3153,3153,3159,3159,3159,3159,3158,3159,2366,2049,1920,849,0,0,,
MAN,MAN2201,MERI,manapouri,Hydro,Hydro,1999-09-30,177770,171920,176130,175960,177690,178580,177710,178450,173550,175340,176950,175800,174520,173440,176330,174270,176530,173450,172110,172120,173560,175430,175180,179410,174990,177020,176310,174880,174830,176170,176630,176300,171820,175910,174600,175060,178420,176060,175570,172580,171340,175660,175040,175790,176430,177740,177150,175320,,
MAT,MAT1101,TRUS,matahina,Hydro,Hydro,1999-09-30,13940,11130,10670,10740,10830,10870,10710,11120,10770,10920,10760,11110,12440,16990,16930,16870,17620,17670,17710,17610,17680,17750,17660,17530,17380,17440,17650,16920,16620,17700,18310,17790,16270,20500,29470,25600,23590,25250,24660,25350,24270,17080,16610,10790,11480,11180,10640,11130,,
MHO,MHO0331,KING,mangahao,Hydro,Hydro,1999-09-30,11150,11140,11140,11130,11100,10960,10950,10950,10950,10950,10910,10870,10750,10760,10760,10740,10750,10580,10560,10550,10560,10550,10550,10550,10530,10460,10450,10450,10450,10440,10450,10450,10450,10450,10460,10450,10460,10450,10460,10450,10450,10460,10440,10460,10450,10450,10450,10460,,
MTI,MTI2201,MRPL,maraetai,Hydro,Hydro,1999-09-30,23550,17770,29280,35210,31090,29410,17670,27800,40820,22870,30100,36640,41860,34480,100070,86010,74270,61990,52590,46650,44190,69790,97270,93310,92860,84260,79730,83320,80470,93020,92340,104630,102520,102600,98530,116100,111710,138450,129210,110510,103330,96530,97400,77420,50710,52750,45180,38560,,
NPL,NPL1101,CTCT,new_plymouth,Gas&Oil,Thrml,1999-09-30,21450,21450,21390,21450,21420,21410,21430,21400,21400,21380,21420,21080,21050,21120,20990,21050,21160,21070,21120,21250,41880,53300,56260,56650,56770,55650,35200,24280,41140,55810,56340,56420,56470,56430,56460,56460,56420,56440,56450,56460,56460,56490,56490,56440,56500,56480,56510,56480,,
NPL,NPL2201,CTCT,new_plymouth,Gas&Oil,Thrml,1999-09-30,42060,42210,42190,42320,42110,42220,42060,42210,42100,42140,42180,41940,42090,42040,41860,41960,42110,42110,41950,42540,85480,106670,112610,113170,113210,111560,74230,50010,91680,112370,113030,112930,113030,112940,112890,112960,112890,112900,112890,112920,112920,112950,113040,112960,113040,113090,113100,113090,,
OHA,OHA2201,MERI,ohau_a,Hydro,Hydro,1999-09-30,57210,59670,48880,44270,35500,25040,25560,26310,23670,24430,41950,49040,68700,77340,78730,77820,79130,77280,76560,75670,78370,78040,76860,79650,77650,70100,69650,70170,53350,51440,51830,51850,84890,88800,97600,97600,95200,110130,113010,102950,95220,98620,98280,98200,97140,98210,98200,97150,,
OHB,OHB2201,MERI,ohau_b,Hydro,Hydro,1999-09-30,53790,57240,41890,24580,24220,24990,29970,14850,17840,23610,26470,37920,49300,53230,55790,60750,61690,60510,59920,60170,61020,60900,60550,69440,72610,60190,68210,70320,53980,51380,51570,51600,59540,68800,86990,87820,82890,92020,97660,94360,85820,88570,88210,88160,84830,78630,78710,77660,,
OHC,OHC2201,MERI,ohau_c,Hydro,Hydro,1999-09-30,53880,57440,41270,24550,21530,25160,29970,15760,15610,21250,26130,38110,49280,53560,56010,60990,62020,60530,59880,60340,61170,61020,60730,69590,72060,60450,65970,65490,53390,51530,51760,51750,59570,68890,86480,88120,83230,93630,96500,92480,80060,86340,86050,87490,81600,79890,79980,78980,,
OHK,OHK2201,MRPL,ohakuri,Hydro,Hydro,1999-09-30,13740,13650,13770,13770,13720,13760,13720,13760,13870,13840,13900,13960,13880,13890,30310,52610,52600,52650,48030,35130,26210,48830,51740,51360,50730,51850,51220,52090,40310,40450,40970,36570,41910,52190,49090,46060,52450,53570,54050,53980,53890,36790,17900,14520,13440,13530,13710,4270,,
OKI,OKI2201,CTCT,ohaaki,Geo,Geo,1999-09-30,22040,21810,22070,22020,21770,21470,21520,21620,21770,22180,22010,21760,21570,21650,21780,21700,21920,21950,21600,21300,21360,21210,21190,21510,21380,21290,21310,21130,21090,20770,20910,21630,21340,21180,21240,21360,21320,21530,21690,21750,21560,21230,21190,21290,21310,21790,21720,21830,,
OTA,OTA2202,CTCT,otahuhu_b,Gas,Thrml,1999-09-30,187400,187500,187490,187420,187590,187530,187490,187410,187540,187590,187700,187680,187580,187540,187360,187180,186800,186190,186000,185810,142000,51410,50,0,0,0,0,0,0,0,0,0,0,0,0,0,0,0,0,0,0,0,0,0,0,0,0,0,,
OTA,OTA2221,CTCT,otahuhu_a,Gas,Thrml,1999-09-30,0,0,0,0,0,0,0,0,0,0,0,0,0,0,0,0,0,0,0,0,0,0,0,0,0,0,0,0,0,0,0,0,0,0,0,0,0,0,0,0,0,0,0,0,0,0,0,0,,
PPI,PPI2201,MRPL,poihipi,Geo,Geo,1999-09-30,3660,3470,3320,3360,3370,3380,3390,3410,3390,3380,3350,3320,3320,10310,16960,16990,17040,17030,16980,16930,16880,16860,16820,16800,16790,16790,16790,16800,16760,16750,16730,16730,16680,16650,16650,16630,16610,16610,16630,16640,16660,16640,16570,16550,16570,16590,16630,15440,,
ROT,ROT1101,TRUS,wheao_flaxy,Hydro,Hydro,1999-09-30,5460,5422,5420,5386,5418,5390,5362,5472,5402,5466,5480,5470,7918,7736,7400,7422,7423,7369,7360,7466,7809,8337,8368,8042,7936,7964,7887,7901,7920,7904,7856,7874,7936,7898,9602,10770,10734,10772,10732,10790,8284,7892,7892,7880,7862,7911,7579,4950,,
ROX,ROX1101,CTCT,roxburgh,Hydro,Hydro,1999-09-30,0,0,0,0,0,0,0,0,0,0,0,0,0,0,0,0,0,0,60,9670,9990,9760,9970,1530,0,0,0,0,0,0,0,0,0,0,0,0,0,0,0,0,0,0,0,0,0,0,0,290,,
ROX,ROX2201,CTCT,roxburgh,Hydro,Hydro,1999-09-30,47970,39530,39730,39420,39860,39830,39570,39670,39490,39820,39480,39680,39490,39700,39650,39680,39840,58080,59770,71400,72870,72340,72640,77120,79310,79030,79140,79280,79240,79350,79280,79440,79250,79600,79100,79410,79480,79150,79290,79340,79450,79220,44900,39630,41440,41670,41580,41600,,
RPO,RPO2201,GENE,rangipo,Hydro,Hydro,1999-09-30,29380,29350,29350,29360,29340,29360,29360,29350,29360,29350,29360,29360,29360,29360,29360,29370,29360,29360,29360,29360,29360,29350,29350,29360,29340,29350,29350,29340,29340,29340,29350,29340,29340,29340,29350,29330,29340,29330,29330,29340,29340,29330,29340,29340,29350,29350,29350,29360,,
SFD,SFD2201,CTCT,stratford,Gas,Thrml,1999-09-30,131970,110580,110580,110590,110520,110630,110580,110570,110640,110570,110580,110630,143730,162740,171320,177100,175890,162190,160180,160170,161400,173830,164500,169560,172610,172300,172120,172110,161830,166150,160180,160180,161830,162500,164500,160250,160300,172180,175830,176020,168830,176680,176930,176860,160860,156340,160290,162860,,
SWN,SWN2201,TRUS,southdown,Gas,Thrml,1999-09-30,62490,62460,62540,62560,62530,62340,62450,62570,62420,62500,62540,62480,62370,62260,61960,60670,60010,59570,59770,59680,60160,61100,61960,62160,62170,62040,62140,62060,61950,61520,62180,61790,61770,62230,61770,61900,62210,62340,62350,62280,62330,62390,62430,62380,62420,62330,62420,62480,,
TKA,TKA0111,MERI,tekapo_a,Hydro,Hydro,1999-09-30,6060,3580,3370,3340,3480,3570,3570,3720,3320,3490,3590,3530,3400,3360,3530,3420,3600,3320,3250,3330,5680,5910,5880,6180,5840,6000,5950,5840,5870,5960,6000,6000,5680,6010,5900,5930,6180,5970,6410,5750,5690,5820,5450,5450,5350,5530,5480,5430,,
TKB,TKB2201,MERI,tekapo_b,Hydro,Hydro,1999-09-30,37020,23010,21100,21130,21440,21720,21860,22180,21200,21460,21890,21590,21400,21070,21780,21290,21760,21200,20800,20990,35990,37160,36860,37630,37010,37140,37150,36850,36780,37060,37220,37240,36450,37020,37060,36920,37470,37440,39880,33730,33290,34150,34230,34130,33960,34120,34440,33860,,
TKU,TKU2201,GENE,tokaanu,Hydro,Hydro,1999-09-30,0,0,0,0,0,0,0,0,0,0,0,0,550,28060,54980,56120,78420,84590,84560,84100,83620,56890,55410,55210,55440,55700,55320,55170,55590,55670,55350,55280,55550,55540,55720,58140,83620,84060,83490,83750,80050,55350,51630,27390,27230,26320,0,0,,
TMU,TMU1101,GENE,te_awamutu,Gas,Cogen,1999-09-30,13870,13920,13990,13920,13880,13860,13810,13830,13800,13830,13780,13820,13870,13780,13740,13590,13370,13220,13130,13060,12960,12880,12810,12780,12750,12730,12740,12790,12780,12780,12810,12850,12900,12980,13060,13110,13240,13260,13290,13390,13440,13510,13550,13600,13600,13660,13720,13810,,
TUI,TUI1101,GENE,waikaremoana,Hydro,Hydro,1999-09-30,7080,6590,6700,6720,6610,6640,6580,6570,6630,6560,6560,6590,6180,7430,7980,7690,32870,33420,33160,32460,32780,32560,32390,32180,31450,32610,33140,35200,33650,33850,34100,34020,29720,34640,35580,35730,34640,35140,33770,33270,33270,33320,33330,33350,32580,33760,33400,29600,,
WHI,WHI2201,CTCT,whirinaki,Diesel,Thrml,1999-09-30,0,0,0,0,0,0,0,0,0,0,0,0,0,0,0,0,0,0,0,0,0,0,0,0,0,0,0,0,0,0,0,0,0,0,0,0,0,0,0,0,0,0,0,0,0,0,0,0,,
WKM,WKM2201,MRPL,whakamaru,Hydro,Hydro,1999-09-30,24370,24240,12900,11660,22570,17460,17200,17220,17340,17210,17320,17380,18240,24500,35940,48810,48760,48750,48670,42890,39030,43090,48010,48040,47800,48560,48160,49090,48260,48200,48970,49270,48610,49250,48820,49330,49480,49730,49450,49580,49700,49860,49890,49950,49090,45650,37740,26280,,
WKM,WKM2201,TUAR,mokai,Geo,Geo,1999-09-30,0,0,0,0,0,0,0,0,0,0,0,0,0,0,0,0,0,0,0,0,0,0,0,0,0,0,0,0,0,0,0,0,0,0,0,0,0,0,0,0,0,0,0,0,0,0,0,0,,
WPA,WPA2201,MRPL,waipapa,Hydro,Hydro,1999-09-30,8710,8650,8740,8780,8740,8780,8700,8700,9550,17470,14610,9520,10120,18630,26050,27580,27810,23410,15300,13220,8360,16050,19840,25910,25470,26180,25450,26250,25110,25210,23150,24950,26310,27250,26310,28130,28220,28310,28200,27370,27330,27970,28100,27930,15160,15570,13480,11770,,
WRK,WRK2201,CTCT,wairakei,Geo,Geo,1999-09-30,80100,80210,80080,80230,80060,79990,80300,80080,80190,80120,80230,80250,80120,80150,80320,80360,80290,80400,80750,80910,80070,78760,80740,80750,80730,80830,80750,80780,80740,80630,80760,80740,80740,80770,80770,80670,80760,80700,80740,80760,80710,80560,80530,80500,80320,80380,80610,80550,,
WTK,WTK0111,MERI,waitaki,Hydro,Hydro,1999-09-30,34610,34140,34600,34520,34910,35160,35190,35560,34560,34870,34980,34790,34640,34550,34870,34660,34930,34550,34420,34730,34810,34820,34750,35220,34770,34940,34830,34670,34670,33950,32550,32540,31870,32560,32330,32330,32970,32620,32540,31870,31630,32570,32430,31830,29660,30070,28650,27290,,
