Date,Time,Spill (Mm³),QualityCode
1980-01-21,23:59:59,11.283,200
1980-05-05,23:59:59,13.632,200
1980-07-29,23:59:59,20.085,200
1980-11-05,23:59:59,18.242,200
1981-01-26,23:59:59,18.331,200
1981-08-02,23:59:59,10.612,200
1981-10-23,23:59:59,15.890,200
1981-11-05,23:59:59,19.571,200
1982-02-04,23:59:59,17.343,200
1982-07-29,23:59:59,16.129,200
1984-04-15,23:59:59,8.421,200
1985-03-05,23:59:59,13.838,200
1985-03-21,23:59:59,12.447,200
1985-08-10,23:59:59,5.426,200
1985-11-05,23:59:59,17.612,200
1987-04-13,23:59:59,16.853,200
1988-01-30,23:59:59,13.733,200
1988-07-01,23:59:59,6.979,200
1989-10-10,23:59:59,8.287,200
1990-08-17,23:59:59,19.029,200
1990-11-22,23:59:59,14.217,200
1991-09-21,23:59:59,6.713,200
1992-03-28,23:59:59,8.170,200
1993-07-12,23:59:59,19.299,200
1994-07-17,23:59:59,22.041,200
1995-07-21,23:59:59,20.628,200
1996-11-08,23:59:59,14.326,200
1998-09-06,23:59:59,15.020,200
1999-05-21,23:59:59,15.418,200
2001-03-28,23:59:59,17.863,200
2003-01-16,23:59:59,9.875,200
2003-09-07,23:59:59,7.700,200
2004-05-04,23:59:59,12.743,200
2005-02-23,23:59:59,22.597,200
2005-07-01,23:59:59,17.605,200
2005-07-19,23:59:59,10.725,200
2005-12-07,23:59:59,20.177,200
2006-02-15,23:59:59,26.172,200
2007-02-19,23:59:59,16.748,200
2007-03-30,23:59:59,10.401,200
2008-11-15,23:59:59,13.234,200
2008-12-04,23:59:59,12.488,200
2008-12-21,23:59:59,6.251,200
2009-07-16,23:59:59,11.795,200
2011-10-12,23:59:59,12.969,200
2012-03-08,23:59:59,13.276,200
2012-04-19,23:59:59,12.189,200
2014-10-09,23:59:59,7.485,200
2015-08-13,23:59:59,25.289,200
2016-11-08,23:59:59,13.806,200
2018-02-25,23:59:59,11.455,200
2018-06-17,23:59:59,7.109,200
2018-07-17,23:59:59,15.231,200
2018-08-20,23:59:59,21.611,200
2018-09-01,23:59:59,13.792,200
2018-09-26,23:59:59,23.136,200
2018-10-23,23:59:59,16.153,200
2020-04-17,23:59:59,9.388,200
2020-09-07,23:59:59,16.562,200
2020-11-25,23:59:59,12.449,200
2021-03-19,23:59:59,10.396,200
2022-07-11,23:59:59,13.622,200
2023-07-07,23:59:59,22.040,200
1980-01-01,23:59:59,16.426,200
1980-03-13,23:59:59,16.293,200
1980-06-21,23:59:59,16.074,200
1981-04-09,23:59:59,17.975,200
1981-05-27,23:59:59,17.889,200
1981-07-08,23:59:59,14.844,200
1983-05-16,23:59:59,9.656,200
1984-04-22,23:59:59,8.545,200
1984-06-08,23:59:59,22.107,200
1986-02-12,23:59:59,6.971,200
1986-09-09,23:59:59,21.679,200
1986-11-19,23:59:59,14.765,200
1987-04-22,23:59:59,9.151,200
1989-03-25,23:59:59,8.795,200
1990-03-04,23:59:59,16.654,200
1990-05-20,23:59:59,6.139,200
1991-05-01,23:59:59,7.528,200
1993-10-15,23:59:59,5.286,200
1994-02-07,23:59:59,11.753,200
1994-09-27,23:59:59,16.167,200
1995-08-13,23:59:59,22.560,200
1995-11-25,23:59:59,9.109,200
1996-03-30,23:59:59,10.157,200
1996-11-10,23:59:59,14.844,200
1997-01-14,23:59:59,19.391,200
1997-05-20,23:59:59,8.746,200
1998-11-16,23:59:59,21.755,200
2000-07-21,23:59:59,8.441,200
2000-11-21,23:59:59,21.392,200
2001-01-07,23:59:59,8.643,200
2001-02-01,23:59:59,15.071,200
2002-02-16,23:59:59,6.067,200
2002-09-28,23:59:59,20.931,200
2002-10-21,23:59:59,11.937,200
2003-09-28,23:59:59,8.548,200
2004-07-10,23:59:59,24.819,200
2004-11-16,23:59:59,14.126,200
2006-07-19,23:59:59,20.016,200
2006-12-20,23:59:59,15.514,200
2007-09-03,23:59:59,19.364,200
2008-06-26,23:59:59,11.189,200
2008-09-24,23:59:59,21.594,200
2008-12-01,23:59:59,13.739,200
2010-07-15,23:59:59,18.650,200
2010-09-02,23:59:59,16.885,200
2011-05-30,23:59:59,18.988,200
2012-09-03,23:59:59,22.733,200
2013-01-15,23:59:59,13.831,200
2013-05-20,23:59:59,8.426,200
2014-01-20,23:59:59,10.803,200
2014-02-16,23:59:59,17.464,200
2014-05-16,23:59:59,15.398,200
2014-07-21,23:59:59,17.085,200
2014-09-18,23:59:59,9.011,200
2014-09-26,23:59:59,8.536,200
2014-11-05,23:59:59,14.252,200
2015-02-09,23:59:59,16.817,200
2016-02-02,23:59:59,12.696,200
2016-09-18,23:59:59,11.326,200
2016-09-21,23:59:59,17.628,200
2017-02-04,23:59:59,6.341,200
2019-02-16,23:59:59,7.104,200
2019-03-04,23:59:59,7.354,200
2019-03-11,23:59:59,11.982,200
2019-03-21,23:59:59,10.138,200
2019-07-05,23:59:59,6.483,200
2019-10-10,23:59:59,8.154,200
2019-11-04,23:59:59,16.469,200
2019-11-21,23:59:59,13.455,200
2020-08-14,23:59:59,12.046,200
2022-05-17,23:59:59,14.452,200
2022-06-01,23:59:59,4.882,200
2023-03-28,23:59:59,17.825,200
2023-10-18,23:59:59,9.844,200
1980-07-06,23:59:59,11.523,200
1981-03-17,23:59:59,16.050,200
1982-02-13,23:59:59,10.653,200
1982-10-24,23:59:59,4.566,200
1982-11-25,23:59:59,17.246,200
1984-04-29,23:59:59,7.223,200
1984-09-18,23:59:59,18.430,200
1985-03-31,23:59:59,6.885,200
1985-05-04,23:59:59,9.083,200
1986-06-16,23:59:59,14.837,200
1987-01-11,23:59:59,11.687,200
1988-04-03,23:59:59,9.846,200
1988-09-24,23:59:59,19.531,200
1988-10-19,23:59:59,22.798,200
1988-12-14,23:59:59,22.353,200
1988-12-20,23:59:59,20.493,200
1989-08-03,23:59:59,19.682,200
1989-09-11,23:59:59,14.576,200
1989-09-12,23:59:59,14.509,200
1989-10-28,23:59:59,17.776,200
1990-04-13,23:59:59,17.991,200
1990-07-07,23:59:59,5.914,200
1991-12-13,23:59:59,9.484,200
1992-08-11,23:59:59,6.527,200
1992-11-27,23:59:59,7.717,200
1992-12-28,23:59:59,21.919,200
1993-04-25,23:59:59,10.455,200
1994-01-11,23:59:59,16.319,200
1995-02-22,23:59:59,10.355,200
1995-03-06,23:59:59,14.280,200
1995-08-12,23:59:59,23.180,200
1996-12-13,23:59:59,19.354,200
1997-03-01,23:59:59,11.434,200
1997-12-15,23:59:59,15.782,200
1998-11-30,23:59:59,17.532,200
1999-04-22,23:59:59,18.771,200
1999-09-13,23:59:59,13.293,200
2000-05-10,23:59:59,12.947,200
2000-05-25,23:59:59,13.966,200
2000-07-30,23:59:59,8.928,200
2000-08-21,23:59:59,14.866,200
2000-10-22,23:59:59,5.652,200
2001-07-14,23:59:59,7.777,200
2001-10-02,23:59:59,6.554,200
2002-08-07,23:59:59,21.426,200
2003-03-19,23:59:59,11.593,200
2003-07-30,23:59:59,16.127,200
2003-09-11,23:59:59,16.719,200
2005-06-30,23:59:59,15.277,200
2005-07-04,23:59:59,17.286,200
2005-09-13,23:59:59,9.406,200
2006-02-04,23:59:59,19.908,200
2006-09-11,23:59:59,15.238,200
2007-03-11,23:59:59,8.443,200
2007-08-31,23:59:59,14.330,200
2007-10-21,23:59:59,6.954,200
2009-05-07,23:59:59,13.414,200
2009-06-09,23:59:59,17.250,200
2010-07-17,23:59:59,18.495,200
2011-03-29,23:59:59,15.896,200
2012-01-11,23:59:59,15.968,200
2012-12-06,23:59:59,14.404,200
2013-08-06,23:59:59,9.231,200
2014-02-21,23:59:59,17.574,200
2014-11-06,23:59:59,13.206,200
2015-12-22,23:59:59,10.524,200
2016-01-25,23:59:59,13.116,200
2016-08-29,23:59:59,17.657,200
2016-10-05,23:59:59,20.318,200
2017-05-31,23:59:59,24.826,200
2017-06-10,23:59:59,14.155,200
2017-11-14,23:59:59,18.106,200
2017-12-05,23:59:59,18.328,200
2018-05-27,23:59:59,14.615,200
2018-08-22,23:59:59,17.982,200
2020-02-12,23:59:59,15.750,200
2020-08-03,23:59:59,14.324,200
2020-11-24,23:59:59,15.039,200
2022-11-19,23:59:59,10.873,200
2023-01-06,23:59:59,21.194,200
2023-11-06,23:59:59,14.085,200
2023-11-13,23:59:59,8.014,200
2024-01-26,23:59:59,13.424,200
1980-11-06,23:59:59,15.812,200
1981-01-24,23:59:59,12.904,200
1981-05-14,23:59:59,17.241,200
1981-06-09,23:59:59,14.697,200
1981-12-07,23:59:59,15.304,200
1982-02-22,23:59:59,10.205,200
1982-03-22,23:59:59,11.755,200
1982-06-13,23:59:59,11.535,200
1982-07-28,23:59:59,16.173,200
1984-05-01,23:59:59,11.462,200
1985-12-25,23:59:59,7.903,200
1986-06-14,23:59:59,14.893,200
1987-02-07,23:59:59,6.225,200
1987-09-24,23:59:59,16.814,200
1987-12-10,23:59:59,17.079,200
1988-01-02,23:59:59,14.880,200
1988-02-25,23:59:59,12.314,200
1988-05-21,23:59:59,3.998,200
1988-06-06,23:59:59,10.524,200
1989-08-24,23:59:59,14.010,200
1993-01-21,23:59:59,13.338,200
1993-08-05,23:59:59,10.355,200
1993-09-15,23:59:59,6.088,200
1993-10-06,23:59:59,9.976,200
1994-02-16,23:59:59,17.113,200
1996-09-04,23:59:59,24.035,200
1997-10-12,23:59:59,12.016,200
1997-11-07,23:59:59,14.530,200
1997-11-17,23:59:59,5.869,200
1998-07-19,23:59:59,26.971,200
1998-08-07,23:59:59,20.902,200
1999-01-10,23:59:59,8.941,200
1999-03-31,23:59:59,7.607,200
1999-04-16,23:59:59,7.486,200
1999-08-19,23:59:59,12.151,200
2000-12-18,23:59:59,20.458,200
2001-01-14,23:59:59,8.163,200
2001-06-22,23:59:59,17.522,200
2001-11-06,23:59:59,11.773,200
2001-11-13,23:59:59,11.415,200
2001-12-03,23:59:59,6.496,200
2002-03-11,23:59:59,10.091,200
2002-06-18,23:59:59,21.188,200
2002-10-11,23:59:59,15.033,200
2002-11-04,23:59:59,19.839,200
2003-07-02,23:59:59,12.481,200
2003-07-04,23:59:59,18.561,200
2004-11-07,23:59:59,24.681,200
2006-03-26,23:59:59,8.166,200
2006-09-14,23:59:59,19.923,200
2007-04-04,23:59:59,7.285,200
2007-08-07,23:59:59,20.303,200
2007-09-09,23:59:59,17.531,200
2007-11-19,23:59:59,11.696,200
2008-01-01,23:59:59,6.814,200
2008-05-27,23:59:59,16.399,200
2008-06-19,23:59:59,8.709,200
2010-04-11,23:59:59,6.004,200
2010-05-31,23:59:59,6.742,200
2011-06-23,23:59:59,23.618,200
2012-01-30,23:59:59,10.078,200
2012-04-21,23:59:59,17.864,200
2012-08-24,23:59:59,17.499,200
2013-09-20,23:59:59,8.505,200
2014-07-28,23:59:59,14.794,200
2014-10-07,23:59:59,13.247,200
2014-12-21,23:59:59,7.744,200
2016-03-19,23:59:59,7.096,200
2017-02-27,23:59:59,16.449,200
2017-04-10,23:59:59,25.322,200
2017-05-26,23:59:59,25.148,200
2018-04-02,23:59:59,12.204,200
2018-06-08,23:59:59,19.584,200
2019-05-09,23:59:59,8.707,200
2019-12-17,23:59:59,12.380,200
2020-02-20,23:59:59,14.480,200
2020-07-28,23:59:59,15.795,200
2020-10-09,23:59:59,10.226,200
2022-06-30,23:59:59,17.818,200
2022-12-22,23:59:59,26.445,200
2023-01-27,23:59:59,14.525,200
2023-01-29,23:59:59,11.270,200
2023-12-01,23:59:59,15.090,200
2024-12-02,23:59:59,20.444,200
1981-04-25,23:59:59,9.980,200
1981-08-11,23:59:59,18.683,200
1981-11-10,23:59:59,14.665,200
1982-08-07,23:59:59,4.619,200
1983-03-12,23:59:59,7.185,200
1984-03-17,23:59:59,6.289,200
1984-11-28,23:59:59,11.669,200
1985-05-31,23:59:59,9.285,200
1986-05-10,23:59:59,7.627,200
1986-06-09,23:59:59,15.054,200
1988-04-22,23:59:59,12.150,200
1988-12-08,23:59:59,23.116,200
1988-12-16,23:59:59,19.757,200
1989-04-22,23:59:59,14.235,200
1990-12-15,23:59:59,20.696,200
1991-08-21,23:59:59,21.702,200
1991-08-25,23:59:59,15.291,200
1992-12-19,23:59:59,16.631,200
1993-06-26,23:59:59,18.185,200
1994-03-05,23:59:59,8.814,200
1994-05-21,23:59:59,4.108,200
1994-09-09,23:59:59,17.736,200
1995-09-23,23:59:59,12.281,200
1996-07-04,23:59:59,19.136,200
1998-02-12,23:59:59,11.939,200
1998-12-28,23:59:59,12.426,200
1999-10-20,23:59:59,19.868,200
2000-03-29,23:59:59,8.047,200
2000-04-06,23:59:59,8.213,200
2001-10-23,23:59:59,8.925,200
2001-12-11,23:59:59,5.407,200
2002-03-19,23:59:59,11.703,200
2003-09-16,23:59:59,11.378,200
2003-09-21,23:59:59,6.615,200
2004-03-24,23:59:59,17.198,200
2004-10-09,23:59:59,12.219,200
2004-11-18,23:59:59,18.395,200
2005-01-18,23:59:59,11.181,200
2005-03-30,23:59:59,17.667,200
2005-06-05,23:59:59,8.311,200
2005-07-15,23:59:59,8.928,200
2005-10-24,23:59:59,21.259,200
2006-09-08,23:59:59,11.579,200
2006-11-03,23:59:59,14.006,200
2006-12-09,23:59:59,12.449,200
2007-10-18,23:59:59,5.118,200
2008-08-19,23:59:59,26.589,200
2009-06-20,23:59:59,13.567,200
2009-11-09,23:59:59,19.163,200
2009-12-18,23:59:59,11.133,200
2010-11-07,23:59:59,9.040,200
2012-01-02,23:59:59,22.541,200
2012-01-10,23:59:59,16.405,200
2012-02-20,23:59:59,17.713,200
2012-09-07,23:59:59,6.644,200
2013-09-22,23:59:59,5.670,200
2014-03-15,23:59:59,6.386,200
2015-02-12,23:59:59,8.256,200
2015-05-17,23:59:59,10.472,200
2015-08-14,23:59:59,20.976,200
2018-04-11,23:59:59,17.526,200
2018-07-12,23:59:59,19.366,200
2019-01-01,23:59:59,5.518,200
2021-12-01,23:59:59,9.859,200
2022-05-03,23:59:59,9.166,200
2022-08-25,23:59:59,25.582,200
2022-09-15,23:59:59,25.422,200
2022-12-17,23:59:59,26.140,200
2023-03-11,23:59:59,7.959,200
2023-03-15,23:59:59,15.659,200
2023-04-16,23:59:59,10.446,200
2023-05-01,23:59:59,17.695,200
2024-07-22,23:59:59,10.750,200
2024-07-29,23:59:59,15.372,200
2024-11-12,23:59:59,16.571,200
1980-10-19,23:59:59,12.028,200
1980-10-26,23:59:59,14.822,200
1980-11-12,23:59:59,16.534,200
1983-09-27,23:59:59,13.143,200
1984-09-07,23:59:59,13.055,200
1984-09-11,23:59:59,12.907,200
1985-07-06,23:59:59,5.848,200
1986-04-04,23:59:59,7.528,200
1986-07-10,23:59:59,9.831,200
1987-02-15,23:59:59,8.087,200
1987-02-17,23:59:59,7.889,200
1987-07-26,23:59:59,6.186,200
1988-01-27,23:59:59,17.232,200
1989-12-16,23:59:59,13.963,200
1990-02-22,23:59:59,20.589,200
1990-02-26,23:59:59,20.080,200
1991-03-29,23:59:59,14.267,200
1991-06-09,23:59:59,13.371,200
1991-08-03,23:59:59,12.142,200
1991-12-27,23:59:59,9.380,200
1993-04-19,23:59:59,6.703,200
1993-06-24,23:59:59,21.697,200
1994-01-20,23:59:59,16.328,200
1994-04-20,23:59:59,7.231,200
1995-12-13,23:59:59,20.212,200
1996-01-18,23:59:59,19.705,200
1996-01-21,23:59:59,5.256,200
1996-07-11,23:59:59,17.835,200
1996-07-12,23:59:59,20.224,200
1996-11-29,23:59:59,15.591,200
1997-02-20,23:59:59,8.876,200
1997-07-23,23:59:59,21.786,200
1997-11-13,23:59:59,8.313,200
1998-06-25,23:59:59,9.109,200
1999-02-17,23:59:59,11.634,200
1999-06-05,23:59:59,19.621,200
1999-07-04,23:59:59,17.511,200
1999-12-26,23:59:59,6.789,200
2000-02-04,23:59:59,12.332,200
2000-03-31,23:59:59,6.537,200
2001-01-03,23:59:59,13.057,200
2002-05-16,23:59:59,12.573,200
2002-09-03,23:59:59,21.518,200
2004-08-09,23:59:59,24.450,200
2005-03-13,23:59:59,7.873,200
2006-12-02,23:59:59,10.785,200
2007-10-08,23:59:59,18.721,200
2008-03-11,23:59:59,13.437,200
2008-07-01,23:59:59,20.770,200
2009-09-11,23:59:59,12.095,200
2009-11-02,23:59:59,12.566,200
2010-09-16,23:59:59,26.795,200
2011-01-30,23:59:59,27.119,200
2011-10-24,23:59:59,9.802,200
2013-11-05,23:59:59,9.157,200
2014-09-15,23:59:59,8.462,200
2017-10-10,23:59:59,20.224,200
2017-11-28,23:59:59,18.298,200
2018-12-25,23:59:59,5.243,200
2020-04-10,23:59:59,5.621,200
2020-06-24,23:59:59,7.530,200
2020-08-17,23:59:59,17.021,200
2022-05-25,23:59:59,11.950,200
2022-08-08,23:59:59,22.575,200
2023-06-22,23:59:59,14.417,200
2024-01-24,23:59:59,8.395,200
2024-04-12,23:59:59,15.614,200
2024-06-26,23:59:59,11.995,200
1980-03-24,23:59:59,13.768,200
1980-05-06,23:59:59,15.686,200
1980-05-20,23:59:59,14.141,200
1980-12-05,23:59:59,17.429,200
1982-04-23,23:59:59,11.564,200
1983-02-09,23:59:59,12.088,200
1983-02-23,23:59:59,7.209,200
1983-03-14,23:59:59,8.522,200
1983-03-18,23:59:59,7.773,200
1984-10-29,23:59:59,14.441,200
1986-12-05,23:59:59,16.316,200
1988-09-01,23:59:59,21.874,200
1989-03-20,23:59:59,16.997,200
1989-06-09,23:59:59,17.265,200
1989-09-04,23:59:59,16.208,200
1989-09-23,23:59:59,18.726,200
1989-10-11,23:59:59,7.488,200
1990-02-15,23:59:59,21.224,200
1991-05-28,23:59:59,13.702,200
1993-05-13,23:59:59,6.995,200
1993-12-27,23:59:59,8.077,200
1994-05-19,23:59:59,7.360,200
1995-03-07,23:59:59,17.457,200
1995-09-27,23:59:59,24.131,200
1996-01-15,23:59:59,21.167,200
1996-07-10,23:59:59,16.754,200
1997-04-13,23:59:59,4.598,200
1997-11-08,23:59:59,14.281,200
1998-05-15,23:59:59,10.823,200
1998-06-18,23:59:59,9.990,200
1999-02-26,23:59:59,7.821,200
1999-12-11,23:59:59,8.591,200
1999-12-22,23:59:59,11.214,200
2001-03-01,23:59:59,14.058,200
2001-12-27,23:59:59,15.221,200
2001-12-31,23:59:59,18.278,200
2004-04-24,23:59:59,12.826,200
2004-04-27,23:59:59,17.677,200
2004-09-25,23:59:59,8.287,200
2004-10-29,23:59:59,18.567,200
2005-04-24,23:59:59,5.348,200
2005-05-24,23:59:59,7.251,200
2005-07-06,23:59:59,18.079,200
2005-09-21,23:59:59,16.241,200
2006-03-06,23:59:59,12.836,200
2006-04-09,23:59:59,5.532,200
2008-10-13,23:59:59,20.345,200
2008-11-25,23:59:59,10.873,200
2008-12-19,23:59:59,7.786,200
2009-03-29,23:59:59,8.373,200
2009-07-10,23:59:59,14.882,200
2010-10-19,23:59:59,8.752,200
2011-01-13,23:59:59,20.536,200
2011-07-28,23:59:59,18.180,200
2011-08-24,23:59:59,11.603,200
2012-04-14,23:59:59,6.878,200
2013-03-07,23:59:59,10.053,200
2013-07-13,23:59:59,7.103,200
2014-01-21,23:59:59,12.487,200
2014-01-24,23:59:59,6.906,200
2017-09-04,23:59:59,20.134,200
2018-05-22,23:59:59,14.577,200
2019-08-06,23:59:59,18.856,200
2019-11-19,23:59:59,16.480,200
2021-02-16,23:59:59,10.124,200
2023-01-09,23:59:59,20.261,200
2023-11-21,23:59:59,8.269,200
2023-11-29,23:59:59,12.804,200
2024-10-22,23:59:59,8.441,200
1980-04-12,23:59:59,6.696,200
1980-05-29,23:59:59,15.523,200
1980-06-24,23:59:59,17.114,200
1980-09-22,23:59:59,16.106,200
1981-05-05,23:59:59,17.065,200
1981-06-12,23:59:59,18.243,200
1982-06-23,23:59:59,17.092,200
1983-06-08,23:59:59,17.220,200
1984-03-07,23:59:59,7.651,200
1984-03-30,23:59:59,17.452,200
1984-05-02,23:59:59,11.525,200
1984-10-26,23:59:59,11.909,200
1987-10-02,23:59:59,10.119,200
1987-10-10,23:59:59,4.457,200
1988-09-11,23:59:59,20.193,200
1989-03-21,23:59:59,16.895,200
1989-09-17,23:59:59,15.251,200
1989-11-05,23:59:59,13.499,200
1990-03-26,23:59:59,11.055,200
1991-03-15,23:59:59,13.490,200
1991-08-12,23:59:59,16.194,200
1991-10-05,23:59:59,18.303,200
1992-02-17,23:59:59,12.714,200
1992-12-16,23:59:59,21.826,200
1993-12-29,23:59:59,13.004,200
1995-05-20,23:59:59,22.898,200
1995-06-04,23:59:59,22.569,200
1995-10-16,23:59:59,18.013,200
1996-02-23,23:59:59,22.217,200
1996-04-17,23:59:59,8.006,200
1998-11-25,23:59:59,19.919,200
2000-11-25,23:59:59,9.722,200
2001-09-13,23:59:59,14.263,200
2003-12-19,23:59:59,12.067,200
2004-02-02,23:59:59,11.039,200
2004-08-07,23:59:59,24.442,200
2005-02-05,23:59:59,12.190,200
2006-01-14,23:59:59,6.060,200
2006-08-11,23:59:59,22.263,200
2006-08-18,23:59:59,20.982,200
2006-10-11,23:59:59,23.619,200
2006-11-09,23:59:59,5.543,200
2007-04-09,23:59:59,8.160,200
2007-05-13,23:59:59,5.237,200
2007-05-25,23:59:59,9.890,200
2007-07-02,23:59:59,9.876,200
2008-06-05,23:59:59,15.906,200
2009-07-01,23:59:59,16.821,200
2009-11-18,23:59:59,16.140,200
2010-04-21,23:59:59,7.383,200
2010-12-16,23:59:59,12.650,200
2011-07-11,23:59:59,13.788,200
2011-08-07,23:59:59,17.906,200
2011-08-16,23:59:59,23.300,200
2012-08-11,23:59:59,18.171,200
2012-11-05,23:59:59,21.983,200
2013-07-10,23:59:59,18.092,200
2013-08-15,23:59:59,7.380,200
2014-02-20,23:59:59,14.327,200
2015-03-12,23:59:59,10.629,200
2015-09-27,23:59:59,16.377,200
2015-11-01,23:59:59,8.035,200
2015-12-26,23:59:59,4.875,200
2016-04-02,23:59:59,13.077,200
2016-04-17,23:59:59,10.564,200
2016-05-14,23:59:59,5.892,200
2016-08-01,23:59:59,17.922,200
2017-02-21,23:59:59,13.851,200
2017-11-15,23:59:59,17.494,200
2019-01-09,23:59:59,10.198,200
2019-04-09,23:59:59,6.128,200
2019-10-16,23:59:59,8.843,200
2020-08-28,23:59:59,8.363,200
2021-04-14,23:59:59,7.509,200
2021-09-02,23:59:59,19.909,200
2022-03-23,23:59:59,15.521,200
2022-11-30,23:59:59,26.205,200
2023-03-10,23:59:59,11.167,200
2024-02-12,23:59:59,16.956,200
1980-03-14,23:59:59,16.216,200
1982-02-12,23:59:59,15.467,200
1983-04-24,23:59:59,4.519,200
1983-05-12,23:59:59,6.231,200
1983-09-09,23:59:59,11.433,200
1984-03-03,23:59:59,11.384,200
1984-05-26,23:59:59,5.295,200
1985-03-01,23:59:59,14.718,200
1985-06-07,23:59:59,9.310,200
1985-11-30,23:59:59,7.699,200
1986-02-25,23:59:59,11.738,200
1987-04-21,23:59:59,14.363,200
1987-05-27,23:59:59,15.461,200
1987-10-28,23:59:59,10.806,200
1987-12-16,23:59:59,17.528,200
1988-01-08,23:59:59,16.706,200
1988-07-16,23:59:59,10.361,200
1989-02-09,23:59:59,18.771,200
1989-12-10,23:59:59,10.065,200
1991-01-29,23:59:59,17.846,200
1991-09-30,23:59:59,18.314,200
1992-06-07,23:59:59,6.041,200
1992-08-04,23:59:59,15.835,200
1992-09-25,23:59:59,22.437,200
1993-02-08,23:59:59,8.509,200
1993-04-10,23:59:59,6.533,200
1994-05-07,23:59:59,10.493,200
1994-07-09,23:59:59,19.236,200
1994-09-08,23:59:59,19.677,200
1994-09-14,23:59:59,18.859,200
1994-11-30,23:59:59,24.261,200
1995-02-25,23:59:59,8.454,200
1995-06-03,23:59:59,21.467,200
1995-07-26,23:59:59,24.431,200
1995-11-09,23:59:59,21.833,200
1996-11-25,23:59:59,15.199,200
1997-01-26,23:59:59,17.542,200
1997-11-09,23:59:59,11.093,200
1997-12-19,23:59:59,10.913,200
1998-09-26,23:59:59,11.345,200
1999-06-01,23:59:59,19.267,200
1999-06-24,23:59:59,19.492,200
2000-03-14,23:59:59,15.649,200
2000-03-17,23:59:59,9.835,200
2000-05-05,23:59:59,11.930,200
2001-04-23,23:59:59,16.931,200
2002-09-24,23:59:59,20.902,200
2003-01-02,23:59:59,8.634,200
2003-03-24,23:59:59,9.404,200
2003-05-04,23:59:59,5.175,200
2003-05-20,23:59:59,8.534,200
2003-11-17,23:59:59,17.612,200
2004-01-20,23:59:59,10.693,200
2004-05-14,23:59:59,7.508,200
2004-11-09,23:59:59,13.359,200
2005-08-13,23:59:59,6.547,200
2007-03-13,23:59:59,5.263,200
2007-03-29,23:59:59,12.552,200
2011-09-04,23:59:59,20.702,200
2011-11-08,23:59:59,17.666,200
2014-02-23,23:59:59,11.581,200
2014-06-07,23:59:59,7.079,200
2015-11-20,23:59:59,13.236,200
2015-12-13,23:59:59,7.193,200
2017-01-03,23:59:59,12.890,200
2017-12-11,23:59:59,15.644,200
2018-03-24,23:59:59,7.321,200
2018-08-01,23:59:59,22.564,200
2019-09-28,23:59:59,9.366,200
2020-06-08,23:59:59,10.564,200
2021-03-05,23:59:59,8.164,200
2021-03-28,23:59:59,9.083,200
2021-04-25,23:59:59,4.637,200
2021-11-23,23:59:59,17.346,200
2021-12-02,23:59:59,13.466,200
2022-05-13,23:59:59,13.567,200
2022-09-19,23:59:59,25.155,200
2023-08-23,23:59:59,19.344,200
2023-11-27,23:59:59,9.844,200
2024-09-01,23:59:59,4.251,200
2024-10-19,23:59:59,12.544,200
1980-05-13,23:59:59,13.460,200
1980-06-06,23:59:59,13.743,200
1980-10-12,23:59:59,16.890,200
1980-10-13,23:59:59,17.882,200
1981-12-05,23:59:59,8.100,200
1982-03-26,23:59:59,11.402,200
1982-08-14,23:59:59,3.200,200
1982-10-14,23:59:59,10.772,200
1982-10-22,23:59:59,12.770,200
1982-11-26,23:59:59,17.099,200
1983-02-18,23:59:59,7.815,200
1983-08-19,23:59:59,11.776,200
1983-11-26,23:59:59,15.171,200
1986-01-17,23:59:59,23.753,200
1986-03-14,23:59:59,3.725,200
1986-03-24,23:59:59,9.919,200
1986-05-24,23:59:59,5.524,200
1986-09-18,23:59:59,14.752,200
1988-06-11,23:59:59,11.290,200
1988-07-14,23:59:59,12.769,200
1988-08-06,23:59:59,16.630,200
1988-12-25,23:59:59,7.849,200
1989-01-15,23:59:59,23.820,200
1991-04-24,23:59:59,7.298,200
1991-05-08,23:59:59,11.419,200
1991-07-03,23:59:59,9.630,200
1992-05-11,23:59:59,13.600,200
1993-09-21,23:59:59,6.438,200
1995-01-18,23:59:59,10.348,200
1995-05-22,23:59:59,21.731,200
1995-06-06,23:59:59,21.809,200
1995-11-22,23:59:59,22.958,200
1995-12-11,23:59:59,17.711,200
1996-01-22,23:59:59,18.887,200
1996-07-22,23:59:59,12.139,200
1999-06-21,23:59:59,19.711,200
1999-07-30,23:59:59,9.973,200
1999-10-27,23:59:59,19.299,200
2000-02-02,23:59:59,19.787,200
2000-06-11,23:59:59,13.826,200
2000-06-26,23:59:59,13.790,200
2000-07-13,23:59:59,12.504,200
2000-12-09,23:59:59,14.154,200
2001-01-13,23:59:59,11.624,200
2005-09-24,23:59:59,7.440,200
2007-05-01,23:59:59,7.511,200
2007-05-31,23:59:59,14.254,200
2008-02-10,23:59:59,12.610,200
2008-03-23,23:59:59,9.681,200
2009-03-20,23:59:59,7.464,200
2009-10-27,23:59:59,24.373,200
2010-02-11,23:59:59,17.439,200
2010-07-05,23:59:59,19.861,200
2011-03-18,23:59:59,13.587,200
2011-09-27,23:59:59,17.872,200
2011-12-11,23:59:59,7.330,200
2012-04-17,23:59:59,7.736,200
2013-03-14,23:59:59,11.206,200
2013-03-23,23:59:59,9.610,200
2013-04-24,23:59:59,5.237,200
2013-06-23,23:59:59,9.947,200
2013-08-14,23:59:59,6.247,200
2013-12-26,23:59:59,8.373,200
2014-06-13,23:59:59,10.287,200
2014-06-17,23:59:59,10.594,200
2014-09-12,23:59:59,7.964,200
2014-11-23,23:59:59,7.601,200
2015-04-10,23:59:59,11.188,200
2016-07-30,23:59:59,10.535,200
2016-11-12,23:59:59,13.064,200
2017-05-05,23:59:59,16.077,200
2017-11-16,23:59:59,16.294,200
2018-06-11,23:59:59,17.530,200
2019-02-04,23:59:59,11.602,200
2019-12-02,23:59:59,16.514,200
2020-01-15,23:59:59,12.756,200
2021-09-18,23:59:59,7.837,200
2022-11-29,23:59:59,26.162,200
2023-04-21,23:59:59,12.036,200
2023-05-08,23:59:59,16.150,200
2023-08-14,23:59:59,13.246,200
2024-02-08,23:59:59,18.450,200
1980-08-29,23:59:59,5.084,200
1980-09-29,23:59:59,18.480,200
1982-11-11,23:59:59,12.313,200
1983-06-09,23:59:59,14.856,200
1983-11-25,23:59:59,22.973,200
1984-02-22,23:59:59,6.721,200
1984-10-17,23:59:59,12.246,200
1985-10-08,23:59:59,10.415,200
1985-11-12,23:59:59,16.781,200
1986-07-18,23:59:59,12.647,200
1987-04-19,23:59:59,14.250,200
1989-11-04,23:59:59,16.802,200
1990-01-14,23:59:59,18.915,200
1991-01-05,23:59:59,7.136,200
1991-03-17,23:59:59,12.672,200
1992-01-27,23:59:59,7.751,200
1992-05-05,23:59:59,7.053,200
1992-05-26,23:59:59,13.353,200
1992-12-07,23:59:59,10.255,200
1993-12-02,23:59:59,8.017,200
1994-06-10,23:59:59,7.183,200
1994-07-21,23:59:59,22.145,200
1995-05-26,23:59:59,22.302,200
1995-08-02,23:59:59,21.130,200
1995-09-02,23:59:59,20.564,200
1996-01-13,23:59:59,14.664,200
1996-03-09,23:59:59,10.644,200
1996-09-06,23:59:59,8.619,200
1996-10-16,23:59:59,24.088,200
1997-07-31,23:59:59,20.993,200
1997-12-03,23:59:59,14.781,200
1998-01-08,23:59:59,14.696,200
1998-06-07,23:59:59,11.755,200
1998-08-21,23:59:59,20.647,200
1998-09-29,23:59:59,17.825,200
1998-12-22,23:59:59,16.848,200
1999-01-05,23:59:59,14.951,200
1999-06-15,23:59:59,19.049,200
1999-09-10,23:59:59,17.015,200
1999-10-31,23:59:59,9.459,200
2000-05-02,23:59:59,12.579,200
2001-06-15,23:59:59,14.283,200
2002-01-29,23:59:59,14.473,200
2002-02-03,23:59:59,8.991,200
2002-03-27,23:59:59,14.513,200
2002-03-31,23:59:59,8.490,200
2003-08-03,23:59:59,14.007,200
2004-04-30,23:59:59,13.255,200
2004-07-01,23:59:59,25.663,200
2005-05-01,23:59:59,5.470,200
2006-03-27,23:59:59,13.377,200
2006-07-11,23:59:59,13.146,200
2007-05-17,23:59:59,5.561,200
2008-07-13,23:59:59,6.043,200
2009-01-25,23:59:59,11.615,200
2009-07-03,23:59:59,5.819,200
2009-08-13,23:59:59,11.406,200
2009-12-26,23:59:59,7.490,200
2010-01-23,23:59:59,5.496,200
2010-01-29,23:59:59,12.220,200
2011-06-01,23:59:59,21.560,200
2012-04-03,23:59:59,13.251,200
2012-10-17,23:59:59,13.582,200
2013-06-16,23:59:59,16.051,200
2013-10-24,23:59:59,16.954,200
2013-11-01,23:59:59,14.247,200
2015-03-25,23:59:59,13.081,200
2016-09-05,23:59:59,12.741,200
2017-02-17,23:59:59,6.632,200
2018-03-28,23:59:59,15.727,200
2018-05-30,23:59:59,23.587,200
2019-01-21,23:59:59,11.471,200
2019-04-08,23:59:59,6.112,200
2019-06-15,23:59:59,8.224,200
2019-12-23,23:59:59,10.899,200
2020-07-25,23:59:59,8.581,200
2020-11-04,23:59:59,9.380,200
2021-02-23,23:59:59,19.174,200
2021-03-02,23:59:59,16.482,200
2022-07-15,23:59:59,24.963,200
2023-05-26,23:59:59,24.912,200
2023-06-12,23:59:59,23.779,200
2024-02-10,23:59:59,10.824,200
2024-04-25,23:59:59,4.411,200
2024-05-06,23:59:59,18.586,200
1980-01-03,23:59:59,16.845,200
1980-07-19,23:59:59,17.635,200
1981-01-06,23:59:59,14.659,200
1981-04-05,23:59:59,10.397,200
1981-11-18,23:59:59,13.193,200
1982-07-21,23:59:59,14.092,200
1984-06-13,23:59:59,21.605,200
1985-09-03,23:59:59,7.848,200
1987-07-09,23:59:59,17.669,200
1987-09-15,23:59:59,9.641,200
1988-09-14,23:59:59,20.477,200
1989-01-02,23:59:59,23.671,200
1989-11-19,23:59:59,6.937,200
1991-03-03,23:59:59,11.115,200
1991-04-03,23:59:59,16.054,200
1991-07-21,23:59:59,4.161,200
1992-08-07,23:59:59,16.012,200
1993-05-25,23:59:59,12.231,200
1994-04-06,23:59:59,8.741,200
1995-06-08,23:59:59,22.177,200
1995-08-15,23:59:59,22.171,200
1996-04-12,23:59:59,6.024,200
1996-05-22,23:59:59,10.596,200
1997-05-30,23:59:59,5.601,200
1998-03-17,23:59:59,10.773,200
1998-11-11,23:59:59,25.503,200
1999-01-27,23:59:59,22.457,200
1999-07-17,23:59:59,6.292,200
2000-01-03,23:59:59,6.493,200
2000-02-11,23:59:59,18.167,200
2000-02-14,23:59:59,14.321,200
2000-06-06,23:59:59,16.757,200
2000-06-10,23:59:59,17.517,200
2000-07-10,23:59:59,17.202,200
2002-02-08,23:59:59,7.175,200
2002-05-31,23:59:59,18.802,200
2002-11-16,23:59:59,7.447,200
2003-02-24,23:59:59,10.015,200
2003-07-13,23:59:59,10.669,200
2003-08-20,23:59:59,17.578,200
2003-09-05,23:59:59,13.160,200
2004-03-07,23:59:59,26.948,200
2005-08-03,23:59:59,9.122,200
2006-02-09,23:59:59,10.997,200
2006-03-28,23:59:59,15.926,200
2007-08-26,23:59:59,12.955,200
2007-09-05,23:59:59,18.708,200
2008-04-16,23:59:59,6.210,200
2009-05-28,23:59:59,11.460,200
2011-09-16,23:59:59,12.383,200
2013-01-31,23:59:59,8.362,200
2013-04-22,23:59:59,5.151,200
2013-10-14,23:59:59,9.584,200
2014-01-25,23:59:59,7.402,200
2014-11-03,23:59:59,13.450,200
2015-03-08,23:59:59,6.227,200
2015-06-01,23:59:59,6.807,200
2015-08-08,23:59:59,11.704,200
2015-08-20,23:59:59,18.938,200
2017-03-04,23:59:59,7.459,200
2017-05-08,23:59:59,18.637,200
2017-10-03,23:59:59,25.227,200
2018-09-10,23:59:59,24.131,200
2019-02-06,23:59:59,6.543,200
2019-07-18,23:59:59,15.272,200
2019-12-01,23:59:59,13.590,200
2020-11-02,23:59:59,3.773,200
2020-12-10,23:59:59,25.105,200
2021-02-14,23:59:59,9.575,200
2022-07-16,23:59:59,24.957,200
2023-08-18,23:59:59,11.932,200
2024-09-28,23:59:59,9.325,200
2024-12-01,23:59:59,17.483,200
1980-05-10,23:59:59,14.288,200
1980-08-21,23:59:59,18.629,200
1981-06-08,23:59:59,12.681,200
1981-06-17,23:59:59,16.510,200
1981-10-05,23:59:59,17.102,200
1982-07-20,23:59:59,14.650,200
1983-08-07,23:59:59,8.342,200
1984-05-12,23:59:59,13.031,200
1984-05-14,23:59:59,12.972,200
1984-06-26,23:59:59,20.242,200
1984-08-16,23:59:59,13.418,200
1985-01-12,23:59:59,3.613,200
1985-02-16,23:59:59,10.727,200
1985-07-14,23:59:59,5.874,200
1985-10-29,23:59:59,10.099,200
1986-02-08,23:59:59,16.849,200
1986-12-10,23:59:59,17.616,200
1987-08-21,23:59:59,11.257,200
1988-08-24,23:59:59,19.722,200
1988-09-18,23:59:59,17.046,200
1988-11-17,23:59:59,23.864,200
1988-12-31,23:59:59,16.359,200
1989-11-27,23:59:59,15.601,200
1990-10-02,23:59:59,20.429,200
1991-01-08,23:59:59,15.381,200
1992-01-22,23:59:59,17.507,200
1992-06-26,23:59:59,11.124,200
1992-07-07,23:59:59,10.057,200
1992-08-01,23:59:59,5.773,200
1992-10-21,23:59:59,18.486,200
1993-06-08,23:59:59,20.296,200
1993-08-22,23:59:59,8.920,200
1993-09-01,23:59:59,7.262,200
1993-09-07,23:59:59,7.371,200
1993-11-20,23:59:59,9.600,200
1993-11-22,23:59:59,5.476,200
1994-05-12,23:59:59,5.440,200
1995-01-15,23:59:59,14.826,200
1996-07-07,23:59:59,17.862,200
1996-11-16,23:59:59,17.518,200
1997-02-01,23:59:59,11.454,200
1997-09-30,23:59:59,8.172,200
1998-07-20,23:59:59,26.873,200
1998-10-12,23:59:59,17.431,200
1998-10-16,23:59:59,18.334,200
1999-04-09,23:59:59,8.515,200
1999-06-30,23:59:59,18.843,200
1999-09-01,23:59:59,19.112,200
1999-11-01,23:59:59,15.847,200
1999-12-02,23:59:59,13.755,200
2001-01-26,23:59:59,14.384,200
2001-02-04,23:59:59,8.624,200
2002-03-30,23:59:59,9.596,200
2002-07-16,23:59:59,25.208,200
2002-08-06,23:59:59,22.042,200
2002-08-17,23:59:59,18.220,200
2002-12-04,23:59:59,7.873,200
2003-03-10,23:59:59,8.145,200
2003-12-11,23:59:59,8.026,200
2004-03-18,23:59:59,22.319,200
2004-03-27,23:59:59,12.885,200
2004-08-04,23:59:59,24.313,200
2005-06-13,23:59:59,19.564,200
2006-11-25,23:59:59,10.655,200
2007-01-06,23:59:59,10.824,200
2008-04-14,23:59:59,8.802,200
2008-06-21,23:59:59,8.588,200
2008-10-19,23:59:59,15.669,200
2009-12-15,23:59:59,9.323,200
2010-03-21,23:59:59,11.440,200
2010-08-23,23:59:59,8.476,200
2010-10-10,23:59:59,26.556,200
2011-03-03,23:59:59,14.186,200
2011-07-02,23:59:59,15.964,200
2011-12-16,23:59:59,8.549,200
2012-06-29,23:59:59,6.730,200
2012-10-06,23:59:59,11.793,200
2012-10-15,23:59:59,20.782,200
2013-07-03,23:59:59,7.548,200
2013-11-23,23:59:59,7.920,200
2014-07-18,23:59:59,11.337,200
2014-12-31,23:59:59,9.043,200
2015-02-15,23:59:59,7.735,200
2015-06-23,23:59:59,19.448,200
2016-12-26,23:59:59,5.067,200
2017-05-10,23:59:59,18.485,200
2017-07-27,23:59:59,23.063,200
2019-02-12,23:59:59,11.090,200
2019-06-30,23:59:59,12.540,200
2019-10-27,23:59:59,4.819,200
2020-09-20,23:59:59,4.680,200
2021-05-26,23:59:59,12.295,200
2023-03-17,23:59:59,7.862,200
2023-04-05,23:59:59,11.780,200
2023-06-07,23:59:59,24.262,200
2023-07-21,23:59:59,10.927,200
2023-08-11,23:59:59,21.260,200
2024-12-07,23:59:59,5.371,200
1981-05-09,23:59:59,2.940,200
1981-07-09,23:59:59,14.027,200
1981-08-26,23:59:59,15.294,200
1981-12-04,23:59:59,11.274,200
1982-07-14,23:59:59,16.507,200
1983-08-21,23:59:59,3.289,200
1985-02-09,23:59:59,7.712,200
1986-11-08,23:59:59,18.081,200
1987-03-29,23:59:59,10.189,200
1987-05-12,23:59:59,15.941,200
1987-08-03,23:59:59,14.785,200
1988-05-04,23:59:59,14.009,200
1988-06-12,23:59:59,10.496,200
1990-04-03,23:59:59,16.742,200
1990-05-01,23:59:59,12.574,200
1990-08-11,23:59:59,11.793,200
1990-10-08,23:59:59,19.353,200
1991-08-08,23:59:59,11.166,200
1992-07-29,23:59:59,7.198,200
1993-12-20,23:59:59,14.331,200
1994-02-22,23:59:59,12.039,200
1994-06-25,23:59:59,14.639,200
1996-02-28,23:59:59,21.306,200
1997-08-26,23:59:59,9.229,200
1999-01-31,23:59:59,11.594,200
1999-07-14,23:59:59,11.930,200
1999-11-24,23:59:59,19.081,200
1999-12-12,23:59:59,9.385,200
2001-03-29,23:59:59,12.848,200
2001-09-04,23:59:59,18.141,200
2001-11-07,23:59:59,10.939,200
2001-12-05,23:59:59,6.509,200
2002-11-07,23:59:59,20.621,200
2003-01-10,23:59:59,9.700,200
2003-03-29,23:59:59,4.791,200
2003-05-15,23:59:59,12.066,200
2004-03-02,23:59:59,27.369,200
2004-05-11,23:59:59,11.530,200
2005-05-08,23:59:59,6.460,200
2005-08-06,23:59:59,5.449,200
2005-08-31,23:59:59,10.164,200
2005-11-16,23:59:59,18.217,200
2006-05-01,23:59:59,17.703,200
2007-01-14,23:59:59,8.272,200
2007-02-01,23:59:59,19.176,200
2007-04-30,23:59:59,13.644,200
2008-04-23,23:59:59,7.400,200
2009-04-12,23:59:59,6.487,200
2009-07-18,23:59:59,6.670,200
2009-09-01,23:59:59,10.337,200
2011-08-13,23:59:59,17.554,200
2011-09-13,23:59:59,10.948,200
2011-11-24,23:59:59,14.941,200
2012-07-04,23:59:59,22.397,200
2012-07-20,23:59:59,18.667,200
2013-08-27,23:59:59,7.796,200
2015-03-04,23:59:59,11.503,200
2015-03-21,23:59:59,6.813,200
2015-10-29,23:59:59,15.227,200
2016-06-16,23:59:59,8.313,200
2017-01-06,23:59:59,13.932,200
2019-08-23,23:59:59,14.921,200
2019-10-31,23:59:59,13.058,200
2020-07-12,23:59:59,3.608,200
2020-12-22,23:59:59,19.100,200
2021-03-17,23:59:59,10.279,200
2021-07-28,23:59:59,10.749,200
2021-09-20,23:59:59,6.705,200
2022-02-17,23:59:59,10.114,200
2022-08-05,23:59:59,24.744,200
2024-01-12,23:59:59,16.275,200
2024-10-27,23:59:59,4.453,200
1980-04-07,23:59:59,6.757,200
1980-09-06,23:59:59,15.635,200
1981-06-07,23:59:59,12.632,200
1981-06-30,23:59:59,16.051,200
1981-11-04,23:59:59,19.669,200
1982-12-06,23:59:59,15.454,200
1983-10-27,23:59:59,7.833,200
1984-09-22,23:59:59,12.947,200
1984-11-09,23:59:59,9.755,200
1985-09-19,23:59:59,13.003,200
1985-10-27,23:59:59,7.814,200
1987-06-09,23:59:59,15.046,200
1987-07-28,23:59:59,14.595,200
1988-10-29,23:59:59,18.628,200
1990-06-04,23:59:59,15.864,200
1992-02-02,23:59:59,11.795,200
1992-04-22,23:59:59,17.155,200
1992-05-12,23:59:59,10.652,200
1992-11-19,23:59:59,21.512,200
1992-12-04,23:59:59,5.019,200
1992-12-05,23:59:59,7.406,200
1993-10-20,23:59:59,6.181,200
1993-11-16,23:59:59,5.406,200
1994-01-29,23:59:59,9.579,200
1994-12-08,23:59:59,16.279,200
1995-01-10,23:59:59,15.015,200
1995-06-24,23:59:59,22.013,200
1996-02-11,23:59:59,16.795,200
1997-05-03,23:59:59,9.671,200
1997-12-13,23:59:59,6.822,200
1998-01-09,23:59:59,17.390,200
1998-05-05,23:59:59,15.360,200
1998-07-07,23:59:59,19.755,200
1998-09-05,23:59:59,20.232,200
1999-02-02,23:59:59,21.921,200
1999-07-06,23:59:59,11.731,200
1999-07-28,23:59:59,11.342,200
2000-01-02,23:59:59,7.349,200
2000-04-18,23:59:59,11.022,200
2000-06-28,23:59:59,16.856,200
2000-07-19,23:59:59,15.194,200
2000-11-09,23:59:59,17.751,200
2001-05-10,23:59:59,17.331,200
2001-08-09,23:59:59,14.222,200
2002-07-08,23:59:59,13.180,200
2002-09-08,23:59:59,7.003,200
2004-02-12,23:59:59,19.396,200
2004-04-05,23:59:59,17.318,200
2004-12-27,23:59:59,7.484,200
2006-02-02,23:59:59,18.993,200
2006-02-14,23:59:59,26.335,200
2006-02-28,23:59:59,11.800,200
2006-11-30,23:59:59,14.592,200
2006-12-23,23:59:59,9.303,200
2007-03-15,23:59:59,5.531,200
2007-07-05,23:59:59,7.119,200
2007-07-26,23:59:59,9.371,200
2007-12-02,23:59:59,12.055,200
2007-12-17,23:59:59,12.492,200
2009-08-29,23:59:59,6.878,200
2010-02-04,23:59:59,18.848,200
2012-01-04,23:59:59,25.145,200
2012-07-27,23:59:59,23.144,200
2012-11-16,23:59:59,10.491,200
2012-11-25,23:59:59,12.399,200
2012-11-30,23:59:59,17.654,200
2014-06-20,23:59:59,14.696,200
2015-07-15,23:59:59,17.932,200
2016-11-05,23:59:59,15.426,200
2017-03-13,23:59:59,19.690,200
2017-09-29,23:59:59,25.223,200
2017-10-12,23:59:59,25.546,200
2018-06-06,23:59:59,15.797,200
2018-11-24,23:59:59,13.084,200
2019-08-16,23:59:59,16.190,200
2020-10-03,23:59:59,3.283,200
2021-03-12,23:59:59,5.581,200
2022-02-05,23:59:59,6.178,200
1980-06-14,23:59:59,14.715,200
1981-01-22,23:59:59,17.787,200
1981-06-25,23:59:59,19.660,200
1981-08-24,23:59:59,16.167,200
1981-11-27,23:59:59,12.150,200
1981-12-12,23:59:59,8.728,200
1982-02-26,23:59:59,9.973,200
1982-06-06,23:59:59,6.989,200
1982-12-02,23:59:59,14.526,200
1983-06-14,23:59:59,9.370,200
1983-09-15,23:59:59,15.026,200
1984-07-25,23:59:59,7.145,200
1985-03-20,23:59:59,13.566,200
1985-05-01,23:59:59,13.504,200
1985-05-12,23:59:59,3.771,200
1986-06-23,23:59:59,14.621,200
1986-12-30,23:59:59,12.278,200
1987-03-14,23:59:59,4.575,200
1987-03-31,23:59:59,16.370,200
1987-04-02,23:59:59,12.054,200
1988-08-15,23:59:59,15.052,200
1988-09-07,23:59:59,23.114,200
1988-10-21,23:59:59,22.781,200
1989-06-20,23:59:59,18.320,200
1990-05-23,23:59:59,11.098,200
1991-06-02,23:59:59,11.507,200
1992-09-15,23:59:59,23.011,200
1992-12-10,23:59:59,7.570,200
1993-02-23,23:59:59,11.336,200
1993-09-20,23:59:59,7.473,200
1995-05-12,23:59:59,23.984,200
1996-09-25,23:59:59,24.909,200
1997-01-09,23:59:59,20.495,200
1997-12-09,23:59:59,12.499,200
1999-02-13,23:59:59,12.235,200
2000-08-13,23:59:59,12.734,200
2000-09-05,23:59:59,18.130,200
2001-01-30,23:59:59,19.075,200
2001-07-30,23:59:59,11.954,200
2002-03-21,23:59:59,10.052,200
2002-09-19,23:59:59,21.497,200
2002-10-18,23:59:59,8.796,200
2003-08-24,23:59:59,16.558,200
2004-01-22,23:59:59,10.830,200
2004-08-28,23:59:59,21.046,200
2005-02-09,23:59:59,18.552,200
2006-11-07,23:59:59,18.529,200
2009-08-19,23:59:59,6.615,200
2009-12-06,23:59:59,9.502,200
2010-12-20,23:59:59,11.127,200
2011-08-06,23:59:59,23.565,200
2011-11-19,23:59:59,15.038,200
2012-01-19,23:59:59,20.984,200
2013-02-05,23:59:59,8.900,200
2013-02-17,23:59:59,7.744,200
2013-04-29,23:59:59,6.004,200
2013-09-01,23:59:59,9.964,200
2014-04-08,23:59:59,8.434,200
2014-05-27,23:59:59,13.691,200
2014-12-25,23:59:59,8.223,200
2015-04-08,23:59:59,16.097,200
2015-07-09,23:59:59,20.412,200
2015-09-15,23:59:59,22.352,200
2016-08-16,23:59:59,21.358,200
2016-12-27,23:59:59,6.500,200
2017-12-23,23:59:59,6.550,200
2018-04-17,23:59:59,13.060,200
2018-04-30,23:59:59,11.652,200
2018-08-23,23:59:59,18.009,200
2019-04-23,23:59:59,12.281,200
2020-04-22,23:59:59,11.272,200
2020-07-07,23:59:59,9.299,200
2020-07-16,23:59:59,8.886,200
2020-09-30,23:59:59,7.733,200
2021-06-15,23:59:59,6.483,200
2021-10-31,23:59:59,5.730,200
2022-08-17,23:59:59,17.639,200
2023-08-10,23:59:59,21.316,200
2024-03-01,23:59:59,15.560,200
2024-05-24,23:59:59,13.515,200
1980-08-24,23:59:59,15.638,200
1980-11-04,23:59:59,18.629,200
1981-11-08,23:59:59,14.478,200
1982-05-28,23:59:59,8.966,200
1982-06-17,23:59:59,18.415,200
1982-07-06,23:59:59,17.109,200
1982-09-27,23:59:59,10.740,200
1982-11-07,23:59:59,12.751,200
1983-07-22,23:59:59,9.883,200
1983-12-20,23:59:59,19.705,200
1984-03-28,23:59:59,22.699,200
1984-06-02,23:59:59,13.277,200
1984-11-24,23:59:59,9.755,200
1986-03-16,23:59:59,9.146,200
1986-08-27,23:59:59,24.935,200
1987-01-26,23:59:59,9.782,200
1987-02-12,23:59:59,8.110,200
1987-04-11,23:59:59,9.364,200
1987-06-16,23:59:59,14.249,200
1987-12-13,23:59:59,18.465,200
1988-06-05,23:59:59,11.559,200
1988-07-23,23:59:59,17.209,200
1988-09-28,23:59:59,21.244,200
1989-07-16,23:59:59,18.436,200
1990-05-14,23:59:59,11.162,200
1990-10-05,23:59:59,17.558,200
1991-06-30,23:59:59,5.453,200
1991-11-26,23:59:59,19.681,200
1992-03-11,23:59:59,16.469,200
1992-09-13,23:59:59,23.077,200
1993-02-26,23:59:59,4.301,200
1993-04-16,23:59:59,6.528,200
1994-03-17,23:59:59,4.169,200
1994-07-25,23:59:59,22.795,200
1994-12-06,23:59:59,20.631,200
1996-08-14,23:59:59,23.588,200
1997-07-03,23:59:59,9.727,200
1998-03-31,23:59:59,9.661,200
1998-08-18,23:59:59,25.090,200
1998-11-08,23:59:59,25.745,200
1999-03-06,23:59:59,6.008,200
1999-12-13,23:59:59,16.888,200
2000-07-07,23:59:59,12.229,200
2001-01-27,23:59:59,6.988,200
2001-02-15,23:59:59,13.753,200
2001-04-09,23:59:59,16.867,200
2001-06-26,23:59:59,18.191,200
2001-06-30,23:59:59,7.057,200
2002-07-13,23:59:59,25.489,200
2002-07-24,23:59:59,22.213,200
2002-09-29,23:59:59,12.254,200
2002-10-22,23:59:59,7.036,200
2003-05-22,23:59:59,5.212,200
2004-01-06,23:59:59,8.388,200
2004-03-01,23:59:59,27.340,200
2004-05-18,23:59:59,17.464,200
2004-10-19,23:59:59,23.018,200
2004-10-22,23:59:59,20.318,200
2005-10-29,23:59:59,20.775,200
2006-12-14,23:59:59,21.939,200
2007-07-25,23:59:59,18.678,200
2007-09-23,23:59:59,15.535,200
2008-01-12,23:59:59,9.929,200
2008-10-10,23:59:59,18.861,200
2008-11-28,23:59:59,5.609,200
2008-12-18,23:59:59,9.698,200
2008-12-22,23:59:59,8.572,200
2009-03-30,23:59:59,14.610,200
2010-08-13,23:59:59,5.598,200
2011-11-11,23:59:59,13.312,200
2012-02-23,23:59:59,14.418,200
2013-05-16,23:59:59,10.365,200
2013-08-05,23:59:59,9.125,200
2013-10-21,23:59:59,13.287,200
2013-12-01,23:59:59,8.857,200
2013-12-25,23:59:59,6.807,200
2014-01-14,23:59:59,11.139,200
2014-08-14,23:59:59,16.803,200
2015-11-28,23:59:59,10.972,200
2017-09-26,23:59:59,25.139,200
2017-10-22,23:59:59,4.921,200
2018-03-26,23:59:59,13.085,200
2018-10-28,23:59:59,11.362,200
2019-06-21,23:59:59,13.613,200
2021-06-19,23:59:59,5.879,200
2024-10-31,23:59:59,4.530,200
2024-12-21,23:59:59,12.439,200
1980-05-24,23:59:59,7.564,200
1980-06-16,23:59:59,19.591,200
1980-08-19,23:59:59,19.055,200
1980-11-20,23:59:59,17.837,200
1981-06-04,23:59:59,14.170,200
1982-11-27,23:59:59,14.493,200
1983-01-05,23:59:59,10.519,200
1984-03-18,23:59:59,6.223,200
1984-04-04,23:59:59,16.552,200
1984-04-12,23:59:59,10.704,200
1984-07-07,23:59:59,5.058,200
1984-09-01,23:59:59,5.366,200
1984-10-18,23:59:59,12.084,200
1985-06-17,23:59:59,9.549,200
1985-07-27,23:59:59,5.894,200
1985-10-28,23:59:59,8.459,200
1987-02-08,23:59:59,11.151,200
1987-02-28,23:59:59,7.520,200
1988-01-21,23:59:59,14.910,200
1988-09-23,23:59:59,21.379,200
1988-10-03,23:59:59,19.121,200
1988-12-28,23:59:59,21.910,200
1989-07-10,23:59:59,19.614,200
1989-08-31,23:59:59,10.454,200
1989-12-08,23:59:59,11.333,200
1990-02-19,23:59:59,17.719,200
1990-08-28,23:59:59,23.458,200
1991-04-13,23:59:59,7.090,200
1993-02-05,23:59:59,10.518,200
1993-02-10,23:59:59,6.120,200
1994-01-27,23:59:59,13.371,200
1994-07-05,23:59:59,21.776,200
1994-07-24,23:59:59,17.954,200
1995-01-30,23:59:59,11.099,200
1995-10-21,23:59:59,23.337,200
1996-04-16,23:59:59,8.456,200
1997-09-13,23:59:59,5.866,200
1997-11-06,23:59:59,15.018,200
1998-07-10,23:59:59,6.197,200
1998-10-17,23:59:59,18.354,200
1998-10-25,23:59:59,25.536,200
1998-12-30,23:59:59,16.026,200
1999-02-09,23:59:59,21.190,200
1999-02-15,23:59:59,13.354,200
2000-06-13,23:59:59,17.064,200
2001-08-22,23:59:59,7.380,200
2001-09-17,23:59:59,12.961,200
2003-01-18,23:59:59,13.438,200
2004-01-27,23:59:59,14.806,200
2004-10-02,23:59:59,11.113,200
2005-01-19,23:59:59,14.957,200
2005-06-26,23:59:59,16.609,200
2005-11-28,23:59:59,15.197,200
2006-07-08,23:59:59,8.561,200
2007-01-27,23:59:59,6.945,200
2008-01-02,23:59:59,6.588,200
2008-09-07,23:59:59,22.116,200
2009-02-10,23:59:59,17.160,200
2009-08-28,23:59:59,10.353,200
2011-01-08,23:59:59,11.734,200
2012-01-03,23:59:59,25.196,200
2012-04-01,23:59:59,11.600,200
2014-03-17,23:59:59,7.952,200
2014-03-20,23:59:59,8.216,200
2014-08-03,23:59:59,7.102,200
2014-08-11,23:59:59,15.332,200
2014-08-12,23:59:59,15.362,200
2015-04-13,23:59:59,8.222,200
2015-06-09,23:59:59,12.849,200
2015-11-15,23:59:59,11.046,200
2016-03-13,23:59:59,12.396,200
2017-02-05,23:59:59,6.677,200
2017-11-07,23:59:59,18.230,200
2017-11-19,23:59:59,9.850,200
2018-03-12,23:59:59,16.835,200
2019-12-11,23:59:59,17.353,200
2020-06-03,23:59:59,5.644,200
2020-06-06,23:59:59,5.848,200
2020-11-08,23:59:59,3.366,200
2021-06-26,23:59:59,4.285,200
2021-09-04,23:59:59,5.198,200
2022-02-18,23:59:59,8.636,200
2022-12-21,23:59:59,26.499,200
2023-03-02,23:59:59,17.110,200
2024-09-02,23:59:59,4.613,200
1980-02-14,23:59:59,16.952,200
1980-08-26,23:59:59,18.582,200
1982-04-11,23:59:59,6.860,200
1985-09-24,23:59:59,16.106,200
1986-09-03,23:59:59,18.054,200
1987-04-30,23:59:59,16.340,200
1987-05-11,23:59:59,15.033,200
1987-10-13,23:59:59,10.496,200
1987-12-30,23:59:59,17.000,200
1988-01-24,23:59:59,13.888,200
1988-03-08,23:59:59,9.088,200
1988-03-29,23:59:59,12.174,200
1989-01-07,23:59:59,24.114,200
1989-03-24,23:59:59,9.102,200
1990-01-30,23:59:59,13.377,200
1990-03-10,23:59:59,11.244,200
1990-04-04,23:59:59,19.229,200
1990-08-15,23:59:59,10.280,200
1990-09-27,23:59:59,18.174,200
1990-12-11,23:59:59,20.089,200
1991-06-18,23:59:59,5.659,200
1992-03-15,23:59:59,12.090,200
1992-05-19,23:59:59,13.441,200
1993-01-16,23:59:59,13.486,200
1994-03-23,23:59:59,10.158,200
1994-08-21,23:59:59,24.373,200
1994-09-03,23:59:59,19.548,200
1994-09-04,23:59:59,17.245,200
1995-11-20,23:59:59,20.023,200
1995-11-24,23:59:59,20.452,200
1996-01-19,23:59:59,16.712,200
1996-12-22,23:59:59,13.760,200
1997-01-02,23:59:59,17.684,200
1997-04-26,23:59:59,5.724,200
1997-06-01,23:59:59,6.549,200
1997-12-14,23:59:59,10.307,200
1999-11-28,23:59:59,5.823,200
2000-05-29,23:59:59,16.962,200
2000-09-28,23:59:59,16.017,200
2001-08-14,23:59:59,13.450,200
2002-10-12,23:59:59,12.165,200
2003-04-22,23:59:59,10.253,200
2003-11-29,23:59:59,4.397,200
2004-06-30,23:59:59,25.795,200
2005-01-22,23:59:59,10.380,200
2005-08-27,23:59:59,8.068,200
2005-11-27,23:59:59,8.383,200
2007-04-11,23:59:59,12.834,200
2007-11-01,23:59:59,17.146,200
2008-02-12,23:59:59,15.128,200
2008-12-05,23:59:59,11.168,200
2009-01-29,23:59:59,16.899,200
2009-03-03,23:59:59,11.480,200
2009-06-27,23:59:59,9.916,200
2010-07-12,23:59:59,19.611,200
2011-08-08,23:59:59,15.663,200
2011-08-10,23:59:59,17.692,200
2012-06-10,23:59:59,6.691,200
2012-08-27,23:59:59,15.953,200
2014-07-24,23:59:59,14.172,200
2015-02-14,23:59:59,7.838,200
2015-02-20,23:59:59,10.011,200
2015-06-18,23:59:59,18.441,200
2016-03-29,23:59:59,5.404,200
2017-05-03,23:59:59,21.363,200
2018-01-07,23:59:59,5.417,200
2018-10-26,23:59:59,10.066,200
2019-01-10,23:59:59,13.021,200
2020-09-09,23:59:59,11.664,200
2020-10-29,23:59:59,6.780,200
2022-05-04,23:59:59,13.892,200
2022-09-21,23:59:59,25.590,200
2023-10-09,23:59:59,13.297,200
2023-11-12,23:59:59,6.743,200
2023-12-11,23:59:59,12.878,200
2023-12-30,23:59:59,4.433,200
2024-04-01,23:59:59,15.508,200
2024-04-07,23:59:59,16.003,200
2024-05-04,23:59:59,12.713,200
2024-07-13,23:59:59,14.174,200
2024-07-28,23:59:59,5.306,200
2024-09-15,23:59:59,10.189,200
2024-10-14,23:59:59,21.612,200
2024-11-26,23:59:59,8.485,200
1980-05-25,23:59:59,6.567,200
1980-07-05,23:59:59,11.005,200
1980-11-13,23:59:59,18.115,200
1981-02-04,23:59:59,19.660,200
1981-06-05,23:59:59,13.848,200
1981-09-08,23:59:59,20.305,200
1982-02-09,23:59:59,16.993,200
1982-07-12,23:59:59,16.706,200
1982-11-12,23:59:59,11.066,200
1982-12-09,23:59:59,13.391,200
1983-01-18,23:59:59,14.980,200
1983-02-24,23:59:59,7.305,200
1983-09-04,23:59:59,6.621,200
1983-09-25,23:59:59,8.945,200
1984-11-23,23:59:59,10.671,200
1985-02-21,23:59:59,12.784,200
1985-03-25,23:59:59,13.532,200
1985-08-31,23:59:59,7.809,200
1986-02-04,23:59:59,18.018,200
1986-03-17,23:59:59,12.969,200
1986-04-28,23:59:59,10.371,200
1986-11-01,23:59:59,17.901,200
1987-09-17,23:59:59,9.669,200
1987-11-19,23:59:59,14.582,200
1988-02-18,23:59:59,11.899,200
1988-08-07,23:59:59,16.329,200
1989-01-16,23:59:59,23.035,200
1989-09-19,23:59:59,19.061,200
1989-09-21,23:59:59,12.816,200
1989-10-13,23:59:59,5.777,200
1991-01-11,23:59:59,10.557,200
1991-09-24,23:59:59,20.982,200
1993-03-16,23:59:59,18.550,200
1993-08-26,23:59:59,7.322,200
1993-09-23,23:59:59,5.280,200
1994-02-01,23:59:59,14.560,200
1994-06-07,23:59:59,7.152,200
1994-12-12,23:59:59,19.230,200
1995-03-25,23:59:59,7.584,200
1995-04-15,23:59:59,14.488,200
1995-08-17,23:59:59,21.949,200
1995-09-06,23:59:59,17.578,200
1996-02-21,23:59:59,20.021,200
1996-03-19,23:59:59,19.789,200
1996-09-20,23:59:59,25.310,200
1996-10-26,23:59:59,19.253,200
1997-04-03,23:59:59,9.086,200
1998-05-18,23:59:59,10.613,200
1998-07-09,23:59:59,7.337,200
1999-01-23,23:59:59,11.503,200
1999-07-10,23:59:59,12.193,200
2000-10-04,23:59:59,8.834,200
2000-12-07,23:59:59,16.022,200
2002-02-04,23:59:59,9.305,200
2002-06-21,23:59:59,7.537,200
2002-07-23,23:59:59,23.969,200
2002-12-29,23:59:59,7.401,200
2003-08-10,23:59:59,7.971,200
2004-03-11,23:59:59,26.378,200
2004-09-06,23:59:59,21.525,200
2004-12-17,23:59:59,8.811,200
2006-05-25,23:59:59,20.450,200
2006-09-23,23:59:59,6.921,200
2007-06-27,23:59:59,21.007,200
2007-08-10,23:59:59,14.876,200
2007-09-18,23:59:59,14.964,200
2007-12-01,23:59:59,10.339,200
2008-07-15,23:59:59,18.446,200
2008-09-01,23:59:59,26.287,200
2008-11-12,23:59:59,16.999,200
2009-05-10,23:59:59,11.146,200
2010-06-05,23:59:59,6.503,200
2010-11-27,23:59:59,7.228,200
2011-08-17,23:59:59,23.162,200
2012-03-24,23:59:59,11.908,200
2013-06-07,23:59:59,7.173,200
2014-04-11,23:59:59,6.587,200
2014-06-11,23:59:59,8.794,200
2016-01-01,23:59:59,6.470,200
2016-11-04,23:59:59,16.325,200
2016-11-27,23:59:59,12.107,200
2017-08-12,23:59:59,11.006,200
2018-02-10,23:59:59,14.075,200
2018-02-24,23:59:59,11.186,200
2018-06-18,23:59:59,12.572,200
2020-02-02,23:59:59,10.107,200
2020-03-12,23:59:59,14.424,200
2020-12-24,23:59:59,5.257,200
2021-06-29,23:59:59,13.113,200
2022-10-02,23:59:59,7.269,200
2022-11-20,23:59:59,10.972,200
2023-02-14,23:59:59,20.898,200
2023-03-04,23:59:59,12.330,200
2023-06-15,23:59:59,23.401,200
2023-06-21,23:59:59,16.105,200
2023-08-04,23:59:59,21.548,200
2024-06-17,23:59:59,12.234,200
2024-09-30,23:59:59,17.717,200
1980-08-07,23:59:59,18.849,200
1980-11-24,23:59:59,17.510,200
1982-01-28,23:59:59,19.252,200
1982-08-08,23:59:59,9.161,200
1984-01-04,23:59:59,14.258,200
1984-04-02,23:59:59,14.324,200
1984-10-07,23:59:59,15.401,200
1985-07-05,23:59:59,7.194,200
1985-10-31,23:59:59,8.858,200
1986-08-16,23:59:59,20.199,200
1987-05-02,23:59:59,15.792,200
1988-03-31,23:59:59,9.418,200
1988-05-24,23:59:59,9.102,200
1988-07-30,23:59:59,12.908,200
1989-03-04,23:59:59,2.986,200
1989-09-16,23:59:59,9.653,200
1989-10-16,23:59:59,6.838,200
1990-05-18,23:59:59,14.816,200
1991-05-10,23:59:59,7.977,200
1991-07-04,23:59:59,9.615,200
1992-10-18,23:59:59,14.086,200
1994-03-16,23:59:59,6.532,200
1994-05-16,23:59:59,8.154,200
1994-12-25,23:59:59,4.610,200
1995-11-16,23:59:59,23.872,200
1996-01-09,23:59:59,23.559,200
1996-05-24,23:59:59,17.171,200
1996-07-16,23:59:59,16.061,200
1997-03-18,23:59:59,8.881,200
1997-09-20,23:59:59,8.275,200
1997-11-05,23:59:59,14.514,200
1997-12-21,23:59:59,10.359,200
1998-01-16,23:59:59,7.451,200
1998-01-20,23:59:59,9.009,200
1998-03-26,23:59:59,10.828,200
1999-04-05,23:59:59,6.336,200
1999-09-17,23:59:59,13.117,200
2000-11-17,23:59:59,18.074,200
2000-12-03,23:59:59,13.697,200
2001-04-04,23:59:59,13.233,200
2001-07-05,23:59:59,9.504,200
2002-02-19,23:59:59,8.695,200
2002-03-02,23:59:59,5.947,200
2003-07-01,23:59:59,12.228,200
2003-08-07,23:59:59,12.900,200
2003-11-22,23:59:59,9.001,200
2003-12-02,23:59:59,10.198,200
2005-05-04,23:59:59,6.868,200
2005-11-17,23:59:59,18.684,200
2006-03-15,23:59:59,16.607,200
2006-07-05,23:59:59,15.619,200
2006-07-09,23:59:59,9.756,200
2007-05-03,23:59:59,8.037,200
2007-06-17,23:59:59,15.522,200
2008-04-02,23:59:59,7.814,200
2010-08-14,23:59:59,5.150,200
2010-10-20,23:59:59,9.939,200
2011-02-20,23:59:59,8.066,200
2011-11-30,23:59:59,14.456,200
2012-01-26,23:59:59,16.876,200
2012-02-05,23:59:59,6.876,200
2012-11-24,23:59:59,9.747,200
2013-03-20,23:59:59,9.290,200
2014-09-04,23:59:59,8.127,200
2014-12-27,23:59:59,7.467,200
2015-03-13,23:59:59,10.362,200
2015-05-11,23:59:59,7.074,200
2015-12-23,23:59:59,10.741,200
2016-06-01,23:59:59,11.563,200
2016-08-05,23:59:59,19.278,200
2020-03-09,23:59:59,10.681,200
2020-08-24,23:59:59,7.793,200
2021-06-22,23:59:59,7.051,200
2022-03-29,23:59:59,15.857,200
2022-11-08,23:59:59,13.589,200
2022-12-10,23:59:59,15.421,200
2023-11-02,23:59:59,14.186,200
2024-11-10,23:59:59,7.468,200
1980-04-18,23:59:59,14.189,200
1980-05-01,23:59:59,11.951,200
1980-11-21,23:59:59,17.762,200
1981-06-24,23:59:59,19.754,200
1981-10-03,23:59:59,13.924,200
1982-01-09,23:59:59,6.515,200
1982-10-09,23:59:59,8.657,200
1985-08-14,23:59:59,12.836,200
1986-06-06,23:59:59,16.101,200
1986-10-10,23:59:59,15.495,200
1986-11-15,23:59:59,12.912,200
1987-06-13,23:59:59,12.565,200
1987-11-28,23:59:59,6.836,200
1988-01-23,23:59:59,13.085,200
1988-02-07,23:59:59,11.717,200
1988-02-12,23:59:59,12.660,200
1988-04-09,23:59:59,9.868,200
1988-05-12,23:59:59,9.237,200
1988-07-27,23:59:59,20.360,200
1989-04-04,23:59:59,19.707,200
1989-05-07,23:59:59,4.823,200
1989-05-19,23:59:59,11.490,200
1989-06-08,23:59:59,17.322,200
1990-06-30,23:59:59,5.853,200
1992-03-27,23:59:59,10.644,200
1992-07-30,23:59:59,14.733,200
1992-12-15,23:59:59,14.706,200
1993-08-23,23:59:59,7.324,200
1993-12-16,23:59:59,12.544,200
1994-08-12,23:59:59,24.589,200
1994-10-26,23:59:59,20.223,200
1994-12-01,23:59:59,24.154,200
1995-03-17,23:59:59,8.671,200
1995-11-28,23:59:59,21.708,200
1996-03-21,23:59:59,11.978,200
1996-04-21,23:59:59,5.982,200
1996-04-27,23:59:59,4.617,200
1996-07-09,23:59:59,16.781,200
1996-09-14,23:59:59,25.536,200
1997-05-01,23:59:59,5.932,200
1998-01-03,23:59:59,7.066,200
1998-02-24,23:59:59,8.408,200
1998-07-18,23:59:59,27.026,200
1998-11-14,23:59:59,25.137,200
2000-03-21,23:59:59,14.702,200
2001-01-23,23:59:59,18.549,200
2001-06-19,23:59:59,16.870,200
2002-12-22,23:59:59,4.177,200
2003-02-17,23:59:59,12.966,200
2003-03-30,23:59:59,4.358,200
2003-07-17,23:59:59,21.033,200
2003-08-14,23:59:59,16.573,200
2004-06-01,23:59:59,15.929,200
2004-06-18,23:59:59,11.783,200
2004-07-04,23:59:59,25.374,200
2004-12-18,23:59:59,9.406,200
2005-06-17,23:59:59,15.570,200
2005-12-01,23:59:59,13.620,200
2005-12-23,23:59:59,5.352,200
2006-03-02,23:59:59,8.691,200
2006-03-13,23:59:59,9.110,200
2006-09-28,23:59:59,10.455,200
2007-06-23,23:59:59,7.716,200
2007-07-20,23:59:59,15.579,200
2007-09-14,23:59:59,10.786,200
2008-09-05,23:59:59,25.958,200
2009-11-13,23:59:59,11.252,200
2010-03-19,23:59:59,7.492,200
2010-04-07,23:59:59,13.021,200
2010-05-06,23:59:59,8.465,200
2011-06-07,23:59:59,20.684,200
2012-02-17,23:59:59,14.923,200
2012-04-18,23:59:59,11.506,200
2012-11-07,23:59:59,23.793,200
2014-04-16,23:59:59,7.613,200
2015-09-04,23:59:59,25.337,200
2015-12-02,23:59:59,8.723,200
2016-05-04,23:59:59,10.755,200
2016-12-08,23:59:59,17.184,200
2016-12-19,23:59:59,9.221,200
2017-08-02,23:59:59,22.930,200
2017-11-10,23:59:59,15.611,200
2019-06-01,23:59:59,4.880,200
2020-04-13,23:59:59,5.304,200
2020-12-06,23:59:59,8.713,200
2021-02-22,23:59:59,18.008,200
2021-06-18,23:59:59,4.190,200
2021-09-12,23:59:59,4.749,200
2022-02-21,23:59:59,20.070,200
1980-03-12,23:59:59,15.766,200
1980-11-25,23:59:59,17.513,200
1981-10-28,23:59:59,18.557,200
1983-09-17,23:59:59,6.924,200
1984-10-01,23:59:59,17.139,200
1985-06-15,23:59:59,4.157,200
1985-09-22,23:59:59,14.778,200
1986-07-20,23:59:59,10.463,200
1987-06-25,23:59:59,12.578,200
1987-10-03,23:59:59,8.489,200
1987-11-07,23:59:59,6.907,200
1988-04-25,23:59:59,10.763,200
1989-01-23,23:59:59,21.449,200
1989-02-07,23:59:59,14.749,200
1989-09-22,23:59:59,17.340,200
1990-07-18,23:59:59,16.490,200
1990-09-28,23:59:59,16.802,200
1991-06-16,23:59:59,10.723,200
1992-07-06,23:59:59,10.029,200
1993-12-01,23:59:59,6.422,200
1994-05-17,23:59:59,9.226,200
1994-11-08,23:59:59,6.881,200
1995-11-18,23:59:59,20.787,200
1996-01-05,23:59:59,18.482,200
1996-04-06,23:59:59,4.325,200
1996-04-14,23:59:59,5.411,200
1996-08-21,23:59:59,13.284,200
1996-12-01,23:59:59,12.871,200
1997-01-06,23:59:59,18.274,200
1997-05-02,23:59:59,8.531,200
1997-10-04,23:59:59,9.436,200
1999-02-03,23:59:59,20.936,200
1999-08-08,23:59:59,7.635,200
2000-12-11,23:59:59,18.654,200
2001-06-20,23:59:59,18.378,200
2001-09-18,23:59:59,11.986,200
2001-12-15,23:59:59,15.867,200
2002-09-20,23:59:59,21.533,200
2003-03-22,23:59:59,6.905,200
2003-09-15,23:59:59,9.756,200
2005-10-13,23:59:59,19.950,200
2006-05-03,23:59:59,21.486,200
2006-06-27,23:59:59,22.685,200
2006-08-14,23:59:59,25.066,200
2006-11-20,23:59:59,5.938,200
2008-02-26,23:59:59,9.009,200
2008-10-08,23:59:59,12.067,200
2009-05-14,23:59:59,9.231,200
2009-09-14,23:59:59,12.588,200
2010-03-23,23:59:59,10.729,200
2011-04-09,23:59:59,14.071,200
2011-08-01,23:59:59,17.828,200
2011-11-28,23:59:59,18.030,200
2011-12-13,23:59:59,13.435,200
2013-06-02,23:59:59,6.611,200
2013-07-11,23:59:59,15.125,200
2013-12-16,23:59:59,10.516,200
2014-06-26,23:59:59,9.260,200
2015-11-23,23:59:59,7.279,200
2017-01-29,23:59:59,6.930,200
2017-06-05,23:59:59,23.301,200
2017-06-22,23:59:59,17.038,200
2017-10-11,23:59:59,25.529,200
2018-12-18,23:59:59,6.483,200
2019-01-05,23:59:59,5.162,200
2019-10-29,23:59:59,13.754,200
2020-10-24,23:59:59,3.356,200
2021-11-24,23:59:59,21.369,200
2022-03-25,23:59:59,6.448,200
2022-05-05,23:59:59,14.456,200
2023-04-14,23:59:59,6.544,200
2023-10-14,23:59:59,6.087,200
2024-05-01,23:59:59,7.226,200
2024-08-29,23:59:59,4.292,200
2024-12-18,23:59:59,5.794,200
1980-01-14,23:59:59,15.512,200
1980-03-15,23:59:59,12.877,200
1980-06-08,23:59:59,13.987,200
1980-09-23,23:59:59,14.205,200
1980-12-03,23:59:59,17.272,200
1982-02-06,23:59:59,6.023,200
1982-12-17,23:59:59,8.511,200
1982-12-26,23:59:59,4.301,200
1983-07-07,23:59:59,12.652,200
1984-04-14,23:59:59,10.504,200
1984-07-26,23:59:59,7.278,200
1986-08-31,23:59:59,21.783,200
1987-07-15,23:59:59,14.298,200
1987-08-19,23:59:59,11.395,200
1987-09-25,23:59:59,16.797,200
1988-05-05,23:59:59,13.265,200
1988-07-29,23:59:59,14.051,200
1988-12-17,23:59:59,19.776,200
1989-05-15,23:59:59,13.174,200
1991-01-19,23:59:59,10.938,200
1992-05-09,23:59:59,6.089,200
1992-06-08,23:59:59,8.654,200
1993-07-28,23:59:59,7.898,200
1994-12-15,23:59:59,17.737,200
1995-01-17,23:59:59,11.658,200
1996-05-16,23:59:59,19.549,200
1996-09-07,23:59:59,15.257,200
1997-01-29,23:59:59,14.896,200
1997-01-30,23:59:59,12.829,200
1997-06-07,23:59:59,8.089,200
1997-07-09,23:59:59,14.729,200
1997-11-12,23:59:59,10.772,200
1998-09-27,23:59:59,11.416,200
1999-03-20,23:59:59,8.348,200
1999-04-29,23:59:59,19.240,200
1999-10-06,23:59:59,20.963,200
1999-10-12,23:59:59,18.345,200
1999-11-09,23:59:59,13.690,200
1999-12-14,23:59:59,15.860,200
2000-12-08,23:59:59,17.960,200
2001-04-13,23:59:59,4.792,200
2001-04-27,23:59:59,10.830,200
2001-08-23,23:59:59,8.737,200
2003-01-24,23:59:59,10.929,200
2003-04-11,23:59:59,13.637,200
2003-08-04,23:59:59,16.599,200
2003-08-17,23:59:59,14.971,200
2003-11-28,23:59:59,7.535,200
2004-02-28,23:59:59,24.146,200
2004-05-01,23:59:59,8.665,200
2005-07-07,23:59:59,15.605,200
2007-01-05,23:59:59,6.539,200
2007-01-23,23:59:59,17.273,200
2007-03-31,23:59:59,5.253,200
2007-07-23,23:59:59,20.011,200
2008-10-12,23:59:59,19.504,200
2009-01-28,23:59:59,19.103,200
2010-03-16,23:59:59,11.240,200
2010-03-17,23:59:59,8.110,200
2010-09-24,23:59:59,27.480,200
2011-01-04,23:59:59,14.782,200
2011-06-06,23:59:59,11.332,200
2011-06-26,23:59:59,23.641,200
2011-10-15,23:59:59,7.117,200
2011-11-27,23:59:59,14.444,200
2012-03-02,23:59:59,10.603,200
2012-05-12,23:59:59,5.502,200
2012-05-22,23:59:59,17.652,200
2013-02-13,23:59:59,8.017,200
2013-02-15,23:59:59,6.895,200
2013-11-07,23:59:59,7.813,200
2014-07-13,23:59:59,6.202,200
2015-08-04,23:59:59,10.228,200
2015-09-02,23:59:59,22.608,200
2016-06-28,23:59:59,9.123,200
2016-10-30,23:59:59,14.474,200
2017-03-19,23:59:59,7.514,200
2018-09-06,23:59:59,24.467,200
2018-09-18,23:59:59,21.059,200
2018-12-30,23:59:59,7.145,200
2019-03-24,23:59:59,6.451,200
2019-08-05,23:59:59,17.875,200
2019-08-20,23:59:59,19.130,200
2020-11-17,23:59:59,11.149,200
2021-02-08,23:59:59,10.644,200
2021-06-02,23:59:59,11.000,200
2021-10-10,23:59:59,5.762,200
2022-10-23,23:59:59,7.777,200
2022-12-08,23:59:59,17.642,200
2023-10-05,23:59:59,14.437,200
2023-10-20,23:59:59,8.278,200
2023-11-25,23:59:59,8.435,200
2024-08-19,23:59:59,12.473,200
1980-01-10,23:59:59,11.860,200
1981-02-07,23:59:59,9.741,200
1983-09-29,23:59:59,9.072,200
1984-03-01,23:59:59,3.555,200
1985-01-25,23:59:59,12.881,200
1985-02-28,23:59:59,13.754,200
1985-08-06,23:59:59,7.672,200
1986-05-14,23:59:59,6.158,200
1986-07-28,23:59:59,20.668,200
1986-08-02,23:59:59,22.363,200
1986-09-16,23:59:59,18.454,200
1988-03-04,23:59:59,10.393,200
1989-03-15,23:59:59,8.891,200
1989-09-13,23:59:59,15.829,200
1990-01-10,23:59:59,18.896,200
1990-02-02,23:59:59,15.494,200
1990-05-27,23:59:59,13.149,200
1990-05-30,23:59:59,17.457,200
1991-01-28,23:59:59,13.622,200
1991-11-01,23:59:59,19.119,200
1993-08-07,23:59:59,7.859,200
1994-03-02,23:59:59,11.378,200
1994-07-18,23:59:59,16.459,200
1995-10-13,23:59:59,24.236,200
1997-03-24,23:59:59,5.635,200
1999-08-21,23:59:59,4.989,200
1999-08-26,23:59:59,18.729,200
2001-02-13,23:59:59,9.443,200
2001-03-07,23:59:59,11.176,200
2001-03-21,23:59:59,18.419,200
2001-06-24,23:59:59,8.415,200
2003-05-30,23:59:59,7.990,200
2003-10-16,23:59:59,8.248,200
2003-12-13,23:59:59,8.885,200
2004-02-07,23:59:59,20.392,200
2004-12-08,23:59:59,7.539,200
2005-01-06,23:59:59,23.199,200
2006-02-05,23:59:59,13.910,200
2006-02-25,23:59:59,12.301,200
2006-08-31,23:59:59,18.485,200
2006-09-29,23:59:59,8.616,200
2008-05-13,23:59:59,12.845,200
2008-08-21,23:59:59,26.456,200
2008-10-15,23:59:59,21.025,200
2009-07-21,23:59:59,11.062,200
2010-06-29,23:59:59,11.366,200
2011-07-17,23:59:59,17.512,200
2011-09-03,23:59:59,13.826,200
2012-08-02,23:59:59,17.821,200
2012-09-20,23:59:59,19.413,200
2012-11-23,23:59:59,13.634,200
2013-12-06,23:59:59,15.830,200
2014-08-10,23:59:59,15.078,200
2014-09-22,23:59:59,13.893,200
2014-10-16,23:59:59,9.482,200
2015-02-28,23:59:59,6.381,200
2015-04-06,23:59:59,6.374,200
2015-04-28,23:59:59,7.008,200
2017-08-15,23:59:59,20.956,200
2018-03-19,23:59:59,14.341,200
2018-07-07,23:59:59,20.749,200
2018-10-21,23:59:59,4.947,200
2019-01-23,23:59:59,11.200,200
2019-07-13,23:59:59,6.940,200
2019-09-17,23:59:59,13.898,200
2020-06-12,23:59:59,6.451,200
2021-04-20,23:59:59,12.468,200
2021-08-01,23:59:59,12.485,200
2021-12-16,23:59:59,13.364,200
2022-05-06,23:59:59,7.215,200
2023-08-31,23:59:59,7.091,200
2024-02-23,23:59:59,10.887,200
1980-08-09,23:59:59,16.264,200
1980-10-11,23:59:59,16.830,200
1981-05-16,23:59:59,13.050,200
1981-11-01,23:59:59,18.462,200
1982-01-04,23:59:59,7.208,200
1982-12-08,23:59:59,14.090,200
1983-03-27,23:59:59,5.514,200
1983-06-02,23:59:59,9.289,200
1983-09-23,23:59:59,3.564,200
1984-01-31,23:59:59,17.243,200
1984-12-19,23:59:59,10.119,200
1985-11-19,23:59:59,16.578,200
1987-07-23,23:59:59,13.984,200
1988-01-04,23:59:59,16.883,200
1988-03-23,23:59:59,11.566,200
1989-01-05,23:59:59,24.325,200
1990-01-08,23:59:59,14.269,200
1990-06-03,23:59:59,16.067,200
1990-06-22,23:59:59,13.747,200
1990-09-07,23:59:59,17.686,200
1990-10-18,23:59:59,10.509,200
1990-12-04,23:59:59,17.006,200
1990-12-23,23:59:59,7.020,200
1991-05-29,23:59:59,13.693,200
1991-10-03,23:59:59,18.684,200
1992-01-08,23:59:59,16.256,200
1992-08-23,23:59:59,20.889,200
1992-10-26,23:59:59,10.208,200
1992-12-22,23:59:59,20.489,200
1994-10-17,23:59:59,24.620,200
1994-10-22,23:59:59,24.239,200
1995-03-08,23:59:59,18.124,200
1995-07-04,23:59:59,13.045,200
1995-07-31,23:59:59,19.364,200
1995-08-09,23:59:59,16.473,200
1995-12-27,23:59:59,20.817,200
1996-07-30,23:59:59,24.367,200
1996-12-28,23:59:59,16.849,200
1997-06-05,23:59:59,9.315,200
1998-03-02,23:59:59,10.833,200
1998-06-01,23:59:59,15.045,200
2000-03-01,23:59:59,13.006,200
2000-03-06,23:59:59,11.446,200
2000-07-01,23:59:59,8.412,200
2000-10-06,23:59:59,12.716,200
2000-11-27,23:59:59,20.436,200
2001-04-22,23:59:59,12.916,200
2002-11-05,23:59:59,20.890,200
2004-01-05,23:59:59,15.601,200
2004-02-14,23:59:59,19.914,200
2004-06-19,23:59:59,9.762,200
2004-07-19,23:59:59,21.123,200
2004-11-02,23:59:59,24.911,200
2005-05-22,23:59:59,4.954,200
2005-09-26,23:59:59,9.519,200
2005-10-01,23:59:59,10.562,200
2007-01-03,23:59:59,6.173,200
2007-08-01,23:59:59,13.428,200
2007-08-06,23:59:59,17.821,200
2007-09-12,23:59:59,19.979,200
2008-05-04,23:59:59,6.926,200
2008-09-27,23:59:59,8.751,200
2009-04-22,23:59:59,11.415,200
2011-02-26,23:59:59,7.195,200
2012-01-25,23:59:59,23.862,200
2012-03-05,23:59:59,19.976,200
2013-08-04,23:59:59,7.275,200
2013-09-11,23:59:59,9.382,200
2014-08-18,23:59:59,15.007,200
2014-11-04,23:59:59,13.133,200
2015-05-15,23:59:59,8.013,200
2015-06-24,23:59:59,23.982,200
2016-04-25,23:59:59,6.453,200
2016-05-31,23:59:59,10.558,200
2017-02-19,23:59:59,6.372,200
2017-05-27,23:59:59,24.792,200
2017-08-09,23:59:59,17.382,200
2018-04-21,23:59:59,7.240,200
2019-01-17,23:59:59,6.330,200
2019-09-11,23:59:59,15.767,200
2022-06-25,23:59:59,7.557,200
2023-04-26,23:59:59,16.890,200
2023-07-28,23:59:59,22.504,200
2024-04-28,23:59:59,16.895,200
2024-08-03,23:59:59,15.296,200
1984-02-07,23:59:59,11.260,200
1984-10-28,23:59:59,8.071,200
1984-11-13,23:59:59,17.184,200
1985-09-09,23:59:59,15.138,200
1986-12-09,23:59:59,19.043,200
1987-02-14,23:59:59,6.094,200
1987-07-29,23:59:59,16.874,200
1988-12-27,23:59:59,18.783,200
1989-04-19,23:59:59,18.137,200
1989-10-21,23:59:59,12.711,200
1990-02-13,23:59:59,21.360,200
1990-05-31,23:59:59,17.409,200
1990-12-12,23:59:59,20.968,200
1991-04-09,23:59:59,16.524,200
1992-01-20,23:59:59,12.418,200
1992-08-13,23:59:59,21.078,200
1992-11-24,23:59:59,13.175,200
1993-06-17,23:59:59,19.222,200
1993-06-25,23:59:59,20.610,200
1993-09-05,23:59:59,10.038,200
1994-12-11,23:59:59,20.765,200
1995-03-09,23:59:59,18.055,200
1995-10-25,23:59:59,23.979,200
1995-11-10,23:59:59,17.837,200
1995-12-17,23:59:59,16.900,200
1996-12-03,23:59:59,21.897,200
1996-12-10,23:59:59,22.176,200
1997-04-10,23:59:59,4.574,200
1997-04-16,23:59:59,8.439,200
1997-11-03,23:59:59,14.699,200
1997-12-26,23:59:59,5.437,200
1998-05-10,23:59:59,6.594,200
1998-06-29,23:59:59,9.459,200
1998-12-20,23:59:59,17.895,200
1999-10-07,23:59:59,18.689,200
1999-12-24,23:59:59,7.479,200
2000-11-20,23:59:59,20.612,200
2001-03-17,23:59:59,11.549,200
2002-06-12,23:59:59,14.589,200
2002-11-25,23:59:59,13.747,200
2003-01-09,23:59:59,8.212,200
2003-02-20,23:59:59,12.576,200
2004-02-17,23:59:59,25.882,200
2005-09-06,23:59:59,9.545,200
2005-12-26,23:59:59,5.270,200
2006-09-21,23:59:59,13.691,200
2006-11-28,23:59:59,21.111,200
2007-01-04,23:59:59,8.133,200
2007-10-02,23:59:59,13.299,200
2007-10-26,23:59:59,11.869,200
2008-05-19,23:59:59,13.563,200
2008-06-22,23:59:59,4.638,200
2008-09-28,23:59:59,17.108,200
2008-10-23,23:59:59,21.808,200
2010-10-28,23:59:59,13.637,200
2010-11-17,23:59:59,7.520,200
2010-11-28,23:59:59,9.218,200
2011-07-07,23:59:59,13.933,200
2011-09-23,23:59:59,7.115,200
2012-08-12,23:59:59,10.669,200
2012-11-01,23:59:59,19.264,200
2013-03-30,23:59:59,5.788,200
2013-07-16,23:59:59,13.392,200
2014-05-28,23:59:59,13.816,200
2014-10-06,23:59:59,15.655,200
2014-12-29,23:59:59,8.709,200
2015-09-05,23:59:59,19.401,200
2016-07-06,23:59:59,14.835,200
2016-12-06,23:59:59,14.712,200
2017-01-28,23:59:59,7.319,200
2017-07-02,23:59:59,15.972,200
2017-11-29,23:59:59,17.858,200
2018-01-29,23:59:59,17.351,200
2018-09-09,23:59:59,24.209,200
2018-11-05,23:59:59,11.673,200
2019-05-06,23:59:59,7.901,200
2019-05-17,23:59:59,5.990,200
2021-05-30,23:59:59,5.586,200
2022-05-11,23:59:59,14.123,200
2022-08-06,23:59:59,24.630,200
2023-09-05,23:59:59,11.834,200
2023-10-02,23:59:59,5.843,200
2024-07-03,23:59:59,20.284,200
2024-07-24,23:59:59,17.148,200
2024-11-23,23:59:59,13.622,200
1981-05-08,23:59:59,15.586,200
1982-02-10,23:59:59,17.871,200
1982-05-04,23:59:59,16.716,200
1983-03-09,23:59:59,7.453,200
1983-07-28,23:59:59,8.664,200
1983-08-20,23:59:59,8.934,200
1984-02-11,23:59:59,3.529,200
1984-03-04,23:59:59,11.428,200
1984-06-05,23:59:59,15.778,200
1984-10-05,23:59:59,18.033,200
1985-04-23,23:59:59,12.301,200
1986-07-25,23:59:59,5.537,200
1986-10-05,23:59:59,15.927,200
1987-12-05,23:59:59,4.774,200
1988-01-07,23:59:59,16.767,200
1989-04-23,23:59:59,13.605,200
1989-08-25,23:59:59,13.405,200
1989-12-01,23:59:59,19.100,200
1990-11-23,23:59:59,6.613,200
1991-04-29,23:59:59,12.298,200
1991-06-22,23:59:59,8.816,200
1992-02-10,23:59:59,11.810,200
1992-07-26,23:59:59,6.946,200
1992-09-09,23:59:59,23.290,200
1993-09-25,23:59:59,7.469,200
1994-04-02,23:59:59,10.160,200
1994-05-28,23:59:59,4.161,200
1994-07-03,23:59:59,20.678,200
1994-10-05,23:59:59,21.455,200
1995-09-04,23:59:59,22.827,200
1995-09-10,23:59:59,18.483,200
1998-10-09,23:59:59,15.101,200
2000-02-26,23:59:59,8.736,200
2001-08-27,23:59:59,12.314,200
2002-06-07,23:59:59,11.642,200
2005-01-28,23:59:59,14.594,200
2005-02-24,23:59:59,12.874,200
2005-09-23,23:59:59,9.292,200
2006-01-27,23:59:59,11.792,200
2006-03-17,23:59:59,10.203,200
2008-09-14,23:59:59,26.102,200
2009-03-09,23:59:59,9.562,200
2009-03-13,23:59:59,13.373,200
2009-04-27,23:59:59,10.946,200
2009-05-12,23:59:59,15.427,200
2009-06-04,23:59:59,15.322,200
2009-06-08,23:59:59,15.866,200
2009-08-11,23:59:59,13.261,200
2010-05-23,23:59:59,7.608,200
2011-10-29,23:59:59,9.124,200
2012-05-03,23:59:59,19.211,200
2012-09-10,23:59:59,15.416,200
2013-01-23,23:59:59,15.577,200
2013-08-23,23:59:59,8.793,200
2013-11-26,23:59:59,10.868,200
2014-10-20,23:59:59,8.265,200
2017-03-14,23:59:59,10.386,200
2017-04-11,23:59:59,25.816,200
2017-06-17,23:59:59,11.655,200
2017-08-26,23:59:59,10.554,200
2017-10-29,23:59:59,16.081,200
2019-03-18,23:59:59,11.847,200
2019-08-03,23:59:59,18.956,200
2020-01-30,23:59:59,13.910,200
2020-05-30,23:59:59,5.584,200
2020-06-04,23:59:59,6.514,200
2022-03-16,23:59:59,12.607,200
2023-06-20,23:59:59,16.882,200
2024-03-13,23:59:59,15.275,200
2024-09-23,23:59:59,4.453,200
1980-04-25,23:59:59,10.044,200
1980-05-14,23:59:59,14.338,200
1980-06-11,23:59:59,16.542,200
1981-10-04,23:59:59,15.342,200
1982-11-17,23:59:59,13.357,200
1983-11-18,23:59:59,21.461,200
1984-03-29,23:59:59,21.432,200
1984-06-21,23:59:59,20.820,200
1984-07-29,23:59:59,10.142,200
1985-09-05,23:59:59,3.734,200
1986-06-05,23:59:59,17.870,200
1987-07-02,23:59:59,14.749,200
1987-08-20,23:59:59,11.324,200
1988-03-25,23:59:59,11.639,200
1988-08-30,23:59:59,6.709,200
1988-10-05,23:59:59,20.398,200
1988-10-16,23:59:59,25.089,200
1989-03-26,23:59:59,13.772,200
1989-05-01,23:59:59,10.996,200
1989-07-30,23:59:59,16.490,200
1990-05-21,23:59:59,14.227,200
1990-09-29,23:59:59,19.610,200
1991-01-04,23:59:59,6.546,200
1991-09-11,23:59:59,21.528,200
1991-10-08,23:59:59,21.889,200
1991-11-09,23:59:59,13.278,200
1992-08-24,23:59:59,22.841,200
1992-10-15,23:59:59,15.253,200
1994-07-23,23:59:59,20.901,200
1994-09-15,23:59:59,17.545,200
1994-09-26,23:59:59,17.445,200
1995-01-25,23:59:59,11.696,200
1995-03-01,23:59:59,15.061,200
1995-03-18,23:59:59,13.278,200
1997-03-21,23:59:59,9.935,200
1997-07-15,23:59:59,19.152,200
1997-08-27,23:59:59,14.662,200
1997-10-26,23:59:59,16.709,200
1998-02-05,23:59:59,17.571,200
1998-03-09,23:59:59,9.833,200
1999-03-16,23:59:59,10.409,200
2001-03-06,23:59:59,16.224,200
2002-04-02,23:59:59,15.041,200
2002-07-09,23:59:59,13.963,200
2004-09-19,23:59:59,14.255,200
2005-03-27,23:59:59,6.089,200
2006-01-25,23:59:59,10.555,200
2006-06-05,23:59:59,19.796,200
2007-07-27,23:59:59,10.900,200
2007-12-10,23:59:59,20.828,200
2008-01-09,23:59:59,12.849,200
2008-06-11,23:59:59,7.051,200
2009-01-14,23:59:59,16.734,200
2009-09-16,23:59:59,14.842,200
2010-05-16,23:59:59,5.667,200
2010-09-20,23:59:59,27.349,200
2011-05-14,23:59:59,6.929,200
2011-07-18,23:59:59,22.331,200
2013-04-23,23:59:59,5.753,200
2015-01-18,23:59:59,8.615,200
2015-05-20,23:59:59,11.744,200
2015-05-22,23:59:59,9.420,200
2015-12-24,23:59:59,7.440,200
2016-05-25,23:59:59,6.080,200
2017-07-31,23:59:59,23.025,200
2017-09-07,23:59:59,14.736,200
2020-02-26,23:59:59,14.591,200
2020-04-07,23:59:59,8.677,200
2021-01-08,23:59:59,7.730,200
2021-06-16,23:59:59,5.436,200
2021-12-28,23:59:59,8.648,200
2022-04-02,23:59:59,8.568,200
2022-04-06,23:59:59,16.504,200
2023-06-02,23:59:59,24.630,200
2023-07-03,23:59:59,14.447,200
2024-09-05,23:59:59,6.153,200
1980-04-21,23:59:59,13.153,200
1980-06-18,23:59:59,18.767,200
1981-03-14,23:59:59,7.318,200
1981-05-06,23:59:59,18.102,200
1981-09-24,23:59:59,18.869,200
1981-11-13,23:59:59,16.715,200
1982-02-16,23:59:59,16.143,200
1982-08-22,23:59:59,5.357,200
1983-06-01,23:59:59,9.405,200
1983-08-16,23:59:59,17.175,200
1983-12-07,23:59:59,20.357,200
1984-03-23,23:59:59,15.235,200
1985-08-22,23:59:59,14.156,200
1986-02-16,23:59:59,11.110,200
1986-04-21,23:59:59,11.213,200
1986-07-30,23:59:59,22.460,200
1987-12-14,23:59:59,19.264,200
1989-03-06,23:59:59,15.205,200
1989-03-27,23:59:59,15.631,200
1989-05-10,23:59:59,16.869,200
1989-07-03,23:59:59,14.655,200
1989-09-10,23:59:59,7.124,200
1990-04-30,23:59:59,8.916,200
1990-11-01,23:59:59,19.637,200
1991-05-03,23:59:59,6.372,200
1991-12-03,23:59:59,14.091,200
1992-05-23,23:59:59,11.042,200
1992-11-06,23:59:59,19.855,200
1993-04-14,23:59:59,7.596,200
1994-01-12,23:59:59,14.420,200
1994-05-06,23:59:59,5.566,200
1994-06-11,23:59:59,5.432,200
1995-08-03,23:59:59,22.833,200
1995-11-07,23:59:59,19.968,200
1996-05-27,23:59:59,20.502,200
1997-06-25,23:59:59,15.106,200
1998-06-23,23:59:59,10.033,200
1999-08-10,23:59:59,15.291,200
2000-04-26,23:59:59,12.089,200
2000-06-16,23:59:59,18.375,200
2000-08-15,23:59:59,16.549,200
2000-11-02,23:59:59,16.602,200
2000-11-29,23:59:59,17.794,200
2001-05-07,23:59:59,8.099,200
2002-03-14,23:59:59,13.007,200
2003-10-29,23:59:59,19.942,200
2004-02-09,23:59:59,20.114,200
2004-06-11,23:59:59,20.173,200
2004-07-16,23:59:59,16.516,200
2005-01-09,23:59:59,24.551,200
2005-01-21,23:59:59,10.920,200
2005-10-27,23:59:59,17.441,200
2006-03-01,23:59:59,9.435,200
2006-09-19,23:59:59,18.415,200
2007-05-16,23:59:59,5.433,200
2007-11-26,23:59:59,13.811,200
2007-12-26,23:59:59,5.363,200
2008-03-06,23:59:59,8.279,200
2009-03-06,23:59:59,11.586,200
2010-07-18,23:59:59,17.762,200
2011-12-08,23:59:59,13.086,200
2012-07-15,23:59:59,8.344,200
2012-10-30,23:59:59,24.398,200
2013-05-13,23:59:59,7.193,200
2013-07-19,23:59:59,9.501,200
2013-09-16,23:59:59,12.296,200
2014-11-16,23:59:59,5.952,200
2015-01-11,23:59:59,11.185,200
2015-09-06,23:59:59,18.787,200
2015-11-17,23:59:59,8.488,200
2016-03-10,23:59:59,11.562,200
2017-06-18,23:59:59,12.647,200
2018-09-13,23:59:59,23.830,200
2020-04-06,23:59:59,7.840,200
2020-04-29,23:59:59,10.910,200
2021-02-04,23:59:59,12.224,200
2022-08-02,23:59:59,24.934,200
2022-09-28,23:59:59,25.294,200
2023-12-20,23:59:59,13.764,200
2024-09-12,23:59:59,5.621,200
1980-10-17,23:59:59,17.086,200
1981-05-03,23:59:59,10.126,200
1982-10-08,23:59:59,12.422,200
1983-01-28,23:59:59,6.392,200
1984-01-22,23:59:59,13.227,200
1985-03-28,23:59:59,13.904,200
1986-01-20,23:59:59,14.362,200
1986-06-20,23:59:59,16.215,200
1987-03-11,23:59:59,10.965,200
1987-03-25,23:59:59,10.612,200
1987-10-18,23:59:59,4.821,200
1988-02-03,23:59:59,11.767,200
1988-02-15,23:59:59,11.828,200
1988-05-19,23:59:59,10.034,200
1988-07-05,23:59:59,10.509,200
1989-01-08,23:59:59,24.008,200
1989-01-18,23:59:59,21.739,200
1989-10-15,23:59:59,7.035,200
1989-11-08,23:59:59,20.883,200
1990-01-16,23:59:59,11.032,200
1990-08-05,23:59:59,12.059,200
1990-09-16,23:59:59,22.556,200
1991-05-06,23:59:59,11.499,200
1991-08-05,23:59:59,16.581,200
1991-08-09,23:59:59,4.427,200
1991-08-19,23:59:59,19.212,200
1991-09-10,23:59:59,21.630,200
1992-03-23,23:59:59,11.626,200
1992-06-13,23:59:59,6.284,200
1993-01-23,23:59:59,12.952,200
1994-02-14,23:59:59,12.237,200
1994-11-15,23:59:59,24.731,200
1995-04-06,23:59:59,10.858,200
1997-02-28,23:59:59,10.069,200
1997-04-12,23:59:59,4.597,200
1997-10-18,23:59:59,8.867,200
1999-04-03,23:59:59,7.330,200
2000-12-14,23:59:59,19.478,200
2001-03-12,23:59:59,16.146,200
2001-03-18,23:59:59,10.097,200
2001-10-24,23:59:59,8.889,200
2002-11-13,23:59:59,18.421,200
2003-12-03,23:59:59,14.449,200
2005-04-09,23:59:59,6.717,200
2005-08-09,23:59:59,8.669,200
2006-03-24,23:59:59,7.756,200
2007-10-15,23:59:59,9.918,200
2009-06-07,23:59:59,15.434,200
2010-05-14,23:59:59,5.284,200
2012-09-01,23:59:59,20.589,200
2012-11-21,23:59:59,15.901,200
2013-03-02,23:59:59,6.583,200
2013-05-17,23:59:59,9.922,200
2014-03-11,23:59:59,10.988,200
2014-08-05,23:59:59,14.505,200
2014-12-11,23:59:59,7.037,200
2016-10-03,23:59:59,18.758,200
2017-05-23,23:59:59,25.581,200
2017-08-28,23:59:59,20.440,200
2018-11-29,23:59:59,13.988,200
2019-10-07,23:59:59,7.777,200
2020-03-30,23:59:59,6.294,200
2021-02-27,23:59:59,9.761,200
2021-04-27,23:59:59,15.327,200
2021-06-08,23:59:59,12.569,200
2021-11-18,23:59:59,11.051,200
2023-05-14,23:59:59,25.179,200
2023-10-24,23:59:59,11.387,200
2024-05-09,23:59:59,19.152,200
1980-04-20,23:59:59,5.077,200
1980-06-26,23:59:59,18.278,200
1980-08-22,23:59:59,17.650,200
1981-07-12,23:59:59,11.251,200
1981-11-29,23:59:59,15.729,200
1982-07-18,23:59:59,3.214,200
1982-08-21,23:59:59,3.148,200
1983-10-22,23:59:59,6.000,200
1984-10-04,23:59:59,21.597,200
1984-11-15,23:59:59,14.642,200
1985-07-29,23:59:59,12.847,200
1986-10-28,23:59:59,18.163,200
1988-04-05,23:59:59,10.589,200
1988-08-18,23:59:59,16.079,200
1989-03-12,23:59:59,16.996,200
1989-11-20,23:59:59,10.164,200
1990-09-05,23:59:59,23.013,200
1991-02-28,23:59:59,13.735,200
1991-03-04,23:59:59,11.713,200
1991-10-15,23:59:59,20.344,200
1992-09-07,23:59:59,23.406,200
1994-01-01,23:59:59,6.730,200
1994-02-19,23:59:59,8.609,200
1994-03-01,23:59:59,9.706,200
1994-04-12,23:59:59,5.930,200
1994-04-30,23:59:59,7.390,200
1994-07-27,23:59:59,15.188,200
1994-11-18,23:59:59,24.870,200
1994-12-18,23:59:59,14.533,200
1995-11-29,23:59:59,22.408,200
1995-12-24,23:59:59,4.738,200
1996-02-10,23:59:59,16.790,200
1996-07-17,23:59:59,14.328,200
1996-10-19,23:59:59,18.595,200
1997-02-26,23:59:59,9.272,200
1997-06-26,23:59:59,20.495,200
1997-09-17,23:59:59,13.982,200
1997-12-30,23:59:59,12.328,200
1999-05-19,23:59:59,18.954,200
1999-07-26,23:59:59,7.358,200
2000-03-15,23:59:59,15.738,200
2000-07-23,23:59:59,8.685,200
2000-08-25,23:59:59,18.038,200
2000-11-19,23:59:59,14.648,200
2001-06-16,23:59:59,6.474,200
2001-07-26,23:59:59,15.494,200
2001-07-28,23:59:59,7.523,200
2002-09-21,23:59:59,19.222,200
2002-12-15,23:59:59,8.413,200
2004-11-05,23:59:59,17.402,200
2004-11-21,23:59:59,12.995,200
2005-06-22,23:59:59,12.477,200
2005-10-12,23:59:59,18.157,200
2006-03-11,23:59:59,7.252,200
2007-01-13,23:59:59,9.445,200
2007-02-08,23:59:59,19.530,200
2007-03-17,23:59:59,6.032,200
2007-07-31,23:59:59,17.433,200
2008-05-11,23:59:59,5.898,200
2009-05-16,23:59:59,6.512,200
2010-11-16,23:59:59,6.149,200
2011-05-13,23:59:59,11.458,200
2011-06-25,23:59:59,23.748,200
2011-07-30,23:59:59,17.606,200
2012-08-06,23:59:59,22.903,200
2012-12-10,23:59:59,15.432,200
2012-12-13,23:59:59,12.784,200
2013-11-08,23:59:59,20.159,200
2014-10-15,23:59:59,13.074,200
2014-12-03,23:59:59,13.482,200
2015-08-09,23:59:59,16.945,200
2016-02-25,23:59:59,12.066,200
2016-06-08,23:59:59,15.101,200
2016-07-04,23:59:59,13.578,200
2017-01-01,23:59:59,6.960,200
2017-01-09,23:59:59,8.790,200
2017-01-26,23:59:59,13.250,200
2017-11-13,23:59:59,18.230,200
2018-02-08,23:59:59,7.925,200
2018-02-23,23:59:59,12.130,200
2018-03-31,23:59:59,6.166,200
2018-09-16,23:59:59,12.357,200
2019-02-27,23:59:59,5.241,200
2019-03-26,23:59:59,11.239,200
2019-08-12,23:59:59,12.048,200
2019-09-19,23:59:59,13.728,200
2020-01-12,23:59:59,6.235,200
2020-08-27,23:59:59,12.700,200
2021-03-10,23:59:59,12.111,200
2021-04-07,23:59:59,12.621,200
2021-08-31,23:59:59,11.127,200
2021-12-09,23:59:59,7.445,200
2022-05-21,23:59:59,8.060,200
2022-06-12,23:59:59,5.112,200
2022-08-15,23:59:59,18.451,200
2023-03-25,23:59:59,5.739,200
2023-04-10,23:59:59,6.533,200
2023-09-07,23:59:59,4.968,200
2024-09-25,23:59:59,10.723,200
1980-02-17,23:59:59,14.770,200
1981-01-30,23:59:59,19.532,200
1981-11-26,23:59:59,15.361,200
1982-03-14,23:59:59,9.083,200
1982-06-18,23:59:59,17.211,200
1982-09-18,23:59:59,8.062,200
1983-02-28,23:59:59,9.085,200
1983-09-18,23:59:59,3.402,200
1984-02-12,23:59:59,3.497,200
1985-02-22,23:59:59,12.736,200
1985-10-02,23:59:59,14.721,200
1986-09-01,23:59:59,21.757,200
1986-12-29,23:59:59,11.924,200
1987-08-08,23:59:59,11.691,200
1988-06-26,23:59:59,5.005,200
1989-01-12,23:59:59,24.175,200
1989-04-05,23:59:59,18.142,200
1989-05-03,23:59:59,7.594,200
1989-06-19,23:59:59,14.991,200
1989-06-29,23:59:59,19.472,200
1989-07-06,23:59:59,19.873,200
1989-08-28,23:59:59,12.843,200
1990-03-29,23:59:59,7.974,200
1990-06-15,23:59:59,16.285,200
1990-08-14,23:59:59,14.191,200
1990-11-08,23:59:59,20.077,200
1991-12-24,23:59:59,7.207,200
1992-11-28,23:59:59,8.080,200
1993-03-08,23:59:59,8.558,200
1993-10-08,23:59:59,9.303,200
1994-11-06,23:59:59,9.615,200
1995-05-30,23:59:59,18.785,200
1995-08-07,23:59:59,22.057,200
1996-06-05,23:59:59,18.892,200
1997-01-10,23:59:59,18.963,200
1998-07-01,23:59:59,9.611,200
1999-04-13,23:59:59,10.668,200
1999-11-08,23:59:59,13.003,200
1999-12-06,23:59:59,10.662,200
2000-07-08,23:59:59,10.492,200
2000-08-04,23:59:59,15.359,200
2000-09-04,23:59:59,17.297,200
2001-01-01,23:59:59,4.379,200
2001-02-07,23:59:59,12.276,200
2001-03-31,23:59:59,8.352,200
2001-05-15,23:59:59,13.866,200
2003-02-13,23:59:59,12.493,200
2003-03-20,23:59:59,14.334,200
2003-04-20,23:59:59,5.315,200
2003-08-25,23:59:59,13.325,200
2005-09-15,23:59:59,7.347,200
2005-09-22,23:59:59,11.422,200
2005-11-02,23:59:59,14.197,200
2005-11-25,23:59:59,10.851,200
2005-12-06,23:59:59,18.916,200
2007-10-07,23:59:59,9.673,200
2008-07-08,23:59:59,21.181,200
2009-09-06,23:59:59,12.911,200
2009-10-29,23:59:59,23.825,200
2010-01-15,23:59:59,9.156,200
2010-02-28,23:59:59,8.878,200
2010-09-30,23:59:59,27.015,200
2011-08-04,23:59:59,23.170,200
2013-05-28,23:59:59,9.817,200
2013-09-18,23:59:59,14.075,200
2013-12-18,23:59:59,14.023,200
2015-04-12,23:59:59,6.358,200
2015-11-16,23:59:59,12.639,200
2016-08-20,23:59:59,17.024,200
2016-12-11,23:59:59,8.772,200
2017-08-20,23:59:59,16.380,200
2020-10-06,23:59:59,10.859,200
2021-05-08,23:59:59,5.948,200
2022-03-12,23:59:59,5.991,200
2022-03-17,23:59:59,11.435,200
2022-08-13,23:59:59,24.529,200
2022-11-09,23:59:59,13.047,200
2023-05-25,23:59:59,25.014,200
2023-06-03,23:59:59,24.571,200
1980-01-19,23:59:59,15.560,200
1980-11-03,23:59:59,18.660,200
1981-02-01,23:59:59,16.636,200
1981-06-06,23:59:59,12.525,200
1982-02-08,23:59:59,13.561,200
1982-10-25,23:59:59,10.016,200
1983-01-14,23:59:59,12.304,200
1983-12-17,23:59:59,7.109,200
1983-12-18,23:59:59,13.590,200
1984-05-28,23:59:59,11.628,200
1985-02-14,23:59:59,12.030,200
1985-03-17,23:59:59,7.272,200
1986-06-18,23:59:59,18.045,200
1986-08-28,23:59:59,23.845,200
1986-10-04,23:59:59,17.420,200
1987-01-05,23:59:59,13.166,200
1988-03-06,23:59:59,10.298,200
1988-06-03,23:59:59,14.322,200
1988-06-24,23:59:59,12.228,200
1989-05-17,23:59:59,10.314,200
1989-12-09,23:59:59,10.103,200
1990-06-17,23:59:59,7.182,200
1991-02-24,23:59:59,13.199,200
1991-11-03,23:59:59,15.089,200
1991-12-21,23:59:59,7.446,200
1993-01-05,23:59:59,14.286,200
1993-01-10,23:59:59,15.956,200
1993-05-12,23:59:59,8.130,200
1993-06-20,23:59:59,18.231,200
1993-11-18,23:59:59,10.762,200
1994-02-26,23:59:59,9.840,200
1995-07-06,23:59:59,21.720,200
1996-03-25,23:59:59,16.596,200
1996-08-05,23:59:59,20.212,200
1997-08-10,23:59:59,8.381,200
1997-12-27,23:59:59,6.623,200
1999-02-12,23:59:59,13.778,200
1999-03-30,23:59:59,6.648,200
2000-06-07,23:59:59,13.522,200
2000-12-23,23:59:59,6.597,200
2002-03-10,23:59:59,7.068,200
2002-04-09,23:59:59,11.632,200
2003-04-27,23:59:59,5.489,200
2003-06-01,23:59:59,3.493,200
2004-05-23,23:59:59,10.501,200
2004-06-28,23:59:59,25.873,200
2006-03-29,23:59:59,11.678,200
2006-07-23,23:59:59,15.828,200
2007-02-23,23:59:59,10.632,200
2007-03-03,23:59:59,5.583,200
2007-05-05,23:59:59,9.699,200
2007-06-15,23:59:59,12.415,200
2008-06-01,23:59:59,5.262,200
2008-12-23,23:59:59,5.503,200
2010-06-01,23:59:59,6.631,200
2010-11-08,23:59:59,17.084,200
2011-05-05,23:59:59,15.629,200
2012-04-24,23:59:59,13.341,200
2013-02-06,23:59:59,7.581,200
2013-11-16,23:59:59,11.381,200
2014-03-02,23:59:59,6.691,200
2015-02-27,23:59:59,8.217,200
2016-05-23,23:59:59,11.194,200
2016-07-15,23:59:59,8.949,200
2017-12-15,23:59:59,9.862,200
2019-01-20,23:59:59,7.605,200
2019-03-10,23:59:59,5.810,200
2019-11-29,23:59:59,7.663,200
2019-12-09,23:59:59,18.032,200
2020-03-13,23:59:59,13.797,200
2020-05-03,23:59:59,4.348,200
2020-12-11,23:59:59,20.567,200
2021-01-04,23:59:59,4.937,200
2021-06-11,23:59:59,4.835,200
2022-03-27,23:59:59,5.812,200
2022-05-07,23:59:59,6.648,200
2022-10-08,23:59:59,25.930,200
2022-12-02,23:59:59,26.175,200
2024-04-06,23:59:59,14.794,200
2024-07-18,23:59:59,18.750,200
1981-06-18,23:59:59,18.332,200
1981-12-21,23:59:59,14.676,200
1982-05-23,23:59:59,4.790,200
1982-06-01,23:59:59,18.716,200
1983-06-13,23:59:59,11.377,200
1983-12-03,23:59:59,12.423,200
1984-08-31,23:59:59,9.793,200
1985-08-26,23:59:59,9.053,200
1985-12-13,23:59:59,16.474,200
1986-01-26,23:59:59,19.815,200
1986-06-10,23:59:59,12.585,200
1986-12-18,23:59:59,13.012,200
1987-04-16,23:59:59,15.460,200
1987-11-08,23:59:59,7.988,200
1988-07-02,23:59:59,11.613,200
1988-11-13,23:59:59,20.989,200
1990-09-26,23:59:59,19.919,200
1990-11-09,23:59:59,18.657,200
1990-11-25,23:59:59,13.077,200
1991-10-25,23:59:59,20.744,200
1992-10-14,23:59:59,13.528,200
1992-10-24,23:59:59,7.696,200
1993-04-18,23:59:59,6.532,200
1993-11-25,23:59:59,5.512,200
1994-01-07,23:59:59,7.944,200
1995-04-19,23:59:59,21.197,200
1995-05-25,23:59:59,22.385,200
1995-06-07,23:59:59,22.264,200
1996-02-01,23:59:59,22.753,200
1996-05-09,23:59:59,19.685,200
1998-08-04,23:59:59,25.255,200
1998-08-23,23:59:59,20.502,200
1998-11-05,23:59:59,26.099,200
1999-04-06,23:59:59,10.142,200
2000-09-01,23:59:59,18.447,200
2000-09-19,23:59:59,11.421,200
2003-07-28,23:59:59,17.659,200
2004-11-13,23:59:59,13.357,200
2005-11-20,23:59:59,6.934,200
2008-01-31,23:59:59,9.203,200
2009-02-07,23:59:59,8.955,200
2009-03-11,23:59:59,14.191,200
2009-08-18,23:59:59,10.500,200
2009-12-04,23:59:59,12.615,200
2009-12-24,23:59:59,6.995,200
2010-01-05,23:59:59,17.429,200
2011-06-30,23:59:59,23.212,200
2011-10-04,23:59:59,21.482,200
2012-04-26,23:59:59,8.552,200
2014-02-12,23:59:59,22.787,200
2016-03-09,23:59:59,15.891,200
2016-08-08,23:59:59,25.104,200
2017-03-21,23:59:59,16.157,200
2017-12-29,23:59:59,6.536,200
2019-01-14,23:59:59,11.078,200
2019-02-19,23:59:59,11.867,200
2019-08-18,23:59:59,15.374,200
2020-05-07,23:59:59,6.016,200
2020-10-15,23:59:59,5.253,200
2020-11-20,23:59:59,7.864,200
2021-01-30,23:59:59,6.932,200
2022-02-03,23:59:59,7.231,200
2023-04-13,23:59:59,11.595,200
2023-09-28,23:59:59,10.270,200
2024-04-14,23:59:59,10.984,200
1980-02-25,23:59:59,17.792,200
1980-03-08,23:59:59,14.250,200
1980-05-02,23:59:59,9.557,200
1981-04-24,23:59:59,15.573,200
1981-06-29,23:59:59,12.712,200
1981-09-01,23:59:59,21.313,200
1982-10-03,23:59:59,10.129,200
1983-12-06,23:59:59,18.666,200
1985-01-10,23:59:59,17.413,200
1985-08-19,23:59:59,10.823,200
1988-03-09,23:59:59,11.943,200
1988-03-26,23:59:59,2.819,200
1988-05-27,23:59:59,12.269,200
1988-08-23,23:59:59,20.249,200
1988-09-21,23:59:59,21.096,200
1989-08-09,23:59:59,14.587,200
1989-08-16,23:59:59,12.186,200
1989-09-06,23:59:59,16.760,200
1989-11-01,23:59:59,13.064,200
1990-02-20,23:59:59,20.846,200
1990-07-26,23:59:59,20.478,200
1991-11-06,23:59:59,14.556,200
1991-11-18,23:59:59,17.799,200
1992-06-21,23:59:59,9.228,200
1992-10-16,23:59:59,16.057,200
1994-02-25,23:59:59,11.502,200
1994-08-15,23:59:59,24.529,200
1995-01-04,23:59:59,7.651,200
1995-10-12,23:59:59,24.251,200
1997-11-01,23:59:59,10.610,200
1998-02-16,23:59:59,14.618,200
1999-03-15,23:59:59,7.550,200
2000-01-15,23:59:59,7.860,200
2000-01-26,23:59:59,10.924,200
2000-03-07,23:59:59,10.075,200
2000-09-07,23:59:59,19.163,200
2001-02-28,23:59:59,16.156,200
2001-06-25,23:59:59,18.332,200
2003-06-21,23:59:59,11.804,200
2004-01-30,23:59:59,9.010,200
2004-04-11,23:59:59,6.592,200
2004-11-25,23:59:59,15.462,200
2007-06-29,23:59:59,20.554,200
2008-12-16,23:59:59,13.163,200
2009-03-31,23:59:59,15.179,200
2009-09-12,23:59:59,13.078,200
2010-04-28,23:59:59,7.174,200
2010-06-22,23:59:59,15.086,200
2010-12-14,23:59:59,13.371,200
2010-12-25,23:59:59,5.370,200
2011-03-14,23:59:59,14.000,200
2012-01-06,23:59:59,24.983,200
2014-11-14,23:59:59,14.141,200
2015-04-20,23:59:59,7.486,200
2015-05-14,23:59:59,9.326,200
2015-09-25,23:59:59,14.375,200
2015-10-06,23:59:59,17.454,200
2016-10-31,23:59:59,15.464,200
2017-04-18,23:59:59,26.866,200
2017-11-18,23:59:59,8.338,200
2018-02-16,23:59:59,14.337,200
2018-04-09,23:59:59,19.866,200
2018-07-18,23:59:59,19.375,200
2018-11-06,23:59:59,11.000,200
2019-11-09,23:59:59,6.252,200
2020-08-18,23:59:59,17.197,200
2020-11-28,23:59:59,9.726,200
2021-03-29,23:59:59,12.244,200
2021-06-21,23:59:59,4.634,200
2021-07-24,23:59:59,7.229,200
2021-11-03,23:59:59,15.302,200
2022-01-24,23:59:59,11.856,200
2022-06-13,23:59:59,5.648,200
2022-10-21,23:59:59,10.653,200
2022-11-15,23:59:59,19.390,200
2023-11-14,23:59:59,7.248,200
2023-12-29,23:59:59,5.232,200
2024-10-01,23:59:59,13.817,200
2024-10-25,23:59:59,4.320,200
2024-11-25,23:59:59,4.607,200
1980-06-17,23:59:59,19.070,200
1980-12-22,23:59:59,15.309,200
1981-01-20,23:59:59,16.867,200
1981-05-11,23:59:59,8.418,200
1982-07-05,23:59:59,15.755,200
1983-10-20,23:59:59,14.031,200
1983-12-02,23:59:59,18.814,200
1984-06-04,23:59:59,8.516,200
1985-01-03,23:59:59,20.253,200
1985-11-07,23:59:59,14.579,200
1985-11-25,23:59:59,10.368,200
1986-01-23,23:59:59,15.347,200
1986-05-19,23:59:59,7.503,200
1986-07-17,23:59:59,14.755,200
1986-07-31,23:59:59,22.377,200
1986-11-20,23:59:59,14.409,200
1986-12-08,23:59:59,17.329,200
1987-09-07,23:59:59,13.425,200
1989-05-22,23:59:59,15.089,200
1990-01-23,23:59:59,19.512,200
1990-09-12,23:59:59,22.914,200
1990-10-04,23:59:59,18.424,200
1991-04-19,23:59:59,7.248,200
1992-02-16,23:59:59,10.253,200
1992-10-06,23:59:59,19.949,200
1993-06-30,23:59:59,21.707,200
1993-12-04,23:59:59,7.578,200
1994-06-20,23:59:59,5.308,200
1995-11-01,23:59:59,22.227,200
1995-11-14,23:59:59,19.130,200
1996-10-28,23:59:59,18.292,200
1996-11-11,23:59:59,18.019,200
1997-07-08,23:59:59,17.788,200
1998-04-09,23:59:59,9.261,200
1998-10-03,23:59:59,14.322,200
1999-05-27,23:59:59,18.554,200
2000-01-14,23:59:59,10.571,200
2000-01-31,23:59:59,8.638,200
2000-05-01,23:59:59,7.781,200
2000-08-26,23:59:59,13.015,200
2001-07-24,23:59:59,13.434,200
2001-08-15,23:59:59,14.016,200
2002-08-16,23:59:59,11.186,200
2002-08-18,23:59:59,18.870,200
2002-12-05,23:59:59,8.142,200
2003-01-29,23:59:59,17.694,200
2003-03-08,23:59:59,7.243,200
2003-03-13,23:59:59,12.429,200
2004-06-09,23:59:59,17.546,200
2005-03-03,23:59:59,12.544,200
2005-07-30,23:59:59,16.496,200
2006-01-08,23:59:59,9.996,200
2006-04-18,23:59:59,7.190,200
2006-04-30,23:59:59,8.999,200
2006-08-10,23:59:59,17.970,200
2007-06-06,23:59:59,18.644,200
2007-10-29,23:59:59,22.448,200
2007-11-28,23:59:59,14.080,200
2007-12-13,23:59:59,12.694,200
2008-04-11,23:59:59,6.897,200
2009-09-07,23:59:59,17.048,200
2009-11-05,23:59:59,15.131,200
2010-03-28,23:59:59,7.744,200
2010-07-13,23:59:59,12.831,200
2011-01-20,23:59:59,11.829,200
2011-03-22,23:59:59,17.340,200
2011-04-19,23:59:59,17.120,200
2013-04-17,23:59:59,5.385,200
2013-07-02,23:59:59,8.980,200
2014-04-14,23:59:59,6.314,200
2014-05-30,23:59:59,13.415,200
2014-09-21,23:59:59,7.270,200
2014-11-10,23:59:59,8.663,200
2015-01-03,23:59:59,7.890,200
2015-03-06,23:59:59,13.355,200
2015-10-17,23:59:59,14.416,200
2016-06-10,23:59:59,8.118,200
2016-10-22,23:59:59,7.886,200
2017-02-02,23:59:59,19.562,200
2017-09-19,23:59:59,25.433,200
2017-10-16,23:59:59,25.230,200
2019-11-07,23:59:59,15.362,200
2019-11-11,23:59:59,14.226,200
2020-07-14,23:59:59,10.518,200
2021-09-22,23:59:59,9.739,200
2021-09-26,23:59:59,4.288,200
2022-02-10,23:59:59,13.855,200
2022-03-21,23:59:59,8.720,200
2022-04-27,23:59:59,13.747,200
2022-11-04,23:59:59,15.924,200
2023-10-26,23:59:59,7.555,200
1981-01-12,23:59:59,14.287,200
1982-03-30,23:59:59,13.833,200
1982-04-16,23:59:59,13.973,200
1982-06-07,23:59:59,11.192,200
1982-11-13,23:59:59,8.142,200
1982-11-15,23:59:59,13.550,200
1983-03-29,23:59:59,8.326,200
1983-12-15,23:59:59,17.807,200
1984-06-27,23:59:59,20.089,200
1985-01-27,23:59:59,4.135,200
1986-02-06,23:59:59,18.176,200
1986-03-27,23:59:59,12.179,200
1986-06-03,23:59:59,11.793,200
1987-09-06,23:59:59,6.190,200
1987-09-14,23:59:59,10.580,200
1987-11-14,23:59:59,10.538,200
1988-01-09,23:59:59,14.674,200
1988-02-21,23:59:59,10.052,200
1989-03-05,23:59:59,12.482,200
1989-04-27,23:59:59,14.706,200
1989-06-28,23:59:59,20.263,200
1990-03-23,23:59:59,11.643,200
1990-10-21,23:59:59,10.103,200
1991-01-01,23:59:59,7.808,200
1991-08-14,23:59:59,17.944,200
1992-07-11,23:59:59,8.697,200
1993-05-22,23:59:59,7.658,200
1993-06-21,23:59:59,20.649,200
1993-07-07,23:59:59,20.878,200
1993-07-18,23:59:59,18.364,200
1994-08-01,23:59:59,19.951,200
1994-08-05,23:59:59,11.313,200
1994-10-21,23:59:59,24.332,200
1995-04-05,23:59:59,11.339,200
1995-06-09,23:59:59,18.993,200
1995-12-20,23:59:59,21.656,200
1996-01-20,23:59:59,19.983,200
1996-10-29,23:59:59,22.373,200
1996-10-31,23:59:59,21.379,200
1996-12-26,23:59:59,15.277,200
1997-03-22,23:59:59,8.678,200
1998-02-04,23:59:59,18.118,200
1998-02-22,23:59:59,11.127,200
1998-04-05,23:59:59,7.419,200
1998-07-17,23:59:59,19.037,200
1998-12-25,23:59:59,7.818,200
1998-12-27,23:59:59,11.121,200
2001-04-26,23:59:59,11.664,200
2002-04-20,23:59:59,4.527,200
2003-03-01,23:59:59,9.475,200
2004-02-23,23:59:59,25.958,200
2004-12-06,23:59:59,14.280,200
2008-10-05,23:59:59,18.864,200
2009-01-07,23:59:59,9.271,200
2009-05-19,23:59:59,15.709,200
2010-06-28,23:59:59,12.343,200
2010-12-06,23:59:59,11.012,200
2011-02-27,23:59:59,7.708,200
2012-03-27,23:59:59,16.872,200
2012-11-06,23:59:59,23.626,200
2012-11-18,23:59:59,18.404,200
2017-05-09,23:59:59,18.911,200
2017-06-07,23:59:59,23.128,200
2018-08-21,23:59:59,23.450,200
2019-12-25,23:59:59,5.115,200
2021-03-27,23:59:59,5.971,200
2021-11-28,23:59:59,12.290,200
2021-12-07,23:59:59,18.232,200
2022-02-06,23:59:59,5.833,200
2023-02-09,23:59:59,26.035,200
2023-02-20,23:59:59,14.300,200
2024-02-13,23:59:59,19.229,200
2024-10-10,23:59:59,11.230,200
2024-12-14,23:59:59,6.815,200
1980-01-30,23:59:59,21.981,200
1980-02-02,23:59:59,15.964,200
1981-03-05,23:59:59,15.406,200
1981-09-10,23:59:59,20.111,200
1981-09-23,23:59:59,19.811,200
1981-12-31,23:59:59,11.273,200
1982-01-01,23:59:59,5.864,200
1982-01-29,23:59:59,18.216,200
1982-03-21,23:59:59,7.859,200
1982-10-02,23:59:59,9.687,200
1983-05-01,23:59:59,7.582,200
1983-10-06,23:59:59,3.589,200
1984-01-12,23:59:59,15.042,200
1984-04-13,23:59:59,10.512,200
1984-07-24,23:59:59,7.133,200
1985-04-02,23:59:59,20.846,200
1985-09-29,23:59:59,3.936,200
1987-06-04,23:59:59,14.391,200
1989-05-02,23:59:59,12.044,200
1989-07-21,23:59:59,18.104,200
1989-09-03,23:59:59,11.552,200
1990-01-02,23:59:59,8.630,200
1990-08-13,23:59:59,15.872,200
1990-08-20,23:59:59,21.018,200
1990-09-17,23:59:59,22.432,200
1990-10-25,23:59:59,17.789,200
1991-04-15,23:59:59,9.443,200
1991-08-28,23:59:59,21.934,200
1992-04-18,23:59:59,3.809,200
1993-02-09,23:59:59,6.949,200
1993-04-24,23:59:59,8.504,200
1993-09-19,23:59:59,7.473,200
1994-07-31,23:59:59,13.291,200
1995-07-01,23:59:59,12.339,200
1995-07-19,23:59:59,18.160,200
1996-09-01,23:59:59,24.017,200
1997-05-31,23:59:59,5.424,200
1998-08-08,23:59:59,20.837,200
1998-10-28,23:59:59,24.028,200
1999-08-13,23:59:59,13.900,200
1999-09-16,23:59:59,13.228,200
2000-08-31,23:59:59,15.822,200
2000-10-05,23:59:59,14.000,200
2000-12-01,23:59:59,16.142,200
2000-12-20,23:59:59,17.676,200
2001-09-21,23:59:59,12.107,200
2002-06-15,23:59:59,8.566,200
2002-07-25,23:59:59,24.488,200
2002-08-02,23:59:59,19.483,200
2003-08-30,23:59:59,10.040,200
2004-09-21,23:59:59,20.719,200
2005-05-05,23:59:59,8.224,200
2005-07-05,23:59:59,17.566,200
2006-01-02,23:59:59,7.562,200
2006-04-26,23:59:59,7.970,200
2006-07-13,23:59:59,14.003,200
2006-12-07,23:59:59,19.698,200
2008-02-22,23:59:59,13.154,200
2009-08-04,23:59:59,8.477,200
2010-07-22,23:59:59,12.406,200
2011-10-21,23:59:59,11.204,200
2012-02-22,23:59:59,15.279,200
2013-03-03,23:59:59,6.703,200
2014-01-04,23:59:59,11.221,200
2014-07-10,23:59:59,7.091,200
2014-08-16,23:59:59,15.842,200
2014-09-01,23:59:59,17.715,200
2014-09-17,23:59:59,7.443,200
2014-12-14,23:59:59,9.595,200
2014-12-30,23:59:59,9.147,200
2015-05-29,23:59:59,10.850,200
2015-06-26,23:59:59,14.857,200
2016-08-07,23:59:59,15.992,200
2016-10-09,23:59:59,25.425,200
2017-05-28,23:59:59,25.052,200
2017-08-18,23:59:59,11.298,200
2017-09-03,23:59:59,15.448,200
2018-08-16,23:59:59,16.514,200
2018-11-04,23:59:59,8.105,200
2018-11-14,23:59:59,10.537,200
2019-05-24,23:59:59,8.126,200
2019-12-03,23:59:59,16.715,200
2021-02-01,23:59:59,14.279,200
2021-04-01,23:59:59,8.063,200
2021-07-17,23:59:59,4.478,200
2021-08-10,23:59:59,21.016,200
2022-01-26,23:59:59,16.001,200
2023-05-22,23:59:59,24.703,200
2023-08-01,23:59:59,10.490,200
2023-09-25,23:59:59,4.472,200
2023-12-07,23:59:59,11.340,200
2024-11-13,23:59:59,18.615,200
2024-12-31,23:59:59,5.910,200
1980-11-08,23:59:59,14.969,200
1980-12-20,23:59:59,4.850,200
1982-01-27,23:59:59,19.359,200
1983-02-26,23:59:59,10.670,200
1983-08-13,23:59:59,4.723,200
1983-12-24,23:59:59,11.668,200
1984-03-14,23:59:59,13.385,200
1984-04-05,23:59:59,18.532,200
1984-10-24,23:59:59,11.851,200
1985-05-27,23:59:59,16.129,200
1985-11-02,23:59:59,7.785,200
1986-02-07,23:59:59,17.401,200
1986-10-24,23:59:59,16.317,200
1987-08-24,23:59:59,15.083,200
1987-10-29,23:59:59,4.591,200
1988-05-10,23:59:59,3.070,200
1988-09-05,23:59:59,18.680,200
1989-09-14,23:59:59,18.447,200
1989-11-16,23:59:59,14.759,200
1991-02-08,23:59:59,14.268,200
1991-06-03,23:59:59,13.668,200
1991-12-25,23:59:59,9.383,200
1993-01-15,23:59:59,8.532,200
1993-11-15,23:59:59,5.410,200
1997-02-17,23:59:59,13.973,200
1997-03-06,23:59:59,10.968,200
1997-10-24,23:59:59,16.966,200
1998-06-22,23:59:59,11.064,200
1999-04-27,23:59:59,19.075,200
1999-05-03,23:59:59,10.899,200
1999-07-21,23:59:59,13.263,200
1999-08-05,23:59:59,8.505,200
2000-08-18,23:59:59,13.316,200
2000-10-13,23:59:59,12.838,200
2000-11-03,23:59:59,13.630,200
2001-02-09,23:59:59,13.928,200
2002-04-22,23:59:59,10.787,200
2002-08-30,23:59:59,22.220,200
2005-09-08,23:59:59,10.402,200
2005-09-18,23:59:59,5.496,200
2005-10-15,23:59:59,19.527,200
2005-12-20,23:59:59,4.849,200
2006-08-02,23:59:59,17.177,200
2006-10-15,23:59:59,10.721,200
2009-06-28,23:59:59,9.726,200
2010-04-19,23:59:59,9.175,200
2010-09-07,23:59:59,8.050,200
2010-10-09,23:59:59,26.655,200
2011-02-11,23:59:59,10.133,200
2011-07-23,23:59:59,24.629,200
2011-10-09,23:59:59,8.987,200
2012-03-14,23:59:59,17.540,200
2012-06-15,23:59:59,17.848,200
2013-05-09,23:59:59,9.337,200
2013-08-09,23:59:59,9.169,200
2014-12-26,23:59:59,6.600,200
2015-04-14,23:59:59,12.520,200
2015-08-15,23:59:59,14.901,200
2016-10-28,23:59:59,11.574,200
2016-11-13,23:59:59,11.543,200
2020-05-01,23:59:59,6.682,200
2020-07-13,23:59:59,8.583,200
2020-10-10,23:59:59,11.922,200
2021-06-25,23:59:59,6.091,200
2021-11-07,23:59:59,10.968,200
2022-12-07,23:59:59,21.784,200
2022-12-27,23:59:59,26.027,200
2023-05-06,23:59:59,11.270,200
2024-03-06,23:59:59,17.140,200
2024-05-12,23:59:59,16.589,200
2024-05-28,23:59:59,12.068,200
2024-09-06,23:59:59,4.415,200
2024-11-15,23:59:59,4.476,200
1980-04-29,23:59:59,6.750,200
1981-01-03,23:59:59,6.551,200
1981-01-14,23:59:59,12.882,200
1982-08-19,23:59:59,16.474,200
1983-02-19,23:59:59,7.882,200
1984-01-05,23:59:59,18.319,200
1984-02-02,23:59:59,16.866,200
1984-02-08,23:59:59,13.560,200
1984-02-10,23:59:59,13.495,200
1984-09-15,23:59:59,7.556,200
1987-02-04,23:59:59,12.287,200
1987-02-23,23:59:59,8.066,200
1987-04-28,23:59:59,12.286,200
1987-12-17,23:59:59,16.480,200
1988-01-31,23:59:59,14.482,200
1988-06-17,23:59:59,14.290,200
1988-08-09,23:59:59,12.657,200
1988-09-10,23:59:59,17.297,200
1988-12-11,23:59:59,20.235,200
1989-09-26,23:59:59,18.544,200
1990-04-09,23:59:59,18.447,200
1990-06-10,23:59:59,19.056,200
1992-04-12,23:59:59,5.437,200
1993-04-30,23:59:59,6.127,200
1993-10-09,23:59:59,10.053,200
1994-11-22,23:59:59,24.651,200
1995-03-15,23:59:59,12.658,200
1995-05-04,23:59:59,22.314,200
1996-04-10,23:59:59,4.380,200
1997-03-10,23:59:59,7.369,200
1997-04-29,23:59:59,7.229,200
1998-01-24,23:59:59,10.322,200
1999-02-20,23:59:59,9.493,200
1999-09-29,23:59:59,15.583,200
2000-04-11,23:59:59,6.581,200
2001-07-08,23:59:59,10.203,200
2001-11-16,23:59:59,5.658,200
2002-03-07,23:59:59,10.566,200
2002-04-04,23:59:59,11.412,200
2002-04-10,23:59:59,12.308,200
2002-11-30,23:59:59,10.673,200
2003-12-21,23:59:59,11.248,200
2004-02-04,23:59:59,22.051,200
2005-05-31,23:59:59,13.536,200
2005-07-17,23:59:59,12.064,200
2005-09-20,23:59:59,11.503,200
2005-12-31,23:59:59,5.324,200
2007-06-16,23:59:59,11.799,200
2008-04-05,23:59:59,5.562,200
2010-06-08,23:59:59,9.438,200
2010-07-23,23:59:59,10.325,200
2010-09-09,23:59:59,17.118,200
2011-03-26,23:59:59,8.665,200
2012-01-07,23:59:59,24.882,200
2012-09-11,23:59:59,12.344,200
2013-07-29,23:59:59,13.646,200
2013-09-08,23:59:59,7.821,200
2013-11-22,23:59:59,12.541,200
2014-01-06,23:59:59,7.624,200
2014-01-16,23:59:59,11.434,200
2014-01-18,23:59:59,8.627,200
2014-02-02,23:59:59,12.017,200
2015-04-24,23:59:59,14.386,200
2015-04-26,23:59:59,6.067,200
2015-06-13,23:59:59,10.820,200
2015-07-24,23:59:59,11.555,200
2015-07-28,23:59:59,13.018,200
2015-08-25,23:59:59,15.706,200
2015-10-12,23:59:59,16.511,200
2015-12-19,23:59:59,8.489,200
2016-05-27,23:59:59,5.814,200
2016-09-07,23:59:59,15.570,200
2017-09-05,23:59:59,23.729,200
2018-03-27,23:59:59,12.864,200
2019-04-26,23:59:59,6.792,200
2021-10-14,23:59:59,14.279,200
2021-10-19,23:59:59,5.202,200
2021-12-12,23:59:59,7.129,200
2022-01-05,23:59:59,11.870,200
2022-01-07,23:59:59,12.241,200
2022-01-08,23:59:59,11.342,200
2023-06-04,23:59:59,24.468,200
2023-07-30,23:59:59,22.226,200
2023-12-19,23:59:59,16.605,200
2024-06-16,23:59:59,6.901,200
2024-06-28,23:59:59,12.355,200
1980-05-26,23:59:59,12.550,200
1980-08-23,23:59:59,17.737,200
1980-10-14,23:59:59,16.720,200
1981-02-17,23:59:59,17.587,200
1981-04-13,23:59:59,11.939,200
1982-06-16,23:59:59,18.534,200
1982-07-31,23:59:59,4.485,200
1983-10-04,23:59:59,12.630,200
1983-11-11,23:59:59,22.530,200
1986-12-28,23:59:59,9.454,200
1987-04-15,23:59:59,15.766,200
1987-05-18,23:59:59,12.474,200
1987-06-07,23:59:59,14.203,200
1987-06-08,23:59:59,14.480,200
1988-09-29,23:59:59,21.234,200
1988-11-18,23:59:59,22.663,200
1989-11-25,23:59:59,3.119,200
1990-02-25,23:59:59,19.702,200
1990-05-13,23:59:59,5.899,200
1990-08-29,23:59:59,23.434,200
1991-05-18,23:59:59,7.750,200
1991-08-20,23:59:59,21.728,200
1991-10-02,23:59:59,18.381,200
1992-05-28,23:59:59,11.327,200
1992-11-22,23:59:59,15.737,200
1996-02-29,23:59:59,20.350,200
1996-06-15,23:59:59,16.831,200
1997-05-16,23:59:59,10.119,200
1997-08-02,23:59:59,16.520,200
1997-10-01,23:59:59,10.103,200
1998-01-05,23:59:59,17.479,200
1998-03-06,23:59:59,9.471,200
1998-03-18,23:59:59,12.311,200
1998-12-18,23:59:59,14.963,200
1999-05-10,23:59:59,6.962,200
1999-06-17,23:59:59,18.992,200
1999-06-28,23:59:59,19.065,200
2000-12-22,23:59:59,9.775,200
2001-03-09,23:59:59,12.290,200
2002-01-20,23:59:59,17.953,200
2002-06-10,23:59:59,15.162,200
2003-03-14,23:59:59,9.035,200
2003-06-20,23:59:59,14.326,200
2004-09-07,23:59:59,22.003,200
2005-01-02,23:59:59,13.288,200
2005-03-16,23:59:59,12.839,200
2005-10-03,23:59:59,4.771,200
2006-10-31,23:59:59,18.323,200
2006-12-08,23:59:59,18.805,200
2008-01-08,23:59:59,9.870,200
2008-02-01,23:59:59,10.833,200
2008-12-28,23:59:59,7.129,200
2010-02-26,23:59:59,22.147,200
2010-09-10,23:59:59,26.193,200
2010-10-30,23:59:59,10.577,200
2011-04-04,23:59:59,16.110,200
2012-08-25,23:59:59,15.525,200
2012-09-04,23:59:59,18.413,200
2012-12-26,23:59:59,8.817,200
2013-08-01,23:59:59,11.247,200
2013-08-08,23:59:59,7.728,200
2013-09-10,23:59:59,10.078,200
2014-07-29,23:59:59,12.724,200
2014-11-08,23:59:59,6.830,200
2014-12-22,23:59:59,11.255,200
2015-11-26,23:59:59,15.441,200
2016-01-02,23:59:59,7.418,200
2016-04-12,23:59:59,9.832,200
2016-04-14,23:59:59,7.309,200
2016-07-25,23:59:59,15.933,200
2016-08-26,23:59:59,16.803,200
2018-03-30,23:59:59,9.923,200
2018-04-22,23:59:59,7.978,200
2018-07-09,23:59:59,19.660,200
2019-03-28,23:59:59,6.366,200
2019-08-09,23:59:59,11.447,200
2020-06-05,23:59:59,6.178,200
2020-09-15,23:59:59,8.072,200
2021-07-04,23:59:59,9.885,200
2021-09-09,23:59:59,15.839,200
2021-10-12,23:59:59,9.318,200
2022-03-07,23:59:59,14.119,200
2024-01-06,23:59:59,9.453,200
2024-08-30,23:59:59,4.491,200
1981-02-19,23:59:59,14.626,200
1981-05-25,23:59:59,15.847,200
1981-08-30,23:59:59,16.394,200
1981-09-25,23:59:59,17.106,200
1982-04-07,23:59:59,11.817,200
1982-07-17,23:59:59,10.099,200
1982-12-22,23:59:59,5.035,200
1983-03-21,23:59:59,7.643,200
1983-07-18,23:59:59,11.348,200
1983-10-12,23:59:59,10.949,200
1984-12-10,23:59:59,14.022,200
1985-08-01,23:59:59,6.294,200
1986-01-12,23:59:59,24.898,200
1986-03-13,23:59:59,7.718,200
1986-05-31,23:59:59,7.208,200
1986-09-08,23:59:59,16.532,200
1986-12-23,23:59:59,6.530,200
1987-05-01,23:59:59,15.553,200
1988-12-23,23:59:59,16.303,200
1988-12-24,23:59:59,13.861,200
1989-01-24,23:59:59,22.826,200
1989-11-29,23:59:59,13.316,200
1990-10-29,23:59:59,19.103,200
1990-12-06,23:59:59,19.926,200
1991-02-11,23:59:59,16.469,200
1992-03-04,23:59:59,15.591,200
1993-07-31,23:59:59,10.773,200
1994-03-04,23:59:59,10.512,200
1994-03-29,23:59:59,7.220,200
1994-08-20,23:59:59,23.607,200
1994-11-20,23:59:59,24.977,200
1995-04-14,23:59:59,10.316,200
1995-07-30,23:59:59,21.973,200
1996-03-01,23:59:59,21.133,200
1996-10-06,23:59:59,22.948,200
1996-11-26,23:59:59,15.553,200
1997-07-30,23:59:59,20.390,200
1998-05-23,23:59:59,6.787,200
1998-07-22,23:59:59,26.664,200
1998-08-27,23:59:59,16.103,200
1998-10-04,23:59:59,16.894,200
1999-01-01,23:59:59,6.800,200
1999-04-04,23:59:59,9.353,200
1999-04-12,23:59:59,11.081,200
1999-10-30,23:59:59,11.551,200
2000-01-20,23:59:59,20.577,200
2000-04-12,23:59:59,7.496,200
2001-01-31,23:59:59,14.599,200
2001-03-04,23:59:59,7.571,200
2001-07-06,23:59:59,8.836,200
2001-07-11,23:59:59,13.758,200
2001-07-25,23:59:59,14.257,200
2001-11-04,23:59:59,5.823,200
2003-07-03,23:59:59,15.432,200
2004-03-03,23:59:59,27.401,200
2004-04-01,23:59:59,19.861,200
2004-10-10,23:59:59,14.402,200
2005-02-15,23:59:59,14.785,200
2005-03-05,23:59:59,7.132,200
2006-08-23,23:59:59,22.103,200
2008-10-24,23:59:59,7.567,200
2008-11-01,23:59:59,19.614,200
2011-04-06,23:59:59,14.389,200
2011-10-13,23:59:59,12.668,200
2011-12-29,23:59:59,11.632,200
2012-03-28,23:59:59,14.963,200
2012-04-10,23:59:59,16.299,200
2012-06-05,23:59:59,10.663,200
2012-09-17,23:59:59,8.969,200
2012-10-09,23:59:59,24.096,200
2013-02-14,23:59:59,7.105,200
2013-03-01,23:59:59,8.506,200
2013-08-28,23:59:59,10.117,200
2014-09-27,23:59:59,6.459,200
2015-08-19,23:59:59,20.245,200
2016-03-20,23:59:59,7.283,200
2016-10-27,23:59:59,13.875,200
2017-04-21,23:59:59,26.505,200
2017-07-07,23:59:59,23.084,200
2017-08-29,23:59:59,12.011,200
2018-04-16,23:59:59,17.969,200
2018-06-04,23:59:59,9.673,200
2018-06-12,23:59:59,16.814,200
2019-02-14,23:59:59,11.712,200
2019-11-16,23:59:59,9.155,200
2020-03-06,23:59:59,9.598,200
2020-04-15,23:59:59,11.368,200
2021-12-11,23:59:59,9.835,200
2023-02-18,23:59:59,12.990,200
2024-03-12,23:59:59,16.760,200
1980-01-26,23:59:59,22.761,200
1980-07-18,23:59:59,17.516,200
1980-09-03,23:59:59,9.922,200
1980-09-17,23:59:59,15.930,200
1981-12-10,23:59:59,9.381,200
1983-04-14,23:59:59,9.832,200
1983-09-12,23:59:59,11.544,200
1983-11-29,23:59:59,18.994,200
1985-02-23,23:59:59,10.673,200
1986-01-27,23:59:59,22.009,200
1986-04-10,23:59:59,11.822,200
1986-10-12,23:59:59,12.785,200
1986-11-13,23:59:59,11.576,200
1987-06-05,23:59:59,15.010,200
1987-06-18,23:59:59,14.852,200
1988-04-20,23:59:59,13.405,200
1988-06-22,23:59:59,16.904,200
1988-09-30,23:59:59,20.251,200
1989-11-18,23:59:59,10.131,200
1990-02-14,23:59:59,21.278,200
1991-11-21,23:59:59,20.452,200
1992-06-03,23:59:59,10.997,200
1992-09-14,23:59:59,23.004,200
1993-08-28,23:59:59,7.333,200
1993-09-04,23:59:59,10.255,200
1993-10-11,23:59:59,5.277,200
1994-06-05,23:59:59,5.136,200
1994-12-28,23:59:59,12.129,200
1995-05-15,23:59:59,23.614,200
1995-06-15,23:59:59,19.507,200
1995-10-14,23:59:59,24.192,200
1995-10-26,23:59:59,23.887,200
1996-01-28,23:59:59,10.796,200
1996-03-31,23:59:59,9.569,200
1996-05-30,23:59:59,21.705,200
1996-08-04,23:59:59,20.211,200
1996-11-15,23:59:59,12.415,200
1997-03-20,23:59:59,9.561,200
1997-08-07,23:59:59,20.101,200
1997-09-12,23:59:59,10.414,200
1998-08-29,23:59:59,22.298,200
1998-12-02,23:59:59,16.678,200
1998-12-17,23:59:59,17.850,200
1999-05-24,23:59:59,17.888,200
1999-09-21,23:59:59,16.802,200
1999-09-27,23:59:59,15.933,200
2000-06-21,23:59:59,18.276,200
2001-06-17,23:59:59,6.208,200
2002-01-17,23:59:59,10.475,200
2002-02-14,23:59:59,5.561,200
2002-08-03,23:59:59,19.113,200
2003-01-01,23:59:59,9.186,200
2003-02-06,23:59:59,13.444,200
2003-06-12,23:59:59,15.391,200
2004-08-18,23:59:59,24.271,200
2005-11-11,23:59:59,15.090,200
2006-08-09,23:59:59,15.453,200
2006-11-01,23:59:59,17.295,200
2006-11-17,23:59:59,19.195,200
2007-01-20,23:59:59,11.715,200
2007-02-22,23:59:59,15.273,200
2007-11-08,23:59:59,13.243,200
2008-04-03,23:59:59,7.364,200
2008-08-28,23:59:59,26.633,200
2008-11-08,23:59:59,15.103,200
2008-11-20,23:59:59,12.801,200
2008-12-12,23:59:59,10.307,200
2008-12-31,23:59:59,8.156,200
2009-12-19,23:59:59,13.064,200
2010-08-11,23:59:59,18.609,200
2012-08-31,23:59:59,18.341,200
2012-09-12,23:59:59,21.496,200
2012-10-12,23:59:59,23.828,200
2013-03-11,23:59:59,7.696,200
2014-02-07,23:59:59,16.965,200
2014-08-09,23:59:59,10.249,200
2015-01-09,23:59:59,8.159,200
2016-04-01,23:59:59,10.997,200
2016-12-09,23:59:59,14.030,200
2017-08-23,23:59:59,22.149,200
2017-09-15,23:59:59,25.224,200
2018-11-22,23:59:59,15.980,200
2019-09-27,23:59:59,16.368,200
2019-10-26,23:59:59,5.295,200
2020-10-05,23:59:59,11.294,200
2023-01-14,23:59:59,8.201,200
2023-06-09,23:59:59,24.105,200
2024-08-05,23:59:59,13.726,200
1981-10-29,23:59:59,20.191,200
1982-12-04,23:59:59,14.374,200
1983-03-13,23:59:59,8.591,200
1983-04-10,23:59:59,6.086,200
1983-04-27,23:59:59,6.058,200
1984-01-08,23:59:59,11.306,200
1984-08-22,23:59:59,13.622,200
1985-02-26,23:59:59,14.466,200
1987-01-07,23:59:59,13.913,200
1987-11-15,23:59:59,7.385,200
1988-07-04,23:59:59,11.083,200
1989-06-11,23:59:59,9.761,200
1989-08-01,23:59:59,19.888,200
1989-09-18,23:59:59,17.586,200
1989-10-19,23:59:59,17.341,200
1990-01-09,23:59:59,22.598,200
1991-02-04,23:59:59,14.115,200
1992-06-28,23:59:59,9.840,200
1992-09-23,23:59:59,22.487,200
1993-03-14,23:59:59,6.166,200
1993-07-22,23:59:59,9.393,200
1993-08-08,23:59:59,7.860,200
1997-08-05,23:59:59,20.180,200
1997-10-10,23:59:59,6.645,200
1997-11-20,23:59:59,14.012,200
1998-02-08,23:59:59,8.446,200
1999-03-17,23:59:59,11.373,200
2000-03-05,23:59:59,6.616,200
2000-08-01,23:59:59,14.765,200
2001-07-29,23:59:59,9.307,200
2002-02-17,23:59:59,7.558,200
2002-06-28,23:59:59,9.818,200
2002-11-24,23:59:59,9.793,200
2004-08-19,23:59:59,24.162,200
2005-10-28,23:59:59,17.655,200
2006-06-17,23:59:59,13.918,200
2006-07-31,23:59:59,19.728,200
2007-02-16,23:59:59,20.446,200
2007-12-30,23:59:59,7.821,200
2008-11-23,23:59:59,16.326,200
2009-03-18,23:59:59,18.628,200
2009-08-08,23:59:59,10.590,200
2011-07-01,23:59:59,22.658,200
2011-12-22,23:59:59,9.188,200
2012-01-01,23:59:59,14.243,200
2012-05-10,23:59:59,5.230,200
2012-09-28,23:59:59,12.040,200
2013-07-12,23:59:59,13.697,200
2013-11-28,23:59:59,20.423,200
2013-12-08,23:59:59,6.770,200
2014-06-23,23:59:59,13.201,200
2015-02-04,23:59:59,6.776,200
2015-05-24,23:59:59,15.152,200
2015-11-13,23:59:59,8.332,200
2015-12-18,23:59:59,10.971,200
2016-01-13,23:59:59,12.821,200
2016-11-30,23:59:59,16.094,200
2016-12-12,23:59:59,12.249,200
2017-04-20,23:59:59,26.642,200
2017-05-16,23:59:59,25.432,200
2017-09-20,23:59:59,25.404,200
2017-11-25,23:59:59,17.878,200
2018-01-08,23:59:59,6.885,200
2018-09-29,23:59:59,13.089,200
2022-03-20,23:59:59,7.632,200
2023-09-01,23:59:59,5.363,200
2023-11-05,23:59:59,10.766,200
2023-12-04,23:59:59,11.260,200
2024-02-19,23:59:59,12.825,200
2024-04-27,23:59:59,14.327,200
2024-08-15,23:59:59,5.872,200
1980-01-04,23:59:59,17.072,200
1980-04-09,23:59:59,8.692,200
1980-07-25,23:59:59,19.848,200
1980-12-10,23:59:59,20.784,200
1981-07-10,23:59:59,12.371,200
1981-07-30,23:59:59,15.772,200
1981-09-07,23:59:59,20.038,200
1981-10-20,23:59:59,19.249,200
1982-03-19,23:59:59,16.068,200
1982-04-13,23:59:59,14.484,200
1982-07-19,23:59:59,11.676,200
1982-10-15,23:59:59,10.692,200
1982-12-10,23:59:59,11.415,200
1984-01-03,23:59:59,10.387,200
1984-11-03,23:59:59,5.295,200
1985-04-26,23:59:59,10.832,200
1986-10-08,23:59:59,20.089,200
1987-09-04,23:59:59,8.082,200
1987-09-30,23:59:59,15.274,200
1987-11-23,23:59:59,6.808,200
1987-12-11,23:59:59,17.156,200
1988-10-25,23:59:59,24.334,200
1989-01-22,23:59:59,15.675,200
1991-08-31,23:59:59,17.938,200
1992-03-20,23:59:59,16.065,200
1992-06-20,23:59:59,4.615,200
1993-06-19,23:59:59,14.140,200
1994-01-19,23:59:59,14.304,200
1994-03-31,23:59:59,9.987,200
1996-05-31,23:59:59,18.228,200
1996-07-13,23:59:59,19.438,200
1996-09-16,23:59:59,25.580,200
1997-09-19,23:59:59,8.417,200
1999-07-01,23:59:59,18.733,200
2000-03-30,23:59:59,8.648,200
2001-01-08,23:59:59,12.844,200
2002-04-15,23:59:59,8.591,200
2003-03-07,23:59:59,11.333,200
2003-04-30,23:59:59,9.249,200
2004-07-18,23:59:59,9.102,200
2005-08-21,23:59:59,5.534,200
2005-12-28,23:59:59,7.018,200
2006-01-12,23:59:59,9.020,200
2006-05-13,23:59:59,18.291,200
2006-07-18,23:59:59,16.692,200
2006-07-29,23:59:59,19.943,200
2006-11-24,23:59:59,19.041,200
2006-12-17,23:59:59,8.127,200
2007-08-23,23:59:59,17.508,200
2008-02-17,23:59:59,7.952,200
2008-05-10,23:59:59,4.749,200
2008-09-18,23:59:59,25.869,200
2009-04-10,23:59:59,5.921,200
2009-06-10,23:59:59,14.826,200
2010-06-17,23:59:59,14.003,200
2012-08-28,23:59:59,17.753,200
2012-11-10,23:59:59,13.768,200
2012-12-14,23:59:59,13.135,200
2013-02-22,23:59:59,10.664,200
2013-08-10,23:59:59,7.772,200
2014-04-04,23:59:59,9.951,200
2014-08-01,23:59:59,6.656,200
2015-06-21,23:59:59,7.544,200
2015-07-25,23:59:59,13.385,200
2016-09-11,23:59:59,10.510,200
2018-01-01,23:59:59,5.973,200
2018-09-12,23:59:59,23.925,200
2019-01-04,23:59:59,5.177,200
2019-04-25,23:59:59,6.446,200
2020-05-04,23:59:59,5.585,200
2020-08-13,23:59:59,14.057,200
2021-03-16,23:59:59,16.240,200
2021-12-23,23:59:59,9.325,200
2021-12-25,23:59:59,5.830,200
2022-05-18,23:59:59,8.126,200
2023-01-02,23:59:59,9.756,200
2023-12-16,23:59:59,5.994,200
2024-06-09,23:59:59,8.209,200
1982-10-21,23:59:59,16.383,200
1982-12-18,23:59:59,8.349,200
1983-06-27,23:59:59,14.793,200
1983-11-21,23:59:59,20.146,200
1985-11-11,23:59:59,16.192,200
1986-06-21,23:59:59,14.699,200
1988-05-16,23:59:59,9.692,200
1990-07-27,23:59:59,19.181,200
1991-03-20,23:59:59,15.838,200
1991-08-27,23:59:59,20.739,200
1992-04-21,23:59:59,14.185,200
1992-05-03,23:59:59,8.978,200
1993-08-01,23:59:59,7.863,200
1994-02-03,23:59:59,11.245,200
1994-07-30,23:59:59,13.653,200
1994-08-16,23:59:59,24.563,200
1995-01-31,23:59:59,11.855,200
1995-09-07,23:59:59,4.621,200
1995-11-08,23:59:59,20.199,200
1995-11-21,23:59:59,21.650,200
1997-06-14,23:59:59,6.474,200
1997-07-07,23:59:59,15.892,200
1998-06-16,23:59:59,11.597,200
1998-08-05,23:59:59,23.549,200
1998-08-24,23:59:59,19.348,200
1998-08-26,23:59:59,13.347,200
1998-10-05,23:59:59,16.473,200
1999-09-14,23:59:59,17.346,200
2000-12-15,23:59:59,18.731,200
2000-12-24,23:59:59,6.652,200
2001-01-09,23:59:59,11.544,200
2002-01-11,23:59:59,14.962,200
2003-12-07,23:59:59,8.509,200
2003-12-20,23:59:59,10.906,200
2005-02-02,23:59:59,19.751,200
2005-04-06,23:59:59,12.089,200
2005-06-08,23:59:59,20.842,200
2005-12-05,23:59:59,17.290,200
2006-01-09,23:59:59,9.514,200
2006-06-01,23:59:59,19.371,200
2008-01-07,23:59:59,11.269,200
2008-01-29,23:59:59,16.916,200
2009-07-13,23:59:59,15.424,200
2009-09-02,23:59:59,12.771,200
2010-02-01,23:59:59,7.278,200
2012-04-11,23:59:59,14.010,200
2012-04-29,23:59:59,8.989,200
2012-05-08,23:59:59,6.956,200
2013-01-25,23:59:59,11.201,200
2013-09-07,23:59:59,7.686,200
2013-10-02,23:59:59,9.982,200
2014-02-13,23:59:59,16.772,200
2014-09-16,23:59:59,7.693,200
2015-11-29,23:59:59,7.364,200
2015-12-04,23:59:59,7.934,200
2015-12-09,23:59:59,13.700,200
2016-01-05,23:59:59,7.813,200
2016-06-04,23:59:59,10.317,200
2017-04-05,23:59:59,14.294,200
2017-11-08,23:59:59,20.060,200
2018-01-10,23:59:59,7.623,200
2018-03-07,23:59:59,16.418,200
2018-04-23,23:59:59,14.888,200
2018-06-21,23:59:59,18.118,200
2019-08-14,23:59:59,15.341,200
2021-02-10,23:59:59,8.997,200
2021-03-04,23:59:59,15.362,200
2023-01-26,23:59:59,22.991,200
2024-07-23,23:59:59,14.925,200
2024-09-14,23:59:59,15.729,200
2024-10-18,23:59:59,12.615,200
2024-11-14,23:59:59,10.069,200
1980-04-05,23:59:59,5.758,200
1981-03-29,23:59:59,6.632,200
1981-05-19,23:59:59,16.325,200
1981-12-14,23:59:59,12.642,200
1983-03-28,23:59:59,8.279,200
1983-07-20,23:59:59,11.418,200
1983-12-22,23:59:59,12.442,200
1984-05-15,23:59:59,11.565,200
1985-09-12,23:59:59,14.312,200
1986-03-26,23:59:59,12.365,200
1986-06-15,23:59:59,14.931,200
1986-12-04,23:59:59,17.482,200
1987-02-25,23:59:59,9.064,200
1987-12-24,23:59:59,13.520,200
1988-10-08,23:59:59,18.377,200
1989-04-14,23:59:59,18.591,200
1989-11-17,23:59:59,11.037,200
1990-01-28,23:59:59,17.606,200
1990-03-07,23:59:59,15.837,200
1990-10-31,23:59:59,20.427,200
1990-11-03,23:59:59,21.045,200
1990-11-17,23:59:59,5.651,200
1991-11-16,23:59:59,16.477,200
1994-04-18,23:59:59,7.228,200
1994-04-23,23:59:59,7.558,200
1994-06-13,23:59:59,4.399,200
1996-03-29,23:59:59,11.266,200
1996-04-28,23:59:59,7.103,200
1996-05-02,23:59:59,19.502,200
1996-07-18,23:59:59,14.381,200
1996-10-08,23:59:59,16.988,200
1997-08-06,23:59:59,20.225,200
1997-10-09,23:59:59,8.136,200
1997-10-31,23:59:59,18.107,200
1997-11-29,23:59:59,12.640,200
1998-09-19,23:59:59,17.602,200
1998-10-02,23:59:59,15.547,200
1998-11-24,23:59:59,19.120,200
1998-12-03,23:59:59,19.194,200
1999-11-03,23:59:59,16.874,200
2000-08-02,23:59:59,13.517,200
2000-08-09,23:59:59,18.258,200
2000-10-15,23:59:59,7.319,200
2001-05-22,23:59:59,14.634,200
2002-01-16,23:59:59,16.490,200
2002-07-07,23:59:59,6.584,200
2003-01-17,23:59:59,12.312,200
2004-05-07,23:59:59,9.622,200
2004-07-11,23:59:59,24.716,200
2005-01-23,23:59:59,10.642,200
2005-10-30,23:59:59,23.705,200
2005-11-01,23:59:59,20.986,200
2006-05-15,23:59:59,22.114,200
2006-06-25,23:59:59,17.831,200
2006-08-19,23:59:59,19.455,200
2007-06-03,23:59:59,5.431,200
2007-08-09,23:59:59,15.408,200
2008-02-29,23:59:59,6.640,200
2008-08-24,23:59:59,26.377,200
2008-09-11,23:59:59,25.851,200
2009-04-01,23:59:59,12.473,200
2010-03-08,23:59:59,7.377,200
2010-12-02,23:59:59,13.014,200
2011-02-13,23:59:59,7.364,200
2013-10-20,23:59:59,8.815,200
2013-11-12,23:59:59,11.525,200
2014-12-07,23:59:59,15.486,200
2015-07-06,23:59:59,15.910,200
2015-08-03,23:59:59,13.033,200
2015-10-27,23:59:59,13.917,200
2015-10-28,23:59:59,15.783,200
2016-04-07,23:59:59,10.378,200
2016-06-14,23:59:59,12.735,200
2017-11-23,23:59:59,17.647,200
2018-07-01,23:59:59,21.936,200
2018-08-07,23:59:59,21.120,200
2018-12-04,23:59:59,15.213,200
2019-02-15,23:59:59,12.105,200
2019-07-23,23:59:59,16.001,200
2020-06-14,23:59:59,8.933,200
2021-04-17,23:59:59,7.712,200
2021-05-27,23:59:59,10.990,200
2021-07-11,23:59:59,12.156,200
2021-07-20,23:59:59,13.324,200
2021-11-04,23:59:59,16.604,200
2023-10-21,23:59:59,7.512,200
2023-12-09,23:59:59,12.620,200
2024-03-25,23:59:59,6.236,200
2024-05-20,23:59:59,15.891,200
2024-12-10,23:59:59,4.818,200
1980-03-09,23:59:59,13.309,200
1980-04-24,23:59:59,13.683,200
1980-08-27,23:59:59,15.333,200
1980-10-10,23:59:59,17.970,200
1980-11-14,23:59:59,17.198,200
1981-12-28,23:59:59,5.779,200
1982-02-20,23:59:59,11.573,200
1982-03-16,23:59:59,18.092,200
1983-01-26,23:59:59,11.358,200
1983-03-23,23:59:59,8.373,200
1983-04-05,23:59:59,7.516,200
1983-12-11,23:59:59,6.939,200
1984-10-25,23:59:59,13.744,200
1985-03-22,23:59:59,12.379,200
1985-03-30,23:59:59,8.236,200
1985-04-04,23:59:59,16.504,200
1985-07-21,23:59:59,8.406,200
1985-11-24,23:59:59,9.713,200
1986-01-03,23:59:59,14.639,200
1986-02-19,23:59:59,17.932,200
1986-11-07,23:59:59,18.033,200
1987-01-21,23:59:59,11.004,200
1987-10-07,23:59:59,11.638,200
1988-01-20,23:59:59,15.888,200
1988-08-22,23:59:59,16.692,200
1989-01-25,23:59:59,23.898,200
1989-02-06,23:59:59,18.087,200
1991-02-03,23:59:59,8.347,200
1991-02-16,23:59:59,13.487,200
1991-04-06,23:59:59,10.771,200
1991-06-11,23:59:59,13.895,200
1992-06-06,23:59:59,7.629,200
1992-08-02,23:59:59,8.934,200
1992-09-08,23:59:59,23.361,200
1993-07-26,23:59:59,8.334,200
1994-01-24,23:59:59,15.094,200
1994-08-13,23:59:59,24.566,200
1995-04-13,23:59:59,13.263,200
1998-04-24,23:59:59,10.417,200
1998-04-28,23:59:59,10.888,200
1999-01-13,23:59:59,18.501,200
1999-03-27,23:59:59,10.343,200
1999-06-29,23:59:59,18.954,200
1999-08-29,23:59:59,11.622,200
1999-10-16,23:59:59,12.326,200
2001-11-22,23:59:59,13.879,200
2002-03-16,23:59:59,8.373,200
2002-03-18,23:59:59,15.236,200
2002-12-02,23:59:59,7.970,200
2003-01-20,23:59:59,12.475,200
2003-07-26,23:59:59,18.304,200
2004-03-22,23:59:59,19.167,200
2005-09-16,23:59:59,7.291,200
2005-11-05,23:59:59,13.818,200
2006-05-21,23:59:59,13.894,200
2006-06-29,23:59:59,23.171,200
2006-10-18,23:59:59,16.641,200
2007-03-05,23:59:59,15.857,200
2007-07-13,23:59:59,22.623,200
2008-06-17,23:59:59,7.948,200
2008-11-11,23:59:59,14.814,200
2008-11-22,23:59:59,12.143,200
2009-01-10,23:59:59,10.665,200
2009-02-17,23:59:59,8.877,200
2009-07-12,23:59:59,9.444,200
2010-04-23,23:59:59,6.913,200
2010-06-10,23:59:59,9.405,200
2011-06-15,23:59:59,23.635,200
2011-09-14,23:59:59,15.400,200
2011-12-03,23:59:59,11.054,200
2012-04-20,23:59:59,18.571,200
2012-05-07,23:59:59,12.255,200
2012-10-24,23:59:59,18.718,200
2013-09-25,23:59:59,10.445,200
2014-05-02,23:59:59,14.465,200
2014-07-01,23:59:59,5.786,200
2014-12-05,23:59:59,18.320,200
2015-05-23,23:59:59,10.259,200
2015-12-21,23:59:59,8.884,200
2017-03-03,23:59:59,13.999,200
2018-04-29,23:59:59,10.391,200
2018-06-25,23:59:59,22.291,200
2018-08-27,23:59:59,20.189,200
2019-04-12,23:59:59,5.588,200
2019-04-13,23:59:59,4.772,200
2019-11-28,23:59:59,14.277,200
2019-12-05,23:59:59,17.273,200
2020-08-07,23:59:59,8.674,200
2021-04-05,23:59:59,7.465,200
2021-04-11,23:59:59,8.373,200
2021-12-19,23:59:59,24.729,200
2022-06-19,23:59:59,13.435,200
2023-07-31,23:59:59,15.554,200
2023-09-09,23:59:59,8.920,200
1982-03-20,23:59:59,6.541,200
1982-10-31,23:59:59,3.304,200
1983-02-16,23:59:59,11.730,200
1983-03-11,23:59:59,8.570,200
1983-12-28,23:59:59,9.390,200
1984-01-29,23:59:59,6.006,200
1984-11-11,23:59:59,5.316,200
1984-11-14,23:59:59,17.843,200
1986-10-01,23:59:59,19.591,200
1986-10-09,23:59:59,17.365,200
1986-11-14,23:59:59,13.697,200
1986-11-18,23:59:59,17.198,200
1987-01-13,23:59:59,10.370,200
1987-03-28,23:59:59,9.761,200
1987-05-14,23:59:59,15.827,200
1987-07-14,23:59:59,14.403,200
1989-05-21,23:59:59,11.070,200
1989-09-05,23:59:59,15.092,200
1990-04-21,23:59:59,17.009,200
1990-07-24,23:59:59,14.738,200
1990-11-16,23:59:59,9.128,200
1991-10-23,23:59:59,21.079,200
1992-02-26,23:59:59,14.733,200
1992-06-14,23:59:59,5.154,200
1992-08-16,23:59:59,11.114,200
1992-11-12,23:59:59,21.431,200
1994-01-13,23:59:59,14.431,200
1994-05-13,23:59:59,5.653,200
1995-03-19,23:59:59,7.639,200
1997-07-12,23:59:59,10.731,200
1998-01-25,23:59:59,10.555,200
1998-02-28,23:59:59,8.566,200
1998-06-09,23:59:59,4.323,200
1998-08-22,23:59:59,20.552,200
1999-01-04,23:59:59,9.051,200
1999-11-15,23:59:59,15.277,200
2000-06-27,23:59:59,14.668,200
2000-10-21,23:59:59,8.396,200
2001-05-25,23:59:59,11.029,200
2001-08-10,23:59:59,10.267,200
2001-12-07,23:59:59,4.885,200
2002-08-29,23:59:59,22.378,200
2002-09-15,23:59:59,21.912,200
2003-01-12,23:59:59,14.791,200
2003-10-14,23:59:59,13.483,200
2004-06-10,23:59:59,21.771,200
2007-04-03,23:59:59,5.258,200
2007-09-27,23:59:59,16.281,200
2007-11-05,23:59:59,17.139,200
2008-11-13,23:59:59,15.772,200
2010-02-20,23:59:59,13.066,200
2011-01-14,23:59:59,16.210,200
2011-03-11,23:59:59,6.950,200
2012-02-25,23:59:59,13.950,200
2012-04-25,23:59:59,6.905,200
2012-10-14,23:59:59,23.906,200
2013-11-19,23:59:59,14.321,200
2013-12-10,23:59:59,17.211,200
2015-01-01,23:59:59,8.421,200
2015-06-10,23:59:59,11.479,200
2015-08-26,23:59:59,18.012,200
2016-09-23,23:59:59,15.866,200
2018-04-18,23:59:59,13.926,200
2018-07-02,23:59:59,19.928,200
2019-09-05,23:59:59,16.528,200
2019-11-27,23:59:59,11.340,200
2020-06-25,23:59:59,8.838,200
2021-04-29,23:59:59,14.437,200
2021-06-09,23:59:59,11.495,200
2023-05-13,23:59:59,25.202,200
2024-07-06,23:59:59,19.356,200
2024-10-03,23:59:59,11.486,200
1980-03-19,23:59:59,14.751,200
1981-01-07,23:59:59,11.735,200
1981-10-10,23:59:59,14.591,200
1982-01-12,23:59:59,17.140,200
1982-04-08,23:59:59,11.378,200
1982-05-19,23:59:59,18.212,200
1982-10-29,23:59:59,8.554,200
1983-09-01,23:59:59,7.178,200
1983-09-21,23:59:59,7.639,200
1983-11-19,23:59:59,15.877,200
1984-02-19,23:59:59,3.508,200
1985-03-13,23:59:59,13.268,200
1985-04-03,23:59:59,20.711,200
1986-03-05,23:59:59,18.010,200
1986-03-18,23:59:59,14.228,200
1986-08-03,23:59:59,22.225,200
1987-07-01,23:59:59,11.075,200
1988-10-12,23:59:59,21.498,200
1989-12-06,23:59:59,9.192,200
1992-02-29,23:59:59,14.278,200
1992-03-30,23:59:59,8.732,200
1993-03-27,23:59:59,6.372,200
1993-04-23,23:59:59,5.213,200
1994-06-21,23:59:59,4.773,200
1995-05-03,23:59:59,21.159,200
1995-10-20,23:59:59,24.201,200
1996-05-19,23:59:59,16.963,200
1997-07-11,23:59:59,13.430,200
1998-03-13,23:59:59,8.859,200
1998-05-24,23:59:59,5.134,200
1998-06-24,23:59:59,10.633,200
1999-06-03,23:59:59,19.676,200
2000-02-09,23:59:59,17.366,200
2000-03-10,23:59:59,15.770,200
2000-09-27,23:59:59,14.762,200
2001-06-04,23:59:59,15.123,200
2001-11-20,23:59:59,14.704,200
2002-08-13,23:59:59,17.680,200
2002-10-14,23:59:59,20.026,200
2003-02-21,23:59:59,9.229,200
2003-05-05,23:59:59,9.568,200
2003-10-05,23:59:59,13.113,200
2004-01-10,23:59:59,18.467,200
2004-07-13,23:59:59,23.962,200
2004-08-20,23:59:59,24.104,200
2004-09-13,23:59:59,17.252,200
2004-12-03,23:59:59,13.119,200
2006-04-14,23:59:59,5.906,200
2006-10-09,23:59:59,16.722,200
2007-12-06,23:59:59,10.733,200
2007-12-09,23:59:59,11.851,200
2008-03-13,23:59:59,10.554,200
2008-04-08,23:59:59,7.968,200
2008-04-20,23:59:59,6.507,200
2008-08-27,23:59:59,26.664,200
2009-06-12,23:59:59,7.408,200
2009-08-22,23:59:59,5.285,200
2010-01-22,23:59:59,5.834,200
2010-10-17,23:59:59,25.846,200
2011-10-06,23:59:59,14.869,200
2011-12-02,23:59:59,14.504,200
2012-07-18,23:59:59,14.418,200
2012-07-29,23:59:59,18.443,200
2013-09-12,23:59:59,8.829,200
2013-10-25,23:59:59,11.084,200
2014-03-12,23:59:59,10.137,200
2014-06-22,23:59:59,6.253,200
2014-08-19,23:59:59,15.191,200
2014-12-20,23:59:59,12.678,200
2015-09-17,23:59:59,19.882,200
2015-11-06,23:59:59,9.935,200
2016-01-04,23:59:59,7.684,200
2016-02-08,23:59:59,10.531,200
2016-06-15,23:59:59,7.478,200
2016-09-28,23:59:59,25.955,200
2017-06-06,23:59:59,20.602,200
2017-07-17,23:59:59,22.075,200
2017-12-02,23:59:59,11.515,200
2018-05-02,23:59:59,8.936,200
2018-10-29,23:59:59,17.906,200
2019-05-30,23:59:59,5.372,200
2019-06-17,23:59:59,11.632,200
2020-03-17,23:59:59,10.607,200
2020-07-01,23:59:59,17.232,200
2020-08-31,23:59:59,8.895,200
2020-09-02,23:59:59,17.878,200
2021-02-05,23:59:59,12.579,200
2021-05-25,23:59:59,9.987,200
2021-09-25,23:59:59,4.257,200
2021-10-09,23:59:59,4.669,200
2022-08-14,23:59:59,20.540,200
2023-12-18,23:59:59,11.934,200
2024-01-11,23:59:59,16.700,200
2024-03-09,23:59:59,6.572,200
1980-04-10,23:59:59,11.061,200
1980-04-27,23:59:59,9.992,200
1981-08-31,23:59:59,21.348,200
1983-10-29,23:59:59,11.378,200
1985-01-07,23:59:59,17.295,200
1985-10-22,23:59:59,12.776,200
1985-10-24,23:59:59,11.097,200
1985-12-19,23:59:59,17.955,200
1986-04-09,23:59:59,11.141,200
1986-10-25,23:59:59,15.251,200
1986-12-02,23:59:59,15.530,200
1986-12-19,23:59:59,9.420,200
1987-12-04,23:59:59,11.198,200
1988-06-09,23:59:59,11.671,200
1988-12-10,23:59:59,17.762,200
1989-04-24,23:59:59,16.863,200
1989-06-18,23:59:59,9.735,200
1991-05-26,23:59:59,13.719,200
1991-10-10,23:59:59,16.300,200
1992-03-03,23:59:59,18.389,200
1992-06-23,23:59:59,9.960,200
1992-07-27,23:59:59,8.661,200
1992-08-12,23:59:59,22.134,200
1992-09-30,23:59:59,22.072,200
1993-03-25,23:59:59,7.444,200
1993-08-16,23:59:59,9.601,200
1993-11-03,23:59:59,7.688,200
1994-01-25,23:59:59,17.110,200
1994-04-09,23:59:59,7.464,200
1994-10-29,23:59:59,23.511,200
1994-12-04,23:59:59,13.958,200
1995-11-19,23:59:59,17.603,200
1996-03-12,23:59:59,20.637,200
1997-08-13,23:59:59,8.819,200
1998-01-14,23:59:59,12.338,200
1998-07-26,23:59:59,26.604,200
1998-11-29,23:59:59,14.348,200
1999-03-24,23:59:59,7.977,200
1999-04-24,23:59:59,16.031,200
1999-05-31,23:59:59,14.744,200
1999-07-23,23:59:59,10.731,200
1999-11-12,23:59:59,7.499,200
2000-05-03,23:59:59,11.889,200
2000-12-31,23:59:59,6.093,200
2001-01-19,23:59:59,12.857,200
2001-10-29,23:59:59,7.835,200
2002-11-22,23:59:59,13.147,200
2003-07-11,23:59:59,20.274,200
2003-11-19,23:59:59,9.154,200
2004-01-15,23:59:59,10.374,200
2004-04-10,23:59:59,8.136,200
2004-08-26,23:59:59,23.756,200
2004-10-06,23:59:59,8.271,200
2004-10-11,23:59:59,14.083,200
2005-08-07,23:59:59,7.362,200
2006-02-03,23:59:59,21.685,200
2006-07-20,23:59:59,18.058,200
2006-08-05,23:59:59,15.747,200
2006-10-08,23:59:59,11.192,200
2006-11-08,23:59:59,9.055,200
2008-01-25,23:59:59,16.137,200
2008-07-05,23:59:59,16.054,200
2008-10-06,23:59:59,22.956,200
2010-03-27,23:59:59,7.299,200
2010-11-01,23:59:59,18.087,200
2010-11-30,23:59:59,16.220,200
2011-03-12,23:59:59,11.299,200
2011-09-25,23:59:59,11.031,200
2011-12-18,23:59:59,6.730,200
2012-07-22,23:59:59,13.640,200
2012-10-13,23:59:59,23.803,200
2013-04-02,23:59:59,5.248,200
2013-09-02,23:59:59,17.131,200
2014-10-08,23:59:59,10.432,200
2015-01-17,23:59:59,6.853,200
2016-02-03,23:59:59,12.576,200
2016-03-14,23:59:59,13.985,200
2016-04-06,23:59:59,10.178,200
2016-05-03,23:59:59,10.485,200
2016-08-15,23:59:59,18.767,200
2016-12-16,23:59:59,12.075,200
2017-01-11,23:59:59,12.808,200
2017-02-06,23:59:59,7.561,200
2017-03-12,23:59:59,7.169,200
2017-05-01,23:59:59,17.501,200
2017-06-14,23:59:59,13.941,200
2017-07-22,23:59:59,7.920,200
2018-09-27,23:59:59,23.002,200
2018-11-16,23:59:59,7.769,200
2019-05-15,23:59:59,10.455,200
2019-06-22,23:59:59,7.744,200
2019-10-11,23:59:59,8.989,200
2019-10-19,23:59:59,4.998,200
2020-09-26,23:59:59,3.044,200
2021-01-10,23:59:59,7.485,200
2021-03-25,23:59:59,14.589,200
2021-04-12,23:59:59,11.791,200
2021-08-06,23:59:59,11.077,200
2022-09-02,23:59:59,25.375,200
2022-12-20,23:59:59,26.525,200
2023-01-17,23:59:59,24.376,200
1981-05-22,23:59:59,10.694,200
1981-07-28,23:59:59,14.639,200
1982-07-13,23:59:59,16.593,200
1982-08-16,23:59:59,14.710,200
1982-09-05,23:59:59,12.480,200
1982-11-02,23:59:59,10.157,200
1983-09-16,23:59:59,14.552,200
1984-02-15,23:59:59,10.346,200
1985-03-16,23:59:59,3.493,200
1988-08-29,23:59:59,16.871,200
1992-07-19,23:59:59,11.837,200
1992-11-01,23:59:59,17.442,200
1993-02-28,23:59:59,9.558,200
1994-11-04,23:59:59,20.889,200
1995-02-13,23:59:59,11.131,200
1995-05-13,23:59:59,22.014,200
1995-05-23,23:59:59,21.456,200
1995-07-27,23:59:59,22.447,200
1996-02-26,23:59:59,14.996,200
1996-04-24,23:59:59,12.313,200
1996-10-27,23:59:59,17.775,200
1997-06-30,23:59:59,18.093,200
1998-02-06,23:59:59,11.789,200
1999-09-12,23:59:59,12.140,200
2000-07-12,23:59:59,16.324,200
2002-01-02,23:59:59,9.086,200
2002-10-29,23:59:59,11.870,200
2002-11-28,23:59:59,13.877,200
2002-12-24,23:59:59,6.500,200
2003-02-10,23:59:59,15.594,200
2003-04-13,23:59:59,10.124,200
2003-09-30,23:59:59,16.124,200
2003-10-17,23:59:59,9.640,200
2004-03-23,23:59:59,19.690,200
2004-04-13,23:59:59,16.165,200
2004-12-13,23:59:59,10.863,200
2005-02-08,23:59:59,16.782,200
2005-09-27,23:59:59,10.906,200
2006-03-07,23:59:59,14.030,200
2006-06-16,23:59:59,17.901,200
2006-06-30,23:59:59,23.070,200
2006-10-19,23:59:59,17.912,200
2007-06-12,23:59:59,18.284,200
2007-09-17,23:59:59,14.861,200
2008-07-09,23:59:59,21.043,200
2008-08-30,23:59:59,26.444,200
2009-10-17,23:59:59,18.241,200
2010-05-01,23:59:59,6.873,200
2011-07-20,23:59:59,24.774,200
2011-08-25,23:59:59,10.210,200
2012-07-03,23:59:59,22.068,200
2013-11-27,23:59:59,14.326,200
2014-01-28,23:59:59,14.526,200
2016-06-26,23:59:59,11.533,200
2017-02-01,23:59:59,18.386,200
2017-05-18,23:59:59,24.506,200
2017-10-21,23:59:59,5.759,200
2018-08-18,23:59:59,9.230,200
2018-10-01,23:59:59,17.309,200
2019-03-06,23:59:59,10.465,200
2019-08-27,23:59:59,13.856,200
2020-03-31,23:59:59,5.887,200
2021-12-03,23:59:59,14.750,200
2022-04-19,23:59:59,16.246,200
2022-05-16,23:59:59,12.709,200
2022-09-06,23:59:59,25.172,200
2023-03-27,23:59:59,13.354,200
2024-02-20,23:59:59,14.006,200
2024-02-26,23:59:59,18.067,200
1980-09-11,23:59:59,18.228,200
1980-10-28,23:59:59,17.530,200
1980-12-02,23:59:59,15.294,200
1981-05-17,23:59:59,9.100,200
1981-09-18,23:59:59,18.741,200
1982-03-01,23:59:59,13.972,200
1982-07-25,23:59:59,11.439,200
1982-10-28,23:59:59,10.498,200
1983-06-03,23:59:59,11.037,200
1984-02-20,23:59:59,9.519,200
1984-05-19,23:59:59,7.029,200
1984-07-04,23:59:59,17.287,200
1984-10-30,23:59:59,12.311,200
1986-01-28,23:59:59,21.971,200
1987-03-17,23:59:59,9.545,200
1987-08-18,23:59:59,12.137,200
1987-12-31,23:59:59,13.893,200
1988-04-18,23:59:59,14.756,200
1989-05-08,23:59:59,14.276,200
1989-07-13,23:59:59,15.196,200
1990-08-09,23:59:59,15.358,200
1990-09-13,23:59:59,22.848,200
1990-12-30,23:59:59,6.625,200
1992-05-14,23:59:59,13.817,200
1992-07-22,23:59:59,7.210,200
1992-12-12,23:59:59,12.004,200
1993-01-18,23:59:59,13.354,200
1995-04-07,23:59:59,10.890,200
1995-04-09,23:59:59,8.194,200
1996-12-29,23:59:59,17.440,200
1997-04-25,23:59:59,6.337,200
1997-05-24,23:59:59,4.552,200
1997-09-11,23:59:59,7.032,200
1997-11-18,23:59:59,12.725,200
1998-04-27,23:59:59,9.835,200
1998-07-30,23:59:59,26.158,200
1999-01-08,23:59:59,14.797,200
1999-01-21,23:59:59,16.178,200
2000-03-09,23:59:59,16.073,200
2000-06-19,23:59:59,17.228,200
2000-08-23,23:59:59,14.236,200
2000-11-01,23:59:59,19.985,200
2001-05-13,23:59:59,4.872,200
2001-11-18,23:59:59,6.577,200
2002-07-26,23:59:59,24.370,200
2003-03-02,23:59:59,5.778,200
2003-04-02,23:59:59,8.578,200
2003-08-15,23:59:59,15.837,200
2003-09-26,23:59:59,8.031,200
2004-02-21,23:59:59,26.012,200
2004-10-26,23:59:59,24.840,200
2004-10-28,23:59:59,19.157,200
2005-01-14,23:59:59,22.361,200
2005-07-24,23:59:59,5.562,200
2007-01-16,23:59:59,12.608,200
2007-01-18,23:59:59,9.215,200
2007-11-02,23:59:59,19.234,200
2009-03-22,23:59:59,12.771,200
2012-03-18,23:59:59,12.216,200
2012-08-29,23:59:59,17.689,200
2013-12-24,23:59:59,7.404,200
2014-08-22,23:59:59,10.753,200
2015-03-28,23:59:59,6.859,200
2015-04-27,23:59:59,10.761,200
2015-06-27,23:59:59,6.522,200
2015-07-10,23:59:59,22.394,200
2016-07-23,23:59:59,13.724,200
2016-11-11,23:59:59,11.744,200
2016-12-14,23:59:59,12.676,200
2018-02-15,23:59:59,8.177,200
2018-07-15,23:59:59,9.704,200
2018-08-06,23:59:59,21.731,200
2018-12-20,23:59:59,4.964,200
2019-07-19,23:59:59,13.384,200
2019-08-30,23:59:59,13.138,200
2019-11-18,23:59:59,15.014,200
2021-06-20,23:59:59,4.013,200
2021-11-10,23:59:59,18.270,200
2022-07-02,23:59:59,16.645,200
2022-10-30,23:59:59,4.873,200
2023-03-07,23:59:59,17.809,200
2023-03-13,23:59:59,10.814,200
2024-07-12,23:59:59,15.361,200
2024-10-26,23:59:59,4.546,200
1981-02-23,23:59:59,17.369,200
1981-12-01,23:59:59,12.229,200
1981-12-18,23:59:59,13.854,200
1981-12-24,23:59:59,3.231,200
1982-04-21,23:59:59,11.655,200
1982-08-24,23:59:59,9.998,200
1984-08-24,23:59:59,7.481,200
1985-11-20,23:59:59,16.857,200
1986-06-02,23:59:59,7.986,200
1986-07-16,23:59:59,15.978,200
1987-02-06,23:59:59,11.195,200
1987-02-27,23:59:59,7.514,200
1988-01-16,23:59:59,9.003,200
1988-06-08,23:59:59,11.897,200
1989-12-14,23:59:59,17.799,200
1990-08-30,23:59:59,22.810,200
1992-05-01,23:59:59,13.067,200
1993-04-08,23:59:59,7.020,200
1993-10-07,23:59:59,9.973,200
1993-12-05,23:59:59,5.749,200
1994-08-23,23:59:59,17.735,200
1995-01-26,23:59:59,11.632,200
1995-01-29,23:59:59,6.560,200
1995-10-15,23:59:59,19.601,200
1996-02-17,23:59:59,16.517,200
1997-09-10,23:59:59,10.817,200
1998-08-30,23:59:59,22.689,200
1999-02-06,23:59:59,15.634,200
1999-05-08,23:59:59,17.921,200
1999-10-24,23:59:59,13.321,200
1999-10-29,23:59:59,18.004,200
2000-11-13,23:59:59,16.543,200
2001-03-23,23:59:59,14.293,200
2001-09-27,23:59:59,10.787,200
2001-12-18,23:59:59,24.973,200
2002-04-18,23:59:59,11.405,200
2002-06-03,23:59:59,10.652,200
2003-05-10,23:59:59,5.713,200
2003-11-18,23:59:59,15.023,200
2004-01-07,23:59:59,8.697,200
2004-05-08,23:59:59,5.682,200
2004-07-22,23:59:59,25.092,200
2005-05-10,23:59:59,10.090,200
2005-05-17,23:59:59,12.962,200
2005-10-07,23:59:59,17.664,200
2005-10-16,23:59:59,16.238,200
2008-09-03,23:59:59,26.071,200
2009-03-23,23:59:59,16.129,200
2009-05-21,23:59:59,18.817,200
2009-08-07,23:59:59,11.632,200
2009-10-19,23:59:59,23.051,200
2010-08-25,23:59:59,18.230,200
2011-04-18,23:59:59,13.840,200
2011-09-24,23:59:59,6.654,200
2011-12-07,23:59:59,14.255,200
2012-11-04,23:59:59,12.341,200
2012-12-29,23:59:59,9.902,200
2013-09-29,23:59:59,14.551,200
2013-12-27,23:59:59,7.914,200
2014-05-03,23:59:59,6.932,200
2014-06-09,23:59:59,15.189,200
2014-10-30,23:59:59,10.429,200
2015-10-16,23:59:59,11.158,200
2017-05-22,23:59:59,25.405,200
2017-09-27,23:59:59,25.271,200
2017-12-17,23:59:59,11.138,200
2018-10-17,23:59:59,11.887,200
2019-03-09,23:59:59,5.341,200
2019-04-02,23:59:59,6.781,200
2019-05-08,23:59:59,10.417,200
2019-07-29,23:59:59,17.400,200
2020-01-01,23:59:59,5.413,200
2020-01-04,23:59:59,4.807,200
2020-06-09,23:59:59,10.570,200
2020-08-16,23:59:59,13.389,200
2021-07-26,23:59:59,7.080,200
2021-11-09,23:59:59,17.306,200
2022-02-02,23:59:59,14.296,200
2024-06-11,23:59:59,13.189,200
1980-02-09,23:59:59,19.320,200
1980-05-22,23:59:59,15.094,200
1982-03-24,23:59:59,12.646,200
1982-10-16,23:59:59,8.275,200
1983-01-30,23:59:59,7.980,200
1983-07-11,23:59:59,6.614,200
1983-12-13,23:59:59,17.896,200
1986-05-08,23:59:59,13.537,200
1986-05-28,23:59:59,5.507,200
1987-04-25,23:59:59,20.297,200
1987-06-20,23:59:59,14.735,200
1988-03-17,23:59:59,12.551,200
1989-06-27,23:59:59,20.261,200
1989-11-15,23:59:59,16.034,200
1990-02-07,23:59:59,20.797,200
1990-03-20,23:59:59,17.954,200
1990-10-28,23:59:59,18.540,200
1990-12-28,23:59:59,9.134,200
1991-01-17,23:59:59,13.860,200
1991-04-30,23:59:59,5.627,200
1992-06-17,23:59:59,8.124,200
1992-07-08,23:59:59,10.133,200
1992-08-18,23:59:59,19.969,200
1993-02-16,23:59:59,12.048,200
1993-09-08,23:59:59,7.369,200
1993-12-24,23:59:59,7.378,200
1994-04-22,23:59:59,7.237,200
1994-05-18,23:59:59,8.962,200
1994-07-13,23:59:59,22.856,200
1994-08-11,23:59:59,24.615,200
1994-10-18,23:59:59,24.580,200
1995-02-12,23:59:59,10.045,200
1995-07-03,23:59:59,18.163,200
1995-09-20,23:59:59,22.174,200
1995-11-05,23:59:59,17.689,200
1996-05-04,23:59:59,16.319,200
1996-10-14,23:59:59,24.214,200
1997-01-16,23:59:59,12.870,200
1997-01-25,23:59:59,18.726,200
1997-06-09,23:59:59,11.700,200
1997-10-13,23:59:59,15.565,200
1999-01-09,23:59:59,9.946,200
1999-02-16,23:59:59,17.350,200
2000-05-16,23:59:59,10.459,200
2002-03-20,23:59:59,10.698,200
2002-05-03,23:59:59,6.168,200
2002-05-04,23:59:59,10.184,200
2002-11-21,23:59:59,15.447,200
2003-04-09,23:59:59,11.003,200
2003-07-29,23:59:59,19.309,200
2003-12-16,23:59:59,12.946,200
2005-03-28,23:59:59,6.101,200
2006-07-16,23:59:59,13.117,200
2006-09-02,23:59:59,15.811,200
2008-01-30,23:59:59,12.356,200
2008-12-14,23:59:59,7.142,200
2009-01-05,23:59:59,10.614,200
2009-07-02,23:59:59,11.435,200
2010-12-10,23:59:59,9.177,200
2011-12-12,23:59:59,8.977,200
2012-03-20,23:59:59,15.962,200
2012-03-31,23:59:59,9.738,200
2012-11-02,23:59:59,14.812,200
2012-12-04,23:59:59,18.339,200
2014-04-18,23:59:59,6.974,200
2015-04-29,23:59:59,6.664,200
2015-11-25,23:59:59,12.833,200
2016-02-27,23:59:59,8.965,200
2016-12-02,23:59:59,12.117,200
2017-01-10,23:59:59,13.582,200
2017-10-02,23:59:59,25.258,200
2018-04-05,23:59:59,15.708,200
2018-11-13,23:59:59,12.512,200
2019-05-01,23:59:59,9.738,200
2020-12-03,23:59:59,15.204,200
2021-03-21,23:59:59,16.405,200
2022-08-03,23:59:59,24.897,200
2022-09-26,23:59:59,25.496,200
2023-04-09,23:59:59,8.848,200
2023-05-24,23:59:59,25.077,200
2024-02-21,23:59:59,16.097,200
1980-03-28,23:59:59,10.234,200
1980-04-13,23:59:59,7.312,200
1980-06-07,23:59:59,10.239,200
1980-12-31,23:59:59,13.129,200
1981-02-26,23:59:59,8.728,200
1981-04-04,23:59:59,12.023,200
1981-09-13,23:59:59,14.432,200
1981-10-13,23:59:59,18.399,200
1982-10-19,23:59:59,16.191,200
1983-01-31,23:59:59,13.054,200
1983-07-23,23:59:59,11.398,200
1984-02-28,23:59:59,10.634,200
1984-08-06,23:59:59,10.523,200
1984-11-07,23:59:59,9.737,200
1985-06-16,23:59:59,4.931,200
1986-09-25,23:59:59,21.542,200
1986-11-04,23:59:59,20.081,200
1987-12-21,23:59:59,17.495,200
1988-10-18,23:59:59,22.806,200
1989-01-21,23:59:59,16.484,200
1989-07-20,23:59:59,13.325,200
1990-12-24,23:59:59,7.099,200
1991-01-02,23:59:59,7.810,200
1993-07-23,23:59:59,8.995,200
1993-10-23,23:59:59,6.214,200
1994-02-04,23:59:59,10.102,200
1994-03-10,23:59:59,9.547,200
1995-06-20,23:59:59,21.435,200
1995-07-09,23:59:59,20.906,200
1995-11-02,23:59:59,23.682,200
1996-01-03,23:59:59,15.751,200
1997-09-14,23:59:59,5.588,200
2001-08-21,23:59:59,10.815,200
2002-04-05,23:59:59,9.392,200
2002-12-25,23:59:59,4.077,200
2003-06-08,23:59:59,4.529,200
2004-04-09,23:59:59,8.116,200
2007-10-27,23:59:59,16.652,200
2008-02-24,23:59:59,7.477,200
2009-01-02,23:59:59,5.230,200
2009-02-02,23:59:59,19.297,200
2009-09-21,23:59:59,18.011,200
2010-02-19,23:59:59,17.419,200
2011-12-27,23:59:59,8.445,200
2012-11-03,23:59:59,12.557,200
2013-02-08,23:59:59,11.633,200
2013-12-28,23:59:59,7.788,200
2015-10-19,23:59:59,8.611,200
2015-12-27,23:59:59,6.477,200
2016-01-27,23:59:59,10.160,200
2016-07-24,23:59:59,8.175,200
2017-12-03,23:59:59,11.390,200
2018-12-22,23:59:59,6.047,200
2019-03-08,23:59:59,7.878,200
2019-08-31,23:59:59,9.844,200
2020-02-13,23:59:59,11.878,200
2020-02-25,23:59:59,10.417,200
2020-06-29,23:59:59,4.381,200
2021-08-16,23:59:59,12.743,200
2021-09-28,23:59:59,11.559,200
2022-03-02,23:59:59,16.594,200
2022-07-05,23:59:59,19.857,200
2023-04-28,23:59:59,15.049,200
2023-06-30,23:59:59,14.132,200
2023-07-11,23:59:59,22.247,200
2023-07-22,23:59:59,18.980,200
2023-10-30,23:59:59,10.652,200
2024-04-03,23:59:59,14.876,200
2024-08-22,23:59:59,6.935,200
1980-01-13,23:59:59,13.956,200
1980-03-20,23:59:59,12.776,200
1983-03-04,23:59:59,8.337,200
1984-02-21,23:59:59,13.680,200
1984-03-25,23:59:59,15.244,200
1984-07-11,23:59:59,12.201,200
1984-10-08,23:59:59,17.389,200
1985-04-06,23:59:59,11.181,200
1985-04-12,23:59:59,8.565,200
1985-07-03,23:59:59,8.395,200
1985-08-03,23:59:59,10.751,200
1985-08-27,23:59:59,5.591,200
1986-02-22,23:59:59,10.683,200
1986-12-20,23:59:59,6.453,200
1987-01-23,23:59:59,6.017,200
1988-06-16,23:59:59,18.696,200
1988-07-25,23:59:59,17.514,200
1989-05-30,23:59:59,17.885,200
1989-11-14,23:59:59,15.502,200
1990-01-18,23:59:59,14.616,200
1990-02-04,23:59:59,9.125,200
1990-09-21,23:59:59,22.019,200
1993-01-06,23:59:59,18.702,200
1993-04-03,23:59:59,11.357,200
1993-06-04,23:59:59,18.883,200
1995-01-05,23:59:59,9.542,200
1995-04-20,23:59:59,19.185,200
1995-09-11,23:59:59,20.507,200
1995-11-11,23:59:59,14.078,200
1995-12-12,23:59:59,21.855,200
1996-04-01,23:59:59,5.034,200
1998-02-03,23:59:59,18.281,200
1998-04-20,23:59:59,10.153,200
1998-11-12,23:59:59,25.417,200
2000-12-26,23:59:59,5.804,200
2002-04-30,23:59:59,11.515,200
2002-11-09,23:59:59,11.665,200
2003-01-27,23:59:59,8.018,200
2003-02-18,23:59:59,11.491,200
2003-06-29,23:59:59,4.175,200
2004-01-29,23:59:59,13.466,200
2004-03-25,23:59:59,14.944,200
2007-01-17,23:59:59,13.619,200
2007-04-01,23:59:59,4.989,200
2007-12-04,23:59:59,18.071,200
2008-03-16,23:59:59,8.908,200
2008-06-18,23:59:59,10.835,200
2008-09-08,23:59:59,25.671,200
2008-11-05,23:59:59,24.651,200
2009-08-10,23:59:59,14.464,200
2009-09-03,23:59:59,13.590,200
2009-09-10,23:59:59,10.436,200
2009-09-19,23:59:59,7.632,200
2009-11-07,23:59:59,12.296,200
2009-11-30,23:59:59,16.129,200
2010-03-10,23:59:59,13.601,200
2010-07-24,23:59:59,7.671,200
2010-10-23,23:59:59,7.732,200
2012-02-12,23:59:59,9.187,200
2012-05-17,23:59:59,12.296,200
2012-12-30,23:59:59,7.438,200
2013-07-01,23:59:59,13.489,200
2014-05-25,23:59:59,6.817,200
2014-08-07,23:59:59,10.864,200
2016-04-29,23:59:59,7.982,200
2016-07-26,23:59:59,14.496,200
2016-10-14,23:59:59,13.629,200
2017-09-10,23:59:59,25.302,200
2017-12-31,23:59:59,8.613,200
2018-07-20,23:59:59,19.014,200
2018-09-04,23:59:59,24.578,200
2019-09-23,23:59:59,12.231,200
2019-12-20,23:59:59,4.766,200
2020-07-26,23:59:59,13.177,200
2020-09-28,23:59:59,3.040,200
2021-04-23,23:59:59,11.333,200
2021-06-10,23:59:59,7.527,200
2022-01-02,23:59:59,9.958,200
2022-09-14,23:59:59,25.412,200
2022-11-17,23:59:59,20.480,200
2024-04-20,23:59:59,15.496,200
2024-05-11,23:59:59,18.933,200
2024-09-29,23:59:59,11.909,200
1981-02-28,23:59:59,4.933,200
1981-06-16,23:59:59,15.601,200
1981-06-23,23:59:59,19.894,200
1981-08-05,23:59:59,20.934,200
1982-04-22,23:59:59,11.650,200
1982-05-11,23:59:59,17.649,200
1982-08-02,23:59:59,11.042,200
1984-01-10,23:59:59,16.674,200
1984-05-09,23:59:59,7.309,200
1986-04-02,23:59:59,8.704,200
1986-11-25,23:59:59,19.855,200
1987-08-07,23:59:59,11.646,200
1989-02-20,23:59:59,20.290,200
1989-06-26,23:59:59,8.505,200
1990-02-21,23:59:59,20.699,200
1991-02-25,23:59:59,15.500,200
1991-05-31,23:59:59,14.947,200
1992-01-26,23:59:59,12.582,200
1992-06-02,23:59:59,9.681,200
1993-05-28,23:59:59,19.223,200
1993-10-13,23:59:59,5.282,200
1994-05-14,23:59:59,7.397,200
1994-06-01,23:59:59,8.476,200
1994-07-28,23:59:59,15.244,200
1995-05-08,23:59:59,18.654,200
1996-01-26,23:59:59,22.840,200
1996-02-05,23:59:59,19.817,200
1996-02-25,23:59:59,15.457,200
1996-10-02,23:59:59,24.536,200
1997-06-21,23:59:59,6.101,200
1997-07-28,23:59:59,21.346,200
1998-08-12,23:59:59,25.504,200
2000-03-26,23:59:59,8.967,200
2000-05-15,23:59:59,7.082,200
2000-09-06,23:59:59,19.780,200
2001-12-01,23:59:59,4.879,200
2001-12-20,23:59:59,25.225,200
2002-01-06,23:59:59,15.133,200
2002-05-19,23:59:59,3.887,200
2003-01-03,23:59:59,7.520,200
2003-04-05,23:59:59,7.343,200
2004-02-20,23:59:59,26.039,200
2004-07-17,23:59:59,6.531,200
2004-07-30,23:59:59,24.625,200
2004-11-29,23:59:59,15.101,200
2005-02-06,23:59:59,13.388,200
2005-12-24,23:59:59,7.023,200
2006-04-29,23:59:59,16.954,200
2006-05-16,23:59:59,23.154,200
2007-12-21,23:59:59,4.933,200
2009-06-23,23:59:59,19.211,200
2009-10-05,23:59:59,16.474,200
2010-11-23,23:59:59,11.106,200
2010-12-29,23:59:59,7.528,200
2011-01-21,23:59:59,8.830,200
2013-02-26,23:59:59,11.546,200
2013-10-22,23:59:59,12.058,200
2013-10-27,23:59:59,10.431,200
2014-01-09,23:59:59,9.292,200
2014-07-04,23:59:59,6.728,200
2014-10-23,23:59:59,7.365,200
2016-01-18,23:59:59,15.775,200
2016-10-24,23:59:59,12.023,200
2016-12-17,23:59:59,6.771,200
2017-07-16,23:59:59,22.158,200
2017-08-14,23:59:59,18.130,200
2018-01-21,23:59:59,10.880,200
2018-07-28,23:59:59,7.046,200
2018-12-08,23:59:59,13.752,200
2019-01-22,23:59:59,11.042,200
2019-02-07,23:59:59,10.109,200
2020-03-14,23:59:59,12.480,200
2020-05-27,23:59:59,10.410,200
2020-09-27,23:59:59,3.047,200
2020-10-21,23:59:59,5.753,200
2020-11-21,23:59:59,3.945,200
2021-01-18,23:59:59,7.279,200
2021-05-21,23:59:59,4.518,200
2021-09-16,23:59:59,8.137,200
2021-12-08,23:59:59,13.676,200
2022-04-08,23:59:59,10.151,200
2023-10-31,23:59:59,15.478,200
2024-04-15,23:59:59,12.085,200
2024-07-07,23:59:59,14.941,200
2024-10-11,23:59:59,9.755,200
2024-10-12,23:59:59,4.730,200
2024-12-28,23:59:59,4.895,200
1980-06-09,23:59:59,15.530,200
1980-06-15,23:59:59,16.667,200
1981-03-10,23:59:59,14.953,200
1981-05-21,23:59:59,13.058,200
1981-08-25,23:59:59,13.716,200
1982-08-13,23:59:59,13.620,200
1983-09-14,23:59:59,12.181,200
1983-09-28,23:59:59,14.514,200
1983-10-25,23:59:59,10.058,200
1984-05-21,23:59:59,12.958,200
1984-07-08,23:59:59,7.276,200
1984-07-14,23:59:59,3.298,200
1984-09-24,23:59:59,11.964,200
1986-08-15,23:59:59,21.342,200
1986-09-02,23:59:59,20.651,200
1986-10-26,23:59:59,9.755,200
1987-05-26,23:59:59,16.921,200
1987-11-10,23:59:59,13.751,200
1988-01-11,23:59:59,12.647,200
1988-04-30,23:59:59,6.120,200
1988-12-13,23:59:59,23.905,200
1989-10-29,23:59:59,18.965,200
1990-03-05,23:59:59,16.866,200
1990-06-24,23:59:59,13.848,200
1991-04-27,23:59:59,6.155,200
1992-04-07,23:59:59,13.428,200
1992-06-09,23:59:59,5.833,200
1992-11-18,23:59:59,16.451,200
1992-11-26,23:59:59,8.617,200
1993-01-24,23:59:59,10.501,200
1993-10-29,23:59:59,8.410,200
1993-12-19,23:59:59,11.234,200
1995-03-31,23:59:59,10.568,200
1995-06-10,23:59:59,14.974,200
1995-08-19,23:59:59,21.953,200
1995-12-10,23:59:59,11.585,200
1996-06-27,23:59:59,14.013,200
1996-11-01,23:59:59,19.552,200
1996-11-02,23:59:59,16.716,200
1996-12-09,23:59:59,20.660,200
1997-03-15,23:59:59,6.587,200
1998-04-25,23:59:59,6.297,200
1998-06-14,23:59:59,5.837,200
1999-01-07,23:59:59,15.525,200
2000-06-22,23:59:59,20.134,200
2001-06-05,23:59:59,18.691,200
2001-08-17,23:59:59,8.416,200
2002-12-08,23:59:59,4.189,200
2003-01-08,23:59:59,8.278,200
2003-06-02,23:59:59,3.502,200
2004-01-25,23:59:59,6.389,200
2004-03-13,23:59:59,18.637,200
2004-05-27,23:59:59,12.537,200
2004-09-04,23:59:59,20.836,200
2005-04-11,23:59:59,7.568,200
2005-05-12,23:59:59,11.121,200
2005-06-19,23:59:59,10.279,200
2005-11-23,23:59:59,15.970,200
2006-05-08,23:59:59,23.138,200
2007-03-21,23:59:59,12.683,200
2008-02-08,23:59:59,12.372,200
2008-04-29,23:59:59,5.176,200
2008-06-24,23:59:59,12.902,200
2008-12-10,23:59:59,12.885,200
2009-04-24,23:59:59,8.357,200
2010-06-04,23:59:59,7.221,200
2010-07-08,23:59:59,22.468,200
2010-09-22,23:59:59,27.522,200
2010-12-11,23:59:59,8.150,200
2011-01-24,23:59:59,26.650,200
2012-05-21,23:59:59,19.313,200
2013-08-26,23:59:59,11.309,200
2013-09-04,23:59:59,14.486,200
2014-05-10,23:59:59,14.962,200
2014-12-15,23:59:59,7.627,200
2015-09-08,23:59:59,22.595,200
2016-01-31,23:59:59,6.525,200
2016-07-11,23:59:59,14.319,200
2017-03-07,23:59:59,14.707,200
2017-03-09,23:59:59,17.789,200
2017-04-02,23:59:59,7.411,200
2017-04-22,23:59:59,26.379,200
2017-06-25,23:59:59,11.523,200
2017-07-21,23:59:59,14.430,200
2017-09-28,23:59:59,25.270,200
2017-12-08,23:59:59,18.403,200
2018-02-22,23:59:59,18.053,200
2018-09-24,23:59:59,23.216,200
2018-12-15,23:59:59,10.727,200
2019-04-21,23:59:59,5.035,200
2019-06-04,23:59:59,9.736,200
2019-10-21,23:59:59,9.802,200
2020-11-06,23:59:59,3.864,200
2021-05-28,23:59:59,6.639,200
2021-10-30,23:59:59,4.632,200
2021-12-21,23:59:59,15.200,200
2022-04-15,23:59:59,9.932,200
2024-06-14,23:59:59,9.802,200
2024-09-21,23:59:59,4.556,200
2024-12-03,23:59:59,5.213,200
1980-06-12,23:59:59,13.411,200
1980-06-22,23:59:59,12.785,200
1980-07-07,23:59:59,17.581,200
1980-09-18,23:59:59,16.246,200
1980-10-02,23:59:59,16.830,200
1981-11-12,23:59:59,17.973,200
1982-02-28,23:59:59,6.786,200
1984-06-03,23:59:59,10.335,200
1985-05-08,23:59:59,10.816,200
1985-09-23,23:59:59,13.764,200
1985-12-21,23:59:59,21.799,200
1986-11-17,23:59:59,16.535,200
1987-01-15,23:59:59,13.362,200
1987-07-17,23:59:59,11.997,200
1987-10-22,23:59:59,9.656,200
1987-11-30,23:59:59,9.043,200
1988-08-04,23:59:59,19.171,200
1989-05-23,23:59:59,14.191,200
1990-02-16,23:59:59,20.110,200
1990-04-05,23:59:59,19.053,200
1990-04-29,23:59:59,8.135,200
1990-11-28,23:59:59,14.336,200
1991-02-09,23:59:59,11.256,200
1991-02-12,23:59:59,17.963,200
1991-07-17,23:59:59,12.558,200
1992-03-08,23:59:59,8.309,200
1993-07-25,23:59:59,7.857,200
1993-11-24,23:59:59,5.499,200
1993-12-13,23:59:59,12.398,200
1995-03-22,23:59:59,9.475,200
1995-09-05,23:59:59,22.784,200
1995-10-03,23:59:59,19.067,200
1996-07-08,23:59:59,16.795,200
1997-09-09,23:59:59,14.849,200
1999-09-25,23:59:59,14.196,200
1999-10-14,23:59:59,18.825,200
1999-11-23,23:59:59,16.243,200
2000-10-23,23:59:59,13.384,200
2001-09-06,23:59:59,13.573,200
2002-12-16,23:59:59,4.790,200
2003-01-15,23:59:59,9.996,200
2004-02-10,23:59:59,23.088,200
2004-05-30,23:59:59,8.901,200
2004-08-21,23:59:59,23.955,200
2005-01-25,23:59:59,13.283,200
2005-06-18,23:59:59,13.340,200
2005-06-23,23:59:59,11.453,200
2006-03-20,23:59:59,18.983,200
2006-10-01,23:59:59,6.921,200
2007-01-28,23:59:59,5.974,200
2008-06-03,23:59:59,12.636,200
2008-07-14,23:59:59,10.141,200
2008-08-05,23:59:59,20.616,200
2009-01-27,23:59:59,19.141,200
2009-04-23,23:59:59,9.620,200
2010-08-10,23:59:59,14.423,200
2011-01-25,23:59:59,26.915,200
2011-10-26,23:59:59,11.152,200
2012-06-19,23:59:59,17.301,200
2013-03-26,23:59:59,8.419,200
2013-06-03,23:59:59,9.195,200
2013-11-04,23:59:59,10.942,200
2014-07-25,23:59:59,10.948,200
2015-01-24,23:59:59,6.630,200
2015-04-11,23:59:59,7.274,200
2015-04-30,23:59:59,6.777,200
2015-05-30,23:59:59,8.101,200
2017-01-02,23:59:59,8.065,200
2017-02-12,23:59:59,7.198,200
2017-06-01,23:59:59,22.003,200
2017-06-29,23:59:59,17.668,200
2019-01-19,23:59:59,7.279,200
2019-08-02,23:59:59,18.516,200
2020-04-24,23:59:59,7.345,200
2020-07-30,23:59:59,13.831,200
2021-01-06,23:59:59,11.458,200
2022-07-31,23:59:59,24.950,200
2023-06-06,23:59:59,24.262,200
2024-04-24,23:59:59,4.583,200
2024-07-26,23:59:59,9.141,200
1980-01-02,23:59:59,17.118,200
1980-01-06,23:59:59,16.024,200
1980-02-26,23:59:59,14.794,200
1981-04-18,23:59:59,6.738,200
1981-04-26,23:59:59,7.449,200
1981-05-01,23:59:59,12.715,200
1981-07-07,23:59:59,15.240,200
1981-11-28,23:59:59,8.705,200
1981-12-06,23:59:59,12.972,200
1982-01-05,23:59:59,9.505,200
1982-01-14,23:59:59,17.354,200
1982-01-16,23:59:59,16.620,200
1982-05-16,23:59:59,14.762,200
1982-07-24,23:59:59,14.371,200
1982-10-10,23:59:59,11.969,200
1983-02-10,23:59:59,10.241,200
1983-10-26,23:59:59,7.803,200
1984-11-18,23:59:59,5.951,200
1986-06-29,23:59:59,5.841,200
1986-07-11,23:59:59,5.682,200
1986-11-11,23:59:59,14.207,200
1987-03-02,23:59:59,9.169,200
1987-08-04,23:59:59,13.824,200
1988-01-15,23:59:59,12.149,200
1988-07-13,23:59:59,12.720,200
1989-08-05,23:59:59,15.729,200
1990-01-26,23:59:59,14.095,200
1991-06-20,23:59:59,6.450,200
1991-10-21,23:59:59,21.071,200
1992-06-18,23:59:59,8.137,200
1992-06-27,23:59:59,9.853,200
1993-03-26,23:59:59,9.588,200
1993-10-17,23:59:59,7.005,200
1994-01-14,23:59:59,14.425,200
1994-01-18,23:59:59,14.326,200
1994-07-19,23:59:59,15.456,200
1995-03-13,23:59:59,15.178,200
1995-10-27,23:59:59,23.811,200
1996-02-06,23:59:59,21.287,200
1996-04-09,23:59:59,4.050,200
1997-01-20,23:59:59,19.549,200
1997-04-21,23:59:59,9.163,200
1998-12-06,23:59:59,14.155,200
1999-04-18,23:59:59,7.799,200
1999-07-07,23:59:59,11.635,200
1999-10-23,23:59:59,5.975,200
2000-01-17,23:59:59,16.981,200
2000-01-18,23:59:59,19.209,200
2000-08-11,23:59:59,12.580,200
2002-03-12,23:59:59,16.005,200
2002-04-25,23:59:59,11.345,200
2002-09-10,23:59:59,19.833,200
2002-09-17,23:59:59,21.721,200
2002-09-27,23:59:59,21.555,200
2002-11-06,23:59:59,17.193,200
2004-11-22,23:59:59,13.763,200
2005-06-15,23:59:59,17.435,200
2005-09-04,23:59:59,6.216,200
2005-10-18,23:59:59,19.594,200
2005-12-17,23:59:59,5.701,200
2006-08-07,23:59:59,13.812,200
2007-08-08,23:59:59,22.214,200
2008-04-06,23:59:59,9.845,200
2008-04-27,23:59:59,7.086,200
2009-02-18,23:59:59,8.870,200
2009-10-10,23:59:59,20.616,200
2009-12-14,23:59:59,6.835,200
2010-07-11,23:59:59,21.859,200
2010-08-16,23:59:59,10.827,200
2011-12-10,23:59:59,8.567,200
2013-06-26,23:59:59,10.805,200
2013-07-20,23:59:59,6.392,200
2013-10-09,23:59:59,20.788,200
2014-01-13,23:59:59,9.525,200
2015-03-31,23:59:59,6.589,200
2015-10-14,23:59:59,10.700,200
2016-01-26,23:59:59,16.114,200
2016-04-24,23:59:59,6.280,200
2016-06-23,23:59:59,4.930,200
2016-10-15,23:59:59,8.395,200
2018-01-14,23:59:59,6.327,200
2020-04-19,23:59:59,4.266,200
2020-08-11,23:59:59,14.170,200
2021-01-21,23:59:59,11.310,200
2021-07-31,23:59:59,8.487,200
2021-08-28,23:59:59,5.795,200
2022-01-21,23:59:59,6.462,200
1980-09-02,23:59:59,14.917,200
1981-03-23,23:59:59,12.774,200
1981-05-31,23:59:59,14.039,200
1982-02-17,23:59:59,16.304,200
1982-04-17,23:59:59,7.431,200
1984-08-23,23:59:59,13.678,200
1984-09-19,23:59:59,18.273,200
1985-06-30,23:59:59,3.597,200
1985-12-18,23:59:59,19.069,200
1985-12-27,23:59:59,12.097,200
1986-03-28,23:59:59,7.680,200
1986-10-16,23:59:59,18.641,200
1987-07-21,23:59:59,13.078,200
1987-10-15,23:59:59,10.576,200
1988-02-08,23:59:59,12.470,200
1988-07-10,23:59:59,6.981,200
1989-03-22,23:59:59,16.860,200
1989-05-24,23:59:59,15.170,200
1989-08-17,23:59:59,8.267,200
1989-10-31,23:59:59,13.237,200
1989-11-07,23:59:59,17.852,200
1990-07-15,23:59:59,8.394,200
1990-10-11,23:59:59,20.642,200
1991-02-26,23:59:59,13.199,200
1993-03-02,23:59:59,8.050,200
1993-06-02,23:59:59,20.334,200
1993-08-31,23:59:59,7.280,200
1993-09-14,23:59:59,6.079,200
1994-06-18,23:59:59,4.338,200
1994-12-14,23:59:59,17.768,200
1996-07-06,23:59:59,19.054,200
1996-09-12,23:59:59,18.247,200
1998-01-11,23:59:59,9.823,200
1998-03-08,23:59:59,7.719,200
1999-09-23,23:59:59,11.770,200
2000-01-16,23:59:59,12.617,200
2000-10-19,23:59:59,15.860,200
2000-11-08,23:59:59,15.237,200
2000-11-14,23:59:59,18.802,200
2001-06-27,23:59:59,17.941,200
2001-07-22,23:59:59,13.453,200
2001-09-25,23:59:59,12.294,200
2002-03-23,23:59:59,6.684,200
2002-09-11,23:59:59,14.508,200
2004-03-26,23:59:59,18.433,200
2004-10-20,23:59:59,24.437,200
2004-12-07,23:59:59,6.035,200
2005-07-23,23:59:59,8.327,200
2005-10-11,23:59:59,11.576,200
2006-06-22,23:59:59,21.121,200
2008-07-07,23:59:59,21.276,200
2008-12-15,23:59:59,13.667,200
2009-03-04,23:59:59,10.859,200
2009-04-06,23:59:59,14.416,200
2009-05-13,23:59:59,14.071,200
2009-09-22,23:59:59,14.252,200
2010-04-08,23:59:59,9.495,200
2010-11-03,23:59:59,13.708,200
2011-03-05,23:59:59,15.609,200
2011-07-29,23:59:59,15.102,200
2012-02-24,23:59:59,9.718,200
2012-06-25,23:59:59,6.208,200
2012-06-28,23:59:59,6.543,200
2013-02-20,23:59:59,9.269,200
2013-02-28,23:59:59,8.664,200
2013-07-17,23:59:59,8.739,200
2014-01-03,23:59:59,6.692,200
2014-04-05,23:59:59,8.130,200
2014-04-19,23:59:59,6.498,200
2014-07-20,23:59:59,10.772,200
2014-10-14,23:59:59,8.135,200
2015-08-10,23:59:59,24.439,200
2016-12-04,23:59:59,7.984,200
2016-12-22,23:59:59,16.164,200
2017-03-26,23:59:59,9.253,200
2017-07-24,23:59:59,19.760,200
2018-04-15,23:59:59,13.539,200
2018-06-07,23:59:59,20.060,200
2018-11-08,23:59:59,12.345,200
2019-07-08,23:59:59,16.213,200
2021-05-29,23:59:59,6.325,200
2021-08-18,23:59:59,7.627,200
2021-08-23,23:59:59,7.884,200
2021-11-08,23:59:59,12.490,200
1980-12-25,23:59:59,3.066,200
1981-06-26,23:59:59,19.546,200
1981-07-27,23:59:59,12.338,200
1982-03-29,23:59:59,12.942,200
1982-05-05,23:59:59,18.252,200
1982-09-12,23:59:59,3.146,200
1982-09-21,23:59:59,3.256,200
1982-12-24,23:59:59,7.093,200
1984-05-22,23:59:59,13.129,200
1984-12-03,23:59:59,15.337,200
1985-05-20,23:59:59,13.623,200
1986-05-22,23:59:59,5.494,200
1986-06-22,23:59:59,14.741,200
1987-10-12,23:59:59,9.243,200
1987-12-20,23:59:59,16.068,200
1988-12-03,23:59:59,19.857,200
1989-03-14,23:59:59,16.438,200
1990-05-12,23:59:59,10.411,200
1990-07-25,23:59:59,18.020,200
1991-06-10,23:59:59,15.985,200
1993-11-02,23:59:59,7.697,200
1993-11-05,23:59:59,7.946,200
1993-11-13,23:59:59,5.413,200
1994-01-03,23:59:59,6.730,200
1996-07-03,23:59:59,19.182,200
1996-08-15,23:59:59,21.793,200
2000-05-04,23:59:59,14.048,200
2000-05-07,23:59:59,8.906,200
2001-01-12,23:59:59,14.473,200
2001-03-16,23:59:59,7.976,200
2002-03-06,23:59:59,10.372,200
2004-01-16,23:59:59,9.336,200
2004-06-20,23:59:59,7.198,200
2004-07-08,23:59:59,25.026,200
2004-08-11,23:59:59,24.394,200
2005-09-03,23:59:59,6.938,200
2006-08-17,23:59:59,22.493,200
2006-11-14,23:59:59,11.622,200
2007-11-14,23:59:59,14.047,200
2011-06-21,23:59:59,23.678,200
2011-06-27,23:59:59,23.505,200
2013-07-15,23:59:59,11.518,200
2015-02-07,23:59:59,5.614,200
2015-04-18,23:59:59,6.232,200
2016-01-11,23:59:59,13.386,200
2016-07-27,23:59:59,11.959,200
2016-08-04,23:59:59,14.399,200
2016-11-26,23:59:59,6.721,200
2016-12-23,23:59:59,12.351,200
2018-02-28,23:59:59,16.384,200
2019-07-07,23:59:59,18.056,200
2020-08-19,23:59:59,14.670,200
2020-10-22,23:59:59,5.628,200
2021-05-14,23:59:59,10.231,200
2022-04-28,23:59:59,14.638,200
2022-05-19,23:59:59,7.525,200
2023-04-30,23:59:59,18.991,200
2023-07-19,23:59:59,9.286,200
1980-10-06,23:59:59,19.236,200
1981-08-19,23:59:59,17.045,200
1981-12-16,23:59:59,11.529,200
1982-01-31,23:59:59,12.498,200
1982-07-10,23:59:59,16.997,200
1983-11-17,23:59:59,24.685,200
1984-12-24,23:59:59,7.159,200
1985-02-25,23:59:59,15.187,200
1985-05-09,23:59:59,10.574,200
1985-06-06,23:59:59,9.232,200
1985-07-13,23:59:59,3.437,200
1985-11-08,23:59:59,17.774,200
1986-07-05,23:59:59,14.794,200
1986-07-19,23:59:59,9.485,200
1986-11-22,23:59:59,18.235,200
1987-01-10,23:59:59,13.145,200
1987-06-23,23:59:59,14.732,200
1988-01-26,23:59:59,18.385,200
1988-11-01,23:59:59,19.904,200
1989-04-29,23:59:59,9.911,200
1990-05-19,23:59:59,15.320,200
1991-04-18,23:59:59,7.266,200
1991-09-01,23:59:59,16.168,200
1991-11-07,23:59:59,14.552,200
1991-11-19,23:59:59,17.775,200
1992-01-21,23:59:59,18.897,200
1992-02-28,23:59:59,11.524,200
1993-05-10,23:59:59,6.947,200
1994-01-31,23:59:59,11.566,200
1994-09-21,23:59:59,18.709,200
1995-09-14,23:59:59,19.824,200
1996-01-30,23:59:59,22.902,200
1996-02-20,23:59:59,15.561,200
1996-07-27,23:59:59,17.930,200
1996-11-07,23:59:59,12.875,200
1997-08-20,23:59:59,15.311,200
1998-01-13,23:59:59,13.317,200
1998-01-27,23:59:59,12.288,200
1998-06-10,23:59:59,5.621,200
1998-07-04,23:59:59,10.366,200
1998-12-10,23:59:59,18.144,200
1999-04-10,23:59:59,7.396,200
1999-10-26,23:59:59,17.517,200
2001-07-01,23:59:59,9.209,200
2003-10-13,23:59:59,13.495,200
2004-04-15,23:59:59,15.179,200
2005-03-08,23:59:59,8.789,200
2005-04-19,23:59:59,14.391,200
2005-07-09,23:59:59,5.068,200
2006-01-20,23:59:59,8.261,200
2006-04-04,23:59:59,8.655,200
2006-07-06,23:59:59,13.896,200
2006-09-16,23:59:59,12.192,200
2006-09-22,23:59:59,13.900,200
2007-02-27,23:59:59,19.066,200
2007-03-22,23:59:59,11.076,200
2007-05-15,23:59:59,7.815,200
2009-01-21,23:59:59,18.294,200
2009-04-16,23:59:59,13.175,200
2009-08-17,23:59:59,7.679,200
2009-09-23,23:59:59,14.554,200
2010-10-29,23:59:59,10.313,200
2011-01-23,23:59:59,25.861,200
2011-03-02,23:59:59,9.531,200
2011-06-14,23:59:59,23.708,200
2011-06-22,23:59:59,23.586,200
2012-06-08,23:59:59,12.390,200
2013-04-10,23:59:59,7.450,200
2013-06-13,23:59:59,16.149,200
2014-08-27,23:59:59,10.660,200
2016-05-18,23:59:59,8.894,200
2017-08-07,23:59:59,19.198,200
2017-10-30,23:59:59,17.654,200
2018-01-19,23:59:59,15.127,200
2020-07-06,23:59:59,7.986,200
2020-12-02,23:59:59,21.258,200
2021-06-17,23:59:59,5.095,200
2021-10-24,23:59:59,10.315,200
2021-12-13,23:59:59,8.149,200
2022-08-04,23:59:59,24.883,200
2022-12-26,23:59:59,26.164,200
2023-07-04,23:59:59,11.127,200
2023-11-09,23:59:59,16.473,200
2024-10-23,23:59:59,5.441,200
1980-12-14,23:59:59,21.487,200
1982-01-03,23:59:59,5.099,200
1982-04-01,23:59:59,10.301,200
1983-08-04,23:59:59,5.888,200
1983-12-23,23:59:59,14.397,200
1984-01-17,23:59:59,20.030,200
1984-10-27,23:59:59,5.246,200
1985-06-04,23:59:59,10.169,200
1986-03-08,23:59:59,5.452,200
1986-04-06,23:59:59,8.061,200
1986-09-05,23:59:59,19.749,200
1987-04-27,23:59:59,11.503,200
1987-07-12,23:59:59,14.596,200
1987-07-22,23:59:59,12.090,200
1987-07-25,23:59:59,12.129,200
1989-12-04,23:59:59,15.984,200
1990-08-31,23:59:59,21.256,200
1991-03-31,23:59:59,7.312,200
1992-08-20,23:59:59,17.252,200
1994-10-11,23:59:59,19.506,200
1995-01-12,23:59:59,13.840,200
1995-05-10,23:59:59,24.251,200
1996-03-22,23:59:59,12.258,200
1996-08-18,23:59:59,21.533,200
1997-02-16,23:59:59,8.931,200
1997-12-01,23:59:59,16.641,200
1998-02-01,23:59:59,17.556,200
1998-06-03,23:59:59,11.623,200
1999-06-20,23:59:59,19.429,200
1999-12-18,23:59:59,7.726,200
2000-06-17,23:59:59,15.798,200
2001-02-06,23:59:59,8.907,200
2001-03-08,23:59:59,13.119,200
2001-04-06,23:59:59,15.638,200
2001-05-26,23:59:59,6.735,200
2002-01-13,23:59:59,7.675,200
2002-04-14,23:59:59,5.589,200
2002-06-04,23:59:59,16.349,200
2002-10-31,23:59:59,11.900,200
2003-02-14,23:59:59,14.027,200
2003-03-25,23:59:59,10.313,200
2003-08-22,23:59:59,17.880,200
2004-07-21,23:59:59,25.181,200
2005-01-11,23:59:59,24.024,200
2005-12-13,23:59:59,14.660,200
2005-12-15,23:59:59,10.135,200
2006-01-11,23:59:59,11.789,200
2008-09-12,23:59:59,26.064,200
2009-05-27,23:59:59,9.973,200
2009-12-20,23:59:59,14.138,200
2011-03-17,23:59:59,21.251,200
2011-04-05,23:59:59,14.728,200
2011-04-15,23:59:59,17.646,200
2011-04-24,23:59:59,7.895,200
2011-08-22,23:59:59,16.885,200
2012-01-31,23:59:59,15.059,200
2012-12-25,23:59:59,9.070,200
2013-01-20,23:59:59,12.550,200
2013-08-19,23:59:59,9.076,200
2013-10-04,23:59:59,13.025,200
2014-01-22,23:59:59,14.620,200
2014-05-11,23:59:59,9.254,200
2014-12-12,23:59:59,6.981,200
2015-01-16,23:59:59,8.238,200
2015-12-20,23:59:59,7.838,200
2017-04-14,23:59:59,25.166,200
2017-06-04,23:59:59,19.210,200
2017-06-30,23:59:59,19.432,200
2018-06-24,23:59:59,23.758,200
2019-01-11,23:59:59,11.506,200
2019-07-14,23:59:59,8.845,200
2019-10-20,23:59:59,6.043,200
2019-11-22,23:59:59,11.975,200
2020-07-04,23:59:59,17.938,200
2020-10-25,23:59:59,3.520,200
2021-07-27,23:59:59,8.130,200
2021-08-21,23:59:59,12.871,200
2021-10-26,23:59:59,9.639,200
2022-09-10,23:59:59,18.950,200
2023-03-23,23:59:59,17.698,200
2023-04-02,23:59:59,7.263,200
2023-11-16,23:59:59,5.919,200
1980-02-08,23:59:59,21.579,200
1980-08-20,23:59:59,18.687,200
1981-01-27,23:59:59,18.303,200
1981-08-29,23:59:59,17.552,200
1981-10-18,23:59:59,13.433,200
1982-01-30,23:59:59,10.610,200
1984-12-13,23:59:59,9.979,200
1987-04-29,23:59:59,12.887,200
1988-06-23,23:59:59,16.703,200
1988-11-27,23:59:59,22.133,200
1989-04-07,23:59:59,16.382,200
1989-11-22,23:59:59,11.015,200
1990-02-05,23:59:59,15.722,200
1990-07-21,23:59:59,11.128,200
1991-05-21,23:59:59,12.207,200
1991-09-18,23:59:59,15.884,200
1991-12-22,23:59:59,9.757,200
1992-01-24,23:59:59,13.029,200
1992-09-01,23:59:59,23.494,200
1993-05-18,23:59:59,4.471,200
1993-06-06,23:59:59,13.091,200
1993-08-12,23:59:59,10.532,200
1995-02-26,23:59:59,9.360,200
1995-05-31,23:59:59,20.461,200
1995-09-03,23:59:59,17.886,200
1996-01-17,23:59:59,23.296,200
1996-01-25,23:59:59,23.653,200
1996-03-08,23:59:59,20.127,200
1997-04-24,23:59:59,8.704,200
1997-12-18,23:59:59,6.928,200
1999-02-22,23:59:59,12.025,200
1999-02-23,23:59:59,12.066,200
1999-10-10,23:59:59,15.424,200
2000-01-11,23:59:59,15.786,200
2000-01-29,23:59:59,8.683,200
2000-08-24,23:59:59,15.119,200
2001-02-22,23:59:59,16.763,200
2001-03-05,23:59:59,17.164,200
2001-04-28,23:59:59,9.165,200
2001-10-19,23:59:59,7.834,200
2001-11-08,23:59:59,9.709,200
2001-11-10,23:59:59,5.091,200
2002-04-01,23:59:59,7.278,200
2002-05-29,23:59:59,19.310,200
2002-08-08,23:59:59,21.560,200
2002-12-13,23:59:59,4.297,200
2003-04-12,23:59:59,10.014,200
2003-07-27,23:59:59,11.131,200
2004-09-02,23:59:59,16.557,200
2004-12-28,23:59:59,13.385,200
2005-02-16,23:59:59,15.468,200
2005-04-01,23:59:59,10.274,200
2006-11-12,23:59:59,14.032,200
2007-05-04,23:59:59,11.477,200
2007-06-21,23:59:59,19.381,200
2007-10-11,23:59:59,12.486,200
2008-01-10,23:59:59,10.794,200
2009-03-15,23:59:59,10.585,200
2009-05-15,23:59:59,4.993,200
2010-01-19,23:59:59,14.512,200
2010-04-27,23:59:59,7.316,200
2012-02-28,23:59:59,15.093,200
2012-08-01,23:59:59,17.811,200
2012-09-16,23:59:59,7.428,200
2012-11-14,23:59:59,19.912,200
2013-01-02,23:59:59,6.824,200
2013-01-04,23:59:59,7.869,200
2014-04-03,23:59:59,8.861,200
2014-05-14,23:59:59,13.246,200
2014-08-25,23:59:59,17.964,200
2014-09-30,23:59:59,9.527,200
2014-12-23,23:59:59,7.366,200
2015-01-04,23:59:59,8.427,200
2016-01-08,23:59:59,12.113,200
2016-05-28,23:59:59,6.467,200
2017-01-22,23:59:59,8.010,200
2017-05-19,23:59:59,24.150,200
2017-07-30,23:59:59,21.957,200
2018-01-13,23:59:59,5.253,200
2018-06-14,23:59:59,17.011,200
2019-02-05,23:59:59,11.715,200
2019-03-27,23:59:59,7.957,200
2019-04-05,23:59:59,7.082,200
2019-10-08,23:59:59,5.747,200
2020-07-27,23:59:59,14.726,200
2021-09-19,23:59:59,5.464,200
2022-01-31,23:59:59,10.196,200
2022-02-26,23:59:59,9.160,200
2022-04-23,23:59:59,4.759,200
2022-08-19,23:59:59,5.606,200
2022-11-27,23:59:59,26.192,200
2024-06-30,23:59:59,7.996,200
2024-11-30,23:59:59,9.573,200
1980-07-23,23:59:59,18.079,200
1981-07-19,23:59:59,14.062,200
1981-10-17,23:59:59,16.920,200
1983-02-11,23:59:59,13.323,200
1983-04-07,23:59:59,8.585,200
1983-04-22,23:59:59,7.559,200
1983-05-20,23:59:59,15.277,200
1983-10-23,23:59:59,4.966,200
1984-01-27,23:59:59,14.604,200
1985-05-19,23:59:59,5.778,200
1987-08-22,23:59:59,8.859,200
1988-11-05,23:59:59,23.889,200
1989-03-18,23:59:59,11.236,200
1989-05-27,23:59:59,6.897,200
1989-12-30,23:59:59,6.449,200
1991-01-24,23:59:59,15.488,200
1991-09-15,23:59:59,19.552,200
1992-01-31,23:59:59,12.878,200
1993-09-24,23:59:59,5.977,200
1994-04-10,23:59:59,7.458,200
1994-05-04,23:59:59,8.975,200
1995-04-21,23:59:59,17.081,200
1995-12-26,23:59:59,10.093,200
1996-07-23,23:59:59,19.692,200
1998-05-03,23:59:59,10.181,200
1998-09-23,23:59:59,22.982,200
1998-09-24,23:59:59,21.495,200
2000-01-30,23:59:59,8.842,200
2000-09-26,23:59:59,16.812,200
2000-10-01,23:59:59,7.222,200
2001-04-11,23:59:59,11.740,200
2001-05-06,23:59:59,8.549,200
2002-02-24,23:59:59,6.429,200
2003-02-07,23:59:59,11.642,200
2003-02-12,23:59:59,15.353,200
2003-08-09,23:59:59,11.587,200
2004-08-12,23:59:59,24.402,200
2004-12-11,23:59:59,8.553,200
2005-05-06,23:59:59,6.991,200
2005-11-08,23:59:59,17.797,200
2005-11-15,23:59:59,17.960,200
2006-03-04,23:59:59,9.672,200
2007-09-25,23:59:59,12.372,200
2007-10-01,23:59:59,14.313,200
2008-09-02,23:59:59,26.170,200
2009-12-16,23:59:59,11.607,200
2009-12-25,23:59:59,7.580,200
2010-07-27,23:59:59,12.941,200
2010-10-16,23:59:59,25.910,200
2010-12-15,23:59:59,12.964,200
2011-01-02,23:59:59,6.571,200
2011-03-15,23:59:59,17.508,200
2011-07-08,23:59:59,11.731,200
2012-01-05,23:59:59,25.070,200
2012-04-27,23:59:59,9.460,200
2012-07-28,23:59:59,23.093,200
2012-09-15,23:59:59,8.125,200
2013-03-10,23:59:59,5.186,200
2013-07-08,23:59:59,12.473,200
2014-05-09,23:59:59,10.622,200
2014-12-08,23:59:59,20.013,200
2015-12-16,23:59:59,17.150,200
2016-12-07,23:59:59,15.104,200
2017-11-27,23:59:59,18.184,200
2019-05-25,23:59:59,5.120,200
2019-07-03,23:59:59,17.670,200
2019-12-24,23:59:59,12.556,200
2020-01-14,23:59:59,11.262,200
2020-09-24,23:59:59,4.006,200
2021-05-19,23:59:59,6.078,200
2021-07-29,23:59:59,10.471,200
2022-05-12,23:59:59,17.413,200
2023-05-17,23:59:59,24.781,200
2023-06-28,23:59:59,18.730,200
2024-08-24,23:59:59,4.426,200
2024-09-27,23:59:59,10.234,200
1980-07-14,23:59:59,18.337,200
1980-10-20,23:59:59,18.053,200
1981-08-08,23:59:59,15.244,200
1982-09-07,23:59:59,10.530,200
1983-01-22,23:59:59,10.587,200
1984-01-30,23:59:59,12.214,200
1984-05-17,23:59:59,11.955,200
1984-06-22,23:59:59,19.588,200
1985-04-13,23:59:59,8.324,200
1985-07-30,23:59:59,7.665,200
1985-08-04,23:59:59,7.624,200
1985-10-21,23:59:59,11.507,200
1987-01-08,23:59:59,17.903,200
1987-04-10,23:59:59,12.399,200
1988-05-22,23:59:59,4.399,200
1988-10-27,23:59:59,21.868,200
1989-02-14,23:59:59,23.457,200
1990-03-14,23:59:59,12.024,200
1990-04-15,23:59:59,16.303,200
1990-07-19,23:59:59,15.663,200
1991-01-06,23:59:59,9.403,200
1991-07-09,23:59:59,10.620,200
1992-05-31,23:59:59,8.004,200
1993-03-10,23:59:59,12.030,200
1994-07-04,23:59:59,22.394,200
1994-10-16,23:59:59,21.964,200
1995-03-02,23:59:59,16.834,200
1996-08-20,23:59:59,19.517,200
1997-08-12,23:59:59,8.336,200
1998-01-19,23:59:59,9.578,200
1998-03-14,23:59:59,8.122,200
1999-03-14,23:59:59,8.696,200
1999-06-27,23:59:59,19.183,200
2000-09-10,23:59:59,8.387,200
2000-10-27,23:59:59,16.702,200
2001-07-31,23:59:59,12.722,200
2001-08-24,23:59:59,9.973,200
2002-02-26,23:59:59,10.027,200
2002-05-24,23:59:59,7.582,200
2003-11-08,23:59:59,9.723,200
2004-05-22,23:59:59,11.896,200
2004-08-30,23:59:59,20.901,200
2005-03-12,23:59:59,9.367,200
2008-07-20,23:59:59,13.806,200
2008-08-11,23:59:59,22.763,200
2009-04-28,23:59:59,12.995,200
2010-04-12,23:59:59,10.166,200
2010-06-14,23:59:59,10.008,200
2010-11-18,23:59:59,11.886,200
2011-02-02,23:59:59,26.578,200
2012-01-13,23:59:59,22.914,200
2012-03-19,23:59:59,13.139,200
2012-04-02,23:59:59,13.638,200
2013-03-06,23:59:59,10.035,200
2013-04-21,23:59:59,4.750,200
2015-07-27,23:59:59,13.603,200
2015-12-25,23:59:59,5.730,200
2016-01-19,23:59:59,14.283,200
2018-09-07,23:59:59,24.402,200
2018-09-30,23:59:59,9.530,200
2019-06-20,23:59:59,17.708,200
2019-06-26,23:59:59,15.671,200
2019-12-15,23:59:59,9.690,200
2020-04-21,23:59:59,11.252,200
2020-05-06,23:59:59,15.699,200
2021-01-16,23:59:59,14.047,200
2022-12-14,23:59:59,25.909,200
2024-02-11,23:59:59,9.611,200
2024-07-27,23:59:59,5.218,200
2024-09-18,23:59:59,10.128,200
1980-07-01,23:59:59,10.777,200
1980-12-01,23:59:59,12.635,200
1981-07-17,23:59:59,16.621,200
1981-09-06,23:59:59,18.497,200
1982-09-01,23:59:59,16.399,200
1982-09-03,23:59:59,14.687,200
1983-01-11,23:59:59,15.013,200
1984-07-01,23:59:59,10.291,200
1984-11-25,23:59:59,9.615,200
1985-11-29,23:59:59,12.927,200
1986-04-11,23:59:59,10.598,200
1986-05-07,23:59:59,13.369,200
1986-07-14,23:59:59,16.138,200
1987-02-13,23:59:59,10.898,200
1987-09-12,23:59:59,6.406,200
1987-09-28,23:59:59,15.380,200
1987-10-08,23:59:59,5.653,200
1989-01-31,23:59:59,17.415,200
1990-05-25,23:59:59,3.415,200
1990-10-09,23:59:59,20.820,200
1991-09-19,23:59:59,18.361,200
1991-11-08,23:59:59,14.528,200
1992-05-10,23:59:59,7.053,200
1993-01-02,23:59:59,8.771,200
1993-01-25,23:59:59,13.267,200
1993-10-28,23:59:59,8.894,200
1994-01-30,23:59:59,6.423,200
1994-10-06,23:59:59,22.689,200
1995-03-03,23:59:59,17.585,200
1995-10-23,23:59:59,16.465,200
1996-05-29,23:59:59,21.613,200
1996-08-19,23:59:59,20.763,200
1996-09-28,23:59:59,24.794,200
1997-05-25,23:59:59,8.307,200
1998-06-11,23:59:59,13.862,200
1998-11-01,23:59:59,26.226,200
1999-07-03,23:59:59,18.568,200
1999-10-13,23:59:59,16.747,200
2000-08-22,23:59:59,16.586,200
2000-09-23,23:59:59,6.323,200
2001-05-01,23:59:59,10.932,200
2001-09-20,23:59:59,14.204,200
2003-10-01,23:59:59,12.015,200
2003-10-04,23:59:59,8.884,200
2004-12-22,23:59:59,17.682,200
2005-02-13,23:59:59,12.705,200
2005-10-09,23:59:59,19.410,200
2005-11-22,23:59:59,15.318,200
2005-12-29,23:59:59,5.091,200
2006-12-06,23:59:59,20.830,200
2007-10-14,23:59:59,6.307,200
2007-11-27,23:59:59,15.245,200
2008-12-06,23:59:59,15.556,200
2009-12-10,23:59:59,15.824,200
2012-09-27,23:59:59,12.813,200
2013-04-12,23:59:59,5.373,200
2013-11-03,23:59:59,14.389,200
2014-03-28,23:59:59,14.221,200
2014-06-29,23:59:59,10.213,200
2014-08-21,23:59:59,11.100,200
2016-05-13,23:59:59,7.206,200
2020-03-28,23:59:59,6.778,200
2020-11-19,23:59:59,12.274,200
2021-08-11,23:59:59,15.702,200
2021-08-29,23:59:59,5.055,200
2023-04-03,23:59:59,12.248,200
2023-08-13,23:59:59,11.772,200
2024-12-05,23:59:59,7.670,200
1981-03-11,23:59:59,19.354,200
1983-01-23,23:59:59,10.790,200
1983-07-25,23:59:59,15.271,200
1983-11-30,23:59:59,18.933,200
1986-08-10,23:59:59,19.777,200
1986-09-14,23:59:59,16.174,200
1987-01-04,23:59:59,15.609,200
1987-04-17,23:59:59,14.571,200
1987-09-05,23:59:59,6.217,200
1988-03-10,23:59:59,10.457,200
1988-09-06,23:59:59,18.483,200
1990-05-11,23:59:59,14.186,200
1990-11-06,23:59:59,20.260,200
1990-12-21,23:59:59,9.756,200
1992-03-10,23:59:59,17.585,200
1993-02-20,23:59:59,5.001,200
1994-02-06,23:59:59,8.743,200
1994-02-23,23:59:59,10.626,200
1994-07-01,23:59:59,23.628,200
1994-11-02,23:59:59,23.248,200
1994-11-28,23:59:59,24.379,200
1996-01-08,23:59:59,22.371,200
1996-04-23,23:59:59,7.808,200
1996-06-03,23:59:59,17.140,200
1998-01-06,23:59:59,13.352,200
1998-02-09,23:59:59,15.536,200
1998-11-03,23:59:59,26.136,200
1999-01-16,23:59:59,6.893,200
1999-04-30,23:59:59,18.774,200
1999-09-09,23:59:59,17.835,200
1999-12-03,23:59:59,12.699,200
2000-02-12,23:59:59,13.285,200
2001-09-02,23:59:59,12.060,200
2001-10-22,23:59:59,5.127,200
2002-05-14,23:59:59,8.881,200
2003-02-28,23:59:59,13.571,200
2003-11-21,23:59:59,12.982,200
2003-12-18,23:59:59,12.753,200
2003-12-24,23:59:59,10.041,200
2004-04-28,23:59:59,17.955,200
2004-11-23,23:59:59,15.064,200
2005-08-14,23:59:59,5.702,200
2005-09-09,23:59:59,10.376,200
2006-02-11,23:59:59,25.770,200
2006-09-24,23:59:59,8.979,200
2007-03-10,23:59:59,7.974,200
2007-05-22,23:59:59,13.203,200
2007-07-15,23:59:59,20.658,200
2008-01-18,23:59:59,9.301,200
2008-03-01,23:59:59,6.024,200
2008-08-09,23:59:59,26.201,200
2008-12-17,23:59:59,12.959,200
2009-02-22,23:59:59,11.232,200
2010-01-02,23:59:59,7.345,200
2010-05-27,23:59:59,6.578,200
2010-06-07,23:59:59,6.717,200
2011-01-16,23:59:59,4.936,200
2011-06-03,23:59:59,22.512,200
2011-10-16,23:59:59,10.744,200
2012-01-24,23:59:59,24.052,200
2013-02-19,23:59:59,10.383,200
2013-05-30,23:59:59,18.554,200
2013-10-31,23:59:59,15.056,200
2014-05-06,23:59:59,8.871,200
2015-06-12,23:59:59,11.022,200
2015-10-31,23:59:59,11.798,200
2016-02-23,23:59:59,10.834,200
2016-03-17,23:59:59,10.749,200
2016-05-22,23:59:59,9.301,200
2016-09-17,23:59:59,7.481,200
2017-02-10,23:59:59,7.421,200
2017-04-07,23:59:59,15.932,200
2017-08-30,23:59:59,17.564,200
2017-09-14,23:59:59,25.277,200
2017-12-27,23:59:59,6.363,200
2018-07-26,23:59:59,18.949,200
2018-08-08,23:59:59,18.244,200
2019-03-16,23:59:59,8.748,200
2019-10-13,23:59:59,4.850,200
2020-08-26,23:59:59,17.115,200
2021-02-11,23:59:59,8.738,200
2021-05-13,23:59:59,9.701,200
2021-10-04,23:59:59,10.536,200
2021-10-08,23:59:59,9.314,200
2022-08-01,23:59:59,24.988,200
2022-10-27,23:59:59,17.654,200
2023-08-08,23:59:59,16.677,200
2024-04-13,23:59:59,11.773,200
2024-11-28,23:59:59,13.010,200
1980-04-26,23:59:59,8.780,200
1981-07-01,23:59:59,14.985,200
1981-07-29,23:59:59,18.789,200
1981-08-20,23:59:59,17.062,200
1982-11-24,23:59:59,17.375,200
1983-01-19,23:59:59,16.168,200
1984-03-11,23:59:59,5.453,200
1985-03-12,23:59:59,13.358,200
1986-12-21,23:59:59,14.547,200
1987-12-03,23:59:59,11.127,200
1988-01-14,23:59:59,18.936,200
1989-04-13,23:59:59,18.743,200
1990-10-17,23:59:59,11.042,200
1991-03-14,23:59:59,13.461,200
1991-06-25,23:59:59,4.249,200
1992-07-05,23:59:59,5.872,200
1992-07-20,23:59:59,14.667,200
1992-10-20,23:59:59,14.237,200
1993-03-23,23:59:59,11.152,200
1993-07-16,23:59:59,18.545,200
1994-12-21,23:59:59,14.580,200
1996-06-23,23:59:59,12.846,200
1996-11-14,23:59:59,9.394,200
1996-12-25,23:59:59,17.361,200
1997-09-23,23:59:59,8.423,200
1997-09-25,23:59:59,9.738,200
1999-08-17,23:59:59,12.076,200
2002-06-16,23:59:59,8.228,200
2002-08-25,23:59:59,16.431,200
2002-08-28,23:59:59,22.484,200
2002-10-04,23:59:59,18.774,200
2003-03-03,23:59:59,9.431,200
2003-05-23,23:59:59,5.203,200
2004-01-18,23:59:59,7.533,200
2004-09-30,23:59:59,16.708,200
2004-12-19,23:59:59,14.808,200
2005-03-20,23:59:59,5.852,200
2005-05-13,23:59:59,8.854,200
2005-05-28,23:59:59,5.577,200
2005-10-14,23:59:59,19.685,200
2006-10-20,23:59:59,17.939,200
2007-03-08,23:59:59,6.756,200
2007-05-07,23:59:59,7.607,200
2008-08-29,23:59:59,26.560,200
2008-11-09,23:59:59,19.191,200
2009-04-21,23:59:59,11.951,200
2010-05-20,23:59:59,7.482,200
2012-02-08,23:59:59,12.837,200
2012-08-04,23:59:59,19.014,200
2012-11-28,23:59:59,17.310,200
2013-04-28,23:59:59,5.394,200
2015-04-16,23:59:59,16.827,200
2015-05-28,23:59:59,14.355,200
2016-10-10,23:59:59,25.767,200
2017-07-10,23:59:59,21.882,200
2018-01-12,23:59:59,14.679,200
2018-08-11,23:59:59,6.927,200
2018-12-24,23:59:59,5.189,200
2019-05-11,23:59:59,5.206,200
2019-05-22,23:59:59,6.006,200
2019-06-10,23:59:59,11.133,200
2019-07-21,23:59:59,10.007,200
2020-02-05,23:59:59,11.775,200
2020-08-22,23:59:59,5.548,200
2021-06-04,23:59:59,5.710,200
2021-07-30,23:59:59,8.480,200
2021-10-03,23:59:59,6.251,200
2021-10-05,23:59:59,16.202,200
2023-09-13,23:59:59,5.279,200
2023-12-26,23:59:59,5.921,200
1980-04-19,23:59:59,10.279,200
1980-10-27,23:59:59,14.095,200
1981-03-30,23:59:59,9.218,200
1981-07-18,23:59:59,12.925,200
1981-12-02,23:59:59,9.764,200
1982-01-02,23:59:59,3.918,200
1982-06-24,23:59:59,16.207,200
1982-07-07,23:59:59,17.344,200
1982-07-27,23:59:59,16.253,200
1982-08-18,23:59:59,16.277,200
1982-11-19,23:59:59,15.994,200
1983-01-21,23:59:59,11.669,200
1983-05-08,23:59:59,7.892,200
1983-11-14,23:59:59,23.530,200
1985-01-08,23:59:59,15.494,200
1985-01-30,23:59:59,16.021,200
1985-05-30,23:59:59,6.758,200
1985-08-15,23:59:59,14.423,200
1986-04-07,23:59:59,8.198,200
1986-06-25,23:59:59,14.555,200
1988-05-23,23:59:59,11.381,200
1988-08-05,23:59:59,19.097,200
1988-11-29,23:59:59,6.646,200
1989-06-06,23:59:59,16.225,200
1989-10-25,23:59:59,12.900,200
1989-11-10,23:59:59,10.284,200
1990-05-29,23:59:59,19.089,200
1991-06-06,23:59:59,8.745,200
1991-09-29,23:59:59,17.078,200
1992-04-15,23:59:59,14.030,200
1992-10-23,23:59:59,5.555,200
1995-06-12,23:59:59,19.524,200
1995-07-13,23:59:59,8.055,200
1995-08-31,23:59:59,22.972,200
1996-09-22,23:59:59,25.160,200
1998-01-04,23:59:59,10.240,200
1998-02-13,23:59:59,11.089,200
1998-09-11,23:59:59,18.452,200
1998-11-23,23:59:59,18.621,200
1999-04-14,23:59:59,9.108,200
1999-09-06,23:59:59,18.968,200
1999-11-17,23:59:59,11.697,200
2000-06-23,23:59:59,18.544,200
2000-12-29,23:59:59,8.935,200
2001-01-25,23:59:59,16.059,200
2002-01-01,23:59:59,7.564,200
2002-03-01,23:59:59,9.517,200
2002-10-13,23:59:59,16.227,200
2003-04-08,23:59:59,5.954,200
2003-11-15,23:59:59,12.386,200
2005-08-15,23:59:59,13.954,200
2006-07-25,23:59:59,20.418,200
2006-07-30,23:59:59,21.745,200
2006-10-02,23:59:59,13.586,200
2006-12-26,23:59:59,4.847,200
2008-05-07,23:59:59,13.516,200
2008-06-23,23:59:59,8.396,200
2009-04-11,23:59:59,5.649,200
2009-07-08,23:59:59,11.044,200
2009-09-30,23:59:59,19.175,200
2009-11-12,23:59:59,17.889,200
2011-08-19,23:59:59,22.909,200
2011-09-19,23:59:59,13.205,200
2011-09-22,23:59:59,18.144,200
2012-05-24,23:59:59,13.617,200
2012-08-14,23:59:59,14.882,200
2012-09-29,23:59:59,7.599,200
2012-11-11,23:59:59,10.965,200
2012-12-01,23:59:59,15.331,200
2013-04-25,23:59:59,5.646,200
2013-05-03,23:59:59,7.656,200
2013-06-04,23:59:59,15.815,200
2013-09-28,23:59:59,7.642,200
2014-02-18,23:59:59,17.594,200
2015-02-22,23:59:59,9.686,200
2015-08-21,23:59:59,21.222,200
2016-03-11,23:59:59,11.396,200
2016-09-01,23:59:59,11.834,200
2016-11-25,23:59:59,17.466,200
2016-12-31,23:59:59,9.262,200
2017-01-14,23:59:59,15.442,200
2018-04-19,23:59:59,13.944,200
2018-08-29,23:59:59,19.876,200
2019-02-24,23:59:59,6.357,200
2019-05-21,23:59:59,8.864,200
2019-10-30,23:59:59,14.717,200
2020-08-08,23:59:59,7.387,200
2020-11-05,23:59:59,8.271,200
2021-05-03,23:59:59,11.140,200
2023-04-08,23:59:59,6.370,200
2023-09-22,23:59:59,5.150,200
2023-12-08,23:59:59,15.512,200
2024-03-05,23:59:59,9.264,200
2024-03-20,23:59:59,17.213,200
2024-03-22,23:59:59,16.065,200
2024-04-23,23:59:59,12.297,200
2024-07-14,23:59:59,15.828,200
2024-08-04,23:59:59,15.758,200
2024-11-16,23:59:59,14.888,200
2024-12-11,23:59:59,12.772,200
1980-05-09,23:59:59,13.891,200
1981-02-02,23:59:59,19.543,200
1981-04-16,23:59:59,11.125,200
1983-04-08,23:59:59,8.360,200
1985-05-24,23:59:59,4.977,200
1986-10-06,23:59:59,17.610,200
1987-03-08,23:59:59,8.002,200
1987-03-13,23:59:59,5.161,200
1988-04-01,23:59:59,6.699,200
1988-12-12,23:59:59,23.969,200
1989-04-08,23:59:59,19.394,200
1989-05-05,23:59:59,9.688,200
1989-07-08,23:59:59,16.501,200
1990-01-25,23:59:59,15.826,200
1990-03-21,23:59:59,13.690,200
1990-09-20,23:59:59,22.110,200
1990-11-21,23:59:59,20.592,200
1992-05-22,23:59:59,11.253,200
1992-07-10,23:59:59,9.576,200
1994-02-17,23:59:59,11.287,200
1994-05-24,23:59:59,7.803,200
1995-03-20,23:59:59,10.098,200
1995-10-22,23:59:59,19.766,200
1996-07-20,23:59:59,4.584,200
1996-09-29,23:59:59,24.764,200
1997-03-07,23:59:59,8.299,200
1997-08-25,23:59:59,12.315,200
1997-12-20,23:59:59,11.334,200
1999-05-04,23:59:59,18.854,200
1999-05-26,23:59:59,18.667,200
1999-06-25,23:59:59,19.404,200
1999-08-15,23:59:59,7.833,200
1999-08-24,23:59:59,12.124,200
1999-09-19,23:59:59,11.229,200
1999-09-30,23:59:59,15.713,200
2000-04-02,23:59:59,7.085,200
2000-11-28,23:59:59,21.940,200
2001-02-10,23:59:59,14.041,200
2001-10-31,23:59:59,13.376,200
2002-10-20,23:59:59,10.489,200
2004-04-20,23:59:59,17.334,200
2004-07-23,23:59:59,25.021,200
2004-12-05,23:59:59,22.541,200
2005-09-19,23:59:59,5.639,200
2006-01-28,23:59:59,7.791,200
2006-02-18,23:59:59,8.341,200
2007-02-14,23:59:59,20.480,200
2008-04-09,23:59:59,8.227,200
2008-09-30,23:59:59,17.849,200
2009-09-24,23:59:59,11.761,200
2009-12-03,23:59:59,13.732,200
2010-01-06,23:59:59,13.837,200
2011-01-22,23:59:59,12.227,200
2012-01-21,23:59:59,22.015,200
2012-07-02,23:59:59,22.553,200
2012-08-21,23:59:59,19.581,200
2013-03-13,23:59:59,6.694,200
2013-05-07,23:59:59,7.756,200
2013-07-21,23:59:59,9.950,200
2013-09-27,23:59:59,7.302,200
2014-02-27,23:59:59,9.525,200
2014-08-30,23:59:59,14.236,200
2015-01-22,23:59:59,7.646,200
2015-06-06,23:59:59,15.119,200
2016-02-21,23:59:59,6.049,200
2016-06-05,23:59:59,8.211,200
2016-06-13,23:59:59,14.589,200
2017-05-17,23:59:59,25.179,200
2018-05-31,23:59:59,20.875,200
2018-08-04,23:59:59,15.246,200
2018-11-02,23:59:59,12.669,200
2020-09-01,23:59:59,12.064,200
2020-09-05,23:59:59,10.680,200
2021-06-28,23:59:59,4.669,200
2022-01-19,23:59:59,9.055,200
2022-06-15,23:59:59,8.158,200
2024-09-10,23:59:59,4.600,200
1980-03-05,23:59:59,13.644,200
1980-10-08,23:59:59,19.183,200
1980-10-22,23:59:59,17.922,200
1980-12-07,23:59:59,16.519,200
1981-03-19,23:59:59,17.837,200
1981-05-30,23:59:59,17.022,200
1981-08-06,23:59:59,20.836,200
1981-10-26,23:59:59,12.812,200
1981-11-03,23:59:59,19.755,200
1982-05-17,23:59:59,16.150,200
1982-09-17,23:59:59,10.256,200
1983-01-01,23:59:59,4.530,200
1983-07-10,23:59:59,3.228,200
1983-08-09,23:59:59,10.990,200
1983-09-08,23:59:59,8.871,200
1984-04-03,23:59:59,12.944,200
1984-12-27,23:59:59,11.203,200
1986-03-30,23:59:59,7.634,200
1986-06-27,23:59:59,12.686,200
1989-05-28,23:59:59,13.165,200
1990-01-06,23:59:59,4.872,200
1990-11-26,23:59:59,18.745,200
1993-05-07,23:59:59,6.440,200
1993-05-08,23:59:59,6.951,200
1993-05-31,23:59:59,14.908,200
1994-03-25,23:59:59,8.276,200
1994-09-05,23:59:59,16.750,200
1995-07-22,23:59:59,8.414,200
1996-02-02,23:59:59,22.549,200
1996-11-04,23:59:59,21.161,200
1997-03-31,23:59:59,6.393,200
1997-09-15,23:59:59,13.166,200
1997-09-27,23:59:59,6.389,200
1997-10-25,23:59:59,13.621,200
1998-05-13,23:59:59,7.925,200
1999-11-22,23:59:59,11.567,200
2002-03-09,23:59:59,8.150,200
2002-08-09,23:59:59,17.606,200
2002-11-08,23:59:59,18.077,200
2004-07-31,23:59:59,23.917,200
2005-01-15,23:59:59,13.367,200
2006-04-15,23:59:59,5.555,200
2007-05-29,23:59:59,14.270,200
2007-06-19,23:59:59,18.182,200
2008-02-13,23:59:59,14.568,200
2008-10-18,23:59:59,11.240,200
2009-11-03,23:59:59,19.154,200
2010-12-08,23:59:59,11.375,200
2011-01-10,23:59:59,9.655,200
2011-11-17,23:59:59,13.220,200
2012-08-23,23:59:59,21.464,200
2013-01-19,23:59:59,6.374,200
2013-09-09,23:59:59,14.166,200
2014-05-24,23:59:59,11.017,200
2015-05-05,23:59:59,7.800,200
2015-06-16,23:59:59,18.931,200
2016-05-29,23:59:59,10.349,200
2016-10-29,23:59:59,10.908,200
2018-02-11,23:59:59,15.461,200
2018-08-03,23:59:59,17.488,200
2018-08-13,23:59:59,23.742,200
2020-05-16,23:59:59,4.337,200
2021-01-24,23:59:59,9.593,200
2021-10-21,23:59:59,11.663,200
2023-11-07,23:59:59,15.378,200
2024-12-24,23:59:59,6.414,200
1980-05-21,23:59:59,15.445,200
1981-01-10,23:59:59,12.012,200
1981-03-03,23:59:59,15.826,200
1981-05-29,23:59:59,17.676,200
1981-08-17,23:59:59,14.486,200
1982-01-11,23:59:59,15.810,200
1982-09-10,23:59:59,10.278,200
1982-12-20,23:59:59,10.850,200
1984-04-08,23:59:59,13.573,200
1984-08-03,23:59:59,7.073,200
1984-12-29,23:59:59,12.395,200
1985-05-10,23:59:59,10.760,200
1985-06-27,23:59:59,9.992,200
1986-06-24,23:59:59,14.600,200
1986-09-21,23:59:59,11.855,200
1986-10-15,23:59:59,18.670,200
1986-10-19,23:59:59,17.909,200
1987-01-06,23:59:59,12.320,200
1988-01-17,23:59:59,8.999,200
1988-04-08,23:59:59,12.337,200
1988-11-19,23:59:59,15.098,200
1989-12-13,23:59:59,18.408,200
1990-03-08,23:59:59,15.948,200
1991-03-13,23:59:59,14.162,200
1991-05-09,23:59:59,10.217,200
1991-11-17,23:59:59,17.858,200
1992-07-21,23:59:59,14.026,200
1992-09-29,23:59:59,22.156,200
1992-11-30,23:59:59,9.096,200
1993-07-24,23:59:59,7.860,200
1993-09-27,23:59:59,6.831,200
1993-12-15,23:59:59,13.672,200
1994-06-15,23:59:59,4.403,200
1994-06-26,23:59:59,6.658,200
1994-07-07,23:59:59,22.932,200
1994-11-10,23:59:59,20.193,200
1995-11-13,23:59:59,8.707,200
1996-08-06,23:59:59,20.345,200
1997-02-18,23:59:59,9.033,200
1998-08-09,23:59:59,20.204,200
1999-08-27,23:59:59,12.832,200
2000-06-12,23:59:59,17.522,200
2001-04-18,23:59:59,15.433,200
2001-09-12,23:59:59,12.896,200
2001-11-24,23:59:59,4.587,200
2001-11-26,23:59:59,11.314,200
2002-03-28,23:59:59,14.809,200
2002-12-01,23:59:59,10.066,200
2003-05-16,23:59:59,10.274,200
2004-02-11,23:59:59,20.397,200
2004-07-05,23:59:59,25.247,200
2004-07-12,23:59:59,23.817,200
2005-01-31,23:59:59,11.323,200
2005-02-25,23:59:59,14.146,200
2006-04-20,23:59:59,10.658,200
2006-09-01,23:59:59,16.175,200
2007-03-27,23:59:59,8.404,200
2007-04-16,23:59:59,7.242,200
2007-08-05,23:59:59,9.400,200
2008-06-20,23:59:59,9.056,200
2009-03-27,23:59:59,9.344,200
2009-06-06,23:59:59,15.995,200
2009-07-04,23:59:59,7.617,200
2010-03-05,23:59:59,12.299,200
2010-04-06,23:59:59,7.067,200
2011-09-11,23:59:59,7.138,200
2011-11-13,23:59:59,12.442,200
2012-06-18,23:59:59,20.958,200
2013-01-06,23:59:59,17.822,200
2013-06-10,23:59:59,13.242,200
2014-04-06,23:59:59,8.956,200
2014-05-04,23:59:59,6.801,200
2014-08-02,23:59:59,5.830,200
2014-11-02,23:59:59,7.749,200
2014-11-20,23:59:59,9.515,200
2016-02-07,23:59:59,7.621,200
2016-07-17,23:59:59,19.272,200
2017-03-17,23:59:59,9.401,200
2017-03-27,23:59:59,16.636,200
2017-09-08,23:59:59,17.585,200
2017-09-13,23:59:59,25.301,200
2017-10-04,23:59:59,12.825,200
2018-01-17,23:59:59,18.102,200
2018-06-27,23:59:59,21.777,200
2018-12-03,23:59:59,15.034,200
2019-02-28,23:59:59,5.617,200
2020-02-14,23:59:59,10.966,200
2020-02-24,23:59:59,8.844,200
2020-07-11,23:59:59,7.512,200
2021-08-04,23:59:59,17.423,200
2023-09-27,23:59:59,11.635,200
2023-11-18,23:59:59,10.812,200
2023-12-23,23:59:59,6.049,200
2024-01-07,23:59:59,14.173,200
2024-02-03,23:59:59,16.633,200
2024-05-10,23:59:59,20.593,200
2024-11-06,23:59:59,16.738,200
2024-11-07,23:59:59,9.606,200
1980-02-04,23:59:59,20.194,200
1982-03-02,23:59:59,16.295,200
1982-10-04,23:59:59,13.000,200
1983-08-08,23:59:59,9.065,200
1983-09-22,23:59:59,6.987,200
1984-03-31,23:59:59,13.669,200
1984-05-10,23:59:59,7.236,200
1984-07-02,23:59:59,15.834,200
1984-12-23,23:59:59,5.585,200
1985-09-21,23:59:59,14.811,200
1986-11-24,23:59:59,20.581,200
1987-11-17,23:59:59,11.833,200
1988-03-07,23:59:59,10.470,200
1988-04-02,23:59:59,6.788,200
1988-07-08,23:59:59,10.460,200
1988-09-25,23:59:59,15.838,200
1989-12-28,23:59:59,10.262,200
1990-03-06,23:59:59,17.401,200
1990-03-31,23:59:59,11.696,200
1992-06-15,23:59:59,6.650,200
1992-10-28,23:59:59,18.975,200
1993-07-11,23:59:59,20.722,200
1996-04-26,23:59:59,6.842,200
1996-06-16,23:59:59,15.880,200
1996-07-14,23:59:59,19.028,200
1996-09-23,23:59:59,25.075,200
1996-10-21,23:59:59,21.587,200
1997-04-09,23:59:59,4.809,200
1997-06-04,23:59:59,15.360,200
1997-06-13,23:59:59,11.365,200
1997-10-02,23:59:59,10.194,200
1997-12-07,23:59:59,12.308,200
1998-03-22,23:59:59,9.815,200
1998-05-08,23:59:59,6.048,200
1998-05-09,23:59:59,6.003,200
1998-08-19,23:59:59,23.525,200
1999-08-04,23:59:59,8.191,200
2000-04-23,23:59:59,5.928,200
2000-06-04,23:59:59,8.201,200
2001-06-03,23:59:59,18.350,200
2002-09-18,23:59:59,21.582,200
2002-09-25,23:59:59,21.641,200
2002-12-28,23:59:59,4.588,200
2003-01-25,23:59:59,7.468,200
2003-05-09,23:59:59,9.389,200
2004-03-31,23:59:59,19.893,200
2004-12-26,23:59:59,6.213,200
2005-04-16,23:59:59,7.629,200
2006-11-21,23:59:59,11.366,200
2007-01-21,23:59:59,9.971,200
2007-09-13,23:59:59,15.847,200
2007-11-11,23:59:59,10.536,200
2008-01-13,23:59:59,11.789,200
2008-05-22,23:59:59,13.686,200
2009-03-19,23:59:59,10.792,200
2009-08-12,23:59:59,11.392,200
2009-10-22,23:59:59,22.005,200
2010-03-30,23:59:59,13.353,200
2010-09-06,23:59:59,17.375,200
2011-02-10,23:59:59,12.192,200
2011-08-28,23:59:59,8.943,200
2012-03-29,23:59:59,16.067,200
2012-10-26,23:59:59,11.843,200
2013-08-07,23:59:59,7.252,200
2013-08-16,23:59:59,9.070,200
2014-07-08,23:59:59,8.497,200
2015-05-09,23:59:59,7.050,200
2015-12-01,23:59:59,16.035,200
2016-01-12,23:59:59,15.318,200
2016-04-10,23:59:59,10.293,200
2016-11-02,23:59:59,14.789,200
2017-05-12,23:59:59,16.687,200
2017-07-29,23:59:59,19.070,200
2017-10-23,23:59:59,10.002,200
2018-04-25,23:59:59,12.917,200
2019-09-08,23:59:59,13.376,200
2020-05-13,23:59:59,13.037,200
2020-09-13,23:59:59,11.922,200
2021-03-18,23:59:59,12.795,200
2021-06-30,23:59:59,16.643,200
2021-09-24,23:59:59,5.431,200
2021-11-17,23:59:59,10.607,200
2022-03-09,23:59:59,11.018,200
2022-06-04,23:59:59,7.742,200
2022-06-05,23:59:59,10.898,200
2022-10-09,23:59:59,25.801,200
2023-05-23,23:59:59,24.964,200
2023-06-25,23:59:59,11.807,200
2024-02-17,23:59:59,13.471,200
2024-02-27,23:59:59,13.354,200
2024-05-15,23:59:59,12.198,200
2024-06-13,23:59:59,18.848,200
2024-06-15,23:59:59,4.128,200
2024-06-22,23:59:59,16.304,200
2024-08-16,23:59:59,4.476,200
1980-09-07,23:59:59,7.126,200
1981-04-15,23:59:59,11.075,200
1981-06-01,23:59:59,7.998,200
1982-10-26,23:59:59,15.148,200
1985-09-02,23:59:59,11.170,200
1985-10-19,23:59:59,11.766,200
1985-11-03,23:59:59,10.164,200
1986-04-22,23:59:59,10.434,200
1986-10-21,23:59:59,19.241,200
1987-07-31,23:59:59,16.621,200
1987-11-02,23:59:59,11.741,200
1987-12-07,23:59:59,14.868,200
1988-02-26,23:59:59,13.089,200
1988-08-01,23:59:59,18.344,200
1991-02-27,23:59:59,13.764,200
1991-03-18,23:59:59,14.518,200
1991-07-01,23:59:59,9.409,200
1991-12-08,23:59:59,11.753,200
1992-03-17,23:59:59,16.854,200
1993-05-02,23:59:59,7.119,200
1994-03-27,23:59:59,9.996,200
1995-08-20,23:59:59,22.899,200
1995-12-03,23:59:59,15.472,200
1996-05-10,23:59:59,17.468,200
1996-05-14,23:59:59,16.490,200
1996-05-25,23:59:59,17.521,200
1996-08-31,23:59:59,24.111,200
1997-01-15,23:59:59,15.075,200
1997-07-06,23:59:59,8.521,200
1997-08-15,23:59:59,10.400,200
1998-06-06,23:59:59,11.204,200
1998-10-31,23:59:59,26.166,200
1998-12-26,23:59:59,8.577,200
1999-05-22,23:59:59,17.030,200
2000-02-10,23:59:59,15.882,200
2000-02-13,23:59:59,12.465,200
2000-04-09,23:59:59,7.189,200
2000-07-16,23:59:59,10.684,200
2001-04-24,23:59:59,12.421,200
2001-07-27,23:59:59,11.583,200
2001-08-07,23:59:59,12.005,200
2002-01-24,23:59:59,16.795,200
2002-08-27,23:59:59,22.585,200
2004-01-13,23:59:59,9.830,200
2004-08-06,23:59:59,24.392,200
2006-06-07,23:59:59,23.891,200
2007-04-13,23:59:59,5.415,200
2007-04-24,23:59:59,11.325,200
2007-06-04,23:59:59,7.746,200
2007-08-25,23:59:59,8.906,200
2007-10-06,23:59:59,5.778,200
2007-10-09,23:59:59,16.110,200
2008-02-14,23:59:59,14.652,200
2009-02-06,23:59:59,11.911,200
2009-02-12,23:59:59,12.484,200
2009-07-17,23:59:59,10.626,200
2009-09-25,23:59:59,12.313,200
2010-03-01,23:59:59,18.013,200
2010-05-26,23:59:59,5.936,200
2010-10-14,23:59:59,26.099,200
2011-12-26,23:59:59,11.254,200
2012-01-22,23:59:59,22.522,200
2012-06-14,23:59:59,21.025,200
2014-01-19,23:59:59,7.414,200
2015-10-08,23:59:59,15.153,200
2016-01-06,23:59:59,10.169,200
2016-09-08,23:59:59,20.944,200
2017-02-15,23:59:59,14.331,200
2018-02-04,23:59:59,5.344,200
2019-06-27,23:59:59,18.942,200
2019-09-30,23:59:59,11.898,200
2022-05-10,23:59:59,14.216,200
2023-04-01,23:59:59,5.466,200
2023-05-16,23:59:59,25.047,200
2023-08-26,23:59:59,17.601,200
2024-02-09,23:59:59,18.758,200
2024-03-14,23:59:59,14.416,200
1980-03-03,23:59:59,14.899,200
1980-05-11,23:59:59,13.300,200
1980-12-16,23:59:59,17.975,200
1980-12-29,23:59:59,12.626,200
1981-01-16,23:59:59,15.755,200
1982-06-27,23:59:59,10.924,200
1982-12-16,23:59:59,9.608,200
1984-04-28,23:59:59,10.371,200
1984-08-02,23:59:59,5.007,200
1984-11-02,23:59:59,6.744,200
1984-11-20,23:59:59,20.474,200
1985-08-23,23:59:59,9.973,200
1986-03-07,23:59:59,15.917,200
1986-10-27,23:59:59,14.058,200
1987-07-16,23:59:59,14.261,200
1988-02-10,23:59:59,14.340,200
1989-04-30,23:59:59,9.924,200
1989-07-31,23:59:59,17.468,200
1989-08-13,23:59:59,11.688,200
1989-08-23,23:59:59,14.056,200
1990-02-18,23:59:59,15.666,200
1990-12-02,23:59:59,12.731,200
1992-04-26,23:59:59,6.721,200
1992-05-04,23:59:59,7.721,200
1992-08-28,23:59:59,19.052,200
1992-11-23,23:59:59,15.186,200
1993-03-21,23:59:59,9.866,200
1994-01-10,23:59:59,11.755,200
1994-11-01,23:59:59,23.352,200
1995-03-27,23:59:59,7.593,200
1995-04-25,23:59:59,17.127,200
1995-04-28,23:59:59,20.369,200
1995-05-07,23:59:59,16.855,200
1996-07-29,23:59:59,21.247,200
1996-12-06,23:59:59,17.947,200
1997-01-01,23:59:59,12.786,200
1997-02-07,23:59:59,6.150,200
1997-11-02,23:59:59,11.230,200
2000-08-03,23:59:59,15.116,200
2000-08-28,23:59:59,13.211,200
2001-09-15,23:59:59,11.227,200
2001-10-05,23:59:59,12.130,200
2002-01-07,23:59:59,11.229,200
2002-02-13,23:59:59,10.206,200
2003-10-09,23:59:59,11.275,200
2004-04-23,23:59:59,12.001,200
2005-03-01,23:59:59,16.210,200
2005-08-30,23:59:59,12.688,200
2006-03-23,23:59:59,13.091,200
2006-06-06,23:59:59,22.952,200
2006-09-09,23:59:59,12.705,200
2006-10-26,23:59:59,17.051,200
2007-02-10,23:59:59,9.831,200
2007-02-13,23:59:59,18.423,200
2007-07-17,23:59:59,19.766,200
2008-05-12,23:59:59,11.602,200
2009-12-07,23:59:59,7.886,200
2010-07-03,23:59:59,8.300,200
2010-12-22,23:59:59,6.611,200
2011-08-20,23:59:59,19.277,200
2011-10-07,23:59:59,13.309,200
2011-12-17,23:59:59,7.516,200
2012-01-14,23:59:59,16.580,200
2012-04-05,23:59:59,11.443,200
2012-11-27,23:59:59,17.896,200
2013-05-18,23:59:59,5.562,200
2014-08-29,23:59:59,12.448,200
2014-10-05,23:59:59,10.041,200
2015-06-02,23:59:59,10.849,200
2015-08-17,23:59:59,19.722,200
2015-12-07,23:59:59,13.879,200
2016-01-17,23:59:59,12.116,200
2016-07-13,23:59:59,16.117,200
2016-08-10,23:59:59,22.214,200
2017-06-12,23:59:59,22.025,200
2017-06-23,23:59:59,17.675,200
2017-08-13,23:59:59,11.136,200
2018-06-28,23:59:59,20.083,200
2018-12-26,23:59:59,5.231,200
2020-06-16,23:59:59,11.440,200
2020-10-19,23:59:59,7.486,200
2021-04-26,23:59:59,6.116,200
2021-05-01,23:59:59,9.446,200
2021-05-23,23:59:59,6.021,200
2021-08-30,23:59:59,4.326,200
2021-10-15,23:59:59,10.013,200
2022-07-17,23:59:59,24.905,200
2022-07-22,23:59:59,24.644,200
2023-05-20,23:59:59,24.636,200
2023-06-08,23:59:59,24.205,200
2024-01-05,23:59:59,6.676,200
1980-07-28,23:59:59,17.489,200
1980-09-16,23:59:59,17.245,200
1981-04-08,23:59:59,16.510,200
1983-01-07,23:59:59,8.791,200
1983-11-09,23:59:59,21.449,200
1984-03-10,23:59:59,7.214,200
1984-09-28,23:59:59,9.564,200
1985-07-17,23:59:59,8.272,200
1985-09-11,23:59:59,14.991,200
1986-01-13,23:59:59,24.872,200
1986-07-01,23:59:59,14.914,200
1986-08-12,23:59:59,18.865,200
1986-09-12,23:59:59,17.158,200
1988-03-21,23:59:59,12.502,200
1988-05-14,23:59:59,6.548,200
1989-10-06,23:59:59,12.482,200
1990-11-07,23:59:59,20.145,200
1990-12-10,23:59:59,20.498,200
1991-04-04,23:59:59,13.625,200
1992-04-28,23:59:59,16.864,200
1994-03-20,23:59:59,9.650,200
1994-04-14,23:59:59,7.427,200
1995-07-28,23:59:59,20.942,200
1995-11-03,23:59:59,21.679,200
1996-04-02,23:59:59,6.005,200
1998-04-04,23:59:59,8.853,200
1998-04-14,23:59:59,8.051,200
1999-08-25,23:59:59,11.653,200
2000-04-04,23:59:59,6.990,200
2000-06-09,23:59:59,13.883,200
2002-01-22,23:59:59,16.846,200
2002-02-01,23:59:59,9.295,200
2002-11-10,23:59:59,6.585,200
2003-03-16,23:59:59,6.668,200
2003-04-04,23:59:59,8.740,200
2003-04-06,23:59:59,4.929,200
2003-09-04,23:59:59,13.083,200
2004-02-27,23:59:59,17.780,200
2004-10-18,23:59:59,15.973,200
2005-08-01,23:59:59,10.723,200
2005-08-10,23:59:59,9.912,200
2005-10-25,23:59:59,24.263,200
2005-12-16,23:59:59,6.943,200
2007-04-05,23:59:59,7.079,200
2007-05-23,23:59:59,8.711,200
2008-09-06,23:59:59,22.727,200
2008-12-27,23:59:59,6.392,200
2009-05-04,23:59:59,10.680,200
2009-07-27,23:59:59,16.519,200
2009-10-13,23:59:59,20.436,200
2010-05-09,23:59:59,7.596,200
2010-06-26,23:59:59,9.732,200
2011-08-30,23:59:59,11.497,200
2012-06-17,23:59:59,11.556,200
2012-07-17,23:59:59,6.904,200
2012-08-09,23:59:59,22.287,200
2012-10-31,23:59:59,20.942,200
2013-12-22,23:59:59,6.816,200
2014-04-15,23:59:59,10.305,200
2015-02-08,23:59:59,6.817,200
2015-11-12,23:59:59,11.048,200
2015-11-22,23:59:59,6.878,200
2016-03-03,23:59:59,14.659,200
2016-03-27,23:59:59,5.078,200
2016-06-24,23:59:59,4.992,200
2016-07-05,23:59:59,13.750,200
2016-09-16,23:59:59,17.982,200
2017-04-24,23:59:59,26.112,200
2017-07-26,23:59:59,21.183,200
2018-07-05,23:59:59,19.319,200
2018-07-22,23:59:59,10.064,200
2019-03-15,23:59:59,8.527,200
2019-09-01,23:59:59,12.913,200
2019-10-01,23:59:59,9.618,200
2019-11-25,23:59:59,13.775,200
2019-11-30,23:59:59,7.315,200
2019-12-21,23:59:59,5.257,200
2020-05-10,23:59:59,5.750,200
2021-01-29,23:59:59,11.304,200
2021-07-08,23:59:59,8.195,200
2021-09-10,23:59:59,8.368,200
2021-12-10,23:59:59,8.600,200
2022-06-17,23:59:59,9.696,200
2022-07-20,23:59:59,24.818,200
2023-08-21,23:59:59,13.686,200
2024-07-19,23:59:59,15.054,200
1980-01-24,23:59:59,24.042,200
1980-12-19,23:59:59,17.834,200
1981-04-03,23:59:59,16.100,200
1982-06-10,23:59:59,18.004,200
1983-03-19,23:59:59,7.707,200
1983-11-10,23:59:59,22.569,200
1985-03-10,23:59:59,11.460,200
1986-02-27,23:59:59,17.910,200
1986-07-08,23:59:59,13.592,200
1986-07-29,23:59:59,22.560,200
1986-08-11,23:59:59,18.380,200
1986-09-06,23:59:59,17.287,200
1987-06-02,23:59:59,14.469,200
1987-07-19,23:59:59,11.527,200
1988-02-14,23:59:59,11.841,200
1988-05-17,23:59:59,13.524,200
1990-12-07,23:59:59,21.453,200
1991-06-08,23:59:59,9.626,200
1991-09-12,23:59:59,21.431,200
1991-11-27,23:59:59,18.877,200
1992-02-07,23:59:59,10.611,200
1992-02-09,23:59:59,9.621,200
1992-07-12,23:59:59,10.486,200
1992-09-27,23:59:59,22.349,200
1992-10-29,23:59:59,21.407,200
1993-03-04,23:59:59,7.885,200
1993-04-11,23:59:59,6.255,200
1993-12-25,23:59:59,10.880,200
1995-02-07,23:59:59,10.443,200
1995-05-27,23:59:59,22.159,200
1995-10-10,23:59:59,21.072,200
1996-05-13,23:59:59,17.346,200
1997-07-18,23:59:59,16.566,200
1997-09-26,23:59:59,12.363,200
1998-11-13,23:59:59,25.320,200
1999-01-26,23:59:59,20.364,200
1999-02-19,23:59:59,13.495,200
1999-06-13,23:59:59,14.559,200
2000-08-30,23:59:59,13.696,200
2000-09-13,23:59:59,19.819,200
2002-04-13,23:59:59,6.651,200
2002-05-07,23:59:59,12.156,200
2002-07-31,23:59:59,20.581,200
2002-08-15,23:59:59,7.893,200
2002-09-07,23:59:59,15.213,200
2003-03-15,23:59:59,6.810,200
2003-05-11,23:59:59,6.567,200
2003-10-11,23:59:59,12.552,200
2003-11-02,23:59:59,15.759,200
2004-09-08,23:59:59,22.793,200
2005-05-09,23:59:59,9.702,200
2005-07-31,23:59:59,15.342,200
2005-11-30,23:59:59,16.944,200
2006-02-07,23:59:59,13.907,200
2006-06-19,23:59:59,21.969,200
2006-08-27,23:59:59,15.283,200
2007-01-31,23:59:59,19.032,200
2008-02-16,23:59:59,7.863,200
2008-02-27,23:59:59,8.795,200
2010-02-13,23:59:59,13.553,200
2010-03-15,23:59:59,10.407,200
2010-07-28,23:59:59,12.499,200
2010-07-30,23:59:59,14.351,200
2010-07-31,23:59:59,9.517,200
2011-01-09,23:59:59,7.351,200
2011-05-19,23:59:59,22.018,200
2011-10-20,23:59:59,12.592,200
2013-02-10,23:59:59,7.072,200
2014-04-17,23:59:59,6.077,200
2015-03-17,23:59:59,11.078,200
2015-04-19,23:59:59,5.813,200
2015-05-26,23:59:59,16.154,200
2015-07-07,23:59:59,20.451,200
2015-10-15,23:59:59,9.433,200
2016-02-14,23:59:59,7.741,200
2016-04-30,23:59:59,7.811,200
2017-01-27,23:59:59,10.533,200
2018-03-01,23:59:59,18.225,200
2018-05-10,23:59:59,18.203,200
2019-12-31,23:59:59,7.178,200
2020-01-21,23:59:59,17.806,200
2020-04-03,23:59:59,7.452,200
2020-04-11,23:59:59,6.269,200
2021-03-07,23:59:59,8.549,200
2021-05-09,23:59:59,5.320,200
2022-02-01,23:59:59,15.592,200
2022-02-11,23:59:59,9.465,200
2022-04-22,23:59:59,6.266,200
2022-12-05,23:59:59,25.855,200
2023-03-06,23:59:59,11.205,200
1980-08-13,23:59:59,19.136,200
1980-12-18,23:59:59,21.018,200
1981-11-17,23:59:59,14.957,200
1981-12-30,23:59:59,11.049,200
1982-05-31,23:59:59,18.788,200
1982-06-25,23:59:59,16.407,200
1982-07-26,23:59:59,15.272,200
1984-04-24,23:59:59,8.558,200
1984-09-29,23:59:59,10.369,200
1984-11-17,23:59:59,3.651,200
1985-11-17,23:59:59,14.789,200
1985-11-28,23:59:59,14.447,200
1986-05-18,23:59:59,6.060,200
1987-01-17,23:59:59,12.482,200
1987-09-27,23:59:59,13.374,200
1988-02-11,23:59:59,13.247,200
1988-03-14,23:59:59,10.629,200
1988-05-13,23:59:59,9.736,200
1988-08-11,23:59:59,11.147,200
1988-10-26,23:59:59,23.525,200
1989-02-01,23:59:59,18.987,200
1989-04-28,23:59:59,9.487,200
1989-06-30,23:59:59,19.935,200
1989-11-09,23:59:59,15.114,200
1989-12-02,23:59:59,13.980,200
1991-01-18,23:59:59,10.468,200
1991-02-17,23:59:59,16.271,200
1992-01-07,23:59:59,13.404,200
1992-12-20,23:59:59,16.520,200
1993-11-17,23:59:59,5.941,200
1994-02-15,23:59:59,15.446,200
1994-04-13,23:59:59,4.565,200
1994-06-16,23:59:59,5.460,200
1996-02-12,23:59:59,18.843,200
1996-05-21,23:59:59,15.799,200
1996-10-09,23:59:59,17.446,200
1997-10-23,23:59:59,18.053,200
1997-12-28,23:59:59,6.193,200
1998-08-28,23:59:59,17.088,200
1998-12-24,23:59:59,16.958,200
1999-11-27,23:59:59,8.221,200
2000-02-25,23:59:59,11.390,200
2001-08-01,23:59:59,11.221,200
2001-10-13,23:59:59,9.180,200
2001-11-14,23:59:59,11.192,200
2002-02-11,23:59:59,11.953,200
2002-04-12,23:59:59,11.739,200
2003-05-06,23:59:59,8.221,200
2004-08-31,23:59:59,22.818,200
2004-12-04,23:59:59,14.200,200
2005-05-19,23:59:59,9.473,200
2005-09-28,23:59:59,11.252,200
2006-05-29,23:59:59,13.280,200
2007-03-07,23:59:59,13.305,200
2007-06-02,23:59:59,5.082,200
2007-10-22,23:59:59,13.573,200
2007-11-12,23:59:59,14.277,200
2008-03-07,23:59:59,7.340,200
2008-04-30,23:59:59,5.083,200
2008-06-09,23:59:59,13.903,200
2008-10-17,23:59:59,18.292,200
2008-11-16,23:59:59,10.303,200
2009-02-04,23:59:59,16.223,200
2009-11-01,23:59:59,22.379,200
2010-01-03,23:59:59,8.288,200
2010-04-13,23:59:59,8.938,200
2010-05-11,23:59:59,8.238,200
2010-06-12,23:59:59,7.701,200
2010-06-19,23:59:59,7.761,200
2010-09-23,23:59:59,27.521,200
2011-11-16,23:59:59,7.566,200
2013-07-06,23:59:59,5.461,200
2014-12-06,23:59:59,17.476,200
2016-04-21,23:59:59,13.729,200
2017-05-04,23:59:59,15.539,200
2017-09-24,23:59:59,25.304,200
2018-03-09,23:59:59,7.957,200
2018-03-21,23:59:59,22.431,200
2018-06-13,23:59:59,18.180,200
2018-10-06,23:59:59,11.793,200
2018-10-27,23:59:59,7.838,200
2018-12-01,23:59:59,11.246,200
2019-01-06,23:59:59,6.057,200
2019-12-04,23:59:59,16.825,200
2020-02-27,23:59:59,10.879,200
2020-06-20,23:59:59,4.478,200
2021-05-18,23:59:59,7.785,200
2022-01-01,23:59:59,5.478,200
2022-07-18,23:59:59,24.504,200
2023-06-23,23:59:59,5.278,200
2023-10-11,23:59:59,13.038,200
2024-09-13,23:59:59,7.462,200
1980-02-23,23:59:59,13.537,200
1980-07-09,23:59:59,17.380,200
1981-03-26,23:59:59,8.839,200
1981-04-30,23:59:59,11.296,200
1981-09-15,23:59:59,17.643,200
1982-10-27,23:59:59,11.446,200
1984-06-15,23:59:59,20.263,200
1984-06-24,23:59:59,18.869,200
1984-10-06,23:59:59,17.228,200
1984-12-17,23:59:59,8.859,200
1985-08-05,23:59:59,10.756,200
1985-10-16,23:59:59,12.373,200
1986-11-28,23:59:59,18.489,200
1987-06-19,23:59:59,14.864,200
1988-04-12,23:59:59,12.680,200
1989-04-10,23:59:59,17.901,200
1991-03-24,23:59:59,10.240,200
1991-09-20,23:59:59,14.115,200
1992-01-14,23:59:59,11.613,200
1992-04-13,23:59:59,11.213,200
1992-06-01,23:59:59,7.346,200
1992-08-19,23:59:59,18.367,200
1992-08-31,23:59:59,23.491,200
1992-09-22,23:59:59,22.563,200
1992-11-10,23:59:59,19.699,200
1993-06-13,23:59:59,10.994,200
1994-12-07,23:59:59,18.186,200
1995-01-21,23:59:59,7.728,200
1995-04-22,23:59:59,16.244,200
1995-10-05,23:59:59,18.303,200
1996-01-16,23:59:59,24.100,200
1996-12-16,23:59:59,22.188,200
1997-02-05,23:59:59,14.186,200
1997-03-09,23:59:59,4.984,200
1997-03-29,23:59:59,4.305,200
1997-04-11,23:59:59,6.653,200
1997-09-02,23:59:59,15.450,200
1998-05-29,23:59:59,11.169,200
1999-08-06,23:59:59,9.397,200
1999-10-03,23:59:59,11.704,200
2000-01-12,23:59:59,8.748,200
2000-04-20,23:59:59,7.100,200
2000-04-27,23:59:59,13.753,200
2000-07-22,23:59:59,4.429,200
2001-03-27,23:59:59,19.584,200
2001-06-08,23:59:59,18.504,200
2002-06-13,23:59:59,13.665,200
2002-06-23,23:59:59,8.119,200
2004-07-20,23:59:59,25.238,200
2005-07-11,23:59:59,11.591,200
2006-07-04,23:59:59,14.362,200
2007-11-07,23:59:59,16.670,200
2008-11-10,23:59:59,15.219,200
2008-11-24,23:59:59,17.306,200
2009-01-15,23:59:59,11.727,200
2009-03-08,23:59:59,9.311,200
2009-03-10,23:59:59,12.181,200
2009-08-15,23:59:59,5.230,200
2010-04-09,23:59:59,7.849,200
2010-05-19,23:59:59,8.546,200
2010-09-01,23:59:59,12.487,200
2012-09-26,23:59:59,14.900,200
2013-01-01,23:59:59,6.440,200
2013-06-01,23:59:59,5.476,200
2013-09-03,23:59:59,17.629,200
2013-09-24,23:59:59,6.602,200
2013-09-26,23:59:59,10.246,200
2013-12-30,23:59:59,7.586,200
2014-02-05,23:59:59,16.587,200
2014-03-18,23:59:59,8.238,200
2014-03-23,23:59:59,6.950,200
2014-07-19,23:59:59,16.361,200
2016-10-23,23:59:59,5.952,200
2017-05-25,23:59:59,25.155,200
2017-09-02,23:59:59,16.602,200
2018-04-10,23:59:59,17.904,200
2019-09-26,23:59:59,16.325,200
2019-12-27,23:59:59,17.560,200
2020-07-17,23:59:59,8.125,200
2020-08-25,23:59:59,12.614,200
2020-09-03,23:59:59,18.177,200
2020-12-28,23:59:59,8.922,200
2021-01-14,23:59:59,20.602,200
2021-03-01,23:59:59,14.257,200
2021-05-11,23:59:59,6.487,200
2021-05-15,23:59:59,4.363,200
2022-01-28,23:59:59,10.296,200
2022-05-26,23:59:59,14.760,200
2022-09-07,23:59:59,24.992,200
2022-11-07,23:59:59,14.837,200
2023-05-04,23:59:59,15.835,200
1980-01-25,23:59:59,24.000,200
1980-06-13,23:59:59,12.016,200
1980-07-03,23:59:59,7.292,200
1980-10-15,23:59:59,19.199,200
1981-02-27,23:59:59,8.253,200
1983-05-15,23:59:59,8.766,200
1984-06-19,23:59:59,20.862,200
1984-12-12,23:59:59,14.200,200
1985-06-19,23:59:59,9.502,200
1987-01-31,23:59:59,8.189,200
1987-03-20,23:59:59,9.481,200
1987-06-29,23:59:59,14.642,200
1987-07-05,23:59:59,14.212,200
1987-07-20,23:59:59,15.121,200
1988-03-03,23:59:59,10.382,200
1988-11-24,23:59:59,23.514,200
1989-03-16,23:59:59,15.076,200
1989-04-12,23:59:59,18.880,200
1989-07-11,23:59:59,19.518,200
1990-06-02,23:59:59,12.147,200
1991-05-04,23:59:59,5.718,200
1993-02-02,23:59:59,11.253,200
1993-05-15,23:59:59,5.767,200
1993-11-30,23:59:59,5.552,200
1994-09-11,23:59:59,13.583,200
1994-12-31,23:59:59,8.175,200
1995-01-11,23:59:59,14.851,200
1995-06-01,23:59:59,22.590,200
1995-10-07,23:59:59,11.015,200
1996-04-11,23:59:59,5.310,200
1996-10-03,23:59:59,24.597,200
1996-12-17,23:59:59,23.492,200
1997-02-02,23:59:59,9.249,200
1997-05-10,23:59:59,6.837,200
1997-11-22,23:59:59,9.600,200
1998-10-26,23:59:59,25.417,200
1999-07-31,23:59:59,8.148,200
2000-02-08,23:59:59,20.625,200
2000-06-05,23:59:59,10.077,200
2000-07-18,23:59:59,15.861,200
2002-04-17,23:59:59,11.392,200
2002-09-02,23:59:59,20.381,200
2003-02-03,23:59:59,12.897,200
2003-08-05,23:59:59,14.133,200
2005-03-10,23:59:59,9.921,200
2005-06-21,23:59:59,15.678,200
2006-03-09,23:59:59,15.453,200
2006-08-21,23:59:59,21.994,200
2006-09-18,23:59:59,19.012,200
2006-11-06,23:59:59,15.755,200
2008-03-30,23:59:59,7.296,200
2008-06-30,23:59:59,16.831,200
2009-03-07,23:59:59,10.442,200
2010-03-03,23:59:59,19.384,200
2010-08-04,23:59:59,6.084,200
2010-08-31,23:59:59,17.122,200
2010-09-17,23:59:59,26.789,200
2010-10-22,23:59:59,16.494,200
2012-10-08,23:59:59,24.052,200
2012-10-27,23:59:59,8.324,200
2012-12-02,23:59:59,7.131,200
2013-02-09,23:59:59,6.611,200
2013-04-01,23:59:59,6.083,200
2014-04-13,23:59:59,4.980,200
2015-02-21,23:59:59,6.897,200
2015-03-14,23:59:59,8.398,200
2015-04-17,23:59:59,6.234,200
2015-06-28,23:59:59,7.360,200
2015-07-17,23:59:59,9.193,200
2016-12-10,23:59:59,10.301,200
2017-08-16,23:59:59,21.032,200
2017-10-19,23:59:59,22.874,200
2019-04-27,23:59:59,6.425,200
2019-06-18,23:59:59,14.719,200
2020-01-10,23:59:59,6.252,200
2021-03-15,23:59:59,16.969,200
2021-04-18,23:59:59,9.022,200
2021-09-27,23:59:59,9.839,200
2022-05-09,23:59:59,7.401,200
2023-06-26,23:59:59,20.121,200
2023-07-09,23:59:59,10.489,200
2023-09-11,23:59:59,10.434,200
2024-10-09,23:59:59,7.189,200
2024-10-20,23:59:59,12.085,200
1980-03-21,23:59:59,15.770,200
1980-11-19,23:59:59,17.850,200
1980-12-21,23:59:59,7.464,200
1981-03-04,23:59:59,15.030,200
1981-12-15,23:59:59,12.385,200
1982-04-12,23:59:59,12.598,200
1982-05-02,23:59:59,5.841,200
1982-07-23,23:59:59,16.484,200
1982-11-09,23:59:59,15.449,200
1983-02-02,23:59:59,10.726,200
1983-03-25,23:59:59,8.326,200
1983-05-18,23:59:59,17.449,200
1983-07-19,23:59:59,8.617,200
1983-07-26,23:59:59,16.815,200
1984-07-13,23:59:59,10.173,200
1985-08-13,23:59:59,12.685,200
1985-11-18,23:59:59,15.801,200
1986-05-04,23:59:59,5.493,200
1986-05-30,23:59:59,15.900,200
1986-09-30,23:59:59,21.288,200
1986-12-22,23:59:59,15.926,200
1987-05-24,23:59:59,15.549,200
1988-05-26,23:59:59,13.765,200
1988-11-12,23:59:59,16.590,200
1989-08-10,23:59:59,14.457,200
1990-07-11,23:59:59,9.171,200
1991-04-01,23:59:59,12.163,200
1991-06-05,23:59:59,13.463,200
1991-09-07,23:59:59,19.032,200
1991-09-16,23:59:59,21.329,200
1991-11-04,23:59:59,15.392,200
1993-03-07,23:59:59,6.791,200
1993-06-14,23:59:59,10.811,200
1993-09-11,23:59:59,6.548,200
1994-01-06,23:59:59,10.609,200
1994-10-15,23:59:59,18.176,200
1996-02-24,23:59:59,18.026,200
1997-02-08,23:59:59,9.813,200
1997-03-27,23:59:59,8.737,200
1997-05-19,23:59:59,10.622,200
1997-11-15,23:59:59,10.640,200
1998-02-17,23:59:59,12.597,200
1998-03-20,23:59:59,10.484,200
1998-05-27,23:59:59,5.028,200
1998-07-08,23:59:59,15.325,200
1998-10-10,23:59:59,12.619,200
1998-10-15,23:59:59,18.304,200
1999-01-12,23:59:59,20.340,200
2000-01-27,23:59:59,10.616,200
2000-10-02,23:59:59,9.692,200
2001-01-24,23:59:59,16.316,200
2001-03-19,23:59:59,12.420,200
2001-03-24,23:59:59,8.004,200
2001-03-25,23:59:59,7.315,200
2001-06-01,23:59:59,19.205,200
2001-12-30,23:59:59,25.116,200
2002-01-19,23:59:59,14.417,200
2002-08-23,23:59:59,20.573,200
2003-03-09,23:59:59,7.780,200
2004-05-24,23:59:59,14.084,200
2006-05-20,23:59:59,13.303,200
2006-12-19,23:59:59,14.966,200
2007-03-26,23:59:59,12.280,200
2007-04-07,23:59:59,6.850,200
2007-05-28,23:59:59,15.417,200
2007-11-03,23:59:59,14.454,200
2008-10-03,23:59:59,18.497,200
2008-10-16,23:59:59,23.606,200
2009-03-26,23:59:59,12.890,200
2009-09-05,23:59:59,17.865,200
2009-10-12,23:59:59,18.583,200
2010-01-16,23:59:59,9.886,200
2011-11-18,23:59:59,10.997,200
2012-01-08,23:59:59,24.927,200
2012-05-23,23:59:59,17.608,200
2012-06-22,23:59:59,9.521,200
2012-07-30,23:59:59,16.045,200
2012-10-01,23:59:59,18.082,200
2013-10-13,23:59:59,6.989,200
2014-05-18,23:59:59,13.532,200
2014-06-10,23:59:59,11.783,200
2014-10-27,23:59:59,4.982,200
2015-11-09,23:59:59,13.250,200
2016-07-31,23:59:59,8.607,200
2016-10-20,23:59:59,18.324,200
2016-11-23,23:59:59,16.907,200
2018-04-04,23:59:59,17.838,200
2018-08-15,23:59:59,19.485,200
2019-09-21,23:59:59,16.306,200
2020-08-23,23:59:59,7.560,200
2021-03-23,23:59:59,13.739,200
2021-03-31,23:59:59,10.037,200
2021-10-01,23:59:59,10.476,200
2022-01-12,23:59:59,12.730,200
2022-03-06,23:59:59,7.112,200
2022-05-08,23:59:59,4.776,200
2022-08-22,23:59:59,25.450,200
2022-09-01,23:59:59,25.471,200
2023-08-17,23:59:59,19.464,200
2023-09-03,23:59:59,6.172,200
2024-02-18,23:59:59,8.611,200
2024-12-13,23:59:59,5.036,200
1980-04-22,23:59:59,14.372,200
1981-01-18,23:59:59,12.012,200
1981-03-16,23:59:59,16.564,200
1981-07-03,23:59:59,15.305,200
1983-04-06,23:59:59,8.232,200
1985-08-07,23:59:59,10.751,200
1985-10-14,23:59:59,13.308,200
1985-12-08,23:59:59,13.070,200
1986-01-02,23:59:59,17.681,200
1986-01-15,23:59:59,24.572,200
1986-02-11,23:59:59,7.701,200
1986-03-12,23:59:59,14.445,200
1986-03-15,23:59:59,3.714,200
1986-05-23,23:59:59,5.498,200
1987-12-19,23:59:59,14.541,200
1988-04-06,23:59:59,11.700,200
1989-09-25,23:59:59,15.418,200
1989-10-05,23:59:59,9.449,200
1990-03-28,23:59:59,12.877,200
1990-08-18,23:59:59,11.059,200
1990-11-10,23:59:59,16.544,200
1991-04-25,23:59:59,5.488,200
1992-02-23,23:59:59,11.757,200
1992-08-21,23:59:59,17.293,200
1994-07-11,23:59:59,23.057,200
1994-10-28,23:59:59,23.612,200
1995-02-15,23:59:59,21.887,200
1995-03-05,23:59:59,12.078,200
1995-03-28,23:59:59,7.605,200
1995-10-04,23:59:59,16.902,200
1995-11-06,23:59:59,17.006,200
1996-06-13,23:59:59,18.951,200
1998-03-07,23:59:59,10.492,200
1999-12-05,23:59:59,11.901,200
2000-09-08,23:59:59,7.953,200
2000-10-09,23:59:59,12.114,200
2000-10-20,23:59:59,15.336,200
2002-08-10,23:59:59,13.668,200
2002-08-21,23:59:59,22.612,200
2002-09-22,23:59:59,10.021,200
2002-10-25,23:59:59,8.717,200
2002-12-12,23:59:59,4.977,200
2003-02-26,23:59:59,12.657,200
2003-06-19,23:59:59,10.543,200
2003-10-10,23:59:59,12.868,200
2004-07-03,23:59:59,25.437,200
2004-08-08,23:59:59,24.449,200
2005-02-21,23:59:59,16.488,200
2006-10-17,23:59:59,18.330,200
2007-12-07,23:59:59,6.330,200
2008-04-13,23:59:59,7.990,200
2008-06-28,23:59:59,5.086,200
2009-02-14,23:59:59,7.579,200
2009-05-06,23:59:59,12.404,200
2009-10-21,23:59:59,25.469,200
2009-11-24,23:59:59,13.483,200
2010-06-06,23:59:59,6.721,200
2010-08-07,23:59:59,5.077,200
2011-07-31,23:59:59,17.814,200
2011-11-23,23:59:59,16.981,200
2012-01-23,23:59:59,24.240,200
2012-04-08,23:59:59,8.490,200
2013-04-04,23:59:59,7.571,200
2013-07-23,23:59:59,10.295,200
2013-10-07,23:59:59,13.468,200
2014-07-22,23:59:59,18.383,200
2015-03-02,23:59:59,8.001,200
2015-06-03,23:59:59,8.419,200
2017-03-11,23:59:59,4.880,200
2018-09-15,23:59:59,15.187,200
2018-12-05,23:59:59,15.624,200
2019-11-10,23:59:59,12.064,200
2020-07-19,23:59:59,8.861,200
2020-12-17,23:59:59,23.786,200
2021-11-21,23:59:59,11.401,200
2022-03-24,23:59:59,9.552,200
2024-02-06,23:59:59,8.915,200
2024-12-08,23:59:59,4.696,200
1980-03-11,23:59:59,15.561,200
1980-03-27,23:59:59,11.945,200
1981-07-23,23:59:59,19.814,200
1981-12-08,23:59:59,14.620,200
1982-02-15,23:59:59,16.257,200
1982-11-14,23:59:59,6.425,200
1983-04-13,23:59:59,15.223,200
1984-09-10,23:59:59,15.073,200
1985-11-01,23:59:59,13.081,200
1986-02-14,23:59:59,10.027,200
1986-03-25,23:59:59,11.633,200
1987-01-28,23:59:59,5.631,200
1987-02-26,23:59:59,9.057,200
1987-09-13,23:59:59,6.772,200
1987-09-23,23:59:59,17.817,200
1988-01-19,23:59:59,15.486,200
1988-02-06,23:59:59,12.986,200
1988-06-10,23:59:59,12.172,200
1988-12-22,23:59:59,21.515,200
1989-03-10,23:59:59,11.979,200
1989-06-04,23:59:59,15.118,200
1990-03-01,23:59:59,18.872,200
1991-01-10,23:59:59,7.779,200
1991-03-19,23:59:59,16.162,200
1991-03-23,23:59:59,10.518,200
1991-04-12,23:59:59,11.328,200
1991-11-12,23:59:59,12.989,200
1992-11-03,23:59:59,20.266,200
1993-10-24,23:59:59,7.596,200
1994-02-10,23:59:59,13.780,200
1994-07-26,23:59:59,18.443,200
1995-01-09,23:59:59,16.065,200
1995-02-02,23:59:59,14.016,200
1995-04-23,23:59:59,11.974,200
1996-10-15,23:59:59,24.161,200
1997-03-05,23:59:59,13.222,200
1997-07-02,23:59:59,13.875,200
1998-06-15,23:59:59,12.524,200
1999-11-30,23:59:59,16.061,200
1999-12-17,23:59:59,9.094,200
2000-06-30,23:59:59,15.459,200
2000-10-07,23:59:59,10.190,200
2001-10-12,23:59:59,9.824,200
2002-02-28,23:59:59,13.251,200
2002-03-24,23:59:59,6.141,200
2003-01-14,23:59:59,9.142,200
2003-08-11,23:59:59,14.218,200
2004-03-30,23:59:59,15.596,200
2004-09-16,23:59:59,12.682,200
2005-04-18,23:59:59,9.963,200
2005-05-27,23:59:59,8.370,200
2005-10-17,23:59:59,19.825,200
2006-12-10,23:59:59,22.048,200
2007-09-11,23:59:59,21.417,200
2007-12-16,23:59:59,10.315,200
2009-01-03,23:59:59,5.927,200
2009-04-14,23:59:59,12.095,200
2009-09-17,23:59:59,17.548,200
2010-01-13,23:59:59,12.090,200
2010-02-10,23:59:59,17.820,200
2010-05-24,23:59:59,7.090,200
2011-11-06,23:59:59,10.027,200
2012-06-26,23:59:59,8.068,200
2012-08-17,23:59:59,17.787,200
2013-04-09,23:59:59,11.274,200
2013-04-19,23:59:59,6.545,200
2013-07-18,23:59:59,9.877,200
2014-01-30,23:59:59,20.975,200
2014-11-25,23:59:59,12.040,200
2016-01-20,23:59:59,7.032,200
2016-12-15,23:59:59,11.650,200
2017-03-10,23:59:59,11.309,200
2017-09-23,23:59:59,25.369,200
2017-11-30,23:59:59,15.819,200
2018-01-23,23:59:59,17.128,200
2018-04-01,23:59:59,8.230,200
2018-08-05,23:59:59,11.045,200
2019-08-25,23:59:59,10.840,200
2019-12-13,23:59:59,11.292,200
2020-04-28,23:59:59,8.788,200
2020-05-05,23:59:59,8.625,200
2020-12-14,23:59:59,24.928,200
2021-09-05,23:59:59,8.056,200
2022-03-08,23:59:59,11.117,200
2023-12-02,23:59:59,11.887,200
1981-03-28,23:59:59,9.682,200
1983-01-24,23:59:59,11.338,200
1983-04-09,23:59:59,7.027,200
1983-11-02,23:59:59,20.119,200
1984-08-27,23:59:59,12.575,200
1984-10-03,23:59:59,23.220,200
1984-12-09,23:59:59,11.007,200
1985-01-23,23:59:59,11.274,200
1986-08-08,23:59:59,21.900,200
1987-10-01,23:59:59,14.244,200
1988-07-17,23:59:59,13.650,200
1988-08-28,23:59:59,21.618,200
1989-03-09,23:59:59,8.555,200
1989-09-09,23:59:59,5.111,200
1989-10-22,23:59:59,8.905,200
1989-12-17,23:59:59,8.382,200
1990-01-19,23:59:59,10.564,200
1990-05-10,23:59:59,12.450,200
1990-09-08,23:59:59,16.928,200
1990-11-24,23:59:59,6.578,200
1991-12-18,23:59:59,13.277,200
1992-01-25,23:59:59,12.935,200
1992-04-19,23:59:59,7.839,200
1992-05-16,23:59:59,8.736,200
1992-09-11,23:59:59,23.205,200
1992-12-26,23:59:59,22.105,200
1993-03-29,23:59:59,6.323,200
1993-05-27,23:59:59,14.253,200
1993-06-28,23:59:59,20.275,200
1993-09-03,23:59:59,7.250,200
1994-11-29,23:59:59,24.335,200
1995-02-19,23:59:59,12.153,200
1996-01-10,23:59:59,22.746,200
1996-04-08,23:59:59,4.344,200
1997-03-19,23:59:59,8.705,200
1997-12-08,23:59:59,10.028,200
1999-03-13,23:59:59,10.275,200
1999-03-28,23:59:59,8.144,200
1999-10-08,23:59:59,15.877,200
1999-11-02,23:59:59,19.138,200
2000-07-24,23:59:59,13.900,200
2000-11-10,23:59:59,12.988,200
2000-11-12,23:59:59,15.129,200
2004-08-13,23:59:59,24.397,200
2004-09-14,23:59:59,15.529,200
2006-05-24,23:59:59,16.947,200
2006-07-22,23:59:59,12.571,200
2007-12-20,23:59:59,4.997,200
2009-04-04,23:59:59,16.429,200
2009-07-26,23:59:59,12.618,200
2009-09-08,23:59:59,18.493,200
2010-04-15,23:59:59,7.895,200
2010-07-01,23:59:59,20.543,200
2010-08-27,23:59:59,8.309,200
2010-11-10,23:59:59,15.439,200
2013-12-09,23:59:59,16.081,200
2014-01-27,23:59:59,13.875,200
2014-03-08,23:59:59,7.661,200
2014-07-06,23:59:59,9.455,200
2015-10-04,23:59:59,13.876,200
2016-04-16,23:59:59,7.531,200
2016-06-07,23:59:59,15.640,200
2017-04-03,23:59:59,21.796,200
2017-09-01,23:59:59,19.644,200
2017-09-30,23:59:59,25.164,200
2018-08-19,23:59:59,10.695,200
2019-08-28,23:59:59,16.087,200
2020-08-09,23:59:59,10.082,200
2020-12-07,23:59:59,15.073,200
2023-09-08,23:59:59,6.864,200
2024-06-02,23:59:59,5.620,200
2024-06-20,23:59:59,13.677,200
1980-03-23,23:59:59,12.377,200
1980-04-01,23:59:59,10.219,200
1980-09-08,23:59:59,15.812,200
1980-12-06,23:59:59,16.455,200
1982-08-23,23:59:59,12.544,200
1982-10-11,23:59:59,12.442,200
1984-06-07,23:59:59,22.219,200
1984-08-15,23:59:59,13.125,200
1984-08-30,23:59:59,7.559,200
1985-09-14,23:59:59,14.979,200
1986-04-18,23:59:59,9.698,200
1987-08-17,23:59:59,13.477,200
1989-07-22,23:59:59,19.190,200
1989-09-20,23:59:59,18.072,200
1990-12-05,23:59:59,16.105,200
1990-12-25,23:59:59,7.415,200
1990-12-26,23:59:59,6.646,200
1991-10-09,23:59:59,21.135,200
1991-10-14,23:59:59,16.329,200
1992-03-07,23:59:59,11.286,200
1992-04-27,23:59:59,16.216,200
1992-04-30,23:59:59,16.225,200
1992-12-24,23:59:59,21.905,200
1993-10-25,23:59:59,8.730,200
1994-01-17,23:59:59,14.372,200
1994-05-08,23:59:59,5.869,200
1994-10-24,23:59:59,24.014,200
1995-03-29,23:59:59,8.228,200
1995-09-28,23:59:59,17.846,200
1996-11-13,23:59:59,7.528,200
1996-12-24,23:59:59,22.048,200
1997-11-10,23:59:59,12.865,200
1998-11-06,23:59:59,26.006,200
2000-01-07,23:59:59,7.401,200
2001-11-28,23:59:59,9.384,200
2002-01-18,23:59:59,8.985,200
2004-04-22,23:59:59,11.340,200
2006-01-01,23:59:59,7.510,200
2006-01-10,23:59:59,12.545,200
2006-04-02,23:59:59,6.289,200
2006-04-05,23:59:59,9.850,200
2006-10-13,23:59:59,23.607,200
2006-11-23,23:59:59,18.440,200
2006-12-04,23:59:59,19.705,200
2008-02-23,23:59:59,12.591,200
2009-02-03,23:59:59,18.833,200
2009-05-23,23:59:59,12.251,200
2009-08-02,23:59:59,4.934,200
2010-11-05,23:59:59,12.852,200
2011-04-21,23:59:59,12.913,200
2011-10-10,23:59:59,13.728,200
2011-12-30,23:59:59,18.307,200
2012-03-01,23:59:59,11.218,200
2012-03-06,23:59:59,18.703,200
2012-07-19,23:59:59,18.036,200
2012-08-05,23:59:59,22.984,200
2013-06-05,23:59:59,13.452,200
2014-07-11,23:59:59,7.263,200
2014-11-26,23:59:59,12.074,200
2014-11-30,23:59:59,7.017,200
2015-01-29,23:59:59,8.619,200
2015-02-01,23:59:59,6.389,200
2015-03-03,23:59:59,8.315,200
2016-07-01,23:59:59,17.816,200
2017-02-25,23:59:59,7.067,200
2017-06-02,23:59:59,13.962,200
2017-08-22,23:59:59,23.988,200
2019-06-07,23:59:59,9.326,200
2021-05-20,23:59:59,5.657,200
2022-08-18,23:59:59,10.609,200
2022-08-31,23:59:59,25.569,200
2022-09-29,23:59:59,24.141,200
2023-03-01,23:59:59,16.212,200
2023-07-20,23:59:59,15.340,200
2024-01-29,23:59:59,18.243,200
2024-03-08,23:59:59,6.399,200
2024-05-03,23:59:59,14.444,200
1980-03-17,23:59:59,5.990,200
1980-07-31,23:59:59,22.257,200
1980-09-15,23:59:59,16.917,200
1981-08-13,23:59:59,18.072,200
1982-03-13,23:59:59,18.329,200
1982-06-04,23:59:59,10.706,200
1982-09-22,23:59:59,7.153,200
1983-12-01,23:59:59,18.871,200
1984-06-28,23:59:59,18.381,200
1984-07-28,23:59:59,8.384,200
1985-02-04,23:59:59,14.013,200
1985-10-03,23:59:59,14.774,200
1985-12-03,23:59:59,8.102,200
1986-01-30,23:59:59,21.755,200
1986-06-08,23:59:59,12.799,200
1987-01-24,23:59:59,6.036,200
1987-07-13,23:59:59,16.344,200
1987-12-25,23:59:59,10.005,200
1988-08-03,23:59:59,17.290,200
1989-11-11,23:59:59,9.717,200
1990-12-19,23:59:59,9.747,200
1991-06-21,23:59:59,8.709,200
1991-08-01,23:59:59,12.069,200
1991-09-14,23:59:59,20.747,200
1991-12-11,23:59:59,9.524,200
1993-01-19,23:59:59,13.347,200
1993-02-25,23:59:59,5.111,200
1994-10-20,23:59:59,24.426,200
1997-02-03,23:59:59,6.145,200
1997-04-07,23:59:59,8.130,200
1998-02-19,23:59:59,10.362,200
1998-03-29,23:59:59,11.322,200
1998-04-19,23:59:59,12.854,200
2000-04-22,23:59:59,5.248,200
2000-04-24,23:59:59,7.258,200
2000-08-12,23:59:59,10.423,200
2000-11-18,23:59:59,8.902,200
2001-08-26,23:59:59,9.875,200
2001-09-19,23:59:59,15.198,200
2002-01-23,23:59:59,16.941,200
2002-03-22,23:59:59,10.743,200
2002-10-27,23:59:59,9.206,200
2003-08-08,23:59:59,11.910,200
2004-01-23,23:59:59,8.941,200
2005-06-25,23:59:59,9.592,200
2005-09-07,23:59:59,12.353,200
2005-10-08,23:59:59,19.028,200
2006-01-04,23:59:59,6.689,200
2006-02-10,23:59:59,13.370,200
2008-10-25,23:59:59,8.635,200
2009-11-26,23:59:59,10.544,200
2011-08-15,23:59:59,23.034,200
2012-01-16,23:59:59,24.428,200
2012-02-19,23:59:59,10.764,200
2012-05-11,23:59:59,5.426,200
2012-08-08,23:59:59,22.136,200
2014-04-02,23:59:59,8.286,200
2015-08-18,23:59:59,18.798,200
2016-07-14,23:59:59,11.026,200
2016-09-03,23:59:59,9.685,200
2017-12-19,23:59:59,11.692,200
2018-01-30,23:59:59,18.018,200
2018-02-07,23:59:59,9.024,200
2018-05-18,23:59:59,9.976,200
2018-05-23,23:59:59,17.059,200
2019-01-03,23:59:59,5.188,200
2019-03-22,23:59:59,8.674,200
2019-09-20,23:59:59,13.348,200
2019-11-14,23:59:59,6.348,200
2021-09-17,23:59:59,5.656,200
2022-04-16,23:59:59,4.773,200
2022-06-08,23:59:59,9.433,200
2022-08-11,23:59:59,22.081,200
2022-10-05,23:59:59,26.198,200
2023-10-23,23:59:59,12.903,200
2024-03-28,23:59:59,12.569,200
2024-06-04,23:59:59,18.697,200
1980-02-13,23:59:59,18.097,200
1980-05-27,23:59:59,14.555,200
1982-06-11,23:59:59,14.621,200
1983-05-06,23:59:59,6.736,200
1983-10-31,23:59:59,16.039,200
1984-02-05,23:59:59,7.503,200
1985-02-18,23:59:59,11.013,200
1985-06-26,23:59:59,9.936,200
1985-07-31,23:59:59,5.467,200
1986-05-26,23:59:59,7.802,200
1987-06-28,23:59:59,14.025,200
1987-08-09,23:59:59,9.333,200
1988-07-06,23:59:59,9.844,200
1988-07-21,23:59:59,19.352,200
1988-10-14,23:59:59,24.315,200
1988-11-14,23:59:59,21.756,200
1989-06-25,23:59:59,4.144,200
1989-11-26,23:59:59,5.770,200
1990-03-12,23:59:59,13.845,200
1992-05-24,23:59:59,6.718,200
1993-06-15,23:59:59,15.721,200
1993-09-28,23:59:59,5.273,200
1993-09-30,23:59:59,5.275,200
1994-07-16,23:59:59,22.554,200
1995-08-22,23:59:59,23.768,200
1996-06-12,23:59:59,19.131,200
1998-04-08,23:59:59,10.471,200
1998-06-13,23:59:59,7.925,200
1999-06-06,23:59:59,19.554,200
1999-10-28,23:59:59,19.243,200
2002-02-18,23:59:59,8.372,200
2002-03-25,23:59:59,7.992,200
2002-12-21,23:59:59,7.314,200
2003-07-21,23:59:59,17.447,200
2005-05-20,23:59:59,7.400,200
2006-04-19,23:59:59,7.690,200
2007-03-18,23:59:59,5.810,200
2007-07-29,23:59:59,13.048,200
2008-08-13,23:59:59,25.270,200
2008-09-17,23:59:59,25.922,200
2008-12-25,23:59:59,5.156,200
2009-02-13,23:59:59,8.897,200
2009-06-25,23:59:59,19.106,200
2009-12-31,23:59:59,7.646,200
2010-01-26,23:59:59,15.019,200
2010-07-04,23:59:59,14.904,200
2010-11-20,23:59:59,8.484,200
2011-06-02,23:59:59,22.835,200
2011-08-03,23:59:59,17.748,200
2011-10-30,23:59:59,17.252,200
2012-01-20,23:59:59,22.470,200
2012-05-06,23:59:59,6.495,200
2013-03-04,23:59:59,12.622,200
2013-04-26,23:59:59,5.954,200
2013-09-21,23:59:59,6.458,200
2014-02-22,23:59:59,16.694,200
2015-03-26,23:59:59,13.954,200
2015-04-22,23:59:59,13.233,200
2017-09-09,23:59:59,21.663,200
2019-05-13,23:59:59,11.900,200
2020-05-19,23:59:59,11.337,200
2020-11-29,23:59:59,7.461,200
2021-03-03,23:59:59,13.978,200
2021-11-14,23:59:59,7.063,200
2022-09-13,23:59:59,25.378,200
2023-02-05,23:59:59,26.313,200
2023-07-29,23:59:59,22.358,200
2023-09-23,23:59:59,5.810,200
2023-09-26,23:59:59,5.162,200
2024-01-02,23:59:59,5.110,200
2024-01-09,23:59:59,13.673,200
2024-02-25,23:59:59,9.684,200
2024-07-08,23:59:59,14.218,200
1981-05-24,23:59:59,8.593,200
1981-11-23,23:59:59,20.272,200
1983-10-21,23:59:59,11.441,200
1985-01-18,23:59:59,14.945,200
1985-10-12,23:59:59,10.287,200
1986-04-03,23:59:59,8.193,200
1987-10-25,23:59:59,4.533,200
1988-07-15,23:59:59,12.678,200
1988-08-21,23:59:59,15.169,200
1990-06-23,23:59:59,14.166,200
1991-01-15,23:59:59,16.604,200
1991-03-01,23:59:59,13.217,200
1991-05-13,23:59:59,10.882,200
1991-12-26,23:59:59,9.388,200
1993-11-21,23:59:59,7.061,200
1995-04-08,23:59:59,9.135,200
1995-08-23,23:59:59,23.710,200
1995-10-24,23:59:59,21.500,200
1998-03-28,23:59:59,7.892,200
1998-10-13,23:59:59,16.723,200
1999-05-18,23:59:59,19.007,200
1999-07-12,23:59:59,14.481,200
1999-07-19,23:59:59,5.276,200
1999-08-12,23:59:59,10.473,200
1999-09-26,23:59:59,14.180,200
2000-02-27,23:59:59,8.227,200
2000-04-16,23:59:59,7.976,200
2000-10-17,23:59:59,10.991,200
2001-05-12,23:59:59,5.862,200
2002-10-03,23:59:59,17.593,200
2003-06-07,23:59:59,3.639,200
2003-11-09,23:59:59,11.860,200
2004-01-14,23:59:59,10.987,200
2004-09-03,23:59:59,21.461,200
2005-10-06,23:59:59,14.456,200
2005-11-29,23:59:59,16.441,200
2006-03-10,23:59:59,10.877,200
2007-02-15,23:59:59,20.606,200
2007-04-19,23:59:59,10.216,200
2007-09-30,23:59:59,10.990,200
2007-12-18,23:59:59,7.570,200
2008-03-05,23:59:59,9.652,200
2008-09-21,23:59:59,25.549,200
2009-03-12,23:59:59,14.449,200
2009-05-17,23:59:59,5.191,200
2009-08-01,23:59:59,5.182,200
2010-09-03,23:59:59,12.844,200
2011-01-12,23:59:59,15.929,200
2011-05-24,23:59:59,17.125,200
2011-12-04,23:59:59,11.331,200
2012-02-04,23:59:59,6.581,200
2012-02-21,23:59:59,17.689,200
2012-03-03,23:59:59,6.665,200
2012-09-24,23:59:59,13.286,200
2013-10-19,23:59:59,8.537,200
2014-03-27,23:59:59,8.010,200
2014-09-13,23:59:59,8.481,200
2015-07-23,23:59:59,15.104,200
2015-10-22,23:59:59,17.408,200
2015-12-11,23:59:59,14.610,200
2016-01-21,23:59:59,12.275,200
2016-06-21,23:59:59,8.518,200
2016-12-30,23:59:59,12.209,200
2018-01-18,23:59:59,17.134,200
2018-04-03,23:59:59,17.515,200
2018-04-27,23:59:59,17.337,200
2018-07-10,23:59:59,19.365,200
2018-08-26,23:59:59,14.664,200
2018-09-11,23:59:59,24.040,200
2018-10-12,23:59:59,12.383,200
2018-12-11,23:59:59,14.293,200
2019-04-22,23:59:59,5.684,200
2020-03-20,23:59:59,10.701,200
2021-02-02,23:59:59,15.201,200
2022-04-05,23:59:59,16.503,200
2022-11-10,23:59:59,8.025,200
2023-12-22,23:59:59,7.597,200
2024-04-22,23:59:59,12.693,200
2024-06-06,23:59:59,11.862,200
1980-09-24,23:59:59,15.943,200
1980-12-04,23:59:59,18.152,200
1981-06-10,23:59:59,15.302,200
1981-09-02,23:59:59,20.327,200
1981-10-30,23:59:59,20.108,200
1982-01-10,23:59:59,12.327,200
1983-08-22,23:59:59,4.834,200
1983-09-19,23:59:59,13.006,200
1983-11-28,23:59:59,17.106,200
1984-06-09,23:59:59,20.853,200
1984-08-21,23:59:59,13.431,200
1984-12-25,23:59:59,9.246,200
1985-07-26,23:59:59,7.473,200
1986-10-29,23:59:59,21.343,200
1987-10-06,23:59:59,14.635,200
1988-01-25,23:59:59,15.792,200
1988-04-10,23:59:59,4.165,200
1988-11-30,23:59:59,6.882,200
1989-01-20,23:59:59,20.549,200
1989-05-09,23:59:59,18.429,200
1990-10-06,23:59:59,17.458,200
1990-10-07,23:59:59,17.490,200
1991-04-23,23:59:59,7.149,200
1991-11-30,23:59:59,18.023,200
1992-06-29,23:59:59,9.836,200
1992-12-29,23:59:59,21.870,200
1993-10-02,23:59:59,5.784,200
1994-11-12,23:59:59,16.943,200
1995-02-06,23:59:59,7.893,200
1995-07-23,23:59:59,10.374,200
1995-08-24,23:59:59,23.633,200
1995-08-26,23:59:59,23.563,200
1997-01-13,23:59:59,21.689,200
1999-05-01,23:59:59,11.619,200
2000-09-02,23:59:59,13.130,200
2000-10-10,23:59:59,14.046,200
2001-06-29,23:59:59,13.852,200
2001-10-15,23:59:59,7.676,200
2002-03-04,23:59:59,10.145,200
2002-08-31,23:59:59,14.961,200
2004-06-13,23:59:59,16.953,200
2004-08-24,23:59:59,22.170,200
2005-04-29,23:59:59,12.180,200
2007-05-21,23:59:59,11.538,200
2007-06-26,23:59:59,17.462,200
2007-07-18,23:59:59,19.211,200
2007-09-07,23:59:59,21.032,200
2007-09-15,23:59:59,17.642,200
2007-09-16,23:59:59,12.320,200
2009-02-28,23:59:59,6.404,200
2009-06-22,23:59:59,17.608,200
2010-01-25,23:59:59,12.436,200
2013-04-30,23:59:59,7.166,200
2013-05-19,23:59:59,6.072,200
2013-06-11,23:59:59,10.654,200
2013-10-23,23:59:59,21.321,200
2013-11-06,23:59:59,7.712,200
2013-12-23,23:59:59,7.338,200
2014-06-06,23:59:59,8.270,200
2015-07-13,23:59:59,23.014,200
2016-05-12,23:59:59,8.370,200
2016-09-06,23:59:59,15.500,200
2017-06-08,23:59:59,24.315,200
2017-10-01,23:59:59,25.127,200
2018-03-13,23:59:59,22.607,200
2019-01-07,23:59:59,7.295,200
2019-01-26,23:59:59,7.463,200
2019-06-19,23:59:59,17.816,200
2020-12-13,23:59:59,10.125,200
2021-06-06,23:59:59,4.341,200
2022-03-31,23:59:59,19.650,200
2022-04-21,23:59:59,12.027,200
2022-12-18,23:59:59,26.411,200
2024-03-21,23:59:59,17.016,200
1980-10-30,23:59:59,15.167,200
1982-12-25,23:59:59,7.254,200
1983-02-20,23:59:59,6.275,200
1983-03-31,23:59:59,8.291,200
1983-10-09,23:59:59,7.294,200
1983-10-11,23:59:59,13.496,200
1984-01-23,23:59:59,15.474,200
1984-06-29,23:59:59,14.500,200
1984-09-14,23:59:59,10.869,200
1985-10-20,23:59:59,13.774,200
1986-12-24,23:59:59,4.540,200
1987-10-04,23:59:59,12.056,200
1989-04-20,23:59:59,18.069,200
1989-06-23,23:59:59,17.132,200
1991-12-09,23:59:59,10.281,200
1992-02-20,23:59:59,14.299,200
1993-01-09,23:59:59,14.147,200
1993-11-01,23:59:59,9.969,200
1994-11-16,23:59:59,24.812,200
1994-12-27,23:59:59,8.343,200
1995-04-12,23:59:59,17.096,200
1995-05-01,23:59:59,18.936,200
1995-06-19,23:59:59,19.081,200
1995-10-19,23:59:59,24.270,200
1996-01-12,23:59:59,14.533,200
1996-05-17,23:59:59,17.299,200
1997-03-04,23:59:59,11.709,200
1997-11-30,23:59:59,16.275,200
1998-02-27,23:59:59,11.312,200
1998-06-27,23:59:59,7.034,200
1998-07-23,23:59:59,26.596,200
1998-10-01,23:59:59,16.430,200
1998-11-21,23:59:59,17.441,200
1999-04-11,23:59:59,8.074,200
2000-05-28,23:59:59,9.979,200
2001-04-25,23:59:59,8.445,200
2001-12-09,23:59:59,5.783,200
2002-05-02,23:59:59,13.246,200
2002-07-28,23:59:59,24.125,200
2003-06-04,23:59:59,10.793,200
2003-07-12,23:59:59,21.418,200
2003-12-10,23:59:59,8.895,200
2004-02-16,23:59:59,23.666,200
2004-11-04,23:59:59,19.700,200
2005-03-31,23:59:59,8.071,200
2006-02-12,23:59:59,26.570,200
2007-08-19,23:59:59,8.679,200
2008-05-06,23:59:59,6.667,200
2011-01-31,23:59:59,26.849,200
2012-12-11,23:59:59,15.628,200
2017-11-22,23:59:59,17.156,200
2018-07-24,23:59:59,21.788,200
2018-11-10,23:59:59,8.387,200
2018-12-07,23:59:59,7.418,200
2019-04-28,23:59:59,6.133,200
2020-07-31,23:59:59,9.611,200
2022-01-10,23:59:59,11.735,200
2023-02-10,23:59:59,25.886,200
2024-07-04,23:59:59,20.201,200
2024-08-11,23:59:59,6.590,200
1980-02-03,23:59:59,12.976,200
1980-06-05,23:59:59,13.753,200
1980-06-25,23:59:59,17.864,200
1980-09-10,23:59:59,17.927,200
1981-01-25,23:59:59,14.807,200
1981-10-11,23:59:59,13.226,200
1981-12-22,23:59:59,13.081,200
1982-11-08,23:59:59,16.065,200
1982-12-15,23:59:59,9.150,200
1983-01-04,23:59:59,8.093,200
1983-04-20,23:59:59,8.688,200
1983-05-05,23:59:59,6.871,200
1983-08-02,23:59:59,5.875,200
1983-08-27,23:59:59,13.368,200
1983-09-24,23:59:59,5.130,200
1984-03-16,23:59:59,15.365,200
1984-04-25,23:59:59,6.676,200
1984-05-25,23:59:59,5.420,200
1984-05-29,23:59:59,10.409,200
1984-10-13,23:59:59,7.357,200
1985-03-23,23:59:59,4.455,200
1985-11-15,23:59:59,16.054,200
1987-02-10,23:59:59,7.748,200
1987-02-20,23:59:59,8.056,200
1989-05-31,23:59:59,15.644,200
1990-01-15,23:59:59,17.332,200
1990-01-24,23:59:59,18.033,200
1991-08-06,23:59:59,16.364,200
1991-10-30,23:59:59,18.017,200
1991-12-05,23:59:59,12.577,200
1992-01-03,23:59:59,9.600,200
1993-01-29,23:59:59,9.816,200
1994-04-01,23:59:59,9.566,200
1995-01-23,23:59:59,9.361,200
1995-10-18,23:59:59,24.339,200
1995-12-29,23:59:59,24.320,200
1997-01-21,23:59:59,18.206,200
1997-08-04,23:59:59,19.844,200
1997-09-16,23:59:59,11.948,200
1997-12-10,23:59:59,14.181,200
1998-03-03,23:59:59,11.345,200
1998-05-01,23:59:59,7.294,200
1998-12-23,23:59:59,18.543,200
1999-05-12,23:59:59,10.496,200
1999-07-11,23:59:59,8.920,200
1999-12-27,23:59:59,7.707,200
2000-07-02,23:59:59,10.567,200
2000-09-09,23:59:59,8.830,200
2001-05-16,23:59:59,13.580,200
2001-08-04,23:59:59,12.603,200
2002-02-25,23:59:59,8.724,200
2002-07-04,23:59:59,22.591,200
2002-08-26,23:59:59,22.044,200
2004-06-03,23:59:59,13.218,200
2005-12-27,23:59:59,5.846,200
2006-04-25,23:59:59,5.962,200
2006-09-07,23:59:59,14.286,200
2006-11-02,23:59:59,15.361,200
2007-07-12,23:59:59,22.708,200
2007-10-28,23:59:59,20.289,200
2008-05-05,23:59:59,5.545,200
2008-06-12,23:59:59,12.648,200
2008-09-04,23:59:59,26.012,200
2009-01-30,23:59:59,10.985,200
2009-04-17,23:59:59,9.910,200
2009-05-20,23:59:59,17.167,200
2009-06-03,23:59:59,14.788,200
2010-01-08,23:59:59,12.730,200
2010-01-12,23:59:59,15.058,200
2010-04-02,23:59:59,8.392,200
2010-06-11,23:59:59,7.159,200
2011-06-16,23:59:59,23.653,200
2011-12-23,23:59:59,7.841,200
2012-01-29,23:59:59,6.989,200
2012-10-22,23:59:59,6.528,200
2013-01-13,23:59:59,10.608,200
2014-01-17,23:59:59,9.814,200
2014-07-31,23:59:59,7.238,200
2014-11-01,23:59:59,6.624,200
2015-07-16,23:59:59,17.269,200
2016-06-20,23:59:59,10.887,200
2017-08-21,23:59:59,21.842,200
2017-10-18,23:59:59,25.148,200
2017-10-31,23:59:59,18.101,200
2018-05-11,23:59:59,16.755,200
2018-05-12,23:59:59,8.915,200
2018-11-01,23:59:59,14.168,200
2019-10-23,23:59:59,10.530,200
2020-08-01,23:59:59,10.602,200
2020-08-12,23:59:59,14.762,200
2020-11-03,23:59:59,5.919,200
2021-03-26,23:59:59,8.812,200
2022-03-26,23:59:59,6.271,200
2022-04-03,23:59:59,14.575,200
2023-07-14,23:59:59,5.450,200
2024-02-05,23:59:59,7.054,200
2024-07-02,23:59:59,12.912,200
2024-09-09,23:59:59,4.409,200
1980-02-18,23:59:59,16.621,200
1980-08-28,23:59:59,12.806,200
1982-01-22,23:59:59,18.236,200
1982-03-03,23:59:59,14.905,200
1983-01-09,23:59:59,13.094,200
1983-04-26,23:59:59,8.468,200
1983-10-13,23:59:59,8.885,200
1983-11-20,23:59:59,13.868,200
1984-09-16,23:59:59,6.040,200
1984-10-21,23:59:59,3.626,200
1986-05-25,23:59:59,7.760,200
1986-12-07,23:59:59,11.093,200
1986-12-15,23:59:59,14.555,200
1987-03-23,23:59:59,7.653,200
1987-09-10,23:59:59,7.611,200
1988-12-09,23:59:59,20.094,200
1989-12-11,23:59:59,15.700,200
1990-11-30,23:59:59,10.762,200
1991-10-13,23:59:59,16.947,200
1991-11-10,23:59:59,13.705,200
1991-12-19,23:59:59,13.163,200
1993-11-09,23:59:59,5.812,200
1994-04-25,23:59:59,7.567,200
1995-03-30,23:59:59,10.559,200
1995-05-14,23:59:59,23.763,200
1995-07-02,23:59:59,20.871,200
1995-11-27,23:59:59,18.751,200
1996-05-01,23:59:59,9.843,200
1996-07-15,23:59:59,18.210,200
1996-10-13,23:59:59,24.197,200
1996-12-27,23:59:59,14.056,200
1997-08-21,23:59:59,16.967,200
1998-02-21,23:59:59,7.736,200
1998-06-30,23:59:59,12.400,200
1998-07-11,23:59:59,10.451,200
1999-09-05,23:59:59,13.533,200
2000-03-03,23:59:59,6.862,200
2000-03-27,23:59:59,9.314,200
2000-05-12,23:59:59,17.643,200
2000-06-29,23:59:59,19.434,200
2003-01-06,23:59:59,12.327,200
2003-02-22,23:59:59,7.039,200
2003-06-15,23:59:59,9.515,200
2003-06-16,23:59:59,9.275,200
2003-07-10,23:59:59,19.976,200
2003-08-31,23:59:59,5.229,200
2003-10-28,23:59:59,18.092,200
2004-07-15,23:59:59,22.772,200
2004-08-03,23:59:59,24.393,200
2005-07-29,23:59:59,9.906,200
2005-10-04,23:59:59,6.613,200
2006-05-09,23:59:59,21.062,200
2008-07-30,23:59:59,12.187,200
2009-05-05,23:59:59,10.157,200
2009-10-03,23:59:59,5.114,200
2010-01-27,23:59:59,17.318,200
2010-07-19,23:59:59,11.840,200
2010-09-08,23:59:59,10.823,200
2011-04-12,23:59:59,14.705,200
2011-12-06,23:59:59,15.344,200
2011-12-24,23:59:59,14.312,200
2012-03-12,23:59:59,13.947,200
2014-03-10,23:59:59,8.496,200
2015-11-27,23:59:59,14.664,200
2016-04-03,23:59:59,9.688,200
2016-07-22,23:59:59,12.874,200
2017-08-10,23:59:59,10.539,200
2017-12-14,23:59:59,13.573,200
2018-05-15,23:59:59,16.110,200
2018-06-15,23:59:59,13.852,200
2018-12-28,23:59:59,5.905,200
2019-02-21,23:59:59,12.072,200
2019-03-23,23:59:59,5.484,200
2020-03-29,23:59:59,4.621,200
2020-05-23,23:59:59,5.750,200
2020-12-26,23:59:59,4.630,200
2021-02-07,23:59:59,13.769,200
2021-07-13,23:59:59,18.809,200
2022-01-27,23:59:59,8.541,200
2022-02-09,23:59:59,12.690,200
2022-02-13,23:59:59,4.427,200
2022-03-19,23:59:59,7.940,200
2023-03-03,23:59:59,17.847,200
2023-12-31,23:59:59,5.372,200
2024-01-16,23:59:59,19.253,200
2024-03-11,23:59:59,12.307,200
2024-04-16,23:59:59,7.903,200
2024-08-23,23:59:59,5.392,200
2024-12-15,23:59:59,7.007,200
1980-09-04,23:59:59,11.683,200
1981-02-03,23:59:59,20.693,200
1981-10-08,23:59:59,18.528,200
1982-11-20,23:59:59,12.258,200
1983-07-04,23:59:59,17.886,200
1983-07-27,23:59:59,9.514,200
1983-12-25,23:59:59,3.471,200
1984-01-20,23:59:59,9.898,200
1985-03-18,23:59:59,10.409,200
1985-11-26,23:59:59,15.054,200
1986-07-02,23:59:59,14.860,200
1986-09-24,23:59:59,21.659,200
1987-07-18,23:59:59,6.266,200
1988-01-13,23:59:59,21.968,200
1988-06-20,23:59:59,10.513,200
1988-09-03,23:59:59,15.127,200
1988-11-02,23:59:59,19.563,200
1989-01-28,23:59:59,23.675,200
1989-03-03,23:59:59,12.904,200
1989-06-14,23:59:59,10.084,200
1990-08-19,23:59:59,8.911,200
1991-10-27,23:59:59,12.740,200
1992-08-14,23:59:59,11.525,200
1992-09-20,23:59:59,22.737,200
1992-11-20,23:59:59,20.259,200
1993-01-01,23:59:59,10.884,200
1994-01-04,23:59:59,8.969,200
1995-02-09,23:59:59,14.103,200
1995-08-27,23:59:59,23.404,200
1995-10-28,23:59:59,23.837,200
1998-12-31,23:59:59,9.067,200
1999-09-15,23:59:59,12.592,200
2002-02-20,23:59:59,12.739,200
2002-06-09,23:59:59,11.790,200
2003-01-13,23:59:59,12.857,200
2004-01-08,23:59:59,16.268,200
2004-05-16,23:59:59,10.207,200
2004-10-30,23:59:59,12.150,200
2005-02-11,23:59:59,11.446,200
2006-04-01,23:59:59,5.683,200
2006-04-10,23:59:59,6.151,200
2006-09-30,23:59:59,6.935,200
2007-03-23,23:59:59,9.405,200
2007-05-14,23:59:59,10.331,200
2007-05-30,23:59:59,15.291,200
2007-12-24,23:59:59,9.837,200
2007-12-31,23:59:59,6.471,200
2008-12-13,23:59:59,9.135,200
2009-03-21,23:59:59,11.660,200
2009-12-08,23:59:59,9.497,200
2009-12-12,23:59:59,11.877,200
2010-02-14,23:59:59,14.530,200
2010-09-13,23:59:59,26.614,200
2010-10-13,23:59:59,26.228,200
2010-12-26,23:59:59,4.814,200
2011-04-25,23:59:59,12.152,200
2011-04-30,23:59:59,8.934,200
2011-06-17,23:59:59,23.610,200
2011-12-01,23:59:59,12.808,200
2012-02-13,23:59:59,18.013,200
2012-05-26,23:59:59,5.128,200
2012-05-31,23:59:59,10.649,200
2013-05-01,23:59:59,10.738,200
2013-06-19,23:59:59,5.304,200
2013-10-08,23:59:59,16.183,200
2014-03-31,23:59:59,8.250,200
2014-06-05,23:59:59,12.418,200
2014-09-25,23:59:59,8.493,200
2014-11-22,23:59:59,6.952,200
2015-01-30,23:59:59,11.369,200
2015-03-07,23:59:59,6.099,200
2015-11-21,23:59:59,10.787,200
2016-01-28,23:59:59,8.843,200
2016-07-28,23:59:59,13.669,200
2016-11-15,23:59:59,16.532,200
2017-10-05,23:59:59,7.357,200
2017-11-02,23:59:59,18.220,200
2017-11-05,23:59:59,15.416,200
2018-05-13,23:59:59,8.305,200
2018-10-02,23:59:59,18.154,200
2019-06-12,23:59:59,13.514,200
2020-01-20,23:59:59,14.215,200
2020-10-30,23:59:59,6.331,200
2021-04-13,23:59:59,7.089,200
2022-09-17,23:59:59,25.277,200
2022-12-04,23:59:59,25.970,200
2023-01-18,23:59:59,16.913,200
2023-01-21,23:59:59,7.221,200
2023-02-12,23:59:59,25.570,200
2024-01-27,23:59:59,7.078,200
1980-04-14,23:59:59,17.843,200
1981-02-24,23:59:59,15.088,200
1982-06-09,23:59:59,18.943,200
1983-05-10,23:59:59,9.332,200
1983-07-03,23:59:59,15.092,200
1983-08-12,23:59:59,9.310,200
1984-04-07,23:59:59,9.964,200
1985-07-15,23:59:59,10.060,200
1985-09-16,23:59:59,16.991,200
1985-09-26,23:59:59,14.825,200
1987-01-12,23:59:59,11.301,200
1988-01-22,23:59:59,14.625,200
1988-07-09,23:59:59,2.943,200
1989-02-19,23:59:59,18.621,200
1989-08-21,23:59:59,13.552,200
1990-01-29,23:59:59,16.571,200
1991-05-25,23:59:59,13.753,200
1991-07-16,23:59:59,12.566,200
1992-01-12,23:59:59,14.614,200
1992-01-23,23:59:59,9.143,200
1993-01-03,23:59:59,10.059,200
1993-02-06,23:59:59,7.006,200
1993-04-21,23:59:59,7.902,200
1993-08-25,23:59:59,7.319,200
1995-05-21,23:59:59,22.766,200
1995-07-05,23:59:59,20.339,200
1996-01-04,23:59:59,18.003,200
1997-04-28,23:59:59,9.756,200
1997-06-27,23:59:59,14.753,200
1997-07-27,23:59:59,20.489,200
1997-09-03,23:59:59,13.652,200
1997-11-21,23:59:59,12.594,200
1997-11-26,23:59:59,15.917,200
1998-08-15,23:59:59,25.464,200
2000-02-07,23:59:59,17.354,200
2000-07-15,23:59:59,9.761,200
2000-12-27,23:59:59,7.728,200
2001-04-10,23:59:59,15.389,200
2001-04-30,23:59:59,12.908,200
2001-07-23,23:59:59,14.235,200
2001-12-21,23:59:59,25.150,200
2002-07-20,23:59:59,24.885,200
2002-09-23,23:59:59,16.628,200
2003-01-31,23:59:59,10.830,200
2005-04-20,23:59:59,11.156,200
2005-12-03,23:59:59,8.127,200
2006-04-07,23:59:59,12.775,200
2007-02-17,23:59:59,16.436,200
2007-10-03,23:59:59,19.213,200
2008-04-15,23:59:59,6.190,200
2008-08-02,23:59:59,4.885,200
2010-07-02,23:59:59,13.945,200
2010-07-29,23:59:59,15.358,200
2010-08-26,23:59:59,14.350,200
2010-09-19,23:59:59,27.220,200
2011-04-28,23:59:59,18.159,200
2011-05-16,23:59:59,14.798,200
2011-10-19,23:59:59,14.549,200
2012-10-19,23:59:59,15.414,200
2014-05-12,23:59:59,10.723,200
2014-05-20,23:59:59,10.744,200
2014-09-11,23:59:59,8.755,200
2014-10-01,23:59:59,9.989,200
2014-10-12,23:59:59,10.196,200
2015-01-05,23:59:59,8.848,200
2015-01-31,23:59:59,7.574,200
2016-03-02,23:59:59,12.552,200
2016-08-28,23:59:59,14.083,200
2016-09-30,23:59:59,25.832,200
2017-10-20,23:59:59,19.422,200
2018-02-05,23:59:59,7.643,200
2018-03-20,23:59:59,13.399,200
2018-05-21,23:59:59,13.812,200
2020-04-04,23:59:59,9.253,200
2021-08-07,23:59:59,7.823,200
2022-10-01,23:59:59,18.036,200
2022-10-13,23:59:59,25.399,200
2023-07-05,23:59:59,10.313,200
2023-08-25,23:59:59,19.036,200
2023-09-06,23:59:59,6.838,200
2023-09-29,23:59:59,7.519,200
2024-11-27,23:59:59,17.261,200
1980-10-18,23:59:59,14.879,200
1982-06-12,23:59:59,8.359,200
1983-05-07,23:59:59,5.843,200
1983-12-16,23:59:59,15.801,200
1984-11-01,23:59:59,9.421,200
1987-02-02,23:59:59,13.249,200
1987-06-26,23:59:59,12.565,200
1988-05-31,23:59:59,13.253,200
1989-10-01,23:59:59,15.509,200
1990-01-21,23:59:59,4.934,200
1990-10-22,23:59:59,10.579,200
1990-11-20,23:59:59,17.550,200
1991-10-24,23:59:59,20.477,200
1992-01-02,23:59:59,6.372,200
1992-07-28,23:59:59,8.418,200
1992-10-09,23:59:59,13.397,200
1995-08-10,23:59:59,15.289,200
1995-08-21,23:59:59,23.843,200
1995-09-26,23:59:59,23.618,200
1998-02-25,23:59:59,9.246,200
1998-04-21,23:59:59,8.630,200
1998-07-14,23:59:59,27.078,200
1998-07-21,23:59:59,26.767,200
1998-09-02,23:59:59,18.030,200
1998-11-17,23:59:59,20.179,200
1998-11-26,23:59:59,23.986,200
2000-01-21,23:59:59,16.520,200
2000-02-22,23:59:59,9.399,200
2001-05-11,23:59:59,15.010,200
2001-05-20,23:59:59,8.073,200
2002-08-14,23:59:59,13.010,200
2002-10-30,23:59:59,9.422,200
2003-12-23,23:59:59,12.089,200
2004-07-07,23:59:59,25.099,200
2004-11-19,23:59:59,18.624,200
2004-12-21,23:59:59,20.518,200
2005-01-04,23:59:59,24.439,200
2005-11-04,23:59:59,14.640,200
2006-06-14,23:59:59,21.117,200
2006-10-27,23:59:59,15.047,200
2007-01-25,23:59:59,16.777,200
2007-09-10,23:59:59,23.383,200
2009-06-01,23:59:59,14.167,200
2010-06-23,23:59:59,13.549,200
2010-09-29,23:59:59,27.084,200
2011-03-20,23:59:59,15.958,200
2011-06-19,23:59:59,23.604,200
2012-03-21,23:59:59,18.137,200
2012-10-20,23:59:59,13.788,200
2013-06-08,23:59:59,7.131,200
2014-03-03,23:59:59,6.981,200
2015-05-21,23:59:59,11.399,200
2015-05-27,23:59:59,13.910,200
2015-11-07,23:59:59,9.885,200
2016-03-28,23:59:59,5.330,200
2016-04-15,23:59:59,9.939,200
2016-12-21,23:59:59,15.059,200
2017-09-21,23:59:59,25.393,200
2018-01-04,23:59:59,5.631,200
2018-04-14,23:59:59,22.418,200
2018-08-24,23:59:59,20.254,200
2018-09-23,23:59:59,10.576,200
2018-11-11,23:59:59,8.134,200
2019-02-10,23:59:59,7.906,200
2021-07-12,23:59:59,18.455,200
2022-04-04,23:59:59,16.241,200
2022-04-29,23:59:59,14.403,200
2023-02-25,23:59:59,6.433,200
2023-04-22,23:59:59,11.099,200
2023-11-24,23:59:59,7.147,200
2024-02-28,23:59:59,13.335,200
2024-06-21,23:59:59,18.143,200
1980-02-12,23:59:59,21.890,200
1981-11-22,23:59:59,17.113,200
1982-04-25,23:59:59,7.085,200
1982-06-29,23:59:59,17.383,200
1982-09-08,23:59:59,11.516,200
1982-11-21,23:59:59,9.102,200
1983-03-03,23:59:59,7.748,200
1983-07-12,23:59:59,7.795,200
1984-07-05,23:59:59,15.659,200
1984-11-21,23:59:59,11.525,200
1985-04-05,23:59:59,12.058,200
1985-05-29,23:59:59,9.500,200
1985-09-01,23:59:59,7.800,200
1986-09-19,23:59:59,14.699,200
1987-02-18,23:59:59,9.269,200
1987-03-01,23:59:59,7.687,200
1988-02-17,23:59:59,10.330,200
1988-03-05,23:59:59,10.260,200
1988-10-11,23:59:59,20.269,200
1989-02-21,23:59:59,22.690,200
1990-04-26,23:59:59,15.866,200
1990-05-02,23:59:59,13.476,200
1990-07-09,23:59:59,11.905,200
1991-10-26,23:59:59,17.460,200
1992-01-15,23:59:59,10.157,200
1992-11-11,23:59:59,20.890,200
1993-08-29,23:59:59,7.345,200
1993-11-10,23:59:59,7.957,200
1994-03-28,23:59:59,8.724,200
1994-05-01,23:59:59,7.415,200
1994-05-05,23:59:59,6.045,200
1994-10-04,23:59:59,19.210,200
1995-01-22,23:59:59,8.486,200
1995-05-05,23:59:59,21.529,200
1996-10-07,23:59:59,24.123,200
1997-09-06,23:59:59,7.928,200
1997-10-30,23:59:59,11.672,200
1998-04-03,23:59:59,8.820,200
1998-12-08,23:59:59,17.849,200
1999-01-25,23:59:59,17.583,200
1999-04-28,23:59:59,19.100,200
2000-08-06,23:59:59,11.316,200
2000-10-14,23:59:59,8.430,200
2001-02-23,23:59:59,13.091,200
2001-04-20,23:59:59,11.948,200
2002-07-05,23:59:59,10.424,200
2002-07-29,23:59:59,23.989,200
2003-11-04,23:59:59,16.322,200
2003-11-05,23:59:59,16.184,200
2006-05-02,23:59:59,22.927,200
2007-03-20,23:59:59,11.334,200
2007-06-11,23:59:59,17.738,200
2007-11-29,23:59:59,14.134,200
2008-05-25,23:59:59,5.618,200
2010-05-30,23:59:59,11.130,200
2010-12-12,23:59:59,7.155,200
2011-05-12,23:59:59,13.888,200
2012-03-11,23:59:59,12.485,200
2013-11-02,23:59:59,12.696,200
2013-12-04,23:59:59,19.240,200
2014-06-08,23:59:59,13.066,200
2015-09-03,23:59:59,25.505,200
2018-09-22,23:59:59,10.330,200
2018-12-12,23:59:59,13.084,200
2019-01-30,23:59:59,15.348,200
2019-05-04,23:59:59,12.460,200
2020-02-06,23:59:59,5.961,200
2020-03-07,23:59:59,7.774,200
2021-03-24,23:59:59,15.116,200
2021-07-21,23:59:59,9.776,200
2021-11-26,23:59:59,7.415,200
2023-01-28,23:59:59,4.855,200
2023-02-21,23:59:59,17.273,200
2023-05-09,23:59:59,16.993,200
2023-05-29,23:59:59,24.678,200
2023-08-29,23:59:59,16.491,200
2024-09-11,23:59:59,8.910,200
2024-12-17,23:59:59,9.429,200
1980-04-06,23:59:59,4.840,200
1981-01-23,23:59:59,14.974,200
1981-06-22,23:59:59,17.880,200
1982-03-23,23:59:59,10.271,200
1982-09-02,23:59:59,15.870,200
1983-02-12,23:59:59,14.770,200
1983-12-05,23:59:59,18.740,200
1985-08-25,23:59:59,3.691,200
1985-09-27,23:59:59,6.113,200
1986-02-10,23:59:59,10.133,200
1986-08-13,23:59:59,20.242,200
1988-04-19,23:59:59,13.304,200
1989-08-18,23:59:59,13.612,200
1990-06-16,23:59:59,12.539,200
1990-07-14,23:59:59,9.172,200
1990-08-02,23:59:59,19.440,200
1991-09-05,23:59:59,21.778,200
1994-06-14,23:59:59,4.386,200
1994-08-31,23:59:59,17.622,200
1995-02-05,23:59:59,6.496,200
1995-05-18,23:59:59,23.245,200
1995-09-19,23:59:59,23.407,200
1997-04-19,23:59:59,6.611,200
1997-04-20,23:59:59,5.035,200
1998-05-21,23:59:59,8.818,200
1998-06-02,23:59:59,11.200,200
1998-10-24,23:59:59,25.605,200
1999-07-09,23:59:59,17.009,200
1999-08-14,23:59:59,13.117,200
1999-10-22,23:59:59,15.209,200
2000-05-21,23:59:59,10.267,200
2000-07-11,23:59:59,13.799,200
2001-04-19,23:59:59,17.070,200
2001-07-10,23:59:59,10.496,200
2001-08-25,23:59:59,6.279,200
2002-12-07,23:59:59,6.827,200
2002-12-20,23:59:59,9.963,200
2003-04-28,23:59:59,14.412,200
2004-04-12,23:59:59,17.359,200
2004-09-27,23:59:59,11.896,200
2005-06-14,23:59:59,17.331,200
2005-11-21,23:59:59,17.633,200
2007-01-26,23:59:59,14.307,200
2008-02-25,23:59:59,8.728,200
2008-12-24,23:59:59,5.293,200
2009-04-13,23:59:59,7.137,200
2009-05-26,23:59:59,9.478,200
2009-11-11,23:59:59,15.480,200
2009-11-19,23:59:59,16.571,200
2011-05-10,23:59:59,13.907,200
2011-10-14,23:59:59,8.481,200
2012-07-08,23:59:59,21.910,200
2012-12-22,23:59:59,8.144,200
2014-07-16,23:59:59,9.002,200
2015-03-24,23:59:59,9.892,200
2016-08-02,23:59:59,18.277,200
2017-08-05,23:59:59,20.574,200
2017-11-03,23:59:59,18.092,200
2018-10-31,23:59:59,10.765,200
2019-11-26,23:59:59,14.441,200
2020-03-27,23:59:59,11.415,200
2021-02-06,23:59:59,9.343,200
2021-03-13,23:59:59,7.413,200
2021-07-02,23:59:59,15.719,200
2022-06-03,23:59:59,10.607,200
2022-06-09,23:59:59,8.448,200
2023-03-19,23:59:59,17.804,200
2023-04-11,23:59:59,7.974,200
2023-04-25,23:59:59,12.038,200
2023-11-01,23:59:59,14.483,200
2024-10-05,23:59:59,4.775,200
2024-11-24,23:59:59,14.384,200
1981-07-24,23:59:59,17.762,200
1981-10-12,23:59:59,16.468,200
1982-01-07,23:59:59,16.583,200
1982-09-16,23:59:59,3.125,200
1982-10-20,23:59:59,17.315,200
1982-12-19,23:59:59,9.026,200
1983-01-29,23:59:59,6.974,200
1983-11-01,23:59:59,16.980,200
1986-10-14,23:59:59,17.189,200
1987-10-20,23:59:59,10.673,200
1989-01-04,23:59:59,24.391,200
1989-02-08,23:59:59,19.578,200
1989-06-24,23:59:59,15.359,200
1989-12-19,23:59:59,14.014,200
1990-03-30,23:59:59,7.753,200
1990-11-15,23:59:59,12.413,200
1991-08-29,23:59:59,21.867,200
1992-02-14,23:59:59,14.273,200
1992-02-27,23:59:59,10.643,200
1992-05-17,23:59:59,9.155,200
1994-04-19,23:59:59,7.232,200
1994-10-14,23:59:59,22.748,200
1994-12-05,23:59:59,23.126,200
1995-07-29,23:59:59,20.435,200
1997-08-19,23:59:59,11.938,200
1998-05-17,23:59:59,12.081,200
1999-06-12,23:59:59,19.114,200
1999-09-28,23:59:59,18.285,200
2000-01-24,23:59:59,14.860,200
2000-03-20,23:59:59,11.793,200
2001-09-11,23:59:59,13.750,200
2002-04-03,23:59:59,20.653,200
2002-11-02,23:59:59,19.569,200
2003-08-13,23:59:59,15.359,200
2003-09-09,23:59:59,16.893,200
2005-01-12,23:59:59,25.455,200
2005-03-14,23:59:59,6.862,200
2005-07-08,23:59:59,9.421,200
2005-08-19,23:59:59,11.746,200
2006-07-15,23:59:59,11.873,200
2008-01-05,23:59:59,8.048,200
2009-10-25,23:59:59,20.309,200
2011-08-18,23:59:59,23.050,200
2012-03-17,23:59:59,10.080,200
2012-12-23,23:59:59,13.026,200
2013-01-30,23:59:59,15.228,200
2013-03-19,23:59:59,7.566,200
2013-03-29,23:59:59,6.809,200
2013-07-04,23:59:59,10.033,200
2014-01-08,23:59:59,7.318,200
2014-03-25,23:59:59,7.981,200
2014-08-28,23:59:59,10.282,200
2015-01-14,23:59:59,8.093,200
2015-08-24,23:59:59,16.756,200
2015-10-13,23:59:59,17.296,200
2016-02-29,23:59:59,13.199,200
2016-09-24,23:59:59,11.956,200
2017-06-28,23:59:59,22.883,200
2017-07-06,23:59:59,23.155,200
2017-10-06,23:59:59,11.142,200
2018-09-05,23:59:59,24.523,200
2018-10-11,23:59:59,16.955,200
2019-09-29,23:59:59,11.314,200
2019-12-12,23:59:59,14.285,200
2020-09-23,23:59:59,3.240,200
2020-10-28,23:59:59,8.542,200
2021-09-15,23:59:59,10.822,200
2021-11-29,23:59:59,13.210,200
2022-01-20,23:59:59,6.515,200
2022-08-29,23:59:59,25.728,200
2023-01-23,23:59:59,19.104,200
2023-05-10,23:59:59,18.712,200
2023-12-06,23:59:59,11.582,200
2023-12-25,23:59:59,6.003,200
2024-03-30,23:59:59,9.228,200
2024-06-24,23:59:59,17.663,200
2024-10-07,23:59:59,4.323,200
2024-11-17,23:59:59,17.448,200
1980-01-08,23:59:59,16.938,200
1981-04-02,23:59:59,16.857,200
1981-09-27,23:59:59,15.178,200
1981-10-19,23:59:59,15.842,200
1982-05-01,23:59:59,5.223,200
1982-09-06,23:59:59,13.587,200
1983-09-30,23:59:59,7.073,200
1984-01-25,23:59:59,15.443,200
1984-03-20,23:59:59,17.530,200
1984-11-05,23:59:59,9.825,200
1985-09-20,23:59:59,18.408,200
1985-12-16,23:59:59,17.610,200
1987-03-04,23:59:59,5.559,200
1989-02-23,23:59:59,22.446,200
1990-04-16,23:59:59,17.784,200
1990-07-04,23:59:59,11.992,200
1990-11-05,23:59:59,20.292,200
1991-03-12,23:59:59,14.742,200
1992-12-11,23:59:59,6.467,200
1993-04-26,23:59:59,7.925,200
1993-05-19,23:59:59,10.226,200
1993-10-19,23:59:59,8.704,200
1993-12-10,23:59:59,9.503,200
1993-12-17,23:59:59,10.672,200
1994-03-18,23:59:59,4.183,200
1994-03-30,23:59:59,7.225,200
1994-11-05,23:59:59,7.943,200
1995-05-09,23:59:59,23.401,200
1995-07-15,23:59:59,4.684,200
1995-12-01,23:59:59,21.770,200
1995-12-16,23:59:59,14.839,200
1996-02-18,23:59:59,18.097,200
1996-05-15,23:59:59,17.793,200
1996-09-18,23:59:59,25.451,200
1996-12-30,23:59:59,13.063,200
1997-02-12,23:59:59,14.174,200
1997-02-21,23:59:59,14.562,200
1997-10-16,23:59:59,14.336,200
1997-12-29,23:59:59,11.445,200
1998-05-04,23:59:59,10.239,200
1998-08-20,23:59:59,20.694,200
1999-06-26,23:59:59,19.326,200
2001-01-11,23:59:59,12.940,200
2001-03-22,23:59:59,16.573,200
2001-07-16,23:59:59,13.323,200
2001-11-29,23:59:59,6.394,200
2002-05-13,23:59:59,8.327,200
2002-09-12,23:59:59,12.947,200
2003-06-23,23:59:59,14.630,200
2004-01-26,23:59:59,6.162,200
2004-03-10,23:59:59,26.506,200
2004-04-08,23:59:59,13.856,200
2004-04-21,23:59:59,14.100,200
2004-09-09,23:59:59,22.212,200
2004-10-27,23:59:59,20.548,200
2005-02-26,23:59:59,12.918,200
2005-11-06,23:59:59,11.373,200
2006-07-10,23:59:59,11.762,200
2006-12-29,23:59:59,6.038,200
2007-06-30,23:59:59,6.872,200
2007-12-25,23:59:59,5.588,200
2008-05-03,23:59:59,7.062,200
2008-05-15,23:59:59,12.534,200
2008-08-23,23:59:59,26.289,200
2009-02-23,23:59:59,11.178,200
2009-04-02,23:59:59,13.780,200
2009-04-30,23:59:59,8.850,200
2009-09-28,23:59:59,17.326,200
2010-06-15,23:59:59,10.688,200
2010-12-24,23:59:59,5.628,200
2011-02-24,23:59:59,9.424,200
2011-03-04,23:59:59,16.185,200
2014-10-18,23:59:59,7.263,200
2015-02-11,23:59:59,10.654,200
2016-05-20,23:59:59,7.192,200
2017-04-01,23:59:59,10.294,200
2017-12-25,23:59:59,5.171,200
2018-06-05,23:59:59,11.530,200
2019-09-06,23:59:59,16.260,200
2020-02-28,23:59:59,9.193,200
2020-07-20,23:59:59,13.941,200
2020-09-08,23:59:59,12.864,200
2020-10-14,23:59:59,5.469,200
2020-12-15,23:59:59,18.718,200
2021-02-03,23:59:59,16.605,200
2021-04-19,23:59:59,7.847,200
2021-11-16,23:59:59,9.116,200
2022-06-22,23:59:59,15.981,200
2022-09-27,23:59:59,25.403,200
2023-06-24,23:59:59,5.223,200
2024-03-29,23:59:59,13.034,200
2024-03-31,23:59:59,13.067,200
2024-06-05,23:59:59,15.345,200
2024-08-10,23:59:59,6.058,200
1980-07-27,23:59:59,18.033,200
1980-11-10,23:59:59,12.838,200
1981-02-25,23:59:59,9.327,200
1981-05-20,23:59:59,15.548,200
1982-02-05,23:59:59,15.800,200
1982-03-09,23:59:59,13.288,200
1983-06-07,23:59:59,12.576,200
1983-11-04,23:59:59,18.024,200
1984-04-19,23:59:59,11.498,200
1984-06-14,23:59:59,21.442,200
1985-06-22,23:59:59,3.352,200
1985-07-07,23:59:59,5.854,200
1985-07-11,23:59:59,7.230,200
1986-08-07,23:59:59,21.922,200
1986-10-30,23:59:59,21.919,200
1986-12-14,23:59:59,10.990,200
1987-02-19,23:59:59,10.277,200
1987-03-19,23:59:59,9.501,200
1988-05-09,23:59:59,11.116,200
1988-07-11,23:59:59,13.622,200
1989-01-19,23:59:59,21.317,200
1989-03-02,23:59:59,19.270,200
1989-04-03,23:59:59,17.547,200
1989-07-25,23:59:59,14.308,200
1989-07-26,23:59:59,20.291,200
1990-01-27,23:59:59,17.289,200
1990-03-16,23:59:59,13.842,200
1990-09-10,23:59:59,20.775,200
1991-11-14,23:59:59,9.948,200
1993-03-17,23:59:59,13.703,200
1993-03-24,23:59:59,5.709,200
1993-04-20,23:59:59,7.896,200
1996-01-24,23:59:59,23.767,200
1996-01-27,23:59:59,17.111,200
1997-01-31,23:59:59,6.922,200
1997-05-13,23:59:59,7.783,200
1997-05-15,23:59:59,10.309,200
1998-01-17,23:59:59,9.845,200
1998-04-30,23:59:59,7.144,200
2000-06-02,23:59:59,9.764,200
2001-04-21,23:59:59,10.594,200
2003-01-11,23:59:59,13.582,200
2003-04-25,23:59:59,6.636,200
2004-03-17,23:59:59,23.710,200
2004-06-17,23:59:59,7.377,200
2004-08-17,23:59:59,24.391,200
2004-12-09,23:59:59,6.331,200
2005-04-15,23:59:59,10.264,200
2005-10-02,23:59:59,9.857,200
2006-09-17,23:59:59,9.097,200
2007-02-21,23:59:59,16.839,200
2009-06-18,23:59:59,19.378,200
2010-02-17,23:59:59,17.909,200
2011-03-13,23:59:59,11.734,200
2011-11-05,23:59:59,9.985,200
2012-03-22,23:59:59,14.577,200
2012-06-04,23:59:59,6.442,200
2013-03-25,23:59:59,7.668,200
2013-10-11,23:59:59,10.530,200
2014-10-02,23:59:59,10.371,200
2015-03-11,23:59:59,7.884,200
2016-11-09,23:59:59,13.181,200
2017-04-09,23:59:59,26.122,200
2017-07-19,23:59:59,17.491,200
2017-12-16,23:59:59,7.625,200
2018-06-19,23:59:59,10.869,200
2019-01-02,23:59:59,4.849,200
2019-02-08,23:59:59,8.103,200
2019-10-17,23:59:59,8.598,200
2019-11-12,23:59:59,8.304,200
2020-02-09,23:59:59,7.389,200
2020-11-22,23:59:59,6.651,200
2021-01-12,23:59:59,17.141,200
2021-04-09,23:59:59,8.554,200
2022-02-07,23:59:59,6.021,200
2022-03-05,23:59:59,11.476,200
2022-07-10,23:59:59,6.740,200
1980-08-05,23:59:59,19.798,200
1981-04-06,23:59:59,14.822,200
1981-05-23,23:59:59,5.077,200
1981-07-26,23:59:59,11.242,200
1981-09-17,23:59:59,19.214,200
1982-05-30,23:59:59,11.036,200
1983-08-01,23:59:59,5.893,200
1984-02-13,23:59:59,7.011,200
1984-07-19,23:59:59,14.988,200
1985-10-30,23:59:59,14.153,200
1986-02-05,23:59:59,17.961,200
1986-02-13,23:59:59,10.108,200
1986-07-13,23:59:59,15.205,200
1986-08-30,23:59:59,19.365,200
1987-06-21,23:59:59,11.750,200
1987-10-09,23:59:59,4.415,200
1988-03-28,23:59:59,12.566,200
1988-11-08,23:59:59,22.391,200
1989-02-05,23:59:59,10.651,200
1991-10-16,23:59:59,21.871,200
1992-05-02,23:59:59,8.957,200
1993-01-12,23:59:59,9.938,200
1994-02-08,23:59:59,13.831,200
1994-05-30,23:59:59,4.149,200
1994-12-20,23:59:59,15.517,200
1995-02-14,23:59:59,15.709,200
1995-10-02,23:59:59,18.795,200
1995-11-26,23:59:59,6.762,200
1996-03-02,23:59:59,17.649,200
1997-08-17,23:59:59,8.483,200
1997-12-22,23:59:59,15.834,200
1998-02-02,23:59:59,13.163,200
1998-11-07,23:59:59,25.888,200
1999-08-02,23:59:59,12.667,200
1999-09-20,23:59:59,9.127,200
2000-09-21,23:59:59,15.147,200
2001-05-02,23:59:59,12.967,200
2001-09-10,23:59:59,13.258,200
2002-05-27,23:59:59,10.610,200
2003-07-25,23:59:59,20.206,200
2003-11-12,23:59:59,18.955,200
2004-02-25,23:59:59,26.173,200
2004-10-07,23:59:59,10.785,200
2006-02-08,23:59:59,13.967,200
2007-08-22,23:59:59,18.675,200
2008-07-04,23:59:59,8.511,200
2008-10-14,23:59:59,19.276,200
2008-12-30,23:59:59,9.697,200
2009-02-11,23:59:59,17.331,200
2009-10-02,23:59:59,11.774,200
2010-05-08,23:59:59,8.264,200
2010-10-24,23:59:59,9.818,200
2011-08-14,23:59:59,17.642,200
2012-01-17,23:59:59,24.825,200
2012-05-18,23:59:59,8.757,200
2012-12-09,23:59:59,7.417,200
2013-01-07,23:59:59,10.239,200
2013-03-12,23:59:59,12.680,200
2013-05-21,23:59:59,9.154,200
2013-05-26,23:59:59,6.665,200
2014-10-21,23:59:59,10.286,200
2014-12-28,23:59:59,8.202,200
2015-02-23,23:59:59,7.349,200
2016-07-03,23:59:59,8.208,200
2016-12-01,23:59:59,14.031,200
2017-01-04,23:59:59,12.588,200
2017-04-30,23:59:59,16.107,200
2017-07-14,23:59:59,22.567,200
2018-06-22,23:59:59,19.789,200
2019-02-03,23:59:59,7.960,200
2019-03-13,23:59:59,8.990,200
2019-09-03,23:59:59,14.255,200
2021-08-25,23:59:59,5.440,200
2022-03-30,23:59:59,18.670,200
2022-05-23,23:59:59,10.811,200
2022-08-27,23:59:59,25.810,200
2022-12-28,23:59:59,25.857,200
2023-01-03,23:59:59,13.306,200
2023-01-08,23:59:59,17.512,200
2023-01-11,23:59:59,13.092,200
2023-01-25,23:59:59,22.344,200
2023-03-30,23:59:59,14.154,200
2023-10-15,23:59:59,6.051,200
2024-03-02,23:59:59,5.606,200
1980-01-28,23:59:59,21.429,200
1980-03-06,23:59:59,14.405,200
1980-03-07,23:59:59,14.432,200
1981-01-13,23:59:59,12.661,200
1981-03-01,23:59:59,4.965,200
1981-09-30,23:59:59,17.258,200
1982-02-21,23:59:59,8.332,200
1983-02-14,23:59:59,14.199,200
1983-09-26,23:59:59,9.868,200
1984-04-20,23:59:59,9.555,200
1985-04-11,23:59:59,12.229,200
1985-06-14,23:59:59,9.777,200
1985-07-20,23:59:59,8.461,200
1986-08-05,23:59:59,22.084,200
1988-02-09,23:59:59,13.122,200
1988-02-29,23:59:59,12.994,200
1988-07-19,23:59:59,14.573,200
1989-04-01,23:59:59,3.365,200
1989-04-21,23:59:59,17.739,200
1989-05-06,23:59:59,6.919,200
1989-12-12,23:59:59,19.691,200
1990-02-08,23:59:59,21.878,200
1990-04-02,23:59:59,17.218,200
1992-04-10,23:59:59,13.228,200
1992-07-24,23:59:59,8.947,200
1992-08-05,23:59:59,15.852,200
1994-02-21,23:59:59,13.288,200
1994-06-24,23:59:59,7.909,200
1994-09-13,23:59:59,20.152,200
1994-12-24,23:59:59,4.562,200
1995-03-16,23:59:59,9.016,200
1995-12-04,23:59:59,16.845,200
1996-06-22,23:59:59,12.815,200
1996-11-27,23:59:59,16.509,200
1997-04-30,23:59:59,6.863,200
1999-02-14,23:59:59,11.673,200
1999-04-26,23:59:59,14.532,200
2000-02-05,23:59:59,11.133,200
2000-05-17,23:59:59,8.928,200
2000-08-29,23:59:59,12.177,200
2001-01-02,23:59:59,5.366,200
2001-01-05,23:59:59,12.988,200
2001-02-24,23:59:59,7.247,200
2001-09-09,23:59:59,6.924,200
2001-11-23,23:59:59,6.824,200
2002-05-06,23:59:59,8.631,200
2003-01-30,23:59:59,13.796,200
2003-10-03,23:59:59,3.655,200
2003-10-15,23:59:59,14.783,200
2004-01-21,23:59:59,10.389,200
2004-09-29,23:59:59,16.640,200
2005-11-18,23:59:59,17.664,200
2006-01-03,23:59:59,5.150,200
2006-04-11,23:59:59,5.964,200
2006-07-21,23:59:59,15.240,200
2007-08-28,23:59:59,18.589,200
2008-03-31,23:59:59,9.231,200
2009-03-25,23:59:59,15.315,200
2009-06-05,23:59:59,9.996,200
2010-07-10,23:59:59,22.036,200
2012-04-07,23:59:59,9.845,200
2012-04-12,23:59:59,8.388,200
2013-05-12,23:59:59,7.000,200
2013-08-13,23:59:59,9.399,200
2014-04-07,23:59:59,8.389,200
2015-05-13,23:59:59,10.331,200
2015-10-10,23:59:59,14.196,200
2016-04-08,23:59:59,8.967,200
2016-06-27,23:59:59,12.113,200
2016-09-25,23:59:59,19.406,200
2018-02-18,23:59:59,17.661,200
2018-06-23,23:59:59,22.571,200
2019-04-18,23:59:59,6.356,200
2019-06-09,23:59:59,9.735,200
2019-10-25,23:59:59,11.164,200
2019-12-26,23:59:59,5.644,200
2020-04-16,23:59:59,14.446,200
2021-02-18,23:59:59,14.901,200
2021-12-26,23:59:59,8.523,200
2022-02-24,23:59:59,6.368,200
2022-04-01,23:59:59,16.781,200
2023-06-18,23:59:59,12.131,200
2023-08-02,23:59:59,18.484,200
2024-05-27,23:59:59,10.995,200
1980-08-04,23:59:59,18.237,200
1980-08-31,23:59:59,15.993,200
1981-03-22,23:59:59,15.894,200
1982-12-14,23:59:59,7.049,200
1983-02-04,23:59:59,9.184,200
1983-07-24,23:59:59,11.909,200
1984-10-15,23:59:59,13.517,200
1984-12-28,23:59:59,14.634,200
1985-02-02,23:59:59,7.604,200
1985-03-27,23:59:59,13.488,200
1985-04-22,23:59:59,11.485,200
1985-05-05,23:59:59,7.593,200
1985-06-25,23:59:59,10.469,200
1985-10-06,23:59:59,5.585,200
1986-10-03,23:59:59,16.780,200
1987-01-14,23:59:59,12.752,200
1987-05-09,23:59:59,12.266,200
1987-08-02,23:59:59,9.977,200
1987-11-16,23:59:59,11.010,200
1988-01-05,23:59:59,18.355,200
1988-11-23,23:59:59,23.620,200
1988-12-05,23:59:59,15.963,200
1989-09-08,23:59:59,12.929,200
1990-04-27,23:59:59,15.853,200
1990-06-07,23:59:59,20.565,200
1993-11-11,23:59:59,9.373,200
1994-10-31,23:59:59,23.276,200
1994-11-17,23:59:59,24.903,200
1995-02-08,23:59:59,11.575,200
1995-09-30,23:59:59,17.043,200
1996-03-14,23:59:59,20.262,200
1996-10-12,23:59:59,24.257,200
1997-05-09,23:59:59,8.410,200
1997-05-12,23:59:59,6.644,200
1997-09-21,23:59:59,7.059,200
1998-07-02,23:59:59,4.918,200
1998-08-03,23:59:59,25.748,200
1999-07-16,23:59:59,12.215,200
1999-09-22,23:59:59,16.836,200
2000-10-28,23:59:59,15.282,200
2001-05-17,23:59:59,13.497,200
2001-10-26,23:59:59,7.197,200
2001-11-21,23:59:59,11.877,200
2002-11-15,23:59:59,16.928,200
2003-05-29,23:59:59,11.898,200
2004-10-01,23:59:59,14.287,200
2006-02-27,23:59:59,13.368,200
2006-04-27,23:59:59,6.788,200
2007-01-22,23:59:59,13.074,200
2007-05-18,23:59:59,7.962,200
2007-07-11,23:59:59,19.298,200
2007-08-13,23:59:59,14.452,200
2008-01-22,23:59:59,16.439,200
2008-05-18,23:59:59,15.140,200
2009-09-15,23:59:59,9.507,200
2010-10-31,23:59:59,15.527,200
2011-11-03,23:59:59,11.488,200
2012-03-04,23:59:59,13.473,200
2014-04-24,23:59:59,5.446,200
2014-08-20,23:59:59,18.950,200
2014-12-10,23:59:59,12.334,200
2015-06-30,23:59:59,13.575,200
2015-08-22,23:59:59,21.218,200
2015-09-14,23:59:59,21.024,200
2016-06-11,23:59:59,5.561,200
2016-07-16,23:59:59,11.478,200
2016-10-04,23:59:59,17.215,200
2017-02-16,23:59:59,11.631,200
2017-10-24,23:59:59,15.519,200
2018-08-02,23:59:59,19.704,200
2019-02-18,23:59:59,8.910,200
2019-12-30,23:59:59,6.286,200
2020-02-19,23:59:59,15.825,200
2020-03-02,23:59:59,14.675,200
2020-07-09,23:59:59,19.552,200
2020-09-12,23:59:59,15.284,200
2021-01-09,23:59:59,8.423,200
2021-12-27,23:59:59,8.099,200
2022-04-17,23:59:59,4.536,200
2022-08-24,23:59:59,25.545,200
2023-07-26,23:59:59,20.167,200
2024-04-04,23:59:59,8.983,200
2024-04-10,23:59:59,10.816,200
2024-08-07,23:59:59,16.165,200
2024-10-28,23:59:59,4.618,200
2024-11-20,23:59:59,8.066,200
2024-12-27,23:59:59,4.658,200
1980-03-29,23:59:59,7.966,200
1980-04-17,23:59:59,16.296,200
1980-11-16,23:59:59,16.988,200
1981-04-21,23:59:59,12.968,200
1982-04-18,23:59:59,4.594,200
1982-11-28,23:59:59,9.409,200
1982-12-11,23:59:59,9.114,200
1984-03-27,23:59:59,20.534,200
1985-01-31,23:59:59,10.985,200
1987-01-19,23:59:59,11.122,200
1988-02-24,23:59:59,12.379,200
1989-02-26,23:59:59,21.987,200
1989-11-23,23:59:59,12.650,200
1990-07-13,23:59:59,12.620,200
1991-03-09,23:59:59,16.024,200
1991-03-22,23:59:59,14.196,200
1993-11-08,23:59:59,5.389,200
1994-09-28,23:59:59,16.106,200
1994-10-08,23:59:59,22.618,200
1994-12-29,23:59:59,6.428,200
1995-02-21,23:59:59,9.306,200
1995-05-19,23:59:59,23.075,200
1996-03-24,23:59:59,11.115,200
1996-07-01,23:59:59,14.124,200
1996-08-03,23:59:59,17.697,200
1997-02-04,23:59:59,13.607,200
1998-05-25,23:59:59,7.327,200
1998-11-04,23:59:59,26.214,200
1999-02-11,23:59:59,13.697,200
1999-03-02,23:59:59,10.453,200
1999-04-20,23:59:59,11.443,200
1999-05-25,23:59:59,18.779,200
1999-12-20,23:59:59,8.994,200
2000-05-22,23:59:59,9.243,200
2000-07-04,23:59:59,19.218,200
2000-10-08,23:59:59,9.146,200
2000-11-16,23:59:59,18.039,200
2001-04-16,23:59:59,7.872,200
2001-06-07,23:59:59,18.586,200
2001-11-02,23:59:59,5.730,200
2002-02-12,23:59:59,12.445,200
2003-04-21,23:59:59,5.811,200
2003-05-08,23:59:59,8.897,200
2004-09-20,23:59:59,21.723,200
2004-11-24,23:59:59,13.372,200
2005-04-13,23:59:59,8.332,200
2005-11-24,23:59:59,14.448,200
2006-03-12,23:59:59,4.952,200
2006-04-16,23:59:59,8.672,200
2006-05-31,23:59:59,21.563,200
2006-08-08,23:59:59,24.729,200
2007-07-06,23:59:59,11.568,200
2007-09-24,23:59:59,17.831,200
2007-11-21,23:59:59,12.016,200
2008-05-01,23:59:59,11.084,200
2008-12-09,23:59:59,10.077,200
2009-08-20,23:59:59,6.777,200
2009-09-13,23:59:59,6.630,200
2009-12-30,23:59:59,14.014,200
2010-02-06,23:59:59,17.614,200
2011-08-23,23:59:59,11.564,200
2012-12-19,23:59:59,14.300,200
2014-02-17,23:59:59,14.722,200
2014-06-14,23:59:59,13.024,200
2014-07-12,23:59:59,6.503,200
2014-09-14,23:59:59,8.632,200
2017-01-19,23:59:59,18.709,200
2017-02-20,23:59:59,14.647,200
2017-07-13,23:59:59,22.665,200
2017-08-17,23:59:59,14.136,200
2018-03-18,23:59:59,11.395,200
2018-06-03,23:59:59,13.947,200
2019-08-01,23:59:59,18.850,200
2020-01-06,23:59:59,10.247,200
2020-01-19,23:59:59,6.202,200
2020-10-07,23:59:59,8.133,200
2020-10-08,23:59:59,9.716,200
2021-07-01,23:59:59,17.203,200
2021-07-03,23:59:59,11.614,200
2022-07-03,23:59:59,15.650,200
2022-07-04,23:59:59,17.914,200
2023-09-15,23:59:59,6.237,200
2023-09-30,23:59:59,6.452,200
2023-10-07,23:59:59,9.996,200
2023-10-28,23:59:59,13.748,200
1980-01-20,23:59:59,13.890,200
1980-12-15,23:59:59,19.139,200
1980-12-28,23:59:59,3.033,200
1981-04-11,23:59:59,13.468,200
1981-06-03,23:59:59,11.868,200
1981-09-11,23:59:59,18.909,200
1981-11-15,23:59:59,12.124,200
1982-03-25,23:59:59,13.906,200
1984-05-20,23:59:59,13.171,200
1985-07-24,23:59:59,13.642,200
1985-08-29,23:59:59,14.276,200
1986-11-12,23:59:59,12.834,200
1987-04-18,23:59:59,13.834,200
1988-03-18,23:59:59,12.051,200
1988-05-08,23:59:59,7.869,200
1988-10-01,23:59:59,14.835,200
1989-01-29,23:59:59,23.616,200
1989-04-11,23:59:59,17.239,200
1989-05-20,23:59:59,9.476,200
1989-06-07,23:59:59,17.436,200
1989-07-12,23:59:59,16.571,200
1989-10-04,23:59:59,14.828,200
1989-10-27,23:59:59,18.748,200
1990-05-24,23:59:59,14.059,200
1991-10-01,23:59:59,18.374,200
1992-01-10,23:59:59,10.701,200
1992-03-06,23:59:59,16.551,200
1992-11-25,23:59:59,12.688,200
1994-09-30,23:59:59,13.901,200
1994-10-25,23:59:59,21.562,200
1995-06-17,23:59:59,13.544,200
1996-01-01,23:59:59,17.115,200
1996-05-18,23:59:59,17.253,200
1996-06-21,23:59:59,12.838,200
1996-06-28,23:59:59,14.028,200
1997-03-08,23:59:59,4.936,200
1997-07-19,23:59:59,18.836,200
1997-10-19,23:59:59,12.237,200
1997-10-22,23:59:59,18.646,200
1997-11-23,23:59:59,13.749,200
1998-04-06,23:59:59,7.052,200
1999-10-01,23:59:59,21.188,200
1999-10-04,23:59:59,20.287,200
1999-10-21,23:59:59,19.714,200
1999-11-06,23:59:59,11.597,200
2001-06-12,23:59:59,15.911,200
2001-10-16,23:59:59,6.347,200
2001-11-30,23:59:59,4.886,200
2002-04-08,23:59:59,11.182,200
2002-10-23,23:59:59,7.447,200
2003-06-17,23:59:59,10.990,200
2004-11-27,23:59:59,10.891,200
2005-01-30,23:59:59,14.917,200
2006-03-08,23:59:59,16.647,200
2006-08-15,23:59:59,24.819,200
2008-07-28,23:59:59,19.378,200
2009-02-24,23:59:59,10.660,200
2010-01-18,23:59:59,14.894,200
2010-11-12,23:59:59,10.610,200
2010-11-13,23:59:59,12.411,200
2011-01-18,23:59:59,13.011,200
2011-07-10,23:59:59,10.746,200
2012-02-02,23:59:59,15.713,200
2012-05-09,23:59:59,6.968,200
2012-05-27,23:59:59,5.113,200
2012-06-16,23:59:59,9.747,200
2012-09-14,23:59:59,15.320,200
2013-02-23,23:59:59,6.870,200
2013-06-15,23:59:59,15.604,200
2014-06-02,23:59:59,9.899,200
2014-09-08,23:59:59,10.182,200
2015-08-16,23:59:59,14.882,200
2015-09-16,23:59:59,18.367,200
2016-08-30,23:59:59,14.743,200
2016-09-15,23:59:59,22.653,200
2017-05-14,23:59:59,23.981,200
2019-06-11,23:59:59,12.254,200
2021-07-25,23:59:59,8.085,200
2022-01-14,23:59:59,11.529,200
2022-04-12,23:59:59,9.693,200
2022-09-12,23:59:59,25.342,200
2024-02-22,23:59:59,17.915,200
2024-04-17,23:59:59,7.914,200
2024-09-19,23:59:59,4.504,200
1980-02-16,23:59:59,15.490,200
1981-10-21,23:59:59,19.205,200
1982-06-22,23:59:59,17.943,200
1982-09-25,23:59:59,9.194,200
1983-03-30,23:59:59,8.169,200
1983-05-30,23:59:59,10.938,200
1983-07-13,23:59:59,11.412,200
1985-08-30,23:59:59,11.083,200
1986-03-23,23:59:59,9.903,200
1986-04-19,23:59:59,10.563,200
1986-11-10,23:59:59,17.847,200
1988-04-04,23:59:59,10.081,200
1988-04-16,23:59:59,5.046,200
1990-12-14,23:59:59,20.792,200
1991-09-08,23:59:59,18.090,200
1991-11-02,23:59:59,18.399,200
1992-03-13,23:59:59,17.877,200
1993-06-01,23:59:59,18.335,200
1994-02-02,23:59:59,14.600,200
1994-11-23,23:59:59,24.708,200
1995-06-02,23:59:59,22.293,200
1995-06-25,23:59:59,21.926,200
1995-07-16,23:59:59,6.249,200
1996-01-02,23:59:59,15.758,200
1996-08-07,23:59:59,24.329,200
1996-12-19,23:59:59,20.670,200
1997-02-22,23:59:59,12.491,200
1997-10-29,23:59:59,17.648,200
1998-07-24,23:59:59,26.640,200
1998-11-19,23:59:59,19.911,200
2000-12-17,23:59:59,9.707,200
2001-05-08,23:59:59,8.283,200
2002-07-03,23:59:59,23.904,200
2003-01-26,23:59:59,6.031,200
2003-02-25,23:59:59,10.854,200
2003-08-06,23:59:59,14.137,200
2003-12-30,23:59:59,9.027,200
2004-01-01,23:59:59,15.878,200
2004-05-20,23:59:59,13.206,200
2005-02-22,23:59:59,20.413,200
2005-06-11,23:59:59,7.042,200
2006-07-26,23:59:59,19.414,200
2006-09-03,23:59:59,16.043,200
2007-09-06,23:59:59,17.416,200
2007-10-20,23:59:59,6.900,200
2008-02-02,23:59:59,7.292,200
2009-08-25,23:59:59,7.005,200
2010-02-07,23:59:59,12.552,200
2010-03-09,23:59:59,9.716,200
2010-06-16,23:59:59,11.812,200
2011-05-28,23:59:59,17.046,200
2011-09-12,23:59:59,8.750,200
2012-03-09,23:59:59,16.766,200
2012-05-19,23:59:59,9.839,200
2012-12-12,23:59:59,12.892,200
2016-10-18,23:59:59,18.975,200
2017-08-11,23:59:59,7.744,200
2018-06-16,23:59:59,7.054,200
2018-07-31,23:59:59,20.872,200
2018-09-08,23:59:59,24.300,200
2020-04-25,23:59:59,4.394,200
2020-09-22,23:59:59,5.776,200
2022-05-15,23:59:59,8.874,200
2022-06-11,23:59:59,5.236,200
1980-01-12,23:59:59,13.138,200
1981-07-15,23:59:59,21.244,200
1981-08-12,23:59:59,15.002,200
1981-10-01,23:59:59,17.382,200
1982-01-17,23:59:59,15.041,200
1984-07-20,23:59:59,9.279,200
1985-12-14,23:59:59,11.470,200
1986-03-11,23:59:59,15.369,200
1986-04-08,23:59:59,8.784,200
1987-03-09,23:59:59,8.000,200
1989-10-03,23:59:59,17.834,200
1990-04-18,23:59:59,15.889,200
1990-09-18,23:59:59,22.356,200
1990-11-19,23:59:59,11.985,200
1991-02-05,23:59:59,11.493,200
1991-07-10,23:59:59,11.282,200
1992-10-31,23:59:59,18.610,200
1993-07-14,23:59:59,18.700,200
1994-02-28,23:59:59,12.560,200
1994-09-25,23:59:59,17.328,200
1995-04-01,23:59:59,7.299,200
1995-06-27,23:59:59,19.932,200
1995-08-30,23:59:59,23.113,200
1996-08-13,23:59:59,23.669,200
1996-11-20,23:59:59,15.950,200
1997-10-08,23:59:59,12.770,200
1998-01-26,23:59:59,10.564,200
1998-10-27,23:59:59,23.263,200
1999-10-15,23:59:59,16.180,200
1999-11-25,23:59:59,15.824,200
1999-12-21,23:59:59,9.420,200
1999-12-28,23:59:59,8.527,200
2000-07-03,23:59:59,19.206,200
2000-09-16,23:59:59,11.941,200
2001-02-12,23:59:59,11.451,200
2001-04-03,23:59:59,14.828,200
2001-10-10,23:59:59,12.198,200
2001-11-09,23:59:59,6.017,200
2002-07-12,23:59:59,25.634,200
2002-08-04,23:59:59,18.286,200
2003-07-09,23:59:59,17.669,200
2004-05-15,23:59:59,6.105,200
2004-12-14,23:59:59,9.876,200
2005-01-07,23:59:59,25.407,200
2005-05-16,23:59:59,10.868,200
2005-05-30,23:59:59,9.504,200
2005-08-18,23:59:59,10.419,200
2006-11-05,23:59:59,13.135,200
2007-05-20,23:59:59,9.383,200
2007-06-22,23:59:59,12.212,200
2008-07-12,23:59:59,9.750,200
2008-11-14,23:59:59,13.878,200
2009-02-01,23:59:59,15.182,200
2009-07-28,23:59:59,18.335,200
2009-10-20,23:59:59,25.744,200
2010-11-09,23:59:59,17.621,200
2011-01-28,23:59:59,26.961,200
2011-02-04,23:59:59,18.032,200
2011-02-15,23:59:59,16.177,200
2011-06-20,23:59:59,23.734,200
2011-07-15,23:59:59,15.525,200
2012-01-28,23:59:59,13.529,200
2012-08-26,23:59:59,14.911,200
2013-02-07,23:59:59,8.080,200
2013-06-06,23:59:59,9.163,200
2014-04-27,23:59:59,5.413,200
2015-04-01,23:59:59,9.075,200
2015-10-23,23:59:59,15.231,200
2015-12-12,23:59:59,8.724,200
2016-06-18,23:59:59,9.556,200
2016-11-21,23:59:59,25.250,200
2016-12-28,23:59:59,10.966,200
2018-01-11,23:59:59,17.028,200
2018-11-19,23:59:59,14.688,200
2019-04-15,23:59:59,9.704,200
2019-05-14,23:59:59,12.460,200
2020-03-08,23:59:59,10.210,200
2022-03-13,23:59:59,5.195,200
2022-10-07,23:59:59,26.030,200
2023-11-11,23:59:59,12.331,200
1980-03-04,23:59:59,13.620,200
1980-08-08,23:59:59,18.249,200
1981-08-15,23:59:59,13.617,200
1981-12-03,23:59:59,9.276,200
1982-12-01,23:59:59,17.057,200
1982-12-21,23:59:59,7.861,200
1983-12-27,23:59:59,6.785,200
1984-03-21,23:59:59,21.016,200
1984-05-11,23:59:59,8.951,200
1985-04-08,23:59:59,16.067,200
1986-02-20,23:59:59,17.857,200
1986-03-21,23:59:59,11.998,200
1986-05-17,23:59:59,7.316,200
1986-09-11,23:59:59,20.489,200
1987-01-02,23:59:59,6.512,200
1987-08-11,23:59:59,13.624,200
1988-05-06,23:59:59,9.792,200
1989-06-21,23:59:59,16.282,200
1991-01-12,23:59:59,15.037,200
1991-07-11,23:59:59,12.760,200
1991-08-17,23:59:59,12.326,200
1992-01-19,23:59:59,5.655,200
1992-02-22,23:59:59,14.887,200
1993-01-08,23:59:59,16.631,200
1993-02-14,23:59:59,6.125,200
1993-04-13,23:59:59,7.268,200
1993-04-15,23:59:59,6.829,200
1993-05-17,23:59:59,4.132,200
1993-07-09,23:59:59,20.923,200
1993-07-10,23:59:59,20.812,200
1993-08-04,23:59:59,10.531,200
1994-03-22,23:59:59,10.231,200
1995-07-25,23:59:59,21.817,200
1996-01-29,23:59:59,19.045,200
1996-06-09,23:59:59,19.194,200
1997-01-12,23:59:59,16.478,200
1998-01-21,23:59:59,8.836,200
1998-01-29,23:59:59,13.440,200
1998-02-26,23:59:59,11.105,200
2000-04-28,23:59:59,9.485,200
2000-08-19,23:59:59,7.167,200
2000-12-02,23:59:59,13.107,200
2001-02-18,23:59:59,6.606,200
2001-05-14,23:59:59,14.373,200
2001-12-10,23:59:59,6.912,200
2002-11-27,23:59:59,19.638,200
2003-05-02,23:59:59,13.719,200
2004-02-18,23:59:59,25.810,200
2006-06-02,23:59:59,17.614,200
2007-03-19,23:59:59,8.574,200
2007-10-24,23:59:59,13.263,200
2008-01-20,23:59:59,6.019,200
2008-05-14,23:59:59,11.453,200
2008-06-27,23:59:59,7.252,200
2008-08-26,23:59:59,26.680,200
2010-08-30,23:59:59,14.604,200
2010-11-15,23:59:59,17.474,200
2011-04-22,23:59:59,8.344,200
2011-05-25,23:59:59,16.186,200
2011-07-12,23:59:59,11.851,200
2011-09-30,23:59:59,18.413,200
2012-02-11,23:59:59,7.750,200
2012-05-05,23:59:59,9.014,200
2012-11-19,23:59:59,15.119,200
2014-05-17,23:59:59,11.727,200
2014-11-19,23:59:59,12.820,200
2016-02-24,23:59:59,13.051,200
2016-07-09,23:59:59,8.665,200
2016-11-28,23:59:59,14.995,200
2018-03-05,23:59:59,15.940,200
2019-09-02,23:59:59,14.111,200
2020-04-01,23:59:59,6.539,200
2020-06-28,23:59:59,4.214,200
2023-02-04,23:59:59,26.323,200
2023-03-14,23:59:59,12.288,200
2023-12-12,23:59:59,8.777,200
2024-01-19,23:59:59,16.718,200
2024-05-13,23:59:59,15.926,200
2024-09-26,23:59:59,11.488,200
1980-06-03,23:59:59,13.257,200
1981-11-25,23:59:59,19.098,200
1983-03-05,23:59:59,7.630,200
1983-09-07,23:59:59,9.096,200
1983-12-12,23:59:59,13.984,200
1984-03-22,23:59:59,19.250,200
1985-01-26,23:59:59,5.306,200
1985-08-17,23:59:59,7.665,200
1985-12-30,23:59:59,17.991,200
1987-06-06,23:59:59,11.630,200
1987-10-14,23:59:59,10.525,200
1988-03-24,23:59:59,11.621,200
1988-11-28,23:59:59,15.379,200
1989-03-30,23:59:59,13.214,200
1989-05-26,23:59:59,8.592,200
1989-08-14,23:59:59,18.320,200
1989-11-12,23:59:59,11.155,200
1990-01-03,23:59:59,10.451,200
1990-01-31,23:59:59,11.514,200
1990-05-26,23:59:59,11.278,200
1991-03-30,23:59:59,7.328,200
1991-10-22,23:59:59,21.515,200
1991-12-30,23:59:59,9.412,200
1992-06-19,23:59:59,8.131,200
1993-07-27,23:59:59,10.540,200
1993-09-18,23:59:59,6.555,200
1994-05-11,23:59:59,9.230,200
1994-10-09,23:59:59,22.430,200
1995-10-08,23:59:59,12.968,200
1996-02-27,23:59:59,20.515,200
1996-05-07,23:59:59,19.550,200
1996-06-20,23:59:59,12.882,200
1996-08-24,23:59:59,22.633,200
1996-10-30,23:59:59,22.031,200
1996-11-03,23:59:59,20.041,200
1997-01-23,23:59:59,10.385,200
1997-04-17,23:59:59,7.446,200
1997-12-23,23:59:59,12.505,200
1998-03-27,23:59:59,8.029,200
2001-04-02,23:59:59,15.626,200
2002-01-09,23:59:59,10.998,200
2002-06-24,23:59:59,17.670,200
2002-08-24,23:59:59,14.929,200
2003-02-27,23:59:59,15.188,200
2003-04-01,23:59:59,7.716,200
2003-11-20,23:59:59,14.200,200
2004-06-05,23:59:59,7.183,200
2005-04-07,23:59:59,11.314,200
2005-09-25,23:59:59,5.359,200
2005-10-22,23:59:59,22.258,200
2006-02-21,23:59:59,16.581,200
2006-06-20,23:59:59,22.282,200
2007-02-12,23:59:59,19.350,200
2007-07-09,23:59:59,16.429,200
2007-07-14,23:59:59,22.540,200
2010-03-12,23:59:59,8.545,200
2010-03-13,23:59:59,10.381,200
2010-06-02,23:59:59,7.643,200
2010-10-15,23:59:59,26.005,200
2010-10-18,23:59:59,16.116,200
2011-07-03,23:59:59,19.374,200
2013-03-09,23:59:59,4.903,200
2013-05-04,23:59:59,6.375,200
2013-11-14,23:59:59,22.334,200
2014-01-11,23:59:59,12.064,200
2014-08-08,23:59:59,13.762,200
2015-02-05,23:59:59,6.760,200
2015-02-17,23:59:59,11.843,200
2016-02-06,23:59:59,8.004,200
2018-01-03,23:59:59,5.104,200
2018-01-20,23:59:59,13.471,200
2018-07-04,23:59:59,20.898,200
2018-10-13,23:59:59,14.159,200
2019-04-04,23:59:59,7.382,200
2019-06-08,23:59:59,7.564,200
2019-07-16,23:59:59,14.121,200
2019-08-17,23:59:59,7.811,200
2020-01-23,23:59:59,7.372,200
2020-05-12,23:59:59,11.210,200
2020-09-16,23:59:59,4.467,200
2021-03-06,23:59:59,6.669,200
2021-04-24,23:59:59,4.921,200
2021-11-20,23:59:59,6.615,200
2021-11-22,23:59:59,15.730,200
2022-11-12,23:59:59,9.741,200
2022-11-26,23:59:59,26.204,200
2022-12-09,23:59:59,15.360,200
2023-07-25,23:59:59,17.675,200
2023-08-15,23:59:59,11.644,200
2023-08-20,23:59:59,10.548,200
2023-09-14,23:59:59,6.284,200
2024-01-14,23:59:59,6.924,200
2024-01-31,23:59:59,20.995,200
1980-03-10,23:59:59,16.307,200
1981-06-15,23:59:59,12.819,200
1982-04-26,23:59:59,13.600,200
1982-09-20,23:59:59,8.561,200
1982-10-01,23:59:59,10.805,200
1983-06-06,23:59:59,12.235,200
1983-06-11,23:59:59,3.556,200
1984-01-16,23:59:59,19.697,200
1985-03-11,23:59:59,11.475,200
1985-05-15,23:59:59,20.184,200
1985-06-11,23:59:59,14.949,200
1985-07-16,23:59:59,8.272,200
1986-02-23,23:59:59,11.710,200
1986-07-03,23:59:59,14.782,200
1986-09-22,23:59:59,18.985,200
1987-04-24,23:59:59,17.565,200
1989-01-17,23:59:59,21.874,200
1989-08-12,23:59:59,15.254,200
1989-10-17,23:59:59,2.880,200
1990-04-01,23:59:59,14.829,200
1990-09-06,23:59:59,21.227,200
1991-02-18,23:59:59,13.825,200
1991-02-19,23:59:59,11.860,200
1991-03-06,23:59:59,11.650,200
1991-09-25,23:59:59,21.089,200
1992-08-06,23:59:59,15.842,200
1992-11-09,23:59:59,17.972,200
1993-04-07,23:59:59,6.995,200
1995-10-09,23:59:59,19.369,200
1995-12-23,23:59:59,5.811,200
1996-02-08,23:59:59,14.439,200
1996-03-27,23:59:59,19.907,200
1996-10-23,23:59:59,18.730,200
1996-12-14,23:59:59,12.837,200
1997-04-15,23:59:59,7.169,200
1997-10-11,23:59:59,7.462,200
1997-11-04,23:59:59,12.986,200
1997-12-17,23:59:59,8.609,200
1998-09-08,23:59:59,19.146,200
1999-09-18,23:59:59,12.254,200
2001-06-09,23:59:59,18.360,200
2001-09-08,23:59:59,10.637,200
2002-01-04,23:59:59,14.430,200
2002-05-12,23:59:59,7.268,200
2003-05-12,23:59:59,7.159,200
2003-08-16,23:59:59,14.112,200
2003-11-27,23:59:59,18.440,200
2004-01-28,23:59:59,16.394,200
2005-07-27,23:59:59,7.595,200
2005-08-22,23:59:59,9.787,200
2006-03-31,23:59:59,6.960,200
2007-02-26,23:59:59,16.861,200
2007-08-15,23:59:59,23.858,200
2008-03-08,23:59:59,5.604,200
2008-10-02,23:59:59,20.740,200
2009-04-20,23:59:59,12.448,200
2009-08-05,23:59:59,7.256,200
2009-12-01,23:59:59,16.062,200
2010-05-12,23:59:59,8.322,200
2010-06-25,23:59:59,7.753,200
2010-12-04,23:59:59,9.363,200
2011-01-01,23:59:59,7.499,200
2011-10-11,23:59:59,13.185,200
2012-10-07,23:59:59,16.713,200
2015-07-22,23:59:59,17.000,200
2015-09-12,23:59:59,16.121,200
2016-01-23,23:59:59,9.237,200
2016-09-12,23:59:59,18.038,200
2017-04-28,23:59:59,12.595,200
2017-05-30,23:59:59,24.919,200
2017-06-19,23:59:59,16.487,200
2017-12-18,23:59:59,13.533,200
2018-05-16,23:59:59,16.980,200
2018-10-30,23:59:59,14.909,200
2019-06-05,23:59:59,14.011,200
2019-07-24,23:59:59,16.628,200
2019-07-30,23:59:59,18.899,200
2021-06-12,23:59:59,4.457,200
2022-02-27,23:59:59,8.900,200
2022-03-14,23:59:59,12.689,200
2022-06-16,23:59:59,9.332,200
2023-07-10,23:59:59,21.272,200
2023-11-19,23:59:59,9.621,200
2023-11-28,23:59:59,8.726,200
1980-05-12,23:59:59,12.953,200
1981-03-18,23:59:59,17.201,200
1981-09-19,23:59:59,17.450,200
1982-03-31,23:59:59,13.602,200
1982-11-05,23:59:59,7.819,200
1983-02-05,23:59:59,7.538,200
1983-02-07,23:59:59,13.754,200
1983-03-06,23:59:59,8.087,200
1983-06-22,23:59:59,15.730,200
1983-07-09,23:59:59,4.056,200
1983-10-05,23:59:59,11.435,200
1984-02-27,23:59:59,10.570,200
1984-11-22,23:59:59,11.275,200
1985-10-25,23:59:59,9.069,200
1985-11-21,23:59:59,12.481,200
1986-02-18,23:59:59,17.989,200
1986-04-30,23:59:59,5.464,200
1986-07-27,23:59:59,12.623,200
1987-03-27,23:59:59,10.921,200
1988-01-10,23:59:59,15.784,200
1990-07-28,23:59:59,14.160,200
1991-02-13,23:59:59,18.198,200
1991-12-01,23:59:59,16.103,200
1991-12-28,23:59:59,9.400,200
1992-04-04,23:59:59,14.805,200
1992-05-21,23:59:59,11.294,200
1993-01-11,23:59:59,13.789,200
1993-08-09,23:59:59,9.581,200
1994-03-07,23:59:59,11.280,200
1998-12-07,23:59:59,16.805,200
1999-07-29,23:59:59,9.261,200
1999-12-04,23:59:59,12.745,200
2001-04-29,23:59:59,9.251,200
2001-05-18,23:59:59,10.656,200
2002-09-09,23:59:59,15.878,200
2002-10-15,23:59:59,19.140,200
2003-09-27,23:59:59,8.191,200
2004-01-11,23:59:59,13.306,200
2004-06-14,23:59:59,20.497,200
2004-09-15,23:59:59,16.808,200
2005-04-04,23:59:59,8.577,200
2005-07-10,23:59:59,4.668,200
2005-11-19,23:59:59,9.148,200
2005-12-14,23:59:59,13.518,200
2006-05-14,23:59:59,12.131,200
2007-04-18,23:59:59,7.514,200
2007-05-08,23:59:59,7.315,200
2007-11-20,23:59:59,12.479,200
2010-05-18,23:59:59,8.121,200
2011-01-19,23:59:59,11.319,200
2012-01-12,23:59:59,18.940,200
2012-06-01,23:59:59,7.858,200
2012-08-19,23:59:59,17.487,200
2012-09-19,23:59:59,16.629,200
2012-11-13,23:59:59,22.165,200
2012-12-31,23:59:59,6.973,200
2013-04-03,23:59:59,6.808,200
2014-03-16,23:59:59,7.754,200
2015-10-09,23:59:59,12.094,200
2016-09-22,23:59:59,12.988,200
2016-10-19,23:59:59,17.144,200
2017-10-28,23:59:59,9.881,200
2018-01-24,23:59:59,18.628,200
2018-02-09,23:59:59,7.739,200
2019-01-31,23:59:59,16.890,200
2019-05-02,23:59:59,11.755,200
2019-05-16,23:59:59,6.529,200
2019-09-16,23:59:59,14.582,200
2019-12-16,23:59:59,15.309,200
2020-03-16,23:59:59,13.311,200
2020-04-18,23:59:59,4.291,200
2020-04-27,23:59:59,4.526,200
2020-11-14,23:59:59,5.452,200
2020-12-21,23:59:59,22.041,200
2022-05-30,23:59:59,10.144,200
2024-01-28,23:59:59,7.944,200
2024-02-24,23:59:59,6.237,200
2024-06-03,23:59:59,9.005,200
1981-03-20,23:59:59,17.405,200
1981-05-28,23:59:59,17.784,200
1982-05-15,23:59:59,8.997,200
1982-06-14,23:59:59,13.595,200
1982-12-12,23:59:59,6.070,200
1983-03-17,23:59:59,8.357,200
1983-06-04,23:59:59,12.834,200
1983-08-15,23:59:59,13.584,200
1985-05-06,23:59:59,12.093,200
1985-10-23,23:59:59,10.865,200
1985-11-23,23:59:59,5.524,200
1985-11-27,23:59:59,14.198,200
1986-01-24,23:59:59,13.382,200
1986-08-25,23:59:59,17.369,200
1987-08-14,23:59:59,11.649,200
1987-11-04,23:59:59,11.855,200
1987-11-25,23:59:59,14.586,200
1988-09-12,23:59:59,20.884,200
1989-05-25,23:59:59,12.734,200
1989-12-23,23:59:59,4.885,200
1990-02-01,23:59:59,16.853,200
1990-08-16,23:59:59,14.992,200
1990-09-01,23:59:59,23.221,200
1991-02-07,23:59:59,14.794,200
1991-10-06,23:59:59,19.214,200
1991-10-20,23:59:59,14.974,200
1991-10-31,23:59:59,18.817,200
1991-12-10,23:59:59,6.358,200
1992-03-21,23:59:59,11.113,200
1994-04-17,23:59:59,4.609,200
1995-09-08,23:59:59,10.317,200
1996-12-11,23:59:59,21.146,200
1996-12-18,23:59:59,20.150,200
1998-01-28,23:59:59,15.282,200
1998-09-21,23:59:59,18.322,200
1998-12-09,23:59:59,18.372,200
1998-12-11,23:59:59,18.644,200
1999-02-01,23:59:59,18.911,200
1999-05-17,23:59:59,11.498,200
1999-08-22,23:59:59,4.991,200
1999-10-19,23:59:59,19.979,200
1999-11-20,23:59:59,12.689,200
2000-09-30,23:59:59,6.617,200
2000-10-26,23:59:59,13.758,200
2001-09-24,23:59:59,14.758,200
2002-11-11,23:59:59,12.579,200
2003-05-07,23:59:59,7.793,200
2003-10-23,23:59:59,12.511,200
2003-12-25,23:59:59,6.351,200
2004-02-08,23:59:59,12.854,200
2004-08-14,23:59:59,24.354,200
2004-10-13,23:59:59,12.212,200
2005-02-28,23:59:59,10.981,200
2005-03-11,23:59:59,10.440,200
2005-03-17,23:59:59,9.972,200
2005-05-14,23:59:59,6.273,200
2006-07-12,23:59:59,15.483,200
2007-06-18,23:59:59,19.130,200
2007-08-04,23:59:59,8.037,200
2008-02-11,23:59:59,17.559,200
2008-02-18,23:59:59,10.237,200
2008-09-19,23:59:59,25.790,200
2009-01-26,23:59:59,12.503,200
2010-01-30,23:59:59,8.381,200
2010-02-09,23:59:59,15.421,200
2010-05-25,23:59:59,6.904,200
2010-07-26,23:59:59,17.658,200
2011-02-25,23:59:59,7.041,200
2011-09-02,23:59:59,7.276,200
2011-09-08,23:59:59,7.810,200
2011-12-28,23:59:59,8.346,200
2012-07-25,23:59:59,6.998,200
2013-05-25,23:59:59,9.086,200
2014-06-19,23:59:59,10.640,200
2014-07-23,23:59:59,14.002,200
2014-09-03,23:59:59,9.872,200
2015-04-09,23:59:59,10.690,200
2015-06-15,23:59:59,14.429,200
2015-11-08,23:59:59,9.612,200
2017-06-09,23:59:59,24.150,200
2017-07-11,23:59:59,21.329,200
2017-11-11,23:59:59,21.311,200
2018-03-14,23:59:59,23.970,200
2018-11-15,23:59:59,10.381,200
2018-12-21,23:59:59,5.332,200
2019-01-27,23:59:59,7.898,200
2019-04-19,23:59:59,5.719,200
2020-03-03,23:59:59,15.866,200
2020-11-13,23:59:59,6.244,200
2022-01-04,23:59:59,12.152,200
2022-02-04,23:59:59,7.511,200
2022-11-16,23:59:59,20.507,200
2023-05-18,23:59:59,24.593,200
2023-09-18,23:59:59,5.987,200
2023-09-20,23:59:59,5.429,200
2024-08-12,23:59:59,7.071,200
2024-11-21,23:59:59,6.917,200
1981-02-22,23:59:59,11.949,200
1982-02-19,23:59:59,16.714,200
1983-06-17,23:59:59,10.749,200
1985-02-05,23:59:59,14.105,200
1985-12-11,23:59:59,18.205,200
1986-03-09,23:59:59,6.975,200
1986-04-24,23:59:59,7.426,200
1989-06-16,23:59:59,6.213,200
1990-04-25,23:59:59,5.517,200
1991-02-20,23:59:59,14.186,200
1992-03-16,23:59:59,17.060,200
1992-04-16,23:59:59,13.078,200
1992-07-23,23:59:59,8.156,200
1992-10-03,23:59:59,21.966,200
1993-07-17,23:59:59,18.451,200
1993-08-21,23:59:59,9.605,200
1993-09-12,23:59:59,5.224,200
1993-11-27,23:59:59,5.557,200
1993-12-07,23:59:59,5.641,200
1994-08-30,23:59:59,18.441,200
1995-06-05,23:59:59,22.436,200
1995-11-17,23:59:59,23.007,200
1996-01-31,23:59:59,22.852,200
1996-04-30,23:59:59,7.342,200
1996-06-06,23:59:59,19.207,200
1996-06-24,23:59:59,12.869,200
1996-09-26,23:59:59,24.842,200
1996-12-12,23:59:59,20.089,200
1997-01-08,23:59:59,17.249,200
1998-04-10,23:59:59,7.799,200
1998-09-17,23:59:59,15.598,200
1999-03-25,23:59:59,7.380,200
1999-08-11,23:59:59,11.868,200
2000-01-05,23:59:59,8.827,200
2000-08-27,23:59:59,9.430,200
2001-12-28,23:59:59,24.812,200
2002-02-10,23:59:59,5.060,200
2002-04-27,23:59:59,5.329,200
2002-09-13,23:59:59,19.857,200
2002-11-26,23:59:59,15.725,200
2004-03-12,23:59:59,23.908,200
2004-10-14,23:59:59,13.148,200
2005-03-25,23:59:59,6.944,200
2006-05-27,23:59:59,9.554,200
2006-09-25,23:59:59,14.355,200
2006-11-15,23:59:59,8.562,200
2009-04-19,23:59:59,10.699,200
2009-06-19,23:59:59,18.748,200
2009-08-03,23:59:59,8.896,200
2009-10-11,23:59:59,14.198,200
2010-04-17,23:59:59,7.429,200
2010-12-05,23:59:59,7.755,200
2011-11-20,23:59:59,12.412,200
2011-12-25,23:59:59,11.873,200
2012-12-24,23:59:59,14.215,200
2013-03-28,23:59:59,8.152,200
2013-06-12,23:59:59,13.033,200
2014-08-13,23:59:59,16.308,200
2015-12-28,23:59:59,7.856,200
2016-07-08,23:59:59,11.545,200
2018-03-23,23:59:59,10.885,200
2018-11-25,23:59:59,11.577,200
2019-01-16,23:59:59,7.094,200
2020-02-03,23:59:59,11.889,200
2022-01-15,23:59:59,6.724,200
2022-03-03,23:59:59,11.838,200
2023-01-15,23:59:59,10.614,200
2023-02-02,23:59:59,26.625,200
2023-04-12,23:59:59,13.937,200
1980-01-27,23:59:59,19.747,200
1980-06-10,23:59:59,17.115,200
1980-07-26,23:59:59,18.579,200
1981-11-30,23:59:59,15.434,200
1982-02-11,23:59:59,18.152,200
1983-07-31,23:59:59,6.089,200
1984-08-01,23:59:59,5.035,200
1987-04-09,23:59:59,17.367,200
1987-05-20,23:59:59,9.818,200
1988-02-23,23:59:59,13.322,200
1988-05-20,23:59:59,2.770,200
1988-06-29,23:59:59,14.545,200
1988-11-07,23:59:59,21.561,200
1988-12-15,23:59:59,15.738,200
1989-03-29,23:59:59,14.504,200
1989-05-13,23:59:59,9.427,200
1989-08-27,23:59:59,6.070,200
1990-05-05,23:59:59,12.399,200
1990-10-01,23:59:59,21.293,200
1991-05-23,23:59:59,13.848,200
1991-08-13,23:59:59,18.326,200
1991-09-23,23:59:59,17.706,200
1991-12-16,23:59:59,12.755,200
1993-01-14,23:59:59,7.817,200
1993-02-21,23:59:59,4.566,200
1993-03-11,23:59:59,11.217,200
1993-08-19,23:59:59,8.271,200
1994-08-02,23:59:59,20.637,200
1994-09-16,23:59:59,16.770,200
1995-05-17,23:59:59,23.376,200
1996-06-25,23:59:59,13.236,200
1997-01-03,23:59:59,21.393,200
1998-05-31,23:59:59,12.548,200
1998-09-03,23:59:59,22.029,200
1998-12-29,23:59:59,16.676,200
1999-02-05,23:59:59,13.386,200
2000-06-03,23:59:59,8.170,200
2000-08-07,23:59:59,15.057,200
2000-09-15,23:59:59,11.518,200
2001-01-06,23:59:59,8.220,200
2002-05-18,23:59:59,4.057,200
2002-10-09,23:59:59,12.887,200
2002-12-19,23:59:59,9.352,200
2003-05-21,23:59:59,5.542,200
2004-02-13,23:59:59,21.598,200
2004-08-02,23:59:59,24.489,200
2004-10-17,23:59:59,9.952,200
2004-10-31,23:59:59,14.128,200
2006-05-04,23:59:59,14.213,200
2006-10-28,23:59:59,11.975,200
2007-01-10,23:59:59,16.040,200
2007-07-01,23:59:59,8.052,200
2008-03-27,23:59:59,9.104,200
2008-08-20,23:59:59,26.478,200
2008-10-30,23:59:59,22.357,200
2010-12-09,23:59:59,13.673,200
2011-02-23,23:59:59,14.432,200
2011-10-17,23:59:59,14.069,200
2011-10-23,23:59:59,6.880,200
2013-02-11,23:59:59,12.054,200
2013-04-27,23:59:59,5.250,200
2013-10-03,23:59:59,9.064,200
2013-10-12,23:59:59,6.165,200
2014-06-28,23:59:59,6.301,200
2015-07-29,23:59:59,11.237,200
2015-09-13,23:59:59,16.790,200
2015-11-14,23:59:59,10.376,200
2016-01-10,23:59:59,10.239,200
2016-01-14,23:59:59,7.953,200
2016-03-05,23:59:59,7.330,200
2016-03-15,23:59:59,15.532,200
2017-03-31,23:59:59,13.757,200
2017-06-24,23:59:59,12.273,200
2018-05-14,23:59:59,14.648,200
2018-06-10,23:59:59,15.310,200
2018-10-19,23:59:59,10.164,200
2018-12-17,23:59:59,13.403,200
2020-04-05,23:59:59,7.381,200
2020-05-31,23:59:59,5.609,200
2020-06-17,23:59:59,8.369,200
2020-11-23,23:59:59,17.286,200
2021-01-28,23:59:59,18.660,200
2021-03-11,23:59:59,8.556,200
2021-08-05,23:59:59,14.506,200
2021-10-22,23:59:59,8.380,200
2022-04-18,23:59:59,6.193,200
1980-04-11,23:59:59,13.195,200
1980-06-04,23:59:59,16.567,200
1980-06-27,23:59:59,19.526,200
1980-07-21,23:59:59,15.215,200
1981-02-11,23:59:59,16.926,200
1981-04-28,23:59:59,14.374,200
1981-05-15,23:59:59,18.290,200
1981-08-04,23:59:59,18.153,200
1981-08-14,23:59:59,17.176,200
1981-10-15,23:59:59,17.084,200
1982-09-09,23:59:59,9.877,200
1983-07-01,23:59:59,12.345,200
1983-07-21,23:59:59,11.025,200
1983-12-29,23:59:59,10.355,200
1984-09-17,23:59:59,15.148,200
1985-12-09,23:59:59,14.908,200
1986-01-08,23:59:59,25.315,200
1986-08-17,23:59:59,18.153,200
1986-08-22,23:59:59,9.661,200
1987-08-23,23:59:59,8.715,200
1988-07-31,23:59:59,16.592,200
1988-10-22,23:59:59,22.717,200
1989-08-06,23:59:59,14.796,200
1989-10-09,23:59:59,12.557,200
1989-12-27,23:59:59,10.295,200
1990-06-14,23:59:59,15.678,200
1990-12-09,23:59:59,21.214,200
1991-03-10,23:59:59,14.324,200
1991-03-25,23:59:59,15.984,200
1991-10-12,23:59:59,16.343,200
1992-03-01,23:59:59,13.877,200
1992-10-01,23:59:59,22.030,200
1993-01-31,23:59:59,9.766,200
1993-04-28,23:59:59,6.249,200
1995-04-30,23:59:59,15.902,200
1995-07-10,23:59:59,22.337,200
1996-03-26,23:59:59,19.996,200
1996-07-05,23:59:59,19.083,200
1998-08-25,23:59:59,15.983,200
1999-01-28,23:59:59,20.722,200
2000-10-03,23:59:59,5.560,200
2001-12-25,23:59:59,13.385,200
2002-02-02,23:59:59,9.961,200
2002-06-01,23:59:59,8.547,200
2002-09-04,23:59:59,15.077,200
2004-01-19,23:59:59,11.424,200
2005-01-26,23:59:59,14.546,200
2005-12-22,23:59:59,5.260,200
2006-05-10,23:59:59,19.456,200
2006-06-28,23:59:59,22.792,200
2007-05-06,23:59:59,8.609,200
2008-01-21,23:59:59,13.305,200
2008-02-07,23:59:59,12.007,200
2008-03-25,23:59:59,8.693,200
2008-10-07,23:59:59,16.178,200
2009-01-22,23:59:59,19.307,200
2009-05-29,23:59:59,7.930,200
2009-11-16,23:59:59,15.005,200
2009-11-28,23:59:59,13.061,200
2009-12-17,23:59:59,14.696,200
2010-09-18,23:59:59,26.929,200
2010-12-03,23:59:59,9.916,200
2011-01-05,23:59:59,17.770,200
2011-06-08,23:59:59,15.295,200
2012-03-15,23:59:59,17.871,200
2012-12-28,23:59:59,7.730,200
2013-03-05,23:59:59,14.984,200
2013-04-20,23:59:59,5.415,200
2013-08-22,23:59:59,14.549,200
2014-04-29,23:59:59,9.474,200
2015-12-14,23:59:59,10.492,200
2016-03-23,23:59:59,8.323,200
2016-09-09,23:59:59,19.617,200
2017-03-02,23:59:59,17.816,200
2017-03-05,23:59:59,10.832,200
2017-08-25,23:59:59,17.774,200
2018-08-14,23:59:59,20.683,200
2019-03-31,23:59:59,5.159,200
2019-05-07,23:59:59,9.594,200
2019-07-31,23:59:59,18.706,200
2020-01-26,23:59:59,9.152,200
2020-03-21,23:59:59,11.832,200
2020-08-15,23:59:59,14.128,200
2020-12-31,23:59:59,11.968,200
2021-12-06,23:59:59,12.605,200
2022-02-20,23:59:59,16.477,200
2023-12-17,23:59:59,9.145,200
2024-01-30,23:59:59,22.802,200
1980-10-05,23:59:59,16.570,200
1980-12-26,23:59:59,3.060,200
1981-01-15,23:59:59,14.901,200
1981-03-27,23:59:59,10.803,200
1983-04-17,23:59:59,5.639,200
1983-06-30,23:59:59,3.216,200
1984-02-14,23:59:59,10.211,200
1985-07-08,23:59:59,8.755,200
1986-02-09,23:59:59,15.247,200
1986-02-26,23:59:59,14.295,200
1986-05-05,23:59:59,9.744,200
1986-06-01,23:59:59,3.706,200
1988-05-03,23:59:59,15.386,200
1988-06-13,23:59:59,15.035,200
1989-01-10,23:59:59,18.481,200
1989-10-20,23:59:59,11.286,200
1990-03-25,23:59:59,11.222,200
1990-04-08,23:59:59,15.645,200
1990-12-22,23:59:59,8.749,200
1991-03-28,23:59:59,15.698,200
1991-08-30,23:59:59,18.466,200
1992-05-25,23:59:59,12.063,200
1992-07-18,23:59:59,13.868,200
1992-09-12,23:59:59,23.161,200
1993-12-12,23:59:59,12.738,200
1995-03-21,23:59:59,10.407,200
1995-04-27,23:59:59,17.849,200
1995-09-01,23:59:59,22.903,200
1996-02-15,23:59:59,22.514,200
1996-03-07,23:59:59,19.960,200
1996-12-04,23:59:59,22.037,200
1997-04-22,23:59:59,7.790,200
1997-07-20,23:59:59,12.903,200
2000-03-25,23:59:59,9.738,200
2001-08-30,23:59:59,16.092,200
2002-02-05,23:59:59,13.287,200
2002-05-20,23:59:59,9.971,200
2002-07-14,23:59:59,22.474,200
2003-03-12,23:59:59,13.799,200
2003-09-14,23:59:59,4.995,200
2003-10-31,23:59:59,12.758,200
2004-05-02,23:59:59,5.900,200
2004-06-12,23:59:59,17.696,200
2004-09-10,23:59:59,20.447,200
2005-12-30,23:59:59,5.008,200
2006-01-23,23:59:59,5.818,200
2007-04-02,23:59:59,5.342,200
2008-07-11,23:59:59,20.775,200
2008-09-20,23:59:59,25.684,200
2009-07-29,23:59:59,12.512,200
2009-11-08,23:59:59,14.564,200
2009-12-29,23:59:59,13.578,200
2010-07-06,23:59:59,21.020,200
2010-11-25,23:59:59,13.469,200
2011-05-04,23:59:59,17.268,200
2012-07-06,23:59:59,22.166,200
2012-07-14,23:59:59,10.252,200
2012-10-02,23:59:59,16.559,200
2013-12-03,23:59:59,21.856,200
2016-03-12,23:59:59,10.041,200
2017-04-23,23:59:59,26.230,200
2018-01-15,23:59:59,14.927,200
2018-09-17,23:59:59,19.052,200
2019-05-23,23:59:59,6.007,200
2021-09-07,23:59:59,11.020,200
2021-12-17,23:59:59,14.111,200
2022-07-29,23:59:59,24.823,200
2022-08-07,23:59:59,23.731,200
2023-06-17,23:59:59,18.634,200
2024-06-19,23:59:59,8.731,200
1980-08-12,23:59:59,19.877,200
1981-11-20,23:59:59,18.410,200
1982-08-17,23:59:59,15.128,200
1983-05-11,23:59:59,7.812,200
1983-09-06,23:59:59,10.101,200
1983-10-03,23:59:59,12.571,200
1983-11-23,23:59:59,22.025,200
1984-02-24,23:59:59,7.346,200
1984-07-18,23:59:59,19.757,200
1984-09-27,23:59:59,17.172,200
1985-04-15,23:59:59,13.142,200
1985-08-11,23:59:59,10.865,200
1986-11-05,23:59:59,20.046,200
1987-02-21,23:59:59,6.105,200
1988-03-01,23:59:59,12.935,200
1988-10-15,23:59:59,25.094,200
1988-12-04,23:59:59,16.011,200
1989-12-03,23:59:59,12.061,200
1991-09-13,23:59:59,21.349,200
1992-04-09,23:59:59,16.532,200
1992-08-15,23:59:59,4.100,200
1993-04-17,23:59:59,6.531,200
1994-01-02,23:59:59,6.723,200
1994-01-21,23:59:59,16.814,200
1994-02-11,23:59:59,12.455,200
1995-12-21,23:59:59,21.601,200
1996-06-30,23:59:59,14.032,200
1997-12-11,23:59:59,15.813,200
1998-03-25,23:59:59,17.135,200
1998-07-12,23:59:59,6.640,200
1998-08-17,23:59:59,25.200,200
1999-03-29,23:59:59,5.524,200
1999-04-23,23:59:59,19.272,200
1999-06-11,23:59:59,19.209,200
1999-08-03,23:59:59,8.230,200
1999-10-25,23:59:59,12.500,200
2000-01-04,23:59:59,7.005,200
2000-02-23,23:59:59,9.861,200
2000-05-19,23:59:59,9.845,200
2000-09-17,23:59:59,14.755,200
2001-11-03,23:59:59,7.210,200
2002-11-17,23:59:59,6.502,200
2003-03-04,23:59:59,11.216,200
2003-04-24,23:59:59,7.350,200
2004-05-29,23:59:59,8.283,200
2004-06-04,23:59:59,6.548,200
2004-06-15,23:59:59,22.352,200
2004-07-29,23:59:59,24.616,200
2005-03-19,23:59:59,5.501,200
2005-07-12,23:59:59,7.269,200
2005-11-26,23:59:59,10.594,200
2006-03-30,23:59:59,8.331,200
2008-07-23,23:59:59,14.903,200
2009-02-16,23:59:59,11.222,200
2009-07-05,23:59:59,9.846,200
2009-07-30,23:59:59,8.431,200
2009-11-21,23:59:59,10.466,200
2010-12-17,23:59:59,8.825,200
2011-06-18,23:59:59,23.538,200
2012-05-25,23:59:59,6.026,200
2012-09-25,23:59:59,13.947,200
2013-02-16,23:59:59,7.594,200
2013-02-18,23:59:59,11.324,200
2013-08-11,23:59:59,8.477,200
2013-09-30,23:59:59,17.490,200
2013-10-01,23:59:59,13.925,200
2014-04-12,23:59:59,6.210,200
2014-10-10,23:59:59,6.606,200
2016-02-26,23:59:59,11.534,200
2016-04-19,23:59:59,8.378,200
2016-08-24,23:59:59,20.893,200
2016-08-31,23:59:59,13.918,200
2017-08-08,23:59:59,15.687,200
2017-12-06,23:59:59,20.044,200
2018-05-17,23:59:59,13.856,200
2018-10-20,23:59:59,5.286,200
2018-10-24,23:59:59,11.514,200
2018-11-12,23:59:59,14.341,200
2019-03-14,23:59:59,11.385,200
2020-01-09,23:59:59,10.817,200
2020-01-18,23:59:59,11.333,200
2020-06-18,23:59:59,5.183,200
2020-09-17,23:59:59,7.535,200
2022-01-22,23:59:59,8.609,200
2023-04-07,23:59:59,7.992,200
2024-03-10,23:59:59,11.719,200
2024-10-30,23:59:59,8.353,200
1980-02-11,23:59:59,22.735,200
1980-09-19,23:59:59,11.164,200
1980-12-09,23:59:59,19.070,200
1981-06-27,23:59:59,17.498,200
1981-06-28,23:59:59,5.567,200
1981-07-06,23:59:59,13.045,200
1981-12-25,23:59:59,3.112,200
1981-12-26,23:59:59,4.094,200
1982-02-02,23:59:59,19.034,200
1982-05-22,23:59:59,3.050,200
1982-09-04,23:59:59,13.441,200
1982-10-13,23:59:59,10.746,200
1982-10-18,23:59:59,13.903,200
1983-03-26,23:59:59,8.407,200
1984-02-09,23:59:59,15.529,200
1984-03-26,23:59:59,18.318,200
1984-08-28,23:59:59,17.017,200
1984-11-30,23:59:59,12.643,200
1985-05-14,23:59:59,16.791,200
1985-05-18,23:59:59,7.522,200
1985-11-22,23:59:59,9.015,200
1986-02-24,23:59:59,11.709,200
1986-03-02,23:59:59,17.652,200
1986-07-23,23:59:59,16.333,200
1988-08-25,23:59:59,12.025,200
1988-09-26,23:59:59,20.117,200
1989-07-14,23:59:59,19.768,200
1989-10-24,23:59:59,12.883,200
1990-09-25,23:59:59,17.374,200
1991-01-25,23:59:59,10.539,200
1991-06-07,23:59:59,9.124,200
1991-10-04,23:59:59,21.187,200
1992-02-25,23:59:59,16.607,200
1992-11-29,23:59:59,8.584,200
1992-12-17,23:59:59,22.862,200
1992-12-27,23:59:59,22.015,200
1993-04-27,23:59:59,6.530,200
1993-07-21,23:59:59,7.865,200
1993-12-03,23:59:59,8.033,200
1994-06-23,23:59:59,4.581,200
1994-08-14,23:59:59,24.517,200
1995-03-04,23:59:59,12.828,200
1995-09-16,23:59:59,20.368,200
1995-11-15,23:59:59,23.066,200
1995-12-31,23:59:59,23.770,200
1996-05-11,23:59:59,17.431,200
1996-09-17,23:59:59,25.525,200
1996-10-24,23:59:59,19.902,200
1996-11-17,23:59:59,18.900,200
1997-01-27,23:59:59,14.907,200
1997-10-21,23:59:59,19.715,200
1998-01-31,23:59:59,18.080,200
1998-09-10,23:59:59,20.392,200
1999-01-14,23:59:59,14.537,200
1999-02-27,23:59:59,8.413,200
1999-07-05,23:59:59,15.972,200
1999-11-14,23:59:59,4.273,200
2001-02-25,23:59:59,7.686,200
2001-10-07,23:59:59,6.903,200
2001-11-15,23:59:59,7.106,200
2003-06-09,23:59:59,6.095,200
2003-08-23,23:59:59,17.784,200
2003-10-30,23:59:59,21.439,200
2003-11-14,23:59:59,14.313,200
2005-03-09,23:59:59,9.784,200
2005-08-20,23:59:59,6.458,200
2005-08-24,23:59:59,9.467,200
2007-04-29,23:59:59,11.170,200
2007-08-20,23:59:59,21.364,200
2007-12-22,23:59:59,8.497,200
2008-01-19,23:59:59,6.061,200
2008-03-14,23:59:59,9.507,200
2008-09-15,23:59:59,26.071,200
2011-07-25,23:59:59,24.552,200
2011-11-04,23:59:59,11.638,200
2011-11-26,23:59:59,8.366,200
2012-11-22,23:59:59,17.218,200
2013-01-27,23:59:59,6.564,200
2013-02-21,23:59:59,9.583,200
2014-04-20,23:59:59,6.722,200
2014-10-04,23:59:59,7.910,200
2014-12-24,23:59:59,9.900,200
2015-08-11,23:59:59,25.547,200
2015-09-11,23:59:59,16.091,200
2017-07-05,23:59:59,20.359,200
2017-08-03,23:59:59,22.855,200
2018-09-02,23:59:59,17.552,200
2019-03-19,23:59:59,10.797,200
2020-02-18,23:59:59,17.427,200
2020-04-30,23:59:59,8.980,200
2021-02-21,23:59:59,6.974,200
2021-03-09,23:59:59,13.122,200
2021-07-07,23:59:59,9.198,200
2022-01-17,23:59:59,16.837,200
2022-03-15,23:59:59,13.348,200
2023-01-24,23:59:59,19.806,200
2023-07-02,23:59:59,13.374,200
2023-11-20,23:59:59,6.677,200
2024-10-21,23:59:59,8.435,200
2024-11-04,23:59:59,13.629,200
1980-01-09,23:59:59,14.324,200
1982-01-19,23:59:59,17.202,200
1982-01-23,23:59:59,16.346,200
1983-01-08,23:59:59,8.777,200
1983-01-12,23:59:59,13.651,200
1983-04-01,23:59:59,8.232,200
1983-05-19,23:59:59,17.431,200
1983-11-06,23:59:59,16.378,200
1984-01-14,23:59:59,14.805,200
1984-06-12,23:59:59,21.115,200
1984-09-08,23:59:59,7.029,200
1984-10-11,23:59:59,14.535,200
1985-09-13,23:59:59,16.227,200
1985-12-24,23:59:59,5.802,200
1986-05-02,23:59:59,8.506,200
1986-11-16,23:59:59,13.241,200
1987-03-05,23:59:59,6.060,200
1988-07-26,23:59:59,17.899,200
1990-01-20,23:59:59,4.914,200
1990-02-17,23:59:59,11.828,200
1990-02-24,23:59:59,18.476,200
1991-02-02,23:59:59,8.113,200
1991-05-27,23:59:59,13.710,200
1991-12-29,23:59:59,9.414,200
1992-04-08,23:59:59,14.492,200
1992-06-25,23:59:59,9.952,200
1992-10-17,23:59:59,16.026,200
1992-11-07,23:59:59,19.828,200
1994-12-02,23:59:59,23.475,200
1995-12-06,23:59:59,19.381,200
1996-02-07,23:59:59,20.246,200
1996-10-11,23:59:59,22.429,200
1996-10-18,23:59:59,23.773,200
1997-01-19,23:59:59,19.559,200
1997-03-25,23:59:59,6.876,200
1997-08-30,23:59:59,9.250,200
1998-02-07,23:59:59,9.247,200
1998-06-26,23:59:59,8.696,200
1998-12-21,23:59:59,18.136,200
1999-01-22,23:59:59,12.997,200
1999-03-08,23:59:59,8.037,200
2000-04-14,23:59:59,7.891,200
2000-06-24,23:59:59,11.078,200
2001-02-17,23:59:59,7.479,200
2001-05-03,23:59:59,11.612,200
2001-10-18,23:59:59,9.278,200
2002-06-06,23:59:59,14.130,200
2002-09-01,23:59:59,15.525,200
2002-10-10,23:59:59,13.936,200
2002-10-17,23:59:59,16.458,200
2003-07-19,23:59:59,20.885,200
2004-03-16,23:59:59,20.830,200
2004-12-02,23:59:59,13.301,200
2005-01-27,23:59:59,15.493,200
2005-02-20,23:59:59,9.546,200
2005-04-28,23:59:59,15.574,200
2005-10-05,23:59:59,6.884,200
2006-02-13,23:59:59,26.455,200
2006-07-01,23:59:59,13.581,200
2006-09-27,23:59:59,11.289,200
2007-01-01,23:59:59,5.732,200
2007-01-24,23:59:59,14.116,200
2008-07-10,23:59:59,20.945,200
2008-08-08,23:59:59,26.188,200
2009-07-25,23:59:59,7.784,200
2009-09-27,23:59:59,6.377,200
2009-10-18,23:59:59,19.296,200
2010-03-11,23:59:59,13.356,200
2011-01-26,23:59:59,26.875,200
2011-04-14,23:59:59,19.134,200
2011-05-27,23:59:59,10.877,200
2011-10-08,23:59:59,7.837,200
2011-12-19,23:59:59,12.159,200
2012-02-16,23:59:59,18.484,200
2012-04-04,23:59:59,12.166,200
2012-06-23,23:59:59,6.705,200
2013-10-30,23:59:59,15.604,200
2014-04-30,23:59:59,8.303,200
2015-03-30,23:59:59,7.265,200
2015-06-05,23:59:59,13.170,200
2015-09-30,23:59:59,18.243,200
2016-04-11,23:59:59,8.410,200
2017-07-28,23:59:59,23.089,200
2019-01-08,23:59:59,9.227,200
2019-08-04,23:59:59,16.056,200
2019-09-24,23:59:59,16.401,200
2020-01-27,23:59:59,12.694,200
2020-05-20,23:59:59,13.772,200
2020-12-04,23:59:59,14.994,200
2021-06-05,23:59:59,4.417,200
2022-05-31,23:59:59,4.557,200
2023-02-11,23:59:59,25.729,200
2023-03-12,23:59:59,6.731,200
2023-05-12,23:59:59,25.133,200
2023-06-01,23:59:59,24.696,200
2024-01-10,23:59:59,14.858,200
2024-01-23,23:59:59,7.855,200
2024-02-01,23:59:59,20.945,200
2024-08-01,23:59:59,13.637,200
2024-09-20,23:59:59,4.408,200
1980-07-30,23:59:59,22.414,200
1980-09-28,23:59:59,16.043,200
1980-11-18,23:59:59,17.857,200
1980-12-23,23:59:59,16.316,200
1981-05-26,23:59:59,17.984,200
1981-08-10,23:59:59,16.135,200
1981-09-28,23:59:59,19.387,200
1981-11-06,23:59:59,19.449,200
1983-02-27,23:59:59,6.037,200
1984-02-03,23:59:59,14.242,200
1984-04-09,23:59:59,15.433,200
1984-07-23,23:59:59,10.195,200
1984-08-13,23:59:59,10.328,200
1984-08-19,23:59:59,7.321,200
1984-12-31,23:59:59,13.451,200
1985-02-15,23:59:59,10.825,200
1985-03-29,23:59:59,16.461,200
1986-12-01,23:59:59,19.884,200
1987-04-05,23:59:59,13.908,200
1987-10-16,23:59:59,10.742,200
1987-11-01,23:59:59,10.401,200
1987-11-03,23:59:59,6.077,200
1988-06-25,23:59:59,9.360,200
1988-08-10,23:59:59,7.032,200
1988-09-27,23:59:59,23.539,200
1989-02-03,23:59:59,20.916,200
1989-02-13,23:59:59,19.826,200
1989-04-09,23:59:59,18.869,200
1990-05-28,23:59:59,16.545,200
1990-07-12,23:59:59,11.001,200
1991-03-08,23:59:59,18.085,200
1991-08-15,23:59:59,16.432,200
1993-10-03,23:59:59,7.562,200
1995-06-26,23:59:59,19.472,200
1995-07-14,23:59:59,10.726,200
1996-05-03,23:59:59,23.018,200
1997-07-13,23:59:59,12.809,200
1998-11-09,23:59:59,25.643,200
1998-11-27,23:59:59,22.972,200
1999-04-21,23:59:59,11.061,200
2000-07-20,23:59:59,16.052,200
2001-10-27,23:59:59,5.078,200
2003-11-06,23:59:59,17.248,200
2003-12-05,23:59:59,11.063,200
2004-04-14,23:59:59,17.608,200
2004-04-16,23:59:59,11.930,200
2004-06-16,23:59:59,18.248,200
2005-11-13,23:59:59,12.397,200
2005-11-14,23:59:59,16.916,200
2006-01-30,23:59:59,7.433,200
2007-02-03,23:59:59,9.228,200
2007-04-17,23:59:59,7.282,200
2007-07-22,23:59:59,12.518,200
2007-08-02,23:59:59,7.105,200
2007-11-24,23:59:59,6.572,200
2008-01-16,23:59:59,10.780,200
2008-04-07,23:59:59,8.050,200
2008-04-22,23:59:59,7.532,200
2008-07-22,23:59:59,15.303,200
2008-09-09,23:59:59,25.782,200
2008-10-31,23:59:59,14.807,200
2009-06-30,23:59:59,14.370,200
2010-01-24,23:59:59,9.374,200
2010-10-27,23:59:59,17.186,200
2012-12-07,23:59:59,8.290,200
2013-10-10,23:59:59,19.960,200
2013-11-30,23:59:59,7.615,200
2013-12-13,23:59:59,12.233,200
2014-01-10,23:59:59,9.579,200
2015-04-15,23:59:59,18.402,200
2015-09-24,23:59:59,14.919,200
2016-02-16,23:59:59,14.494,200
2016-05-16,23:59:59,9.212,200
2016-10-26,23:59:59,16.704,200
2017-04-13,23:59:59,20.796,200
2017-06-13,23:59:59,20.125,200
2018-01-16,23:59:59,18.191,200
2018-03-29,23:59:59,17.100,200
2018-04-12,23:59:59,20.940,200
2018-10-14,23:59:59,15.284,200
2019-02-23,23:59:59,5.841,200
2019-03-03,23:59:59,4.843,200
2019-10-03,23:59:59,10.583,200
2020-03-04,23:59:59,17.184,200
2020-09-06,23:59:59,11.105,200
2020-11-01,23:59:59,3.244,200
2022-01-23,23:59:59,8.033,200
2022-09-23,23:59:59,25.681,200
2023-01-10,23:59:59,15.745,200
2023-05-19,23:59:59,24.562,200
1980-01-23,23:59:59,21.167,200
1980-02-21,23:59:59,14.109,200
1980-09-13,23:59:59,13.344,200
1980-09-27,23:59:59,14.606,200
1981-02-15,23:59:59,5.648,200
1981-02-16,23:59:59,14.126,200
1982-04-04,23:59:59,7.921,200
1982-08-26,23:59:59,10.196,200
1982-11-10,23:59:59,13.142,200
1983-03-15,23:59:59,7.646,200
1983-04-15,23:59:59,4.323,200
1984-05-13,23:59:59,10.243,200
1984-10-12,23:59:59,10.570,200
1985-04-07,23:59:59,13.778,200
1985-06-01,23:59:59,9.204,200
1985-07-10,23:59:59,8.382,200
1986-04-05,23:59:59,8.043,200
1987-08-13,23:59:59,11.638,200
1987-11-22,23:59:59,7.719,200
1988-11-03,23:59:59,22.170,200
1989-02-22,23:59:59,22.500,200
1989-11-02,23:59:59,14.641,200
1990-03-15,23:59:59,10.348,200
1990-06-08,23:59:59,20.430,200
1990-06-25,23:59:59,13.797,200
1990-07-05,23:59:59,8.711,200
1990-08-26,23:59:59,19.298,200
1991-01-22,23:59:59,18.959,200
1991-07-23,23:59:59,8.015,200
1991-07-29,23:59:59,15.175,200
1992-01-06,23:59:59,9.532,200
1993-02-04,23:59:59,11.574,200
1994-01-15,23:59:59,8.917,200
1994-04-26,23:59:59,7.547,200
1994-10-12,23:59:59,20.027,200
1996-08-23,23:59:59,14.345,200
1997-03-23,23:59:59,6.676,200
1997-06-06,23:59:59,8.065,200
1997-07-24,23:59:59,17.332,200
1997-09-04,23:59:59,14.024,200
1998-01-30,23:59:59,11.044,200
2000-03-22,23:59:59,16.610,200
2000-11-26,23:59:59,13.180,200
2001-05-05,23:59:59,9.830,200
2003-02-16,23:59:59,6.735,200
2003-05-24,23:59:59,4.254,200
2004-05-28,23:59:59,8.784,200
2004-12-24,23:59:59,8.504,200
2004-12-30,23:59:59,12.751,200
2005-02-12,23:59:59,10.686,200
2005-03-29,23:59:59,7.446,200
2006-05-05,23:59:59,12.689,200
2007-04-06,23:59:59,5.792,200
2007-09-20,23:59:59,16.568,200
2007-09-22,23:59:59,16.647,200
2008-06-10,23:59:59,9.780,200
2009-03-14,23:59:59,11.923,200
2010-01-17,23:59:59,11.540,200
2010-01-31,23:59:59,6.772,200
2011-05-09,23:59:59,8.627,200
2012-01-27,23:59:59,16.044,200
2012-11-29,23:59:59,17.664,200
2015-02-03,23:59:59,12.014,200
2015-09-22,23:59:59,20.397,200
2016-02-05,23:59:59,11.545,200
2016-07-29,23:59:59,16.381,200
2016-08-22,23:59:59,20.070,200
2016-09-14,23:59:59,19.066,200
2017-01-12,23:59:59,12.890,200
2017-02-18,23:59:59,6.586,200
2017-07-12,23:59:59,21.572,200
2017-11-09,23:59:59,17.908,200
2018-02-12,23:59:59,8.693,200
2018-02-27,23:59:59,17.143,200
2018-05-24,23:59:59,15.333,200
2019-03-29,23:59:59,5.666,200
2019-06-25,23:59:59,17.035,200
2019-07-01,23:59:59,17.866,200
2020-03-23,23:59:59,13.925,200
2021-01-11,23:59:59,14.453,200
2021-05-06,23:59:59,5.577,200
2021-09-30,23:59:59,10.103,200
2022-06-24,23:59:59,13.080,200
2022-07-23,23:59:59,23.819,200
2023-10-22,23:59:59,6.333,200
2024-08-02,23:59:59,12.511,200
2024-08-28,23:59:59,5.615,200
1980-09-26,23:59:59,17.454,200
1981-06-14,23:59:59,7.154,200
1981-08-21,23:59:59,17.110,200
1982-06-28,23:59:59,16.214,200
1983-05-04,23:59:59,8.500,200
1983-06-16,23:59:59,7.815,200
1984-05-23,23:59:59,13.130,200
1985-05-11,23:59:59,7.492,200
1985-06-18,23:59:59,11.718,200
1985-06-23,23:59:59,3.332,200
1986-06-30,23:59:59,13.361,200
1987-03-10,23:59:59,8.070,200
1987-04-03,23:59:59,13.357,200
1987-05-08,23:59:59,16.516,200
1989-03-23,23:59:59,13.224,200
1990-05-09,23:59:59,12.470,200
1991-01-21,23:59:59,17.729,200
1991-04-02,23:59:59,15.447,200
1991-04-14,23:59:59,5.877,200
1991-12-02,23:59:59,15.753,200
1993-08-30,23:59:59,7.335,200
1994-04-07,23:59:59,9.415,200
1995-08-06,23:59:59,23.069,200
1995-12-22,23:59:59,7.823,200
1995-12-25,23:59:59,4.727,200
1996-03-16,23:59:59,18.948,200
1997-01-04,23:59:59,19.670,200
1997-04-04,23:59:59,9.548,200
1998-04-01,23:59:59,8.970,200
1999-09-02,23:59:59,13.130,200
2000-02-15,23:59:59,13.710,200
2000-07-05,23:59:59,12.961,200
2001-01-17,23:59:59,17.460,200
2001-08-16,23:59:59,11.169,200
2001-08-19,23:59:59,8.374,200
2002-06-22,23:59:59,4.957,200
2003-08-18,23:59:59,14.836,200
2003-11-03,23:59:59,16.067,200
2004-04-25,23:59:59,17.685,200
2004-10-12,23:59:59,10.358,200
2005-04-27,23:59:59,14.956,200
2005-07-13,23:59:59,10.858,200
2006-01-22,23:59:59,5.090,200
2006-06-04,23:59:59,16.017,200
2006-06-09,23:59:59,17.346,200
2006-12-03,23:59:59,7.447,200
2007-06-25,23:59:59,14.957,200
2007-12-28,23:59:59,13.517,200
2009-08-31,23:59:59,9.445,200
2010-01-10,23:59:59,8.318,200
2010-04-16,23:59:59,7.146,200
2010-06-03,23:59:59,8.105,200
2010-11-22,23:59:59,11.810,200
2011-05-01,23:59:59,12.385,200
2012-07-21,23:59:59,17.170,200
2012-08-30,23:59:59,18.172,200
2013-08-12,23:59:59,14.033,200
2013-12-11,23:59:59,14.461,200
2014-06-30,23:59:59,12.430,200
2015-07-18,23:59:59,10.822,200
2015-08-28,23:59:59,17.963,200
2015-12-03,23:59:59,9.837,200
2017-04-25,23:59:59,25.978,200
2017-09-22,23:59:59,25.411,200
2018-03-15,23:59:59,17.688,200
2018-09-20,23:59:59,16.250,200
2019-02-26,23:59:59,9.151,200
2019-10-09,23:59:59,6.957,200
2019-12-07,23:59:59,10.694,200
2020-01-28,23:59:59,14.679,200
2020-12-12,23:59:59,7.801,200
2021-07-06,23:59:59,14.181,200
2021-08-19,23:59:59,7.001,200
2021-11-06,23:59:59,14.684,200
2021-12-15,23:59:59,12.422,200
2022-10-31,23:59:59,12.718,200
2023-07-06,23:59:59,18.330,200
2023-08-12,23:59:59,16.847,200
2024-05-17,23:59:59,6.320,200
1980-04-02,23:59:59,12.985,200
1980-05-04,23:59:59,8.679,200
1980-06-19,23:59:59,17.921,200
1982-01-06,23:59:59,12.700,200
1982-05-29,23:59:59,8.603,200
1982-11-23,23:59:59,17.493,200
1983-11-22,23:59:59,19.242,200
1984-05-24,23:59:59,11.454,200
1984-05-30,23:59:59,10.296,200
1984-11-27,23:59:59,11.256,200
1985-06-21,23:59:59,9.453,200
1985-08-08,23:59:59,10.738,200
1985-09-25,23:59:59,14.817,200
1986-01-31,23:59:59,21.431,200
1986-03-10,23:59:59,14.660,200
1986-04-25,23:59:59,5.270,200
1986-10-11,23:59:59,14.286,200
1988-03-19,23:59:59,6.263,200
1988-07-24,23:59:59,11.374,200
1989-02-15,23:59:59,23.292,200
1989-03-13,23:59:59,20.388,200
1989-06-15,23:59:59,10.723,200
1989-08-02,23:59:59,19.801,200
1989-10-07,23:59:59,14.311,200
1990-02-06,23:59:59,15.373,200
1990-09-22,23:59:59,21.909,200
1990-12-08,23:59:59,21.307,200
1991-04-20,23:59:59,7.261,200
1992-03-14,23:59:59,16.137,200
1992-06-10,23:59:59,5.127,200
1992-09-17,23:59:59,22.866,200
1992-10-12,23:59:59,13.273,200
1992-12-25,23:59:59,21.570,200
1993-03-30,23:59:59,5.095,200
1994-07-29,23:59:59,15.332,200
1995-01-14,23:59:59,14.867,200
1996-04-15,23:59:59,5.443,200
1997-01-05,23:59:59,17.356,200
1997-03-02,23:59:59,8.858,200
1997-09-07,23:59:59,15.882,200
1998-07-31,23:59:59,26.055,200
1999-01-03,23:59:59,12.963,200
1999-05-09,23:59:59,8.807,200
1999-09-04,23:59:59,12.531,200
1999-11-11,23:59:59,15.686,200
2000-02-29,23:59:59,20.762,200
2000-04-30,23:59:59,6.592,200
2000-10-29,23:59:59,10.129,200
2001-08-12,23:59:59,5.856,200
2001-10-03,23:59:59,12.294,200
2002-10-24,23:59:59,10.748,200
2003-02-02,23:59:59,8.938,200
2003-08-01,23:59:59,13.132,200
2004-07-14,23:59:59,23.567,200
2005-03-21,23:59:59,9.916,200
2009-10-14,23:59:59,21.040,200
2010-02-03,23:59:59,18.232,200
2010-07-07,23:59:59,22.556,200
2011-03-19,23:59:59,13.325,200
2011-04-02,23:59:59,7.417,200
2011-08-29,23:59:59,10.942,200
2012-06-21,23:59:59,8.816,200
2013-06-30,23:59:59,11.806,200
2014-06-15,23:59:59,16.180,200
2014-07-27,23:59:59,7.563,200
2014-08-24,23:59:59,10.749,200
2015-05-12,23:59:59,7.992,200
2015-10-30,23:59:59,9.667,200
2016-12-29,23:59:59,11.511,200
2017-04-08,23:59:59,25.244,200
2017-05-24,23:59:59,25.526,200
2017-07-09,23:59:59,16.430,200
2017-08-01,23:59:59,22.919,200
2017-12-07,23:59:59,19.122,200
2018-02-06,23:59:59,7.106,200
2018-07-16,23:59:59,16.889,200
2019-01-18,23:59:59,7.528,200
2019-03-05,23:59:59,10.650,200
2019-08-13,23:59:59,10.617,200
2019-11-02,23:59:59,6.442,200
2020-07-18,23:59:59,6.358,200
2020-11-09,23:59:59,3.533,200
2022-12-30,23:59:59,20.496,200
2023-03-09,23:59:59,13.664,200
2023-08-28,23:59:59,19.638,200
2024-04-05,23:59:59,11.488,200
1980-11-07,23:59:59,14.752,200
1981-02-18,23:59:59,17.795,200
1981-05-04,23:59:59,15.190,200
1981-09-16,23:59:59,19.534,200
1982-09-28,23:59:59,9.416,200
1982-10-17,23:59:59,9.874,200
1983-05-13,23:59:59,9.171,200
1983-05-22,23:59:59,12.368,200
1983-07-15,23:59:59,13.604,200
1984-08-08,23:59:59,10.283,200
1984-12-05,23:59:59,10.863,200
1984-12-16,23:59:59,5.413,200
1985-01-29,23:59:59,5.086,200
1985-02-10,23:59:59,9.050,200
1986-03-20,23:59:59,9.976,200
1987-11-11,23:59:59,14.447,200
1988-04-27,23:59:59,13.730,200
1988-06-27,23:59:59,13.719,200
1988-12-30,23:59:59,10.788,200
1989-02-18,23:59:59,19.530,200
1989-08-22,23:59:59,13.970,200
1989-09-01,23:59:59,10.439,200
1989-11-03,23:59:59,16.785,200
1989-12-26,23:59:59,8.007,200
1990-10-30,23:59:59,21.023,200
1991-07-20,23:59:59,4.952,200
1991-08-23,23:59:59,15.205,200
1991-12-12,23:59:59,9.493,200
1992-04-20,23:59:59,11.063,200
1993-01-30,23:59:59,9.783,200
1993-10-26,23:59:59,6.132,200
1993-12-22,23:59:59,4.657,200
1994-05-31,23:59:59,5.054,200
1995-12-28,23:59:59,24.415,200
1997-02-06,23:59:59,6.891,200
1997-04-02,23:59:59,9.473,200
1997-06-20,23:59:59,9.697,200
1998-08-16,23:59:59,25.336,200
2000-09-25,23:59:59,16.637,200
2001-02-21,23:59:59,13.357,200
2001-06-14,23:59:59,18.151,200
2001-10-01,23:59:59,10.499,200
2001-12-26,23:59:59,12.341,200
2002-02-15,23:59:59,4.623,200
2002-04-11,23:59:59,10.735,200
2003-07-16,23:59:59,21.082,200
2003-10-25,23:59:59,9.507,200
2004-02-22,23:59:59,26.070,200
2005-03-22,23:59:59,11.345,200
2005-04-02,23:59:59,8.713,200
2006-01-16,23:59:59,5.652,200
2008-07-24,23:59:59,11.716,200
2009-01-31,23:59:59,12.206,200
2010-09-21,23:59:59,27.423,200
2011-02-03,23:59:59,26.415,200
2011-09-29,23:59:59,17.515,200
2012-05-30,23:59:59,10.146,200
2012-07-12,23:59:59,20.902,200
2013-01-09,23:59:59,10.234,200
2013-05-24,23:59:59,8.907,200
2014-09-20,23:59:59,6.978,200
2014-12-04,23:59:59,15.495,200
2015-03-05,23:59:59,12.294,200
2015-04-25,23:59:59,7.711,200
2016-04-26,23:59:59,9.482,200
2017-07-01,23:59:59,17.965,200
2018-03-10,23:59:59,11.156,200
2019-08-21,23:59:59,17.316,200
2020-01-11,23:59:59,7.314,200
2020-10-12,23:59:59,5.874,200
2022-01-06,23:59:59,9.301,200
2022-06-18,23:59:59,14.992,200
2022-08-30,23:59:59,25.655,200
2022-10-22,23:59:59,17.177,200
2023-05-03,23:59:59,13.245,200
2023-08-19,23:59:59,13.379,200
2023-11-10,23:59:59,15.014,200
2024-04-09,23:59:59,10.783,200
2024-09-16,23:59:59,15.063,200
1980-05-28,23:59:59,16.254,200
1980-07-10,23:59:59,12.767,200
1980-12-13,23:59:59,21.580,200
1981-03-08,23:59:59,9.553,200
1981-03-09,23:59:59,12.558,200
1981-10-25,23:59:59,12.476,200
1983-06-23,23:59:59,15.637,200
1986-05-09,23:59:59,9.932,200
1986-08-14,23:59:59,21.358,200
1988-02-16,23:59:59,11.882,200
1988-04-28,23:59:59,12.820,200
1988-10-23,23:59:59,22.664,200
1989-02-04,23:59:59,10.614,200
1989-06-12,23:59:59,10.990,200
1990-04-24,23:59:59,12.461,200
1990-12-29,23:59:59,7.848,200
1991-01-03,23:59:59,9.457,200
1991-05-14,23:59:59,11.582,200
1991-09-04,23:59:59,21.839,200
1991-10-29,23:59:59,18.993,200
1991-11-13,23:59:59,12.892,200
1992-01-29,23:59:59,16.522,200
1992-07-09,23:59:59,10.230,200
1992-10-07,23:59:59,12.050,200
1994-03-09,23:59:59,9.591,200
1997-08-22,23:59:59,18.024,200
1998-01-01,23:59:59,6.555,200
1998-09-07,23:59:59,18.077,200
1998-09-14,23:59:59,18.769,200
1999-06-09,23:59:59,19.339,200
2000-04-07,23:59:59,8.307,200
2000-12-06,23:59:59,19.780,200
2001-02-20,23:59:59,15.630,200
2002-08-22,23:59:59,22.058,200
2003-07-24,23:59:59,20.337,200
2004-03-29,23:59:59,10.907,200
2004-05-26,23:59:59,20.012,200
2004-06-26,23:59:59,25.939,200
2005-01-01,23:59:59,14.390,200
2005-06-09,23:59:59,22.307,200
2006-07-17,23:59:59,17.079,200
2006-08-04,23:59:59,13.158,200
2008-03-20,23:59:59,9.057,200
2009-01-24,23:59:59,12.399,200
2009-02-25,23:59:59,9.476,200
2009-06-13,23:59:59,5.965,200
2011-06-10,23:59:59,15.552,200
2012-03-16,23:59:59,10.591,200
2012-08-07,23:59:59,22.698,200
2013-02-27,23:59:59,12.136,200
2013-10-26,23:59:59,11.595,200
2014-10-22,23:59:59,7.565,200
2014-12-01,23:59:59,9.445,200
2015-12-08,23:59:59,13.108,200
2016-03-01,23:59:59,14.450,200
2017-04-19,23:59:59,26.745,200
2017-10-27,23:59:59,17.517,200
2018-06-09,23:59:59,13.384,200
2018-10-25,23:59:59,9.145,200
2018-11-20,23:59:59,15.787,200
2018-12-29,23:59:59,7.067,200
2019-02-17,23:59:59,7.281,200
2019-05-12,23:59:59,10.378,200
2021-04-15,23:59:59,7.374,200
2021-12-24,23:59:59,8.163,200
2022-02-16,23:59:59,9.837,200
2022-06-06,23:59:59,7.579,200
2022-09-11,23:59:59,24.974,200
2022-12-13,23:59:59,25.857,200
2023-02-03,23:59:59,26.314,200
2023-04-19,23:59:59,17.714,200
2023-10-04,23:59:59,9.359,200
2023-11-26,23:59:59,10.039,200
2024-12-09,23:59:59,5.113,200
1980-03-16,23:59:59,5.342,200
1980-03-31,23:59:59,10.771,200
1982-05-26,23:59:59,9.241,200
1982-08-03,23:59:59,10.488,200
1983-01-25,23:59:59,11.936,200
1983-12-14,23:59:59,18.967,200
1984-08-05,23:59:59,5.008,200
1984-09-26,23:59:59,16.456,200
1985-04-10,23:59:59,13.948,200
1985-09-06,23:59:59,14.538,200
1985-11-10,23:59:59,16.130,200
1985-12-26,23:59:59,11.401,200
1986-04-15,23:59:59,9.632,200
1987-04-20,23:59:59,15.134,200
1987-05-17,23:59:59,11.872,200
1987-07-30,23:59:59,16.763,200
1987-10-17,23:59:59,4.533,200
1988-01-18,23:59:59,13.233,200
1988-06-04,23:59:59,12.553,200
1988-12-21,23:59:59,21.534,200
1989-02-24,23:59:59,22.315,200
1990-01-13,23:59:59,17.484,200
1990-03-09,23:59:59,14.954,200
1990-04-06,23:59:59,18.939,200
1990-05-06,23:59:59,12.426,200
1990-08-10,23:59:59,16.297,200
1990-09-02,23:59:59,21.248,200
1990-10-26,23:59:59,19.088,200
1991-06-14,23:59:59,5.222,200
1991-09-17,23:59:59,20.804,200
1992-11-15,23:59:59,14.785,200
1992-12-23,23:59:59,22.490,200
1992-12-31,23:59:59,19.544,200
1993-10-18,23:59:59,10.071,200
1994-04-29,23:59:59,7.496,200
1994-07-20,23:59:59,20.962,200
1995-05-02,23:59:59,19.779,200
1996-06-07,23:59:59,19.272,200
1996-07-24,23:59:59,15.794,200
1996-12-23,23:59:59,20.603,200
1997-05-18,23:59:59,7.444,200
1997-06-16,23:59:59,11.804,200
1998-02-15,23:59:59,9.573,200
1998-04-15,23:59:59,10.641,200
1998-10-19,23:59:59,18.015,200
1998-10-21,23:59:59,21.734,200
1998-11-28,23:59:59,16.136,200
1999-05-23,23:59:59,19.051,200
2000-05-18,23:59:59,10.259,200
2001-10-04,23:59:59,13.667,200
2001-10-17,23:59:59,7.258,200
2001-11-01,23:59:59,7.245,200
2001-11-19,23:59:59,10.677,200
2002-01-12,23:59:59,8.299,200
2002-06-25,23:59:59,15.305,200
2003-02-19,23:59:59,11.084,200
2003-07-23,23:59:59,20.468,200
2003-10-07,23:59:59,16.000,200
2004-06-06,23:59:59,13.919,200
2004-07-06,23:59:59,25.190,200
2004-08-23,23:59:59,21.833,200
2004-09-18,23:59:59,11.092,200
2005-07-02,23:59:59,16.334,200
2006-01-15,23:59:59,5.928,200
2006-06-11,23:59:59,15.356,200
2007-02-05,23:59:59,11.673,200
2007-03-06,23:59:59,19.638,200
2007-12-12,23:59:59,18.503,200
2008-02-28,23:59:59,7.170,200
2008-06-06,23:59:59,14.931,200
2008-07-31,23:59:59,8.495,200
2008-12-03,23:59:59,9.866,200
2009-12-09,23:59:59,14.917,200
2009-12-13,23:59:59,12.600,200
2010-06-09,23:59:59,15.231,200
2010-09-28,23:59:59,27.197,200
2010-10-01,23:59:59,27.192,200
2010-10-05,23:59:59,27.064,200
2010-11-19,23:59:59,8.483,200
2011-10-28,23:59:59,11.645,200
2012-02-06,23:59:59,8.845,200
2012-03-23,23:59:59,15.552,200
2013-01-18,23:59:59,7.662,200
2013-11-13,23:59:59,17.805,200
2014-11-17,23:59:59,17.051,200
2015-03-22,23:59:59,6.415,200
2015-07-04,23:59:59,14.958,200
2015-07-20,23:59:59,21.502,200
2016-07-02,23:59:59,12.243,200
2016-07-18,23:59:59,19.882,200
2016-09-04,23:59:59,9.130,200
2017-03-28,23:59:59,16.840,200
2017-05-15,23:59:59,25.870,200
2017-05-29,23:59:59,25.013,200
2017-11-06,23:59:59,18.246,200
2019-02-09,23:59:59,7.444,200
2019-05-03,23:59:59,8.839,200
2019-09-09,23:59:59,16.714,200
2019-11-24,23:59:59,9.578,200
2020-01-22,23:59:59,15.204,200
2021-11-01,23:59:59,9.463,200
2022-04-10,23:59:59,6.862,200
2022-04-11,23:59:59,4.938,200
2022-05-02,23:59:59,10.277,200
2022-10-29,23:59:59,7.779,200
2022-12-23,23:59:59,26.386,200
2023-02-22,23:59:59,17.971,200
2023-06-10,23:59:59,24.007,200
2023-06-16,23:59:59,20.627,200
2023-12-21,23:59:59,7.023,200
2024-07-17,23:59:59,18.856,200
1980-06-20,23:59:59,16.378,200
1980-12-11,23:59:59,21.787,200
1981-01-05,23:59:59,13.851,200
1981-08-27,23:59:59,19.740,200
1981-09-14,23:59:59,17.209,200
1981-11-07,23:59:59,18.451,200
1982-03-12,23:59:59,16.388,200
1982-08-30,23:59:59,16.561,200
1983-10-01,23:59:59,5.003,200
1984-05-31,23:59:59,10.280,200
1984-10-10,23:59:59,15.044,200
1984-11-04,23:59:59,5.291,200
1985-12-07,23:59:59,18.969,200
1985-12-23,23:59:59,14.065,200
1987-05-05,23:59:59,16.270,200
1987-07-24,23:59:59,14.528,200
1987-08-31,23:59:59,11.993,200
1988-09-09,23:59:59,17.203,200
1988-11-11,23:59:59,19.357,200
1989-01-13,23:59:59,24.096,200
1990-04-07,23:59:59,17.434,200
1992-01-13,23:59:59,10.583,200
1992-02-21,23:59:59,18.961,200
1993-03-19,23:59:59,13.774,200
1993-07-01,23:59:59,21.632,200
1994-03-06,23:59:59,9.143,200
1995-12-14,23:59:59,20.457,200
1996-05-26,23:59:59,18.274,200
1997-07-29,23:59:59,20.660,200
1997-11-24,23:59:59,16.189,200
2002-01-08,23:59:59,8.400,200
2002-03-26,23:59:59,10.431,200
2003-05-28,23:59:59,12.166,200
2004-02-01,23:59:59,6.108,200
2004-03-21,23:59:59,6.534,200
2004-04-26,23:59:59,15.719,200
2004-09-22,23:59:59,13.849,200
2004-12-10,23:59:59,4.875,200
2006-02-06,23:59:59,10.851,200
2006-04-22,23:59:59,18.223,200
2006-12-31,23:59:59,5.537,200
2007-05-02,23:59:59,10.952,200
2007-07-16,23:59:59,22.312,200
2008-01-26,23:59:59,5.690,200
2008-06-29,23:59:59,8.379,200
2008-08-18,23:59:59,26.653,200
2009-04-09,23:59:59,6.037,200
2009-11-23,23:59:59,13.245,200
2011-09-17,23:59:59,7.581,200
2011-09-28,23:59:59,17.687,200
2013-02-24,23:59:59,7.038,200
2013-04-05,23:59:59,7.343,200
2013-07-25,23:59:59,8.280,200
2014-01-23,23:59:59,9.485,200
2016-11-07,23:59:59,13.600,200
2016-12-24,23:59:59,7.594,200
2017-10-14,23:59:59,25.425,200
2018-03-11,23:59:59,10.352,200
2018-08-17,23:59:59,15.891,200
2018-10-22,23:59:59,9.444,200
2019-01-28,23:59:59,12.159,200
2019-06-14,23:59:59,9.099,200
2020-09-11,23:59:59,13.572,200
2021-05-10,23:59:59,7.860,200
2021-09-23,23:59:59,7.548,200
2022-01-09,23:59:59,9.351,200
2022-05-29,23:59:59,10.610,200
2022-12-11,23:59:59,22.997,200
2023-01-16,23:59:59,21.971,200
2023-02-06,23:59:59,26.290,200
2023-02-16,23:59:59,14.865,200
2024-06-27,23:59:59,13.826,200
1980-02-28,23:59:59,9.825,200
1980-07-20,23:59:59,15.190,200
1981-05-10,23:59:59,5.152,200
1981-07-25,23:59:59,16.434,200
1981-09-12,23:59:59,16.311,200
1982-02-03,23:59:59,16.653,200
1982-04-20,23:59:59,13.142,200
1982-04-24,23:59:59,8.103,200
1982-07-02,23:59:59,13.619,200
1984-01-24,23:59:59,15.526,200
1984-04-26,23:59:59,9.732,200
1985-02-12,23:59:59,12.963,200
1985-02-24,23:59:59,7.077,200
1985-03-07,23:59:59,8.699,200
1985-04-14,23:59:59,11.533,200
1985-12-01,23:59:59,7.856,200
1985-12-15,23:59:59,8.701,200
1986-02-28,23:59:59,17.908,200
1986-04-01,23:59:59,10.828,200
1986-06-11,23:59:59,14.887,200
1986-06-19,23:59:59,18.727,200
1987-09-26,23:59:59,14.491,200
1987-10-05,23:59:59,15.370,200
1987-12-08,23:59:59,16.783,200
1987-12-26,23:59:59,3.004,200
1989-02-12,23:59:59,17.561,200
1989-07-15,23:59:59,14.355,200
1989-10-30,23:59:59,18.742,200
1991-11-05,23:59:59,15.292,200
1992-04-02,23:59:59,14.091,200
1992-06-30,23:59:59,11.646,200
1992-08-27,23:59:59,16.177,200
1992-10-10,23:59:59,10.172,200
1992-11-14,23:59:59,18.247,200
1993-01-22,23:59:59,13.312,200
1993-04-12,23:59:59,7.140,200
1994-01-05,23:59:59,12.726,200
1994-04-21,23:59:59,7.241,200
1994-06-27,23:59:59,12.707,200
1994-09-18,23:59:59,16.121,200
1994-11-07,23:59:59,4.528,200
1995-10-11,23:59:59,22.337,200
1996-04-20,23:59:59,4.556,200
1996-12-08,23:59:59,16.172,200
1997-01-17,23:59:59,19.223,200
1997-03-13,23:59:59,9.060,200
1997-08-31,23:59:59,7.885,200
1998-11-10,23:59:59,25.600,200
1999-07-08,23:59:59,15.920,200
2000-02-01,23:59:59,11.110,200
2000-03-04,23:59:59,6.496,200
2000-03-19,23:59:59,6.447,200
2001-03-11,23:59:59,8.792,200
2002-05-23,23:59:59,7.453,200
2002-10-01,23:59:59,13.508,200
2002-11-12,23:59:59,17.279,200
2003-07-31,23:59:59,15.751,200
2004-07-27,23:59:59,24.626,200
2004-10-05,23:59:59,15.329,200
2004-12-01,23:59:59,9.530,200
2005-11-12,23:59:59,12.577,200
2005-12-18,23:59:59,5.419,200
2006-01-19,23:59:59,14.984,200
2006-04-12,23:59:59,6.525,200
2008-06-25,23:59:59,15.846,200
2008-08-06,23:59:59,26.096,200
2008-08-10,23:59:59,23.179,200
2008-10-26,23:59:59,13.261,200
2008-12-02,23:59:59,13.090,200
2010-03-06,23:59:59,7.216,200
2010-07-14,23:59:59,14.421,200
2010-12-01,23:59:59,15.904,200
2011-07-22,23:59:59,24.286,200
2012-07-01,23:59:59,22.462,200
2013-02-01,23:59:59,7.641,200
2013-04-14,23:59:59,5.010,200
2013-08-31,23:59:59,8.156,200
2014-01-05,23:59:59,11.040,200
2014-02-09,23:59:59,7.430,200
2014-07-05,23:59:59,9.605,200
2014-08-26,23:59:59,15.335,200
2014-09-24,23:59:59,8.112,200
2015-07-21,23:59:59,20.235,200
2016-03-25,23:59:59,5.764,200
2017-05-07,23:59:59,14.043,200
2017-07-03,23:59:59,14.289,200
2017-10-13,23:59:59,25.475,200
2017-11-04,23:59:59,17.786,200
2018-03-08,23:59:59,14.550,200
2018-05-03,23:59:59,9.210,200
2018-10-07,23:59:59,14.516,200
2019-07-02,23:59:59,18.102,200
2019-10-05,23:59:59,5.489,200
2019-11-17,23:59:59,10.132,200
2020-08-04,23:59:59,17.125,200
2020-08-06,23:59:59,11.415,200
2021-10-13,23:59:59,16.546,200
2021-12-20,23:59:59,24.633,200
2022-06-29,23:59:59,18.973,200
2022-07-28,23:59:59,22.259,200
2022-08-26,23:59:59,25.734,200
2022-11-01,23:59:59,25.302,200
2023-01-22,23:59:59,12.942,200
2023-07-17,23:59:59,8.815,200
2024-03-04,23:59:59,6.012,200
2024-10-02,23:59:59,14.173,200
2024-11-19,23:59:59,13.530,200
1980-04-16,23:59:59,15.583,200
1980-05-08,23:59:59,15.301,200
1982-08-27,23:59:59,8.876,200
1982-12-31,23:59:59,7.257,200
1983-03-16,23:59:59,7.571,200
1983-04-23,23:59:59,4.428,200
1984-05-04,23:59:59,15.018,200
1984-08-07,23:59:59,11.149,200
1986-03-19,23:59:59,9.977,200
1986-07-15,23:59:59,15.280,200
1988-09-17,23:59:59,9.063,200
1988-11-15,23:59:59,22.870,200
1988-12-18,23:59:59,21.282,200
1989-12-07,23:59:59,13.216,200
1989-12-22,23:59:59,9.805,200
1990-12-31,23:59:59,9.063,200
1991-04-17,23:59:59,7.610,200
1991-06-17,23:59:59,8.299,200
1991-09-02,23:59:59,16.253,200
1991-09-03,23:59:59,18.929,200
1991-11-23,23:59:59,19.368,200
1992-05-20,23:59:59,12.596,200
1993-01-04,23:59:59,13.163,200
1993-08-03,23:59:59,14.201,200
1993-08-20,23:59:59,7.533,200
1994-05-02,23:59:59,9.214,200
1994-06-08,23:59:59,7.147,200
1998-12-05,23:59:59,15.268,200
1999-10-18,23:59:59,17.922,200
2000-04-19,23:59:59,10.022,200
2000-05-27,23:59:59,8.606,200
2000-08-08,23:59:59,18.328,200
2001-01-15,23:59:59,14.536,200
2001-09-16,23:59:59,8.379,200
2001-09-28,23:59:59,9.150,200
2002-11-03,23:59:59,12.858,200
2003-03-31,23:59:59,5.729,200
2006-04-03,23:59:59,8.676,200
2006-08-03,23:59:59,16.202,200
2006-11-27,23:59:59,17.187,200
2006-12-27,23:59:59,6.001,200
2007-06-05,23:59:59,17.267,200
2007-08-27,23:59:59,22.809,200
2007-12-27,23:59:59,8.063,200
2008-01-27,23:59:59,5.400,200
2008-08-22,23:59:59,26.364,200
2009-04-25,23:59:59,10.599,200
2010-07-20,23:59:59,12.060,200
2010-10-21,23:59:59,21.447,200
2011-03-27,23:59:59,9.108,200
2011-06-11,23:59:59,13.753,200
2012-09-22,23:59:59,24.340,200
2012-10-23,23:59:59,18.186,200
2013-04-16,23:59:59,7.079,200
2013-07-09,23:59:59,17.499,200
2013-08-25,23:59:59,7.696,200
2013-11-09,23:59:59,20.885,200
2013-11-10,23:59:59,22.087,200
2013-11-21,23:59:59,12.312,200
2014-11-29,23:59:59,7.171,200
2015-06-08,23:59:59,15.512,200
2015-11-10,23:59:59,12.938,200
2016-02-04,23:59:59,11.804,200
2016-06-03,23:59:59,11.363,200
2016-08-09,23:59:59,25.350,200
2016-08-17,23:59:59,21.344,200
2016-08-27,23:59:59,14.760,200
2017-11-12,23:59:59,18.886,200
2018-03-06,23:59:59,17.962,200
2019-03-12,23:59:59,12.580,200
2019-09-14,23:59:59,11.088,200
2020-08-20,23:59:59,8.013,200
2020-11-26,23:59:59,10.209,200
2021-01-15,23:59:59,23.231,200
2021-10-16,23:59:59,5.041,200
2023-04-29,23:59:59,17.056,200
2023-09-21,23:59:59,6.953,200
2024-01-13,23:59:59,12.066,200
2024-02-16,23:59:59,17.296,200
2024-08-18,23:59:59,8.559,200
1980-06-02,23:59:59,13.709,200
1980-11-22,23:59:59,16.946,200
1981-03-06,23:59:59,15.951,200
1981-06-11,23:59:59,16.781,200
1981-06-20,23:59:59,12.388,200
1981-12-17,23:59:59,12.434,200
1983-09-02,23:59:59,9.244,200
1984-02-26,23:59:59,13.377,200
1984-04-23,23:59:59,8.530,200
1985-07-09,23:59:59,13.929,200
1985-10-07,23:59:59,11.314,200
1986-05-12,23:59:59,7.425,200
1987-01-18,23:59:59,13.235,200
1987-08-25,23:59:59,13.065,200
1987-10-23,23:59:59,10.698,200
1989-10-26,23:59:59,17.137,200
1990-04-11,23:59:59,16.480,200
1990-07-10,23:59:59,10.248,200
1991-04-07,23:59:59,13.302,200
1991-05-20,23:59:59,13.340,200
1992-06-24,23:59:59,9.948,200
1993-06-23,23:59:59,21.762,200
1994-07-22,23:59:59,22.758,200
1994-08-26,23:59:59,17.768,200
1994-08-29,23:59:59,19.986,200
1994-09-23,23:59:59,15.283,200
1995-02-18,23:59:59,9.338,200
1996-08-11,23:59:59,23.862,200
1997-09-05,23:59:59,13.528,200
1998-09-04,23:59:59,24.739,200
2001-05-21,23:59:59,12.237,200
2001-11-27,23:59:59,10.963,200
2002-07-17,23:59:59,25.274,200
2002-12-06,23:59:59,11.498,200
2003-02-11,23:59:59,19.535,200
2003-09-01,23:59:59,11.388,200
2003-10-27,23:59:59,14.820,200
2003-11-01,23:59:59,13.303,200
2005-02-27,23:59:59,9.819,200
2005-04-22,23:59:59,7.210,200
2005-06-27,23:59:59,19.919,200
2005-07-28,23:59:59,8.289,200
2006-02-24,23:59:59,9.641,200
2006-03-03,23:59:59,11.345,200
2006-12-13,23:59:59,20.608,200
2007-07-30,23:59:59,13.579,200
2008-03-03,23:59:59,8.168,200
2008-03-15,23:59:59,6.282,200
2008-10-20,23:59:59,25.913,200
2009-01-20,23:59:59,17.306,200
2009-03-05,23:59:59,10.132,200
2009-10-06,23:59:59,24.768,200
2010-01-09,23:59:59,8.806,200
2011-05-07,23:59:59,10.804,200
2011-08-05,23:59:59,23.765,200
2011-12-21,23:59:59,12.027,200
2012-06-07,23:59:59,12.904,200
2012-07-24,23:59:59,6.903,200
2013-08-21,23:59:59,13.100,200
2014-10-25,23:59:59,6.924,200
2015-06-14,23:59:59,8.392,200
2016-10-16,23:59:59,12.373,200
2017-04-26,23:59:59,25.340,200
2017-04-29,23:59:59,13.422,200
2017-08-24,23:59:59,17.102,200
2018-03-04,23:59:59,10.356,200
2018-08-09,23:59:59,16.224,200
2019-02-20,23:59:59,9.724,200
2019-04-20,23:59:59,5.154,200
2020-06-30,23:59:59,9.987,200
2021-04-02,23:59:59,6.136,200
2021-05-31,23:59:59,6.974,200
2021-09-06,23:59:59,14.024,200
2022-06-26,23:59:59,7.688,200
2023-06-13,23:59:59,20.822,200
2023-07-23,23:59:59,22.993,200
2023-10-17,23:59:59,12.191,200
2024-01-03,23:59:59,6.182,200
2024-08-13,23:59:59,16.998,200
1981-03-24,23:59:59,11.867,200
1982-03-07,23:59:59,5.341,200
1983-02-13,23:59:59,15.631,200
1983-03-22,23:59:59,8.371,200
1983-04-19,23:59:59,9.676,200
1983-11-05,23:59:59,12.520,200
1984-10-16,23:59:59,11.975,200
1985-01-22,23:59:59,13.613,200
1985-12-06,23:59:59,18.745,200
1986-01-18,23:59:59,22.683,200
1986-03-06,23:59:59,17.552,200
1986-09-23,23:59:59,23.708,200
1988-06-28,23:59:59,14.320,200
1988-12-19,23:59:59,22.393,200
1989-10-12,23:59:59,13.704,200
1990-02-23,23:59:59,19.468,200
1990-07-08,23:59:59,11.101,200
1990-08-06,23:59:59,9.989,200
1991-05-16,23:59:59,9.944,200
1991-05-24,23:59:59,13.791,200
1991-07-27,23:59:59,14.128,200
1993-02-24,23:59:59,8.258,200
1994-08-10,23:59:59,22.875,200
1994-11-03,23:59:59,23.166,200
1995-06-18,23:59:59,17.494,200
1997-06-28,23:59:59,7.959,200
1997-08-11,23:59:59,15.458,200
1997-10-05,23:59:59,7.790,200
1998-09-20,23:59:59,16.051,200
2000-07-27,23:59:59,9.980,200
2000-08-05,23:59:59,11.260,200
2000-11-04,23:59:59,13.869,200
2001-01-18,23:59:59,14.102,200
2001-04-14,23:59:59,6.345,200
2002-06-20,23:59:59,12.520,200
2003-04-16,23:59:59,12.458,200
2003-05-25,23:59:59,4.595,200
2003-09-10,23:59:59,16.975,200
2003-11-23,23:59:59,10.431,200
2004-06-25,23:59:59,25.983,200
2004-12-12,23:59:59,11.331,200
2005-08-26,23:59:59,8.368,200
2006-04-24,23:59:59,8.735,200
2006-11-04,23:59:59,12.308,200
2007-02-20,23:59:59,19.284,200
2007-07-28,23:59:59,8.785,200
2007-09-26,23:59:59,13.635,200
2007-10-31,23:59:59,16.550,200
2008-03-10,23:59:59,10.804,200
2008-07-06,23:59:59,12.903,200
2008-11-17,23:59:59,14.166,200
2008-11-26,23:59:59,10.941,200
2011-03-30,23:59:59,17.920,200
2012-05-16,23:59:59,7.301,200
2012-09-21,23:59:59,16.046,200
2013-08-24,23:59:59,7.466,200
2014-06-12,23:59:59,10.161,200
2014-06-16,23:59:59,16.095,200
2014-11-15,23:59:59,5.275,200
2014-11-27,23:59:59,11.571,200
2016-08-25,23:59:59,21.543,200
2017-09-06,23:59:59,19.052,200
2018-07-11,23:59:59,18.457,200
2019-07-27,23:59:59,12.493,200
2019-10-28,23:59:59,9.098,200
2020-02-22,23:59:59,4.618,200
2020-11-15,23:59:59,3.626,200
2021-02-17,23:59:59,8.182,200
2023-01-01,23:59:59,7.446,200
2024-05-22,23:59:59,5.460,200
2024-05-23,23:59:59,10.876,200
2024-07-15,23:59:59,13.327,200
2024-07-31,23:59:59,14.395,200
2024-09-04,23:59:59,5.859,200
2024-12-06,23:59:59,9.953,200
2024-12-12,23:59:59,18.189,200
1980-01-16,23:59:59,14.790,200
1981-09-26,23:59:59,13.488,200
1982-01-18,23:59:59,17.262,200
1982-11-22,23:59:59,15.808,200
1984-03-19,23:59:59,14.299,200
1984-08-26,23:59:59,6.801,200
1985-02-20,23:59:59,15.525,200
1985-09-17,23:59:59,19.604,200
1986-01-19,23:59:59,19.899,200
1986-06-13,23:59:59,14.914,200
1986-12-06,23:59:59,14.742,200
1987-01-29,23:59:59,5.107,200
1987-05-23,23:59:59,14.416,200
1990-06-19,23:59:59,14.725,200
1990-12-18,23:59:59,7.114,200
1991-10-17,23:59:59,21.784,200
1992-09-19,23:59:59,22.805,200
1992-10-11,23:59:59,11.071,200
1992-12-18,23:59:59,20.565,200
1993-12-18,23:59:59,10.678,200
1993-12-23,23:59:59,4.649,200
1994-01-26,23:59:59,16.282,200
1994-02-27,23:59:59,10.488,200
1994-03-13,23:59:59,4.811,200
1996-07-25,23:59:59,15.825,200
1996-10-01,23:59:59,24.500,200
1996-12-02,23:59:59,18.849,200
1997-03-30,23:59:59,4.302,200
1997-08-23,23:59:59,11.961,200
1997-10-07,23:59:59,12.177,200
1997-12-25,23:59:59,6.910,200
1998-05-02,23:59:59,9.554,200
1998-05-14,23:59:59,7.630,200
1998-06-20,23:59:59,11.000,200
1999-03-18,23:59:59,8.288,200
2000-02-28,23:59:59,14.096,200
2000-04-03,23:59:59,7.060,200
2001-07-19,23:59:59,10.193,200
2001-12-17,23:59:59,17.648,200
2003-03-27,23:59:59,9.749,200
2003-05-27,23:59:59,6.934,200
2003-06-28,23:59:59,5.700,200
2003-08-21,23:59:59,17.966,200
2004-04-06,23:59:59,20.235,200
2005-05-25,23:59:59,7.221,200
2005-06-06,23:59:59,11.824,200
2005-09-05,23:59:59,9.400,200
2006-01-31,23:59:59,13.130,200
2007-02-25,23:59:59,7.727,200
2007-10-25,23:59:59,10.777,200
2008-02-19,23:59:59,11.607,200
2008-05-16,23:59:59,9.913,200
2008-09-13,23:59:59,26.125,200
2009-01-06,23:59:59,5.414,200
2009-01-12,23:59:59,15.249,200
2009-07-24,23:59:59,8.325,200
2009-10-26,23:59:59,20.471,200
2010-01-07,23:59:59,14.156,200
2010-11-26,23:59:59,12.854,200
2010-12-31,23:59:59,8.044,200
2011-06-04,23:59:59,17.937,200
2012-11-15,23:59:59,18.122,200
2013-07-31,23:59:59,6.391,200
2014-01-02,23:59:59,6.630,200
2014-02-04,23:59:59,17.714,200
2014-03-30,23:59:59,7.363,200
2014-05-31,23:59:59,10.557,200
2014-09-07,23:59:59,8.152,200
2015-04-07,23:59:59,11.237,200
2015-09-19,23:59:59,11.355,200
2015-12-06,23:59:59,9.728,200
2016-04-05,23:59:59,9.744,200
2016-06-19,23:59:59,9.605,200
2016-12-25,23:59:59,6.983,200
2017-02-28,23:59:59,19.794,200
2017-04-06,23:59:59,7.023,200
2018-01-02,23:59:59,5.661,200
2018-12-06,23:59:59,8.951,200
2019-09-18,23:59:59,14.697,200
2019-12-18,23:59:59,5.192,200
2021-11-15,23:59:59,7.206,200
2021-12-18,23:59:59,24.843,200
2022-07-30,23:59:59,24.903,200
2022-11-05,23:59:59,14.356,200
2023-07-01,23:59:59,8.868,200
2023-08-30,23:59:59,14.046,200
2024-03-18,23:59:59,12.363,200
1981-04-12,23:59:59,7.942,200
1981-08-09,23:59:59,6.765,200
1981-08-18,23:59:59,15.816,200
1981-11-02,23:59:59,18.947,200
1982-04-15,23:59:59,16.235,200
1983-02-01,23:59:59,13.681,200
1983-06-05,23:59:59,12.917,200
1983-08-11,23:59:59,11.031,200
1984-02-23,23:59:59,3.475,200
1984-12-06,23:59:59,12.251,200
1985-03-24,23:59:59,10.797,200
1985-06-09,23:59:59,6.740,200
1985-06-28,23:59:59,7.179,200
1987-04-01,23:59:59,16.190,200
1987-07-07,23:59:59,16.855,200
1988-03-20,23:59:59,4.792,200
1989-02-11,23:59:59,19.619,200
1989-07-07,23:59:59,19.831,200
1990-03-18,23:59:59,5.648,200
1992-05-13,23:59:59,12.376,200
1995-02-20,23:59:59,13.564,200
1996-06-04,23:59:59,18.735,200
1997-08-01,23:59:59,20.574,200
1998-03-01,23:59:59,12.154,200
1999-06-07,23:59:59,19.462,200
1999-08-16,23:59:59,12.025,200
2000-04-01,23:59:59,6.976,200
2001-02-08,23:59:59,13.892,200
2001-11-11,23:59:59,4.026,200
2002-08-19,23:59:59,22.055,200
2003-09-24,23:59:59,12.093,200
2003-11-24,23:59:59,10.700,200
2004-06-22,23:59:59,25.264,200
2004-08-22,23:59:59,19.639,200
2004-10-23,23:59:59,10.440,200
2005-05-02,23:59:59,8.972,200
2005-05-29,23:59:59,5.391,200
2005-07-25,23:59:59,8.307,200
2005-09-29,23:59:59,11.220,200
2006-01-13,23:59:59,6.137,200
2006-03-22,23:59:59,15.563,200
2007-02-09,23:59:59,19.418,200
2007-04-14,23:59:59,5.991,200
2008-06-08,23:59:59,6.376,200
2008-09-10,23:59:59,25.768,200
2009-05-08,23:59:59,11.366,200
2010-02-24,23:59:59,20.878,200
2010-04-18,23:59:59,11.779,200
2010-06-30,23:59:59,17.538,200
2010-08-08,23:59:59,11.562,200
2011-04-17,23:59:59,7.254,200
2012-02-07,23:59:59,14.249,200
2012-12-05,23:59:59,15.544,200
2013-10-17,23:59:59,11.131,200
2015-12-10,23:59:59,12.841,200
2016-03-26,23:59:59,5.775,200
2016-09-10,23:59:59,15.166,200
2017-01-23,23:59:59,13.418,200
2017-02-22,23:59:59,13.478,200
2017-08-27,23:59:59,12.824,200
2017-12-20,23:59:59,13.862,200
2019-10-02,23:59:59,15.889,200
2020-07-22,23:59:59,9.859,200
2020-10-31,23:59:59,3.619,200
2021-02-25,23:59:59,14.111,200
2022-03-01,23:59:59,13.565,200
2022-07-21,23:59:59,24.822,200
2024-01-18,23:59:59,21.165,200
2024-05-29,23:59:59,16.875,200
2024-06-10,23:59:59,6.050,200
2024-11-05,23:59:59,11.390,200
1980-01-07,23:59:59,18.893,200
1980-07-22,23:59:59,18.076,200
1980-10-09,23:59:59,18.830,200
1981-05-18,23:59:59,15.654,200
1981-07-22,23:59:59,19.271,200
1982-12-30,23:59:59,12.179,200
1984-06-16,23:59:59,16.732,200
1984-12-08,23:59:59,8.806,200
1984-12-21,23:59:59,12.245,200
1985-01-09,23:59:59,16.053,200
1987-07-10,23:59:59,16.654,200
1989-11-28,23:59:59,13.470,200
1989-12-21,23:59:59,7.446,200
1990-04-10,23:59:59,17.645,200
1990-09-24,23:59:59,20.189,200
1990-11-18,23:59:59,5.036,200
1991-06-12,23:59:59,9.020,200
1992-06-16,23:59:59,9.960,200
1993-04-06,23:59:59,7.000,200
1993-07-04,23:59:59,21.350,200
1993-12-06,23:59:59,5.585,200
1994-02-24,23:59:59,11.487,200
1994-07-02,23:59:59,23.571,200
1995-01-07,23:59:59,15.501,200
1996-11-24,23:59:59,10.544,200
1997-05-29,23:59:59,7.998,200
1998-03-21,23:59:59,10.279,200
1999-06-02,23:59:59,19.671,200
1999-08-20,23:59:59,9.975,200
1999-11-13,23:59:59,6.682,200
2000-04-15,23:59:59,6.617,200
2000-09-22,23:59:59,12.686,200
2001-02-05,23:59:59,13.638,200
2001-08-11,23:59:59,5.382,200
2001-12-24,23:59:59,12.917,200
2002-02-22,23:59:59,16.928,200
2002-03-29,23:59:59,7.516,200
2002-05-25,23:59:59,6.739,200
2003-04-07,23:59:59,7.635,200
2003-05-03,23:59:59,6.597,200
2003-09-20,23:59:59,5.378,200
2004-01-02,23:59:59,14.606,200
2004-08-05,23:59:59,24.341,200
2004-09-26,23:59:59,10.078,200
2005-01-16,23:59:59,10.233,200
2005-03-26,23:59:59,4.983,200
2006-08-24,23:59:59,20.467,200
2007-06-09,23:59:59,5.411,200
2008-01-14,23:59:59,12.721,200
2008-06-04,23:59:59,14.103,200
2008-12-20,23:59:59,7.385,200
2010-08-28,23:59:59,7.178,200
2011-11-15,23:59:59,7.067,200
2012-02-29,23:59:59,10.982,200
2012-06-13,23:59:59,21.845,200
2012-10-21,23:59:59,6.263,200
2012-11-09,23:59:59,23.511,200
2013-01-29,23:59:59,15.968,200
2013-05-02,23:59:59,11.553,200
2013-08-20,23:59:59,13.511,200
2013-11-29,23:59:59,12.599,200
2014-03-21,23:59:59,11.789,200
2014-11-28,23:59:59,8.998,200
2014-12-17,23:59:59,6.633,200
2015-07-14,23:59:59,22.561,200
2015-08-29,23:59:59,16.771,200
2016-01-16,23:59:59,9.220,200
2016-02-22,23:59:59,9.687,200
2016-06-09,23:59:59,11.769,200
2016-09-26,23:59:59,25.797,200
2017-04-27,23:59:59,21.799,200
2017-09-18,23:59:59,25.373,200
2020-03-01,23:59:59,11.587,200
2020-06-27,23:59:59,4.180,200
2021-01-22,23:59:59,10.992,200
2021-02-19,23:59:59,10.500,200
2022-12-25,23:59:59,26.233,200
2023-02-07,23:59:59,26.291,200
2023-06-05,23:59:59,24.428,200
2023-07-27,23:59:59,22.610,200
2023-12-13,23:59:59,10.741,200
2024-01-15,23:59:59,15.683,200
2024-04-30,23:59:59,14.049,200
1980-03-22,23:59:59,15.082,200
1980-05-30,23:59:59,15.189,200
1980-11-29,23:59:59,17.905,200
1981-04-07,23:59:59,15.272,200
1981-04-19,23:59:59,4.518,200
1981-09-04,23:59:59,18.932,200
1981-11-19,23:59:59,16.219,200
1982-08-11,23:59:59,16.197,200
1982-08-12,23:59:59,14.844,200
1982-09-23,23:59:59,4.570,200
1983-01-13,23:59:59,13.402,200
1983-02-06,23:59:59,13.246,200
1983-08-23,23:59:59,15.662,200
1983-09-20,23:59:59,12.509,200
1984-04-06,23:59:59,16.820,200
1985-01-13,23:59:59,3.589,200
1985-02-27,23:59:59,14.747,200
1986-05-20,23:59:59,7.693,200
1987-05-06,23:59:59,17.065,200
1987-07-03,23:59:59,12.551,200
1988-04-07,23:59:59,12.466,200
1988-09-19,23:59:59,20.701,200
1989-06-10,23:59:59,15.483,200
1990-02-10,23:59:59,21.750,200
1990-02-11,23:59:59,21.636,200
1993-02-03,23:59:59,11.373,200
1993-05-20,23:59:59,15.621,200
1993-07-03,23:59:59,21.446,200
1993-07-30,23:59:59,12.208,200
1994-06-03,23:59:59,7.249,200
1995-03-14,23:59:59,8.079,200
1995-03-24,23:59:59,7.671,200
1995-08-04,23:59:59,21.795,200
1996-06-11,23:59:59,19.132,200
1996-08-08,23:59:59,22.983,200
1997-12-06,23:59:59,12.835,200
1998-06-12,23:59:59,16.389,200
1999-03-04,23:59:59,10.135,200
1999-05-15,23:59:59,8.922,200
2000-09-20,23:59:59,11.598,200
2001-08-18,23:59:59,4.758,200
2002-03-03,23:59:59,7.241,200
2002-05-21,23:59:59,10.930,200
2002-10-28,23:59:59,10.549,200
2003-09-03,23:59:59,11.539,200
2003-10-24,23:59:59,10.808,200
2004-01-09,23:59:59,19.118,200
2004-12-15,23:59:59,17.135,200
2005-08-29,23:59:59,10.408,200
2005-10-21,23:59:59,21.094,200
2006-05-12,23:59:59,17.220,200
2006-10-04,23:59:59,17.902,200
2006-12-01,23:59:59,15.581,200
2006-12-28,23:59:59,6.144,200
2007-04-10,23:59:59,9.870,200
2007-11-23,23:59:59,6.351,200
2008-01-11,23:59:59,10.780,200
2008-05-31,23:59:59,7.124,200
2009-07-07,23:59:59,13.153,200
2009-11-27,23:59:59,7.533,200
2010-02-05,23:59:59,18.736,200
2011-05-17,23:59:59,16.413,200
2011-09-05,23:59:59,19.583,200
2012-02-09,23:59:59,13.127,200
2012-05-02,23:59:59,15.290,200
2012-07-10,23:59:59,21.658,200
2012-08-13,23:59:59,8.488,200
2012-09-02,23:59:59,22.779,200
2013-01-14,23:59:59,13.925,200
2013-02-03,23:59:59,6.823,200
2013-06-18,23:59:59,10.281,200
2014-04-22,23:59:59,6.706,200
2014-12-16,23:59:59,8.303,200
2016-01-03,23:59:59,7.598,200
2016-05-11,23:59:59,9.332,200
2016-08-18,23:59:59,21.328,200
2016-10-07,23:59:59,26.058,200
2018-02-01,23:59:59,18.025,200
2019-06-24,23:59:59,13.927,200
2019-09-07,23:59:59,16.944,200
2020-06-13,23:59:59,6.045,200
2020-10-26,23:59:59,4.508,200
2021-05-17,23:59:59,9.943,200
2021-06-07,23:59:59,8.115,200
2021-08-02,23:59:59,15.752,200
2023-02-17,23:59:59,12.225,200
2023-07-08,23:59:59,16.481,200
2023-07-12,23:59:59,17.270,200
2024-08-20,23:59:59,16.378,200
2024-09-03,23:59:59,4.606,200
2024-10-04,23:59:59,12.152,200
1980-09-21,23:59:59,15.474,200
1980-11-01,23:59:59,14.019,200
1980-11-23,23:59:59,16.548,200
1981-01-29,23:59:59,19.186,200
1982-01-26,23:59:59,18.677,200
1982-02-07,23:59:59,3.545,200
1983-01-20,23:59:59,14.190,200
1983-02-25,23:59:59,9.556,200
1983-08-28,23:59:59,6.056,200
1983-08-30,23:59:59,17.770,200
1983-09-10,23:59:59,5.557,200
1984-05-18,23:59:59,13.686,200
1985-06-05,23:59:59,9.334,200
1985-11-16,23:59:59,14.925,200
1985-12-10,23:59:59,18.082,200
1986-12-25,23:59:59,6.494,200
1987-04-14,23:59:59,16.089,200
1987-05-16,23:59:59,12.000,200
1987-11-13,23:59:59,19.492,200
1987-11-20,23:59:59,12.918,200
1987-11-26,23:59:59,14.059,200
1988-04-23,23:59:59,11.968,200
1988-05-07,23:59:59,6.065,200
1988-05-11,23:59:59,5.807,200
1988-07-22,23:59:59,18.447,200
1990-08-22,23:59:59,22.900,200
1992-03-19,23:59:59,17.005,200
1992-05-15,23:59:59,12.017,200
1995-04-10,23:59:59,17.043,200
1995-04-17,23:59:59,21.324,200
1995-08-28,23:59:59,23.287,200
1996-03-06,23:59:59,21.347,200
1996-12-31,23:59:59,14.678,200
1997-02-11,23:59:59,10.172,200
1997-02-14,23:59:59,13.231,200
1997-05-04,23:59:59,9.619,200
1999-04-25,23:59:59,6.860,200
1999-12-01,23:59:59,14.704,200
2002-01-03,23:59:59,16.479,200
2002-01-25,23:59:59,17.930,200
2002-01-27,23:59:59,8.838,200
2002-07-19,23:59:59,25.003,200
2002-12-14,23:59:59,7.109,200
2003-06-25,23:59:59,10.386,200
2003-10-21,23:59:59,12.070,200
2004-05-12,23:59:59,12.167,200
2004-11-01,23:59:59,23.797,200
2006-07-28,23:59:59,18.730,200
2007-09-04,23:59:59,20.135,200
2007-10-04,23:59:59,19.584,200
2007-12-23,23:59:59,4.701,200
2008-02-20,23:59:59,11.521,200
2008-06-13,23:59:59,7.528,200
2008-08-15,23:59:59,26.181,200
2009-01-08,23:59:59,10.335,200
2009-03-01,23:59:59,10.695,200
2009-03-16,23:59:59,14.485,200
2009-11-14,23:59:59,15.081,200
2009-12-11,23:59:59,13.182,200
2010-06-20,23:59:59,7.492,200
2011-01-29,23:59:59,27.326,200
2011-02-19,23:59:59,8.784,200
2011-10-18,23:59:59,14.046,200
2012-02-26,23:59:59,11.071,200
2013-01-24,23:59:59,12.468,200
2013-03-08,23:59:59,12.812,200
2014-03-24,23:59:59,7.021,200
2014-05-21,23:59:59,9.731,200
2014-08-15,23:59:59,17.866,200
2015-05-10,23:59:59,6.559,200
2015-07-30,23:59:59,17.808,200
2015-08-05,23:59:59,15.621,200
2015-08-12,23:59:59,25.442,200
2016-05-30,23:59:59,9.004,200
2016-12-18,23:59:59,6.990,200
2017-03-01,23:59:59,18.744,200
2020-04-12,23:59:59,5.583,200
2020-10-04,23:59:59,3.413,200
2020-12-09,23:59:59,24.022,200
2021-01-27,23:59:59,17.825,200
2021-05-02,23:59:59,8.379,200
2021-05-04,23:59:59,10.858,200
2021-06-23,23:59:59,11.205,200
2022-01-30,23:59:59,7.531,200
2022-11-28,23:59:59,26.243,200
2023-02-24,23:59:59,6.862,200
2023-05-28,23:59:59,24.721,200
2023-06-19,23:59:59,12.345,200
2024-01-08,23:59:59,14.843,200
2024-01-22,23:59:59,17.960,200
2024-03-17,23:59:59,7.210,200
1980-10-03,23:59:59,17.669,200
1981-01-04,23:59:59,9.775,200
1982-01-21,23:59:59,18.294,200
1982-08-09,23:59:59,15.469,200
1983-08-05,23:59:59,7.490,200
1983-11-07,23:59:59,18.502,200
1984-02-16,23:59:59,10.594,200
1984-10-02,23:59:59,23.335,200
1985-03-26,23:59:59,13.552,200
1985-05-07,23:59:59,13.321,200
1985-09-04,23:59:59,5.617,200
1986-01-04,23:59:59,17.251,200
1986-02-21,23:59:59,15.487,200
1986-11-21,23:59:59,16.320,200
1988-08-14,23:59:59,17.726,200
1989-02-17,23:59:59,21.707,200
1989-05-14,23:59:59,9.365,200
1990-06-06,23:59:59,20.693,200
1990-09-30,23:59:59,21.408,200
1991-01-16,23:59:59,14.664,200
1991-03-05,23:59:59,12.323,200
1991-07-22,23:59:59,8.988,200
1992-10-04,23:59:59,21.865,200
1993-03-18,23:59:59,12.481,200
1993-10-04,23:59:59,9.132,200
1994-04-04,23:59:59,4.157,200
1994-04-28,23:59:59,7.472,200
1994-10-02,23:59:59,20.413,200
1994-11-14,23:59:59,24.777,200
1996-01-11,23:59:59,22.217,200
1996-07-21,23:59:59,4.603,200
1996-08-01,23:59:59,19.627,200
1997-07-21,23:59:59,21.900,200
1997-11-16,23:59:59,9.275,200
1997-11-19,23:59:59,12.755,200
1998-03-24,23:59:59,15.826,200
1998-10-08,23:59:59,17.097,200
1999-01-02,23:59:59,7.901,200
1999-02-04,23:59:59,16.374,200
2002-02-07,23:59:59,17.652,200
2002-07-11,23:59:59,22.636,200
2002-12-03,23:59:59,10.082,200
2003-01-05,23:59:59,11.404,200
2003-12-14,23:59:59,10.586,200
2004-06-29,23:59:59,25.857,200
2004-11-26,23:59:59,12.321,200
2005-05-03,23:59:59,10.266,200
2006-02-19,23:59:59,7.884,200
2006-10-14,23:59:59,10.683,200
2006-10-22,23:59:59,8.482,200
2007-11-13,23:59:59,12.323,200
2008-03-02,23:59:59,6.016,200
2008-07-17,23:59:59,17.378,200
2008-10-28,23:59:59,25.815,200
2009-09-26,23:59:59,6.888,200
2010-02-02,23:59:59,15.090,200
2010-05-15,23:59:59,5.662,200
2010-07-16,23:59:59,19.939,200
2011-12-20,23:59:59,12.664,200
2013-02-04,23:59:59,11.419,200
2013-09-15,23:59:59,8.038,200
2014-04-26,23:59:59,4.975,200
2015-01-07,23:59:59,14.941,200
2015-06-11,23:59:59,10.345,200
2016-10-01,23:59:59,25.787,200
2017-02-14,23:59:59,13.127,200
2018-03-02,23:59:59,17.979,200
2018-07-03,23:59:59,17.466,200
2018-09-21,23:59:59,16.907,200
2019-01-24,23:59:59,10.450,200
2019-02-25,23:59:59,13.661,200
2019-03-20,23:59:59,11.195,200
2019-04-01,23:59:59,10.970,200
2019-07-12,23:59:59,13.720,200
2020-06-07,23:59:59,9.436,200
2021-04-21,23:59:59,9.783,200
2021-10-06,23:59:59,13.272,200
2022-01-11,23:59:59,16.106,200
2022-07-19,23:59:59,24.764,200
2022-10-10,23:59:59,25.694,200
2023-05-31,23:59:59,24.756,200
2024-08-09,23:59:59,9.580,200
2024-12-22,23:59:59,4.382,200
1980-08-14,23:59:59,17.376,200
1982-03-11,23:59:59,15.014,200
1982-05-08,23:59:59,11.566,200
1982-05-20,23:59:59,16.229,200
1982-09-15,23:59:59,8.652,200
1982-09-26,23:59:59,10.504,200
1983-06-10,23:59:59,10.257,200
1983-08-17,23:59:59,14.390,200
1984-03-02,23:59:59,3.552,200
1984-08-20,23:59:59,13.554,200
1984-08-29,23:59:59,14.754,200
1985-03-09,23:59:59,10.536,200
1986-03-31,23:59:59,12.185,200
1986-06-04,23:59:59,17.257,200
1986-10-18,23:59:59,16.858,200
1987-01-30,23:59:59,6.170,200
1987-04-23,23:59:59,7.557,200
1987-06-17,23:59:59,14.873,200
1987-09-03,23:59:59,14.772,200
1988-07-07,23:59:59,11.659,200
1991-04-11,23:59:59,16.445,200
1991-08-16,23:59:59,15.645,200
1992-03-26,23:59:59,12.631,200
1992-10-05,23:59:59,21.765,200
1992-12-30,23:59:59,21.918,200
1993-07-06,23:59:59,21.221,200
1993-12-08,23:59:59,5.693,200
1995-02-16,23:59:59,18.524,200
1995-05-11,23:59:59,22.248,200
1996-03-18,23:59:59,19.798,200
1996-09-03,23:59:59,21.468,200
1996-12-05,23:59:59,15.050,200
1997-01-18,23:59:59,17.462,200
1997-04-05,23:59:59,6.780,200
1997-12-16,23:59:59,17.316,200
1998-01-15,23:59:59,10.303,200
1998-10-11,23:59:59,12.133,200
1998-12-04,23:59:59,18.539,200
1999-09-03,23:59:59,12.070,200
2000-08-14,23:59:59,16.036,200
2000-09-18,23:59:59,14.407,200
2000-11-07,23:59:59,17.318,200
2001-04-17,23:59:59,15.997,200
2001-05-29,23:59:59,18.430,200
2001-06-23,23:59:59,8.716,200
2002-12-10,23:59:59,8.062,200
2003-01-04,23:59:59,7.304,200
2003-02-15,23:59:59,9.591,200
2003-04-26,23:59:59,4.739,200
2003-08-12,23:59:59,16.422,200
2003-09-12,23:59:59,16.154,200
2004-03-15,23:59:59,11.243,200
2005-06-20,23:59:59,16.101,200
2006-02-23,23:59:59,12.954,200
2006-03-25,23:59:59,7.121,200
2006-05-19,23:59:59,18.049,200
2006-08-26,23:59:59,15.839,200
2006-12-30,23:59:59,5.419,200
2007-03-04,23:59:59,8.766,200
2007-04-21,23:59:59,5.626,200
2007-04-22,23:59:59,5.947,200
2007-06-20,23:59:59,19.647,200
2007-07-08,23:59:59,17.949,200
2008-04-21,23:59:59,7.369,200
2009-04-26,23:59:59,11.063,200
2010-03-31,23:59:59,14.108,200
2010-04-03,23:59:59,8.447,200
2010-05-29,23:59:59,8.198,200
2010-07-21,23:59:59,14.423,200
2010-09-14,23:59:59,26.669,200
2011-11-22,23:59:59,12.566,200
2012-10-18,23:59:59,13.179,200
2013-04-11,23:59:59,6.909,200
2013-05-22,23:59:59,9.539,200
2013-07-30,23:59:59,10.302,200
2014-02-26,23:59:59,12.384,200
2014-06-25,23:59:59,16.083,200
2015-01-28,23:59:59,8.725,200
2015-05-08,23:59:59,6.725,200
2015-06-07,23:59:59,10.850,200
2015-11-03,23:59:59,12.990,200
2016-05-01,23:59:59,9.339,200
2017-01-21,23:59:59,9.274,200
2017-06-03,23:59:59,13.688,200
2017-11-24,23:59:59,20.639,200
2017-12-30,23:59:59,8.600,200
2018-02-03,23:59:59,6.699,200
2018-09-03,23:59:59,24.124,200
2019-06-13,23:59:59,8.461,200
2019-06-16,23:59:59,8.551,200
2020-05-21,23:59:59,16.854,200
2021-08-09,23:59:59,16.866,200
2022-02-28,23:59:59,13.563,200
2022-11-25,23:59:59,26.227,200
2024-07-01,23:59:59,11.678,200
2024-12-20,23:59:59,10.856,200
1980-05-03,23:59:59,11.202,200
1980-11-11,23:59:59,14.345,200
1980-11-27,23:59:59,16.156,200
1981-02-21,23:59:59,10.925,200
1982-05-06,23:59:59,18.156,200
1984-04-27,23:59:59,6.578,200
1984-06-20,23:59:59,20.872,200
1984-09-05,23:59:59,11.954,200
1985-02-19,23:59:59,11.953,200
1985-03-19,23:59:59,10.445,200
1985-04-20,23:59:59,7.972,200
1985-11-13,23:59:59,18.694,200
1987-01-22,23:59:59,6.724,200
1987-05-13,23:59:59,15.884,200
1988-03-30,23:59:59,12.052,200
1988-06-07,23:59:59,12.629,200
1988-06-21,23:59:59,15.787,200
1989-01-09,23:59:59,21.561,200
1989-12-15,23:59:59,17.569,200
1989-12-18,23:59:59,16.061,200
1990-03-03,23:59:59,17.855,200
1991-01-20,23:59:59,12.986,200
1992-08-17,23:59:59,23.348,200
1993-05-16,23:59:59,4.964,200
1993-11-28,23:59:59,5.563,200
1994-09-07,23:59:59,18.530,200
1995-01-13,23:59:59,14.909,200
1995-11-12,23:59:59,13.013,200
1995-12-08,23:59:59,19.755,200
1996-03-04,23:59:59,21.668,200
1997-10-14,23:59:59,15.220,200
1999-01-20,23:59:59,12.376,200
2000-05-26,23:59:59,12.195,200
2002-04-16,23:59:59,13.416,200
2002-05-17,23:59:59,6.108,200
2002-12-23,23:59:59,7.481,200
2003-06-22,23:59:59,8.828,200
2003-07-08,23:59:59,17.624,200
2004-12-23,23:59:59,11.199,200
2007-07-04,23:59:59,9.988,200
2008-01-23,23:59:59,15.496,200
2008-08-04,23:59:59,10.850,200
2009-02-05,23:59:59,11.483,200
2009-05-25,23:59:59,10.863,200
2009-08-30,23:59:59,5.146,200
2009-11-20,23:59:59,14.039,200
2010-02-15,23:59:59,18.246,200
2010-02-23,23:59:59,18.668,200
2010-09-04,23:59:59,10.265,200
2011-04-20,23:59:59,18.532,200
2011-11-25,23:59:59,10.164,200
2012-01-09,23:59:59,20.476,200
2012-03-07,23:59:59,15.278,200
2013-05-31,23:59:59,14.358,200
2014-02-03,23:59:59,19.187,200
2014-04-25,23:59:59,5.325,200
2015-11-02,23:59:59,12.304,200
2016-08-13,23:59:59,12.658,200
2016-10-08,23:59:59,25.749,200
2016-10-13,23:59:59,14.898,200
2017-01-13,23:59:59,21.230,200
2017-02-23,23:59:59,18.749,200
2017-12-21,23:59:59,11.589,200
2018-02-21,23:59:59,17.876,200
2019-05-19,23:59:59,6.028,200
2019-06-28,23:59:59,18.399,200
2019-09-15,23:59:59,11.603,200
2020-01-17,23:59:59,11.910,200
2021-02-15,23:59:59,17.469,200
2021-09-29,23:59:59,13.657,200
2022-03-11,23:59:59,15.556,200
2023-04-23,23:59:59,9.837,200
2023-11-04,23:59:59,8.534,200
2024-05-05,23:59:59,18.775,200
2024-12-29,23:59:59,8.326,200
1980-02-07,23:59:59,18.421,200
1981-08-03,23:59:59,15.342,200
1981-09-29,23:59:59,19.597,200
1982-01-20,23:59:59,18.360,200
1982-08-05,23:59:59,10.978,200
1982-08-15,23:59:59,3.973,200
1982-09-11,23:59:59,3.144,200
1984-09-09,23:59:59,7.352,200
1985-03-08,23:59:59,10.591,200
1985-04-17,23:59:59,14.931,200
1985-04-30,23:59:59,12.811,200
1985-07-22,23:59:59,13.214,200
1985-08-09,23:59:59,7.655,200
1985-08-20,23:59:59,12.275,200
1985-10-15,23:59:59,16.688,200
1986-09-29,23:59:59,23.396,200
1986-10-07,23:59:59,21.039,200
1986-11-09,23:59:59,19.312,200
1987-02-16,23:59:59,8.105,200
1987-05-04,23:59:59,14.473,200
1987-11-21,23:59:59,7.669,200
1987-12-12,23:59:59,17.766,200
1988-01-29,23:59:59,13.797,200
1988-02-01,23:59:59,14.613,200
1988-03-16,23:59:59,12.420,200
1988-07-28,23:59:59,17.012,200
1989-12-25,23:59:59,7.342,200
1990-01-11,23:59:59,16.896,200
1990-08-03,23:59:59,16.307,200
1990-12-27,23:59:59,9.764,200
1992-09-28,23:59:59,22.252,200
1993-12-21,23:59:59,12.349,200
1994-02-18,23:59:59,9.459,200
1994-06-12,23:59:59,4.397,200
1994-08-09,23:59:59,24.512,200
1994-11-24,23:59:59,24.661,200
1995-02-17,23:59:59,15.508,200
1995-07-11,23:59:59,22.336,200
1997-05-08,23:59:59,9.220,200
1997-07-05,23:59:59,7.419,200
1997-07-22,23:59:59,22.057,200
1998-06-04,23:59:59,11.753,200
1999-01-19,23:59:59,13.873,200
1999-05-14,23:59:59,8.886,200
1999-07-15,23:59:59,12.651,200
1999-09-08,23:59:59,18.024,200
2000-01-09,23:59:59,6.994,200
2000-12-04,23:59:59,20.950,200
2001-07-18,23:59:59,6.761,200
2001-12-29,23:59:59,25.222,200
2002-05-10,23:59:59,6.960,200
2002-07-22,23:59:59,24.651,200
2002-08-01,23:59:59,19.088,200
2003-05-18,23:59:59,5.870,200
2003-08-19,23:59:59,15.711,200
2004-10-25,23:59:59,15.018,200
2005-05-23,23:59:59,8.099,200
2006-10-12,23:59:59,23.837,200
2006-10-24,23:59:59,18.971,200
2007-08-30,23:59:59,19.786,200
2008-02-04,23:59:59,17.238,200
2008-03-12,23:59:59,11.588,200
2008-03-26,23:59:59,8.782,200
2008-05-28,23:59:59,16.418,200
2008-10-09,23:59:59,16.593,200
2008-10-27,23:59:59,17.557,200
2009-02-27,23:59:59,8.991,200
2009-05-22,23:59:59,14.140,200
2009-11-22,23:59:59,9.540,200
2010-01-21,23:59:59,13.246,200
2010-03-29,23:59:59,10.971,200
2010-08-06,23:59:59,5.220,200
2010-12-27,23:59:59,6.703,200
2011-01-27,23:59:59,26.799,200
2011-02-18,23:59:59,12.177,200
2011-10-27,23:59:59,12.374,200
2014-03-01,23:59:59,7.725,200
2014-04-10,23:59:59,6.619,200
2014-04-21,23:59:59,6.729,200
2015-02-02,23:59:59,8.073,200
2015-05-07,23:59:59,6.906,200
2016-03-04,23:59:59,9.840,200
2016-04-13,23:59:59,9.254,200
2017-06-11,23:59:59,13.627,200
2017-09-11,23:59:59,25.375,200
2017-09-25,23:59:59,25.193,200
2019-05-20,23:59:59,9.764,200
2019-07-25,23:59:59,16.386,200
2020-02-04,23:59:59,13.561,200
2020-05-15,23:59:59,5.874,200
2020-09-14,23:59:59,10.465,200
2021-06-14,23:59:59,7.280,200
2021-09-21,23:59:59,6.528,200
2022-07-24,23:59:59,24.550,200
2022-07-25,23:59:59,24.506,200
2023-08-24,23:59:59,21.110,200
2024-08-31,23:59:59,4.507,200
1980-02-06,23:59:59,15.756,200
1981-12-23,23:59:59,6.897,200
1982-03-27,23:59:59,9.520,200
1985-05-17,23:59:59,17.990,200
1985-10-26,23:59:59,7.901,200
1987-10-27,23:59:59,13.095,200
1988-10-09,23:59:59,22.726,200
1988-11-16,23:59:59,23.296,200
1989-07-24,23:59:59,8.629,200
1990-02-09,23:59:59,21.687,200
1990-05-08,23:59:59,10.076,200
1990-08-27,23:59:59,23.515,200
1990-10-24,23:59:59,18.997,200
1992-04-05,23:59:59,16.213,200
1992-07-25,23:59:59,4.805,200
1992-10-25,23:59:59,8.475,200
1993-11-07,23:59:59,7.118,200
1994-08-24,23:59:59,17.731,200
1994-11-19,23:59:59,24.993,200
1994-12-10,23:59:59,20.610,200
1997-02-23,23:59:59,5.758,200
1997-10-06,23:59:59,10.893,200
1997-10-20,23:59:59,14.173,200
1999-12-19,23:59:59,10.151,200
2000-02-21,23:59:59,9.927,200
2000-10-30,23:59:59,15.606,200
2001-04-01,23:59:59,7.005,200
2001-04-07,23:59:59,11.375,200
2001-05-19,23:59:59,7.179,200
2002-05-15,23:59:59,11.859,200
2003-05-19,23:59:59,6.452,200
2003-06-24,23:59:59,12.714,200
2004-09-24,23:59:59,8.712,200
2006-02-16,23:59:59,26.008,200
2006-03-19,23:59:59,11.870,200
2007-06-24,23:59:59,7.192,200
2007-08-16,23:59:59,23.775,200
2008-08-14,23:59:59,26.106,200
2011-06-24,23:59:59,23.811,200
2011-09-18,23:59:59,6.717,200
2012-06-11,23:59:59,10.254,200
2012-06-20,23:59:59,11.631,200
2013-06-22,23:59:59,7.943,200
2014-03-22,23:59:59,6.401,200
2014-05-26,23:59:59,11.439,200
2014-07-07,23:59:59,6.741,200
2015-01-23,23:59:59,9.008,200
2015-06-17,23:59:59,22.945,200
2015-12-30,23:59:59,11.880,200
2016-02-18,23:59:59,9.883,200
2016-04-23,23:59:59,6.563,200
2016-05-08,23:59:59,6.620,200
2017-01-31,23:59:59,15.923,200
2017-10-25,23:59:59,19.153,200
2018-05-26,23:59:59,14.767,200
2019-05-05,23:59:59,5.791,200
2019-07-20,23:59:59,11.829,200
2020-01-03,23:59:59,6.449,200
2020-08-02,23:59:59,10.408,200
2021-08-24,23:59:59,7.025,200
2021-11-25,23:59:59,19.787,200
2022-01-29,23:59:59,12.645,200
2022-07-14,23:59:59,22.358,200
2022-10-20,23:59:59,10.419,200
2023-06-11,23:59:59,23.894,200
2024-04-21,23:59:59,14.552,200
1980-05-15,23:59:59,14.765,200
1981-05-12,23:59:59,9.843,200
1981-07-16,23:59:59,20.030,200
1981-07-21,23:59:59,20.302,200
1981-08-28,23:59:59,20.691,200
1981-12-13,23:59:59,5.648,200
1982-04-03,23:59:59,8.629,200
1982-05-21,23:59:59,8.117,200
1982-10-23,23:59:59,5.721,200
1983-12-31,23:59:59,7.031,200
1984-01-07,23:59:59,11.165,200
1984-01-09,23:59:59,15.419,200
1984-09-04,23:59:59,10.778,200
1984-11-10,23:59:59,9.718,200
1985-09-07,23:59:59,13.528,200
1985-10-17,23:59:59,13.526,200
1986-01-29,23:59:59,21.884,200
1987-03-15,23:59:59,7.343,200
1987-05-10,23:59:59,12.106,200
1988-01-12,23:59:59,6.962,200
1988-01-28,23:59:59,14.827,200
1988-02-22,23:59:59,11.367,200
1989-03-11,23:59:59,7.624,200
1990-01-17,23:59:59,15.068,200
1991-01-13,23:59:59,15.216,200
1991-03-07,23:59:59,13.695,200
1991-07-08,23:59:59,9.590,200
1991-12-07,23:59:59,9.502,200
1992-09-03,23:59:59,21.795,200
1992-09-18,23:59:59,22.827,200
1993-10-14,23:59:59,5.286,200
1995-09-09,23:59:59,18.335,200
1996-09-10,23:59:59,24.947,200
1996-09-19,23:59:59,25.386,200
1996-10-17,23:59:59,24.021,200
1997-03-17,23:59:59,13.577,200
1997-07-04,23:59:59,8.936,200
1998-12-19,23:59:59,16.201,200
1999-03-11,23:59:59,7.982,200
1999-08-18,23:59:59,9.906,200
2000-09-03,23:59:59,7.713,200
2001-06-21,23:59:59,18.323,200
2001-07-12,23:59:59,15.938,200
2003-06-10,23:59:59,12.696,200
2003-11-07,23:59:59,16.328,200
2003-11-13,23:59:59,19.015,200
2005-02-01,23:59:59,15.432,200
2005-04-25,23:59:59,9.443,200
2007-04-08,23:59:59,7.262,200
2008-01-28,23:59:59,9.574,200
2008-07-29,23:59:59,14.151,200
2009-01-11,23:59:59,8.184,200
2009-01-16,23:59:59,10.366,200
2010-04-24,23:59:59,8.426,200
2010-08-09,23:59:59,11.445,200
2010-08-17,23:59:59,11.084,200
2011-05-22,23:59:59,23.316,200
2011-09-01,23:59:59,8.470,200
2011-10-05,23:59:59,21.520,200
2012-10-10,23:59:59,24.027,200
2012-12-03,23:59:59,15.954,200
2012-12-17,23:59:59,14.775,200
2012-12-18,23:59:59,14.368,200
2013-03-18,23:59:59,6.082,200
2014-04-01,23:59:59,8.206,200
2014-04-09,23:59:59,7.450,200
2014-05-15,23:59:59,15.391,200
2015-01-21,23:59:59,11.079,200
2015-08-02,23:59:59,10.375,200
2017-01-24,23:59:59,16.192,200
2017-04-04,23:59:59,20.054,200
2017-12-10,23:59:59,9.697,200
2018-05-04,23:59:59,11.063,200
2019-01-13,23:59:59,5.102,200
2019-05-18,23:59:59,5.033,200
2019-09-13,23:59:59,13.998,200
2019-11-05,23:59:59,17.475,200
2020-04-20,23:59:59,4.273,200
2020-11-16,23:59:59,9.139,200
2020-12-01,23:59:59,14.982,200
2021-05-16,23:59:59,5.412,200
2021-12-14,23:59:59,14.192,200
2022-09-09,23:59:59,16.541,200
2023-04-27,23:59:59,17.369,200
2023-08-05,23:59:59,21.815,200
2023-09-17,23:59:59,4.893,200
2024-04-19,23:59:59,6.006,200
2024-05-19,23:59:59,10.370,200
1980-03-02,23:59:59,14.463,200
1981-04-10,23:59:59,16.341,200
1981-06-02,23:59:59,11.730,200
1981-10-27,23:59:59,14.961,200
1982-08-31,23:59:59,16.459,200
1983-04-11,23:59:59,9.382,200
1983-08-31,23:59:59,13.063,200
1984-01-28,23:59:59,7.914,200
1984-02-01,23:59:59,20.350,200
1985-08-21,23:59:59,8.211,200
1985-09-10,23:59:59,15.076,200
1985-11-04,23:59:59,15.444,200
1986-08-23,23:59:59,16.510,200
1987-01-03,23:59:59,12.348,200
1987-02-03,23:59:59,12.962,200
1988-02-28,23:59:59,12.250,200
1988-10-30,23:59:59,21.092,200
1991-06-15,23:59:59,9.766,200
1992-02-15,23:59:59,9.590,200
1992-11-17,23:59:59,13.353,200
1993-05-01,23:59:59,9.960,200
1993-06-07,23:59:59,16.109,200
1993-12-30,23:59:59,8.575,200
1994-02-09,23:59:59,13.803,200
1994-03-19,23:59:59,6.744,200
1994-07-12,23:59:59,22.962,200
1995-02-24,23:59:59,9.611,200
1998-10-07,23:59:59,16.241,200
2000-01-10,23:59:59,15.123,200
2000-01-28,23:59:59,6.013,200
2001-01-22,23:59:59,17.615,200
2001-07-03,23:59:59,17.660,200
2001-08-05,23:59:59,10.952,200
2002-05-01,23:59:59,16.862,200
2002-05-26,23:59:59,11.179,200
2002-06-30,23:59:59,6.470,200
2002-10-07,23:59:59,14.862,200
2002-12-31,23:59:59,10.626,200
2003-03-21,23:59:59,12.475,200
2004-04-18,23:59:59,11.027,200
2004-11-11,23:59:59,17.998,200
2006-06-21,23:59:59,17.977,200
2006-08-29,23:59:59,19.682,200
2006-10-29,23:59:59,13.594,200
2007-02-04,23:59:59,10.587,200
2007-07-10,23:59:59,13.798,200
2008-10-22,23:59:59,25.659,200
2010-06-21,23:59:59,9.270,200
2010-10-02,23:59:59,27.274,200
2010-11-24,23:59:59,9.571,200
2013-10-05,23:59:59,14.000,200
2015-02-18,23:59:59,13.499,200
2015-05-31,23:59:59,7.073,200
2015-10-11,23:59:59,15.151,200
2016-02-01,23:59:59,8.784,200
2016-04-28,23:59:59,13.649,200
2019-03-17,23:59:59,7.961,200
2020-04-26,23:59:59,4.309,200
2020-05-29,23:59:59,12.829,200
2020-06-11,23:59:59,11.433,200
2020-07-21,23:59:59,8.921,200
2020-07-23,23:59:59,9.559,200
2020-10-18,23:59:59,8.082,200
2021-02-09,23:59:59,15.357,200
2023-12-05,23:59:59,10.392,200
2024-06-25,23:59:59,19.039,200
1982-05-10,23:59:59,17.871,200
1982-06-02,23:59:59,18.617,200
1982-08-01,23:59:59,3.370,200
1982-08-10,23:59:59,16.800,200
1982-09-14,23:59:59,10.834,200
1982-09-19,23:59:59,4.593,200
1983-02-21,23:59:59,7.851,200
1983-07-17,23:59:59,11.175,200
1983-08-10,23:59:59,12.993,200
1983-08-18,23:59:59,15.866,200
1983-12-26,23:59:59,3.448,200
1984-03-06,23:59:59,14.832,200
1984-07-17,23:59:59,21.526,200
1985-02-13,23:59:59,11.896,200
1985-04-27,23:59:59,8.052,200
1985-06-29,23:59:59,7.140,200
1985-07-28,23:59:59,10.518,200
1987-03-03,23:59:59,5.646,200
1988-03-22,23:59:59,12.683,200
1988-06-14,23:59:59,15.809,200
1989-12-05,23:59:59,13.932,200
1990-09-03,23:59:59,18.977,200
1991-02-22,23:59:59,13.991,200
1991-03-26,23:59:59,11.887,200
1991-07-15,23:59:59,12.599,200
1992-02-24,23:59:59,12.356,200
1992-08-03,23:59:59,15.830,200
1992-10-19,23:59:59,12.627,200
1992-11-04,23:59:59,20.268,200
1993-05-09,23:59:59,6.951,200
1993-05-24,23:59:59,14.930,200
1993-07-13,23:59:59,18.773,200
1994-04-03,23:59:59,9.088,200
1994-05-10,23:59:59,8.647,200
1994-12-22,23:59:59,13.199,200
1996-02-22,23:59:59,22.219,200
1996-08-28,23:59:59,18.355,200
1998-12-14,23:59:59,20.503,200
2001-12-13,23:59:59,17.608,200
2003-06-05,23:59:59,7.454,200
2003-10-02,23:59:59,7.463,200
2005-04-14,23:59:59,13.170,200
2006-04-17,23:59:59,8.096,200
2009-06-15,23:59:59,10.234,200
2010-04-01,23:59:59,7.456,200
2010-05-28,23:59:59,6.774,200
2010-08-03,23:59:59,6.156,200
2011-07-13,23:59:59,14.060,200
2012-02-15,23:59:59,18.721,200
2012-03-10,23:59:59,15.297,200
2012-07-13,23:59:59,17.899,200
2012-10-03,23:59:59,18.365,200
2014-06-21,23:59:59,7.080,200
2015-01-26,23:59:59,7.818,200
2015-10-01,23:59:59,17.117,200
2016-01-29,23:59:59,7.696,200
2016-02-20,23:59:59,5.845,200
2016-09-29,23:59:59,25.896,200
2016-11-14,23:59:59,13.941,200
2018-03-03,23:59:59,13.502,200
2018-08-28,23:59:59,23.046,200
2020-02-01,23:59:59,4.785,200
2020-02-17,23:59:59,13.036,200
2020-05-17,23:59:59,9.437,200
2020-12-18,23:59:59,17.028,200
2022-07-01,23:59:59,20.315,200
2022-12-03,23:59:59,26.081,200
2023-08-07,23:59:59,20.110,200
2023-11-22,23:59:59,11.549,200
2024-01-20,23:59:59,11.456,200
2024-02-15,23:59:59,11.877,200
2024-08-26,23:59:59,8.065,200
2024-08-27,23:59:59,6.767,200
1980-10-16,23:59:59,19.710,200
1981-01-17,23:59:59,13.940,200
1981-04-22,23:59:59,13.063,200
1981-09-20,23:59:59,17.162,200
1982-02-18,23:59:59,16.924,200
1982-05-03,23:59:59,14.756,200
1982-05-18,23:59:59,18.373,200
1983-01-03,23:59:59,5.744,200
1983-04-18,23:59:59,9.293,200
1984-02-06,23:59:59,10.437,200
1984-02-29,23:59:59,7.650,200
1984-12-20,23:59:59,16.954,200
1985-02-08,23:59:59,15.239,200
1985-05-21,23:59:59,13.763,200
1985-10-01,23:59:59,14.844,200
1985-10-05,23:59:59,9.637,200
1986-05-01,23:59:59,6.869,200
1987-03-26,23:59:59,10.794,200
1987-12-02,23:59:59,13.159,200
1988-05-30,23:59:59,12.244,200
1990-06-12,23:59:59,15.722,200
1990-09-14,23:59:59,22.754,200
1991-07-14,23:59:59,12.639,200
1991-08-24,23:59:59,17.135,200
1991-12-31,23:59:59,6.422,200
1993-02-22,23:59:59,8.574,200
1993-08-06,23:59:59,7.862,200
1993-08-15,23:59:59,9.575,200
1993-08-24,23:59:59,7.321,200
1993-10-21,23:59:59,6.185,200
1994-09-17,23:59:59,16.786,200
1995-05-16,23:59:59,23.504,200
1995-08-16,23:59:59,21.875,200
1996-09-08,23:59:59,22.109,200
1996-09-24,23:59:59,25.004,200
1997-08-29,23:59:59,12.493,200
1998-04-02,23:59:59,7.315,200
2001-06-18,23:59:59,16.972,200
2001-08-03,23:59:59,11.280,200
2002-10-06,23:59:59,11.342,200
2002-12-27,23:59:59,9.763,200
2003-03-05,23:59:59,10.292,200
2003-06-27,23:59:59,11.531,200
2004-04-19,23:59:59,16.118,200
2005-06-04,23:59:59,19.674,200
2005-07-21,23:59:59,14.484,200
2006-04-08,23:59:59,6.725,200
2007-08-17,23:59:59,19.155,200
2009-07-19,23:59:59,7.871,200
2009-07-22,23:59:59,8.581,200
2009-10-16,23:59:59,20.299,200
2010-01-20,23:59:59,13.916,200
2010-11-06,23:59:59,7.559,200
2010-11-29,23:59:59,14.945,200
2012-05-28,23:59:59,6.798,200
2012-09-23,23:59:59,21.144,200
2013-07-05,23:59:59,7.110,200
2013-12-15,23:59:59,8.958,200
2014-02-28,23:59:59,11.295,200
2014-05-07,23:59:59,8.765,200
2014-09-10,23:59:59,12.415,200
2014-12-09,23:59:59,22.510,200
2015-06-29,23:59:59,11.032,200
2016-02-28,23:59:59,9.368,200
2016-06-02,23:59:59,17.017,200
2017-01-25,23:59:59,15.747,200
2017-03-15,23:59:59,9.071,200
2017-06-20,23:59:59,19.371,200
2018-01-25,23:59:59,20.118,200
2018-09-25,23:59:59,23.245,200
2019-08-24,23:59:59,9.822,200
2019-12-28,23:59:59,25.869,200
2020-05-02,23:59:59,4.428,200
2020-12-05,23:59:59,13.019,200
2022-06-23,23:59:59,16.212,200
2022-11-02,23:59:59,24.043,200
2023-01-07,23:59:59,20.722,200
2023-05-27,23:59:59,24.804,200
2023-05-30,23:59:59,24.740,200
2023-10-10,23:59:59,12.209,200
2024-02-02,23:59:59,20.944,200
1981-02-09,23:59:59,13.156,200
1981-07-14,23:59:59,21.321,200
1981-09-03,23:59:59,18.998,200
1981-12-29,23:59:59,8.951,200
1982-06-05,23:59:59,6.609,200
1983-01-16,23:59:59,13.204,200
1983-04-12,23:59:59,13.194,200
1984-03-08,23:59:59,9.471,200
1985-08-18,23:59:59,8.863,200
1986-07-24,23:59:59,15.850,200
1986-12-17,23:59:59,14.645,200
1987-02-01,23:59:59,11.621,200
1987-03-30,23:59:59,13.235,200
1987-05-29,23:59:59,15.741,200
1987-06-27,23:59:59,12.418,200
1987-09-09,23:59:59,15.644,200
1988-02-19,23:59:59,14.275,200
1988-04-15,23:59:59,10.309,200
1988-05-18,23:59:59,14.014,200
1988-10-07,23:59:59,14.610,200
1989-09-28,23:59:59,12.391,200
1990-10-12,23:59:59,18.335,200
1990-11-29,23:59:59,12.057,200
1991-05-02,23:59:59,8.922,200
1991-11-25,23:59:59,15.705,200
1992-02-18,23:59:59,9.693,200
1992-06-04,23:59:59,10.445,200
1992-09-04,23:59:59,19.434,200
1993-05-30,23:59:59,11.910,200
1994-03-14,23:59:59,12.671,200
1994-03-21,23:59:59,9.637,200
1995-01-03,23:59:59,11.837,200
1995-04-29,23:59:59,17.408,200
1995-11-23,23:59:59,23.247,200
1996-04-03,23:59:59,4.461,200
1996-10-10,23:59:59,23.590,200
1996-10-22,23:59:59,17.045,200
1997-06-22,23:59:59,6.499,200
1997-07-10,23:59:59,15.068,200
1997-07-26,23:59:59,16.545,200
1998-04-07,23:59:59,7.448,200
1999-03-26,23:59:59,10.485,200
1999-07-18,23:59:59,5.488,200
2000-03-12,23:59:59,9.342,200
2000-05-24,23:59:59,11.291,200
2000-12-16,23:59:59,11.049,200
2000-12-28,23:59:59,10.395,200
2001-09-29,23:59:59,5.675,200
2001-12-06,23:59:59,7.882,200
2002-03-13,23:59:59,15.192,200
2002-08-20,23:59:59,22.065,200
2005-02-10,23:59:59,16.092,200
2005-03-15,23:59:59,11.057,200
2005-10-20,23:59:59,20.046,200
2006-05-06,23:59:59,13.826,200
2006-12-21,23:59:59,13.008,200
2007-03-12,23:59:59,6.065,200
2008-08-03,23:59:59,5.404,200
2009-08-23,23:59:59,5.928,200
2010-08-22,23:59:59,5.200,200
2011-02-01,23:59:59,26.703,200
2011-06-12,23:59:59,21.705,200
2012-08-15,23:59:59,23.112,200
2014-09-19,23:59:59,10.852,200
2015-03-16,23:59:59,11.175,200
2015-04-03,23:59:59,6.737,200
2015-05-18,23:59:59,12.795,200
2015-07-11,23:59:59,18.494,200
2015-08-07,23:59:59,10.951,200
2016-01-09,23:59:59,8.076,200
2016-05-21,23:59:59,6.655,200
2016-06-29,23:59:59,17.335,200
2016-11-29,23:59:59,19.046,200
2016-12-05,23:59:59,14.851,200
2017-11-20,23:59:59,16.288,200
2018-06-26,23:59:59,22.940,200
2018-12-02,23:59:59,6.033,200
2019-04-10,23:59:59,6.725,200
2019-04-16,23:59:59,5.568,200
2020-10-11,23:59:59,5.823,200
2021-01-25,23:59:59,12.733,200
2021-02-12,23:59:59,11.532,200
2021-09-11,23:59:59,4.363,200
2021-10-25,23:59:59,11.509,200
2021-12-30,23:59:59,6.305,200
2022-08-23,23:59:59,25.561,200
2022-09-24,23:59:59,25.634,200
2023-11-08,23:59:59,18.105,200
2023-11-23,23:59:59,9.532,200
2024-12-30,23:59:59,10.937,200
1981-01-08,23:59:59,13.450,200
1982-05-12,23:59:59,16.544,200
1982-07-15,23:59:59,16.432,200
1982-12-23,23:59:59,2.945,200
1983-07-16,23:59:59,3.215,200
1984-01-26,23:59:59,15.445,200
1984-08-10,23:59:59,9.459,200
1984-08-25,23:59:59,10.646,200
1984-09-30,23:59:59,9.877,200
1984-11-16,23:59:59,8.831,200
1985-01-21,23:59:59,13.338,200
1985-02-07,23:59:59,14.320,200
1985-10-09,23:59:59,8.664,200
1986-02-15,23:59:59,10.054,200
1986-04-20,23:59:59,9.615,200
1986-07-07,23:59:59,14.787,200
1987-05-03,23:59:59,13.706,200
1987-08-15,23:59:59,9.437,200
1987-09-16,23:59:59,12.112,200
1987-10-11,23:59:59,10.171,200
1988-10-20,23:59:59,22.755,200
1989-07-19,23:59:59,12.546,200
1989-11-24,23:59:59,12.176,200
1990-01-05,23:59:59,5.827,200
1990-01-07,23:59:59,10.015,200
1991-07-06,23:59:59,9.602,200
1991-08-04,23:59:59,13.064,200
1992-08-25,23:59:59,23.192,200
1992-11-13,23:59:59,21.309,200
1993-05-06,23:59:59,6.543,200
1993-06-10,23:59:59,17.586,200
1993-09-22,23:59:59,5.275,200
1993-10-16,23:59:59,5.288,200
1995-09-25,23:59:59,22.116,200
1997-06-02,23:59:59,5.429,200
1997-11-28,23:59:59,12.697,200
1998-07-05,23:59:59,10.087,200
1998-07-15,23:59:59,6.610,200
1999-04-01,23:59:59,6.653,200
1999-06-18,23:59:59,19.316,200
2000-04-13,23:59:59,8.127,200
2000-07-29,23:59:59,11.633,200
2000-10-12,23:59:59,12.543,200
2000-12-12,23:59:59,19.362,200
2001-08-31,23:59:59,14.163,200
2001-12-02,23:59:59,8.020,200
2001-12-04,23:59:59,5.946,200
2001-12-16,23:59:59,17.358,200
2002-05-11,23:59:59,9.956,200
2002-06-17,23:59:59,17.952,200
2002-07-06,23:59:59,4.780,200
2003-07-15,23:59:59,21.198,200
2003-11-11,23:59:59,18.916,200
2004-06-21,23:59:59,13.974,200
2004-11-30,23:59:59,10.373,200
2005-05-18,23:59:59,9.278,200
2005-06-29,23:59:59,15.660,200
2006-10-05,23:59:59,18.029,200
2006-10-10,23:59:59,18.618,200
2006-12-16,23:59:59,13.592,200
2008-09-22,23:59:59,23.835,200
2009-06-21,23:59:59,15.052,200
2009-07-23,23:59:59,8.750,200
2012-06-24,23:59:59,6.007,200
2013-07-07,23:59:59,5.438,200
2014-06-04,23:59:59,13.705,200
2014-09-29,23:59:59,8.285,200
2015-03-09,23:59:59,8.135,200
2015-08-30,23:59:59,20.755,200
2017-09-16,23:59:59,25.282,200
2018-02-14,23:59:59,8.355,200
2018-07-27,23:59:59,17.781,200
2019-07-04,23:59:59,6.559,200
2019-10-04,23:59:59,9.870,200
2019-12-08,23:59:59,8.125,200
2020-03-25,23:59:59,9.736,200
2020-05-25,23:59:59,8.143,200
2022-01-18,23:59:59,20.147,200
2022-02-12,23:59:59,4.680,200
2023-05-15,23:59:59,25.101,200
2024-01-25,23:59:59,12.008,200
1981-02-06,23:59:59,13.587,200
1981-03-31,23:59:59,12.307,200
1982-05-25,23:59:59,16.368,200
1983-10-19,23:59:59,15.817,200
1984-02-18,23:59:59,5.437,200
1985-04-09,23:59:59,15.992,200
1987-01-20,23:59:59,12.805,200
1987-04-06,23:59:59,14.119,200
1987-06-03,23:59:59,14.408,200
1987-10-24,23:59:59,6.587,200
1988-09-16,23:59:59,19.454,200
1989-01-14,23:59:59,23.981,200
1990-12-03,23:59:59,16.103,200
1991-11-24,23:59:59,14.121,200
1992-08-09,23:59:59,12.797,200
1992-08-22,23:59:59,18.766,200
1993-08-11,23:59:59,10.510,200
1994-05-22,23:59:59,4.119,200
1994-07-15,23:59:59,22.652,200
1994-10-07,23:59:59,22.784,200
1996-03-20,23:59:59,18.631,200
1996-06-02,23:59:59,18.817,200
1996-06-19,23:59:59,13.957,200
1996-08-12,23:59:59,23.798,200
1997-03-14,23:59:59,6.459,200
1997-09-29,23:59:59,7.409,200
1998-03-23,23:59:59,10.950,200
1998-08-13,23:59:59,25.515,200
1999-02-08,23:59:59,16.732,200
1999-04-15,23:59:59,8.640,200
1999-09-11,23:59:59,17.067,200
2000-03-23,23:59:59,18.947,200
2000-05-23,23:59:59,10.141,200
2000-11-11,23:59:59,15.534,200
2001-03-26,23:59:59,18.367,200
2001-10-28,23:59:59,7.183,200
2002-11-01,23:59:59,21.854,200
2002-12-30,23:59:59,10.599,200
2005-06-10,23:59:59,15.733,200
2006-05-22,23:59:59,18.753,200
2007-01-08,23:59:59,13.892,200
2007-03-24,23:59:59,10.079,200
2007-09-21,23:59:59,15.797,200
2008-01-06,23:59:59,6.571,200
2008-03-19,23:59:59,8.136,200
2008-04-24,23:59:59,8.077,200
2010-04-22,23:59:59,9.326,200
2010-12-07,23:59:59,13.031,200
2011-02-28,23:59:59,8.314,200
2011-05-11,23:59:59,12.777,200
2012-06-03,23:59:59,6.244,200
2013-01-22,23:59:59,13.515,200
2013-03-17,23:59:59,5.856,200
2015-02-16,23:59:59,9.204,200
2015-03-01,23:59:59,6.219,200
2016-03-06,23:59:59,6.520,200
2017-05-02,23:59:59,23.467,200
2017-12-09,23:59:59,12.156,200
2019-07-26,23:59:59,16.365,200
2020-01-25,23:59:59,13.480,200
2021-08-26,23:59:59,4.867,200
2022-04-20,23:59:59,16.149,200
2023-10-29,23:59:59,10.274,200
2024-02-14,23:59:59,13.255,200
2024-07-25,23:59:59,12.389,200
1980-10-04,23:59:59,17.836,200
1980-11-09,23:59:59,16.700,200
1981-07-05,23:59:59,8.062,200
1982-03-05,23:59:59,12.305,200
1983-04-16,23:59:59,4.501,200
1984-03-09,23:59:59,7.644,200
1984-06-25,23:59:59,20.383,200
1985-03-15,23:59:59,3.502,200
1986-09-27,23:59:59,17.520,200
1986-11-03,23:59:59,19.480,200
1987-12-29,23:59:59,18.273,200
1988-02-05,23:59:59,13.892,200
1989-06-02,23:59:59,14.107,200
1989-06-13,23:59:59,13.703,200
1990-04-28,23:59:59,13.275,200
1990-06-11,23:59:59,18.419,200
1991-04-16,23:59:59,7.422,200
1991-06-28,23:59:59,8.719,200
1991-07-30,23:59:59,14.953,200
1992-06-22,23:59:59,8.320,200
1994-06-06,23:59:59,7.159,200
1994-09-12,23:59:59,17.791,200
1995-01-24,23:59:59,11.693,200
1995-02-27,23:59:59,9.927,200
1995-06-16,23:59:59,16.162,200
1995-09-13,23:59:59,18.498,200
1996-06-10,23:59:59,19.155,200
1996-08-22,23:59:59,8.311,200
1996-09-02,23:59:59,22.545,200
1996-12-20,23:59:59,16.080,200
1997-11-27,23:59:59,8.817,200
1998-04-29,23:59:59,9.287,200
1999-06-14,23:59:59,18.857,200
2000-08-17,23:59:59,16.490,200
2001-09-26,23:59:59,8.640,200
2002-05-05,23:59:59,9.620,200
2003-03-06,23:59:59,12.502,200
2003-04-03,23:59:59,10.115,200
2005-12-08,23:59:59,19.351,200
2006-01-26,23:59:59,13.638,200
2006-03-16,23:59:59,12.076,200
2006-06-26,23:59:59,21.527,200
2007-05-27,23:59:59,13.956,200
2007-09-01,23:59:59,17.722,200
2008-07-03,23:59:59,11.510,200
2009-11-04,23:59:59,23.169,200
2009-12-21,23:59:59,14.044,200
2010-09-12,23:59:59,26.466,200
2011-05-21,23:59:59,22.847,200
2011-07-06,23:59:59,13.442,200
2012-04-13,23:59:59,7.375,200
2012-08-22,23:59:59,20.006,200
2012-10-28,23:59:59,15.699,200
2013-07-27,23:59:59,6.597,200
2013-12-21,23:59:59,6.966,200
2014-02-06,23:59:59,9.869,200
2015-03-20,23:59:59,8.790,200
2015-09-29,23:59:59,17.952,200
2016-03-22,23:59:59,12.197,200
2016-11-20,23:59:59,25.244,200
2017-08-04,23:59:59,22.789,200
2018-01-06,23:59:59,4.992,200
2018-03-16,23:59:59,13.855,200
2018-12-13,23:59:59,9.379,200
2019-07-22,23:59:59,17.448,200
2020-07-03,23:59:59,18.718,200
2020-08-05,23:59:59,10.917,200
2020-09-04,23:59:59,15.348,200
2021-01-23,23:59:59,9.312,200
2021-02-28,23:59:59,10.683,200
2021-04-04,23:59:59,4.426,200
2021-09-08,23:59:59,11.315,200
2021-10-29,23:59:59,10.064,200
2022-11-03,23:59:59,22.535,200
2023-05-11,23:59:59,25.071,200
1980-01-15,23:59:59,14.803,200
1981-08-22,23:59:59,17.358,200
1982-07-03,23:59:59,10.509,200
1983-01-15,23:59:59,11.376,200
1983-04-28,23:59:59,8.550,200
1984-01-18,23:59:59,18.907,200
1984-08-14,23:59:59,11.291,200
1985-05-02,23:59:59,12.752,200
1985-09-28,23:59:59,3.949,200
1986-01-11,23:59:59,25.028,200
1986-04-13,23:59:59,8.707,200
1987-02-24,23:59:59,8.061,200
1988-02-20,23:59:59,12.793,200
1988-04-24,23:59:59,7.066,200
1988-10-24,23:59:59,23.090,200
1989-05-18,23:59:59,12.912,200
1989-06-03,23:59:59,15.730,200
1989-09-02,23:59:59,10.341,200
1990-11-02,23:59:59,21.136,200
1990-12-13,23:59:59,20.904,200
1991-07-02,23:59:59,9.719,200
1991-08-07,23:59:59,14.643,200
1992-04-06,23:59:59,14.656,200
1993-02-15,23:59:59,8.206,200
1993-06-11,23:59:59,16.830,200
1993-11-06,23:59:59,5.381,200
1994-08-18,23:59:59,22.292,200
1994-12-17,23:59:59,16.088,200
1996-03-03,23:59:59,16.459,200
1997-03-11,23:59:59,13.833,200
1997-06-29,23:59:59,7.023,200
1997-12-12,23:59:59,9.825,200
1998-03-15,23:59:59,7.825,200
1999-10-17,23:59:59,9.130,200
2001-05-30,23:59:59,19.337,200
2002-04-06,23:59:59,21.462,200
2002-05-08,23:59:59,11.374,200
2002-06-08,23:59:59,5.905,200
2004-03-28,23:59:59,10.478,200
2005-03-24,23:59:59,9.698,200
2005-09-12,23:59:59,8.776,200
2005-10-23,23:59:59,20.360,200
2006-03-14,23:59:59,15.557,200
2006-08-30,23:59:59,17.688,200
2006-10-16,23:59:59,17.631,200
2006-11-18,23:59:59,6.246,200
2006-12-15,23:59:59,16.417,200
2007-08-11,23:59:59,8.815,200
2008-05-02,23:59:59,7.871,200
2008-11-19,23:59:59,11.344,200
2009-04-05,23:59:59,9.682,200
2010-08-19,23:59:59,6.125,200
2011-03-09,23:59:59,14.443,200
2011-03-31,23:59:59,15.611,200
2011-11-14,23:59:59,11.560,200
2013-07-22,23:59:59,11.386,200
2015-07-02,23:59:59,12.334,200
2016-01-07,23:59:59,11.725,200
2016-12-03,23:59:59,7.624,200
2018-01-05,23:59:59,5.130,200
2018-12-09,23:59:59,9.882,200
2019-10-06,23:59:59,5.633,200
2019-11-20,23:59:59,16.345,200
2020-01-31,23:59:59,10.009,200
2020-06-26,23:59:59,6.128,200
2022-02-14,23:59:59,5.660,200
2022-04-09,23:59:59,8.835,200
2022-04-13,23:59:59,6.943,200
2023-01-04,23:59:59,10.257,200
2023-01-12,23:59:59,13.319,200
2024-01-01,23:59:59,5.236,200
2024-10-16,23:59:59,13.905,200
1982-09-24,23:59:59,4.620,200
1982-11-01,23:59:59,10.867,200
1982-11-18,23:59:59,15.143,200
1984-07-10,23:59:59,13.299,200
1985-01-20,23:59:59,7.079,200
1986-05-03,23:59:59,7.757,200
1986-05-29,23:59:59,15.090,200
1987-09-29,23:59:59,15.315,200
1988-08-26,23:59:59,12.508,200
1989-08-20,23:59:59,15.016,200
1989-09-27,23:59:59,16.700,200
1990-11-27,23:59:59,15.665,200
1991-05-12,23:59:59,9.255,200
1991-11-15,23:59:59,12.275,200
1992-01-05,23:59:59,9.341,200
1992-05-08,23:59:59,7.674,200
1993-02-18,23:59:59,11.034,200
1993-09-17,23:59:59,8.498,200
1993-10-05,23:59:59,9.982,200
1994-03-26,23:59:59,9.138,200
1994-09-24,23:59:59,17.284,200
1994-12-03,23:59:59,15.922,200
1995-08-29,23:59:59,23.248,200
1995-12-07,23:59:59,17.154,200
1996-04-13,23:59:59,5.337,200
1996-05-08,23:59:59,21.501,200
1997-03-28,23:59:59,4.331,200
1997-06-08,23:59:59,7.425,200
1997-06-24,23:59:59,15.694,200
1998-10-29,23:59:59,21.621,200
1999-11-10,23:59:59,18.874,200
2000-01-08,23:59:59,6.500,200
2001-03-03,23:59:59,7.545,200
2001-10-09,23:59:59,14.690,200
2002-01-28,23:59:59,9.572,200
2002-02-09,23:59:59,5.307,200
2002-09-06,23:59:59,12.500,200
2003-04-29,23:59:59,16.025,200
2004-02-03,23:59:59,19.195,200
2004-07-24,23:59:59,24.887,200
2004-10-21,23:59:59,18.202,200
2005-08-12,23:59:59,6.941,200
2006-09-12,23:59:59,20.874,200
2007-09-29,23:59:59,12.295,200
2008-11-06,23:59:59,16.000,200
2009-02-15,23:59:59,14.523,200
2009-06-14,23:59:59,9.388,200
2009-10-15,23:59:59,20.018,200
2009-11-25,23:59:59,12.282,200
2010-09-27,23:59:59,27.269,200
2010-11-04,23:59:59,11.339,200
2010-12-13,23:59:59,7.710,200
2011-02-16,23:59:59,14.004,200
2011-03-06,23:59:59,17.972,200
2011-09-20,23:59:59,16.873,200
2013-06-09,23:59:59,9.113,200
2013-06-17,23:59:59,18.556,200
2013-07-14,23:59:59,10.175,200
2014-03-04,23:59:59,7.624,200
2014-06-03,23:59:59,14.480,200
2015-06-25,23:59:59,23.300,200
2015-07-05,23:59:59,12.094,200
2016-11-10,23:59:59,14.257,200
2016-11-24,23:59:59,20.496,200
2018-04-08,23:59:59,18.525,200
2018-05-01,23:59:59,9.730,200
2019-02-02,23:59:59,6.165,200
2020-05-28,23:59:59,12.085,200
2020-08-10,23:59:59,11.548,200
2022-09-03,23:59:59,25.276,200
2024-04-18,23:59:59,5.085,200
2024-06-12,23:59:59,19.802,200
1980-07-12,23:59:59,11.756,200
1981-03-25,23:59:59,9.117,200
1982-03-15,23:59:59,14.395,200
1982-05-07,23:59:59,15.758,200
1982-07-30,23:59:59,10.880,200
1982-08-25,23:59:59,9.248,200
1983-04-30,23:59:59,7.774,200
1983-05-21,23:59:59,7.900,200
1983-05-25,23:59:59,17.110,200
1983-06-12,23:59:59,3.565,200
1984-07-27,23:59:59,8.443,200
1984-10-31,23:59:59,12.330,200
1985-01-19,23:59:59,9.440,200
1985-07-23,23:59:59,12.951,200
1986-01-16,23:59:59,24.472,200
1986-01-22,23:59:59,16.112,200
1986-04-14,23:59:59,8.671,200
1986-08-18,23:59:59,19.115,200
1986-10-20,23:59:59,18.568,200
1986-10-23,23:59:59,17.799,200
1986-11-27,23:59:59,18.529,200
1987-06-10,23:59:59,14.426,200
1987-11-12,23:59:59,17.093,200
1987-11-29,23:59:59,4.656,200
1988-08-12,23:59:59,18.477,200
1989-04-02,23:59:59,12.044,200
1989-04-06,23:59:59,15.217,200
1989-07-05,23:59:59,19.859,200
1989-08-30,23:59:59,14.171,200
1990-06-18,23:59:59,14.730,200
1990-09-15,23:59:59,22.664,200
1990-10-14,23:59:59,10.426,200
1990-11-04,23:59:59,20.330,200
1991-03-16,23:59:59,12.348,200
1991-07-26,23:59:59,9.850,200
1991-10-18,23:59:59,21.696,200
1993-05-05,23:59:59,8.124,200
1993-05-26,23:59:59,10.934,200
1995-05-28,23:59:59,22.103,200
1997-01-22,23:59:59,10.731,200
1999-03-10,23:59:59,10.468,200
1999-04-08,23:59:59,7.229,200
1999-05-06,23:59:59,18.611,200
1999-06-04,23:59:59,19.650,200
2001-03-02,23:59:59,10.363,200
2001-06-02,23:59:59,19.139,200
2003-04-10,23:59:59,10.965,200
2003-07-05,23:59:59,11.744,200
2003-09-19,23:59:59,9.094,200
2003-12-06,23:59:59,11.096,200
2004-01-17,23:59:59,7.783,200
2004-07-02,23:59:59,25.529,200
2005-01-03,23:59:59,16.380,200
2005-02-18,23:59:59,13.038,200
2006-07-07,23:59:59,10.989,200
2006-11-29,23:59:59,14.210,200
2007-10-10,23:59:59,18.013,200
2007-12-29,23:59:59,6.908,200
2008-05-23,23:59:59,14.154,200
2008-05-26,23:59:59,13.692,200
2009-02-09,23:59:59,16.020,200
2009-04-03,23:59:59,16.867,200
2009-06-11,23:59:59,9.344,200
2009-09-09,23:59:59,13.080,200
2010-08-01,23:59:59,8.387,200
2010-08-24,23:59:59,12.099,200
2011-05-26,23:59:59,7.401,200
2011-10-01,23:59:59,14.355,200
2012-04-06,23:59:59,11.770,200
2012-04-09,23:59:59,13.042,200
2013-05-08,23:59:59,10.959,200
2013-05-14,23:59:59,6.705,200
2013-11-20,23:59:59,14.242,200
2014-01-01,23:59:59,7.506,200
2014-09-23,23:59:59,15.301,200
2016-03-21,23:59:59,11.720,200
2017-05-06,23:59:59,14.618,200
2017-07-04,23:59:59,17.260,200
2017-12-13,23:59:59,17.815,200
2018-10-16,23:59:59,12.873,200
2018-11-28,23:59:59,10.617,200
2019-01-25,23:59:59,11.383,200
2019-04-03,23:59:59,6.011,200
2020-06-01,23:59:59,5.988,200
2020-11-07,23:59:59,3.312,200
2021-12-04,23:59:59,11.304,200
2022-04-07,23:59:59,15.505,200
2023-10-19,23:59:59,8.835,200
2024-06-08,23:59:59,11.462,200
2024-07-10,23:59:59,19.628,200
1980-02-05,23:59:59,18.271,200
1980-07-13,23:59:59,15.130,200
1981-05-07,23:59:59,18.011,200
1981-06-13,23:59:59,15.823,200
1981-11-24,23:59:59,20.188,200
1982-05-14,23:59:59,9.533,200
1982-06-21,23:59:59,17.987,200
1982-12-07,23:59:59,15.815,200
1983-01-27,23:59:59,8.302,200
1983-07-14,23:59:59,14.615,200
1983-10-15,23:59:59,9.681,200
1984-01-13,23:59:59,14.696,200
1984-04-17,23:59:59,10.510,200
1985-09-30,23:59:59,14.521,200
1985-10-04,23:59:59,11.410,200
1985-10-11,23:59:59,8.669,200
1986-08-19,23:59:59,21.052,200
1987-01-01,23:59:59,6.518,200
1987-06-14,23:59:59,14.755,200
1987-12-27,23:59:59,6.863,200
1990-02-03,23:59:59,12.229,200
1990-06-09,23:59:59,19.755,200
1990-07-20,23:59:59,15.988,200
1990-10-13,23:59:59,10.391,200
1991-07-18,23:59:59,12.602,200
1991-12-15,23:59:59,13.933,200
1992-11-02,23:59:59,19.145,200
1992-12-14,23:59:59,11.221,200
1993-02-17,23:59:59,11.996,200
1993-07-15,23:59:59,18.056,200
1994-08-04,23:59:59,6.644,200
1996-03-11,23:59:59,20.810,200
1997-07-01,23:59:59,19.858,200
1997-07-25,23:59:59,18.868,200
1998-01-23,23:59:59,7.899,200
1998-04-18,23:59:59,11.924,200
1998-08-01,23:59:59,25.951,200
1999-01-06,23:59:59,17.108,200
1999-03-09,23:59:59,9.938,200
1999-06-08,23:59:59,19.358,200
1999-06-19,23:59:59,19.718,200
1999-08-01,23:59:59,8.148,200
2000-01-23,23:59:59,7.990,200
2000-03-11,23:59:59,11.484,200
2001-02-26,23:59:59,15.932,200
2002-01-30,23:59:59,16.033,200
2003-12-12,23:59:59,11.932,200
2006-04-28,23:59:59,10.821,200
2006-07-03,23:59:59,15.327,200
2007-07-07,23:59:59,15.802,200
2007-10-23,23:59:59,16.178,200
2008-02-09,23:59:59,9.808,200
2008-04-12,23:59:59,9.483,200
2008-05-30,23:59:59,9.918,200
2010-03-07,23:59:59,7.623,200
2010-11-02,23:59:59,20.424,200
2011-03-08,23:59:59,18.235,200
2012-02-27,23:59:59,16.202,200
2013-05-06,23:59:59,7.039,200
2015-05-02,23:59:59,8.766,200
2015-09-18,23:59:59,15.924,200
2016-06-30,23:59:59,15.481,200
2020-03-10,23:59:59,10.104,200
2021-05-05,23:59:59,8.075,200
2021-11-27,23:59:59,4.739,200
2022-04-25,23:59:59,10.189,200
2022-05-24,23:59:59,12.133,200
2023-01-20,23:59:59,12.219,200
1980-01-29,23:59:59,21.229,200
1980-04-04,23:59:59,7.071,200
1980-08-06,23:59:59,19.805,200
1980-11-30,23:59:59,15.780,200
1980-12-24,23:59:59,5.934,200
1980-12-30,23:59:59,12.682,200
1981-01-02,23:59:59,3.222,200
1981-02-14,23:59:59,5.650,200
1981-10-14,23:59:59,19.292,200
1982-07-08,23:59:59,17.258,200
1982-11-30,23:59:59,17.105,200
1983-03-07,23:59:59,9.723,200
1983-04-29,23:59:59,8.527,200
1983-06-15,23:59:59,4.835,200
1983-09-03,23:59:59,6.459,200
1984-11-29,23:59:59,10.988,200
1985-06-08,23:59:59,6.761,200
1985-08-24,23:59:59,7.730,200
1986-08-29,23:59:59,20.159,200
1987-03-21,23:59:59,4.848,200
1987-08-01,23:59:59,13.275,200
1987-08-05,23:59:59,8.191,200
1987-08-16,23:59:59,7.325,200
1988-05-02,23:59:59,15.372,200
1988-06-01,23:59:59,13.780,200
1988-11-10,23:59:59,22.075,200
1988-11-25,23:59:59,22.286,200
1990-06-01,23:59:59,14.786,200
1991-02-14,23:59:59,18.272,200
1991-05-17,23:59:59,8.765,200
1991-09-06,23:59:59,20.888,200
1992-09-26,23:59:59,22.425,200
1992-11-08,23:59:59,19.084,200
1993-02-01,23:59:59,9.710,200
1993-09-13,23:59:59,5.487,200
1993-12-31,23:59:59,6.729,200
1994-02-12,23:59:59,9.898,200
1994-03-15,23:59:59,12.322,200
1994-11-26,23:59:59,24.494,200
1995-10-06,23:59:59,14.655,200
1995-12-15,23:59:59,14.669,200
1996-04-18,23:59:59,6.673,200
1996-04-19,23:59:59,6.779,200
1997-04-14,23:59:59,9.817,200
1997-06-12,23:59:59,13.884,200
1997-08-08,23:59:59,19.782,200
1997-11-25,23:59:59,18.366,200
1998-02-11,23:59:59,18.896,200
1999-03-23,23:59:59,10.130,200
1999-05-07,23:59:59,18.301,200
2000-04-10,23:59:59,5.791,200
2000-09-29,23:59:59,10.958,200
2001-01-10,23:59:59,11.849,200
2001-12-22,23:59:59,18.298,200
2002-11-23,23:59:59,7.583,200
2003-01-23,23:59:59,14.384,200
2003-02-04,23:59:59,13.121,200
2003-02-09,23:59:59,15.923,200
2003-05-01,23:59:59,9.686,200
2003-06-03,23:59:59,11.457,200
2004-01-31,23:59:59,5.666,200
2004-06-27,23:59:59,25.858,200
2005-01-20,23:59:59,13.877,200
2006-05-26,23:59:59,12.610,200
2008-03-21,23:59:59,8.522,200
2008-06-07,23:59:59,13.919,200
2009-03-28,23:59:59,9.481,200
2009-05-11,23:59:59,13.262,200
2009-09-20,23:59:59,16.358,200
2010-02-21,23:59:59,11.503,200
2010-02-27,23:59:59,17.662,200
2010-10-04,23:59:59,27.198,200
2011-01-11,23:59:59,13.412,200
2011-05-02,23:59:59,15.920,200
2011-07-16,23:59:59,12.564,200
2012-10-29,23:59:59,20.505,200
2013-01-17,23:59:59,10.136,200
2013-03-22,23:59:59,6.675,200
2013-03-31,23:59:59,5.492,200
2013-05-23,23:59:59,10.015,200
2014-11-12,23:59:59,10.388,200
2015-01-08,23:59:59,13.260,200
2016-05-05,23:59:59,7.742,200
2016-11-03,23:59:59,11.895,200
2019-08-26,23:59:59,13.013,200
2019-11-13,23:59:59,7.727,200
2020-01-13,23:59:59,11.015,200
2020-04-09,23:59:59,10.523,200
2020-05-22,23:59:59,9.572,200
2020-05-26,23:59:59,8.740,200
2020-07-24,23:59:59,7.136,200
2020-09-21,23:59:59,7.275,200
2020-09-25,23:59:59,3.045,200
2021-01-07,23:59:59,9.291,200
2021-02-24,23:59:59,17.043,200
2021-08-13,23:59:59,10.198,200
2021-12-31,23:59:59,6.140,200
2022-10-04,23:59:59,26.217,200
2022-11-23,23:59:59,25.975,200
2024-02-29,23:59:59,13.861,200
2024-12-16,23:59:59,9.133,200
1980-07-02,23:59:59,6.795,200
1980-07-04,23:59:59,13.549,200
1980-07-15,23:59:59,18.721,200
1980-08-16,23:59:59,11.188,200
1981-03-13,23:59:59,16.237,200
1982-12-28,23:59:59,8.645,200
1985-01-14,23:59:59,11.583,200
1985-04-28,23:59:59,9.705,200
1985-09-15,23:59:59,14.863,200
1986-01-06,23:59:59,25.176,200
1986-04-23,23:59:59,10.482,200
1987-08-30,23:59:59,10.001,200
1987-11-06,23:59:59,13.973,200
1988-10-02,23:59:59,14.742,200
1988-11-09,23:59:59,21.782,200
1989-04-15,23:59:59,18.477,200
1990-10-15,23:59:59,12.568,200
1991-07-05,23:59:59,9.607,200
1991-07-07,23:59:59,9.599,200
1992-01-16,23:59:59,15.589,200
1992-02-06,23:59:59,11.717,200
1992-03-09,23:59:59,15.610,200
1992-12-02,23:59:59,7.651,200
1993-08-18,23:59:59,11.149,200
1994-03-08,23:59:59,11.420,200
1994-08-28,23:59:59,20.042,200
1995-01-16,23:59:59,14.085,200
1995-08-01,23:59:59,21.158,200
1997-04-23,23:59:59,9.455,200
1997-09-24,23:59:59,11.061,200
1998-03-04,23:59:59,11.554,200
1998-09-25,23:59:59,15.401,200
1998-12-16,23:59:59,20.749,200
1999-01-29,23:59:59,18.545,200
2000-07-09,23:59:59,17.632,200
2001-02-02,23:59:59,13.043,200
2001-12-19,23:59:59,25.308,200
2003-02-01,23:59:59,10.546,200
2003-06-14,23:59:59,19.336,200
2004-06-02,23:59:59,15.564,200
2004-06-07,23:59:59,15.185,200
2004-08-29,23:59:59,21.216,200
2005-02-04,23:59:59,14.411,200
2005-08-28,23:59:59,5.952,200
2006-01-05,23:59:59,6.188,200
2006-04-13,23:59:59,8.788,200
2008-02-21,23:59:59,12.042,200
2008-03-22,23:59:59,9.309,200
2009-01-18,23:59:59,9.536,200
2009-12-27,23:59:59,7.970,200
2010-05-04,23:59:59,8.902,200
2011-04-10,23:59:59,7.687,200
2011-04-16,23:59:59,11.149,200
2012-01-15,23:59:59,19.198,200
2012-02-18,23:59:59,10.162,200
2012-06-30,23:59:59,9.842,200
2013-01-03,23:59:59,6.936,200
2013-08-02,23:59:59,13.102,200
2015-02-19,23:59:59,7.335,200
2015-04-04,23:59:59,6.780,200
2017-11-21,23:59:59,17.672,200
2018-05-19,23:59:59,14.052,200
2018-11-26,23:59:59,16.135,200
2020-03-18,23:59:59,13.418,200
2020-10-02,23:59:59,6.789,200
2021-03-20,23:59:59,10.400,200
2022-01-13,23:59:59,8.886,200
2022-01-16,23:59:59,10.488,200
2022-03-28,23:59:59,12.868,200
2023-04-15,23:59:59,7.980,200
2024-05-25,23:59:59,7.954,200
2024-10-24,23:59:59,4.822,200
1980-01-11,23:59:59,13.376,200
1980-01-31,23:59:59,21.291,200
1980-08-17,23:59:59,15.979,200
1981-08-23,23:59:59,18.056,200
1984-05-06,23:59:59,10.388,200
1984-08-09,23:59:59,10.266,200
1984-09-25,23:59:59,13.516,200
1984-12-04,23:59:59,15.175,200
1985-12-28,23:59:59,11.194,200
1986-01-05,23:59:59,23.575,200
1986-09-07,23:59:59,16.113,200
1986-09-28,23:59:59,10.426,200
1986-11-30,23:59:59,17.611,200
1987-12-22,23:59:59,14.920,200
1988-03-12,23:59:59,2.789,200
1989-01-27,23:59:59,23.719,200
1989-08-04,23:59:59,17.128,200
1990-07-22,23:59:59,8.231,200
1990-07-29,23:59:59,16.145,200
1992-08-30,23:59:59,23.610,200
1992-12-06,23:59:59,6.842,200
1993-01-07,23:59:59,21.776,200
1995-01-19,23:59:59,10.288,200
1995-03-10,23:59:59,13.426,200
1995-08-08,23:59:59,23.152,200
1995-10-01,23:59:59,13.977,200
1996-01-14,23:59:59,9.802,200
1996-08-30,23:59:59,24.230,200
1998-04-16,23:59:59,8.604,200
1998-08-02,23:59:59,25.868,200
1999-02-10,23:59:59,17.824,200
2000-01-19,23:59:59,19.849,200
2000-03-13,23:59:59,6.863,200
2001-05-09,23:59:59,12.233,200
2001-11-25,23:59:59,9.130,200
2002-06-11,23:59:59,16.322,200
2002-11-20,23:59:59,19.630,200
2003-01-19,23:59:59,12.163,200
2003-11-26,23:59:59,19.094,200
2005-09-30,23:59:59,8.406,200
2006-09-26,23:59:59,13.053,200
2007-11-18,23:59:59,10.368,200
2009-05-03,23:59:59,10.589,200
2009-08-06,23:59:59,7.314,200
2009-08-09,23:59:59,9.621,200
2009-12-02,23:59:59,15.048,200
2011-04-01,23:59:59,12.336,200
2011-04-13,23:59:59,16.118,200
2011-09-21,23:59:59,17.608,200
2013-11-24,23:59:59,10.913,200
2014-02-11,23:59:59,22.914,200
2014-06-01,23:59:59,9.561,200
2014-06-24,23:59:59,15.825,200
2014-07-09,23:59:59,17.580,200
2015-03-27,23:59:59,10.655,200
2015-04-02,23:59:59,11.682,200
2016-03-08,23:59:59,13.518,200
2016-05-02,23:59:59,14.401,200
2016-06-25,23:59:59,8.869,200
2019-07-11,23:59:59,15.726,200
2019-07-17,23:59:59,13.257,200
2019-11-23,23:59:59,5.825,200
2020-03-15,23:59:59,11.064,200
2020-07-08,23:59:59,14.994,200
2020-08-21,23:59:59,6.291,200
2020-12-29,23:59:59,7.771,200
2021-05-24,23:59:59,11.724,200
2021-10-02,23:59:59,6.628,200
2022-10-26,23:59:59,21.848,200
2022-11-18,23:59:59,17.631,200
2022-12-06,23:59:59,25.011,200
2024-05-14,23:59:59,16.294,200
2024-10-13,23:59:59,12.884,200
1980-01-05,23:59:59,14.012,200
1980-09-25,23:59:59,17.875,200
1981-01-11,23:59:59,14.219,200
1981-01-31,23:59:59,19.272,200
1981-03-21,23:59:59,15.909,200
1981-04-01,23:59:59,14.742,200
1981-07-31,23:59:59,16.491,200
1982-11-29,23:59:59,13.142,200
1983-05-17,23:59:59,14.450,200
1985-05-13,23:59:59,14.156,200
1987-07-08,23:59:59,16.934,200
1987-08-10,23:59:59,11.692,200
1987-10-26,23:59:59,5.103,200
1989-08-15,23:59:59,16.646,200
1989-11-30,23:59:59,15.376,200
1990-06-26,23:59:59,11.233,200
1990-08-08,23:59:59,6.781,200
1991-02-21,23:59:59,16.693,200
1991-11-11,23:59:59,14.045,200
1991-12-23,23:59:59,9.661,200
1992-01-11,23:59:59,12.038,200
1992-12-01,23:59:59,7.734,200
1993-02-11,23:59:59,6.124,200
1993-03-12,23:59:59,11.858,200
1993-04-02,23:59:59,11.416,200
1994-08-17,23:59:59,23.811,200
1996-12-21,23:59:59,14.128,200
1997-02-10,23:59:59,9.967,200
1997-08-14,23:59:59,14.431,200
1997-08-28,23:59:59,17.418,200
1997-11-11,23:59:59,9.139,200
1998-09-09,23:59:59,18.135,200
1998-11-22,23:59:59,18.383,200
1999-04-07,23:59:59,7.746,200
1999-04-19,23:59:59,9.700,200
1999-06-22,23:59:59,19.609,200
1999-12-10,23:59:59,17.776,200
2000-05-13,23:59:59,16.805,200
2001-01-29,23:59:59,12.848,200
2001-05-04,23:59:59,8.428,200
2001-05-31,23:59:59,19.289,200
2001-06-06,23:59:59,18.539,200
2001-09-05,23:59:59,18.117,200
2002-07-30,23:59:59,23.649,200
2002-09-30,23:59:59,14.568,200
2003-10-06,23:59:59,18.934,200
2004-02-29,23:59:59,26.934,200
2004-03-05,23:59:59,27.174,200
2004-05-03,23:59:59,11.729,200
2006-01-06,23:59:59,8.690,200
2006-09-05,23:59:59,17.620,200
2006-10-07,23:59:59,9.532,200
2007-02-02,23:59:59,15.215,200
2007-03-16,23:59:59,5.798,200
2007-04-23,23:59:59,10.886,200
2007-04-26,23:59:59,9.604,200
2007-05-09,23:59:59,11.675,200
2007-06-01,23:59:59,7.177,200
2008-02-05,23:59:59,15.794,200
2008-10-29,23:59:59,25.675,200
2009-01-09,23:59:59,16.010,200
2009-07-06,23:59:59,12.979,200
2010-04-25,23:59:59,6.719,200
2010-09-11,23:59:59,26.231,200
2011-03-28,23:59:59,18.083,200
2011-07-24,23:59:59,24.603,200
2011-10-22,23:59:59,6.585,200
2012-08-18,23:59:59,17.298,200
2013-01-12,23:59:59,10.128,200
2013-03-16,23:59:59,9.652,200
2014-01-07,23:59:59,7.825,200
2014-03-05,23:59:59,7.095,200
2014-08-17,23:59:59,10.217,200
2014-12-19,23:59:59,7.021,200
2015-02-26,23:59:59,7.672,200
2015-09-21,23:59:59,20.520,200
2015-12-29,23:59:59,13.928,200
2016-03-24,23:59:59,6.667,200
2016-05-19,23:59:59,10.866,200
2016-07-20,23:59:59,13.921,200
2016-08-03,23:59:59,13.477,200
2016-08-12,23:59:59,18.100,200
2016-09-02,23:59:59,13.539,200
2016-11-01,23:59:59,14.288,200
2017-07-15,23:59:59,22.392,200
2018-12-10,23:59:59,14.618,200
2019-06-02,23:59:59,5.137,200
2019-10-14,23:59:59,6.971,200
2019-10-15,23:59:59,10.874,200
2020-04-02,23:59:59,7.080,200
2020-05-08,23:59:59,4.655,200
2021-05-12,23:59:59,10.375,200
2021-08-20,23:59:59,8.746,200
2022-05-20,23:59:59,4.709,200
2022-11-13,23:59:59,12.004,200
2023-02-08,23:59:59,26.179,200
2023-07-15,23:59:59,5.562,200
2024-03-26,23:59:59,6.400,200
2024-05-31,23:59:59,4.442,200
2024-10-15,23:59:59,18.127,200
1982-03-10,23:59:59,14.805,200
1982-12-05,23:59:59,14.339,200
1984-06-18,23:59:59,17.524,200
1984-09-12,23:59:59,10.808,200
1985-01-04,23:59:59,16.407,200
1985-05-26,23:59:59,10.158,200
1985-06-20,23:59:59,7.908,200
1987-03-22,23:59:59,6.332,200
1987-05-25,23:59:59,15.687,200
1987-06-01,23:59:59,14.265,200
1988-08-27,23:59:59,16.086,200
1988-11-26,23:59:59,21.588,200
1988-12-01,23:59:59,20.234,200
1988-12-07,23:59:59,24.309,200
1989-10-18,23:59:59,5.777,200
1990-03-13,23:59:59,15.243,200
1990-07-23,23:59:59,9.456,200
1990-08-04,23:59:59,13.193,200
1991-06-27,23:59:59,8.694,200
1992-09-05,23:59:59,20.636,200
1992-10-22,23:59:59,18.370,200
1993-05-29,23:59:59,15.426,200
1994-06-04,23:59:59,4.196,200
1995-07-12,23:59:59,22.173,200
1997-03-03,23:59:59,10.224,200
1997-08-03,23:59:59,17.314,200
1998-02-10,23:59:59,21.078,200
2001-02-03,23:59:59,9.234,200
2001-07-07,23:59:59,6.965,200
2001-07-21,23:59:59,10.448,200
2002-11-14,23:59:59,21.463,200
2003-12-27,23:59:59,13.318,200
2004-05-25,23:59:59,16.027,200
2005-07-14,23:59:59,12.850,200
2005-09-11,23:59:59,5.153,200
2006-04-23,23:59:59,17.207,200
2006-05-30,23:59:59,19.456,200
2006-07-27,23:59:59,18.923,200
2007-03-28,23:59:59,5.665,200
2007-06-28,23:59:59,20.898,200
2007-08-21,23:59:59,20.725,200
2008-08-25,23:59:59,26.640,200
2008-11-07,23:59:59,15.383,200
2008-11-30,23:59:59,12.967,200
2009-01-01,23:59:59,7.003,200
2009-01-17,23:59:59,11.224,200
2009-08-16,23:59:59,5.625,200
2010-02-22,23:59:59,18.123,200
2010-04-14,23:59:59,6.438,200
2010-11-14,23:59:59,14.373,200
2011-04-26,23:59:59,15.269,200
2012-10-25,23:59:59,18.001,200
2013-06-24,23:59:59,11.413,200
2014-01-26,23:59:59,8.878,200
2015-07-31,23:59:59,14.453,200
2017-01-30,23:59:59,10.035,200
2017-03-18,23:59:59,6.161,200
2018-08-31,23:59:59,20.374,200
2019-08-11,23:59:59,12.064,200
2020-06-19,23:59:59,5.235,200
2022-02-15,23:59:59,9.114,200
2022-05-01,23:59:59,12.649,200
2022-11-22,23:59:59,25.636,200
2022-12-19,23:59:59,26.495,200
2023-02-01,23:59:59,26.614,200
2023-07-13,23:59:59,14.180,200
2024-04-02,23:59:59,16.479,200
2024-05-26,23:59:59,7.112,200
2024-07-09,23:59:59,16.707,200
2024-11-02,23:59:59,4.464,200
1980-02-01,23:59:59,20.042,200
1980-03-01,23:59:59,13.517,200
1980-06-30,23:59:59,15.318,200
1981-10-31,23:59:59,19.445,200
1982-04-02,23:59:59,8.978,200
1982-06-30,23:59:59,16.069,200
1982-07-22,23:59:59,16.558,200
1983-05-09,23:59:59,8.703,200
1983-09-13,23:59:59,11.922,200
1984-05-08,23:59:59,7.205,200
1984-12-14,23:59:59,11.116,200
1985-04-01,23:59:59,17.123,200
1985-04-24,23:59:59,11.619,200
1985-06-10,23:59:59,12.704,200
1985-07-02,23:59:59,8.364,200
1985-09-18,23:59:59,14.958,200
1985-11-14,23:59:59,15.844,200
1985-12-02,23:59:59,15.987,200
1986-03-04,23:59:59,18.049,200
1986-09-15,23:59:59,17.413,200
1987-02-11,23:59:59,7.473,200
1987-05-21,23:59:59,7.625,200
1987-05-31,23:59:59,10.477,200
1987-08-28,23:59:59,12.089,200
1988-06-30,23:59:59,6.534,200
1989-03-07,23:59:59,19.248,200
1989-08-07,23:59:59,17.789,200
1990-10-10,23:59:59,20.743,200
1992-04-03,23:59:59,13.890,200
1993-05-14,23:59:59,5.766,200
1993-11-29,23:59:59,5.566,200
1994-02-13,23:59:59,9.113,200
1994-05-03,23:59:59,9.192,200
1994-06-30,23:59:59,21.720,200
1994-09-22,23:59:59,15.951,200
1994-10-13,23:59:59,21.317,200
1995-02-03,23:59:59,11.510,200
1995-02-10,23:59:59,11.438,200
1995-04-11,23:59:59,17.049,200
1995-08-25,23:59:59,23.676,200
1995-09-29,23:59:59,17.838,200
1995-11-30,23:59:59,21.805,200
1997-02-19,23:59:59,11.322,200
1997-07-17,23:59:59,17.368,200
1998-09-13,23:59:59,18.675,200
1998-12-01,23:59:59,16.651,200
1999-01-17,23:59:59,6.158,200
1999-03-19,23:59:59,7.058,200
1999-12-31,23:59:59,8.621,200
2000-07-06,23:59:59,13.154,200
2001-03-14,23:59:59,13.876,200
2002-04-28,23:59:59,4.421,200
2003-05-17,23:59:59,6.412,200
2003-09-13,23:59:59,9.796,200
2003-10-08,23:59:59,8.955,200
2003-10-20,23:59:59,12.790,200
2004-01-12,23:59:59,12.926,200
2005-04-21,23:59:59,10.193,200
2005-07-20,23:59:59,13.967,200
2005-10-19,23:59:59,19.689,200
2006-02-20,23:59:59,17.279,200
2006-11-22,23:59:59,14.725,200
2006-12-18,23:59:59,14.885,200
2007-03-09,23:59:59,7.378,200
2007-09-28,23:59:59,14.523,200
2008-02-15,23:59:59,10.675,200
2008-10-11,23:59:59,21.498,200
2010-04-20,23:59:59,13.432,200
2010-06-13,23:59:59,6.457,200
2010-08-18,23:59:59,5.964,200
2010-10-03,23:59:59,27.227,200
2010-11-11,23:59:59,13.591,200
2010-11-21,23:59:59,7.659,200
2011-05-18,23:59:59,21.944,200
2011-06-28,23:59:59,23.410,200
2011-08-27,23:59:59,6.916,200
2011-11-29,23:59:59,15.251,200
2012-04-22,23:59:59,15.075,200
2013-08-03,23:59:59,9.271,200
2014-03-09,23:59:59,7.828,200
2014-07-15,23:59:59,9.347,200
2015-02-25,23:59:59,10.862,200
2015-05-25,23:59:59,12.771,200
2015-10-18,23:59:59,15.874,200
2016-01-24,23:59:59,11.959,200
2016-02-13,23:59:59,8.214,200
2016-04-27,23:59:59,12.439,200
2017-06-21,23:59:59,17.873,200
2017-12-01,23:59:59,13.381,200
2017-12-12,23:59:59,15.634,200
2018-07-19,23:59:59,20.544,200
2019-06-23,23:59:59,11.954,200
2020-06-21,23:59:59,4.839,200
2020-10-23,23:59:59,3.970,200
2020-10-27,23:59:59,4.810,200
2022-07-08,23:59:59,12.170,200
2022-07-26,23:59:59,24.486,200
2022-09-08,23:59:59,23.832,200
2022-09-16,23:59:59,25.347,200
2023-01-05,23:59:59,14.774,200
2023-03-24,23:59:59,15.995,200
2023-12-27,23:59:59,5.949,200
2024-02-07,23:59:59,16.228,200
2024-12-23,23:59:59,5.038,200
1980-10-29,23:59:59,17.944,200
1981-05-13,23:59:59,13.110,200
1981-07-11,23:59:59,7.947,200
1984-06-06,23:59:59,22.398,200
1984-12-01,23:59:59,9.116,200
1985-02-11,23:59:59,17.035,200
1985-04-19,23:59:59,12.036,200
1985-10-10,23:59:59,8.672,200
1985-12-05,23:59:59,17.533,200
1986-01-25,23:59:59,14.907,200
1986-04-27,23:59:59,8.565,200
1986-08-04,23:59:59,22.157,200
1986-10-22,23:59:59,20.110,200
1987-05-07,23:59:59,16.494,200
1987-07-06,23:59:59,14.917,200
1987-10-30,23:59:59,9.704,200
1991-02-15,23:59:59,15.429,200
1991-04-26,23:59:59,6.950,200
1991-06-04,23:59:59,14.415,200
1991-07-24,23:59:59,4.142,200
1992-06-05,23:59:59,9.291,200
1992-09-21,23:59:59,22.664,200
1992-12-21,23:59:59,22.571,200
1993-06-09,23:59:59,20.381,200
1993-11-26,23:59:59,5.529,200
1994-08-07,23:59:59,24.529,200
1994-10-01,23:59:59,20.365,200
1994-11-11,23:59:59,18.362,200
1995-01-02,23:59:59,8.067,200
1995-04-02,23:59:59,7.192,200
1995-04-04,23:59:59,10.357,200
1995-09-22,23:59:59,23.193,200
1996-09-15,23:59:59,25.615,200
1997-04-08,23:59:59,8.007,200
1998-02-14,23:59:59,10.435,200
1998-11-18,23:59:59,20.616,200
1999-03-07,23:59:59,5.012,200
2000-03-28,23:59:59,7.282,200
2000-07-31,23:59:59,17.388,200
2000-11-05,23:59:59,12.396,200
2001-10-11,23:59:59,11.090,200
2003-12-17,23:59:59,11.783,200
2004-01-03,23:59:59,12.195,200
2004-05-31,23:59:59,12.180,200
2004-07-09,23:59:59,24.928,200
2004-11-08,23:59:59,21.289,200
2005-06-07,23:59:59,17.024,200
2005-12-25,23:59:59,5.329,200
2006-06-13,23:59:59,21.685,200
2007-01-15,23:59:59,12.396,200
2007-02-06,23:59:59,6.277,200
2007-04-27,23:59:59,7.798,200
2007-06-10,23:59:59,14.068,200
2007-08-29,23:59:59,21.635,200
2009-04-18,23:59:59,8.203,200
2009-07-15,23:59:59,19.424,200
2010-02-18,23:59:59,17.848,200
2010-04-10,23:59:59,7.155,200
2011-04-23,23:59:59,8.336,200
2011-10-02,23:59:59,12.207,200
2012-05-01,23:59:59,11.828,200
2012-12-21,23:59:59,10.251,200
2013-06-29,23:59:59,8.535,200
2013-12-14,23:59:59,10.709,200
2013-12-20,23:59:59,9.705,200
2017-03-24,23:59:59,15.454,200
2017-12-04,23:59:59,14.758,200
2018-05-06,23:59:59,12.668,200
2018-10-15,23:59:59,17.056,200
2020-01-08,23:59:59,9.639,200
2020-07-29,23:59:59,15.006,200
2021-02-13,23:59:59,7.718,200
2021-02-26,23:59:59,12.784,200
2021-07-14,23:59:59,18.643,200
2021-07-16,23:59:59,6.003,200
2021-11-05,23:59:59,14.750,200
2022-03-04,23:59:59,12.235,200
2022-11-21,23:59:59,20.242,200
2023-09-24,23:59:59,4.477,200
2023-12-14,23:59:59,6.426,200
2024-05-07,23:59:59,12.899,200
2024-05-21,23:59:59,4.326,200
2024-05-30,23:59:59,10.840,200
1980-04-23,23:59:59,14.221,200
1980-07-16,23:59:59,18.836,200
1980-07-17,23:59:59,18.361,200
1980-08-10,23:59:59,16.625,200
1980-08-25,23:59:59,18.501,200
1980-12-17,23:59:59,19.421,200
1982-08-04,23:59:59,11.395,200
1982-08-20,23:59:59,11.865,200
1983-05-02,23:59:59,8.628,200
1983-05-03,23:59:59,10.061,200
1983-06-29,23:59:59,8.683,200
1984-01-06,23:59:59,17.833,200
1984-03-24,23:59:59,5.570,200
1984-07-15,23:59:59,6.332,200
1984-12-26,23:59:59,3.731,200
1985-01-06,23:59:59,17.783,200
1985-08-16,23:59:59,15.062,200
1986-01-09,23:59:59,25.182,200
1986-08-01,23:59:59,22.357,200
1986-09-10,23:59:59,23.782,200
1987-04-26,23:59:59,16.670,200
1987-05-28,23:59:59,16.168,200
1988-06-19,23:59:59,6.527,200
1988-08-17,23:59:59,18.842,200
1988-08-20,23:59:59,15.162,200
1988-08-31,23:59:59,16.005,200
1989-09-15,23:59:59,16.178,200
1990-06-28,23:59:59,13.871,200
1991-01-27,23:59:59,11.899,200
1991-06-01,23:59:59,13.255,200
1992-09-10,23:59:59,23.242,200
1993-11-19,23:59:59,8.574,200
1994-08-19,23:59:59,22.275,200
1994-09-01,23:59:59,17.576,200
1995-01-28,23:59:59,7.521,200
1995-04-18,23:59:59,21.272,200
1995-06-22,23:59:59,14.290,200
1995-09-17,23:59:59,14.494,200
1995-10-29,23:59:59,23.817,200
1995-12-18,23:59:59,13.422,200
1996-06-08,23:59:59,18.061,200
1996-06-14,23:59:59,17.604,200
1996-07-26,23:59:59,17.553,200
1996-11-06,23:59:59,13.691,200
1997-04-18,23:59:59,8.959,200
1997-10-28,23:59:59,19.171,200
1998-05-16,23:59:59,8.460,200
1999-03-01,23:59:59,10.768,200
2000-04-21,23:59:59,5.874,200
2001-01-04,23:59:59,10.850,200
2002-06-05,23:59:59,13.305,200
2002-10-08,23:59:59,12.358,200
2003-04-15,23:59:59,15.719,200
2004-02-19,23:59:59,25.776,200
2004-10-15,23:59:59,14.485,200
2005-06-24,23:59:59,12.294,200
2008-09-16,23:59:59,26.010,200
2009-10-24,23:59:59,16.174,200
2009-10-30,23:59:59,23.981,200
2010-04-29,23:59:59,7.732,200
2011-08-31,23:59:59,11.696,200
2012-02-03,23:59:59,10.206,200
2012-07-16,23:59:59,6.671,200
2012-08-16,23:59:59,20.719,200
2013-08-18,23:59:59,8.729,200
2014-03-13,23:59:59,9.524,200
2014-05-29,23:59:59,12.203,200
2014-07-26,23:59:59,9.052,200
2015-10-02,23:59:59,10.197,200
2015-12-17,23:59:59,13.634,200
2016-03-16,23:59:59,10.896,200
2016-08-21,23:59:59,15.298,200
2016-09-19,23:59:59,17.004,200
2017-03-25,23:59:59,8.990,200
2017-05-11,23:59:59,17.860,200
2017-11-26,23:59:59,9.381,200
2018-07-29,23:59:59,12.693,200
2018-08-25,23:59:59,20.706,200
2019-07-06,23:59:59,16.095,200
2019-08-10,23:59:59,12.791,200
2020-05-18,23:59:59,12.705,200
2022-06-14,23:59:59,6.139,200
2022-06-28,23:59:59,20.308,200
2022-09-30,23:59:59,23.423,200
2023-03-20,23:59:59,12.846,200
2024-09-24,23:59:59,4.809,200
1980-02-22,23:59:59,10.617,200
1980-09-05,23:59:59,14.100,200
1981-02-20,23:59:59,11.065,200
1981-04-23,23:59:59,14.804,200
1982-08-29,23:59:59,11.265,200
1982-10-30,23:59:59,7.565,200
1983-11-12,23:59:59,22.493,200
1984-07-12,23:59:59,4.973,200
1984-07-21,23:59:59,9.125,200
1984-09-03,23:59:59,9.844,200
1984-10-14,23:59:59,10.444,200
1985-02-17,23:59:59,4.309,200
1985-03-02,23:59:59,7.586,200
1986-02-01,23:59:59,20.366,200
1986-04-12,23:59:59,8.707,200
1986-04-16,23:59:59,11.279,200
1988-10-10,23:59:59,22.450,200
1989-03-31,23:59:59,11.750,200
1989-09-30,23:59:59,11.741,200
1989-11-13,23:59:59,13.555,200
1989-12-20,23:59:59,8.610,200
1991-09-28,23:59:59,19.995,200
1993-01-26,23:59:59,13.225,200
1994-03-03,23:59:59,10.287,200
1994-07-06,23:59:59,23.272,200
1994-10-30,23:59:59,23.372,200
1995-04-03,23:59:59,10.690,200
1996-05-06,23:59:59,18.824,200
1996-10-20,23:59:59,22.776,200
1996-11-18,23:59:59,11.771,200
1997-05-26,23:59:59,7.143,200
1997-07-14,23:59:59,16.342,200
1997-12-02,23:59:59,17.458,200
1998-10-14,23:59:59,17.870,200
1999-07-13,23:59:59,14.631,200
1999-08-31,23:59:59,12.670,200
1999-11-07,23:59:59,10.733,200
1999-12-16,23:59:59,10.771,200
2001-09-14,23:59:59,11.749,200
2002-01-14,23:59:59,18.229,200
2002-11-29,23:59:59,11.983,200
2003-01-21,23:59:59,17.448,200
2004-02-05,23:59:59,22.342,200
2005-04-23,23:59:59,5.851,200
2005-08-11,23:59:59,14.019,200
2005-08-16,23:59:59,13.115,200
2006-11-19,23:59:59,5.703,200
2007-04-25,23:59:59,5.242,200
2007-10-05,23:59:59,13.300,200
2007-12-08,23:59:59,5.145,200
2008-01-15,23:59:59,9.375,200
2008-04-25,23:59:59,5.691,200
2009-11-15,23:59:59,16.108,200
2010-10-06,23:59:59,26.953,200
2010-12-19,23:59:59,7.073,200
2011-10-03,23:59:59,19.381,200
2011-11-02,23:59:59,12.889,200
2012-02-10,23:59:59,9.499,200
2013-04-18,23:59:59,8.515,200
2013-07-26,23:59:59,7.245,200
2014-08-23,23:59:59,9.731,200
2015-01-20,23:59:59,11.353,200
2015-09-01,23:59:59,20.355,200
2015-09-26,23:59:59,10.901,200
2016-04-22,23:59:59,9.764,200
2016-11-19,23:59:59,25.838,200
2017-06-26,23:59:59,15.526,200
2017-10-07,23:59:59,9.569,200
2018-07-14,23:59:59,11.820,200
2019-04-14,23:59:59,5.901,200
2019-07-09,23:59:59,14.541,200
2019-09-25,23:59:59,16.699,200
2021-10-28,23:59:59,17.112,200
2023-02-19,23:59:59,12.506,200
2024-03-03,23:59:59,4.632,200
2024-06-29,23:59:59,8.171,200
2024-07-20,23:59:59,8.166,200
2024-09-22,23:59:59,4.495,200
1980-02-15,23:59:59,12.514,200
1980-12-27,23:59:59,3.034,200
1982-03-04,23:59:59,12.543,200
1982-03-08,23:59:59,12.559,200
1982-06-08,23:59:59,16.589,200
1982-06-19,23:59:59,15.800,200
1984-01-02,23:59:59,10.061,200
1984-01-19,23:59:59,15.620,200
1985-01-01,23:59:59,13.523,200
1985-02-06,23:59:59,7.662,200
1985-12-04,23:59:59,9.594,200
1986-03-01,23:59:59,16.798,200
1986-11-23,23:59:59,19.052,200
1986-12-12,23:59:59,15.650,200
1987-06-22,23:59:59,14.743,200
1987-09-22,23:59:59,20.017,200
1987-12-18,23:59:59,16.612,200
1988-01-01,23:59:59,13.826,200
1988-12-29,23:59:59,18.325,200
1989-11-21,23:59:59,10.767,200
1990-02-27,23:59:59,19.887,200
1990-08-01,23:59:59,20.330,200
1990-10-23,23:59:59,18.792,200
1991-01-07,23:59:59,14.051,200
1991-02-06,23:59:59,9.282,200
1992-03-29,23:59:59,8.087,200
1992-04-24,23:59:59,15.698,200
1992-11-21,23:59:59,15.774,200
1993-04-04,23:59:59,5.585,200
1993-06-18,23:59:59,15.495,200
1994-04-24,23:59:59,8.233,200
1994-09-02,23:59:59,18.756,200
1994-12-26,23:59:59,5.607,200
1997-03-12,23:59:59,12.357,200
1998-09-18,23:59:59,18.893,200
2000-07-26,23:59:59,10.629,200
2000-11-23,23:59:59,16.574,200
2002-05-28,23:59:59,13.154,200
2003-03-28,23:59:59,10.304,200
2004-08-10,23:59:59,24.430,200
2004-08-15,23:59:59,24.308,200
2004-09-01,23:59:59,22.539,200
2005-01-10,23:59:59,23.528,200
2005-04-03,23:59:59,8.686,200
2005-12-09,23:59:59,15.769,200
2006-07-14,23:59:59,14.570,200
2006-11-11,23:59:59,17.699,200
2007-09-19,23:59:59,15.683,200
2008-03-18,23:59:59,8.556,200
2008-07-18,23:59:59,13.011,200
2008-11-18,23:59:59,14.892,200
2010-03-04,23:59:59,13.840,200
2010-08-29,23:59:59,10.183,200
2010-12-21,23:59:59,8.803,200
2011-06-05,23:59:59,14.758,200
2011-07-19,23:59:59,24.834,200
2012-04-23,23:59:59,17.799,200
2012-07-23,23:59:59,12.827,200
2013-01-21,23:59:59,12.630,200
2013-03-15,23:59:59,12.449,200
2013-09-23,23:59:59,6.242,200
2013-10-15,23:59:59,13.890,200
2013-12-19,23:59:59,12.098,200
2014-05-01,23:59:59,9.526,200
2015-05-03,23:59:59,6.421,200
2015-09-10,23:59:59,20.616,200
2017-08-19,23:59:59,11.258,200
2018-01-22,23:59:59,17.325,200
2018-01-27,23:59:59,13.240,200
2018-06-30,23:59:59,16.129,200
2018-08-12,23:59:59,12.160,200
2019-02-22,23:59:59,12.236,200
2019-03-25,23:59:59,12.870,200
2020-05-24,23:59:59,7.130,200
2021-03-22,23:59:59,15.829,200
2021-10-07,23:59:59,12.677,200
2022-07-09,23:59:59,4.982,200
2023-09-04,23:59:59,9.448,200
2024-12-04,23:59:59,8.537,200
1981-01-28,23:59:59,18.675,200
1982-06-15,23:59:59,16.143,200
1983-01-10,23:59:59,16.222,200
1983-12-04,23:59:59,16.545,200
1984-01-01,23:59:59,7.105,200
1984-09-23,23:59:59,9.703,200
1985-01-16,23:59:59,16.096,200
1986-07-26,23:59:59,3.793,200
1987-01-27,23:59:59,9.495,200
1987-03-24,23:59:59,12.503,200
1988-05-01,23:59:59,10.322,200
1988-11-20,23:59:59,13.318,200
1989-01-11,23:59:59,24.271,200
1989-05-29,23:59:59,14.945,200
1990-06-13,23:59:59,16.655,200
1990-08-24,23:59:59,11.427,200
1990-10-16,23:59:59,7.270,200
1991-01-09,23:59:59,13.276,200
1991-04-08,23:59:59,16.385,200
1991-08-02,23:59:59,12.121,200
1991-12-06,23:59:59,12.002,200
1992-01-04,23:59:59,9.554,200
1992-05-07,23:59:59,12.501,200
1992-05-30,23:59:59,8.507,200
1992-09-06,23:59:59,22.673,200
1994-08-06,23:59:59,23.527,200
1996-01-06,23:59:59,14.051,200
1996-03-05,23:59:59,21.453,200
1996-03-17,23:59:59,18.758,200
1996-06-26,23:59:59,13.995,200
1996-08-09,23:59:59,22.107,200
1996-08-26,23:59:59,20.218,200
1997-05-17,23:59:59,6.747,200
1998-01-12,23:59:59,12.626,200
1998-05-12,23:59:59,7.960,200
1998-09-12,23:59:59,18.939,200
1999-12-08,23:59:59,13.856,200
2000-07-17,23:59:59,15.085,200
2000-09-24,23:59:59,12.427,200
2001-05-23,23:59:59,16.575,200
2002-01-31,23:59:59,11.618,200
2002-04-21,23:59:59,3.323,200
2002-08-05,23:59:59,19.969,200
2002-09-14,23:59:59,22.046,200
2003-07-22,23:59:59,20.592,200
2003-09-23,23:59:59,10.679,200
2003-12-29,23:59:59,12.114,200
2004-08-01,23:59:59,24.598,200
2005-02-19,23:59:59,9.106,200
2005-03-02,23:59:59,13.921,200
2005-03-06,23:59:59,8.001,200
2005-04-30,23:59:59,7.713,200
2006-06-12,23:59:59,21.312,200
2006-08-01,23:59:59,16.516,200
2007-06-13,23:59:59,13.649,200
2008-11-29,23:59:59,13.588,200
2009-07-09,23:59:59,15.262,200
2009-10-04,23:59:59,5.178,200
2010-04-04,23:59:59,6.961,200
2011-08-21,23:59:59,18.202,200
2011-11-10,23:59:59,17.360,200
2013-09-13,23:59:59,6.290,200
2015-01-06,23:59:59,11.223,200
2015-07-01,23:59:59,13.231,200
2015-08-01,23:59:59,11.200,200
2016-02-19,23:59:59,10.630,200
2017-02-03,23:59:59,8.161,200
2017-02-11,23:59:59,7.910,200
2017-11-01,23:59:59,18.015,200
2018-03-22,23:59:59,22.239,200
2019-03-02,23:59:59,5.924,200
2020-04-14,23:59:59,9.601,200
1980-01-17,23:59:59,11.156,200
1981-07-02,23:59:59,17.242,200
1981-11-11,23:59:59,16.255,200
1981-12-11,23:59:59,8.909,200
1982-03-06,23:59:59,7.833,200
1982-09-13,23:59:59,10.105,200
1983-01-02,23:59:59,4.533,200
1983-09-05,23:59:59,11.922,200
1984-04-16,23:59:59,14.014,200
1984-05-07,23:59:59,10.476,200
1984-12-22,23:59:59,5.549,200
1985-04-21,23:59:59,3.514,200
1985-12-20,23:59:59,18.883,200
1988-01-03,23:59:59,14.762,200
1988-09-08,23:59:59,16.913,200
1989-01-26,23:59:59,23.789,200
1989-04-26,23:59:59,16.067,200
1989-07-27,23:59:59,20.209,200
1989-12-31,23:59:59,6.465,200
1990-12-17,23:59:59,14.339,200
1991-01-31,23:59:59,10.850,200
1992-04-23,23:59:59,17.303,200
1992-12-09,23:59:59,11.233,200
1993-06-29,23:59:59,21.089,200
1993-08-14,23:59:59,8.813,200
1994-05-25,23:59:59,5.301,200
1994-06-09,23:59:59,7.169,200
1996-02-14,23:59:59,22.590,200
1998-01-22,23:59:59,8.429,200
1998-05-22,23:59:59,10.229,200
1998-10-06,23:59:59,15.050,200
1999-07-22,23:59:59,16.100,200
1999-08-07,23:59:59,8.785,200
1999-10-09,23:59:59,11.909,200
2000-02-17,23:59:59,15.578,200
2000-05-06,23:59:59,9.097,200
2000-09-11,23:59:59,19.073,200
2000-11-22,23:59:59,19.742,200
2001-01-28,23:59:59,5.627,200
2001-04-15,23:59:59,5.754,200
2005-06-28,23:59:59,19.119,200
2006-01-07,23:59:59,8.119,200
2007-06-07,23:59:59,13.528,200
2007-10-12,23:59:59,9.552,200
2007-12-19,23:59:59,7.149,200
2008-11-27,23:59:59,8.716,200
2009-01-23,23:59:59,13.053,200
2009-02-20,23:59:59,5.609,200
2009-04-07,23:59:59,5.592,200
2009-11-06,23:59:59,14.768,200
2010-08-12,23:59:59,8.643,200
2010-09-15,23:59:59,26.760,200
2011-07-21,23:59:59,24.741,200
2011-12-09,23:59:59,16.169,200
2012-06-09,23:59:59,6.848,200
2012-09-05,23:59:59,14.816,200
2012-09-30,23:59:59,10.973,200
2012-12-27,23:59:59,6.188,200
2013-10-29,23:59:59,18.283,200
2013-11-11,23:59:59,12.009,200
2013-12-31,23:59:59,7.754,200
2014-02-25,23:59:59,16.603,200
2014-05-22,23:59:59,11.008,200
2014-07-17,23:59:59,13.447,200
2015-02-06,23:59:59,6.598,200
2016-02-15,23:59:59,14.478,200
2016-07-21,23:59:59,14.430,200
2016-08-14,23:59:59,12.479,200
2017-05-20,23:59:59,25.009,200
2017-05-21,23:59:59,25.024,200
2017-10-08,23:59:59,8.877,200
2018-02-26,23:59:59,16.018,200
2018-05-25,23:59:59,15.538,200
2019-11-08,23:59:59,8.466,200
2021-07-15,23:59:59,17.798,200
2023-09-02,23:59:59,6.860,200
2024-05-18,23:59:59,6.709,200
1980-04-15,23:59:59,16.111,200
1980-07-11,23:59:59,13.764,200
1980-09-14,23:59:59,14.546,200
1980-09-30,23:59:59,16.536,200
1981-09-21,23:59:59,18.816,200
1982-01-08,23:59:59,12.368,200
1983-04-04,23:59:59,6.518,200
1983-10-10,23:59:59,10.468,200
1984-03-05,23:59:59,10.156,200
1984-05-05,23:59:59,14.768,200
1984-11-26,23:59:59,11.795,200
1985-03-14,23:59:59,11.517,200
1986-03-29,23:59:59,7.610,200
1986-12-13,23:59:59,14.423,200
1986-12-27,23:59:59,9.428,200
1987-06-11,23:59:59,14.961,200
1987-06-12,23:59:59,14.943,200
1987-08-26,23:59:59,12.102,200
1987-09-18,23:59:59,9.718,200
1987-10-31,23:59:59,6.767,200
1988-08-13,23:59:59,18.582,200
1988-09-15,23:59:59,21.917,200
1988-11-22,23:59:59,22.556,200
1989-02-02,23:59:59,22.175,200
1989-08-08,23:59:59,17.954,200
1989-12-29,23:59:59,10.277,200
1990-08-12,23:59:59,7.608,200
1991-10-28,23:59:59,17.798,200
1993-01-20,23:59:59,13.338,200
1993-08-02,23:59:59,11.175,200
1993-10-30,23:59:59,7.616,200
1995-03-11,23:59:59,8.066,200
1996-02-03,23:59:59,11.236,200
1996-05-20,23:59:59,15.844,200
1996-08-27,23:59:59,17.839,200
1996-09-05,23:59:59,13.924,200
1996-09-27,23:59:59,24.787,200
1997-03-26,23:59:59,9.568,200
1997-05-27,23:59:59,10.993,200
1997-06-03,23:59:59,11.110,200
1997-08-18,23:59:59,11.530,200
1997-08-24,23:59:59,13.380,200
1998-05-06,23:59:59,14.968,200
1998-07-25,23:59:59,26.670,200
1999-07-25,23:59:59,9.267,200
1999-10-11,23:59:59,18.325,200
2000-05-30,23:59:59,15.306,200
2000-07-14,23:59:59,13.465,200
2000-10-25,23:59:59,18.081,200
2001-04-05,23:59:59,14.812,200
2001-09-22,23:59:59,10.949,200
2001-10-25,23:59:59,7.994,200
2002-03-15,23:59:59,7.167,200
2002-04-23,23:59:59,13.930,200
2003-01-22,23:59:59,15.558,200
2003-03-17,23:59:59,8.265,200
2003-03-18,23:59:59,12.165,200
2003-07-14,23:59:59,19.562,200
2003-10-26,23:59:59,15.969,200
2004-03-06,23:59:59,27.001,200
2004-05-19,23:59:59,14.051,200
2004-09-28,23:59:59,15.860,200
2004-11-17,23:59:59,12.154,200
2005-01-29,23:59:59,18.744,200
2006-01-29,23:59:59,6.469,200
2006-07-02,23:59:59,6.872,200
2006-12-11,23:59:59,21.410,200
2008-08-17,23:59:59,26.570,200
2009-06-16,23:59:59,15.126,200
2009-07-14,23:59:59,19.042,200
2009-07-31,23:59:59,6.993,200
2009-10-07,23:59:59,23.425,200
2010-01-01,23:59:59,7.236,200
2010-06-27,23:59:59,8.687,200
2011-03-01,23:59:59,8.403,200
2011-05-15,23:59:59,7.076,200
2011-09-10,23:59:59,9.910,200
2014-02-10,23:59:59,20.499,200
2014-03-29,23:59:59,7.308,200
2015-05-06,23:59:59,7.009,200
2015-06-20,23:59:59,6.745,200
2015-08-23,23:59:59,17.638,200
2016-05-09,23:59:59,8.311,200
2017-04-16,23:59:59,26.607,200
2017-06-27,23:59:59,22.076,200
2019-07-15,23:59:59,14.225,200
2019-10-24,23:59:59,14.142,200
2019-12-29,23:59:59,15.114,200
2020-01-16,23:59:59,13.708,200
2020-02-08,23:59:59,5.883,200
2020-11-27,23:59:59,9.781,200
2021-01-05,23:59:59,11.334,200
2021-04-08,23:59:59,9.864,200
2021-07-10,23:59:59,10.558,200
2021-10-27,23:59:59,13.613,200
2022-09-04,23:59:59,25.245,200
2022-09-25,23:59:59,25.581,200
2022-10-11,23:59:59,25.573,200
2022-12-01,23:59:59,26.259,200
2023-10-25,23:59:59,7.744,200
2023-12-24,23:59:59,5.920,200
2024-03-23,23:59:59,10.088,200
1980-04-03,23:59:59,13.059,200
1980-06-01,23:59:59,12.759,200
1980-06-29,23:59:59,18.838,200
1983-10-17,23:59:59,11.478,200
1984-05-27,23:59:59,3.614,200
1985-06-13,23:59:59,13.885,200
1986-10-02,23:59:59,16.097,200
1987-02-05,23:59:59,13.025,200
1987-09-11,23:59:59,7.692,200
1988-12-06,23:59:59,19.203,200
1989-04-16,23:59:59,18.342,200
1989-06-01,23:59:59,11.290,200
1989-07-01,23:59:59,20.072,200
1989-08-19,23:59:59,17.041,200
1990-08-25,23:59:59,14.609,200
1991-01-23,23:59:59,17.947,200
1991-01-26,23:59:59,6.954,200
1991-11-22,23:59:59,20.895,200
1991-11-28,23:59:59,17.106,200
1993-01-17,23:59:59,12.440,200
1993-02-12,23:59:59,6.094,200
1994-02-05,23:59:59,7.314,200
1994-04-15,23:59:59,5.388,200
1994-08-25,23:59:59,17.767,200
1995-01-27,23:59:59,11.543,200
1995-08-11,23:59:59,21.673,200
1996-06-17,23:59:59,15.863,200
1996-12-07,23:59:59,15.875,200
1997-05-21,23:59:59,7.565,200
1998-01-10,23:59:59,17.260,200
1999-05-02,23:59:59,11.702,200
1999-08-09,23:59:59,10.178,200
2000-06-20,23:59:59,18.307,200
2000-10-18,23:59:59,15.754,200
2000-11-24,23:59:59,14.868,200
2001-03-30,23:59:59,7.537,200
2001-11-17,23:59:59,3.928,200
2002-06-27,23:59:59,11.768,200
2003-06-18,23:59:59,6.809,200
2003-08-29,23:59:59,9.849,200
2003-12-31,23:59:59,14.408,200
2004-05-05,23:59:59,12.000,200
2004-05-09,23:59:59,8.150,200
2004-05-13,23:59:59,8.719,200
2004-09-11,23:59:59,12.939,200
2005-01-13,23:59:59,20.897,200
2005-04-08,23:59:59,9.779,200
2005-08-05,23:59:59,11.255,200
2006-01-21,23:59:59,4.995,200
2006-09-15,23:59:59,16.643,200
2007-07-24,23:59:59,21.996,200
2007-10-30,23:59:59,21.399,200
2008-04-28,23:59:59,6.876,200
2008-07-21,23:59:59,10.912,200
2008-09-23,23:59:59,22.643,200
2008-12-07,23:59:59,8.317,200
2009-05-01,23:59:59,14.993,200
2009-05-02,23:59:59,9.485,200
2009-05-18,23:59:59,7.557,200
2009-10-01,23:59:59,11.991,200
2010-03-20,23:59:59,11.245,200
2010-09-05,23:59:59,11.408,200
2011-02-22,23:59:59,10.895,200
2011-04-27,23:59:59,16.188,200
2011-05-20,23:59:59,21.537,200
2012-07-07,23:59:59,22.039,200
2013-06-20,23:59:59,6.498,200
2013-09-17,23:59:59,11.955,200
2013-10-16,23:59:59,12.589,200
2014-08-31,23:59:59,14.742,200
2014-10-29,23:59:59,14.052,200
2014-11-18,23:59:59,19.155,200
2015-01-13,23:59:59,8.605,200
2015-05-01,23:59:59,8.651,200
2015-06-19,23:59:59,15.472,200
2015-11-19,23:59:59,12.057,200
2016-03-31,23:59:59,8.829,200
2016-11-22,23:59:59,17.924,200
2017-03-20,23:59:59,10.570,200
2017-12-24,23:59:59,6.217,200
2018-07-30,23:59:59,20.671,200
2018-09-19,23:59:59,18.458,200
2018-11-17,23:59:59,6.591,200
2019-06-29,23:59:59,16.708,200
2019-12-22,23:59:59,4.865,200
2020-06-10,23:59:59,10.937,200
2021-06-13,23:59:59,4.474,200
2021-11-13,23:59:59,6.250,200
2022-04-14,23:59:59,11.839,200
2022-09-20,23:59:59,25.404,200
2022-10-15,23:59:59,21.591,200
2022-10-24,23:59:59,7.916,200
2022-11-24,23:59:59,26.138,200
2023-10-08,23:59:59,11.605,200
2024-06-23,23:59:59,18.717,200
2024-08-21,23:59:59,14.484,200
1980-03-18,23:59:59,13.628,200
1980-03-25,23:59:59,12.765,200
1980-05-17,23:59:59,10.322,200
1980-05-31,23:59:59,16.448,200
1980-08-30,23:59:59,15.350,200
1981-01-21,23:59:59,19.413,200
1981-02-08,23:59:59,5.834,200
1981-02-13,23:59:59,12.617,200
1981-12-20,23:59:59,10.480,200
1982-01-24,23:59:59,11.464,200
1982-05-24,23:59:59,15.212,200
1982-06-03,23:59:59,17.223,200
1982-08-28,23:59:59,6.561,200
1982-11-16,23:59:59,13.457,200
1982-12-03,23:59:59,11.967,200
1983-03-10,23:59:59,9.093,200
1983-07-08,23:59:59,11.982,200
1984-01-21,23:59:59,11.979,200
1984-10-22,23:59:59,7.256,200
1985-01-11,23:59:59,12.980,200
1985-06-03,23:59:59,10.098,200
1985-07-19,23:59:59,5.043,200
1986-06-17,23:59:59,15.499,200
1986-07-06,23:59:59,14.834,200
1987-02-09,23:59:59,11.186,200
1987-05-30,23:59:59,2.908,200
1987-12-23,23:59:59,14.878,200
1988-01-06,23:59:59,18.311,200
1989-01-01,23:59:59,21.919,200
1989-01-30,23:59:59,21.222,200
1989-03-19,23:59:59,12.264,200
1989-06-05,23:59:59,14.131,200
1990-05-15,23:59:59,14.601,200
1992-01-18,23:59:59,5.781,200
1992-09-24,23:59:59,22.488,200
1993-03-22,23:59:59,14.436,200
1993-07-05,23:59:59,21.276,200
1993-10-22,23:59:59,8.224,200
1993-12-28,23:59:59,9.368,200
1994-06-02,23:59:59,8.487,200
1995-01-06,23:59:59,15.356,200
1996-01-23,23:59:59,23.339,200
1996-09-11,23:59:59,24.903,200
1997-05-06,23:59:59,7.640,200
1997-10-03,23:59:59,10.669,200
1998-03-19,23:59:59,11.302,200
1998-05-07,23:59:59,10.877,200
1998-07-28,23:59:59,26.431,200
2000-03-08,23:59:59,11.981,200
2001-01-20,23:59:59,12.047,200
2001-02-27,23:59:59,15.692,200
2001-09-07,23:59:59,8.959,200
2001-10-30,23:59:59,14.565,200
2002-07-10,23:59:59,19.430,200
2002-08-12,23:59:59,18.181,200
2003-09-17,23:59:59,13.991,200
2004-10-08,23:59:59,9.614,200
2004-11-20,23:59:59,12.358,200
2005-06-03,23:59:59,19.626,200
2006-01-24,23:59:59,6.921,200
2007-03-25,23:59:59,5.558,200
2008-01-03,23:59:59,9.818,200
2008-05-29,23:59:59,14.608,200
2008-08-16,23:59:59,26.385,200
2008-12-11,23:59:59,13.359,200
2010-06-24,23:59:59,13.753,200
2010-08-02,23:59:59,7.978,200
2010-10-26,23:59:59,21.721,200
2011-02-08,23:59:59,13.420,200
2011-04-08,23:59:59,18.764,200
2011-09-09,23:59:59,12.830,200
2011-10-31,23:59:59,13.141,200
2012-02-14,23:59:59,20.378,200
2012-07-31,23:59:59,17.011,200
2012-11-08,23:59:59,23.638,200
2015-10-20,23:59:59,14.246,200
2016-05-15,23:59:59,6.440,200
2017-09-12,23:59:59,25.351,200
2018-04-26,23:59:59,16.368,200
2019-08-07,23:59:59,18.879,200
2019-12-06,23:59:59,17.358,200
2020-07-15,23:59:59,8.748,200
2021-06-03,23:59:59,8.555,200
2022-07-12,23:59:59,13.034,200
2022-10-18,23:59:59,10.139,200
2023-03-21,23:59:59,11.745,200
2023-08-09,23:59:59,21.414,200
2023-10-27,23:59:59,10.091,200
2024-03-19,23:59:59,16.253,200
2024-03-27,23:59:59,7.958,200
2024-11-22,23:59:59,13.372,200
1980-09-01,23:59:59,18.168,200
1980-09-20,23:59:59,16.179,200
1981-04-29,23:59:59,16.803,200
1981-07-20,23:59:59,16.250,200
1983-02-08,23:59:59,13.910,200
1983-05-27,23:59:59,14.695,200
1983-06-19,23:59:59,7.243,200
1983-08-14,23:59:59,9.807,200
1984-09-13,23:59:59,10.836,200
1985-01-24,23:59:59,13.120,200
1985-07-01,23:59:59,8.413,200
1986-07-09,23:59:59,13.763,200
1986-08-09,23:59:59,20.305,200
1986-10-13,23:59:59,14.972,200
1986-11-06,23:59:59,19.049,200
1987-03-18,23:59:59,7.725,200
1988-04-17,23:59:59,7.757,200
1989-03-17,23:59:59,16.917,200
1989-03-28,23:59:59,16.638,200
1989-10-08,23:59:59,9.092,200
1990-10-03,23:59:59,18.486,200
1990-11-12,23:59:59,10.655,200
1990-11-14,23:59:59,8.092,200
1990-12-20,23:59:59,9.761,200
1991-01-30,23:59:59,15.773,200
1991-09-22,23:59:59,13.784,200
1992-01-17,23:59:59,17.282,200
1992-02-12,23:59:59,14.379,200
1993-02-27,23:59:59,7.142,200
1994-09-19,23:59:59,18.709,200
1994-11-21,23:59:59,24.734,200
1994-12-19,23:59:59,18.181,200
1995-05-29,23:59:59,11.954,200
1996-05-28,23:59:59,21.666,200
1996-11-19,23:59:59,10.357,200
1997-04-01,23:59:59,6.730,200
1998-02-23,23:59:59,12.516,200
1998-06-17,23:59:59,17.130,200
1998-08-10,23:59:59,16.529,200
1998-09-01,23:59:59,15.450,200
1999-01-11,23:59:59,15.961,200
1999-05-16,23:59:59,7.837,200
1999-11-21,23:59:59,7.230,200
2000-02-16,23:59:59,13.742,200
2000-04-05,23:59:59,8.150,200
2000-06-25,23:59:59,10.062,200
2001-02-11,23:59:59,12.645,200
2001-03-20,23:59:59,18.012,200
2001-10-21,23:59:59,7.223,200
2003-08-27,23:59:59,14.176,200
2003-10-18,23:59:59,12.408,200
2004-12-31,23:59:59,13.738,200
2005-04-05,23:59:59,9.252,200
2005-12-21,23:59:59,5.597,200
2006-08-12,23:59:59,22.943,200
2006-08-20,23:59:59,14.771,200
2007-04-20,23:59:59,9.825,200
2007-07-21,23:59:59,19.025,200
2008-09-26,23:59:59,10.588,200
2008-12-29,23:59:59,7.439,200
2009-08-27,23:59:59,9.527,200
2010-02-16,23:59:59,18.461,200
2010-08-15,23:59:59,5.396,200
2010-10-12,23:59:59,26.338,200
2010-12-18,23:59:59,7.570,200
2011-03-07,23:59:59,18.287,200
2011-07-14,23:59:59,19.850,200
2012-01-18,23:59:59,24.732,200
2012-05-29,23:59:59,7.416,200
2012-06-27,23:59:59,7.426,200
2012-10-04,23:59:59,19.968,200
2012-12-15,23:59:59,13.497,200
2013-04-06,23:59:59,9.516,200
2013-05-27,23:59:59,5.556,200
2013-09-05,23:59:59,16.983,200
2013-09-14,23:59:59,6.130,200
2014-03-07,23:59:59,14.199,200
2014-06-27,23:59:59,6.556,200
2014-07-03,23:59:59,7.155,200
2014-10-26,23:59:59,4.687,200
2015-07-26,23:59:59,8.809,200
2015-10-21,23:59:59,15.545,200
2015-11-18,23:59:59,7.664,200
2016-07-07,23:59:59,16.587,200
2016-08-19,23:59:59,18.506,200
2017-10-15,23:59:59,25.334,200
2018-04-20,23:59:59,10.814,200
2018-05-29,23:59:59,23.643,200
2018-11-09,23:59:59,13.606,200
2019-04-29,23:59:59,6.886,200
2019-06-06,23:59:59,10.330,200
2021-08-17,23:59:59,12.926,200
2022-02-19,23:59:59,11.308,200
2022-08-12,23:59:59,24.634,200
2022-10-12,23:59:59,25.509,200
2022-10-25,23:59:59,15.313,200
2022-12-24,23:59:59,26.307,200
2023-02-28,23:59:59,14.418,200
2023-06-29,23:59:59,13.591,200
2023-08-03,23:59:59,22.139,200
2023-12-15,23:59:59,5.923,200
2024-05-02,23:59:59,8.943,200
2024-07-16,23:59:59,13.703,200
2024-10-29,23:59:59,4.396,200
1980-06-28,23:59:59,18.685,200
1980-11-28,23:59:59,17.478,200
1981-06-21,23:59:59,13.244,200
1981-09-09,23:59:59,20.870,200
1981-10-07,23:59:59,19.137,200
1982-04-19,23:59:59,13.072,200
1982-07-04,23:59:59,12.100,200
1983-10-08,23:59:59,12.319,200
1984-07-16,23:59:59,15.564,200
1984-08-17,23:59:59,13.308,200
1985-01-02,23:59:59,16.966,200
1987-03-06,23:59:59,8.027,200
1988-02-04,23:59:59,14.090,200
1988-09-02,23:59:59,19.161,200
1989-09-24,23:59:59,17.243,200
1989-10-02,23:59:59,18.523,200
1990-08-23,23:59:59,14.314,200
1990-09-19,23:59:59,22.231,200
1991-02-10,23:59:59,12.467,200
1991-04-22,23:59:59,10.630,200
1991-10-19,23:59:59,15.692,200
1992-03-05,23:59:59,14.420,200
1992-07-16,23:59:59,12.462,200
1992-12-08,23:59:59,15.233,200
1993-06-05,23:59:59,19.807,200
1993-09-29,23:59:59,5.273,200
1994-06-29,23:59:59,19.696,200
1994-07-10,23:59:59,21.121,200
1994-07-14,23:59:59,22.765,200
1996-09-13,23:59:59,19.285,200
1996-10-04,23:59:59,24.535,200
1997-02-09,23:59:59,10.110,200
1997-05-28,23:59:59,8.958,200
1999-09-24,23:59:59,11.003,200
2000-02-24,23:59:59,8.435,200
2000-05-11,23:59:59,12.263,200
2000-08-10,23:59:59,15.021,200
2000-10-16,23:59:59,9.971,200
2001-03-15,23:59:59,10.544,200
2001-07-17,23:59:59,13.064,200
2001-12-12,23:59:59,9.479,200
2002-02-27,23:59:59,14.661,200
2003-04-17,23:59:59,12.238,200
2003-05-26,23:59:59,6.371,200
2003-05-31,23:59:59,4.816,200
2003-06-30,23:59:59,7.542,200
2003-10-19,23:59:59,8.376,200
2003-12-04,23:59:59,14.264,200
2006-09-10,23:59:59,12.327,200
2007-02-07,23:59:59,16.301,200
2007-08-03,23:59:59,6.435,200
2007-08-24,23:59:59,12.826,200
2007-10-17,23:59:59,8.089,200
2010-01-28,23:59:59,14.816,200
2010-05-13,23:59:59,5.938,200
2011-08-02,23:59:59,18.514,200
2012-09-08,23:59:59,7.658,200
2013-02-25,23:59:59,9.532,200
2014-02-08,23:59:59,10.129,200
2015-01-27,23:59:59,11.065,200
2015-10-26,23:59:59,7.262,200
2015-11-30,23:59:59,19.245,200
2016-03-18,23:59:59,10.033,200
2016-10-11,23:59:59,25.926,200
2017-01-18,23:59:59,18.091,200
2017-06-15,23:59:59,18.538,200
2017-10-09,23:59:59,15.274,200
2017-11-17,23:59:59,14.674,200
2018-04-07,23:59:59,14.881,200
2018-05-08,23:59:59,15.026,200
2019-05-28,23:59:59,10.066,200
2020-09-19,23:59:59,4.637,200
2021-07-05,23:59:59,16.388,200
2021-12-05,23:59:59,8.362,200
2022-08-09,23:59:59,12.966,200
2022-09-18,23:59:59,25.200,200
2023-05-02,23:59:59,11.822,200
2023-07-18,23:59:59,8.508,200
2024-08-06,23:59:59,15.973,200
1980-08-11,23:59:59,18.965,200
1982-02-27,23:59:59,6.116,200
1982-04-06,23:59:59,14.174,200
1983-10-28,23:59:59,10.284,200
1984-05-03,23:59:59,12.440,200
1985-01-15,23:59:59,14.237,200
1985-02-01,23:59:59,13.146,200
1985-12-17,23:59:59,19.201,200
1986-11-02,23:59:59,14.858,200
1988-04-14,23:59:59,11.229,200
1988-12-02,23:59:59,22.408,200
1989-12-24,23:59:59,8.523,200
1991-01-14,23:59:59,19.042,200
1992-03-22,23:59:59,7.954,200
1992-04-17,23:59:59,5.421,200
1994-01-09,23:59:59,8.331,200
1994-12-13,23:59:59,18.655,200
1995-04-26,23:59:59,17.160,200
1995-09-12,23:59:59,20.307,200
1996-11-21,23:59:59,20.592,200
1997-06-19,23:59:59,7.799,200
1998-06-19,23:59:59,12.417,200
1998-07-03,23:59:59,9.546,200
1998-08-31,23:59:59,15.666,200
1998-09-22,23:59:59,19.558,200
1999-05-20,23:59:59,18.819,200
2000-01-22,23:59:59,11.475,200
2000-06-18,23:59:59,9.643,200
2000-08-16,23:59:59,17.351,200
2001-11-12,23:59:59,10.829,200
2002-09-16,23:59:59,21.809,200
2002-12-17,23:59:59,4.553,200
2003-04-18,23:59:59,6.108,200
2003-11-16,23:59:59,15.094,200
2004-01-24,23:59:59,6.314,200
2004-08-27,23:59:59,20.673,200
2004-10-24,23:59:59,6.838,200
2005-05-11,23:59:59,10.501,200
2007-01-07,23:59:59,14.089,200
2007-02-18,23:59:59,9.114,200
2007-05-19,23:59:59,13.004,200
2008-02-06,23:59:59,8.155,200
2008-03-17,23:59:59,8.948,200
2008-05-08,23:59:59,7.528,200
2008-12-08,23:59:59,11.685,200
2009-09-04,23:59:59,15.543,200
2010-04-30,23:59:59,6.950,200
2010-08-21,23:59:59,5.225,200
2010-12-23,23:59:59,6.438,200
2014-01-15,23:59:59,11.089,200
2014-02-14,23:59:59,12.171,200
2014-09-28,23:59:59,9.125,200
2014-10-11,23:59:59,8.588,200
2015-01-19,23:59:59,17.003,200
2015-03-19,23:59:59,10.941,200
2015-08-06,23:59:59,16.781,200
2015-10-03,23:59:59,8.970,200
2018-05-05,23:59:59,16.531,200
2018-10-18,23:59:59,16.834,200
2020-02-07,23:59:59,9.820,200
2020-11-12,23:59:59,9.201,200
2020-12-16,23:59:59,18.783,200
2021-07-09,23:59:59,10.609,200
2022-02-25,23:59:59,7.924,200
2022-05-14,23:59:59,4.831,200
2023-03-18,23:59:59,9.842,200
2023-10-06,23:59:59,9.052,200
2024-08-25,23:59:59,4.712,200
2024-11-18,23:59:59,16.250,200
1981-02-10,23:59:59,16.431,200
1981-03-02,23:59:59,12.083,200
1982-10-06,23:59:59,14.077,200
1983-05-14,23:59:59,8.895,200
1984-11-12,23:59:59,9.397,200
1985-11-06,23:59:59,15.573,200
1986-05-06,23:59:59,8.703,200
1987-05-19,23:59:59,9.853,200
1987-08-12,23:59:59,11.792,200
1987-08-29,23:59:59,12.051,200
1987-11-18,23:59:59,12.612,200
1988-02-02,23:59:59,11.943,200
1988-09-13,23:59:59,22.155,200
1989-07-04,23:59:59,14.838,200
1990-05-03,23:59:59,6.981,200
1990-05-16,23:59:59,15.204,200
1990-06-29,23:59:59,11.575,200
1992-02-05,23:59:59,12.114,200
1992-04-25,23:59:59,9.359,200
1993-03-05,23:59:59,6.135,200
1993-09-06,23:59:59,7.376,200
1996-06-29,23:59:59,14.024,200
1996-07-28,23:59:59,17.922,200
1996-10-05,23:59:59,24.436,200
1998-05-30,23:59:59,8.162,200
1998-06-08,23:59:59,8.082,200
1999-02-21,23:59:59,9.572,200
2000-04-17,23:59:59,9.209,200
2000-06-08,23:59:59,12.791,200
2000-08-20,23:59:59,8.331,200
2000-12-21,23:59:59,11.420,200
2001-08-29,23:59:59,14.842,200
2001-10-14,23:59:59,8.603,200
2002-06-19,23:59:59,12.775,200
2002-06-26,23:59:59,12.290,200
2002-07-21,23:59:59,24.779,200
2003-06-06,23:59:59,7.253,200
2004-04-07,23:59:59,19.114,200
2005-07-16,23:59:59,4.705,200
2005-12-04,23:59:59,7.452,200
2005-12-12,23:59:59,16.986,200
2006-01-17,23:59:59,6.568,200
2006-01-18,23:59:59,13.181,200
2006-09-04,23:59:59,16.705,200
2007-05-12,23:59:59,7.344,200
2008-05-09,23:59:59,6.108,200
2009-04-29,23:59:59,9.314,200
2009-11-29,23:59:59,14.317,200
2011-07-27,23:59:59,22.463,200
2011-09-15,23:59:59,13.634,200
2012-03-25,23:59:59,11.941,200
2012-06-12,23:59:59,16.847,200
2012-07-11,23:59:59,21.555,200
2012-09-13,23:59:59,23.310,200
2013-06-28,23:59:59,7.121,200
2013-12-17,23:59:59,10.599,200
2014-05-23,23:59:59,17.162,200
2015-10-24,23:59:59,5.410,200
2015-10-25,23:59:59,6.215,200
2017-04-12,23:59:59,25.563,200
2018-02-13,23:59:59,8.015,200
2018-11-03,23:59:59,10.760,200
2018-11-07,23:59:59,12.548,200
2019-05-29,23:59:59,7.213,200
2019-10-18,23:59:59,5.793,200
2019-12-19,23:59:59,5.632,200
2020-01-24,23:59:59,11.089,200
2020-03-22,23:59:59,8.190,200
2020-12-23,23:59:59,11.826,200
2021-01-03,23:59:59,5.241,200
2021-07-23,23:59:59,6.575,200
2021-08-03,23:59:59,18.901,200
2022-03-18,23:59:59,9.966,200
2022-06-10,23:59:59,7.743,200
2023-04-17,23:59:59,14.154,200
2023-11-03,23:59:59,13.776,200
2024-04-08,23:59:59,15.358,200
2024-06-07,23:59:59,13.097,200
1980-11-15,23:59:59,15.690,200
1981-03-15,23:59:59,13.742,200
1981-04-27,23:59:59,15.781,200
1981-08-07,23:59:59,18.899,200
1981-10-06,23:59:59,17.863,200
1982-03-18,23:59:59,13.602,200
1983-07-05,23:59:59,17.761,200
1984-01-11,23:59:59,14.285,200
1984-03-12,23:59:59,9.499,200
1984-07-30,23:59:59,10.090,200
1985-10-18,23:59:59,14.527,200
1986-08-21,23:59:59,8.913,200
1986-09-13,23:59:59,14.285,200
1987-08-06,23:59:59,6.322,200
1988-06-02,23:59:59,16.092,200
1988-06-18,23:59:59,6.563,200
1988-07-18,23:59:59,13.237,200
1989-03-08,23:59:59,12.900,200
1989-06-17,23:59:59,4.258,200
1989-09-29,23:59:59,12.035,200
1990-10-20,23:59:59,6.809,200
1991-05-11,23:59:59,9.234,200
1992-07-14,23:59:59,11.413,200
1993-04-01,23:59:59,7.439,200
1993-07-20,23:59:59,11.292,200
1993-09-09,23:59:59,10.298,200
1997-09-01,23:59:59,14.467,200
1997-10-27,23:59:59,19.014,200
1997-12-05,23:59:59,11.494,200
1998-03-12,23:59:59,8.271,200
1998-05-11,23:59:59,10.136,200
1998-05-28,23:59:59,9.558,200
1998-10-22,23:59:59,25.767,200
1999-05-05,23:59:59,18.721,200
1999-05-13,23:59:59,10.691,200
1999-07-02,23:59:59,18.617,200
1999-08-28,23:59:59,8.284,200
1999-11-26,23:59:59,9.807,200
2000-01-06,23:59:59,9.762,200
2001-02-14,23:59:59,11.007,200
2001-06-13,23:59:59,18.228,200
2002-09-05,23:59:59,13.360,200
2003-01-28,23:59:59,14.332,200
2003-02-23,23:59:59,7.329,200
2003-04-19,23:59:59,3.829,200
2003-08-02,23:59:59,13.385,200
2003-11-10,23:59:59,15.647,200
2003-12-09,23:59:59,9.283,200
2004-10-03,23:59:59,11.933,200
2005-02-14,23:59:59,18.537,200
2005-06-02,23:59:59,13.145,200
2005-07-03,23:59:59,16.421,200
2006-08-06,23:59:59,8.487,200
2006-10-25,23:59:59,22.327,200
2006-12-22,23:59:59,9.034,200
2007-02-28,23:59:59,13.294,200
2007-09-08,23:59:59,9.664,200
2007-12-11,23:59:59,20.442,200
2008-04-17,23:59:59,4.589,200
2008-05-17,23:59:59,14.764,200
2008-07-27,23:59:59,22.277,200
2008-11-04,23:59:59,24.904,200
2009-02-21,23:59:59,10.449,200
2009-02-26,23:59:59,11.709,200
2009-11-10,23:59:59,18.109,200
2012-05-04,23:59:59,21.347,200
2012-08-10,23:59:59,21.099,200
2012-11-12,23:59:59,19.473,200
2013-05-05,23:59:59,5.395,200
2014-02-24,23:59:59,15.594,200
2014-11-13,23:59:59,14.250,200
2015-03-23,23:59:59,9.353,200
2015-04-23,23:59:59,20.284,200
2015-05-16,23:59:59,6.526,200
2016-02-17,23:59:59,10.997,200
2016-05-06,23:59:59,9.057,200
2017-02-24,23:59:59,19.210,200
2017-03-08,23:59:59,13.531,200
2017-03-30,23:59:59,7.699,200
2017-08-31,23:59:59,20.789,200
2017-09-17,23:59:59,25.259,200
2018-08-30,23:59:59,20.316,200
2019-09-12,23:59:59,14.509,200
2019-11-01,23:59:59,12.755,200
2020-08-30,23:59:59,7.220,200
2021-11-30,23:59:59,15.112,200
2022-07-07,23:59:59,21.089,200
2022-08-16,23:59:59,19.646,200
2022-11-06,23:59:59,11.129,200
2023-09-10,23:59:59,8.463,200
2024-07-11,23:59:59,18.475,200
1980-08-18,23:59:59,17.916,200
1980-10-21,23:59:59,18.579,200
1981-03-12,23:59:59,18.156,200
1981-10-02,23:59:59,16.305,200
1982-02-23,23:59:59,11.230,200
1982-02-24,23:59:59,7.913,200
1983-03-02,23:59:59,7.142,200
1983-06-24,23:59:59,13.396,200
1983-07-30,23:59:59,10.980,200
1984-05-16,23:59:59,11.509,200
1984-06-17,23:59:59,14.652,200
1984-07-09,23:59:59,13.866,200
1984-08-04,23:59:59,4.977,200
1984-09-20,23:59:59,15.469,200
1984-10-09,23:59:59,14.097,200
1984-11-08,23:59:59,6.906,200
1987-06-24,23:59:59,14.723,200
1988-04-11,23:59:59,13.312,200
1989-04-17,23:59:59,15.403,200
1989-08-26,23:59:59,9.501,200
1990-03-27,23:59:59,11.067,200
1990-06-05,23:59:59,18.993,200
1990-11-11,23:59:59,16.548,200
1991-04-10,23:59:59,17.181,200
1991-06-24,23:59:59,4.569,200
1991-08-10,23:59:59,2.633,200
1991-08-11,23:59:59,7.582,200
1991-09-26,23:59:59,18.752,200
1992-02-04,23:59:59,14.687,200
1992-03-12,23:59:59,17.012,200
1992-04-29,23:59:59,17.287,200
1992-07-03,23:59:59,7.641,200
1992-07-15,23:59:59,12.303,200
1993-04-09,23:59:59,7.027,200
1993-10-27,23:59:59,6.127,200
1994-08-27,23:59:59,18.684,200
1996-07-02,23:59:59,16.269,200
1996-08-10,23:59:59,21.052,200
1996-08-25,23:59:59,23.574,200
1997-02-13,23:59:59,15.323,200
1997-06-17,23:59:59,16.360,200
1997-09-22,23:59:59,10.661,200
1998-11-20,23:59:59,19.595,200
1998-12-15,23:59:59,21.584,200
1999-03-21,23:59:59,6.762,200
1999-11-29,23:59:59,13.347,200
2000-01-01,23:59:59,7.874,200
2000-02-06,23:59:59,7.261,200
2000-03-16,23:59:59,14.535,200
2001-02-19,23:59:59,10.765,200
2001-08-28,23:59:59,12.626,200
2004-04-02,23:59:59,11.191,200
2004-04-04,23:59:59,10.823,200
2005-02-07,23:59:59,17.769,200
2005-03-04,23:59:59,12.265,200
2005-12-10,23:59:59,10.711,200
2006-05-07,23:59:59,18.954,200
2006-10-06,23:59:59,13.753,200
2007-03-01,23:59:59,15.314,200
2007-05-11,23:59:59,8.876,200
2007-11-15,23:59:59,13.258,200
2008-03-04,23:59:59,8.550,200
2008-04-10,23:59:59,8.171,200
2009-01-13,23:59:59,18.309,200
2009-01-19,23:59:59,16.963,200
2009-03-02,23:59:59,16.352,200
2009-05-30,23:59:59,11.203,200
2009-10-08,23:59:59,22.043,200
2009-12-22,23:59:59,7.416,200
2010-01-11,23:59:59,16.426,200
2011-02-06,23:59:59,12.535,200
2011-11-09,23:59:59,17.601,200
2012-06-06,23:59:59,13.250,200
2012-09-18,23:59:59,12.488,200
2012-10-11,23:59:59,23.952,200
2013-12-05,23:59:59,18.870,200
2014-05-19,23:59:59,15.596,200
2016-10-06,23:59:59,25.896,200
2017-01-20,23:59:59,15.329,200
2017-10-17,23:59:59,25.185,200
2018-11-27,23:59:59,11.716,200
2019-03-07,23:59:59,7.772,200
2019-11-06,23:59:59,15.714,200
2021-01-02,23:59:59,5.567,200
2021-10-20,23:59:59,10.724,200
2022-01-25,23:59:59,19.101,200
2023-02-27,23:59:59,12.801,200
2023-05-21,23:59:59,24.721,200
2023-08-22,23:59:59,18.936,200
2023-09-16,23:59:59,5.453,200
2024-01-17,23:59:59,16.967,200
2024-05-08,23:59:59,19.471,200
2024-08-14,23:59:59,12.409,200
1980-12-08,23:59:59,17.331,200
1982-07-11,23:59:59,16.384,200
1983-09-11,23:59:59,3.327,200
1983-10-02,23:59:59,4.380,200
1985-08-02,23:59:59,7.676,200
1985-11-09,23:59:59,13.700,200
1986-02-03,23:59:59,18.332,200
1987-07-04,23:59:59,12.009,200
1987-11-09,23:59:59,14.552,200
1988-10-28,23:59:59,18.068,200
1989-10-23,23:59:59,4.356,200
1990-08-21,23:59:59,23.019,200
1992-07-01,23:59:59,14.316,200
1993-01-27,23:59:59,13.206,200
1993-03-06,23:59:59,6.128,200
1993-04-22,23:59:59,6.888,200
1993-05-04,23:59:59,11.637,200
1994-12-30,23:59:59,8.612,200
1995-06-11,23:59:59,10.418,200
1995-07-18,23:59:59,23.187,200
1996-03-13,23:59:59,20.422,200
1996-03-15,23:59:59,19.205,200
1997-10-17,23:59:59,13.541,200
1998-06-21,23:59:59,14.740,200
1998-07-06,23:59:59,18.126,200
1999-03-05,23:59:59,10.452,200
1999-04-02,23:59:59,12.939,200
2000-04-25,23:59:59,7.240,200
2000-12-19,23:59:59,20.755,200
2001-07-09,23:59:59,12.323,200
2002-04-07,23:59:59,11.107,200
2004-08-25,23:59:59,22.027,200
2004-09-17,23:59:59,14.023,200
2006-06-08,23:59:59,21.962,200
2007-03-02,23:59:59,6.277,200
2007-04-15,23:59:59,7.694,200
2007-05-10,23:59:59,10.649,200
2007-11-22,23:59:59,6.372,200
2008-05-21,23:59:59,15.185,200
2010-05-21,23:59:59,7.032,200
2010-10-07,23:59:59,26.863,200
2010-10-25,23:59:59,15.418,200
2010-12-30,23:59:59,7.365,200
2013-01-08,23:59:59,8.103,200
2013-05-11,23:59:59,7.517,200
2013-08-30,23:59:59,11.989,200
2013-12-02,23:59:59,22.880,200
2014-01-29,23:59:59,17.117,200
2014-02-15,23:59:59,13.706,200
2014-08-04,23:59:59,11.478,200
2015-03-18,23:59:59,13.614,200
2015-04-21,23:59:59,6.210,200
2017-01-15,23:59:59,8.726,200
2017-01-17,23:59:59,18.702,200
2018-01-31,23:59:59,18.084,200
2018-03-17,23:59:59,10.926,200
2018-05-20,23:59:59,15.271,200
2018-09-14,23:59:59,20.585,200
2021-07-18,23:59:59,4.307,200
2021-09-14,23:59:59,8.776,200
2022-03-22,23:59:59,15.017,200
2022-04-26,23:59:59,12.646,200
2022-04-30,23:59:59,9.507,200
2022-08-10,23:59:59,19.936,200
2022-11-11,23:59:59,11.593,200
2023-01-13,23:59:59,15.000,200
2023-01-30,23:59:59,20.324,200
2023-02-23,23:59:59,11.775,200
2023-11-15,23:59:59,7.963,200
2024-03-16,23:59:59,7.913,200
2024-11-09,23:59:59,4.651,200
1980-02-27,23:59:59,13.360,200
1981-03-07,23:59:59,12.610,200
1982-02-01,23:59:59,13.986,200
1982-07-16,23:59:59,15.130,200
1982-10-05,23:59:59,12.117,200
1982-11-03,23:59:59,9.631,200
1983-01-17,23:59:59,14.528,200
1983-10-16,23:59:59,9.675,200
1985-08-12,23:59:59,10.978,200
1986-09-04,23:59:59,20.013,200
1986-10-31,23:59:59,21.123,200
1987-08-27,23:59:59,12.239,200
1987-09-20,23:59:59,7.295,200
1988-10-13,23:59:59,22.025,200
1988-12-26,23:59:59,8.944,200
1990-03-11,23:59:59,4.303,200
1991-06-13,23:59:59,6.508,200
1993-02-07,23:59:59,6.686,200
1993-03-01,23:59:59,10.746,200
1993-03-15,23:59:59,10.998,200
1994-04-16,23:59:59,4.177,200
1994-04-27,23:59:59,7.540,200
1994-10-27,23:59:59,23.728,200
1995-06-21,23:59:59,22.097,200
1995-12-19,23:59:59,14.248,200
1997-12-04,23:59:59,10.263,200
1998-12-12,23:59:59,14.084,200
1999-12-30,23:59:59,10.279,200
2000-10-31,23:59:59,19.942,200
2001-03-10,23:59:59,7.728,200
2002-07-01,23:59:59,20.618,200
2002-09-26,23:59:59,21.544,200
2003-02-05,23:59:59,16.956,200
2003-03-11,23:59:59,7.887,200
2003-12-22,23:59:59,13.016,200
2004-04-03,23:59:59,5.696,200
2004-07-25,23:59:59,22.768,200
2005-06-01,23:59:59,8.064,200
2006-04-21,23:59:59,15.976,200
2006-10-30,23:59:59,16.104,200
2006-12-25,23:59:59,6.056,200
2008-08-31,23:59:59,26.386,200
2008-09-25,23:59:59,19.450,200
2008-10-21,23:59:59,25.810,200
2009-05-31,23:59:59,11.985,200
2009-10-28,23:59:59,24.011,200
2010-05-03,23:59:59,8.763,200
2011-01-03,23:59:59,6.199,200
2011-01-06,23:59:59,12.592,200
2011-05-23,23:59:59,23.033,200
2011-08-26,23:59:59,6.542,200
2012-03-13,23:59:59,15.614,200
2013-05-29,23:59:59,13.757,200
2014-10-24,23:59:59,6.803,200
2016-09-27,23:59:59,26.028,200
2017-07-20,23:59:59,17.304,200
2018-04-24,23:59:59,15.313,200
2019-04-11,23:59:59,12.500,200
2020-03-19,23:59:59,14.032,200
2020-12-20,23:59:59,10.572,200
2021-03-30,23:59:59,10.450,200
2022-07-06,23:59:59,21.341,200
2022-07-27,23:59:59,24.478,200
2022-11-14,23:59:59,17.530,200
2023-03-29,23:59:59,20.756,200
2024-02-04,23:59:59,10.975,200
2024-09-17,23:59:59,19.419,200
2024-12-19,23:59:59,5.281,200
1980-03-30,23:59:59,8.359,200
1980-08-15,23:59:59,15.793,200
1981-01-09,23:59:59,13.116,200
1981-02-05,23:59:59,17.443,200
1981-06-19,23:59:59,17.857,200
1981-11-14,23:59:59,11.524,200
1982-04-10,23:59:59,9.603,200
1982-04-27,23:59:59,14.631,200
1982-10-12,23:59:59,12.658,200
1983-01-06,23:59:59,10.937,200
1983-02-22,23:59:59,6.367,200
1983-07-06,23:59:59,16.256,200
1985-01-17,23:59:59,17.038,200
1985-07-04,23:59:59,7.212,200
1987-01-16,23:59:59,11.686,200
1987-04-08,23:59:59,18.809,200
1987-09-02,23:59:59,14.237,200
1987-09-21,23:59:59,15.388,200
1987-12-09,23:59:59,17.282,200
1988-09-20,23:59:59,22.468,200
1989-08-29,23:59:59,18.293,200
1989-11-06,23:59:59,13.650,200
1990-01-04,23:59:59,10.407,200
1990-07-31,23:59:59,20.410,200
1990-09-11,23:59:59,22.313,200
1991-02-01,23:59:59,12.830,200
1991-05-05,23:59:59,5.565,200
1991-07-28,23:59:59,13.273,200
1992-11-16,23:59:59,15.960,200
1993-01-28,23:59:59,12.279,200
1993-02-19,23:59:59,6.737,200
1993-03-03,23:59:59,7.300,200
1993-10-10,23:59:59,9.389,200
1993-10-12,23:59:59,5.279,200
1994-06-19,23:59:59,4.375,200
1994-06-22,23:59:59,6.996,200
1994-11-09,23:59:59,15.024,200
1994-11-13,23:59:59,22.355,200
1995-07-17,23:59:59,18.115,200
1995-09-21,23:59:59,24.291,200
1996-11-23,23:59:59,15.278,200
1997-03-16,23:59:59,11.235,200
1998-06-05,23:59:59,12.172,200
1998-09-16,23:59:59,18.372,200
1998-10-20,23:59:59,18.354,200
1999-07-20,23:59:59,6.293,200
2000-06-15,23:59:59,17.495,200
2001-08-08,23:59:59,14.628,200
2001-09-01,23:59:59,10.748,200
2002-02-23,23:59:59,10.563,200
2003-01-07,23:59:59,10.967,200
2004-02-06,23:59:59,20.459,200
2004-02-24,23:59:59,26.207,200
2004-05-17,23:59:59,18.110,200
2004-06-24,23:59:59,26.010,200
2004-11-03,23:59:59,20.656,200
2005-01-17,23:59:59,12.672,200
2005-06-12,23:59:59,11.626,200
2005-09-14,23:59:59,9.551,200
2005-12-19,23:59:59,6.770,200
2007-11-16,23:59:59,12.611,200
2008-01-17,23:59:59,13.281,200
2008-08-01,23:59:59,6.463,200
2008-11-21,23:59:59,12.992,200
2009-06-02,23:59:59,13.083,200
2009-06-24,23:59:59,19.072,200
2009-06-26,23:59:59,13.405,200
2010-05-22,23:59:59,7.964,200
2011-02-12,23:59:59,9.006,200
2011-06-29,23:59:59,23.312,200
2013-10-18,23:59:59,9.651,200
2014-02-01,23:59:59,6.756,200
2014-09-02,23:59:59,12.987,200
2014-09-05,23:59:59,9.785,200
2014-10-13,23:59:59,8.011,200
2014-10-17,23:59:59,10.226,200
2015-06-22,23:59:59,15.378,200
2015-11-04,23:59:59,14.610,200
2016-09-13,23:59:59,19.764,200
2017-07-08,23:59:59,21.257,200
2018-01-28,23:59:59,13.452,200
2018-06-01,23:59:59,12.539,200
2019-02-01,23:59:59,13.451,200
2019-06-03,23:59:59,7.322,200
2019-07-10,23:59:59,17.309,200
2020-05-11,23:59:59,11.071,200
2021-05-22,23:59:59,4.362,200
2022-02-08,23:59:59,6.003,200
2023-03-26,23:59:59,8.838,200
2023-04-24,23:59:59,10.156,200
2023-10-12,23:59:59,10.789,200
2024-08-17,23:59:59,6.660,200
2024-09-07,23:59:59,4.193,200
2024-10-08,23:59:59,4.694,200
1980-08-01,23:59:59,18.804,200
1981-07-13,23:59:59,16.405,200
1981-10-22,23:59:59,17.762,200
1983-06-26,23:59:59,9.457,200
1983-08-26,23:59:59,12.527,200
1983-12-30,23:59:59,10.841,200
1984-03-15,23:59:59,15.397,200
1984-09-02,23:59:59,6.829,200
1984-11-19,23:59:59,18.553,200
1984-12-07,23:59:59,8.536,200
1985-06-02,23:59:59,7.431,200
1985-06-12,23:59:59,14.816,200
1985-07-18,23:59:59,9.186,200
1986-09-20,23:59:59,12.697,200
1988-03-02,23:59:59,12.719,200
1988-07-12,23:59:59,11.437,200
1988-08-08,23:59:59,16.776,200
1988-11-04,23:59:59,22.811,200
1989-07-23,23:59:59,14.974,200
1989-07-29,23:59:59,19.031,200
1990-05-17,23:59:59,14.094,200
1991-10-07,23:59:59,20.348,200
1992-01-01,23:59:59,5.052,200
1992-05-18,23:59:59,12.316,200
1993-03-09,23:59:59,8.892,200
1993-07-29,23:59:59,9.299,200
1994-08-03,23:59:59,16.385,200
1994-09-06,23:59:59,15.702,200
1994-09-10,23:59:59,14.612,200
1995-07-08,23:59:59,22.351,200
1995-07-24,23:59:59,17.753,200
1995-12-05,23:59:59,18.245,200
1996-03-10,23:59:59,13.591,200
1996-04-25,23:59:59,8.532,200
1996-05-05,23:59:59,16.647,200
1996-08-29,23:59:59,24.265,200
1997-01-24,23:59:59,19.043,200
1997-02-15,23:59:59,10.434,200
1997-04-06,23:59:59,5.043,200
1997-05-07,23:59:59,7.294,200
1997-08-16,23:59:59,7.322,200
1998-03-05,23:59:59,8.450,200
1998-04-13,23:59:59,7.517,200
1998-10-30,23:59:59,23.908,200
2000-05-08,23:59:59,7.769,200
2000-11-06,23:59:59,19.548,200
2000-11-15,23:59:59,19.067,200
2002-07-15,23:59:59,24.956,200
2003-09-18,23:59:59,11.061,200
2004-03-19,23:59:59,17.886,200
2005-01-24,23:59:59,11.266,200
2006-09-13,23:59:59,19.318,200
2007-01-11,23:59:59,11.934,200
2008-04-26,23:59:59,5.209,200
2009-09-18,23:59:59,14.161,200
2009-10-31,23:59:59,23.475,200
2009-11-17,23:59:59,14.236,200
2010-03-22,23:59:59,9.495,200
2013-02-02,23:59:59,7.071,200
2015-10-07,23:59:59,12.297,200
2015-12-05,23:59:59,6.108,200
2016-06-12,23:59:59,6.552,200
2016-11-17,23:59:59,26.186,200
2017-02-08,23:59:59,18.487,200
2017-04-17,23:59:59,26.749,200
2018-11-30,23:59:59,12.135,200
2019-02-11,23:59:59,11.207,200
2019-07-28,23:59:59,12.407,200
2020-03-11,23:59:59,11.893,200
2020-04-23,23:59:59,7.292,200
2020-05-09,23:59:59,4.597,200
2020-11-30,23:59:59,10.782,200
2020-12-08,23:59:59,20.586,200
2021-01-13,23:59:59,19.017,200
2021-01-17,23:59:59,5.241,200
2021-01-26,23:59:59,18.614,200
2021-08-14,23:59:59,12.791,200
2021-09-13,23:59:59,6.382,200
2022-03-10,23:59:59,15.055,200
2022-08-21,23:59:59,24.041,200
2022-10-28,23:59:59,13.075,200
2023-04-06,23:59:59,7.365,200
2023-07-16,23:59:59,7.715,200
2023-08-16,23:59:59,16.802,200
2024-03-07,23:59:59,9.432,200
1981-10-09,23:59:59,16.757,200
1982-02-14,23:59:59,16.292,200
1982-08-06,23:59:59,4.594,200
1983-04-03,23:59:59,8.208,200
1984-06-01,23:59:59,10.300,200
1984-07-22,23:59:59,9.585,200
1985-03-06,23:59:59,11.821,200
1985-04-25,23:59:59,3.390,200
1985-05-16,23:59:59,19.875,200
1985-06-24,23:59:59,3.308,200
1986-04-17,23:59:59,11.179,200
1986-12-03,23:59:59,14.964,200
1987-03-07,23:59:59,8.018,200
1987-04-12,23:59:59,12.854,200
1988-10-17,23:59:59,23.732,200
1989-01-06,23:59:59,24.230,200
1989-02-27,23:59:59,21.825,200
1991-02-23,23:59:59,10.814,200
1991-04-05,23:59:59,11.787,200
1991-04-28,23:59:59,7.658,200
1991-08-18,23:59:59,11.901,200
1992-01-30,23:59:59,14.091,200
1993-05-21,23:59:59,13.757,200
1993-05-23,23:59:59,7.146,200
1993-08-17,23:59:59,11.341,200
1993-09-02,23:59:59,7.256,200
1993-11-23,23:59:59,5.490,200
1994-01-16,23:59:59,11.430,200
1994-04-05,23:59:59,6.271,200
1994-05-23,23:59:59,5.882,200
1995-01-20,23:59:59,8.412,200
1995-06-23,23:59:59,22.098,200
1995-08-05,23:59:59,20.225,200
1995-08-14,23:59:59,22.595,200
1995-09-18,23:59:59,19.575,200
1995-10-31,23:59:59,18.889,200
1995-11-04,23:59:59,19.424,200
1996-07-31,23:59:59,24.242,200
1996-11-09,23:59:59,14.157,200
1997-12-31,23:59:59,9.628,200
1998-01-18,23:59:59,12.911,200
1998-10-18,23:59:59,18.287,200
1999-11-05,23:59:59,13.741,200
2000-04-29,23:59:59,7.944,200
2001-06-10,23:59:59,13.992,200
2002-01-26,23:59:59,19.546,200
2002-04-26,23:59:59,8.794,200
2002-04-29,23:59:59,10.960,200
2003-12-28,23:59:59,15.948,200
2004-03-14,23:59:59,13.331,200
2005-04-12,23:59:59,9.503,200
2005-10-26,23:59:59,19.516,200
2007-04-28,23:59:59,6.018,200
2007-07-19,23:59:59,18.798,200
2007-11-09,23:59:59,14.098,200
2008-05-24,23:59:59,6.811,200
2009-05-09,23:59:59,9.116,200
2011-02-14,23:59:59,13.503,200
2011-07-26,23:59:59,24.418,200
2011-08-09,23:59:59,15.862,200
2012-07-26,23:59:59,14.484,200
2013-11-17,23:59:59,12.096,200
2014-08-06,23:59:59,13.852,200
2015-07-12,23:59:59,20.268,200
2016-04-04,23:59:59,12.796,200
2016-07-19,23:59:59,19.650,200
2016-08-23,23:59:59,20.693,200
2016-10-17,23:59:59,17.291,200
2017-07-23,23:59:59,13.899,200
2017-12-28,23:59:59,6.952,200
2018-01-09,23:59:59,6.441,200
2018-03-25,23:59:59,8.725,200
2018-07-23,23:59:59,20.505,200
2019-08-29,23:59:59,13.438,200
2019-11-03,23:59:59,7.372,200
2019-12-10,23:59:59,19.745,200
2020-06-22,23:59:59,6.426,200
2020-10-13,23:59:59,6.998,200
2020-10-16,23:59:59,6.414,200
2020-12-19,23:59:59,13.653,200
2021-10-18,23:59:59,4.892,200
2023-01-19,23:59:59,11.042,200
2023-04-18,23:59:59,19.535,200
2023-04-20,23:59:59,18.307,200
1980-05-16,23:59:59,14.102,200
1980-05-23,23:59:59,10.732,200
1980-10-07,23:59:59,18.750,200
1981-10-16,23:59:59,19.115,200
1981-10-24,23:59:59,8.972,200
1982-02-25,23:59:59,4.442,200
1983-04-25,23:59:59,8.991,200
1983-05-24,23:59:59,17.176,200
1983-12-09,23:59:59,13.949,200
1984-07-03,23:59:59,19.392,200
1984-10-23,23:59:59,15.341,200
1985-04-18,23:59:59,13.986,200
1985-05-25,23:59:59,5.017,200
1985-05-28,23:59:59,14.010,200
1986-01-07,23:59:59,25.263,200
1986-02-17,23:59:59,14.333,200
1986-07-04,23:59:59,14.651,200
1987-10-19,23:59:59,13.488,200
1987-11-05,23:59:59,12.263,200
1990-05-22,23:59:59,13.670,200
1991-07-25,23:59:59,4.828,200
1991-12-20,23:59:59,11.194,200
1992-01-09,23:59:59,14.381,200
1992-03-31,23:59:59,12.252,200
1992-04-11,23:59:59,6.693,200
1993-12-26,23:59:59,10.862,200
1994-01-28,23:59:59,16.294,200
1994-08-22,23:59:59,21.544,200
1994-11-27,23:59:59,24.442,200
1995-09-15,23:59:59,20.369,200
1996-04-05,23:59:59,4.297,200
1997-06-23,23:59:59,15.117,200
1998-03-10,23:59:59,12.483,200
1998-04-22,23:59:59,9.833,200
1999-01-18,23:59:59,10.206,200
1999-05-11,23:59:59,10.507,200
2001-07-15,23:59:59,8.836,200
2002-01-05,23:59:59,10.184,200
2002-06-02,23:59:59,6.619,200
2002-07-18,23:59:59,25.082,200
2003-08-26,23:59:59,13.798,200
2003-11-25,23:59:59,16.285,200
2004-04-29,23:59:59,16.909,200
2004-07-28,23:59:59,24.629,200
2004-11-14,23:59:59,10.863,200
2005-01-08,23:59:59,25.798,200
2005-05-15,23:59:59,5.748,200
2006-06-15,23:59:59,22.009,200
2006-12-12,23:59:59,19.974,200
2006-12-24,23:59:59,6.083,200
2007-07-03,23:59:59,8.277,200
2008-11-03,23:59:59,21.266,200
2010-05-07,23:59:59,10.222,200
2010-07-09,23:59:59,22.262,200
2011-03-24,23:59:59,14.579,200
2011-06-09,23:59:59,18.481,200
2011-07-04,23:59:59,19.411,200
2012-04-28,23:59:59,7.694,200
2012-10-16,23:59:59,18.445,200
2013-04-15,23:59:59,7.599,200
2013-06-27,23:59:59,9.593,200
2013-12-29,23:59:59,7.512,200
2015-01-02,23:59:59,7.196,200
2016-06-17,23:59:59,7.728,200
2016-07-10,23:59:59,8.381,200
2017-02-13,23:59:59,14.660,200
2017-03-22,23:59:59,17.577,200
2018-08-10,23:59:59,16.778,200
2018-10-03,23:59:59,17.331,200
2018-10-05,23:59:59,9.491,200
2018-11-23,23:59:59,12.436,200
2020-01-05,23:59:59,8.138,200
2020-07-10,23:59:59,15.573,200
2020-10-17,23:59:59,7.110,200
2021-11-02,23:59:59,13.198,200
2022-12-12,23:59:59,25.894,200
2024-01-21,23:59:59,9.632,200
2024-04-11,23:59:59,13.985,200
2024-08-08,23:59:59,11.931,200
1980-02-19,23:59:59,16.660,200
1980-04-28,23:59:59,12.284,200
1980-07-24,23:59:59,20.377,200
1981-04-14,23:59:59,13.547,200
1981-09-22,23:59:59,19.307,200
1981-12-19,23:59:59,14.632,200
1984-04-21,23:59:59,8.525,200
1984-07-06,23:59:59,6.790,200
1985-01-28,23:59:59,9.752,200
1985-12-12,23:59:59,18.728,200
1989-02-10,23:59:59,21.358,200
1990-01-22,23:59:59,9.844,200
1990-08-07,23:59:59,12.734,200
1990-10-19,23:59:59,5.339,200
1991-07-31,23:59:59,12.017,200
1992-10-30,23:59:59,19.893,200
1992-12-03,23:59:59,4.218,200
1993-03-28,23:59:59,7.013,200
1993-08-13,23:59:59,10.181,200
1994-05-09,23:59:59,5.063,200
1994-05-26,23:59:59,4.128,200
1995-05-24,23:59:59,22.506,200
1996-02-16,23:59:59,16.696,200
1996-03-23,23:59:59,8.836,200
1996-07-19,23:59:59,9.046,200
1996-11-12,23:59:59,6.768,200
1997-06-11,23:59:59,12.691,200
1998-03-11,23:59:59,11.046,200
1998-04-12,23:59:59,7.910,200
1998-09-15,23:59:59,18.903,200
1999-03-12,23:59:59,7.085,200
1999-03-22,23:59:59,13.999,200
1999-05-28,23:59:59,11.486,200
1999-11-16,23:59:59,18.064,200
2000-05-20,23:59:59,11.927,200
2000-10-11,23:59:59,16.280,200
2001-04-08,23:59:59,8.268,200
2001-04-12,23:59:59,10.862,200
2002-03-05,23:59:59,10.231,200
2002-05-30,23:59:59,22.619,200
2002-11-19,23:59:59,17.013,200
2003-05-13,23:59:59,9.095,200
2003-09-22,23:59:59,11.149,200
2003-09-25,23:59:59,9.936,200
2004-02-26,23:59:59,25.752,200
2005-05-26,23:59:59,6.435,200
2006-06-24,23:59:59,16.615,200
2006-08-22,23:59:59,23.258,200
2007-02-24,23:59:59,8.925,200
2007-10-19,23:59:59,6.269,200
2008-10-01,23:59:59,18.971,200
2008-12-26,23:59:59,5.175,200
2009-08-21,23:59:59,6.592,200
2010-07-25,23:59:59,10.622,200
2011-02-05,23:59:59,12.555,200
2012-09-09,23:59:59,13.547,200
2013-08-17,23:59:59,6.293,200
2014-03-19,23:59:59,10.500,200
2014-09-09,23:59:59,13.301,200
2014-11-24,23:59:59,11.338,200
2015-01-10,23:59:59,8.314,200
2015-01-25,23:59:59,6.806,200
2015-09-28,23:59:59,18.097,200
2017-04-15,23:59:59,26.112,200
2020-01-29,23:59:59,15.700,200
2020-11-10,23:59:59,4.590,200
2020-11-11,23:59:59,10.170,200
2021-07-22,23:59:59,6.868,200
2021-11-11,23:59:59,18.435,200
2022-10-06,23:59:59,26.163,200
2023-03-16,23:59:59,10.851,200
2023-09-12,23:59:59,5.646,200
1980-09-09,23:59:59,13.532,200
1980-10-23,23:59:59,17.729,200
1981-11-09,23:59:59,12.629,200
1982-05-13,23:59:59,11.839,200
1982-09-30,23:59:59,10.821,200
1982-12-13,23:59:59,11.132,200
1984-12-02,23:59:59,9.123,200
1984-12-11,23:59:59,13.461,200
1986-12-26,23:59:59,9.406,200
1988-04-29,23:59:59,13.453,200
1988-05-15,23:59:59,8.034,200
1988-08-19,23:59:59,14.041,200
1988-10-06,23:59:59,14.839,200
1989-01-03,23:59:59,24.372,200
1990-01-01,23:59:59,10.405,200
1990-04-17,23:59:59,18.064,200
1990-06-21,23:59:59,12.708,200
1990-07-01,23:59:59,6.873,200
1991-04-21,23:59:59,9.707,200
1991-06-23,23:59:59,6.983,200
1992-02-01,23:59:59,11.968,200
1992-05-27,23:59:59,12.859,200
1992-06-11,23:59:59,4.679,200
1992-07-31,23:59:59,7.870,200
1993-05-03,23:59:59,13.880,200
1994-05-20,23:59:59,5.741,200
1994-11-25,23:59:59,24.572,200
1995-06-13,23:59:59,16.627,200
1995-06-30,23:59:59,6.492,200
1995-12-09,23:59:59,19.725,200
1996-02-19,23:59:59,18.718,200
1997-02-24,23:59:59,8.828,200
1997-02-25,23:59:59,8.310,200
1997-05-23,23:59:59,6.204,200
1998-01-07,23:59:59,17.682,200
1998-05-20,23:59:59,9.008,200
1998-06-28,23:59:59,6.592,200
1999-02-24,23:59:59,8.581,200
1999-05-30,23:59:59,13.519,200
1999-11-19,23:59:59,10.661,200
2000-02-18,23:59:59,10.386,200
2000-05-14,23:59:59,6.150,200
2001-08-20,23:59:59,14.902,200
2001-10-08,23:59:59,13.354,200
2001-12-08,23:59:59,9.050,200
2002-03-17,23:59:59,8.097,200
2003-03-26,23:59:59,10.139,200
2003-07-07,23:59:59,16.659,200
2003-12-08,23:59:59,8.834,200
2003-12-15,23:59:59,9.801,200
2004-09-05,23:59:59,21.173,200
2006-06-10,23:59:59,15.255,200
2006-08-13,23:59:59,22.070,200
2006-08-16,23:59:59,25.434,200
2006-08-28,23:59:59,16.758,200
2006-11-13,23:59:59,10.844,200
2007-01-02,23:59:59,5.634,200
2007-01-30,23:59:59,16.460,200
2007-02-11,23:59:59,11.488,200
2007-12-14,23:59:59,8.308,200
2009-04-08,23:59:59,5.499,200
2010-05-02,23:59:59,7.072,200
2010-05-17,23:59:59,6.711,200
2011-02-07,23:59:59,13.322,200
2011-08-11,23:59:59,17.657,200
2011-12-31,23:59:59,15.234,200
2012-05-13,23:59:59,5.556,200
2012-07-05,23:59:59,22.268,200
2013-03-24,23:59:59,5.605,200
2014-11-11,23:59:59,6.472,200
2014-11-21,23:59:59,8.115,200
2015-08-27,23:59:59,17.468,200
2015-12-31,23:59:59,7.318,200
2016-02-09,23:59:59,11.501,200
2016-05-07,23:59:59,11.778,200
2016-05-10,23:59:59,8.497,200
2017-06-16,23:59:59,16.298,200
2018-06-20,23:59:59,14.756,200
2019-08-22,23:59:59,16.263,200
2019-09-22,23:59:59,12.915,200
2020-03-24,23:59:59,10.233,200
2020-10-20,23:59:59,5.631,200
2021-08-12,23:59:59,10.586,200
2022-02-22,23:59:59,10.812,200
2022-08-20,23:59:59,15.841,200
2022-09-05,23:59:59,25.232,200
2023-03-22,23:59:59,16.608,200
2023-04-04,23:59:59,18.105,200
2024-01-04,23:59:59,6.119,200
2024-06-01,23:59:59,4.644,200
2024-12-25,23:59:59,6.781,200
1980-10-24,23:59:59,17.058,200
1982-09-29,23:59:59,10.583,200
1983-06-18,23:59:59,10.510,200
1983-08-24,23:59:59,13.955,200
1983-12-19,23:59:59,16.513,200
1984-02-04,23:59:59,4.027,200
1984-04-18,23:59:59,10.461,200
1985-05-03,23:59:59,12.948,200
1986-02-02,23:59:59,19.352,200
1986-03-22,23:59:59,10.891,200
1986-08-24,23:59:59,16.593,200
1986-12-31,23:59:59,9.385,200
1988-10-04,23:59:59,21.402,200
1989-04-18,23:59:59,18.219,200
1989-06-22,23:59:59,15.371,200
1990-03-22,23:59:59,9.938,200
1990-07-30,23:59:59,18.757,200
1991-05-07,23:59:59,16.618,200
1991-11-20,23:59:59,18.030,200
1991-12-14,23:59:59,13.254,200
1992-02-03,23:59:59,14.724,200
1992-02-19,23:59:59,9.709,200
1992-03-02,23:59:59,15.553,200
1992-07-02,23:59:59,13.399,200
1992-08-29,23:59:59,22.910,200
1993-06-16,23:59:59,19.574,200
1993-06-27,23:59:59,18.158,200
1993-07-08,23:59:59,21.083,200
1995-02-04,23:59:59,6.458,200
1995-02-28,23:59:59,14.088,200
1996-11-05,23:59:59,17.766,200
1996-11-22,23:59:59,16.365,200
1997-01-07,23:59:59,18.035,200
1997-04-27,23:59:59,7.430,200
1998-04-23,23:59:59,9.955,200
1998-05-19,23:59:59,9.714,200
1999-11-18,23:59:59,12.950,200
2000-06-14,23:59:59,16.891,200
2001-05-28,23:59:59,18.709,200
2001-10-06,23:59:59,9.048,200
2002-06-14,23:59:59,8.044,200
2004-04-17,23:59:59,9.121,200
2005-11-03,23:59:59,14.432,200
2005-11-09,23:59:59,19.776,200
2006-10-23,23:59:59,5.843,200
2009-02-08,23:59:59,11.149,200
2009-02-19,23:59:59,7.032,200
2009-05-24,23:59:59,6.144,200
2009-06-29,23:59:59,11.940,200
2011-03-21,23:59:59,17.013,200
2011-04-29,23:59:59,17.274,200
2011-05-31,23:59:59,19.408,200
2011-08-12,23:59:59,18.034,200
2011-09-07,23:59:59,8.417,200
2011-09-26,23:59:59,18.259,200
2011-10-25,23:59:59,15.295,200
2012-05-14,23:59:59,6.136,200
2012-07-09,23:59:59,21.793,200
2012-09-06,23:59:59,8.284,200
2012-11-20,23:59:59,14.031,200
2013-01-10,23:59:59,7.657,200
2013-01-16,23:59:59,14.453,200
2013-02-12,23:59:59,11.050,200
2013-03-27,23:59:59,9.867,200
2013-06-21,23:59:59,5.562,200
2013-07-24,23:59:59,9.623,200
2014-09-06,23:59:59,9.128,200
2015-01-12,23:59:59,11.109,200
2015-07-19,23:59:59,14.495,200
2015-09-09,23:59:59,20.020,200
2016-01-15,23:59:59,18.508,200
2016-02-10,23:59:59,16.194,200
2016-08-11,23:59:59,20.714,200
2017-03-06,23:59:59,16.093,200
2017-10-26,23:59:59,20.243,200
2018-07-13,23:59:59,18.619,200
2018-11-21,23:59:59,15.874,200
2019-02-13,23:59:59,13.676,200
2019-03-01,23:59:59,6.787,200
2019-04-06,23:59:59,6.263,200
2019-10-12,23:59:59,5.150,200
2020-08-29,23:59:59,5.713,200
2020-12-30,23:59:59,8.748,200
2021-04-22,23:59:59,10.219,200
2021-04-30,23:59:59,11.235,200
2021-11-12,23:59:59,13.032,200
2022-12-15,23:59:59,26.036,200
1980-01-18,23:59:59,14.963,200
1980-03-26,23:59:59,12.426,200
1980-06-23,23:59:59,16.951,200
1980-11-02,23:59:59,15.982,200
1980-11-26,23:59:59,16.546,200
1981-04-20,23:59:59,8.511,200
1982-04-05,23:59:59,10.678,200
1982-04-30,23:59:59,13.581,200
1982-05-09,23:59:59,18.028,200
1982-06-26,23:59:59,11.867,200
1982-07-09,23:59:59,17.140,200
1982-12-29,23:59:59,11.688,200
1983-04-21,23:59:59,7.573,200
1983-05-26,23:59:59,17.015,200
1984-02-25,23:59:59,6.364,200
1986-01-14,23:59:59,24.736,200
1986-08-26,23:59:59,20.957,200
1987-05-15,23:59:59,13.642,200
1987-09-01,23:59:59,12.029,200
1989-05-04,23:59:59,10.625,200
1989-05-16,23:59:59,11.653,200
1989-07-09,23:59:59,19.692,200
1989-08-11,23:59:59,15.155,200
1990-09-23,23:59:59,21.803,200
1991-06-29,23:59:59,7.993,200
1992-08-26,23:59:59,20.197,200
1992-11-05,23:59:59,18.942,200
1993-02-13,23:59:59,6.131,200
1993-09-26,23:59:59,7.520,200
1994-01-08,23:59:59,6.789,200
1994-03-11,23:59:59,8.795,200
1994-09-20,23:59:59,18.674,200
1994-09-29,23:59:59,11.651,200
1996-05-23,23:59:59,10.452,200
1996-09-21,23:59:59,25.247,200
1997-05-05,23:59:59,6.788,200
1997-09-18,23:59:59,10.676,200
1998-04-26,23:59:59,5.645,200
1998-08-06,23:59:59,18.926,200
1998-09-30,23:59:59,17.627,200
1999-01-30,23:59:59,19.248,200
1999-02-18,23:59:59,9.935,200
1999-06-23,23:59:59,19.547,200
1999-12-15,23:59:59,7.952,200
2000-12-13,23:59:59,18.416,200
2001-03-13,23:59:59,14.051,200
2002-10-16,23:59:59,20.372,200
2003-04-14,23:59:59,9.798,200
2004-02-15,23:59:59,18.101,200
2004-11-10,23:59:59,17.040,200
2005-04-26,23:59:59,11.401,200
2005-11-10,23:59:59,15.768,200
2006-06-03,23:59:59,14.679,200
2007-10-13,23:59:59,8.102,200
2008-01-04,23:59:59,10.108,200
2008-07-19,23:59:59,14.514,200
2008-07-26,23:59:59,14.153,200
2010-01-14,23:59:59,8.449,200
2010-03-02,23:59:59,20.309,200
2010-08-05,23:59:59,5.308,200
2010-09-25,23:59:59,27.412,200
2011-05-06,23:59:59,12.955,200
2011-06-13,23:59:59,23.714,200
2011-07-05,23:59:59,21.908,200
2012-02-01,23:59:59,14.929,200
2012-03-26,23:59:59,19.044,200
2013-01-11,23:59:59,7.145,200
2013-05-15,23:59:59,9.555,200
2014-01-12,23:59:59,8.800,200
2014-04-23,23:59:59,6.029,200
2014-07-02,23:59:59,5.631,200
2014-11-07,23:59:59,9.037,200
2016-05-26,23:59:59,6.038,200
2016-11-06,23:59:59,9.210,200
2016-11-16,23:59:59,18.516,200
2017-01-16,23:59:59,16.292,200
2017-07-18,23:59:59,19.932,200
2018-05-07,23:59:59,10.552,200
2018-12-16,23:59:59,11.471,200
2020-03-26,23:59:59,7.502,200
2020-07-02,23:59:59,17.544,200
2021-06-27,23:59:59,4.290,200
2021-08-27,23:59:59,5.067,200
2022-01-03,23:59:59,13.705,200
2022-10-03,23:59:59,19.264,200
2022-10-14,23:59:59,21.668,200
2022-12-29,23:59:59,25.747,200
2023-05-05,23:59:59,17.056,200
2023-12-10,23:59:59,6.866,200
2023-12-28,23:59:59,5.947,200
2024-04-26,23:59:59,6.994,200
1980-02-20,23:59:59,16.226,200
1981-01-01,23:59:59,5.006,200
1981-05-02,23:59:59,9.786,200
1981-08-01,23:59:59,10.673,200
1981-12-27,23:59:59,4.316,200
1982-06-20,23:59:59,15.869,200
1982-12-27,23:59:59,5.239,200
1983-08-06,23:59:59,8.341,200
1983-11-15,23:59:59,24.103,200
1984-03-13,23:59:59,12.085,200
1984-07-31,23:59:59,7.062,200
1984-12-15,23:59:59,6.141,200
1985-12-29,23:59:59,17.156,200
1986-01-01,23:59:59,16.774,200
1986-04-29,23:59:59,5.475,200
1988-05-29,23:59:59,6.378,200
1988-07-20,23:59:59,19.500,200
1989-03-01,23:59:59,21.587,200
1989-05-12,23:59:59,11.857,200
1989-07-02,23:59:59,19.997,200
1989-10-14,23:59:59,2.850,200
1990-07-06,23:59:59,11.530,200
1991-07-13,23:59:59,12.682,200
1991-10-11,23:59:59,16.335,200
1992-02-13,23:59:59,15.124,200
1992-05-29,23:59:59,10.918,200
1992-09-02,23:59:59,23.445,200
1992-10-02,23:59:59,22.023,200
1994-03-12,23:59:59,6.548,200
1994-05-27,23:59:59,4.145,200
1995-02-23,23:59:59,8.934,200
1995-06-14,23:59:59,18.691,200
1997-08-09,23:59:59,10.861,200
1999-04-17,23:59:59,12.881,200
1999-12-29,23:59:59,10.226,200
2000-02-03,23:59:59,20.482,200
2001-01-16,23:59:59,14.452,200
2001-07-02,23:59:59,17.792,200
2001-07-20,23:59:59,8.828,200
2001-09-03,23:59:59,16.102,200
2002-08-11,23:59:59,14.202,200
2003-10-22,23:59:59,11.800,200
2004-01-04,23:59:59,15.805,200
2004-05-06,23:59:59,11.144,200
2005-07-22,23:59:59,10.834,200
2005-07-26,23:59:59,8.755,200
2005-09-02,23:59:59,8.808,200
2006-02-17,23:59:59,19.437,200
2006-10-21,23:59:59,10.075,200
2006-11-26,23:59:59,10.347,200
2007-11-06,23:59:59,17.383,200
2008-02-03,23:59:59,8.427,200
2008-06-02,23:59:59,8.691,200
2009-12-23,23:59:59,6.405,200
2011-01-07,23:59:59,11.730,200
2011-02-21,23:59:59,9.919,200
2012-11-17,23:59:59,10.227,200
2012-12-08,23:59:59,7.630,200
2013-11-18,23:59:59,14.261,200
2014-03-26,23:59:59,12.862,200
2014-06-18,23:59:59,6.095,200
2015-07-03,23:59:59,14.974,200
2016-05-24,23:59:59,10.271,200
2016-10-02,23:59:59,16.534,200
2016-10-25,23:59:59,19.848,200
2016-11-18,23:59:59,25.951,200
2017-08-06,23:59:59,19.314,200
2018-06-29,23:59:59,17.323,200
2018-12-23,23:59:59,6.199,200
2019-08-08,23:59:59,16.540,200
2020-05-14,23:59:59,8.088,200
2020-06-02,23:59:59,6.046,200
2020-06-23,23:59:59,5.338,200
2020-07-05,23:59:59,14.522,200
2020-09-29,23:59:59,3.136,200
2020-12-25,23:59:59,4.627,200
2021-04-06,23:59:59,13.307,200
2021-04-16,23:59:59,6.531,200
2021-05-07,23:59:59,6.301,200
2021-08-15,23:59:59,20.374,200
2022-07-13,23:59:59,19.564,200
2022-08-28,23:59:59,25.787,200
2023-03-08,23:59:59,16.330,200
2023-10-13,23:59:59,7.797,200
2023-10-16,23:59:59,7.433,200
2023-11-30,23:59:59,13.921,200
2024-10-06,23:59:59,4.281,200
2024-10-17,23:59:59,14.788,200
1980-05-07,23:59:59,16.092,200
1980-10-01,23:59:59,16.351,200
1980-11-17,23:59:59,18.004,200
1980-12-12,23:59:59,21.704,200
1982-04-14,23:59:59,15.188,200
1983-05-29,23:59:59,9.372,200
1983-08-03,23:59:59,8.127,200
1983-10-14,23:59:59,13.370,200
1983-10-30,23:59:59,13.325,200
1986-03-03,23:59:59,18.121,200
1986-04-26,23:59:59,7.376,200
1986-05-27,23:59:59,3.656,200
1986-06-07,23:59:59,14.985,200
1986-07-21,23:59:59,14.494,200
1986-08-20,23:59:59,20.061,200
1986-09-26,23:59:59,21.507,200
1987-01-25,23:59:59,6.064,200
1987-11-27,23:59:59,12.087,200
1988-03-11,23:59:59,7.368,200
1988-03-13,23:59:59,6.680,200
1988-10-31,23:59:59,21.873,200
1989-04-25,23:59:59,18.172,200
1990-04-19,23:59:59,9.273,200
1990-04-22,23:59:59,17.840,200
1990-05-04,23:59:59,7.178,200
1991-03-11,23:59:59,12.596,200
1991-05-15,23:59:59,13.461,200
1992-03-25,23:59:59,7.985,200
1992-07-04,23:59:59,6.005,200
1992-07-17,23:59:59,14.676,200
1993-08-27,23:59:59,7.324,200
1994-01-23,23:59:59,9.288,200
1994-12-09,23:59:59,15.357,200
1994-12-23,23:59:59,5.450,200
1995-03-26,23:59:59,7.585,200
1995-07-07,23:59:59,21.372,200
1996-09-30,23:59:59,24.643,200
1997-05-14,23:59:59,9.197,200
1997-09-08,23:59:59,19.067,200
1998-08-14,23:59:59,25.514,200
1998-10-23,23:59:59,25.818,200
1999-12-07,23:59:59,12.635,200
2000-05-31,23:59:59,14.181,200
2000-09-14,23:59:59,17.719,200
2000-12-25,23:59:59,7.456,200
2001-06-11,23:59:59,16.927,200
2002-05-09,23:59:59,8.487,200
2002-06-29,23:59:59,7.027,200
2002-12-18,23:59:59,5.894,200
2003-09-08,23:59:59,11.714,200
2004-03-08,23:59:59,26.768,200
2004-09-23,23:59:59,13.774,200
2004-12-20,23:59:59,18.483,200
2004-12-29,23:59:59,10.458,200
2005-03-18,23:59:59,8.702,200
2006-02-26,23:59:59,7.301,200
2009-12-28,23:59:59,10.361,200
2010-01-04,23:59:59,14.019,200
2010-02-08,23:59:59,14.623,200
2010-03-26,23:59:59,7.175,200
2010-08-20,23:59:59,6.960,200
2010-12-28,23:59:59,9.508,200
2011-01-15,23:59:59,6.449,200
2011-03-16,23:59:59,20.197,200
2011-05-08,23:59:59,7.003,200
2011-11-07,23:59:59,17.965,200
2011-12-15,23:59:59,8.994,200
2012-12-16,23:59:59,17.714,200
2015-03-15,23:59:59,6.520,200
2015-09-20,23:59:59,12.649,200
2015-12-15,23:59:59,16.109,200
2018-05-09,23:59:59,18.132,200
2018-07-06,23:59:59,20.081,200
2018-12-27,23:59:59,6.222,200
2019-12-14,23:59:59,8.036,200
2020-11-18,23:59:59,10.114,200
2021-03-14,23:59:59,7.653,200
2021-04-03,23:59:59,4.824,200
2022-06-20,23:59:59,18.178,200
2022-12-31,23:59:59,9.431,200
2024-03-24,23:59:59,6.347,200
2024-11-01,23:59:59,5.184,200
2024-12-26,23:59:59,6.042,200
1982-03-17,23:59:59,12.917,200
1983-10-24,23:59:59,7.614,200
1983-11-08,23:59:59,19.641,200
1984-10-20,23:59:59,3.630,200
1984-11-06,23:59:59,9.913,200
1984-12-18,23:59:59,14.582,200
1986-01-21,23:59:59,19.556,200
1986-05-15,23:59:59,5.981,200
1986-09-17,23:59:59,14.737,200
1987-01-09,23:59:59,16.357,200
1987-02-22,23:59:59,9.760,200
1987-09-08,23:59:59,14.384,200
1989-07-18,23:59:59,16.806,200
1990-04-14,23:59:59,17.292,200
1990-06-27,23:59:59,10.823,200
1990-09-09,23:59:59,18.044,200
1990-11-13,23:59:59,4.362,200
1991-03-02,23:59:59,9.557,200
1991-03-27,23:59:59,7.670,200
1991-05-22,23:59:59,13.883,200
1993-11-14,23:59:59,5.403,200
1994-02-20,23:59:59,11.096,200
1994-10-10,23:59:59,19.583,200
1994-10-23,23:59:59,21.863,200
1995-02-11,23:59:59,6.193,200
1995-12-30,23:59:59,24.266,200
1996-01-07,23:59:59,14.426,200
1996-03-28,23:59:59,17.725,200
1996-08-02,23:59:59,14.876,200
1996-11-28,23:59:59,14.183,200
1997-10-15,23:59:59,10.831,200
1998-01-02,23:59:59,9.513,200
1998-05-26,23:59:59,6.855,200
1998-11-15,23:59:59,25.020,200
1999-10-02,23:59:59,9.503,200
2001-09-30,23:59:59,5.844,200
2002-12-09,23:59:59,9.225,200
2002-12-11,23:59:59,6.223,200
2003-05-14,23:59:59,11.741,200
2003-06-26,23:59:59,11.707,200
2004-07-26,23:59:59,24.734,200
2005-02-17,23:59:59,16.789,200
2005-06-16,23:59:59,15.498,200
2007-11-25,23:59:59,9.082,200
2008-08-07,23:59:59,25.874,200
2009-08-26,23:59:59,8.614,200
2009-10-23,23:59:59,23.549,200
2011-07-09,23:59:59,7.627,200
2011-11-12,23:59:59,12.617,200
2013-12-07,23:59:59,8.204,200
2014-10-31,23:59:59,6.877,200
2015-03-10,23:59:59,7.539,200
2016-04-18,23:59:59,9.202,200
2016-06-22,23:59:59,7.912,200
2017-01-08,23:59:59,12.234,200
2017-03-29,23:59:59,9.646,200
2017-05-13,23:59:59,15.281,200
2018-02-17,23:59:59,18.225,200
2018-07-25,23:59:59,23.654,200
2019-05-10,23:59:59,5.910,200
2020-02-16,23:59:59,5.256,200
2021-01-20,23:59:59,13.422,200
2021-09-01,23:59:59,21.497,200
2023-10-03,23:59:59,10.573,200
1980-05-18,23:59:59,8.988,200
1980-08-03,23:59:59,10.839,200
1981-08-16,23:59:59,11.197,200
1982-01-15,23:59:59,17.922,200
1983-06-20,23:59:59,15.015,200
1983-11-13,23:59:59,22.409,200
1983-11-16,23:59:59,24.798,200
1984-06-23,23:59:59,17.456,200
1985-02-03,23:59:59,7.572,200
1985-08-28,23:59:59,10.684,200
1985-12-22,23:59:59,20.717,200
1987-07-11,23:59:59,16.373,200
1987-09-19,23:59:59,6.472,200
1989-07-17,23:59:59,18.194,200
1990-03-02,23:59:59,18.127,200
1990-04-23,23:59:59,17.297,200
1990-05-07,23:59:59,9.717,200
1990-06-20,23:59:59,11.919,200
1990-09-04,23:59:59,23.016,200
1991-09-09,23:59:59,21.300,200
1991-09-27,23:59:59,16.798,200
1992-10-08,23:59:59,11.022,200
1992-12-13,23:59:59,6.724,200
1993-08-10,23:59:59,10.532,200
1995-03-12,23:59:59,12.442,200
1995-04-16,23:59:59,18.193,200
1995-09-24,23:59:59,12.846,200
1995-10-17,23:59:59,20.389,200
1996-02-04,23:59:59,10.456,200
1996-04-07,23:59:59,4.332,200
1996-04-29,23:59:59,5.979,200
1997-02-27,23:59:59,10.449,200
1997-05-22,23:59:59,7.878,200
1997-06-15,23:59:59,6.738,200
1998-02-18,23:59:59,14.226,200
1999-02-25,23:59:59,8.595,200
1999-07-27,23:59:59,9.644,200
2000-04-08,23:59:59,8.104,200
2000-06-01,23:59:59,13.922,200
2000-11-30,23:59:59,16.674,200
2001-07-13,23:59:59,16.731,200
2002-02-06,23:59:59,24.511,200
2003-03-23,23:59:59,5.411,200
2003-07-20,23:59:59,13.748,200
2003-08-28,23:59:59,7.321,200
2003-09-29,23:59:59,16.102,200
2004-11-06,23:59:59,20.237,200
2004-11-12,23:59:59,15.236,200
2004-12-25,23:59:59,9.234,200
2005-01-05,23:59:59,23.207,200
2005-03-07,23:59:59,9.488,200
2005-04-17,23:59:59,6.656,200
2005-05-21,23:59:59,5.309,200
2005-09-17,23:59:59,5.051,200
2006-07-24,23:59:59,20.320,200
2006-09-06,23:59:59,16.436,200
2007-04-12,23:59:59,9.709,200
2007-11-10,23:59:59,11.443,200
2008-03-29,23:59:59,8.820,200
2008-07-02,23:59:59,13.196,200
2009-01-04,23:59:59,9.729,200
2010-10-11,23:59:59,26.515,200
2011-03-25,23:59:59,12.262,200
2011-05-03,23:59:59,16.439,200
2011-11-01,23:59:59,11.513,200
2011-12-05,23:59:59,13.821,200
2012-04-30,23:59:59,8.245,200
2014-04-28,23:59:59,8.908,200
2014-10-03,23:59:59,9.662,200
2014-10-28,23:59:59,14.680,200
2014-12-13,23:59:59,8.378,200
2015-05-19,23:59:59,8.988,200
2017-02-07,23:59:59,14.978,200
2018-01-26,23:59:59,17.722,200
2018-04-28,23:59:59,17.344,200
2019-04-17,23:59:59,6.772,200
2019-05-26,23:59:59,5.641,200
2020-01-02,23:59:59,6.406,200
2020-02-15,23:59:59,8.301,200
2020-12-27,23:59:59,9.520,200
2021-06-01,23:59:59,6.419,200
2021-08-22,23:59:59,11.879,200
2021-09-03,23:59:59,7.605,200
2021-11-19,23:59:59,6.879,200
2022-10-16,23:59:59,21.365,200
2023-01-31,23:59:59,26.691,200
1980-09-12,23:59:59,16.540,200
1982-04-28,23:59:59,12.627,200
1983-02-03,23:59:59,9.736,200
1983-05-23,23:59:59,17.292,200
1983-12-21,23:59:59,15.629,200
1984-08-12,23:59:59,9.219,200
1984-09-21,23:59:59,14.147,200
1987-03-12,23:59:59,6.142,200
1988-04-21,23:59:59,12.660,200
1990-04-20,23:59:59,9.774,200
1991-06-19,23:59:59,5.673,200
1992-02-11,23:59:59,13.924,200
1992-08-10,23:59:59,5.235,200
1993-09-16,23:59:59,6.155,200
1993-11-04,23:59:59,8.169,200
1993-12-11,23:59:59,9.066,200
1994-05-15,23:59:59,7.383,200
1994-06-28,23:59:59,19.173,200
1997-05-11,23:59:59,4.637,200
1999-01-24,23:59:59,9.514,200
1999-12-23,23:59:59,9.609,200
2001-08-13,23:59:59,12.952,200
2001-09-23,23:59:59,10.545,200
2002-04-19,23:59:59,8.911,200
2003-02-08,23:59:59,13.602,200
2004-06-23,23:59:59,25.993,200
2006-05-11,23:59:59,15.641,200
2006-05-23,23:59:59,13.994,200
2006-06-23,23:59:59,20.985,200
2007-06-08,23:59:59,10.337,200
2007-12-05,23:59:59,18.378,200
2008-06-14,23:59:59,6.760,200
2010-03-25,23:59:59,7.983,200
2010-04-05,23:59:59,6.637,200
2011-02-17,23:59:59,14.827,200
2011-04-11,23:59:59,8.030,200
2012-03-30,23:59:59,14.233,200
2012-05-15,23:59:59,6.673,200
2012-11-26,23:59:59,18.509,200
2013-04-07,23:59:59,11.536,200
2014-05-08,23:59:59,9.375,200
2014-07-30,23:59:59,8.050,200
2014-12-02,23:59:59,7.969,200
2015-06-04,23:59:59,9.450,200
2016-01-22,23:59:59,9.708,200
2017-02-09,23:59:59,16.019,200
2017-07-25,23:59:59,17.815,200
2017-12-22,23:59:59,10.048,200
2018-04-06,23:59:59,12.707,200
2018-05-28,23:59:59,18.511,200
2018-09-28,23:59:59,22.511,200
2018-10-04,23:59:59,14.064,200
2019-04-24,23:59:59,7.348,200
2019-05-27,23:59:59,7.399,200
2019-08-19,23:59:59,20.764,200
2020-06-15,23:59:59,13.687,200
2020-09-18,23:59:59,4.958,200
2021-12-22,23:59:59,10.650,200
2022-04-24,23:59:59,5.368,200
2022-06-02,23:59:59,7.322,200
2022-12-16,23:59:59,26.063,200
2023-06-27,23:59:59,22.322,200
2023-11-17,23:59:59,6.353,200
2024-09-08,23:59:59,4.793,200
2024-11-03,23:59:59,10.026,200
1980-10-25,23:59:59,17.026,200
1981-01-19,23:59:59,13.467,200
1983-02-15,23:59:59,6.920,200
1983-10-07,23:59:59,9.471,200
1984-04-01,23:59:59,10.507,200
1984-04-30,23:59:59,10.768,200
1985-07-12,23:59:59,7.220,200
1985-07-25,23:59:59,10.517,200
1985-12-31,23:59:59,18.300,200
1986-11-29,23:59:59,17.992,200
1986-12-16,23:59:59,15.706,200
1987-12-15,23:59:59,19.175,200
1988-11-06,23:59:59,22.653,200
1989-02-16,23:59:59,23.186,200
1989-02-25,23:59:59,22.084,200
1990-03-17,23:59:59,10.174,200
1990-12-16,23:59:59,20.476,200
1992-03-18,23:59:59,15.978,200
1992-08-08,23:59:59,18.290,200
1993-06-12,23:59:59,15.327,200
1994-03-24,23:59:59,9.482,200
1994-07-08,23:59:59,21.120,200
1995-05-06,23:59:59,16.858,200
1995-07-20,23:59:59,22.761,200
1997-01-28,23:59:59,12.004,200
1997-09-28,23:59:59,5.099,200
1998-07-16,23:59:59,3.705,200
1998-07-27,23:59:59,26.528,200
1999-05-29,23:59:59,7.797,200
1999-08-30,23:59:59,12.034,200
1999-09-07,23:59:59,18.212,200
1999-12-09,23:59:59,17.121,200
2000-01-25,23:59:59,12.243,200
2000-05-09,23:59:59,11.047,200
2002-10-19,23:59:59,4.544,200
2003-07-18,23:59:59,21.011,200
2004-11-28,23:59:59,10.125,200
2005-07-18,23:59:59,7.485,200
2005-08-02,23:59:59,9.443,200
2005-08-25,23:59:59,8.675,200
2006-03-05,23:59:59,17.178,200
2006-05-17,23:59:59,22.819,200
2006-11-10,23:59:59,5.571,200
2006-12-05,23:59:59,23.408,200
2007-01-09,23:59:59,12.910,200
2007-06-14,23:59:59,12.138,200
2007-09-02,23:59:59,17.582,200
2010-02-12,23:59:59,16.635,200
2010-04-26,23:59:59,7.342,200
2011-03-23,23:59:59,18.378,200
2011-04-07,23:59:59,14.551,200
2012-05-20,23:59:59,14.769,200
2012-06-02,23:59:59,6.922,200
2012-12-20,23:59:59,13.424,200
2013-01-28,23:59:59,9.118,200
2013-04-13,23:59:59,5.490,200
2015-11-05,23:59:59,15.879,200
2015-11-24,23:59:59,9.172,200
2016-02-12,23:59:59,20.379,200
2016-04-09,23:59:59,6.034,200
2016-07-12,23:59:59,18.961,200
2016-08-06,23:59:59,14.380,200
2017-02-26,23:59:59,6.702,200
2017-12-26,23:59:59,6.907,200
2018-02-02,23:59:59,12.108,200
2018-04-13,23:59:59,21.832,200
2018-10-09,23:59:59,18.359,200
2019-01-12,23:59:59,6.508,200
2020-02-10,23:59:59,11.729,200
2021-10-17,23:59:59,4.715,200
2022-05-27,23:59:59,14.994,200
2022-10-17,23:59:59,17.988,200
2023-05-07,23:59:59,12.615,200
2023-06-14,23:59:59,23.432,200
2023-07-24,23:59:59,22.090,200
2023-10-01,23:59:59,5.233,200
2023-12-03,23:59:59,12.712,200
2024-07-05,23:59:59,20.118,200
1980-02-24,23:59:59,12.793,200
1981-11-16,23:59:59,17.393,200
1982-01-13,23:59:59,16.404,200
1982-04-09,23:59:59,8.524,200
1983-03-20,23:59:59,5.731,200
1983-03-24,23:59:59,8.489,200
1983-06-25,23:59:59,4.533,200
1983-06-28,23:59:59,13.133,200
1983-11-03,23:59:59,21.893,200
1983-12-08,23:59:59,18.624,200
1983-12-10,23:59:59,10.646,200
1984-04-11,23:59:59,12.772,200
1984-08-11,23:59:59,10.272,200
1986-05-16,23:59:59,7.362,200
1986-08-06,23:59:59,22.005,200
1986-12-11,23:59:59,15.800,200
1987-03-16,23:59:59,7.109,200
1987-12-01,23:59:59,13.196,200
1987-12-06,23:59:59,5.354,200
1987-12-28,23:59:59,8.302,200
1988-04-13,23:59:59,11.025,200
1989-09-07,23:59:59,16.754,200
1990-07-17,23:59:59,15.916,200
1991-03-21,23:59:59,15.179,200
1991-05-30,23:59:59,13.890,200
1991-06-26,23:59:59,7.485,200
1992-02-08,23:59:59,11.242,200
1992-10-27,23:59:59,15.918,200
1993-01-13,23:59:59,9.080,200
1993-03-13,23:59:59,8.241,200
1993-06-22,23:59:59,21.822,200
1994-04-08,23:59:59,9.127,200
1994-04-11,23:59:59,7.441,200
1995-01-08,23:59:59,17.163,200
1995-08-18,23:59:59,21.108,200
1996-05-12,23:59:59,17.377,200
1996-08-17,23:59:59,21.158,200
1996-10-25,23:59:59,20.985,200
1997-06-18,23:59:59,9.454,200
1997-07-16,23:59:59,18.028,200
1997-11-14,23:59:59,9.338,200
1998-08-11,23:59:59,15.229,200
1999-01-15,23:59:59,8.107,200
1999-02-07,23:59:59,18.566,200
2000-02-19,23:59:59,7.921,200
2000-07-28,23:59:59,11.882,200
2002-02-21,23:59:59,18.634,200
2002-10-02,23:59:59,16.294,200
2002-12-26,23:59:59,6.066,200
2003-06-11,23:59:59,11.724,200
2004-03-09,23:59:59,26.602,200
2004-10-16,23:59:59,13.644,200
2005-09-01,23:59:59,10.981,200
2007-05-26,23:59:59,11.097,200
2007-08-12,23:59:59,8.322,200
2007-12-15,23:59:59,7.901,200
2008-03-24,23:59:59,7.900,200
2008-04-01,23:59:59,7.307,200
2008-06-15,23:59:59,5.044,200
2008-07-25,23:59:59,14.345,200
2008-08-12,23:59:59,21.790,200
2008-11-02,23:59:59,20.026,200
2009-06-17,23:59:59,17.992,200
2009-08-14,23:59:59,9.009,200
2010-05-10,23:59:59,7.311,200
2010-10-08,23:59:59,26.735,200
2013-08-29,23:59:59,13.546,200
2014-03-06,23:59:59,14.243,200
2014-05-05,23:59:59,10.546,200
2015-09-07,23:59:59,22.793,200
2016-05-17,23:59:59,10.329,200
2016-09-20,23:59:59,16.898,200
2018-07-21,23:59:59,8.016,200
2018-12-31,23:59:59,5.240,200
2019-01-15,23:59:59,6.998,200
2020-02-21,23:59:59,8.498,200
2020-04-08,23:59:59,12.247,200
2020-09-10,23:59:59,12.095,200
2021-01-31,23:59:59,6.475,200
2022-02-23,23:59:59,6.393,200
2022-06-07,23:59:59,10.465,200
2022-06-27,23:59:59,13.523,200
2023-03-05,23:59:59,12.803,200
2024-04-29,23:59:59,20.511,200
2024-05-16,23:59:59,7.017,200
2024-07-21,23:59:59,8.619,200
2024-11-11,23:59:59,9.828,200
1980-02-29,23:59:59,9.078,200
1980-04-08,23:59:59,11.986,200
1980-10-31,23:59:59,15.992,200
1982-07-01,23:59:59,15.668,200
1983-02-17,23:59:59,10.366,200
1983-03-01,23:59:59,7.834,200
1983-03-08,23:59:59,10.237,200
1983-06-21,23:59:59,17.080,200
1983-11-27,23:59:59,9.029,200
1984-02-17,23:59:59,13.590,200
1984-06-11,23:59:59,15.617,200
1984-10-19,23:59:59,9.556,200
1985-01-05,23:59:59,13.957,200
1985-03-04,23:59:59,13.291,200
1985-05-22,23:59:59,13.138,200
1985-10-13,23:59:59,10.813,200
1986-11-26,23:59:59,18.598,200
1988-04-26,23:59:59,14.787,200
1988-05-28,23:59:59,4.465,200
1989-02-28,23:59:59,21.715,200
1989-07-28,23:59:59,20.126,200
1990-01-12,23:59:59,16.878,200
1990-07-16,23:59:59,11.750,200
1990-10-27,23:59:59,13.363,200
1991-05-19,23:59:59,10.347,200
1991-07-12,23:59:59,12.723,200
1991-08-26,23:59:59,20.192,200
1991-12-17,23:59:59,12.462,200
1992-05-06,23:59:59,10.650,200
1992-07-13,23:59:59,10.482,200
1993-04-29,23:59:59,6.285,200
1993-10-01,23:59:59,5.279,200
1994-01-22,23:59:59,10.741,200
1994-12-16,23:59:59,17.207,200
1995-02-01,23:59:59,14.116,200
1996-06-01,23:59:59,19.319,200
1996-11-30,23:59:59,9.442,200
1998-03-30,23:59:59,15.044,200
1998-07-29,23:59:59,26.290,200
1998-09-28,23:59:59,17.388,200
1998-11-02,23:59:59,26.123,200
2000-03-02,23:59:59,6.410,200
2001-05-27,23:59:59,10.159,200
2001-06-28,23:59:59,15.048,200
2001-08-06,23:59:59,13.083,200
2002-01-15,23:59:59,21.396,200
2002-01-21,23:59:59,13.507,200
2004-05-10,23:59:59,13.215,200
2004-08-16,23:59:59,24.385,200
2004-09-12,23:59:59,10.062,200
2005-02-03,23:59:59,19.944,200
2005-04-10,23:59:59,5.069,200
2005-08-17,23:59:59,9.630,200
2005-08-23,23:59:59,11.863,200
2005-10-31,23:59:59,23.721,200
2005-12-02,23:59:59,9.256,200
2006-02-01,23:59:59,20.259,200
2007-01-12,23:59:59,11.022,200
2007-01-29,23:59:59,11.062,200
2007-11-17,23:59:59,10.147,200
2008-04-18,23:59:59,5.346,200
2008-04-19,23:59:59,4.994,200
2009-04-15,23:59:59,16.289,200
2009-10-09,23:59:59,21.623,200
2010-05-05,23:59:59,8.367,200
2011-01-17,23:59:59,13.244,200
2012-04-15,23:59:59,8.715,200
2013-03-21,23:59:59,10.895,200
2013-09-06,23:59:59,12.551,200
2013-11-15,23:59:59,13.516,200
2013-12-12,23:59:59,16.648,200
2015-02-13,23:59:59,7.000,200
2015-10-05,23:59:59,15.324,200
2016-01-30,23:59:59,7.824,200
2016-03-30,23:59:59,9.724,200
2016-04-20,23:59:59,12.918,200
2017-03-16,23:59:59,17.956,200
2018-02-19,23:59:59,18.136,200
2019-01-29,23:59:59,17.171,200
2019-03-30,23:59:59,5.316,200
2019-10-22,23:59:59,9.597,200
2020-02-11,23:59:59,13.277,200
2020-02-29,23:59:59,6.284,200
2020-10-01,23:59:59,13.289,200
2021-01-19,23:59:59,12.913,200
2021-04-28,23:59:59,14.241,200
2021-12-29,23:59:59,7.668,200
2022-06-21,23:59:59,18.712,200
2023-02-13,23:59:59,25.523,200
2023-02-15,23:59:59,16.556,200
2023-08-27,23:59:59,13.245,200
2024-11-29,23:59:59,11.701,200
1981-04-17,23:59:59,9.264,200
1981-09-05,23:59:59,18.900,200
1982-03-28,23:59:59,9.909,200
1983-08-29,23:59:59,13.825,200
1984-01-15,23:59:59,15.683,200
1984-06-10,23:59:59,13.755,200
1984-09-06,23:59:59,11.910,200
1985-03-03,23:59:59,6.028,200
1985-04-16,23:59:59,14.995,200
1986-01-10,23:59:59,25.092,200
1986-06-26,23:59:59,14.490,200
1986-07-12,23:59:59,5.635,200
1987-04-04,23:59:59,13.482,200
1987-11-24,23:59:59,12.020,200
1988-02-27,23:59:59,10.167,200
1988-03-15,23:59:59,12.296,200
1988-05-25,23:59:59,10.453,200
1988-07-03,23:59:59,9.577,200
1988-08-02,23:59:59,18.708,200
1990-03-19,23:59:59,15.885,200
1990-03-24,23:59:59,10.407,200
1990-07-03,23:59:59,13.898,200
1991-08-22,23:59:59,20.439,200
1992-06-12,23:59:59,4.613,200
1993-05-11,23:59:59,7.697,200
1993-06-03,23:59:59,17.158,200
1993-10-31,23:59:59,7.616,200
1994-08-08,23:59:59,24.491,200
1995-01-01,23:59:59,7.534,200
1995-12-02,23:59:59,15.744,200
1996-06-18,23:59:59,14.988,200
1997-06-10,23:59:59,7.972,200
1999-06-10,23:59:59,19.278,200
1999-12-25,23:59:59,8.128,200
2000-07-25,23:59:59,11.760,200
2000-12-05,23:59:59,19.889,200
2001-05-24,23:59:59,18.476,200
2001-07-04,23:59:59,16.292,200
2002-10-05,23:59:59,11.737,200
2003-09-06,23:59:59,6.252,200
2003-11-30,23:59:59,5.501,200
2004-03-04,23:59:59,27.320,200
2004-03-20,23:59:59,8.733,200
2005-11-07,23:59:59,16.070,200
2006-02-22,23:59:59,17.088,200
2006-04-06,23:59:59,8.356,200
2006-05-18,23:59:59,22.198,200
2006-06-18,23:59:59,17.459,200
2006-10-03,23:59:59,16.235,200
2006-11-16,23:59:59,9.512,200
2007-08-14,23:59:59,17.991,200
2007-08-18,23:59:59,6.607,200
2007-11-04,23:59:59,14.945,200
2008-01-24,23:59:59,16.471,200
2008-04-04,23:59:59,11.874,200
2008-05-20,23:59:59,13.544,200
2008-10-04,23:59:59,14.506,200
2009-07-20,23:59:59,12.070,200
2009-08-24,23:59:59,7.806,200
2009-09-29,23:59:59,16.970,200
2012-08-03,23:59:59,18.495,200
2013-01-05,23:59:59,12.001,200
2013-01-26,23:59:59,6.728,200
2013-06-25,23:59:59,10.810,200
2013-07-28,23:59:59,7.943,200
2013-11-25,23:59:59,11.406,200
2014-03-14,23:59:59,7.395,200
2014-05-13,23:59:59,11.313,200
2015-02-24,23:59:59,10.584,200
2015-11-11,23:59:59,8.518,200
2016-03-07,23:59:59,13.544,200
2018-07-08,23:59:59,13.898,200
2019-08-15,23:59:59,15.129,200
2020-02-23,23:59:59,4.912,200
2020-03-05,23:59:59,12.341,200
2021-02-20,23:59:59,8.182,200
2021-04-10,23:59:59,6.583,200
2022-09-22,23:59:59,25.628,200
2022-10-19,23:59:59,12.919,200
2023-02-26,23:59:59,12.711,200
1980-01-22,23:59:59,15.872,200
1980-04-30,23:59:59,10.647,200
1980-08-02,23:59:59,5.829,200
1981-02-12,23:59:59,17.036,200
1981-11-21,23:59:59,12.754,200
1982-10-07,23:59:59,17.916,200
1982-11-04,23:59:59,8.998,200
1983-05-31,23:59:59,11.065,200
1983-08-25,23:59:59,10.184,200
1983-11-24,23:59:59,24.290,200
1984-04-10,23:59:59,14.675,200
1986-05-21,23:59:59,4.352,200
1986-06-28,23:59:59,8.052,200
1986-07-22,23:59:59,15.067,200
1986-10-17,23:59:59,18.001,200
1987-05-22,23:59:59,12.101,200
1987-06-30,23:59:59,11.737,200
1987-07-27,23:59:59,14.117,200
1987-10-21,23:59:59,10.880,200
1988-06-15,23:59:59,20.326,200
1990-12-01,23:59:59,12.116,200
1991-11-29,23:59:59,17.592,200
1991-12-04,23:59:59,12.606,200
1992-01-28,23:59:59,14.703,200
1992-03-24,23:59:59,9.625,200
1992-04-01,23:59:59,13.676,200
1992-09-16,23:59:59,22.969,200
1993-03-31,23:59:59,7.442,200
1993-12-14,23:59:59,14.422,200
1995-04-24,23:59:59,17.149,200
1996-02-09,23:59:59,13.375,200
1996-02-13,23:59:59,21.140,200
1996-04-04,23:59:59,4.295,200
1996-04-22,23:59:59,5.888,200
1998-04-11,23:59:59,9.033,200
1998-07-13,23:59:59,18.330,200
1999-02-28,23:59:59,6.951,200
1999-06-16,23:59:59,19.134,200
2000-02-20,23:59:59,6.754,200
2000-09-12,23:59:59,20.499,200
2000-12-30,23:59:59,6.965,200
2001-10-20,23:59:59,7.264,200
2001-12-23,23:59:59,12.895,200
2002-01-10,23:59:59,11.017,200
2002-07-27,23:59:59,24.242,200
2003-04-23,23:59:59,10.860,200
2003-06-13,23:59:59,17.465,200
2003-10-12,23:59:59,11.170,200
2004-05-21,23:59:59,9.577,200
2004-12-16,23:59:59,14.213,200
2005-03-23,23:59:59,12.056,200
2005-08-04,23:59:59,14.994,200
2005-08-08,23:59:59,13.799,200
2006-09-20,23:59:59,17.379,200
2007-03-14,23:59:59,5.093,200
2007-10-16,23:59:59,14.273,200
2007-11-30,23:59:59,11.634,200
2008-03-09,23:59:59,7.807,200
2011-09-06,23:59:59,10.138,200
2012-04-16,23:59:59,10.138,200
2013-06-14,23:59:59,14.896,200
2013-09-19,23:59:59,13.609,200
2013-10-28,23:59:59,14.489,200
2014-12-18,23:59:59,7.161,200
2015-03-29,23:59:59,5.979,200
2015-08-31,23:59:59,20.381,200
2016-02-11,23:59:59,19.120,200
2016-10-21,23:59:59,15.999,200
2016-12-13,23:59:59,10.755,200
2017-01-05,23:59:59,15.707,200
2018-06-02,23:59:59,14.386,200
2018-10-08,23:59:59,18.086,200
2018-12-14,23:59:59,8.031,200
2019-04-30,23:59:59,6.230,200
2019-05-31,23:59:59,4.918,200
2019-09-10,23:59:59,15.855,200
2020-01-07,23:59:59,8.292,200
2021-03-08,23:59:59,13.191,200
2021-06-24,23:59:59,10.051,200
2021-07-19,23:59:59,6.101,200
2021-10-23,23:59:59,6.313,200
2022-05-22,23:59:59,6.390,200
2024-06-18,23:59:59,9.241,200
1980-07-08,23:59:59,18.867,200
1981-12-09,23:59:59,12.449,200
1982-04-29,23:59:59,13.093,200
1983-04-02,23:59:59,8.595,200
1984-06-30,23:59:59,8.418,200
1985-05-23,23:59:59,5.171,200
1986-05-13,23:59:59,7.227,200
1987-06-15,23:59:59,12.887,200
1988-02-13,23:59:59,6.362,200
1988-03-27,23:59:59,4.771,200
1988-08-16,23:59:59,17.905,200
1988-09-22,23:59:59,19.135,200
1989-05-11,23:59:59,13.416,200
1990-02-12,23:59:59,21.120,200
1990-02-28,23:59:59,19.587,200
1990-04-12,23:59:59,16.918,200
1990-07-02,23:59:59,15.044,200
1992-04-14,23:59:59,12.830,200
1993-03-20,23:59:59,9.576,200
1993-04-05,23:59:59,6.224,200
1993-07-02,23:59:59,21.536,200
1993-09-10,23:59:59,8.240,200
1993-11-12,23:59:59,6.922,200
1993-12-09,23:59:59,5.697,200
1994-05-29,23:59:59,4.175,200
1994-06-17,23:59:59,6.800,200
1994-10-03,23:59:59,19.454,200
1994-10-19,23:59:59,24.494,200
1995-03-23,23:59:59,9.348,200
1995-06-29,23:59:59,11.649,200
1995-10-30,23:59:59,21.504,200
1996-09-09,23:59:59,25.001,200
1997-01-11,23:59:59,11.580,200
1998-04-17,23:59:59,9.181,200
1999-03-03,23:59:59,9.019,200
1999-07-24,23:59:59,7.434,200
1999-08-23,23:59:59,9.502,200
2000-03-24,23:59:59,14.906,200
2000-10-24,23:59:59,20.144,200
2001-02-16,23:59:59,13.321,200
2001-08-02,23:59:59,11.578,200
2001-12-14,23:59:59,18.580,200
2002-03-08,23:59:59,8.915,200
2002-05-22,23:59:59,10.482,200
2002-11-18,23:59:59,12.888,200
2003-07-06,23:59:59,11.128,200
2004-11-15,23:59:59,16.882,200
2005-09-10,23:59:59,5.569,200
2005-12-11,23:59:59,8.533,200
2006-03-21,23:59:59,18.202,200
2006-05-28,23:59:59,12.709,200
2006-08-25,23:59:59,15.371,200
2007-01-19,23:59:59,12.061,200
2007-12-03,23:59:59,14.488,200
2008-03-28,23:59:59,8.908,200
2008-09-29,23:59:59,19.814,200
2009-03-24,23:59:59,17.937,200
2009-12-05,23:59:59,6.974,200
2010-02-25,23:59:59,22.322,200
2010-03-14,23:59:59,9.139,200
2010-03-18,23:59:59,8.234,200
2011-02-09,23:59:59,13.416,200
2011-04-03,23:59:59,10.876,200
2011-05-29,23:59:59,16.510,200
2011-12-14,23:59:59,13.626,200
2012-08-20,23:59:59,19.992,200
2013-04-08,23:59:59,8.292,200
2014-01-31,23:59:59,17.831,200
2014-02-19,23:59:59,17.300,200
2014-07-14,23:59:59,7.942,200
2014-11-09,23:59:59,6.341,200
2015-02-10,23:59:59,12.727,200
2015-04-05,23:59:59,6.463,200
2015-05-04,23:59:59,7.894,200
2015-07-08,23:59:59,18.591,200
2015-09-23,23:59:59,19.701,200
2016-06-06,23:59:59,7.423,200
2016-10-12,23:59:59,22.919,200
2017-01-07,23:59:59,13.134,200
2018-11-18,23:59:59,7.116,200
2019-11-15,23:59:59,6.504,200
2021-08-08,23:59:59,10.377,200
2021-10-11,23:59:59,6.055,200
2024-07-30,23:59:59,17.363,200
2024-11-08,23:59:59,4.959,200
1980-02-10,23:59:59,20.691,200
1980-05-19,23:59:59,13.560,200
1981-07-04,23:59:59,7.077,200
1982-01-25,23:59:59,17.041,200
1982-05-27,23:59:59,7.110,200
1982-11-06,23:59:59,8.573,200
1983-05-28,23:59:59,10.478,200
1983-07-02,23:59:59,15.057,200
1983-07-29,23:59:59,11.174,200
1983-10-18,23:59:59,12.461,200
1984-08-18,23:59:59,13.568,200
1984-12-30,23:59:59,9.793,200
1985-04-29,23:59:59,11.232,200
1985-09-08,23:59:59,13.715,200
1986-05-11,23:59:59,5.883,200
1986-06-12,23:59:59,14.989,200
1987-04-07,23:59:59,16.323,200
1988-09-04,23:59:59,12.259,200
1988-11-21,23:59:59,21.242,200
1991-07-19,23:59:59,7.936,200
1992-10-13,23:59:59,11.087,200
1993-07-19,23:59:59,17.205,200
1995-06-28,23:59:59,17.654,200
1996-08-16,23:59:59,19.817,200
1996-12-15,23:59:59,21.525,200
1997-12-24,23:59:59,13.555,200
1998-02-20,23:59:59,9.637,200
1998-03-16,23:59:59,7.797,200
1998-12-13,23:59:59,15.138,200
1999-10-05,23:59:59,21.177,200
1999-11-04,23:59:59,15.641,200
2000-01-13,23:59:59,7.208,200
2000-03-18,23:59:59,8.399,200
2000-12-10,23:59:59,13.956,200
2001-01-21,23:59:59,9.198,200
2001-11-05,23:59:59,9.338,200
2002-04-24,23:59:59,19.199,200
2002-07-02,23:59:59,24.163,200
2002-10-26,23:59:59,9.428,200
2003-09-02,23:59:59,6.838,200
2003-12-01,23:59:59,7.889,200
2003-12-26,23:59:59,6.448,200
2004-06-08,23:59:59,14.201,200
2004-10-04,23:59:59,16.627,200
2005-05-07,23:59:59,9.596,200
2005-10-10,23:59:59,15.444,200
2006-03-18,23:59:59,5.784,200
2007-05-24,23:59:59,8.946,200
2008-06-16,23:59:59,7.995,200
2008-07-16,23:59:59,21.951,200
2009-03-17,23:59:59,15.444,200
2009-07-11,23:59:59,7.793,200
2010-03-24,23:59:59,8.589,200
2010-06-18,23:59:59,9.331,200
2010-09-26,23:59:59,27.342,200
2011-03-10,23:59:59,12.108,200
2011-11-21,23:59:59,13.773,200
2012-10-05,23:59:59,20.194,200
2013-05-10,23:59:59,14.864,200
2013-10-06,23:59:59,10.364,200
2014-10-19,23:59:59,6.327,200
2015-01-15,23:59:59,11.854,200
2016-12-20,23:59:59,11.850,200
2017-03-23,23:59:59,19.993,200
2018-02-20,23:59:59,17.843,200
2018-10-10,23:59:59,17.966,200
2018-12-19,23:59:59,6.007,200
2019-04-07,23:59:59,6.131,200
2019-09-04,23:59:59,16.411,200
2021-01-01,23:59:59,6.992,200
2022-05-28,23:59:59,13.794,200
2023-03-31,23:59:59,12.798,200
2023-08-06,23:59:59,21.692,200
2023-09-19,23:59:59,6.796,200
2024-03-15,23:59:59,7.378,200
