Date,Time,Spill (Mm³),QualityCode
1980-03-20,23:59:59,8.722,200
1980-05-05,23:59:59,4.735,200
1981-11-27,23:59:59,0.694,200
1982-03-26,23:59:59,0.671,200
1982-07-05,23:59:59,17.837,200
1983-05-27,23:59:59,4.424,200
1983-08-07,23:59:59,3.696,200
1984-04-24,23:59:59,4.387,200
1984-06-25,23:59:59,18.768,200
1984-09-18,23:59:59,0.648,200
1985-11-17,23:59:59,10.533,200
1986-02-23,23:59:59,0.811,200
1986-10-18,23:59:59,0.677,200
1987-07-25,23:59:59,16.649,200
1988-05-24,23:59:59,7.728,200
1989-02-01,23:59:59,2.477,200
1989-05-10,23:59:59,2.460,200
1990-03-10,23:59:59,0.592,200
1990-06-08,23:59:59,0.620,200
1991-05-03,23:59:59,1.693,200
1991-06-05,23:59:59,7.786,200
1991-07-16,23:59:59,15.942,200
1991-08-09,23:59:59,3.318,200
1991-08-15,23:59:59,0.562,200
1991-11-02,23:59:59,2.184,200
1992-06-25,23:59:59,17.072,200
1992-10-26,23:59:59,0.706,200
1993-01-29,23:59:59,2.963,200
1993-01-30,23:59:59,3.646,200
1993-08-21,23:59:59,17.371,200
1993-11-04,23:59:59,0.674,200
1993-11-08,23:59:59,0.676,200
1994-03-30,23:59:59,3.589,200
1994-07-20,23:59:59,12.672,200
1994-08-03,23:59:59,8.008,200
1994-08-13,23:59:59,8.064,200
1995-02-12,23:59:59,15.509,200
1995-05-23,23:59:59,0.929,200
1995-06-05,23:59:59,4.260,200
1996-06-10,23:59:59,0.887,200
1996-07-28,23:59:59,7.705,200
1996-12-15,23:59:59,1.445,200
1998-08-23,23:59:59,12.859,200
1999-10-14,23:59:59,0.722,200
1999-11-11,23:59:59,0.780,200
2002-03-09,23:59:59,1.680,200
2002-07-20,23:59:59,15.708,200
2003-08-15,23:59:59,1.287,200
2003-11-29,23:59:59,0.805,200
2004-03-06,23:59:59,6.040,200
2004-12-21,23:59:59,0.654,200
2005-05-13,23:59:59,5.544,200
2005-07-10,23:59:59,6.950,200
2007-04-21,23:59:59,14.932,200
2008-01-12,23:59:59,1.059,200
2008-02-01,23:59:59,4.111,200
2009-01-29,23:59:59,1.994,200
2009-07-23,23:59:59,10.694,200
2009-12-07,23:59:59,1.140,200
2010-05-14,23:59:59,1.297,200
2011-05-18,23:59:59,8.877,200
2011-06-22,23:59:59,15.529,200
2011-11-28,23:59:59,1.116,200
2012-08-16,23:59:59,7.636,200
2012-12-18,23:59:59,1.278,200
2013-05-03,23:59:59,3.549,200
2013-05-15,23:59:59,10.091,200
2014-09-07,23:59:59,5.137,200
2014-12-03,23:59:59,4.736,200
2015-01-17,23:59:59,5.163,200
2015-09-13,23:59:59,1.428,200
2016-02-27,23:59:59,1.147,200
2017-03-14,23:59:59,14.809,200
2018-05-15,23:59:59,10.594,200
2019-06-05,23:59:59,1.038,200
2019-12-18,23:59:59,0.904,200
2019-12-24,23:59:59,4.975,200
2021-04-17,23:59:59,5.656,200
2022-02-19,23:59:59,1.191,200
2022-03-12,23:59:59,12.223,200
2022-04-11,23:59:59,3.196,200
2023-04-12,23:59:59,4.713,200
2023-06-05,23:59:59,1.104,200
2023-09-19,23:59:59,1.066,200
2023-09-25,23:59:59,0.983,200
2023-10-09,23:59:59,1.089,200
2023-12-04,23:59:59,5.011,200
2024-03-09,23:59:59,1.102,200
1980-06-17,23:59:59,0.830,200
1980-06-30,23:59:59,8.665,200
1980-09-30,23:59:59,13.473,200
1981-02-20,23:59:59,0.701,200
1982-11-16,23:59:59,0.502,200
1983-01-14,23:59:59,0.620,200
1983-03-26,23:59:59,0.623,200
1983-06-21,23:59:59,14.356,200
1984-02-13,23:59:59,8.816,200
1985-02-08,23:59:59,8.730,200
1985-03-04,23:59:59,2.889,200
1985-04-22,23:59:59,19.863,200
1985-08-13,23:59:59,19.495,200
1986-07-15,23:59:59,3.731,200
1987-05-19,23:59:59,6.625,200
1987-07-24,23:59:59,16.705,200
1988-03-21,23:59:59,2.484,200
1989-01-02,23:59:59,4.684,200
1989-05-20,23:59:59,2.451,200
1989-12-01,23:59:59,0.464,200
1990-05-27,23:59:59,0.614,200
1991-04-20,23:59:59,1.089,200
1991-08-29,23:59:59,5.815,200
1992-03-09,23:59:59,0.841,200
1992-05-10,23:59:59,9.542,200
1992-06-18,23:59:59,16.669,200
1994-02-11,23:59:59,15.130,200
1994-06-15,23:59:59,8.334,200
1995-11-23,23:59:59,17.345,200
1997-02-02,23:59:59,11.487,200
1998-04-28,23:59:59,4.264,200
1998-09-29,23:59:59,0.801,200
1998-12-11,23:59:59,2.856,200
2000-01-02,23:59:59,6.185,200
2000-10-04,23:59:59,1.576,200
2002-01-08,23:59:59,0.885,200
2003-01-09,23:59:59,13.175,200
2004-03-10,23:59:59,8.444,200
2004-04-08,23:59:59,6.964,200
2005-07-14,23:59:59,8.382,200
2006-01-08,23:59:59,1.033,200
2006-05-06,23:59:59,1.053,200
2006-12-27,23:59:59,1.118,200
2007-08-30,23:59:59,2.629,200
2007-09-10,23:59:59,4.759,200
2007-10-22,23:59:59,1.216,200
2008-03-20,23:59:59,3.466,200
2008-10-19,23:59:59,1.153,200
2010-02-13,23:59:59,5.759,200
2010-05-08,23:59:59,2.764,200
2010-08-06,23:59:59,12.439,200
2010-12-19,23:59:59,4.792,200
2011-07-26,23:59:59,16.958,200
2011-12-17,23:59:59,1.164,200
2013-04-22,23:59:59,7.642,200
2013-04-24,23:59:59,7.611,200
2014-02-14,23:59:59,16.110,200
2014-06-17,23:59:59,12.286,200
2014-06-26,23:59:59,1.567,200
2014-08-25,23:59:59,16.765,200
2015-08-04,23:59:59,10.621,200
2016-01-29,23:59:59,3.394,200
2016-06-24,23:59:59,2.307,200
2016-08-16,23:59:59,12.358,200
2016-10-16,23:59:59,0.963,200
2016-10-30,23:59:59,0.997,200
2017-07-03,23:59:59,4.442,200
2017-07-09,23:59:59,2.072,200
2018-11-15,23:59:59,1.003,200
2019-06-10,23:59:59,2.986,200
2019-08-05,23:59:59,16.472,200
2020-03-11,23:59:59,2.067,200
2020-05-28,23:59:59,17.032,200
2020-06-18,23:59:59,9.673,200
2020-12-07,23:59:59,4.971,200
2020-12-14,23:59:59,3.341,200
2021-11-22,23:59:59,3.173,200
2022-01-06,23:59:59,9.023,200
2022-01-23,23:59:59,10.993,200
2023-10-08,23:59:59,1.093,200
2023-10-15,23:59:59,2.756,200
2023-10-21,23:59:59,2.170,200
2023-12-15,23:59:59,8.883,200
2024-03-04,23:59:59,1.240,200
2024-09-07,23:59:59,1.076,200
2024-10-04,23:59:59,1.056,200
1980-01-23,23:59:59,5.960,200
1980-01-29,23:59:59,5.560,200
1981-01-11,23:59:59,1.362,200
1981-02-05,23:59:59,1.436,200
1981-12-27,23:59:59,0.571,200
1982-06-07,23:59:59,0.668,200
1982-06-20,23:59:59,14.422,200
1982-07-28,23:59:59,18.298,200
1982-08-18,23:59:59,17.319,200
1983-03-28,23:59:59,0.603,200
1983-11-20,23:59:59,20.333,200
1984-03-24,23:59:59,3.843,200
1984-06-30,23:59:59,8.365,200
1985-01-20,23:59:59,18.571,200
1985-04-20,23:59:59,0.804,200
1985-05-17,23:59:59,2.853,200
1985-07-23,23:59:59,0.669,200
1986-03-01,23:59:59,3.834,200
1986-04-11,23:59:59,7.081,200
1986-07-24,23:59:59,19.682,200
1986-08-09,23:59:59,18.735,200
1987-06-21,23:59:59,5.983,200
1988-03-03,23:59:59,2.877,200
1988-04-11,23:59:59,6.463,200
1988-09-10,23:59:59,10.146,200
1990-01-04,23:59:59,0.543,200
1990-03-16,23:59:59,0.621,200
1991-10-19,23:59:59,0.432,200
1992-03-21,23:59:59,0.848,200
1992-04-16,23:59:59,0.858,200
1992-10-05,23:59:59,10.243,200
1993-02-18,23:59:59,3.562,200
1993-04-10,23:59:59,0.885,200
1994-01-15,23:59:59,0.805,200
1996-05-01,23:59:59,16.740,200
1996-05-25,23:59:59,0.908,200
1996-06-28,23:59:59,15.000,200
1996-07-06,23:59:59,13.959,200
1996-09-22,23:59:59,2.613,200
1996-10-12,23:59:59,0.763,200
1997-08-25,23:59:59,0.709,200
1997-10-04,23:59:59,0.693,200
1998-02-27,23:59:59,6.428,200
1998-05-02,23:59:59,4.278,200
1998-07-01,23:59:59,1.264,200
1999-08-17,23:59:59,10.444,200
1999-08-22,23:59:59,2.905,200
2000-01-11,23:59:59,2.038,200
2001-02-16,23:59:59,6.063,200
2002-01-25,23:59:59,11.784,200
2002-08-29,23:59:59,2.565,200
2003-04-25,23:59:59,6.862,200
2003-07-23,23:59:59,17.339,200
2003-12-19,23:59:59,0.877,200
2005-12-24,23:59:59,1.025,200
2006-09-12,23:59:59,1.007,200
2008-05-20,23:59:59,8.562,200
2008-07-17,23:59:59,2.064,200
2009-02-26,23:59:59,2.854,200
2009-08-09,23:59:59,9.353,200
2009-11-06,23:59:59,2.713,200
2010-02-06,23:59:59,3.065,200
2010-04-03,23:59:59,3.093,200
2010-07-24,23:59:59,10.658,200
2011-04-06,23:59:59,10.342,200
2011-05-27,23:59:59,9.696,200
2011-12-13,23:59:59,1.129,200
2012-01-30,23:59:59,4.098,200
2012-05-14,23:59:59,4.816,200
2013-03-23,23:59:59,15.778,200
2013-06-10,23:59:59,1.566,200
2013-06-26,23:59:59,16.639,200
2013-08-24,23:59:59,16.852,200
2013-12-21,23:59:59,4.010,200
2014-10-15,23:59:59,3.768,200
2015-03-22,23:59:59,8.276,200
2015-05-18,23:59:59,1.151,200
2015-09-29,23:59:59,4.984,200
2016-10-29,23:59:59,1.000,200
2017-02-20,23:59:59,2.888,200
2017-04-08,23:59:59,4.683,200
2019-04-17,23:59:59,1.053,200
2019-12-01,23:59:59,1.015,200
2021-03-17,23:59:59,4.299,200
2021-07-14,23:59:59,13.013,200
2021-08-03,23:59:59,2.172,200
2021-08-17,23:59:59,5.633,200
2023-03-29,23:59:59,0.710,200
2023-05-15,23:59:59,1.106,200
2023-06-25,23:59:59,15.131,200
2024-07-10,23:59:59,5.175,200
2024-12-15,23:59:59,10.712,200
1980-05-13,23:59:59,15.585,200
1980-11-29,23:59:59,1.467,200
1981-04-13,23:59:59,6.571,200
1981-06-25,23:59:59,6.718,200
1981-11-10,23:59:59,0.562,200
1982-11-13,23:59:59,0.529,200
1984-02-29,23:59:59,1.984,200
1985-03-31,23:59:59,2.847,200
1985-05-02,23:59:59,0.807,200
1986-11-20,23:59:59,2.042,200
1986-12-07,23:59:59,0.650,200
1987-10-17,23:59:59,0.591,200
1987-11-10,23:59:59,0.650,200
1988-06-15,23:59:59,7.565,200
1988-08-27,23:59:59,4.380,200
1988-10-15,23:59:59,11.344,200
1988-11-12,23:59:59,7.951,200
1989-03-26,23:59:59,3.980,200
1989-03-31,23:59:59,14.815,200
1989-08-03,23:59:59,16.251,200
1990-05-17,23:59:59,0.633,200
1990-07-17,23:59:59,0.632,200
1991-02-22,23:59:59,5.964,200
1991-12-02,23:59:59,1.703,200
1992-02-18,23:59:59,5.525,200
1992-12-31,23:59:59,4.024,200
1993-01-10,23:59:59,4.550,200
1993-05-26,23:59:59,0.814,200
1993-06-20,23:59:59,8.597,200
1994-01-06,23:59:59,0.747,200
1995-02-27,23:59:59,17.163,200
1995-12-26,23:59:59,18.093,200
1995-12-28,23:59:59,18.178,200
1996-12-18,23:59:59,1.639,200
1997-01-31,23:59:59,8.999,200
1997-04-09,23:59:59,0.896,200
1997-08-12,23:59:59,0.757,200
1998-12-07,23:59:59,3.570,200
2000-03-03,23:59:59,2.324,200
2000-06-13,23:59:59,11.441,200
2002-06-09,23:59:59,8.392,200
2003-11-19,23:59:59,0.782,200
2004-11-18,23:59:59,0.646,200
2005-07-07,23:59:59,17.005,200
2006-05-17,23:59:59,1.055,200
2006-07-28,23:59:59,10.608,200
2006-09-25,23:59:59,1.016,200
2007-01-29,23:59:59,5.233,200
2007-07-15,23:59:59,13.263,200
2007-12-12,23:59:59,1.051,200
2010-01-25,23:59:59,4.208,200
2010-02-17,23:59:59,10.015,200
2010-03-24,23:59:59,2.762,200
2010-11-05,23:59:59,1.431,200
2011-04-26,23:59:59,9.925,200
2012-03-26,23:59:59,4.282,200
2013-06-30,23:59:59,16.319,200
2013-09-01,23:59:59,5.114,200
2014-07-15,23:59:59,7.067,200
2014-11-16,23:59:59,2.487,200
2014-12-08,23:59:59,2.905,200
2015-06-08,23:59:59,10.748,200
2015-06-25,23:59:59,16.188,200
2015-08-09,23:59:59,11.605,200
2016-01-30,23:59:59,3.691,200
2016-09-30,23:59:59,3.722,200
2017-05-15,23:59:59,8.225,200
2017-08-07,23:59:59,4.535,200
2018-01-29,23:59:59,1.930,200
2018-06-05,23:59:59,17.019,200
2018-08-05,23:59:59,1.055,200
2021-01-19,23:59:59,1.079,200
2023-12-02,23:59:59,2.400,200
2024-12-03,23:59:59,5.419,200
2024-12-20,23:59:59,5.783,200
2024-12-24,23:59:59,5.824,200
1980-02-25,23:59:59,5.560,200
1980-06-16,23:59:59,0.830,200
1981-03-27,23:59:59,6.942,200
1982-08-30,23:59:59,18.223,200
1982-09-15,23:59:59,0.618,200
1983-06-14,23:59:59,4.428,200
1983-06-23,23:59:59,14.232,200
1984-04-16,23:59:59,4.589,200
1984-08-09,23:59:59,0.655,200
1984-11-20,23:59:59,0.686,200
1985-04-17,23:59:59,16.155,200
1986-07-20,23:59:59,3.713,200
1987-02-12,23:59:59,3.299,200
1987-03-31,23:59:59,20.508,200
1988-07-31,23:59:59,7.794,200
1991-02-28,23:59:59,0.637,200
1991-05-14,23:59:59,2.513,200
1992-01-07,23:59:59,3.208,200
1992-08-29,23:59:59,8.081,200
1992-09-15,23:59:59,8.003,200
1993-02-04,23:59:59,3.629,200
1994-09-30,23:59:59,12.612,200
1996-06-15,23:59:59,0.873,200
1996-08-10,23:59:59,4.426,200
1996-12-07,23:59:59,3.545,200
1997-09-18,23:59:59,0.712,200
1997-12-16,23:59:59,0.815,200
1998-05-03,23:59:59,4.329,200
1998-09-25,23:59:59,3.303,200
1999-09-13,23:59:59,0.736,200
1999-10-24,23:59:59,0.724,200
1999-12-31,23:59:59,2.029,200
2001-02-19,23:59:59,11.046,200
2001-05-31,23:59:59,4.203,200
2001-07-06,23:59:59,17.098,200
2002-11-10,23:59:59,4.207,200
2003-04-27,23:59:59,6.847,200
2004-05-03,23:59:59,7.395,200
2004-09-05,23:59:59,11.969,200
2006-04-27,23:59:59,1.055,200
2006-05-10,23:59:59,1.273,200
2006-07-02,23:59:59,12.996,200
2006-07-26,23:59:59,13.859,200
2007-07-21,23:59:59,11.470,200
2007-07-25,23:59:59,16.628,200
2007-10-08,23:59:59,1.305,200
2008-01-20,23:59:59,1.072,200
2008-04-22,23:59:59,12.024,200
2009-07-22,23:59:59,12.594,200
2009-11-18,23:59:59,1.151,200
2009-11-23,23:59:59,1.130,200
2009-12-10,23:59:59,1.146,200
2011-01-09,23:59:59,1.177,200
2011-10-06,23:59:59,3.156,200
2012-03-04,23:59:59,1.358,200
2012-05-20,23:59:59,5.071,200
2012-07-17,23:59:59,2.675,200
2012-11-22,23:59:59,0.327,200
2015-03-09,23:59:59,2.907,200
2015-09-09,23:59:59,2.442,200
2015-10-01,23:59:59,4.612,200
2015-11-25,23:59:59,1.002,200
2015-12-31,23:59:59,2.641,200
2016-08-01,23:59:59,8.917,200
2016-11-26,23:59:59,0.990,200
2017-08-15,23:59:59,4.544,200
2018-05-16,23:59:59,10.435,200
2018-05-24,23:59:59,1.206,200
2018-07-20,23:59:59,1.028,200
2019-03-10,23:59:59,5.153,200
2020-12-21,23:59:59,4.157,200
2021-04-13,23:59:59,7.158,200
2021-06-24,23:59:59,4.751,200
2023-11-06,23:59:59,2.721,200
2024-03-02,23:59:59,1.117,200
2024-04-09,23:59:59,2.950,200
2024-07-05,23:59:59,8.866,200
2024-09-26,23:59:59,1.104,200
2024-12-28,23:59:59,7.497,200
1980-01-17,23:59:59,1.436,200
1980-08-23,23:59:59,8.665,200
1981-05-20,23:59:59,6.354,200
1981-06-24,23:59:59,6.718,200
1981-11-21,23:59:59,0.620,200
1982-01-29,23:59:59,2.528,200
1982-08-02,23:59:59,18.090,200
1982-08-19,23:59:59,18.273,200
1983-01-26,23:59:59,0.636,200
1983-04-16,23:59:59,8.998,200
1983-09-17,23:59:59,0.840,200
1983-11-04,23:59:59,6.258,200
1984-02-18,23:59:59,8.692,200
1984-05-03,23:59:59,4.617,200
1984-11-05,23:59:59,0.689,200
1985-02-18,23:59:59,2.866,200
1985-05-08,23:59:59,0.815,200
1985-11-21,23:59:59,0.747,200
1986-04-08,23:59:59,7.618,200
1986-04-12,23:59:59,6.597,200
1986-05-15,23:59:59,4.437,200
1986-10-10,23:59:59,0.622,200
1987-05-16,23:59:59,2.857,200
1987-05-28,23:59:59,14.348,200
1987-09-27,23:59:59,0.599,200
1989-07-20,23:59:59,12.282,200
1989-10-15,23:59:59,1.369,200
1990-06-19,23:59:59,4.019,200
1990-08-17,23:59:59,16.283,200
1992-04-28,23:59:59,4.617,200
1992-09-30,23:59:59,9.248,200
1993-04-08,23:59:59,3.088,200
1993-05-28,23:59:59,0.815,200
1993-08-22,23:59:59,17.261,200
1994-01-30,23:59:59,10.265,200
1994-04-10,23:59:59,11.001,200
1994-05-14,23:59:59,9.194,200
1996-02-17,23:59:59,3.702,200
1997-02-18,23:59:59,0.830,200
1997-07-16,23:59:59,16.636,200
1997-08-23,23:59:59,0.711,200
1997-10-10,23:59:59,0.696,200
1999-10-30,23:59:59,0.739,200
1999-11-30,23:59:59,8.471,200
2000-01-18,23:59:59,2.029,200
2000-04-21,23:59:59,1.283,200
2000-08-05,23:59:59,12.732,200
2000-09-06,23:59:59,16.945,200
2001-09-24,23:59:59,0.759,200
2002-12-07,23:59:59,5.140,200
2003-07-26,23:59:59,17.106,200
2003-08-29,23:59:59,1.114,200
2003-09-17,23:59:59,0.737,200
2004-09-11,23:59:59,10.209,200
2005-03-07,23:59:59,1.055,200
2005-05-30,23:59:59,4.427,200
2006-01-19,23:59:59,1.060,200
2006-07-09,23:59:59,9.320,200
2006-11-27,23:59:59,1.103,200
2007-01-19,23:59:59,5.270,200
2007-06-11,23:59:59,6.435,200
2008-03-16,23:59:59,1.398,200
2008-03-18,23:59:59,4.103,200
2008-11-12,23:59:59,1.109,200
2009-01-08,23:59:59,1.989,200
2009-03-03,23:59:59,2.872,200
2009-11-27,23:59:59,1.126,200
2011-09-25,23:59:59,1.215,200
2012-03-06,23:59:59,1.242,200
2012-08-04,23:59:59,9.487,200
2013-01-13,23:59:59,6.997,200
2014-01-21,23:59:59,1.586,200
2014-02-23,23:59:59,14.943,200
2014-11-19,23:59:59,4.783,200
2015-06-04,23:59:59,3.611,200
2017-01-21,23:59:59,1.098,200
2017-02-15,23:59:59,0.995,200
2017-03-10,23:59:59,10.718,200
2018-05-06,23:59:59,1.934,200
2018-09-18,23:59:59,0.977,200
2019-05-01,23:59:59,2.422,200
2020-04-03,23:59:59,7.460,200
2020-06-06,23:59:59,16.703,200
2020-06-10,23:59:59,16.763,200
2020-12-02,23:59:59,2.060,200
2021-02-13,23:59:59,3.850,200
2021-06-01,23:59:59,9.408,200
2021-10-24,23:59:59,7.060,200
2021-12-20,23:59:59,1.192,200
2022-01-09,23:59:59,10.329,200
2022-10-06,23:59:59,8.134,200
2023-06-06,23:59:59,1.102,200
2024-06-20,23:59:59,15.187,200
2024-10-21,23:59:59,1.073,200
1980-05-09,23:59:59,8.484,200
1980-12-28,23:59:59,1.362,200
1981-09-12,23:59:59,8.988,200
1981-10-12,23:59:59,0.620,200
1981-10-29,23:59:59,0.662,200
1982-11-22,23:59:59,0.513,200
1983-04-27,23:59:59,15.623,200
1983-07-30,23:59:59,9.818,200
1983-08-12,23:59:59,16.232,200
1983-10-01,23:59:59,0.812,200
1983-10-27,23:59:59,19.810,200
1984-04-25,23:59:59,4.362,200
1985-01-08,23:59:59,18.813,200
1985-01-10,23:59:59,18.751,200
1985-03-11,23:59:59,3.780,200
1985-10-09,23:59:59,0.697,200
1988-01-05,23:59:59,1.803,200
1988-12-18,23:59:59,3.432,200
1989-05-08,23:59:59,2.466,200
1990-10-19,23:59:59,0.577,200
1991-02-07,23:59:59,9.516,200
1992-01-18,23:59:59,2.817,200
1992-10-23,23:59:59,0.706,200
1993-02-08,23:59:59,3.647,200
1993-09-19,23:59:59,5.429,200
1993-12-26,23:59:59,0.704,200
1994-10-24,23:59:59,10.244,200
1994-12-23,23:59:59,0.887,200
1997-05-08,23:59:59,11.479,200
1997-10-23,23:59:59,0.721,200
1997-10-30,23:59:59,0.726,200
1998-05-06,23:59:59,1.188,200
1999-07-16,23:59:59,13.796,200
1999-09-28,23:59:59,0.753,200
1999-10-06,23:59:59,2.353,200
2000-12-18,23:59:59,1.210,200
2001-05-24,23:59:59,2.760,200
2001-06-27,23:59:59,6.044,200
2001-11-21,23:59:59,0.852,200
2001-12-10,23:59:59,0.794,200
2002-02-12,23:59:59,0.888,200
2003-04-14,23:59:59,7.057,200
2003-07-06,23:59:59,7.528,200
2003-12-08,23:59:59,0.825,200
2003-12-13,23:59:59,0.824,200
2004-03-20,23:59:59,2.216,200
2005-02-25,23:59:59,4.154,200
2005-04-01,23:59:59,1.063,200
2005-08-19,23:59:59,0.994,200
2005-09-25,23:59:59,0.988,200
2005-11-11,23:59:59,0.982,200
2005-12-02,23:59:59,0.992,200
2005-12-18,23:59:59,1.014,200
2006-05-07,23:59:59,1.051,200
2006-05-29,23:59:59,1.022,200
2007-08-03,23:59:59,13.514,200
2007-12-28,23:59:59,1.095,200
2008-09-07,23:59:59,1.048,200
2009-04-04,23:59:59,8.279,200
2010-05-07,23:59:59,2.760,200
2010-07-02,23:59:59,16.486,200
2012-05-24,23:59:59,6.482,200
2012-11-18,23:59:59,0.958,200
2013-03-06,23:59:59,15.855,200
2013-06-21,23:59:59,7.233,200
2013-07-27,23:59:59,9.512,200
2014-12-16,23:59:59,5.273,200
2015-11-26,23:59:59,1.004,200
2015-11-30,23:59:59,1.014,200
2016-03-14,23:59:59,2.838,200
2016-03-16,23:59:59,5.928,200
2017-01-27,23:59:59,0.996,200
2018-02-19,23:59:59,1.048,200
2018-02-21,23:59:59,1.053,200
2019-01-22,23:59:59,1.043,200
2019-06-27,23:59:59,17.372,200
2020-07-12,23:59:59,1.456,200
2020-09-03,23:59:59,6.814,200
2021-04-27,23:59:59,1.206,200
2021-05-18,23:59:59,3.012,200
2021-09-25,23:59:59,1.132,200
2022-08-20,23:59:59,1.069,200
2022-12-18,23:59:59,2.977,200
2023-07-18,23:59:59,12.875,200
2023-08-30,23:59:59,11.212,200
1980-06-14,23:59:59,0.830,200
1981-02-18,23:59:59,0.686,200
1981-06-13,23:59:59,6.354,200
1981-06-20,23:59:59,6.792,200
1982-06-09,23:59:59,4.265,200
1983-02-12,23:59:59,0.687,200
1983-06-18,23:59:59,0.825,200
1984-02-05,23:59:59,8.585,200
1985-05-29,23:59:59,1.917,200
1985-09-05,23:59:59,11.990,200
1986-06-16,23:59:59,10.722,200
1986-07-26,23:59:59,19.550,200
1987-10-02,23:59:59,0.591,200
1988-05-04,23:59:59,8.019,200
1989-08-02,23:59:59,16.307,200
1989-12-16,23:59:59,0.567,200
1991-02-02,23:59:59,12.522,200
1991-04-02,23:59:59,15.765,200
1991-12-12,23:59:59,3.160,200
1992-12-12,23:59:59,0.781,200
1994-11-09,23:59:59,0.866,200
1995-05-18,23:59:59,0.838,200
1995-08-11,23:59:59,1.898,200
1996-03-22,23:59:59,2.099,200
1997-05-02,23:59:59,0.913,200
1997-05-18,23:59:59,12.208,200
1998-06-27,23:59:59,1.283,200
1998-09-09,23:59:59,8.740,200
1998-11-19,23:59:59,1.661,200
1999-07-11,23:59:59,4.891,200
2000-05-11,23:59:59,2.498,200
2001-10-05,23:59:59,0.771,200
2002-01-05,23:59:59,0.880,200
2003-08-05,23:59:59,16.396,200
2003-10-04,23:59:59,0.760,200
2006-05-20,23:59:59,1.041,200
2007-05-29,23:59:59,6.669,200
2008-05-28,23:59:59,8.576,200
2009-03-28,23:59:59,2.816,200
2009-05-02,23:59:59,7.637,200
2010-08-12,23:59:59,16.546,200
2011-08-08,23:59:59,4.148,200
2011-11-05,23:59:59,2.444,200
2012-08-24,23:59:59,5.157,200
2013-03-21,23:59:59,15.897,200
2013-05-16,23:59:59,10.040,200
2013-11-19,23:59:59,1.172,200
2014-05-06,23:59:59,1.518,200
2014-11-26,23:59:59,0.999,200
2014-12-31,23:59:59,1.133,200
2015-03-18,23:59:59,3.571,200
2015-07-03,23:59:59,7.133,200
2015-07-27,23:59:59,16.281,200
2015-08-20,23:59:59,5.968,200
2015-09-15,23:59:59,1.419,200
2016-06-30,23:59:59,16.828,200
2017-09-06,23:59:59,1.105,200
2017-12-29,23:59:59,2.395,200
2018-06-28,23:59:59,16.596,200
2019-08-04,23:59:59,16.340,200
2019-09-17,23:59:59,1.800,200
2021-03-01,23:59:59,9.039,200
2022-03-16,23:59:59,3.128,200
2022-04-07,23:59:59,9.774,200
2022-11-22,23:59:59,9.291,200
2023-05-09,23:59:59,1.124,200
2023-07-29,23:59:59,12.364,200
2024-07-28,23:59:59,10.329,200
1980-01-12,23:59:59,1.413,200
1980-06-10,23:59:59,0.733,200
1980-06-29,23:59:59,8.665,200
1981-03-14,23:59:59,8.432,200
1981-05-05,23:59:59,6.720,200
1981-06-19,23:59:59,6.792,200
1981-07-31,23:59:59,13.614,200
1983-09-04,23:59:59,13.603,200
1984-04-26,23:59:59,4.517,200
1985-06-11,23:59:59,19.156,200
1986-03-24,23:59:59,2.893,200
1987-03-07,23:59:59,5.342,200
1987-06-09,23:59:59,2.825,200
1987-09-14,23:59:59,0.617,200
1987-12-10,23:59:59,4.593,200
1989-01-30,23:59:59,2.492,200
1989-03-15,23:59:59,6.397,200
1989-08-14,23:59:59,15.959,200
1990-06-10,23:59:59,0.620,200
1990-07-06,23:59:59,5.197,200
1990-11-23,23:59:59,9.988,200
1991-01-17,23:59:59,4.569,200
1991-08-12,23:59:59,0.556,200
1991-10-13,23:59:59,2.337,200
1992-01-10,23:59:59,8.629,200
1992-07-20,23:59:59,1.596,200
1994-03-17,23:59:59,2.133,200
1994-03-20,23:59:59,0.834,200
1994-07-14,23:59:59,12.770,200
1994-12-11,23:59:59,0.872,200
1995-03-09,23:59:59,3.515,200
1995-03-12,23:59:59,3.506,200
1996-03-02,23:59:59,17.429,200
1996-08-26,23:59:59,4.131,200
1997-10-03,23:59:59,0.691,200
1997-11-22,23:59:59,0.763,200
1998-04-01,23:59:59,4.304,200
1998-09-02,23:59:59,6.455,200
1999-02-22,23:59:59,6.037,200
1999-06-18,23:59:59,11.026,200
2000-02-02,23:59:59,0.837,200
2000-06-01,23:59:59,15.926,200
2000-06-16,23:59:59,11.134,200
2001-08-25,23:59:59,8.049,200
2002-02-13,23:59:59,0.889,200
2002-07-24,23:59:59,14.466,200
2002-10-11,23:59:59,0.798,200
2005-07-04,23:59:59,17.100,200
2005-08-11,23:59:59,2.126,200
2005-09-06,23:59:59,1.028,200
2006-10-16,23:59:59,1.223,200
2007-09-01,23:59:59,9.061,200
2007-10-31,23:59:59,1.724,200
2007-11-28,23:59:59,1.218,200
2008-01-29,23:59:59,1.088,200
2008-03-29,23:59:59,6.715,200
2008-04-26,23:59:59,4.086,200
2008-05-03,23:59:59,8.365,200
2008-06-10,23:59:59,15.615,200
2009-04-08,23:59:59,1.622,200
2010-02-14,23:59:59,5.757,200
2010-02-15,23:59:59,5.757,200
2010-04-14,23:59:59,3.948,200
2010-05-16,23:59:59,1.298,200
2010-06-08,23:59:59,5.848,200
2011-02-25,23:59:59,2.866,200
2011-07-13,23:59:59,4.819,200
2013-06-28,23:59:59,16.516,200
2013-12-15,23:59:59,3.272,200
2014-09-13,23:59:59,5.131,200
2014-11-22,23:59:59,1.401,200
2015-05-31,23:59:59,14.481,200
2015-10-29,23:59:59,1.071,200
2016-10-04,23:59:59,2.973,200
2016-10-26,23:59:59,2.786,200
2016-12-04,23:59:59,1.020,200
2016-12-25,23:59:59,0.969,200
2017-01-03,23:59:59,2.205,200
2018-03-11,23:59:59,2.097,200
2018-07-29,23:59:59,1.028,200
2019-01-29,23:59:59,1.053,200
2019-05-17,23:59:59,9.911,200
2019-06-12,23:59:59,7.302,200
2019-10-21,23:59:59,0.924,200
2020-03-08,23:59:59,5.850,200
2020-09-30,23:59:59,0.944,200
2021-03-23,23:59:59,10.972,200
2021-04-22,23:59:59,1.582,200
2023-11-15,23:59:59,1.057,200
2023-12-27,23:59:59,1.075,200
2024-09-03,23:59:59,1.086,200
1981-04-06,23:59:59,6.681,200
1981-05-27,23:59:59,6.644,200
1981-06-03,23:59:59,6.644,200
1981-08-17,23:59:59,13.116,200
1982-05-19,23:59:59,18.576,200
1982-07-03,23:59:59,17.902,200
1982-12-21,23:59:59,0.547,200
1986-01-10,23:59:59,5.339,200
1986-04-25,23:59:59,3.639,200
1986-07-05,23:59:59,3.779,200
1986-07-10,23:59:59,3.755,200
1986-12-31,23:59:59,0.643,200
1987-07-21,23:59:59,16.929,200
1987-09-01,23:59:59,16.824,200
1987-10-13,23:59:59,0.594,200
1987-11-02,23:59:59,0.614,200
1988-06-03,23:59:59,7.613,200
1990-03-13,23:59:59,0.614,200
1990-10-09,23:59:59,5.074,200
1990-11-06,23:59:59,0.585,200
1990-12-21,23:59:59,0.580,200
1991-05-15,23:59:59,2.491,200
1991-06-23,23:59:59,11.866,200
1992-03-27,23:59:59,2.917,200
1992-10-28,23:59:59,0.706,200
1993-08-23,23:59:59,17.137,200
1995-06-16,23:59:59,15.355,200
1995-09-27,23:59:59,1.445,200
1995-09-30,23:59:59,0.904,200
1995-11-21,23:59:59,14.839,200
1996-01-07,23:59:59,17.947,200
1996-05-07,23:59:59,17.134,200
1998-04-19,23:59:59,4.285,200
1998-06-22,23:59:59,13.149,200
1998-08-10,23:59:59,0.853,200
1998-09-28,23:59:59,0.805,200
1998-10-19,23:59:59,11.327,200
1999-02-01,23:59:59,5.328,200
2001-04-09,23:59:59,3.470,200
2002-01-16,23:59:59,0.891,200
2002-03-26,23:59:59,0.877,200
2002-06-02,23:59:59,8.503,200
2003-02-09,23:59:59,0.855,200
2003-09-10,23:59:59,0.736,200
2004-02-16,23:59:59,3.229,200
2004-04-18,23:59:59,2.443,200
2005-03-25,23:59:59,1.107,200
2006-01-22,23:59:59,1.057,200
2007-03-10,23:59:59,8.052,200
2007-08-18,23:59:59,3.314,200
2008-06-08,23:59:59,16.649,200
2008-09-19,23:59:59,1.066,200
2009-05-09,23:59:59,4.277,200
2009-06-06,23:59:59,4.801,200
2009-09-25,23:59:59,4.800,200
2009-10-30,23:59:59,4.793,200
2009-12-19,23:59:59,1.160,200
2010-05-04,23:59:59,1.244,200
2010-06-26,23:59:59,16.798,200
2010-10-12,23:59:59,1.116,200
2012-10-31,23:59:59,0.339,200
2013-07-01,23:59:59,14.875,200
2013-09-30,23:59:59,0.980,200
2014-03-30,23:59:59,9.549,200
2014-06-21,23:59:59,14.965,200
2014-09-08,23:59:59,9.096,200
2016-01-27,23:59:59,3.129,200
2016-07-03,23:59:59,16.710,200
2016-11-17,23:59:59,0.986,200
2018-07-12,23:59:59,1.037,200
2019-05-27,23:59:59,5.096,200
2019-08-06,23:59:59,16.841,200
2019-10-06,23:59:59,3.877,200
2021-01-04,23:59:59,1.079,200
2021-08-14,23:59:59,7.712,200
2022-05-20,23:59:59,1.819,200
2023-05-21,23:59:59,1.093,200
2024-06-01,23:59:59,6.716,200
2024-07-13,23:59:59,8.064,200
1980-04-04,23:59:59,2.871,200
1981-01-08,23:59:59,1.362,200
1981-01-18,23:59:59,4.114,200
1981-02-28,23:59:59,0.718,200
1981-03-07,23:59:59,1.410,200
1981-06-07,23:59:59,6.354,200
1981-09-27,23:59:59,8.802,200
1982-03-06,23:59:59,8.319,200
1982-04-28,23:59:59,19.867,200
1982-06-19,23:59:59,8.274,200
1983-01-19,23:59:59,0.626,200
1983-01-30,23:59:59,0.642,200
1983-05-01,23:59:59,13.331,200
1983-10-30,23:59:59,14.560,200
1984-02-25,23:59:59,3.739,200
1985-08-23,23:59:59,5.237,200
1986-03-13,23:59:59,8.925,200
1986-09-12,23:59:59,8.639,200
1986-09-13,23:59:59,7.289,200
1987-04-22,23:59:59,11.632,200
1989-02-07,23:59:59,1.092,200
1989-04-24,23:59:59,1.578,200
1989-06-19,23:59:59,4.642,200
1990-02-27,23:59:59,0.570,200
1990-07-30,23:59:59,16.268,200
1991-09-25,23:59:59,6.735,200
1992-04-05,23:59:59,0.834,200
1993-07-26,23:59:59,13.535,200
1994-06-12,23:59:59,0.918,200
1995-01-09,23:59:59,0.974,200
1997-01-19,23:59:59,5.921,200
1997-04-01,23:59:59,0.844,200
1997-09-11,23:59:59,0.713,200
1998-10-04,23:59:59,4.336,200
1999-02-06,23:59:59,5.236,200
1999-12-17,23:59:59,8.197,200
2000-08-19,23:59:59,13.767,200
2001-01-25,23:59:59,15.886,200
2001-02-20,23:59:59,13.832,200
2001-04-10,23:59:59,3.805,200
2001-04-11,23:59:59,7.214,200
2001-05-07,23:59:59,7.487,200
2001-06-17,23:59:59,0.866,200
2001-07-08,23:59:59,16.972,200
2001-10-19,23:59:59,0.777,200
2002-04-21,23:59:59,8.583,200
2002-06-30,23:59:59,11.151,200
2002-10-02,23:59:59,0.799,200
2003-01-08,23:59:59,12.097,200
2003-11-18,23:59:59,0.782,200
2004-02-07,23:59:59,0.868,200
2004-06-12,23:59:59,17.096,200
2005-07-13,23:59:59,13.600,200
2007-02-24,23:59:59,1.077,200
2007-03-13,23:59:59,6.896,200
2007-08-13,23:59:59,3.327,200
2008-09-14,23:59:59,1.056,200
2009-07-27,23:59:59,13.379,200
2009-08-06,23:59:59,8.280,200
2009-08-12,23:59:59,10.226,200
2009-11-12,23:59:59,12.658,200
2009-12-14,23:59:59,1.153,200
2010-02-27,23:59:59,1.986,200
2010-07-29,23:59:59,13.373,200
2010-10-16,23:59:59,1.120,200
2010-12-16,23:59:59,4.791,200
2011-02-02,23:59:59,16.355,200
2011-03-27,23:59:59,5.444,200
2011-10-20,23:59:59,1.111,200
2012-04-17,23:59:59,7.519,200
2012-04-20,23:59:59,5.910,200
2012-06-22,23:59:59,13.081,200
2013-01-01,23:59:59,9.695,200
2013-09-25,23:59:59,1.007,200
2014-05-22,23:59:59,1.059,200
2014-05-26,23:59:59,1.045,200
2015-04-20,23:59:59,3.142,200
2016-07-04,23:59:59,16.824,200
2016-08-10,23:59:59,6.850,200
2017-05-27,23:59:59,3.114,200
2017-12-25,23:59:59,0.964,200
2021-12-23,23:59:59,1.189,200
2022-02-12,23:59:59,2.011,200
2023-10-13,23:59:59,1.085,200
2024-11-14,23:59:59,1.096,200
1980-04-08,23:59:59,2.920,200
1980-05-23,23:59:59,4.392,200
1980-09-15,23:59:59,13.473,200
1980-11-23,23:59:59,1.467,200
1981-03-10,23:59:59,8.529,200
1981-08-13,23:59:59,13.060,200
1982-01-05,23:59:59,0.605,200
1982-03-07,23:59:59,8.217,200
1982-07-15,23:59:59,16.748,200
1983-03-25,23:59:59,0.637,200
1983-04-12,23:59:59,0.676,200
1983-05-21,23:59:59,11.511,200
1983-05-25,23:59:59,4.466,200
1983-07-28,23:59:59,9.827,200
1983-12-18,23:59:59,8.852,200
1984-10-09,23:59:59,17.503,200
1985-06-22,23:59:59,0.718,200
1986-06-04,23:59:59,7.003,200
1986-08-23,23:59:59,19.280,200
1986-11-05,23:59:59,0.726,200
1987-04-16,23:59:59,4.364,200
1988-02-05,23:59:59,0.676,200
1989-01-12,23:59:59,2.534,200
1989-08-17,23:59:59,15.711,200
1989-11-07,23:59:59,0.484,200
1990-10-03,23:59:59,7.115,200
1990-11-11,23:59:59,3.149,200
1991-01-20,23:59:59,4.581,200
1991-12-05,23:59:59,1.719,200
1991-12-27,23:59:59,2.406,200
1992-04-15,23:59:59,0.850,200
1994-02-17,23:59:59,17.152,200
1994-02-24,23:59:59,0.833,200
1994-07-15,23:59:59,12.737,200
1994-08-02,23:59:59,8.027,200
1996-02-12,23:59:59,2.831,200
1996-08-11,23:59:59,5.530,200
1997-03-13,23:59:59,0.855,200
1997-09-02,23:59:59,0.714,200
1997-11-15,23:59:59,0.754,200
1997-11-30,23:59:59,0.778,200
1998-08-27,23:59:59,12.757,200
1998-11-21,23:59:59,1.660,200
2000-07-22,23:59:59,6.250,200
2000-11-13,23:59:59,9.321,200
2001-04-13,23:59:59,5.531,200
2002-01-26,23:59:59,1.542,200
2002-04-19,23:59:59,6.778,200
2002-08-18,23:59:59,1.201,200
2002-09-17,23:59:59,1.133,200
2003-01-15,23:59:59,11.296,200
2003-04-05,23:59:59,2.887,200
2003-09-29,23:59:59,0.758,200
2004-06-14,23:59:59,17.012,200
2004-08-02,23:59:59,16.743,200
2005-07-01,23:59:59,11.697,200
2005-08-30,23:59:59,0.977,200
2006-11-06,23:59:59,1.047,200
2007-03-18,23:59:59,1.803,200
2007-06-18,23:59:59,10.474,200
2007-10-16,23:59:59,1.630,200
2008-01-05,23:59:59,2.043,200
2008-02-27,23:59:59,4.123,200
2008-06-27,23:59:59,15.546,200
2009-02-24,23:59:59,2.845,200
2009-07-13,23:59:59,16.268,200
2009-08-21,23:59:59,4.700,200
2015-12-02,23:59:59,1.017,200
2016-01-20,23:59:59,5.171,200
2016-08-30,23:59:59,16.604,200
2018-02-23,23:59:59,1.051,200
2018-04-02,23:59:59,1.083,200
2018-05-31,23:59:59,16.553,200
2020-01-03,23:59:59,1.964,200
2020-08-24,23:59:59,12.870,200
2021-02-21,23:59:59,8.939,200
2021-04-29,23:59:59,7.165,200
2021-05-14,23:59:59,1.163,200
2021-11-29,23:59:59,3.142,200
2022-07-09,23:59:59,5.004,200
2023-10-02,23:59:59,0.976,200
1981-06-01,23:59:59,6.644,200
1982-08-25,23:59:59,18.422,200
1982-10-09,23:59:59,17.941,200
1983-03-27,23:59:59,0.615,200
1983-06-24,23:59:59,9.339,200
1983-09-26,23:59:59,0.830,200
1984-06-20,23:59:59,18.631,200
1985-06-03,23:59:59,19.650,200
1985-07-16,23:59:59,0.664,200
1985-07-22,23:59:59,0.664,200
1985-10-30,23:59:59,6.992,200
1987-01-24,23:59:59,0.725,200
1988-06-06,23:59:59,7.583,200
1988-07-27,23:59:59,2.097,200
1988-10-10,23:59:59,0.640,200
1990-08-22,23:59:59,16.467,200
1990-08-26,23:59:59,16.304,200
1990-09-05,23:59:59,14.465,200
1992-03-14,23:59:59,0.832,200
1992-04-11,23:59:59,0.854,200
1992-10-10,23:59:59,5.950,200
1992-11-21,23:59:59,0.742,200
1993-02-10,23:59:59,3.655,200
1995-05-02,23:59:59,17.045,200
1995-12-18,23:59:59,18.162,200
1996-03-27,23:59:59,7.363,200
1996-09-20,23:59:59,1.014,200
1997-03-26,23:59:59,1.897,200
1997-11-04,23:59:59,0.736,200
1997-11-07,23:59:59,0.738,200
1999-06-19,23:59:59,5.972,200
1999-06-22,23:59:59,17.182,200
2000-04-23,23:59:59,1.299,200
2000-06-21,23:59:59,16.218,200
2002-02-14,23:59:59,0.888,200
2002-06-07,23:59:59,8.415,200
2002-07-03,23:59:59,11.595,200
2002-12-05,23:59:59,5.117,200
2003-03-20,23:59:59,6.176,200
2003-04-02,23:59:59,2.621,200
2004-01-15,23:59:59,0.811,200
2004-02-15,23:59:59,3.229,200
2004-06-15,23:59:59,16.030,200
2006-05-19,23:59:59,6.574,200
2006-09-15,23:59:59,1.008,200
2007-02-03,23:59:59,2.339,200
2007-02-15,23:59:59,1.250,200
2007-03-27,23:59:59,8.375,200
2007-04-18,23:59:59,10.661,200
2007-06-05,23:59:59,1.045,200
2008-06-15,23:59:59,5.433,200
2008-12-18,23:59:59,1.175,200
2009-06-03,23:59:59,3.578,200
2009-07-03,23:59:59,16.283,200
2010-06-20,23:59:59,12.259,200
2012-06-02,23:59:59,2.703,200
2012-07-08,23:59:59,5.706,200
2013-01-10,23:59:59,5.626,200
2014-01-27,23:59:59,2.074,200
2014-07-05,23:59:59,9.511,200
2014-07-16,23:59:59,12.848,200
2015-05-05,23:59:59,4.964,200
2015-06-14,23:59:59,1.066,200
2016-08-05,23:59:59,2.683,200
2020-02-21,23:59:59,6.270,200
2020-06-01,23:59:59,16.890,200
2020-07-04,23:59:59,14.533,200
2020-09-05,23:59:59,6.809,200
2021-08-15,23:59:59,5.591,200
2021-10-27,23:59:59,5.984,200
2022-02-09,23:59:59,2.106,200
2022-02-17,23:59:59,2.074,200
2023-01-15,23:59:59,5.353,200
2024-01-03,23:59:59,1.098,200
2024-07-25,23:59:59,7.392,200
2024-12-21,23:59:59,6.830,200
1980-03-10,23:59:59,3.855,200
1981-07-13,23:59:59,10.946,200
1982-12-28,23:59:59,0.547,200
1983-04-01,23:59:59,0.719,200
1983-08-24,23:59:59,13.960,200
1983-09-07,23:59:59,13.561,200
1984-06-27,23:59:59,18.564,200
1984-12-24,23:59:59,19.746,200
1986-01-27,23:59:59,19.825,200
1988-03-11,23:59:59,0.739,200
1988-08-30,23:59:59,3.751,200
1988-10-16,23:59:59,15.515,200
1989-03-05,23:59:59,6.408,200
1990-01-05,23:59:59,0.544,200
1991-01-07,23:59:59,8.225,200
1991-03-15,23:59:59,1.552,200
1992-02-03,23:59:59,1.898,200
1992-04-20,23:59:59,0.875,200
1992-09-22,23:59:59,8.371,200
1993-12-03,23:59:59,0.684,200
1994-05-21,23:59:59,0.948,200
1994-07-16,23:59:59,12.647,200
1994-10-08,23:59:59,12.465,200
1995-11-06,23:59:59,5.315,200
1995-11-08,23:59:59,0.961,200
1995-12-25,23:59:59,18.125,200
1996-02-14,23:59:59,0.987,200
1996-07-03,23:59:59,11.778,200
1996-08-13,23:59:59,6.259,200
1996-09-09,23:59:59,6.146,200
1997-12-13,23:59:59,0.811,200
1999-03-19,23:59:59,5.694,200
1999-12-05,23:59:59,17.151,200
2000-04-28,23:59:59,1.302,200
2000-04-29,23:59:59,1.302,200
2000-07-16,23:59:59,16.849,200
2000-10-01,23:59:59,1.559,200
2001-04-29,23:59:59,0.820,200
2001-11-01,23:59:59,0.818,200
2002-01-30,23:59:59,0.904,200
2002-08-11,23:59:59,6.411,200
2002-08-19,23:59:59,1.198,200
2002-10-26,23:59:59,0.802,200
2002-12-12,23:59:59,0.857,200
2003-05-21,23:59:59,3.670,200
2004-10-11,23:59:59,10.239,200
2004-10-27,23:59:59,0.758,200
2005-02-09,23:59:59,8.682,200
2005-03-29,23:59:59,1.105,200
2006-04-18,23:59:59,7.909,200
2006-05-25,23:59:59,3.373,200
2006-07-16,23:59:59,9.064,200
2006-08-03,23:59:59,12.860,200
2007-11-07,23:59:59,1.248,200
2007-11-26,23:59:59,1.219,200
2007-12-09,23:59:59,1.046,200
2008-04-05,23:59:59,7.186,200
2008-08-07,23:59:59,4.109,200
2008-10-22,23:59:59,1.157,200
2010-04-08,23:59:59,2.991,200
2010-04-09,23:59:59,5.719,200
2011-05-22,23:59:59,5.872,200
2012-06-19,23:59:59,9.447,200
2012-08-19,23:59:59,3.004,200
2013-01-22,23:59:59,3.780,200
2013-03-30,23:59:59,2.585,200
2013-09-07,23:59:59,10.843,200
2015-01-06,23:59:59,2.188,200
2015-05-13,23:59:59,1.146,200
2016-07-11,23:59:59,5.698,200
2016-09-03,23:59:59,3.030,200
2016-12-20,23:59:59,0.964,200
2017-03-24,23:59:59,16.560,200
2018-01-22,23:59:59,1.700,200
2018-09-08,23:59:59,8.266,200
2018-11-06,23:59:59,1.005,200
2018-11-21,23:59:59,1.021,200
2019-02-08,23:59:59,6.551,200
2020-10-06,23:59:59,0.949,200
2020-11-30,23:59:59,3.633,200
2021-02-09,23:59:59,1.588,200
2021-02-28,23:59:59,6.554,200
2021-06-11,23:59:59,10.228,200
2021-09-15,23:59:59,1.077,200
2021-10-21,23:59:59,7.105,200
2022-05-24,23:59:59,3.448,200
2022-09-05,23:59:59,7.480,200
2023-02-19,23:59:59,12.814,200
2023-04-17,23:59:59,4.025,200
2023-12-06,23:59:59,3.430,200
2024-04-03,23:59:59,1.084,200
1980-05-14,23:59:59,17.299,200
1980-10-09,23:59:59,13.126,200
1982-12-17,23:59:59,0.541,200
1983-05-28,23:59:59,4.407,200
1983-07-01,23:59:59,1.607,200
1983-07-26,23:59:59,9.844,200
1983-10-24,23:59:59,19.990,200
1983-11-23,23:59:59,20.000,200
1984-01-16,23:59:59,8.960,200
1984-09-23,23:59:59,18.375,200
1984-10-11,23:59:59,17.560,200
1985-12-04,23:59:59,7.030,200
1987-06-14,23:59:59,13.628,200
1989-11-14,23:59:59,0.467,200
1990-05-28,23:59:59,0.615,200
1991-07-11,23:59:59,11.587,200
1993-06-18,23:59:59,11.865,200
1995-11-05,23:59:59,13.578,200
1997-09-23,23:59:59,0.712,200
1999-10-28,23:59:59,0.731,200
2001-03-20,23:59:59,17.308,200
2001-07-21,23:59:59,2.873,200
2001-09-27,23:59:59,0.765,200
2002-08-16,23:59:59,1.209,200
2002-09-21,23:59:59,0.865,200
2002-10-05,23:59:59,0.799,200
2002-12-10,23:59:59,0.853,200
2003-05-11,23:59:59,2.937,200
2005-08-08,23:59:59,2.669,200
2005-12-27,23:59:59,1.028,200
2006-01-06,23:59:59,1.033,200
2007-12-29,23:59:59,1.096,200
2008-02-22,23:59:59,3.003,200
2008-11-11,23:59:59,1.107,200
2008-12-11,23:59:59,1.157,200
2009-05-11,23:59:59,6.876,200
2010-11-08,23:59:59,4.045,200
2012-07-15,23:59:59,4.472,200
2013-03-17,23:59:59,12.999,200
2014-04-01,23:59:59,5.033,200
2016-07-22,23:59:59,8.105,200
2016-09-14,23:59:59,3.029,200
2017-02-05,23:59:59,1.009,200
2017-03-19,23:59:59,1.145,200
2017-05-30,23:59:59,6.392,200
2017-12-01,23:59:59,5.169,200
2017-12-02,23:59:59,3.901,200
2018-07-15,23:59:59,1.033,200
2018-08-02,23:59:59,1.026,200
2018-08-04,23:59:59,1.385,200
2020-03-26,23:59:59,1.190,200
2021-06-23,23:59:59,4.750,200
2021-09-28,23:59:59,1.124,200
2022-03-18,23:59:59,3.096,200
2022-11-30,23:59:59,5.727,200
1980-12-19,23:59:59,1.362,200
1981-02-11,23:59:59,0.649,200
1981-02-13,23:59:59,0.679,200
1981-09-01,23:59:59,18.780,200
1981-09-08,23:59:59,18.500,200
1982-02-21,23:59:59,3.390,200
1983-02-19,23:59:59,0.607,200
1983-09-01,23:59:59,13.693,200
1983-10-07,23:59:59,1.760,200
1985-03-23,23:59:59,2.844,200
1985-11-29,23:59:59,6.989,200
1986-01-20,23:59:59,3.792,200
1986-05-28,23:59:59,0.706,200
1986-07-03,23:59:59,3.797,200
1987-08-27,23:59:59,16.499,200
1988-03-19,23:59:59,3.503,200
1988-05-22,23:59:59,7.762,200
1990-02-19,23:59:59,0.582,200
1990-07-25,23:59:59,0.632,200
1992-12-30,23:59:59,0.796,200
1993-05-13,23:59:59,1.049,200
1993-06-19,23:59:59,8.630,200
1993-09-05,23:59:59,16.551,200
1993-10-14,23:59:59,6.280,200
1994-05-07,23:59:59,4.827,200
1994-06-29,23:59:59,8.333,200
1994-08-11,23:59:59,7.906,200
1995-03-19,23:59:59,0.902,200
1995-08-14,23:59:59,2.840,200
1996-04-07,23:59:59,0.978,200
1997-07-20,23:59:59,16.894,200
1997-12-06,23:59:59,0.790,200
1998-02-25,23:59:59,6.439,200
1998-05-04,23:59:59,8.616,200
1998-06-26,23:59:59,2.850,200
1999-12-22,23:59:59,13.455,200
2000-11-10,23:59:59,9.354,200
2001-03-08,23:59:59,17.005,200
2001-03-25,23:59:59,5.706,200
2001-06-24,23:59:59,1.159,200
2001-09-01,23:59:59,1.914,200
2002-07-02,23:59:59,9.392,200
2002-09-07,23:59:59,0.780,200
2002-12-31,23:59:59,6.919,200
2003-07-25,23:59:59,17.177,200
2004-05-25,23:59:59,17.438,200
2004-07-12,23:59:59,6.666,200
2005-06-13,23:59:59,14.024,200
2006-01-16,23:59:59,1.060,200
2006-02-06,23:59:59,1.070,200
2006-09-19,23:59:59,1.017,200
2006-11-25,23:59:59,1.099,200
2007-03-30,23:59:59,14.053,200
2007-07-11,23:59:59,6.453,200
2007-12-15,23:59:59,1.421,200
2008-06-02,23:59:59,13.190,200
2008-08-16,23:59:59,3.367,200
2009-05-08,23:59:59,4.285,200
2009-06-17,23:59:59,17.091,200
2010-01-03,23:59:59,2.413,200
2010-09-09,23:59:59,1.094,200
2012-04-24,23:59:59,6.609,200
2012-05-13,23:59:59,7.358,200
2012-07-19,23:59:59,2.817,200
2013-03-28,23:59:59,2.621,200
2013-08-01,23:59:59,4.417,200
2013-10-22,23:59:59,1.068,200
2014-05-07,23:59:59,2.577,200
2014-09-15,23:59:59,5.117,200
2014-11-29,23:59:59,0.995,200
2015-05-12,23:59:59,1.139,200
2015-12-05,23:59:59,2.126,200
2016-06-05,23:59:59,8.850,200
2016-06-08,23:59:59,15.694,200
2016-11-01,23:59:59,2.973,200
2017-04-20,23:59:59,13.915,200
2019-02-01,23:59:59,1.062,200
2019-05-21,23:59:59,10.770,200
2020-01-20,23:59:59,2.888,200
2020-10-02,23:59:59,0.943,200
2021-04-16,23:59:59,5.654,200
2021-05-30,23:59:59,10.322,200
2021-06-06,23:59:59,9.015,200
2021-07-11,23:59:59,3.611,200
2021-09-21,23:59:59,1.082,200
2022-10-16,23:59:59,1.880,200
2023-10-04,23:59:59,0.980,200
2024-01-30,23:59:59,1.106,200
2024-07-22,23:59:59,10.334,200
2024-12-26,23:59:59,7.350,200
1980-01-05,23:59:59,1.320,200
1980-01-09,23:59:59,1.344,200
1980-07-25,23:59:59,8.665,200
1981-08-19,23:59:59,12.916,200
1981-10-10,23:59:59,0.620,200
1982-07-19,23:59:59,19.082,200
1982-09-07,23:59:59,13.641,200
1983-10-08,23:59:59,11.458,200
1983-11-26,23:59:59,19.977,200
1986-09-05,23:59:59,14.556,200
1988-02-20,23:59:59,0.696,200
1988-04-25,23:59:59,1.849,200
1988-07-29,23:59:59,4.919,200
1988-11-21,23:59:59,10.967,200
1988-12-01,23:59:59,12.529,200
1989-07-17,23:59:59,6.023,200
1990-11-18,23:59:59,0.595,200
1991-05-28,23:59:59,7.874,200
1991-07-03,23:59:59,11.799,200
1992-04-29,23:59:59,6.263,200
1993-01-19,23:59:59,0.829,200
1993-04-28,23:59:59,4.992,200
1993-07-09,23:59:59,16.989,200
1994-04-13,23:59:59,11.002,200
1994-05-11,23:59:59,1.173,200
1995-03-06,23:59:59,4.413,200
1995-09-14,23:59:59,12.736,200
1995-12-10,23:59:59,17.398,200
1997-03-22,23:59:59,0.856,200
1997-03-23,23:59:59,0.855,200
1997-07-19,23:59:59,16.977,200
1998-03-20,23:59:59,2.982,200
1998-08-01,23:59:59,0.849,200
2000-03-10,23:59:59,2.658,200
2000-03-21,23:59:59,2.669,200
2000-05-19,23:59:59,3.096,200
2000-09-09,23:59:59,15.642,200
2001-09-02,23:59:59,1.915,200
2001-11-06,23:59:59,0.827,200
2002-09-29,23:59:59,2.362,200
2003-01-13,23:59:59,4.263,200
2003-01-21,23:59:59,13.153,200
2003-09-28,23:59:59,0.761,200
2004-02-10,23:59:59,3.609,200
2004-12-10,23:59:59,0.670,200
2005-01-03,23:59:59,0.665,200
2006-08-05,23:59:59,2.769,200
2008-02-20,23:59:59,5.340,200
2008-04-24,23:59:59,4.960,200
2008-05-25,23:59:59,4.785,200
2008-07-21,23:59:59,1.171,200
2008-11-04,23:59:59,1.094,200
2009-01-09,23:59:59,1.988,200
2011-02-06,23:59:59,3.127,200
2011-05-15,23:59:59,4.141,200
2011-06-21,23:59:59,13.402,200
2013-01-14,23:59:59,6.369,200
2013-04-05,23:59:59,11.287,200
2013-08-30,23:59:59,15.439,200
2014-02-03,23:59:59,11.671,200
2014-09-06,23:59:59,5.015,200
2015-03-07,23:59:59,5.511,200
2015-11-17,23:59:59,1.115,200
2016-12-24,23:59:59,0.967,200
2017-01-02,23:59:59,0.980,200
2017-06-04,23:59:59,3.098,200
2017-09-21,23:59:59,1.029,200
2017-10-26,23:59:59,2.999,200
2018-03-01,23:59:59,1.065,200
2018-07-19,23:59:59,1.031,200
2019-08-02,23:59:59,16.550,200
2021-06-02,23:59:59,8.757,200
2022-03-13,23:59:59,3.849,200
2022-07-26,23:59:59,1.030,200
2022-11-10,23:59:59,15.334,200
2022-12-13,23:59:59,5.096,200
2023-07-14,23:59:59,14.321,200
2023-07-30,23:59:59,12.057,200
2024-03-22,23:59:59,9.606,200
2024-06-08,23:59:59,12.198,200
1980-01-06,23:59:59,1.320,200
1980-05-04,23:59:59,4.735,200
1981-08-25,23:59:59,19.714,200
1982-02-06,23:59:59,2.977,200
1982-03-05,23:59:59,8.424,200
1982-05-31,23:59:59,0.719,200
1982-12-03,23:59:59,0.513,200
1983-04-24,23:59:59,13.210,200
1983-09-25,23:59:59,0.849,200
1984-01-25,23:59:59,8.678,200
1984-08-08,23:59:59,0.656,200
1986-09-08,23:59:59,10.995,200
1986-11-17,23:59:59,0.646,200
1987-01-15,23:59:59,0.643,200
1987-03-29,23:59:59,0.817,200
1987-05-31,23:59:59,20.028,200
1987-10-31,23:59:59,0.613,200
1988-07-09,23:59:59,0.641,200
1989-05-16,23:59:59,2.451,200
1989-08-20,23:59:59,15.505,200
1989-12-02,23:59:59,0.464,200
1990-12-24,23:59:59,0.585,200
1991-02-11,23:59:59,8.433,200
1991-06-28,23:59:59,11.894,200
1991-10-09,23:59:59,2.326,200
1992-01-21,23:59:59,2.816,200
1993-11-02,23:59:59,0.673,200
1994-02-04,23:59:59,1.956,200
1994-05-09,23:59:59,1.168,200
1994-11-07,23:59:59,0.856,200
1995-06-02,23:59:59,2.491,200
1996-04-11,23:59:59,8.771,200
1996-05-17,23:59:59,16.725,200
1997-06-01,23:59:59,5.017,200
1997-07-01,23:59:59,12.390,200
1997-12-01,23:59:59,0.783,200
1998-03-25,23:59:59,3.646,200
1999-08-31,23:59:59,4.681,200
2000-09-24,23:59:59,1.542,200
2001-02-13,23:59:59,8.800,200
2002-04-09,23:59:59,13.959,200
2002-04-25,23:59:59,14.865,200
2003-04-26,23:59:59,6.854,200
2003-06-22,23:59:59,13.215,200
2004-01-14,23:59:59,0.809,200
2004-04-21,23:59:59,3.289,200
2004-05-29,23:59:59,17.247,200
2004-08-19,23:59:59,17.002,200
2004-09-18,23:59:59,12.636,200
2005-04-17,23:59:59,1.043,200
2005-12-10,23:59:59,1.002,200
2006-04-21,23:59:59,4.134,200
2006-07-19,23:59:59,15.429,200
2007-12-06,23:59:59,1.046,200
2009-11-14,23:59:59,15.547,200
2011-03-02,23:59:59,8.389,200
2012-04-10,23:59:59,5.915,200
2012-08-03,23:59:59,14.544,200
2012-08-17,23:59:59,6.494,200
2012-08-28,23:59:59,5.587,200
2013-02-08,23:59:59,4.991,200
2013-03-10,23:59:59,9.035,200
2013-06-24,23:59:59,15.950,200
2013-09-13,23:59:59,1.030,200
2013-10-21,23:59:59,1.025,200
2013-10-26,23:59:59,1.080,200
2014-01-07,23:59:59,1.559,200
2014-01-15,23:59:59,1.577,200
2014-08-22,23:59:59,16.826,200
2014-11-09,23:59:59,0.986,200
2016-01-14,23:59:59,2.861,200
2017-02-21,23:59:59,6.669,200
2017-08-18,23:59:59,3.823,200
2017-12-13,23:59:59,5.295,200
2018-05-12,23:59:59,3.056,200
2018-06-08,23:59:59,17.121,200
2018-10-08,23:59:59,1.001,200
2020-02-01,23:59:59,2.986,200
2022-04-24,23:59:59,1.641,200
2022-12-20,23:59:59,4.164,200
2023-01-18,23:59:59,2.587,200
2023-03-13,23:59:59,10.644,200
2023-04-19,23:59:59,12.541,200
2023-10-16,23:59:59,2.833,200
2024-08-01,23:59:59,10.382,200
1980-03-02,23:59:59,3.855,200
1980-10-03,23:59:59,13.473,200
1980-10-06,23:59:59,13.337,200
1980-12-05,23:59:59,1.362,200
1981-02-25,23:59:59,0.739,200
1983-05-22,23:59:59,8.837,200
1983-06-27,23:59:59,8.965,200
1983-10-17,23:59:59,8.832,200
1984-03-26,23:59:59,2.907,200
1985-04-21,23:59:59,2.823,200
1985-08-19,23:59:59,15.428,200
1985-08-27,23:59:59,11.332,200
1986-01-30,23:59:59,5.334,200
1986-12-13,23:59:59,0.628,200
1988-06-04,23:59:59,7.605,200
1989-01-28,23:59:59,2.516,200
1989-02-16,23:59:59,3.816,200
1989-03-01,23:59:59,6.408,200
1989-03-13,23:59:59,6.408,200
1989-07-27,23:59:59,16.641,200
1990-04-09,23:59:59,0.612,200
1990-07-16,23:59:59,0.637,200
1992-05-24,23:59:59,0.843,200
1993-08-29,23:59:59,15.066,200
1993-12-14,23:59:59,0.696,200
1994-01-01,23:59:59,4.001,200
1994-02-21,23:59:59,0.856,200
1995-06-23,23:59:59,12.556,200
1995-07-09,23:59:59,4.400,200
1998-02-15,23:59:59,4.810,200
1998-09-19,23:59:59,4.344,200
1998-12-23,23:59:59,5.364,200
1999-01-04,23:59:59,4.181,200
1999-03-24,23:59:59,5.302,200
1999-11-05,23:59:59,0.762,200
2000-01-09,23:59:59,2.869,200
2000-06-02,23:59:59,17.454,200
2001-04-01,23:59:59,3.524,200
2001-04-21,23:59:59,6.156,200
2001-05-26,23:59:59,0.818,200
2001-07-17,23:59:59,9.005,200
2003-01-23,23:59:59,14.829,200
2003-06-10,23:59:59,15.265,200
2005-06-10,23:59:59,11.973,200
2005-06-20,23:59:59,14.281,200
2005-11-27,23:59:59,1.336,200
2007-09-30,23:59:59,1.147,200
2007-10-23,23:59:59,1.693,200
2009-01-07,23:59:59,1.990,200
2009-03-27,23:59:59,2.821,200
2009-10-07,23:59:59,4.863,200
2010-06-16,23:59:59,16.837,200
2010-08-27,23:59:59,6.008,200
2011-07-14,23:59:59,4.815,200
2011-09-21,23:59:59,1.215,200
2012-07-27,23:59:59,8.506,200
2012-09-06,23:59:59,3.286,200
2013-01-26,23:59:59,1.246,200
2013-11-12,23:59:59,1.182,200
2014-04-28,23:59:59,3.015,200
2014-10-12,23:59:59,4.874,200
2015-01-10,23:59:59,5.881,200
2016-02-01,23:59:59,1.074,200
2016-05-26,23:59:59,3.439,200
2017-01-22,23:59:59,2.847,200
2017-07-02,23:59:59,2.506,200
2018-06-15,23:59:59,10.426,200
2018-09-09,23:59:59,8.070,200
2019-04-04,23:59:59,1.668,200
2019-05-16,23:59:59,3.785,200
2019-06-07,23:59:59,0.996,200
2020-08-28,23:59:59,9.245,200
2021-06-30,23:59:59,2.085,200
2021-07-05,23:59:59,8.606,200
2021-08-22,23:59:59,1.267,200
2022-03-14,23:59:59,2.710,200
2022-12-12,23:59:59,4.143,200
2023-08-21,23:59:59,12.155,200
2023-11-14,23:59:59,1.064,200
1980-09-25,23:59:59,13.473,200
1980-12-29,23:59:59,1.362,200
1981-08-10,23:59:59,13.060,200
1981-11-30,23:59:59,0.640,200
1981-12-20,23:59:59,0.624,200
1982-01-28,23:59:59,1.031,200
1982-07-08,23:59:59,17.621,200
1982-09-01,23:59:59,18.244,200
1982-09-19,23:59:59,0.596,200
1983-01-03,23:59:59,0.547,200
1983-02-03,23:59:59,0.631,200
1984-05-15,23:59:59,8.735,200
1984-11-03,23:59:59,0.673,200
1986-05-27,23:59:59,0.709,200
1986-11-13,23:59:59,0.643,200
1988-04-15,23:59:59,2.531,200
1988-04-20,23:59:59,2.209,200
1988-09-08,23:59:59,10.170,200
1989-08-10,23:59:59,16.045,200
1989-10-27,23:59:59,3.089,200
1990-06-15,23:59:59,0.631,200
1991-02-05,23:59:59,11.006,200
1991-05-23,23:59:59,6.517,200
1991-05-26,23:59:59,7.291,200
1991-11-07,23:59:59,3.726,200
1991-11-22,23:59:59,3.315,200
1992-02-17,23:59:59,5.538,200
1993-05-02,23:59:59,9.469,200
1993-08-14,23:59:59,13.979,200
1993-11-29,23:59:59,0.680,200
1993-12-25,23:59:59,0.703,200
1994-01-09,23:59:59,0.812,200
1994-01-16,23:59:59,0.801,200
1995-02-16,23:59:59,15.325,200
1995-04-16,23:59:59,0.933,200
1995-07-01,23:59:59,8.831,200
1995-07-27,23:59:59,8.575,200
1995-07-28,23:59:59,7.235,200
1996-05-24,23:59:59,0.911,200
1997-05-05,23:59:59,1.855,200
1997-06-03,23:59:59,16.149,200
1997-08-22,23:59:59,0.711,200
1999-04-02,23:59:59,0.865,200
1999-06-03,23:59:59,0.842,200
1999-12-02,23:59:59,8.928,200
2000-02-03,23:59:59,0.837,200
2000-06-20,23:59:59,3.493,200
2000-08-04,23:59:59,12.760,200
2000-09-17,23:59:59,11.024,200
2000-12-31,23:59:59,0.882,200
2001-03-28,23:59:59,6.093,200
2001-04-24,23:59:59,8.609,200
2001-05-19,23:59:59,0.824,200
2002-08-13,23:59:59,5.499,200
2002-08-14,23:59:59,1.243,200
2003-03-22,23:59:59,10.644,200
2003-12-25,23:59:59,0.886,200
2004-04-14,23:59:59,3.899,200
2004-05-11,23:59:59,3.604,200
2004-11-21,23:59:59,0.657,200
2006-05-21,23:59:59,1.021,200
2006-12-25,23:59:59,1.114,200
2007-05-05,23:59:59,9.519,200
2007-10-03,23:59:59,1.155,200
2008-11-23,23:59:59,1.139,200
2009-01-28,23:59:59,1.994,200
2009-02-03,23:59:59,1.176,200
2010-04-17,23:59:59,3.453,200
2010-05-11,23:59:59,1.304,200
2010-11-25,23:59:59,4.873,200
2011-02-01,23:59:59,11.914,200
2012-11-14,23:59:59,0.312,200
2013-05-14,23:59:59,10.139,200
2013-07-20,23:59:59,4.724,200
2013-10-09,23:59:59,0.982,200
2013-10-25,23:59:59,1.069,200
2014-04-21,23:59:59,3.121,200
2014-08-24,23:59:59,16.813,200
2014-09-01,23:59:59,5.070,200
2015-05-30,23:59:59,10.115,200
2015-12-26,23:59:59,3.091,200
2016-11-24,23:59:59,0.989,200
2017-08-09,23:59:59,4.521,200
2017-12-20,23:59:59,3.894,200
2018-01-25,23:59:59,3.451,200
2019-01-19,23:59:59,1.041,200
2019-09-03,23:59:59,1.799,200
2019-12-02,23:59:59,1.020,200
2023-03-28,23:59:59,0.716,200
2023-05-28,23:59:59,1.089,200
2023-12-07,23:59:59,4.088,200
2024-03-27,23:59:59,1.985,200
2024-08-26,23:59:59,1.081,200
2024-10-06,23:59:59,0.976,200
1981-08-22,23:59:59,19.500,200
1982-05-25,23:59:59,0.707,200
1984-01-28,23:59:59,8.707,200
1984-09-11,23:59:59,0.650,200
1985-11-04,23:59:59,0.696,200
1986-06-07,23:59:59,5.303,200
1986-11-07,23:59:59,0.638,200
1987-07-07,23:59:59,1.819,200
1987-07-27,23:59:59,16.521,200
1987-10-03,23:59:59,0.589,200
1988-06-23,23:59:59,7.615,200
1988-08-23,23:59:59,16.197,200
1990-10-28,23:59:59,0.588,200
1991-03-08,23:59:59,2.018,200
1992-08-08,23:59:59,0.718,200
1992-11-15,23:59:59,0.738,200
1994-01-26,23:59:59,17.701,200
1994-03-24,23:59:59,3.579,200
1994-10-05,23:59:59,12.604,200
1995-02-20,23:59:59,16.506,200
1995-05-25,23:59:59,0.921,200
1995-05-27,23:59:59,0.919,200
1996-02-24,23:59:59,0.993,200
1996-06-30,23:59:59,14.918,200
1997-12-25,23:59:59,0.819,200
1998-06-06,23:59:59,9.360,200
1999-01-13,23:59:59,2.962,200
2001-08-11,23:59:59,2.880,200
2001-12-04,23:59:59,0.846,200
2002-11-09,23:59:59,4.202,200
2003-05-22,23:59:59,1.867,200
2004-06-17,23:59:59,6.365,200
2005-01-15,23:59:59,0.697,200
2005-02-12,23:59:59,1.110,200
2005-04-15,23:59:59,1.055,200
2005-11-20,23:59:59,0.997,200
2005-12-22,23:59:59,1.025,200
2006-02-24,23:59:59,2.738,200
2006-03-14,23:59:59,8.555,200
2006-08-29,23:59:59,4.583,200
2006-10-17,23:59:59,1.218,200
2006-11-01,23:59:59,1.040,200
2006-11-12,23:59:59,1.055,200
2006-11-15,23:59:59,1.067,200
2007-01-21,23:59:59,5.254,200
2007-04-26,23:59:59,15.789,200
2007-07-10,23:59:59,4.115,200
2009-06-14,23:59:59,10.438,200
2009-09-21,23:59:59,3.365,200
2009-10-19,23:59:59,4.806,200
2011-01-08,23:59:59,1.176,200
2011-05-14,23:59:59,7.198,200
2011-07-09,23:59:59,6.614,200
2013-01-19,23:59:59,5.024,200
2013-12-16,23:59:59,3.124,200
2014-06-05,23:59:59,1.045,200
2014-06-24,23:59:59,16.744,200
2015-09-22,23:59:59,4.683,200
2015-11-24,23:59:59,1.001,200
2016-09-12,23:59:59,3.962,200
2016-12-14,23:59:59,0.964,200
2017-03-13,23:59:59,9.657,200
2017-07-10,23:59:59,5.678,200
2017-08-29,23:59:59,2.092,200
2017-09-11,23:59:59,1.675,200
2019-03-28,23:59:59,1.311,200
2019-08-01,23:59:59,16.649,200
2020-08-17,23:59:59,16.185,200
2020-08-29,23:59:59,7.379,200
2020-12-13,23:59:59,4.019,200
2021-06-28,23:59:59,1.108,200
2021-09-24,23:59:59,1.085,200
2022-02-18,23:59:59,1.190,200
2022-08-02,23:59:59,1.044,200
2022-08-13,23:59:59,1.041,200
2022-09-29,23:59:59,6.334,200
2022-12-24,23:59:59,4.881,200
2023-05-19,23:59:59,1.101,200
2023-07-13,23:59:59,16.535,200
2023-08-08,23:59:59,10.987,200
2024-09-16,23:59:59,1.102,200
1981-03-31,23:59:59,6.802,200
1981-11-22,23:59:59,0.620,200
1982-09-17,23:59:59,0.602,200
1982-11-04,23:59:59,0.539,200
1983-03-07,23:59:59,0.638,200
1984-09-03,23:59:59,0.662,200
1985-09-10,23:59:59,11.990,200
1985-12-11,23:59:59,16.203,200
1985-12-13,23:59:59,10.725,200
1987-06-02,23:59:59,16.835,200
1989-01-18,23:59:59,4.680,200
1989-07-29,23:59:59,16.582,200
1990-06-20,23:59:59,4.582,200
1991-11-28,23:59:59,1.706,200
1992-02-20,23:59:59,5.493,200
1992-05-17,23:59:59,0.853,200
1992-06-02,23:59:59,3.054,200
1992-08-28,23:59:59,10.620,200
1992-11-13,23:59:59,0.728,200
1993-04-14,23:59:59,0.856,200
1994-03-22,23:59:59,2.976,200
1994-04-20,23:59:59,11.756,200
1994-04-27,23:59:59,14.126,200
1995-07-16,23:59:59,16.764,200
1996-06-16,23:59:59,1.023,200
1996-07-04,23:59:59,13.153,200
1996-08-30,23:59:59,7.806,200
1997-02-16,23:59:59,0.835,200
1997-03-05,23:59:59,1.287,200
1997-08-16,23:59:59,0.740,200
1997-10-09,23:59:59,0.695,200
2001-09-18,23:59:59,0.759,200
2001-09-30,23:59:59,0.772,200
2002-01-13,23:59:59,0.883,200
2002-04-11,23:59:59,17.582,200
2002-04-14,23:59:59,6.422,200
2002-08-26,23:59:59,1.197,200
2003-02-21,23:59:59,0.849,200
2003-05-01,23:59:59,7.561,200
2006-06-03,23:59:59,1.015,200
2007-06-27,23:59:59,16.813,200
2007-10-11,23:59:59,1.174,200
2008-01-25,23:59:59,1.087,200
2008-04-30,23:59:59,17.000,200
2008-12-03,23:59:59,1.113,200
2010-05-27,23:59:59,2.754,200
2010-09-19,23:59:59,1.099,200
2011-05-12,23:59:59,10.156,200
2012-04-30,23:59:59,8.046,200
2012-12-12,23:59:59,1.302,200
2013-05-11,23:59:59,3.682,200
2013-08-06,23:59:59,16.602,200
2013-10-05,23:59:59,4.063,200
2014-11-27,23:59:59,0.998,200
2015-06-11,23:59:59,1.069,200
2016-04-17,23:59:59,12.835,200
2016-07-18,23:59:59,3.792,200
2017-08-14,23:59:59,4.254,200
2019-03-09,23:59:59,3.047,200
2019-06-06,23:59:59,1.021,200
2020-01-05,23:59:59,5.432,200
2020-03-09,23:59:59,4.093,200
2020-05-15,23:59:59,17.024,200
2020-05-31,23:59:59,16.768,200
2020-08-15,23:59:59,13.647,200
2020-09-21,23:59:59,1.057,200
2020-11-22,23:59:59,5.044,200
2021-03-16,23:59:59,3.114,200
2021-04-19,23:59:59,4.420,200
2021-10-15,23:59:59,5.013,200
2022-02-07,23:59:59,1.195,200
2022-04-25,23:59:59,3.874,200
2022-11-03,23:59:59,1.084,200
2024-07-16,23:59:59,5.999,200
2024-07-27,23:59:59,10.324,200
2024-09-18,23:59:59,1.100,200
1980-02-22,23:59:59,5.560,200
1980-05-28,23:59:59,1.502,200
1980-10-19,23:59:59,12.995,200
1981-05-21,23:59:59,6.354,200
1981-05-30,23:59:59,6.644,200
1982-07-20,23:59:59,18.998,200
1982-09-18,23:59:59,0.597,200
1983-03-20,23:59:59,0.695,200
1983-05-11,23:59:59,19.940,200
1983-07-25,23:59:59,9.864,200
1983-08-29,23:59:59,13.787,200
1983-12-17,23:59:59,8.880,200
1984-10-16,23:59:59,12.866,200
1984-11-14,23:59:59,0.670,200
1984-12-06,23:59:59,2.774,200
1985-01-31,23:59:59,17.950,200
1985-05-22,23:59:59,10.785,200
1985-06-13,23:59:59,19.019,200
1985-09-30,23:59:59,0.699,200
1986-03-18,23:59:59,8.895,200
1987-02-27,23:59:59,3.639,200
1988-05-29,23:59:59,7.665,200
1989-12-21,23:59:59,0.531,200
1990-07-01,23:59:59,13.998,200
1990-09-03,23:59:59,15.573,200
1992-05-23,23:59:59,0.844,200
1993-05-22,23:59:59,0.819,200
1995-04-19,23:59:59,0.941,200
1995-05-17,23:59:59,0.961,200
1995-09-16,23:59:59,0.934,200
1996-07-21,23:59:59,2.629,200
1996-09-16,23:59:59,7.471,200
1996-11-06,23:59:59,0.792,200
1997-01-06,23:59:59,2.003,200
1997-01-12,23:59:59,0.756,200
1997-06-28,23:59:59,16.991,200
1997-11-12,23:59:59,0.745,200
1998-03-14,23:59:59,17.515,200
1998-03-29,23:59:59,8.623,200
1998-09-18,23:59:59,4.347,200
1998-10-30,23:59:59,9.010,200
1999-10-26,23:59:59,0.726,200
2000-07-13,23:59:59,16.975,200
2001-06-14,23:59:59,0.867,200
2003-01-01,23:59:59,6.916,200
2003-04-19,23:59:59,4.869,200
2003-12-17,23:59:59,0.874,200
2004-03-15,23:59:59,4.288,200
2004-04-30,23:59:59,12.895,200
2005-09-11,23:59:59,0.981,200
2008-03-30,23:59:59,2.793,200
2008-04-02,23:59:59,9.689,200
2008-12-10,23:59:59,1.154,200
2009-07-26,23:59:59,8.944,200
2010-05-21,23:59:59,1.789,200
2010-10-05,23:59:59,1.105,200
2011-02-09,23:59:59,17.147,200
2011-02-28,23:59:59,2.865,200
2012-01-17,23:59:59,2.416,200
2012-03-03,23:59:59,1.353,200
2015-12-19,23:59:59,0.999,200
2016-05-30,23:59:59,3.108,200
2016-06-09,23:59:59,16.329,200
2016-08-26,23:59:59,6.531,200
2016-12-02,23:59:59,0.996,200
2017-05-13,23:59:59,5.967,200
2017-06-06,23:59:59,7.605,200
2017-08-24,23:59:59,4.557,200
2017-11-25,23:59:59,5.257,200
2018-07-08,23:59:59,1.093,200
2019-05-24,23:59:59,14.144,200
2019-06-30,23:59:59,17.375,200
2019-07-16,23:59:59,11.360,200
2019-07-27,23:59:59,13.767,200
2019-07-31,23:59:59,16.769,200
2019-11-09,23:59:59,1.016,200
2019-12-29,23:59:59,4.655,200
2020-08-19,23:59:59,16.898,200
2020-12-15,23:59:59,3.332,200
2022-02-26,23:59:59,12.718,200
2024-06-13,23:59:59,14.565,200
1980-01-26,23:59:59,5.560,200
1980-04-13,23:59:59,3.399,200
1980-04-16,23:59:59,4.561,200
1980-09-07,23:59:59,8.174,200
1981-02-03,23:59:59,1.436,200
1981-05-17,23:59:59,6.498,200
1981-08-15,23:59:59,13.060,200
1982-05-12,23:59:59,19.004,200
1982-05-22,23:59:59,0.783,200
1982-12-27,23:59:59,0.547,200
1983-06-09,23:59:59,4.513,200
1984-01-10,23:59:59,1.916,200
1984-10-29,23:59:59,0.669,200
1985-03-12,23:59:59,3.771,200
1985-10-25,23:59:59,0.717,200
1986-04-28,23:59:59,14.361,200
1987-01-23,23:59:59,0.715,200
1987-03-14,23:59:59,19.316,200
1987-12-31,23:59:59,3.734,200
1988-01-07,23:59:59,0.699,200
1988-03-09,23:59:59,0.731,200
1989-01-15,23:59:59,4.719,200
1989-02-24,23:59:59,6.408,200
1990-02-28,23:59:59,0.571,200
1990-04-08,23:59:59,0.610,200
1990-06-22,23:59:59,4.516,200
1990-07-10,23:59:59,3.863,200
1990-08-16,23:59:59,16.399,200
1990-11-13,23:59:59,3.696,200
1991-03-02,23:59:59,0.489,200
1991-03-12,23:59:59,2.032,200
1991-07-09,23:59:59,11.694,200
1991-08-08,23:59:59,14.018,200
1992-02-29,23:59:59,12.608,200
1992-04-09,23:59:59,4.416,200
1992-06-20,23:59:59,16.646,200
1992-06-21,23:59:59,16.552,200
1993-02-28,23:59:59,4.288,200
1993-04-29,23:59:59,5.513,200
1993-10-12,23:59:59,1.913,200
1994-09-28,23:59:59,12.708,200
1994-11-26,23:59:59,0.844,200
1996-10-13,23:59:59,0.768,200
1997-04-30,23:59:59,0.912,200
1998-07-07,23:59:59,12.849,200
1999-11-23,23:59:59,0.964,200
2000-01-07,23:59:59,3.713,200
2001-03-27,23:59:59,7.401,200
2001-06-28,23:59:59,2.987,200
2002-02-10,23:59:59,0.903,200
2002-03-19,23:59:59,3.604,200
2002-08-04,23:59:59,16.756,200
2002-12-09,23:59:59,0.861,200
2003-01-19,23:59:59,16.528,200
2003-02-03,23:59:59,1.744,200
2003-05-15,23:59:59,8.800,200
2003-06-25,23:59:59,9.751,200
2003-10-13,23:59:59,0.754,200
2004-05-22,23:59:59,17.624,200
2004-06-29,23:59:59,1.171,200
2004-11-24,23:59:59,0.664,200
2004-11-25,23:59:59,0.663,200
2004-11-29,23:59:59,0.648,200
2005-01-28,23:59:59,0.721,200
2005-06-19,23:59:59,8.767,200
2007-01-02,23:59:59,1.126,200
2007-07-08,23:59:59,1.044,200
2007-09-20,23:59:59,1.148,200
2007-10-29,23:59:59,1.220,200
2009-06-08,23:59:59,10.903,200
2009-06-27,23:59:59,16.694,200
2010-04-18,23:59:59,4.860,200
2010-06-29,23:59:59,16.676,200
2010-08-29,23:59:59,4.196,200
2011-03-31,23:59:59,6.038,200
2011-06-04,23:59:59,7.432,200
2011-08-20,23:59:59,2.738,200
2011-11-10,23:59:59,1.106,200
2011-11-23,23:59:59,1.109,200
2012-04-21,23:59:59,13.304,200
2012-09-16,23:59:59,1.232,200
2012-09-24,23:59:59,1.234,200
2013-08-26,23:59:59,16.903,200
2014-03-23,23:59:59,3.352,200
2014-12-13,23:59:59,2.582,200
2015-07-06,23:59:59,7.888,200
2015-10-13,23:59:59,1.045,200
2016-06-12,23:59:59,1.402,200
2017-03-11,23:59:59,7.676,200
2017-08-04,23:59:59,3.958,200
2017-09-16,23:59:59,1.024,200
2017-11-17,23:59:59,5.004,200
2018-01-14,23:59:59,1.900,200
2018-04-14,23:59:59,12.279,200
2018-04-23,23:59:59,5.423,200
2019-02-09,23:59:59,5.829,200
2019-08-24,23:59:59,4.509,200
2020-07-16,23:59:59,9.670,200
2020-11-15,23:59:59,0.969,200
2020-12-12,23:59:59,4.950,200
2021-01-05,23:59:59,1.080,200
2021-03-04,23:59:59,3.512,200
2021-06-29,23:59:59,1.107,200
2021-08-10,23:59:59,16.713,200
2021-08-11,23:59:59,16.633,200
2022-04-12,23:59:59,6.153,200
2024-09-20,23:59:59,1.098,200
1980-07-02,23:59:59,8.665,200
1980-10-04,23:59:59,13.473,200
1982-07-01,23:59:59,18.164,200
1983-04-06,23:59:59,1.606,200
1983-05-09,23:59:59,14.605,200
1983-12-04,23:59:59,7.020,200
1985-01-09,23:59:59,18.743,200
1987-11-22,23:59:59,3.115,200
1988-06-14,23:59:59,7.504,200
1988-06-20,23:59:59,7.653,200
1988-10-06,23:59:59,0.629,200
1988-11-15,23:59:59,5.317,200
1989-04-11,23:59:59,3.942,200
1989-09-09,23:59:59,16.047,200
1991-07-04,23:59:59,11.813,200
1992-01-24,23:59:59,3.571,200
1993-09-09,23:59:59,16.405,200
1993-10-26,23:59:59,0.674,200
1994-02-27,23:59:59,0.832,200
1994-04-30,23:59:59,1.132,200
1994-05-06,23:59:59,4.951,200
1995-06-09,23:59:59,6.606,200
1997-08-18,23:59:59,0.742,200
1997-12-03,23:59:59,0.787,200
1998-03-04,23:59:59,11.108,200
1998-05-16,23:59:59,8.568,200
1999-01-18,23:59:59,3.653,200
1999-03-20,23:59:59,4.025,200
1999-07-04,23:59:59,7.372,200
2000-12-24,23:59:59,0.849,200
2001-12-24,23:59:59,0.831,200
2002-02-05,23:59:59,0.910,200
2002-02-23,23:59:59,3.576,200
2002-12-11,23:59:59,0.850,200
2003-04-21,23:59:59,6.897,200
2003-08-19,23:59:59,1.124,200
2003-12-29,23:59:59,0.893,200
2005-01-05,23:59:59,0.668,200
2005-02-06,23:59:59,2.103,200
2006-12-20,23:59:59,1.115,200
2007-01-28,23:59:59,5.234,200
2007-05-23,23:59:59,3.071,200
2007-09-06,23:59:59,4.753,200
2007-11-30,23:59:59,1.220,200
2008-10-10,23:59:59,1.137,200
2009-02-16,23:59:59,1.554,200
2009-12-21,23:59:59,1.164,200
2010-01-22,23:59:59,3.022,200
2010-03-07,23:59:59,1.995,200
2010-12-21,23:59:59,3.103,200
2011-02-16,23:59:59,4.165,200
2011-03-03,23:59:59,3.391,200
2011-06-17,23:59:59,11.760,200
2011-11-03,23:59:59,1.140,200
2012-06-28,23:59:59,16.468,200
2012-10-21,23:59:59,0.948,200
2013-05-09,23:59:59,10.484,200
2015-01-26,23:59:59,5.483,200
2015-02-24,23:59:59,17.029,200
2015-07-18,23:59:59,12.182,200
2016-03-27,23:59:59,1.133,200
2016-05-09,23:59:59,10.389,200
2017-03-21,23:59:59,1.757,200
2018-02-28,23:59:59,1.061,200
2018-03-17,23:59:59,2.622,200
2018-06-16,23:59:59,10.280,200
2018-12-14,23:59:59,1.024,200
2019-02-28,23:59:59,5.774,200
2020-01-22,23:59:59,4.637,200
2020-04-25,23:59:59,3.613,200
2020-05-07,23:59:59,4.738,200
2020-07-23,23:59:59,2.802,200
2020-09-11,23:59:59,6.783,200
2020-12-16,23:59:59,2.639,200
2021-02-17,23:59:59,5.621,200
2023-11-22,23:59:59,1.877,200
2024-03-21,23:59:59,8.090,200
2024-05-05,23:59:59,13.124,200
2024-06-03,23:59:59,5.276,200
2024-10-14,23:59:59,1.077,200
1980-02-11,23:59:59,5.560,200
1981-09-17,23:59:59,8.895,200
1982-11-08,23:59:59,0.552,200
1983-09-22,23:59:59,2.244,200
1984-07-11,23:59:59,16.138,200
1984-08-07,23:59:59,0.662,200
1985-07-01,23:59:59,0.684,200
1987-07-02,23:59:59,4.662,200
1988-03-28,23:59:59,1.122,200
1988-08-11,23:59:59,9.840,200
1989-07-28,23:59:59,16.669,200
1990-01-31,23:59:59,0.553,200
1990-06-18,23:59:59,2.063,200
1991-02-03,23:59:59,12.414,200
1991-05-07,23:59:59,1.674,200
1991-07-02,23:59:59,11.728,200
1992-06-19,23:59:59,16.676,200
1992-12-20,23:59:59,0.779,200
1993-12-23,23:59:59,0.704,200
1996-05-10,23:59:59,16.988,200
1997-09-13,23:59:59,0.712,200
1998-10-01,23:59:59,1.362,200
1999-05-02,23:59:59,0.877,200
1999-05-26,23:59:59,6.474,200
1999-06-13,23:59:59,6.534,200
2000-05-16,23:59:59,1.647,200
2002-01-24,23:59:59,15.905,200
2002-11-02,23:59:59,4.616,200
2003-07-12,23:59:59,15.628,200
2003-11-13,23:59:59,0.779,200
2004-08-08,23:59:59,11.409,200
2004-08-27,23:59:59,16.602,200
2004-09-02,23:59:59,9.391,200
2004-09-07,23:59:59,17.227,200
2004-10-31,23:59:59,0.761,200
2004-12-02,23:59:59,0.640,200
2005-07-18,23:59:59,8.350,200
2006-05-24,23:59:59,2.796,200
2006-09-06,23:59:59,1.002,200
2007-10-26,23:59:59,1.221,200
2007-12-25,23:59:59,1.087,200
2008-10-05,23:59:59,1.119,200
2009-07-15,23:59:59,11.624,200
2009-11-25,23:59:59,1.128,200
2010-06-24,23:59:59,16.784,200
2010-09-20,23:59:59,1.101,200
2010-10-09,23:59:59,1.113,200
2010-12-17,23:59:59,4.792,200
2012-01-02,23:59:59,3.387,200
2012-01-18,23:59:59,1.964,200
2012-01-26,23:59:59,2.726,200
2012-09-02,23:59:59,2.690,200
2014-07-26,23:59:59,16.635,200
2014-10-21,23:59:59,1.447,200
2015-04-26,23:59:59,1.573,200
2015-10-15,23:59:59,1.045,200
2015-11-11,23:59:59,4.994,200
2016-10-24,23:59:59,0.971,200
2017-01-11,23:59:59,4.204,200
2018-08-15,23:59:59,10.327,200
2018-09-23,23:59:59,2.175,200
2018-11-23,23:59:59,1.017,200
2019-03-08,23:59:59,6.543,200
2020-03-31,23:59:59,7.555,200
2021-05-21,23:59:59,7.175,200
2021-11-09,23:59:59,12.392,200
2022-01-29,23:59:59,10.851,200
2022-05-31,23:59:59,10.486,200
2022-10-04,23:59:59,4.792,200
2023-04-30,23:59:59,16.957,200
2023-10-25,23:59:59,4.690,200
2023-12-22,23:59:59,1.084,200
2024-10-05,23:59:59,0.978,200
1981-06-17,23:59:59,6.792,200
1983-03-03,23:59:59,0.671,200
1984-01-02,23:59:59,5.373,200
1984-08-14,23:59:59,0.652,200
1985-02-17,23:59:59,2.883,200
1986-02-21,23:59:59,0.797,200
1986-09-15,23:59:59,3.622,200
1986-09-16,23:59:59,1.820,200
1987-03-06,23:59:59,5.342,200
1988-05-12,23:59:59,7.895,200
1988-10-07,23:59:59,0.629,200
1989-04-23,23:59:59,2.493,200
1989-10-11,23:59:59,3.121,200
1989-11-30,23:59:59,0.464,200
1990-10-06,23:59:59,7.084,200
1990-10-30,23:59:59,0.583,200
1991-05-04,23:59:59,1.681,200
1991-10-21,23:59:59,0.430,200
1991-12-31,23:59:59,3.697,200
1992-06-08,23:59:59,16.869,200
1993-05-27,23:59:59,0.817,200
1993-07-19,23:59:59,14.208,200
1995-02-26,23:59:59,17.077,200
1995-05-14,23:59:59,1.006,200
1995-12-27,23:59:59,18.074,200
1996-01-01,23:59:59,14.195,200
1996-11-18,23:59:59,17.143,200
1997-02-10,23:59:59,2.748,200
1999-01-28,23:59:59,11.460,200
1999-02-12,23:59:59,3.804,200
1999-03-03,23:59:59,5.972,200
1999-07-25,23:59:59,14.158,200
2000-02-07,23:59:59,0.834,200
2000-03-08,23:59:59,2.660,200
2000-03-19,23:59:59,1.400,200
2000-04-16,23:59:59,1.354,200
2000-10-31,23:59:59,8.501,200
2003-02-18,23:59:59,1.714,200
2003-08-28,23:59:59,1.115,200
2004-06-02,23:59:59,17.023,200
2005-03-05,23:59:59,1.057,200
2005-05-17,23:59:59,13.575,200
2005-09-15,23:59:59,0.986,200
2005-10-02,23:59:59,0.992,200
2006-07-08,23:59:59,6.398,200
2006-08-19,23:59:59,1.878,200
2006-10-20,23:59:59,1.205,200
2008-07-07,23:59:59,3.409,200
2008-09-12,23:59:59,1.055,200
2008-10-07,23:59:59,1.129,200
2009-11-24,23:59:59,1.128,200
2010-11-02,23:59:59,1.277,200
2011-01-05,23:59:59,1.171,200
2012-03-29,23:59:59,5.094,200
2012-05-25,23:59:59,8.476,200
2012-06-16,23:59:59,11.654,200
2013-01-29,23:59:59,1.247,200
2013-03-18,23:59:59,14.174,200
2013-10-27,23:59:59,1.082,200
2014-03-21,23:59:59,3.337,200
2014-05-24,23:59:59,1.048,200
2014-08-30,23:59:59,16.838,200
2015-01-13,23:59:59,4.726,200
2015-10-22,23:59:59,1.059,200
2016-01-10,23:59:59,2.708,200
2016-08-07,23:59:59,1.567,200
2017-01-09,23:59:59,1.495,200
2017-08-06,23:59:59,2.481,200
2017-09-22,23:59:59,1.030,200
2018-02-24,23:59:59,1.052,200
2018-07-30,23:59:59,1.026,200
2019-11-06,23:59:59,6.189,200
2019-11-23,23:59:59,1.034,200
2020-11-07,23:59:59,2.226,200
2021-05-02,23:59:59,4.824,200
2022-02-15,23:59:59,1.637,200
2023-03-30,23:59:59,1.136,200
2024-02-04,23:59:59,1.099,200
2024-03-13,23:59:59,2.399,200
2024-04-21,23:59:59,2.352,200
2024-08-08,23:59:59,7.562,200
2024-09-09,23:59:59,1.081,200
2024-12-22,23:59:59,7.773,200
1981-04-28,23:59:59,6.792,200
1981-09-25,23:59:59,8.802,200
1982-01-17,23:59:59,0.535,200
1982-08-28,23:59:59,18.135,200
1982-10-17,23:59:59,0.616,200
1983-11-10,23:59:59,12.491,200
1985-01-28,23:59:59,18.139,200
1985-05-23,23:59:59,6.901,200
1986-05-09,23:59:59,2.812,200
1986-10-12,23:59:59,0.624,200
1987-04-05,23:59:59,20.123,200
1987-05-11,23:59:59,2.842,200
1987-09-30,23:59:59,0.597,200
1988-07-03,23:59:59,0.650,200
1989-04-28,23:59:59,0.705,200
1989-05-18,23:59:59,2.449,200
1990-02-02,23:59:59,0.551,200
1990-06-03,23:59:59,0.616,200
1991-04-06,23:59:59,0.743,200
1991-07-14,23:59:59,11.533,200
1991-09-13,23:59:59,1.623,200
1992-04-10,23:59:59,0.860,200
1992-07-28,23:59:59,0.701,200
1992-11-17,23:59:59,0.738,200
1993-04-02,23:59:59,5.495,200
1993-07-15,23:59:59,16.777,200
1995-03-13,23:59:59,2.428,200
1995-07-19,23:59:59,10.985,200
1995-10-20,23:59:59,8.208,200
1996-01-14,23:59:59,17.705,200
1996-01-26,23:59:59,1.020,200
1997-12-04,23:59:59,0.787,200
1998-02-13,23:59:59,4.376,200
1998-07-16,23:59:59,16.027,200
2000-07-29,23:59:59,2.814,200
2001-03-30,23:59:59,1.202,200
2002-04-06,23:59:59,6.376,200
2002-09-18,23:59:59,1.133,200
2005-07-09,23:59:59,6.534,200
2005-10-05,23:59:59,1.028,200
2006-03-28,23:59:59,5.768,200
2006-04-17,23:59:59,9.581,200
2006-06-29,23:59:59,17.161,200
2007-01-30,23:59:59,4.911,200
2007-06-23,23:59:59,16.651,200
2007-09-14,23:59:59,1.691,200
2008-06-03,23:59:59,8.419,200
2009-05-21,23:59:59,16.875,200
2010-08-26,23:59:59,4.784,200
2010-12-03,23:59:59,4.820,200
2010-12-13,23:59:59,4.784,200
2011-03-04,23:59:59,2.784,200
2012-05-26,23:59:59,8.465,200
2012-06-29,23:59:59,16.333,200
2012-09-09,23:59:59,1.243,200
2014-06-30,23:59:59,7.779,200
2014-08-18,23:59:59,12.184,200
2015-07-17,23:59:59,13.834,200
2015-11-10,23:59:59,4.992,200
2016-02-02,23:59:59,1.052,200
2016-03-01,23:59:59,2.236,200
2018-12-12,23:59:59,1.025,200
2019-01-18,23:59:59,1.038,200
2019-02-11,23:59:59,12.610,200
2019-02-18,23:59:59,13.259,200
2019-04-21,23:59:59,1.084,200
2020-02-08,23:59:59,8.016,200
2021-08-06,23:59:59,17.015,200
2022-06-24,23:59:59,16.445,200
2022-08-27,23:59:59,3.086,200
2023-03-11,23:59:59,15.897,200
2024-03-08,23:59:59,1.674,200
2024-11-30,23:59:59,10.662,200
1980-06-04,23:59:59,1.531,200
1980-08-12,23:59:59,8.665,200
1980-09-20,23:59:59,13.473,200
1981-04-26,23:59:59,6.792,200
1981-07-25,23:59:59,13.139,200
1981-09-19,23:59:59,8.895,200
1984-01-11,23:59:59,1.926,200
1984-01-15,23:59:59,8.992,200
1984-07-05,23:59:59,8.254,200
1985-03-01,23:59:59,2.876,200
1985-07-20,23:59:59,0.666,200
1986-08-20,23:59:59,19.517,200
1987-08-02,23:59:59,16.224,200
1989-01-22,23:59:59,7.965,200
1989-03-14,23:59:59,6.403,200
1989-10-10,23:59:59,6.107,200
1989-11-11,23:59:59,0.473,200
1989-11-18,23:59:59,0.466,200
1989-12-29,23:59:59,0.533,200
1990-01-15,23:59:59,0.551,200
1990-05-12,23:59:59,0.650,200
1991-01-16,23:59:59,4.575,200
1991-06-16,23:59:59,7.698,200
1991-08-14,23:59:59,0.552,200
1993-08-08,23:59:59,9.669,200
1994-03-01,23:59:59,0.833,200
1995-01-26,23:59:59,2.153,200
1995-02-23,23:59:59,17.527,200
1995-07-26,23:59:59,8.619,200
1996-05-29,23:59:59,0.935,200
1996-12-31,23:59:59,1.494,200
1997-05-23,23:59:59,9.277,200
1997-05-29,23:59:59,11.735,200
1997-10-31,23:59:59,0.728,200
1998-12-16,23:59:59,4.588,200
1998-12-18,23:59:59,5.367,200
1999-10-13,23:59:59,0.728,200
1999-12-18,23:59:59,6.635,200
2000-09-12,23:59:59,9.051,200
2001-03-21,23:59:59,17.292,200
2002-10-13,23:59:59,1.294,200
2003-08-31,23:59:59,4.123,200
2003-12-22,23:59:59,0.882,200
2004-10-14,23:59:59,1.553,200
2005-04-24,23:59:59,1.509,200
2005-11-02,23:59:59,3.567,200
2006-10-22,23:59:59,1.063,200
2006-11-29,23:59:59,1.136,200
2007-11-17,23:59:59,1.216,200
2008-01-09,23:59:59,1.060,200
2008-02-15,23:59:59,2.341,200
2009-09-07,23:59:59,1.245,200
2010-01-14,23:59:59,1.174,200
2010-07-19,23:59:59,15.071,200
2010-12-29,23:59:59,1.179,200
2011-03-13,23:59:59,2.785,200
2011-04-07,23:59:59,7.912,200
2011-06-28,23:59:59,15.630,200
2011-10-23,23:59:59,1.110,200
2012-07-04,23:59:59,8.459,200
2012-10-03,23:59:59,0.274,200
2014-08-09,23:59:59,1.072,200
2016-02-03,23:59:59,1.029,200
2016-04-19,23:59:59,11.932,200
2016-11-28,23:59:59,0.989,200
2017-04-21,23:59:59,11.201,200
2018-09-29,23:59:59,1.849,200
2018-10-11,23:59:59,1.005,200
2018-11-11,23:59:59,1.000,200
2018-12-02,23:59:59,1.016,200
2019-06-21,23:59:59,17.369,200
2019-07-17,23:59:59,11.324,200
2019-09-30,23:59:59,5.779,200
2019-11-02,23:59:59,2.567,200
2020-12-28,23:59:59,1.535,200
2021-06-04,23:59:59,10.254,200
2021-11-18,23:59:59,5.048,200
2021-12-06,23:59:59,2.068,200
2022-04-06,23:59:59,7.345,200
2023-11-08,23:59:59,6.510,200
2024-05-26,23:59:59,1.579,200
2024-07-15,23:59:59,8.035,200
1980-02-29,23:59:59,4.655,200
1980-05-31,23:59:59,1.531,200
1980-10-20,23:59:59,12.995,200
1980-12-06,23:59:59,1.362,200
1981-07-06,23:59:59,6.426,200
1982-04-09,23:59:59,4.685,200
1983-12-09,23:59:59,13.898,200
1984-04-27,23:59:59,4.574,200
1984-12-13,23:59:59,7.153,200
1985-05-12,23:59:59,4.563,200
1986-01-01,23:59:59,20.145,200
1986-03-17,23:59:59,8.903,200
1986-04-02,23:59:59,1.593,200
1986-06-08,23:59:59,5.293,200
1987-03-23,23:59:59,2.474,200
1987-07-18,23:59:59,11.221,200
1989-05-07,23:59:59,2.463,200
1989-07-03,23:59:59,7.878,200
1991-07-29,23:59:59,16.738,200
1991-09-12,23:59:59,4.983,200
1992-12-11,23:59:59,2.107,200
1993-07-25,23:59:59,13.496,200
1993-09-02,23:59:59,16.770,200
1993-10-15,23:59:59,5.721,200
1993-11-22,23:59:59,0.680,200
1994-01-18,23:59:59,0.803,200
1994-02-10,23:59:59,12.987,200
1994-04-03,23:59:59,11.236,200
1994-05-12,23:59:59,5.222,200
1994-12-21,23:59:59,0.887,200
1995-08-07,23:59:59,15.858,200
1995-10-14,23:59:59,0.917,200
1996-04-05,23:59:59,1.054,200
1996-04-06,23:59:59,0.988,200
1997-02-14,23:59:59,1.035,200
1997-07-08,23:59:59,17.063,200
1998-06-24,23:59:59,4.438,200
1999-05-03,23:59:59,2.220,200
1999-09-12,23:59:59,0.736,200
2000-01-04,23:59:59,7.066,200
2000-05-05,23:59:59,2.701,200
2000-09-22,23:59:59,1.560,200
2000-10-16,23:59:59,2.048,200
2000-11-20,23:59:59,4.193,200
2001-12-13,23:59:59,0.822,200
2002-05-18,23:59:59,4.209,200
2003-08-02,23:59:59,16.584,200
2005-08-17,23:59:59,0.995,200
2006-01-13,23:59:59,1.045,200
2006-08-12,23:59:59,1.954,200
2006-08-27,23:59:59,1.947,200
2007-12-24,23:59:59,1.086,200
2008-12-17,23:59:59,1.173,200
2009-05-20,23:59:59,16.937,200
2010-03-13,23:59:59,7.426,200
2010-12-09,23:59:59,4.797,200
2011-06-12,23:59:59,3.117,200
2012-12-10,23:59:59,5.002,200
2014-05-19,23:59:59,13.212,200
2015-04-11,23:59:59,7.520,200
2015-07-24,23:59:59,16.637,200
2016-06-17,23:59:59,4.492,200
2016-10-10,23:59:59,5.149,200
2016-11-07,23:59:59,3.334,200
2016-12-21,23:59:59,0.968,200
2017-01-04,23:59:59,1.482,200
2017-12-05,23:59:59,14.937,200
2018-01-18,23:59:59,4.958,200
2018-05-13,23:59:59,3.747,200
2018-08-24,23:59:59,11.565,200
2019-04-01,23:59:59,1.057,200
2020-03-10,23:59:59,3.821,200
2020-04-14,23:59:59,11.583,200
2021-10-05,23:59:59,4.322,200
2021-12-15,23:59:59,6.668,200
2022-07-02,23:59:59,9.100,200
2022-09-14,23:59:59,4.214,200
2023-03-15,23:59:59,16.042,200
2023-05-14,23:59:59,1.107,200
2023-05-25,23:59:59,1.088,200
2024-03-10,23:59:59,2.770,200
1980-04-02,23:59:59,1.531,200
1980-09-06,23:59:59,8.174,200
1981-08-28,23:59:59,18.744,200
1981-10-28,23:59:59,0.662,200
1981-11-18,23:59:59,0.620,200
1982-01-13,23:59:59,0.524,200
1982-02-27,23:59:59,2.610,200
1982-07-22,23:59:59,18.676,200
1982-12-18,23:59:59,0.533,200
1984-01-20,23:59:59,8.822,200
1984-05-07,23:59:59,4.492,200
1986-04-18,23:59:59,4.452,200
1986-05-30,23:59:59,5.539,200
1986-08-16,23:59:59,19.328,200
1987-08-23,23:59:59,15.427,200
1987-09-04,23:59:59,11.718,200
1987-09-08,23:59:59,7.083,200
1987-09-09,23:59:59,7.074,200
1988-02-01,23:59:59,0.687,200
1988-04-30,23:59:59,1.479,200
1988-11-06,23:59:59,17.149,200
1988-11-23,23:59:59,10.947,200
1989-11-20,23:59:59,0.466,200
1990-06-07,23:59:59,0.620,200
1990-11-10,23:59:59,0.584,200
1991-06-09,23:59:59,7.765,200
1991-11-17,23:59:59,1.746,200
1992-06-10,23:59:59,16.926,200
1992-06-11,23:59:59,16.999,200
1992-08-05,23:59:59,0.712,200
1992-11-26,23:59:59,0.755,200
1992-12-19,23:59:59,0.781,200
1993-06-04,23:59:59,2.453,200
1993-09-13,23:59:59,16.182,200
1994-11-14,23:59:59,0.831,200
1995-12-07,23:59:59,8.647,200
1995-12-31,23:59:59,18.188,200
1996-02-19,23:59:59,3.709,200
1996-09-18,23:59:59,6.617,200
1996-09-21,23:59:59,2.010,200
1997-04-29,23:59:59,0.911,200
1997-07-21,23:59:59,16.806,200
1997-08-10,23:59:59,2.083,200
1999-01-12,23:59:59,2.962,200
1999-08-11,23:59:59,10.596,200
1999-08-27,23:59:59,6.071,200
2000-06-17,23:59:59,5.713,200
2000-07-02,23:59:59,17.349,200
2000-12-23,23:59:59,0.848,200
2001-06-03,23:59:59,4.206,200
2001-12-05,23:59:59,0.813,200
2002-08-22,23:59:59,1.196,200
2003-06-13,23:59:59,14.045,200
2003-06-14,23:59:59,13.982,200
2003-08-24,23:59:59,1.116,200
2003-09-06,23:59:59,0.746,200
2004-02-04,23:59:59,0.862,200
2004-08-23,23:59:59,16.821,200
2006-02-04,23:59:59,1.068,200
2007-09-28,23:59:59,1.143,200
2007-11-16,23:59:59,1.205,200
2008-04-15,23:59:59,7.746,200
2008-10-31,23:59:59,1.178,200
2008-11-14,23:59:59,1.113,200
2009-04-09,23:59:59,1.198,200
2009-11-07,23:59:59,2.711,200
2010-02-05,23:59:59,4.327,200
2010-07-31,23:59:59,16.688,200
2010-10-26,23:59:59,1.251,200
2011-05-11,23:59:59,10.188,200
2011-10-07,23:59:59,4.594,200
2011-10-28,23:59:59,1.129,200
2011-12-14,23:59:59,2.002,200
2012-07-18,23:59:59,1.941,200
2013-08-22,23:59:59,16.985,200
2013-12-08,23:59:59,2.868,200
2014-03-14,23:59:59,3.815,200
2014-07-08,23:59:59,12.398,200
2016-12-16,23:59:59,0.964,200
2017-02-03,23:59:59,0.981,200
2017-07-23,23:59:59,1.832,200
2017-08-12,23:59:59,1.020,200
2018-12-11,23:59:59,1.022,200
2018-12-15,23:59:59,1.665,200
2019-05-18,23:59:59,10.203,200
2019-10-10,23:59:59,1.010,200
2020-11-21,23:59:59,4.104,200
2021-07-10,23:59:59,1.566,200
2021-10-02,23:59:59,1.079,200
2022-04-26,23:59:59,9.734,200
2022-11-25,23:59:59,9.338,200
1980-07-01,23:59:59,8.665,200
1982-07-27,23:59:59,18.388,200
1983-12-13,23:59:59,16.854,200
1984-07-12,23:59:59,8.239,200
1985-01-23,23:59:59,18.471,200
1985-12-09,23:59:59,16.250,200
1986-08-04,23:59:59,19.008,200
1987-09-23,23:59:59,0.598,200
1988-12-24,23:59:59,10.766,200
1989-03-19,23:59:59,3.994,200
1989-10-06,23:59:59,13.330,200
1990-10-07,23:59:59,7.058,200
1990-12-22,23:59:59,0.582,200
1992-11-25,23:59:59,0.752,200
1994-09-03,23:59:59,10.843,200
1994-12-22,23:59:59,0.886,200
1996-06-22,23:59:59,10.523,200
1997-03-08,23:59:59,0.898,200
1997-06-17,23:59:59,16.959,200
1998-04-12,23:59:59,4.305,200
1998-05-20,23:59:59,8.535,200
1999-02-23,23:59:59,6.032,200
1999-03-14,23:59:59,2.854,200
1999-03-26,23:59:59,5.283,200
1999-07-22,23:59:59,16.931,200
2000-03-07,23:59:59,2.654,200
2000-11-22,23:59:59,4.181,200
2001-03-13,23:59:59,3.479,200
2001-10-09,23:59:59,0.777,200
2001-10-25,23:59:59,0.781,200
2003-09-16,23:59:59,0.733,200
2004-01-13,23:59:59,0.809,200
2004-09-24,23:59:59,17.228,200
2005-01-25,23:59:59,0.719,200
2005-05-19,23:59:59,13.520,200
2005-06-25,23:59:59,3.455,200
2007-01-17,23:59:59,4.308,200
2008-07-01,23:59:59,4.521,200
2008-08-23,23:59:59,1.446,200
2009-08-07,23:59:59,8.267,200
2009-09-28,23:59:59,4.810,200
2010-08-04,23:59:59,10.884,200
2011-07-29,23:59:59,9.345,200
2012-09-25,23:59:59,1.237,200
2013-09-04,23:59:59,5.064,200
2014-02-17,23:59:59,16.558,200
2014-04-17,23:59:59,5.319,200
2016-05-04,23:59:59,16.594,200
2016-12-26,23:59:59,0.967,200
2017-03-07,23:59:59,7.766,200
2017-07-19,23:59:59,2.780,200
2017-11-21,23:59:59,4.983,200
2018-04-10,23:59:59,11.653,200
2019-03-30,23:59:59,2.183,200
2020-04-19,23:59:59,3.109,200
2020-05-04,23:59:59,2.364,200
2020-06-30,23:59:59,16.624,200
2020-10-22,23:59:59,0.915,200
2021-01-24,23:59:59,1.073,200
2022-04-09,23:59:59,3.221,200
2022-10-10,23:59:59,3.365,200
2022-10-11,23:59:59,2.753,200
2022-10-30,23:59:59,1.118,200
2023-07-27,23:59:59,16.449,200
2023-12-23,23:59:59,1.098,200
2024-01-24,23:59:59,1.097,200
2024-11-28,23:59:59,9.443,200
1980-02-07,23:59:59,5.560,200
1980-07-26,23:59:59,8.665,200
1980-09-08,23:59:59,8.174,200
1980-09-16,23:59:59,13.473,200
1981-02-21,23:59:59,0.700,200
1981-12-29,23:59:59,0.570,200
1983-06-15,23:59:59,4.413,200
1983-11-03,23:59:59,6.271,200
1983-11-11,23:59:59,12.485,200
1983-11-15,23:59:59,12.452,200
1984-10-08,23:59:59,17.561,200
1984-12-19,23:59:59,19.380,200
1985-04-16,23:59:59,7.506,200
1985-11-20,23:59:59,0.770,200
1986-02-25,23:59:59,0.752,200
1987-02-10,23:59:59,1.857,200
1987-02-28,23:59:59,3.637,200
1988-05-19,23:59:59,7.791,200
1988-05-23,23:59:59,7.750,200
1989-02-02,23:59:59,2.508,200
1990-05-09,23:59:59,0.651,200
1990-08-12,23:59:59,16.819,200
1990-10-22,23:59:59,0.576,200
1990-12-15,23:59:59,0.581,200
1991-09-06,23:59:59,7.239,200
1992-09-17,23:59:59,10.412,200
1993-07-03,23:59:59,10.085,200
1994-01-08,23:59:59,0.754,200
1994-11-20,23:59:59,0.837,200
1995-04-20,23:59:59,0.943,200
1995-12-13,23:59:59,14.844,200
1996-07-16,23:59:59,15.082,200
1997-10-15,23:59:59,0.702,200
1997-11-19,23:59:59,0.759,200
1998-07-15,23:59:59,17.283,200
1998-11-10,23:59:59,4.432,200
1998-12-06,23:59:59,1.812,200
1999-01-03,23:59:59,4.185,200
2000-04-25,23:59:59,1.300,200
2000-05-26,23:59:59,5.022,200
2000-06-18,23:59:59,4.152,200
2001-04-12,23:59:59,5.524,200
2001-08-21,23:59:59,2.875,200
2001-08-27,23:59:59,0.787,200
2002-01-19,23:59:59,4.676,200
2002-07-19,23:59:59,13.855,200
2002-08-17,23:59:59,1.204,200
2003-03-16,23:59:59,3.112,200
2004-05-31,23:59:59,17.148,200
2004-07-20,23:59:59,6.799,200
2004-12-09,23:59:59,0.652,200
2005-02-28,23:59:59,4.967,200
2006-09-04,23:59:59,0.998,200
2007-05-17,23:59:59,10.917,200
2007-09-05,23:59:59,4.985,200
2008-04-27,23:59:59,7.296,200
2008-11-09,23:59:59,1.101,200
2009-01-14,23:59:59,1.997,200
2009-02-08,23:59:59,2.620,200
2010-06-28,23:59:59,16.748,200
2012-03-24,23:59:59,2.750,200
2013-01-05,23:59:59,10.707,200
2013-02-19,23:59:59,1.834,200
2013-03-25,23:59:59,11.596,200
2013-05-21,23:59:59,9.986,200
2014-05-05,23:59:59,3.526,200
2014-07-17,23:59:59,15.791,200
2014-10-02,23:59:59,5.085,200
2015-03-13,23:59:59,5.073,200
2016-01-25,23:59:59,1.537,200
2016-03-31,23:59:59,2.897,200
2016-05-15,23:59:59,1.120,200
2016-11-18,23:59:59,0.982,200
2017-10-01,23:59:59,1.049,200
2018-02-27,23:59:59,1.059,200
2018-04-26,23:59:59,9.848,200
2018-07-01,23:59:59,10.075,200
2018-11-08,23:59:59,1.000,200
2018-11-09,23:59:59,1.003,200
2019-09-01,23:59:59,1.814,200
2020-09-06,23:59:59,6.814,200
2020-09-29,23:59:59,0.948,200
2022-02-06,23:59:59,1.206,200
2022-11-21,23:59:59,7.407,200
2023-07-05,23:59:59,8.601,200
2023-07-17,23:59:59,12.607,200
2024-02-05,23:59:59,1.096,200
1981-01-29,23:59:59,1.467,200
1981-04-02,23:59:59,6.718,200
1981-11-08,23:59:59,0.550,200
1982-07-29,23:59:59,18.171,200
1984-09-25,23:59:59,18.249,200
1985-03-29,23:59:59,2.848,200
1985-12-25,23:59:59,0.708,200
1986-11-29,23:59:59,8.162,200
1987-01-25,23:59:59,0.728,200
1988-07-05,23:59:59,0.644,200
1988-10-27,23:59:59,17.256,200
1988-11-27,23:59:59,4.635,200
1989-04-02,23:59:59,5.733,200
1989-10-04,23:59:59,13.444,200
1990-12-16,23:59:59,0.581,200
1991-01-31,23:59:59,10.269,200
1992-08-18,23:59:59,4.071,200
1992-09-19,23:59:59,10.546,200
1993-02-03,23:59:59,3.624,200
1993-08-11,23:59:59,13.280,200
1994-09-05,23:59:59,12.348,200
1994-12-17,23:59:59,0.881,200
1995-09-09,23:59:59,11.201,200
1996-01-18,23:59:59,17.491,200
1996-03-05,23:59:59,1.336,200
1996-03-17,23:59:59,0.976,200
1998-06-18,23:59:59,17.704,200
1999-11-04,23:59:59,0.756,200
2000-01-12,23:59:59,2.033,200
2001-01-13,23:59:59,0.903,200
2001-07-12,23:59:59,16.967,200
2001-09-26,23:59:59,0.765,200
2001-12-30,23:59:59,0.851,200
2002-08-27,23:59:59,1.197,200
2002-11-12,23:59:59,4.217,200
2003-03-31,23:59:59,1.992,200
2003-04-18,23:59:59,4.896,200
2003-10-17,23:59:59,0.780,200
2004-11-23,23:59:59,0.663,200
2005-04-13,23:59:59,1.072,200
2005-04-22,23:59:59,1.066,200
2005-05-11,23:59:59,11.845,200
2005-07-02,23:59:59,11.666,200
2006-12-11,23:59:59,1.104,200
2007-02-10,23:59:59,2.899,200
2008-03-24,23:59:59,1.156,200
2008-07-26,23:59:59,1.850,200
2008-08-09,23:59:59,1.448,200
2008-08-14,23:59:59,1.431,200
2008-10-01,23:59:59,1.108,200
2009-01-01,23:59:59,2.078,200
2009-04-27,23:59:59,3.747,200
2009-11-15,23:59:59,15.468,200
2010-10-08,23:59:59,1.110,200
2011-07-27,23:59:59,14.562,200
2011-08-28,23:59:59,2.696,200
2011-12-16,23:59:59,1.799,200
2011-12-22,23:59:59,1.165,200
2012-05-02,23:59:59,7.553,200
2012-12-02,23:59:59,0.942,200
2013-09-02,23:59:59,5.077,200
2014-09-28,23:59:59,5.076,200
2015-02-18,23:59:59,13.878,200
2016-04-25,23:59:59,16.716,200
2017-02-11,23:59:59,0.989,200
2017-03-23,23:59:59,9.779,200
2017-05-24,23:59:59,7.014,200
2017-06-03,23:59:59,3.103,200
2017-06-24,23:59:59,1.026,200
2017-08-01,23:59:59,4.529,200
2017-10-21,23:59:59,1.023,200
2018-12-23,23:59:59,1.018,200
2019-01-24,23:59:59,1.089,200
2019-11-03,23:59:59,1.833,200
2019-11-21,23:59:59,1.032,200
2020-11-27,23:59:59,3.012,200
2021-03-05,23:59:59,2.499,200
2021-03-31,23:59:59,5.618,200
2021-07-17,23:59:59,1.574,200
2022-05-16,23:59:59,15.824,200
2023-01-24,23:59:59,9.240,200
2023-10-30,23:59:59,1.134,200
2024-09-10,23:59:59,1.081,200
1980-04-15,23:59:59,4.561,200
1980-07-10,23:59:59,5.587,200
1981-08-03,23:59:59,13.060,200
1981-08-31,23:59:59,18.863,200
1982-09-22,23:59:59,0.586,200
1982-12-06,23:59:59,0.515,200
1982-12-29,23:59:59,0.549,200
1983-01-07,23:59:59,0.556,200
1983-04-05,23:59:59,0.807,200
1986-05-25,23:59:59,0.717,200
1986-07-31,23:59:59,19.252,200
1987-05-21,23:59:59,4.808,200
1987-08-16,23:59:59,15.697,200
1987-09-29,23:59:59,0.597,200
1988-03-15,23:59:59,9.313,200
1988-10-14,23:59:59,4.254,200
1989-10-17,23:59:59,1.363,200
1990-01-03,23:59:59,0.537,200
1992-05-25,23:59:59,0.845,200
1992-12-01,23:59:59,0.762,200
1993-06-14,23:59:59,17.520,200
1993-07-22,23:59:59,13.692,200
1994-09-15,23:59:59,12.531,200
1995-03-22,23:59:59,0.893,200
1995-03-26,23:59:59,0.922,200
1996-09-03,23:59:59,6.618,200
1997-02-04,23:59:59,13.529,200
1997-09-10,23:59:59,0.711,200
1997-10-05,23:59:59,0.693,200
1998-05-26,23:59:59,7.212,200
1999-01-25,23:59:59,9.241,200
1999-04-01,23:59:59,1.953,200
1999-04-08,23:59:59,0.852,200
1999-07-13,23:59:59,17.018,200
1999-10-23,23:59:59,0.722,200
2000-04-05,23:59:59,2.816,200
2001-03-22,23:59:59,17.198,200
2001-07-31,23:59:59,0.758,200
2001-12-23,23:59:59,0.828,200
2004-04-25,23:59:59,6.537,200
2004-05-21,23:59:59,17.740,200
2005-03-15,23:59:59,1.246,200
2005-07-11,23:59:59,16.969,200
2005-08-16,23:59:59,0.993,200
2005-08-21,23:59:59,0.993,200
2005-11-16,23:59:59,0.984,200
2006-03-12,23:59:59,1.041,200
2008-07-24,23:59:59,11.961,200
2008-11-16,23:59:59,1.119,200
2008-12-28,23:59:59,2.067,200
2009-12-17,23:59:59,1.156,200
2010-02-10,23:59:59,3.768,200
2010-06-30,23:59:59,16.600,200
2011-01-15,23:59:59,4.827,200
2011-07-05,23:59:59,6.638,200
2012-12-01,23:59:59,1.013,200
2013-02-01,23:59:59,2.067,200
2013-02-12,23:59:59,2.895,200
2013-07-25,23:59:59,9.546,200
2014-02-27,23:59:59,16.537,200
2014-09-09,23:59:59,9.061,200
2014-12-12,23:59:59,1.503,200
2015-03-02,23:59:59,1.466,200
2016-01-13,23:59:59,1.524,200
2018-07-22,23:59:59,1.029,200
2019-06-25,23:59:59,17.209,200
2019-11-24,23:59:59,1.037,200
2020-01-28,23:59:59,3.589,200
2020-05-29,23:59:59,16.917,200
2020-09-15,23:59:59,1.382,200
2022-05-09,23:59:59,8.317,200
2022-12-21,23:59:59,4.860,200
2023-04-27,23:59:59,16.642,200
2023-07-03,23:59:59,16.989,200
2024-02-10,23:59:59,1.094,200
2024-06-06,23:59:59,4.882,200
1980-08-09,23:59:59,8.665,200
1980-08-17,23:59:59,8.665,200
1980-08-27,23:59:59,8.665,200
1981-07-19,23:59:59,13.643,200
1981-07-26,23:59:59,13.139,200
1981-11-12,23:59:59,0.640,200
1982-05-16,23:59:59,18.504,200
1983-01-11,23:59:59,0.591,200
1983-01-16,23:59:59,0.617,200
1984-03-01,23:59:59,2.547,200
1984-10-04,23:59:59,17.750,200
1984-12-02,23:59:59,0.704,200
1985-12-14,23:59:59,4.492,200
1986-01-18,23:59:59,3.792,200
1986-11-03,23:59:59,0.692,200
1986-11-19,23:59:59,0.641,200
1986-12-21,23:59:59,1.277,200
1988-11-04,23:59:59,17.184,200
1989-04-09,23:59:59,3.969,200
1989-11-03,23:59:59,3.497,200
1990-05-08,23:59:59,0.651,200
1993-02-13,23:59:59,3.646,200
1993-11-15,23:59:59,0.676,200
1994-06-03,23:59:59,0.919,200
1996-01-06,23:59:59,17.990,200
1996-03-29,23:59:59,3.544,200
1997-07-02,23:59:59,8.330,200
1997-09-30,23:59:59,0.689,200
1999-06-12,23:59:59,10.371,200
1999-07-01,23:59:59,17.043,200
1999-11-03,23:59:59,0.754,200
2000-01-14,23:59:59,2.037,200
2000-11-27,23:59:59,4.208,200
2002-04-13,23:59:59,10.443,200
2002-06-05,23:59:59,8.444,200
2002-08-05,23:59:59,16.704,200
2003-09-01,23:59:59,5.301,200
2003-10-07,23:59:59,0.758,200
2004-11-03,23:59:59,7.469,200
2004-11-19,23:59:59,0.650,200
2004-12-17,23:59:59,0.656,200
2005-03-13,23:59:59,1.081,200
2005-06-01,23:59:59,16.233,200
2005-07-16,23:59:59,2.787,200
2005-09-12,23:59:59,0.982,200
2006-05-14,23:59:59,1.052,200
2006-12-14,23:59:59,1.117,200
2007-09-24,23:59:59,4.004,200
2008-01-18,23:59:59,1.070,200
2008-06-26,23:59:59,16.434,200
2009-01-17,23:59:59,2.819,200
2009-05-30,23:59:59,8.355,200
2009-06-09,23:59:59,12.070,200
2009-09-04,23:59:59,1.244,200
2010-05-31,23:59:59,7.240,200
2010-06-15,23:59:59,16.908,200
2011-01-13,23:59:59,3.736,200
2011-02-05,23:59:59,3.252,200
2011-12-11,23:59:59,1.125,200
2012-05-18,23:59:59,5.525,200
2012-09-12,23:59:59,1.226,200
2012-09-26,23:59:59,1.243,200
2014-02-05,23:59:59,13.343,200
2014-06-02,23:59:59,1.045,200
2014-12-25,23:59:59,0.982,200
2015-02-09,23:59:59,5.029,200
2015-04-02,23:59:59,4.113,200
2015-12-13,23:59:59,0.997,200
2016-09-08,23:59:59,2.797,200
2018-05-22,23:59:59,3.408,200
2019-06-09,23:59:59,0.974,200
2022-07-04,23:59:59,2.777,200
2023-05-05,23:59:59,9.184,200
2024-10-09,23:59:59,1.090,200
1980-02-06,23:59:59,5.560,200
1980-12-22,23:59:59,1.362,200
1981-02-17,23:59:59,0.686,200
1981-03-13,23:59:59,8.425,200
1982-05-04,23:59:59,19.129,200
1982-08-05,23:59:59,17.949,200
1982-08-15,23:59:59,17.355,200
1983-12-19,23:59:59,7.008,200
1984-03-08,23:59:59,12.323,200
1987-04-24,23:59:59,11.268,200
1988-03-04,23:59:59,1.315,200
1988-11-24,23:59:59,10.947,200
1989-01-04,23:59:59,4.682,200
1989-05-02,23:59:59,0.665,200
1990-08-19,23:59:59,16.127,200
1990-11-21,23:59:59,15.899,200
1990-11-30,23:59:59,0.554,200
1990-12-10,23:59:59,0.554,200
1991-04-08,23:59:59,0.699,200
1991-10-03,23:59:59,3.636,200
1992-02-25,23:59:59,5.540,200
1992-03-17,23:59:59,0.830,200
1992-03-26,23:59:59,7.285,200
1992-03-28,23:59:59,2.742,200
1992-04-17,23:59:59,0.868,200
1993-05-17,23:59:59,0.834,200
1993-06-11,23:59:59,3.746,200
1993-07-27,23:59:59,11.839,200
1994-05-17,23:59:59,9.097,200
1994-09-19,23:59:59,1.921,200
1995-01-13,23:59:59,0.925,200
1995-02-09,23:59:59,14.472,200
1995-07-24,23:59:59,4.319,200
1995-10-07,23:59:59,0.902,200
1997-06-18,23:59:59,16.865,200
1997-07-05,23:59:59,16.478,200
1997-09-17,23:59:59,0.712,200
1998-08-18,23:59:59,12.962,200
1999-08-15,23:59:59,10.486,200
2000-01-25,23:59:59,2.058,200
2000-05-09,23:59:59,1.672,200
2000-05-14,23:59:59,2.850,200
2000-12-09,23:59:59,5.238,200
2001-12-18,23:59:59,0.819,200
2002-07-30,23:59:59,17.086,200
2004-01-19,23:59:59,0.822,200
2004-07-13,23:59:59,8.556,200
2004-09-20,23:59:59,15.180,200
2005-02-07,23:59:59,2.951,200
2006-03-07,23:59:59,2.703,200
2006-05-31,23:59:59,1.027,200
2007-01-11,23:59:59,4.130,200
2007-04-20,23:59:59,14.969,200
2007-07-09,23:59:59,1.340,200
2007-08-06,23:59:59,12.407,200
2007-10-25,23:59:59,1.694,200
2007-11-05,23:59:59,1.247,200
2008-06-09,23:59:59,15.414,200
2008-06-11,23:59:59,15.539,200
2009-02-17,23:59:59,1.198,200
2009-07-20,23:59:59,9.542,200
2009-09-08,23:59:59,1.245,200
2009-12-16,23:59:59,1.155,200
2010-04-24,23:59:59,2.536,200
2011-06-14,23:59:59,10.025,200
2011-07-25,23:59:59,15.391,200
2011-11-19,23:59:59,1.104,200
2012-06-23,23:59:59,5.882,200
2012-08-20,23:59:59,7.641,200
2013-08-14,23:59:59,16.768,200
2014-01-17,23:59:59,1.185,200
2014-05-20,23:59:59,10.355,200
2017-01-01,23:59:59,1.007,200
2017-04-25,23:59:59,12.656,200
2017-06-25,23:59:59,2.157,200
2017-10-18,23:59:59,1.021,200
2018-03-18,23:59:59,4.747,200
2018-04-24,23:59:59,6.458,200
2018-07-16,23:59:59,1.032,200
2018-08-12,23:59:59,14.477,200
2018-09-14,23:59:59,4.176,200
2019-06-13,23:59:59,7.287,200
2019-07-08,23:59:59,17.267,200
2021-01-07,23:59:59,1.081,200
2022-09-28,23:59:59,7.521,200
2022-10-15,23:59:59,1.889,200
2022-11-17,23:59:59,12.653,200
2023-05-11,23:59:59,1.119,200
2023-05-30,23:59:59,1.097,200
2023-06-18,23:59:59,6.906,200
2023-09-21,23:59:59,1.098,200
2023-11-18,23:59:59,1.049,200
2024-11-01,23:59:59,1.074,200
2024-12-17,23:59:59,1.566,200
1980-03-09,23:59:59,3.855,200
1980-05-17,23:59:59,17.299,200
1980-07-11,23:59:59,2.005,200
1981-08-30,23:59:59,18.918,200
1981-12-31,23:59:59,0.598,200
1983-03-01,23:59:59,0.701,200
1983-05-23,23:59:59,6.103,200
1983-07-12,23:59:59,14.262,200
1983-07-27,23:59:59,9.836,200
1983-10-02,23:59:59,0.808,200
1984-03-21,23:59:59,3.863,200
1984-05-14,23:59:59,5.906,200
1984-11-16,23:59:59,0.672,200
1986-01-31,23:59:59,5.297,200
1986-08-10,23:59:59,18.683,200
1986-10-27,23:59:59,0.673,200
1986-12-23,23:59:59,0.643,200
1987-01-14,23:59:59,0.643,200
1987-04-23,23:59:59,14.271,200
1987-07-11,23:59:59,1.841,200
1988-02-13,23:59:59,0.668,200
1990-05-19,23:59:59,0.638,200
1991-05-30,23:59:59,7.820,200
1991-06-01,23:59:59,7.791,200
1992-01-04,23:59:59,3.203,200
1992-10-25,23:59:59,0.705,200
1993-05-06,23:59:59,9.345,200
1993-10-21,23:59:59,0.671,200
1994-06-13,23:59:59,4.588,200
1994-10-27,23:59:59,8.781,200
1995-04-15,23:59:59,0.930,200
1997-02-15,23:59:59,0.842,200
1997-03-01,23:59:59,0.848,200
1997-04-11,23:59:59,0.904,200
1997-07-17,23:59:59,16.545,200
1997-10-07,23:59:59,0.695,200
1998-01-15,23:59:59,7.893,200
1999-08-24,23:59:59,10.355,200
1999-10-25,23:59:59,0.725,200
2000-11-16,23:59:59,9.361,200
2000-11-26,23:59:59,2.149,200
2002-02-11,23:59:59,0.897,200
2002-05-16,23:59:59,5.354,200
2003-06-24,23:59:59,9.675,200
2003-07-17,23:59:59,5.242,200
2004-02-26,23:59:59,3.264,200
2004-05-05,23:59:59,1.222,200
2004-05-15,23:59:59,3.160,200
2004-10-28,23:59:59,0.759,200
2005-06-16,23:59:59,17.114,200
2005-06-23,23:59:59,16.963,200
2005-10-22,23:59:59,0.996,200
2005-12-30,23:59:59,1.026,200
2008-01-13,23:59:59,1.059,200
2009-07-19,23:59:59,4.638,200
2009-08-23,23:59:59,13.465,200
2010-05-22,23:59:59,2.390,200
2010-06-14,23:59:59,16.649,200
2010-11-01,23:59:59,1.277,200
2011-02-20,23:59:59,4.133,200
2011-04-23,23:59:59,11.562,200
2012-12-14,23:59:59,1.032,200
2013-02-22,23:59:59,12.498,200
2013-05-07,23:59:59,8.297,200
2013-08-21,23:59:59,16.761,200
2014-05-28,23:59:59,1.041,200
2014-08-19,23:59:59,15.792,200
2014-10-23,23:59:59,1.467,200
2014-10-27,23:59:59,1.461,200
2015-12-07,23:59:59,1.013,200
2015-12-28,23:59:59,2.876,200
2017-10-03,23:59:59,1.048,200
2017-10-06,23:59:59,1.024,200
2017-10-20,23:59:59,1.022,200
2017-11-03,23:59:59,2.019,200
2018-06-22,23:59:59,17.063,200
2018-09-02,23:59:59,4.802,200
2018-09-03,23:59:59,5.075,200
2018-10-25,23:59:59,0.994,200
2019-10-05,23:59:59,6.004,200
2020-07-05,23:59:59,4.076,200
2020-10-26,23:59:59,0.927,200
2022-01-24,23:59:59,9.384,200
2022-05-12,23:59:59,13.024,200
2023-07-04,23:59:59,11.161,200
2023-09-03,23:59:59,2.981,200
2023-10-06,23:59:59,0.988,200
2023-11-16,23:59:59,1.052,200
2024-03-11,23:59:59,1.152,200
2024-09-23,23:59:59,1.102,200
1980-05-10,23:59:59,8.484,200
1980-08-18,23:59:59,8.665,200
1981-06-10,23:59:59,6.354,200
1981-07-03,23:59:59,6.426,200
1983-01-22,23:59:59,0.630,200
1984-01-05,23:59:59,3.668,200
1984-05-21,23:59:59,8.829,200
1984-08-22,23:59:59,0.666,200
1984-11-09,23:59:59,0.697,200
1984-12-23,23:59:59,19.780,200
1985-01-12,23:59:59,18.805,200
1986-06-05,23:59:59,6.271,200
1986-12-11,23:59:59,0.637,200
1987-07-30,23:59:59,16.367,200
1987-08-29,23:59:59,17.044,200
1987-09-02,23:59:59,16.762,200
1987-10-20,23:59:59,0.606,200
1988-05-14,23:59:59,7.861,200
1988-05-15,23:59:59,7.848,200
1989-08-01,23:59:59,16.359,200
1989-08-11,23:59:59,15.961,200
1989-09-04,23:59:59,16.350,200
1992-02-08,23:59:59,0.617,200
1993-12-06,23:59:59,0.689,200
1994-07-17,23:59:59,12.591,200
1994-12-14,23:59:59,0.874,200
1995-04-26,23:59:59,0.949,200
1997-11-03,23:59:59,0.739,200
1999-02-04,23:59:59,10.616,200
1999-02-14,23:59:59,6.025,200
2000-09-16,23:59:59,10.286,200
2000-09-29,23:59:59,1.556,200
2001-04-16,23:59:59,8.445,200
2001-08-06,23:59:59,0.745,200
2002-05-26,23:59:59,4.250,200
2003-08-08,23:59:59,4.864,200
2004-05-17,23:59:59,4.844,200
2005-06-17,23:59:59,15.166,200
2006-06-05,23:59:59,1.013,200
2006-09-24,23:59:59,1.284,200
2007-01-31,23:59:59,4.221,200
2007-02-26,23:59:59,1.077,200
2007-03-03,23:59:59,4.057,200
2007-04-24,23:59:59,16.913,200
2007-07-03,23:59:59,2.116,200
2007-12-20,23:59:59,1.082,200
2011-01-23,23:59:59,2.855,200
2011-04-21,23:59:59,11.026,200
2011-08-25,23:59:59,8.510,200
2013-06-02,23:59:59,1.104,200
2013-06-19,23:59:59,1.405,200
2014-03-10,23:59:59,3.076,200
2015-02-06,23:59:59,5.536,200
2016-12-06,23:59:59,0.988,200
2017-10-29,23:59:59,3.772,200
2018-01-09,23:59:59,1.893,200
2018-05-21,23:59:59,4.471,200
2018-08-10,23:59:59,14.154,200
2018-10-05,23:59:59,1.002,200
2019-01-14,23:59:59,1.035,200
2019-01-31,23:59:59,1.063,200
2019-12-12,23:59:59,0.925,200
2020-01-11,23:59:59,1.090,200
2020-04-29,23:59:59,2.238,200
2020-07-11,23:59:59,2.892,200
2020-07-18,23:59:59,4.735,200
2020-11-09,23:59:59,0.982,200
2021-04-07,23:59:59,5.649,200
2021-05-26,23:59:59,10.283,200
2021-06-19,23:59:59,1.131,200
2021-11-17,23:59:59,6.135,200
2021-11-19,23:59:59,5.142,200
2023-04-06,23:59:59,1.555,200
2023-12-05,23:59:59,4.975,200
2024-12-31,23:59:59,7.105,200
1980-03-23,23:59:59,11.233,200
1980-04-18,23:59:59,4.561,200
1981-08-08,23:59:59,13.060,200
1981-09-16,23:59:59,8.895,200
1982-11-11,23:59:59,0.549,200
1983-08-20,23:59:59,14.120,200
1983-11-06,23:59:59,11.612,200
1983-11-25,23:59:59,19.984,200
1983-11-27,23:59:59,15.332,200
1983-12-06,23:59:59,5.882,200
1983-12-28,23:59:59,5.377,200
1984-03-02,23:59:59,3.705,200
1985-07-26,23:59:59,0.666,200
1985-10-15,23:59:59,0.708,200
1985-10-16,23:59:59,0.711,200
1986-07-11,23:59:59,3.751,200
1988-05-27,23:59:59,7.682,200
1990-03-20,23:59:59,0.608,200
1990-03-31,23:59:59,0.606,200
1991-05-02,23:59:59,1.719,200
1991-09-01,23:59:59,5.792,200
1992-08-15,23:59:59,1.023,200
1992-10-13,23:59:59,0.711,200
1993-03-27,23:59:59,6.569,200
1993-07-01,23:59:59,10.159,200
1993-08-30,23:59:59,17.027,200
1994-01-17,23:59:59,0.801,200
1994-03-07,23:59:59,0.843,200
1994-06-27,23:59:59,8.088,200
1994-12-02,23:59:59,0.853,200
1996-07-17,23:59:59,15.033,200
1996-08-17,23:59:59,0.824,200
1997-06-15,23:59:59,17.152,200
1997-10-02,23:59:59,0.689,200
1998-04-02,23:59:59,4.300,200
1998-07-22,23:59:59,4.904,200
1998-08-06,23:59:59,0.876,200
1998-12-27,23:59:59,2.940,200
1999-02-10,23:59:59,2.561,200
1999-07-26,23:59:59,16.780,200
2000-02-17,23:59:59,0.837,200
2000-04-14,23:59:59,1.278,200
2000-10-10,23:59:59,1.585,200
2001-08-08,23:59:59,4.204,200
2002-01-06,23:59:59,0.881,200
2002-07-06,23:59:59,15.227,200
2003-02-15,23:59:59,1.590,200
2003-05-17,23:59:59,10.589,200
2004-05-23,23:59:59,17.548,200
2004-11-04,23:59:59,1.828,200
2004-11-27,23:59:59,0.649,200
2005-05-09,23:59:59,13.686,200
2005-09-01,23:59:59,0.977,200
2005-09-13,23:59:59,0.984,200
2005-10-11,23:59:59,2.316,200
2007-05-11,23:59:59,9.536,200
2007-11-24,23:59:59,1.212,200
2008-01-19,23:59:59,1.070,200
2008-05-24,23:59:59,4.800,200
2009-02-23,23:59:59,2.070,200
2010-03-27,23:59:59,2.767,200
2010-05-02,23:59:59,1.298,200
2012-03-10,23:59:59,1.198,200
2012-06-17,23:59:59,12.948,200
2013-03-01,23:59:59,10.352,200
2013-08-17,23:59:59,13.217,200
2013-09-15,23:59:59,1.025,200
2014-02-04,23:59:59,13.544,200
2015-10-27,23:59:59,1.068,200
2016-10-28,23:59:59,1.009,200
2017-04-17,23:59:59,7.287,200
2017-05-05,23:59:59,1.535,200
2018-08-25,23:59:59,4.082,200
2019-11-20,23:59:59,1.029,200
2020-01-02,23:59:59,4.247,200
2020-04-01,23:59:59,7.520,200
2020-06-22,23:59:59,8.981,200
2020-08-07,23:59:59,1.654,200
2020-09-20,23:59:59,1.059,200
2022-07-13,23:59:59,4.357,200
2022-08-11,23:59:59,1.046,200
2022-08-16,23:59:59,1.040,200
2022-11-19,23:59:59,6.517,200
2023-06-20,23:59:59,13.876,200
2023-09-15,23:59:59,2.668,200
2023-11-24,23:59:59,3.947,200
1981-05-25,23:59:59,6.354,200
1981-06-18,23:59:59,6.792,200
1981-11-13,23:59:59,0.640,200
1982-01-22,23:59:59,16.734,200
1982-03-24,23:59:59,3.392,200
1982-04-05,23:59:59,0.646,200
1982-10-06,23:59:59,13.441,200
1983-05-26,23:59:59,4.452,200
1983-10-11,23:59:59,20.126,200
1983-10-28,23:59:59,19.781,200
1984-01-12,23:59:59,1.915,200
1984-09-01,23:59:59,0.664,200
1985-02-11,23:59:59,3.846,200
1985-05-05,23:59:59,0.828,200
1986-07-07,23:59:59,3.769,200
1987-01-18,23:59:59,0.647,200
1987-03-13,23:59:59,19.376,200
1987-03-21,23:59:59,3.431,200
1987-03-30,23:59:59,8.911,200
1987-10-05,23:59:59,0.592,200
1987-10-22,23:59:59,0.606,200
1988-09-09,23:59:59,10.158,200
1988-11-08,23:59:59,6.344,200
1990-07-21,23:59:59,0.629,200
1990-08-29,23:59:59,15.953,200
1991-09-28,23:59:59,9.587,200
1992-02-02,23:59:59,2.520,200
1992-07-01,23:59:59,16.656,200
1992-12-23,23:59:59,0.785,200
1993-05-03,23:59:59,9.417,200
1993-06-01,23:59:59,0.817,200
1993-09-07,23:59:59,16.393,200
1993-11-20,23:59:59,0.679,200
1994-01-25,23:59:59,17.675,200
1994-04-17,23:59:59,11.816,200
1994-07-24,23:59:59,12.398,200
1994-08-05,23:59:59,8.095,200
1995-01-06,23:59:59,8.400,200
1995-02-14,23:59:59,15.328,200
1997-02-05,23:59:59,13.503,200
1997-05-10,23:59:59,5.147,200
1997-07-18,23:59:59,17.035,200
1997-10-18,23:59:59,0.717,200
1997-12-09,23:59:59,0.793,200
1998-05-15,23:59:59,8.575,200
1999-11-08,23:59:59,0.766,200
2000-05-31,23:59:59,9.153,200
2001-06-18,23:59:59,1.004,200
2001-07-03,23:59:59,16.225,200
2001-07-14,23:59:59,16.931,200
2002-01-03,23:59:59,0.872,200
2002-03-13,23:59:59,4.424,200
2002-05-12,23:59:59,5.360,200
2002-05-30,23:59:59,17.345,200
2002-10-27,23:59:59,0.803,200
2003-05-05,23:59:59,6.475,200
2003-06-21,23:59:59,13.266,200
2004-01-16,23:59:59,0.816,200
2006-03-25,23:59:59,2.766,200
2006-07-03,23:59:59,17.279,200
2008-04-25,23:59:59,6.638,200
2010-05-13,23:59:59,1.298,200
2010-10-25,23:59:59,1.249,200
2011-02-12,23:59:59,16.924,200
2011-05-29,23:59:59,8.287,200
2011-12-31,23:59:59,4.439,200
2012-08-31,23:59:59,4.776,200
2013-01-18,23:59:59,5.038,200
2013-02-16,23:59:59,1.281,200
2014-06-18,23:59:59,10.484,200
2015-07-02,23:59:59,12.296,200
2015-09-28,23:59:59,4.962,200
2016-06-25,23:59:59,1.585,200
2016-07-16,23:59:59,1.482,200
2017-01-19,23:59:59,1.302,200
2017-02-17,23:59:59,1.001,200
2017-11-14,23:59:59,4.984,200
2017-12-24,23:59:59,0.969,200
2019-01-09,23:59:59,2.789,200
2019-12-13,23:59:59,0.954,200
2020-05-01,23:59:59,3.916,200
2020-10-18,23:59:59,0.918,200
2021-01-02,23:59:59,2.853,200
2021-12-03,23:59:59,3.031,200
2022-04-29,23:59:59,1.749,200
2023-03-09,23:59:59,16.064,200
2023-08-06,23:59:59,5.373,200
2023-09-09,23:59:59,1.077,200
2024-05-25,23:59:59,10.139,200
2024-06-04,23:59:59,8.852,200
1980-05-03,23:59:59,4.735,200
1982-02-22,23:59:59,3.418,200
1982-09-04,23:59:59,13.714,200
1982-09-05,23:59:59,13.668,200
1983-01-10,23:59:59,0.563,200
1983-09-23,23:59:59,0.916,200
1984-07-02,23:59:59,18.493,200
1984-12-10,23:59:59,3.281,200
1985-12-01,23:59:59,7.009,200
1985-12-05,23:59:59,9.918,200
1986-05-14,23:59:59,4.444,200
1987-09-11,23:59:59,2.259,200
1987-11-23,23:59:59,3.114,200
1988-01-04,23:59:59,2.430,200
1988-01-25,23:59:59,2.493,200
1989-02-27,23:59:59,6.408,200
1989-03-11,23:59:59,6.408,200
1989-11-13,23:59:59,0.469,200
1990-05-04,23:59:59,0.645,200
1990-06-02,23:59:59,0.618,200
1990-06-27,23:59:59,11.183,200
1990-08-07,23:59:59,16.311,200
1990-09-21,23:59:59,0.884,200
1991-09-15,23:59:59,0.560,200
1992-09-14,23:59:59,7.072,200
1993-03-08,23:59:59,0.874,200
1993-06-22,23:59:59,12.623,200
1993-11-25,23:59:59,0.678,200
1994-08-07,23:59:59,8.026,200
1996-06-27,23:59:59,12.505,200
1997-11-09,23:59:59,0.739,200
1998-02-14,23:59:59,3.325,200
1998-09-17,23:59:59,4.354,200
1999-11-06,23:59:59,0.763,200
1999-12-14,23:59:59,13.885,200
2000-04-15,23:59:59,1.331,200
2000-07-09,23:59:59,17.057,200
2001-04-19,23:59:59,6.216,200
2001-06-15,23:59:59,0.872,200
2001-08-18,23:59:59,2.875,200
2001-12-09,23:59:59,0.793,200
2002-04-15,23:59:59,13.148,200
2003-02-17,23:59:59,0.850,200
2003-05-14,23:59:59,6.734,200
2004-05-04,23:59:59,1.239,200
2004-07-16,23:59:59,7.432,200
2005-07-27,23:59:59,4.153,200
2005-08-26,23:59:59,0.976,200
2005-11-15,23:59:59,0.980,200
2006-02-05,23:59:59,1.070,200
2006-06-09,23:59:59,4.169,200
2006-08-24,23:59:59,8.375,200
2007-02-08,23:59:59,2.891,200
2007-10-21,23:59:59,1.214,200
2008-01-26,23:59:59,1.087,200
2008-06-19,23:59:59,16.700,200
2008-08-31,23:59:59,1.030,200
2008-09-03,23:59:59,1.038,200
2008-09-22,23:59:59,1.070,200
2008-09-26,23:59:59,1.089,200
2008-10-18,23:59:59,1.155,200
2008-12-05,23:59:59,1.105,200
2009-12-06,23:59:59,2.471,200
2010-01-11,23:59:59,1.166,200
2011-08-29,23:59:59,2.378,200
2011-11-06,23:59:59,2.576,200
2012-01-19,23:59:59,3.019,200
2012-02-18,23:59:59,2.704,200
2012-09-08,23:59:59,1.248,200
2013-01-24,23:59:59,1.258,200
2013-06-25,23:59:59,16.738,200
2014-03-15,23:59:59,6.406,200
2015-01-27,23:59:59,5.753,200
2015-05-23,23:59:59,1.157,200
2015-11-27,23:59:59,1.011,200
2015-12-01,23:59:59,1.015,200
2016-11-21,23:59:59,0.981,200
2016-12-05,23:59:59,0.989,200
2017-06-14,23:59:59,11.723,200
2017-10-27,23:59:59,3.789,200
2018-07-26,23:59:59,1.027,200
2019-02-12,23:59:59,17.215,200
2019-05-11,23:59:59,4.767,200
2019-07-21,23:59:59,11.177,200
2020-09-01,23:59:59,6.843,200
2020-09-12,23:59:59,6.777,200
2021-01-16,23:59:59,3.001,200
2021-08-20,23:59:59,1.297,200
2021-08-30,23:59:59,1.176,200
2021-12-11,23:59:59,7.037,200
2022-03-17,23:59:59,3.110,200
2022-04-17,23:59:59,1.767,200
2022-05-02,23:59:59,4.960,200
2022-07-16,23:59:59,12.775,200
2022-11-11,23:59:59,16.270,200
2022-11-15,23:59:59,16.189,200
2023-10-31,23:59:59,1.952,200
1980-03-25,23:59:59,4.832,200
1981-01-04,23:59:59,1.362,200
1982-11-20,23:59:59,0.508,200
1982-12-31,23:59:59,0.553,200
1983-04-11,23:59:59,0.613,200
1983-07-14,23:59:59,14.124,200
1984-06-23,23:59:59,8.470,200
1984-10-13,23:59:59,17.520,200
1984-12-21,23:59:59,19.654,200
1984-12-31,23:59:59,18.878,200
1985-07-07,23:59:59,0.683,200
1985-12-28,23:59:59,7.142,200
1986-04-21,23:59:59,4.015,200
1988-02-21,23:59:59,0.699,200
1988-07-24,23:59:59,0.650,200
1988-10-03,23:59:59,0.669,200
1988-10-05,23:59:59,0.898,200
1989-03-23,23:59:59,3.970,200
1989-12-17,23:59:59,0.543,200
1990-02-08,23:59:59,0.557,200
1990-02-25,23:59:59,0.571,200
1992-11-05,23:59:59,0.715,200
1996-06-11,23:59:59,0.884,200
1996-12-06,23:59:59,12.238,200
1997-05-26,23:59:59,6.866,200
1997-09-27,23:59:59,0.690,200
1997-12-15,23:59:59,0.813,200
1997-12-29,23:59:59,0.825,200
1998-04-25,23:59:59,4.262,200
2000-04-10,23:59:59,1.278,200
2001-07-09,23:59:59,16.967,200
2001-12-14,23:59:59,0.824,200
2003-02-22,23:59:59,0.852,200
2003-04-07,23:59:59,2.021,200
2004-05-01,23:59:59,8.679,200
2004-12-03,23:59:59,0.651,200
2004-12-04,23:59:59,0.669,200
2005-02-08,23:59:59,7.072,200
2005-12-01,23:59:59,0.992,200
2006-02-27,23:59:59,2.090,200
2006-03-03,23:59:59,4.129,200
2007-05-28,23:59:59,1.593,200
2007-06-26,23:59:59,16.604,200
2008-01-10,23:59:59,1.061,200
2008-01-17,23:59:59,1.069,200
2008-02-05,23:59:59,6.875,200
2008-05-22,23:59:59,8.586,200
2010-05-01,23:59:59,1.261,200
2010-06-04,23:59:59,10.996,200
2011-08-19,23:59:59,8.243,200
2012-10-26,23:59:59,0.267,200
2012-11-28,23:59:59,0.336,200
2013-04-27,23:59:59,7.713,200
2013-11-16,23:59:59,1.169,200
2014-03-31,23:59:59,16.101,200
2014-07-18,23:59:59,13.006,200
2014-08-29,23:59:59,16.956,200
2015-03-14,23:59:59,6.655,200
2015-07-14,23:59:59,16.990,200
2016-01-18,23:59:59,3.172,200
2017-03-12,23:59:59,6.599,200
2017-09-13,23:59:59,1.023,200
2018-05-09,23:59:59,6.014,200
2018-11-26,23:59:59,1.018,200
2019-02-16,23:59:59,11.858,200
2019-02-22,23:59:59,8.134,200
2020-12-18,23:59:59,1.269,200
2021-01-23,23:59:59,1.072,200
2021-05-04,23:59:59,6.458,200
2022-09-16,23:59:59,9.197,200
2023-03-05,23:59:59,15.991,200
2023-04-11,23:59:59,2.737,200
2023-09-13,23:59:59,1.057,200
2024-02-19,23:59:59,1.119,200
2024-07-20,23:59:59,7.765,200
2024-10-08,23:59:59,1.096,200
1980-05-15,23:59:59,17.299,200
1980-06-13,23:59:59,0.785,200
1980-06-22,23:59:59,8.665,200
1980-08-22,23:59:59,8.665,200
1981-01-19,23:59:59,4.064,200
1981-02-04,23:59:59,1.436,200
1981-04-04,23:59:59,6.718,200
1981-06-16,23:59:59,6.600,200
1983-08-01,23:59:59,0.960,200
1984-04-13,23:59:59,4.601,200
1985-06-19,23:59:59,0.753,200
1985-10-05,23:59:59,0.730,200
1986-06-06,23:59:59,5.322,200
1988-04-26,23:59:59,1.849,200
1989-03-20,23:59:59,3.988,200
1989-05-12,23:59:59,2.455,200
1989-05-30,23:59:59,2.434,200
1989-07-31,23:59:59,16.429,200
1990-09-09,23:59:59,3.205,200
1991-02-08,23:59:59,9.492,200
1991-04-01,23:59:59,10.852,200
1992-02-26,23:59:59,5.502,200
1992-04-19,23:59:59,0.873,200
1992-08-02,23:59:59,0.705,200
1992-10-18,23:59:59,2.126,200
1993-03-16,23:59:59,2.996,200
1993-07-08,23:59:59,17.088,200
1993-08-28,23:59:59,14.207,200
1994-04-19,23:59:59,11.764,200
1994-12-20,23:59:59,0.890,200
1995-02-06,23:59:59,2.136,200
1995-03-28,23:59:59,0.919,200
1995-12-04,23:59:59,9.595,200
1996-07-20,23:59:59,5.450,200
1996-08-27,23:59:59,4.120,200
1997-08-03,23:59:59,12.105,200
1998-01-09,23:59:59,9.406,200
1998-12-29,23:59:59,3.668,200
1999-01-22,23:59:59,9.302,200
1999-09-24,23:59:59,0.753,200
2000-08-17,23:59:59,17.032,200
2003-09-19,23:59:59,0.736,200
2004-06-05,23:59:59,15.300,200
2004-12-24,23:59:59,0.669,200
2005-05-04,23:59:59,13.753,200
2005-08-09,23:59:59,2.671,200
2005-10-12,23:59:59,1.003,200
2007-11-14,23:59:59,1.198,200
2008-07-08,23:59:59,3.603,200
2009-07-09,23:59:59,16.593,200
2010-09-24,23:59:59,1.105,200
2011-12-08,23:59:59,1.123,200
2012-01-11,23:59:59,4.690,200
2012-01-25,23:59:59,2.724,200
2012-05-03,23:59:59,13.025,200
2012-07-11,23:59:59,8.498,200
2013-02-14,23:59:59,1.280,200
2013-08-18,23:59:59,12.412,200
2014-03-02,23:59:59,14.867,200
2015-05-08,23:59:59,1.245,200
2016-04-15,23:59:59,12.988,200
2016-12-17,23:59:59,0.961,200
2018-02-04,23:59:59,1.057,200
2018-12-17,23:59:59,1.018,200
2019-06-19,23:59:59,17.360,200
2019-07-20,23:59:59,11.214,200
2019-10-30,23:59:59,3.578,200
2021-01-12,23:59:59,1.055,200
2021-04-03,23:59:59,3.113,200
2022-10-23,23:59:59,3.391,200
2022-10-29,23:59:59,1.114,200
2023-09-17,23:59:59,1.073,200
1983-04-15,23:59:59,3.541,200
1983-04-26,23:59:59,13.013,200
1983-05-12,23:59:59,19.826,200
1983-07-04,23:59:59,7.149,200
1984-06-16,23:59:59,18.903,200
1984-12-30,23:59:59,18.926,200
1985-04-05,23:59:59,2.817,200
1985-09-06,23:59:59,11.990,200
1985-11-10,23:59:59,0.690,200
1986-02-07,23:59:59,0.769,200
1987-04-10,23:59:59,8.830,200
1987-11-26,23:59:59,3.108,200
1988-04-02,23:59:59,4.559,200
1989-06-15,23:59:59,7.903,200
1992-01-11,23:59:59,8.599,200
1994-02-16,23:59:59,17.250,200
1994-04-29,23:59:59,3.673,200
1995-04-02,23:59:59,0.928,200
1995-06-07,23:59:59,4.258,200
1995-08-05,23:59:59,16.060,200
1995-08-09,23:59:59,13.405,200
1995-08-12,23:59:59,0.857,200
1996-07-05,23:59:59,14.010,200
1996-07-10,23:59:59,15.378,200
1996-10-16,23:59:59,0.765,200
1996-10-21,23:59:59,0.771,200
1996-10-30,23:59:59,0.784,200
1997-07-23,23:59:59,16.860,200
1998-01-20,23:59:59,3.557,200
1999-01-09,23:59:59,2.966,200
1999-11-10,23:59:59,0.776,200
2000-06-10,23:59:59,3.503,200
2001-02-25,23:59:59,7.752,200
2001-04-07,23:59:59,3.471,200
2001-04-26,23:59:59,3.532,200
2001-08-17,23:59:59,2.874,200
2002-06-27,23:59:59,0.867,200
2002-07-08,23:59:59,14.856,200
2002-09-14,23:59:59,4.902,200
2003-01-11,23:59:59,10.494,200
2003-08-18,23:59:59,2.442,200
2004-01-30,23:59:59,0.879,200
2004-03-01,23:59:59,12.253,200
2004-03-24,23:59:59,4.172,200
2004-04-07,23:59:59,11.367,200
2004-07-17,23:59:59,5.095,200
2005-01-19,23:59:59,0.706,200
2005-03-12,23:59:59,1.079,200
2005-03-20,23:59:59,1.204,200
2005-12-29,23:59:59,1.026,200
2006-10-27,23:59:59,1.194,200
2006-11-28,23:59:59,1.101,200
2007-07-19,23:59:59,16.759,200
2008-02-11,23:59:59,5.525,200
2008-09-02,23:59:59,1.030,200
2009-08-31,23:59:59,1.245,200
2010-11-04,23:59:59,1.279,200
2011-01-28,23:59:59,4.890,200
2011-02-27,23:59:59,2.864,200
2011-08-17,23:59:59,16.206,200
2011-12-20,23:59:59,1.162,200
2012-06-07,23:59:59,8.502,200
2013-05-06,23:59:59,5.332,200
2015-05-20,23:59:59,1.152,200
2015-06-22,23:59:59,2.918,200
2015-08-07,23:59:59,11.234,200
2016-04-10,23:59:59,8.558,200
2016-06-03,23:59:59,10.001,200
2016-10-01,23:59:59,3.442,200
2016-10-14,23:59:59,0.974,200
2018-03-04,23:59:59,1.069,200
2018-07-17,23:59:59,1.031,200
2018-11-04,23:59:59,1.009,200
2020-03-07,23:59:59,6.543,200
2020-05-20,23:59:59,16.909,200
2020-06-11,23:59:59,16.764,200
2020-07-01,23:59:59,16.494,200
2022-04-21,23:59:59,2.868,200
2022-08-26,23:59:59,1.055,200
2023-11-27,23:59:59,1.551,200
1980-01-14,23:59:59,1.436,200
1980-04-26,23:59:59,17.899,200
1980-10-25,23:59:59,8.665,200
1981-03-20,23:59:59,6.792,200
1981-10-01,23:59:59,8.802,200
1982-05-13,23:59:59,18.921,200
1982-05-21,23:59:59,0.752,200
1982-09-12,23:59:59,0.657,200
1984-10-01,23:59:59,17.905,200
1985-09-01,23:59:59,15.991,200
1985-11-09,23:59:59,0.690,200
1986-04-04,23:59:59,2.006,200
1986-06-28,23:59:59,4.504,200
1987-02-09,23:59:59,0.727,200
1987-09-20,23:59:59,0.598,200
1988-01-20,23:59:59,3.217,200
1989-01-10,23:59:59,4.699,200
1989-05-05,23:59:59,2.463,200
1990-08-24,23:59:59,11.937,200
1990-09-28,23:59:59,7.227,200
1990-11-27,23:59:59,3.724,200
1991-04-25,23:59:59,3.190,200
1991-05-13,23:59:59,2.529,200
1991-07-30,23:59:59,16.627,200
1992-09-03,23:59:59,6.485,200
1993-03-30,23:59:59,5.342,200
1993-10-27,23:59:59,0.670,200
1994-02-22,23:59:59,0.844,200
1994-09-20,23:59:59,4.301,200
1995-04-09,23:59:59,0.942,200
1997-03-21,23:59:59,1.647,200
1997-07-09,23:59:59,17.028,200
1997-09-20,23:59:59,0.712,200
1998-12-01,23:59:59,4.574,200
1999-06-25,23:59:59,15.292,200
1999-12-10,23:59:59,17.437,200
2003-05-07,23:59:59,7.622,200
2003-09-22,23:59:59,0.739,200
2007-04-11,23:59:59,8.209,200
2008-02-28,23:59:59,3.365,200
2008-03-31,23:59:59,5.964,200
2008-04-17,23:59:59,6.788,200
2008-12-19,23:59:59,1.177,200
2009-02-28,23:59:59,2.867,200
2009-07-16,23:59:59,10.977,200
2009-10-08,23:59:59,5.129,200
2010-02-26,23:59:59,2.467,200
2010-06-27,23:59:59,16.810,200
2010-08-01,23:59:59,13.446,200
2011-07-03,23:59:59,6.681,200
2012-05-22,23:59:59,4.106,200
2013-12-09,23:59:59,2.824,200
2014-01-05,23:59:59,2.722,200
2015-03-01,23:59:59,3.295,200
2016-07-23,23:59:59,8.990,200
2017-02-26,23:59:59,10.836,200
2018-02-03,23:59:59,2.185,200
2018-04-17,23:59:59,2.885,200
2018-04-28,23:59:59,3.288,200
2018-06-11,23:59:59,16.849,200
2018-11-19,23:59:59,1.009,200
2018-12-24,23:59:59,1.018,200
2021-04-01,23:59:59,4.115,200
2022-01-03,23:59:59,7.161,200
2022-06-27,23:59:59,11.731,200
2022-08-18,23:59:59,1.053,200
2022-08-28,23:59:59,3.212,200
2022-11-29,23:59:59,6.691,200
2023-03-18,23:59:59,10.623,200
2023-09-26,23:59:59,0.984,200
2024-09-19,23:59:59,1.099,200
1980-07-22,23:59:59,8.665,200
1980-12-07,23:59:59,1.362,200
1981-04-08,23:59:59,6.830,200
1982-04-25,23:59:59,3.416,200
1982-08-20,23:59:59,18.875,200
1982-10-21,23:59:59,0.579,200
1982-10-26,23:59:59,0.500,200
1983-01-21,23:59:59,0.629,200
1983-05-16,23:59:59,10.281,200
1984-09-20,23:59:59,0.648,200
1985-05-09,23:59:59,2.855,200
1986-01-04,23:59:59,10.622,200
1986-03-11,23:59:59,0.795,200
1986-05-06,23:59:59,2.842,200
1986-08-26,23:59:59,19.065,200
1987-04-29,23:59:59,2.549,200
1987-10-01,23:59:59,0.592,200
1988-11-05,23:59:59,17.179,200
1990-04-06,23:59:59,0.609,200
1991-03-07,23:59:59,2.021,200
1992-10-06,23:59:59,10.786,200
1992-11-08,23:59:59,0.719,200
1993-03-01,23:59:59,4.286,200
1993-03-28,23:59:59,7.610,200
1993-09-23,23:59:59,5.353,200
1993-10-03,23:59:59,7.394,200
1995-08-23,23:59:59,0.823,200
1995-11-07,23:59:59,0.984,200
1996-07-27,23:59:59,7.719,200
1996-12-03,23:59:59,14.158,200
1997-07-15,23:59:59,16.678,200
1999-02-24,23:59:59,6.017,200
1999-04-05,23:59:59,0.838,200
1999-09-01,23:59:59,0.776,200
1999-10-02,23:59:59,0.755,200
2000-05-01,23:59:59,1.292,200
2000-06-28,23:59:59,17.484,200
2001-03-24,23:59:59,9.364,200
2002-03-03,23:59:59,3.586,200
2003-02-04,23:59:59,0.868,200
2003-07-04,23:59:59,2.298,200
2004-07-03,23:59:59,1.186,200
2004-08-18,23:59:59,17.026,200
2006-02-12,23:59:59,1.032,200
2006-07-04,23:59:59,17.231,200
2007-09-17,23:59:59,1.158,200
2008-08-01,23:59:59,1.069,200
2008-08-08,23:59:59,3.104,200
2010-06-13,23:59:59,8.420,200
2010-08-14,23:59:59,3.932,200
2011-01-19,23:59:59,4.852,200
2011-10-31,23:59:59,1.133,200
2012-04-07,23:59:59,2.763,200
2012-05-08,23:59:59,6.575,200
2012-11-10,23:59:59,0.955,200
2013-01-02,23:59:59,9.770,200
2013-08-13,23:59:59,16.721,200
2014-09-29,23:59:59,5.069,200
2014-10-20,23:59:59,1.445,200
2015-06-28,23:59:59,14.294,200
2016-03-28,23:59:59,1.131,200
2016-09-16,23:59:59,3.359,200
2016-12-15,23:59:59,0.966,200
2017-12-15,23:59:59,5.274,200
2018-06-01,23:59:59,15.123,200
2018-08-26,23:59:59,3.192,200
2019-06-28,23:59:59,17.378,200
2020-01-24,23:59:59,4.614,200
2020-01-30,23:59:59,5.069,200
2021-05-23,23:59:59,7.170,200
2021-10-14,23:59:59,5.033,200
2022-10-25,23:59:59,3.677,200
2023-02-18,23:59:59,16.037,200
2023-06-03,23:59:59,1.100,200
2024-03-30,23:59:59,5.263,200
2024-04-22,23:59:59,5.497,200
2024-05-10,23:59:59,16.860,200
2024-06-24,23:59:59,15.816,200
1981-08-04,23:59:59,13.060,200
1982-03-21,23:59:59,10.153,200
1985-03-10,23:59:59,3.799,200
1985-04-29,23:59:59,0.825,200
1985-08-01,23:59:59,8.066,200
1986-02-03,23:59:59,5.280,200
1987-08-26,23:59:59,15.315,200
1987-12-26,23:59:59,4.470,200
1988-10-18,23:59:59,17.451,200
1988-11-09,23:59:59,6.312,200
1990-03-08,23:59:59,0.581,200
1990-12-14,23:59:59,0.575,200
1991-10-01,23:59:59,9.303,200
1992-10-09,23:59:59,6.139,200
1993-03-20,23:59:59,5.561,200
1993-12-13,23:59:59,0.695,200
1995-02-22,23:59:59,17.618,200
1995-09-26,23:59:59,1.130,200
1995-09-29,23:59:59,0.912,200
1996-03-06,23:59:59,16.719,200
1996-09-06,23:59:59,4.707,200
1998-01-02,23:59:59,1.233,200
1998-11-29,23:59:59,6.966,200
1999-10-12,23:59:59,1.449,200
2000-06-03,23:59:59,16.384,200
2000-06-04,23:59:59,13.898,200
2000-06-09,23:59:59,3.504,200
2000-12-14,23:59:59,1.216,200
2002-10-07,23:59:59,0.799,200
2003-01-02,23:59:59,6.913,200
2003-04-04,23:59:59,3.874,200
2003-08-04,23:59:59,16.465,200
2004-03-21,23:59:59,2.083,200
2004-09-04,23:59:59,11.182,200
2005-09-19,23:59:59,0.991,200
2006-02-18,23:59:59,1.035,200
2006-08-04,23:59:59,8.609,200
2006-08-09,23:59:59,16.967,200
2008-02-03,23:59:59,2.732,200
2008-09-17,23:59:59,1.062,200
2008-11-05,23:59:59,1.097,200
2009-06-20,23:59:59,16.835,200
2010-02-24,23:59:59,2.558,200
2010-05-09,23:59:59,3.413,200
2010-08-08,23:59:59,4.757,200
2013-07-19,23:59:59,4.735,200
2013-11-24,23:59:59,1.179,200
2014-02-10,23:59:59,16.699,200
2014-04-13,23:59:59,16.230,200
2014-08-04,23:59:59,1.088,200
2014-10-01,23:59:59,5.089,200
2015-05-06,23:59:59,3.733,200
2015-05-16,23:59:59,1.148,200
2015-06-01,23:59:59,15.047,200
2015-12-25,23:59:59,1.501,200
2016-02-07,23:59:59,2.640,200
2016-06-16,23:59:59,5.338,200
2016-10-21,23:59:59,0.973,200
2017-05-20,23:59:59,3.044,200
2018-04-08,23:59:59,3.723,200
2019-08-11,23:59:59,8.219,200
2020-07-28,23:59:59,12.088,200
2021-08-12,23:59:59,16.580,200
2022-01-07,23:59:59,6.284,200
2023-05-06,23:59:59,4.744,200
2023-12-24,23:59:59,2.572,200
1980-02-26,23:59:59,5.560,200
1980-03-11,23:59:59,3.855,200
1980-06-26,23:59:59,8.665,200
1981-01-14,23:59:59,1.405,200
1981-01-20,23:59:59,4.064,200
1981-11-25,23:59:59,0.620,200
1982-10-30,23:59:59,0.505,200
1983-01-20,23:59:59,0.625,200
1984-05-09,23:59:59,4.452,200
1984-05-10,23:59:59,4.432,200
1985-02-16,23:59:59,2.882,200
1985-06-18,23:59:59,2.052,200
1985-08-11,23:59:59,8.699,200
1987-03-18,23:59:59,6.513,200
1987-09-28,23:59:59,0.598,200
1987-10-08,23:59:59,0.594,200
1988-11-14,23:59:59,7.946,200
1989-10-25,23:59:59,4.045,200
1990-10-25,23:59:59,0.591,200
1992-07-19,23:59:59,2.877,200
1992-09-12,23:59:59,7.106,200
1994-01-20,23:59:59,0.805,200
1994-06-24,23:59:59,3.409,200
1995-04-18,23:59:59,0.938,200
1996-01-24,23:59:59,4.096,200
1997-07-06,23:59:59,16.936,200
1997-08-06,23:59:59,13.548,200
1998-08-15,23:59:59,13.014,200
1998-11-13,23:59:59,1.660,200
1999-02-28,23:59:59,5.274,200
1999-12-15,23:59:59,8.230,200
2000-10-13,23:59:59,1.589,200
2000-10-14,23:59:59,2.256,200
2001-05-01,23:59:59,5.895,200
2001-10-17,23:59:59,0.778,200
2002-01-20,23:59:59,2.938,200
2002-05-29,23:59:59,17.453,200
2002-12-23,23:59:59,5.552,200
2004-02-19,23:59:59,5.659,200
2004-06-27,23:59:59,1.179,200
2004-07-24,23:59:59,17.244,200
2004-11-06,23:59:59,0.633,200
2005-01-20,23:59:59,0.706,200
2005-03-14,23:59:59,1.246,200
2005-09-30,23:59:59,0.991,200
2007-08-11,23:59:59,2.969,200
2007-11-03,23:59:59,2.099,200
2008-02-16,23:59:59,1.104,200
2008-08-17,23:59:59,3.369,200
2008-09-15,23:59:59,1.058,200
2008-11-08,23:59:59,1.099,200
2009-06-24,23:59:59,16.556,200
2009-12-27,23:59:59,1.172,200
2009-12-29,23:59:59,1.172,200
2011-01-02,23:59:59,2.703,200
2011-07-19,23:59:59,5.793,200
2012-06-04,23:59:59,2.700,200
2012-07-03,23:59:59,8.476,200
2013-06-14,23:59:59,10.990,200
2015-07-30,23:59:59,16.566,200
2018-07-18,23:59:59,1.031,200
2018-09-05,23:59:59,8.136,200
2019-02-02,23:59:59,2.321,200
2019-03-18,23:59:59,11.476,200
2019-10-11,23:59:59,0.717,200
2020-01-21,23:59:59,4.082,200
2021-05-06,23:59:59,6.462,200
2021-10-22,23:59:59,7.083,200
2022-01-02,23:59:59,7.508,200
2022-04-01,23:59:59,16.714,200
2022-11-13,23:59:59,16.338,200
2022-12-31,23:59:59,3.487,200
2023-03-26,23:59:59,1.119,200
2024-02-26,23:59:59,1.248,200
2024-06-11,23:59:59,12.826,200
2024-09-25,23:59:59,1.104,200
1980-01-18,23:59:59,1.436,200
1980-05-26,23:59:59,1.467,200
1980-07-06,23:59:59,2.387,200
1980-10-07,23:59:59,13.126,200
1982-09-02,23:59:59,16.761,200
1983-02-09,23:59:59,0.650,200
1983-05-07,23:59:59,13.362,200
1984-02-03,23:59:59,8.600,200
1984-06-28,23:59:59,18.495,200
1984-11-13,23:59:59,0.682,200
1985-01-13,23:59:59,18.799,200
1985-12-26,23:59:59,0.706,200
1987-10-26,23:59:59,0.618,200
1987-11-01,23:59:59,0.614,200
1987-11-25,23:59:59,3.110,200
1987-12-03,23:59:59,3.031,200
1988-05-18,23:59:59,7.780,200
1988-06-29,23:59:59,4.206,200
1988-08-06,23:59:59,16.742,200
1989-06-26,23:59:59,4.623,200
1989-07-23,23:59:59,16.875,200
1990-10-14,23:59:59,0.586,200
1990-11-26,23:59:59,7.448,200
1992-02-23,23:59:59,5.443,200
1992-03-19,23:59:59,1.418,200
1992-07-25,23:59:59,0.705,200
1992-10-21,23:59:59,0.722,200
1993-06-24,23:59:59,10.325,200
1995-04-11,23:59:59,0.947,200
1995-08-29,23:59:59,0.823,200
1996-06-19,23:59:59,9.391,200
1997-03-24,23:59:59,1.749,200
1997-08-27,23:59:59,0.726,200
1998-07-14,23:59:59,16.202,200
1998-09-08,23:59:59,8.766,200
1998-11-05,23:59:59,4.426,200
2002-02-15,23:59:59,0.889,200
2002-05-03,23:59:59,7.487,200
2004-11-08,23:59:59,0.631,200
2005-01-11,23:59:59,0.677,200
2005-05-28,23:59:59,7.534,200
2005-08-31,23:59:59,0.977,200
2005-11-14,23:59:59,0.983,200
2006-05-08,23:59:59,1.192,200
2007-07-07,23:59:59,2.852,200
2007-10-13,23:59:59,1.429,200
2008-05-12,23:59:59,4.327,200
2008-08-12,23:59:59,1.433,200
2008-09-30,23:59:59,1.105,200
2008-12-13,23:59:59,1.162,200
2010-12-26,23:59:59,1.150,200
2013-06-04,23:59:59,1.087,200
2014-05-14,23:59:59,11.849,200
2015-06-03,23:59:59,7.949,200
2015-11-01,23:59:59,1.069,200
2015-11-19,23:59:59,1.007,200
2016-01-16,23:59:59,2.993,200
2016-05-17,23:59:59,1.119,200
2016-07-31,23:59:59,8.158,200
2016-10-08,23:59:59,5.193,200
2017-11-13,23:59:59,3.618,200
2017-11-23,23:59:59,4.954,200
2018-08-21,23:59:59,11.451,200
2018-11-05,23:59:59,1.006,200
2019-03-24,23:59:59,10.992,200
2019-12-09,23:59:59,0.951,200
2020-04-24,23:59:59,4.727,200
2020-10-15,23:59:59,0.920,200
2021-06-03,23:59:59,9.555,200
2021-06-16,23:59:59,1.135,200
2021-08-04,23:59:59,3.881,200
2021-08-13,23:59:59,12.163,200
2021-10-20,23:59:59,7.108,200
2022-03-06,23:59:59,2.665,200
2022-03-20,23:59:59,3.390,200
2022-04-23,23:59:59,1.645,200
2022-05-07,23:59:59,7.551,200
2022-05-13,23:59:59,15.910,200
2022-10-13,23:59:59,3.487,200
2023-04-18,23:59:59,10.145,200
2023-10-01,23:59:59,0.975,200
2023-12-29,23:59:59,1.072,200
2024-01-21,23:59:59,1.093,200
2024-04-10,23:59:59,1.107,200
1980-08-10,23:59:59,8.665,200
1981-05-24,23:59:59,6.354,200
1981-10-20,23:59:59,0.716,200
1982-01-04,23:59:59,0.604,200
1982-03-02,23:59:59,2.622,200
1982-07-12,23:59:59,17.483,200
1983-01-01,23:59:59,0.547,200
1983-09-15,23:59:59,8.733,200
1983-12-26,23:59:59,5.404,200
1984-04-18,23:59:59,4.567,200
1984-10-20,23:59:59,0.721,200
1985-01-04,23:59:59,18.677,200
1985-05-31,23:59:59,7.518,200
1985-08-07,23:59:59,8.725,200
1985-12-18,23:59:59,4.467,200
1986-02-16,23:59:59,0.769,200
1986-03-12,23:59:59,2.801,200
1986-10-06,23:59:59,0.655,200
1986-12-16,23:59:59,1.302,200
1987-01-22,23:59:59,0.685,200
1987-01-31,23:59:59,0.730,200
1988-05-20,23:59:59,7.786,200
1989-04-18,23:59:59,3.944,200
1989-05-22,23:59:59,2.449,200
1989-05-28,23:59:59,2.448,200
1989-08-30,23:59:59,16.848,200
1989-12-03,23:59:59,0.467,200
1990-06-21,23:59:59,4.538,200
1992-11-09,23:59:59,0.721,200
1993-03-03,23:59:59,3.540,200
1993-04-19,23:59:59,0.825,200
1993-08-31,23:59:59,16.919,200
1993-09-15,23:59:59,16.033,200
1994-10-15,23:59:59,12.312,200
1995-08-24,23:59:59,0.821,200
1996-02-06,23:59:59,14.227,200
1996-03-07,23:59:59,9.819,200
1996-04-29,23:59:59,8.680,200
1996-07-29,23:59:59,7.697,200
1996-08-18,23:59:59,1.575,200
1998-03-26,23:59:59,3.648,200
1998-10-21,23:59:59,11.323,200
1999-03-04,23:59:59,5.965,200
2000-08-16,23:59:59,17.109,200
2001-05-27,23:59:59,0.813,200
2001-12-17,23:59:59,0.816,200
2002-09-09,23:59:59,0.813,200
2004-02-09,23:59:59,2.887,200
2004-03-25,23:59:59,4.711,200
2004-08-03,23:59:59,16.673,200
2005-04-07,23:59:59,1.221,200
2005-07-26,23:59:59,4.151,200
2005-09-03,23:59:59,0.980,200
2006-05-05,23:59:59,1.176,200
2006-08-21,23:59:59,1.862,200
2006-08-22,23:59:59,3.186,200
2006-10-11,23:59:59,1.068,200
2007-01-09,23:59:59,3.928,200
2007-03-05,23:59:59,4.578,200
2008-06-18,23:59:59,16.142,200
2008-08-24,23:59:59,1.446,200
2008-09-28,23:59:59,1.101,200
2008-12-23,23:59:59,2.044,200
2009-02-10,23:59:59,1.184,200
2009-03-22,23:59:59,5.340,200
2009-07-21,23:59:59,12.638,200
2010-11-29,23:59:59,4.868,200
2012-07-02,23:59:59,8.497,200
2014-03-09,23:59:59,2.765,200
2014-10-17,23:59:59,1.448,200
2014-12-20,23:59:59,0.989,200
2015-04-07,23:59:59,8.604,200
2016-07-06,23:59:59,16.727,200
2017-09-12,23:59:59,1.504,200
2017-12-10,23:59:59,5.025,200
2018-02-18,23:59:59,0.653,200
2018-03-06,23:59:59,1.074,200
2019-02-23,23:59:59,8.113,200
2019-08-16,23:59:59,12.403,200
2019-11-29,23:59:59,1.017,200
2020-03-18,23:59:59,11.018,200
2020-03-21,23:59:59,9.321,200
2020-09-08,23:59:59,6.801,200
2022-04-30,23:59:59,1.662,200
2022-05-15,23:59:59,15.266,200
2022-08-14,23:59:59,1.038,200
2022-10-20,23:59:59,4.927,200
2022-12-07,23:59:59,3.110,200
2023-04-22,23:59:59,12.470,200
2023-11-13,23:59:59,1.073,200
2023-12-19,23:59:59,8.892,200
2024-01-22,23:59:59,1.094,200
2024-03-19,23:59:59,6.349,200
2024-12-10,23:59:59,10.712,200
1980-09-26,23:59:59,13.473,200
1981-04-17,23:59:59,6.571,200
1983-08-16,23:59:59,12.091,200
1983-09-11,23:59:59,13.857,200
1984-03-19,23:59:59,3.878,200
1984-08-13,23:59:59,0.650,200
1984-09-12,23:59:59,0.650,200
1984-12-14,23:59:59,9.390,200
1985-07-05,23:59:59,0.686,200
1986-01-23,23:59:59,20.184,200
1986-08-19,23:59:59,19.562,200
1986-09-25,23:59:59,0.631,200
1987-12-04,23:59:59,0.695,200
1989-03-04,23:59:59,6.408,200
1989-05-27,23:59:59,2.446,200
1989-06-29,23:59:59,7.917,200
1989-07-02,23:59:59,7.899,200
1990-12-28,23:59:59,0.596,200
1991-09-19,23:59:59,0.547,200
1993-08-27,23:59:59,15.576,200
1993-10-22,23:59:59,0.669,200
1994-08-29,23:59:59,8.146,200
1996-03-18,23:59:59,0.973,200
1996-06-18,23:59:59,6.487,200
1998-01-12,23:59:59,9.352,200
1998-11-01,23:59:59,9.005,200
1999-03-31,23:59:59,2.089,200
2000-08-24,23:59:59,16.783,200
2000-10-18,23:59:59,1.179,200
2002-03-02,23:59:59,3.587,200
2002-03-27,23:59:59,0.879,200
2002-07-07,23:59:59,12.852,200
2003-01-31,23:59:59,9.846,200
2003-06-09,23:59:59,6.208,200
2003-10-16,23:59:59,0.779,200
2004-07-25,23:59:59,17.174,200
2004-11-28,23:59:59,0.648,200
2006-01-18,23:59:59,1.056,200
2006-10-26,23:59:59,1.189,200
2007-02-04,23:59:59,1.247,200
2007-02-14,23:59:59,2.344,200
2008-03-11,23:59:59,1.514,200
2010-01-19,23:59:59,1.718,200
2010-05-24,23:59:59,3.324,200
2011-08-13,23:59:59,5.700,200
2011-08-27,23:59:59,2.708,200
2012-11-16,23:59:59,0.616,200
2013-05-26,23:59:59,6.358,200
2013-07-31,23:59:59,13.094,200
2013-09-27,23:59:59,1.001,200
2013-11-07,23:59:59,1.179,200
2013-11-08,23:59:59,1.007,200
2014-06-13,23:59:59,11.073,200
2014-12-19,23:59:59,2.330,200
2015-04-29,23:59:59,1.131,200
2015-09-12,23:59:59,1.427,200
2016-07-08,23:59:59,16.599,200
2016-07-19,23:59:59,3.792,200
2017-11-27,23:59:59,5.237,200
2018-10-24,23:59:59,0.986,200
2018-12-07,23:59:59,1.014,200
2019-01-05,23:59:59,2.283,200
2021-07-19,23:59:59,1.131,200
2022-08-23,23:59:59,1.068,200
2022-08-30,23:59:59,1.750,200
2022-10-14,23:59:59,3.671,200
2022-11-07,23:59:59,10.993,200
2022-12-28,23:59:59,4.665,200
2023-05-08,23:59:59,1.132,200
2024-05-27,23:59:59,4.812,200
1980-08-08,23:59:59,8.665,200
1980-09-14,23:59:59,13.473,200
1980-11-03,23:59:59,18.346,200
1981-07-29,23:59:59,13.139,200
1981-12-13,23:59:59,0.641,200
1982-01-27,23:59:59,0.538,200
1982-04-23,23:59:59,3.239,200
1982-05-11,23:59:59,19.044,200
1982-06-23,23:59:59,18.573,200
1982-06-29,23:59:59,18.122,200
1982-11-06,23:59:59,0.541,200
1983-10-29,23:59:59,19.752,200
1983-11-12,23:59:59,12.484,200
1983-12-20,23:59:59,5.447,200
1984-12-05,23:59:59,2.782,200
1985-03-24,23:59:59,5.787,200
1985-05-15,23:59:59,2.921,200
1986-02-27,23:59:59,0.749,200
1986-05-12,23:59:59,2.803,200
1987-01-04,23:59:59,0.643,200
1987-04-28,23:59:59,3.685,200
1987-06-27,23:59:59,7.842,200
1987-11-30,23:59:59,2.340,200
1988-02-02,23:59:59,0.688,200
1988-04-10,23:59:59,12.635,200
1988-07-23,23:59:59,0.647,200
1989-12-31,23:59:59,0.537,200
1990-03-30,23:59:59,0.604,200
1990-05-30,23:59:59,0.615,200
1990-06-17,23:59:59,0.631,200
1991-08-22,23:59:59,0.549,200
1991-12-15,23:59:59,3.157,200
1992-08-24,23:59:59,6.890,200
1992-11-22,23:59:59,0.742,200
1993-10-09,23:59:59,0.670,200
1994-03-21,23:59:59,1.969,200
1994-12-03,23:59:59,0.854,200
1995-01-08,23:59:59,7.027,200
1995-10-12,23:59:59,0.916,200
1997-10-21,23:59:59,0.721,200
1997-12-28,23:59:59,0.830,200
1999-01-17,23:59:59,2.965,200
1999-02-16,23:59:59,6.012,200
1999-03-21,23:59:59,4.044,200
1999-07-05,23:59:59,11.475,200
1999-07-19,23:59:59,16.569,200
2000-01-16,23:59:59,2.031,200
2000-07-17,23:59:59,14.625,200
2000-07-18,23:59:59,11.832,200
2000-11-11,23:59:59,9.337,200
2001-07-10,23:59:59,16.906,200
2001-09-07,23:59:59,1.128,200
2002-01-11,23:59:59,0.891,200
2002-01-27,23:59:59,0.924,200
2003-01-16,23:59:59,13.261,200
2003-12-05,23:59:59,0.820,200
2004-12-06,23:59:59,0.660,200
2005-08-02,23:59:59,3.968,200
2005-12-20,23:59:59,1.022,200
2006-07-01,23:59:59,8.423,200
2006-09-13,23:59:59,1.008,200
2007-02-23,23:59:59,1.078,200
2007-06-20,23:59:59,14.516,200
2007-12-01,23:59:59,2.107,200
2008-07-11,23:59:59,1.690,200
2008-12-06,23:59:59,2.327,200
2008-12-16,23:59:59,1.170,200
2009-10-18,23:59:59,4.810,200
2009-11-04,23:59:59,2.714,200
2010-09-10,23:59:59,1.094,200
2011-06-01,23:59:59,11.905,200
2011-09-08,23:59:59,1.225,200
2011-12-09,23:59:59,1.124,200
2013-02-07,23:59:59,5.678,200
2013-05-30,23:59:59,12.028,200
2015-03-08,23:59:59,5.644,200
2016-01-01,23:59:59,1.625,200
2017-06-30,23:59:59,4.884,200
2018-08-28,23:59:59,15.385,200
2019-07-18,23:59:59,11.294,200
2020-05-30,23:59:59,16.816,200
2020-09-13,23:59:59,6.764,200
2021-06-18,23:59:59,1.131,200
2023-06-01,23:59:59,1.096,200
2023-12-11,23:59:59,8.943,200
2023-12-20,23:59:59,4.743,200
2024-07-24,23:59:59,7.402,200
2024-12-14,23:59:59,10.701,200
1980-05-07,23:59:59,6.339,200
1980-12-31,23:59:59,1.362,200
1981-10-02,23:59:59,8.802,200
1981-11-05,23:59:59,0.550,200
1982-05-23,23:59:59,0.685,200
1982-05-26,23:59:59,0.698,200
1982-09-30,23:59:59,0.563,200
1983-06-13,23:59:59,4.439,200
1983-09-10,23:59:59,13.916,200
1984-11-23,23:59:59,0.695,200
1985-03-25,23:59:59,7.163,200
1986-02-09,23:59:59,0.760,200
1986-05-11,23:59:59,2.807,200
1986-08-30,23:59:59,18.787,200
1988-02-29,23:59:59,7.222,200
1988-10-09,23:59:59,0.632,200
1988-10-19,23:59:59,17.424,200
1989-03-24,23:59:59,3.975,200
1989-10-18,23:59:59,2.382,200
1990-02-09,23:59:59,0.555,200
1990-04-05,23:59:59,0.610,200
1990-12-18,23:59:59,0.580,200
1991-08-20,23:59:59,0.553,200
1992-01-28,23:59:59,1.686,200
1992-01-29,23:59:59,1.247,200
1993-06-21,23:59:59,9.630,200
1993-09-27,23:59:59,5.424,200
1993-10-31,23:59:59,0.671,200
1994-02-23,23:59:59,0.838,200
1994-06-01,23:59:59,0.923,200
1994-07-19,23:59:59,12.765,200
1995-07-05,23:59:59,8.810,200
1995-10-21,23:59:59,10.577,200
1995-10-23,23:59:59,9.594,200
1996-08-05,23:59:59,1.446,200
1996-11-04,23:59:59,0.791,200
1997-02-11,23:59:59,1.271,200
1997-06-19,23:59:59,16.769,200
1998-01-16,23:59:59,3.766,200
1998-03-06,23:59:59,11.120,200
1998-03-13,23:59:59,17.538,200
1999-05-24,23:59:59,2.757,200
1999-06-16,23:59:59,11.941,200
2000-05-23,23:59:59,1.678,200
2001-10-06,23:59:59,0.774,200
2001-10-21,23:59:59,0.780,200
2001-11-12,23:59:59,0.833,200
2001-11-27,23:59:59,0.861,200
2003-07-28,23:59:59,16.964,200
2003-10-29,23:59:59,0.760,200
2004-09-06,23:59:59,17.299,200
2004-10-12,23:59:59,7.238,200
2005-04-14,23:59:59,2.275,200
2005-11-23,23:59:59,0.997,200
2007-01-22,23:59:59,5.248,200
2007-05-13,23:59:59,10.412,200
2007-06-28,23:59:59,16.793,200
2007-07-31,23:59:59,15.793,200
2008-07-22,23:59:59,1.172,200
2008-08-27,23:59:59,1.443,200
2008-11-07,23:59:59,1.099,200
2009-01-10,23:59:59,1.998,200
2009-02-20,23:59:59,1.205,200
2009-02-21,23:59:59,1.207,200
2009-07-14,23:59:59,15.385,200
2009-08-24,23:59:59,15.417,200
2009-10-05,23:59:59,4.726,200
2009-12-12,23:59:59,1.148,200
2010-03-20,23:59:59,2.750,200
2010-09-07,23:59:59,1.100,200
2010-11-14,23:59:59,4.905,200
2011-01-21,23:59:59,4.365,200
2011-02-14,23:59:59,16.854,200
2011-06-18,23:59:59,10.786,200
2011-08-05,23:59:59,5.205,200
2011-09-11,23:59:59,1.223,200
2012-01-31,23:59:59,3.548,200
2012-05-17,23:59:59,4.467,200
2012-11-01,23:59:59,0.331,200
2015-01-11,23:59:59,5.221,200
2015-06-24,23:59:59,14.799,200
2015-09-27,23:59:59,4.923,200
2016-01-05,23:59:59,2.742,200
2017-07-01,23:59:59,1.048,200
2020-08-10,23:59:59,7.198,200
2021-01-31,23:59:59,6.245,200
2021-05-03,23:59:59,5.711,200
2022-09-13,23:59:59,2.799,200
2023-02-17,23:59:59,16.135,200
2023-06-17,23:59:59,6.025,200
2023-08-02,23:59:59,9.144,200
2024-01-18,23:59:59,3.375,200
1980-01-24,23:59:59,6.095,200
1981-05-29,23:59:59,6.644,200
1981-09-21,23:59:59,8.895,200
1982-04-02,23:59:59,0.706,200
1982-05-10,23:59:59,19.112,200
1983-02-14,23:59:59,0.684,200
1983-03-02,23:59:59,0.684,200
1983-03-08,23:59:59,0.625,200
1984-05-18,23:59:59,8.671,200
1984-07-22,23:59:59,2.750,200
1984-09-08,23:59:59,0.657,200
1984-09-10,23:59:59,0.650,200
1985-03-26,23:59:59,2.867,200
1985-04-09,23:59:59,4.117,200
1985-05-01,23:59:59,0.809,200
1985-07-19,23:59:59,0.666,200
1985-09-18,23:59:59,18.755,200
1986-08-06,23:59:59,18.883,200
1987-02-24,23:59:59,3.627,200
1988-03-25,23:59:59,1.742,200
1988-04-14,23:59:59,2.532,200
1988-07-18,23:59:59,0.642,200
1989-07-30,23:59:59,16.503,200
1990-02-03,23:59:59,0.550,200
1990-04-21,23:59:59,0.621,200
1991-03-05,23:59:59,1.440,200
1991-12-29,23:59:59,1.902,200
1993-05-30,23:59:59,0.815,200
1994-01-02,23:59:59,0.752,200
1994-03-15,23:59:59,2.624,200
1994-08-14,23:59:59,2.384,200
1995-03-30,23:59:59,0.923,200
1995-06-11,23:59:59,15.079,200
1996-01-04,23:59:59,18.078,200
1996-10-26,23:59:59,0.778,200
1997-03-29,23:59:59,0.847,200
1997-06-05,23:59:59,14.185,200
1997-12-17,23:59:59,0.816,200
1998-05-21,23:59:59,8.528,200
1998-07-19,23:59:59,3.661,200
1999-05-22,23:59:59,0.852,200
2000-05-24,23:59:59,2.336,200
2000-08-08,23:59:59,12.659,200
2000-09-01,23:59:59,16.395,200
2001-03-26,23:59:59,12.592,200
2001-04-15,23:59:59,3.584,200
2002-10-01,23:59:59,0.802,200
2002-12-01,23:59:59,4.228,200
2003-06-20,23:59:59,13.366,200
2003-09-07,23:59:59,0.741,200
2003-12-03,23:59:59,0.821,200
2004-06-21,23:59:59,1.518,200
2004-10-05,23:59:59,10.322,200
2005-02-26,23:59:59,3.021,200
2005-06-12,23:59:59,10.670,200
2006-03-15,23:59:59,13.684,200
2006-10-29,23:59:59,1.431,200
2007-08-26,23:59:59,1.090,200
2008-11-13,23:59:59,1.111,200
2008-11-17,23:59:59,1.121,200
2009-01-15,23:59:59,2.000,200
2009-04-10,23:59:59,1.193,200
2010-04-05,23:59:59,1.553,200
2011-02-11,23:59:59,16.981,200
2012-06-12,23:59:59,6.312,200
2013-04-30,23:59:59,9.726,200
2013-06-06,23:59:59,1.076,200
2014-02-16,23:59:59,12.108,200
2014-07-29,23:59:59,16.824,200
2014-12-18,23:59:59,4.931,200
2015-05-24,23:59:59,1.157,200
2017-03-15,23:59:59,17.033,200
2018-01-11,23:59:59,3.774,200
2018-05-03,23:59:59,3.183,200
2018-06-07,23:59:59,16.982,200
2019-01-28,23:59:59,1.056,200
2019-08-09,23:59:59,9.025,200
2019-11-30,23:59:59,1.015,200
2021-09-09,23:59:59,1.715,200
2021-10-26,23:59:59,7.044,200
2022-08-15,23:59:59,1.039,200
2023-10-24,23:59:59,5.079,200
2024-03-14,23:59:59,2.566,200
2024-07-26,23:59:59,7.407,200
2024-08-02,23:59:59,10.358,200
1980-01-25,23:59:59,5.560,200
1980-10-22,23:59:59,12.995,200
1980-11-26,23:59:59,1.467,200
1981-08-05,23:59:59,13.060,200
1981-10-18,23:59:59,0.640,200
1982-09-08,23:59:59,13.629,200
1982-11-28,23:59:59,0.521,200
1983-04-09,23:59:59,0.701,200
1984-06-18,23:59:59,18.770,200
1984-10-31,23:59:59,0.676,200
1985-09-22,23:59:59,0.698,200
1985-12-03,23:59:59,7.026,200
1986-01-28,23:59:59,19.696,200
1986-04-22,23:59:59,3.646,200
1986-04-30,23:59:59,10.732,200
1987-02-22,23:59:59,3.623,200
1987-06-17,23:59:59,13.667,200
1988-11-25,23:59:59,10.913,200
1989-06-18,23:59:59,4.654,200
1990-06-12,23:59:59,0.626,200
1990-12-03,23:59:59,0.550,200
1992-02-09,23:59:59,0.618,200
1992-02-13,23:59:59,1.594,200
1992-08-13,23:59:59,0.719,200
1993-04-23,23:59:59,5.780,200
1993-05-18,23:59:59,0.829,200
1993-08-18,23:59:59,14.751,200
1993-09-26,23:59:59,5.382,200
1993-12-20,23:59:59,0.700,200
1994-04-07,23:59:59,11.035,200
1994-06-19,23:59:59,2.999,200
1994-09-01,23:59:59,10.859,200
1994-09-17,23:59:59,0.886,200
1995-06-03,23:59:59,4.263,200
1995-06-08,23:59:59,4.255,200
1995-07-11,23:59:59,4.385,200
1996-04-20,23:59:59,17.460,200
1996-11-07,23:59:59,0.794,200
1997-01-27,23:59:59,2.867,200
1998-06-01,23:59:59,2.989,200
1998-08-21,23:59:59,12.847,200
1998-09-11,23:59:59,8.720,200
1999-07-02,23:59:59,15.626,200
2000-02-24,23:59:59,1.795,200
2000-05-15,23:59:59,1.654,200
2000-05-21,23:59:59,1.694,200
2003-06-06,23:59:59,10.999,200
2004-02-18,23:59:59,11.163,200
2004-04-17,23:59:59,2.444,200
2004-07-09,23:59:59,1.185,200
2005-11-08,23:59:59,3.397,200
2005-12-08,23:59:59,0.998,200
2006-04-02,23:59:59,7.005,200
2006-11-14,23:59:59,1.067,200
2007-11-13,23:59:59,1.205,200
2008-05-02,23:59:59,6.536,200
2008-11-03,23:59:59,1.097,200
2009-08-02,23:59:59,4.853,200
2010-04-22,23:59:59,8.567,200
2010-05-15,23:59:59,1.297,200
2011-07-01,23:59:59,15.974,200
2011-09-12,23:59:59,1.224,200
2012-04-16,23:59:59,7.532,200
2012-04-26,23:59:59,6.573,200
2013-03-07,23:59:59,15.758,200
2013-09-16,23:59:59,1.023,200
2014-04-30,23:59:59,11.849,200
2014-05-27,23:59:59,1.043,200
2015-04-24,23:59:59,2.032,200
2015-08-30,23:59:59,6.885,200
2015-11-08,23:59:59,5.143,200
2016-02-19,23:59:59,1.206,200
2016-05-13,23:59:59,1.130,200
2017-07-25,23:59:59,3.283,200
2017-09-27,23:59:59,1.045,200
2018-03-27,23:59:59,2.915,200
2018-06-03,23:59:59,9.883,200
2019-11-16,23:59:59,1.022,200
2020-05-18,23:59:59,17.013,200
2020-08-06,23:59:59,1.426,200
2020-12-11,23:59:59,4.986,200
2021-01-21,23:59:59,1.073,200
2021-04-06,23:59:59,6.570,200
2021-09-29,23:59:59,1.101,200
2021-12-24,23:59:59,1.190,200
2022-04-04,23:59:59,8.700,200
2022-05-04,23:59:59,8.712,200
2023-01-16,23:59:59,1.487,200
2024-11-23,23:59:59,9.434,200
1981-06-21,23:59:59,6.792,200
1981-08-20,23:59:59,17.389,200
1982-02-12,23:59:59,2.947,200
1983-01-25,23:59:59,0.636,200
1983-08-26,23:59:59,13.882,200
1983-10-05,23:59:59,0.807,200
1984-04-03,23:59:59,4.555,200
1984-04-21,23:59:59,4.475,200
1984-08-05,23:59:59,0.689,200
1985-07-02,23:59:59,0.685,200
1985-07-31,23:59:59,2.774,200
1985-11-11,23:59:59,0.690,200
1985-11-19,23:59:59,7.604,200
1986-01-03,23:59:59,15.845,200
1986-12-01,23:59:59,8.125,200
1987-01-19,23:59:59,0.651,200
1987-02-15,23:59:59,3.618,200
1987-03-17,23:59:59,8.830,200
1987-12-15,23:59:59,4.587,200
1988-01-31,23:59:59,0.690,200
1988-05-07,23:59:59,7.977,200
1988-05-11,23:59:59,7.909,200
1990-03-09,23:59:59,0.584,200
1990-05-16,23:59:59,0.632,200
1992-09-27,23:59:59,9.334,200
1993-01-20,23:59:59,0.832,200
1993-03-31,23:59:59,5.120,200
1993-04-09,23:59:59,1.133,200
1993-10-30,23:59:59,0.665,200
1995-05-19,23:59:59,0.832,200
1995-07-31,23:59:59,11.342,200
1996-05-27,23:59:59,4.527,200
1996-07-07,23:59:59,12.935,200
1996-11-25,23:59:59,10.151,200
1997-05-16,23:59:59,5.552,200
1997-11-25,23:59:59,0.768,200
1997-12-22,23:59:59,4.663,200
1998-03-30,23:59:59,11.018,200
1998-10-13,23:59:59,4.051,200
2000-06-29,23:59:59,17.460,200
2001-09-19,23:59:59,0.759,200
2001-11-29,23:59:59,0.862,200
2002-01-07,23:59:59,0.882,200
2002-07-01,23:59:59,8.520,200
2002-10-08,23:59:59,0.798,200
2003-01-26,23:59:59,13.857,200
2003-02-01,23:59:59,2.065,200
2003-06-12,23:59:59,13.975,200
2003-07-03,23:59:59,0.789,200
2003-09-23,23:59:59,0.738,200
2003-11-12,23:59:59,0.777,200
2004-02-02,23:59:59,0.859,200
2004-06-13,23:59:59,17.045,200
2004-07-06,23:59:59,1.188,200
2004-12-18,23:59:59,0.669,200
2005-01-16,23:59:59,0.701,200
2005-05-07,23:59:59,4.862,200
2005-08-06,23:59:59,2.670,200
2005-08-25,23:59:59,0.976,200
2005-12-17,23:59:59,1.013,200
2007-05-03,23:59:59,17.092,200
2007-09-03,23:59:59,10.685,200
2007-12-19,23:59:59,1.081,200
2008-07-19,23:59:59,1.171,200
2009-01-20,23:59:59,2.814,200
2009-07-29,23:59:59,12.362,200
2010-01-23,23:59:59,3.445,200
2010-04-30,23:59:59,1.252,200
2010-06-05,23:59:59,10.963,200
2013-05-02,23:59:59,5.407,200
2014-02-11,23:59:59,16.793,200
2014-11-07,23:59:59,0.986,200
2015-04-09,23:59:59,7.550,200
2018-02-07,23:59:59,0.848,200
2019-06-22,23:59:59,17.432,200
2021-08-16,23:59:59,7.789,200
2022-02-14,23:59:59,1.188,200
2023-05-20,23:59:59,1.097,200
2023-09-07,23:59:59,2.958,200
2023-12-01,23:59:59,4.621,200
2024-04-20,23:59:59,1.130,200
2024-05-16,23:59:59,9.085,200
1981-01-24,23:59:59,4.093,200
1981-06-30,23:59:59,12.674,200
1981-10-05,23:59:59,0.662,200
1981-12-07,23:59:59,0.640,200
1983-01-23,23:59:59,0.632,200
1983-04-28,23:59:59,18.700,200
1983-10-09,23:59:59,20.291,200
1984-01-19,23:59:59,8.867,200
1984-05-26,23:59:59,3.676,200
1985-07-13,23:59:59,0.684,200
1985-10-04,23:59:59,0.725,200
1985-10-27,23:59:59,0.720,200
1985-11-18,23:59:59,16.385,200
1985-12-06,23:59:59,14.496,200
1986-04-20,23:59:59,4.460,200
1988-07-17,23:59:59,0.641,200
1988-07-25,23:59:59,0.660,200
1988-08-17,23:59:59,16.434,200
1988-09-26,23:59:59,0.603,200
1989-08-06,23:59:59,16.066,200
1990-01-10,23:59:59,0.553,200
1990-02-11,23:59:59,0.558,200
1990-04-02,23:59:59,0.605,200
1990-04-14,23:59:59,0.615,200
1991-03-19,23:59:59,0.717,200
1991-10-17,23:59:59,2.411,200
1992-09-08,23:59:59,6.388,200
1992-10-30,23:59:59,0.708,200
1993-04-06,23:59:59,4.496,200
1993-08-02,23:59:59,9.718,200
1994-07-22,23:59:59,12.547,200
1995-12-22,23:59:59,18.153,200
1996-01-03,23:59:59,18.145,200
1996-09-26,23:59:59,4.890,200
1998-09-30,23:59:59,0.803,200
2001-03-09,23:59:59,6.012,200
2002-07-31,23:59:59,17.016,200
2002-08-25,23:59:59,1.197,200
2002-10-10,23:59:59,0.798,200
2003-01-07,23:59:59,9.821,200
2003-08-22,23:59:59,1.119,200
2003-08-26,23:59:59,1.115,200
2003-11-08,23:59:59,0.773,200
2004-02-13,23:59:59,3.221,200
2004-05-02,23:59:59,8.596,200
2004-08-09,23:59:59,16.693,200
2004-11-26,23:59:59,0.661,200
2005-03-03,23:59:59,10.389,200
2005-05-03,23:59:59,13.808,200
2005-08-29,23:59:59,0.977,200
2007-04-16,23:59:59,9.059,200
2008-10-11,23:59:59,1.137,200
2009-03-02,23:59:59,2.870,200
2009-05-27,23:59:59,15.338,200
2009-10-04,23:59:59,3.302,200
2009-11-02,23:59:59,3.898,200
2011-04-28,23:59:59,3.891,200
2011-07-22,23:59:59,6.663,200
2011-09-26,23:59:59,2.800,200
2011-10-10,23:59:59,4.591,200
2011-10-26,23:59:59,1.123,200
2011-11-20,23:59:59,1.104,200
2012-02-24,23:59:59,1.307,200
2012-03-05,23:59:59,0.763,200
2012-06-08,23:59:59,8.484,200
2012-09-01,23:59:59,2.688,200
2012-10-02,23:59:59,0.281,200
2013-05-17,23:59:59,7.179,200
2013-06-11,23:59:59,5.450,200
2013-07-26,23:59:59,9.524,200
2014-02-18,23:59:59,16.567,200
2014-05-15,23:59:59,11.879,200
2014-10-26,23:59:59,1.454,200
2015-02-19,23:59:59,13.710,200
2015-04-23,23:59:59,2.037,200
2015-12-24,23:59:59,2.335,200
2016-02-12,23:59:59,3.258,200
2017-09-09,23:59:59,1.100,200
2018-11-29,23:59:59,1.020,200
2020-02-22,23:59:59,10.029,200
2021-03-06,23:59:59,1.728,200
2021-06-12,23:59:59,8.869,200
2022-06-23,23:59:59,16.510,200
2022-12-25,23:59:59,6.623,200
2024-02-22,23:59:59,1.115,200
2024-08-10,23:59:59,1.448,200
2024-09-06,23:59:59,1.074,200
1980-03-29,23:59:59,1.531,200
1980-09-28,23:59:59,13.473,200
1981-01-25,23:59:59,2.641,200
1981-05-03,23:59:59,6.867,200
1981-08-06,23:59:59,13.162,200
1981-11-15,23:59:59,0.620,200
1982-01-11,23:59:59,0.559,200
1982-02-28,23:59:59,2.571,200
1982-08-27,23:59:59,18.231,200
1983-02-13,23:59:59,0.685,200
1986-02-26,23:59:59,0.748,200
1987-02-07,23:59:59,0.724,200
1987-06-12,23:59:59,7.074,200
1987-12-20,23:59:59,4.560,200
1987-12-21,23:59:59,4.566,200
1988-01-29,23:59:59,1.118,200
1988-05-01,23:59:59,1.481,200
1989-05-03,23:59:59,0.659,200
1989-10-24,23:59:59,4.153,200
1990-11-19,23:59:59,3.512,200
1991-07-26,23:59:59,15.297,200
1994-08-25,23:59:59,7.948,200
1995-06-15,23:59:59,16.733,200
1996-08-03,23:59:59,4.735,200
1997-01-28,23:59:59,8.162,200
1997-05-12,23:59:59,3.891,200
1999-05-16,23:59:59,0.891,200
1999-06-27,23:59:59,13.829,200
2000-03-05,23:59:59,1.389,200
2000-09-25,23:59:59,1.539,200
2002-04-10,23:59:59,16.613,200
2002-09-01,23:59:59,5.267,200
2002-09-02,23:59:59,4.222,200
2002-09-06,23:59:59,0.775,200
2003-04-10,23:59:59,6.187,200
2003-07-15,23:59:59,15.957,200
2003-11-04,23:59:59,0.768,200
2004-06-16,23:59:59,9.162,200
2004-10-23,23:59:59,0.758,200
2006-02-20,23:59:59,1.040,200
2006-11-18,23:59:59,1.090,200
2007-06-07,23:59:59,1.044,200
2008-10-06,23:59:59,1.125,200
2009-07-02,23:59:59,16.342,200
2009-08-22,23:59:59,7.829,200
2009-09-18,23:59:59,1.848,200
2009-12-08,23:59:59,1.136,200
2010-03-21,23:59:59,2.748,200
2010-07-01,23:59:59,16.542,200
2010-07-18,23:59:59,14.422,200
2010-09-06,23:59:59,1.569,200
2010-10-04,23:59:59,1.105,200
2011-03-29,23:59:59,5.482,200
2012-06-20,23:59:59,10.278,200
2012-06-25,23:59:59,8.830,200
2012-10-28,23:59:59,0.813,200
2013-10-23,23:59:59,1.060,200
2014-02-08,23:59:59,13.663,200
2014-02-21,23:59:59,16.568,200
2014-04-27,23:59:59,3.006,200
2015-07-16,23:59:59,15.932,200
2015-12-06,23:59:59,2.701,200
2016-11-14,23:59:59,0.986,200
2017-02-19,23:59:59,0.990,200
2017-05-25,23:59:59,6.998,200
2017-11-20,23:59:59,4.988,200
2018-02-09,23:59:59,1.820,200
2018-07-05,23:59:59,16.126,200
2018-12-06,23:59:59,1.015,200
2019-02-27,23:59:59,7.295,200
2019-07-07,23:59:59,16.390,200
2019-10-18,23:59:59,0.928,200
2020-01-07,23:59:59,1.901,200
2021-01-06,23:59:59,1.078,200
2021-02-04,23:59:59,3.087,200
2021-03-11,23:59:59,4.376,200
2021-03-13,23:59:59,3.113,200
2021-09-01,23:59:59,3.032,200
2022-03-21,23:59:59,3.391,200
2022-07-12,23:59:59,7.908,200
2022-09-15,23:59:59,7.876,200
2023-06-23,23:59:59,17.049,200
2023-08-09,23:59:59,10.967,200
2024-08-09,23:59:59,4.141,200
2024-09-04,23:59:59,1.085,200
2024-10-16,23:59:59,1.075,200
1980-02-13,23:59:59,5.560,200
1980-05-11,23:59:59,8.484,200
1981-06-22,23:59:59,6.792,200
1981-10-06,23:59:59,0.662,200
1982-03-08,23:59:59,8.126,200
1983-01-27,23:59:59,0.636,200
1983-12-27,23:59:59,5.387,200
1984-03-23,23:59:59,3.855,200
1984-05-23,23:59:59,8.904,200
1984-10-24,23:59:59,0.678,200
1985-03-16,23:59:59,2.862,200
1985-12-27,23:59:59,3.673,200
1986-02-15,23:59:59,0.766,200
1987-06-06,23:59:59,13.933,200
1989-03-17,23:59:59,5.593,200
1989-08-07,23:59:59,16.147,200
1990-03-06,23:59:59,0.577,200
1990-06-04,23:59:59,0.616,200
1990-08-08,23:59:59,16.235,200
1990-09-17,23:59:59,0.907,200
1991-04-17,23:59:59,0.639,200
1991-06-20,23:59:59,12.009,200
1991-07-21,23:59:59,15.640,200
1992-02-11,23:59:59,0.617,200
1992-05-07,23:59:59,7.610,200
1992-11-03,23:59:59,0.713,200
1993-03-22,23:59:59,6.610,200
1994-10-29,23:59:59,6.943,200
1996-05-22,23:59:59,0.930,200
1996-06-01,23:59:59,8.220,200
1996-10-07,23:59:59,0.843,200
1996-11-02,23:59:59,0.789,200
1997-01-20,23:59:59,14.575,200
1998-02-21,23:59:59,6.360,200
1998-04-24,23:59:59,4.264,200
1998-12-13,23:59:59,1.296,200
1999-08-21,23:59:59,3.907,200
2001-03-29,23:59:59,1.217,200
2002-10-22,23:59:59,0.800,200
2003-04-03,23:59:59,5.463,200
2003-09-30,23:59:59,0.757,200
2004-04-22,23:59:59,2.955,200
2005-03-26,23:59:59,1.109,200
2006-08-20,23:59:59,1.866,200
2007-04-03,23:59:59,8.527,200
2007-05-30,23:59:59,5.941,200
2007-09-27,23:59:59,1.146,200
2008-09-21,23:59:59,1.072,200
2010-11-23,23:59:59,4.878,200
2012-11-09,23:59:59,0.517,200
2013-09-22,23:59:59,1.007,200
2013-11-25,23:59:59,3.121,200
2014-01-18,23:59:59,3.017,200
2015-06-06,23:59:59,8.487,200
2015-07-28,23:59:59,16.152,200
2016-01-22,23:59:59,3.643,200
2016-12-10,23:59:59,0.967,200
2017-07-12,23:59:59,7.791,200
2018-03-29,23:59:59,1.110,200
2018-12-05,23:59:59,1.014,200
2019-03-16,23:59:59,4.677,200
2019-07-26,23:59:59,15.662,200
2019-12-11,23:59:59,0.921,200
2020-02-11,23:59:59,2.683,200
2020-08-08,23:59:59,7.946,200
2021-10-10,23:59:59,7.022,200
2022-08-05,23:59:59,1.046,200
2023-08-20,23:59:59,9.113,200
2024-02-13,23:59:59,1.096,200
2024-06-28,23:59:59,16.379,200
1980-01-07,23:59:59,1.320,200
1980-02-02,23:59:59,5.560,200
1980-10-17,23:59:59,12.995,200
1981-05-22,23:59:59,6.354,200
1981-09-05,23:59:59,18.263,200
1981-10-31,23:59:59,0.662,200
1982-03-16,23:59:59,10.056,200
1982-04-26,23:59:59,3.331,200
1982-10-25,23:59:59,0.572,200
1983-02-18,23:59:59,0.619,200
1984-03-04,23:59:59,1.971,200
1984-04-19,23:59:59,4.543,200
1985-05-13,23:59:59,4.513,200
1987-03-22,23:59:59,2.480,200
1987-09-19,23:59:59,0.598,200
1988-02-07,23:59:59,0.666,200
1989-07-06,23:59:59,7.811,200
1989-11-09,23:59:59,0.477,200
1990-07-05,23:59:59,6.112,200
1991-01-23,23:59:59,4.584,200
1991-01-25,23:59:59,4.963,200
1991-12-07,23:59:59,1.709,200
1992-01-06,23:59:59,3.202,200
1992-05-31,23:59:59,2.420,200
1992-09-13,23:59:59,7.086,200
1993-01-21,23:59:59,0.835,200
1993-05-29,23:59:59,0.815,200
1995-02-05,23:59:59,0.973,200
1995-07-15,23:59:59,16.870,200
1996-11-22,23:59:59,7.085,200
1998-04-03,23:59:59,5.381,200
1998-11-24,23:59:59,1.641,200
1999-04-22,23:59:59,0.881,200
2000-08-31,23:59:59,16.413,200
2001-05-22,23:59:59,2.143,200
2001-12-28,23:59:59,0.883,200
2002-01-14,23:59:59,0.885,200
2002-09-20,23:59:59,0.892,200
2002-11-05,23:59:59,4.609,200
2003-04-20,23:59:59,5.468,200
2004-07-19,23:59:59,3.524,200
2004-08-22,23:59:59,16.854,200
2004-09-08,23:59:59,17.154,200
2005-02-01,23:59:59,0.723,200
2006-05-18,23:59:59,1.055,200
2006-11-07,23:59:59,1.047,200
2006-11-24,23:59:59,1.098,200
2006-12-28,23:59:59,1.118,200
2007-09-08,23:59:59,4.709,200
2007-12-10,23:59:59,1.046,200
2008-04-03,23:59:59,8.322,200
2008-04-04,23:59:59,8.310,200
2008-11-30,23:59:59,1.167,200
2009-06-15,23:59:59,12.524,200
2010-04-11,23:59:59,3.355,200
2010-07-10,23:59:59,15.513,200
2010-07-26,23:59:59,16.413,200
2011-04-02,23:59:59,10.766,200
2011-05-05,23:59:59,12.643,200
2011-10-16,23:59:59,1.711,200
2012-03-08,23:59:59,1.176,200
2012-05-12,23:59:59,6.176,200
2012-06-27,23:59:59,14.696,200
2013-07-07,23:59:59,1.108,200
2014-08-08,23:59:59,1.075,200
2014-11-02,23:59:59,2.683,200
2014-11-21,23:59:59,2.988,200
2015-02-14,23:59:59,10.849,200
2016-04-20,23:59:59,7.183,200
2016-09-15,23:59:59,2.995,200
2016-09-29,23:59:59,3.733,200
2016-10-02,23:59:59,2.983,200
2016-12-12,23:59:59,0.968,200
2017-05-03,23:59:59,5.879,200
2017-05-09,23:59:59,4.456,200
2017-10-28,23:59:59,3.777,200
2017-11-15,23:59:59,4.955,200
2017-11-28,23:59:59,5.240,200
2018-02-11,23:59:59,2.190,200
2019-05-28,23:59:59,1.078,200
2019-11-15,23:59:59,1.017,200
2020-02-15,23:59:59,2.649,200
2020-03-12,23:59:59,2.046,200
2020-11-13,23:59:59,0.968,200
2021-06-21,23:59:59,3.451,200
2021-09-06,23:59:59,4.974,200
2021-12-25,23:59:59,1.190,200
2022-05-01,23:59:59,2.257,200
2022-12-27,23:59:59,4.873,200
2023-02-01,23:59:59,13.086,200
2023-03-01,23:59:59,13.609,200
2023-08-27,23:59:59,11.385,200
2024-02-01,23:59:59,1.093,200
2024-06-15,23:59:59,14.359,200
1980-02-19,23:59:59,5.560,200
1980-04-25,23:59:59,17.899,200
1980-11-05,23:59:59,0.879,200
1980-12-17,23:59:59,1.362,200
1983-02-04,23:59:59,0.632,200
1984-04-08,23:59:59,4.510,200
1984-06-04,23:59:59,8.814,200
1985-10-03,23:59:59,0.722,200
1985-10-14,23:59:59,0.704,200
1986-06-13,23:59:59,20.006,200
1986-07-16,23:59:59,3.726,200
1986-11-04,23:59:59,0.706,200
1987-02-04,23:59:59,0.728,200
1987-06-16,23:59:59,16.367,200
1988-02-12,23:59:59,0.665,200
1988-03-26,23:59:59,1.132,200
1988-08-24,23:59:59,16.169,200
1988-10-28,23:59:59,17.251,200
1989-06-05,23:59:59,2.433,200
1989-11-26,23:59:59,0.469,200
1990-03-17,23:59:59,0.622,200
1990-10-12,23:59:59,0.593,200
1991-03-21,23:59:59,0.720,200
1992-06-15,23:59:59,16.799,200
1992-06-16,23:59:59,16.816,200
1992-09-16,23:59:59,9.336,200
1993-02-07,23:59:59,2.776,200
1993-06-26,23:59:59,10.204,200
1994-09-12,23:59:59,12.827,200
1994-10-23,23:59:59,12.106,200
1995-03-27,23:59:59,0.919,200
1995-10-03,23:59:59,0.896,200
1995-11-14,23:59:59,8.544,200
1996-01-31,23:59:59,3.092,200
1997-03-04,23:59:59,0.837,200
1997-04-28,23:59:59,0.910,200
1997-08-09,23:59:59,5.212,200
1997-12-24,23:59:59,0.823,200
1998-04-17,23:59:59,4.284,200
1998-05-24,23:59:59,8.518,200
1999-04-28,23:59:59,2.908,200
1999-06-09,23:59:59,9.526,200
1999-07-17,23:59:59,7.083,200
1999-07-20,23:59:59,17.082,200
1999-12-30,23:59:59,2.027,200
2000-04-22,23:59:59,1.299,200
2000-07-01,23:59:59,17.391,200
2000-09-15,23:59:59,10.298,200
2001-04-23,23:59:59,8.369,200
2001-05-13,23:59:59,1.328,200
2002-03-11,23:59:59,3.591,200
2003-01-29,23:59:59,17.588,200
2004-01-24,23:59:59,0.833,200
2004-11-10,23:59:59,0.631,200
2005-01-18,23:59:59,0.705,200
2005-03-08,23:59:59,1.057,200
2005-05-01,23:59:59,3.315,200
2006-01-17,23:59:59,1.055,200
2006-01-21,23:59:59,1.052,200
2006-02-23,23:59:59,1.975,200
2006-04-23,23:59:59,2.272,200
2006-12-06,23:59:59,1.134,200
2006-12-12,23:59:59,1.106,200
2007-05-15,23:59:59,17.237,200
2007-08-12,23:59:59,1.693,200
2010-03-12,23:59:59,3.867,200
2010-03-30,23:59:59,5.697,200
2010-12-30,23:59:59,1.172,200
2011-04-14,23:59:59,9.993,200
2011-10-03,23:59:59,1.221,200
2011-12-02,23:59:59,1.122,200
2012-04-14,23:59:59,7.565,200
2012-08-14,23:59:59,7.657,200
2013-05-23,23:59:59,10.068,200
2013-05-31,23:59:59,11.990,200
2014-06-23,23:59:59,16.645,200
2015-09-03,23:59:59,2.948,200
2015-12-22,23:59:59,1.878,200
2016-02-28,23:59:59,1.105,200
2016-08-28,23:59:59,16.524,200
2016-12-01,23:59:59,0.996,200
2017-02-04,23:59:59,2.378,200
2017-02-12,23:59:59,0.985,200
2017-04-23,23:59:59,6.498,200
2018-02-25,23:59:59,1.055,200
2018-03-10,23:59:59,2.015,200
2018-11-12,23:59:59,1.001,200
2019-04-25,23:59:59,6.229,200
2019-07-02,23:59:59,17.217,200
2019-10-13,23:59:59,0.926,200
2020-02-29,23:59:59,17.390,200
2021-03-30,23:59:59,5.605,200
2022-08-22,23:59:59,1.066,200
2022-08-25,23:59:59,1.061,200
2023-08-03,23:59:59,9.107,200
2023-11-30,23:59:59,3.493,200
2024-04-02,23:59:59,1.086,200
1980-01-19,23:59:59,1.436,200
1980-07-09,23:59:59,8.350,200
1980-08-11,23:59:59,8.665,200
1981-01-17,23:59:59,4.101,200
1981-11-17,23:59:59,0.620,200
1982-04-15,23:59:59,4.813,200
1982-04-27,23:59:59,11.851,200
1983-01-28,23:59:59,0.636,200
1984-06-19,23:59:59,18.703,200
1985-03-02,23:59:59,2.880,200
1986-03-20,23:59:59,8.873,200
1986-05-26,23:59:59,0.711,200
1987-08-08,23:59:59,15.976,200
1988-03-02,23:59:59,4.320,200
1988-04-07,23:59:59,2.514,200
1988-07-15,23:59:59,0.642,200
1988-08-07,23:59:59,16.665,200
1988-11-03,23:59:59,17.207,200
1989-04-01,23:59:59,8.050,200
1990-11-09,23:59:59,0.584,200
1991-09-11,23:59:59,4.204,200
1992-02-04,23:59:59,1.024,200
1992-08-16,23:59:59,0.997,200
1993-10-05,23:59:59,1.678,200
1993-11-23,23:59:59,0.678,200
1994-11-18,23:59:59,0.829,200
1994-12-06,23:59:59,0.866,200
1995-01-24,23:59:59,3.401,200
1995-11-03,23:59:59,17.258,200
1996-02-16,23:59:59,2.041,200
1996-03-15,23:59:59,3.498,200
1996-06-14,23:59:59,0.897,200
1997-04-20,23:59:59,0.725,200
1997-05-07,23:59:59,5.594,200
1997-06-07,23:59:59,14.102,200
1997-08-14,23:59:59,0.760,200
1997-10-12,23:59:59,0.697,200
1998-03-10,23:59:59,17.696,200
1998-07-05,23:59:59,6.050,200
1999-02-09,23:59:59,9.304,200
1999-03-08,23:59:59,8.353,200
1999-05-17,23:59:59,0.872,200
1999-07-12,23:59:59,14.772,200
2000-04-13,23:59:59,1.278,200
2001-11-23,23:59:59,0.857,200
2002-03-17,23:59:59,3.599,200
2002-11-13,23:59:59,4.218,200
2003-05-30,23:59:59,10.328,200
2003-06-08,23:59:59,6.066,200
2003-11-02,23:59:59,0.767,200
2004-04-29,23:59:59,8.845,200
2004-07-14,23:59:59,8.544,200
2004-09-25,23:59:59,17.163,200
2004-09-27,23:59:59,17.072,200
2005-01-06,23:59:59,0.669,200
2005-02-19,23:59:59,1.082,200
2006-02-14,23:59:59,1.034,200
2006-03-11,23:59:59,1.043,200
2006-05-16,23:59:59,1.056,200
2007-07-13,23:59:59,12.247,200
2008-03-07,23:59:59,1.154,200
2008-07-13,23:59:59,1.176,200
2008-10-08,23:59:59,1.136,200
2009-08-13,23:59:59,9.035,200
2011-01-26,23:59:59,4.893,200
2012-05-11,23:59:59,4.096,200
2012-09-20,23:59:59,1.229,200
2013-12-02,23:59:59,2.517,200
2014-02-06,23:59:59,12.307,200
2014-11-12,23:59:59,0.988,200
2015-01-15,23:59:59,5.658,200
2015-04-04,23:59:59,5.218,200
2016-05-16,23:59:59,1.122,200
2017-03-29,23:59:59,16.991,200
2017-03-30,23:59:59,7.665,200
2017-12-14,23:59:59,5.304,200
2020-01-17,23:59:59,1.438,200
2020-03-05,23:59:59,4.126,200
2020-12-08,23:59:59,4.961,200
2021-01-11,23:59:59,1.080,200
2022-02-21,23:59:59,1.708,200
2022-03-05,23:59:59,1.691,200
2022-08-03,23:59:59,1.047,200
2022-10-05,23:59:59,5.061,200
2023-11-26,23:59:59,1.084,200
2024-08-21,23:59:59,6.247,200
2024-09-21,23:59:59,1.097,200
2024-10-19,23:59:59,1.071,200
2024-11-12,23:59:59,1.086,200
1980-09-03,23:59:59,8.430,200
1981-04-19,23:59:59,6.571,200
1981-04-22,23:59:59,6.571,200
1982-12-02,23:59:59,0.511,200
1982-12-19,23:59:59,0.540,200
1983-11-29,23:59:59,9.193,200
1983-12-10,23:59:59,20.138,200
1983-12-23,23:59:59,5.405,200
1984-06-03,23:59:59,8.828,200
1985-02-23,23:59:59,2.849,200
1988-08-21,23:59:59,16.261,200
1989-07-14,23:59:59,2.761,200
1989-09-27,23:59:59,15.121,200
1990-01-16,23:59:59,0.552,200
1990-09-13,23:59:59,0.906,200
1990-11-28,23:59:59,0.570,200
1991-05-16,23:59:59,2.479,200
1991-09-23,23:59:59,4.304,200
1991-10-27,23:59:59,1.669,200
1991-12-16,23:59:59,4.585,200
1992-03-24,23:59:59,0.835,200
1992-10-07,23:59:59,10.753,200
1992-12-14,23:59:59,0.776,200
1993-02-26,23:59:59,4.910,200
1994-09-23,23:59:59,12.841,200
1995-05-28,23:59:59,0.917,200
1996-10-04,23:59:59,0.752,200
1997-12-19,23:59:59,1.260,200
1998-09-10,23:59:59,8.730,200
1999-01-23,23:59:59,9.271,200
1999-02-13,23:59:59,6.038,200
1999-02-25,23:59:59,6.007,200
1999-12-07,23:59:59,16.980,200
2000-02-04,23:59:59,0.835,200
2000-02-21,23:59:59,0.835,200
2000-08-21,23:59:59,16.890,200
2001-02-03,23:59:59,2.265,200
2001-05-11,23:59:59,1.876,200
2001-05-28,23:59:59,0.811,200
2002-04-28,23:59:59,5.978,200
2003-09-05,23:59:59,0.966,200
2003-10-06,23:59:59,0.759,200
2004-02-24,23:59:59,3.260,200
2004-07-31,23:59:59,13.483,200
2005-05-14,23:59:59,3.691,200
2006-01-01,23:59:59,1.030,200
2007-08-15,23:59:59,3.318,200
2009-08-10,23:59:59,12.363,200
2009-12-24,23:59:59,1.165,200
2010-04-16,23:59:59,4.131,200
2010-10-15,23:59:59,1.120,200
2011-12-18,23:59:59,1.163,200
2012-01-15,23:59:59,1.299,200
2012-09-10,23:59:59,1.232,200
2014-12-26,23:59:59,2.396,200
2016-04-18,23:59:59,14.074,200
2016-04-26,23:59:59,16.698,200
2018-03-02,23:59:59,1.064,200
2018-09-04,23:59:59,6.626,200
2018-09-26,23:59:59,4.383,200
2018-09-28,23:59:59,4.002,200
2019-04-28,23:59:59,1.088,200
2019-06-16,23:59:59,7.202,200
2020-01-01,23:59:59,1.917,200
2020-12-19,23:59:59,1.039,200
2021-04-23,23:59:59,1.580,200
2021-05-27,23:59:59,10.248,200
2022-04-14,23:59:59,3.190,200
2023-03-03,23:59:59,9.595,200
2023-04-07,23:59:59,1.469,200
2024-11-18,23:59:59,6.514,200
1980-01-10,23:59:59,1.344,200
1981-03-16,23:59:59,8.544,200
1981-10-15,23:59:59,0.629,200
1981-11-23,23:59:59,0.620,200
1982-02-19,23:59:59,3.278,200
1983-03-12,23:59:59,0.618,200
1983-10-03,23:59:59,0.818,200
1984-07-06,23:59:59,8.214,200
1984-09-14,23:59:59,0.650,200
1984-11-02,23:59:59,0.667,200
1985-12-21,23:59:59,4.473,200
1986-07-18,23:59:59,3.719,200
1986-12-19,23:59:59,1.710,200
1987-03-24,23:59:59,1.814,200
1987-03-25,23:59:59,0.826,200
1987-08-11,23:59:59,15.881,200
1987-11-03,23:59:59,0.618,200
1988-01-27,23:59:59,1.774,200
1989-11-25,23:59:59,0.467,200
1990-04-29,23:59:59,0.637,200
1990-07-04,23:59:59,6.170,200
1990-09-30,23:59:59,7.179,200
1990-12-07,23:59:59,0.551,200
1991-01-05,23:59:59,3.813,200
1991-06-25,23:59:59,11.777,200
1992-02-05,23:59:59,0.631,200
1992-03-18,23:59:59,0.829,200
1993-09-16,23:59:59,15.574,200
1994-08-16,23:59:59,8.046,200
1994-12-18,23:59:59,0.882,200
1995-05-09,23:59:59,4.626,200
1995-08-04,23:59:59,16.169,200
1995-10-06,23:59:59,0.901,200
1996-07-24,23:59:59,8.154,200
1996-12-23,23:59:59,1.480,200
1997-09-29,23:59:59,0.690,200
1997-12-18,23:59:59,0.823,200
1998-10-31,23:59:59,9.003,200
2000-10-26,23:59:59,5.642,200
2001-10-03,23:59:59,0.770,200
2001-11-25,23:59:59,0.860,200
2001-12-19,23:59:59,0.821,200
2002-04-27,23:59:59,5.433,200
2002-07-18,23:59:59,13.870,200
2003-11-14,23:59:59,0.778,200
2004-01-05,23:59:59,1.881,200
2004-01-09,23:59:59,0.807,200
2004-01-28,23:59:59,0.864,200
2004-10-30,23:59:59,0.762,200
2005-10-24,23:59:59,0.996,200
2006-01-15,23:59:59,1.052,200
2006-05-23,23:59:59,1.013,200
2007-03-24,23:59:59,5.989,200
2007-07-22,23:59:59,14.347,200
2008-04-13,23:59:59,8.987,200
2008-08-26,23:59:59,1.445,200
2009-08-05,23:59:59,8.297,200
2009-12-05,23:59:59,2.439,200
2011-05-06,23:59:59,8.433,200
2011-09-06,23:59:59,1.238,200
2011-11-15,23:59:59,1.105,200
2012-04-18,23:59:59,7.502,200
2012-04-19,23:59:59,6.583,200
2012-11-08,23:59:59,0.299,200
2013-06-16,23:59:59,7.727,200
2014-07-02,23:59:59,1.988,200
2014-08-07,23:59:59,1.073,200
2015-10-11,23:59:59,1.042,200
2015-11-21,23:59:59,1.003,200
2015-12-30,23:59:59,3.753,200
2016-12-30,23:59:59,0.966,200
2019-08-19,23:59:59,14.957,200
2020-03-02,23:59:59,10.348,200
2020-07-31,23:59:59,4.580,200
2020-09-09,23:59:59,6.789,200
2023-01-07,23:59:59,2.548,200
2023-07-21,23:59:59,14.192,200
2024-02-27,23:59:59,1.119,200
2024-12-18,23:59:59,3.411,200
1980-03-01,23:59:59,3.855,200
1981-06-28,23:59:59,12.674,200
1981-09-02,23:59:59,18.767,200
1981-12-04,23:59:59,0.640,200
1982-10-01,23:59:59,0.563,200
1982-11-15,23:59:59,0.510,200
1983-06-25,23:59:59,0.806,200
1984-05-20,23:59:59,8.605,200
1984-08-30,23:59:59,0.664,200
1984-09-09,23:59:59,0.652,200
1984-10-19,23:59:59,0.744,200
1985-05-19,23:59:59,2.821,200
1986-01-25,23:59:59,20.010,200
1986-04-27,23:59:59,6.361,200
1986-07-23,23:59:59,19.754,200
1986-09-26,23:59:59,0.634,200
1988-01-18,23:59:59,0.674,200
1988-06-30,23:59:59,0.682,200
1990-05-31,23:59:59,0.615,200
1991-06-04,23:59:59,7.757,200
1993-04-05,23:59:59,5.131,200
1993-08-16,23:59:59,13.839,200
1994-07-28,23:59:59,12.485,200
1995-04-07,23:59:59,0.937,200
1995-11-26,23:59:59,10.731,200
1996-01-29,23:59:59,2.374,200
1996-05-14,23:59:59,16.946,200
1997-07-25,23:59:59,13.452,200
1998-10-02,23:59:59,4.331,200
1999-09-25,23:59:59,0.752,200
2001-02-06,23:59:59,1.762,200
2002-07-21,23:59:59,14.992,200
2002-09-13,23:59:59,1.369,200
2002-10-12,23:59:59,1.260,200
2003-01-14,23:59:59,7.626,200
2003-03-03,23:59:59,0.846,200
2003-09-20,23:59:59,0.739,200
2003-10-26,23:59:59,0.760,200
2003-12-24,23:59:59,0.883,200
2004-02-17,23:59:59,7.135,200
2004-04-19,23:59:59,2.439,200
2004-05-14,23:59:59,1.906,200
2005-03-16,23:59:59,1.279,200
2005-04-16,23:59:59,1.043,200
2005-05-27,23:59:59,9.982,200
2005-10-04,23:59:59,0.999,200
2005-10-17,23:59:59,0.994,200
2005-11-10,23:59:59,0.987,200
2006-03-22,23:59:59,17.240,200
2008-02-29,23:59:59,1.141,200
2008-08-02,23:59:59,1.066,200
2009-01-26,23:59:59,2.564,200
2009-09-02,23:59:59,1.245,200
2009-12-11,23:59:59,1.147,200
2012-02-25,23:59:59,1.146,200
2012-06-21,23:59:59,13.583,200
2012-09-07,23:59:59,2.181,200
2013-11-21,23:59:59,1.176,200
2014-04-09,23:59:59,8.150,200
2014-05-10,23:59:59,1.518,200
2014-06-03,23:59:59,1.046,200
2014-06-11,23:59:59,3.994,200
2015-03-05,23:59:59,3.569,200
2015-05-17,23:59:59,1.147,200
2016-04-06,23:59:59,16.335,200
2016-08-25,23:59:59,12.260,200
2017-04-01,23:59:59,8.072,200
2017-11-12,23:59:59,2.952,200
2018-09-01,23:59:59,4.844,200
2018-12-28,23:59:59,1.020,200
2019-01-01,23:59:59,1.044,200
2019-01-30,23:59:59,2.722,200
2020-06-23,23:59:59,8.953,200
2020-07-27,23:59:59,10.496,200
2021-02-06,23:59:59,2.910,200
2021-06-20,23:59:59,1.632,200
2021-11-14,23:59:59,9.161,200
2022-02-28,23:59:59,16.600,200
2022-03-04,23:59:59,1.491,200
2023-03-04,23:59:59,16.065,200
2024-08-20,23:59:59,11.593,200
2024-10-07,23:59:59,1.040,200
1980-03-17,23:59:59,3.839,200
1980-11-19,23:59:59,1.467,200
1981-10-08,23:59:59,0.662,200
1981-12-08,23:59:59,0.640,200
1982-05-05,23:59:59,19.216,200
1983-07-15,23:59:59,10.573,200
1984-03-09,23:59:59,16.671,200
1984-06-17,23:59:59,18.841,200
1984-07-01,23:59:59,11.454,200
1985-06-29,23:59:59,0.683,200
1985-07-06,23:59:59,0.684,200
1986-10-28,23:59:59,0.674,200
1987-04-12,23:59:59,7.300,200
1987-05-07,23:59:59,3.551,200
1988-01-09,23:59:59,1.755,200
1988-02-04,23:59:59,0.686,200
1989-01-23,23:59:59,7.956,200
1989-05-13,23:59:59,2.454,200
1990-02-26,23:59:59,0.569,200
1990-04-15,23:59:59,0.611,200
1990-08-31,23:59:59,15.753,200
1991-12-04,23:59:59,1.716,200
1993-12-04,23:59:59,0.684,200
1994-07-08,23:59:59,3.429,200
1994-08-10,23:59:59,7.933,200
1994-10-12,23:59:59,12.490,200
1995-06-21,23:59:59,12.593,200
1995-06-26,23:59:59,12.542,200
1996-01-28,23:59:59,1.005,200
1996-10-14,23:59:59,0.766,200
1996-12-01,23:59:59,17.123,200
1996-12-24,23:59:59,1.483,200
1997-08-20,23:59:59,0.718,200
1999-04-21,23:59:59,4.960,200
1999-07-30,23:59:59,16.520,200
1999-08-12,23:59:59,10.568,200
2000-01-13,23:59:59,2.033,200
2000-02-11,23:59:59,4.716,200
2000-04-07,23:59:59,2.479,200
2000-08-22,23:59:59,16.831,200
2001-02-10,23:59:59,5.877,200
2001-10-15,23:59:59,0.775,200
2002-03-21,23:59:59,0.899,200
2002-04-17,23:59:59,6.834,200
2003-02-07,23:59:59,3.099,200
2003-05-08,23:59:59,7.606,200
2003-12-07,23:59:59,0.848,200
2004-06-10,23:59:59,17.250,200
2004-06-25,23:59:59,1.157,200
2004-09-19,23:59:59,12.606,200
2005-11-01,23:59:59,4.132,200
2007-04-07,23:59:59,2.710,200
2007-05-12,23:59:59,9.485,200
2007-06-17,23:59:59,8.229,200
2008-03-09,23:59:59,1.751,200
2008-03-27,23:59:59,8.445,200
2008-07-27,23:59:59,3.338,200
2008-11-10,23:59:59,1.104,200
2008-12-21,23:59:59,1.200,200
2009-05-18,23:59:59,17.060,200
2009-12-30,23:59:59,1.176,200
2010-04-15,23:59:59,3.121,200
2010-08-13,23:59:59,9.678,200
2010-09-16,23:59:59,1.097,200
2011-05-09,23:59:59,2.175,200
2012-05-28,23:59:59,3.412,200
2012-08-05,23:59:59,9.500,200
2013-01-04,23:59:59,10.714,200
2013-01-31,23:59:59,1.247,200
2013-05-01,23:59:59,8.385,200
2013-05-20,23:59:59,9.919,200
2013-06-20,23:59:59,4.803,200
2013-09-29,23:59:59,0.980,200
2013-10-13,23:59:59,0.975,200
2014-02-20,23:59:59,16.571,200
2014-12-30,23:59:59,3.239,200
2015-08-15,23:59:59,5.272,200
2015-12-16,23:59:59,0.998,200
2016-02-11,23:59:59,2.503,200
2017-01-18,23:59:59,3.857,200
2017-02-02,23:59:59,0.985,200
2018-07-09,23:59:59,1.064,200
2018-09-19,23:59:59,0.974,200
2020-01-09,23:59:59,3.791,200
2020-06-04,23:59:59,14.284,200
2020-11-03,23:59:59,0.922,200
2021-01-26,23:59:59,1.139,200
2021-03-24,23:59:59,11.436,200
2021-06-15,23:59:59,1.143,200
2021-12-26,23:59:59,3.279,200
2022-01-16,23:59:59,11.035,200
2022-10-08,23:59:59,7.286,200
2024-01-27,23:59:59,1.102,200
2024-10-13,23:59:59,1.079,200
2024-11-22,23:59:59,9.012,200
1980-01-13,23:59:59,1.436,200
1980-03-15,23:59:59,3.839,200
1980-08-02,23:59:59,8.665,200
1981-02-01,23:59:59,1.476,200
1982-05-20,23:59:59,12.775,200
1982-06-28,23:59:59,18.227,200
1982-07-07,23:59:59,17.749,200
1983-04-30,23:59:59,13.423,200
1984-02-12,23:59:59,8.847,200
1984-04-15,23:59:59,4.548,200
1984-10-10,23:59:59,17.467,200
1985-03-17,23:59:59,2.872,200
1985-07-15,23:59:59,0.675,200
1985-08-22,23:59:59,4.143,200
1986-01-13,23:59:59,3.786,200
1986-02-01,23:59:59,5.287,200
1986-08-17,23:59:59,19.739,200
1987-12-02,23:59:59,4.595,200
1988-01-21,23:59:59,3.215,200
1988-10-23,23:59:59,17.302,200
1989-01-03,23:59:59,4.685,200
1989-08-08,23:59:59,16.180,200
1990-01-09,23:59:59,0.552,200
1990-04-07,23:59:59,0.609,200
1990-06-25,23:59:59,4.457,200
1991-02-18,23:59:59,12.406,200
1991-04-15,23:59:59,0.640,200
1991-09-16,23:59:59,0.554,200
1992-12-28,23:59:59,0.790,200
1993-01-02,23:59:59,0.817,200
1993-01-16,23:59:59,0.818,200
1993-02-23,23:59:59,3.362,200
1994-02-01,23:59:59,4.512,200
1994-03-08,23:59:59,0.843,200
1994-07-18,23:59:59,12.698,200
1994-08-20,23:59:59,3.811,200
1995-06-29,23:59:59,12.426,200
1995-07-17,23:59:59,14.755,200
1996-11-14,23:59:59,17.370,200
1998-11-07,23:59:59,4.430,200
1999-05-18,23:59:59,0.863,200
1999-12-11,23:59:59,17.349,200
2001-09-20,23:59:59,0.759,200
2001-11-24,23:59:59,0.858,200
2002-01-18,23:59:59,11.298,200
2002-05-07,23:59:59,10.926,200
2002-08-02,23:59:59,16.890,200
2002-12-14,23:59:59,0.856,200
2004-06-11,23:59:59,17.178,200
2005-01-23,23:59:59,0.713,200
2005-04-28,23:59:59,16.849,200
2006-04-11,23:59:59,7.215,200
2006-10-02,23:59:59,1.046,200
2006-12-31,23:59:59,1.124,200
2007-03-19,23:59:59,1.612,200
2007-12-14,23:59:59,3.280,200
2008-04-14,23:59:59,7.541,200
2008-05-10,23:59:59,2.688,200
2009-05-06,23:59:59,7.620,200
2009-07-18,23:59:59,1.979,200
2010-09-15,23:59:59,1.096,200
2010-12-06,23:59:59,4.818,200
2011-02-24,23:59:59,2.866,200
2011-03-15,23:59:59,3.158,200
2011-05-01,23:59:59,14.562,200
2011-07-24,23:59:59,10.140,200
2011-12-04,23:59:59,2.274,200
2013-02-17,23:59:59,2.641,200
2014-07-11,23:59:59,15.673,200
2015-02-26,23:59:59,17.016,200
2017-01-17,23:59:59,3.891,200
2017-06-23,23:59:59,1.028,200
2019-02-17,23:59:59,9.802,200
2019-03-14,23:59:59,14.025,200
2019-07-09,23:59:59,17.290,200
2020-06-26,23:59:59,12.678,200
2021-07-27,23:59:59,7.713,200
2024-06-02,23:59:59,7.373,200
2024-06-16,23:59:59,14.371,200
2024-06-21,23:59:59,15.515,200
1981-02-02,23:59:59,1.465,200
1981-06-11,23:59:59,6.354,200
1982-02-25,23:59:59,2.580,200
1982-11-05,23:59:59,0.540,200
1982-12-04,23:59:59,0.513,200
1983-06-11,23:59:59,4.479,200
1983-06-28,23:59:59,0.866,200
1983-10-14,23:59:59,16.838,200
1984-10-15,23:59:59,17.427,200
1984-12-26,23:59:59,19.700,200
1985-11-15,23:59:59,0.693,200
1986-10-13,23:59:59,0.627,200
1986-10-26,23:59:59,0.676,200
1987-09-22,23:59:59,0.598,200
1988-11-10,23:59:59,6.296,200
1988-12-06,23:59:59,3.959,200
1989-10-01,23:59:59,13.502,200
1991-04-14,23:59:59,0.637,200
1991-08-16,23:59:59,0.593,200
1992-05-05,23:59:59,5.916,200
1992-06-30,23:59:59,16.750,200
1993-01-03,23:59:59,0.804,200
1993-02-14,23:59:59,3.647,200
1993-03-15,23:59:59,6.414,200
1993-09-11,23:59:59,16.362,200
1993-11-12,23:59:59,0.765,200
1993-12-27,23:59:59,0.703,200
1994-01-31,23:59:59,7.197,200
1994-08-21,23:59:59,6.320,200
1995-06-06,23:59:59,4.260,200
1995-11-15,23:59:59,8.534,200
1996-03-11,23:59:59,6.017,200
1997-07-10,23:59:59,16.980,200
1998-03-12,23:59:59,17.589,200
1998-08-22,23:59:59,12.880,200
1998-12-08,23:59:59,3.571,200
2000-11-28,23:59:59,2.380,200
2001-09-28,23:59:59,0.767,200
2002-02-09,23:59:59,0.901,200
2002-02-20,23:59:59,2.074,200
2002-03-08,23:59:59,2.975,200
2002-08-28,23:59:59,1.197,200
2002-11-17,23:59:59,3.609,200
2003-03-12,23:59:59,2.476,200
2004-03-26,23:59:59,10.343,200
2004-04-28,23:59:59,4.478,200
2005-03-31,23:59:59,1.249,200
2005-12-04,23:59:59,0.992,200
2006-05-28,23:59:59,1.013,200
2007-06-15,23:59:59,8.232,200
2009-11-08,23:59:59,2.716,200
2011-09-13,23:59:59,1.221,200
2011-09-14,23:59:59,1.217,200
2011-09-18,23:59:59,1.216,200
2012-08-02,23:59:59,16.764,200
2012-08-22,23:59:59,5.706,200
2013-03-11,23:59:59,15.803,200
2013-05-27,23:59:59,10.083,200
2013-08-02,23:59:59,6.585,200
2013-10-16,23:59:59,0.967,200
2015-02-15,23:59:59,11.320,200
2016-02-26,23:59:59,1.182,200
2017-01-31,23:59:59,0.985,200
2017-03-27,23:59:59,14.865,200
2017-05-10,23:59:59,4.679,200
2018-05-11,23:59:59,3.059,200
2018-09-16,23:59:59,0.985,200
2018-11-27,23:59:59,1.020,200
2018-12-30,23:59:59,1.032,200
2019-05-15,23:59:59,1.061,200
2019-07-24,23:59:59,16.080,200
2019-08-10,23:59:59,7.178,200
2022-02-20,23:59:59,1.190,200
2023-03-22,23:59:59,1.148,200
2023-07-01,23:59:59,16.839,200
2023-08-01,23:59:59,12.649,200
2023-11-09,23:59:59,2.713,200
1980-07-15,23:59:59,8.665,200
1982-08-04,23:59:59,17.996,200
1983-06-10,23:59:59,4.500,200
1983-11-05,23:59:59,8.029,200
1983-11-21,23:59:59,20.222,200
1984-04-10,23:59:59,4.593,200
1985-02-25,23:59:59,2.852,200
1985-06-14,23:59:59,18.956,200
1985-06-20,23:59:59,0.738,200
1985-11-02,23:59:59,0.701,200
1985-11-03,23:59:59,0.698,200
1987-08-07,23:59:59,16.012,200
1987-08-18,23:59:59,15.601,200
1989-03-30,23:59:59,17.497,200
1989-06-22,23:59:59,4.585,200
1990-02-05,23:59:59,0.556,200
1990-12-01,23:59:59,0.553,200
1991-01-29,23:59:59,12.612,200
1992-04-30,23:59:59,7.219,200
1993-07-30,23:59:59,9.770,200
1993-10-07,23:59:59,0.680,200
1994-10-07,23:59:59,12.511,200
1994-12-04,23:59:59,0.857,200
1995-01-16,23:59:59,0.924,200
1995-04-27,23:59:59,0.953,200
1997-03-20,23:59:59,1.407,200
1997-03-30,23:59:59,0.843,200
1997-05-11,23:59:59,10.080,200
1998-02-03,23:59:59,3.919,200
1998-07-31,23:59:59,0.847,200
1999-02-18,23:59:59,6.001,200
2000-01-17,23:59:59,2.030,200
2000-03-14,23:59:59,1.396,200
2000-03-26,23:59:59,4.233,200
2001-02-12,23:59:59,11.479,200
2002-06-10,23:59:59,8.401,200
2002-09-08,23:59:59,0.776,200
2005-06-18,23:59:59,5.464,200
2006-06-12,23:59:59,3.292,200
2006-07-20,23:59:59,16.861,200
2007-12-18,23:59:59,1.076,200
2008-11-28,23:59:59,1.159,200
2009-02-13,23:59:59,1.609,200
2010-07-05,23:59:59,16.299,200
2011-07-04,23:59:59,6.654,200
2012-03-16,23:59:59,1.201,200
2012-08-08,23:59:59,13.816,200
2013-08-15,23:59:59,16.658,200
2013-12-05,23:59:59,5.294,200
2013-12-13,23:59:59,3.354,200
2014-01-26,23:59:59,4.924,200
2014-06-29,23:59:59,11.220,200
2014-08-01,23:59:59,2.381,200
2014-10-18,23:59:59,1.452,200
2015-07-08,23:59:59,16.221,200
2017-05-12,23:59:59,5.111,200
2017-05-14,23:59:59,4.701,200
2017-08-27,23:59:59,2.968,200
2019-10-20,23:59:59,0.925,200
2020-02-09,23:59:59,4.028,200
2020-04-28,23:59:59,3.264,200
2021-02-03,23:59:59,4.416,200
2021-11-13,23:59:59,10.569,200
2022-01-08,23:59:59,9.105,200
2024-06-10,23:59:59,10.996,200
2024-11-27,23:59:59,8.989,200
1980-05-30,23:59:59,1.531,200
1980-09-01,23:59:59,8.665,200
1981-07-24,23:59:59,13.139,200
1981-11-03,23:59:59,0.550,200
1983-07-24,23:59:59,7.912,200
1984-03-29,23:59:59,11.448,200
1984-05-17,23:59:59,8.677,200
1985-02-24,23:59:59,2.849,200
1985-10-22,23:59:59,6.063,200
1986-03-28,23:59:59,0.799,200
1986-06-22,23:59:59,10.793,200
1986-07-02,23:59:59,3.809,200
1986-11-01,23:59:59,0.672,200
1987-03-16,23:59:59,13.923,200
1987-06-29,23:59:59,6.145,200
1987-08-13,23:59:59,15.805,200
1988-03-16,23:59:59,11.116,200
1988-12-07,23:59:59,3.969,200
1990-12-12,23:59:59,0.570,200
1991-01-06,23:59:59,6.400,200
1991-01-09,23:59:59,10.782,200
1991-04-19,23:59:59,0.638,200
1991-08-23,23:59:59,0.547,200
1992-08-14,23:59:59,1.068,200
1992-11-01,23:59:59,0.713,200
1994-03-02,23:59:59,0.832,200
1994-03-13,23:59:59,2.620,200
1994-07-21,23:59:59,12.602,200
1995-11-28,23:59:59,3.179,200
1996-02-03,23:59:59,5.236,200
1996-03-21,23:59:59,1.796,200
1996-09-04,23:59:59,2.531,200
1997-04-25,23:59:59,0.911,200
1997-07-04,23:59:59,16.550,200
1998-05-18,23:59:59,8.551,200
1998-10-11,23:59:59,0.823,200
1998-11-11,23:59:59,2.894,200
1998-11-12,23:59:59,1.665,200
1999-02-20,23:59:59,2.925,200
1999-08-07,23:59:59,8.619,200
1999-08-09,23:59:59,7.017,200
1999-11-14,23:59:59,0.783,200
2000-03-06,23:59:59,1.976,200
2000-09-14,23:59:59,10.309,200
2001-07-23,23:59:59,6.672,200
2002-07-12,23:59:59,15.856,200
2002-12-26,23:59:59,6.916,200
2003-02-27,23:59:59,2.004,200
2003-07-09,23:59:59,13.954,200
2004-01-10,23:59:59,0.803,200
2004-01-12,23:59:59,0.806,200
2004-06-08,23:59:59,17.344,200
2004-11-01,23:59:59,0.762,200
2005-01-13,23:59:59,0.676,200
2005-03-28,23:59:59,1.109,200
2005-12-03,23:59:59,0.992,200
2006-01-28,23:59:59,1.062,200
2006-04-14,23:59:59,9.301,200
2006-10-15,23:59:59,1.081,200
2008-06-23,23:59:59,16.741,200
2008-09-23,23:59:59,1.076,200
2010-07-27,23:59:59,15.084,200
2010-08-05,23:59:59,13.474,200
2010-08-20,23:59:59,8.312,200
2010-08-23,23:59:59,3.366,200
2011-09-01,23:59:59,2.929,200
2011-11-17,23:59:59,1.104,200
2011-11-21,23:59:59,1.112,200
2013-01-03,23:59:59,11.233,200
2013-05-19,23:59:59,6.010,200
2013-07-15,23:59:59,1.078,200
2014-05-02,23:59:59,12.388,200
2014-10-22,23:59:59,1.457,200
2015-05-11,23:59:59,1.136,200
2016-05-07,23:59:59,1.905,200
2017-04-27,23:59:59,12.737,200
2018-01-03,23:59:59,2.353,200
2018-02-15,23:59:59,1.494,200
2018-12-16,23:59:59,1.538,200
2020-02-20,23:59:59,1.964,200
2020-06-20,23:59:59,3.052,200
2021-05-25,23:59:59,9.504,200
2021-07-08,23:59:59,1.139,200
2021-07-22,23:59:59,4.775,200
2023-08-26,23:59:59,11.409,200
2024-02-08,23:59:59,1.096,200
1980-04-21,23:59:59,6.261,200
1980-06-15,23:59:59,0.830,200
1980-07-08,23:59:59,8.350,200
1982-03-10,23:59:59,7.297,200
1982-06-10,23:59:59,5.537,200
1982-10-16,23:59:59,0.691,200
1983-05-20,23:59:59,13.202,200
1984-06-21,23:59:59,18.551,200
1984-07-14,23:59:59,8.167,200
1985-01-07,23:59:59,18.873,200
1985-04-25,23:59:59,0.888,200
1985-06-30,23:59:59,0.685,200
1986-04-05,23:59:59,2.854,200
1986-04-29,23:59:59,12.292,200
1986-08-14,23:59:59,18.539,200
1986-10-29,23:59:59,0.678,200
1987-03-10,23:59:59,16.056,200
1987-06-05,23:59:59,16.112,200
1988-01-17,23:59:59,0.673,200
1988-05-10,23:59:59,7.920,200
1988-06-01,23:59:59,7.636,200
1988-07-26,23:59:59,1.561,200
1988-09-02,23:59:59,1.964,200
1989-02-08,23:59:59,1.085,200
1991-01-19,23:59:59,4.586,200
1991-05-06,23:59:59,1.675,200
1993-11-26,23:59:59,0.680,200
1994-10-13,23:59:59,12.427,200
1994-12-24,23:59:59,0.887,200
1997-03-02,23:59:59,0.842,200
1997-09-28,23:59:59,0.690,200
1998-01-06,23:59:59,6.959,200
1998-04-07,23:59:59,4.312,200
1999-01-19,23:59:59,4.298,200
1999-03-06,23:59:59,4.894,200
1999-11-27,23:59:59,3.603,200
2000-12-22,23:59:59,0.842,200
2003-02-10,23:59:59,0.851,200
2003-02-20,23:59:59,0.852,200
2003-05-09,23:59:59,6.439,200
2003-12-06,23:59:59,0.836,200
2004-03-11,23:59:59,17.765,200
2005-02-10,23:59:59,17.112,200
2005-09-09,23:59:59,0.978,200
2006-04-20,23:59:59,4.138,200
2007-11-19,23:59:59,1.220,200
2008-01-06,23:59:59,2.109,200
2008-04-21,23:59:59,12.872,200
2008-10-26,23:59:59,1.169,200
2009-09-10,23:59:59,1.246,200
2010-01-02,23:59:59,2.461,200
2010-09-13,23:59:59,1.095,200
2012-06-24,23:59:59,3.771,200
2013-02-15,23:59:59,1.281,200
2013-06-03,23:59:59,1.106,200
2013-08-12,23:59:59,15.349,200
2014-04-23,23:59:59,8.586,200
2014-08-23,23:59:59,16.902,200
2014-11-10,23:59:59,0.986,200
2015-02-20,23:59:59,13.795,200
2015-04-16,23:59:59,15.796,200
2015-09-23,23:59:59,4.965,200
2015-10-05,23:59:59,2.898,200
2016-06-15,23:59:59,4.663,200
2018-04-21,23:59:59,1.086,200
2018-05-10,23:59:59,5.762,200
2018-10-13,23:59:59,0.992,200
2019-04-03,23:59:59,1.056,200
2019-07-25,23:59:59,17.076,200
2019-10-27,23:59:59,1.269,200
2020-07-15,23:59:59,9.674,200
2021-12-29,23:59:59,4.784,200
2023-04-03,23:59:59,4.694,200
2023-05-29,23:59:59,1.092,200
2024-05-14,23:59:59,1.236,200
1980-01-27,23:59:59,5.560,200
1980-07-17,23:59:59,8.665,200
1980-12-10,23:59:59,1.362,200
1981-05-23,23:59:59,6.354,200
1981-06-04,23:59:59,6.463,200
1981-12-23,23:59:59,0.611,200
1982-07-16,23:59:59,6.317,200
1983-07-22,23:59:59,4.523,200
1983-09-20,23:59:59,4.443,200
1983-11-08,23:59:59,12.477,200
1984-06-10,23:59:59,19.340,200
1984-10-18,23:59:59,0.787,200
1985-04-18,23:59:59,12.232,200
1986-06-03,23:59:59,7.019,200
1986-09-27,23:59:59,0.646,200
1987-01-20,23:59:59,0.652,200
1987-03-26,23:59:59,0.816,200
1988-04-08,23:59:59,2.509,200
1989-04-03,23:59:59,3.995,200
1990-03-04,23:59:59,0.576,200
1990-10-13,23:59:59,0.593,200
1991-01-15,23:59:59,4.579,200
1991-02-25,23:59:59,3.446,200
1991-07-17,23:59:59,15.842,200
1991-10-06,23:59:59,2.635,200
1992-02-21,23:59:59,5.481,200
1992-06-01,23:59:59,2.424,200
1992-07-08,23:59:59,0.772,200
1992-09-05,23:59:59,6.446,200
1993-12-29,23:59:59,0.712,200
1996-02-04,23:59:59,17.571,200
1996-11-26,23:59:59,8.818,200
1996-12-10,23:59:59,4.324,200
1997-02-21,23:59:59,0.832,200
1998-06-28,23:59:59,1.270,200
2000-02-05,23:59:59,0.837,200
2000-07-11,23:59:59,17.067,200
2000-10-09,23:59:59,1.584,200
2000-12-12,23:59:59,4.004,200
2001-02-23,23:59:59,5.550,200
2002-01-01,23:59:59,0.864,200
2003-06-23,23:59:59,12.324,200
2003-10-05,23:59:59,0.760,200
2003-10-20,23:59:59,0.757,200
2004-11-02,23:59:59,1.155,200
2004-11-11,23:59:59,0.624,200
2004-12-25,23:59:59,0.670,200
2006-03-24,23:59:59,10.802,200
2006-08-07,23:59:59,10.036,200
2006-11-16,23:59:59,1.071,200
2007-05-04,23:59:59,16.274,200
2007-08-31,23:59:59,4.582,200
2008-07-23,23:59:59,11.925,200
2009-03-24,23:59:59,5.485,200
2009-05-24,23:59:59,16.705,200
2009-10-24,23:59:59,4.801,200
2010-02-02,23:59:59,2.114,200
2010-03-25,23:59:59,2.763,200
2010-07-06,23:59:59,16.605,200
2011-04-04,23:59:59,6.738,200
2012-02-15,23:59:59,3.648,200
2012-05-01,23:59:59,5.975,200
2014-09-11,23:59:59,9.013,200
2015-03-28,23:59:59,7.115,200
2015-06-05,23:59:59,2.888,200
2016-04-08,23:59:59,15.878,200
2016-07-27,23:59:59,10.331,200
2017-02-01,23:59:59,0.986,200
2017-09-24,23:59:59,1.034,200
2020-10-12,23:59:59,0.958,200
2020-10-21,23:59:59,0.916,200
2021-01-15,23:59:59,3.008,200
2021-02-11,23:59:59,1.125,200
2021-05-20,23:59:59,6.089,200
2021-11-07,23:59:59,10.752,200
2021-11-30,23:59:59,3.083,200
2022-05-10,23:59:59,10.396,200
2022-06-28,23:59:59,10.778,200
2022-10-17,23:59:59,3.129,200
1981-02-19,23:59:59,0.686,200
1982-02-09,23:59:59,2.957,200
1982-09-14,23:59:59,0.624,200
1982-12-10,23:59:59,0.522,200
1982-12-30,23:59:59,0.552,200
1985-01-26,23:59:59,18.271,200
1986-03-16,23:59:59,8.916,200
1986-06-15,23:59:59,17.665,200
1986-06-20,23:59:59,7.023,200
1986-06-26,23:59:59,10.704,200
1986-12-20,23:59:59,2.112,200
1987-02-23,23:59:59,3.628,200
1987-05-06,23:59:59,5.553,200
1987-06-07,23:59:59,9.298,200
1987-09-06,23:59:59,9.162,200
1989-01-09,23:59:59,3.431,200
1989-03-25,23:59:59,3.981,200
1989-04-08,23:59:59,3.971,200
1990-07-23,23:59:59,0.628,200
1990-08-14,23:59:59,16.619,200
1992-08-25,23:59:59,9.149,200
1992-09-07,23:59:59,6.410,200
1994-06-25,23:59:59,1.117,200
1994-11-16,23:59:59,0.831,200
1995-02-07,23:59:59,7.944,200
1995-06-17,23:59:59,12.799,200
1995-11-02,23:59:59,17.315,200
1996-01-08,23:59:59,17.899,200
1996-01-13,23:59:59,17.737,200
1996-03-16,23:59:59,0.991,200
1996-06-24,23:59:59,11.796,200
1996-09-29,23:59:59,4.855,200
1997-02-13,23:59:59,1.258,200
1997-04-06,23:59:59,0.847,200
1997-12-12,23:59:59,0.813,200
1997-12-23,23:59:59,2.503,200
1998-05-07,23:59:59,0.954,200
1999-10-09,23:59:59,2.359,200
1999-12-08,23:59:59,16.960,200
2000-12-01,23:59:59,1.240,200
2001-06-02,23:59:59,4.208,200
2001-06-13,23:59:59,2.882,200
2001-06-19,23:59:59,2.805,200
2001-07-28,23:59:59,0.799,200
2001-09-06,23:59:59,1.131,200
2001-11-19,23:59:59,0.854,200
2002-07-16,23:59:59,16.732,200
2002-09-12,23:59:59,0.849,200
2004-01-20,23:59:59,0.830,200
2004-07-22,23:59:59,12.797,200
2004-07-23,23:59:59,14.910,200
2004-08-20,23:59:59,16.932,200
2004-10-03,23:59:59,6.166,200
2005-01-07,23:59:59,0.670,200
2005-01-26,23:59:59,0.720,200
2005-08-28,23:59:59,0.977,200
2005-10-03,23:59:59,0.993,200
2005-12-25,23:59:59,1.025,200
2006-06-08,23:59:59,4.168,200
2006-06-26,23:59:59,14.712,200
2007-07-24,23:59:59,16.714,200
2007-12-16,23:59:59,1.067,200
2008-04-20,23:59:59,10.298,200
2008-09-05,23:59:59,1.046,200
2008-09-10,23:59:59,1.052,200
2008-11-02,23:59:59,2.080,200
2010-03-08,23:59:59,2.436,200
2010-04-29,23:59:59,1.249,200
2010-11-15,23:59:59,3.861,200
2011-01-22,23:59:59,2.858,200
2011-10-22,23:59:59,1.109,200
2011-12-05,23:59:59,1.126,200
2012-08-25,23:59:59,4.171,200
2012-09-29,23:59:59,1.117,200
2012-10-14,23:59:59,0.952,200
2012-10-20,23:59:59,0.944,200
2012-12-21,23:59:59,1.030,200
2013-03-09,23:59:59,6.266,200
2013-08-23,23:59:59,16.969,200
2013-09-17,23:59:59,1.019,200
2014-01-02,23:59:59,3.087,200
2016-08-17,23:59:59,13.332,200
2016-12-28,23:59:59,0.969,200
2017-05-23,23:59:59,7.022,200
2017-08-26,23:59:59,3.030,200
2017-11-04,23:59:59,2.647,200
2018-08-11,23:59:59,16.411,200
2018-10-03,23:59:59,1.002,200
2018-11-24,23:59:59,1.017,200
2018-12-18,23:59:59,1.017,200
2019-06-02,23:59:59,1.035,200
2019-08-12,23:59:59,11.501,200
2020-10-14,23:59:59,0.949,200
2021-08-09,23:59:59,16.742,200
2022-05-17,23:59:59,16.996,200
2023-03-06,23:59:59,15.912,200
2023-04-13,23:59:59,4.715,200
2023-08-12,23:59:59,10.291,200
2024-05-21,23:59:59,11.074,200
2024-07-14,23:59:59,8.049,200
1980-05-08,23:59:59,8.484,200
1980-11-12,23:59:59,12.611,200
1982-06-25,23:59:59,18.528,200
1982-12-08,23:59:59,0.522,200
1983-03-18,23:59:59,0.713,200
1983-04-14,23:59:59,0.584,200
1983-08-05,23:59:59,1.831,200
1983-08-31,23:59:59,13.714,200
1984-05-29,23:59:59,4.699,200
1985-01-24,23:59:59,18.414,200
1986-08-05,23:59:59,18.931,200
1987-02-05,23:59:59,0.727,200
1987-06-04,23:59:59,13.778,200
1988-02-19,23:59:59,0.694,200
1988-06-02,23:59:59,7.623,200
1989-01-29,23:59:59,2.501,200
1989-05-15,23:59:59,2.453,200
1989-12-20,23:59:59,0.526,200
1991-11-03,23:59:59,3.729,200
1992-01-25,23:59:59,3.572,200
1992-03-23,23:59:59,0.842,200
1993-04-04,23:59:59,5.469,200
1993-06-06,23:59:59,2.450,200
1995-02-25,23:59:59,17.215,200
1995-03-08,23:59:59,4.253,200
1995-03-29,23:59:59,0.921,200
1995-12-19,23:59:59,18.134,200
1996-11-23,23:59:59,14.943,200
1997-02-08,23:59:59,3.768,200
1997-10-14,23:59:59,0.702,200
1998-09-27,23:59:59,0.813,200
1999-02-03,23:59:59,10.646,200
1999-05-04,23:59:59,4.266,200
1999-05-31,23:59:59,0.841,200
1999-09-23,23:59:59,0.753,200
1999-10-10,23:59:59,2.360,200
2000-06-15,23:59:59,14.786,200
2001-05-30,23:59:59,2.412,200
2001-06-08,23:59:59,15.143,200
2002-03-24,23:59:59,0.878,200
2004-04-20,23:59:59,2.440,200
2004-09-10,23:59:59,14.832,200
2004-11-05,23:59:59,0.640,200
2006-02-19,23:59:59,1.035,200
2008-01-27,23:59:59,1.087,200
2008-06-22,23:59:59,16.677,200
2008-07-09,23:59:59,3.496,200
2009-10-09,23:59:59,5.127,200
2010-01-20,23:59:59,3.246,200
2010-08-31,23:59:59,4.116,200
2010-11-18,23:59:59,1.970,200
2010-11-21,23:59:59,3.540,200
2010-12-31,23:59:59,1.171,200
2011-09-23,23:59:59,1.214,200
2012-07-13,23:59:59,14.672,200
2012-11-24,23:59:59,0.929,200
2012-12-19,23:59:59,1.722,200
2013-08-08,23:59:59,13.902,200
2013-11-26,23:59:59,3.523,200
2014-04-11,23:59:59,16.466,200
2014-06-12,23:59:59,4.186,200
2014-09-21,23:59:59,5.086,200
2014-11-23,23:59:59,1.391,200
2015-01-01,23:59:59,1.079,200
2015-01-02,23:59:59,1.077,200
2016-07-24,23:59:59,7.831,200
2017-01-15,23:59:59,5.220,200
2017-07-18,23:59:59,2.785,200
2017-12-22,23:59:59,7.742,200
2018-05-05,23:59:59,3.862,200
2019-03-05,23:59:59,16.970,200
2020-06-05,23:59:59,16.797,200
2020-08-13,23:59:59,16.402,200
2021-06-17,23:59:59,1.133,200
2021-06-27,23:59:59,1.111,200
2022-03-24,23:59:59,9.957,200
2022-08-08,23:59:59,1.064,200
2022-12-17,23:59:59,3.613,200
1980-07-19,23:59:59,8.665,200
1980-08-01,23:59:59,8.665,200
1981-03-11,23:59:59,8.529,200
1981-03-30,23:59:59,6.867,200
1982-03-20,23:59:59,10.102,200
1982-07-30,23:59:59,18.253,200
1983-08-03,23:59:59,0.791,200
1984-04-23,23:59:59,4.418,200
1985-09-12,23:59:59,13.710,200
1986-02-14,23:59:59,0.766,200
1987-04-27,23:59:59,6.016,200
1987-04-30,23:59:59,1.602,200
1988-09-07,23:59:59,10.195,200
1988-12-08,23:59:59,11.012,200
1989-07-07,23:59:59,7.794,200
1990-07-18,23:59:59,0.631,200
1990-09-29,23:59:59,7.201,200
1990-11-14,23:59:59,0.608,200
1991-04-04,23:59:59,12.614,200
1991-09-26,23:59:59,8.413,200
1991-11-09,23:59:59,3.728,200
1992-07-03,23:59:59,16.537,200
1992-08-17,23:59:59,3.079,200
1992-11-07,23:59:59,0.719,200
1993-01-26,23:59:59,0.853,200
1993-07-20,23:59:59,8.528,200
1994-03-29,23:59:59,2.924,200
1994-11-02,23:59:59,8.805,200
1995-09-04,23:59:59,5.958,200
1996-01-21,23:59:59,8.729,200
1996-03-28,23:59:59,4.314,200
1996-11-30,23:59:59,14.381,200
1997-01-22,23:59:59,12.851,200
1997-02-25,23:59:59,1.269,200
1997-05-30,23:59:59,15.205,200
1998-02-18,23:59:59,0.882,200
1999-01-14,23:59:59,2.965,200
2000-08-26,23:59:59,16.648,200
2000-12-21,23:59:59,0.840,200
2002-04-22,23:59:59,6.260,200
2002-10-15,23:59:59,0.799,200
2003-06-26,23:59:59,12.178,200
2003-08-03,23:59:59,16.557,200
2006-06-07,23:59:59,4.166,200
2007-05-27,23:59:59,1.044,200
2007-07-06,23:59:59,1.660,200
2007-12-17,23:59:59,1.067,200
2008-03-19,23:59:59,4.103,200
2008-07-29,23:59:59,4.123,200
2009-01-02,23:59:59,2.082,200
2009-08-29,23:59:59,1.239,200
2010-09-01,23:59:59,4.114,200
2011-01-18,23:59:59,4.852,200
2012-03-19,23:59:59,1.205,200
2013-03-08,23:59:59,12.424,200
2013-12-12,23:59:59,4.570,200
2014-05-21,23:59:59,1.392,200
2014-10-08,23:59:59,4.858,200
2015-01-30,23:59:59,8.789,200
2015-09-10,23:59:59,2.079,200
2016-05-08,23:59:59,5.677,200
2016-05-24,23:59:59,0.528,200
2017-09-17,23:59:59,1.026,200
2018-10-18,23:59:59,3.401,200
2019-09-27,23:59:59,3.718,200
2020-07-20,23:59:59,2.477,200
2021-01-01,23:59:59,3.575,200
2021-06-14,23:59:59,1.239,200
2021-09-19,23:59:59,1.098,200
2022-06-09,23:59:59,2.853,200
2022-10-31,23:59:59,1.968,200
2023-01-25,23:59:59,11.060,200
2023-09-27,23:59:59,0.981,200
2023-11-17,23:59:59,1.053,200
2024-10-17,23:59:59,1.073,200
1981-04-24,23:59:59,6.710,200
1982-03-01,23:59:59,2.613,200
1982-04-19,23:59:59,3.534,200
1982-04-20,23:59:59,3.433,200
1982-08-06,23:59:59,17.851,200
1984-01-17,23:59:59,8.922,200
1984-02-24,23:59:59,4.478,200
1984-05-08,23:59:59,4.471,200
1985-03-05,23:59:59,2.893,200
1985-05-24,23:59:59,3.993,200
1987-04-26,23:59:59,8.833,200
1988-01-03,23:59:59,3.188,200
1988-06-28,23:59:59,7.569,200
1988-07-16,23:59:59,0.641,200
1988-09-03,23:59:59,1.963,200
1989-01-31,23:59:59,2.481,200
1989-05-21,23:59:59,2.454,200
1990-04-12,23:59:59,0.609,200
1990-09-24,23:59:59,3.614,200
1991-03-24,23:59:59,13.327,200
1991-08-06,23:59:59,16.288,200
1991-09-20,23:59:59,0.943,200
1992-10-20,23:59:59,0.719,200
1993-04-07,23:59:59,3.263,200
1993-12-07,23:59:59,0.690,200
1994-02-09,23:59:59,7.303,200
1994-11-11,23:59:59,0.838,200
1995-01-19,23:59:59,10.140,200
1995-07-10,23:59:59,4.392,200
1997-01-30,23:59:59,10.497,200
1997-10-26,23:59:59,0.722,200
1998-02-01,23:59:59,0.862,200
1998-03-19,23:59:59,2.996,200
1999-12-16,23:59:59,8.211,200
2000-01-08,23:59:59,2.874,200
2000-04-17,23:59:59,1.352,200
2000-04-26,23:59:59,1.303,200
2000-05-10,23:59:59,1.672,200
2000-12-27,23:59:59,0.862,200
2001-06-11,23:59:59,4.396,200
2001-09-21,23:59:59,0.760,200
2001-10-10,23:59:59,0.777,200
2004-05-07,23:59:59,3.546,200
2004-06-24,23:59:59,1.159,200
2004-10-19,23:59:59,0.777,200
2006-01-11,23:59:59,1.040,200
2007-01-06,23:59:59,1.126,200
2007-07-18,23:59:59,16.735,200
2007-09-18,23:59:59,1.151,200
2008-02-09,23:59:59,4.810,200
2008-09-25,23:59:59,1.086,200
2008-12-12,23:59:59,1.161,200
2009-11-05,23:59:59,2.714,200
2010-10-20,23:59:59,1.120,200
2010-12-05,23:59:59,3.520,200
2011-04-08,23:59:59,8.284,200
2011-07-11,23:59:59,5.750,200
2011-10-12,23:59:59,4.603,200
2011-11-13,23:59:59,1.105,200
2012-09-19,23:59:59,1.226,200
2013-03-31,23:59:59,2.579,200
2013-08-03,23:59:59,6.561,200
2013-12-17,23:59:59,3.099,200
2014-03-08,23:59:59,1.593,200
2015-10-25,23:59:59,1.061,200
2015-12-23,23:59:59,4.202,200
2016-02-20,23:59:59,1.040,200
2016-06-18,23:59:59,6.637,200
2016-12-11,23:59:59,0.956,200
2018-09-20,23:59:59,0.971,200
2019-12-19,23:59:59,0.952,200
2020-02-07,23:59:59,12.394,200
2020-05-14,23:59:59,17.122,200
2020-10-11,23:59:59,0.958,200
2020-11-16,23:59:59,0.970,200
2020-12-06,23:59:59,6.469,200
2021-03-10,23:59:59,3.531,200
2021-04-08,23:59:59,6.224,200
2021-09-10,23:59:59,1.477,200
2022-12-19,23:59:59,2.969,200
2023-08-07,23:59:59,6.544,200
2023-11-25,23:59:59,1.715,200
1980-03-19,23:59:59,5.213,200
1980-06-20,23:59:59,8.665,200
1980-08-07,23:59:59,8.665,200
1980-12-11,23:59:59,1.362,200
1981-04-15,23:59:59,6.571,200
1981-07-28,23:59:59,13.139,200
1981-09-07,23:59:59,18.673,200
1982-02-14,23:59:59,2.911,200
1982-08-08,23:59:59,17.788,200
1982-08-21,23:59:59,18.695,200
1984-02-23,23:59:59,5.396,200
1985-12-12,23:59:59,16.168,200
1986-02-02,23:59:59,5.285,200
1986-05-07,23:59:59,2.833,200
1986-12-06,23:59:59,0.648,200
1987-01-13,23:59:59,0.643,200
1987-03-08,23:59:59,5.339,200
1989-02-12,23:59:59,2.506,200
1989-04-12,23:59:59,3.940,200
1989-11-06,23:59:59,1.335,200
1989-12-10,23:59:59,10.024,200
1990-05-29,23:59:59,0.614,200
1990-09-22,23:59:59,0.884,200
1990-11-16,23:59:59,0.594,200
1991-01-14,23:59:59,5.146,200
1991-09-10,23:59:59,5.080,200
1993-03-19,23:59:59,5.626,200
1993-08-01,23:59:59,9.732,200
1993-12-12,23:59:59,0.696,200
1994-09-13,23:59:59,12.873,200
1994-09-26,23:59:59,12.756,200
1994-10-26,23:59:59,8.789,200
1996-12-12,23:59:59,3.567,200
1998-08-20,23:59:59,12.882,200
1998-12-04,23:59:59,2.027,200
1999-06-26,23:59:59,12.463,200
1999-07-21,23:59:59,17.004,200
1999-08-14,23:59:59,10.512,200
1999-09-17,23:59:59,0.753,200
2000-02-20,23:59:59,1.230,200
2001-04-02,23:59:59,4.330,200
2001-11-18,23:59:59,0.845,200
2002-04-23,23:59:59,6.411,200
2002-05-10,23:59:59,4.225,200
2003-08-27,23:59:59,1.115,200
2004-08-11,23:59:59,16.644,200
2005-01-29,23:59:59,0.721,200
2005-04-23,23:59:59,1.067,200
2006-02-11,23:59:59,1.036,200
2006-05-27,23:59:59,1.014,200
2006-06-17,23:59:59,1.026,200
2006-06-24,23:59:59,12.846,200
2006-08-08,23:59:59,16.049,200
2007-02-12,23:59:59,4.873,200
2007-09-26,23:59:59,1.154,200
2007-11-06,23:59:59,1.228,200
2009-04-03,23:59:59,7.231,200
2009-11-10,23:59:59,6.413,200
2010-07-23,23:59:59,14.656,200
2010-07-28,23:59:59,13.429,200
2011-09-17,23:59:59,1.216,200
2012-08-21,23:59:59,7.205,200
2013-10-07,23:59:59,0.981,200
2014-07-27,23:59:59,16.573,200
2014-09-18,23:59:59,5.092,200
2015-07-23,23:59:59,16.641,200
2015-08-14,23:59:59,11.984,200
2015-11-12,23:59:59,4.442,200
2016-06-19,23:59:59,9.160,200
2016-10-27,23:59:59,2.678,200
2017-12-18,23:59:59,2.853,200
2018-05-19,23:59:59,10.176,200
2018-08-29,23:59:59,16.469,200
2018-10-30,23:59:59,0.998,200
2018-12-08,23:59:59,1.016,200
2019-03-21,23:59:59,11.396,200
2019-07-29,23:59:59,16.622,200
2019-09-04,23:59:59,1.791,200
2019-12-10,23:59:59,0.935,200
2021-11-21,23:59:59,6.628,200
2022-03-22,23:59:59,3.387,200
2022-12-30,23:59:59,4.035,200
2023-01-21,23:59:59,3.243,200
2024-09-29,23:59:59,1.104,200
1981-04-14,23:59:59,6.571,200
1981-04-16,23:59:59,6.571,200
1981-06-08,23:59:59,6.354,200
1981-12-17,23:59:59,0.638,200
1982-07-14,23:59:59,17.354,200
1983-02-02,23:59:59,0.631,200
1987-02-13,23:59:59,3.612,200
1987-03-20,23:59:59,4.571,200
1987-05-01,23:59:59,2.724,200
1987-12-01,23:59:59,3.413,200
1988-05-26,23:59:59,7.700,200
1988-08-29,23:59:59,7.440,200
1989-01-08,23:59:59,2.524,200
1989-04-27,23:59:59,0.696,200
1989-09-23,23:59:59,15.983,200
1989-11-29,23:59:59,0.465,200
1990-04-10,23:59:59,0.611,200
1992-05-18,23:59:59,0.856,200
1992-10-24,23:59:59,0.706,200
1993-03-06,23:59:59,0.879,200
1993-07-28,23:59:59,9.830,200
1993-10-16,23:59:59,4.013,200
1994-11-17,23:59:59,0.830,200
1995-10-18,23:59:59,3.032,200
1996-06-29,23:59:59,14.955,200
1996-07-14,23:59:59,15.168,200
1997-02-19,23:59:59,0.831,200
1997-03-19,23:59:59,1.640,200
1998-01-08,23:59:59,9.425,200
1999-03-25,23:59:59,10.348,200
1999-05-08,23:59:59,16.139,200
1999-09-18,23:59:59,0.753,200
1999-11-19,23:59:59,0.979,200
2000-10-21,23:59:59,2.258,200
2001-05-29,23:59:59,0.809,200
2002-10-30,23:59:59,9.695,200
2003-06-29,23:59:59,4.234,200
2003-10-12,23:59:59,0.755,200
2004-03-16,23:59:59,3.597,200
2004-07-29,23:59:59,16.930,200
2004-09-23,23:59:59,17.295,200
2004-09-30,23:59:59,16.879,200
2005-06-07,23:59:59,15.114,200
2006-02-10,23:59:59,2.182,200
2006-02-21,23:59:59,1.045,200
2006-05-12,23:59:59,1.351,200
2006-08-23,23:59:59,7.359,200
2006-12-05,23:59:59,1.134,200
2007-06-14,23:59:59,8.278,200
2008-06-14,23:59:59,12.471,200
2010-07-08,23:59:59,16.641,200
2010-07-09,23:59:59,16.561,200
2010-12-27,23:59:59,1.160,200
2011-07-10,23:59:59,6.612,200
2011-10-11,23:59:59,4.597,200
2012-09-03,23:59:59,1.439,200
2012-12-30,23:59:59,4.741,200
2013-02-25,23:59:59,12.293,200
2013-07-08,23:59:59,1.092,200
2014-03-06,23:59:59,15.081,200
2014-11-20,23:59:59,4.635,200
2016-06-22,23:59:59,4.373,200
2017-04-06,23:59:59,16.990,200
2017-10-25,23:59:59,1.633,200
2018-06-20,23:59:59,16.625,200
2019-02-07,23:59:59,6.609,200
2019-10-24,23:59:59,5.051,200
2020-03-29,23:59:59,8.294,200
2021-02-27,23:59:59,6.565,200
2021-09-16,23:59:59,1.106,200
2022-01-14,23:59:59,10.951,200
2022-06-03,23:59:59,6.681,200
2022-12-01,23:59:59,5.013,200
2023-01-11,23:59:59,3.295,200
2023-12-10,23:59:59,7.990,200
2024-01-19,23:59:59,1.102,200
2024-01-28,23:59:59,1.102,200
2024-10-25,23:59:59,1.056,200
1980-10-15,23:59:59,13.126,200
1981-03-02,23:59:59,0.674,200
1981-10-23,23:59:59,0.733,200
1982-02-24,23:59:59,2.996,200
1982-04-01,23:59:59,0.690,200
1982-08-12,23:59:59,17.647,200
1983-09-09,23:59:59,13.755,200
1984-03-14,23:59:59,5.493,200
1984-11-10,23:59:59,0.695,200
1986-11-10,23:59:59,0.640,200
1987-08-06,23:59:59,16.039,200
1987-10-04,23:59:59,0.588,200
1990-03-18,23:59:59,0.614,200
1990-06-29,23:59:59,17.299,200
1991-05-18,23:59:59,0.637,200
1991-10-04,23:59:59,3.335,200
1992-05-28,23:59:59,2.418,200
1998-09-22,23:59:59,4.342,200
1999-04-30,23:59:59,0.877,200
2000-04-20,23:59:59,1.298,200
2001-04-03,23:59:59,9.017,200
2001-05-25,23:59:59,0.828,200
2001-11-28,23:59:59,0.863,200
2003-12-26,23:59:59,0.887,200
2004-01-23,23:59:59,0.831,200
2004-07-21,23:59:59,10.295,200
2004-08-01,23:59:59,13.603,200
2005-04-05,23:59:59,1.232,200
2005-05-10,23:59:59,13.658,200
2005-12-05,23:59:59,0.997,200
2006-03-01,23:59:59,1.036,200
2006-03-05,23:59:59,2.273,200
2006-03-30,23:59:59,6.352,200
2007-01-05,23:59:59,1.124,200
2009-01-25,23:59:59,2.801,200
2009-01-30,23:59:59,1.995,200
2009-04-17,23:59:59,5.356,200
2009-05-29,23:59:59,10.273,200
2010-07-12,23:59:59,16.580,200
2011-03-09,23:59:59,2.945,200
2011-08-23,23:59:59,11.962,200
2012-07-14,23:59:59,6.754,200
2012-09-28,23:59:59,1.186,200
2013-01-28,23:59:59,1.243,200
2013-02-11,23:59:59,3.644,200
2013-04-21,23:59:59,5.949,200
2013-07-16,23:59:59,1.078,200
2014-02-15,23:59:59,16.427,200
2015-05-28,23:59:59,6.072,200
2015-11-18,23:59:59,1.068,200
2016-06-10,23:59:59,10.269,200
2017-03-03,23:59:59,15.905,200
2017-09-20,23:59:59,1.026,200
2018-09-10,23:59:59,7.585,200
2021-05-10,23:59:59,1.158,200
2021-11-20,23:59:59,5.133,200
2021-12-08,23:59:59,3.854,200
2023-05-17,23:59:59,1.103,200
2023-10-07,23:59:59,1.031,200
2023-12-28,23:59:59,2.241,200
2024-03-28,23:59:59,1.457,200
1980-03-13,23:59:59,3.850,200
1980-08-30,23:59:59,8.665,200
1981-09-10,23:59:59,12.357,200
1982-08-26,23:59:59,18.325,200
1983-03-13,23:59:59,0.612,200
1983-04-07,23:59:59,2.075,200
1984-03-31,23:59:59,5.261,200
1985-07-12,23:59:59,0.683,200
1985-10-29,23:59:59,3.173,200
1985-11-07,23:59:59,0.689,200
1986-07-19,23:59:59,3.716,200
1987-04-06,23:59:59,20.050,200
1987-05-10,23:59:59,2.843,200
1987-10-10,23:59:59,0.596,200
1987-11-27,23:59:59,3.115,200
1989-08-18,23:59:59,15.632,200
1989-12-07,23:59:59,1.826,200
1990-02-24,23:59:59,0.566,200
1991-01-27,23:59:59,5.401,200
1991-04-27,23:59:59,3.184,200
1992-04-13,23:59:59,0.845,200
1995-03-02,23:59:59,6.347,200
1995-05-10,23:59:59,9.859,200
1995-10-08,23:59:59,0.904,200
1996-10-22,23:59:59,0.775,200
1997-08-13,23:59:59,0.788,200
1998-01-25,23:59:59,3.570,200
1998-10-24,23:59:59,17.014,200
1999-09-11,23:59:59,0.736,200
1999-10-31,23:59:59,0.738,200
2000-02-25,23:59:59,0.839,200
2000-06-06,23:59:59,10.130,200
2000-06-23,23:59:59,11.802,200
2000-09-04,23:59:59,16.717,200
2000-12-28,23:59:59,0.867,200
2001-04-22,23:59:59,9.287,200
2003-05-02,23:59:59,5.500,200
2003-08-17,23:59:59,1.523,200
2003-09-26,23:59:59,0.757,200
2004-07-28,23:59:59,17.006,200
2004-08-05,23:59:59,16.546,200
2004-09-13,23:59:59,12.765,200
2004-09-28,23:59:59,17.007,200
2006-07-13,23:59:59,9.087,200
2006-08-17,23:59:59,6.638,200
2007-08-22,23:59:59,1.099,200
2007-11-01,23:59:59,1.249,200
2008-03-14,23:59:59,1.155,200
2009-04-14,23:59:59,1.182,200
2011-02-23,23:59:59,3.806,200
2012-11-02,23:59:59,0.504,200
2013-02-23,23:59:59,12.413,200
2013-04-01,23:59:59,3.519,200
2013-05-04,23:59:59,4.477,200
2014-04-22,23:59:59,3.444,200
2016-03-15,23:59:59,4.530,200
2016-09-24,23:59:59,4.379,200
2017-04-26,23:59:59,12.685,200
2017-08-19,23:59:59,1.431,200
2017-09-02,23:59:59,1.115,200
2017-11-06,23:59:59,3.529,200
2019-09-25,23:59:59,1.914,200
2020-05-27,23:59:59,14.713,200
2020-10-20,23:59:59,0.918,200
2021-07-09,23:59:59,1.130,200
2021-09-13,23:59:59,1.145,200
2022-08-29,23:59:59,1.072,200
2022-11-18,23:59:59,10.181,200
2023-08-29,23:59:59,14.906,200
2023-10-11,23:59:59,1.091,200
2023-11-04,23:59:59,2.962,200
2024-02-12,23:59:59,1.095,200
2024-03-03,23:59:59,1.117,200
1980-03-08,23:59:59,3.855,200
1980-08-29,23:59:59,8.665,200
1981-03-25,23:59:59,5.344,200
1981-10-04,23:59:59,2.762,200
1981-11-14,23:59:59,0.620,200
1982-01-24,23:59:59,0.564,200
1984-03-05,23:59:59,1.960,200
1984-04-12,23:59:59,4.623,200
1984-09-02,23:59:59,0.664,200
1984-11-25,23:59:59,0.700,200
1986-02-04,23:59:59,5.279,200
1986-06-09,23:59:59,5.297,200
1986-09-21,23:59:59,1.171,200
1986-10-20,23:59:59,0.676,200
1987-05-04,23:59:59,7.436,200
1987-05-23,23:59:59,2.795,200
1987-12-28,23:59:59,4.459,200
1989-10-02,23:59:59,13.455,200
1990-12-23,23:59:59,0.582,200
1991-06-19,23:59:59,12.081,200
1991-08-27,23:59:59,3.071,200
1991-11-10,23:59:59,3.739,200
1992-07-22,23:59:59,0.713,200
1993-04-21,23:59:59,2.006,200
1993-11-09,23:59:59,0.679,200
1994-01-10,23:59:59,0.799,200
1994-01-23,23:59:59,11.515,200
1994-02-03,23:59:59,2.577,200
1995-07-14,23:59:59,8.243,200
1995-09-19,23:59:59,0.866,200
1995-12-16,23:59:59,11.906,200
1997-04-15,23:59:59,0.771,200
1998-01-21,23:59:59,3.555,200
1999-08-02,23:59:59,16.868,200
2001-01-24,23:59:59,17.169,200
2001-08-28,23:59:59,1.179,200
2001-12-20,23:59:59,0.823,200
2002-01-23,23:59:59,13.800,200
2002-06-21,23:59:59,4.200,200
2002-08-15,23:59:59,1.218,200
2002-10-06,23:59:59,0.799,200
2002-11-30,23:59:59,3.517,200
2002-12-06,23:59:59,5.125,200
2003-02-26,23:59:59,2.009,200
2003-02-28,23:59:59,2.006,200
2004-10-20,23:59:59,0.762,200
2005-06-05,23:59:59,7.725,200
2005-07-31,23:59:59,1.005,200
2006-09-23,23:59:59,1.303,200
2006-10-19,23:59:59,1.194,200
2008-10-25,23:59:59,1.173,200
2009-01-19,23:59:59,2.814,200
2010-03-18,23:59:59,7.350,200
2010-03-26,23:59:59,2.764,200
2010-08-24,23:59:59,3.362,200
2012-04-25,23:59:59,6.587,200
2012-11-03,23:59:59,1.057,200
2012-11-11,23:59:59,0.802,200
2013-03-27,23:59:59,4.136,200
2014-08-02,23:59:59,1.156,200
2014-08-12,23:59:59,1.062,200
2014-11-15,23:59:59,3.686,200
2014-12-17,23:59:59,5.400,200
2015-01-14,23:59:59,5.009,200
2015-07-22,23:59:59,16.668,200
2015-10-20,23:59:59,1.054,200
2016-07-05,23:59:59,16.696,200
2017-10-08,23:59:59,1.038,200
2017-12-07,23:59:59,16.924,200
2018-11-07,23:59:59,0.999,200
2019-02-10,23:59:59,8.612,200
2019-04-07,23:59:59,3.096,200
2019-05-13,23:59:59,1.101,200
2019-08-08,23:59:59,14.175,200
2019-11-19,23:59:59,1.028,200
2019-11-25,23:59:59,1.039,200
2021-07-20,23:59:59,1.125,200
2021-08-29,23:59:59,1.197,200
2022-04-15,23:59:59,1.791,200
2022-10-21,23:59:59,4.899,200
2023-02-08,23:59:59,1.106,200
1980-05-29,23:59:59,1.531,200
1980-06-21,23:59:59,8.665,200
1980-08-26,23:59:59,8.665,200
1981-05-01,23:59:59,6.830,200
1981-09-13,23:59:59,9.004,200
1982-03-03,23:59:59,2.566,200
1982-11-24,23:59:59,0.497,200
1985-03-18,23:59:59,2.856,200
1985-04-12,23:59:59,4.448,200
1985-09-20,23:59:59,15.781,200
1986-01-26,23:59:59,19.907,200
1987-06-01,23:59:59,19.940,200
1988-01-30,23:59:59,0.696,200
1988-08-14,23:59:59,16.600,200
1988-08-16,23:59:59,16.483,200
1989-11-01,23:59:59,4.165,200
1991-12-03,23:59:59,1.704,200
1992-02-22,23:59:59,5.459,200
1992-08-19,23:59:59,4.518,200
1993-02-01,23:59:59,3.634,200
1993-08-19,23:59:59,16.879,200
1994-01-22,23:59:59,0.827,200
1994-05-28,23:59:59,0.939,200
1994-08-31,23:59:59,10.915,200
1994-10-09,23:59:59,12.418,200
1995-02-28,23:59:59,17.186,200
1995-07-25,23:59:59,5.750,200
1996-08-24,23:59:59,3.542,200
1998-02-11,23:59:59,3.064,200
1998-04-13,23:59:59,4.303,200
1999-06-23,23:59:59,17.095,200
2001-03-19,23:59:59,12.855,200
2001-12-01,23:59:59,0.841,200
2002-05-15,23:59:59,9.266,200
2003-02-25,23:59:59,1.740,200
2003-03-19,23:59:59,5.234,200
2003-09-04,23:59:59,2.463,200
2003-10-09,23:59:59,0.763,200
2004-02-28,23:59:59,8.674,200
2005-01-31,23:59:59,0.721,200
2007-05-18,23:59:59,7.716,200
2008-02-13,23:59:59,4.801,200
2009-06-30,23:59:59,16.492,200
2010-04-27,23:59:59,1.243,200
2010-10-28,23:59:59,1.254,200
2011-01-03,23:59:59,1.512,200
2011-02-22,23:59:59,4.142,200
2011-12-26,23:59:59,1.171,200
2012-05-10,23:59:59,4.101,200
2014-07-10,23:59:59,15.736,200
2014-10-29,23:59:59,2.196,200
2015-04-17,23:59:59,10.722,200
2016-01-31,23:59:59,1.192,200
2017-01-28,23:59:59,0.992,200
2017-10-15,23:59:59,1.023,200
2018-06-29,23:59:59,13.254,200
2018-08-19,23:59:59,6.325,200
2019-07-01,23:59:59,17.345,200
2019-10-19,23:59:59,0.926,200
2020-11-01,23:59:59,0.922,200
2020-11-05,23:59:59,0.922,200
2020-11-10,23:59:59,0.976,200
2021-01-28,23:59:59,3.405,200
2022-05-14,23:59:59,16.322,200
2022-11-20,23:59:59,4.969,200
2023-01-26,23:59:59,10.193,200
2023-08-11,23:59:59,12.739,200
2023-09-04,23:59:59,2.969,200
2024-05-17,23:59:59,9.057,200
1980-06-12,23:59:59,0.733,200
1980-07-20,23:59:59,8.665,200
1981-01-31,23:59:59,1.505,200
1981-08-18,23:59:59,13.037,200
1981-11-01,23:59:59,0.662,200
1983-01-08,23:59:59,0.554,200
1983-07-11,23:59:59,16.903,200
1984-04-09,23:59:59,4.487,200
1985-04-04,23:59:59,2.812,200
1985-05-27,23:59:59,2.852,200
1985-09-15,23:59:59,16.567,200
1985-12-10,23:59:59,16.221,200
1988-08-20,23:59:59,16.316,200
1989-02-22,23:59:59,2.379,200
1989-07-08,23:59:59,7.772,200
1991-05-22,23:59:59,4.558,200
1991-11-13,23:59:59,3.102,200
1991-11-23,23:59:59,2.433,200
1995-05-21,23:59:59,0.945,200
1995-05-24,23:59:59,0.924,200
1995-08-10,23:59:59,6.410,200
1995-09-07,23:59:59,0.895,200
1995-10-25,23:59:59,4.792,200
1996-09-13,23:59:59,3.000,200
1997-04-24,23:59:59,0.908,200
1997-07-29,23:59:59,7.549,200
1997-09-24,23:59:59,0.713,200
1998-01-18,23:59:59,3.554,200
2001-08-01,23:59:59,0.754,200
2002-12-27,23:59:59,6.221,200
2003-03-30,23:59:59,3.161,200
2003-05-25,23:59:59,7.259,200
2005-10-08,23:59:59,3.196,200
2005-11-29,23:59:59,0.990,200
2006-01-31,23:59:59,1.062,200
2006-11-13,23:59:59,1.057,200
2007-02-13,23:59:59,4.206,200
2007-03-01,23:59:59,4.226,200
2009-02-12,23:59:59,1.186,200
2009-12-31,23:59:59,1.176,200
2010-01-08,23:59:59,1.164,200
2010-04-07,23:59:59,1.551,200
2011-04-22,23:59:59,13.816,200
2012-01-05,23:59:59,3.393,200
2012-03-12,23:59:59,1.198,200
2012-08-27,23:59:59,5.591,200
2012-11-06,23:59:59,0.319,200
2013-10-14,23:59:59,0.976,200
2014-01-09,23:59:59,1.559,200
2014-02-22,23:59:59,14.856,200
2014-11-17,23:59:59,4.755,200
2015-03-04,23:59:59,6.405,200
2015-05-02,23:59:59,1.200,200
2015-09-21,23:59:59,1.233,200
2016-06-20,23:59:59,10.687,200
2018-01-31,23:59:59,2.663,200
2018-03-23,23:59:59,3.016,200
2018-06-14,23:59:59,15.649,200
2019-01-21,23:59:59,1.041,200
2019-09-29,23:59:59,4.114,200
2019-11-01,23:59:59,1.358,200
2019-11-27,23:59:59,1.012,200
2021-02-22,23:59:59,8.927,200
2021-06-08,23:59:59,10.129,200
2022-02-11,23:59:59,1.191,200
2022-05-05,23:59:59,9.562,200
2022-05-26,23:59:59,8.082,200
2022-06-26,23:59:59,13.424,200
2022-08-01,23:59:59,1.020,200
2023-07-15,23:59:59,10.792,200
2024-05-04,23:59:59,13.169,200
2024-10-31,23:59:59,1.075,200
2024-11-29,23:59:59,10.690,200
1980-02-14,23:59:59,5.560,200
1980-04-12,23:59:59,3.399,200
1980-04-29,23:59:59,9.748,200
1980-08-28,23:59:59,8.665,200
1980-12-01,23:59:59,1.467,200
1981-04-18,23:59:59,6.571,200
1981-07-05,23:59:59,6.426,200
1981-07-15,23:59:59,13.643,200
1982-03-04,23:59:59,5.977,200
1982-11-21,23:59:59,0.514,200
1983-04-04,23:59:59,0.625,200
1983-06-04,23:59:59,3.135,200
1983-06-16,23:59:59,4.390,200
1983-06-17,23:59:59,3.090,200
1985-06-15,23:59:59,19.080,200
1986-05-19,23:59:59,4.424,200
1986-12-08,23:59:59,0.640,200
1987-07-16,23:59:59,6.578,200
1987-10-25,23:59:59,0.616,200
1987-10-27,23:59:59,0.615,200
1988-02-25,23:59:59,8.558,200
1988-03-22,23:59:59,2.469,200
1989-03-27,23:59:59,3.979,200
1989-11-16,23:59:59,0.469,200
1990-04-25,23:59:59,0.629,200
1990-07-20,23:59:59,0.630,200
1990-10-08,23:59:59,7.154,200
1990-10-18,23:59:59,0.580,200
1991-03-20,23:59:59,0.717,200
1992-03-15,23:59:59,0.831,200
1992-09-11,23:59:59,7.135,200
1992-11-28,23:59:59,0.756,200
1993-01-17,23:59:59,0.819,200
1993-08-13,23:59:59,14.011,200
1994-04-11,23:59:59,10.999,200
1994-08-09,23:59:59,7.973,200
1994-11-27,23:59:59,0.844,200
1994-12-30,23:59:59,4.238,200
1995-10-05,23:59:59,0.900,200
1997-04-18,23:59:59,0.752,200
1997-12-05,23:59:59,0.789,200
1998-06-17,23:59:59,15.685,200
1998-07-03,23:59:59,15.214,200
2001-10-20,23:59:59,0.780,200
2002-04-26,23:59:59,7.962,200
2002-07-23,23:59:59,14.520,200
2003-12-15,23:59:59,0.835,200
2004-01-02,23:59:59,0.896,200
2005-05-24,23:59:59,13.720,200
2006-04-28,23:59:59,1.055,200
2006-09-20,23:59:59,1.019,200
2007-01-03,23:59:59,1.126,200
2007-05-09,23:59:59,17.315,200
2007-10-06,23:59:59,1.168,200
2008-01-08,23:59:59,1.060,200
2009-03-09,23:59:59,3.749,200
2009-08-19,23:59:59,4.088,200
2009-11-29,23:59:59,1.126,200
2010-06-11,23:59:59,17.021,200
2011-04-01,23:59:59,8.765,200
2011-08-24,23:59:59,12.169,200
2011-09-20,23:59:59,1.215,200
2011-12-07,23:59:59,1.122,200
2012-02-07,23:59:59,2.742,200
2012-03-07,23:59:59,0.703,200
2013-01-21,23:59:59,4.516,200
2013-07-22,23:59:59,1.977,200
2014-04-19,23:59:59,3.130,200
2015-04-19,23:59:59,5.061,200
2016-02-18,23:59:59,5.058,200
2017-01-05,23:59:59,2.922,200
2019-12-06,23:59:59,0.973,200
2020-08-26,23:59:59,12.232,200
2020-11-06,23:59:59,0.926,200
2022-01-17,23:59:59,10.995,200
2022-05-21,23:59:59,3.024,200
2022-06-16,23:59:59,1.764,200
2022-09-22,23:59:59,8.547,200
2022-12-22,23:59:59,4.872,200
2023-06-02,23:59:59,1.100,200
2023-06-27,23:59:59,17.013,200
2023-08-10,23:59:59,13.593,200
2024-09-24,23:59:59,1.105,200
1980-04-10,23:59:59,3.399,200
1980-07-12,23:59:59,0.867,200
1980-10-02,23:59:59,13.473,200
1982-01-23,23:59:59,0.761,200
1982-09-16,23:59:59,0.609,200
1983-07-18,23:59:59,2.854,200
1983-10-25,23:59:59,19.948,200
1984-02-26,23:59:59,3.718,200
1984-04-28,23:59:59,4.596,200
1985-07-25,23:59:59,0.666,200
1985-10-11,23:59:59,0.699,200
1986-09-02,23:59:59,18.590,200
1987-09-26,23:59:59,0.598,200
1987-11-15,23:59:59,0.662,200
1988-08-19,23:59:59,16.360,200
1989-05-14,23:59:59,2.452,200
1990-04-16,23:59:59,0.616,200
1990-04-19,23:59:59,0.611,200
1990-05-05,23:59:59,0.645,200
1990-06-26,23:59:59,4.441,200
1990-09-25,23:59:59,7.271,200
1990-10-16,23:59:59,0.583,200
1991-02-17,23:59:59,12.497,200
1991-03-11,23:59:59,2.087,200
1992-02-28,23:59:59,6.301,200
1992-11-14,23:59:59,0.730,200
1992-12-04,23:59:59,0.769,200
1993-08-24,23:59:59,17.020,200
1994-08-08,23:59:59,8.008,200
1994-08-17,23:59:59,8.018,200
1994-11-13,23:59:59,0.832,200
1995-02-08,23:59:59,13.311,200
1995-12-06,23:59:59,14.709,200
1996-05-06,23:59:59,17.173,200
1996-08-06,23:59:59,4.436,200
1997-01-05,23:59:59,2.105,200
1998-12-28,23:59:59,2.940,200
1999-03-30,23:59:59,1.637,200
2000-07-12,23:59:59,17.023,200
2000-09-30,23:59:59,1.559,200
2001-01-04,23:59:59,0.891,200
2001-04-04,23:59:59,6.022,200
2001-09-13,23:59:59,0.763,200
2002-05-06,23:59:59,13.141,200
2004-04-06,23:59:59,12.986,200
2005-04-10,23:59:59,1.072,200
2005-04-29,23:59:59,10.648,200
2005-06-28,23:59:59,11.786,200
2006-02-22,23:59:59,1.044,200
2006-10-28,23:59:59,1.498,200
2007-06-01,23:59:59,2.116,200
2007-12-23,23:59:59,1.083,200
2008-02-19,23:59:59,4.113,200
2008-07-30,23:59:59,1.274,200
2008-12-31,23:59:59,2.076,200
2010-08-25,23:59:59,3.360,200
2010-10-02,23:59:59,1.099,200
2011-04-19,23:59:59,14.805,200
2012-01-27,23:59:59,3.103,200
2012-07-30,23:59:59,10.626,200
2012-10-16,23:59:59,0.293,200
2012-12-05,23:59:59,0.314,200
2013-11-03,23:59:59,2.666,200
2014-02-13,23:59:59,16.324,200
2014-07-07,23:59:59,9.394,200
2015-02-11,23:59:59,4.496,200
2015-09-18,23:59:59,1.290,200
2017-01-12,23:59:59,2.308,200
2018-01-24,23:59:59,3.750,200
2018-02-12,23:59:59,2.851,200
2018-04-30,23:59:59,1.061,200
2018-05-01,23:59:59,1.620,200
2018-08-13,23:59:59,5.729,200
2018-10-31,23:59:59,0.994,200
2018-12-20,23:59:59,1.019,200
2019-01-12,23:59:59,1.033,200
2019-03-19,23:59:59,11.455,200
2019-06-14,23:59:59,7.266,200
2019-12-26,23:59:59,5.957,200
2021-04-10,23:59:59,10.321,200
2022-06-06,23:59:59,6.669,200
2024-01-10,23:59:59,1.512,200
2024-07-04,23:59:59,8.882,200
1980-11-08,23:59:59,12.611,200
1980-11-17,23:59:59,1.467,200
1981-01-03,23:59:59,1.362,200
1981-01-13,23:59:59,1.368,200
1982-05-27,23:59:59,0.686,200
1982-11-10,23:59:59,0.540,200
1983-03-11,23:59:59,0.625,200
1983-07-09,23:59:59,18.116,200
1983-07-10,23:59:59,20.015,200
1984-06-11,23:59:59,19.289,200
1984-07-13,23:59:59,8.185,200
1984-10-03,23:59:59,17.801,200
1985-01-16,23:59:59,18.682,200
1985-06-05,23:59:59,19.534,200
1985-06-17,23:59:59,12.814,200
1985-07-14,23:59:59,0.681,200
1985-12-07,23:59:59,16.302,200
1986-01-24,23:59:59,20.100,200
1986-12-27,23:59:59,0.643,200
1987-02-11,23:59:59,2.804,200
1988-01-02,23:59:59,3.185,200
1988-01-19,23:59:59,1.944,200
1990-04-03,23:59:59,0.605,200
1990-08-03,23:59:59,15.820,200
1990-10-31,23:59:59,0.586,200
1990-12-04,23:59:59,0.550,200
1991-07-28,23:59:59,15.944,200
1991-08-21,23:59:59,0.549,200
1991-10-18,23:59:59,0.435,200
1992-02-01,23:59:59,2.524,200
1992-03-04,23:59:59,3.582,200
1992-03-16,23:59:59,0.830,200
1993-07-12,23:59:59,16.824,200
1993-10-04,23:59:59,4.395,200
1994-08-24,23:59:59,7.982,200
1995-09-24,23:59:59,0.863,200
1995-12-30,23:59:59,18.205,200
1996-03-19,23:59:59,1.683,200
1996-04-01,23:59:59,3.152,200
1996-05-23,23:59:59,0.918,200
1996-07-31,23:59:59,7.668,200
1996-08-01,23:59:59,7.661,200
1997-01-13,23:59:59,0.722,200
1997-12-08,23:59:59,0.792,200
1998-09-26,23:59:59,0.826,200
1999-05-05,23:59:59,6.830,200
1999-06-06,23:59:59,2.932,200
1999-06-15,23:59:59,11.966,200
1999-08-20,23:59:59,9.306,200
2000-07-10,23:59:59,17.044,200
2000-08-12,23:59:59,12.594,200
2000-10-28,23:59:59,9.429,200
2001-02-24,23:59:59,10.917,200
2001-04-05,23:59:59,2.330,200
2001-08-23,23:59:59,2.878,200
2002-10-24,23:59:59,0.800,200
2003-10-25,23:59:59,0.760,200
2004-01-21,23:59:59,0.828,200
2004-10-26,23:59:59,0.757,200
2005-08-14,23:59:59,0.998,200
2007-10-17,23:59:59,1.632,200
2007-11-20,23:59:59,1.213,200
2009-01-22,23:59:59,2.806,200
2009-05-07,23:59:59,6.289,200
2009-09-19,23:59:59,2.845,200
2009-12-20,23:59:59,1.163,200
2010-05-28,23:59:59,1.931,200
2010-08-16,23:59:59,3.377,200
2010-08-17,23:59:59,3.374,200
2012-01-03,23:59:59,2.161,200
2012-06-11,23:59:59,5.682,200
2013-06-09,23:59:59,1.068,200
2014-09-16,23:59:59,5.128,200
2015-08-17,23:59:59,6.343,200
2015-09-08,23:59:59,1.745,200
2017-01-24,23:59:59,1.068,200
2017-03-02,23:59:59,15.993,200
2017-06-19,23:59:59,1.045,200
2018-03-08,23:59:59,1.327,200
2020-10-17,23:59:59,0.919,200
2020-12-30,23:59:59,5.174,200
2022-08-09,23:59:59,1.062,200
2023-02-13,23:59:59,1.860,200
2023-10-03,23:59:59,0.976,200
2024-07-09,23:59:59,4.719,200
1980-12-14,23:59:59,1.362,200
1981-03-21,23:59:59,6.792,200
1982-01-10,23:59:59,0.599,200
1982-03-28,23:59:59,0.668,200
1982-06-06,23:59:59,0.670,200
1982-09-23,23:59:59,0.579,200
1983-11-07,23:59:59,12.482,200
1983-12-08,23:59:59,5.555,200
1983-12-24,23:59:59,5.403,200
1985-09-04,23:59:59,11.990,200
1986-05-16,23:59:59,4.434,200
1986-06-30,23:59:59,3.821,200
1987-02-20,23:59:59,3.625,200
1987-06-10,23:59:59,3.843,200
1987-09-25,23:59:59,0.598,200
1988-08-31,23:59:59,1.057,200
1989-03-02,23:59:59,6.408,200
1990-01-23,23:59:59,0.556,200
1991-12-18,23:59:59,7.809,200
1996-07-01,23:59:59,14.863,200
1996-10-23,23:59:59,0.775,200
1997-04-12,23:59:59,0.893,200
1997-06-08,23:59:59,14.064,200
1998-06-21,23:59:59,17.478,200
1998-11-03,23:59:59,6.672,200
1999-03-15,23:59:59,4.499,200
2000-01-22,23:59:59,2.032,200
2000-04-30,23:59:59,1.302,200
2000-06-07,23:59:59,8.611,200
2000-07-15,23:59:59,16.914,200
2000-12-04,23:59:59,3.014,200
2001-04-27,23:59:59,2.559,200
2001-06-01,23:59:59,4.207,200
2001-06-09,23:59:59,5.069,200
2001-10-13,23:59:59,0.775,200
2001-10-14,23:59:59,0.774,200
2002-10-03,23:59:59,0.800,200
2003-01-20,23:59:59,13.187,200
2003-10-24,23:59:59,0.755,200
2003-11-28,23:59:59,0.798,200
2004-02-05,23:59:59,0.864,200
2004-08-16,23:59:59,16.937,200
2007-04-10,23:59:59,5.466,200
2007-05-22,23:59:59,8.462,200
2007-11-27,23:59:59,1.217,200
2008-02-21,23:59:59,6.095,200
2008-06-25,23:59:59,16.530,200
2009-04-02,23:59:59,10.206,200
2009-10-06,23:59:59,4.726,200
2010-03-22,23:59:59,2.753,200
2010-05-05,23:59:59,1.210,200
2011-08-18,23:59:59,14.912,200
2012-07-29,23:59:59,8.472,200
2012-08-13,23:59:59,7.601,200
2013-03-29,23:59:59,2.593,200
2013-04-20,23:59:59,5.195,200
2013-12-25,23:59:59,1.180,200
2014-01-08,23:59:59,1.561,200
2014-07-31,23:59:59,8.962,200
2015-06-20,23:59:59,1.107,200
2015-10-19,23:59:59,1.054,200
2015-10-23,23:59:59,1.060,200
2016-01-06,23:59:59,1.503,200
2016-10-05,23:59:59,2.973,200
2016-10-07,23:59:59,5.028,200
2016-11-25,23:59:59,0.989,200
2017-05-19,23:59:59,2.793,200
2017-12-11,23:59:59,5.008,200
2018-04-27,23:59:59,7.510,200
2018-04-29,23:59:59,1.814,200
2018-06-26,23:59:59,16.915,200
2018-09-21,23:59:59,0.971,200
2020-01-06,23:59:59,1.972,200
2020-08-23,23:59:59,11.019,200
2021-09-04,23:59:59,4.990,200
2021-10-07,23:59:59,3.006,200
2021-12-04,23:59:59,3.031,200
2022-01-28,23:59:59,8.940,200
2022-05-06,23:59:59,9.392,200
2023-01-22,23:59:59,6.601,200
2024-05-15,23:59:59,5.260,200
2024-08-28,23:59:59,1.068,200
1980-02-23,23:59:59,5.560,200
1980-05-20,23:59:59,17.299,200
1980-08-14,23:59:59,8.665,200
1980-10-21,23:59:59,12.995,200
1980-12-08,23:59:59,1.362,200
1983-04-21,23:59:59,13.609,200
1984-10-12,23:59:59,17.572,200
1985-03-14,23:59:59,3.765,200
1985-10-28,23:59:59,0.719,200
1986-07-08,23:59:59,3.763,200
1987-05-15,23:59:59,2.851,200
1987-07-01,23:59:59,4.667,200
1988-02-16,23:59:59,0.678,200
1988-10-11,23:59:59,0.641,200
1989-04-15,23:59:59,3.947,200
1989-09-25,23:59:59,15.861,200
1990-12-19,23:59:59,0.581,200
1991-12-08,23:59:59,1.709,200
1992-01-13,23:59:59,8.580,200
1992-03-31,23:59:59,3.492,200
1993-04-18,23:59:59,0.842,200
1993-08-06,23:59:59,10.452,200
1994-10-17,23:59:59,12.204,200
1995-01-02,23:59:59,6.211,200
1995-06-18,23:59:59,12.693,200
1995-09-17,23:59:59,0.893,200
1995-10-09,23:59:59,0.909,200
1996-02-20,23:59:59,3.708,200
1996-12-02,23:59:59,17.052,200
1996-12-22,23:59:59,1.479,200
1997-03-15,23:59:59,0.848,200
1997-10-28,23:59:59,0.724,200
1997-12-26,23:59:59,0.820,200
1997-12-30,23:59:59,0.824,200
1998-01-26,23:59:59,3.575,200
1998-06-16,23:59:59,13.826,200
2000-02-27,23:59:59,0.839,200
2000-03-23,23:59:59,2.666,200
2000-05-30,23:59:59,4.206,200
2000-09-20,23:59:59,8.492,200
2000-10-12,23:59:59,1.588,200
2000-10-15,23:59:59,2.810,200
2000-11-29,23:59:59,1.212,200
2001-12-06,23:59:59,0.787,200
2002-01-02,23:59:59,0.858,200
2002-01-22,23:59:59,7.880,200
2003-03-23,23:59:59,4.080,200
2004-09-17,23:59:59,12.661,200
2005-02-13,23:59:59,1.084,200
2006-04-24,23:59:59,1.063,200
2006-05-02,23:59:59,2.720,200
2007-04-09,23:59:59,2.733,200
2007-08-07,23:59:59,12.359,200
2008-04-16,23:59:59,7.902,200
2008-05-19,23:59:59,8.577,200
2008-11-15,23:59:59,1.116,200
2009-03-13,23:59:59,3.426,200
2009-05-13,23:59:59,9.080,200
2009-12-04,23:59:59,1.129,200
2010-06-09,23:59:59,10.226,200
2010-12-10,23:59:59,4.790,200
2012-03-28,23:59:59,5.094,200
2013-04-18,23:59:59,9.136,200
2013-08-04,23:59:59,11.720,200
2013-12-06,23:59:59,4.403,200
2014-03-11,23:59:59,1.803,200
2015-02-03,23:59:59,2.900,200
2016-03-11,23:59:59,1.107,200
2016-04-11,23:59:59,6.506,200
2016-06-28,23:59:59,14.231,200
2016-07-07,23:59:59,16.707,200
2016-10-11,23:59:59,2.921,200
2017-06-20,23:59:59,1.037,200
2018-01-27,23:59:59,1.449,200
2018-04-09,23:59:59,5.631,200
2018-08-03,23:59:59,1.026,200
2019-10-28,23:59:59,0.910,200
2019-12-25,23:59:59,4.925,200
2020-06-13,23:59:59,16.708,200
2020-07-07,23:59:59,8.387,200
2021-09-03,23:59:59,5.013,200
2021-09-07,23:59:59,4.970,200
2023-01-19,23:59:59,5.957,200
2023-02-12,23:59:59,1.086,200
2023-03-07,23:59:59,9.386,200
2023-11-07,23:59:59,9.573,200
2024-06-25,23:59:59,16.677,200
2024-09-12,23:59:59,1.089,200
2024-12-30,23:59:59,7.688,200
1981-03-22,23:59:59,6.792,200
1981-08-23,23:59:59,19.523,200
1982-02-20,23:59:59,3.200,200
1982-04-21,23:59:59,3.357,200
1982-05-28,23:59:59,0.643,200
1982-06-15,23:59:59,19.146,200
1982-12-07,23:59:59,0.519,200
1983-06-03,23:59:59,4.309,200
1983-07-17,23:59:59,2.870,200
1983-12-30,23:59:59,5.385,200
1983-12-31,23:59:59,5.385,200
1984-02-02,23:59:59,8.612,200
1984-02-10,23:59:59,8.901,200
1984-05-12,23:59:59,4.363,200
1985-01-06,23:59:59,15.230,200
1985-02-06,23:59:59,14.555,200
1985-05-06,23:59:59,0.820,200
1985-06-12,23:59:59,19.090,200
1986-05-03,23:59:59,5.352,200
1986-08-11,23:59:59,18.644,200
1987-03-27,23:59:59,0.813,200
1987-06-13,23:59:59,8.585,200
1988-04-29,23:59:59,1.644,200
1988-09-05,23:59:59,6.461,200
1988-12-02,23:59:59,9.154,200
1989-05-23,23:59:59,2.448,200
1989-06-01,23:59:59,2.436,200
1989-08-24,23:59:59,15.501,200
1990-02-21,23:59:59,0.566,200
1991-05-12,23:59:59,2.529,200
1991-07-20,23:59:59,15.688,200
1992-04-22,23:59:59,4.620,200
1994-12-13,23:59:59,0.873,200
1995-09-18,23:59:59,0.877,200
1995-09-28,23:59:59,1.165,200
1995-10-28,23:59:59,4.777,200
1996-11-05,23:59:59,0.793,200
1997-01-25,23:59:59,0.878,200
1997-02-24,23:59:59,1.318,200
1997-08-05,23:59:59,16.904,200
1997-09-14,23:59:59,0.712,200
1998-04-06,23:59:59,6.100,200
1998-08-09,23:59:59,0.854,200
1999-04-29,23:59:59,2.366,200
1999-11-09,23:59:59,0.769,200
2000-06-26,23:59:59,17.549,200
2000-07-30,23:59:59,6.242,200
2000-08-20,23:59:59,13.488,200
2000-10-19,23:59:59,0.871,200
2001-12-25,23:59:59,0.832,200
2002-03-05,23:59:59,3.594,200
2002-03-06,23:59:59,3.599,200
2002-06-03,23:59:59,8.482,200
2002-06-19,23:59:59,2.573,200
2002-08-09,23:59:59,6.598,200
2002-11-21,23:59:59,8.486,200
2003-05-18,23:59:59,10.558,200
2003-08-16,23:59:59,1.285,200
2003-10-30,23:59:59,0.760,200
2005-09-05,23:59:59,0.989,200
2005-10-28,23:59:59,1.000,200
2006-03-17,23:59:59,7.229,200
2006-09-18,23:59:59,1.014,200
2006-10-18,23:59:59,1.201,200
2006-10-23,23:59:59,1.064,200
2006-12-13,23:59:59,1.115,200
2007-08-27,23:59:59,1.089,200
2009-07-17,23:59:59,7.996,200
2010-04-13,23:59:59,5.293,200
2011-03-21,23:59:59,2.294,200
2012-03-21,23:59:59,2.735,200
2012-11-21,23:59:59,0.323,200
2013-01-16,23:59:59,5.517,200
2013-11-22,23:59:59,1.178,200
2014-06-06,23:59:59,1.047,200
2015-06-12,23:59:59,1.074,200
2015-07-20,23:59:59,16.294,200
2016-03-22,23:59:59,2.765,200
2018-10-01,23:59:59,1.011,200
2019-02-14,23:59:59,16.864,200
2019-05-22,23:59:59,10.742,200
2019-09-18,23:59:59,1.792,200
2020-05-02,23:59:59,3.915,200
2020-06-03,23:59:59,16.179,200
2020-08-21,23:59:59,16.867,200
2021-08-25,23:59:59,1.266,200
2022-08-17,23:59:59,1.040,200
2022-09-18,23:59:59,9.130,200
2023-02-15,23:59:59,6.014,200
2023-10-20,23:59:59,1.068,200
2024-01-26,23:59:59,1.101,200
2024-05-24,23:59:59,13.967,200
2024-06-17,23:59:59,5.369,200
2024-10-23,23:59:59,2.080,200
2024-11-13,23:59:59,1.087,200
2024-12-08,23:59:59,10.717,200
1980-04-03,23:59:59,2.296,200
1981-11-07,23:59:59,0.550,200
1982-01-16,23:59:59,0.527,200
1983-02-11,23:59:59,0.691,200
1984-07-25,23:59:59,18.874,200
1984-09-15,23:59:59,0.650,200
1984-11-21,23:59:59,0.685,200
1985-08-03,23:59:59,13.073,200
1986-01-09,23:59:59,5.339,200
1986-03-09,23:59:59,6.995,200
1986-11-21,23:59:59,18.530,200
1986-11-27,23:59:59,17.814,200
1988-10-22,23:59:59,17.321,200
1989-07-15,23:59:59,3.899,200
1989-10-03,23:59:59,13.452,200
1990-07-31,23:59:59,16.134,200
1990-10-02,23:59:59,7.137,200
1990-10-29,23:59:59,0.585,200
1991-04-07,23:59:59,0.727,200
1993-04-25,23:59:59,6.458,200
1993-07-05,23:59:59,12.007,200
1993-09-01,23:59:59,16.825,200
1994-04-02,23:59:59,11.303,200
1994-09-29,23:59:59,12.673,200
1995-01-04,23:59:59,8.459,200
1995-08-25,23:59:59,0.819,200
1996-07-11,23:59:59,15.314,200
1997-02-27,23:59:59,1.273,200
1997-06-26,23:59:59,16.838,200
1997-06-29,23:59:59,17.132,200
1997-10-22,23:59:59,0.722,200
1998-07-09,23:59:59,12.795,200
2000-11-17,23:59:59,9.373,200
2001-05-04,23:59:59,8.979,200
2001-06-23,23:59:59,1.165,200
2001-07-29,23:59:59,0.773,200
2001-12-15,23:59:59,0.821,200
2002-06-17,23:59:59,0.839,200
2002-07-25,23:59:59,14.431,200
2003-10-10,23:59:59,0.762,200
2003-11-15,23:59:59,0.777,200
2004-08-17,23:59:59,17.094,200
2004-11-09,23:59:59,0.630,200
2004-11-16,23:59:59,0.642,200
2005-06-22,23:59:59,17.009,200
2005-09-21,23:59:59,3.325,200
2005-11-24,23:59:59,1.015,200
2006-02-13,23:59:59,1.032,200
2006-03-06,23:59:59,1.924,200
2006-07-06,23:59:59,17.081,200
2006-10-13,23:59:59,1.070,200
2007-04-01,23:59:59,5.928,200
2007-07-17,23:59:59,16.726,200
2007-10-01,23:59:59,1.150,200
2007-12-13,23:59:59,2.656,200
2008-08-15,23:59:59,1.731,200
2009-04-21,23:59:59,2.944,200
2009-07-10,23:59:59,16.507,200
2010-01-29,23:59:59,3.287,200
2010-05-19,23:59:59,1.299,200
2013-08-10,23:59:59,13.801,200
2013-11-01,23:59:59,1.025,200
2014-01-12,23:59:59,1.560,200
2014-07-12,23:59:59,12.864,200
2014-09-05,23:59:59,5.017,200
2015-09-30,23:59:59,4.972,200
2016-03-20,23:59:59,2.699,200
2016-08-14,23:59:59,12.631,200
2017-02-06,23:59:59,0.990,200
2017-06-01,23:59:59,4.758,200
2017-08-08,23:59:59,4.529,200
2018-09-17,23:59:59,0.986,200
2018-11-03,23:59:59,2.675,200
2019-01-02,23:59:59,1.036,200
2019-03-15,23:59:59,12.594,200
2019-06-26,23:59:59,17.331,200
2019-07-03,23:59:59,17.160,200
2020-01-19,23:59:59,1.413,200
2020-07-26,23:59:59,3.617,200
2021-02-19,23:59:59,3.177,200
2021-12-10,23:59:59,5.082,200
2022-07-19,23:59:59,1.142,200
2022-08-24,23:59:59,1.083,200
2023-01-01,23:59:59,5.842,200
2023-05-13,23:59:59,1.110,200
2024-09-13,23:59:59,1.101,200
1980-05-21,23:59:59,9.562,200
1980-12-02,23:59:59,1.467,200
1982-06-12,23:59:59,14.003,200
1983-04-03,23:59:59,0.653,200
1983-11-18,23:59:59,12.526,200
1984-02-04,23:59:59,8.591,200
1984-03-30,23:59:59,9.958,200
1984-11-27,23:59:59,0.697,200
1985-07-10,23:59:59,0.681,200
1985-09-27,23:59:59,0.697,200
1986-08-08,23:59:59,18.775,200
1986-09-24,23:59:59,0.628,200
1987-05-24,23:59:59,2.790,200
1987-07-03,23:59:59,3.841,200
1987-07-08,23:59:59,2.211,200
1988-11-13,23:59:59,7.940,200
1990-10-27,23:59:59,0.586,200
1991-02-14,23:59:59,6.067,200
1991-02-27,23:59:59,1.257,200
1991-11-01,23:59:59,1.663,200
1992-11-10,23:59:59,0.721,200
1992-12-25,23:59:59,0.784,200
1993-03-14,23:59:59,7.357,200
1993-04-11,23:59:59,0.875,200
1993-05-01,23:59:59,8.683,200
1993-06-23,23:59:59,13.082,200
1993-08-10,23:59:59,12.610,200
1995-06-14,23:59:59,16.753,200
1996-01-23,23:59:59,8.363,200
1996-03-20,23:59:59,2.117,200
1998-02-06,23:59:59,4.207,200
1998-04-10,23:59:59,4.302,200
1998-05-23,23:59:59,8.519,200
1998-07-29,23:59:59,0.848,200
1999-01-08,23:59:59,2.968,200
1999-05-10,23:59:59,17.359,200
2000-03-11,23:59:59,3.124,200
2000-12-17,23:59:59,1.211,200
2001-08-20,23:59:59,2.875,200
2003-01-03,23:59:59,6.909,200
2003-01-24,23:59:59,17.766,200
2003-02-08,23:59:59,0.866,200
2003-04-09,23:59:59,6.601,200
2003-10-21,23:59:59,0.755,200
2004-05-08,23:59:59,3.548,200
2004-07-04,23:59:59,1.184,200
2006-06-06,23:59:59,2.495,200
2007-12-03,23:59:59,1.107,200
2008-07-16,23:59:59,1.948,200
2009-08-27,23:59:59,1.249,200
2009-09-09,23:59:59,1.246,200
2009-10-13,23:59:59,1.187,200
2010-01-09,23:59:59,1.162,200
2011-09-28,23:59:59,2.401,200
2011-11-02,23:59:59,1.152,200
2012-05-16,23:59:59,4.106,200
2012-06-14,23:59:59,9.724,200
2013-01-09,23:59:59,10.564,200
2013-06-13,23:59:59,11.013,200
2013-12-11,23:59:59,5.111,200
2014-03-17,23:59:59,16.443,200
2015-01-07,23:59:59,5.180,200
2015-08-29,23:59:59,6.698,200
2015-10-09,23:59:59,1.047,200
2016-01-02,23:59:59,2.268,200
2016-01-26,23:59:59,3.019,200
2016-02-10,23:59:59,1.014,200
2016-08-22,23:59:59,12.108,200
2017-03-05,23:59:59,4.199,200
2017-08-23,23:59:59,3.425,200
2018-06-13,23:59:59,17.035,200
2018-08-01,23:59:59,1.025,200
2018-12-26,23:59:59,1.022,200
2019-04-22,23:59:59,6.468,200
2019-08-22,23:59:59,4.763,200
2019-11-22,23:59:59,1.034,200
2019-12-21,23:59:59,4.953,200
2020-05-23,23:59:59,9.895,200
2021-04-24,23:59:59,1.584,200
2021-05-29,23:59:59,10.337,200
2021-09-17,23:59:59,1.104,200
2022-02-04,23:59:59,2.503,200
2022-11-24,23:59:59,9.293,200
2023-01-23,23:59:59,6.239,200
2023-02-14,23:59:59,2.832,200
2023-06-16,23:59:59,7.847,200
2023-12-31,23:59:59,2.302,200
2024-01-11,23:59:59,1.082,200
2024-02-17,23:59:59,1.119,200
2024-04-27,23:59:59,5.447,200
2024-05-08,23:59:59,16.482,200
2024-10-30,23:59:59,1.077,200
1980-04-14,23:59:59,4.077,200
1980-10-10,23:59:59,13.126,200
1980-12-25,23:59:59,1.362,200
1981-07-30,23:59:59,13.336,200
1981-12-22,23:59:59,0.629,200
1982-06-04,23:59:59,0.658,200
1983-01-13,23:59:59,0.644,200
1983-03-19,23:59:59,0.706,200
1983-05-13,23:59:59,19.728,200
1984-04-20,23:59:59,4.518,200
1984-05-16,23:59:59,8.697,200
1986-08-25,23:59:59,19.129,200
1986-12-17,23:59:59,1.322,200
1987-08-30,23:59:59,16.964,200
1987-10-18,23:59:59,0.591,200
1988-03-23,23:59:59,2.464,200
1988-09-11,23:59:59,10.132,200
1988-11-22,23:59:59,10.948,200
1989-06-24,23:59:59,4.598,200
1989-07-05,23:59:59,7.824,200
1989-10-08,23:59:59,13.346,200
1989-12-30,23:59:59,0.534,200
1990-08-01,23:59:59,16.005,200
1991-06-11,23:59:59,7.691,200
1991-12-01,23:59:59,1.705,200
1992-02-27,23:59:59,5.483,200
1992-03-12,23:59:59,0.839,200
1992-11-04,23:59:59,0.715,200
1994-05-31,23:59:59,0.923,200
1995-04-06,23:59:59,0.935,200
1995-11-22,23:59:59,17.400,200
1995-12-15,23:59:59,6.677,200
1996-07-08,23:59:59,10.858,200
1998-04-20,23:59:59,4.280,200
1998-04-23,23:59:59,4.267,200
1998-11-02,23:59:59,8.999,200
1999-04-20,23:59:59,3.636,200
1999-12-03,23:59:59,14.900,200
2000-05-02,23:59:59,4.090,200
2000-09-11,23:59:59,2.995,200
2000-11-30,23:59:59,1.207,200
2003-05-28,23:59:59,10.866,200
2003-09-12,23:59:59,0.734,200
2004-02-14,23:59:59,3.228,200
2005-01-01,23:59:59,0.666,200
2005-05-22,23:59:59,7.370,200
2006-03-26,23:59:59,4.799,200
2006-05-13,23:59:59,1.052,200
2006-10-12,23:59:59,1.068,200
2006-11-20,23:59:59,1.091,200
2008-08-21,23:59:59,1.457,200
2009-04-15,23:59:59,2.231,200
2009-10-27,23:59:59,4.796,200
2009-12-01,23:59:59,1.126,200
2010-02-28,23:59:59,1.983,200
2010-04-25,23:59:59,1.244,200
2010-08-21,23:59:59,6.250,200
2011-05-23,23:59:59,10.130,200
2011-08-26,23:59:59,6.265,200
2011-11-12,23:59:59,1.104,200
2012-05-04,23:59:59,16.917,200
2012-06-10,23:59:59,5.694,200
2012-12-25,23:59:59,1.033,200
2013-05-25,23:59:59,5.170,200
2013-12-10,23:59:59,4.043,200
2015-02-16,23:59:59,14.206,200
2015-09-06,23:59:59,1.019,200
2016-02-04,23:59:59,1.002,200
2016-03-25,23:59:59,1.152,200
2016-04-09,23:59:59,14.340,200
2016-05-02,23:59:59,16.634,200
2016-09-27,23:59:59,3.747,200
2017-09-08,23:59:59,1.100,200
2018-03-07,23:59:59,1.074,200
2019-04-13,23:59:59,1.073,200
2020-04-05,23:59:59,14.763,200
2020-05-24,23:59:59,15.046,200
2021-04-11,23:59:59,9.734,200
2022-07-28,23:59:59,1.024,200
2023-01-05,23:59:59,5.288,200
2023-02-16,23:59:59,16.207,200
2023-09-05,23:59:59,2.960,200
2023-09-29,23:59:59,0.973,200
2024-03-25,23:59:59,6.923,200
2024-04-07,23:59:59,1.780,200
2024-08-19,23:59:59,8.674,200
2024-12-29,23:59:59,7.393,200
1982-08-29,23:59:59,18.035,200
1982-12-14,23:59:59,0.521,200
1983-02-23,23:59:59,0.570,200
1983-03-22,23:59:59,0.643,200
1983-04-19,23:59:59,10.003,200
1985-11-23,23:59:59,4.386,200
1987-10-16,23:59:59,0.590,200
1987-11-06,23:59:59,0.655,200
1988-05-13,23:59:59,7.877,200
1989-02-20,23:59:59,4.645,200
1989-06-07,23:59:59,2.441,200
1989-07-25,23:59:59,16.717,200
1990-01-18,23:59:59,0.549,200
1991-05-31,23:59:59,7.807,200
1991-06-15,23:59:59,7.743,200
1992-12-15,23:59:59,0.775,200
1993-01-24,23:59:59,0.852,200
1993-02-02,23:59:59,3.630,200
1993-05-21,23:59:59,0.821,200
1996-02-09,23:59:59,4.767,200
1996-08-20,23:59:59,3.577,200
1996-10-25,23:59:59,0.776,200
1998-09-04,23:59:59,15.643,200
1998-12-12,23:59:59,1.303,200
1998-12-31,23:59:59,4.181,200
1999-05-06,23:59:59,7.823,200
1999-06-08,23:59:59,7.052,200
1999-11-25,23:59:59,0.966,200
2000-06-22,23:59:59,13.819,200
2000-08-13,23:59:59,12.574,200
2001-03-02,23:59:59,11.699,200
2001-04-06,23:59:59,3.473,200
2003-08-11,23:59:59,1.305,200
2004-05-30,23:59:59,17.191,200
2004-09-29,23:59:59,16.953,200
2004-12-23,23:59:59,0.669,200
2004-12-29,23:59:59,0.676,200
2005-08-20,23:59:59,0.993,200
2006-01-27,23:59:59,1.060,200
2006-04-25,23:59:59,1.059,200
2006-12-17,23:59:59,1.120,200
2007-01-23,23:59:59,5.247,200
2007-05-24,23:59:59,1.064,200
2008-05-06,23:59:59,15.017,200
2009-11-22,23:59:59,1.130,200
2010-08-18,23:59:59,3.374,200
2012-02-17,23:59:59,2.705,200
2015-04-21,23:59:59,3.134,200
2015-06-26,23:59:59,16.154,200
2016-04-02,23:59:59,3.531,200
2017-06-16,23:59:59,8.689,200
2017-12-31,23:59:59,1.047,200
2018-03-12,23:59:59,1.499,200
2019-01-26,23:59:59,1.052,200
2019-04-02,23:59:59,1.058,200
2019-05-05,23:59:59,2.533,200
2019-07-15,23:59:59,6.707,200
2020-08-02,23:59:59,1.642,200
2020-08-11,23:59:59,13.252,200
2022-01-20,23:59:59,11.707,200
2022-02-01,23:59:59,10.900,200
2022-02-05,23:59:59,2.230,200
2022-03-08,23:59:59,8.801,200
2024-09-15,23:59:59,1.102,200
1980-08-05,23:59:59,8.665,200
1981-06-29,23:59:59,12.674,200
1981-12-12,23:59:59,0.640,200
1982-01-02,23:59:59,0.599,200
1982-02-11,23:59:59,2.959,200
1982-09-06,23:59:59,13.609,200
1982-09-13,23:59:59,0.636,200
1983-02-27,23:59:59,0.554,200
1983-10-16,23:59:59,11.274,200
1983-11-24,23:59:59,19.891,200
1984-12-20,23:59:59,19.415,200
1985-04-19,23:59:59,1.814,200
1985-09-13,23:59:59,15.366,200
1986-01-22,23:59:59,20.271,200
1986-10-30,23:59:59,0.690,200
1986-12-09,23:59:59,0.634,200
1987-07-23,23:59:59,16.776,200
1989-04-14,23:59:59,3.946,200
1989-12-24,23:59:59,0.526,200
1990-01-26,23:59:59,0.558,200
1990-03-15,23:59:59,0.614,200
1991-06-02,23:59:59,7.758,200
1991-07-22,23:59:59,15.578,200
1992-01-03,23:59:59,3.537,200
1993-11-16,23:59:59,1.727,200
1995-02-18,23:59:59,15.380,200
1995-04-28,23:59:59,0.959,200
1995-05-08,23:59:59,4.625,200
1996-03-23,23:59:59,2.753,200
1998-02-26,23:59:59,6.432,200
1998-11-14,23:59:59,1.659,200
1999-07-24,23:59:59,11.446,200
2000-05-06,23:59:59,1.672,200
2000-11-15,23:59:59,9.305,200
2001-05-08,23:59:59,3.672,200
2001-08-26,23:59:59,1.756,200
2001-09-15,23:59:59,0.761,200
2002-10-04,23:59:59,0.799,200
2003-01-30,23:59:59,16.290,200
2003-12-04,23:59:59,0.823,200
2003-12-23,23:59:59,0.883,200
2003-12-30,23:59:59,0.894,200
2004-01-27,23:59:59,0.853,200
2004-01-31,23:59:59,1.294,200
2004-02-21,23:59:59,1.634,200
2004-03-17,23:59:59,3.601,200
2005-06-03,23:59:59,11.791,200
2005-09-02,23:59:59,0.979,200
2006-10-10,23:59:59,1.067,200
2006-10-21,23:59:59,1.061,200
2007-03-22,23:59:59,8.788,200
2007-09-02,23:59:59,10.679,200
2008-04-06,23:59:59,4.036,200
2009-03-08,23:59:59,2.967,200
2009-05-04,23:59:59,7.628,200
2009-06-28,23:59:59,16.632,200
2009-12-23,23:59:59,1.164,200
2010-06-12,23:59:59,13.299,200
2012-08-15,23:59:59,7.644,200
2013-11-20,23:59:59,1.173,200
2014-11-30,23:59:59,0.996,200
2015-11-02,23:59:59,1.014,200
2015-11-03,23:59:59,0.984,200
2015-11-16,23:59:59,4.566,200
2016-08-04,23:59:59,6.976,200
2016-09-13,23:59:59,3.057,200
2017-10-02,23:59:59,1.047,200
2018-12-22,23:59:59,1.021,200
2020-03-13,23:59:59,2.030,200
2020-04-30,23:59:59,3.936,200
2020-05-16,23:59:59,16.916,200
2021-01-03,23:59:59,1.077,200
2021-05-16,23:59:59,1.881,200
2021-07-26,23:59:59,6.422,200
2021-09-27,23:59:59,1.128,200
2021-10-18,23:59:59,5.749,200
2022-12-03,23:59:59,2.992,200
2024-09-17,23:59:59,1.101,200
1980-09-02,23:59:59,8.665,200
1980-11-28,23:59:59,1.467,200
1981-02-22,23:59:59,0.684,200
1981-04-25,23:59:59,6.792,200
1981-05-12,23:59:59,6.498,200
1982-08-10,23:59:59,17.789,200
1984-07-08,23:59:59,8.173,200
1984-11-17,23:59:59,0.670,200
1985-12-16,23:59:59,4.473,200
1986-10-14,23:59:59,0.624,200
1986-10-17,23:59:59,0.668,200
1986-12-03,23:59:59,0.682,200
1986-12-05,23:59:59,0.652,200
1986-12-22,23:59:59,0.643,200
1987-03-28,23:59:59,0.814,200
1988-03-12,23:59:59,0.743,200
1988-06-05,23:59:59,7.592,200
1988-06-22,23:59:59,7.626,200
1988-09-21,23:59:59,0.603,200
1988-12-13,23:59:59,10.760,200
1989-02-14,23:59:59,2.473,200
1989-09-18,23:59:59,15.469,200
1989-09-29,23:59:59,13.619,200
1990-01-07,23:59:59,0.549,200
1990-01-14,23:59:59,0.552,200
1990-05-15,23:59:59,0.633,200
1990-06-14,23:59:59,0.631,200
1992-04-02,23:59:59,0.854,200
1992-10-01,23:59:59,9.224,200
1995-05-29,23:59:59,0.919,200
1996-05-12,23:59:59,11.577,200
1996-07-19,23:59:59,15.044,200
1996-08-25,23:59:59,3.698,200
1996-10-08,23:59:59,0.790,200
1997-07-14,23:59:59,16.728,200
1997-11-26,23:59:59,0.768,200
1998-08-24,23:59:59,12.826,200
2000-11-07,23:59:59,7.606,200
2002-03-15,23:59:59,3.592,200
2002-05-14,23:59:59,7.625,200
2003-02-02,23:59:59,2.041,200
2003-03-18,23:59:59,5.731,200
2003-03-27,23:59:59,6.698,200
2004-12-30,23:59:59,0.668,200
2005-01-10,23:59:59,0.676,200
2005-02-05,23:59:59,2.701,200
2005-04-30,23:59:59,6.361,200
2005-05-15,23:59:59,4.166,200
2006-03-27,23:59:59,14.072,200
2006-11-17,23:59:59,1.080,200
2007-03-02,23:59:59,3.651,200
2007-06-02,23:59:59,1.060,200
2009-04-30,23:59:59,3.395,200
2009-05-14,23:59:59,9.083,200
2009-09-23,23:59:59,4.089,200
2010-01-31,23:59:59,1.187,200
2010-06-02,23:59:59,10.138,200
2010-06-17,23:59:59,16.768,200
2011-08-22,23:59:59,3.052,200
2012-10-01,23:59:59,0.324,200
2012-11-04,23:59:59,0.880,200
2013-04-12,23:59:59,7.083,200
2013-08-07,23:59:59,15.579,200
2013-12-07,23:59:59,2.931,200
2014-03-19,23:59:59,8.112,200
2014-06-27,23:59:59,2.570,200
2014-11-04,23:59:59,0.987,200
2015-04-10,23:59:59,7.534,200
2015-04-30,23:59:59,1.380,200
2015-06-17,23:59:59,5.942,200
2016-01-03,23:59:59,4.388,200
2016-09-18,23:59:59,3.303,200
2017-08-11,23:59:59,1.536,200
2018-02-14,23:59:59,1.896,200
2019-11-28,23:59:59,1.013,200
2020-05-12,23:59:59,11.075,200
2020-05-25,23:59:59,16.991,200
2021-05-13,23:59:59,1.159,200
2021-05-19,23:59:59,3.972,200
2022-06-08,23:59:59,5.685,200
2022-11-16,23:59:59,15.024,200
2024-05-29,23:59:59,10.168,200
1980-12-16,23:59:59,1.362,200
1982-03-14,23:59:59,9.967,200
1983-11-30,23:59:59,7.097,200
1984-03-03,23:59:59,2.726,200
1984-10-26,23:59:59,0.673,200
1986-02-06,23:59:59,0.785,200
1987-08-01,23:59:59,16.262,200
1988-03-31,23:59:59,2.495,200
1988-04-16,23:59:59,2.532,200
1988-07-20,23:59:59,0.643,200
1988-10-12,23:59:59,0.640,200
1989-02-18,23:59:59,4.624,200
1989-02-23,23:59:59,6.078,200
1989-03-08,23:59:59,6.408,200
1990-01-06,23:59:59,0.548,200
1990-03-11,23:59:59,0.592,200
1990-07-14,23:59:59,0.649,200
1991-07-24,23:59:59,15.422,200
1991-11-18,23:59:59,2.016,200
1991-12-28,23:59:59,1.904,200
1993-12-17,23:59:59,0.704,200
1994-06-17,23:59:59,8.239,200
1994-07-31,23:59:59,8.099,200
1995-01-05,23:59:59,8.425,200
1995-05-15,23:59:59,1.000,200
1995-07-06,23:59:59,8.807,200
1995-08-30,23:59:59,0.819,200
1995-09-21,23:59:59,0.857,200
1996-02-29,23:59:59,8.608,200
1996-03-03,23:59:59,17.394,200
1996-10-09,23:59:59,0.773,200
1996-10-11,23:59:59,0.765,200
1997-11-01,23:59:59,0.729,200
1998-01-17,23:59:59,3.555,200
1998-03-09,23:59:59,15.282,200
1998-08-04,23:59:59,0.843,200
1998-12-05,23:59:59,1.279,200
1999-01-15,23:59:59,2.968,200
1999-06-21,23:59:59,17.253,200
1999-07-31,23:59:59,16.457,200
1999-09-04,23:59:59,0.744,200
2000-03-22,23:59:59,2.666,200
2000-07-08,23:59:59,17.133,200
2000-09-02,23:59:59,16.324,200
2000-12-03,23:59:59,4.257,200
2001-03-17,23:59:59,3.478,200
2002-01-15,23:59:59,0.889,200
2003-10-18,23:59:59,1.224,200
2003-11-27,23:59:59,0.799,200
2004-04-24,23:59:59,2.434,200
2004-11-13,23:59:59,0.613,200
2005-01-17,23:59:59,0.717,200
2005-08-23,23:59:59,0.975,200
2006-08-14,23:59:59,4.130,200
2006-09-16,23:59:59,1.012,200
2007-07-29,23:59:59,11.471,200
2007-08-20,23:59:59,2.938,200
2010-04-23,23:59:59,6.010,200
2010-12-22,23:59:59,1.158,200
2011-02-18,23:59:59,4.134,200
2011-05-24,23:59:59,8.106,200
2011-10-19,23:59:59,1.117,200
2012-03-13,23:59:59,1.199,200
2013-11-27,23:59:59,2.394,200
2014-05-16,23:59:59,11.867,200
2014-09-03,23:59:59,5.076,200
2014-12-24,23:59:59,0.978,200
2015-02-12,23:59:59,4.180,200
2015-08-08,23:59:59,6.558,200
2016-02-05,23:59:59,1.030,200
2016-03-05,23:59:59,2.592,200
2016-05-18,23:59:59,1.120,200
2017-01-25,23:59:59,1.007,200
2017-05-16,23:59:59,9.135,200
2018-01-02,23:59:59,5.013,200
2018-07-21,23:59:59,1.030,200
2019-01-06,23:59:59,1.050,200
2021-05-11,23:59:59,1.162,200
2021-11-01,23:59:59,7.449,200
2021-12-31,23:59:59,3.107,200
2022-07-06,23:59:59,5.058,200
2022-07-21,23:59:59,1.092,200
2023-02-27,23:59:59,5.834,200
2023-08-17,23:59:59,15.543,200
2023-11-29,23:59:59,2.306,200
2024-01-04,23:59:59,2.433,200
2024-02-25,23:59:59,1.114,200
2024-06-22,23:59:59,15.425,200
2024-11-17,23:59:59,5.730,200
2024-11-20,23:59:59,9.080,200
1980-03-21,23:59:59,11.233,200
1980-06-24,23:59:59,8.665,200
1980-07-13,23:59:59,5.269,200
1980-08-16,23:59:59,8.665,200
1980-10-18,23:59:59,12.995,200
1981-08-27,23:59:59,18.997,200
1981-12-09,23:59:59,0.640,200
1982-07-06,23:59:59,17.854,200
1984-03-28,23:59:59,4.427,200
1984-06-15,23:59:59,18.981,200
1984-11-01,23:59:59,0.672,200
1985-10-12,23:59:59,0.704,200
1985-10-21,23:59:59,1.865,200
1986-07-22,23:59:59,19.864,200
1987-05-12,23:59:59,2.842,200
1987-10-12,23:59:59,0.591,200
1989-02-11,23:59:59,1.848,200
1989-05-06,23:59:59,2.464,200
1989-12-27,23:59:59,0.536,200
1990-05-06,23:59:59,0.647,200
1990-10-26,23:59:59,0.588,200
1991-05-25,23:59:59,6.434,200
1992-08-09,23:59:59,0.731,200
1993-01-14,23:59:59,0.817,200
1993-03-17,23:59:59,5.318,200
1993-05-16,23:59:59,0.839,200
1993-09-28,23:59:59,6.602,200
1994-06-16,23:59:59,8.291,200
1995-01-30,23:59:59,4.658,200
1995-11-13,23:59:59,8.532,200
1996-07-26,23:59:59,7.738,200
1997-02-07,23:59:59,11.563,200
1998-05-28,23:59:59,4.943,200
1998-10-07,23:59:59,8.880,200
2000-08-06,23:59:59,12.708,200
2000-08-25,23:59:59,16.711,200
2000-09-08,23:59:59,16.877,200
2001-01-01,23:59:59,0.884,200
2002-06-12,23:59:59,8.093,200
2002-07-15,23:59:59,17.205,200
2002-08-20,23:59:59,1.197,200
2002-10-25,23:59:59,0.802,200
2002-12-02,23:59:59,4.025,200
2003-03-24,23:59:59,2.880,200
2004-09-22,23:59:59,17.365,200
2005-05-20,23:59:59,7.860,200
2006-12-15,23:59:59,1.117,200
2007-09-12,23:59:59,4.732,200
2008-01-16,23:59:59,1.066,200
2008-08-28,23:59:59,1.252,200
2008-12-14,23:59:59,1.163,200
2009-03-12,23:59:59,4.354,200
2010-08-22,23:59:59,3.372,200
2010-10-01,23:59:59,1.097,200
2013-07-10,23:59:59,1.083,200
2013-07-11,23:59:59,1.080,200
2016-08-24,23:59:59,14.044,200
2017-12-16,23:59:59,3.294,200
2018-07-11,23:59:59,1.043,200
2018-12-31,23:59:59,3.137,200
2019-01-03,23:59:59,3.122,200
2019-06-17,23:59:59,11.644,200
2019-07-14,23:59:59,8.054,200
2019-11-10,23:59:59,1.020,200
2020-02-14,23:59:59,2.661,200
2021-01-08,23:59:59,1.084,200
2021-02-25,23:59:59,8.975,200
2021-05-05,23:59:59,6.460,200
2023-07-09,23:59:59,16.824,200
2023-09-01,23:59:59,4.728,200
2024-07-30,23:59:59,10.878,200
1980-01-31,23:59:59,5.560,200
1980-05-18,23:59:59,17.299,200
1980-11-15,23:59:59,5.535,200
1981-02-14,23:59:59,0.640,200
1981-04-05,23:59:59,6.718,200
1981-09-09,23:59:59,17.899,200
1982-08-13,23:59:59,17.547,200
1982-09-27,23:59:59,0.572,200
1983-01-18,23:59:59,0.623,200
1984-05-31,23:59:59,8.888,200
1984-09-04,23:59:59,0.657,200
1985-01-25,23:59:59,18.333,200
1985-09-21,23:59:59,0.902,200
1985-10-19,23:59:59,0.700,200
1985-10-31,23:59:59,2.431,200
1986-02-22,23:59:59,0.801,200
1987-07-14,23:59:59,1.821,200
1987-09-12,23:59:59,2.244,200
1988-05-03,23:59:59,8.038,200
1989-05-11,23:59:59,2.454,200
1989-06-20,23:59:59,4.627,200
1989-10-07,23:59:59,13.267,200
1989-10-13,23:59:59,1.927,200
1989-11-24,23:59:59,0.467,200
1990-04-26,23:59:59,0.630,200
1992-03-06,23:59:59,1.252,200
1992-04-25,23:59:59,4.456,200
1992-09-09,23:59:59,6.805,200
1994-02-20,23:59:59,1.072,200
1994-05-25,23:59:59,8.596,200
1994-08-12,23:59:59,7.945,200
1994-12-16,23:59:59,0.880,200
1995-01-29,23:59:59,2.249,200
1995-07-20,23:59:59,11.867,200
1995-11-24,23:59:59,15.869,200
1996-04-27,23:59:59,5.663,200
1996-05-02,23:59:59,16.752,200
1998-06-10,23:59:59,6.962,200
1998-12-14,23:59:59,1.293,200
1998-12-19,23:59:59,5.370,200
1999-01-01,23:59:59,4.182,200
1999-04-17,23:59:59,0.857,200
1999-05-30,23:59:59,0.843,200
1999-11-07,23:59:59,0.766,200
2000-02-23,23:59:59,0.833,200
2000-05-07,23:59:59,1.681,200
2001-10-02,23:59:59,0.773,200
2001-11-22,23:59:59,0.854,200
2003-01-18,23:59:59,17.132,200
2003-04-11,23:59:59,14.349,200
2005-03-24,23:59:59,1.252,200
2005-10-31,23:59:59,6.130,200
2005-12-06,23:59:59,0.996,200
2006-07-22,23:59:59,9.492,200
2007-07-12,23:59:59,12.256,200
2008-12-02,23:59:59,1.166,200
2009-01-18,23:59:59,2.816,200
2010-01-12,23:59:59,1.170,200
2010-03-05,23:59:59,2.783,200
2010-06-21,23:59:59,14.347,200
2011-01-04,23:59:59,1.171,200
2011-05-20,23:59:59,8.402,200
2011-08-14,23:59:59,7.590,200
2012-05-07,23:59:59,7.550,200
2012-07-20,23:59:59,4.146,200
2013-07-13,23:59:59,1.078,200
2014-08-20,23:59:59,16.684,200
2015-02-08,23:59:59,6.232,200
2015-03-17,23:59:59,3.538,200
2015-04-13,23:59:59,8.522,200
2015-08-06,23:59:59,13.681,200
2015-12-08,23:59:59,1.009,200
2016-04-12,23:59:59,4.695,200
2017-01-08,23:59:59,4.943,200
2017-08-10,23:59:59,3.505,200
2017-11-01,23:59:59,4.941,200
2018-01-30,23:59:59,1.444,200
2018-04-25,23:59:59,8.205,200
2018-08-07,23:59:59,3.845,200
2019-04-19,23:59:59,1.039,200
2019-08-27,23:59:59,6.714,200
2019-09-16,23:59:59,1.805,200
2021-05-22,23:59:59,7.173,200
2021-10-13,23:59:59,5.058,200
2022-11-08,23:59:59,11.361,200
2024-01-12,23:59:59,1.081,200
2024-02-23,23:59:59,1.112,200
2024-03-16,23:59:59,1.854,200
2024-07-18,23:59:59,6.556,200
1980-05-16,23:59:59,17.299,200
1980-07-24,23:59:59,8.665,200
1985-02-10,23:59:59,3.941,200
1985-03-20,23:59:59,2.845,200
1986-02-17,23:59:59,0.769,200
1987-11-28,23:59:59,3.128,200
1987-12-14,23:59:59,4.583,200
1988-01-11,23:59:59,0.682,200
1988-09-12,23:59:59,6.767,200
1989-01-13,23:59:59,2.537,200
1989-12-12,23:59:59,16.646,200
1990-02-12,23:59:59,0.558,200
1990-06-23,23:59:59,4.492,200
1990-06-28,23:59:59,17.473,200
1991-06-18,23:59:59,12.240,200
1991-09-24,23:59:59,5.237,200
1992-01-20,23:59:59,2.816,200
1992-03-07,23:59:59,0.849,200
1992-06-03,23:59:59,5.165,200
1994-12-15,23:59:59,0.876,200
1995-08-06,23:59:59,15.954,200
1996-08-04,23:59:59,2.990,200
1997-03-03,23:59:59,0.839,200
1997-04-05,23:59:59,0.851,200
1997-06-09,23:59:59,15.719,200
1997-11-13,23:59:59,0.742,200
1998-10-18,23:59:59,11.285,200
1998-11-18,23:59:59,1.659,200
2000-09-03,23:59:59,16.261,200
2000-11-14,23:59:59,9.308,200
2000-12-05,23:59:59,5.210,200
2001-02-05,23:59:59,1.503,200
2001-06-05,23:59:59,2.467,200
2001-07-15,23:59:59,16.845,200
2001-10-16,23:59:59,0.776,200
2002-02-02,23:59:59,3.507,200
2002-09-11,23:59:59,0.849,200
2003-11-16,23:59:59,0.781,200
2004-08-10,23:59:59,16.704,200
2005-08-22,23:59:59,0.990,200
2005-08-27,23:59:59,0.977,200
2005-10-01,23:59:59,0.991,200
2006-01-05,23:59:59,1.032,200
2006-10-07,23:59:59,1.056,200
2008-08-11,23:59:59,1.432,200
2009-01-21,23:59:59,2.812,200
2011-11-04,23:59:59,1.145,200
2012-06-26,23:59:59,12.909,200
2012-10-08,23:59:59,0.340,200
2012-10-25,23:59:59,0.270,200
2013-05-10,23:59:59,8.330,200
2013-09-03,23:59:59,5.064,200
2014-11-05,23:59:59,0.985,200
2015-04-15,23:59:59,16.586,200
2015-08-24,23:59:59,7.398,200
2015-11-09,23:59:59,3.579,200
2016-04-23,23:59:59,15.147,200
2017-09-07,23:59:59,1.101,200
2017-09-18,23:59:59,1.026,200
2018-04-12,23:59:59,17.002,200
2018-10-04,23:59:59,1.000,200
2018-12-25,23:59:59,1.019,200
2019-01-23,23:59:59,2.949,200
2019-08-28,23:59:59,6.702,200
2021-03-27,23:59:59,1.566,200
2021-04-21,23:59:59,1.586,200
2021-10-19,23:59:59,7.118,200
2021-11-11,23:59:59,12.118,200
2022-01-21,23:59:59,11.457,200
2022-02-22,23:59:59,2.091,200
2022-03-28,23:59:59,14.945,200
2022-08-31,23:59:59,2.802,200
2023-02-28,23:59:59,8.835,200
2024-01-16,23:59:59,4.286,200
1980-06-18,23:59:59,1.493,200
1980-09-27,23:59:59,13.473,200
1980-12-27,23:59:59,1.362,200
1980-12-30,23:59:59,1.362,200
1981-03-24,23:59:59,5.344,200
1981-12-26,23:59:59,0.579,200
1982-01-03,23:59:59,0.603,200
1982-04-22,23:59:59,3.296,200
1982-11-01,23:59:59,0.518,200
1983-03-04,23:59:59,0.649,200
1983-10-12,23:59:59,20.037,200
1984-02-16,23:59:59,8.751,200
1984-06-06,23:59:59,19.741,200
1984-06-12,23:59:59,19.201,200
1984-07-03,23:59:59,18.392,200
1984-08-12,23:59:59,0.648,200
1985-02-12,23:59:59,2.017,200
1985-03-13,23:59:59,3.775,200
1986-12-02,23:59:59,3.801,200
1986-12-25,23:59:59,0.643,200
1987-07-10,23:59:59,3.296,200
1987-07-26,23:59:59,16.594,200
1991-09-09,23:59:59,6.584,200
1991-12-20,23:59:59,3.165,200
1992-07-04,23:59:59,15.060,200
1992-08-31,23:59:59,4.772,200
1992-12-26,23:59:59,0.789,200
1993-06-03,23:59:59,2.439,200
1994-10-16,23:59:59,12.255,200
1995-11-04,23:59:59,17.211,200
1996-10-19,23:59:59,0.765,200
1998-01-01,23:59:59,0.824,200
1998-01-29,23:59:59,0.863,200
1998-03-24,23:59:59,3.645,200
1998-07-21,23:59:59,12.875,200
1998-08-08,23:59:59,0.856,200
1999-02-21,23:59:59,3.996,200
1999-05-12,23:59:59,17.200,200
1999-11-29,23:59:59,8.504,200
2000-09-23,23:59:59,1.546,200
2000-10-20,23:59:59,1.078,200
2001-01-08,23:59:59,0.893,200
2001-01-16,23:59:59,0.926,200
2001-12-03,23:59:59,0.844,200
2002-06-14,23:59:59,2.983,200
2002-06-23,23:59:59,4.150,200
2002-10-19,23:59:59,0.799,200
2002-11-07,23:59:59,2.875,200
2004-10-02,23:59:59,5.183,200
2005-01-27,23:59:59,0.721,200
2005-10-25,23:59:59,0.997,200
2006-04-07,23:59:59,8.131,200
2006-06-22,23:59:59,12.893,200
2006-09-03,23:59:59,0.999,200
2007-06-19,23:59:59,12.853,200
2007-08-16,23:59:59,3.316,200
2008-02-18,23:59:59,4.111,200
2008-10-23,23:59:59,1.159,200
2009-03-16,23:59:59,2.432,200
2009-10-20,23:59:59,4.805,200
2010-01-30,23:59:59,1.193,200
2010-03-28,23:59:59,3.337,200
2010-09-05,23:59:59,2.570,200
2011-01-07,23:59:59,1.176,200
2012-02-05,23:59:59,2.742,200
2012-07-10,23:59:59,8.520,200
2012-10-23,23:59:59,0.293,200
2015-04-05,23:59:59,4.943,200
2015-07-26,23:59:59,16.387,200
2016-06-07,23:59:59,14.672,200
2016-06-29,23:59:59,15.901,200
2016-09-10,23:59:59,5.008,200
2017-06-09,23:59:59,5.352,200
2018-11-18,23:59:59,1.007,200
2019-02-21,23:59:59,3.454,200
2019-10-15,23:59:59,0.926,200
2020-02-02,23:59:59,5.806,200
2020-05-09,23:59:59,3.267,200
2020-12-23,23:59:59,5.969,200
2021-12-30,23:59:59,5.829,200
2022-05-23,23:59:59,2.528,200
2022-06-19,23:59:59,4.016,200
2023-01-10,23:59:59,2.983,200
2023-11-28,23:59:59,1.263,200
2024-04-25,23:59:59,1.213,200
2024-11-02,23:59:59,2.282,200
2024-12-04,23:59:59,7.778,200
2024-12-13,23:59:59,10.695,200
1980-07-31,23:59:59,8.665,200
1980-09-23,23:59:59,13.473,200
1982-05-09,23:59:59,19.002,200
1983-08-09,23:59:59,7.238,200
1984-03-15,23:59:59,5.471,200
1984-08-31,23:59:59,0.664,200
1984-12-09,23:59:59,2.821,200
1985-05-26,23:59:59,2.856,200
1985-11-26,23:59:59,6.965,200
1986-01-21,23:59:59,5.485,200
1987-02-02,23:59:59,0.720,200
1987-11-12,23:59:59,0.639,200
1988-05-31,23:59:59,7.643,200
1988-06-08,23:59:59,7.580,200
1990-07-15,23:59:59,0.639,200
1990-09-23,23:59:59,0.883,200
1991-02-19,23:59:59,12.284,200
1991-10-16,23:59:59,2.772,200
1991-10-26,23:59:59,1.664,200
1992-03-01,23:59:59,3.620,200
1992-08-27,23:59:59,9.284,200
1993-04-26,23:59:59,6.423,200
1994-10-20,23:59:59,12.267,200
1995-06-12,23:59:59,16.919,200
1997-05-24,23:59:59,1.682,200
1998-06-11,23:59:59,6.954,200
1998-06-19,23:59:59,17.612,200
1999-11-17,23:59:59,1.132,200
2000-02-12,23:59:59,1.903,200
2000-08-11,23:59:59,12.627,200
2000-11-05,23:59:59,10.838,200
2001-01-19,23:59:59,10.733,200
2001-11-30,23:59:59,0.848,200
2002-06-04,23:59:59,8.462,200
2002-11-08,23:59:59,4.192,200
2003-12-09,23:59:59,0.820,200
2004-06-18,23:59:59,8.003,200
2005-02-14,23:59:59,1.085,200
2005-05-21,23:59:59,3.930,200
2005-06-29,23:59:59,11.759,200
2005-07-12,23:59:59,16.940,200
2006-01-14,23:59:59,1.046,200
2006-02-17,23:59:59,1.034,200
2006-04-08,23:59:59,4.794,200
2006-04-19,23:59:59,4.149,200
2006-06-27,23:59:59,17.328,200
2006-12-10,23:59:59,1.111,200
2007-01-26,23:59:59,5.251,200
2007-05-08,23:59:59,15.094,200
2007-08-25,23:59:59,1.090,200
2010-01-16,23:59:59,1.190,200
2010-10-31,23:59:59,1.278,200
2011-03-01,23:59:59,3.711,200
2011-04-20,23:59:59,13.320,200
2011-05-19,23:59:59,8.866,200
2012-09-21,23:59:59,1.229,200
2012-09-22,23:59:59,1.231,200
2013-04-08,23:59:59,8.765,200
2013-06-08,23:59:59,1.070,200
2013-09-14,23:59:59,1.026,200
2013-11-18,23:59:59,1.173,200
2013-12-03,23:59:59,3.931,200
2014-05-03,23:59:59,4.453,200
2014-06-14,23:59:59,16.470,200
2014-06-19,23:59:59,12.837,200
2014-08-11,23:59:59,1.081,200
2016-01-11,23:59:59,1.504,200
2016-11-22,23:59:59,0.985,200
2016-11-29,23:59:59,0.989,200
2017-01-26,23:59:59,0.998,200
2017-07-27,23:59:59,5.712,200
2017-09-14,23:59:59,1.019,200
2017-10-04,23:59:59,1.049,200
2019-03-25,23:59:59,9.232,200
2019-04-09,23:59:59,6.394,200
2022-01-15,23:59:59,11.002,200
2022-03-02,23:59:59,5.906,200
2022-03-25,23:59:59,12.367,200
2023-04-15,23:59:59,12.400,200
2023-04-20,23:59:59,12.519,200
2024-01-09,23:59:59,1.078,200
2024-01-14,23:59:59,6.047,200
1980-02-05,23:59:59,5.560,200
1981-03-04,23:59:59,0.686,200
1982-04-14,23:59:59,4.872,200
1982-10-08,23:59:59,18.052,200
1983-03-24,23:59:59,0.626,200
1983-06-01,23:59:59,4.344,200
1984-12-08,23:59:59,2.803,200
1985-09-28,23:59:59,0.690,200
1986-07-28,23:59:59,19.423,200
1987-05-18,23:59:59,6.640,200
1988-01-10,23:59:59,1.131,200
1988-10-20,23:59:59,17.378,200
1989-01-06,23:59:59,4.680,200
1989-01-26,23:59:59,3.500,200
1990-01-01,23:59:59,0.538,200
1990-01-11,23:59:59,0.551,200
1990-05-23,23:59:59,0.643,200
1990-10-23,23:59:59,0.577,200
1991-04-30,23:59:59,1.713,200
1992-09-25,23:59:59,8.312,200
1992-12-29,23:59:59,0.794,200
1993-06-02,23:59:59,1.567,200
1993-08-12,23:59:59,14.077,200
1993-12-02,23:59:59,0.682,200
1995-05-06,23:59:59,6.421,200
1996-01-22,23:59:59,8.727,200
1996-12-08,23:59:59,0.855,200
1997-01-26,23:59:59,0.851,200
1997-02-09,23:59:59,3.745,200
1997-11-21,23:59:59,0.762,200
1997-12-20,23:59:59,2.169,200
1998-08-26,23:59:59,12.786,200
1998-09-15,23:59:59,8.776,200
1998-09-16,23:59:59,6.761,200
1999-01-16,23:59:59,2.966,200
1999-03-12,23:59:59,2.858,200
1999-07-14,23:59:59,16.964,200
1999-12-04,23:59:59,17.258,200
2000-03-27,23:59:59,2.761,200
2000-07-05,23:59:59,17.186,200
2001-10-23,23:59:59,0.781,200
2001-11-03,23:59:59,0.826,200
2001-11-07,23:59:59,0.827,200
2002-03-16,23:59:59,3.601,200
2002-04-18,23:59:59,8.650,200
2002-05-02,23:59:59,12.367,200
2003-05-26,23:59:59,10.560,200
2003-12-12,23:59:59,0.822,200
2004-04-26,23:59:59,5.924,200
2004-10-16,23:59:59,0.790,200
2005-02-03,23:59:59,1.223,200
2005-04-11,23:59:59,1.072,200
2007-03-08,23:59:59,3.088,200
2007-08-14,23:59:59,3.322,200
2008-01-24,23:59:59,1.087,200
2008-05-17,23:59:59,4.802,200
2010-04-20,23:59:59,7.175,200
2010-07-16,23:59:59,16.648,200
2011-02-21,23:59:59,4.133,200
2011-05-28,23:59:59,8.353,200
2011-12-19,23:59:59,1.162,200
2012-01-10,23:59:59,4.687,200
2012-01-23,23:59:59,4.853,200
2012-09-23,23:59:59,1.232,200
2012-10-13,23:59:59,0.951,200
2013-09-12,23:59:59,1.038,200
2013-09-18,23:59:59,1.010,200
2013-10-31,23:59:59,1.065,200
2013-11-14,23:59:59,1.166,200
2013-12-27,23:59:59,3.071,200
2015-07-05,23:59:59,4.598,200
2016-03-29,23:59:59,1.131,200
2016-06-13,23:59:59,1.386,200
2017-02-18,23:59:59,0.993,200
2017-09-19,23:59:59,1.026,200
2018-01-17,23:59:59,5.561,200
2018-01-26,23:59:59,2.690,200
2018-04-07,23:59:59,3.001,200
2019-01-08,23:59:59,1.095,200
2019-08-31,23:59:59,1.824,200
2019-12-15,23:59:59,0.932,200
2020-10-04,23:59:59,0.945,200
2021-01-27,23:59:59,2.600,200
2021-02-05,23:59:59,2.541,200
2021-03-02,23:59:59,7.346,200
2021-09-23,23:59:59,1.072,200
2022-05-30,23:59:59,7.601,200
2022-07-25,23:59:59,1.031,200
2022-09-19,23:59:59,9.112,200
2022-11-06,23:59:59,11.003,200
2023-05-23,23:59:59,1.091,200
2024-12-05,23:59:59,12.204,200
2024-12-11,23:59:59,10.705,200
1981-03-26,23:59:59,6.412,200
1981-07-22,23:59:59,13.139,200
1982-02-08,23:59:59,2.955,200
1982-06-01,23:59:59,0.706,200
1982-07-23,23:59:59,18.790,200
1984-05-06,23:59:59,4.524,200
1984-08-03,23:59:59,4.117,200
1985-07-09,23:59:59,0.682,200
1985-07-28,23:59:59,0.660,200
1985-11-01,23:59:59,0.714,200
1985-12-08,23:59:59,16.278,200
1986-04-03,23:59:59,1.583,200
1986-07-17,23:59:59,3.722,200
1987-02-06,23:59:59,0.725,200
1987-05-13,23:59:59,2.845,200
1988-01-01,23:59:59,3.192,200
1988-06-07,23:59:59,7.583,200
1988-06-18,23:59:59,7.663,200
1988-07-13,23:59:59,0.644,200
1988-10-02,23:59:59,0.666,200
1989-02-28,23:59:59,6.408,200
1989-04-30,23:59:59,0.712,200
1989-07-10,23:59:59,7.865,200
1989-12-13,23:59:59,16.531,200
1990-02-07,23:59:59,0.555,200
1990-06-16,23:59:59,0.631,200
1990-07-19,23:59:59,0.631,200
1990-07-26,23:59:59,1.807,200
1991-04-03,23:59:59,15.718,200
1991-09-29,23:59:59,10.821,200
1991-12-09,23:59:59,2.424,200
1993-05-31,23:59:59,0.813,200
1993-09-25,23:59:59,5.321,200
1996-05-13,23:59:59,15.760,200
1996-11-12,23:59:59,11.745,200
1997-04-10,23:59:59,0.910,200
1997-11-18,23:59:59,0.760,200
1997-12-11,23:59:59,0.815,200
1998-01-07,23:59:59,8.551,200
1998-10-05,23:59:59,6.635,200
2000-04-24,23:59:59,1.303,200
2000-05-08,23:59:59,1.672,200
2001-07-25,23:59:59,6.666,200
2001-09-29,23:59:59,0.771,200
2001-11-11,23:59:59,0.834,200
2002-10-28,23:59:59,0.804,200
2003-05-27,23:59:59,10.531,200
2003-09-14,23:59:59,0.733,200
2004-03-19,23:59:59,3.599,200
2004-05-18,23:59:59,2.269,200
2004-06-20,23:59:59,1.987,200
2005-08-03,23:59:59,2.678,200
2005-10-18,23:59:59,0.995,200
2005-10-29,23:59:59,1.008,200
2006-03-04,23:59:59,3.507,200
2006-08-16,23:59:59,5.578,200
2007-01-07,23:59:59,1.128,200
2008-03-23,23:59:59,1.167,200
2009-05-26,23:59:59,16.521,200
2009-11-26,23:59:59,1.125,200
2010-09-26,23:59:59,1.106,200
2012-02-22,23:59:59,2.704,200
2012-04-11,23:59:59,8.533,200
2012-04-13,23:59:59,7.584,200
2012-07-24,23:59:59,8.542,200
2012-08-30,23:59:59,5.683,200
2012-10-15,23:59:59,0.366,200
2013-03-05,23:59:59,15.973,200
2013-04-17,23:59:59,9.466,200
2014-12-27,23:59:59,1.002,200
2015-02-07,23:59:59,3.612,200
2015-08-01,23:59:59,2.996,200
2015-09-01,23:59:59,4.835,200
2016-02-15,23:59:59,8.938,200
2017-04-13,23:59:59,9.746,200
2017-04-29,23:59:59,5.795,200
2017-12-06,23:59:59,17.036,200
2018-12-21,23:59:59,1.020,200
2019-04-05,23:59:59,1.656,200
2020-01-04,23:59:59,2.554,200
2020-04-15,23:59:59,15.978,200
2020-07-03,23:59:59,16.264,200
2020-11-29,23:59:59,3.509,200
2020-12-03,23:59:59,1.037,200
2021-03-20,23:59:59,6.053,200
2021-09-20,23:59:59,1.088,200
2021-10-04,23:59:59,2.026,200
2021-10-12,23:59:59,3.600,200
2021-12-07,23:59:59,2.792,200
2023-03-24,23:59:59,1.139,200
2023-07-24,23:59:59,14.388,200
2024-08-23,23:59:59,2.381,200
1980-02-04,23:59:59,5.560,200
1980-06-25,23:59:59,8.665,200
1980-07-23,23:59:59,8.665,200
1980-11-07,23:59:59,11.559,200
1981-01-30,23:59:59,1.519,200
1981-07-08,23:59:59,6.426,200
1981-10-26,23:59:59,0.662,200
1981-10-30,23:59:59,0.662,200
1982-07-04,23:59:59,17.780,200
1982-08-16,23:59:59,17.420,200
1982-10-07,23:59:59,18.158,200
1983-08-06,23:59:59,2.893,200
1984-10-23,23:59:59,0.697,200
1986-06-29,23:59:59,3.842,200
1986-08-28,23:59:59,18.923,200
1986-12-26,23:59:59,0.643,200
1987-06-15,23:59:59,16.430,200
1987-11-07,23:59:59,0.657,200
1988-09-14,23:59:59,0.630,200
1989-02-03,23:59:59,1.684,200
1989-03-28,23:59:59,3.985,200
1989-09-24,23:59:59,15.893,200
1990-02-06,23:59:59,0.554,200
1992-05-06,23:59:59,7.242,200
1993-10-17,23:59:59,2.810,200
1994-08-30,23:59:59,10.976,200
1996-02-22,23:59:59,3.702,200
1996-09-08,23:59:59,3.582,200
1996-10-17,23:59:59,0.765,200
1997-03-17,23:59:59,0.838,200
1998-02-08,23:59:59,1.700,200
1998-03-07,23:59:59,11.161,200
1998-07-10,23:59:59,12.763,200
1998-08-31,23:59:59,10.466,200
1999-06-04,23:59:59,0.840,200
2000-12-11,23:59:59,5.242,200
2002-02-22,23:59:59,2.600,200
2002-05-20,23:59:59,8.521,200
2002-06-20,23:59:59,4.200,200
2003-03-07,23:59:59,0.854,200
2003-03-17,23:59:59,3.247,200
2003-06-04,23:59:59,14.929,200
2004-04-27,23:59:59,8.262,200
2005-11-17,23:59:59,0.990,200
2006-10-25,23:59:59,1.222,200
2006-12-02,23:59:59,1.139,200
2006-12-03,23:59:59,1.136,200
2006-12-24,23:59:59,1.112,200
2007-04-13,23:59:59,5.053,200
2008-05-09,23:59:59,6.318,200
2008-10-16,23:59:59,1.148,200
2009-08-03,23:59:59,8.295,200
2009-08-14,23:59:59,10.553,200
2010-01-26,23:59:59,4.499,200
2011-08-07,23:59:59,4.160,200
2011-08-15,23:59:59,11.468,200
2013-07-21,23:59:59,3.571,200
2014-11-25,23:59:59,1.068,200
2015-11-29,23:59:59,1.014,200
2016-01-24,23:59:59,1.522,200
2016-05-31,23:59:59,3.367,200
2016-09-09,23:59:59,6.364,200
2017-02-14,23:59:59,1.002,200
2018-11-20,23:59:59,1.018,200
2020-04-04,23:59:59,9.216,200
2020-11-25,23:59:59,4.273,200
2021-03-08,23:59:59,1.726,200
2023-01-31,23:59:59,7.660,200
2023-10-12,23:59:59,1.089,200
2024-05-07,23:59:59,14.115,200
2024-10-22,23:59:59,1.074,200
1981-05-19,23:59:59,6.354,200
1981-11-16,23:59:59,0.620,200
1981-12-21,23:59:59,0.626,200
1982-02-18,23:59:59,3.367,200
1983-11-09,23:59:59,12.491,200
1983-11-17,23:59:59,12.460,200
1984-02-11,23:59:59,8.873,200
1984-05-02,23:59:59,4.602,200
1985-10-13,23:59:59,0.710,200
1986-07-09,23:59:59,3.758,200
1986-09-06,23:59:59,11.052,200
1986-11-28,23:59:59,12.920,200
1987-05-27,23:59:59,12.108,200
1988-08-01,23:59:59,11.538,200
1990-09-08,23:59:59,4.031,200
1991-02-24,23:59:59,5.202,200
1992-10-22,23:59:59,0.712,200
1993-02-19,23:59:59,3.519,200
1993-03-25,23:59:59,1.085,200
1993-09-20,23:59:59,5.397,200
1993-10-13,23:59:59,4.886,200
1994-04-09,23:59:59,10.999,200
1994-06-20,23:59:59,6.241,200
1995-01-27,23:59:59,0.966,200
1995-08-16,23:59:59,11.071,200
1995-10-24,23:59:59,6.368,200
1995-11-29,23:59:59,7.750,200
1996-04-03,23:59:59,6.449,200
1996-04-25,23:59:59,4.364,200
1996-04-26,23:59:59,4.301,200
1996-05-15,23:59:59,16.850,200
1997-05-01,23:59:59,0.912,200
1997-11-05,23:59:59,0.737,200
1998-08-19,23:59:59,12.925,200
1998-09-23,23:59:59,4.349,200
1999-04-07,23:59:59,0.843,200
1999-04-23,23:59:59,0.865,200
1999-07-06,23:59:59,9.719,200
1999-12-26,23:59:59,2.016,200
2000-02-26,23:59:59,0.836,200
2000-04-06,23:59:59,1.787,200
2000-05-12,23:59:59,3.591,200
2000-11-08,23:59:59,6.047,200
2001-01-07,23:59:59,0.894,200
2001-01-31,23:59:59,13.334,200
2001-03-16,23:59:59,3.477,200
2001-08-30,23:59:59,1.916,200
2001-09-10,23:59:59,1.925,200
2001-11-09,23:59:59,0.832,200
2002-03-22,23:59:59,0.884,200
2002-10-20,23:59:59,0.800,200
2002-11-03,23:59:59,4.608,200
2003-04-22,23:59:59,6.886,200
2003-05-24,23:59:59,5.882,200
2003-06-30,23:59:59,0.982,200
2003-09-03,23:59:59,4.135,200
2004-05-19,23:59:59,5.417,200
2004-12-20,23:59:59,0.660,200
2005-01-12,23:59:59,0.677,200
2005-03-27,23:59:59,1.107,200
2005-10-14,23:59:59,0.996,200
2007-03-11,23:59:59,4.966,200
2007-07-26,23:59:59,15.144,200
2007-08-24,23:59:59,1.093,200
2008-03-25,23:59:59,3.822,200
2008-08-19,23:59:59,5.998,200
2008-12-08,23:59:59,1.161,200
2010-09-30,23:59:59,1.096,200
2011-04-09,23:59:59,8.261,200
2011-05-03,23:59:59,14.649,200
2011-07-06,23:59:59,6.627,200
2011-10-01,23:59:59,1.220,200
2012-03-27,23:59:59,5.085,200
2012-08-12,23:59:59,2.788,200
2012-10-18,23:59:59,0.292,200
2012-10-29,23:59:59,0.329,200
2012-11-29,23:59:59,1.594,200
2012-12-20,23:59:59,1.031,200
2013-02-09,23:59:59,3.704,200
2013-02-26,23:59:59,12.421,200
2014-02-07,23:59:59,16.070,200
2015-04-01,23:59:59,7.727,200
2017-05-22,23:59:59,7.037,200
2018-01-08,23:59:59,1.343,200
2018-01-12,23:59:59,2.744,200
2018-03-22,23:59:59,4.588,200
2018-07-10,23:59:59,1.054,200
2019-05-29,23:59:59,1.062,200
2020-03-15,23:59:59,2.658,200
2020-09-17,23:59:59,1.065,200
2020-09-28,23:59:59,0.955,200
2021-10-09,23:59:59,6.987,200
2022-07-03,23:59:59,2.400,200
2023-07-28,23:59:59,15.641,200
2023-11-05,23:59:59,6.080,200
2024-11-21,23:59:59,9.050,200
2024-12-25,23:59:59,5.829,200
1980-01-03,23:59:59,1.320,200
1980-01-08,23:59:59,1.333,200
1980-03-28,23:59:59,1.531,200
1981-02-08,23:59:59,1.448,200
1981-06-06,23:59:59,6.354,200
1982-02-17,23:59:59,3.442,200
1982-03-29,23:59:59,0.669,200
1982-11-30,23:59:59,0.515,200
1983-11-02,23:59:59,6.290,200
1983-12-16,23:59:59,9.794,200
1984-06-29,23:59:59,12.936,200
1984-07-23,23:59:59,5.823,200
1985-09-07,23:59:59,11.990,200
1986-01-06,23:59:59,8.694,200
1986-03-22,23:59:59,2.924,200
1986-03-30,23:59:59,0.770,200
1986-07-25,23:59:59,19.643,200
1987-01-10,23:59:59,0.643,200
1987-12-09,23:59:59,4.597,200
1988-02-11,23:59:59,0.661,200
1989-12-11,23:59:59,16.792,200
1990-08-25,23:59:59,7.876,200
1992-11-29,23:59:59,0.762,200
1993-11-13,23:59:59,0.743,200
1996-09-11,23:59:59,6.071,200
1996-12-04,23:59:59,10.828,200
1997-03-31,23:59:59,0.842,200
1997-08-26,23:59:59,0.713,200
1998-02-17,23:59:59,0.888,200
1998-11-20,23:59:59,1.670,200
1998-12-26,23:59:59,2.943,200
1999-05-19,23:59:59,0.858,200
2000-01-31,23:59:59,0.840,200
2002-02-06,23:59:59,0.903,200
2002-06-15,23:59:59,0.859,200
2003-08-21,23:59:59,1.118,200
2003-08-30,23:59:59,2.528,200
2003-11-26,23:59:59,0.808,200
2004-10-18,23:59:59,0.791,200
2004-12-12,23:59:59,0.670,200
2005-01-22,23:59:59,0.710,200
2005-07-03,23:59:59,12.905,200
2007-01-10,23:59:59,4.153,200
2007-03-17,23:59:59,2.000,200
2007-04-27,23:59:59,14.479,200
2007-06-21,23:59:59,16.797,200
2008-10-02,23:59:59,1.109,200
2009-01-13,23:59:59,1.997,200
2010-11-16,23:59:59,2.757,200
2011-01-29,23:59:59,4.900,200
2011-03-07,23:59:59,2.789,200
2011-10-02,23:59:59,1.220,200
2011-11-27,23:59:59,1.113,200
2011-12-12,23:59:59,1.127,200
2012-02-28,23:59:59,1.146,200
2013-06-07,23:59:59,1.071,200
2014-01-23,23:59:59,3.179,200
2015-03-21,23:59:59,8.378,200
2015-03-29,23:59:59,7.228,200
2015-08-05,23:59:59,11.878,200
2015-10-18,23:59:59,1.053,200
2016-10-23,23:59:59,0.971,200
2017-02-25,23:59:59,9.293,200
2017-03-20,23:59:59,1.132,200
2018-02-01,23:59:59,1.088,200
2018-04-15,23:59:59,12.201,200
2018-05-20,23:59:59,7.192,200
2019-05-30,23:59:59,1.056,200
2019-09-06,23:59:59,1.782,200
2020-02-10,23:59:59,2.710,200
2020-03-14,23:59:59,2.700,200
2020-03-20,23:59:59,8.553,200
2020-12-24,23:59:59,1.184,200
2021-02-01,23:59:59,4.795,200
2022-11-23,23:59:59,9.279,200
2023-06-24,23:59:59,16.978,200
2023-06-29,23:59:59,16.906,200
2024-10-12,23:59:59,1.077,200
1980-04-11,23:59:59,3.399,200
1980-07-14,23:59:59,8.665,200
1981-01-05,23:59:59,1.362,200
1981-12-02,23:59:59,0.640,200
1982-11-14,23:59:59,0.523,200
1982-11-27,23:59:59,0.509,200
1983-02-06,23:59:59,0.641,200
1984-02-20,23:59:59,8.631,200
1984-05-28,23:59:59,2.831,200
1985-09-26,23:59:59,0.677,200
1985-11-14,23:59:59,0.692,200
1987-01-11,23:59:59,0.643,200
1987-11-13,23:59:59,0.648,200
1988-06-27,23:59:59,7.580,200
1989-04-04,23:59:59,3.983,200
1989-05-31,23:59:59,2.434,200
1989-08-15,23:59:59,15.863,200
1989-10-22,23:59:59,3.062,200
1990-07-02,23:59:59,10.729,200
1990-08-10,23:59:59,17.010,200
1991-01-02,23:59:59,0.841,200
1991-08-30,23:59:59,5.806,200
1992-05-11,23:59:59,10.854,200
1992-05-20,23:59:59,0.851,200
1993-01-09,23:59:59,5.232,200
1993-03-11,23:59:59,0.838,200
1993-03-18,23:59:59,6.890,200
1993-12-01,23:59:59,0.681,200
1994-03-27,23:59:59,3.586,200
1994-06-11,23:59:59,0.917,200
1995-06-24,23:59:59,12.571,200
1996-10-20,23:59:59,0.768,200
1997-09-21,23:59:59,0.711,200
1998-02-05,23:59:59,4.205,200
1999-07-09,23:59:59,1.198,200
2000-01-19,23:59:59,2.029,200
2001-03-06,23:59:59,17.090,200
2001-06-16,23:59:59,0.868,200
2001-11-13,23:59:59,0.834,200
2002-08-08,23:59:59,16.517,200
2002-09-04,23:59:59,0.779,200
2002-12-04,23:59:59,2.245,200
2003-04-29,23:59:59,10.921,200
2004-01-06,23:59:59,4.158,200
2004-03-27,23:59:59,11.656,200
2005-07-21,23:59:59,8.308,200
2007-10-12,23:59:59,1.176,200
2008-03-06,23:59:59,1.155,200
2008-08-10,23:59:59,1.438,200
2008-11-01,23:59:59,2.101,200
2009-01-05,23:59:59,2.010,200
2009-07-24,23:59:59,8.143,200
2009-09-20,23:59:59,3.363,200
2010-08-19,23:59:59,5.553,200
2010-11-19,23:59:59,1.195,200
2012-09-17,23:59:59,1.232,200
2013-03-03,23:59:59,9.497,200
2014-02-26,23:59:59,10.007,200
2014-03-26,23:59:59,7.481,200
2014-04-06,23:59:59,3.533,200
2016-11-05,23:59:59,2.576,200
2017-10-31,23:59:59,4.961,200
2018-01-16,23:59:59,2.424,200
2018-05-27,23:59:59,3.243,200
2018-06-10,23:59:59,13.056,200
2019-12-14,23:59:59,0.943,200
2020-04-02,23:59:59,7.490,200
2020-04-16,23:59:59,10.644,200
2020-08-14,23:59:59,9.840,200
2021-10-01,23:59:59,1.078,200
2023-06-11,23:59:59,1.104,200
2023-09-14,23:59:59,1.244,200
2024-03-24,23:59:59,9.046,200
2024-04-08,23:59:59,7.994,200
2024-04-29,23:59:59,1.761,200
2024-05-20,23:59:59,11.095,200
2024-06-30,23:59:59,10.756,200
2024-12-06,23:59:59,12.823,200
1980-03-05,23:59:59,3.855,200
1980-06-09,23:59:59,0.733,200
1980-10-08,23:59:59,13.126,200
1980-11-20,23:59:59,1.467,200
1981-06-12,23:59:59,6.354,200
1981-11-04,23:59:59,0.550,200
1982-10-20,23:59:59,0.574,200
1984-07-18,23:59:59,18.854,200
1984-10-14,23:59:59,17.453,200
1984-12-16,23:59:59,10.845,200
1984-12-18,23:59:59,19.366,200
1985-05-11,23:59:59,7.933,200
1986-04-14,23:59:59,7.015,200
1988-02-22,23:59:59,1.192,200
1988-02-28,23:59:59,7.215,200
1988-04-22,23:59:59,1.852,200
1988-04-27,23:59:59,1.851,200
1989-03-21,23:59:59,3.986,200
1989-08-05,23:59:59,16.116,200
1989-12-15,23:59:59,9.045,200
1991-06-17,23:59:59,8.627,200
1991-08-19,23:59:59,0.558,200
1992-04-07,23:59:59,0.832,200
1992-08-11,23:59:59,0.722,200
1993-02-11,23:59:59,3.657,200
1993-10-29,23:59:59,0.666,200
1994-02-12,23:59:59,15.069,200
1994-05-02,23:59:59,1.118,200
1994-05-22,23:59:59,1.593,200
1994-10-10,23:59:59,12.484,200
1995-05-22,23:59:59,0.934,200
1995-10-01,23:59:59,0.899,200
1995-11-17,23:59:59,8.524,200
1996-04-09,23:59:59,0.974,200
1996-11-16,23:59:59,17.254,200
1997-06-30,23:59:59,17.030,200
1998-03-01,23:59:59,7.065,200
1998-08-12,23:59:59,8.321,200
1998-08-28,23:59:59,12.726,200
1998-10-25,23:59:59,16.956,200
1998-11-16,23:59:59,1.658,200
1998-12-24,23:59:59,5.367,200
1999-04-27,23:59:59,2.903,200
2001-01-30,23:59:59,8.746,200
2001-03-12,23:59:59,3.479,200
2001-04-08,23:59:59,3.470,200
2001-05-18,23:59:59,1.213,200
2001-08-10,23:59:59,3.896,200
2002-05-01,23:59:59,14.324,200
2002-09-22,23:59:59,0.868,200
2003-02-06,23:59:59,7.448,200
2003-03-01,23:59:59,1.860,200
2005-08-24,23:59:59,0.975,200
2006-03-16,23:59:59,10.937,200
2007-03-16,23:59:59,3.868,200
2007-12-02,23:59:59,2.095,200
2008-01-21,23:59:59,1.072,200
2008-04-07,23:59:59,8.451,200
2008-06-12,23:59:59,15.490,200
2009-03-10,23:59:59,4.363,200
2009-06-25,23:59:59,16.556,200
2010-01-01,23:59:59,1.177,200
2010-09-29,23:59:59,1.105,200
2011-04-13,23:59:59,5.496,200
2011-09-05,23:59:59,2.253,200
2012-01-01,23:59:59,4.026,200
2013-10-15,23:59:59,0.966,200
2014-05-04,23:59:59,3.131,200
2015-08-23,23:59:59,6.070,200
2015-09-05,23:59:59,1.025,200
2018-04-11,23:59:59,14.940,200
2018-10-27,23:59:59,1.005,200
2019-05-26,23:59:59,12.001,200
2020-03-22,23:59:59,9.455,200
2020-04-17,23:59:59,7.491,200
2022-01-04,23:59:59,8.401,200
2022-03-31,23:59:59,16.853,200
2022-07-15,23:59:59,6.116,200
2024-04-11,23:59:59,1.122,200
1980-02-12,23:59:59,5.560,200
1980-03-04,23:59:59,3.855,200
1981-02-10,23:59:59,0.919,200
1981-05-11,23:59:59,6.516,200
1981-08-02,23:59:59,13.407,200
1981-11-29,23:59:59,0.663,200
1982-02-02,23:59:59,3.163,200
1982-03-13,23:59:59,10.072,200
1982-04-30,23:59:59,19.579,200
1982-10-14,23:59:59,17.510,200
1982-12-23,23:59:59,0.542,200
1983-10-19,23:59:59,5.431,200
1984-06-07,23:59:59,19.566,200
1984-10-05,23:59:59,17.703,200
1984-11-12,23:59:59,0.689,200
1985-08-20,23:59:59,2.862,200
1985-09-02,23:59:59,11.990,200
1985-12-22,23:59:59,3.248,200
1986-02-28,23:59:59,2.151,200
1987-05-30,23:59:59,20.104,200
1988-04-23,23:59:59,1.850,200
1988-12-14,23:59:59,10.005,200
1988-12-27,23:59:59,9.531,200
1989-02-09,23:59:59,1.077,200
1989-09-05,23:59:59,16.378,200
1989-11-04,23:59:59,2.524,200
1990-02-18,23:59:59,0.569,200
1990-11-15,23:59:59,0.596,200
1991-04-16,23:59:59,0.641,200
1991-07-08,23:59:59,11.681,200
1991-08-02,23:59:59,16.348,200
1992-01-09,23:59:59,7.160,200
1992-07-13,23:59:59,2.901,200
1996-04-15,23:59:59,17.679,200
1996-05-03,23:59:59,4.476,200
1997-05-15,23:59:59,15.787,200
1997-08-17,23:59:59,0.737,200
1997-09-08,23:59:59,0.712,200
1998-03-23,23:59:59,3.151,200
1998-04-30,23:59:59,4.291,200
1998-11-26,23:59:59,1.640,200
1999-03-16,23:59:59,8.505,200
1999-09-03,23:59:59,0.750,200
1999-11-20,23:59:59,0.972,200
2001-12-07,23:59:59,0.790,200
2002-10-23,23:59:59,0.800,200
2003-11-20,23:59:59,0.790,200
2004-02-06,23:59:59,0.867,200
2004-02-22,23:59:59,1.630,200
2004-12-05,23:59:59,0.672,200
2005-07-24,23:59:59,3.066,200
2005-10-26,23:59:59,0.997,200
2006-06-20,23:59:59,15.886,200
2006-12-19,23:59:59,1.109,200
2008-03-08,23:59:59,1.675,200
2008-08-20,23:59:59,5.239,200
2009-06-05,23:59:59,3.565,200
2009-07-28,23:59:59,14.685,200
2010-06-06,23:59:59,10.942,200
2010-07-21,23:59:59,16.433,200
2010-11-30,23:59:59,4.868,200
2011-01-06,23:59:59,1.178,200
2011-01-20,23:59:59,4.864,200
2012-04-29,23:59:59,10.259,200
2012-12-07,23:59:59,2.040,200
2014-06-15,23:59:59,16.420,200
2014-11-24,23:59:59,1.344,200
2015-08-27,23:59:59,11.353,200
2016-02-29,23:59:59,1.099,200
2016-03-03,23:59:59,1.879,200
2016-08-08,23:59:59,5.177,200
2016-09-19,23:59:59,3.033,200
2016-10-18,23:59:59,1.921,200
2018-10-02,23:59:59,1.006,200
2019-11-12,23:59:59,1.013,200
2020-01-27,23:59:59,2.053,200
2020-02-05,23:59:59,1.168,200
2020-02-06,23:59:59,6.904,200
2021-02-15,23:59:59,7.546,200
2021-03-14,23:59:59,3.796,200
2021-05-15,23:59:59,1.161,200
2022-09-26,23:59:59,2.075,200
2022-12-14,23:59:59,5.093,200
2024-06-29,23:59:59,16.184,200
2024-07-29,23:59:59,10.528,200
2024-07-31,23:59:59,10.416,200
2024-08-25,23:59:59,1.540,200
2024-10-10,23:59:59,1.083,200
2024-12-02,23:59:59,8.407,200
2024-12-27,23:59:59,7.293,200
1980-09-13,23:59:59,13.473,200
1981-04-12,23:59:59,6.849,200
1982-05-29,23:59:59,0.610,200
1982-09-09,23:59:59,13.568,200
1982-09-28,23:59:59,0.570,200
1983-10-23,23:59:59,20.045,200
1983-11-14,23:59:59,12.470,200
1984-01-18,23:59:59,8.896,200
1985-07-21,23:59:59,0.664,200
1986-05-21,23:59:59,4.425,200
1987-01-16,23:59:59,0.643,200
1987-08-03,23:59:59,16.176,200
1987-11-16,23:59:59,2.480,200
1988-04-17,23:59:59,2.529,200
1988-09-04,23:59:59,1.961,200
1988-12-04,23:59:59,6.329,200
1988-12-29,23:59:59,6.691,200
1989-02-26,23:59:59,6.408,200
1989-09-21,23:59:59,16.133,200
1989-12-22,23:59:59,0.566,200
1990-08-05,23:59:59,15.741,200
1990-09-02,23:59:59,15.596,200
1990-12-31,23:59:59,0.602,200
1991-10-25,23:59:59,1.072,200
1992-01-22,23:59:59,3.257,200
1992-04-01,23:59:59,1.349,200
1992-09-02,23:59:59,8.033,200
1993-01-15,23:59:59,0.818,200
1993-06-09,23:59:59,2.450,200
1994-01-07,23:59:59,0.749,200
1994-10-11,23:59:59,12.532,200
1995-09-02,23:59:59,1.384,200
1997-09-09,23:59:59,0.712,200
1998-04-26,23:59:59,4.260,200
1998-06-14,23:59:59,13.930,200
1998-11-15,23:59:59,1.658,200
1999-03-02,23:59:59,5.975,200
1999-03-09,23:59:59,3.199,200
2001-04-14,23:59:59,3.519,200
2001-05-05,23:59:59,13.362,200
2001-07-24,23:59:59,6.663,200
2002-02-28,23:59:59,3.583,200
2003-07-20,23:59:59,16.874,200
2004-01-22,23:59:59,0.830,200
2005-02-23,23:59:59,1.314,200
2006-02-28,23:59:59,1.042,200
2006-09-10,23:59:59,1.005,200
2007-01-25,23:59:59,5.258,200
2008-05-01,23:59:59,12.252,200
2009-04-24,23:59:59,7.098,200
2009-09-11,23:59:59,1.247,200
2010-08-09,23:59:59,5.398,200
2011-01-27,23:59:59,4.897,200
2012-02-10,23:59:59,5.418,200
2013-06-01,23:59:59,7.364,200
2013-08-29,23:59:59,16.608,200
2013-09-28,23:59:59,0.981,200
2014-05-29,23:59:59,1.049,200
2014-08-28,23:59:59,16.924,200
2014-09-14,23:59:59,5.107,200
2015-07-13,23:59:59,17.005,200
2016-07-10,23:59:59,12.531,200
2017-11-09,23:59:59,3.479,200
2018-04-18,23:59:59,1.110,200
2020-03-04,23:59:59,4.722,200
2020-08-31,23:59:59,6.822,200
2022-01-12,23:59:59,8.389,200
2022-01-19,23:59:59,11.407,200
2022-09-09,23:59:59,10.887,200
2024-07-17,23:59:59,5.862,200
1980-04-27,23:59:59,17.899,200
1980-05-02,23:59:59,4.735,200
1980-12-03,23:59:59,1.420,200
1981-12-25,23:59:59,0.586,200
1982-05-03,23:59:59,19.339,200
1982-06-21,23:59:59,18.816,200
1983-12-29,23:59:59,5.374,200
1985-06-09,23:59:59,19.276,200
1985-08-31,23:59:59,19.260,200
1986-03-15,23:59:59,8.917,200
1987-08-17,23:59:59,15.656,200
1988-02-14,23:59:59,0.666,200
1988-09-29,23:59:59,0.656,200
1989-01-01,23:59:59,4.685,200
1989-02-13,23:59:59,2.499,200
1989-05-04,23:59:59,1.595,200
1990-02-17,23:59:59,0.562,200
1990-04-23,23:59:59,0.618,200
1991-04-12,23:59:59,0.640,200
1991-12-24,23:59:59,4.133,200
1993-01-07,23:59:59,2.869,200
1994-04-04,23:59:59,11.169,200
1994-04-08,23:59:59,11.009,200
1994-09-08,23:59:59,12.918,200
1994-11-25,23:59:59,0.842,200
1995-11-12,23:59:59,8.529,200
1996-08-09,23:59:59,4.429,200
1996-12-05,23:59:59,10.304,200
1997-02-03,23:59:59,12.091,200
1997-07-27,23:59:59,1.446,200
2000-01-28,23:59:59,0.845,200
2000-07-26,23:59:59,14.561,200
2001-01-02,23:59:59,0.887,200
2001-05-20,23:59:59,0.819,200
2001-11-02,23:59:59,0.820,200
2002-11-23,23:59:59,3.141,200
2003-06-11,23:59:59,16.011,200
2004-05-27,23:59:59,17.350,200
2004-07-07,23:59:59,1.186,200
2004-09-16,23:59:59,12.680,200
2004-10-24,23:59:59,0.758,200
2004-11-30,23:59:59,0.648,200
2005-08-12,23:59:59,1.006,200
2005-11-13,23:59:59,0.982,200
2007-07-04,23:59:59,1.151,200
2008-03-26,23:59:59,7.457,200
2009-03-29,23:59:59,2.815,200
2009-04-28,23:59:59,1.951,200
2009-11-11,23:59:59,10.660,200
2012-04-09,23:59:59,3.352,200
2012-04-22,23:59:59,13.904,200
2013-01-15,23:59:59,5.986,200
2013-04-15,23:59:59,7.658,200
2014-03-12,23:59:59,2.850,200
2014-05-09,23:59:59,1.525,200
2014-12-04,23:59:59,4.358,200
2015-01-29,23:59:59,6.496,200
2015-07-01,23:59:59,8.866,200
2016-02-25,23:59:59,1.179,200
2016-05-21,23:59:59,1.120,200
2016-11-03,23:59:59,2.993,200
2017-01-06,23:59:59,1.495,200
2017-01-13,23:59:59,1.167,200
2017-07-04,23:59:59,4.586,200
2018-01-07,23:59:59,5.215,200
2018-03-24,23:59:59,2.998,200
2018-06-23,23:59:59,14.165,200
2018-10-17,23:59:59,5.087,200
2019-09-22,23:59:59,1.357,200
2020-01-12,23:59:59,3.626,200
2020-10-27,23:59:59,0.927,200
2021-05-28,23:59:59,10.668,200
2021-08-01,23:59:59,10.440,200
2021-08-07,23:59:59,16.817,200
2022-03-15,23:59:59,2.309,200
2022-04-22,23:59:59,1.657,200
2024-09-27,23:59:59,1.105,200
2024-10-24,23:59:59,1.049,200
1980-02-27,23:59:59,5.560,200
1980-03-27,23:59:59,1.531,200
1981-03-06,23:59:59,0.686,200
1982-11-23,23:59:59,0.539,200
1982-11-29,23:59:59,0.520,200
1983-05-02,23:59:59,13.266,200
1983-06-02,23:59:59,4.327,200
1983-08-28,23:59:59,13.823,200
1984-02-19,23:59:59,8.659,200
1984-09-19,23:59:59,0.648,200
1984-09-30,23:59:59,17.953,200
1985-01-14,23:59:59,18.760,200
1985-01-19,23:59:59,18.598,200
1985-01-22,23:59:59,18.483,200
1985-05-10,23:59:59,8.866,200
1986-04-01,23:59:59,1.157,200
1986-05-01,23:59:59,7.881,200
1986-10-16,23:59:59,0.651,200
1987-07-19,23:59:59,15.477,200
1987-10-11,23:59:59,0.593,200
1988-01-14,23:59:59,0.672,200
1988-09-17,23:59:59,0.608,200
1988-11-11,23:59:59,7.379,200
1989-06-13,23:59:59,4.693,200
1989-07-09,23:59:59,7.818,200
1989-08-22,23:59:59,15.643,200
1989-08-31,23:59:59,16.742,200
1989-11-12,23:59:59,0.472,200
1989-12-18,23:59:59,0.535,200
1990-05-07,23:59:59,0.652,200
1990-09-04,23:59:59,15.820,200
1990-11-24,23:59:59,0.594,200
1991-03-27,23:59:59,15.706,200
1991-06-06,23:59:59,7.764,200
1992-07-31,23:59:59,0.709,200
1992-11-18,23:59:59,0.739,200
1993-05-20,23:59:59,0.823,200
1993-08-07,23:59:59,8.342,200
1994-08-27,23:59:59,7.876,200
1995-08-20,23:59:59,0.848,200
1996-04-04,23:59:59,6.173,200
1996-07-23,23:59:59,12.327,200
1996-08-02,23:59:59,7.330,200
1996-11-17,23:59:59,17.186,200
1997-06-16,23:59:59,17.048,200
1999-04-03,23:59:59,0.857,200
1999-05-29,23:59:59,0.846,200
1999-07-29,23:59:59,16.577,200
1999-09-29,23:59:59,0.753,200
1999-11-26,23:59:59,1.923,200
2000-02-08,23:59:59,0.849,200
2001-12-21,23:59:59,0.824,200
2001-12-31,23:59:59,0.851,200
2002-01-31,23:59:59,0.903,200
2002-02-25,23:59:59,3.577,200
2002-03-14,23:59:59,3.553,200
2003-02-05,23:59:59,2.407,200
2005-04-02,23:59:59,1.061,200
2006-01-03,23:59:59,1.031,200
2006-02-01,23:59:59,1.066,200
2006-11-02,23:59:59,1.040,200
2007-11-12,23:59:59,1.203,200
2007-12-11,23:59:59,1.048,200
2008-09-08,23:59:59,1.049,200
2008-11-20,23:59:59,1.128,200
2009-11-17,23:59:59,1.287,200
2010-04-06,23:59:59,1.552,200
2010-08-30,23:59:59,4.120,200
2010-11-07,23:59:59,2.747,200
2011-10-29,23:59:59,1.130,200
2011-12-03,23:59:59,2.253,200
2012-03-15,23:59:59,1.200,200
2014-01-13,23:59:59,1.567,200
2014-01-25,23:59:59,5.316,200
2014-08-17,23:59:59,12.823,200
2015-05-04,23:59:59,1.200,200
2016-02-06,23:59:59,2.238,200
2016-12-13,23:59:59,0.965,200
2017-05-07,23:59:59,6.389,200
2017-09-01,23:59:59,1.120,200
2017-11-19,23:59:59,5.584,200
2018-01-23,23:59:59,2.863,200
2018-03-15,23:59:59,2.525,200
2018-10-23,23:59:59,0.986,200
2019-09-07,23:59:59,1.770,200
2020-02-18,23:59:59,2.921,200
2020-08-09,23:59:59,5.766,200
2022-11-04,23:59:59,2.063,200
2023-02-07,23:59:59,1.115,200
2023-03-23,23:59:59,1.141,200
2023-05-24,23:59:59,1.090,200
2023-08-04,23:59:59,9.095,200
2024-11-26,23:59:59,3.821,200
1981-10-13,23:59:59,0.620,200
1982-05-18,23:59:59,18.687,200
1982-11-17,23:59:59,0.502,200
1982-12-16,23:59:59,0.529,200
1983-04-23,23:59:59,13.309,200
1984-01-09,23:59:59,2.690,200
1984-10-02,23:59:59,17.851,200
1984-12-01,23:59:59,0.704,200
1985-07-27,23:59:59,0.665,200
1986-01-17,23:59:59,3.805,200
1986-01-19,23:59:59,3.792,200
1986-10-03,23:59:59,0.629,200
1987-04-08,23:59:59,14.790,200
1987-07-09,23:59:59,3.621,200
1988-12-19,23:59:59,3.427,200
1989-10-16,23:59:59,1.366,200
1990-02-10,23:59:59,0.557,200
1992-11-02,23:59:59,0.713,200
1993-06-25,23:59:59,10.241,200
1994-04-18,23:59:59,11.780,200
1994-07-23,23:59:59,12.465,200
1995-07-23,23:59:59,1.782,200
1995-10-04,23:59:59,0.900,200
1995-12-23,23:59:59,18.149,200
1996-03-25,23:59:59,3.845,200
1997-02-12,23:59:59,1.823,200
1997-07-13,23:59:59,16.802,200
1998-08-13,23:59:59,10.050,200
1998-11-09,23:59:59,4.429,200
1999-01-05,23:59:59,3.537,200
1999-08-30,23:59:59,7.775,200
2000-04-04,23:59:59,4.228,200
2000-12-10,23:59:59,5.239,200
2001-10-28,23:59:59,0.784,200
2003-02-16,23:59:59,1.387,200
2003-03-02,23:59:59,0.849,200
2003-05-03,23:59:59,4.196,200
2003-11-17,23:59:59,0.781,200
2005-10-10,23:59:59,7.388,200
2006-02-26,23:59:59,8.070,200
2006-04-30,23:59:59,1.054,200
2006-10-05,23:59:59,1.053,200
2007-01-12,23:59:59,4.088,200
2007-02-02,23:59:59,3.797,200
2007-04-08,23:59:59,2.740,200
2008-07-06,23:59:59,2.996,200
2009-02-25,23:59:59,2.849,200
2009-10-25,23:59:59,4.798,200
2010-05-30,23:59:59,3.863,200
2010-09-04,23:59:59,4.154,200
2011-11-09,23:59:59,1.107,200
2011-12-30,23:59:59,4.066,200
2012-01-16,23:59:59,1.912,200
2012-02-27,23:59:59,1.145,200
2012-06-09,23:59:59,7.595,200
2012-11-20,23:59:59,0.315,200
2012-11-25,23:59:59,0.910,200
2013-07-06,23:59:59,1.110,200
2013-11-10,23:59:59,1.175,200
2014-07-01,23:59:59,2.076,200
2015-01-08,23:59:59,5.141,200
2015-04-03,23:59:59,6.059,200
2015-05-29,23:59:59,7.383,200
2015-07-31,23:59:59,12.301,200
2015-12-12,23:59:59,0.998,200
2016-01-17,23:59:59,1.526,200
2016-05-10,23:59:59,13.785,200
2017-08-13,23:59:59,1.028,200
2018-03-05,23:59:59,1.071,200
2019-01-16,23:59:59,1.036,200
2019-02-19,23:59:59,10.302,200
2019-07-30,23:59:59,16.588,200
2019-12-27,23:59:59,4.710,200
2020-06-14,23:59:59,16.709,200
2020-06-28,23:59:59,16.822,200
2021-04-12,23:59:59,7.151,200
2021-07-02,23:59:59,8.646,200
2022-03-23,23:59:59,6.594,200
2022-12-16,23:59:59,5.078,200
2023-06-22,23:59:59,16.947,200
2023-09-22,23:59:59,1.100,200
1984-07-30,23:59:59,18.572,200
1985-02-26,23:59:59,2.854,200
1986-03-29,23:59:59,0.780,200
1986-08-31,23:59:59,18.715,200
1987-08-12,23:59:59,15.844,200
1987-08-28,23:59:59,17.114,200
1987-11-14,23:59:59,0.660,200
1987-12-23,23:59:59,4.539,200
1988-04-09,23:59:59,7.353,200
1989-07-12,23:59:59,3.151,200
1990-12-08,23:59:59,0.551,200
1991-03-23,23:59:59,9.632,200
1991-06-27,23:59:59,11.937,200
1991-10-07,23:59:59,2.324,200
1991-10-29,23:59:59,1.677,200
1992-10-27,23:59:59,0.706,200
1993-11-10,23:59:59,0.697,200
1993-11-24,23:59:59,0.678,200
1993-12-22,23:59:59,0.705,200
1994-05-01,23:59:59,1.119,200
1994-05-26,23:59:59,2.974,200
1994-06-08,23:59:59,0.917,200
1994-09-10,23:59:59,12.781,200
1996-02-11,23:59:59,12.321,200
1996-06-08,23:59:59,0.893,200
1996-07-12,23:59:59,15.271,200
1996-12-27,23:59:59,1.489,200
1997-01-17,23:59:59,4.494,200
1997-02-26,23:59:59,0.842,200
1997-03-14,23:59:59,1.614,200
1999-03-18,23:59:59,10.374,200
1999-11-01,23:59:59,0.750,200
1999-11-21,23:59:59,0.968,200
2000-01-24,23:59:59,2.047,200
2001-12-22,23:59:59,0.826,200
2003-05-10,23:59:59,8.313,200
2003-10-15,23:59:59,0.777,200
2003-12-01,23:59:59,0.817,200
2003-12-20,23:59:59,0.878,200
2004-01-08,23:59:59,0.808,200
2005-12-19,23:59:59,1.016,200
2006-03-23,23:59:59,17.222,200
2006-04-01,23:59:59,4.827,200
2006-05-22,23:59:59,1.021,200
2006-08-06,23:59:59,3.831,200
2007-06-24,23:59:59,16.578,200
2009-03-19,23:59:59,6.005,200
2009-07-08,23:59:59,16.682,200
2010-01-15,23:59:59,1.180,200
2010-05-06,23:59:59,1.758,200
2010-06-10,23:59:59,15.881,200
2011-06-24,23:59:59,13.785,200
2013-12-18,23:59:59,3.053,200
2014-06-01,23:59:59,1.043,200
2015-03-26,23:59:59,7.287,200
2015-07-21,23:59:59,16.524,200
2016-07-30,23:59:59,8.184,200
2016-08-20,23:59:59,9.739,200
2016-08-23,23:59:59,12.112,200
2016-11-10,23:59:59,1.017,200
2019-09-19,23:59:59,1.784,200
2019-11-13,23:59:59,1.014,200
2019-12-04,23:59:59,1.011,200
2020-10-31,23:59:59,0.922,200
2021-05-17,23:59:59,3.007,200
2021-08-27,23:59:59,1.236,200
2021-12-19,23:59:59,1.195,200
2022-02-10,23:59:59,2.204,200
2023-02-03,23:59:59,15.992,200
2023-06-12,23:59:59,1.103,200
2023-11-10,23:59:59,1.088,200
2024-04-05,23:59:59,2.148,200
1980-12-15,23:59:59,1.362,200
1981-11-11,23:59:59,0.600,200
1982-03-18,23:59:59,10.075,200
1982-07-02,23:59:59,18.023,200
1983-08-21,23:59:59,14.086,200
1983-08-22,23:59:59,14.036,200
1986-07-27,23:59:59,19.483,200
1987-03-19,23:59:59,4.588,200
1987-07-20,23:59:59,16.986,200
1987-11-11,23:59:59,0.632,200
1987-11-20,23:59:59,3.768,200
1987-12-22,23:59:59,4.587,200
1988-02-06,23:59:59,0.671,200
1989-09-28,23:59:59,13.680,200
1990-06-05,23:59:59,0.620,200
1990-09-16,23:59:59,0.905,200
1991-01-03,23:59:59,1.446,200
1991-08-31,23:59:59,5.794,200
1991-09-04,23:59:59,7.272,200
1991-11-11,23:59:59,3.496,200
1992-08-23,23:59:59,6.576,200
1994-09-14,23:59:59,12.827,200
1995-03-03,23:59:59,4.432,200
1995-03-10,23:59:59,3.512,200
1996-02-25,23:59:59,0.984,200
1996-04-19,23:59:59,17.483,200
1996-05-19,23:59:59,12.317,200
1997-03-12,23:59:59,1.318,200
1997-08-29,23:59:59,0.717,200
1997-10-27,23:59:59,0.723,200
1998-02-07,23:59:59,2.848,200
1998-04-27,23:59:59,4.262,200
1999-03-23,23:59:59,7.897,200
1999-06-11,23:59:59,13.121,200
1999-10-04,23:59:59,0.755,200
1999-11-16,23:59:59,0.975,200
2000-09-10,23:59:59,7.587,200
2001-03-31,23:59:59,2.519,200
2001-07-30,23:59:59,0.763,200
2002-08-31,23:59:59,5.268,200
2003-05-04,23:59:59,5.389,200
2003-07-16,23:59:59,13.736,200
2003-10-31,23:59:59,0.761,200
2003-12-10,23:59:59,0.821,200
2004-05-24,23:59:59,17.503,200
2004-12-16,23:59:59,0.653,200
2006-08-28,23:59:59,4.824,200
2007-03-28,23:59:59,10.471,200
2007-04-12,23:59:59,8.846,200
2007-10-09,23:59:59,1.170,200
2007-12-26,23:59:59,1.091,200
2008-01-07,23:59:59,1.064,200
2008-04-19,23:59:59,10.960,200
2008-12-24,23:59:59,2.047,200
2009-08-04,23:59:59,8.307,200
2009-10-29,23:59:59,4.795,200
2010-04-04,23:59:59,2.191,200
2010-07-04,23:59:59,16.362,200
2011-12-01,23:59:59,1.119,200
2012-06-03,23:59:59,2.702,200
2013-01-07,23:59:59,10.670,200
2013-03-02,23:59:59,9.561,200
2013-03-15,23:59:59,5.803,200
2013-04-09,23:59:59,7.360,200
2014-05-01,23:59:59,12.581,200
2014-09-04,23:59:59,5.041,200
2014-10-24,23:59:59,1.465,200
2014-12-01,23:59:59,0.996,200
2015-04-14,23:59:59,15.658,200
2015-08-22,23:59:59,6.650,200
2016-04-24,23:59:59,16.723,200
2017-05-08,23:59:59,9.083,200
2017-07-05,23:59:59,4.566,200
2018-07-07,23:59:59,3.514,200
2020-02-25,23:59:59,1.974,200
2020-09-23,23:59:59,1.059,200
2021-12-28,23:59:59,4.196,200
2022-03-10,23:59:59,16.879,200
2022-10-02,23:59:59,1.074,200
2024-03-05,23:59:59,1.182,200
1980-09-10,23:59:59,8.174,200
1981-05-14,23:59:59,6.498,200
1981-09-29,23:59:59,8.802,200
1981-10-24,23:59:59,0.730,200
1982-04-10,23:59:59,5.059,200
1982-08-14,23:59:59,17.474,200
1983-07-29,23:59:59,9.825,200
1983-08-25,23:59:59,13.915,200
1983-11-16,23:59:59,12.449,200
1983-12-25,23:59:59,5.407,200
1985-12-20,23:59:59,4.471,200
1986-04-09,23:59:59,4.453,200
1986-10-04,23:59:59,0.626,200
1988-04-24,23:59:59,1.850,200
1988-10-04,23:59:59,0.864,200
1988-10-29,23:59:59,17.240,200
1992-01-08,23:59:59,4.352,200
1992-03-30,23:59:59,4.566,200
1992-05-14,23:59:59,2.070,200
1992-07-06,23:59:59,3.630,200
1992-10-11,23:59:59,3.520,200
1993-03-26,23:59:59,3.959,200
1993-06-17,23:59:59,17.006,200
1994-05-18,23:59:59,9.069,200
1996-01-15,23:59:59,17.652,200
1996-03-30,23:59:59,4.003,200
1996-05-21,23:59:59,0.945,200
1996-11-28,23:59:59,7.329,200
1997-01-02,23:59:59,1.494,200
1998-01-10,23:59:59,9.374,200
1998-04-22,23:59:59,4.280,200
1999-04-10,23:59:59,0.846,200
1999-08-23,23:59:59,6.297,200
1999-11-13,23:59:59,0.783,200
2000-03-30,23:59:59,4.238,200
2001-02-11,23:59:59,12.461,200
2003-03-26,23:59:59,3.610,200
2004-02-29,23:59:59,8.811,200
2005-04-20,23:59:59,1.064,200
2005-06-11,23:59:59,10.232,200
2005-12-31,23:59:59,1.026,200
2006-01-23,23:59:59,1.059,200
2006-11-04,23:59:59,1.041,200
2007-02-17,23:59:59,1.072,200
2007-07-23,23:59:59,16.752,200
2008-03-21,23:59:59,2.730,200
2008-06-01,23:59:59,16.748,200
2008-08-13,23:59:59,1.431,200
2011-04-30,23:59:59,14.536,200
2011-05-26,23:59:59,10.121,200
2011-06-05,23:59:59,4.741,200
2012-01-24,23:59:59,4.093,200
2012-09-11,23:59:59,1.230,200
2013-02-13,23:59:59,1.287,200
2013-04-19,23:59:59,8.113,200
2015-03-27,23:59:59,9.117,200
2015-05-26,23:59:59,1.157,200
2015-06-09,23:59:59,5.541,200
2015-11-04,23:59:59,0.981,200
2016-03-06,23:59:59,2.031,200
2016-05-29,23:59:59,3.707,200
2016-06-23,23:59:59,2.918,200
2016-07-12,23:59:59,4.685,200
2016-07-20,23:59:59,5.555,200
2016-07-26,23:59:59,8.694,200
2016-10-25,23:59:59,3.023,200
2017-04-14,23:59:59,3.289,200
2018-08-16,23:59:59,8.925,200
2019-04-26,23:59:59,3.348,200
2019-09-14,23:59:59,1.827,200
2019-11-26,23:59:59,1.037,200
2020-04-22,23:59:59,2.295,200
2020-06-29,23:59:59,16.722,200
2020-07-13,23:59:59,1.443,200
2020-11-12,23:59:59,0.970,200
2021-07-03,23:59:59,8.635,200
2022-07-27,23:59:59,1.027,200
2022-10-07,23:59:59,9.199,200
2024-04-15,23:59:59,1.121,200
2024-06-07,23:59:59,8.550,200
2024-10-20,23:59:59,1.072,200
1981-04-23,23:59:59,6.571,200
1981-11-20,23:59:59,0.620,200
1982-01-26,23:59:59,0.534,200
1982-02-07,23:59:59,2.959,200
1982-04-18,23:59:59,4.188,200
1982-09-10,23:59:59,9.530,200
1983-04-08,23:59:59,1.304,200
1984-09-13,23:59:59,0.659,200
1985-06-07,23:59:59,19.416,200
1985-06-26,23:59:59,0.704,200
1985-11-22,23:59:59,0.902,200
1986-04-07,23:59:59,16.181,200
1986-05-31,23:59:59,14.250,200
1987-01-26,23:59:59,0.723,200
1987-12-27,23:59:59,4.464,200
1988-03-06,23:59:59,0.743,200
1988-07-01,23:59:59,0.662,200
1988-08-10,23:59:59,7.100,200
1988-08-15,23:59:59,16.540,200
1988-10-21,23:59:59,17.342,200
1989-06-04,23:59:59,2.434,200
1989-09-10,23:59:59,15.970,200
1990-05-01,23:59:59,0.641,200
1990-12-17,23:59:59,0.585,200
1990-12-29,23:59:59,0.600,200
1991-02-15,23:59:59,6.145,200
1991-02-26,23:59:59,2.144,200
1992-09-26,23:59:59,8.846,200
1993-02-21,23:59:59,3.435,200
1993-11-18,23:59:59,0.684,200
1994-01-21,23:59:59,0.810,200
1994-08-04,23:59:59,8.060,200
1995-10-29,23:59:59,4.781,200
1996-10-24,23:59:59,0.775,200
1996-10-28,23:59:59,0.783,200
1996-12-09,23:59:59,1.831,200
1996-12-19,23:59:59,1.549,200
1997-03-11,23:59:59,1.444,200
1997-04-19,23:59:59,0.741,200
1997-06-12,23:59:59,16.974,200
1997-10-25,23:59:59,0.721,200
1998-03-03,23:59:59,11.141,200
1998-05-08,23:59:59,4.042,200
1998-06-07,23:59:59,9.351,200
1998-06-08,23:59:59,9.330,200
1999-06-24,23:59:59,17.131,200
1999-07-03,23:59:59,10.068,200
1999-07-18,23:59:59,5.695,200
1999-08-28,23:59:59,4.281,200
1999-12-21,23:59:59,13.486,200
2000-02-10,23:59:59,2.700,200
2001-01-26,23:59:59,16.560,200
2001-08-13,23:59:59,2.876,200
2001-08-14,23:59:59,2.876,200
2001-11-17,23:59:59,0.845,200
2002-11-19,23:59:59,4.978,200
2003-08-14,23:59:59,1.290,200
2004-03-14,23:59:59,8.005,200
2005-07-22,23:59:59,7.170,200
2005-09-24,23:59:59,0.992,200
2006-02-09,23:59:59,2.722,200
2006-06-15,23:59:59,12.929,200
2007-06-03,23:59:59,1.050,200
2007-06-22,23:59:59,16.731,200
2007-09-29,23:59:59,1.141,200
2007-10-19,23:59:59,1.684,200
2007-10-24,23:59:59,1.699,200
2007-11-29,23:59:59,1.218,200
2010-03-09,23:59:59,2.431,200
2010-05-26,23:59:59,4.172,200
2011-04-25,23:59:59,7.313,200
2011-09-29,23:59:59,1.639,200
2013-11-05,23:59:59,1.051,200
2015-07-12,23:59:59,16.889,200
2016-03-24,23:59:59,4.366,200
2017-08-02,23:59:59,4.527,200
2018-07-06,23:59:59,12.390,200
2019-07-23,23:59:59,13.798,200
2019-10-01,23:59:59,8.760,200
2020-03-30,23:59:59,8.787,200
2021-09-11,23:59:59,1.140,200
2022-11-05,23:59:59,3.454,200
2023-03-02,23:59:59,11.157,200
2023-05-31,23:59:59,1.098,200
2023-06-07,23:59:59,1.102,200
2023-08-16,23:59:59,14.005,200
2023-09-12,23:59:59,1.061,200
2023-09-28,23:59:59,0.978,200
1980-09-21,23:59:59,13.473,200
1981-07-12,23:59:59,6.426,200
1982-02-04,23:59:59,3.049,200
1984-12-25,23:59:59,19.747,200
1986-02-05,23:59:59,3.304,200
1986-09-07,23:59:59,11.016,200
1986-11-06,23:59:59,0.649,200
1986-11-23,23:59:59,18.413,200
1987-06-11,23:59:59,6.173,200
1987-11-17,23:59:59,4.575,200
1988-04-13,23:59:59,3.135,200
1989-02-25,23:59:59,6.408,200
1989-05-09,23:59:59,2.463,200
1990-08-18,23:59:59,16.194,200
1990-10-21,23:59:59,0.576,200
1991-09-21,23:59:59,3.224,200
1992-02-06,23:59:59,0.624,200
1993-04-01,23:59:59,9.811,200
1993-10-02,23:59:59,9.537,200
1994-03-25,23:59:59,4.666,200
1994-07-25,23:59:59,12.334,200
1995-04-12,23:59:59,0.949,200
1995-04-29,23:59:59,0.962,200
1995-11-11,23:59:59,3.352,200
1995-11-20,23:59:59,10.258,200
1996-05-05,23:59:59,15.479,200
1996-08-19,23:59:59,6.092,200
1996-11-11,23:59:59,0.798,200
1998-02-19,23:59:59,2.086,200
1998-05-09,23:59:59,8.600,200
1998-08-07,23:59:59,0.861,200
1998-08-11,23:59:59,2.081,200
1999-04-26,23:59:59,1.701,200
2001-03-14,23:59:59,3.479,200
2001-07-02,23:59:59,8.798,200
2002-07-17,23:59:59,13.910,200
2002-07-22,23:59:59,11.263,200
2003-06-16,23:59:59,13.955,200
2003-07-11,23:59:59,15.702,200
2003-07-22,23:59:59,17.363,200
2003-10-03,23:59:59,0.761,200
2003-10-23,23:59:59,0.759,200
2003-12-27,23:59:59,0.888,200
2004-08-15,23:59:59,10.884,200
2005-02-04,23:59:59,2.699,200
2005-11-28,23:59:59,1.002,200
2006-07-10,23:59:59,17.375,200
2007-02-06,23:59:59,1.801,200
2007-11-18,23:59:59,1.225,200
2008-05-29,23:59:59,8.562,200
2009-09-27,23:59:59,4.806,200
2009-10-26,23:59:59,4.800,200
2011-08-03,23:59:59,3.641,200
2012-01-09,23:59:59,3.799,200
2012-02-12,23:59:59,6.294,200
2012-04-04,23:59:59,6.769,200
2012-08-06,23:59:59,15.875,200
2014-05-13,23:59:59,7.515,200
2014-07-30,23:59:59,16.590,200
2014-12-06,23:59:59,2.944,200
2015-07-15,23:59:59,16.890,200
2015-08-11,23:59:59,16.421,200
2015-12-27,23:59:59,1.403,200
2016-11-04,23:59:59,1.668,200
2016-12-03,23:59:59,2.099,200
2017-02-07,23:59:59,0.988,200
2017-03-04,23:59:59,6.788,200
2017-03-28,23:59:59,17.019,200
2017-09-05,23:59:59,2.009,200
2018-09-24,23:59:59,1.340,200
2018-11-02,23:59:59,1.323,200
2020-04-12,23:59:59,14.143,200
2020-07-29,23:59:59,12.068,200
2020-12-29,23:59:59,1.516,200
2021-09-02,23:59:59,5.002,200
2021-10-16,23:59:59,5.010,200
2022-04-08,23:59:59,5.961,200
2022-09-04,23:59:59,7.484,200
2023-01-09,23:59:59,2.992,200
2023-04-10,23:59:59,6.854,200
2024-03-18,23:59:59,5.124,200
2024-03-23,23:59:59,7.139,200
2024-04-13,23:59:59,1.119,200
2024-06-14,23:59:59,14.472,200
1980-07-30,23:59:59,8.665,200
1980-08-21,23:59:59,8.665,200
1980-09-12,23:59:59,13.473,200
1981-09-04,23:59:59,18.175,200
1981-09-14,23:59:59,8.895,200
1981-09-26,23:59:59,8.802,200
1982-02-10,23:59:59,2.972,200
1983-06-30,23:59:59,6.450,200
1983-11-22,23:59:59,20.108,200
1984-09-28,23:59:59,18.064,200
1984-12-12,23:59:59,5.894,200
1985-06-01,23:59:59,19.842,200
1985-09-16,23:59:59,18.919,200
1985-11-05,23:59:59,0.693,200
1986-05-20,23:59:59,4.427,200
1986-10-25,23:59:59,0.685,200
1987-04-25,23:59:59,8.843,200
1988-03-01,23:59:59,5.728,200
1988-06-11,23:59:59,7.543,200
1988-07-11,23:59:59,0.644,200
1988-08-12,23:59:59,11.943,200
1988-12-21,23:59:59,4.713,200
1989-02-15,23:59:59,2.450,200
1990-11-08,23:59:59,0.585,200
1991-11-06,23:59:59,3.725,200
1992-01-19,23:59:59,2.816,200
1992-02-16,23:59:59,5.568,200
1992-03-29,23:59:59,8.775,200
1992-04-26,23:59:59,4.630,200
1992-05-26,23:59:59,1.622,200
1992-09-10,23:59:59,7.167,200
1992-12-03,23:59:59,0.762,200
1992-12-05,23:59:59,0.769,200
1992-12-22,23:59:59,0.781,200
1993-07-10,23:59:59,16.883,200
1994-01-05,23:59:59,0.746,200
1994-05-15,23:59:59,9.167,200
1995-03-23,23:59:59,0.896,200
1996-02-15,23:59:59,0.984,200
1996-05-20,23:59:59,0.986,200
1996-06-12,23:59:59,1.409,200
1996-06-21,23:59:59,10.539,200
1997-10-16,23:59:59,0.702,200
1998-06-12,23:59:59,6.944,200
1998-07-06,23:59:59,8.909,200
1999-03-07,23:59:59,7.137,200
1999-10-11,23:59:59,2.362,200
1999-12-24,23:59:59,2.037,200
2001-05-23,23:59:59,3.466,200
2001-08-29,23:59:59,1.916,200
2001-09-17,23:59:59,0.760,200
2002-02-26,23:59:59,3.578,200
2002-06-11,23:59:59,6.445,200
2002-07-13,23:59:59,12.578,200
2002-11-25,23:59:59,3.137,200
2003-11-09,23:59:59,0.775,200
2004-01-11,23:59:59,0.805,200
2004-02-20,23:59:59,2.816,200
2004-10-22,23:59:59,0.758,200
2005-04-03,23:59:59,1.273,200
2005-09-23,23:59:59,1.681,200
2006-03-20,23:59:59,11.888,200
2007-04-23,23:59:59,15.114,200
2007-12-05,23:59:59,1.045,200
2008-10-30,23:59:59,1.178,200
2009-02-19,23:59:59,1.198,200
2010-09-14,23:59:59,1.096,200
2011-02-15,23:59:59,11.418,200
2012-02-06,23:59:59,2.742,200
2014-05-25,23:59:59,1.052,200
2014-07-13,23:59:59,7.398,200
2016-11-09,23:59:59,1.400,200
2018-11-22,23:59:59,1.017,200
2020-02-24,23:59:59,1.990,200
2020-04-07,23:59:59,16.584,200
2022-08-04,23:59:59,1.042,200
2022-10-09,23:59:59,4.881,200
2022-12-23,23:59:59,6.050,200
2023-04-16,23:59:59,12.625,200
2023-07-10,23:59:59,16.943,200
2023-07-20,23:59:59,11.544,200
2024-11-24,23:59:59,9.976,200
1981-06-26,23:59:59,9.976,200
1983-02-05,23:59:59,0.640,200
1983-05-30,23:59:59,4.376,200
1983-09-21,23:59:59,4.448,200
1984-02-27,23:59:59,2.628,200
1984-08-19,23:59:59,0.656,200
1984-09-06,23:59:59,0.657,200
1985-02-28,23:59:59,2.867,200
1985-03-21,23:59:59,2.842,200
1985-07-30,23:59:59,1.328,200
1985-10-08,23:59:59,0.702,200
1987-04-19,23:59:59,2.871,200
1987-08-04,23:59:59,16.135,200
1988-10-31,23:59:59,17.267,200
1989-09-01,23:59:59,16.611,200
1989-11-28,23:59:59,0.466,200
1990-02-23,23:59:59,0.566,200
1991-06-03,23:59:59,7.729,200
1992-05-03,23:59:59,2.373,200
1992-06-24,23:59:59,17.171,200
1993-04-22,23:59:59,3.954,200
1993-06-12,23:59:59,9.997,200
1993-09-21,23:59:59,5.376,200
1993-12-16,23:59:59,0.698,200
1994-07-11,23:59:59,9.760,200
1995-02-24,23:59:59,17.363,200
1996-08-22,23:59:59,3.549,200
1997-04-17,23:59:59,0.752,200
1997-06-20,23:59:59,16.684,200
1998-07-17,23:59:59,14.045,200
1999-03-11,23:59:59,2.861,200
1999-09-20,23:59:59,0.753,200
1999-10-16,23:59:59,0.717,200
2000-03-15,23:59:59,1.399,200
2001-01-11,23:59:59,0.899,200
2001-12-27,23:59:59,0.885,200
2004-03-02,23:59:59,15.044,200
2005-08-18,23:59:59,0.995,200
2005-11-05,23:59:59,0.994,200
2006-01-02,23:59:59,1.030,200
2006-02-02,23:59:59,1.065,200
2006-04-22,23:59:59,4.136,200
2006-06-10,23:59:59,4.168,200
2008-02-26,23:59:59,4.121,200
2010-08-07,23:59:59,4.779,200
2011-02-19,23:59:59,4.134,200
2012-01-21,23:59:59,4.842,200
2012-01-22,23:59:59,4.466,200
2012-02-20,23:59:59,2.701,200
2013-03-14,23:59:59,14.018,200
2016-08-15,23:59:59,12.377,200
2016-12-07,23:59:59,0.991,200
2017-06-08,23:59:59,8.675,200
2017-06-10,23:59:59,3.036,200
2017-07-30,23:59:59,2.946,200
2019-05-14,23:59:59,1.070,200
2019-06-11,23:59:59,7.315,200
2019-07-10,23:59:59,17.167,200
2019-09-15,23:59:59,1.810,200
2019-11-07,23:59:59,5.484,200
2021-04-20,23:59:59,1.597,200
2022-02-23,23:59:59,2.066,200
2022-11-09,23:59:59,13.156,200
2023-02-02,23:59:59,16.947,200
1980-04-24,23:59:59,17.899,200
1980-12-26,23:59:59,1.362,200
1981-05-06,23:59:59,6.498,200
1981-08-29,23:59:59,18.508,200
1982-03-09,23:59:59,8.250,200
1982-07-21,23:59:59,18.817,200
1983-01-09,23:59:59,0.558,200
1983-04-22,23:59:59,13.443,200
1983-08-18,23:59:59,14.225,200
1983-08-23,23:59:59,14.001,200
1984-01-06,23:59:59,3.649,200
1984-02-21,23:59:59,7.664,200
1984-08-01,23:59:59,4.147,200
1985-02-20,23:59:59,2.854,200
1985-09-23,23:59:59,0.680,200
1985-12-31,23:59:59,20.219,200
1986-08-27,23:59:59,18.981,200
1987-03-15,23:59:59,19.249,200
1987-04-01,23:59:59,20.448,200
1988-01-08,23:59:59,1.307,200
1988-02-18,23:59:59,0.694,200
1988-03-30,23:59:59,4.126,200
1988-09-19,23:59:59,0.604,200
1988-09-22,23:59:59,0.603,200
1990-05-10,23:59:59,0.650,200
1990-07-03,23:59:59,6.250,200
1990-07-24,23:59:59,0.628,200
1990-08-02,23:59:59,15.902,200
1991-02-04,23:59:59,12.340,200
1991-06-24,23:59:59,11.830,200
1993-07-14,23:59:59,16.873,200
1993-11-14,23:59:59,0.677,200
1993-11-17,23:59:59,1.490,200
1994-01-04,23:59:59,0.730,200
1995-05-04,23:59:59,17.071,200
1995-05-05,23:59:59,12.562,200
1995-08-31,23:59:59,2.224,200
1996-03-31,23:59:59,3.051,200
1997-11-14,23:59:59,0.746,200
1997-12-07,23:59:59,0.792,200
1998-02-23,23:59:59,6.456,200
1998-12-02,23:59:59,2.911,200
1999-03-29,23:59:59,1.624,200
1999-06-29,23:59:59,17.154,200
1999-09-05,23:59:59,0.739,200
2000-06-24,23:59:59,5.362,200
2000-08-30,23:59:59,16.454,200
2000-09-26,23:59:59,1.536,200
2000-10-25,23:59:59,4.161,200
2001-02-09,23:59:59,2.892,200
2001-07-16,23:59:59,15.462,200
2002-05-04,23:59:59,4.844,200
2002-05-28,23:59:59,12.956,200
2003-04-08,23:59:59,2.159,200
2005-04-04,23:59:59,1.384,200
2005-09-20,23:59:59,1.548,200
2006-03-18,23:59:59,4.152,200
2006-07-23,23:59:59,11.264,200
2006-11-21,23:59:59,1.088,200
2006-12-09,23:59:59,1.114,200
2007-08-04,23:59:59,12.500,200
2008-04-29,23:59:59,4.605,200
2008-09-27,23:59:59,1.102,200
2008-10-15,23:59:59,1.141,200
2009-08-28,23:59:59,1.245,200
2009-09-29,23:59:59,4.905,200
2010-02-22,23:59:59,1.996,200
2010-03-23,23:59:59,2.756,200
2010-10-18,23:59:59,1.126,200
2010-11-28,23:59:59,4.863,200
2011-04-16,23:59:59,9.266,200
2011-08-16,23:59:59,16.277,200
2012-05-15,23:59:59,4.111,200
2012-11-30,23:59:59,0.490,200
2013-09-06,23:59:59,12.441,200
2014-12-23,23:59:59,0.980,200
2015-01-03,23:59:59,2.532,200
2016-12-09,23:59:59,0.998,200
2017-05-06,23:59:59,4.661,200
2017-11-02,23:59:59,4.135,200
2018-03-20,23:59:59,9.177,200
2018-06-25,23:59:59,12.791,200
2018-10-22,23:59:59,0.985,200
2019-02-25,23:59:59,5.521,200
2019-04-11,23:59:59,1.088,200
2019-07-05,23:59:59,15.179,200
2019-07-13,23:59:59,16.135,200
2019-10-07,23:59:59,1.486,200
2021-02-24,23:59:59,7.597,200
2021-07-18,23:59:59,1.143,200
2021-12-21,23:59:59,1.187,200
2022-06-22,23:59:59,16.571,200
2023-05-12,23:59:59,1.114,200
2023-10-10,23:59:59,1.089,200
1980-03-30,23:59:59,1.531,200
1980-04-30,23:59:59,4.735,200
1980-09-11,23:59:59,10.619,200
1980-10-01,23:59:59,13.473,200
1980-10-14,23:59:59,13.126,200
1981-07-23,23:59:59,13.139,200
1982-01-01,23:59:59,0.598,200
1982-05-14,23:59:59,18.761,200
1983-08-04,23:59:59,0.781,200
1983-08-17,23:59:59,14.289,200
1984-05-01,23:59:59,4.484,200
1985-03-30,23:59:59,2.852,200
1987-01-06,23:59:59,0.643,200
1987-02-16,23:59:59,3.623,200
1987-09-10,23:59:59,4.735,200
1988-01-23,23:59:59,3.210,200
1988-02-26,23:59:59,7.217,200
1988-09-27,23:59:59,0.603,200
1988-10-26,23:59:59,17.271,200
1988-11-16,23:59:59,3.972,200
1989-06-09,23:59:59,7.939,200
1989-09-26,23:59:59,15.818,200
1989-10-29,23:59:59,3.090,200
1990-02-22,23:59:59,0.566,200
1990-03-27,23:59:59,0.603,200
1990-04-24,23:59:59,0.621,200
1991-10-15,23:59:59,2.324,200
1992-09-06,23:59:59,6.424,200
1992-09-20,23:59:59,9.149,200
1993-01-22,23:59:59,0.843,200
1993-10-28,23:59:59,0.669,200
1994-06-09,23:59:59,0.917,200
1994-09-06,23:59:59,13.053,200
1994-10-30,23:59:59,5.189,200
1995-05-20,23:59:59,3.104,200
1995-07-22,23:59:59,0.895,200
1995-07-29,23:59:59,4.320,200
1995-11-27,23:59:59,1.011,200
1996-01-02,23:59:59,18.170,200
1996-07-22,23:59:59,10.200,200
1998-06-30,23:59:59,1.259,200
1998-10-29,23:59:59,13.169,200
1998-12-03,23:59:59,2.905,200
1999-10-22,23:59:59,0.719,200
1999-12-06,23:59:59,17.071,200
2000-05-22,23:59:59,1.680,200
2000-09-18,23:59:59,16.659,200
2001-03-10,23:59:59,3.491,200
2001-07-18,23:59:59,8.955,200
2001-09-11,23:59:59,0.772,200
2001-12-02,23:59:59,0.843,200
2002-01-28,23:59:59,0.913,200
2004-07-18,23:59:59,3.865,200
2004-08-07,23:59:59,12.168,200
2005-07-17,23:59:59,4.542,200
2005-09-07,23:59:59,1.008,200
2005-09-10,23:59:59,0.980,200
2006-04-09,23:59:59,4.785,200
2007-11-15,23:59:59,1.200,200
2008-08-29,23:59:59,1.033,200
2009-03-30,23:59:59,3.262,200
2009-06-18,23:59:59,16.974,200
2009-12-15,23:59:59,1.154,200
2010-10-10,23:59:59,1.114,200
2010-11-24,23:59:59,4.875,200
2011-01-24,23:59:59,3.741,200
2011-01-31,23:59:59,4.913,200
2011-08-21,23:59:59,2.722,200
2011-10-15,23:59:59,1.244,200
2011-11-26,23:59:59,1.113,200
2012-09-04,23:59:59,1.520,200
2012-10-22,23:59:59,0.808,200
2013-02-20,23:59:59,4.574,200
2013-09-09,23:59:59,5.096,200
2013-10-10,23:59:59,0.979,200
2014-10-11,23:59:59,4.877,200
2015-02-27,23:59:59,16.879,200
2015-10-10,23:59:59,1.044,200
2016-03-13,23:59:59,1.102,200
2017-12-17,23:59:59,2.855,200
2018-11-13,23:59:59,1.002,200
2019-02-15,23:59:59,13.735,200
2019-09-24,23:59:59,1.373,200
2021-03-21,23:59:59,8.677,200
2021-04-05,23:59:59,4.152,200
2021-08-19,23:59:59,1.318,200
2022-02-08,23:59:59,1.192,200
2022-10-24,23:59:59,1.880,200
2023-05-02,23:59:59,16.577,200
2023-06-19,23:59:59,11.276,200
2023-09-23,23:59:59,0.999,200
2023-10-28,23:59:59,2.857,200
2024-05-12,23:59:59,16.048,200
2024-09-08,23:59:59,1.076,200
1980-04-28,23:59:59,17.899,200
1981-02-26,23:59:59,0.745,200
1983-10-15,23:59:59,14.210,200
1984-06-22,23:59:59,12.643,200
1984-08-23,23:59:59,0.666,200
1986-07-21,23:59:59,6.906,200
1986-09-30,23:59:59,0.631,200
1987-04-02,23:59:59,20.368,200
1987-07-31,23:59:59,16.309,200
1987-11-08,23:59:59,0.659,200
1988-10-08,23:59:59,0.628,200
1989-06-25,23:59:59,4.643,200
1990-03-23,23:59:59,0.603,200
1990-11-02,23:59:59,0.583,200
1991-08-28,23:59:59,5.029,200
1992-08-21,23:59:59,3.615,200
1992-12-13,23:59:59,0.776,200
1993-12-15,23:59:59,0.697,200
1994-05-16,23:59:59,9.132,200
1994-11-05,23:59:59,2.975,200
1995-12-12,23:59:59,14.532,200
1997-03-28,23:59:59,0.849,200
1997-06-11,23:59:59,17.030,200
1997-06-21,23:59:59,17.101,200
1997-08-31,23:59:59,0.715,200
1997-10-01,23:59:59,0.689,200
1998-04-14,23:59:59,4.799,200
1998-05-05,23:59:59,8.401,200
1999-01-26,23:59:59,10.009,200
1999-05-09,23:59:59,17.497,200
1999-08-06,23:59:59,8.660,200
1999-08-16,23:59:59,10.469,200
1999-12-23,23:59:59,8.171,200
1999-12-27,23:59:59,2.016,200
2000-05-28,23:59:59,5.016,200
2000-10-22,23:59:59,3.488,200
2001-01-10,23:59:59,0.898,200
2002-02-16,23:59:59,0.890,200
2002-03-07,23:59:59,3.600,200
2002-08-03,23:59:59,16.816,200
2002-11-26,23:59:59,3.139,200
2003-01-27,23:59:59,17.735,200
2004-04-04,23:59:59,1.271,200
2005-07-20,23:59:59,8.323,200
2006-01-29,23:59:59,1.061,200
2006-04-29,23:59:59,1.054,200
2007-10-14,23:59:59,1.440,200
2007-11-08,23:59:59,1.194,200
2009-04-12,23:59:59,1.188,200
2010-04-26,23:59:59,1.243,200
2010-05-29,23:59:59,2.860,200
2011-03-30,23:59:59,7.772,200
2011-06-19,23:59:59,10.399,200
2011-09-04,23:59:59,3.941,200
2011-09-07,23:59:59,1.230,200
2011-11-25,23:59:59,1.111,200
2012-07-05,23:59:59,8.448,200
2013-08-31,23:59:59,9.777,200
2014-02-24,23:59:59,16.624,200
2014-04-29,23:59:59,7.811,200
2014-11-08,23:59:59,0.986,200
2015-10-26,23:59:59,1.061,200
2016-05-01,23:59:59,16.646,200
2016-08-31,23:59:59,12.335,200
2016-11-27,23:59:59,0.988,200
2016-12-18,23:59:59,0.962,200
2016-12-29,23:59:59,0.967,200
2017-08-03,23:59:59,4.509,200
2017-08-17,23:59:59,6.832,200
2018-01-05,23:59:59,2.028,200
2018-08-22,23:59:59,13.236,200
2018-09-27,23:59:59,4.782,200
2018-11-25,23:59:59,1.019,200
2019-01-10,23:59:59,1.045,200
2019-03-11,23:59:59,13.980,200
2019-10-04,23:59:59,9.210,200
2019-11-17,23:59:59,1.022,200
2020-06-12,23:59:59,16.649,200
2020-10-05,23:59:59,0.947,200
2022-04-02,23:59:59,10.612,200
2023-01-27,23:59:59,5.109,200
2024-03-15,23:59:59,3.135,200
1980-04-01,23:59:59,1.531,200
1980-09-04,23:59:59,8.174,200
1981-09-20,23:59:59,8.895,200
1981-09-24,23:59:59,8.802,200
1982-02-13,23:59:59,2.923,200
1982-12-20,23:59:59,0.546,200
1982-12-24,23:59:59,0.541,200
1983-02-26,23:59:59,0.560,200
1985-05-07,23:59:59,0.814,200
1985-06-28,23:59:59,0.683,200
1985-08-18,23:59:59,19.115,200
1986-02-13,23:59:59,0.766,200
1986-03-06,23:59:59,7.018,200
1986-03-27,23:59:59,1.841,200
1986-09-01,23:59:59,18.667,200
1987-06-22,23:59:59,3.478,200
1987-07-17,23:59:59,8.807,200
1988-02-08,23:59:59,0.664,200
1988-02-17,23:59:59,0.685,200
1988-08-05,23:59:59,16.798,200
1988-09-01,23:59:59,1.967,200
1988-09-25,23:59:59,0.603,200
1989-02-21,23:59:59,2.573,200
1989-09-19,23:59:59,15.942,200
1991-04-18,23:59:59,0.638,200
1991-04-28,23:59:59,3.183,200
1991-08-24,23:59:59,0.545,200
1992-07-30,23:59:59,0.718,200
1993-02-22,23:59:59,3.394,200
1995-04-24,23:59:59,0.947,200
1995-05-16,23:59:59,0.996,200
1996-03-12,23:59:59,3.932,200
1996-08-12,23:59:59,6.269,200
1996-12-30,23:59:59,1.496,200
1997-12-10,23:59:59,0.809,200
1998-02-28,23:59:59,6.434,200
1998-03-16,23:59:59,17.419,200
1998-03-31,23:59:59,8.196,200
1998-05-12,23:59:59,8.595,200
1998-08-02,23:59:59,0.848,200
1999-03-01,23:59:59,5.983,200
1999-07-15,23:59:59,16.930,200
1999-10-18,23:59:59,0.713,200
2000-10-11,23:59:59,1.589,200
2001-10-18,23:59:59,0.776,200
2003-05-31,23:59:59,5.038,200
2003-06-03,23:59:59,8.605,200
2003-12-02,23:59:59,0.820,200
2004-02-08,23:59:59,1.813,200
2004-04-13,23:59:59,10.478,200
2004-08-13,23:59:59,8.362,200
2005-04-08,23:59:59,1.240,200
2005-04-27,23:59:59,17.029,200
2005-05-12,23:59:59,8.507,200
2005-11-07,23:59:59,0.980,200
2006-07-12,23:59:59,9.114,200
2006-09-11,23:59:59,1.006,200
2007-03-31,23:59:59,10.720,200
2007-05-10,23:59:59,15.485,200
2008-02-07,23:59:59,4.798,200
2008-06-29,23:59:59,1.119,200
2008-11-22,23:59:59,1.132,200
2009-03-14,23:59:59,2.486,200
2009-04-23,23:59:59,10.072,200
2009-11-30,23:59:59,1.127,200
2010-02-07,23:59:59,2.884,200
2010-03-11,23:59:59,1.871,200
2010-03-31,23:59:59,3.093,200
2010-04-19,23:59:59,7.175,200
2010-12-08,23:59:59,4.807,200
2011-03-06,23:59:59,2.787,200
2011-03-18,23:59:59,12.463,200
2011-04-15,23:59:59,7.890,200
2012-02-02,23:59:59,2.747,200
2012-02-19,23:59:59,2.704,200
2013-12-28,23:59:59,3.020,200
2014-01-03,23:59:59,1.552,200
2014-03-25,23:59:59,3.089,200
2014-06-25,23:59:59,10.199,200
2014-07-14,23:59:59,6.092,200
2014-09-10,23:59:59,9.041,200
2015-07-04,23:59:59,4.598,200
2015-07-11,23:59:59,16.950,200
2017-07-13,23:59:59,10.793,200
2018-04-03,23:59:59,1.083,200
2018-07-04,23:59:59,14.377,200
2018-10-12,23:59:59,0.997,200
2020-12-01,23:59:59,2.890,200
2021-12-13,23:59:59,9.330,200
2022-09-17,23:59:59,9.161,200
2023-09-06,23:59:59,2.956,200
2023-12-09,23:59:59,5.041,200
2024-08-04,23:59:59,8.523,200
1980-02-16,23:59:59,5.560,200
1980-12-13,23:59:59,1.362,200
1981-07-27,23:59:59,13.139,200
1981-10-11,23:59:59,0.620,200
1983-07-08,23:59:59,3.100,200
1983-07-16,23:59:59,4.617,200
1983-10-20,23:59:59,5.411,200
1985-08-12,23:59:59,14.460,200
1985-09-25,23:59:59,0.666,200
1987-07-12,23:59:59,1.836,200
1987-09-05,23:59:59,11.689,200
1987-12-11,23:59:59,4.585,200
1989-04-29,23:59:59,0.716,200
1989-10-31,23:59:59,3.092,200
1990-03-19,23:59:59,0.619,200
1990-03-21,23:59:59,0.600,200
1990-07-13,23:59:59,1.519,200
1990-08-30,23:59:59,15.837,200
1991-01-21,23:59:59,4.580,200
1991-02-13,23:59:59,7.194,200
1992-01-14,23:59:59,6.382,200
1992-09-23,23:59:59,8.359,200
1993-04-16,23:59:59,0.850,200
1993-09-24,23:59:59,5.336,200
1993-12-11,23:59:59,0.698,200
1993-12-21,23:59:59,0.704,200
1994-05-24,23:59:59,15.110,200
1994-05-29,23:59:59,0.936,200
1994-11-12,23:59:59,0.835,200
1995-07-12,23:59:59,4.381,200
1997-02-01,23:59:59,4.446,200
1997-03-25,23:59:59,1.932,200
1998-04-29,23:59:59,4.287,200
1999-05-25,23:59:59,6.710,200
2002-12-17,23:59:59,2.562,200
2003-05-13,23:59:59,4.193,200
2003-07-14,23:59:59,15.514,200
2004-07-02,23:59:59,1.175,200
2005-03-30,23:59:59,1.260,200
2005-04-09,23:59:59,1.074,200
2005-08-01,23:59:59,1.357,200
2006-06-11,23:59:59,4.177,200
2006-06-16,23:59:59,4.783,200
2006-09-26,23:59:59,1.044,200
2006-09-28,23:59:59,1.036,200
2007-01-13,23:59:59,4.085,200
2007-09-19,23:59:59,1.149,200
2008-02-04,23:59:59,5.390,200
2008-07-12,23:59:59,1.184,200
2008-11-29,23:59:59,1.166,200
2009-04-18,23:59:59,4.576,200
2009-04-26,23:59:59,4.068,200
2009-06-26,23:59:59,16.783,200
2009-09-06,23:59:59,1.244,200
2009-09-13,23:59:59,1.249,200
2011-05-02,23:59:59,14.458,200
2012-02-11,23:59:59,6.313,200
2012-02-16,23:59:59,3.240,200
2012-04-05,23:59:59,4.921,200
2012-05-06,23:59:59,8.933,200
2012-08-09,23:59:59,12.609,200
2012-11-15,23:59:59,0.327,200
2017-04-05,23:59:59,15.546,200
2017-04-19,23:59:59,13.993,200
2017-06-02,23:59:59,3.815,200
2017-07-14,23:59:59,9.383,200
2017-07-20,23:59:59,2.769,200
2018-04-13,23:59:59,15.324,200
2018-07-27,23:59:59,1.026,200
2018-08-27,23:59:59,12.569,200
2020-01-13,23:59:59,1.605,200
2020-04-10,23:59:59,12.602,200
2020-08-12,23:59:59,16.255,200
2022-01-05,23:59:59,8.404,200
2022-06-05,23:59:59,6.672,200
2022-09-10,23:59:59,10.310,200
2023-03-17,23:59:59,7.102,200
2023-09-10,23:59:59,1.069,200
2024-02-21,23:59:59,1.797,200
1980-05-01,23:59:59,4.735,200
1981-01-10,23:59:59,1.362,200
1982-06-30,23:59:59,18.176,200
1983-12-02,23:59:59,7.044,200
1984-10-27,23:59:59,0.672,200
1987-07-04,23:59:59,3.230,200
1987-07-22,23:59:59,16.841,200
1988-01-12,23:59:59,0.680,200
1988-05-08,23:59:59,7.957,200
1988-05-30,23:59:59,7.656,200
1989-09-11,23:59:59,15.972,200
1989-11-05,23:59:59,2.519,200
1990-01-17,23:59:59,0.559,200
1990-03-28,23:59:59,0.603,200
1990-05-22,23:59:59,0.641,200
1991-06-12,23:59:59,7.663,200
1991-06-13,23:59:59,7.701,200
1991-11-25,23:59:59,2.414,200
1992-06-07,23:59:59,16.980,200
1994-11-04,23:59:59,6.688,200
1995-02-15,23:59:59,15.244,200
1995-04-13,23:59:59,0.939,200
1995-07-13,23:59:59,4.393,200
1995-09-10,23:59:59,12.860,200
1995-09-12,23:59:59,10.782,200
1996-02-26,23:59:59,1.933,200
1996-03-10,23:59:59,6.821,200
1996-06-17,23:59:59,2.990,200
1996-07-18,23:59:59,16.339,200
1997-08-28,23:59:59,0.722,200
1998-05-10,23:59:59,8.606,200
1998-11-17,23:59:59,1.658,200
1999-01-24,23:59:59,9.255,200
1999-09-14,23:59:59,0.753,200
1999-09-21,23:59:59,0.753,200
1999-11-24,23:59:59,0.965,200
2000-07-04,23:59:59,17.254,200
2000-08-18,23:59:59,17.006,200
2000-10-30,23:59:59,7.704,200
2000-11-03,23:59:59,10.860,200
2000-11-21,23:59:59,4.185,200
2001-09-16,23:59:59,0.760,200
2001-10-08,23:59:59,0.777,200
2002-01-21,23:59:59,4.612,200
2002-05-22,23:59:59,6.974,200
2003-06-05,23:59:59,14.273,200
2003-06-18,23:59:59,16.857,200
2005-12-21,23:59:59,1.020,200
2005-12-26,23:59:59,1.026,200
2006-02-03,23:59:59,1.067,200
2006-08-31,23:59:59,1.009,200
2007-01-20,23:59:59,5.258,200
2007-12-07,23:59:59,1.045,200
2008-03-15,23:59:59,1.153,200
2009-03-06,23:59:59,2.963,200
2009-09-01,23:59:59,1.246,200
2011-05-10,23:59:59,9.951,200
2011-06-25,23:59:59,13.736,200
2011-09-15,23:59:59,1.218,200
2011-10-27,23:59:59,1.128,200
2012-02-03,23:59:59,2.750,200
2012-04-01,23:59:59,5.107,200
2012-08-29,23:59:59,5.490,200
2013-08-25,23:59:59,16.736,200
2013-12-20,23:59:59,4.119,200
2014-03-24,23:59:59,3.568,200
2014-11-28,23:59:59,0.997,200
2014-12-05,23:59:59,4.393,200
2015-10-04,23:59:59,2.895,200
2015-10-06,23:59:59,2.893,200
2016-02-14,23:59:59,8.977,200
2016-08-06,23:59:59,1.102,200
2018-08-20,23:59:59,9.164,200
2018-10-21,23:59:59,0.987,200
2019-08-29,23:59:59,5.146,200
2019-09-08,23:59:59,2.751,200
2019-12-31,23:59:59,1.937,200
2020-01-08,23:59:59,1.495,200
2020-09-10,23:59:59,6.793,200
2021-12-14,23:59:59,7.568,200
2022-02-24,23:59:59,7.480,200
2023-06-08,23:59:59,1.104,200
2024-04-30,23:59:59,2.511,200
1981-01-28,23:59:59,1.467,200
1981-04-30,23:59:59,6.737,200
1981-10-09,23:59:59,0.662,200
1982-01-08,23:59:59,0.594,200
1982-07-17,23:59:59,19.308,200
1983-09-08,23:59:59,13.562,200
1983-12-05,23:59:59,7.013,200
1984-04-02,23:59:59,4.571,200
1984-07-04,23:59:59,12.925,200
1984-07-10,23:59:59,19.152,200
1985-08-16,23:59:59,19.236,200
1987-12-29,23:59:59,4.459,200
1988-08-28,23:59:59,7.445,200
1988-12-31,23:59:59,4.683,200
1989-03-12,23:59:59,6.408,200
1989-06-17,23:59:59,4.663,200
1989-11-27,23:59:59,0.466,200
1990-09-20,23:59:59,0.891,200
1990-10-24,23:59:59,0.583,200
1991-07-06,23:59:59,11.706,200
1991-07-12,23:59:59,11.595,200
1992-01-23,23:59:59,3.568,200
1992-12-07,23:59:59,0.769,200
1993-01-05,23:59:59,0.804,200
1994-07-13,23:59:59,12.756,200
1994-08-01,23:59:59,8.062,200
1995-03-21,23:59:59,0.900,200
1995-11-18,23:59:59,8.517,200
1996-06-07,23:59:59,0.901,200
1999-01-31,23:59:59,5.349,200
2000-10-23,23:59:59,4.152,200
2001-02-28,23:59:59,6.792,200
2001-08-09,23:59:59,4.210,200
2001-12-26,23:59:59,0.844,200
2002-02-27,23:59:59,3.580,200
2002-04-16,23:59:59,14.244,200
2002-04-29,23:59:59,5.438,200
2002-05-09,23:59:59,3.441,200
2003-01-22,23:59:59,13.117,200
2003-10-02,23:59:59,0.755,200
2004-07-05,23:59:59,1.183,200
2004-11-07,23:59:59,0.631,200
2004-12-15,23:59:59,0.650,200
2005-05-18,23:59:59,13.555,200
2006-07-30,23:59:59,7.318,200
2006-09-02,23:59:59,0.997,200
2007-03-26,23:59:59,8.754,200
2007-06-16,23:59:59,8.241,200
2007-11-09,23:59:59,1.195,200
2008-06-20,23:59:59,16.597,200
2009-03-05,23:59:59,2.916,200
2009-06-16,23:59:59,14.641,200
2009-07-07,23:59:59,16.803,200
2010-09-18,23:59:59,1.099,200
2011-05-31,23:59:59,8.307,200
2012-07-01,23:59:59,8.533,200
2012-07-16,23:59:59,3.396,200
2012-11-07,23:59:59,0.305,200
2013-05-08,23:59:59,10.505,200
2014-10-14,23:59:59,4.866,200
2016-07-09,23:59:59,16.474,200
2017-02-08,23:59:59,0.983,200
2017-04-07,23:59:59,14.816,200
2017-05-18,23:59:59,4.725,200
2017-06-07,23:59:59,10.649,200
2018-03-19,23:59:59,6.960,200
2018-11-30,23:59:59,1.021,200
2019-06-08,23:59:59,0.989,200
2020-05-06,23:59:59,3.953,200
2021-04-15,23:59:59,6.661,200
2021-04-30,23:59:59,7.100,200
2021-05-31,23:59:59,10.304,200
2022-01-25,23:59:59,7.529,200
2022-03-01,23:59:59,15.659,200
2023-04-25,23:59:59,13.686,200
2023-09-30,23:59:59,0.971,200
2023-10-22,23:59:59,3.024,200
1980-09-17,23:59:59,13.473,200
1981-03-09,23:59:59,6.977,200
1982-11-25,23:59:59,0.498,200
1983-01-15,23:59:59,0.618,200
1983-08-02,23:59:59,0.806,200
1984-10-22,23:59:59,0.704,200
1984-11-22,23:59:59,0.691,200
1985-03-03,23:59:59,2.884,200
1985-03-09,23:59:59,3.807,200
1985-06-23,23:59:59,0.714,200
1985-11-27,23:59:59,6.974,200
1988-12-23,23:59:59,12.631,200
1989-01-20,23:59:59,7.985,200
1989-05-24,23:59:59,2.450,200
1989-10-05,23:59:59,13.389,200
1991-05-24,23:59:59,6.469,200
1992-05-12,23:59:59,10.817,200
1992-09-01,23:59:59,7.091,200
1992-10-04,23:59:59,9.180,200
1993-03-12,23:59:59,1.677,200
1993-04-03,23:59:59,6.351,200
1993-06-07,23:59:59,2.450,200
1993-07-11,23:59:59,16.779,200
1993-09-08,23:59:59,16.317,200
1993-09-17,23:59:59,11.904,200
1994-02-18,23:59:59,17.077,200
1994-03-19,23:59:59,0.838,200
1995-01-20,23:59:59,10.118,200
1996-04-24,23:59:59,12.061,200
1997-01-11,23:59:59,0.789,200
1998-05-22,23:59:59,8.522,200
1999-02-05,23:59:59,8.319,200
1999-07-23,23:59:59,14.784,200
2000-09-13,23:59:59,10.337,200
2000-12-20,23:59:59,0.998,200
2001-05-09,23:59:59,3.082,200
2001-05-12,23:59:59,1.334,200
2001-09-09,23:59:59,2.837,200
2001-09-25,23:59:59,0.759,200
2001-12-29,23:59:59,0.851,200
2002-03-04,23:59:59,3.588,200
2002-03-28,23:59:59,0.884,200
2002-04-04,23:59:59,6.159,200
2002-04-05,23:59:59,3.691,200
2003-03-21,23:59:59,11.907,200
2003-04-17,23:59:59,4.917,200
2003-09-15,23:59:59,0.733,200
2005-03-06,23:59:59,1.057,200
2005-04-26,23:59:59,12.165,200
2005-10-21,23:59:59,0.997,200
2006-02-25,23:59:59,3.464,200
2006-03-08,23:59:59,5.019,200
2006-05-04,23:59:59,1.057,200
2006-12-08,23:59:59,1.132,200
2007-02-05,23:59:59,1.237,200
2008-05-04,23:59:59,11.640,200
2008-06-05,23:59:59,16.878,200
2008-07-28,23:59:59,4.123,200
2009-01-06,23:59:59,1.988,200
2009-06-13,23:59:59,10.170,200
2009-08-17,23:59:59,4.094,200
2009-08-26,23:59:59,1.271,200
2010-02-16,23:59:59,6.265,200
2011-05-21,23:59:59,4.138,200
2011-06-20,23:59:59,11.886,200
2011-06-30,23:59:59,16.913,200
2012-12-17,23:59:59,1.033,200
2013-02-18,23:59:59,5.657,200
2013-05-12,23:59:59,4.719,200
2013-12-31,23:59:59,3.009,200
2014-08-10,23:59:59,1.071,200
2014-09-02,23:59:59,5.038,200
2014-09-25,23:59:59,5.078,200
2015-04-27,23:59:59,1.115,200
2016-08-18,23:59:59,15.327,200
2017-10-19,23:59:59,1.022,200
2017-10-23,23:59:59,1.022,200
2018-11-10,23:59:59,1.002,200
2019-03-03,23:59:59,4.000,200
2019-12-30,23:59:59,3.966,200
2020-09-02,23:59:59,6.827,200
2020-10-19,23:59:59,0.920,200
2020-10-25,23:59:59,0.919,200
2021-03-29,23:59:59,4.703,200
2021-08-21,23:59:59,1.279,200
2022-06-02,23:59:59,2.360,200
2022-07-01,23:59:59,12.602,200
2023-10-26,23:59:59,1.101,200
1980-01-21,23:59:59,1.884,200
1981-03-23,23:59:59,5.858,200
1981-04-09,23:59:59,6.942,200
1982-01-25,23:59:59,0.543,200
1982-08-22,23:59:59,18.537,200
1982-11-02,23:59:59,0.531,200
1983-09-03,23:59:59,13.633,200
1983-09-06,23:59:59,13.559,200
1984-03-13,23:59:59,7.106,200
1985-05-03,23:59:59,0.812,200
1985-08-30,23:59:59,19.334,200
1985-12-29,23:59:59,14.841,200
1986-06-21,23:59:59,7.025,200
1987-08-25,23:59:59,15.355,200
1988-07-04,23:59:59,0.646,200
1989-03-06,23:59:59,6.408,200
1989-04-26,23:59:59,0.694,200
1989-09-15,23:59:59,15.708,200
1989-10-20,23:59:59,3.065,200
1990-04-11,23:59:59,0.610,200
1990-06-09,23:59:59,0.620,200
1990-08-15,23:59:59,16.516,200
1990-09-14,23:59:59,0.890,200
1990-12-09,23:59:59,0.552,200
1991-10-14,23:59:59,2.328,200
1992-10-03,23:59:59,9.202,200
1993-05-14,23:59:59,1.036,200
1993-07-16,23:59:59,16.691,200
1994-07-02,23:59:59,5.567,200
1995-12-01,23:59:59,7.763,200
1996-01-12,23:59:59,17.757,200
1996-01-25,23:59:59,1.045,200
1996-04-21,23:59:59,17.427,200
1996-11-29,23:59:59,6.477,200
1997-01-23,23:59:59,10.588,200
1997-11-27,23:59:59,0.770,200
1998-01-05,23:59:59,5.228,200
1999-08-05,23:59:59,15.366,200
1999-10-29,23:59:59,0.734,200
2000-04-27,23:59:59,1.302,200
2000-08-23,23:59:59,16.771,200
2002-04-12,23:59:59,15.679,200
2002-10-18,23:59:59,0.799,200
2002-11-15,23:59:59,4.221,200
2003-06-28,23:59:59,11.946,200
2005-01-02,23:59:59,0.665,200
2005-09-26,23:59:59,0.987,200
2006-03-19,23:59:59,4.562,200
2007-02-16,23:59:59,1.155,200
2007-06-09,23:59:59,1.729,200
2008-07-10,23:59:59,12.743,200
2009-01-31,23:59:59,1.996,200
2010-10-19,23:59:59,1.129,200
2012-03-09,23:59:59,2.798,200
2012-10-30,23:59:59,0.331,200
2014-03-01,23:59:59,14.854,200
2014-04-05,23:59:59,3.540,200
2015-04-28,23:59:59,1.110,200
2015-08-12,23:59:59,16.632,200
2016-05-20,23:59:59,1.121,200
2016-08-19,23:59:59,13.953,200
2019-01-15,23:59:59,1.036,200
2019-03-17,23:59:59,5.462,200
2019-10-14,23:59:59,0.927,200
2020-03-28,23:59:59,3.874,200
2020-12-25,23:59:59,1.047,200
2021-01-30,23:59:59,2.193,200
2021-09-30,23:59:59,1.093,200
2022-05-27,23:59:59,10.842,200
2023-07-11,23:59:59,15.867,200
2023-07-31,23:59:59,13.095,200
2024-10-15,23:59:59,1.078,200
1980-06-27,23:59:59,8.665,200
1980-11-18,23:59:59,1.467,200
1981-01-22,23:59:59,4.061,200
1981-03-19,23:59:59,6.792,200
1981-08-24,23:59:59,19.417,200
1981-09-11,23:59:59,9.130,200
1981-09-22,23:59:59,8.895,200
1982-02-03,23:59:59,3.099,200
1982-03-19,23:59:59,10.001,200
1982-09-29,23:59:59,0.563,200
1982-11-18,23:59:59,0.503,200
1983-03-29,23:59:59,0.601,200
1983-09-27,23:59:59,0.820,200
1983-12-21,23:59:59,5.423,200
1984-03-17,23:59:59,3.919,200
1984-07-27,23:59:59,18.728,200
1985-02-01,23:59:59,17.907,200
1985-04-01,23:59:59,2.841,200
1985-08-15,23:59:59,19.293,200
1985-08-28,23:59:59,16.835,200
1985-09-19,23:59:59,18.706,200
1988-10-24,23:59:59,17.288,200
1989-01-21,23:59:59,7.972,200
1989-03-22,23:59:59,3.969,200
1989-06-28,23:59:59,7.950,200
1991-03-31,23:59:59,7.758,200
1991-04-29,23:59:59,2.611,200
1991-06-10,23:59:59,7.724,200
1991-06-22,23:59:59,11.897,200
1991-07-10,23:59:59,11.646,200
1991-11-14,23:59:59,3.108,200
1992-04-08,23:59:59,4.860,200
1992-04-12,23:59:59,0.850,200
1993-05-19,23:59:59,0.827,200
1993-10-01,23:59:59,10.526,200
1994-06-06,23:59:59,0.917,200
1994-12-19,23:59:59,0.883,200
1995-04-05,23:59:59,0.936,200
1995-08-13,23:59:59,1.514,200
1996-02-05,23:59:59,15.521,200
1996-04-10,23:59:59,4.593,200
1997-02-23,23:59:59,0.831,200
1997-09-16,23:59:59,0.711,200
1997-10-11,23:59:59,0.697,200
1998-04-04,23:59:59,8.582,200
1998-11-28,23:59:59,4.124,200
1999-08-26,23:59:59,6.671,200
2001-06-26,23:59:59,6.592,200
2002-05-25,23:59:59,4.264,200
2002-06-08,23:59:59,8.397,200
2002-10-31,23:59:59,5.061,200
2003-03-10,23:59:59,1.240,200
2003-07-10,23:59:59,14.369,200
2004-12-13,23:59:59,0.660,200
2006-08-10,23:59:59,16.899,200
2006-12-18,23:59:59,1.114,200
2006-12-21,23:59:59,1.112,200
2007-01-27,23:59:59,5.238,200
2008-01-14,23:59:59,1.064,200
2008-05-21,23:59:59,8.562,200
2008-09-20,23:59:59,1.068,200
2008-11-25,23:59:59,1.149,200
2009-02-15,23:59:59,1.175,200
2009-06-23,23:59:59,16.614,200
2010-01-07,23:59:59,1.159,200
2010-06-25,23:59:59,16.717,200
2011-01-17,23:59:59,4.849,200
2011-02-26,23:59:59,2.864,200
2011-03-25,23:59:59,4.567,200
2011-03-28,23:59:59,6.320,200
2011-09-02,23:59:59,4.540,200
2011-12-24,23:59:59,1.168,200
2012-07-31,23:59:59,12.947,200
2012-11-05,23:59:59,0.335,200
2012-11-27,23:59:59,0.286,200
2013-04-10,23:59:59,6.014,200
2014-10-03,23:59:59,5.070,200
2015-11-05,23:59:59,0.978,200
2017-02-16,23:59:59,1.008,200
2017-06-29,23:59:59,6.465,200
2017-11-05,23:59:59,5.544,200
2018-02-10,23:59:59,2.897,200
2018-03-28,23:59:59,5.111,200
2018-07-31,23:59:59,1.025,200
2018-08-30,23:59:59,16.549,200
2019-11-18,23:59:59,1.025,200
2020-06-25,23:59:59,8.905,200
2020-09-07,23:59:59,6.805,200
2021-05-09,23:59:59,1.166,200
2021-06-07,23:59:59,8.935,200
2022-09-06,23:59:59,8.066,200
2023-04-21,23:59:59,12.500,200
1980-07-27,23:59:59,8.665,200
1980-10-12,23:59:59,13.126,200
1981-08-21,23:59:59,19.500,200
1981-12-16,23:59:59,0.648,200
1982-01-20,23:59:59,0.526,200
1984-01-26,23:59:59,8.662,200
1984-07-15,23:59:59,8.139,200
1985-01-02,23:59:59,18.761,200
1985-02-09,23:59:59,5.267,200
1985-12-23,23:59:59,0.717,200
1986-09-09,23:59:59,10.969,200
1986-11-11,23:59:59,0.640,200
1987-04-13,23:59:59,6.207,200
1987-08-05,23:59:59,16.073,200
1988-03-05,23:59:59,0.748,200
1988-04-19,23:59:59,2.530,200
1988-10-25,23:59:59,17.262,200
1989-11-08,23:59:59,0.477,200
1990-05-25,23:59:59,0.618,200
1990-11-07,23:59:59,0.584,200
1991-07-01,23:59:59,11.752,200
1993-01-04,23:59:59,0.806,200
1993-11-05,23:59:59,0.675,200
1994-06-10,23:59:59,0.919,200
1994-07-06,23:59:59,4.532,200
1994-11-03,23:59:59,8.799,200
1995-06-28,23:59:59,12.493,200
1995-09-08,23:59:59,4.960,200
1996-04-17,23:59:59,17.540,200
1996-09-27,23:59:59,4.851,200
1996-10-02,23:59:59,0.796,200
1997-02-17,23:59:59,0.831,200
1998-01-24,23:59:59,3.565,200
1998-01-31,23:59:59,0.861,200
1998-02-22,23:59:59,6.366,200
1998-08-03,23:59:59,0.844,200
1999-05-20,23:59:59,0.855,200
2000-01-03,23:59:59,7.090,200
2000-01-06,23:59:59,5.733,200
2000-07-14,23:59:59,16.979,200
2000-08-09,23:59:59,12.634,200
2001-01-05,23:59:59,0.893,200
2001-01-29,23:59:59,12.306,200
2001-04-30,23:59:59,3.729,200
2001-07-01,23:59:59,4.245,200
2001-10-11,23:59:59,0.776,200
2001-10-12,23:59:59,0.775,200
2002-10-29,23:59:59,0.803,200
2003-09-08,23:59:59,0.738,200
2003-12-21,23:59:59,0.880,200
2004-01-04,23:59:59,0.903,200
2004-04-02,23:59:59,2.218,200
2004-09-03,23:59:59,11.220,200
2004-10-01,23:59:59,13.970,200
2005-01-14,23:59:59,0.680,200
2005-07-28,23:59:59,3.485,200
2005-09-28,23:59:59,0.987,200
2006-09-09,23:59:59,1.005,200
2007-02-22,23:59:59,1.073,200
2007-11-10,23:59:59,1.207,200
2008-09-18,23:59:59,1.064,200
2008-10-09,23:59:59,1.137,200
2009-01-11,23:59:59,1.999,200
2010-01-24,23:59:59,4.211,200
2010-04-12,23:59:59,2.845,200
2011-09-16,23:59:59,1.216,200
2011-11-08,23:59:59,1.099,200
2012-07-22,23:59:59,6.115,200
2012-09-14,23:59:59,1.225,200
2012-12-27,23:59:59,1.034,200
2013-01-20,23:59:59,4.763,200
2013-04-07,23:59:59,8.811,200
2014-03-20,23:59:59,5.099,200
2014-03-28,23:59:59,5.903,200
2014-04-25,23:59:59,3.608,200
2014-10-07,23:59:59,4.854,200
2015-03-12,23:59:59,4.426,200
2015-03-24,23:59:59,9.599,200
2015-10-03,23:59:59,2.895,200
2016-08-03,23:59:59,10.501,200
2017-10-09,23:59:59,1.044,200
2019-03-01,23:59:59,7.976,200
2019-08-18,23:59:59,10.012,200
2020-10-24,23:59:59,0.917,200
2021-11-23,23:59:59,3.513,200
2021-12-12,23:59:59,10.076,200
2023-06-04,23:59:59,1.106,200
2023-06-21,23:59:59,15.783,200
2024-07-01,23:59:59,3.523,200
2024-08-16,23:59:59,5.084,200
2024-11-07,23:59:59,3.528,200
1980-01-16,23:59:59,1.436,200
1980-08-15,23:59:59,8.665,200
1980-08-19,23:59:59,8.665,200
1981-01-23,23:59:59,4.105,200
1981-10-16,23:59:59,0.640,200
1982-02-05,23:59:59,3.014,200
1983-08-13,23:59:59,14.348,200
1983-08-30,23:59:59,13.756,200
1983-11-01,23:59:59,7.627,200
1985-04-14,23:59:59,3.098,200
1985-05-21,23:59:59,7.840,200
1985-11-06,23:59:59,0.690,200
1986-05-18,23:59:59,4.431,200
1986-09-22,23:59:59,0.638,200
1986-10-01,23:59:59,0.629,200
1987-02-14,23:59:59,3.610,200
1987-08-24,23:59:59,15.387,200
1990-05-18,23:59:59,0.633,200
1990-08-11,23:59:59,16.913,200
1991-03-18,23:59:59,0.715,200
1991-05-27,23:59:59,7.904,200
1991-09-18,23:59:59,0.547,200
1992-01-02,23:59:59,4.176,200
1992-05-22,23:59:59,0.846,200
1993-11-28,23:59:59,0.679,200
1994-10-03,23:59:59,12.726,200
1994-11-29,23:59:59,0.860,200
1994-12-07,23:59:59,0.862,200
1995-12-08,23:59:59,11.115,200
1996-02-23,23:59:59,2.399,200
1996-11-27,23:59:59,8.793,200
1997-05-17,23:59:59,7.270,200
1997-12-31,23:59:59,0.824,200
1999-11-15,23:59:59,0.817,200
1999-12-12,23:59:59,17.275,200
2001-01-06,23:59:59,0.893,200
2002-05-05,23:59:59,4.459,200
2003-12-16,23:59:59,0.849,200
2004-06-30,23:59:59,1.169,200
2004-07-15,23:59:59,8.543,200
2005-01-08,23:59:59,0.677,200
2005-11-21,23:59:59,0.990,200
2006-01-07,23:59:59,1.033,200
2006-03-31,23:59:59,6.679,200
2006-06-14,23:59:59,9.259,200
2006-07-15,23:59:59,11.690,200
2008-03-02,23:59:59,1.138,200
2009-04-01,23:59:59,9.500,200
2009-06-02,23:59:59,5.843,200
2011-02-08,23:59:59,17.241,200
2011-10-04,23:59:59,1.531,200
2012-06-06,23:59:59,8.481,200
2012-06-15,23:59:59,9.194,200
2013-01-12,23:59:59,6.335,200
2013-04-02,23:59:59,5.032,200
2013-04-03,23:59:59,5.012,200
2013-09-10,23:59:59,4.678,200
2014-08-16,23:59:59,9.905,200
2014-10-13,23:59:59,4.870,200
2015-02-23,23:59:59,16.012,200
2015-03-23,23:59:59,13.260,200
2015-05-25,23:59:59,1.156,200
2016-04-14,23:59:59,10.104,200
2016-05-27,23:59:59,5.799,200
2016-11-12,23:59:59,0.988,200
2017-04-11,23:59:59,12.627,200
2017-09-04,23:59:59,2.169,200
2017-10-24,23:59:59,1.032,200
2018-03-03,23:59:59,1.068,200
2018-03-26,23:59:59,2.917,200
2018-07-13,23:59:59,1.034,200
2019-03-26,23:59:59,3.882,200
2019-10-03,23:59:59,10.759,200
2019-10-31,23:59:59,1.367,200
2019-11-04,23:59:59,2.060,200
2020-07-14,23:59:59,6.389,200
2020-07-22,23:59:59,1.212,200
2020-09-04,23:59:59,6.806,200
2021-10-23,23:59:59,7.072,200
2022-02-27,23:59:59,13.276,200
2022-10-18,23:59:59,4.900,200
2024-01-13,23:59:59,1.110,200
2024-12-19,23:59:59,5.771,200
1980-04-07,23:59:59,2.920,200
1980-10-16,23:59:59,13.059,200
1981-01-26,23:59:59,1.576,200
1981-02-16,23:59:59,0.686,200
1981-07-16,23:59:59,13.643,200
1983-05-31,23:59:59,4.365,200
1984-04-04,23:59:59,4.549,200
1984-10-06,23:59:59,17.649,200
1984-11-07,23:59:59,0.696,200
1986-07-14,23:59:59,3.735,200
1986-11-30,23:59:59,8.137,200
1986-12-28,23:59:59,0.643,200
1988-08-18,23:59:59,16.404,200
1988-12-10,23:59:59,11.350,200
1989-01-24,23:59:59,7.928,200
1989-08-04,23:59:59,16.188,200
1989-08-19,23:59:59,15.574,200
1989-11-21,23:59:59,0.466,200
1990-07-28,23:59:59,16.513,200
1990-08-28,23:59:59,16.059,200
1991-02-16,23:59:59,10.651,200
1991-08-05,23:59:59,16.336,200
1991-12-30,23:59:59,2.606,200
1992-09-18,23:59:59,11.063,200
1992-11-20,23:59:59,0.742,200
1993-04-30,23:59:59,6.971,200
1993-11-06,23:59:59,0.676,200
1993-11-07,23:59:59,0.677,200
1994-09-27,23:59:59,12.747,200
1995-02-02,23:59:59,13.290,200
1995-03-15,23:59:59,0.899,200
1995-06-22,23:59:59,12.636,200
1996-05-18,23:59:59,16.672,200
1997-01-15,23:59:59,2.039,200
1997-01-24,23:59:59,3.355,200
1997-02-28,23:59:59,1.278,200
1997-05-27,23:59:59,11.916,200
1998-05-25,23:59:59,8.513,200
1998-10-12,23:59:59,1.802,200
1998-12-20,23:59:59,5.363,200
1999-02-19,23:59:59,4.530,200
1999-06-01,23:59:59,0.841,200
1999-08-25,23:59:59,9.369,200
2000-01-21,23:59:59,2.028,200
2000-06-08,23:59:59,5.224,200
2000-09-07,23:59:59,16.917,200
2000-12-25,23:59:59,0.851,200
2002-06-25,23:59:59,1.389,200
2002-11-28,23:59:59,3.145,200
2003-04-12,23:59:59,16.032,200
2004-01-17,23:59:59,0.827,200
2004-03-12,23:59:59,9.239,200
2004-06-28,23:59:59,1.181,200
2004-07-11,23:59:59,1.869,200
2004-08-26,23:59:59,16.627,200
2005-06-02,23:59:59,11.793,200
2005-09-08,23:59:59,0.980,200
2007-03-09,23:59:59,9.945,200
2007-03-21,23:59:59,4.063,200
2008-07-20,23:59:59,1.171,200
2008-08-04,23:59:59,1.134,200
2008-11-24,23:59:59,1.147,200
2009-02-09,23:59:59,1.184,200
2009-03-11,23:59:59,4.358,200
2010-01-17,23:59:59,1.192,200
2010-01-21,23:59:59,3.840,200
2010-02-03,23:59:59,4.196,200
2011-04-12,23:59:59,4.341,200
2011-07-15,23:59:59,4.812,200
2012-07-07,23:59:59,5.725,200
2012-08-11,23:59:59,2.738,200
2013-02-27,23:59:59,12.271,200
2013-04-11,23:59:59,7.673,200
2013-07-24,23:59:59,8.634,200
2014-06-28,23:59:59,8.265,200
2015-08-13,23:59:59,16.555,200
2016-05-22,23:59:59,1.119,200
2016-08-12,23:59:59,6.607,200
2016-10-09,23:59:59,5.172,200
2017-09-29,23:59:59,1.047,200
2020-06-09,23:59:59,14.009,200
2020-06-16,23:59:59,16.646,200
2020-11-24,23:59:59,4.524,200
2021-02-16,23:59:59,8.954,200
2021-03-09,23:59:59,2.343,200
2021-07-23,23:59:59,4.813,200
2021-07-25,23:59:59,6.429,200
2022-01-01,23:59:59,3.154,200
2022-01-31,23:59:59,10.956,200
2022-03-29,23:59:59,16.943,200
2022-06-18,23:59:59,2.853,200
2023-01-06,23:59:59,3.455,200
2023-05-03,23:59:59,16.520,200
2024-08-13,23:59:59,8.039,200
1981-03-05,23:59:59,0.686,200
1981-08-01,23:59:59,13.614,200
1981-08-16,23:59:59,13.061,200
1982-07-18,23:59:59,19.114,200
1983-01-31,23:59:59,0.632,200
1984-01-22,23:59:59,8.782,200
1985-05-28,23:59:59,2.851,200
1987-04-11,23:59:59,8.811,200
1988-04-03,23:59:59,6.415,200
1989-05-17,23:59:59,2.450,200
1989-06-21,23:59:59,4.605,200
1989-09-20,23:59:59,16.202,200
1989-11-17,23:59:59,0.467,200
1990-08-09,23:59:59,16.705,200
1992-07-15,23:59:59,2.885,200
1992-12-24,23:59:59,0.784,200
1993-07-13,23:59:59,16.974,200
1994-04-16,23:59:59,3.052,200
1994-09-11,23:59:59,12.730,200
1994-12-26,23:59:59,0.892,200
1995-05-13,23:59:59,1.030,200
1997-03-09,23:59:59,0.893,200
1997-06-22,23:59:59,17.240,200
1998-04-18,23:59:59,5.830,200
1998-05-31,23:59:59,2.997,200
1998-06-02,23:59:59,2.992,200
1998-07-18,23:59:59,13.287,200
1998-07-25,23:59:59,0.860,200
1999-01-07,23:59:59,2.970,200
1999-06-07,23:59:59,6.776,200
1999-09-30,23:59:59,0.753,200
1999-12-20,23:59:59,9.463,200
2000-02-28,23:59:59,0.847,200
2000-04-09,23:59:59,1.279,200
2000-12-15,23:59:59,1.211,200
2003-01-10,23:59:59,13.170,200
2003-07-08,23:59:59,12.663,200
2004-03-28,23:59:59,8.606,200
2004-04-05,23:59:59,9.178,200
2004-08-24,23:59:59,16.751,200
2004-08-25,23:59:59,16.681,200
2006-08-18,23:59:59,5.369,200
2008-02-10,23:59:59,4.810,200
2008-08-25,23:59:59,1.446,200
2009-02-05,23:59:59,1.179,200
2009-04-16,23:59:59,3.994,200
2009-11-19,23:59:59,1.139,200
2010-10-21,23:59:59,1.115,200
2010-11-11,23:59:59,4.903,200
2011-03-23,23:59:59,4.477,200
2012-07-12,23:59:59,13.097,200
2012-12-11,23:59:59,3.180,200
2013-10-03,23:59:59,0.988,200
2014-02-28,23:59:59,16.543,200
2014-10-25,23:59:59,1.455,200
2016-02-24,23:59:59,2.449,200
2016-03-19,23:59:59,3.986,200
2016-03-26,23:59:59,1.138,200
2016-05-23,23:59:59,1.006,200
2016-09-11,23:59:59,4.991,200
2016-10-13,23:59:59,0.973,200
2017-04-04,23:59:59,12.793,200
2017-08-30,23:59:59,1.126,200
2017-11-11,23:59:59,2.955,200
2018-01-20,23:59:59,4.937,200
2018-09-30,23:59:59,1.388,200
2019-06-24,23:59:59,17.218,200
2019-08-20,23:59:59,17.248,200
2019-12-16,23:59:59,0.930,200
2021-01-09,23:59:59,1.141,200
2021-03-03,23:59:59,5.306,200
2021-08-18,23:59:59,2.895,200
2023-07-16,23:59:59,10.760,200
2024-01-15,23:59:59,1.299,200
2024-02-29,23:59:59,1.209,200
2024-06-09,23:59:59,11.976,200
2024-08-24,23:59:59,2.366,200
1981-06-14,23:59:59,6.354,200
1981-10-17,23:59:59,0.640,200
1981-12-05,23:59:59,0.640,200
1982-04-03,23:59:59,0.686,200
1982-09-20,23:59:59,0.595,200
1982-10-13,23:59:59,17.636,200
1983-03-10,23:59:59,0.635,200
1983-04-18,23:59:59,8.845,200
1983-05-06,23:59:59,11.083,200
1983-06-08,23:59:59,4.530,200
1983-07-05,23:59:59,7.115,200
1984-01-24,23:59:59,8.698,200
1984-03-06,23:59:59,1.954,200
1984-03-25,23:59:59,3.015,200
1984-06-24,23:59:59,11.706,200
1984-08-25,23:59:59,0.666,200
1985-10-10,23:59:59,0.696,200
1985-11-13,23:59:59,0.690,200
1987-08-31,23:59:59,16.888,200
1987-11-05,23:59:59,0.639,200
1988-07-19,23:59:59,0.642,200
1988-11-07,23:59:59,13.274,200
1988-11-20,23:59:59,10.986,200
1989-08-23,23:59:59,15.570,200
1991-05-05,23:59:59,1.676,200
1991-05-17,23:59:59,1.642,200
1992-08-07,23:59:59,0.718,200
1993-02-12,23:59:59,3.643,200
1994-05-08,23:59:59,1.207,200
1994-06-26,23:59:59,1.096,200
1996-03-14,23:59:59,3.215,200
1997-01-10,23:59:59,0.813,200
1997-01-29,23:59:59,8.826,200
1997-02-06,23:59:59,13.449,200
1998-02-04,23:59:59,4.207,200
1998-09-05,23:59:59,14.703,200
1999-03-13,23:59:59,2.858,200
1999-11-18,23:59:59,1.011,200
2000-01-05,23:59:59,7.060,200
2000-07-21,23:59:59,11.061,200
2001-12-11,23:59:59,0.803,200
2003-07-05,23:59:59,6.659,200
2003-07-07,23:59:59,10.865,200
2005-01-09,23:59:59,0.676,200
2006-05-01,23:59:59,1.410,200
2006-08-01,23:59:59,12.929,200
2006-08-02,23:59:59,12.894,200
2006-10-04,23:59:59,1.051,200
2007-10-10,23:59:59,1.171,200
2008-02-14,23:59:59,4.228,200
2008-04-10,23:59:59,4.830,200
2009-10-02,23:59:59,3.842,200
2010-12-01,23:59:59,12.201,200
2011-03-17,23:59:59,7.801,200
2013-03-24,23:59:59,15.730,200
2013-06-27,23:59:59,16.572,200
2013-10-18,23:59:59,0.992,200
2013-10-20,23:59:59,1.000,200
2014-05-12,23:59:59,1.531,200
2014-07-04,23:59:59,7.307,200
2014-08-13,23:59:59,1.026,200
2015-01-31,23:59:59,10.877,200
2015-10-12,23:59:59,1.042,200
2018-03-25,23:59:59,2.953,200
2018-08-09,23:59:59,10.269,200
2018-10-28,23:59:59,0.999,200
2019-12-08,23:59:59,0.967,200
2020-03-06,23:59:59,4.693,200
2020-11-18,23:59:59,0.974,200
2021-03-07,23:59:59,1.725,200
2021-11-12,23:59:59,11.812,200
2022-11-02,23:59:59,1.082,200
2023-02-22,23:59:59,4.151,200
2024-03-01,23:59:59,1.102,200
1980-03-22,23:59:59,11.233,200
1980-04-20,23:59:59,4.561,200
1980-08-06,23:59:59,8.665,200
1981-02-27,23:59:59,0.745,200
1983-02-20,23:59:59,0.594,200
1983-03-05,23:59:59,0.644,200
1983-04-13,23:59:59,0.667,200
1983-08-14,23:59:59,14.264,200
1984-01-23,23:59:59,8.737,200
1986-10-08,23:59:59,0.646,200
1987-01-30,23:59:59,0.729,200
1987-02-01,23:59:59,0.723,200
1987-06-23,23:59:59,2.470,200
1987-10-15,23:59:59,0.590,200
1987-11-24,23:59:59,3.108,200
1988-05-25,23:59:59,7.714,200
1988-12-09,23:59:59,17.370,200
1989-01-05,23:59:59,4.681,200
1989-02-10,23:59:59,1.076,200
1989-03-07,23:59:59,6.408,200
1989-04-25,23:59:59,0.705,200
1989-07-26,23:59:59,16.646,200
1991-01-22,23:59:59,4.581,200
1991-03-10,23:59:59,2.021,200
1993-03-04,23:59:59,1.484,200
1993-11-01,23:59:59,0.673,200
1994-03-10,23:59:59,2.638,200
1994-07-27,23:59:59,12.552,200
1994-11-22,23:59:59,0.840,200
1995-09-03,23:59:59,1.764,200
1998-01-28,23:59:59,0.870,200
1998-05-17,23:59:59,8.558,200
1998-11-04,23:59:59,4.435,200
1998-11-22,23:59:59,1.660,200
1999-07-28,23:59:59,16.643,200
1999-08-04,23:59:59,17.119,200
1999-08-13,23:59:59,10.541,200
1999-08-18,23:59:59,10.419,200
1999-09-07,23:59:59,0.750,200
2000-06-25,23:59:59,12.166,200
2000-08-07,23:59:59,12.679,200
2000-09-19,23:59:59,12.686,200
2000-12-30,23:59:59,0.879,200
2001-08-15,23:59:59,2.875,200
2001-11-14,23:59:59,0.839,200
2002-03-30,23:59:59,2.065,200
2003-02-14,23:59:59,2.450,200
2003-11-22,23:59:59,0.804,200
2005-02-22,23:59:59,6.724,200
2005-12-14,23:59:59,1.007,200
2006-11-22,23:59:59,1.086,200
2008-02-02,23:59:59,2.994,200
2008-10-03,23:59:59,1.110,200
2008-12-25,23:59:59,2.051,200
2009-01-04,23:59:59,2.697,200
2009-05-28,23:59:59,12.187,200
2009-07-31,23:59:59,9.229,200
2010-07-25,23:59:59,13.007,200
2011-02-03,23:59:59,16.637,200
2012-05-19,23:59:59,5.512,200
2012-06-18,23:59:59,12.472,200
2012-07-09,23:59:59,6.211,200
2012-12-26,23:59:59,1.035,200
2015-02-02,23:59:59,8.835,200
2015-06-23,23:59:59,8.265,200
2015-08-26,23:59:59,10.361,200
2016-02-17,23:59:59,10.272,200
2017-04-03,23:59:59,10.653,200
2017-08-22,23:59:59,3.734,200
2020-03-19,23:59:59,11.008,200
2020-07-10,23:59:59,7.688,200
2020-10-13,23:59:59,0.960,200
2021-01-25,23:59:59,1.070,200
2021-05-01,23:59:59,4.842,200
2021-11-10,23:59:59,12.341,200
2022-02-02,23:59:59,10.922,200
2022-03-09,23:59:59,16.888,200
2024-01-07,23:59:59,3.969,200
2024-05-30,23:59:59,10.385,200
2024-06-05,23:59:59,3.748,200
2024-07-11,23:59:59,6.009,200
2024-08-27,23:59:59,1.071,200
1980-03-06,23:59:59,3.855,200
1980-09-22,23:59:59,13.473,200
1980-12-04,23:59:59,1.362,200
1981-02-06,23:59:59,1.436,200
1984-05-27,23:59:59,3.273,200
1984-08-17,23:59:59,0.652,200
1986-06-25,23:59:59,10.722,200
1986-08-18,23:59:59,19.644,200
1987-01-05,23:59:59,0.643,200
1987-10-23,23:59:59,0.619,200
1987-10-24,23:59:59,0.615,200
1987-11-29,23:59:59,3.117,200
1987-12-24,23:59:59,4.471,200
1988-11-28,23:59:59,6.638,200
1989-12-25,23:59:59,0.528,200
1990-11-04,23:59:59,0.582,200
1991-07-15,23:59:59,13.384,200
1991-10-20,23:59:59,0.432,200
1992-08-03,23:59:59,0.702,200
1992-10-15,23:59:59,0.694,200
1993-07-04,23:59:59,10.042,200
1994-09-04,23:59:59,10.853,200
1995-03-20,23:59:59,0.894,200
1995-11-30,23:59:59,7.758,200
1996-04-14,23:59:59,11.347,200
1996-11-10,23:59:59,0.796,200
1997-05-13,23:59:59,12.506,200
1997-07-12,23:59:59,16.864,200
1997-07-28,23:59:59,12.316,200
1997-08-01,23:59:59,6.332,200
1998-01-03,23:59:59,3.656,200
1998-07-13,23:59:59,13.252,200
1998-11-08,23:59:59,4.429,200
1999-04-16,23:59:59,1.883,200
1999-05-21,23:59:59,0.854,200
2000-08-02,23:59:59,9.138,200
2001-02-14,23:59:59,7.096,200
2001-02-27,23:59:59,5.525,200
2001-08-03,23:59:59,0.750,200
2002-06-29,23:59:59,8.053,200
2002-09-05,23:59:59,0.769,200
2003-05-20,23:59:59,4.935,200
2004-07-30,23:59:59,16.335,200
2004-12-31,23:59:59,0.673,200
2005-06-30,23:59:59,11.726,200
2006-10-09,23:59:59,1.067,200
2007-04-04,23:59:59,8.469,200
2007-08-08,23:59:59,11.531,200
2007-09-16,23:59:59,3.222,200
2008-02-23,23:59:59,1.140,200
2008-04-01,23:59:59,8.825,200
2009-05-17,23:59:59,17.075,200
2009-09-26,23:59:59,4.804,200
2010-01-04,23:59:59,1.158,200
2010-05-25,23:59:59,4.166,200
2010-09-17,23:59:59,1.099,200
2010-09-27,23:59:59,1.108,200
2010-10-22,23:59:59,1.246,200
2011-01-12,23:59:59,3.047,200
2011-04-29,23:59:59,12.890,200
2011-08-09,23:59:59,3.339,200
2012-08-23,23:59:59,5.690,200
2013-02-10,23:59:59,3.671,200
2013-05-13,23:59:59,8.974,200
2014-03-04,23:59:59,11.386,200
2014-07-21,23:59:59,16.728,200
2015-11-06,23:59:59,0.978,200
2016-04-29,23:59:59,10.150,200
2016-04-30,23:59:59,13.126,200
2017-03-16,23:59:59,17.066,200
2017-11-18,23:59:59,4.979,200
2018-06-17,23:59:59,10.439,200
2019-04-12,23:59:59,1.074,200
2019-08-30,23:59:59,1.842,200
2021-12-09,23:59:59,4.643,200
2022-03-26,23:59:59,13.718,200
2022-07-11,23:59:59,6.722,200
2022-09-20,23:59:59,9.085,200
2022-12-10,23:59:59,3.017,200
2023-05-26,23:59:59,1.090,200
2023-12-12,23:59:59,8.943,200
2023-12-21,23:59:59,1.098,200
2024-09-02,23:59:59,1.079,200
1981-05-13,23:59:59,6.498,200
1981-05-16,23:59:59,6.498,200
1981-12-15,23:59:59,0.648,200
1982-01-06,23:59:59,0.605,200
1982-10-02,23:59:59,0.563,200
1985-05-18,23:59:59,2.834,200
1987-01-03,23:59:59,0.643,200
1987-02-17,23:59:59,3.625,200
1987-02-25,23:59:59,3.625,200
1987-04-17,23:59:59,2.886,200
1987-08-20,23:59:59,15.531,200
1987-09-17,23:59:59,0.598,200
1987-12-05,23:59:59,0.685,200
1988-05-09,23:59:59,7.937,200
1988-08-13,23:59:59,15.197,200
1988-10-01,23:59:59,0.664,200
1989-06-27,23:59:59,6.480,200
1989-09-08,23:59:59,16.138,200
1989-11-02,23:59:59,4.851,200
1990-02-13,23:59:59,0.558,200
1990-07-12,23:59:59,3.078,200
1990-11-12,23:59:59,5.822,200
1991-02-06,23:59:59,9.552,200
1991-04-11,23:59:59,0.642,200
1992-03-13,23:59:59,0.834,200
1992-03-22,23:59:59,0.832,200
1992-07-21,23:59:59,0.721,200
1993-03-09,23:59:59,0.856,200
1993-05-04,23:59:59,9.399,200
1993-05-25,23:59:59,0.816,200
1994-12-01,23:59:59,0.855,200
1995-01-15,23:59:59,0.922,200
1995-05-12,23:59:59,5.311,200
1995-08-15,23:59:59,6.344,200
1996-01-20,23:59:59,13.444,200
1996-03-26,23:59:59,5.319,200
1996-05-16,23:59:59,16.782,200
1996-11-08,23:59:59,0.795,200
1997-02-20,23:59:59,0.832,200
1997-05-06,23:59:59,3.743,200
1997-07-11,23:59:59,16.924,200
1997-08-07,23:59:59,3.946,200
1997-09-25,23:59:59,0.713,200
1997-11-08,23:59:59,0.739,200
1998-06-05,23:59:59,9.371,200
1998-10-09,23:59:59,0.848,200
1999-01-27,23:59:59,11.494,200
1999-09-09,23:59:59,0.742,200
2000-12-02,23:59:59,8.334,200
2001-09-12,23:59:59,0.766,200
2002-06-28,23:59:59,1.612,200
2002-08-06,23:59:59,16.663,200
2002-09-19,23:59:59,0.985,200
2002-10-14,23:59:59,0.801,200
2003-02-11,23:59:59,2.043,200
2003-05-19,23:59:59,10.532,200
2003-06-01,23:59:59,5.011,200
2003-09-11,23:59:59,0.735,200
2004-02-01,23:59:59,1.300,200
2004-09-26,23:59:59,17.116,200
2006-01-12,23:59:59,1.050,200
2006-11-30,23:59:59,1.193,200
2007-02-18,23:59:59,1.072,200
2007-08-01,23:59:59,12.570,200
2008-10-12,23:59:59,1.139,200
2008-10-24,23:59:59,1.163,200
2009-03-07,23:59:59,2.959,200
2009-10-31,23:59:59,4.792,200
2009-11-21,23:59:59,1.129,200
2010-02-25,23:59:59,4.185,200
2010-03-16,23:59:59,2.003,200
2010-04-21,23:59:59,8.579,200
2010-06-01,23:59:59,9.436,200
2010-07-07,23:59:59,16.742,200
2011-11-14,23:59:59,1.105,200
2013-09-11,23:59:59,1.979,200
2013-10-11,23:59:59,0.976,200
2013-10-28,23:59:59,1.079,200
2014-02-25,23:59:59,8.672,200
2015-09-25,23:59:59,4.951,200
2017-06-28,23:59:59,6.486,200
2017-11-10,23:59:59,2.956,200
2017-12-21,23:59:59,5.594,200
2018-08-23,23:59:59,13.517,200
2019-08-23,23:59:59,4.517,200
2019-10-02,23:59:59,9.039,200
2019-10-26,23:59:59,4.613,200
2019-12-22,23:59:59,5.864,200
2021-01-10,23:59:59,4.722,200
2021-09-08,23:59:59,3.693,200
2022-01-10,23:59:59,9.998,200
2022-07-29,23:59:59,1.023,200
2023-01-12,23:59:59,5.183,200
2023-05-16,23:59:59,1.105,200
2023-06-14,23:59:59,2.411,200
2024-04-16,23:59:59,1.125,200
2024-04-17,23:59:59,1.129,200
2024-05-03,23:59:59,11.460,200
1980-03-03,23:59:59,3.855,200
1980-06-23,23:59:59,8.665,200
1981-01-21,23:59:59,4.125,200
1983-09-24,23:59:59,0.881,200
1983-12-12,23:59:59,19.932,200
1984-04-01,23:59:59,4.595,200
1984-08-04,23:59:59,3.131,200
1985-02-21,23:59:59,2.854,200
1985-08-25,23:59:59,5.230,200
1985-09-17,23:59:59,18.838,200
1985-09-29,23:59:59,0.691,200
1986-01-29,23:59:59,15.457,200
1986-04-13,23:59:59,7.023,200
1986-10-11,23:59:59,0.623,200
1987-05-05,23:59:59,8.724,200
1987-08-09,23:59:59,15.940,200
1987-10-30,23:59:59,0.613,200
1987-12-18,23:59:59,4.569,200
1988-05-17,23:59:59,7.790,200
1988-08-02,23:59:59,16.146,200
1988-12-30,23:59:59,4.688,200
1989-03-10,23:59:59,6.408,200
1989-06-12,23:59:59,7.488,200
1989-07-19,23:59:59,10.295,200
1989-10-19,23:59:59,3.064,200
1989-12-28,23:59:59,0.531,200
1990-07-27,23:59:59,12.111,200
1990-08-21,23:59:59,16.548,200
1990-10-04,23:59:59,7.101,200
1990-12-05,23:59:59,0.551,200
1991-08-04,23:59:59,16.432,200
1992-12-18,23:59:59,0.780,200
1993-01-27,23:59:59,0.857,200
1993-12-18,23:59:59,0.707,200
1994-02-07,23:59:59,2.337,200
1995-06-01,23:59:59,0.917,200
1995-08-18,23:59:59,9.718,200
1995-08-26,23:59:59,0.818,200
1996-09-14,23:59:59,2.991,200
1996-10-18,23:59:59,0.765,200
1996-12-11,23:59:59,4.338,200
1997-01-07,23:59:59,1.298,200
1998-03-05,23:59:59,11.087,200
1998-07-08,23:59:59,12.818,200
1999-02-26,23:59:59,4.257,200
2001-01-27,23:59:59,11.214,200
2002-09-23,23:59:59,0.862,200
2003-08-07,23:59:59,10.715,200
2004-06-09,23:59:59,17.262,200
2004-08-04,23:59:59,16.601,200
2006-05-09,23:59:59,1.082,200
2006-10-06,23:59:59,1.055,200
2007-05-02,23:59:59,17.164,200
2008-01-02,23:59:59,1.100,200
2008-01-23,23:59:59,1.086,200
2008-07-14,23:59:59,1.173,200
2009-03-26,23:59:59,3.545,200
2010-02-21,23:59:59,1.999,200
2010-05-23,23:59:59,2.393,200
2010-07-30,23:59:59,15.395,200
2011-01-01,23:59:59,2.488,200
2011-06-27,23:59:59,10.892,200
2011-10-13,23:59:59,4.608,200
2012-01-13,23:59:59,4.363,200
2012-06-01,23:59:59,3.601,200
2014-03-16,23:59:59,9.425,200
2014-05-30,23:59:59,1.044,200
2014-10-16,23:59:59,1.453,200
2017-07-29,23:59:59,2.346,200
2019-06-23,23:59:59,17.325,200
2019-10-12,23:59:59,0.933,200
2020-02-26,23:59:59,1.964,200
2020-05-26,23:59:59,15.788,200
2021-04-09,23:59:59,10.228,200
2021-06-10,23:59:59,10.252,200
2021-08-24,23:59:59,1.282,200
2022-05-11,23:59:59,11.197,200
2022-06-13,23:59:59,1.035,200
2022-11-12,23:59:59,16.420,200
2024-03-29,23:59:59,5.732,200
2024-05-02,23:59:59,2.474,200
2024-09-01,23:59:59,1.071,200
2024-10-02,23:59:59,1.119,200
1982-03-25,23:59:59,2.067,200
1982-04-06,23:59:59,0.666,200
1982-06-17,23:59:59,19.047,200
1983-08-08,23:59:59,6.622,200
1984-08-18,23:59:59,0.652,200
1985-05-16,23:59:59,2.806,200
1985-10-18,23:59:59,0.693,200
1986-04-26,23:59:59,3.642,200
1988-05-05,23:59:59,8.003,200
1989-07-01,23:59:59,7.925,200
1990-06-30,23:59:59,15.450,200
1990-07-11,23:59:59,3.863,200
1990-09-06,23:59:59,7.274,200
1990-12-20,23:59:59,0.581,200
1991-10-05,23:59:59,2.993,200
1991-10-10,23:59:59,2.335,200
1993-04-17,23:59:59,0.847,200
1993-08-05,23:59:59,12.750,200
1994-03-12,23:59:59,2.624,200
1994-03-14,23:59:59,2.623,200
1995-05-26,23:59:59,0.917,200
1995-06-25,23:59:59,12.568,200
1996-01-11,23:59:59,17.808,200
1996-05-04,23:59:59,9.420,200
1997-06-02,23:59:59,4.307,200
1997-06-27,23:59:59,16.752,200
1998-09-06,23:59:59,12.482,200
2000-04-03,23:59:59,4.226,200
2001-03-01,23:59:59,16.717,200
2002-02-08,23:59:59,0.901,200
2002-07-28,23:59:59,14.744,200
2002-08-30,23:59:59,5.264,200
2002-11-18,23:59:59,2.399,200
2003-02-23,23:59:59,0.870,200
2003-03-29,23:59:59,3.670,200
2003-08-23,23:59:59,1.118,200
2004-01-01,23:59:59,0.894,200
2005-06-15,23:59:59,17.182,200
2005-11-12,23:59:59,0.982,200
2006-04-26,23:59:59,1.060,200
2006-06-19,23:59:59,10.486,200
2007-08-09,23:59:59,8.387,200
2007-10-05,23:59:59,1.164,200
2008-05-07,23:59:59,8.860,200
2008-05-30,23:59:59,11.552,200
2008-12-04,23:59:59,1.098,200
2010-02-08,23:59:59,2.885,200
2012-12-04,23:59:59,0.348,200
2013-02-28,23:59:59,12.229,200
2013-05-29,23:59:59,12.074,200
2013-11-29,23:59:59,1.142,200
2014-04-20,23:59:59,3.128,200
2014-04-24,23:59:59,11.942,200
2014-04-26,23:59:59,3.017,200
2014-10-10,23:59:59,4.870,200
2014-10-31,23:59:59,1.777,200
2014-11-13,23:59:59,1.741,200
2017-08-25,23:59:59,4.554,200
2018-04-22,23:59:59,2.027,200
2018-12-09,23:59:59,1.017,200
2019-09-20,23:59:59,1.595,200
2020-01-26,23:59:59,2.063,200
2020-11-28,23:59:59,2.970,200
2021-01-13,23:59:59,4.593,200
2021-08-23,23:59:59,1.283,200
2022-05-29,23:59:59,3.839,200
2022-07-08,23:59:59,5.012,200
2022-10-26,23:59:59,4.208,200
2023-02-06,23:59:59,1.435,200
2023-03-08,23:59:59,9.399,200
2023-03-19,23:59:59,9.100,200
2023-03-31,23:59:59,4.068,200
2023-05-10,23:59:59,1.125,200
2023-11-02,23:59:59,11.452,200
2024-02-03,23:59:59,2.242,200
2024-02-16,23:59:59,1.098,200
2024-05-13,23:59:59,2.487,200
1980-02-09,23:59:59,5.560,200
1980-06-11,23:59:59,0.733,200
1981-10-14,23:59:59,0.620,200
1982-05-24,23:59:59,0.697,200
1982-06-27,23:59:59,18.348,200
1982-10-11,23:59:59,17.844,200
1983-05-04,23:59:59,4.591,200
1984-04-07,23:59:59,4.519,200
1984-10-17,23:59:59,0.790,200
1985-09-08,23:59:59,11.990,200
1986-09-17,23:59:59,1.807,200
1987-05-29,23:59:59,17.737,200
1987-12-17,23:59:59,4.580,200
1990-07-29,23:59:59,16.394,200
1991-02-10,23:59:59,9.471,200
1991-11-29,23:59:59,1.705,200
1992-01-26,23:59:59,3.572,200
1992-01-30,23:59:59,3.303,200
1992-03-20,23:59:59,9.655,200
1993-07-29,23:59:59,9.797,200
1995-01-01,23:59:59,5.677,200
1995-01-03,23:59:59,7.254,200
1995-02-13,23:59:59,15.409,200
1995-03-14,23:59:59,0.912,200
1995-07-07,23:59:59,7.608,200
1995-08-03,23:59:59,16.275,200
1996-02-21,23:59:59,3.703,200
1996-04-23,23:59:59,12.554,200
1996-10-06,23:59:59,0.747,200
1996-11-09,23:59:59,0.796,200
1996-12-28,23:59:59,1.491,200
1998-04-09,23:59:59,4.307,200
1999-01-02,23:59:59,4.181,200
1999-01-11,23:59:59,2.963,200
1999-09-16,23:59:59,0.754,200
1999-09-22,23:59:59,0.753,200
2000-11-23,23:59:59,3.491,200
2001-01-23,23:59:59,13.763,200
2001-03-23,23:59:59,16.478,200
2001-04-17,23:59:59,10.192,200
2001-04-20,23:59:59,4.209,200
2001-05-02,23:59:59,5.966,200
2002-02-07,23:59:59,0.902,200
2002-12-16,23:59:59,0.858,200
2002-12-20,23:59:59,5.534,200
2003-06-17,23:59:59,15.185,200
2003-09-09,23:59:59,0.737,200
2004-03-30,23:59:59,0.884,200
2004-05-09,23:59:59,3.550,200
2004-09-09,23:59:59,17.099,200
2004-10-17,23:59:59,0.794,200
2005-08-10,23:59:59,2.669,200
2005-11-03,23:59:59,6.141,200
2006-12-04,23:59:59,1.135,200
2008-01-03,23:59:59,1.100,200
2009-10-23,23:59:59,4.804,200
2010-01-27,23:59:59,4.651,200
2010-04-10,23:59:59,6.690,200
2011-06-11,23:59:59,1.979,200
2012-10-11,23:59:59,0.291,200
2012-11-12,23:59:59,0.320,200
2012-12-15,23:59:59,1.031,200
2013-11-15,23:59:59,1.167,200
2014-01-11,23:59:59,1.553,200
2014-02-02,23:59:59,4.025,200
2014-12-11,23:59:59,4.349,200
2015-06-16,23:59:59,1.060,200
2015-09-17,23:59:59,1.421,200
2016-07-29,23:59:59,8.197,200
2017-01-23,23:59:59,2.571,200
2017-03-25,23:59:59,8.742,200
2017-07-08,23:59:59,1.034,200
2017-09-30,23:59:59,1.047,200
2018-08-08,23:59:59,5.896,200
2019-03-29,23:59:59,1.080,200
2021-07-30,23:59:59,10.481,200
2021-10-11,23:59:59,5.965,200
2022-07-14,23:59:59,1.437,200
2022-08-10,23:59:59,1.049,200
2022-10-22,23:59:59,4.870,200
2023-02-04,23:59:59,3.208,200
2023-02-23,23:59:59,10.979,200
2023-02-26,23:59:59,2.799,200
2023-04-02,23:59:59,1.484,200
1980-03-18,23:59:59,3.839,200
1980-03-31,23:59:59,1.531,200
1980-08-03,23:59:59,8.665,200
1981-12-01,23:59:59,0.640,200
1982-06-18,23:59:59,17.524,200
1983-06-07,23:59:59,4.558,200
1984-08-10,23:59:59,0.655,200
1984-12-27,23:59:59,16.712,200
1985-07-17,23:59:59,0.670,200
1985-12-02,23:59:59,7.020,200
1986-03-03,23:59:59,3.809,200
1987-01-17,23:59:59,0.650,200
1987-12-07,23:59:59,2.550,200
1988-03-13,23:59:59,3.458,200
1988-07-28,23:59:59,2.450,200
1988-09-13,23:59:59,0.665,200
1988-09-28,23:59:59,0.657,200
1989-04-21,23:59:59,3.122,200
1989-05-19,23:59:59,2.449,200
1989-11-15,23:59:59,0.467,200
1990-02-04,23:59:59,0.553,200
1990-05-26,23:59:59,0.616,200
1991-02-20,23:59:59,11.123,200
1991-04-22,23:59:59,3.199,200
1991-12-10,23:59:59,3.155,200
1992-01-16,23:59:59,3.537,200
1992-05-16,23:59:59,0.863,200
1993-02-15,23:59:59,3.649,200
1993-02-25,23:59:59,6.646,200
1993-05-23,23:59:59,0.817,200
1994-04-14,23:59:59,11.005,200
1994-06-23,23:59:59,8.232,200
1994-10-31,23:59:59,8.834,200
1995-05-31,23:59:59,0.917,200
1997-06-13,23:59:59,16.564,200
1997-07-26,23:59:59,1.098,200
1997-12-02,23:59:59,0.790,200
1997-12-14,23:59:59,0.811,200
1999-04-24,23:59:59,0.861,200
1999-07-10,23:59:59,1.186,200
1999-09-26,23:59:59,0.753,200
2000-01-27,23:59:59,0.860,200
2000-08-27,23:59:59,16.599,200
2000-09-28,23:59:59,1.555,200
2000-11-24,23:59:59,2.330,200
2001-11-05,23:59:59,0.826,200
2002-04-08,23:59:59,9.618,200
2005-11-19,23:59:59,0.996,200
2007-01-16,23:59:59,4.083,200
2007-09-04,23:59:59,7.926,200
2008-09-16,23:59:59,1.059,200
2008-10-27,23:59:59,1.168,200
2010-02-20,23:59:59,2.173,200
2010-07-17,23:59:59,16.563,200
2010-11-06,23:59:59,2.739,200
2011-03-22,23:59:59,2.639,200
2011-10-17,23:59:59,2.650,200
2013-06-18,23:59:59,1.079,200
2013-07-12,23:59:59,1.078,200
2013-11-28,23:59:59,1.146,200
2014-04-15,23:59:59,8.188,200
2014-10-28,23:59:59,1.881,200
2015-05-03,23:59:59,1.199,200
2015-10-08,23:59:59,1.053,200
2016-04-16,23:59:59,12.909,200
2016-06-14,23:59:59,2.364,200
2017-02-27,23:59:59,10.776,200
2017-10-10,23:59:59,1.463,200
2018-04-19,23:59:59,1.094,200
2020-08-27,23:59:59,10.835,200
2021-01-14,23:59:59,3.011,200
2021-03-12,23:59:59,4.779,200
2022-10-27,23:59:59,0.970,200
2023-02-25,23:59:59,1.946,200
2024-12-12,23:59:59,10.697,200
1980-06-28,23:59:59,8.665,200
1980-10-27,23:59:59,8.665,200
1981-06-27,23:59:59,12.674,200
1981-07-07,23:59:59,6.426,200
1981-07-18,23:59:59,13.643,200
1982-06-02,23:59:59,0.677,200
1982-08-07,23:59:59,17.829,200
1982-12-25,23:59:59,0.558,200
1983-02-21,23:59:59,0.582,200
1983-03-09,23:59:59,0.618,200
1983-06-05,23:59:59,2.046,200
1983-09-12,23:59:59,13.841,200
1984-03-07,23:59:59,4.292,200
1984-04-06,23:59:59,4.526,200
1984-04-17,23:59:59,4.599,200
1984-06-09,23:59:59,19.405,200
1984-09-16,23:59:59,0.649,200
1984-12-15,23:59:59,10.840,200
1985-02-04,23:59:59,17.645,200
1985-07-03,23:59:59,0.685,200
1986-01-07,23:59:59,5.350,200
1986-07-04,23:59:59,3.788,200
1987-10-21,23:59:59,0.598,200
1987-11-18,23:59:59,4.586,200
1989-07-04,23:59:59,7.846,200
1989-12-06,23:59:59,0.466,200
1989-12-08,23:59:59,6.020,200
1990-05-13,23:59:59,0.657,200
1991-03-22,23:59:59,3.120,200
1992-01-01,23:59:59,4.180,200
1992-12-09,23:59:59,0.769,200
1994-01-27,23:59:59,17.656,200
1994-07-04,23:59:59,4.532,200
1994-10-14,23:59:59,12.374,200
1995-04-23,23:59:59,0.946,200
1996-02-10,23:59:59,3.394,200
1996-09-10,23:59:59,6.135,200
1997-04-03,23:59:59,0.839,200
1998-01-14,23:59:59,9.311,200
1998-09-12,23:59:59,6.913,200
1998-10-03,23:59:59,4.333,200
1999-03-28,23:59:59,1.627,200
2000-11-19,23:59:59,5.112,200
2001-10-07,23:59:59,0.775,200
2002-12-29,23:59:59,6.917,200
2003-03-14,23:59:59,12.147,200
2003-04-23,23:59:59,6.875,200
2005-06-26,23:59:59,11.846,200
2006-05-15,23:59:59,1.184,200
2006-06-28,23:59:59,17.236,200
2007-01-24,23:59:59,5.262,200
2009-01-24,23:59:59,2.803,200
2009-02-27,23:59:59,2.860,200
2009-11-16,23:59:59,13.086,200
2010-12-23,23:59:59,1.151,200
2011-01-30,23:59:59,4.899,200
2011-06-26,23:59:59,12.787,200
2013-01-06,23:59:59,10.703,200
2013-04-25,23:59:59,9.170,200
2013-07-23,23:59:59,3.877,200
2013-12-14,23:59:59,3.299,200
2015-03-31,23:59:59,11.531,200
2015-04-06,23:59:59,6.609,200
2016-07-15,23:59:59,1.497,200
2017-03-22,23:59:59,5.290,200
2018-05-26,23:59:59,4.569,200
2018-09-06,23:59:59,8.425,200
2019-02-04,23:59:59,4.840,200
2020-02-04,23:59:59,1.122,200
2020-06-24,23:59:59,8.932,200
2020-07-21,23:59:59,1.743,200
2020-11-14,23:59:59,0.968,200
2021-03-25,23:59:59,10.304,200
2022-06-12,23:59:59,1.036,200
2022-07-30,23:59:59,1.021,200
2023-04-08,23:59:59,3.970,200
2023-10-27,23:59:59,1.588,200
2023-11-12,23:59:59,1.074,200
2024-03-26,23:59:59,1.873,200
1980-05-06,23:59:59,4.735,200
1980-10-13,23:59:59,13.126,200
1981-02-15,23:59:59,0.684,200
1981-12-10,23:59:59,0.640,200
1982-01-18,23:59:59,0.534,200
1982-04-17,23:59:59,4.993,200
1983-03-16,23:59:59,0.757,200
1984-01-13,23:59:59,5.787,200
1985-10-02,23:59:59,0.710,200
1985-11-16,23:59:59,2.604,200
1986-08-01,23:59:59,19.202,200
1987-03-03,23:59:59,3.642,200
1987-03-12,23:59:59,19.409,200
1987-05-09,23:59:59,2.843,200
1987-06-03,23:59:59,12.261,200
1987-12-25,23:59:59,4.471,200
1988-01-26,23:59:59,1.780,200
1988-01-28,23:59:59,1.776,200
1989-06-08,23:59:59,5.217,200
1989-07-18,23:59:59,7.783,200
1991-05-29,23:59:59,7.845,200
1991-07-07,23:59:59,11.666,200
1991-09-03,23:59:59,6.450,200
1992-09-21,23:59:59,8.395,200
1994-02-05,23:59:59,1.953,200
1994-03-18,23:59:59,0.846,200
1996-02-01,23:59:59,3.089,200
1999-04-12,23:59:59,2.598,200
1999-10-20,23:59:59,0.715,200
2000-01-20,23:59:59,2.029,200
2000-02-06,23:59:59,0.841,200
2000-04-18,23:59:59,1.355,200
2000-06-05,23:59:59,11.852,200
2002-02-21,23:59:59,2.070,200
2002-08-23,23:59:59,1.196,200
2002-12-13,23:59:59,0.859,200
2003-11-03,23:59:59,0.767,200
2003-11-21,23:59:59,0.800,200
2004-02-12,23:59:59,3.219,200
2004-05-06,23:59:59,2.469,200
2005-11-22,23:59:59,0.997,200
2005-12-11,23:59:59,1.004,200
2006-10-30,23:59:59,1.163,200
2006-11-23,23:59:59,1.092,200
2009-01-03,23:59:59,2.634,200
2009-09-15,23:59:59,1.251,200
2009-09-30,23:59:59,5.148,200
2010-03-04,23:59:59,4.062,200
2010-10-29,23:59:59,1.919,200
2010-12-18,23:59:59,4.792,200
2011-09-22,23:59:59,1.215,200
2012-11-17,23:59:59,1.151,200
2013-01-30,23:59:59,1.245,200
2013-11-06,23:59:59,1.073,200
2014-01-14,23:59:59,1.575,200
2015-06-21,23:59:59,1.669,200
2015-11-28,23:59:59,1.011,200
2017-04-12,23:59:59,12.621,200
2017-06-27,23:59:59,6.503,200
2017-08-31,23:59:59,1.122,200
2018-03-31,23:59:59,1.092,200
2018-06-18,23:59:59,11.195,200
2019-02-13,23:59:59,17.028,200
2019-09-13,23:59:59,3.311,200
2020-03-16,23:59:59,2.114,200
2020-10-01,23:59:59,0.945,200
2020-10-30,23:59:59,0.921,200
2021-02-07,23:59:59,5.625,200
2021-11-02,23:59:59,10.763,200
2022-01-30,23:59:59,10.947,200
2022-03-11,23:59:59,16.934,200
2022-07-18,23:59:59,2.286,200
2022-11-26,23:59:59,9.326,200
2023-01-28,23:59:59,5.065,200
2023-04-14,23:59:59,4.709,200
2024-02-09,23:59:59,1.091,200
1980-02-28,23:59:59,5.560,200
1981-05-26,23:59:59,6.572,200
1981-07-09,23:59:59,6.426,200
1981-10-19,23:59:59,0.625,200
1981-12-11,23:59:59,0.639,200
1982-01-19,23:59:59,0.530,200
1982-06-13,23:59:59,17.462,200
1983-05-08,23:59:59,13.314,200
1983-07-19,23:59:59,3.780,200
1984-05-05,23:59:59,4.542,200
1984-05-30,23:59:59,8.925,200
1984-07-24,23:59:59,18.957,200
1984-12-17,23:59:59,15.028,200
1985-04-07,23:59:59,2.810,200
1986-01-15,23:59:59,3.793,200
1986-11-22,23:59:59,18.475,200
1988-03-24,23:59:59,2.461,200
1988-06-19,23:59:59,7.674,200
1988-11-29,23:59:59,13.647,200
1989-02-17,23:59:59,4.555,200
1989-05-26,23:59:59,2.449,200
1989-11-19,23:59:59,0.468,200
1991-01-04,23:59:59,1.712,200
1991-06-30,23:59:59,11.805,200
1993-08-03,23:59:59,10.593,200
1993-10-18,23:59:59,2.056,200
1994-01-29,23:59:59,12.473,200
1994-03-09,23:59:59,1.814,200
1995-03-31,23:59:59,0.924,200
1996-01-16,23:59:59,17.587,200
1996-03-01,23:59:59,7.823,200
1997-08-21,23:59:59,0.714,200
1998-01-23,23:59:59,3.561,200
1998-02-16,23:59:59,4.224,200
1998-06-25,23:59:59,4.438,200
1999-07-27,23:59:59,16.712,200
2000-03-01,23:59:59,2.674,200
2000-08-01,23:59:59,8.145,200
2001-01-12,23:59:59,0.901,200
2001-02-08,23:59:59,3.924,200
2001-07-04,23:59:59,17.254,200
2001-10-24,23:59:59,0.781,200
2002-01-12,23:59:59,0.896,200
2002-08-07,23:59:59,16.592,200
2003-05-16,23:59:59,10.613,200
2003-07-30,23:59:59,16.801,200
2003-10-22,23:59:59,0.757,200
2003-11-01,23:59:59,0.762,200
2004-04-03,23:59:59,0.855,200
2004-09-15,23:59:59,12.703,200
2006-01-30,23:59:59,1.062,200
2008-02-08,23:59:59,4.496,200
2008-03-22,23:59:59,1.807,200
2008-08-18,23:59:59,3.371,200
2008-12-26,23:59:59,2.053,200
2009-01-12,23:59:59,1.995,200
2009-06-07,23:59:59,6.167,200
2009-09-22,23:59:59,3.369,200
2010-05-10,23:59:59,3.226,200
2011-07-17,23:59:59,7.833,200
2011-07-30,23:59:59,9.330,200
2012-08-07,23:59:59,13.870,200
2013-07-17,23:59:59,1.079,200
2013-10-24,23:59:59,1.068,200
2015-03-19,23:59:59,4.541,200
2015-03-25,23:59:59,10.607,200
2015-10-07,23:59:59,1.911,200
2016-02-09,23:59:59,1.008,200
2016-08-21,23:59:59,10.651,200
2017-01-20,23:59:59,1.086,200
2017-10-11,23:59:59,2.552,200
2018-12-27,23:59:59,1.020,200
2019-02-20,23:59:59,1.945,200
2019-10-09,23:59:59,1.364,200
2020-05-22,23:59:59,11.653,200
2020-07-06,23:59:59,1.652,200
2020-08-04,23:59:59,3.594,200
2020-08-16,23:59:59,15.353,200
2021-12-18,23:59:59,2.235,200
2022-05-18,23:59:59,12.414,200
2022-07-17,23:59:59,12.511,200
2023-11-19,23:59:59,1.055,200
2024-07-06,23:59:59,7.313,200
1980-02-10,23:59:59,5.560,200
1980-08-20,23:59:59,8.665,200
1982-05-08,23:59:59,19.043,200
1982-06-05,23:59:59,0.666,200
1982-07-24,23:59:59,18.805,200
1982-09-03,23:59:59,13.792,200
1983-01-12,23:59:59,0.596,200
1983-05-29,23:59:59,4.389,200
1983-08-11,23:59:59,18.237,200
1984-01-07,23:59:59,3.624,200
1984-10-21,23:59:59,0.708,200
1985-04-28,23:59:59,0.837,200
1985-06-25,23:59:59,0.704,200
1986-08-15,23:59:59,18.475,200
1986-10-31,23:59:59,0.694,200
1988-01-06,23:59:59,1.143,200
1988-01-13,23:59:59,0.674,200
1988-06-25,23:59:59,7.584,200
1989-06-16,23:59:59,4.702,200
1989-09-22,23:59:59,16.067,200
1990-01-20,23:59:59,0.548,200
1991-05-20,23:59:59,1.473,200
1991-12-06,23:59:59,1.711,200
1992-04-04,23:59:59,0.834,200
1992-06-09,23:59:59,16.780,200
1992-07-16,23:59:59,2.881,200
1992-12-02,23:59:59,0.762,200
1993-07-18,23:59:59,16.510,200
1993-08-17,23:59:59,13.777,200
1993-09-03,23:59:59,16.694,200
1994-07-12,23:59:59,12.862,200
1994-08-22,23:59:59,8.053,200
1996-02-28,23:59:59,17.400,200
1996-07-15,23:59:59,15.125,200
1998-07-24,23:59:59,0.877,200
1999-07-07,23:59:59,7.039,200
2000-03-04,23:59:59,1.390,200
2000-05-18,23:59:59,1.644,200
2002-02-03,23:59:59,2.674,200
2002-07-09,23:59:59,17.409,200
2005-03-01,23:59:59,6.653,200
2005-08-04,23:59:59,2.672,200
2006-06-21,23:59:59,12.873,200
2007-06-08,23:59:59,1.045,200
2008-05-23,23:59:59,7.696,200
2008-06-28,23:59:59,2.387,200
2008-12-07,23:59:59,2.681,200
2009-02-14,23:59:59,1.178,200
2009-05-01,23:59:59,6.521,200
2009-07-30,23:59:59,12.324,200
2009-09-17,23:59:59,1.253,200
2009-10-21,23:59:59,4.802,200
2010-03-03,23:59:59,4.731,200
2010-09-21,23:59:59,1.102,200
2010-12-25,23:59:59,1.152,200
2011-06-10,23:59:59,4.792,200
2011-09-03,23:59:59,4.795,200
2013-07-28,23:59:59,8.264,200
2013-10-06,23:59:59,3.012,200
2014-05-23,23:59:59,1.054,200
2014-08-15,23:59:59,2.367,200
2015-02-04,23:59:59,5.632,200
2015-09-11,23:59:59,1.433,200
2016-04-07,23:59:59,16.121,200
2016-11-11,23:59:59,0.989,200
2017-03-09,23:59:59,8.023,200
2017-10-13,23:59:59,2.077,200
2018-05-29,23:59:59,14.682,200
2018-10-20,23:59:59,0.988,200
2021-05-12,23:59:59,1.160,200
2023-05-04,23:59:59,15.234,200
2023-08-15,23:59:59,12.645,200
2023-10-05,23:59:59,0.983,200
2023-10-18,23:59:59,2.196,200
2023-11-01,23:59:59,6.845,200
2024-10-26,23:59:59,1.081,200
1980-01-01,23:59:59,1.320,200
1980-12-23,23:59:59,1.362,200
1982-06-11,23:59:59,9.623,200
1983-05-18,23:59:59,13.276,200
1984-01-29,23:59:59,8.684,200
1984-02-14,23:59:59,8.796,200
1985-01-29,23:59:59,18.079,200
1985-08-08,23:59:59,8.711,200
1985-08-09,23:59:59,8.705,200
1986-03-31,23:59:59,0.765,200
1986-06-10,23:59:59,5.317,200
1986-08-02,23:59:59,19.124,200
1986-11-09,23:59:59,0.645,200
1987-04-20,23:59:59,2.872,200
1987-07-15,23:59:59,3.274,200
1987-07-29,23:59:59,16.422,200
1987-09-03,23:59:59,14.013,200
1988-05-06,23:59:59,7.985,200
1988-10-30,23:59:59,17.258,200
1989-02-04,23:59:59,1.113,200
1989-10-14,23:59:59,1.378,200
1991-01-11,23:59:59,6.358,200
1994-03-05,23:59:59,0.841,200
1995-09-01,23:59:59,8.404,200
1996-12-25,23:59:59,1.484,200
1997-01-14,23:59:59,0.749,200
1997-06-23,23:59:59,17.136,200
1997-09-12,23:59:59,0.712,200
1997-11-02,23:59:59,0.731,200
1997-11-06,23:59:59,0.736,200
1998-06-20,23:59:59,17.522,200
1998-07-11,23:59:59,12.750,200
1998-09-20,23:59:59,4.344,200
1998-12-30,23:59:59,4.183,200
1999-01-20,23:59:59,4.293,200
2000-03-13,23:59:59,2.216,200
2000-07-20,23:59:59,11.918,200
2001-03-07,23:59:59,11.290,200
2001-06-21,23:59:59,4.214,200
2002-02-19,23:59:59,2.080,200
2002-07-11,23:59:59,17.288,200
2002-12-08,23:59:59,2.858,200
2004-06-04,23:59:59,16.956,200
2005-03-18,23:59:59,1.242,200
2005-05-31,23:59:59,17.030,200
2006-05-26,23:59:59,1.020,200
2007-05-19,23:59:59,6.647,200
2007-06-25,23:59:59,16.519,200
2007-12-21,23:59:59,1.082,200
2008-03-28,23:59:59,8.447,200
2009-01-23,23:59:59,2.802,200
2009-04-29,23:59:59,2.794,200
2009-05-19,23:59:59,17.010,200
2010-08-03,23:59:59,4.340,200
2011-03-20,23:59:59,10.054,200
2012-03-23,23:59:59,2.744,200
2012-05-30,23:59:59,3.034,200
2013-02-06,23:59:59,5.606,200
2013-04-04,23:59:59,7.269,200
2013-08-16,23:59:59,15.346,200
2013-09-05,23:59:59,7.823,200
2014-05-11,23:59:59,1.514,200
2015-01-12,23:59:59,1.777,200
2015-01-16,23:59:59,5.195,200
2015-06-18,23:59:59,5.383,200
2015-12-03,23:59:59,1.021,200
2016-03-23,23:59:59,2.389,200
2016-04-13,23:59:59,8.950,200
2016-07-13,23:59:59,5.895,200
2016-07-14,23:59:59,1.512,200
2016-09-01,23:59:59,4.890,200
2016-09-21,23:59:59,2.986,200
2017-06-22,23:59:59,1.034,200
2018-02-06,23:59:59,3.269,200
2018-05-25,23:59:59,4.457,200
2019-04-08,23:59:59,6.973,200
2019-04-29,23:59:59,1.766,200
2019-09-11,23:59:59,4.467,200
2020-01-18,23:59:59,1.424,200
2020-07-02,23:59:59,16.363,200
2020-09-26,23:59:59,0.990,200
2020-10-10,23:59:59,0.951,200
2020-12-22,23:59:59,4.846,200
2021-02-12,23:59:59,1.311,200
2021-07-06,23:59:59,5.382,200
2021-10-03,23:59:59,1.079,200
2021-10-06,23:59:59,5.005,200
2022-04-10,23:59:59,3.202,200
2022-09-11,23:59:59,5.550,200
2022-12-08,23:59:59,2.753,200
2023-12-26,23:59:59,1.079,200
2024-01-08,23:59:59,1.083,200
2024-02-15,23:59:59,1.100,200
2024-08-18,23:59:59,2.986,200
1980-11-25,23:59:59,1.467,200
1981-04-07,23:59:59,6.644,200
1983-07-13,23:59:59,14.188,200
1984-03-27,23:59:59,2.903,200
1984-09-24,23:59:59,18.307,200
1984-11-29,23:59:59,0.698,200
1985-09-24,23:59:59,0.671,200
1985-10-24,23:59:59,0.715,200
1987-05-17,23:59:59,3.812,200
1987-06-25,23:59:59,2.463,200
1987-10-29,23:59:59,0.614,200
1988-02-15,23:59:59,0.665,200
1988-09-18,23:59:59,0.606,200
1989-04-17,23:59:59,3.945,200
1989-06-30,23:59:59,7.918,200
1989-08-12,23:59:59,15.888,200
1989-09-13,23:59:59,15.886,200
1991-03-16,23:59:59,0.722,200
1991-11-04,23:59:59,3.723,200
1994-02-19,23:59:59,13.695,200
1994-12-28,23:59:59,0.893,200
1995-09-05,23:59:59,4.322,200
1995-12-20,23:59:59,18.124,200
1997-01-08,23:59:59,0.839,200
1997-10-13,23:59:59,0.700,200
1998-05-19,23:59:59,8.542,200
1998-06-29,23:59:59,1.263,200
1999-11-02,23:59:59,0.754,200
2001-01-15,23:59:59,0.905,200
2001-05-06,23:59:59,16.033,200
2001-07-22,23:59:59,3.619,200
2002-05-27,23:59:59,5.976,200
2003-01-25,23:59:59,16.484,200
2003-05-23,23:59:59,5.894,200
2004-08-29,23:59:59,17.306,200
2005-02-16,23:59:59,1.080,200
2005-03-10,23:59:59,1.070,200
2006-04-05,23:59:59,7.511,200
2006-12-07,23:59:59,1.134,200
2007-01-18,23:59:59,5.285,200
2007-06-06,23:59:59,1.044,200
2007-08-05,23:59:59,12.455,200
2007-09-09,23:59:59,4.181,200
2008-02-25,23:59:59,2.598,200
2009-03-01,23:59:59,2.870,200
2009-03-31,23:59:59,4.470,200
2009-09-14,23:59:59,1.250,200
2009-10-03,23:59:59,2.855,200
2010-03-14,23:59:59,2.019,200
2010-12-07,23:59:59,4.811,200
2010-12-28,23:59:59,1.176,200
2011-02-04,23:59:59,15.872,200
2011-03-12,23:59:59,2.785,200
2012-04-23,23:59:59,10.572,200
2013-07-09,23:59:59,1.087,200
2013-12-30,23:59:59,3.033,200
2014-11-06,23:59:59,0.991,200
2015-05-01,23:59:59,1.204,200
2015-10-14,23:59:59,1.044,200
2016-06-01,23:59:59,6.850,200
2017-01-07,23:59:59,2.499,200
2018-04-01,23:59:59,1.087,200
2019-03-31,23:59:59,1.063,200
2019-04-30,23:59:59,1.904,200
2019-05-23,23:59:59,12.574,200
2019-08-15,23:59:59,8.828,200
2020-03-17,23:59:59,7.333,200
2021-02-20,23:59:59,8.945,200
2021-07-31,23:59:59,10.458,200
2022-03-19,23:59:59,3.542,200
2022-06-11,23:59:59,1.035,200
2022-08-19,23:59:59,1.058,200
2022-12-15,23:59:59,5.088,200
2023-03-14,23:59:59,16.087,200
2023-03-25,23:59:59,1.136,200
2023-04-23,23:59:59,12.458,200
2023-07-22,23:59:59,12.337,200
2023-08-05,23:59:59,8.386,200
2023-12-13,23:59:59,8.929,200
2024-04-04,23:59:59,1.082,200
1980-07-16,23:59:59,8.665,200
1982-01-15,23:59:59,0.526,200
1982-10-28,23:59:59,0.495,200
1983-01-17,23:59:59,0.621,200
1983-03-30,23:59:59,0.596,200
1986-07-01,23:59:59,3.813,200
1986-08-21,23:59:59,19.446,200
1986-10-07,23:59:59,0.652,200
1987-09-13,23:59:59,1.510,200
1987-09-15,23:59:59,0.606,200
1988-12-03,23:59:59,6.343,200
1989-08-21,23:59:59,15.619,200
1989-08-29,23:59:59,16.969,200
1990-03-03,23:59:59,0.573,200
1990-04-22,23:59:59,0.617,200
1990-08-13,23:59:59,16.739,200
1991-12-26,23:59:59,3.836,200
1992-07-14,23:59:59,2.895,200
1993-06-27,23:59:59,10.183,200
1993-07-06,23:59:59,15.640,200
1993-12-31,23:59:59,1.746,200
1994-01-28,23:59:59,14.617,200
1994-04-12,23:59:59,10.999,200
1995-10-11,23:59:59,0.908,200
1996-10-05,23:59:59,0.748,200
1997-05-14,23:59:59,16.248,200
1997-11-24,23:59:59,0.765,200
1998-05-29,23:59:59,7.986,200
1998-06-23,23:59:59,4.464,200
1999-11-22,23:59:59,0.966,200
1999-12-09,23:59:59,12.030,200
2001-02-07,23:59:59,4.372,200
2001-05-03,23:59:59,5.200,200
2002-02-04,23:59:59,0.913,200
2002-07-27,23:59:59,14.368,200
2002-11-11,23:59:59,4.215,200
2003-03-06,23:59:59,2.082,200
2003-09-21,23:59:59,0.739,200
2003-10-27,23:59:59,0.760,200
2004-04-09,23:59:59,6.941,200
2004-06-22,23:59:59,1.170,200
2004-08-30,23:59:59,17.213,200
2005-01-21,23:59:59,0.708,200
2006-09-14,23:59:59,1.008,200
2006-09-17,23:59:59,1.014,200
2008-09-06,23:59:59,1.047,200
2009-04-07,23:59:59,1.579,200
2009-04-11,23:59:59,1.190,200
2009-05-23,23:59:59,16.751,200
2009-10-01,23:59:59,5.144,200
2011-08-01,23:59:59,8.955,200
2012-03-22,23:59:59,2.740,200
2012-05-05,23:59:59,14.092,200
2012-05-09,23:59:59,4.111,200
2013-03-12,23:59:59,15.744,200
2013-08-09,23:59:59,13.841,200
2013-09-23,23:59:59,1.008,200
2013-12-19,23:59:59,4.115,200
2014-03-27,23:59:59,5.876,200
2014-08-14,23:59:59,1.048,200
2015-03-03,23:59:59,2.668,200
2015-05-14,23:59:59,1.151,200
2015-12-29,23:59:59,1.445,200
2016-02-16,23:59:59,5.825,200
2017-09-28,23:59:59,1.044,200
2017-10-05,23:59:59,1.046,200
2018-05-23,23:59:59,1.695,200
2018-06-06,23:59:59,17.092,200
2018-06-09,23:59:59,14.687,200
2018-12-19,23:59:59,1.022,200
2019-01-27,23:59:59,1.053,200
2019-06-20,23:59:59,17.411,200
2019-09-02,23:59:59,1.807,200
2020-07-08,23:59:59,10.513,200
2020-07-24,23:59:59,4.819,200
2020-09-27,23:59:59,0.997,200
2020-12-17,23:59:59,1.432,200
2021-10-30,23:59:59,7.011,200
2022-07-31,23:59:59,1.020,200
2022-08-06,23:59:59,1.066,200
2024-02-28,23:59:59,1.535,200
2024-04-18,23:59:59,1.130,200
2024-04-19,23:59:59,1.129,200
2024-04-23,23:59:59,11.375,200
2024-11-10,23:59:59,1.096,200
1980-07-03,23:59:59,4.169,200
1980-11-21,23:59:59,1.467,200
1981-07-01,23:59:59,10.467,200
1982-07-10,23:59:59,17.406,200
1982-08-23,23:59:59,18.524,200
1982-09-26,23:59:59,0.572,200
1982-10-04,23:59:59,0.562,200
1982-12-26,23:59:59,0.552,200
1983-01-02,23:59:59,0.548,200
1984-01-31,23:59:59,8.642,200
1984-02-06,23:59:59,8.574,200
1984-08-28,23:59:59,0.667,200
1985-01-11,23:59:59,18.794,200
1985-02-07,23:59:59,12.374,200
1985-03-28,23:59:59,2.851,200
1986-03-23,23:59:59,2.904,200
1989-08-27,23:59:59,15.291,200
1990-01-30,23:59:59,0.556,200
1990-03-07,23:59:59,0.581,200
1990-11-22,23:59:59,15.784,200
1991-12-11,23:59:59,3.152,200
1992-07-02,23:59:59,16.600,200
1992-07-18,23:59:59,2.877,200
1993-06-15,23:59:59,17.333,200
1993-08-15,23:59:59,13.914,200
1993-09-29,23:59:59,7.952,200
1994-04-05,23:59:59,11.131,200
1995-08-02,23:59:59,16.389,200
1996-04-18,23:59:59,17.510,200
1996-12-16,23:59:59,1.440,200
1997-05-19,23:59:59,16.435,200
1997-07-03,23:59:59,10.764,200
1998-10-17,23:59:59,11.307,200
1999-07-08,23:59:59,2.697,200
2000-03-20,23:59:59,1.989,200
2000-11-06,23:59:59,10.828,200
2000-12-06,23:59:59,5.212,200
2002-03-29,23:59:59,0.876,200
2002-10-21,23:59:59,0.800,200
2003-04-01,23:59:59,1.984,200
2003-08-06,23:59:59,15.561,200
2004-02-23,23:59:59,2.361,200
2005-02-24,23:59:59,3.595,200
2005-06-24,23:59:59,12.595,200
2005-07-23,23:59:59,2.710,200
2005-07-25,23:59:59,4.155,200
2005-11-30,23:59:59,0.992,200
2006-06-04,23:59:59,1.014,200
2006-11-08,23:59:59,1.051,200
2007-03-29,23:59:59,10.600,200
2008-07-18,23:59:59,1.173,200
2009-05-16,23:59:59,12.089,200
2009-06-22,23:59:59,16.688,200
2009-12-18,23:59:59,1.156,200
2010-02-04,23:59:59,3.114,200
2011-10-24,23:59:59,1.108,200
2011-12-28,23:59:59,1.890,200
2013-03-20,23:59:59,15.961,200
2013-04-26,23:59:59,6.937,200
2014-01-01,23:59:59,3.049,200
2014-04-02,23:59:59,5.611,200
2014-08-31,23:59:59,12.673,200
2015-03-16,23:59:59,2.760,200
2015-08-25,23:59:59,8.648,200
2015-10-16,23:59:59,1.045,200
2015-12-14,23:59:59,0.996,200
2018-11-28,23:59:59,1.020,200
2020-08-03,23:59:59,2.088,200
2020-10-09,23:59:59,0.951,200
2022-04-20,23:59:59,3.994,200
2022-07-24,23:59:59,1.020,200
2024-05-28,23:59:59,9.065,200
1980-06-07,23:59:59,0.733,200
1982-09-24,23:59:59,0.578,200
1983-04-25,23:59:59,13.102,200
1983-10-26,23:59:59,19.878,200
1984-02-15,23:59:59,8.768,200
1985-01-15,23:59:59,18.736,200
1985-03-19,23:59:59,2.850,200
1985-08-17,23:59:59,19.136,200
1985-09-14,23:59:59,15.305,200
1985-11-08,23:59:59,0.690,200
1986-06-23,23:59:59,10.778,200
1986-12-12,23:59:59,0.635,200
1987-08-19,23:59:59,15.563,200
1988-04-06,23:59:59,2.516,200
1988-08-04,23:59:59,16.866,200
1989-03-29,23:59:59,10.406,200
1990-08-27,23:59:59,16.206,200
1991-03-01,23:59:59,0.492,200
1991-12-23,23:59:59,3.641,200
1992-07-23,23:59:59,0.708,200
1993-02-27,23:59:59,4.291,200
1993-04-27,23:59:59,5.668,200
1993-08-26,23:59:59,16.840,200
1994-04-06,23:59:59,11.086,200
1994-05-04,23:59:59,1.120,200
1994-05-19,23:59:59,7.830,200
1994-11-30,23:59:59,0.865,200
1995-04-01,23:59:59,0.927,200
1995-10-19,23:59:59,4.053,200
1995-12-02,23:59:59,7.775,200
1995-12-29,23:59:59,18.223,200
1998-03-11,23:59:59,17.620,200
1998-10-16,23:59:59,8.590,200
1999-04-06,23:59:59,0.837,200
2000-04-01,23:59:59,4.231,200
2001-07-11,23:59:59,16.832,200
2001-08-07,23:59:59,2.385,200
2001-09-23,23:59:59,0.759,200
2002-01-10,23:59:59,0.887,200
2002-04-02,23:59:59,2.015,200
2002-04-07,23:59:59,8.518,200
2002-07-26,23:59:59,14.382,200
2003-05-06,23:59:59,5.816,200
2003-11-25,23:59:59,0.811,200
2003-12-28,23:59:59,0.891,200
2004-05-12,23:59:59,3.610,200
2004-08-14,23:59:59,8.442,200
2004-10-21,23:59:59,0.758,200
2006-04-16,23:59:59,7.272,200
2006-06-25,23:59:59,12.810,200
2007-05-14,23:59:59,16.708,200
2007-12-30,23:59:59,1.098,200
2008-10-21,23:59:59,1.155,200
2009-02-01,23:59:59,1.475,200
2009-08-15,23:59:59,6.107,200
2009-10-14,23:59:59,1.182,200
2011-10-09,23:59:59,4.591,200
2011-12-27,23:59:59,1.172,200
2012-02-23,23:59:59,2.304,200
2012-04-08,23:59:59,2.760,200
2013-10-02,23:59:59,0.988,200
2014-09-19,23:59:59,5.091,200
2014-12-22,23:59:59,0.981,200
2015-08-16,23:59:59,3.790,200
2015-12-11,23:59:59,0.998,200
2015-12-21,23:59:59,0.998,200
2016-04-27,23:59:59,16.736,200
2016-11-20,23:59:59,0.980,200
2017-06-05,23:59:59,5.079,200
2018-02-20,23:59:59,1.055,200
2018-05-17,23:59:59,7.486,200
2018-07-23,23:59:59,1.031,200
2019-03-12,23:59:59,14.045,200
2019-03-23,23:59:59,9.152,200
2020-02-16,23:59:59,3.719,200
2020-10-29,23:59:59,0.923,200
2020-11-08,23:59:59,1.019,200
2020-11-26,23:59:59,4.805,200
2021-02-08,23:59:59,4.572,200
2021-05-07,23:59:59,5.919,200
2021-06-25,23:59:59,3.397,200
2021-11-15,23:59:59,8.409,200
2022-07-20,23:59:59,1.114,200
2022-09-01,23:59:59,2.800,200
2022-09-07,23:59:59,10.918,200
2023-03-27,23:59:59,0.755,200
2024-05-22,23:59:59,4.002,200
2024-06-27,23:59:59,16.611,200
1980-10-28,23:59:59,8.665,200
1982-01-31,23:59:59,3.279,200
1982-02-16,23:59:59,3.319,200
1983-01-05,23:59:59,0.555,200
1983-07-20,23:59:59,4.527,200
1984-04-22,23:59:59,4.447,200
1985-11-30,23:59:59,6.997,200
1986-05-04,23:59:59,5.340,200
1986-11-16,23:59:59,0.649,200
1987-04-14,23:59:59,6.198,200
1988-01-16,23:59:59,0.674,200
1988-12-26,23:59:59,9.546,200
1989-10-09,23:59:59,12.058,200
1990-08-06,23:59:59,16.106,200
1991-02-12,23:59:59,7.245,200
1992-01-05,23:59:59,3.200,200
1992-05-09,23:59:59,8.691,200
1992-10-31,23:59:59,0.711,200
1993-04-13,23:59:59,0.862,200
1994-04-23,23:59:59,11.712,200
1994-05-20,23:59:59,0.982,200
1995-01-11,23:59:59,0.935,200
1995-01-31,23:59:59,7.670,200
1995-03-04,23:59:59,4.420,200
1995-10-17,23:59:59,1.811,200
1996-02-13,23:59:59,0.998,200
1997-11-28,23:59:59,0.777,200
1998-05-11,23:59:59,8.601,200
1998-08-29,23:59:59,12.707,200
1998-10-22,23:59:59,12.745,200
1999-06-20,23:59:59,8.724,200
2000-12-07,23:59:59,5.215,200
2001-03-15,23:59:59,3.479,200
2001-06-07,23:59:59,13.231,200
2002-12-03,23:59:59,0.836,200
2003-04-13,23:59:59,6.519,200
2003-11-30,23:59:59,0.812,200
2004-01-25,23:59:59,0.836,200
2004-06-26,23:59:59,1.157,200
2005-03-04,23:59:59,1.081,200
2005-10-09,23:59:59,11.251,200
2006-10-08,23:59:59,1.064,200
2007-03-12,23:59:59,4.085,200
2007-05-16,23:59:59,15.295,200
2007-05-26,23:59:59,1.048,200
2007-09-11,23:59:59,4.736,200
2008-04-23,23:59:59,8.467,200
2009-08-25,23:59:59,10.098,200
2010-02-01,23:59:59,1.184,200
2011-08-11,23:59:59,1.959,200
2011-08-31,23:59:59,2.709,200
2011-10-21,23:59:59,1.109,200
2012-06-13,23:59:59,8.533,200
2014-03-29,23:59:59,6.389,200
2015-04-22,23:59:59,2.367,200
2015-07-09,23:59:59,16.204,200
2015-08-10,23:59:59,16.107,200
2015-08-19,23:59:59,4.582,200
2015-09-20,23:59:59,1.011,200
2018-01-10,23:59:59,3.430,200
2019-07-28,23:59:59,15.614,200
2019-09-12,23:59:59,4.471,200
2020-03-01,23:59:59,15.288,200
2020-10-28,23:59:59,0.923,200
2021-05-08,23:59:59,3.239,200
2022-01-13,23:59:59,9.915,200
2023-09-08,23:59:59,2.314,200
2024-03-17,23:59:59,2.842,200
2024-07-07,23:59:59,4.471,200
1980-03-26,23:59:59,1.531,200
1980-11-22,23:59:59,1.467,200
1981-08-12,23:59:59,13.060,200
1982-12-13,23:59:59,0.527,200
1982-12-22,23:59:59,0.546,200
1983-10-31,23:59:59,9.834,200
1983-12-07,23:59:59,4.544,200
1984-02-01,23:59:59,8.624,200
1984-07-07,23:59:59,8.196,200
1986-04-17,23:59:59,4.458,200
1986-04-19,23:59:59,4.453,200
1986-09-11,23:59:59,9.832,200
1987-07-05,23:59:59,2.485,200
1987-10-14,23:59:59,0.593,200
1988-11-02,23:59:59,17.225,200
1990-03-05,23:59:59,0.577,200
1990-03-14,23:59:59,0.608,200
1990-09-26,23:59:59,7.253,200
1991-01-10,23:59:59,7.678,200
1991-06-29,23:59:59,11.844,200
1992-07-07,23:59:59,0.791,200
1992-10-14,23:59:59,0.701,200
1992-11-06,23:59:59,0.718,200
1993-02-16,23:59:59,3.678,200
1993-06-16,23:59:59,17.180,200
1993-08-20,23:59:59,17.518,200
1995-08-21,23:59:59,0.835,200
1996-02-27,23:59:59,15.137,200
1996-04-08,23:59:59,0.973,200
1996-07-30,23:59:59,7.683,200
1996-11-24,23:59:59,14.907,200
1997-06-24,23:59:59,17.031,200
1997-08-15,23:59:59,0.746,200
1997-08-30,23:59:59,0.715,200
1998-02-09,23:59:59,1.461,200
1998-07-04,23:59:59,11.385,200
1999-03-10,23:59:59,2.862,200
1999-05-07,23:59:59,17.448,200
2000-05-13,23:59:59,4.165,200
2000-12-16,23:59:59,1.211,200
2001-05-21,23:59:59,0.816,200
2001-06-06,23:59:59,4.626,200
2001-08-19,23:59:59,2.874,200
2002-11-29,23:59:59,3.154,200
2003-01-17,23:59:59,14.482,200
2003-10-01,23:59:59,0.756,200
2004-03-07,23:59:59,3.693,200
2005-02-17,23:59:59,1.084,200
2005-05-29,23:59:59,4.794,200
2006-04-04,23:59:59,8.046,200
2006-07-25,23:59:59,13.886,200
2006-07-27,23:59:59,14.365,200
2006-09-29,23:59:59,1.038,200
2006-10-31,23:59:59,1.041,200
2007-03-25,23:59:59,8.764,200
2007-04-06,23:59:59,2.731,200
2007-06-30,23:59:59,10.854,200
2007-12-22,23:59:59,1.083,200
2008-04-08,23:59:59,15.682,200
2009-05-22,23:59:59,16.815,200
2009-09-05,23:59:59,1.244,200
2010-02-12,23:59:59,5.750,200
2010-09-12,23:59:59,1.094,200
2010-10-13,23:59:59,1.117,200
2011-06-03,23:59:59,12.862,200
2011-09-10,23:59:59,1.223,200
2011-11-07,23:59:59,1.105,200
2011-11-11,23:59:59,1.100,200
2013-08-11,23:59:59,13.769,200
2014-01-04,23:59:59,2.797,200
2016-10-03,23:59:59,2.979,200
2016-10-20,23:59:59,0.975,200
2017-07-06,23:59:59,4.545,200
2019-04-16,23:59:59,1.059,200
2019-05-31,23:59:59,1.050,200
2019-10-08,23:59:59,1.379,200
2022-09-02,23:59:59,4.634,200
2024-11-04,23:59:59,1.061,200
1980-11-16,23:59:59,2.270,200
1980-12-09,23:59:59,1.362,200
1983-01-06,23:59:59,0.557,200
1983-09-05,23:59:59,13.591,200
1983-12-01,23:59:59,7.062,200
1984-05-13,23:59:59,4.346,200
1985-02-15,23:59:59,2.878,200
1985-08-06,23:59:59,8.766,200
1986-03-14,23:59:59,8.912,200
1986-08-13,23:59:59,18.546,200
1986-08-24,23:59:59,19.221,200
1986-09-23,23:59:59,0.626,200
1986-12-14,23:59:59,0.627,200
1987-01-28,23:59:59,0.726,200
1987-09-21,23:59:59,0.601,200
1988-04-28,23:59:59,1.855,200
1989-08-28,23:59:59,16.397,200
1991-03-04,23:59:59,0.487,200
1991-05-21,23:59:59,2.514,200
1991-08-10,23:59:59,0.598,200
1991-08-17,23:59:59,0.604,200
1992-02-15,23:59:59,4.768,200
1992-04-18,23:59:59,0.870,200
1992-07-27,23:59:59,0.704,200
1993-05-07,23:59:59,8.411,200
1993-06-28,23:59:59,10.201,200
1993-08-09,23:59:59,11.801,200
1993-12-30,23:59:59,0.709,200
1994-06-02,23:59:59,0.921,200
1994-10-21,23:59:59,12.219,200
1995-08-08,23:59:59,15.774,200
1996-10-15,23:59:59,0.765,200
1997-01-03,23:59:59,1.675,200
1999-10-17,23:59:59,0.715,200
1999-12-19,23:59:59,15.973,200
2000-03-25,23:59:59,3.882,200
2000-11-18,23:59:59,8.512,200
2001-02-18,23:59:59,4.823,200
2001-10-31,23:59:59,0.813,200
2003-08-25,23:59:59,1.115,200
2004-12-27,23:59:59,0.671,200
2005-01-30,23:59:59,0.721,200
2005-05-25,23:59:59,13.674,200
2005-12-15,23:59:59,1.009,200
2006-02-08,23:59:59,2.047,200
2006-07-21,23:59:59,15.545,200
2006-12-26,23:59:59,1.115,200
2007-04-15,23:59:59,3.551,200
2007-09-15,23:59:59,4.677,200
2008-01-04,23:59:59,1.104,200
2008-03-12,23:59:59,1.145,200
2009-05-03,23:59:59,7.634,200
2009-07-05,23:59:59,16.486,200
2010-03-19,23:59:59,2.760,200
2010-12-04,23:59:59,3.582,200
2011-03-11,23:59:59,3.580,200
2011-06-08,23:59:59,2.729,200
2012-11-13,23:59:59,0.315,200
2013-01-27,23:59:59,1.246,200
2013-02-21,23:59:59,12.557,200
2014-01-29,23:59:59,5.161,200
2014-02-01,23:59:59,4.082,200
2014-07-09,23:59:59,15.824,200
2014-09-23,23:59:59,5.087,200
2016-11-06,23:59:59,4.986,200
2018-05-08,23:59:59,5.430,200
2018-11-14,23:59:59,1.002,200
2019-01-11,23:59:59,1.037,200
2019-07-19,23:59:59,11.254,200
2020-04-18,23:59:59,5.032,200
2020-05-03,23:59:59,3.914,200
2021-04-28,23:59:59,6.705,200
2021-07-04,23:59:59,8.623,200
2021-11-08,23:59:59,11.293,200
2022-02-16,23:59:59,2.347,200
2023-01-08,23:59:59,5.502,200
2023-06-30,23:59:59,16.933,200
2023-08-31,23:59:59,4.763,200
1980-05-12,23:59:59,10.567,200
1980-10-24,23:59:59,8.665,200
1981-03-08,23:59:59,5.281,200
1981-03-17,23:59:59,8.439,200
1982-06-03,23:59:59,0.657,200
1982-06-22,23:59:59,18.694,200
1982-08-31,23:59:59,18.337,200
1983-06-12,23:59:59,4.460,200
1983-07-31,23:59:59,9.249,200
1984-06-26,23:59:59,18.660,200
1985-02-19,23:59:59,2.862,200
1986-12-30,23:59:59,0.643,200
1989-10-12,23:59:59,2.559,200
1990-06-24,23:59:59,4.472,200
1990-09-11,23:59:59,0.936,200
1990-09-19,23:59:59,0.884,200
1991-01-24,23:59:59,4.592,200
1991-08-07,23:59:59,16.281,200
1992-06-29,23:59:59,16.782,200
1992-08-04,23:59:59,0.702,200
1993-07-31,23:59:59,9.751,200
1994-12-31,23:59:59,4.241,200
1995-03-24,23:59:59,0.897,200
1995-08-28,23:59:59,0.823,200
1998-07-12,23:59:59,12.726,200
1998-10-14,23:59:59,5.024,200
1999-02-17,23:59:59,6.003,200
1999-04-13,23:59:59,9.445,200
1999-06-28,23:59:59,17.248,200
2000-05-29,23:59:59,4.367,200
2001-01-21,23:59:59,10.697,200
2002-05-24,23:59:59,7.667,200
2002-06-24,23:59:59,1.403,200
2003-02-12,23:59:59,6.692,200
2004-05-20,23:59:59,6.017,200
2005-03-02,23:59:59,10.972,200
2005-10-20,23:59:59,0.996,200
2006-11-05,23:59:59,1.042,200
2006-12-29,23:59:59,1.120,200
2007-10-02,23:59:59,1.153,200
2008-01-30,23:59:59,1.089,200
2009-01-27,23:59:59,2.255,200
2009-02-11,23:59:59,1.182,200
2009-08-30,23:59:59,1.243,200
2010-01-06,23:59:59,1.156,200
2011-11-18,23:59:59,1.106,200
2012-04-03,23:59:59,6.790,200
2013-06-12,23:59:59,9.232,200
2013-11-17,23:59:59,1.170,200
2014-04-08,23:59:59,4.136,200
2015-02-05,23:59:59,5.592,200
2015-05-27,23:59:59,3.048,200
2015-06-10,23:59:59,1.075,200
2016-03-12,23:59:59,1.169,200
2016-04-28,23:59:59,16.545,200
2016-09-26,23:59:59,3.757,200
2017-06-13,23:59:59,11.764,200
2018-02-22,23:59:59,1.050,200
2018-03-21,23:59:59,8.035,200
2019-10-22,23:59:59,0.924,200
2021-07-12,23:59:59,6.851,200
2022-04-19,23:59:59,4.016,200
2022-10-03,23:59:59,2.919,200
2023-01-04,23:59:59,3.329,200
2023-04-05,23:59:59,8.603,200
2024-07-12,23:59:59,8.081,200
1980-05-24,23:59:59,4.392,200
1981-03-18,23:59:59,7.380,200
1982-01-12,23:59:59,0.524,200
1982-04-08,23:59:59,4.252,200
1982-04-24,23:59:59,3.354,200
1983-06-22,23:59:59,14.291,200
1984-07-16,23:59:59,14.167,200
1984-09-05,23:59:59,0.658,200
1984-10-07,23:59:59,17.606,200
1985-08-14,23:59:59,19.397,200
1987-06-20,23:59:59,7.874,200
1988-02-03,23:59:59,0.693,200
1988-04-05,23:59:59,2.520,200
1988-06-12,23:59:59,7.536,200
1990-01-13,23:59:59,0.561,200
1991-11-12,23:59:59,3.111,200
1992-01-31,23:59:59,2.988,200
1992-04-14,23:59:59,0.844,200
1992-05-13,23:59:59,9.902,200
1992-05-27,23:59:59,2.416,200
1992-07-05,23:59:59,7.093,200
1992-11-19,23:59:59,0.742,200
1993-01-13,23:59:59,0.823,200
1993-09-10,23:59:59,16.438,200
1993-10-25,23:59:59,0.688,200
1993-11-11,23:59:59,0.686,200
1994-02-02,23:59:59,3.615,200
1994-03-04,23:59:59,0.837,200
1994-06-04,23:59:59,0.918,200
1995-11-01,23:59:59,17.380,200
1995-12-03,23:59:59,7.792,200
1996-03-08,23:59:59,6.673,200
1996-06-05,23:59:59,2.941,200
1996-08-31,23:59:59,3.286,200
1996-09-25,23:59:59,4.898,200
1997-01-21,23:59:59,13.283,200
1997-11-20,23:59:59,0.759,200
1999-06-02,23:59:59,0.840,200
2001-02-04,23:59:59,2.378,200
2001-12-12,23:59:59,0.821,200
2002-11-27,23:59:59,3.143,200
2003-01-12,23:59:59,6.100,200
2003-07-21,23:59:59,17.208,200
2003-11-10,23:59:59,0.775,200
2004-05-28,23:59:59,17.291,200
2004-12-07,23:59:59,0.651,200
2004-12-08,23:59:59,0.646,200
2004-12-22,23:59:59,0.658,200
2005-02-15,23:59:59,1.086,200
2005-05-02,23:59:59,7.382,200
2005-08-15,23:59:59,0.994,200
2005-12-07,23:59:59,0.997,200
2006-06-01,23:59:59,1.028,200
2006-09-22,23:59:59,1.026,200
2008-03-03,23:59:59,1.411,200
2008-09-13,23:59:59,1.056,200
2008-09-24,23:59:59,1.082,200
2008-12-09,23:59:59,1.154,200
2010-10-27,23:59:59,1.252,200
2011-07-12,23:59:59,4.827,200
2011-07-31,23:59:59,9.315,200
2011-09-30,23:59:59,1.221,200
2012-12-16,23:59:59,1.033,200
2013-09-26,23:59:59,1.007,200
2013-12-24,23:59:59,1.179,200
2015-05-22,23:59:59,1.154,200
2016-01-21,23:59:59,4.034,200
2016-01-23,23:59:59,1.531,200
2016-03-17,23:59:59,6.233,200
2016-03-30,23:59:59,3.487,200
2016-04-04,23:59:59,12.273,200
2016-05-06,23:59:59,5.702,200
2016-08-29,23:59:59,16.727,200
2017-11-29,23:59:59,5.218,200
2018-01-04,23:59:59,1.195,200
2018-03-30,23:59:59,1.094,200
2019-01-07,23:59:59,1.036,200
2020-03-25,23:59:59,9.408,200
2022-05-03,23:59:59,7.881,200
2022-06-17,23:59:59,3.835,200
2022-06-30,23:59:59,14.052,200
2022-09-27,23:59:59,5.645,200
2023-03-16,23:59:59,10.747,200
2023-07-07,23:59:59,16.923,200
2023-11-03,23:59:59,10.423,200
2023-12-16,23:59:59,8.863,200
2024-08-15,23:59:59,5.098,200
1980-01-20,23:59:59,1.436,200
1980-02-21,23:59:59,5.560,200
1980-07-29,23:59:59,8.665,200
1980-12-21,23:59:59,1.362,200
1982-01-07,23:59:59,0.607,200
1983-03-15,23:59:59,0.707,200
1983-04-29,23:59:59,16.664,200
1983-06-20,23:59:59,10.074,200
1983-10-13,23:59:59,19.971,200
1984-02-28,23:59:59,2.000,200
1984-10-30,23:59:59,0.673,200
1985-02-14,23:59:59,1.985,200
1986-05-24,23:59:59,0.731,200
1988-08-08,23:59:59,16.638,200
1988-11-01,23:59:59,17.251,200
1988-11-17,23:59:59,7.903,200
1989-07-21,23:59:59,14.960,200
1989-12-04,23:59:59,0.466,200
1990-05-24,23:59:59,0.639,200
1990-06-13,23:59:59,0.631,200
1991-03-06,23:59:59,2.025,200
1991-04-05,23:59:59,4.442,200
1991-09-07,23:59:59,7.224,200
1992-12-06,23:59:59,0.772,200
1993-01-31,23:59:59,3.642,200
1994-06-22,23:59:59,8.273,200
1994-09-24,23:59:59,12.782,200
1994-12-10,23:59:59,0.872,200
1994-12-29,23:59:59,2.260,200
1995-03-05,23:59:59,4.416,200
1995-04-03,23:59:59,0.930,200
1995-09-06,23:59:59,1.051,200
1995-11-10,23:59:59,0.948,200
1996-08-21,23:59:59,3.562,200
1997-05-31,23:59:59,13.690,200
1997-07-24,23:59:59,16.332,200
1997-09-15,23:59:59,0.712,200
1997-09-19,23:59:59,0.712,200
1998-07-23,23:59:59,0.911,200
2000-02-09,23:59:59,0.848,200
2000-02-14,23:59:59,0.830,200
2000-06-30,23:59:59,17.428,200
2000-07-28,23:59:59,1.313,200
2002-12-24,23:59:59,6.033,200
2003-11-07,23:59:59,0.773,200
2004-04-11,23:59:59,6.938,200
2004-06-23,23:59:59,1.163,200
2004-12-11,23:59:59,0.670,200
2005-06-27,23:59:59,11.818,200
2005-12-09,23:59:59,0.999,200
2006-04-10,23:59:59,5.236,200
2006-04-13,23:59:59,9.314,200
2006-07-24,23:59:59,15.632,200
2006-09-21,23:59:59,1.022,200
2007-05-25,23:59:59,1.053,200
2007-07-28,23:59:59,10.231,200
2008-06-04,23:59:59,9.684,200
2008-12-30,23:59:59,2.072,200
2009-06-11,23:59:59,16.356,200
2009-07-12,23:59:59,16.348,200
2010-06-23,23:59:59,16.890,200
2010-12-20,23:59:59,4.793,200
2011-11-01,23:59:59,1.143,200
2013-08-20,23:59:59,15.355,200
2013-10-08,23:59:59,0.984,200
2013-12-01,23:59:59,1.140,200
2014-05-08,23:59:59,2.127,200
2014-06-16,23:59:59,16.423,200
2014-07-23,23:59:59,16.652,200
2014-08-06,23:59:59,1.076,200
2014-09-22,23:59:59,5.092,200
2015-01-09,23:59:59,5.134,200
2015-04-08,23:59:59,7.500,200
2015-04-12,23:59:59,6.180,200
2015-04-25,23:59:59,2.028,200
2016-05-19,23:59:59,1.119,200
2016-07-25,23:59:59,6.589,200
2016-10-31,23:59:59,1.812,200
2017-03-08,23:59:59,10.899,200
2018-02-02,23:59:59,1.079,200
2018-06-30,23:59:59,8.907,200
2018-07-03,23:59:59,15.489,200
2019-07-06,23:59:59,15.571,200
2020-01-10,23:59:59,1.375,200
2020-02-12,23:59:59,2.673,200
2020-02-19,23:59:59,1.978,200
2020-04-23,23:59:59,4.211,200
2020-06-27,23:59:59,16.901,200
2020-10-08,23:59:59,0.954,200
2020-12-20,23:59:59,2.099,200
2021-03-22,23:59:59,10.634,200
2021-11-28,23:59:59,3.143,200
2022-12-05,23:59:59,3.145,200
2023-08-13,23:59:59,9.939,200
2023-09-20,23:59:59,1.065,200
2023-10-14,23:59:59,1.100,200
2023-12-18,23:59:59,8.868,200
2024-09-11,23:59:59,1.082,200
1981-02-09,23:59:59,1.436,200
1981-05-08,23:59:59,6.498,200
1981-07-10,23:59:59,6.426,200
1981-07-17,23:59:59,13.643,200
1981-12-03,23:59:59,0.640,200
1982-08-17,23:59:59,17.425,200
1983-02-17,23:59:59,0.664,200
1983-12-15,23:59:59,10.739,200
1984-01-27,23:59:59,8.699,200
1984-02-17,23:59:59,8.717,200
1984-11-30,23:59:59,0.700,200
1985-01-05,23:59:59,14.342,200
1985-01-21,23:59:59,18.528,200
1985-07-24,23:59:59,0.666,200
1985-09-11,23:59:59,11.960,200
1986-04-10,23:59:59,5.987,200
1987-04-07,23:59:59,20.000,200
1987-04-18,23:59:59,2.877,200
1987-06-18,23:59:59,9.228,200
1987-06-24,23:59:59,2.463,200
1987-07-06,23:59:59,1.826,200
1987-09-16,23:59:59,0.600,200
1987-11-21,23:59:59,3.118,200
1988-02-23,23:59:59,5.527,200
1988-03-27,23:59:59,1.126,200
1988-07-10,23:59:59,0.643,200
1989-01-11,23:59:59,3.400,200
1989-03-09,23:59:59,6.408,200
1989-06-06,23:59:59,2.431,200
1990-01-12,23:59:59,0.558,200
1994-01-13,23:59:59,0.790,200
1994-08-28,23:59:59,7.843,200
1995-06-04,23:59:59,4.263,200
1997-04-02,23:59:59,0.841,200
1997-10-29,23:59:59,0.726,200
1997-11-11,23:59:59,0.740,200
1998-03-17,23:59:59,17.314,200
1998-03-21,23:59:59,2.979,200
1998-07-28,23:59:59,0.843,200
1999-04-11,23:59:59,0.856,200
1999-10-19,23:59:59,0.712,200
1999-11-28,23:59:59,6.296,200
2000-01-10,23:59:59,2.400,200
2000-03-24,23:59:59,3.187,200
2000-05-17,23:59:59,1.645,200
2000-05-20,23:59:59,8.083,200
2000-10-24,23:59:59,4.156,200
2000-11-02,23:59:59,10.880,200
2001-02-15,23:59:59,9.741,200
2001-05-16,23:59:59,1.320,200
2002-12-28,23:59:59,5.386,200
2003-03-11,23:59:59,1.781,200
2005-02-20,23:59:59,1.083,200
2005-06-06,23:59:59,5.878,200
2005-06-21,23:59:59,17.109,200
2005-10-23,23:59:59,0.996,200
2006-01-20,23:59:59,1.052,200
2007-01-04,23:59:59,1.124,200
2007-09-07,23:59:59,4.748,200
2008-07-04,23:59:59,1.511,200
2008-07-25,23:59:59,6.079,200
2008-12-20,23:59:59,1.201,200
2009-06-10,23:59:59,14.025,200
2009-08-11,23:59:59,12.347,200
2009-11-09,23:59:59,3.693,200
2009-11-13,23:59:59,13.647,200
2010-02-11,23:59:59,5.753,200
2010-06-22,23:59:59,13.742,200
2010-11-13,23:59:59,4.902,200
2011-05-17,23:59:59,6.976,200
2012-02-13,23:59:59,6.283,200
2012-03-30,23:59:59,5.091,200
2012-07-21,23:59:59,5.566,200
2012-11-26,23:59:59,0.347,200
2014-03-03,23:59:59,14.261,200
2014-04-04,23:59:59,4.504,200
2014-11-14,23:59:59,4.753,200
2015-01-24,23:59:59,5.976,200
2015-01-25,23:59:59,5.196,200
2015-11-13,23:59:59,2.924,200
2016-10-15,23:59:59,0.968,200
2016-11-19,23:59:59,0.981,200
2016-12-23,23:59:59,0.967,200
2017-12-03,23:59:59,8.185,200
2017-12-30,23:59:59,1.581,200
2018-04-04,23:59:59,2.820,200
2018-07-02,23:59:59,15.110,200
2018-09-07,23:59:59,8.430,200
2019-04-06,23:59:59,1.110,200
2019-05-07,23:59:59,9.982,200
2019-12-03,23:59:59,1.028,200
2020-06-17,23:59:59,13.136,200
2020-11-19,23:59:59,0.973,200
2021-02-10,23:59:59,1.137,200
2021-03-26,23:59:59,7.886,200
2021-07-13,23:59:59,10.903,200
2022-08-12,23:59:59,1.044,200
2023-04-01,23:59:59,5.320,200
2023-08-19,23:59:59,10.289,200
2023-10-29,23:59:59,2.031,200
2024-01-20,23:59:59,1.094,200
2024-02-07,23:59:59,1.761,200
1980-02-01,23:59:59,5.560,200
1980-02-20,23:59:59,5.560,200
1980-03-14,23:59:59,3.839,200
1981-04-01,23:59:59,6.718,200
1981-11-02,23:59:59,0.657,200
1982-04-29,23:59:59,19.760,200
1982-05-06,23:59:59,19.178,200
1982-09-21,23:59:59,0.588,200
1983-07-02,23:59:59,0.778,200
1983-10-21,23:59:59,12.768,200
1984-09-17,23:59:59,0.648,200
1984-09-27,23:59:59,18.102,200
1984-10-25,23:59:59,0.668,200
1985-04-13,23:59:59,4.249,200
1988-04-01,23:59:59,2.490,200
1989-08-25,23:59:59,15.426,200
1989-10-26,23:59:59,3.093,200
1990-03-02,23:59:59,0.572,200
1990-05-14,23:59:59,0.645,200
1990-10-05,23:59:59,7.084,200
1991-05-10,23:59:59,1.456,200
1991-05-11,23:59:59,1.111,200
1991-12-19,23:59:59,4.866,200
1992-04-27,23:59:59,4.623,200
1992-11-24,23:59:59,0.746,200
1993-01-12,23:59:59,0.829,200
1993-10-08,23:59:59,0.675,200
1994-03-26,23:59:59,3.597,200
1995-05-30,23:59:59,0.920,200
1996-02-07,23:59:59,14.207,200
1996-04-16,23:59:59,17.590,200
1996-05-11,23:59:59,16.959,200
1996-10-10,23:59:59,0.768,200
1996-10-31,23:59:59,0.786,200
1997-03-10,23:59:59,1.285,200
1997-09-05,23:59:59,0.714,200
1997-09-06,23:59:59,0.713,200
1998-05-01,23:59:59,4.295,200
1999-02-11,23:59:59,3.034,200
1999-09-19,23:59:59,0.752,200
1999-11-12,23:59:59,0.781,200
2000-05-04,23:59:59,3.493,200
2000-08-29,23:59:59,16.509,200
2001-03-04,23:59:59,16.895,200
2001-06-12,23:59:59,8.318,200
2001-08-16,23:59:59,2.874,200
2003-11-05,23:59:59,0.768,200
2004-01-03,23:59:59,0.902,200
2005-03-17,23:59:59,1.261,200
2005-10-13,23:59:59,0.996,200
2006-06-02,23:59:59,1.331,200
2007-01-15,23:59:59,4.083,200
2008-08-03,23:59:59,1.139,200
2010-03-17,23:59:59,5.057,200
2011-01-10,23:59:59,1.390,200
2011-03-16,23:59:59,5.044,200
2011-07-20,23:59:59,5.421,200
2011-08-10,23:59:59,1.968,200
2011-12-25,23:59:59,1.170,200
2012-02-26,23:59:59,1.145,200
2013-03-04,23:59:59,12.481,200
2013-07-18,23:59:59,2.694,200
2015-01-28,23:59:59,6.030,200
2015-02-10,23:59:59,1.979,200
2015-05-19,23:59:59,1.151,200
2015-06-27,23:59:59,16.139,200
2015-11-15,23:59:59,4.553,200
2016-09-05,23:59:59,3.012,200
2017-02-10,23:59:59,0.986,200
2017-08-20,23:59:59,1.523,200
2018-10-10,23:59:59,1.002,200
2019-01-04,23:59:59,1.053,200
2019-03-27,23:59:59,1.085,200
2019-04-24,23:59:59,6.984,200
2019-07-04,23:59:59,16.002,200
2020-04-21,23:59:59,1.596,200
2020-09-16,23:59:59,1.066,200
2020-09-22,23:59:59,1.057,200
2021-01-29,23:59:59,1.994,200
2022-01-11,23:59:59,6.786,200
2022-04-27,23:59:59,9.191,200
2022-06-21,23:59:59,16.639,200
2023-07-02,23:59:59,16.829,200
2024-01-05,23:59:59,1.084,200
1980-01-02,23:59:59,1.320,200
1980-11-27,23:59:59,1.467,200
1982-04-04,23:59:59,0.671,200
1982-04-07,23:59:59,2.329,200
1982-07-11,23:59:59,17.320,200
1982-08-01,23:59:59,18.197,200
1982-10-31,23:59:59,0.510,200
1983-02-07,23:59:59,0.646,200
1983-02-28,23:59:59,0.656,200
1983-08-27,23:59:59,13.852,200
1983-12-22,23:59:59,5.420,200
1984-01-21,23:59:59,8.794,200
1984-05-19,23:59:59,8.631,200
1984-06-05,23:59:59,13.224,200
1984-07-19,23:59:59,18.770,200
1984-08-06,23:59:59,0.671,200
1984-09-22,23:59:59,18.477,200
1984-11-24,23:59:59,0.697,200
1985-03-07,23:59:59,3.795,200
1985-03-08,23:59:59,3.790,200
1986-04-16,23:59:59,4.462,200
1986-08-22,23:59:59,19.353,200
1986-11-24,23:59:59,18.398,200
1987-03-05,23:59:59,5.348,200
1987-04-09,23:59:59,8.864,200
1991-01-30,23:59:59,11.393,200
1991-05-08,23:59:59,1.673,200
1991-06-07,23:59:59,7.824,200
1992-10-08,23:59:59,7.350,200
1992-11-30,23:59:59,0.762,200
1995-04-30,23:59:59,2.037,200
1995-05-03,23:59:59,17.215,200
1995-06-13,23:59:59,16.762,200
1996-12-13,23:59:59,1.459,200
1996-12-21,23:59:59,1.482,200
1997-04-08,23:59:59,0.876,200
1997-10-20,23:59:59,0.720,200
1998-01-19,23:59:59,3.555,200
1998-04-11,23:59:59,4.298,200
1998-09-01,23:59:59,4.319,200
2000-02-01,23:59:59,0.837,200
2000-03-31,23:59:59,3.410,200
2002-03-31,23:59:59,4.172,200
2002-09-16,23:59:59,1.932,200
2003-01-28,23:59:59,17.646,200
2004-07-10,23:59:59,1.184,200
2005-10-27,23:59:59,0.996,200
2005-11-25,23:59:59,1.033,200
2006-04-03,23:59:59,7.242,200
2006-04-12,23:59:59,7.517,200
2006-06-30,23:59:59,15.740,200
2007-05-06,23:59:59,6.389,200
2007-07-05,23:59:59,1.144,200
2007-07-20,23:59:59,13.531,200
2008-05-31,23:59:59,16.831,200
2008-10-04,23:59:59,1.115,200
2009-02-04,23:59:59,1.178,200
2009-11-20,23:59:59,1.131,200
2010-07-20,23:59:59,16.506,200
2010-09-08,23:59:59,1.095,200
2011-05-30,23:59:59,7.296,200
2011-07-28,23:59:59,9.375,200
2011-08-06,23:59:59,7.335,200
2012-12-29,23:59:59,2.388,200
2013-02-24,23:59:59,12.349,200
2013-05-05,23:59:59,4.472,200
2013-09-24,23:59:59,1.007,200
2014-06-04,23:59:59,1.045,200
2016-05-12,23:59:59,1.924,200
2016-11-08,23:59:59,1.451,200
2017-02-28,23:59:59,13.807,200
2017-04-15,23:59:59,2.794,200
2017-09-15,23:59:59,1.023,200
2017-11-22,23:59:59,4.970,200
2018-01-21,23:59:59,4.900,200
2018-10-09,23:59:59,0.999,200
2019-02-05,23:59:59,6.519,200
2019-03-07,23:59:59,15.729,200
2019-08-07,23:59:59,16.898,200
2019-08-25,23:59:59,4.495,200
2020-03-24,23:59:59,13.655,200
2020-04-20,23:59:59,2.682,200
2021-09-05,23:59:59,4.983,200
2022-01-22,23:59:59,10.926,200
2022-03-30,23:59:59,16.955,200
2022-12-11,23:59:59,3.919,200
2023-06-26,23:59:59,16.535,200
2024-05-11,23:59:59,16.875,200
2024-10-11,23:59:59,1.079,200
1980-04-06,23:59:59,2.920,200
1980-04-17,23:59:59,4.561,200
1981-01-15,23:59:59,1.420,200
1981-03-03,23:59:59,0.684,200
1981-08-14,23:59:59,13.060,200
1981-12-14,23:59:59,0.645,200
1982-01-30,23:59:59,3.327,200
1983-03-21,23:59:59,0.670,200
1985-02-03,23:59:59,17.739,200
1985-07-08,23:59:59,0.684,200
1985-08-05,23:59:59,11.760,200
1985-08-26,23:59:59,7.077,200
1985-11-25,23:59:59,6.970,200
1986-11-08,23:59:59,0.638,200
1987-10-28,23:59:59,0.609,200
1989-02-06,23:59:59,1.093,200
1990-01-29,23:59:59,0.557,200
1990-12-26,23:59:59,0.590,200
1990-12-27,23:59:59,0.595,200
1993-07-21,23:59:59,11.748,200
1994-04-01,23:59:59,11.382,200
1994-10-25,23:59:59,8.814,200
1995-03-18,23:59:59,0.890,200
1997-01-04,23:59:59,1.564,200
1997-10-06,23:59:59,0.694,200
1998-04-08,23:59:59,4.307,200
1998-08-05,23:59:59,0.841,200
1999-01-10,23:59:59,2.965,200
1999-05-14,23:59:59,12.486,200
1999-08-19,23:59:59,10.400,200
2000-01-29,23:59:59,0.838,200
2000-05-03,23:59:59,5.862,200
2000-11-25,23:59:59,1.437,200
2001-02-02,23:59:59,11.086,200
2001-09-05,23:59:59,1.589,200
2002-12-21,23:59:59,5.539,200
2003-03-05,23:59:59,0.903,200
2003-07-27,23:59:59,17.042,200
2003-09-27,23:59:59,0.766,200
2005-09-04,23:59:59,0.982,200
2006-01-25,23:59:59,1.062,200
2006-08-13,23:59:59,2.471,200
2006-12-16,23:59:59,1.118,200
2007-10-07,23:59:59,1.185,200
2007-12-04,23:59:59,1.048,200
2007-12-08,23:59:59,1.046,200
2008-11-26,23:59:59,1.156,200
2009-03-15,23:59:59,2.470,200
2009-10-28,23:59:59,4.796,200
2010-11-12,23:59:59,4.902,200
2011-05-16,23:59:59,4.131,200
2011-06-29,23:59:59,16.716,200
2012-07-06,23:59:59,7.630,200
2013-05-24,23:59:59,8.535,200
2013-05-28,23:59:59,11.305,200
2013-06-22,23:59:59,10.958,200
2015-01-18,23:59:59,4.478,200
2016-03-21,23:59:59,2.884,200
2016-06-04,23:59:59,9.520,200
2016-09-17,23:59:59,3.143,200
2017-03-26,23:59:59,9.205,200
2017-07-16,23:59:59,3.223,200
2017-10-12,23:59:59,3.810,200
2018-06-21,23:59:59,16.989,200
2018-07-14,23:59:59,1.033,200
2019-02-24,23:59:59,7.897,200
2019-08-14,23:59:59,8.816,200
2019-09-05,23:59:59,1.789,200
2019-12-17,23:59:59,0.927,200
2020-11-11,23:59:59,0.973,200
2021-07-01,23:59:59,6.083,200
2023-01-29,23:59:59,7.285,200
2023-05-07,23:59:59,2.708,200
2024-12-23,23:59:59,5.835,200
1980-10-05,23:59:59,13.473,200
1980-10-26,23:59:59,8.665,200
1981-01-16,23:59:59,2.257,200
1981-02-12,23:59:59,0.659,200
1981-08-09,23:59:59,13.060,200
1982-12-09,23:59:59,0.522,200
1984-08-21,23:59:59,0.662,200
1986-01-12,23:59:59,3.797,200
1986-05-08,23:59:59,2.821,200
1986-06-18,23:59:59,7.061,200
1988-06-13,23:59:59,7.524,200
1988-07-06,23:59:59,0.645,200
1988-11-19,23:59:59,9.920,200
1988-12-16,23:59:59,6.398,200
1989-09-17,23:59:59,15.542,200
1990-06-11,23:59:59,0.620,200
1991-08-26,23:59:59,1.096,200
1992-01-12,23:59:59,8.587,200
1992-06-28,23:59:59,16.758,200
1992-07-10,23:59:59,0.755,200
1993-01-28,23:59:59,1.443,200
1996-06-03,23:59:59,8.250,200
1996-09-28,23:59:59,4.853,200
1998-01-27,23:59:59,2.049,200
1998-02-12,23:59:59,4.572,200
1999-06-17,23:59:59,11.910,200
1999-09-15,23:59:59,0.755,200
2000-03-16,23:59:59,1.399,200
2001-01-17,23:59:59,2.101,200
2001-03-05,23:59:59,9.272,200
2001-08-04,23:59:59,0.748,200
2001-09-03,23:59:59,1.914,200
2002-04-20,23:59:59,8.596,200
2002-07-10,23:59:59,17.377,200
2002-11-24,23:59:59,3.138,200
2002-12-30,23:59:59,6.915,200
2003-09-25,23:59:59,0.745,200
2003-11-24,23:59:59,0.809,200
2005-03-23,23:59:59,1.233,200
2005-04-12,23:59:59,1.072,200
2005-10-07,23:59:59,1.009,200
2007-02-21,23:59:59,1.073,200
2007-09-25,23:59:59,2.293,200
2008-05-13,23:59:59,8.573,200
2008-07-15,23:59:59,1.171,200
2009-05-10,23:59:59,4.274,200
2009-06-12,23:59:59,14.747,200
2009-06-21,23:59:59,16.762,200
2010-07-22,23:59:59,16.367,200
2011-10-05,23:59:59,2.610,200
2012-04-02,23:59:59,6.106,200
2012-09-15,23:59:59,1.229,200
2012-12-23,23:59:59,1.032,200
2014-04-12,23:59:59,16.369,200
2015-03-06,23:59:59,4.715,200
2015-12-15,23:59:59,0.997,200
2016-02-13,23:59:59,5.682,200
2016-05-25,23:59:59,0.630,200
2016-06-11,23:59:59,1.433,200
2017-11-08,23:59:59,4.965,200
2018-11-01,23:59:59,0.995,200
2019-05-04,23:59:59,1.945,200
2020-08-22,23:59:59,12.504,200
2021-01-18,23:59:59,1.299,200
2021-07-24,23:59:59,6.442,200
2023-03-20,23:59:59,2.205,200
2023-12-17,23:59:59,8.856,200
2024-06-12,23:59:59,13.986,200
2024-12-16,23:59:59,9.571,200
1981-12-28,23:59:59,0.571,200
1982-03-17,23:59:59,10.141,200
1983-10-06,23:59:59,0.806,200
1984-01-14,23:59:59,9.013,200
1984-03-18,23:59:59,3.895,200
1985-07-29,23:59:59,0.659,200
1986-05-02,23:59:59,5.368,200
1987-04-04,23:59:59,20.209,200
1987-12-16,23:59:59,4.583,200
1989-06-23,23:59:59,4.571,200
1989-07-13,23:59:59,3.138,200
1990-04-18,23:59:59,0.613,200
1990-04-28,23:59:59,0.636,200
1990-06-06,23:59:59,0.620,200
1991-07-23,23:59:59,15.507,200
1992-05-04,23:59:59,7.105,200
1992-05-29,23:59:59,2.419,200
1992-10-19,23:59:59,3.856,200
1993-01-08,23:59:59,4.480,200
1993-04-20,23:59:59,0.823,200
1993-07-23,23:59:59,13.633,200
1993-09-06,23:59:59,16.471,200
1994-03-06,23:59:59,0.843,200
1994-07-26,23:59:59,12.411,200
1994-09-09,23:59:59,12.843,200
1995-01-10,23:59:59,0.946,200
1995-11-16,23:59:59,8.523,200
1995-12-14,23:59:59,3.740,200
1996-06-26,23:59:59,9.666,200
1996-11-15,23:59:59,17.302,200
1998-07-30,23:59:59,0.851,200
1999-05-27,23:59:59,1.853,200
2000-11-04,23:59:59,10.847,200
2001-08-31,23:59:59,1.915,200
2002-05-17,23:59:59,4.217,200
2002-06-06,23:59:59,8.433,200
2004-01-07,23:59:59,2.559,200
2004-04-12,23:59:59,7.085,200
2006-01-09,23:59:59,1.036,200
2006-01-10,23:59:59,1.038,200
2007-09-23,23:59:59,4.680,200
2007-10-28,23:59:59,1.220,200
2008-06-17,23:59:59,15.569,200
2008-08-22,23:59:59,1.450,200
2010-06-07,23:59:59,7.682,200
2010-10-23,23:59:59,1.247,200
2010-11-10,23:59:59,4.903,200
2011-01-11,23:59:59,2.195,200
2012-09-30,23:59:59,1.118,200
2012-11-19,23:59:59,0.349,200
2013-01-23,23:59:59,3.800,200
2013-04-28,23:59:59,9.716,200
2015-02-17,23:59:59,14.047,200
2015-06-29,23:59:59,11.443,200
2015-10-30,23:59:59,1.068,200
2015-12-09,23:59:59,1.008,200
2017-12-23,23:59:59,1.019,200
2019-10-25,23:59:59,5.020,200
2020-11-23,23:59:59,5.013,200
2021-09-22,23:59:59,1.074,200
2024-02-02,23:59:59,1.165,200
2024-02-24,23:59:59,1.115,200
2024-08-05,23:59:59,8.500,200
2024-09-30,23:59:59,1.106,200
1980-02-15,23:59:59,5.560,200
1980-08-04,23:59:59,8.665,200
1980-09-18,23:59:59,13.473,200
1981-09-30,23:59:59,8.802,200
1982-03-22,23:59:59,7.927,200
1982-04-13,23:59:59,4.939,200
1984-03-20,23:59:59,3.869,200
1985-01-18,23:59:59,18.617,200
1985-04-11,23:59:59,4.452,200
1985-05-20,23:59:59,3.618,200
1985-10-07,23:59:59,0.719,200
1986-04-15,23:59:59,5.608,200
1986-06-24,23:59:59,10.748,200
1986-10-22,23:59:59,0.678,200
1986-11-15,23:59:59,0.663,200
1988-01-15,23:59:59,0.673,200
1989-01-27,23:59:59,3.414,200
1989-04-20,23:59:59,3.943,200
1989-09-02,23:59:59,16.477,200
1990-04-04,23:59:59,0.608,200
1991-01-12,23:59:59,6.323,200
1991-07-05,23:59:59,11.752,200
1991-07-19,23:59:59,15.716,200
1991-10-08,23:59:59,2.321,200
1992-04-21,23:59:59,1.309,200
1994-04-25,23:59:59,11.691,200
1994-05-03,23:59:59,1.118,200
1994-10-19,23:59:59,12.346,200
1994-11-28,23:59:59,0.845,200
1995-05-01,23:59:59,11.736,200
1995-07-08,23:59:59,4.420,200
1995-10-15,23:59:59,0.918,200
1995-10-16,23:59:59,0.917,200
1996-06-04,23:59:59,7.032,200
1997-04-22,23:59:59,0.869,200
1997-04-23,23:59:59,0.896,200
1997-08-08,23:59:59,7.451,200
1997-09-26,23:59:59,0.706,200
1999-02-27,23:59:59,4.274,200
1999-08-01,23:59:59,16.395,200
1999-10-15,23:59:59,0.719,200
2001-07-19,23:59:59,8.931,200
2002-11-22,23:59:59,4.280,200
2003-02-13,23:59:59,5.415,200
2003-08-12,23:59:59,1.298,200
2004-11-12,23:59:59,0.614,200
2005-09-16,23:59:59,0.987,200
2005-12-12,23:59:59,1.005,200
2006-05-03,23:59:59,2.404,200
2006-09-27,23:59:59,1.035,200
2007-05-07,23:59:59,12.823,200
2007-07-27,23:59:59,11.978,200
2008-02-12,23:59:59,6.700,200
2010-01-05,23:59:59,1.155,200
2010-05-17,23:59:59,1.298,200
2011-07-21,23:59:59,6.676,200
2011-08-04,23:59:59,2.724,200
2012-03-17,23:59:59,1.201,200
2012-12-28,23:59:59,1.034,200
2013-02-02,23:59:59,3.057,200
2013-04-14,23:59:59,5.688,200
2014-03-13,23:59:59,3.814,200
2014-04-03,23:59:59,6.057,200
2014-07-03,23:59:59,2.030,200
2014-08-03,23:59:59,1.105,200
2014-10-19,23:59:59,1.446,200
2015-01-22,23:59:59,5.403,200
2016-03-10,23:59:59,1.913,200
2016-05-28,23:59:59,3.723,200
2016-07-28,23:59:59,8.233,200
2016-08-02,23:59:59,11.222,200
2016-10-19,23:59:59,1.964,200
2018-05-04,23:59:59,4.247,200
2018-08-31,23:59:59,14.215,200
2018-10-29,23:59:59,0.998,200
2019-03-13,23:59:59,14.071,200
2019-05-09,23:59:59,9.642,200
2020-04-13,23:59:59,3.745,200
2022-09-08,23:59:59,10.919,200
2023-01-17,23:59:59,1.472,200
2023-01-30,23:59:59,5.907,200
2023-05-18,23:59:59,1.103,200
2023-07-12,23:59:59,15.908,200
2024-01-23,23:59:59,1.103,200
2024-05-19,23:59:59,10.168,200
1980-04-19,23:59:59,4.561,200
1981-05-04,23:59:59,6.867,200
1981-06-02,23:59:59,6.644,200
1982-05-07,23:59:59,19.010,200
1982-07-25,23:59:59,18.666,200
1982-10-18,23:59:59,0.597,200
1982-11-09,23:59:59,0.546,200
1983-02-25,23:59:59,0.560,200
1983-09-30,23:59:59,0.813,200
1983-12-14,23:59:59,12.333,200
1984-02-08,23:59:59,8.530,200
1985-06-04,23:59:59,19.577,200
1986-04-24,23:59:59,3.641,200
1987-09-07,23:59:59,7.099,200
1987-09-18,23:59:59,0.598,200
1988-03-07,23:59:59,0.736,200
1989-04-10,23:59:59,3.957,200
1989-10-21,23:59:59,3.060,200
1990-05-21,23:59:59,0.638,200
1990-10-20,23:59:59,0.576,200
1990-12-25,23:59:59,0.588,200
1991-09-27,23:59:59,9.621,200
1991-10-30,23:59:59,1.678,200
1992-12-10,23:59:59,0.774,200
1993-05-05,23:59:59,9.366,200
1994-01-24,23:59:59,17.806,200
1994-07-07,23:59:59,4.541,200
1994-11-23,23:59:59,0.839,200
1994-11-24,23:59:59,0.841,200
1995-10-30,23:59:59,4.978,200
1996-01-10,23:59:59,17.846,200
1996-01-27,23:59:59,1.010,200
1997-06-25,23:59:59,16.938,200
1998-01-13,23:59:59,9.324,200
1998-01-30,23:59:59,0.862,200
1999-01-21,23:59:59,5.421,200
1999-04-14,23:59:59,7.646,200
1999-10-05,23:59:59,1.259,200
1999-10-07,23:59:59,2.356,200
1999-10-27,23:59:59,0.729,200
2000-02-29,23:59:59,1.390,200
2000-07-27,23:59:59,9.035,200
2001-04-25,23:59:59,9.375,200
2002-07-04,23:59:59,13.960,200
2002-09-24,23:59:59,2.505,200
2003-03-04,23:59:59,0.843,200
2003-06-15,23:59:59,13.963,200
2003-09-02,23:59:59,5.604,200
2003-12-31,23:59:59,0.894,200
2004-01-18,23:59:59,0.825,200
2005-05-26,23:59:59,12.670,200
2007-03-04,23:59:59,4.056,200
2007-03-20,23:59:59,1.645,200
2009-08-01,23:59:59,4.104,200
2009-11-28,23:59:59,1.129,200
2009-12-13,23:59:59,1.151,200
2010-04-02,23:59:59,3.089,200
2010-10-17,23:59:59,1.123,200
2011-03-19,23:59:59,12.443,200
2011-11-29,23:59:59,1.119,200
2012-01-12,23:59:59,4.695,200
2012-12-03,23:59:59,0.380,200
2013-02-04,23:59:59,4.312,200
2013-04-23,23:59:59,6.578,200
2013-09-19,23:59:59,1.008,200
2015-03-20,23:59:59,13.254,200
2016-01-07,23:59:59,2.861,200
2016-01-15,23:59:59,1.519,200
2016-04-21,23:59:59,16.694,200
2017-03-17,23:59:59,12.960,200
2017-03-31,23:59:59,8.105,200
2017-07-17,23:59:59,2.804,200
2018-06-24,23:59:59,10.318,200
2019-06-29,23:59:59,17.307,200
2019-09-21,23:59:59,1.365,200
2020-12-27,23:59:59,4.864,200
2021-06-13,23:59:59,6.777,200
2021-10-28,23:59:59,6.985,200
2022-11-28,23:59:59,8.247,200
2023-01-02,23:59:59,2.991,200
2023-12-08,23:59:59,5.124,200
2024-06-18,23:59:59,14.740,200
2024-11-08,23:59:59,1.925,200
2024-12-01,23:59:59,10.644,200
1980-01-28,23:59:59,5.560,200
1980-10-29,23:59:59,11.278,200
1980-11-06,23:59:59,5.309,200
1980-11-10,23:59:59,12.611,200
1980-12-12,23:59:59,1.362,200
1981-02-23,23:59:59,0.718,200
1983-05-17,23:59:59,10.072,200
1984-07-21,23:59:59,7.932,200
1984-11-28,23:59:59,0.697,200
1985-02-05,23:59:59,16.713,200
1985-10-23,23:59:59,0.736,200
1986-11-18,23:59:59,0.645,200
1987-01-08,23:59:59,0.643,200
1987-10-07,23:59:59,0.592,200
1987-11-09,23:59:59,0.656,200
1988-09-06,23:59:59,10.206,200
1988-09-15,23:59:59,0.618,200
1989-03-16,23:59:59,6.445,200
1990-04-30,23:59:59,0.637,200
1990-08-20,23:59:59,16.418,200
1990-08-23,23:59:59,16.376,200
1990-09-01,23:59:59,15.683,200
1990-09-27,23:59:59,7.245,200
1991-05-19,23:59:59,0.634,200
1991-09-22,23:59:59,4.298,200
1992-05-02,23:59:59,2.247,200
1992-07-12,23:59:59,1.529,200
1992-09-24,23:59:59,8.338,200
1992-10-02,23:59:59,9.226,200
1992-10-29,23:59:59,0.707,200
1992-11-12,23:59:59,0.725,200
1993-06-05,23:59:59,2.452,200
1993-12-24,23:59:59,0.703,200
1994-01-14,23:59:59,0.790,200
1994-02-28,23:59:59,0.833,200
1995-02-04,23:59:59,1.714,200
1995-05-07,23:59:59,4.632,200
1995-06-27,23:59:59,12.521,200
1995-09-23,23:59:59,0.861,200
1996-01-09,23:59:59,17.875,200
1996-08-07,23:59:59,4.433,200
1998-04-16,23:59:59,6.590,200
1998-08-17,23:59:59,12.937,200
1999-10-03,23:59:59,0.755,200
2000-03-09,23:59:59,2.665,200
2000-05-25,23:59:59,3.355,200
2001-05-17,23:59:59,1.319,200
2001-09-22,23:59:59,0.759,200
2002-04-03,23:59:59,3.642,200
2002-11-14,23:59:59,4.222,200
2004-03-08,23:59:59,4.546,200
2004-05-26,23:59:59,17.410,200
2005-04-06,23:59:59,1.072,200
2005-07-29,23:59:59,1.024,200
2005-12-28,23:59:59,1.027,200
2007-04-02,23:59:59,7.949,200
2007-04-17,23:59:59,6.631,200
2007-08-28,23:59:59,2.104,200
2007-11-25,23:59:59,1.212,200
2008-11-19,23:59:59,1.125,200
2009-07-01,23:59:59,16.425,200
2009-12-03,23:59:59,1.131,200
2011-04-17,23:59:59,11.218,200
2011-12-23,23:59:59,1.166,200
2012-01-20,23:59:59,4.573,200
2012-02-14,23:59:59,5.132,200
2012-10-10,23:59:59,0.295,200
2012-12-06,23:59:59,0.307,200
2013-07-14,23:59:59,1.079,200
2013-12-04,23:59:59,3.879,200
2014-04-10,23:59:59,6.143,200
2014-08-05,23:59:59,1.079,200
2014-08-26,23:59:59,16.721,200
2014-12-21,23:59:59,0.982,200
2015-12-20,23:59:59,0.999,200
2016-06-02,23:59:59,9.026,200
2018-05-18,23:59:59,7.661,200
2019-04-14,23:59:59,1.074,200
2019-06-03,23:59:59,1.027,200
2020-05-17,23:59:59,16.803,200
2020-07-09,23:59:59,10.486,200
2021-01-17,23:59:59,5.201,200
2021-08-08,23:59:59,16.710,200
2021-09-12,23:59:59,1.132,200
2022-04-05,23:59:59,12.469,200
2022-09-12,23:59:59,3.841,200
2024-10-18,23:59:59,1.072,200
2024-11-03,23:59:59,1.064,200
1980-08-24,23:59:59,8.665,200
1981-07-11,23:59:59,6.426,200
1981-09-28,23:59:59,8.802,200
1982-02-01,23:59:59,3.211,200
1982-02-23,23:59:59,3.339,200
1983-02-01,23:59:59,0.625,200
1983-03-06,23:59:59,0.643,200
1983-06-29,23:59:59,4.105,200
1983-10-10,23:59:59,20.210,200
1984-04-11,23:59:59,4.631,200
1985-04-03,23:59:59,2.821,200
1985-05-30,23:59:59,0.780,200
1988-03-14,23:59:59,6.609,200
1990-07-09,23:59:59,3.863,200
1990-11-05,23:59:59,0.585,200
1990-11-29,23:59:59,0.558,200
1990-12-13,23:59:59,0.575,200
1991-09-05,23:59:59,7.252,200
1992-02-10,23:59:59,0.618,200
1992-03-02,23:59:59,6.659,200
1992-06-04,23:59:59,11.177,200
1992-06-14,23:59:59,16.723,200
1992-07-09,23:59:59,0.760,200
1992-08-10,23:59:59,0.728,200
1993-04-12,23:59:59,0.866,200
1994-02-25,23:59:59,0.828,200
1994-03-16,23:59:59,2.624,200
1994-05-13,23:59:59,9.233,200
1994-06-18,23:59:59,6.419,200
1994-07-30,23:59:59,8.161,200
1994-09-21,23:59:59,4.296,200
1995-01-12,23:59:59,0.928,200
1995-02-01,23:59:59,13.381,200
1996-03-09,23:59:59,6.741,200
1996-06-13,23:59:59,2.850,200
1997-08-11,23:59:59,0.913,200
1998-09-21,23:59:59,4.345,200
1998-12-15,23:59:59,2.641,200
2000-01-26,23:59:59,1.426,200
2000-07-07,23:59:59,17.101,200
2000-08-15,23:59:59,17.177,200
2000-10-07,23:59:59,1.580,200
2001-11-04,23:59:59,0.826,200
2001-11-10,23:59:59,0.834,200
2002-03-12,23:59:59,4.462,200
2003-09-24,23:59:59,0.740,200
2003-10-19,23:59:59,1.317,200
2005-03-21,23:59:59,1.077,200
2005-07-15,23:59:59,6.957,200
2005-08-07,23:59:59,2.669,200
2005-09-18,23:59:59,0.991,200
2005-10-15,23:59:59,0.993,200
2005-12-13,23:59:59,1.006,200
2006-02-07,23:59:59,1.069,200
2006-09-07,23:59:59,1.003,200
2007-11-21,23:59:59,1.211,200
2008-12-01,23:59:59,1.165,200
2009-02-18,23:59:59,1.196,200
2009-04-20,23:59:59,2.236,200
2009-12-09,23:59:59,1.145,200
2011-03-24,23:59:59,5.860,200
2011-04-10,23:59:59,8.247,200
2011-11-16,23:59:59,1.105,200
2011-11-22,23:59:59,1.108,200
2012-02-21,23:59:59,2.702,200
2013-01-25,23:59:59,1.246,200
2013-07-30,23:59:59,16.230,200
2013-10-04,23:59:59,3.651,200
2014-07-24,23:59:59,16.612,200
2015-06-13,23:59:59,1.068,200
2017-09-26,23:59:59,1.043,200
2017-10-14,23:59:59,1.028,200
2017-12-09,23:59:59,7.729,200
2018-03-13,23:59:59,2.201,200
2018-06-02,23:59:59,8.857,200
2018-10-15,23:59:59,1.468,200
2019-04-23,23:59:59,5.816,200
2019-05-12,23:59:59,2.801,200
2019-09-09,23:59:59,4.492,200
2019-12-20,23:59:59,2.394,200
2020-04-06,23:59:59,16.201,200
2022-05-22,23:59:59,5.834,200
2022-12-02,23:59:59,4.978,200
2023-07-06,23:59:59,16.366,200
2023-10-17,23:59:59,2.844,200
1980-04-23,23:59:59,17.899,200
1980-10-30,23:59:59,14.640,200
1980-11-14,23:59:59,8.200,200
1980-11-30,23:59:59,1.467,200
1981-02-24,23:59:59,0.698,200
1981-05-31,23:59:59,6.644,200
1981-07-02,23:59:59,6.426,200
1981-12-24,23:59:59,0.579,200
1982-07-13,23:59:59,17.484,200
1982-08-09,23:59:59,17.666,200
1983-01-29,23:59:59,0.639,200
1983-06-06,23:59:59,3.362,200
1985-02-27,23:59:59,2.860,200
1985-05-14,23:59:59,3.761,200
1986-01-02,23:59:59,20.082,200
1986-03-10,23:59:59,3.873,200
1986-10-02,23:59:59,0.631,200
1987-04-21,23:59:59,5.385,200
1988-03-17,23:59:59,9.690,200
1988-03-29,23:59:59,2.921,200
1989-01-07,23:59:59,3.802,200
1989-08-09,23:59:59,16.107,200
1989-12-05,23:59:59,0.466,200
1991-11-21,23:59:59,4.631,200
1991-11-24,23:59:59,2.426,200
1992-02-12,23:59:59,0.880,200
1992-03-08,23:59:59,0.845,200
1992-05-30,23:59:59,2.419,200
1992-06-13,23:59:59,16.820,200
1992-10-16,23:59:59,0.693,200
1993-05-12,23:59:59,4.046,200
1994-03-11,23:59:59,2.631,200
1994-07-03,23:59:59,4.532,200
1994-12-25,23:59:59,0.890,200
1995-01-23,23:59:59,7.409,200
1995-12-21,23:59:59,18.117,200
1996-10-01,23:59:59,8.701,200
1997-05-03,23:59:59,0.912,200
1997-06-14,23:59:59,17.234,200
1997-07-31,23:59:59,7.518,200
1997-12-27,23:59:59,0.822,200
1998-01-04,23:59:59,4.151,200
1998-03-22,23:59:59,2.976,200
1999-02-02,23:59:59,8.018,200
2000-07-24,23:59:59,14.620,200
2001-08-12,23:59:59,2.875,200
2003-07-01,23:59:59,0.830,200
2003-09-13,23:59:59,0.736,200
2003-10-14,23:59:59,0.757,200
2007-02-19,23:59:59,1.072,200
2007-03-06,23:59:59,7.437,200
2007-04-29,23:59:59,6.571,200
2007-06-04,23:59:59,1.047,200
2008-07-03,23:59:59,2.297,200
2009-02-07,23:59:59,2.449,200
2009-08-08,23:59:59,8.253,200
2009-12-02,23:59:59,1.131,200
2009-12-25,23:59:59,1.165,200
2011-01-14,23:59:59,4.376,200
2011-12-29,23:59:59,3.496,200
2012-01-28,23:59:59,4.101,200
2013-03-22,23:59:59,15.833,200
2016-09-07,23:59:59,2.016,200
2016-11-15,23:59:59,0.985,200
2016-11-23,23:59:59,0.985,200
2017-01-30,23:59:59,0.983,200
2017-04-09,23:59:59,4.712,200
2017-06-17,23:59:59,1.987,200
2017-08-16,23:59:59,5.777,200
2019-12-28,23:59:59,4.053,200
2020-04-27,23:59:59,3.575,200
2020-09-18,23:59:59,1.062,200
2021-08-31,23:59:59,1.164,200
2024-01-02,23:59:59,1.065,200
2024-02-20,23:59:59,1.111,200
2024-05-06,23:59:59,13.074,200
2024-07-02,23:59:59,1.960,200
2024-10-27,23:59:59,1.079,200
1980-10-31,23:59:59,18.565,200
1982-06-14,23:59:59,19.269,200
1982-10-05,23:59:59,3.808,200
1983-01-24,23:59:59,0.632,200
1983-09-16,23:59:59,3.989,200
1984-03-16,23:59:59,4.908,200
1984-06-02,23:59:59,8.846,200
1984-09-07,23:59:59,0.657,200
1985-03-27,23:59:59,2.855,200
1986-12-10,23:59:59,0.635,200
1988-08-09,23:59:59,13.975,200
1989-09-03,23:59:59,16.375,200
1989-09-06,23:59:59,16.281,200
1990-02-01,23:59:59,0.552,200
1990-07-08,23:59:59,3.869,200
1990-12-02,23:59:59,0.553,200
1991-08-11,23:59:59,0.567,200
1992-05-08,23:59:59,9.516,200
1994-04-15,23:59:59,2.752,200
1994-10-22,23:59:59,12.157,200
1995-01-25,23:59:59,3.394,200
1996-02-02,23:59:59,3.088,200
1996-07-09,23:59:59,13.562,200
1996-12-14,23:59:59,1.452,200
1997-03-16,23:59:59,0.839,200
1997-10-17,23:59:59,0.710,200
1999-04-25,23:59:59,0.861,200
1999-12-28,23:59:59,2.019,200
2000-03-17,23:59:59,1.702,200
2000-03-29,23:59:59,3.725,200
2000-07-23,23:59:59,5.933,200
2000-11-01,23:59:59,10.889,200
2001-01-03,23:59:59,0.889,200
2001-01-28,23:59:59,9.305,200
2001-05-14,23:59:59,1.325,200
2001-05-15,23:59:59,1.322,200
2001-11-20,23:59:59,0.850,200
2002-03-23,23:59:59,0.880,200
2003-07-02,23:59:59,0.811,200
2004-07-27,23:59:59,17.046,200
2004-08-12,23:59:59,16.589,200
2005-06-04,23:59:59,11.775,200
2006-07-29,23:59:59,2.703,200
2008-04-28,23:59:59,4.384,200
2008-11-27,23:59:59,1.158,200
2009-12-26,23:59:59,1.168,200
2010-04-01,23:59:59,3.089,200
2010-11-03,23:59:59,1.278,200
2011-06-09,23:59:59,3.939,200
2011-07-07,23:59:59,6.627,200
2012-01-07,23:59:59,2.711,200
2012-02-09,23:59:59,4.852,200
2013-04-29,23:59:59,9.725,200
2013-07-02,23:59:59,6.520,200
2013-07-05,23:59:59,1.092,200
2013-08-27,23:59:59,16.891,200
2014-01-31,23:59:59,5.115,200
2014-02-12,23:59:59,16.556,200
2015-01-21,23:59:59,5.231,200
2015-03-11,23:59:59,2.774,200
2015-03-15,23:59:59,6.389,200
2016-07-17,23:59:59,2.741,200
2016-08-27,23:59:59,16.619,200
2017-11-07,23:59:59,4.975,200
2017-11-16,23:59:59,6.540,200
2018-07-28,23:59:59,1.028,200
2018-09-22,23:59:59,1.798,200
2019-04-20,23:59:59,1.054,200
2019-09-23,23:59:59,1.378,200
2019-11-08,23:59:59,2.079,200
2020-07-30,23:59:59,11.188,200
2020-09-25,23:59:59,0.994,200
2021-12-01,23:59:59,3.042,200
2022-04-03,23:59:59,10.422,200
2022-06-01,23:59:59,1.495,200
2022-06-04,23:59:59,6.675,200
2022-12-09,23:59:59,3.024,200
2023-01-13,23:59:59,3.026,200
2023-06-10,23:59:59,1.105,200
2023-06-15,23:59:59,5.791,200
2024-03-31,23:59:59,4.869,200
1980-11-09,23:59:59,12.611,200
1981-04-11,23:59:59,6.942,200
1981-05-02,23:59:59,6.867,200
1982-01-09,23:59:59,0.592,200
1982-10-24,23:59:59,0.571,200
1984-04-30,23:59:59,4.520,200
1984-07-26,23:59:59,18.794,200
1984-08-20,23:59:59,0.663,200
1984-12-11,23:59:59,3.687,200
1985-02-22,23:59:59,2.851,200
1986-07-13,23:59:59,3.737,200
1990-05-20,23:59:59,0.639,200
1991-02-21,23:59:59,8.377,200
1991-05-01,23:59:59,1.713,200
1991-05-09,23:59:59,1.675,200
1991-10-31,23:59:59,1.668,200
1992-07-24,23:59:59,0.706,200
1992-08-26,23:59:59,9.665,200
1992-11-23,23:59:59,0.742,200
1993-01-01,23:59:59,3.993,200
1993-09-04,23:59:59,16.622,200
1993-09-30,23:59:59,9.321,200
1994-02-14,23:59:59,16.449,200
1995-06-20,23:59:59,12.528,200
1995-07-30,23:59:59,5.773,200
1996-01-05,23:59:59,18.025,200
1996-01-17,23:59:59,17.541,200
1996-09-17,23:59:59,7.468,200
1996-12-26,23:59:59,1.484,200
1997-04-14,23:59:59,0.818,200
1998-10-28,23:59:59,16.917,200
2000-01-30,23:59:59,0.840,200
2000-02-15,23:59:59,0.827,200
2000-02-16,23:59:59,0.829,200
2000-12-13,23:59:59,1.224,200
2001-03-11,23:59:59,3.481,200
2001-08-22,23:59:59,2.878,200
2001-11-08,23:59:59,0.825,200
2002-01-04,23:59:59,0.880,200
2002-01-29,23:59:59,0.907,200
2002-11-04,23:59:59,4.605,200
2003-04-06,23:59:59,2.488,200
2003-04-16,23:59:59,12.634,200
2003-08-20,23:59:59,1.120,200
2004-03-13,23:59:59,8.541,200
2004-06-01,23:59:59,17.112,200
2004-10-06,23:59:59,10.314,200
2004-12-14,23:59:59,0.652,200
2005-04-18,23:59:59,1.043,200
2007-07-30,23:59:59,16.653,200
2008-03-01,23:59:59,1.141,200
2009-02-22,23:59:59,1.216,200
2009-03-18,23:59:59,4.377,200
2009-10-17,23:59:59,4.809,200
2010-02-23,23:59:59,1.995,200
2011-05-25,23:59:59,7.181,200
2011-12-21,23:59:59,1.164,200
2012-05-27,23:59:59,7.016,200
2012-09-13,23:59:59,1.225,200
2013-05-18,23:59:59,5.103,200
2013-11-09,23:59:59,1.177,200
2014-01-19,23:59:59,2.197,200
2014-09-24,23:59:59,5.086,200
2015-01-19,23:59:59,2.163,200
2015-06-07,23:59:59,10.892,200
2015-10-21,23:59:59,1.052,200
2016-04-22,23:59:59,16.743,200
2016-09-28,23:59:59,3.740,200
2016-12-31,23:59:59,2.358,200
2017-02-13,23:59:59,0.992,200
2017-04-28,23:59:59,11.556,200
2017-07-07,23:59:59,3.569,200
2018-06-19,23:59:59,14.638,200
2020-02-27,23:59:59,2.351,200
2020-08-18,23:59:59,16.758,200
2020-09-24,23:59:59,1.041,200
2020-11-04,23:59:59,0.922,200
2021-08-26,23:59:59,1.252,200
2021-10-17,23:59:59,5.024,200
2023-02-21,23:59:59,5.577,200
2023-03-12,23:59:59,13.956,200
2023-05-27,23:59:59,1.089,200
2023-08-22,23:59:59,12.205,200
2024-05-18,23:59:59,9.045,200
2024-05-31,23:59:59,3.443,200
2024-06-19,23:59:59,14.637,200
1980-01-11,23:59:59,1.344,200
1980-05-22,23:59:59,4.392,200
1980-07-21,23:59:59,8.665,200
1981-04-21,23:59:59,6.571,200
1982-11-03,23:59:59,0.540,200
1982-11-12,23:59:59,0.534,200
1982-12-15,23:59:59,0.520,200
1983-12-11,23:59:59,20.030,200
1984-07-20,23:59:59,14.768,200
1985-04-08,23:59:59,2.809,200
1986-10-19,23:59:59,0.680,200
1987-12-08,23:59:59,4.593,200
1989-06-03,23:59:59,2.435,200
1990-03-22,23:59:59,0.603,200
1990-10-01,23:59:59,7.146,200
1992-05-21,23:59:59,0.848,200
1992-06-26,23:59:59,16.963,200
1993-05-15,23:59:59,0.959,200
1993-11-30,23:59:59,0.680,200
1994-03-23,23:59:59,3.577,200
1994-06-28,23:59:59,8.397,200
1994-10-04,23:59:59,12.659,200
1996-11-01,23:59:59,0.787,200
1996-11-03,23:59:59,0.790,200
1997-01-01,23:59:59,1.494,200
1998-01-22,23:59:59,3.555,200
1998-03-15,23:59:59,17.487,200
1998-05-30,23:59:59,3.011,200
1998-06-04,23:59:59,9.397,200
1998-09-14,23:59:59,8.782,200
1999-01-29,23:59:59,11.418,200
2001-01-09,23:59:59,0.895,200
2003-02-19,23:59:59,1.714,200
2004-10-13,23:59:59,2.809,200
2004-10-25,23:59:59,0.758,200
2005-02-27,23:59:59,3.114,200
2006-01-26,23:59:59,1.061,200
2009-05-31,23:59:59,8.338,200
2010-12-15,23:59:59,2.664,200
2011-06-16,23:59:59,11.783,200
2014-03-05,23:59:59,15.705,200
2014-08-27,23:59:59,16.788,200
2015-03-10,23:59:59,2.738,200
2015-11-20,23:59:59,1.004,200
2017-01-10,23:59:59,1.896,200
2017-10-22,23:59:59,1.023,200
2017-12-28,23:59:59,3.647,200
2018-08-14,23:59:59,9.225,200
2018-09-13,23:59:59,4.770,200
2018-10-06,23:59:59,1.001,200
2018-10-14,23:59:59,0.991,200
2018-10-26,23:59:59,3.530,200
2019-04-27,23:59:59,1.600,200
2020-02-03,23:59:59,1.472,200
2020-10-16,23:59:59,0.917,200
2020-11-20,23:59:59,1.051,200
2020-12-31,23:59:59,2.279,200
2022-04-16,23:59:59,1.774,200
2022-06-07,23:59:59,6.662,200
2023-07-23,23:59:59,13.310,200
2023-08-28,23:59:59,13.431,200
2024-04-14,23:59:59,1.119,200
2024-10-03,23:59:59,1.133,200
1980-04-05,23:59:59,2.920,200
1980-05-19,23:59:59,17.299,200
1980-11-13,23:59:59,9.843,200
1981-02-07,23:59:59,1.436,200
1981-03-28,23:59:59,6.942,200
1982-01-14,23:59:59,0.529,200
1982-03-30,23:59:59,0.633,200
1982-07-26,23:59:59,18.509,200
1983-04-20,23:59:59,12.924,200
1983-05-05,23:59:59,5.862,200
1983-08-19,23:59:59,14.172,200
1984-03-10,23:59:59,20.427,200
1984-03-22,23:59:59,3.864,200
1984-11-08,23:59:59,0.697,200
1985-01-03,23:59:59,18.704,200
1985-06-08,23:59:59,19.338,200
1985-08-24,23:59:59,5.227,200
1985-11-12,23:59:59,0.690,200
1986-06-01,23:59:59,11.307,200
1986-06-02,23:59:59,8.029,200
1987-10-06,23:59:59,0.595,200
1987-12-12,23:59:59,4.584,200
1988-01-22,23:59:59,3.210,200
1988-03-20,23:59:59,2.512,200
1988-07-12,23:59:59,0.642,200
1989-06-02,23:59:59,2.438,200
1989-06-10,23:59:59,7.918,200
1989-09-12,23:59:59,15.981,200
1990-01-25,23:59:59,0.556,200
1990-10-10,23:59:59,2.555,200
1990-11-03,23:59:59,0.581,200
1992-01-27,23:59:59,3.416,200
1992-03-25,23:59:59,2.590,200
1992-06-06,23:59:59,17.150,200
1992-12-21,23:59:59,0.779,200
1993-01-23,23:59:59,0.848,200
1993-09-14,23:59:59,16.112,200
1994-09-16,23:59:59,1.881,200
1996-02-08,23:59:59,11.286,200
1996-06-06,23:59:59,0.964,200
1996-06-23,23:59:59,11.125,200
1996-08-08,23:59:59,4.431,200
1996-09-24,23:59:59,4.896,200
1997-07-30,23:59:59,7.532,200
1997-09-01,23:59:59,0.714,200
1997-11-23,23:59:59,0.763,200
1998-10-08,23:59:59,4.631,200
1999-06-30,23:59:59,17.121,200
2001-09-14,23:59:59,0.761,200
2002-08-01,23:59:59,16.991,200
2003-12-18,23:59:59,0.877,200
2004-03-04,23:59:59,14.793,200
2005-06-08,23:59:59,17.054,200
2005-10-19,23:59:59,0.995,200
2006-04-15,23:59:59,6.991,200
2006-09-05,23:59:59,1.001,200
2006-10-01,23:59:59,1.044,200
2007-03-14,23:59:59,9.340,200
2007-08-23,23:59:59,1.095,200
2008-03-10,23:59:59,1.520,200
2008-10-29,23:59:59,1.179,200
2010-09-03,23:59:59,4.764,200
2011-09-27,23:59:59,3.486,200
2012-01-29,23:59:59,4.098,200
2013-01-11,23:59:59,3.178,200
2013-02-05,23:59:59,5.609,200
2014-01-20,23:59:59,1.598,200
2015-09-24,23:59:59,4.955,200
2015-10-02,23:59:59,2.920,200
2016-09-02,23:59:59,4.422,200
2017-05-29,23:59:59,6.401,200
2017-06-12,23:59:59,10.910,200
2017-06-18,23:59:59,1.058,200
2017-06-21,23:59:59,1.031,200
2017-10-07,23:59:59,1.024,200
2017-11-26,23:59:59,5.247,200
2017-12-26,23:59:59,2.464,200
2018-12-01,23:59:59,2.138,200
2019-03-06,23:59:59,16.971,200
2019-05-06,23:59:59,7.092,200
2020-04-09,23:59:59,14.509,200
2020-07-19,23:59:59,3.785,200
2021-01-20,23:59:59,1.072,200
2022-07-05,23:59:59,5.045,200
2024-01-25,23:59:59,1.099,200
2024-02-06,23:59:59,1.097,200
2024-02-14,23:59:59,1.099,200
2024-03-07,23:59:59,1.226,200
2024-04-06,23:59:59,4.628,200
2024-12-07,23:59:59,4.382,200
1981-04-03,23:59:59,6.718,200
1981-08-26,23:59:59,19.791,200
1981-12-19,23:59:59,0.623,200
1982-03-27,23:59:59,0.642,200
1982-04-12,23:59:59,5.009,200
1982-09-11,23:59:59,0.701,200
1982-12-05,23:59:59,0.511,200
1984-07-29,23:59:59,18.612,200
1984-11-26,23:59:59,0.698,200
1984-12-28,23:59:59,14.980,200
1985-04-02,23:59:59,2.828,200
1985-08-02,23:59:59,13.118,200
1986-02-24,23:59:59,0.800,200
1987-01-12,23:59:59,0.643,200
1987-11-04,23:59:59,0.623,200
1987-12-30,23:59:59,4.463,200
1988-02-24,23:59:59,9.404,200
1988-06-09,23:59:59,7.565,200
1988-07-30,23:59:59,7.806,200
1989-05-01,23:59:59,0.693,200
1990-02-16,23:59:59,0.566,200
1991-01-08,23:59:59,12.578,200
1991-03-14,23:59:59,2.494,200
1991-04-10,23:59:59,0.645,200
1991-11-20,23:59:59,4.650,200
1992-08-01,23:59:59,0.704,200
1994-04-26,23:59:59,13.497,200
1994-11-06,23:59:59,0.851,200
1995-02-03,23:59:59,7.878,200
1995-03-01,23:59:59,17.039,200
1995-03-16,23:59:59,0.897,200
1995-04-08,23:59:59,0.943,200
1995-08-01,23:59:59,15.201,200
1997-08-04,23:59:59,16.982,200
1997-10-08,23:59:59,0.695,200
1997-11-17,23:59:59,0.754,200
1998-02-02,23:59:59,2.412,200
1998-09-07,23:59:59,10.706,200
1998-12-17,23:59:59,5.365,200
1999-01-06,23:59:59,2.969,200
1999-05-11,23:59:59,17.281,200
2001-02-01,23:59:59,12.968,200
2001-07-27,23:59:59,5.821,200
2003-01-05,23:59:59,7.318,200
2003-07-19,23:59:59,13.561,200
2004-06-19,23:59:59,2.004,200
2004-08-06,23:59:59,16.218,200
2005-04-19,23:59:59,1.048,200
2005-12-16,23:59:59,1.011,200
2006-05-30,23:59:59,1.028,200
2006-11-03,23:59:59,1.041,200
2007-02-20,23:59:59,1.073,200
2007-03-23,23:59:59,6.730,200
2007-08-21,23:59:59,1.109,200
2008-04-12,23:59:59,7.212,200
2008-05-26,23:59:59,6.518,200
2008-10-13,23:59:59,1.140,200
2008-10-28,23:59:59,1.172,200
2009-05-12,23:59:59,9.081,200
2009-06-04,23:59:59,3.570,200
2010-03-29,23:59:59,5.907,200
2010-10-30,23:59:59,2.235,200
2010-11-20,23:59:59,2.772,200
2012-03-14,23:59:59,1.199,200
2012-07-23,23:59:59,7.024,200
2012-12-09,23:59:59,4.052,200
2013-10-30,23:59:59,1.076,200
2014-04-14,23:59:59,15.883,200
2014-07-25,23:59:59,16.617,200
2014-09-30,23:59:59,5.065,200
2014-11-11,23:59:59,0.987,200
2015-06-15,23:59:59,1.063,200
2015-09-19,23:59:59,1.013,200
2017-02-09,23:59:59,0.978,200
2017-04-30,23:59:59,6.973,200
2017-07-28,23:59:59,7.425,200
2017-08-05,23:59:59,2.025,200
2018-09-15,23:59:59,1.967,200
2019-01-20,23:59:59,1.041,200
2019-07-22,23:59:59,11.863,200
2019-11-11,23:59:59,1.017,200
2022-06-15,23:59:59,1.026,200
2022-10-28,23:59:59,1.134,200
2023-05-22,23:59:59,1.089,200
2023-07-19,23:59:59,10.655,200
2023-11-21,23:59:59,1.630,200
2023-11-23,23:59:59,2.715,200
1980-09-09,23:59:59,8.174,200
1981-01-01,23:59:59,1.362,200
1981-05-10,23:59:59,6.498,200
1981-09-03,23:59:59,18.248,200
1981-09-23,23:59:59,8.950,200
1983-06-26,23:59:59,5.518,200
1983-10-18,23:59:59,6.919,200
1984-03-12,23:59:59,12.995,200
1985-10-06,23:59:59,0.731,200
1986-08-03,23:59:59,19.064,200
1986-12-04,23:59:59,0.660,200
1988-04-21,23:59:59,1.857,200
1988-06-17,23:59:59,7.672,200
1988-12-17,23:59:59,4.584,200
1989-09-16,23:59:59,15.616,200
1992-09-29,23:59:59,9.269,200
1992-12-08,23:59:59,0.769,200
1992-12-17,23:59:59,0.778,200
1992-12-27,23:59:59,0.791,200
1993-02-20,23:59:59,3.473,200
1993-03-05,23:59:59,0.888,200
1993-10-10,23:59:59,0.673,200
1994-09-22,23:59:59,8.637,200
1995-03-25,23:59:59,0.917,200
1995-04-25,23:59:59,0.949,200
1995-09-20,23:59:59,0.860,200
1995-10-10,23:59:59,0.908,200
1996-09-12,23:59:59,4.267,200
1997-07-07,23:59:59,17.142,200
1998-10-20,23:59:59,11.326,200
1998-11-25,23:59:59,1.650,200
1999-01-30,23:59:59,8.220,200
1999-09-08,23:59:59,0.744,200
2000-04-12,23:59:59,1.277,200
2000-06-19,23:59:59,3.448,200
2000-07-25,23:59:59,14.565,200
2000-10-27,23:59:59,8.534,200
2000-12-26,23:59:59,0.855,200
2001-10-01,23:59:59,0.774,200
2002-11-16,23:59:59,4.230,200
2002-12-22,23:59:59,5.554,200
2004-01-29,23:59:59,0.875,200
2006-08-11,23:59:59,14.673,200
2007-02-09,23:59:59,2.897,200
2007-08-10,23:59:59,6.683,200
2007-08-17,23:59:59,3.315,200
2007-10-18,23:59:59,1.212,200
2007-10-20,23:59:59,1.217,200
2008-01-15,23:59:59,1.066,200
2008-05-14,23:59:59,8.558,200
2008-05-27,23:59:59,8.594,200
2010-02-09,23:59:59,2.880,200
2010-07-11,23:59:59,14.111,200
2010-09-02,23:59:59,4.341,200
2010-10-06,23:59:59,1.106,200
2010-11-09,23:59:59,4.890,200
2010-12-02,23:59:59,4.353,200
2011-07-16,23:59:59,7.025,200
2011-10-25,23:59:59,1.119,200
2012-03-18,23:59:59,1.201,200
2012-10-19,23:59:59,0.349,200
2013-10-29,23:59:59,1.076,200
2014-08-21,23:59:59,16.780,200
2014-12-29,23:59:59,2.891,200
2015-01-05,23:59:59,1.026,200
2016-01-19,23:59:59,4.765,200
2016-05-05,23:59:59,12.908,200
2016-08-11,23:59:59,6.203,200
2016-09-20,23:59:59,2.999,200
2016-12-08,23:59:59,1.018,200
2017-06-11,23:59:59,6.765,200
2017-08-21,23:59:59,4.561,200
2018-11-16,23:59:59,1.005,200
2019-07-11,23:59:59,17.144,200
2020-12-04,23:59:59,1.034,200
2021-03-18,23:59:59,4.963,200
2021-03-19,23:59:59,4.732,200
2021-04-14,23:59:59,7.161,200
2022-02-13,23:59:59,1.193,200
2022-05-08,23:59:59,7.536,200
2022-07-10,23:59:59,4.987,200
2023-02-24,23:59:59,6.038,200
2023-09-02,23:59:59,3.879,200
2023-12-25,23:59:59,1.079,200
2024-10-28,23:59:59,1.080,200
2024-10-29,23:59:59,1.079,200
1980-06-05,23:59:59,1.531,200
1981-07-14,23:59:59,13.643,200
1981-10-22,23:59:59,0.733,200
1983-02-15,23:59:59,0.683,200
1983-04-17,23:59:59,8.919,200
1983-07-03,23:59:59,3.299,200
1984-12-29,23:59:59,19.016,200
1985-02-13,23:59:59,0.839,200
1985-06-16,23:59:59,19.099,200
1985-09-03,23:59:59,11.990,200
1986-02-20,23:59:59,0.791,200
1986-05-22,23:59:59,4.427,200
1986-08-29,23:59:59,18.860,200
1986-10-15,23:59:59,0.624,200
1987-01-09,23:59:59,0.643,200
1987-01-21,23:59:59,0.656,200
1987-05-25,23:59:59,4.294,200
1987-07-28,23:59:59,16.468,200
1987-11-19,23:59:59,4.577,200
1988-05-02,23:59:59,2.421,200
1988-05-21,23:59:59,7.774,200
1988-06-16,23:59:59,7.683,200
1989-01-19,23:59:59,6.380,200
1989-09-30,23:59:59,13.553,200
1990-02-14,23:59:59,0.559,200
1990-04-20,23:59:59,0.611,200
1991-09-08,23:59:59,7.211,200
1991-11-19,23:59:59,3.555,200
1992-03-11,23:59:59,0.847,200
1992-06-22,23:59:59,16.892,200
1993-04-15,23:59:59,0.852,200
1993-11-19,23:59:59,0.678,200
1994-04-24,23:59:59,11.695,200
1994-10-06,23:59:59,12.559,200
1994-10-28,23:59:59,8.775,200
1996-04-02,23:59:59,6.446,200
1996-09-02,23:59:59,6.932,200
1997-08-24,23:59:59,0.709,200
1998-04-15,23:59:59,8.626,200
1999-09-10,23:59:59,0.739,200
2000-11-12,23:59:59,9.333,200
2001-01-18,23:59:59,8.459,200
2001-10-22,23:59:59,0.780,200
2002-04-30,23:59:59,8.637,200
2002-06-01,23:59:59,8.538,200
2002-07-14,23:59:59,13.969,200
2002-09-26,23:59:59,1.376,200
2002-11-01,23:59:59,4.612,200
2004-02-03,23:59:59,0.861,200
2005-06-14,23:59:59,16.566,200
2006-07-14,23:59:59,11.581,200
2007-07-02,23:59:59,1.052,200
2007-08-29,23:59:59,2.637,200
2008-01-22,23:59:59,1.091,200
2008-03-05,23:59:59,1.156,200
2009-05-15,23:59:59,9.100,200
2010-07-13,23:59:59,16.495,200
2011-03-08,23:59:59,2.784,200
2011-04-27,23:59:59,1.415,200
2011-12-06,23:59:59,1.123,200
2013-11-30,23:59:59,1.140,200
2013-12-23,23:59:59,1.188,200
2014-02-19,23:59:59,16.502,200
2014-12-14,23:59:59,1.407,200
2015-02-22,23:59:59,8.149,200
2015-07-29,23:59:59,16.302,200
2017-03-18,23:59:59,1.188,200
2017-04-22,23:59:59,5.784,200
2017-07-21,23:59:59,1.869,200
2019-04-18,23:59:59,1.047,200
2020-11-02,23:59:59,0.924,200
2021-05-24,23:59:59,7.800,200
2021-11-03,23:59:59,8.107,200
2022-03-07,23:59:59,4.576,200
2023-12-30,23:59:59,1.067,200
2024-04-12,23:59:59,1.123,200
1980-01-15,23:59:59,1.436,200
1980-08-25,23:59:59,8.665,200
1981-01-27,23:59:59,1.467,200
1982-05-01,23:59:59,19.372,200
1982-08-11,23:59:59,17.758,200
1982-11-26,23:59:59,0.498,200
1983-07-07,23:59:59,5.195,200
1984-01-01,23:59:59,5.376,200
1984-08-16,23:59:59,0.652,200
1984-12-22,23:59:59,19.753,200
1985-01-01,23:59:59,18.814,200
1985-01-30,23:59:59,18.016,200
1986-02-10,23:59:59,0.762,200
1986-04-23,23:59:59,3.643,200
1986-06-14,23:59:59,19.896,200
1986-06-17,23:59:59,8.704,200
1986-09-28,23:59:59,0.648,200
1986-10-23,23:59:59,0.678,200
1987-01-27,23:59:59,0.720,200
1987-03-02,23:59:59,3.643,200
1988-03-10,23:59:59,0.733,200
1988-10-17,23:59:59,17.477,200
1989-05-25,23:59:59,2.448,200
1990-01-02,23:59:59,0.537,200
1990-03-12,23:59:59,0.605,200
1991-02-09,23:59:59,9.480,200
1991-12-25,23:59:59,4.127,200
1992-07-26,23:59:59,0.722,200
1993-06-08,23:59:59,2.452,200
1993-06-13,23:59:59,17.285,200
1993-09-12,23:59:59,16.274,200
1994-04-22,23:59:59,11.724,200
1994-05-23,23:59:59,11.753,200
1995-09-25,23:59:59,0.866,200
1996-06-09,23:59:59,0.890,200
1997-05-09,23:59:59,9.869,200
1998-10-27,23:59:59,16.918,200
1999-03-05,23:59:59,5.961,200
1999-12-01,23:59:59,8.459,200
2000-07-03,23:59:59,17.305,200
2000-12-08,23:59:59,5.241,200
2002-05-31,23:59:59,15.188,200
2002-06-16,23:59:59,0.843,200
2002-12-25,23:59:59,6.919,200
2003-01-04,23:59:59,6.909,200
2003-07-13,23:59:59,15.575,200
2004-10-07,23:59:59,10.290,200
2004-12-28,23:59:59,0.671,200
2005-02-11,23:59:59,10.982,200
2005-04-25,23:59:59,8.245,200
2005-11-04,23:59:59,3.428,200
2007-01-01,23:59:59,1.125,200
2008-03-17,23:59:59,4.104,200
2008-11-06,23:59:59,1.098,200
2009-06-29,23:59:59,16.561,200
2009-07-04,23:59:59,16.231,200
2009-07-06,23:59:59,16.918,200
2009-09-12,23:59:59,1.249,200
2011-01-16,23:59:59,4.843,200
2011-04-05,23:59:59,7.256,200
2012-01-08,23:59:59,2.711,200
2013-08-19,23:59:59,13.996,200
2013-11-23,23:59:59,1.176,200
2014-01-10,23:59:59,1.555,200
2014-07-22,23:59:59,16.592,200
2014-12-02,23:59:59,2.444,200
2015-03-30,23:59:59,10.068,200
2015-06-19,23:59:59,1.116,200
2016-03-04,23:59:59,2.353,200
2016-07-02,23:59:59,16.800,200
2017-04-18,23:59:59,11.547,200
2017-08-28,23:59:59,2.968,200
2018-02-13,23:59:59,5.064,200
2019-05-03,23:59:59,3.665,200
2019-05-08,23:59:59,10.573,200
2019-05-20,23:59:59,8.662,200
2020-02-13,23:59:59,2.669,200
2021-07-29,23:59:59,11.047,200
2022-01-26,23:59:59,6.422,200
2023-07-26,23:59:59,15.316,200
2024-02-11,23:59:59,1.094,200
2024-03-20,23:59:59,6.706,200
2024-04-26,23:59:59,1.636,200
2024-07-03,23:59:59,4.410,200
1980-06-03,23:59:59,1.531,200
1981-05-09,23:59:59,6.498,200
1982-06-16,23:59:59,19.022,200
1982-10-27,23:59:59,0.492,200
1985-07-11,23:59:59,0.682,200
1986-06-19,23:59:59,7.031,200
1987-05-02,23:59:59,3.682,200
1987-06-26,23:59:59,5.339,200
1988-03-18,23:59:59,6.746,200
1990-02-20,23:59:59,0.570,200
1990-12-30,23:59:59,0.599,200
1991-04-26,23:59:59,3.189,200
1991-11-16,23:59:59,1.747,200
1992-08-30,23:59:59,4.791,200
1993-12-08,23:59:59,0.692,200
1994-04-28,23:59:59,10.818,200
1994-06-07,23:59:59,0.917,200
1994-07-05,23:59:59,4.532,200
1995-01-07,23:59:59,8.378,200
1995-01-17,23:59:59,3.310,200
1995-04-10,23:59:59,0.946,200
1995-04-22,23:59:59,0.946,200
1995-12-11,23:59:59,17.384,200
1996-12-29,23:59:59,1.494,200
1998-07-02,23:59:59,5.836,200
1998-10-26,23:59:59,16.912,200
2000-03-18,23:59:59,1.402,200
2000-07-19,23:59:59,11.856,200
2003-08-13,23:59:59,1.293,200
2003-11-06,23:59:59,0.769,200
2004-03-31,23:59:59,1.638,200
2004-04-15,23:59:59,2.250,200
2004-06-03,23:59:59,16.979,200
2004-07-01,23:59:59,1.167,200
2004-07-26,23:59:59,17.104,200
2004-10-15,23:59:59,0.778,200
2004-11-15,23:59:59,0.629,200
2005-05-16,23:59:59,5.210,200
2005-11-26,23:59:59,1.274,200
2006-10-24,23:59:59,1.211,200
2007-02-28,23:59:59,1.903,200
2007-05-21,23:59:59,7.127,200
2007-07-16,23:59:59,16.707,200
2008-05-15,23:59:59,8.543,200
2010-09-23,23:59:59,1.103,200
2012-01-14,23:59:59,2.082,200
2013-07-29,23:59:59,10.188,200
2014-01-30,23:59:59,5.146,200
2014-04-18,23:59:59,3.151,200
2014-07-06,23:59:59,9.428,200
2016-09-22,23:59:59,3.939,200
2017-10-30,23:59:59,4.380,200
2018-12-29,23:59:59,1.020,200
2020-02-23,23:59:59,3.156,200
2021-09-18,23:59:59,1.096,200
2021-11-26,23:59:59,3.140,200
2021-12-17,23:59:59,9.822,200
2022-11-01,23:59:59,1.080,200
2023-12-14,23:59:59,8.916,200
1980-02-24,23:59:59,5.560,200
1980-07-04,23:59:59,1.929,200
1980-09-24,23:59:59,13.473,200
1980-11-04,23:59:59,13.552,200
1981-03-12,23:59:59,8.529,200
1981-04-29,23:59:59,6.792,200
1981-08-11,23:59:59,13.060,200
1983-04-10,23:59:59,0.660,200
1983-09-18,23:59:59,2.412,200
1984-11-11,23:59:59,0.690,200
1985-12-15,23:59:59,4.485,200
1985-12-30,23:59:59,20.319,200
1986-03-25,23:59:59,2.887,200
1988-06-24,23:59:59,7.600,200
1988-12-12,23:59:59,6.087,200
1989-08-13,23:59:59,15.960,200
1989-10-28,23:59:59,3.086,200
1990-01-28,23:59:59,0.556,200
1990-08-04,23:59:59,15.754,200
1991-03-26,23:59:59,15.802,200
1991-04-09,23:59:59,0.649,200
1991-04-24,23:59:59,3.189,200
1991-09-17,23:59:59,0.550,200
1992-10-17,23:59:59,0.690,200
1992-11-27,23:59:59,0.755,200
1994-01-12,23:59:59,0.790,200
1994-08-23,23:59:59,8.020,200
1995-08-27,23:59:59,0.816,200
1995-09-11,23:59:59,12.784,200
1997-05-22,23:59:59,9.324,200
1998-04-05,23:59:59,8.574,200
1998-11-06,23:59:59,4.427,200
1999-03-17,23:59:59,7.206,200
1999-06-10,23:59:59,11.506,200
1999-08-08,23:59:59,8.599,200
2000-01-23,23:59:59,2.033,200
2000-02-13,23:59:59,0.833,200
2001-10-27,23:59:59,0.784,200
2002-06-13,23:59:59,12.923,200
2002-09-28,23:59:59,2.386,200
2002-11-06,23:59:59,3.029,200
2003-11-11,23:59:59,0.775,200
2004-11-14,23:59:59,0.615,200
2005-01-24,23:59:59,0.718,200
2005-06-09,23:59:59,16.973,200
2006-03-10,23:59:59,1.216,200
2007-02-11,23:59:59,3.141,200
2007-04-05,23:59:59,11.401,200
2007-05-31,23:59:59,4.142,200
2008-02-24,23:59:59,1.135,200
2010-07-14,23:59:59,16.695,200
2010-08-02,23:59:59,4.347,200
2010-11-26,23:59:59,4.870,200
2011-03-05,23:59:59,2.787,200
2011-05-07,23:59:59,8.417,200
2011-07-18,23:59:59,6.719,200
2012-02-01,23:59:59,2.751,200
2012-09-05,23:59:59,3.274,200
2012-09-27,23:59:59,1.245,200
2012-10-04,23:59:59,0.429,200
2013-06-05,23:59:59,1.077,200
2013-08-28,23:59:59,16.759,200
2013-09-08,23:59:59,6.883,200
2014-03-22,23:59:59,3.221,200
2014-11-01,23:59:59,2.642,200
2015-08-02,23:59:59,5.641,200
2015-08-28,23:59:59,11.736,200
2015-08-31,23:59:59,8.662,200
2015-09-16,23:59:59,1.420,200
2016-05-14,23:59:59,1.120,200
2016-06-21,23:59:59,9.232,200
2018-01-19,23:59:59,4.945,200
2018-07-25,23:59:59,1.029,200
2020-06-07,23:59:59,16.933,200
2021-04-18,23:59:59,5.646,200
2021-11-04,23:59:59,10.755,200
2022-11-14,23:59:59,16.240,200
2023-01-03,23:59:59,2.975,200
2023-02-10,23:59:59,1.093,200
2024-12-09,23:59:59,7.144,200
1980-07-28,23:59:59,8.665,200
1981-05-18,23:59:59,6.462,200
1981-11-19,23:59:59,0.620,200
1983-02-16,23:59:59,0.697,200
1984-01-03,23:59:59,4.447,200
1986-05-17,23:59:59,4.433,200
1986-09-29,23:59:59,0.642,200
1986-10-21,23:59:59,0.677,200
1986-11-26,23:59:59,12.348,200
1987-08-22,23:59:59,15.456,200
1988-03-08,23:59:59,0.729,200
1988-06-21,23:59:59,7.641,200
1988-06-26,23:59:59,7.583,200
1990-03-29,23:59:59,0.603,200
1990-07-07,23:59:59,3.874,200
1991-04-13,23:59:59,0.637,200
1991-09-14,23:59:59,0.573,200
1992-05-01,23:59:59,5.800,200
1992-05-15,23:59:59,1.501,200
1992-06-17,23:59:59,16.753,200
1992-08-20,23:59:59,3.618,200
1993-03-24,23:59:59,1.098,200
1994-05-05,23:59:59,1.678,200
1996-03-13,23:59:59,3.041,200
1996-09-19,23:59:59,0.793,200
1996-11-13,23:59:59,17.458,200
1996-12-20,23:59:59,1.483,200
1997-04-07,23:59:59,0.844,200
1998-03-08,23:59:59,11.472,200
1998-03-28,23:59:59,5.084,200
1999-04-15,23:59:59,2.869,200
2000-02-22,23:59:59,0.833,200
2000-05-27,23:59:59,5.018,200
2001-06-20,23:59:59,3.260,200
2001-08-02,23:59:59,0.753,200
2001-10-04,23:59:59,0.770,200
2002-04-24,23:59:59,7.499,200
2002-07-05,23:59:59,15.269,200
2006-01-24,23:59:59,1.060,200
2006-06-13,23:59:59,7.480,200
2006-11-09,23:59:59,1.051,200
2006-11-10,23:59:59,1.052,200
2007-10-15,23:59:59,1.187,200
2007-12-31,23:59:59,1.100,200
2008-06-06,23:59:59,16.811,200
2008-09-04,23:59:59,1.044,200
2008-12-27,23:59:59,2.058,200
2009-07-11,23:59:59,16.420,200
2010-06-19,23:59:59,7.057,200
2010-08-11,23:59:59,16.444,200
2011-08-30,23:59:59,1.939,200
2011-12-10,23:59:59,1.125,200
2012-06-05,23:59:59,4.474,200
2012-08-01,23:59:59,13.899,200
2012-10-06,23:59:59,0.989,200
2012-10-07,23:59:59,0.992,200
2013-03-16,23:59:59,13.034,200
2013-11-02,23:59:59,2.514,200
2014-05-18,23:59:59,13.274,200
2015-12-17,23:59:59,0.998,200
2016-08-13,23:59:59,12.882,200
2016-10-17,23:59:59,0.963,200
2017-03-01,23:59:59,16.035,200
2018-05-02,23:59:59,1.897,200
2018-05-30,23:59:59,16.497,200
2018-06-04,23:59:59,12.628,200
2018-11-17,23:59:59,1.007,200
2019-06-15,23:59:59,7.233,200
2019-10-17,23:59:59,0.925,200
2020-10-07,23:59:59,0.951,200
2021-06-26,23:59:59,1.117,200
2023-04-28,23:59:59,17.176,200
2024-01-06,23:59:59,2.371,200
2024-01-17,23:59:59,4.970,200
2024-09-05,23:59:59,1.074,200
1980-01-04,23:59:59,1.320,200
1981-01-06,23:59:59,1.362,200
1982-07-31,23:59:59,18.283,200
1983-09-19,23:59:59,4.460,200
1983-09-28,23:59:59,0.816,200
1984-06-01,23:59:59,8.864,200
1984-08-02,23:59:59,4.121,200
1985-01-27,23:59:59,18.200,200
1986-03-04,23:59:59,5.136,200
1986-12-18,23:59:59,1.322,200
1987-06-30,23:59:59,4.684,200
1987-08-10,23:59:59,15.914,200
1987-10-09,23:59:59,0.595,200
1988-05-16,23:59:59,7.816,200
1989-04-05,23:59:59,3.978,200
1989-06-11,23:59:59,7.904,200
1989-09-14,23:59:59,15.807,200
1990-11-17,23:59:59,0.594,200
1991-06-26,23:59:59,11.861,200
1991-07-13,23:59:59,11.587,200
1991-08-01,23:59:59,16.439,200
1991-10-23,23:59:59,0.430,200
1992-02-07,23:59:59,0.619,200
1993-10-20,23:59:59,0.677,200
1993-10-24,23:59:59,3.939,200
1994-07-01,23:59:59,8.245,200
1994-08-26,23:59:59,7.913,200
1994-10-01,23:59:59,5.669,200
1994-11-08,23:59:59,0.851,200
1995-06-19,23:59:59,12.608,200
1995-06-30,23:59:59,10.894,200
1995-07-03,23:59:59,8.811,200
1995-07-18,23:59:59,5.682,200
1996-06-25,23:59:59,9.693,200
1996-08-28,23:59:59,6.619,200
1997-06-10,23:59:59,17.107,200
1997-08-19,23:59:59,0.738,200
1998-05-13,23:59:59,8.598,200
1998-10-10,23:59:59,0.830,200
1998-12-09,23:59:59,3.570,200
1999-06-05,23:59:59,0.853,200
2000-03-12,23:59:59,3.526,200
2000-08-28,23:59:59,16.548,200
2002-03-18,23:59:59,3.601,200
2002-05-23,23:59:59,9.347,200
2002-12-15,23:59:59,0.857,200
2003-06-07,23:59:59,8.514,200
2004-02-27,23:59:59,5.262,200
2005-07-19,23:59:59,8.339,200
2005-09-17,23:59:59,0.988,200
2005-09-29,23:59:59,0.987,200
2006-07-31,23:59:59,13.878,200
2006-11-19,23:59:59,1.093,200
2007-02-01,23:59:59,4.219,200
2007-09-13,23:59:59,3.763,200
2008-06-21,23:59:59,16.514,200
2008-06-30,23:59:59,2.132,200
2009-03-04,23:59:59,2.874,200
2009-06-19,23:59:59,16.923,200
2009-10-12,23:59:59,1.199,200
2010-01-28,23:59:59,4.650,200
2010-08-28,23:59:59,8.630,200
2010-10-03,23:59:59,1.102,200
2011-02-13,23:59:59,16.895,200
2011-06-07,23:59:59,2.732,200
2011-07-08,23:59:59,6.616,200
2012-01-04,23:59:59,1.949,200
2012-12-22,23:59:59,1.032,200
2014-01-22,23:59:59,1.578,200
2014-12-07,23:59:59,3.791,200
2014-12-10,23:59:59,4.903,200
2015-07-07,23:59:59,12.420,200
2017-07-15,23:59:59,3.791,200
2018-12-10,23:59:59,1.021,200
2019-02-03,23:59:59,5.117,200
2019-09-10,23:59:59,4.476,200
2020-03-23,23:59:59,10.736,200
2020-05-05,23:59:59,1.322,200
2021-08-05,23:59:59,11.795,200
2022-04-13,23:59:59,6.716,200
2023-01-14,23:59:59,3.011,200
2023-04-26,23:59:59,14.119,200
2023-04-29,23:59:59,17.091,200
2024-02-18,23:59:59,2.588,200
1980-06-08,23:59:59,0.733,200
1980-08-13,23:59:59,8.665,200
1980-09-29,23:59:59,13.473,200
1980-11-01,23:59:59,18.565,200
1981-06-05,23:59:59,6.354,200
1982-06-24,23:59:59,18.436,200
1982-10-10,23:59:59,17.843,200
1982-12-12,23:59:59,0.532,200
1983-03-23,23:59:59,0.628,200
1983-09-29,23:59:59,0.813,200
1983-11-28,23:59:59,12.454,200
1984-02-07,23:59:59,8.555,200
1984-04-14,23:59:59,4.572,200
1984-06-13,23:59:59,19.119,200
1984-11-18,23:59:59,0.669,200
1984-11-19,23:59:59,0.678,200
1985-04-26,23:59:59,0.857,200
1986-04-06,23:59:59,10.796,200
1986-11-12,23:59:59,0.642,200
1987-01-07,23:59:59,0.643,200
1987-02-21,23:59:59,3.624,200
1988-07-02,23:59:59,0.653,200
1988-07-21,23:59:59,0.643,200
1989-04-07,23:59:59,3.973,200
1989-07-11,23:59:59,5.670,200
1991-03-30,23:59:59,7.800,200
1991-08-03,23:59:59,16.415,200
1991-10-28,23:59:59,1.674,200
1992-01-17,23:59:59,2.818,200
1992-08-06,23:59:59,0.715,200
1992-08-12,23:59:59,0.719,200
1993-02-24,23:59:59,4.935,200
1993-05-08,23:59:59,7.623,200
1994-07-29,23:59:59,11.286,200
1995-02-17,23:59:59,15.442,200
1996-02-18,23:59:59,3.704,200
1996-05-09,23:59:59,17.044,200
1996-05-26,23:59:59,1.853,200
1996-06-02,23:59:59,8.206,200
1996-09-05,23:59:59,2.487,200
1997-07-22,23:59:59,16.858,200
1998-08-30,23:59:59,12.673,200
1998-09-13,23:59:59,5.266,200
1999-08-03,23:59:59,17.167,200
1999-12-25,23:59:59,2.021,200
1999-12-29,23:59:59,2.026,200
2000-02-18,23:59:59,0.831,200
2000-04-02,23:59:59,4.231,200
2000-06-14,23:59:59,14.839,200
2000-08-14,23:59:59,15.257,200
2000-12-29,23:59:59,0.872,200
2001-04-28,23:59:59,0.833,200
2001-06-30,23:59:59,4.244,200
2002-03-01,23:59:59,3.583,200
2003-06-19,23:59:59,16.774,200
2003-09-18,23:59:59,0.738,200
2004-05-16,23:59:59,5.249,200
2004-10-08,23:59:59,6.172,200
2005-10-06,23:59:59,1.019,200
2006-09-30,23:59:59,1.038,200
2007-03-07,23:59:59,9.382,200
2008-10-14,23:59:59,1.140,200
2008-10-20,23:59:59,1.153,200
2010-05-18,23:59:59,1.298,200
2010-10-24,23:59:59,1.246,200
2011-02-10,23:59:59,17.041,200
2011-06-23,23:59:59,13.469,200
2011-10-18,23:59:59,2.025,200
2012-04-06,23:59:59,2.773,200
2012-05-29,23:59:59,2.708,200
2012-05-31,23:59:59,4.120,200
2012-10-27,23:59:59,0.495,200
2013-01-08,23:59:59,10.617,200
2013-11-13,23:59:59,1.173,200
2014-06-10,23:59:59,1.867,200
2014-07-20,23:59:59,16.188,200
2014-09-12,23:59:59,7.697,200
2014-09-17,23:59:59,5.113,200
2014-10-09,23:59:59,4.864,200
2015-01-23,23:59:59,5.223,200
2015-02-13,23:59:59,9.034,200
2015-02-21,23:59:59,8.148,200
2015-07-19,23:59:59,14.479,200
2015-08-18,23:59:59,7.263,200
2016-10-12,23:59:59,1.231,200
2017-04-10,23:59:59,12.439,200
2017-12-12,23:59:59,5.081,200
2018-01-13,23:59:59,1.905,200
2018-01-15,23:59:59,1.894,200
2020-01-14,23:59:59,2.001,200
2020-01-16,23:59:59,1.456,200
2020-06-15,23:59:59,16.897,200
2021-02-14,23:59:59,5.154,200
2021-06-09,23:59:59,10.201,200
2021-08-02,23:59:59,7.810,200
2021-09-14,23:59:59,1.109,200
2023-08-24,23:59:59,11.460,200
2023-08-25,23:59:59,11.437,200
2023-09-18,23:59:59,1.068,200
2024-08-06,23:59:59,8.513,200
2024-08-12,23:59:59,3.910,200
2024-09-22,23:59:59,1.101,200
2024-11-05,23:59:59,1.062,200
1980-09-19,23:59:59,13.473,200
1980-11-02,23:59:59,18.565,200
1981-01-02,23:59:59,1.362,200
1981-05-15,23:59:59,6.498,200
1981-08-07,23:59:59,13.060,200
1981-09-18,23:59:59,8.895,200
1981-11-06,23:59:59,0.550,200
1982-04-11,23:59:59,5.050,200
1982-04-16,23:59:59,4.955,200
1982-10-22,23:59:59,0.574,200
1983-11-13,23:59:59,12.489,200
1984-06-14,23:59:59,19.058,200
1985-03-15,23:59:59,3.256,200
1986-01-08,23:59:59,5.346,200
1986-02-08,23:59:59,0.763,200
1986-03-21,23:59:59,5.801,200
1986-09-20,23:59:59,1.790,200
1987-01-01,23:59:59,0.643,200
1987-02-18,23:59:59,3.625,200
1987-02-19,23:59:59,3.627,200
1987-03-09,23:59:59,5.834,200
1987-05-08,23:59:59,2.849,200
1989-01-14,23:59:59,3.930,200
1989-04-19,23:59:59,3.945,200
1989-09-07,23:59:59,16.194,200
1990-04-13,23:59:59,0.608,200
1991-01-26,23:59:59,5.413,200
1991-07-25,23:59:59,15.340,200
1991-11-05,23:59:59,3.723,200
1991-11-08,23:59:59,3.725,200
1994-08-15,23:59:59,4.659,200
1995-04-14,23:59:59,0.931,200
1995-10-02,23:59:59,0.897,200
1996-09-01,23:59:59,3.267,200
1996-11-19,23:59:59,17.082,200
1997-04-27,23:59:59,0.910,200
1997-09-04,23:59:59,0.714,200
1999-12-13,23:59:59,17.219,200
2000-10-05,23:59:59,1.573,200
2001-02-17,23:59:59,4.205,200
2001-09-04,23:59:59,1.914,200
2001-11-26,23:59:59,0.861,200
2002-09-27,23:59:59,1.586,200
2002-10-16,23:59:59,0.799,200
2003-01-06,23:59:59,8.781,200
2003-03-08,23:59:59,0.849,200
2003-04-15,23:59:59,11.300,200
2003-07-24,23:59:59,17.262,200
2003-07-31,23:59:59,16.726,200
2004-05-13,23:59:59,1.323,200
2005-02-21,23:59:59,4.713,200
2005-10-16,23:59:59,0.994,200
2006-03-09,23:59:59,4.904,200
2006-04-06,23:59:59,9.639,200
2006-07-07,23:59:59,15.466,200
2006-09-08,23:59:59,1.004,200
2008-04-09,23:59:59,10.231,200
2008-09-11,23:59:59,1.053,200
2009-10-11,23:59:59,4.557,200
2010-01-10,23:59:59,1.166,200
2010-03-15,23:59:59,2.006,200
2010-09-25,23:59:59,1.105,200
2011-05-04,23:59:59,15.212,200
2011-09-24,23:59:59,1.214,200
2012-04-12,23:59:59,9.402,200
2013-10-12,23:59:59,0.975,200
2014-03-07,23:59:59,9.063,200
2015-12-10,23:59:59,1.010,200
2016-04-01,23:59:59,1.927,200
2017-02-23,23:59:59,10.783,200
2017-06-15,23:59:59,6.284,200
2017-07-24,23:59:59,3.286,200
2017-09-25,23:59:59,1.040,200
2017-11-30,23:59:59,5.195,200
2017-12-19,23:59:59,2.850,200
2018-05-28,23:59:59,9.057,200
2018-07-24,23:59:59,1.031,200
2018-08-06,23:59:59,1.670,200
2019-02-06,23:59:59,7.279,200
2019-05-19,23:59:59,6.492,200
2020-05-21,23:59:59,15.353,200
2020-10-03,23:59:59,0.944,200
2020-12-05,23:59:59,2.682,200
2021-07-21,23:59:59,2.542,200
2021-08-28,23:59:59,1.217,200
2021-10-25,23:59:59,7.053,200
2022-06-14,23:59:59,1.030,200
2022-07-22,23:59:59,1.063,200
2022-09-03,23:59:59,7.490,200
2023-04-24,23:59:59,12.422,200
2023-10-23,23:59:59,6.642,200
2024-09-14,23:59:59,1.100,200
2024-10-01,23:59:59,1.107,200
2024-11-25,23:59:59,9.155,200
1980-04-22,23:59:59,13.074,200
1981-11-28,23:59:59,0.686,200
1982-10-23,23:59:59,0.574,200
1983-07-06,23:59:59,7.093,200
1986-07-06,23:59:59,3.776,200
1987-05-20,23:59:59,6.613,200
1987-06-19,23:59:59,7.897,200
1987-06-28,23:59:59,7.829,200
1987-08-14,23:59:59,15.764,200
1987-08-15,23:59:59,15.723,200
1987-12-19,23:59:59,4.568,200
1988-09-16,23:59:59,0.612,200
1989-04-06,23:59:59,3.976,200
1990-01-24,23:59:59,0.558,200
1990-01-27,23:59:59,0.560,200
1990-05-03,23:59:59,0.647,200
1990-05-11,23:59:59,0.649,200
1991-10-02,23:59:59,5.357,200
1991-12-14,23:59:59,3.159,200
1992-02-24,23:59:59,5.535,200
1992-06-05,23:59:59,17.303,200
1993-01-06,23:59:59,1.166,200
1993-11-21,23:59:59,0.677,200
1993-12-19,23:59:59,0.703,200
1994-01-19,23:59:59,0.804,200
1994-02-26,23:59:59,0.831,200
1994-06-05,23:59:59,0.918,200
1994-12-12,23:59:59,0.872,200
1995-03-07,23:59:59,4.411,200
1995-09-15,23:59:59,10.653,200
1995-10-22,23:59:59,9.676,200
1996-03-24,23:59:59,3.050,200
1997-03-07,23:59:59,1.661,200
1998-08-25,23:59:59,12.801,200
1998-10-23,23:59:59,15.683,200
2000-07-31,23:59:59,8.162,200
2001-01-22,23:59:59,10.684,200
2001-02-26,23:59:59,3.545,200
2001-06-25,23:59:59,2.699,200
2002-02-01,23:59:59,2.496,200
2002-09-03,23:59:59,1.899,200
2002-12-18,23:59:59,4.722,200
2003-08-09,23:59:59,1.334,200
2004-06-06,23:59:59,11.842,200
2005-07-08,23:59:59,15.828,200
2006-05-11,23:59:59,1.502,200
2006-08-30,23:59:59,2.343,200
2007-04-19,23:59:59,15.005,200
2009-02-06,23:59:59,1.179,200
2009-08-20,23:59:59,4.334,200
2009-09-24,23:59:59,4.795,200
2010-01-13,23:59:59,1.173,200
2011-05-08,23:59:59,4.365,200
2012-03-11,23:59:59,1.204,200
2012-06-30,23:59:59,13.753,200
2012-07-25,23:59:59,8.529,200
2012-09-18,23:59:59,1.225,200
2013-05-22,23:59:59,10.118,200
2014-06-22,23:59:59,16.041,200
2014-10-30,23:59:59,2.099,200
2015-05-09,23:59:59,1.135,200
2015-05-10,23:59:59,1.132,200
2015-06-02,23:59:59,10.244,200
2015-06-30,23:59:59,8.999,200
2015-09-02,23:59:59,4.273,200
2015-10-28,23:59:59,1.067,200
2016-03-07,23:59:59,1.020,200
2017-01-16,23:59:59,3.895,200
2017-05-01,23:59:59,9.061,200
2017-09-10,23:59:59,1.100,200
2017-12-04,23:59:59,9.669,200
2018-12-04,23:59:59,1.013,200
2019-01-17,23:59:59,1.036,200
2019-11-14,23:59:59,1.017,200
2020-06-08,23:59:59,16.499,200
2021-06-05,23:59:59,10.238,200
2021-11-24,23:59:59,3.147,200
2022-06-20,23:59:59,10.887,200
2022-07-07,23:59:59,5.027,200
2023-11-20,23:59:59,2.468,200
2024-01-31,23:59:59,1.106,200
2024-05-01,23:59:59,1.139,200
2024-08-14,23:59:59,6.592,200
2024-11-09,23:59:59,1.101,200
1980-02-08,23:59:59,5.560,200
1980-09-05,23:59:59,8.174,200
1980-12-18,23:59:59,1.362,200
1982-06-08,23:59:59,2.536,200
1983-05-15,23:59:59,12.365,200
1983-10-22,23:59:59,20.119,200
1984-05-04,23:59:59,4.565,200
1984-05-22,23:59:59,8.958,200
1985-04-30,23:59:59,0.815,200
1985-06-10,23:59:59,19.215,200
1986-01-11,23:59:59,3.931,200
1986-02-12,23:59:59,0.766,200
1986-07-12,23:59:59,3.742,200
1986-10-05,23:59:59,0.642,200
1986-10-24,23:59:59,0.680,200
1989-04-22,23:59:59,2.498,200
1991-02-01,23:59:59,11.572,200
1991-09-02,23:59:59,5.795,200
1991-09-30,23:59:59,11.695,200
1991-11-30,23:59:59,1.705,200
1992-07-17,23:59:59,2.880,200
1992-08-22,23:59:59,5.567,200
1993-01-18,23:59:59,0.826,200
1994-01-03,23:59:59,0.733,200
1994-06-14,23:59:59,8.373,200
1994-09-18,23:59:59,0.863,200
1995-02-21,23:59:59,17.660,200
1995-03-11,23:59:59,3.508,200
1995-07-02,23:59:59,8.775,200
1995-08-22,23:59:59,0.829,200
1995-10-13,23:59:59,0.913,200
1995-12-09,23:59:59,17.412,200
1996-06-20,23:59:59,10.565,200
1996-09-07,23:59:59,3.275,200
1996-10-27,23:59:59,0.779,200
1998-02-10,23:59:59,0.875,200
1998-08-14,23:59:59,13.021,200
1998-10-15,23:59:59,6.759,200
2001-03-03,23:59:59,14.578,200
2001-04-18,23:59:59,8.595,200
2001-06-22,23:59:59,2.740,200
2001-08-24,23:59:59,7.624,200
2001-11-16,23:59:59,0.842,200
2001-12-08,23:59:59,0.792,200
2002-03-20,23:59:59,3.131,200
2004-03-03,23:59:59,15.996,200
2005-02-02,23:59:59,0.724,200
2005-03-11,23:59:59,1.077,200
2005-09-27,23:59:59,0.987,200
2006-08-26,23:59:59,1.883,200
2006-12-23,23:59:59,1.111,200
2007-09-22,23:59:59,2.828,200
2008-01-11,23:59:59,1.061,200
2008-12-22,23:59:59,1.658,200
2009-09-03,23:59:59,1.244,200
2012-04-15,23:59:59,7.550,200
2013-10-17,23:59:59,0.968,200
2013-11-04,23:59:59,1.035,200
2015-10-31,23:59:59,1.069,200
2015-12-04,23:59:59,1.023,200
2016-10-22,23:59:59,0.972,200
2018-01-06,23:59:59,2.868,200
2018-10-16,23:59:59,5.091,200
2018-12-13,23:59:59,1.024,200
2019-04-15,23:59:59,1.067,200
2019-08-03,23:59:59,16.445,200
2019-09-28,23:59:59,3.712,200
2020-05-08,23:59:59,3.289,200
2020-05-10,23:59:59,6.000,200
2020-06-02,23:59:59,16.807,200
2020-07-17,23:59:59,8.242,200
2020-12-09,23:59:59,4.982,200
2022-01-27,23:59:59,7.383,200
2022-04-18,23:59:59,7.216,200
2023-04-04,23:59:59,9.240,200
2023-08-18,23:59:59,14.246,200
2024-08-07,23:59:59,8.511,200
2024-09-28,23:59:59,1.105,200
1980-07-05,23:59:59,2.387,200
1982-05-15,23:59:59,18.617,200
1982-05-30,23:59:59,0.672,200
1982-08-03,23:59:59,17.985,200
1982-10-12,23:59:59,17.774,200
1984-05-11,23:59:59,4.394,200
1984-11-06,23:59:59,0.685,200
1985-04-23,23:59:59,13.936,200
1985-06-24,23:59:59,0.710,200
1986-03-07,23:59:59,7.004,200
1986-05-23,23:59:59,2.833,200
1988-09-24,23:59:59,0.603,200
1989-07-16,23:59:59,3.870,200
1990-03-24,23:59:59,0.603,200
1990-04-17,23:59:59,0.611,200
1991-04-21,23:59:59,3.198,200
1991-11-26,23:59:59,2.144,200
1992-02-14,23:59:59,2.764,200
1993-03-07,23:59:59,0.874,200
1993-07-24,23:59:59,13.577,200
1993-09-18,23:59:59,5.477,200
1993-11-03,23:59:59,0.679,200
1994-03-03,23:59:59,0.836,200
1994-12-08,23:59:59,0.897,200
1995-04-17,23:59:59,0.935,200
1996-04-30,23:59:59,15.795,200
1996-07-25,23:59:59,7.750,200
1996-10-03,23:59:59,0.764,200
1996-11-21,23:59:59,3.771,200
1997-01-16,23:59:59,4.498,200
1997-03-18,23:59:59,0.841,200
1997-04-04,23:59:59,1.273,200
1998-04-21,23:59:59,4.277,200
1998-05-27,23:59:59,3.004,200
1998-09-24,23:59:59,4.347,200
1999-03-22,23:59:59,9.550,200
1999-04-19,23:59:59,0.832,200
1999-05-28,23:59:59,0.864,200
1999-10-01,23:59:59,0.754,200
2000-06-11,23:59:59,3.507,200
2000-08-10,23:59:59,12.608,200
2000-09-21,23:59:59,3.264,200
2000-10-02,23:59:59,1.567,200
2000-10-17,23:59:59,1.600,200
2001-03-18,23:59:59,3.584,200
2001-07-05,23:59:59,17.171,200
2001-08-05,23:59:59,0.746,200
2002-04-01,23:59:59,3.856,200
2002-05-13,23:59:59,4.227,200
2002-08-10,23:59:59,0.814,200
2003-08-01,23:59:59,16.642,200
2004-09-01,23:59:59,15.763,200
2004-11-17,23:59:59,0.643,200
2005-01-04,23:59:59,0.667,200
2005-10-30,23:59:59,1.291,200
2006-02-15,23:59:59,1.033,200
2006-07-11,23:59:59,13.223,200
2006-07-17,23:59:59,11.373,200
2007-08-02,23:59:59,13.335,200
2007-08-19,23:59:59,3.313,200
2007-09-21,23:59:59,1.147,200
2008-02-06,23:59:59,4.803,200
2008-02-17,23:59:59,1.698,200
2008-04-18,23:59:59,13.395,200
2008-09-29,23:59:59,1.103,200
2009-06-01,23:59:59,8.321,200
2009-10-15,23:59:59,2.321,200
2010-01-18,23:59:59,1.196,200
2010-05-03,23:59:59,1.286,200
2010-06-03,23:59:59,11.039,200
2010-10-07,23:59:59,1.109,200
2011-04-03,23:59:59,9.579,200
2011-04-24,23:59:59,6.959,200
2012-12-31,23:59:59,6.930,200
2014-01-06,23:59:59,1.558,200
2014-05-31,23:59:59,1.043,200
2014-10-05,23:59:59,5.081,200
2014-12-15,23:59:59,2.729,200
2015-05-07,23:59:59,1.287,200
2015-12-18,23:59:59,0.999,200
2016-04-03,23:59:59,9.020,200
2016-07-01,23:59:59,16.857,200
2017-07-31,23:59:59,4.551,200
2019-01-13,23:59:59,1.033,200
2020-03-27,23:59:59,1.884,200
2020-05-11,23:59:59,9.166,200
2021-06-22,23:59:59,4.745,200
2021-07-07,23:59:59,1.168,200
2021-07-28,23:59:59,9.166,200
2021-10-31,23:59:59,7.001,200
2023-06-09,23:59:59,1.105,200
2024-01-29,23:59:59,1.102,200
1980-05-25,23:59:59,2.747,200
1981-03-15,23:59:59,8.552,200
1981-10-27,23:59:59,0.662,200
1981-11-26,23:59:59,0.620,200
1982-05-17,23:59:59,18.701,200
1982-06-26,23:59:59,18.481,200
1982-12-01,23:59:59,0.512,200
1984-08-11,23:59:59,0.653,200
1984-08-27,23:59:59,0.666,200
1985-06-02,23:59:59,19.746,200
1985-07-04,23:59:59,0.682,200
1985-10-20,23:59:59,0.709,200
1986-05-13,23:59:59,3.490,200
1986-06-12,23:59:59,20.139,200
1986-07-30,23:59:59,19.298,200
1986-12-24,23:59:59,0.643,200
1987-08-21,23:59:59,15.487,200
1988-02-27,23:59:59,7.212,200
1988-04-04,23:59:59,4.371,200
1989-08-26,23:59:59,15.359,200
1989-10-23,23:59:59,3.061,200
1990-01-19,23:59:59,0.548,200
1990-04-27,23:59:59,0.631,200
1990-10-17,23:59:59,0.580,200
1990-11-01,23:59:59,0.585,200
1992-04-03,23:59:59,0.843,200
1993-06-29,23:59:59,10.228,200
1995-04-21,23:59:59,0.945,200
1995-07-21,23:59:59,3.027,200
1995-10-31,23:59:59,14.204,200
1996-03-04,23:59:59,8.101,200
1996-04-22,23:59:59,14.431,200
1996-10-29,23:59:59,0.783,200
1998-11-27,23:59:59,3.017,200
1999-02-08,23:59:59,13.613,200
2000-02-19,23:59:59,0.831,200
2001-02-21,23:59:59,15.761,200
2001-10-26,23:59:59,0.783,200
2002-09-15,23:59:59,5.216,200
2002-11-20,23:59:59,8.827,200
2003-02-24,23:59:59,0.869,200
2003-04-28,23:59:59,9.177,200
2003-05-29,23:59:59,11.981,200
2003-11-23,23:59:59,0.805,200
2004-04-23,23:59:59,1.206,200
2007-02-07,23:59:59,2.889,200
2007-03-15,23:59:59,5.804,200
2008-05-08,23:59:59,9.467,200
2008-07-31,23:59:59,1.074,200
2008-09-09,23:59:59,1.052,200
2009-03-20,23:59:59,5.266,200
2009-04-22,23:59:59,9.858,200
2010-02-19,23:59:59,3.191,200
2010-06-18,23:59:59,14.090,200
2011-03-26,23:59:59,4.561,200
2011-04-11,23:59:59,7.398,200
2011-11-24,23:59:59,1.110,200
2013-06-29,23:59:59,16.412,200
2013-11-11,23:59:59,1.184,200
2014-06-08,23:59:59,1.140,200
2015-02-01,23:59:59,11.250,200
2015-07-25,23:59:59,16.487,200
2016-01-08,23:59:59,1.508,200
2016-05-03,23:59:59,16.631,200
2016-09-06,23:59:59,3.008,200
2017-04-02,23:59:59,8.640,200
2017-05-11,23:59:59,5.402,200
2017-05-21,23:59:59,4.837,200
2017-11-24,23:59:59,5.083,200
2018-05-07,23:59:59,3.764,200
2018-05-14,23:59:59,7.197,200
2020-05-13,23:59:59,16.911,200
2020-08-25,23:59:59,12.831,200
2021-02-18,23:59:59,1.578,200
2021-04-26,23:59:59,1.164,200
2022-09-21,23:59:59,9.054,200
2024-03-12,23:59:59,1.246,200
2024-05-23,23:59:59,13.894,200
2024-07-23,23:59:59,7.956,200
1980-06-01,23:59:59,1.531,200
1980-07-07,23:59:59,5.863,200
1983-04-02,23:59:59,0.686,200
1983-09-13,23:59:59,11.285,200
1983-12-03,23:59:59,7.032,200
1984-03-11,23:59:59,17.224,200
1984-09-29,23:59:59,18.028,200
1985-06-27,23:59:59,0.697,200
1985-10-26,23:59:59,0.724,200
1986-05-10,23:59:59,2.808,200
1987-03-01,23:59:59,3.641,200
1987-03-04,23:59:59,4.621,200
1987-10-19,23:59:59,0.591,200
1988-02-10,23:59:59,0.661,200
1989-01-16,23:59:59,4.699,200
1989-12-09,23:59:59,7.827,200
1989-12-23,23:59:59,0.526,200
1990-02-15,23:59:59,0.564,200
1991-03-09,23:59:59,2.022,200
1991-06-21,23:59:59,11.951,200
1991-10-24,23:59:59,0.430,200
1992-07-29,23:59:59,0.706,200
1992-09-28,23:59:59,9.291,200
1993-03-21,23:59:59,6.133,200
1993-12-09,23:59:59,0.693,200
1994-05-30,23:59:59,0.924,200
1994-07-10,23:59:59,1.889,200
1994-10-02,23:59:59,5.358,200
1995-01-18,23:59:59,7.958,200
1995-03-17,23:59:59,0.895,200
1995-07-04,23:59:59,8.809,200
1995-12-17,23:59:59,18.202,200
1996-05-08,23:59:59,17.103,200
1997-05-28,23:59:59,12.802,200
1997-06-04,23:59:59,14.223,200
1997-09-22,23:59:59,0.712,200
1997-10-24,23:59:59,0.721,200
1997-11-16,23:59:59,0.751,200
1998-03-18,23:59:59,10.437,200
1998-06-13,23:59:59,10.045,200
1998-09-03,23:59:59,10.243,200
1999-08-10,23:59:59,7.989,200
2000-01-15,23:59:59,2.040,200
2000-04-11,23:59:59,1.278,200
2000-10-06,23:59:59,1.576,200
2001-07-20,23:59:59,7.789,200
2001-10-29,23:59:59,0.805,200
2002-08-24,23:59:59,1.199,200
2003-03-28,23:59:59,6.698,200
2003-06-27,23:59:59,12.134,200
2003-10-08,23:59:59,0.761,200
2004-04-01,23:59:59,2.893,200
2004-07-08,23:59:59,1.184,200
2004-12-01,23:59:59,0.645,200
2005-11-06,23:59:59,0.989,200
2006-03-29,23:59:59,5.750,200
2006-10-14,23:59:59,1.076,200
2007-04-22,23:59:59,14.885,200
2007-05-20,23:59:59,6.637,200
2009-10-22,23:59:59,4.804,200
2010-03-01,23:59:59,2.719,200
2010-05-20,23:59:59,1.299,200
2010-12-14,23:59:59,1.755,200
2011-04-18,23:59:59,11.820,200
2011-06-06,23:59:59,2.740,200
2011-06-15,23:59:59,10.288,200
2011-08-12,23:59:59,2.486,200
2012-08-26,23:59:59,4.707,200
2014-07-19,23:59:59,14.935,200
2015-02-28,23:59:59,13.903,200
2015-10-17,23:59:59,1.051,200
2016-05-11,23:59:59,10.736,200
2016-06-26,23:59:59,8.221,200
2016-11-30,23:59:59,0.994,200
2017-05-04,23:59:59,1.097,200
2017-10-16,23:59:59,1.021,200
2017-10-17,23:59:59,1.022,200
2018-09-12,23:59:59,4.781,200
2019-06-01,23:59:59,1.045,200
2019-08-17,23:59:59,8.057,200
2020-01-25,23:59:59,3.109,200
2021-10-08,23:59:59,6.968,200
2021-11-16,23:59:59,7.495,200
2022-05-19,23:59:59,3.430,200
2022-05-28,23:59:59,12.835,200
2023-07-08,23:59:59,16.897,200
2024-06-23,23:59:59,15.352,200
2024-08-11,23:59:59,1.142,200
1980-06-02,23:59:59,1.531,200
1981-06-23,23:59:59,6.760,200
1981-07-20,23:59:59,13.643,200
1983-03-17,23:59:59,0.731,200
1983-05-19,23:59:59,13.232,200
1984-01-08,23:59:59,3.602,200
1984-09-26,23:59:59,18.181,200
1985-07-18,23:59:59,0.668,200
1986-02-11,23:59:59,0.764,200
1986-02-18,23:59:59,0.772,200
1986-09-10,23:59:59,10.953,200
1987-02-26,23:59:59,3.629,200
1988-07-14,23:59:59,0.644,200
1988-08-22,23:59:59,16.216,200
1989-02-19,23:59:59,4.651,200
1989-11-10,23:59:59,0.474,200
1989-12-14,23:59:59,16.454,200
1989-12-26,23:59:59,0.529,200
1990-09-10,23:59:59,1.802,200
1991-03-25,23:59:59,15.956,200
1991-07-31,23:59:59,16.540,200
1991-08-25,23:59:59,0.548,200
1991-12-21,23:59:59,3.163,200
1992-11-11,23:59:59,0.724,200
1993-11-27,23:59:59,0.679,200
1993-12-28,23:59:59,0.704,200
1994-08-18,23:59:59,7.987,200
1994-11-21,23:59:59,0.842,200
1995-01-21,23:59:59,10.105,200
1995-01-28,23:59:59,0.956,200
1995-06-10,23:59:59,12.277,200
1996-05-28,23:59:59,7.221,200
1996-08-29,23:59:59,8.257,200
1997-01-18,23:59:59,4.500,200
1997-02-22,23:59:59,0.831,200
1997-04-13,23:59:59,0.886,200
1998-03-27,23:59:59,3.649,200
1999-06-14,23:59:59,8.866,200
2001-09-08,23:59:59,2.065,200
2001-11-15,23:59:59,0.840,200
2003-10-11,23:59:59,0.794,200
2004-10-09,23:59:59,4.745,200
2005-05-06,23:59:59,10.539,200
2005-12-23,23:59:59,1.028,200
2006-07-05,23:59:59,17.175,200
2008-03-04,23:59:59,1.517,200
2009-11-01,23:59:59,4.787,200
2011-09-09,23:59:59,1.223,200
2012-07-28,23:59:59,8.490,200
2012-10-17,23:59:59,0.291,200
2012-12-24,23:59:59,1.032,200
2013-06-17,23:59:59,2.239,200
2013-12-22,23:59:59,3.532,200
2014-03-18,23:59:59,13.533,200
2015-11-07,23:59:59,2.418,200
2016-02-08,23:59:59,1.004,200
2016-11-13,23:59:59,0.984,200
2017-05-28,23:59:59,3.572,200
2017-09-23,23:59:59,1.032,200
2018-03-09,23:59:59,1.079,200
2018-04-05,23:59:59,7.483,200
2018-08-18,23:59:59,6.253,200
2018-09-11,23:59:59,4.805,200
2019-07-12,23:59:59,17.092,200
2020-01-29,23:59:59,4.826,200
2020-04-26,23:59:59,3.578,200
2021-11-06,23:59:59,5.036,200
2021-12-22,23:59:59,1.340,200
2022-07-23,23:59:59,1.025,200
2022-08-21,23:59:59,1.067,200
1980-02-18,23:59:59,5.560,200
1980-05-27,23:59:59,1.467,200
1980-12-24,23:59:59,1.362,200
1981-03-29,23:59:59,6.876,200
1981-07-21,23:59:59,13.417,200
1982-03-23,23:59:59,4.588,200
1982-10-15,23:59:59,12.718,200
1983-01-04,23:59:59,0.547,200
1983-05-03,23:59:59,9.704,200
1984-11-15,23:59:59,0.666,200
1985-03-06,23:59:59,3.423,200
1985-04-10,23:59:59,4.451,200
1985-11-28,23:59:59,6.982,200
1987-07-13,23:59:59,1.828,200
1988-04-18,23:59:59,2.528,200
1988-10-13,23:59:59,0.652,200
1989-01-17,23:59:59,4.689,200
1989-03-03,23:59:59,6.408,200
1989-04-13,23:59:59,3.942,200
1990-01-22,23:59:59,0.554,200
1992-09-04,23:59:59,6.465,200
1993-02-05,23:59:59,2.592,200
1993-03-13,23:59:59,7.435,200
1993-05-09,23:59:59,7.109,200
1993-10-19,23:59:59,0.686,200
1993-12-10,23:59:59,0.698,200
1995-08-17,23:59:59,16.690,200
1996-04-28,23:59:59,6.556,200
1997-04-16,23:59:59,0.764,200
1997-10-19,23:59:59,0.717,200
1997-11-10,23:59:59,0.741,200
1997-11-29,23:59:59,0.776,200
1998-11-23,23:59:59,1.651,200
1998-12-21,23:59:59,5.360,200
1999-05-15,23:59:59,2.713,200
2000-03-28,23:59:59,1.739,200
2002-03-10,23:59:59,2.391,200
2003-10-28,23:59:59,0.761,200
2004-02-25,23:59:59,3.263,200
2004-04-16,23:59:59,2.447,200
2004-08-28,23:59:59,16.864,200
2004-09-12,23:59:59,10.226,200
2004-10-04,23:59:59,10.331,200
2004-12-19,23:59:59,0.669,200
2005-08-13,23:59:59,1.000,200
2006-03-13,23:59:59,3.898,200
2006-09-01,23:59:59,1.002,200
2007-11-23,23:59:59,1.213,200
2008-04-11,23:59:59,4.418,200
2009-08-16,23:59:59,4.100,200
2010-03-10,23:59:59,1.556,200
2010-09-22,23:59:59,1.102,200
2011-08-02,23:59:59,4.837,200
2011-11-30,23:59:59,1.119,200
2012-05-21,23:59:59,4.037,200
2012-12-13,23:59:59,1.186,200
2013-06-23,23:59:59,13.633,200
2014-02-09,23:59:59,11.649,200
2015-05-15,23:59:59,1.151,200
2016-03-02,23:59:59,1.431,200
2016-03-09,23:59:59,1.031,200
2017-02-24,23:59:59,7.876,200
2017-04-24,23:59:59,12.718,200
2018-02-26,23:59:59,1.057,200
2018-06-12,23:59:59,16.963,200
2019-04-10,23:59:59,3.300,200
2019-06-04,23:59:59,1.042,200
2019-06-18,23:59:59,17.179,200
2020-04-08,23:59:59,16.858,200
2020-04-11,23:59:59,13.967,200
2020-07-25,23:59:59,1.894,200
2020-08-30,23:59:59,6.834,200
2021-03-15,23:59:59,4.473,200
2021-11-05,23:59:59,10.734,200
2022-01-18,23:59:59,10.955,200
2022-11-27,23:59:59,9.308,200
2023-05-01,23:59:59,16.734,200
2023-06-13,23:59:59,1.107,200
2024-04-01,23:59:59,1.097,200
2024-06-26,23:59:59,16.697,200
1981-06-09,23:59:59,6.354,200
1981-09-15,23:59:59,8.895,200
1983-08-15,23:59:59,11.715,200
1983-09-14,23:59:59,7.073,200
1984-04-05,23:59:59,4.535,200
1984-12-07,23:59:59,2.787,200
1985-08-21,23:59:59,2.817,200
1985-10-01,23:59:59,0.702,200
1986-03-19,23:59:59,8.880,200
1986-09-14,23:59:59,5.535,200
1988-07-07,23:59:59,0.643,200
1988-07-22,23:59:59,0.643,200
1988-08-25,23:59:59,12.789,200
1988-11-26,23:59:59,7.797,200
1988-12-11,23:59:59,4.688,200
1989-07-24,23:59:59,16.781,200
1990-03-01,23:59:59,0.572,200
1990-06-01,23:59:59,0.615,200
1990-09-15,23:59:59,0.893,200
1991-01-13,23:59:59,6.301,200
1991-02-23,23:59:59,5.232,200
1991-03-28,23:59:59,11.911,200
1991-04-23,23:59:59,3.199,200
1991-06-14,23:59:59,7.785,200
1992-01-15,23:59:59,4.577,200
1992-05-19,23:59:59,0.854,200
1993-08-25,23:59:59,16.927,200
1993-10-23,23:59:59,3.391,200
1994-02-08,23:59:59,3.617,200
1994-08-19,23:59:59,6.557,200
1994-09-25,23:59:59,12.740,200
1995-01-22,23:59:59,10.119,200
1995-02-11,23:59:59,15.615,200
1995-09-13,23:59:59,10.140,200
1995-11-19,23:59:59,8.535,200
1996-08-15,23:59:59,6.243,200
1996-09-15,23:59:59,4.142,200
1997-03-06,23:59:59,1.240,200
1997-04-26,23:59:59,0.910,200
1997-05-20,23:59:59,15.166,200
1997-08-02,23:59:59,3.723,200
1997-09-07,23:59:59,0.713,200
1997-12-21,23:59:59,2.897,200
1998-01-11,23:59:59,9.365,200
1998-06-03,23:59:59,4.314,200
1999-09-02,23:59:59,0.757,200
1999-09-06,23:59:59,0.740,200
2001-12-16,23:59:59,0.814,200
2002-02-24,23:59:59,3.576,200
2002-08-12,23:59:59,11.163,200
2003-03-15,23:59:59,4.224,200
2003-03-25,23:59:59,2.905,200
2005-09-22,23:59:59,4.150,200
2007-04-14,23:59:59,2.754,200
2007-04-25,23:59:59,15.806,200
2007-12-27,23:59:59,1.094,200
2008-06-24,23:59:59,16.634,200
2008-12-15,23:59:59,1.168,200
2009-04-13,23:59:59,1.182,200
2009-05-25,23:59:59,16.674,200
2010-11-17,23:59:59,2.755,200
2010-12-11,23:59:59,4.787,200
2011-10-14,23:59:59,3.680,200
2011-12-15,23:59:59,2.678,200
2012-05-23,23:59:59,4.897,200
2014-01-28,23:59:59,5.215,200
2014-06-09,23:59:59,2.683,200
2014-09-20,23:59:59,5.094,200
2014-10-06,23:59:59,5.026,200
2015-04-18,23:59:59,5.998,200
2015-07-10,23:59:59,16.760,200
2016-01-04,23:59:59,1.518,200
2016-11-16,23:59:59,0.983,200
2018-04-16,23:59:59,9.350,200
2020-01-23,23:59:59,4.631,200
2020-01-31,23:59:59,4.948,200
2020-06-19,23:59:59,5.688,200
2020-12-10,23:59:59,4.999,200
2021-01-22,23:59:59,1.072,200
2021-11-25,23:59:59,3.140,200
2022-04-28,23:59:59,7.868,200
2023-02-11,23:59:59,1.088,200
2023-04-09,23:59:59,5.024,200
2023-08-23,23:59:59,11.870,200
2023-09-11,23:59:59,1.066,200
2023-11-11,23:59:59,1.079,200
2024-05-09,23:59:59,16.723,200
1980-07-18,23:59:59,8.665,200
1980-10-23,23:59:59,11.413,200
1981-11-09,23:59:59,0.556,200
1981-12-06,23:59:59,0.640,200
1982-01-21,23:59:59,9.276,200
1982-03-11,23:59:59,7.784,200
1982-07-09,23:59:59,17.524,200
1983-05-10,23:59:59,20.064,200
1983-08-10,23:59:59,13.701,200
1983-09-02,23:59:59,13.651,200
1983-11-19,23:59:59,16.729,200
1984-02-09,23:59:59,8.789,200
1984-06-08,23:59:59,19.483,200
1984-08-26,23:59:59,0.666,200
1984-12-03,23:59:59,1.164,200
1984-12-04,23:59:59,2.342,200
1985-04-27,23:59:59,0.844,200
1985-05-25,23:59:59,2.863,200
1985-06-21,23:59:59,0.725,200
1985-08-29,23:59:59,19.411,200
1985-09-09,23:59:59,11.990,200
1985-12-19,23:59:59,4.463,200
1986-05-05,23:59:59,4.076,200
1986-05-29,23:59:59,0.705,200
1986-07-29,23:59:59,19.352,200
1987-02-08,23:59:59,0.727,200
1987-12-06,23:59:59,0.691,200
1988-04-12,23:59:59,5.046,200
1988-09-20,23:59:59,0.603,200
1988-11-30,23:59:59,14.473,200
1988-12-05,23:59:59,5.616,200
1990-01-21,23:59:59,0.549,200
1990-04-01,23:59:59,0.607,200
1990-10-15,23:59:59,0.586,200
1991-08-18,23:59:59,0.568,200
1992-03-05,23:59:59,2.612,200
1992-06-23,23:59:59,17.288,200
1993-06-30,23:59:59,10.198,200
1994-02-13,23:59:59,14.996,200
1994-03-31,23:59:59,8.478,200
1994-06-21,23:59:59,8.323,200
1994-11-19,23:59:59,0.842,200
1995-09-22,23:59:59,0.865,200
1996-04-12,23:59:59,8.763,200
1996-09-23,23:59:59,4.893,200
1998-03-02,23:59:59,9.554,200
1998-07-27,23:59:59,0.848,200
1998-11-30,23:59:59,7.602,200
1999-04-09,23:59:59,0.847,200
2000-04-08,23:59:59,1.284,200
2000-10-03,23:59:59,1.569,200
2001-07-13,23:59:59,17.014,200
2002-05-11,23:59:59,5.384,200
2003-03-13,23:59:59,5.545,200
2004-09-21,23:59:59,17.453,200
2004-10-10,23:59:59,5.907,200
2004-11-20,23:59:59,0.654,200
2005-05-08,23:59:59,7.528,200
2005-05-23,23:59:59,16.475,200
2006-06-18,23:59:59,2.176,200
2006-08-25,23:59:59,6.254,200
2006-11-26,23:59:59,1.101,200
2007-11-04,23:59:59,2.114,200
2008-03-13,23:59:59,1.503,200
2008-07-02,23:59:59,5.325,200
2009-01-16,23:59:59,2.410,200
2009-03-17,23:59:59,2.432,200
2009-04-06,23:59:59,4.342,200
2009-09-16,23:59:59,1.250,200
2009-10-16,23:59:59,4.254,200
2009-12-28,23:59:59,1.172,200
2011-05-13,23:59:59,9.737,200
2011-07-23,23:59:59,7.449,200
2012-03-01,23:59:59,1.149,200
2012-08-18,23:59:59,2.713,200
2013-01-17,23:59:59,5.321,200
2013-03-19,23:59:59,16.066,200
2013-03-26,23:59:59,5.597,200
2013-07-04,23:59:59,1.109,200
2013-10-01,23:59:59,0.981,200
2014-05-17,23:59:59,12.538,200
2015-09-04,23:59:59,1.612,200
2015-09-07,23:59:59,1.014,200
2015-10-24,23:59:59,1.061,200
2016-08-09,23:59:59,8.953,200
2016-12-19,23:59:59,0.963,200
2017-01-14,23:59:59,1.160,200
2017-05-31,23:59:59,6.018,200
2018-03-14,23:59:59,3.964,200
2019-05-25,23:59:59,14.098,200
2020-06-21,23:59:59,5.940,200
2020-08-20,23:59:59,16.978,200
2021-10-29,23:59:59,6.747,200
2022-09-25,23:59:59,1.868,200
2022-09-30,23:59:59,2.710,200
2022-10-01,23:59:59,1.085,200
2022-12-04,23:59:59,5.755,200
2023-03-21,23:59:59,1.167,200
2023-06-28,23:59:59,16.946,200
2024-08-03,23:59:59,9.828,200
2024-11-19,23:59:59,9.098,200
1980-11-24,23:59:59,1.467,200
1981-10-21,23:59:59,0.733,200
1981-12-18,23:59:59,0.630,200
1984-01-04,23:59:59,3.687,200
1984-05-25,23:59:59,3.687,200
1984-07-31,23:59:59,13.691,200
1984-08-15,23:59:59,0.652,200
1984-09-21,23:59:59,5.060,200
1984-11-04,23:59:59,0.684,200
1985-08-04,23:59:59,13.031,200
1985-11-24,23:59:59,5.901,200
1986-09-04,23:59:59,18.452,200
1986-09-19,23:59:59,1.793,200
1989-07-22,23:59:59,17.004,200
1989-10-30,23:59:59,3.090,200
1989-12-19,23:59:59,0.530,200
1990-01-08,23:59:59,0.552,200
1990-07-22,23:59:59,0.630,200
1990-12-11,23:59:59,0.558,200
1991-03-29,23:59:59,7.840,200
1991-07-18,23:59:59,15.780,200
1991-10-22,23:59:59,0.430,200
1993-02-09,23:59:59,3.722,200
1993-03-02,23:59:59,4.287,200
1993-04-24,23:59:59,6.514,200
1993-10-06,23:59:59,0.689,200
1994-10-18,23:59:59,12.334,200
1994-12-05,23:59:59,0.860,200
1995-10-26,23:59:59,4.781,200
1995-12-05,23:59:59,15.414,200
1996-01-19,23:59:59,17.434,200
1997-03-27,23:59:59,0.858,200
1998-10-06,23:59:59,8.880,200
1998-12-22,23:59:59,5.359,200
1999-02-15,23:59:59,6.018,200
2000-01-01,23:59:59,2.029,200
2000-03-02,23:59:59,2.704,200
2000-09-05,23:59:59,16.994,200
2000-09-27,23:59:59,1.543,200
2001-01-14,23:59:59,0.904,200
2001-07-26,23:59:59,6.668,200
2001-10-30,23:59:59,0.814,200
2002-12-19,23:59:59,5.540,200
2003-07-29,23:59:59,16.893,200
2004-06-07,23:59:59,12.691,200
2004-08-21,23:59:59,16.886,200
2005-09-14,23:59:59,0.985,200
2006-12-01,23:59:59,1.151,200
2007-06-10,23:59:59,3.452,200
2007-11-11,23:59:59,1.206,200
2008-05-18,23:59:59,7.171,200
2008-08-30,23:59:59,1.030,200
2009-07-25,23:59:59,8.124,200
2010-10-11,23:59:59,1.114,200
2010-11-27,23:59:59,4.870,200
2011-06-02,23:59:59,17.008,200
2011-07-02,23:59:59,10.130,200
2012-02-08,23:59:59,4.036,200
2012-03-20,23:59:59,1.746,200
2013-02-03,23:59:59,3.057,200
2013-09-21,23:59:59,1.008,200
2013-10-19,23:59:59,1.000,200
2014-06-07,23:59:59,1.048,200
2016-04-05,23:59:59,16.576,200
2016-07-21,23:59:59,7.305,200
2016-09-25,23:59:59,3.775,200
2017-03-06,23:59:59,3.952,200
2017-04-16,23:59:59,3.049,200
2019-03-04,23:59:59,16.387,200
2019-10-29,23:59:59,0.909,200
2020-05-19,23:59:59,16.901,200
2020-10-23,23:59:59,0.916,200
2022-09-24,23:59:59,1.880,200
2022-12-29,23:59:59,6.047,200
2023-08-14,23:59:59,11.216,200
2024-01-01,23:59:59,1.067,200
2024-03-06,23:59:59,1.629,200
2024-08-22,23:59:59,4.614,200
1980-01-22,23:59:59,3.771,200
1980-02-17,23:59:59,5.560,200
1980-06-06,23:59:59,1.107,200
1981-01-07,23:59:59,1.362,200
1981-10-25,23:59:59,0.662,200
1982-05-02,23:59:59,19.457,200
1982-11-07,23:59:59,0.559,200
1982-11-19,23:59:59,0.509,200
1983-02-10,23:59:59,0.704,200
1984-07-28,23:59:59,18.670,200
1984-10-28,23:59:59,0.670,200
1985-01-17,23:59:59,18.664,200
1985-04-24,23:59:59,5.710,200
1985-12-24,23:59:59,0.718,200
1986-01-16,23:59:59,3.806,200
1986-03-08,23:59:59,7.007,200
1986-03-26,23:59:59,2.876,200
1987-02-03,23:59:59,0.728,200
1987-04-03,23:59:59,20.280,200
1987-09-24,23:59:59,0.599,200
1988-02-09,23:59:59,0.662,200
1988-06-10,23:59:59,7.558,200
1988-07-08,23:59:59,0.641,200
1988-08-03,23:59:59,16.932,200
1988-08-26,23:59:59,0.730,200
1990-05-02,23:59:59,0.642,200
1990-09-07,23:59:59,5.570,200
1990-11-20,23:59:59,12.281,200
1991-11-27,23:59:59,1.711,200
1991-12-22,23:59:59,3.161,200
1992-03-03,23:59:59,9.418,200
1992-11-16,23:59:59,0.736,200
1993-01-25,23:59:59,0.849,200
1994-02-06,23:59:59,1.954,200
1995-10-27,23:59:59,4.777,200
1996-04-13,23:59:59,8.601,200
1996-05-30,23:59:59,0.903,200
1996-08-16,23:59:59,5.808,200
1996-12-17,23:59:59,1.549,200
1997-05-04,23:59:59,0.962,200
1997-06-06,23:59:59,14.144,200
2000-07-06,23:59:59,17.133,200
2000-10-08,23:59:59,1.581,200
2002-03-25,23:59:59,0.878,200
2002-05-19,23:59:59,5.924,200
2002-06-26,23:59:59,1.070,200
2003-04-24,23:59:59,6.874,200
2004-03-23,23:59:59,2.985,200
2005-03-19,23:59:59,1.220,200
2005-07-05,23:59:59,17.025,200
2005-08-05,23:59:59,2.672,200
2006-11-11,23:59:59,1.054,200
2007-02-27,23:59:59,1.081,200
2007-06-13,23:59:59,7.142,200
2008-05-05,23:59:59,14.148,200
2009-03-21,23:59:59,5.985,200
2010-12-24,23:59:59,1.154,200
2011-02-17,23:59:59,3.556,200
2011-10-30,23:59:59,1.133,200
2012-01-06,23:59:59,3.110,200
2012-02-04,23:59:59,2.742,200
2012-02-29,23:59:59,1.149,200
2012-03-25,23:59:59,2.750,200
2012-03-31,23:59:59,5.096,200
2012-04-28,23:59:59,4.535,200
2012-07-26,23:59:59,8.515,200
2013-07-03,23:59:59,1.149,200
2013-08-05,23:59:59,16.247,200
2014-01-24,23:59:59,4.805,200
2014-04-07,23:59:59,3.529,200
2015-08-03,23:59:59,12.850,200
2016-09-04,23:59:59,3.016,200
2016-12-27,23:59:59,0.968,200
2017-01-29,23:59:59,0.985,200
2017-07-22,23:59:59,1.016,200
2017-09-03,23:59:59,1.113,200
2018-02-05,23:59:59,1.052,200
2018-02-16,23:59:59,1.082,200
2018-02-17,23:59:59,1.079,200
2019-08-26,23:59:59,5.507,200
2019-10-23,23:59:59,2.671,200
2020-08-01,23:59:59,1.659,200
2020-09-19,23:59:59,1.061,200
2021-02-23,23:59:59,8.918,200
2021-09-26,23:59:59,1.132,200
2022-03-03,23:59:59,1.514,200
2022-08-07,23:59:59,1.069,200
2024-07-19,23:59:59,7.345,200
2024-08-29,23:59:59,1.069,200
2024-08-31,23:59:59,1.070,200
1980-03-12,23:59:59,3.855,200
1980-03-16,23:59:59,3.839,200
1980-03-24,23:59:59,10.649,200
1981-04-10,23:59:59,6.942,200
1981-11-24,23:59:59,0.620,200
1982-02-26,23:59:59,2.610,200
1982-03-31,23:59:59,0.621,200
1982-09-25,23:59:59,0.577,200
1982-10-19,23:59:59,0.583,200
1983-07-23,23:59:59,4.525,200
1984-02-22,23:59:59,5.426,200
1985-08-10,23:59:59,8.704,200
1986-01-14,23:59:59,3.785,200
1986-09-18,23:59:59,1.799,200
1986-12-29,23:59:59,0.643,200
1987-05-22,23:59:59,2.803,200
1988-01-24,23:59:59,3.207,200
1988-05-28,23:59:59,7.674,200
1988-09-23,23:59:59,0.603,200
1988-12-15,23:59:59,6.995,200
1989-06-14,23:59:59,6.208,200
1990-03-25,23:59:59,0.603,200
1991-03-17,23:59:59,0.716,200
1991-08-13,23:59:59,0.549,200
1991-11-15,23:59:59,2.330,200
1992-04-24,23:59:59,5.206,200
1992-06-12,23:59:59,16.918,200
1993-03-23,23:59:59,4.674,200
1993-07-02,23:59:59,10.123,200
1993-08-04,23:59:59,11.216,200
1994-03-28,23:59:59,3.593,200
1994-09-02,23:59:59,10.818,200
1994-12-09,23:59:59,0.876,200
1995-02-10,23:59:59,15.715,200
1995-08-19,23:59:59,0.889,200
1995-11-09,23:59:59,0.956,200
1996-07-02,23:59:59,12.994,200
1997-09-03,23:59:59,0.715,200
1998-02-20,23:59:59,4.737,200
1998-07-26,23:59:59,0.852,200
1998-08-16,23:59:59,12.971,200
1999-02-07,23:59:59,7.436,200
1999-03-27,23:59:59,1.642,200
2001-01-20,23:59:59,10.714,200
2001-06-29,23:59:59,3.694,200
2002-01-17,23:59:59,6.462,200
2002-05-21,23:59:59,5.813,200
2003-07-18,23:59:59,7.799,200
2004-02-11,23:59:59,3.527,200
2004-03-22,23:59:59,2.081,200
2005-07-06,23:59:59,17.043,200
2005-07-30,23:59:59,1.012,200
2007-01-14,23:59:59,4.086,200
2007-04-30,23:59:59,11.939,200
2008-05-11,23:59:59,2.677,200
2008-06-07,23:59:59,16.737,200
2008-08-05,23:59:59,1.522,200
2009-12-22,23:59:59,1.164,200
2010-07-15,23:59:59,16.757,200
2010-12-12,23:59:59,4.784,200
2011-01-25,23:59:59,4.876,200
2011-02-07,23:59:59,13.625,200
2013-04-06,23:59:59,13.028,200
2013-04-16,23:59:59,8.506,200
2013-12-26,23:59:59,1.188,200
2014-06-20,23:59:59,13.397,200
2014-09-27,23:59:59,5.087,200
2014-11-03,23:59:59,0.663,200
2015-05-21,23:59:59,1.155,200
2016-01-28,23:59:59,3.275,200
2016-02-23,23:59:59,4.240,200
2017-07-26,23:59:59,3.555,200
2018-01-01,23:59:59,1.210,200
2018-04-06,23:59:59,7.694,200
2018-10-19,23:59:59,0.996,200
2019-03-22,23:59:59,10.783,200
2019-12-23,23:59:59,5.014,200
2021-07-15,23:59:59,11.544,200
2021-07-16,23:59:59,6.808,200
2023-02-05,23:59:59,6.757,200
2024-04-28,23:59:59,4.606,200
2024-11-15,23:59:59,1.628,200
1980-02-03,23:59:59,5.560,200
1981-04-20,23:59:59,6.571,200
1981-06-15,23:59:59,6.354,200
1981-07-04,23:59:59,6.426,200
1982-10-03,23:59:59,0.563,200
1982-12-11,23:59:59,0.528,200
1983-02-22,23:59:59,0.571,200
1983-07-21,23:59:59,4.522,200
1984-01-30,23:59:59,8.663,200
1984-04-29,23:59:59,4.554,200
1984-05-24,23:59:59,5.296,200
1984-07-17,23:59:59,18.940,200
1985-04-06,23:59:59,2.811,200
1985-06-06,23:59:59,19.476,200
1986-01-05,23:59:59,10.570,200
1986-09-03,23:59:59,18.523,200
1986-11-14,23:59:59,0.653,200
1986-12-15,23:59:59,0.808,200
1987-01-29,23:59:59,0.724,200
1987-05-26,23:59:59,7.444,200
1988-09-30,23:59:59,0.662,200
1988-12-20,23:59:59,4.247,200
1988-12-28,23:59:59,9.517,200
1990-11-25,23:59:59,3.964,200
1991-01-28,23:59:59,7.914,200
1991-10-11,23:59:59,2.329,200
1991-10-12,23:59:59,2.332,200
1991-12-13,23:59:59,3.156,200
1991-12-17,23:59:59,8.467,200
1992-03-10,23:59:59,0.840,200
1992-10-12,23:59:59,0.733,200
1993-03-10,23:59:59,0.841,200
1993-03-29,23:59:59,7.938,200
1993-05-24,23:59:59,0.816,200
1994-04-21,23:59:59,11.739,200
1994-12-27,23:59:59,0.893,200
1995-04-04,23:59:59,0.936,200
1998-06-09,23:59:59,8.195,200
1998-07-20,23:59:59,8.209,200
1999-04-04,23:59:59,0.847,200
1999-04-18,23:59:59,0.837,200
1999-08-29,23:59:59,5.683,200
2000-04-19,23:59:59,1.337,200
2000-08-03,23:59:59,12.789,200
2004-01-26,23:59:59,0.853,200
2004-05-10,23:59:59,3.572,200
2005-03-09,23:59:59,1.058,200
2005-05-05,23:59:59,13.735,200
2006-01-04,23:59:59,1.033,200
2006-03-02,23:59:59,2.488,200
2006-12-22,23:59:59,1.111,200
2006-12-30,23:59:59,1.122,200
2007-02-25,23:59:59,1.076,200
2007-05-01,23:59:59,17.220,200
2007-06-12,23:59:59,6.402,200
2007-10-04,23:59:59,1.159,200
2007-11-22,23:59:59,1.209,200
2008-07-05,23:59:59,2.998,200
2008-09-01,23:59:59,1.028,200
2008-10-17,23:59:59,1.149,200
2009-02-02,23:59:59,1.182,200
2009-04-05,23:59:59,9.352,200
2009-08-18,23:59:59,4.091,200
2009-10-10,23:59:59,5.121,200
2010-02-18,23:59:59,7.912,200
2010-11-22,23:59:59,4.880,200
2011-03-14,23:59:59,2.785,200
2011-06-13,23:59:59,7.256,200
2012-10-12,23:59:59,0.385,200
2013-06-15,23:59:59,10.961,200
2014-04-16,23:59:59,7.596,200
2014-09-26,23:59:59,5.083,200
2014-12-09,23:59:59,3.597,200
2014-12-28,23:59:59,1.004,200
2015-08-21,23:59:59,8.946,200
2015-09-14,23:59:59,1.423,200
2015-09-26,23:59:59,4.942,200
2015-11-23,23:59:59,1.001,200
2016-02-22,23:59:59,2.155,200
2016-06-27,23:59:59,11.681,200
2017-12-08,23:59:59,15.722,200
2018-02-08,23:59:59,1.048,200
2018-03-16,23:59:59,1.090,200
2018-04-20,23:59:59,1.085,200
2018-06-27,23:59:59,16.822,200
2018-08-17,23:59:59,7.161,200
2019-05-02,23:59:59,4.148,200
2019-08-13,23:59:59,8.852,200
2019-10-16,23:59:59,0.925,200
2019-11-05,23:59:59,3.888,200
2020-02-28,23:59:59,11.190,200
2020-08-05,23:59:59,2.437,200
2020-09-14,23:59:59,6.101,200
2020-12-26,23:59:59,1.053,200
2021-02-02,23:59:59,4.785,200
2022-06-25,23:59:59,15.474,200
2024-04-24,23:59:59,11.090,200
2024-07-21,23:59:59,8.837,200
2024-08-17,23:59:59,4.751,200
1980-04-09,23:59:59,3.160,200
1980-12-20,23:59:59,1.362,200
1981-05-07,23:59:59,6.498,200
1981-10-03,23:59:59,7.464,200
1981-12-30,23:59:59,0.577,200
1982-10-29,23:59:59,0.499,200
1986-02-19,23:59:59,0.776,200
1986-06-27,23:59:59,7.751,200
1986-08-07,23:59:59,18.850,200
1986-10-09,23:59:59,0.628,200
1986-11-25,23:59:59,12.993,200
1987-04-15,23:59:59,6.196,200
1987-05-03,23:59:59,3.682,200
1989-01-25,23:59:59,6.002,200
1989-02-05,23:59:59,1.104,200
1989-03-18,23:59:59,4.007,200
1990-03-26,23:59:59,0.603,200
1990-09-18,23:59:59,0.893,200
1992-04-23,23:59:59,5.809,200
1993-01-11,23:59:59,2.091,200
1993-02-06,23:59:59,1.989,200
1993-05-10,23:59:59,7.046,200
1993-05-11,23:59:59,6.988,200
1993-09-22,23:59:59,5.363,200
1994-05-27,23:59:59,0.949,200
1994-11-01,23:59:59,8.807,200
1995-01-14,23:59:59,0.924,200
1996-08-23,23:59:59,3.545,200
1997-04-21,23:59:59,0.787,200
1997-05-25,23:59:59,3.835,200
1999-09-27,23:59:59,0.753,200
2001-06-10,23:59:59,1.178,200
2002-01-09,23:59:59,0.876,200
2002-02-18,23:59:59,1.235,200
2002-05-08,23:59:59,3.570,200
2002-10-09,23:59:59,0.798,200
2003-03-09,23:59:59,0.849,200
2003-04-30,23:59:59,7.574,200
2003-05-12,23:59:59,3.487,200
2003-12-11,23:59:59,0.822,200
2004-03-29,23:59:59,5.560,200
2004-08-31,23:59:59,17.185,200
2005-02-18,23:59:59,1.086,200
2005-03-22,23:59:59,1.244,200
2006-06-23,23:59:59,12.882,200
2007-01-08,23:59:59,1.123,200
2007-10-27,23:59:59,1.221,200
2008-01-31,23:59:59,1.859,200
2008-06-13,23:59:59,15.437,200
2008-11-21,23:59:59,1.128,200
2010-05-12,23:59:59,1.299,200
2010-08-10,23:59:59,14.236,200
2010-10-14,23:59:59,1.119,200
2012-03-02,23:59:59,1.149,200
2012-12-08,23:59:59,3.770,200
2013-03-13,23:59:59,15.685,200
2013-09-20,23:59:59,1.008,200
2014-11-18,23:59:59,4.766,200
2015-01-20,23:59:59,3.611,200
2015-02-25,23:59:59,16.978,200
2015-11-22,23:59:59,1.001,200
2016-03-08,23:59:59,1.034,200
2018-10-07,23:59:59,1.002,200
2019-12-05,23:59:59,0.935,200
2019-12-07,23:59:59,0.970,200
2021-04-02,23:59:59,3.126,200
2021-12-05,23:59:59,5.379,200
2022-06-10,23:59:59,2.521,200
2023-03-10,23:59:59,15.939,200
2023-07-25,23:59:59,14.320,200
2023-09-16,23:59:59,2.249,200
2024-11-16,23:59:59,4.298,200
1981-01-12,23:59:59,1.362,200
1981-03-01,23:59:59,0.674,200
1981-10-07,23:59:59,0.662,200
1982-03-15,23:59:59,9.862,200
1983-03-31,23:59:59,0.676,200
1984-07-09,23:59:59,14.128,200
1985-03-22,23:59:59,2.843,200
1985-12-17,23:59:59,4.468,200
1986-03-02,23:59:59,3.814,200
1986-11-02,23:59:59,0.664,200
1987-03-11,23:59:59,19.475,200
1987-05-14,23:59:59,2.847,200
1987-06-08,23:59:59,4.605,200
1989-04-16,23:59:59,3.945,200
1989-05-29,23:59:59,2.443,200
1990-10-11,23:59:59,0.976,200
1991-03-03,23:59:59,0.487,200
1991-06-08,23:59:59,7.819,200
1993-07-17,23:59:59,16.586,200
1994-01-11,23:59:59,0.792,200
1994-02-15,23:59:59,17.362,200
1994-07-09,23:59:59,0.947,200
1994-11-10,23:59:59,0.849,200
1994-11-15,23:59:59,0.830,200
1996-01-30,23:59:59,3.093,200
1996-08-14,23:59:59,6.250,200
1996-09-30,23:59:59,6.345,200
1997-01-09,23:59:59,0.826,200
1997-05-21,23:59:59,7.558,200
1998-02-24,23:59:59,6.443,200
2000-11-09,23:59:59,9.372,200
2001-07-07,23:59:59,17.030,200
2002-06-18,23:59:59,0.833,200
2002-08-21,23:59:59,1.197,200
2002-09-25,23:59:59,0.826,200
2003-12-14,23:59:59,0.835,200
2004-03-09,23:59:59,6.327,200
2004-11-22,23:59:59,0.659,200
2004-12-26,23:59:59,0.670,200
2006-08-15,23:59:59,4.126,200
2008-01-01,23:59:59,1.099,200
2008-08-06,23:59:59,3.178,200
2008-11-18,23:59:59,1.124,200
2009-04-19,23:59:59,4.577,200
2009-11-03,23:59:59,2.718,200
2010-09-11,23:59:59,1.093,200
2010-09-28,23:59:59,1.112,200
2012-04-27,23:59:59,6.569,200
2012-08-10,23:59:59,8.118,200
2015-01-04,23:59:59,3.766,200
2016-11-02,23:59:59,4.408,200
2016-12-22,23:59:59,0.970,200
2017-05-02,23:59:59,9.031,200
2017-06-26,23:59:59,5.233,200
2020-03-03,23:59:59,7.615,200
2021-04-25,23:59:59,1.360,200
2022-03-27,23:59:59,13.338,200
2022-06-29,23:59:59,12.006,200
2022-12-26,23:59:59,4.883,200
2023-01-20,23:59:59,1.513,200
2024-08-30,23:59:59,1.068,200
1980-01-30,23:59:59,5.560,200
1980-03-07,23:59:59,3.855,200
1980-08-31,23:59:59,8.665,200
1980-11-11,23:59:59,12.611,200
1981-01-09,23:59:59,1.362,200
1982-03-12,23:59:59,10.167,200
1982-08-24,23:59:59,18.533,200
1983-02-24,23:59:59,0.568,200
1984-08-29,23:59:59,0.665,200
1985-02-02,23:59:59,17.831,200
1986-03-05,23:59:59,7.039,200
1986-06-11,23:59:59,9.194,200
1987-01-02,23:59:59,0.643,200
1987-12-13,23:59:59,4.578,200
1988-11-18,23:59:59,7.909,200
1988-12-25,23:59:59,9.560,200
1989-11-22,23:59:59,0.467,200
1989-11-23,23:59:59,0.467,200
1990-09-12,23:59:59,0.925,200
1990-12-06,23:59:59,0.550,200
1991-03-13,23:59:59,2.499,200
1992-06-27,23:59:59,16.842,200
1992-07-11,23:59:59,0.748,200
1993-02-17,23:59:59,3.619,200
1993-06-10,23:59:59,2.451,200
1993-10-11,23:59:59,0.670,200
1994-05-10,23:59:59,1.171,200
1994-06-30,23:59:59,8.282,200
1994-09-07,23:59:59,12.996,200
1995-05-11,23:59:59,12.123,200
1996-05-31,23:59:59,3.293,200
1999-10-08,23:59:59,2.358,200
1999-10-21,23:59:59,0.717,200
2000-12-19,23:59:59,1.209,200
2001-02-22,23:59:59,15.540,200
2002-07-29,23:59:59,17.209,200
2002-09-10,23:59:59,0.852,200
2002-09-30,23:59:59,0.810,200
2002-10-17,23:59:59,0.798,200
2004-03-05,23:59:59,11.907,200
2004-04-10,23:59:59,6.935,200
2004-09-14,23:59:59,12.733,200
2005-11-09,23:59:59,4.688,200
2006-02-16,23:59:59,1.033,200
2006-07-18,23:59:59,13.800,200
2006-10-03,23:59:59,1.048,200
2007-10-30,23:59:59,1.219,200
2008-01-28,23:59:59,1.088,200
2008-05-16,23:59:59,7.662,200
2008-12-29,23:59:59,2.070,200
2009-04-25,23:59:59,3.423,200
2009-05-05,23:59:59,7.624,200
2010-03-02,23:59:59,3.115,200
2010-03-06,23:59:59,2.000,200
2010-08-15,23:59:59,3.385,200
2012-10-05,23:59:59,0.488,200
2012-10-24,23:59:59,0.292,200
2012-11-23,23:59:59,0.522,200
2013-04-13,23:59:59,5.518,200
2014-10-04,23:59:59,5.068,200
2015-11-14,23:59:59,2.627,200
2016-06-06,23:59:59,11.172,200
2016-09-23,23:59:59,4.933,200
2016-10-06,23:59:59,3.965,200
2017-02-22,23:59:59,10.896,200
2017-05-26,23:59:59,5.702,200
2017-07-11,23:59:59,6.446,200
2017-12-27,23:59:59,1.452,200
2018-01-28,23:59:59,1.060,200
2018-09-25,23:59:59,1.878,200
2019-01-25,23:59:59,1.057,200
2019-03-02,23:59:59,4.631,200
2019-05-10,23:59:59,6.614,200
2020-01-15,23:59:59,1.480,200
2020-02-17,23:59:59,6.425,200
2021-02-26,23:59:59,7.996,200
2021-03-28,23:59:59,1.271,200
2021-11-27,23:59:59,3.151,200
2021-12-16,23:59:59,9.121,200
2021-12-27,23:59:59,2.329,200
2022-09-23,23:59:59,5.562,200
2023-02-09,23:59:59,1.098,200
2023-02-20,23:59:59,10.553,200
2023-09-24,23:59:59,0.988,200
2023-12-03,23:59:59,6.837,200
2024-07-08,23:59:59,3.610,200
1980-06-19,23:59:59,4.215,200
1980-10-11,23:59:59,13.126,200
1981-04-27,23:59:59,6.792,200
1981-05-28,23:59:59,6.644,200
1981-09-06,23:59:59,18.499,200
1982-02-15,23:59:59,2.898,200
1983-02-08,23:59:59,0.648,200
1983-03-14,23:59:59,0.610,200
1983-05-14,23:59:59,17.120,200
1983-05-24,23:59:59,4.503,200
1983-06-19,23:59:59,3.961,200
1983-10-04,23:59:59,0.808,200
1984-08-24,23:59:59,0.666,200
1985-04-15,23:59:59,4.447,200
1985-05-04,23:59:59,0.829,200
1985-10-17,23:59:59,0.698,200
1986-08-12,23:59:59,18.575,200
1988-12-22,23:59:59,9.183,200
1989-08-16,23:59:59,15.788,200
1991-01-01,23:59:59,0.605,200
1991-01-18,23:59:59,4.601,200
1991-07-27,23:59:59,15.299,200
1992-02-19,23:59:59,5.514,200
1992-04-06,23:59:59,0.834,200
1992-12-16,23:59:59,0.777,200
1993-07-07,23:59:59,17.213,200
1993-12-05,23:59:59,0.686,200
1994-08-06,23:59:59,8.061,200
1995-02-19,23:59:59,15.314,200
1995-11-25,23:59:59,7.416,200
1995-12-24,23:59:59,18.125,200
1996-07-13,23:59:59,15.225,200
1996-11-20,23:59:59,8.021,200
1998-05-14,23:59:59,8.585,200
1998-06-15,23:59:59,13.880,200
1998-12-10,23:59:59,3.576,200
1998-12-25,23:59:59,4.476,200
1999-05-01,23:59:59,0.879,200
1999-05-13,23:59:59,17.143,200
1999-05-23,23:59:59,0.851,200
2000-06-12,23:59:59,8.291,200
2000-06-27,23:59:59,17.516,200
2000-10-29,23:59:59,9.427,200
2001-05-10,23:59:59,0.856,200
2001-06-04,23:59:59,4.204,200
2002-02-17,23:59:59,0.891,200
2002-06-22,23:59:59,4.832,200
2003-06-02,23:59:59,5.008,200
2003-08-10,23:59:59,1.313,200
2004-03-18,23:59:59,3.599,200
2004-10-29,23:59:59,0.764,200
2005-04-21,23:59:59,1.065,200
2005-11-18,23:59:59,1.006,200
2006-03-21,23:59:59,17.347,200
2007-04-28,23:59:59,6.614,200
2007-06-29,23:59:59,16.795,200
2007-07-01,23:59:59,1.090,200
2007-07-14,23:59:59,12.249,200
2007-11-02,23:59:59,1.249,200
2008-06-16,23:59:59,7.468,200
2009-03-23,23:59:59,5.389,200
2009-03-25,23:59:59,4.276,200
2010-04-28,23:59:59,1.244,200
2010-07-03,23:59:59,16.425,200
2011-03-10,23:59:59,4.138,200
2011-09-19,23:59:59,1.217,200
2011-10-08,23:59:59,4.591,200
2012-10-09,23:59:59,0.299,200
2013-12-29,23:59:59,2.983,200
2014-01-16,23:59:59,1.378,200
2014-07-28,23:59:59,16.753,200
2016-01-09,23:59:59,1.493,200
2016-01-12,23:59:59,2.972,200
2016-02-21,23:59:59,1.034,200
2016-03-18,23:59:59,6.344,200
2017-05-17,23:59:59,7.565,200
2018-12-03,23:59:59,1.011,200
2019-02-26,23:59:59,7.307,200
2019-03-20,23:59:59,11.435,200
2019-08-21,23:59:59,15.875,200
2019-09-26,23:59:59,3.720,200
2020-11-17,23:59:59,0.973,200
2021-04-04,23:59:59,3.114,200
2021-12-02,23:59:59,3.032,200
2022-02-03,23:59:59,7.791,200
2022-02-25,23:59:59,16.533,200
2022-05-25,23:59:59,6.328,200
2022-10-12,23:59:59,4.236,200
2022-10-19,23:59:59,4.686,200
2022-12-06,23:59:59,3.129,200
2023-10-19,23:59:59,1.074,200
2024-11-06,23:59:59,2.180,200
2024-11-11,23:59:59,1.092,200
