TimePeriod,Variable,Scenario,Sector,Unit,Value
2013,Total ICPs,Constraint,Commercial,Number,83
2013,Total ICPs,Constraint,Industrial,Number,80
2013,Total ICPs,Constraint,Residential,Number,2122
2013,Total ICPs,Environmental,Commercial,Number,83
2013,Total ICPs,Environmental,Industrial,Number,80
2013,Total ICPs,Environmental,Residential,Number,2122
2013,Total ICPs,Growth,Commercial,Number,83
2013,Total ICPs,Growth,Industrial,Number,80
2013,Total ICPs,Growth,Residential,Number,2122
2013,Total ICPs,Innovation,Commercial,Number,83
2013,Total ICPs,Innovation,Industrial,Number,80
2013,Total ICPs,Innovation,Residential,Number,2122
2013,Total ICPs,Reference,Commercial,Number,83
2013,Total ICPs,Reference,Industrial,Number,80
2013,Total ICPs,Reference,Residential,Number,2122
2013,Total capacity,Constraint,Commercial,MW,0.481
2013,Total capacity,Constraint,Industrial,MW,0.651
2013,Total capacity,Constraint,Residential,MW,7.452
2013,Total capacity,Environmental,Commercial,MW,0.481
2013,Total capacity,Environmental,Industrial,MW,0.651
2013,Total capacity,Environmental,Residential,MW,7.452
2013,Total capacity,Growth,Commercial,MW,0.481
2013,Total capacity,Growth,Industrial,MW,0.651
2013,Total capacity,Growth,Residential,MW,7.452
2013,Total capacity,Innovation,Commercial,MW,0.481
2013,Total capacity,Innovation,Industrial,MW,0.651
2013,Total capacity,Innovation,Residential,MW,7.452
2013,Total capacity,Reference,Commercial,MW,0.481
2013,Total capacity,Reference,Industrial,MW,0.651
2013,Total capacity,Reference,Residential,MW,7.452
2014,Total ICPs,Constraint,Commercial,Number,177
2014,Total ICPs,Constraint,Industrial,Number,158
2014,Total ICPs,Constraint,Residential,Number,5184
2014,Total ICPs,Environmental,Commercial,Number,177
2014,Total ICPs,Environmental,Industrial,Number,158
2014,Total ICPs,Environmental,Residential,Number,5184
2014,Total ICPs,Growth,Commercial,Number,177
2014,Total ICPs,Growth,Industrial,Number,158
2014,Total ICPs,Growth,Residential,Number,5184
2014,Total ICPs,Innovation,Commercial,Number,177
2014,Total ICPs,Innovation,Industrial,Number,158
2014,Total ICPs,Innovation,Residential,Number,5184
2014,Total ICPs,Reference,Commercial,Number,177
2014,Total ICPs,Reference,Industrial,Number,158
2014,Total ICPs,Reference,Residential,Number,5184
2014,Total capacity,Constraint,Commercial,MW,1.771
2014,Total capacity,Constraint,Industrial,MW,1.642
2014,Total capacity,Constraint,Residential,MW,18.632
2014,Total capacity,Environmental,Commercial,MW,1.771
2014,Total capacity,Environmental,Industrial,MW,1.642
2014,Total capacity,Environmental,Residential,MW,18.632
2014,Total capacity,Growth,Commercial,MW,1.771
2014,Total capacity,Growth,Industrial,MW,1.642
2014,Total capacity,Growth,Residential,MW,18.632
2014,Total capacity,Innovation,Commercial,MW,1.771
2014,Total capacity,Innovation,Industrial,MW,1.642
2014,Total capacity,Innovation,Residential,MW,18.632
2014,Total capacity,Reference,Commercial,MW,1.771
2014,Total capacity,Reference,Industrial,MW,1.642
2014,Total capacity,Reference,Residential,MW,18.632
2015,Total ICPs,Constraint,Commercial,Number,291
2015,Total ICPs,Constraint,Industrial,Number,257
2015,Total ICPs,Constraint,Residential,Number,8966
2015,Total ICPs,Environmental,Commercial,Number,291
2015,Total ICPs,Environmental,Industrial,Number,257
2015,Total ICPs,Environmental,Residential,Number,8966
2015,Total ICPs,Growth,Commercial,Number,291
2015,Total ICPs,Growth,Industrial,Number,257
2015,Total ICPs,Growth,Residential,Number,8966
2015,Total ICPs,Innovation,Commercial,Number,291
2015,Total ICPs,Innovation,Industrial,Number,257
2015,Total ICPs,Innovation,Residential,Number,8966
2015,Total ICPs,Reference,Commercial,Number,291
2015,Total ICPs,Reference,Industrial,Number,257
2015,Total ICPs,Reference,Residential,Number,8966
2015,Total capacity,Constraint,Commercial,MW,2.846
2015,Total capacity,Constraint,Industrial,MW,2.817
2015,Total capacity,Constraint,Residential,MW,31.586
2015,Total capacity,Environmental,Commercial,MW,2.846
2015,Total capacity,Environmental,Industrial,MW,2.817
2015,Total capacity,Environmental,Residential,MW,31.586
2015,Total capacity,Growth,Commercial,MW,2.846
2015,Total capacity,Growth,Industrial,MW,2.817
2015,Total capacity,Growth,Residential,MW,31.586
2015,Total capacity,Innovation,Commercial,MW,2.846
2015,Total capacity,Innovation,Industrial,MW,2.817
2015,Total capacity,Innovation,Residential,MW,31.586
2015,Total capacity,Reference,Commercial,MW,2.846
2015,Total capacity,Reference,Industrial,MW,2.817
2015,Total capacity,Reference,Residential,MW,31.586
2016,Total ICPs,Constraint,Commercial,Number,413
2016,Total ICPs,Constraint,Industrial,Number,348
2016,Total ICPs,Constraint,Residential,Number,13007
2016,Total ICPs,Environmental,Commercial,Number,413
2016,Total ICPs,Environmental,Industrial,Number,348
2016,Total ICPs,Environmental,Residential,Number,13007
2016,Total ICPs,Growth,Commercial,Number,413
2016,Total ICPs,Growth,Industrial,Number,348
2016,Total ICPs,Growth,Residential,Number,13007
2016,Total ICPs,Innovation,Commercial,Number,413
2016,Total ICPs,Innovation,Industrial,Number,348
2016,Total ICPs,Innovation,Residential,Number,13007
2016,Total ICPs,Reference,Commercial,Number,413
2016,Total ICPs,Reference,Industrial,Number,348
2016,Total ICPs,Reference,Residential,Number,13007
2016,Total capacity,Constraint,Commercial,MW,3.932
2016,Total capacity,Constraint,Industrial,MW,4.119
2016,Total capacity,Constraint,Residential,MW,45.007
2016,Total capacity,Environmental,Commercial,MW,3.932
2016,Total capacity,Environmental,Industrial,MW,4.119
2016,Total capacity,Environmental,Residential,MW,45.007
2016,Total capacity,Growth,Commercial,MW,3.932
2016,Total capacity,Growth,Industrial,MW,4.119
2016,Total capacity,Growth,Residential,MW,45.007
2016,Total capacity,Innovation,Commercial,MW,3.932
2016,Total capacity,Innovation,Industrial,MW,4.119
2016,Total capacity,Innovation,Residential,MW,45.007
2016,Total capacity,Reference,Commercial,MW,3.932
2016,Total capacity,Reference,Industrial,MW,4.119
2016,Total capacity,Reference,Residential,MW,45.007
2017,Total ICPs,Constraint,Commercial,Number,571
2017,Total ICPs,Constraint,Industrial,Number,428
2017,Total ICPs,Constraint,Residential,Number,17266
2017,Total ICPs,Environmental,Commercial,Number,571
2017,Total ICPs,Environmental,Industrial,Number,428
2017,Total ICPs,Environmental,Residential,Number,17266
2017,Total ICPs,Growth,Commercial,Number,571
2017,Total ICPs,Growth,Industrial,Number,428
2017,Total ICPs,Growth,Residential,Number,17266
2017,Total ICPs,Innovation,Commercial,Number,571
2017,Total ICPs,Innovation,Industrial,Number,428
2017,Total ICPs,Innovation,Residential,Number,17266
2017,Total ICPs,Reference,Commercial,Number,571
2017,Total ICPs,Reference,Industrial,Number,428
2017,Total ICPs,Reference,Residential,Number,17266
2017,Total capacity,Constraint,Commercial,MW,6.271
2017,Total capacity,Constraint,Industrial,MW,4.971
2017,Total capacity,Constraint,Residential,MW,59.377
2017,Total capacity,Environmental,Commercial,MW,6.271
2017,Total capacity,Environmental,Industrial,MW,4.971
2017,Total capacity,Environmental,Residential,MW,59.377
2017,Total capacity,Growth,Commercial,MW,6.271
2017,Total capacity,Growth,Industrial,MW,4.971
2017,Total capacity,Growth,Residential,MW,59.377
2017,Total capacity,Innovation,Commercial,MW,6.271
2017,Total capacity,Innovation,Industrial,MW,4.971
2017,Total capacity,Innovation,Residential,MW,59.377
2017,Total capacity,Reference,Commercial,MW,6.271
2017,Total capacity,Reference,Industrial,MW,4.971
2017,Total capacity,Reference,Residential,MW,59.377
2018,Total ICPs,Constraint,Commercial,Number,719
2018,Total ICPs,Constraint,Industrial,Number,521
2018,Total ICPs,Constraint,Residential,Number,21464
2018,Total ICPs,Environmental,Commercial,Number,719
2018,Total ICPs,Environmental,Industrial,Number,521
2018,Total ICPs,Environmental,Residential,Number,21464
2018,Total ICPs,Growth,Commercial,Number,719
2018,Total ICPs,Growth,Industrial,Number,521
2018,Total ICPs,Growth,Residential,Number,21464
2018,Total ICPs,Innovation,Commercial,Number,719
2018,Total ICPs,Innovation,Industrial,Number,521
2018,Total ICPs,Innovation,Residential,Number,21464
2018,Total ICPs,Reference,Commercial,Number,719
2018,Total ICPs,Reference,Industrial,Number,521
2018,Total ICPs,Reference,Residential,Number,21464
2018,Total capacity,Constraint,Commercial,MW,8.345
2018,Total capacity,Constraint,Industrial,MW,5.927
2018,Total capacity,Constraint,Residential,MW,77.033
2018,Total capacity,Environmental,Commercial,MW,8.345
2018,Total capacity,Environmental,Industrial,MW,5.927
2018,Total capacity,Environmental,Residential,MW,77.033
2018,Total capacity,Growth,Commercial,MW,8.345
2018,Total capacity,Growth,Industrial,MW,5.927
2018,Total capacity,Growth,Residential,MW,77.033
2018,Total capacity,Innovation,Commercial,MW,8.345
2018,Total capacity,Innovation,Industrial,MW,5.927
2018,Total capacity,Innovation,Residential,MW,77.033
2018,Total capacity,Reference,Commercial,MW,8.345
2018,Total capacity,Reference,Industrial,MW,5.927
2018,Total capacity,Reference,Residential,MW,77.033
2019,Total ICPs,Constraint,Commercial,Number,946
2019,Total ICPs,Constraint,Industrial,Number,617
2019,Total ICPs,Constraint,Residential,Number,24973
2019,Total ICPs,Environmental,Commercial,Number,946
2019,Total ICPs,Environmental,Industrial,Number,617
2019,Total ICPs,Environmental,Residential,Number,24973
2019,Total ICPs,Growth,Commercial,Number,946
2019,Total ICPs,Growth,Industrial,Number,617
2019,Total ICPs,Growth,Residential,Number,24973
2019,Total ICPs,Innovation,Commercial,Number,946
2019,Total ICPs,Innovation,Industrial,Number,617
2019,Total ICPs,Innovation,Residential,Number,24973
2019,Total ICPs,Reference,Commercial,Number,946
2019,Total ICPs,Reference,Industrial,Number,617
2019,Total ICPs,Reference,Residential,Number,24973
2019,Total capacity,Constraint,Commercial,MW,12.017
2019,Total capacity,Constraint,Industrial,MW,8.424
2019,Total capacity,Constraint,Residential,MW,94.092
2019,Total capacity,Environmental,Commercial,MW,12.017
2019,Total capacity,Environmental,Industrial,MW,8.424
2019,Total capacity,Environmental,Residential,MW,94.092
2019,Total capacity,Growth,Commercial,MW,12.017
2019,Total capacity,Growth,Industrial,MW,8.424
2019,Total capacity,Growth,Residential,MW,94.092
2019,Total capacity,Innovation,Commercial,MW,12.017
2019,Total capacity,Innovation,Industrial,MW,8.424
2019,Total capacity,Innovation,Residential,MW,94.092
2019,Total capacity,Reference,Commercial,MW,12.017
2019,Total capacity,Reference,Industrial,MW,8.424
2019,Total capacity,Reference,Residential,MW,94.092
2020,Total ICPs,Constraint,Commercial,Number,1258
2020,Total ICPs,Constraint,Industrial,Number,882
2020,Total ICPs,Constraint,Residential,Number,28658
2020,Total ICPs,Environmental,Commercial,Number,1258
2020,Total ICPs,Environmental,Industrial,Number,882
2020,Total ICPs,Environmental,Residential,Number,28658
2020,Total ICPs,Growth,Commercial,Number,1258
2020,Total ICPs,Growth,Industrial,Number,882
2020,Total ICPs,Growth,Residential,Number,28658
2020,Total ICPs,Innovation,Commercial,Number,1258
2020,Total ICPs,Innovation,Industrial,Number,882
2020,Total ICPs,Innovation,Residential,Number,28658
2020,Total ICPs,Reference,Commercial,Number,1258
2020,Total ICPs,Reference,Industrial,Number,882
2020,Total ICPs,Reference,Residential,Number,28658
2020,Total capacity,Constraint,Commercial,MW,18.258
2020,Total capacity,Constraint,Industrial,MW,14.439
2020,Total capacity,Constraint,Residential,MW,112.281
2020,Total capacity,Environmental,Commercial,MW,18.258
2020,Total capacity,Environmental,Industrial,MW,14.439
2020,Total capacity,Environmental,Residential,MW,112.281
2020,Total capacity,Growth,Commercial,MW,18.258
2020,Total capacity,Growth,Industrial,MW,14.439
2020,Total capacity,Growth,Residential,MW,112.281
2020,Total capacity,Innovation,Commercial,MW,18.258
2020,Total capacity,Innovation,Industrial,MW,14.439
2020,Total capacity,Innovation,Residential,MW,112.281
2020,Total capacity,Reference,Commercial,MW,18.258
2020,Total capacity,Reference,Industrial,MW,14.439
2020,Total capacity,Reference,Residential,MW,112.281
2021,Total ICPs,Constraint,Commercial,Number,1490
2021,Total ICPs,Constraint,Industrial,Number,1025
2021,Total ICPs,Constraint,Residential,Number,34536
2021,Total ICPs,Environmental,Commercial,Number,1490
2021,Total ICPs,Environmental,Industrial,Number,1025
2021,Total ICPs,Environmental,Residential,Number,34536
2021,Total ICPs,Growth,Commercial,Number,1490
2021,Total ICPs,Growth,Industrial,Number,1025
2021,Total ICPs,Growth,Residential,Number,34536
2021,Total ICPs,Innovation,Commercial,Number,1490
2021,Total ICPs,Innovation,Industrial,Number,1025
2021,Total ICPs,Innovation,Residential,Number,34536
2021,Total ICPs,Reference,Commercial,Number,1490
2021,Total ICPs,Reference,Industrial,Number,1025
2021,Total ICPs,Reference,Residential,Number,34536
2021,Total capacity,Constraint,Commercial,MW,25.312
2021,Total capacity,Constraint,Industrial,MW,21.575
2021,Total capacity,Constraint,Residential,MW,144.863
2021,Total capacity,Environmental,Commercial,MW,25.312
2021,Total capacity,Environmental,Industrial,MW,21.575
2021,Total capacity,Environmental,Residential,MW,144.863
2021,Total capacity,Growth,Commercial,MW,25.312
2021,Total capacity,Growth,Industrial,MW,21.575
2021,Total capacity,Growth,Residential,MW,144.863
2021,Total capacity,Innovation,Commercial,MW,25.312
2021,Total capacity,Innovation,Industrial,MW,21.575
2021,Total capacity,Innovation,Residential,MW,144.863
2021,Total capacity,Reference,Commercial,MW,25.312
2021,Total capacity,Reference,Industrial,MW,21.575
2021,Total capacity,Reference,Residential,MW,144.863
2022,Total ICPs,Constraint,Commercial,Number,1813
2022,Total ICPs,Constraint,Industrial,Number,1300
2022,Total ICPs,Constraint,Residential,Number,43082
2022,Total ICPs,Environmental,Commercial,Number,1813
2022,Total ICPs,Environmental,Industrial,Number,1300
2022,Total ICPs,Environmental,Residential,Number,43082
2022,Total ICPs,Growth,Commercial,Number,1813
2022,Total ICPs,Growth,Industrial,Number,1300
2022,Total ICPs,Growth,Residential,Number,43082
2022,Total ICPs,Innovation,Commercial,Number,1813
2022,Total ICPs,Innovation,Industrial,Number,1300
2022,Total ICPs,Innovation,Residential,Number,43082
2022,Total ICPs,Reference,Commercial,Number,1813
2022,Total ICPs,Reference,Industrial,Number,1300
2022,Total ICPs,Reference,Residential,Number,43082
2022,Total capacity,Constraint,Commercial,MW,33.906
2022,Total capacity,Constraint,Industrial,MW,33.834
2022,Total capacity,Constraint,Residential,MW,193.732
2022,Total capacity,Environmental,Commercial,MW,33.906
2022,Total capacity,Environmental,Industrial,MW,33.834
2022,Total capacity,Environmental,Residential,MW,193.732
2022,Total capacity,Growth,Commercial,MW,33.906
2022,Total capacity,Growth,Industrial,MW,33.834
2022,Total capacity,Growth,Residential,MW,193.732
2022,Total capacity,Innovation,Commercial,MW,33.906
2022,Total capacity,Innovation,Industrial,MW,33.834
2022,Total capacity,Innovation,Residential,MW,193.732
2022,Total capacity,Reference,Commercial,MW,33.906
2022,Total capacity,Reference,Industrial,MW,33.834
2022,Total capacity,Reference,Residential,MW,193.732
2023,Total ICPs,Constraint,Commercial,Number,2056
2023,Total ICPs,Constraint,Industrial,Number,1701
2023,Total ICPs,Constraint,Residential,Number,52586
2023,Total ICPs,Environmental,Commercial,Number,2056
2023,Total ICPs,Environmental,Industrial,Number,1701
2023,Total ICPs,Environmental,Residential,Number,52586
2023,Total ICPs,Growth,Commercial,Number,2056
2023,Total ICPs,Growth,Industrial,Number,1701
2023,Total ICPs,Growth,Residential,Number,52586
2023,Total ICPs,Innovation,Commercial,Number,2056
2023,Total ICPs,Innovation,Industrial,Number,1701
2023,Total ICPs,Innovation,Residential,Number,52586
2023,Total ICPs,Reference,Commercial,Number,2056
2023,Total ICPs,Reference,Industrial,Number,1701
2023,Total ICPs,Reference,Residential,Number,52586
2023,Total capacity,Constraint,Commercial,MW,45.183
2023,Total capacity,Constraint,Industrial,MW,52.049
2023,Total capacity,Constraint,Residential,MW,249.195
2023,Total capacity,Environmental,Commercial,MW,45.183
2023,Total capacity,Environmental,Industrial,MW,52.049
2023,Total capacity,Environmental,Residential,MW,249.195
2023,Total capacity,Growth,Commercial,MW,45.183
2023,Total capacity,Growth,Industrial,MW,52.049
2023,Total capacity,Growth,Residential,MW,249.195
2023,Total capacity,Innovation,Commercial,MW,45.183
2023,Total capacity,Innovation,Industrial,MW,52.049
2023,Total capacity,Innovation,Residential,MW,249.195
2023,Total capacity,Reference,Commercial,MW,45.183
2023,Total capacity,Reference,Industrial,MW,52.049
2023,Total capacity,Reference,Residential,MW,249.195
2024,Annual generation from new connections,Constraint,Commercial,MWh,11469.906
2024,Annual generation from new connections,Constraint,Industrial,MWh,10612.521
2024,Annual generation from new connections,Constraint,Residential,MWh,63590.40366
2024,Annual generation from new connections,Environmental,Commercial,MWh,11469.906
2024,Annual generation from new connections,Environmental,Industrial,MWh,10612.521
2024,Annual generation from new connections,Environmental,Residential,MWh,63590.40366
2024,Annual generation from new connections,Growth,Commercial,MWh,11469.906
2024,Annual generation from new connections,Growth,Industrial,MWh,10612.521
2024,Annual generation from new connections,Growth,Residential,MWh,63590.40366
2024,Annual generation from new connections,Innovation,Commercial,MWh,11469.906
2024,Annual generation from new connections,Innovation,Industrial,MWh,10612.521
2024,Annual generation from new connections,Innovation,Residential,MWh,63590.40366
2024,Annual generation from new connections,Reference,Commercial,MWh,11469.906
2024,Annual generation from new connections,Reference,Industrial,MWh,10612.521
2024,Annual generation from new connections,Reference,Residential,MWh,63590.40366
2024,Cumulative new ICPs,Constraint,Commercial,Number,413
2024,Cumulative new ICPs,Constraint,Industrial,Number,342
2024,Cumulative new ICPs,Constraint,Residential,Number,10519
2024,Cumulative new ICPs,Environmental,Commercial,Number,413
2024,Cumulative new ICPs,Environmental,Industrial,Number,342
2024,Cumulative new ICPs,Environmental,Residential,Number,10519
2024,Cumulative new ICPs,Growth,Commercial,Number,413
2024,Cumulative new ICPs,Growth,Industrial,Number,342
2024,Cumulative new ICPs,Growth,Residential,Number,10519
2024,Cumulative new ICPs,Innovation,Commercial,Number,413
2024,Cumulative new ICPs,Innovation,Industrial,Number,342
2024,Cumulative new ICPs,Innovation,Residential,Number,10519
2024,Cumulative new ICPs,Reference,Commercial,Number,413
2024,Cumulative new ICPs,Reference,Industrial,Number,342
2024,Cumulative new ICPs,Reference,Residential,Number,10519
2024,Cumulative new capacity,Constraint,Commercial,MW,9.030000000000001
2024,Cumulative new capacity,Constraint,Industrial,MW,8.355
2024,Cumulative new capacity,Constraint,Residential,MW,50.0633
2024,Cumulative new capacity,Environmental,Commercial,MW,9.030000000000001
2024,Cumulative new capacity,Environmental,Industrial,MW,8.355
2024,Cumulative new capacity,Environmental,Residential,MW,50.0633
2024,Cumulative new capacity,Growth,Commercial,MW,9.030000000000001
2024,Cumulative new capacity,Growth,Industrial,MW,8.355
2024,Cumulative new capacity,Growth,Residential,MW,50.0633
2024,Cumulative new capacity,Innovation,Commercial,MW,9.030000000000001
2024,Cumulative new capacity,Innovation,Industrial,MW,8.355
2024,Cumulative new capacity,Innovation,Residential,MW,50.0633
2024,Cumulative new capacity,Reference,Commercial,MW,9.030000000000001
2024,Cumulative new capacity,Reference,Industrial,MW,8.355
2024,Cumulative new capacity,Reference,Residential,MW,50.0633
2024,Total ICPs,Constraint,Commercial,Number,2469
2024,Total ICPs,Constraint,Industrial,Number,2043
2024,Total ICPs,Constraint,Residential,Number,63105
2024,Total ICPs,Environmental,Commercial,Number,2469
2024,Total ICPs,Environmental,Industrial,Number,2043
2024,Total ICPs,Environmental,Residential,Number,63105
2024,Total ICPs,Growth,Commercial,Number,2469
2024,Total ICPs,Growth,Industrial,Number,2043
2024,Total ICPs,Growth,Residential,Number,63105
2024,Total ICPs,Innovation,Commercial,Number,2469
2024,Total ICPs,Innovation,Industrial,Number,2043
2024,Total ICPs,Innovation,Residential,Number,63105
2024,Total ICPs,Reference,Commercial,Number,2469
2024,Total ICPs,Reference,Industrial,Number,2043
2024,Total ICPs,Reference,Residential,Number,63105
2024,Total capacity,Constraint,Commercial,MW,54.213
2024,Total capacity,Constraint,Industrial,MW,60.404
2024,Total capacity,Constraint,Residential,MW,299.2583
2024,Total capacity,Environmental,Commercial,MW,54.213
2024,Total capacity,Environmental,Industrial,MW,60.404
2024,Total capacity,Environmental,Residential,MW,299.2583
2024,Total capacity,Growth,Commercial,MW,54.213
2024,Total capacity,Growth,Industrial,MW,60.404
2024,Total capacity,Growth,Residential,MW,299.2583
2024,Total capacity,Innovation,Commercial,MW,54.213
2024,Total capacity,Innovation,Industrial,MW,60.404
2024,Total capacity,Innovation,Residential,MW,299.2583
2024,Total capacity,Reference,Commercial,MW,54.213
2024,Total capacity,Reference,Industrial,MW,60.404
2024,Total capacity,Reference,Residential,MW,299.2583
2025,Annual generation from new connections,Constraint,Commercial,MWh,23079.534
2025,Annual generation from new connections,Constraint,Industrial,MWh,21275.85
2025,Annual generation from new connections,Constraint,Residential,MWh,128437.79724
2025,Annual generation from new connections,Environmental,Commercial,MWh,23442.8112
2025,Annual generation from new connections,Environmental,Industrial,MWh,21593.4
2025,Annual generation from new connections,Environmental,Residential,MWh,131623.58586
2025,Annual generation from new connections,Growth,Commercial,MWh,23358.978
2025,Annual generation from new connections,Growth,Industrial,MWh,21498.135
2025,Annual generation from new connections,Growth,Residential,MWh,130347.66996
2025,Annual generation from new connections,Innovation,Commercial,MWh,23442.8112
2025,Annual generation from new connections,Innovation,Industrial,MWh,21593.4
2025,Annual generation from new connections,Innovation,Residential,MWh,131623.58586
2025,Annual generation from new connections,Reference,Commercial,MWh,23247.2004
2025,Annual generation from new connections,Reference,Industrial,MWh,21402.87
2025,Annual generation from new connections,Reference,Residential,MWh,129712.69698
2025,Cumulative new ICPs,Constraint,Commercial,Number,831
2025,Cumulative new ICPs,Constraint,Industrial,Number,685
2025,Cumulative new ICPs,Constraint,Residential,Number,21246
2025,Cumulative new ICPs,Environmental,Commercial,Number,844
2025,Cumulative new ICPs,Environmental,Industrial,Number,695
2025,Cumulative new ICPs,Environmental,Residential,Number,21773
2025,Cumulative new ICPs,Growth,Commercial,Number,841
2025,Cumulative new ICPs,Growth,Industrial,Number,692
2025,Cumulative new ICPs,Growth,Residential,Number,21562
2025,Cumulative new ICPs,Innovation,Commercial,Number,844
2025,Cumulative new ICPs,Innovation,Industrial,Number,695
2025,Cumulative new ICPs,Innovation,Residential,Number,21773
2025,Cumulative new ICPs,Reference,Commercial,Number,837
2025,Cumulative new ICPs,Reference,Industrial,Number,689
2025,Cumulative new ICPs,Reference,Residential,Number,21457
2025,Cumulative new capacity,Constraint,Commercial,MW,18.17
2025,Cumulative new capacity,Constraint,Industrial,MW,16.75
2025,Cumulative new capacity,Constraint,Residential,MW,101.1162
2025,Cumulative new capacity,Environmental,Commercial,MW,18.456
2025,Cumulative new capacity,Environmental,Industrial,MW,17
2025,Cumulative new capacity,Environmental,Residential,MW,103.6243
2025,Cumulative new capacity,Growth,Commercial,MW,18.39
2025,Cumulative new capacity,Growth,Industrial,MW,16.925
2025,Cumulative new capacity,Growth,Residential,MW,102.6198
2025,Cumulative new capacity,Innovation,Commercial,MW,18.456
2025,Cumulative new capacity,Innovation,Industrial,MW,17
2025,Cumulative new capacity,Innovation,Residential,MW,103.6243
2025,Cumulative new capacity,Reference,Commercial,MW,18.302
2025,Cumulative new capacity,Reference,Industrial,MW,16.85
2025,Cumulative new capacity,Reference,Residential,MW,102.1199
2025,Total ICPs,Constraint,Commercial,Number,2887
2025,Total ICPs,Constraint,Industrial,Number,2386
2025,Total ICPs,Constraint,Residential,Number,73832
2025,Total ICPs,Environmental,Commercial,Number,2900
2025,Total ICPs,Environmental,Industrial,Number,2396
2025,Total ICPs,Environmental,Residential,Number,74359
2025,Total ICPs,Growth,Commercial,Number,2897
2025,Total ICPs,Growth,Industrial,Number,2393
2025,Total ICPs,Growth,Residential,Number,74148
2025,Total ICPs,Innovation,Commercial,Number,2900
2025,Total ICPs,Innovation,Industrial,Number,2396
2025,Total ICPs,Innovation,Residential,Number,74359
2025,Total ICPs,Reference,Commercial,Number,2893
2025,Total ICPs,Reference,Industrial,Number,2390
2025,Total ICPs,Reference,Residential,Number,74043
2025,Total capacity,Constraint,Commercial,MW,63.353
2025,Total capacity,Constraint,Industrial,MW,68.799
2025,Total capacity,Constraint,Residential,MW,350.3112
2025,Total capacity,Environmental,Commercial,MW,63.639
2025,Total capacity,Environmental,Industrial,MW,69.04899999999999
2025,Total capacity,Environmental,Residential,MW,352.8193
2025,Total capacity,Growth,Commercial,MW,63.573
2025,Total capacity,Growth,Industrial,MW,68.974
2025,Total capacity,Growth,Residential,MW,351.8148
2025,Total capacity,Innovation,Commercial,MW,63.639
2025,Total capacity,Innovation,Industrial,MW,69.04899999999999
2025,Total capacity,Innovation,Residential,MW,352.8193
2025,Total capacity,Reference,Commercial,MW,63.485
2025,Total capacity,Reference,Industrial,MW,68.899
2025,Total capacity,Reference,Residential,MW,351.3149
2026,Annual generation from new connections,Constraint,Commercial,MWh,34139.1654
2026,Annual generation from new connections,Constraint,Industrial,MWh,31431.099
2026,Annual generation from new connections,Constraint,Residential,MWh,190927.44558
2026,Annual generation from new connections,Environmental,Commercial,MWh,35527.494
2026,Annual generation from new connections,Environmental,Industrial,MWh,32523.471
2026,Annual generation from new connections,Environmental,Residential,MWh,202044.363
2026,Annual generation from new connections,Growth,Commercial,MWh,35136.2724
2026,Annual generation from new connections,Growth,Industrial,MWh,32174.166
2026,Annual generation from new connections,Growth,Residential,MWh,197582.65848
2026,Annual generation from new connections,Innovation,Commercial,MWh,35527.494
2026,Annual generation from new connections,Innovation,Industrial,MWh,32523.471
2026,Annual generation from new connections,Innovation,Residential,MWh,202044.363
2026,Annual generation from new connections,Reference,Commercial,MWh,34745.0508
2026,Annual generation from new connections,Reference,Industrial,MWh,31780.404
2026,Annual generation from new connections,Reference,Residential,MWh,195358.28424
2026,Cumulative new ICPs,Constraint,Commercial,Number,1229
2026,Cumulative new ICPs,Constraint,Industrial,Number,1012
2026,Cumulative new ICPs,Constraint,Residential,Number,31583
2026,Cumulative new ICPs,Environmental,Commercial,Number,1279
2026,Cumulative new ICPs,Environmental,Industrial,Number,1047
2026,Cumulative new ICPs,Environmental,Residential,Number,33422
2026,Cumulative new ICPs,Growth,Commercial,Number,1265
2026,Cumulative new ICPs,Growth,Industrial,Number,1036
2026,Cumulative new ICPs,Growth,Residential,Number,32684
2026,Cumulative new ICPs,Innovation,Commercial,Number,1279
2026,Cumulative new ICPs,Innovation,Industrial,Number,1047
2026,Cumulative new ICPs,Innovation,Residential,Number,33422
2026,Cumulative new ICPs,Reference,Commercial,Number,1251
2026,Cumulative new ICPs,Reference,Industrial,Number,1023
2026,Cumulative new ICPs,Reference,Residential,Number,32316
2026,Cumulative new capacity,Constraint,Commercial,MW,26.877
2026,Cumulative new capacity,Constraint,Industrial,MW,24.745
2026,Cumulative new capacity,Constraint,Residential,MW,150.3129
2026,Cumulative new capacity,Environmental,Commercial,MW,27.97
2026,Cumulative new capacity,Environmental,Industrial,MW,25.605
2026,Cumulative new capacity,Environmental,Residential,MW,159.065
2026,Cumulative new capacity,Growth,Commercial,MW,27.662
2026,Cumulative new capacity,Growth,Industrial,MW,25.33
2026,Cumulative new capacity,Growth,Residential,MW,155.5524
2026,Cumulative new capacity,Innovation,Commercial,MW,27.97
2026,Cumulative new capacity,Innovation,Industrial,MW,25.605
2026,Cumulative new capacity,Innovation,Residential,MW,159.065
2026,Cumulative new capacity,Reference,Commercial,MW,27.354
2026,Cumulative new capacity,Reference,Industrial,MW,25.02
2026,Cumulative new capacity,Reference,Residential,MW,153.8012
2026,Total ICPs,Constraint,Commercial,Number,3285
2026,Total ICPs,Constraint,Industrial,Number,2713
2026,Total ICPs,Constraint,Residential,Number,84169
2026,Total ICPs,Environmental,Commercial,Number,3335
2026,Total ICPs,Environmental,Industrial,Number,2748
2026,Total ICPs,Environmental,Residential,Number,86008
2026,Total ICPs,Growth,Commercial,Number,3321
2026,Total ICPs,Growth,Industrial,Number,2737
2026,Total ICPs,Growth,Residential,Number,85270
2026,Total ICPs,Innovation,Commercial,Number,3335
2026,Total ICPs,Innovation,Industrial,Number,2748
2026,Total ICPs,Innovation,Residential,Number,86008
2026,Total ICPs,Reference,Commercial,Number,3307
2026,Total ICPs,Reference,Industrial,Number,2724
2026,Total ICPs,Reference,Residential,Number,84902
2026,Total capacity,Constraint,Commercial,MW,72.06
2026,Total capacity,Constraint,Industrial,MW,76.794
2026,Total capacity,Constraint,Residential,MW,399.5079
2026,Total capacity,Environmental,Commercial,MW,73.153
2026,Total capacity,Environmental,Industrial,MW,77.654
2026,Total capacity,Environmental,Residential,MW,408.26
2026,Total capacity,Growth,Commercial,MW,72.845
2026,Total capacity,Growth,Industrial,MW,77.379
2026,Total capacity,Growth,Residential,MW,404.7474
2026,Total capacity,Innovation,Commercial,MW,73.153
2026,Total capacity,Innovation,Industrial,MW,77.654
2026,Total capacity,Innovation,Residential,MW,408.26
2026,Total capacity,Reference,Commercial,MW,72.537
2026,Total capacity,Reference,Industrial,MW,77.069
2026,Total capacity,Reference,Residential,MW,402.9962
2027,Annual generation from new connections,Constraint,Commercial,MWh,43941.2988
2027,Annual generation from new connections,Constraint,Industrial,MWh,40258.989
2027,Annual generation from new connections,Constraint,Residential,MWh,246893.2197
2027,Annual generation from new connections,Environmental,Commercial,MWh,47109.1776
2027,Annual generation from new connections,Environmental,Industrial,MWh,42773.985
2027,Annual generation from new connections,Environmental,Residential,MWh,272229.264
2027,Annual generation from new connections,Growth,Commercial,MWh,46195.9038
2027,Annual generation from new connections,Growth,Industrial,MWh,41935.653
2027,Annual generation from new connections,Growth,Residential,MWh,262019.01534
2027,Annual generation from new connections,Innovation,Commercial,MWh,47109.1776
2027,Annual generation from new connections,Innovation,Industrial,MWh,42773.985
2027,Annual generation from new connections,Innovation,Residential,MWh,272229.264
2027,Annual generation from new connections,Reference,Commercial,MWh,45301.68300000001
2027,Annual generation from new connections,Reference,Industrial,MWh,41097.321
2027,Annual generation from new connections,Reference,Residential,MWh,256947.23376
2027,Cumulative new ICPs,Constraint,Commercial,Number,1582
2027,Cumulative new ICPs,Constraint,Industrial,Number,1296
2027,Cumulative new ICPs,Constraint,Residential,Number,40841
2027,Cumulative new ICPs,Environmental,Commercial,Number,1696
2027,Cumulative new ICPs,Environmental,Industrial,Number,1377
2027,Cumulative new ICPs,Environmental,Residential,Number,45032
2027,Cumulative new ICPs,Growth,Commercial,Number,1663
2027,Cumulative new ICPs,Growth,Industrial,Number,1350
2027,Cumulative new ICPs,Growth,Residential,Number,43343
2027,Cumulative new ICPs,Innovation,Commercial,Number,1696
2027,Cumulative new ICPs,Innovation,Industrial,Number,1377
2027,Cumulative new ICPs,Innovation,Residential,Number,45032
2027,Cumulative new ICPs,Reference,Commercial,Number,1631
2027,Cumulative new ICPs,Reference,Industrial,Number,1323
2027,Cumulative new ICPs,Reference,Residential,Number,42504
2027,Cumulative new capacity,Constraint,Commercial,MW,34.594
2027,Cumulative new capacity,Constraint,Industrial,MW,31.695
2027,Cumulative new capacity,Constraint,Residential,MW,194.3735
2027,Cumulative new capacity,Environmental,Commercial,MW,37.088
2027,Cumulative new capacity,Environmental,Industrial,MW,33.675
2027,Cumulative new capacity,Environmental,Residential,MW,214.32
2027,Cumulative new capacity,Growth,Commercial,MW,36.369
2027,Cumulative new capacity,Growth,Industrial,MW,33.015
2027,Cumulative new capacity,Growth,Residential,MW,206.2817
2027,Cumulative new capacity,Innovation,Commercial,MW,37.088
2027,Cumulative new capacity,Innovation,Industrial,MW,33.675
2027,Cumulative new capacity,Innovation,Residential,MW,214.32
2027,Cumulative new capacity,Reference,Commercial,MW,35.665
2027,Cumulative new capacity,Reference,Industrial,MW,32.355
2027,Cumulative new capacity,Reference,Residential,MW,202.2888
2027,Total ICPs,Constraint,Commercial,Number,3638
2027,Total ICPs,Constraint,Industrial,Number,2997
2027,Total ICPs,Constraint,Residential,Number,93427
2027,Total ICPs,Environmental,Commercial,Number,3752
2027,Total ICPs,Environmental,Industrial,Number,3078
2027,Total ICPs,Environmental,Residential,Number,97618
2027,Total ICPs,Growth,Commercial,Number,3719
2027,Total ICPs,Growth,Industrial,Number,3051
2027,Total ICPs,Growth,Residential,Number,95929
2027,Total ICPs,Innovation,Commercial,Number,3752
2027,Total ICPs,Innovation,Industrial,Number,3078
2027,Total ICPs,Innovation,Residential,Number,97618
2027,Total ICPs,Reference,Commercial,Number,3687
2027,Total ICPs,Reference,Industrial,Number,3024
2027,Total ICPs,Reference,Residential,Number,95090
2027,Total capacity,Constraint,Commercial,MW,79.777
2027,Total capacity,Constraint,Industrial,MW,83.744
2027,Total capacity,Constraint,Residential,MW,443.5685
2027,Total capacity,Environmental,Commercial,MW,82.271
2027,Total capacity,Environmental,Industrial,MW,85.724
2027,Total capacity,Environmental,Residential,MW,463.515
2027,Total capacity,Growth,Commercial,MW,81.55199999999999
2027,Total capacity,Growth,Industrial,MW,85.064
2027,Total capacity,Growth,Residential,MW,455.4767
2027,Total capacity,Innovation,Commercial,MW,82.271
2027,Total capacity,Innovation,Industrial,MW,85.724
2027,Total capacity,Innovation,Residential,MW,463.515
2027,Total capacity,Reference,Commercial,MW,80.848
2027,Total capacity,Reference,Industrial,MW,84.404
2027,Total capacity,Reference,Residential,MW,451.4838
2028,Annual generation from new connections,Constraint,Commercial,MWh,51693.3294
2028,Annual generation from new connections,Constraint,Industrial,MWh,47092.665
2028,Annual generation from new connections,Constraint,Residential,MWh,292082.49
2028,Annual generation from new connections,Environmental,Commercial,MWh,57554.0322
2028,Annual generation from new connections,Environmental,Industrial,MWh,51665.385
2028,Annual generation from new connections,Environmental,Residential,MWh,339113.93136
2028,Annual generation from new connections,Growth,Commercial,MWh,55830.3708
2028,Annual generation from new connections,Growth,Industrial,MWh,50115.741
2028,Annual generation from new connections,Growth,Residential,MWh,320005.16958
2028,Annual generation from new connections,Innovation,Commercial,MWh,57554.0322
2028,Annual generation from new connections,Innovation,Industrial,MWh,51665.385
2028,Annual generation from new connections,Innovation,Residential,MWh,339113.93136
2028,Annual generation from new connections,Reference,Commercial,MWh,54162.5982
2028,Annual generation from new connections,Reference,Industrial,MWh,48578.799
2028,Annual generation from new connections,Reference,Residential,MWh,310598.06838
2028,Cumulative new ICPs,Constraint,Commercial,Number,1861
2028,Cumulative new ICPs,Constraint,Industrial,Number,1516
2028,Cumulative new ICPs,Constraint,Residential,Number,48316
2028,Cumulative new ICPs,Environmental,Commercial,Number,2072
2028,Cumulative new ICPs,Environmental,Industrial,Number,1663
2028,Cumulative new ICPs,Environmental,Residential,Number,56096
2028,Cumulative new ICPs,Growth,Commercial,Number,2010
2028,Cumulative new ICPs,Growth,Industrial,Number,1613
2028,Cumulative new ICPs,Growth,Residential,Number,52935
2028,Cumulative new ICPs,Innovation,Commercial,Number,2072
2028,Cumulative new ICPs,Innovation,Industrial,Number,1663
2028,Cumulative new ICPs,Innovation,Residential,Number,56096
2028,Cumulative new ICPs,Reference,Commercial,Number,1950
2028,Cumulative new ICPs,Reference,Industrial,Number,1564
2028,Cumulative new ICPs,Reference,Residential,Number,51379
2028,Cumulative new capacity,Constraint,Commercial,MW,40.697
2028,Cumulative new capacity,Constraint,Industrial,MW,37.075
2028,Cumulative new capacity,Constraint,Residential,MW,229.95
2028,Cumulative new capacity,Environmental,Commercial,MW,45.311
2028,Cumulative new capacity,Environmental,Industrial,MW,40.675
2028,Cumulative new capacity,Environmental,Residential,MW,266.9768
2028,Cumulative new capacity,Growth,Commercial,MW,43.954
2028,Cumulative new capacity,Growth,Industrial,MW,39.455
2028,Cumulative new capacity,Growth,Residential,MW,251.9329
2028,Cumulative new capacity,Innovation,Commercial,MW,45.311
2028,Cumulative new capacity,Innovation,Industrial,MW,40.675
2028,Cumulative new capacity,Innovation,Residential,MW,266.9768
2028,Cumulative new capacity,Reference,Commercial,MW,42.641
2028,Cumulative new capacity,Reference,Industrial,MW,38.245
2028,Cumulative new capacity,Reference,Residential,MW,244.5269
2028,Total ICPs,Constraint,Commercial,Number,3917
2028,Total ICPs,Constraint,Industrial,Number,3217
2028,Total ICPs,Constraint,Residential,Number,100902
2028,Total ICPs,Environmental,Commercial,Number,4128
2028,Total ICPs,Environmental,Industrial,Number,3364
2028,Total ICPs,Environmental,Residential,Number,108682
2028,Total ICPs,Growth,Commercial,Number,4066
2028,Total ICPs,Growth,Industrial,Number,3314
2028,Total ICPs,Growth,Residential,Number,105521
2028,Total ICPs,Innovation,Commercial,Number,4128
2028,Total ICPs,Innovation,Industrial,Number,3364
2028,Total ICPs,Innovation,Residential,Number,108682
2028,Total ICPs,Reference,Commercial,Number,4006
2028,Total ICPs,Reference,Industrial,Number,3265
2028,Total ICPs,Reference,Residential,Number,103965
2028,Total capacity,Constraint,Commercial,MW,85.88
2028,Total capacity,Constraint,Industrial,MW,89.124
2028,Total capacity,Constraint,Residential,MW,479.145
2028,Total capacity,Environmental,Commercial,MW,90.494
2028,Total capacity,Environmental,Industrial,MW,92.724
2028,Total capacity,Environmental,Residential,MW,516.1718
2028,Total capacity,Growth,Commercial,MW,89.137
2028,Total capacity,Growth,Industrial,MW,91.504
2028,Total capacity,Growth,Residential,MW,501.1279
2028,Total capacity,Innovation,Commercial,MW,90.494
2028,Total capacity,Innovation,Industrial,MW,92.724
2028,Total capacity,Innovation,Residential,MW,516.1718
2028,Total capacity,Reference,Commercial,MW,87.824
2028,Total capacity,Reference,Industrial,MW,90.294
2028,Total capacity,Reference,Residential,MW,493.7219
2029,Annual generation from new connections,Constraint,Commercial,MWh,56668.7028
2029,Annual generation from new connections,Constraint,Industrial,MWh,51252.57
2029,Annual generation from new connections,Constraint,Residential,MWh,322573.89504
2029,Annual generation from new connections,Environmental,Commercial,MWh,66116.4504
2029,Annual generation from new connections,Environmental,Industrial,MWh,58626.081
2029,Annual generation from new connections,Environmental,Residential,MWh,399336.39972
2029,Annual generation from new connections,Growth,Commercial,MWh,63386.7906
2029,Annual generation from new connections,Growth,Industrial,MWh,56111.085
2029,Annual generation from new connections,Growth,Residential,MWh,367846.7445
2029,Annual generation from new connections,Innovation,Commercial,MWh,66116.4504
2029,Annual generation from new connections,Innovation,Industrial,MWh,58626.081
2029,Annual generation from new connections,Innovation,Residential,MWh,399336.39972
2029,Annual generation from new connections,Reference,Commercial,MWh,60666.0222
2029,Annual generation from new connections,Reference,Industrial,MWh,53659.599
2029,Annual generation from new connections,Reference,Residential,MWh,352503.9987
2029,Cumulative new ICPs,Constraint,Commercial,Number,2040
2029,Cumulative new ICPs,Constraint,Industrial,Number,1650
2029,Cumulative new ICPs,Constraint,Residential,Number,53360
2029,Cumulative new ICPs,Environmental,Commercial,Number,2380
2029,Cumulative new ICPs,Environmental,Industrial,Number,1887
2029,Cumulative new ICPs,Environmental,Residential,Number,66058
2029,Cumulative new ICPs,Growth,Commercial,Number,2282
2029,Cumulative new ICPs,Growth,Industrial,Number,1806
2029,Cumulative new ICPs,Growth,Residential,Number,60849
2029,Cumulative new ICPs,Innovation,Commercial,Number,2380
2029,Cumulative new ICPs,Innovation,Industrial,Number,1887
2029,Cumulative new ICPs,Innovation,Residential,Number,66058
2029,Cumulative new ICPs,Reference,Commercial,Number,2184
2029,Cumulative new ICPs,Reference,Industrial,Number,1727
2029,Cumulative new ICPs,Reference,Residential,Number,58311
2029,Cumulative new capacity,Constraint,Commercial,MW,44.614
2029,Cumulative new capacity,Constraint,Industrial,MW,40.35
2029,Cumulative new capacity,Constraint,Residential,MW,253.9552
2029,Cumulative new capacity,Environmental,Commercial,MW,52.052
2029,Cumulative new capacity,Environmental,Industrial,MW,46.155
2029,Cumulative new capacity,Environmental,Residential,MW,314.3886
2029,Cumulative new capacity,Growth,Commercial,MW,49.903
2029,Cumulative new capacity,Growth,Industrial,MW,44.175
2029,Cumulative new capacity,Growth,Residential,MW,289.5975
2029,Cumulative new capacity,Innovation,Commercial,MW,52.052
2029,Cumulative new capacity,Innovation,Industrial,MW,46.155
2029,Cumulative new capacity,Innovation,Residential,MW,314.3886
2029,Cumulative new capacity,Reference,Commercial,MW,47.761
2029,Cumulative new capacity,Reference,Industrial,MW,42.245
2029,Cumulative new capacity,Reference,Residential,MW,277.5185
2029,Total ICPs,Constraint,Commercial,Number,4096
2029,Total ICPs,Constraint,Industrial,Number,3351
2029,Total ICPs,Constraint,Residential,Number,105946
2029,Total ICPs,Environmental,Commercial,Number,4436
2029,Total ICPs,Environmental,Industrial,Number,3588
2029,Total ICPs,Environmental,Residential,Number,118644
2029,Total ICPs,Growth,Commercial,Number,4338
2029,Total ICPs,Growth,Industrial,Number,3507
2029,Total ICPs,Growth,Residential,Number,113435
2029,Total ICPs,Innovation,Commercial,Number,4436
2029,Total ICPs,Innovation,Industrial,Number,3588
2029,Total ICPs,Innovation,Residential,Number,118644
2029,Total ICPs,Reference,Commercial,Number,4240
2029,Total ICPs,Reference,Industrial,Number,3428
2029,Total ICPs,Reference,Residential,Number,110897
2029,Total capacity,Constraint,Commercial,MW,89.797
2029,Total capacity,Constraint,Industrial,MW,92.399
2029,Total capacity,Constraint,Residential,MW,503.1502
2029,Total capacity,Environmental,Commercial,MW,97.235
2029,Total capacity,Environmental,Industrial,MW,98.20400000000001
2029,Total capacity,Environmental,Residential,MW,563.5836
2029,Total capacity,Growth,Commercial,MW,95.086
2029,Total capacity,Growth,Industrial,MW,96.224
2029,Total capacity,Growth,Residential,MW,538.7925
2029,Total capacity,Innovation,Commercial,MW,97.235
2029,Total capacity,Innovation,Industrial,MW,98.20400000000001
2029,Total capacity,Innovation,Residential,MW,563.5836
2029,Total capacity,Reference,Commercial,MW,92.944
2029,Total capacity,Reference,Industrial,MW,94.294
2029,Total capacity,Reference,Residential,MW,526.7135
2030,Annual generation from new connections,Constraint,Commercial,MWh,58392.3642
2030,Annual generation from new connections,Constraint,Industrial,MWh,52281.432
2030,Annual generation from new connections,Constraint,Residential,MWh,335383.73502
2030,Annual generation from new connections,Environmental,Commercial,MWh,72303.5946
2030,Annual generation from new connections,Environmental,Industrial,MWh,63103.536
2030,Annual generation from new connections,Environmental,Residential,MWh,449548.67592
2030,Annual generation from new connections,Growth,Commercial,MWh,68166.5532
2030,Annual generation from new connections,Growth,Industrial,MWh,59400.903
2030,Annual generation from new connections,Growth,Residential,MWh,402136.04754
2030,Annual generation from new connections,Innovation,Commercial,MWh,72303.5946
2030,Annual generation from new connections,Innovation,Industrial,MWh,63103.536
2030,Annual generation from new connections,Innovation,Residential,MWh,449548.67592
2030,Annual generation from new connections,Reference,Commercial,MWh,64169.2338
2030,Annual generation from new connections,Reference,Industrial,MWh,55793.535
2030,Annual generation from new connections,Reference,Residential,MWh,379313.98308
2030,Cumulative new ICPs,Constraint,Commercial,Number,2102
2030,Cumulative new ICPs,Constraint,Industrial,Number,1683
2030,Cumulative new ICPs,Constraint,Residential,Number,55479
2030,Cumulative new ICPs,Environmental,Commercial,Number,2603
2030,Cumulative new ICPs,Environmental,Industrial,Number,2031
2030,Cumulative new ICPs,Environmental,Residential,Number,74364
2030,Cumulative new ICPs,Growth,Commercial,Number,2454
2030,Cumulative new ICPs,Growth,Industrial,Number,1912
2030,Cumulative new ICPs,Growth,Residential,Number,66521
2030,Cumulative new ICPs,Innovation,Commercial,Number,2603
2030,Cumulative new ICPs,Innovation,Industrial,Number,2031
2030,Cumulative new ICPs,Innovation,Residential,Number,74364
2030,Cumulative new ICPs,Reference,Commercial,Number,2310
2030,Cumulative new ICPs,Reference,Industrial,Number,1796
2030,Cumulative new ICPs,Reference,Residential,Number,62746
2030,Cumulative new capacity,Constraint,Commercial,MW,45.971
2030,Cumulative new capacity,Constraint,Industrial,MW,41.16
2030,Cumulative new capacity,Constraint,Residential,MW,264.0401
2030,Cumulative new capacity,Environmental,Commercial,MW,56.923
2030,Cumulative new capacity,Environmental,Industrial,MW,49.68
2030,Cumulative new capacity,Environmental,Residential,MW,353.9196
2030,Cumulative new capacity,Growth,Commercial,MW,53.666
2030,Cumulative new capacity,Growth,Industrial,MW,46.765
2030,Cumulative new capacity,Growth,Residential,MW,316.5927
2030,Cumulative new capacity,Innovation,Commercial,MW,56.923
2030,Cumulative new capacity,Innovation,Industrial,MW,49.68
2030,Cumulative new capacity,Innovation,Residential,MW,353.9196
2030,Cumulative new capacity,Reference,Commercial,MW,50.519
2030,Cumulative new capacity,Reference,Industrial,MW,43.925
2030,Cumulative new capacity,Reference,Residential,MW,298.6254
2030,Total ICPs,Constraint,Commercial,Number,4158
2030,Total ICPs,Constraint,Industrial,Number,3384
2030,Total ICPs,Constraint,Residential,Number,108065
2030,Total ICPs,Environmental,Commercial,Number,4659
2030,Total ICPs,Environmental,Industrial,Number,3732
2030,Total ICPs,Environmental,Residential,Number,126950
2030,Total ICPs,Growth,Commercial,Number,4510
2030,Total ICPs,Growth,Industrial,Number,3613
2030,Total ICPs,Growth,Residential,Number,119107
2030,Total ICPs,Innovation,Commercial,Number,4659
2030,Total ICPs,Innovation,Industrial,Number,3732
2030,Total ICPs,Innovation,Residential,Number,126950
2030,Total ICPs,Reference,Commercial,Number,4366
2030,Total ICPs,Reference,Industrial,Number,3497
2030,Total ICPs,Reference,Residential,Number,115332
2030,Total capacity,Constraint,Commercial,MW,91.154
2030,Total capacity,Constraint,Industrial,MW,93.20899999999999
2030,Total capacity,Constraint,Residential,MW,513.2351
2030,Total capacity,Environmental,Commercial,MW,102.106
2030,Total capacity,Environmental,Industrial,MW,101.729
2030,Total capacity,Environmental,Residential,MW,603.1146
2030,Total capacity,Growth,Commercial,MW,98.849
2030,Total capacity,Growth,Industrial,MW,98.814
2030,Total capacity,Growth,Residential,MW,565.7877
2030,Total capacity,Innovation,Commercial,MW,102.106
2030,Total capacity,Innovation,Industrial,MW,101.729
2030,Total capacity,Innovation,Residential,MW,603.1146
2030,Total capacity,Reference,Commercial,MW,95.702
2030,Total capacity,Reference,Industrial,MW,95.974
2030,Total capacity,Reference,Residential,MW,547.8204000000001
2031,Annual generation from new connections,Constraint,Commercial,MWh,60088.0812
2031,Annual generation from new connections,Constraint,Industrial,MWh,53342.04900000001
2031,Annual generation from new connections,Constraint,Residential,MWh,348447.36096
2031,Annual generation from new connections,Environmental,Commercial,MWh,78751.1298
2031,Annual generation from new connections,Environmental,Industrial,MWh,67752.46800000001
2031,Annual generation from new connections,Environmental,Residential,MWh,503259.20994
2031,Annual generation from new connections,Growth,Commercial,MWh,73197.81539999999
2031,Annual generation from new connections,Growth,Industrial,MWh,62785.986
2031,Annual generation from new connections,Growth,Residential,MWh,438141.1367400001
2031,Annual generation from new connections,Innovation,Commercial,MWh,78751.1298
2031,Annual generation from new connections,Innovation,Industrial,MWh,67752.46800000001
2031,Annual generation from new connections,Innovation,Residential,MWh,503259.20994
2031,Annual generation from new connections,Reference,Commercial,MWh,67859.1648
2031,Annual generation from new connections,Reference,Industrial,MWh,57978.279
2031,Annual generation from new connections,Reference,Residential,MWh,407200.84302
2031,Cumulative new ICPs,Constraint,Commercial,Number,2163
2031,Cumulative new ICPs,Constraint,Industrial,Number,1717
2031,Cumulative new ICPs,Constraint,Residential,Number,57640
2031,Cumulative new ICPs,Environmental,Commercial,Number,2835
2031,Cumulative new ICPs,Environmental,Industrial,Number,2181
2031,Cumulative new ICPs,Environmental,Residential,Number,83249
2031,Cumulative new ICPs,Growth,Commercial,Number,2635
2031,Cumulative new ICPs,Growth,Industrial,Number,2021
2031,Cumulative new ICPs,Growth,Residential,Number,72477
2031,Cumulative new ICPs,Innovation,Commercial,Number,2835
2031,Cumulative new ICPs,Innovation,Industrial,Number,2181
2031,Cumulative new ICPs,Innovation,Residential,Number,83249
2031,Cumulative new ICPs,Reference,Commercial,Number,2443
2031,Cumulative new ICPs,Reference,Industrial,Number,1866
2031,Cumulative new ICPs,Reference,Residential,Number,67359
2031,Cumulative new capacity,Constraint,Commercial,MW,47.306
2031,Cumulative new capacity,Constraint,Industrial,MW,41.995
2031,Cumulative new capacity,Constraint,Residential,MW,274.3248
2031,Cumulative new capacity,Environmental,Commercial,MW,61.999
2031,Cumulative new capacity,Environmental,Industrial,MW,53.34
2031,Cumulative new capacity,Environmental,Residential,MW,396.2047
2031,Cumulative new capacity,Growth,Commercial,MW,57.627
2031,Cumulative new capacity,Growth,Industrial,MW,49.43
2031,Cumulative new capacity,Growth,Residential,MW,344.9387
2031,Cumulative new capacity,Innovation,Commercial,MW,61.999
2031,Cumulative new capacity,Innovation,Industrial,MW,53.34
2031,Cumulative new capacity,Innovation,Residential,MW,396.2047
2031,Cumulative new capacity,Reference,Commercial,MW,53.424
2031,Cumulative new capacity,Reference,Industrial,MW,45.645
2031,Cumulative new capacity,Reference,Residential,MW,320.5801
2031,Total ICPs,Constraint,Commercial,Number,4219
2031,Total ICPs,Constraint,Industrial,Number,3418
2031,Total ICPs,Constraint,Residential,Number,110226
2031,Total ICPs,Environmental,Commercial,Number,4891
2031,Total ICPs,Environmental,Industrial,Number,3882
2031,Total ICPs,Environmental,Residential,Number,135835
2031,Total ICPs,Growth,Commercial,Number,4691
2031,Total ICPs,Growth,Industrial,Number,3722
2031,Total ICPs,Growth,Residential,Number,125063
2031,Total ICPs,Innovation,Commercial,Number,4891
2031,Total ICPs,Innovation,Industrial,Number,3882
2031,Total ICPs,Innovation,Residential,Number,135835
2031,Total ICPs,Reference,Commercial,Number,4499
2031,Total ICPs,Reference,Industrial,Number,3567
2031,Total ICPs,Reference,Residential,Number,119945
2031,Total capacity,Constraint,Commercial,MW,92.48899999999999
2031,Total capacity,Constraint,Industrial,MW,94.044
2031,Total capacity,Constraint,Residential,MW,523.5198
2031,Total capacity,Environmental,Commercial,MW,107.182
2031,Total capacity,Environmental,Industrial,MW,105.389
2031,Total capacity,Environmental,Residential,MW,645.3997
2031,Total capacity,Growth,Commercial,MW,102.81
2031,Total capacity,Growth,Industrial,MW,101.479
2031,Total capacity,Growth,Residential,MW,594.1337
2031,Total capacity,Innovation,Commercial,MW,107.182
2031,Total capacity,Innovation,Industrial,MW,105.389
2031,Total capacity,Innovation,Residential,MW,645.3997
2031,Total capacity,Reference,Commercial,MW,98.607
2031,Total capacity,Reference,Industrial,MW,97.694
2031,Total capacity,Reference,Residential,MW,569.7751000000001
2032,Annual generation from new connections,Constraint,Commercial,MWh,61858.74
2032,Annual generation from new connections,Constraint,Industrial,MWh,54402.666
2032,Annual generation from new connections,Constraint,Residential,MWh,361777.7289
2032,Annual generation from new connections,Environmental,Commercial,MWh,85533.9978
2032,Annual generation from new connections,Environmental,Industrial,MWh,72547.473
2032,Annual generation from new connections,Environmental,Residential,MWh,560743.7622
2032,Annual generation from new connections,Growth,Commercial,MWh,78415.797
2032,Annual generation from new connections,Growth,Industrial,MWh,66234.579
2032,Annual generation from new connections,Growth,Residential,MWh,475934.66754
2032,Annual generation from new connections,Innovation,Commercial,MWh,85533.9978
2032,Annual generation from new connections,Innovation,Industrial,MWh,72547.473
2032,Annual generation from new connections,Innovation,Residential,MWh,560743.7622
2032,Annual generation from new connections,Reference,Commercial,MWh,71557.9872
2032,Annual generation from new connections,Reference,Industrial,MWh,60175.725
2032,Annual generation from new connections,Reference,Residential,MWh,436206.3681
2032,Cumulative new ICPs,Constraint,Commercial,Number,2227
2032,Cumulative new ICPs,Constraint,Industrial,Number,1751
2032,Cumulative new ICPs,Constraint,Residential,Number,59845
2032,Cumulative new ICPs,Environmental,Commercial,Number,3079
2032,Cumulative new ICPs,Environmental,Industrial,Number,2335
2032,Cumulative new ICPs,Environmental,Residential,Number,92758
2032,Cumulative new ICPs,Growth,Commercial,Number,2823
2032,Cumulative new ICPs,Growth,Industrial,Number,2132
2032,Cumulative new ICPs,Growth,Residential,Number,78729
2032,Cumulative new ICPs,Innovation,Commercial,Number,3079
2032,Cumulative new ICPs,Innovation,Industrial,Number,2335
2032,Cumulative new ICPs,Innovation,Residential,Number,92758
2032,Cumulative new ICPs,Reference,Commercial,Number,2576
2032,Cumulative new ICPs,Reference,Industrial,Number,1937
2032,Cumulative new ICPs,Reference,Residential,Number,72157
2032,Cumulative new capacity,Constraint,Commercial,MW,48.7
2032,Cumulative new capacity,Constraint,Industrial,MW,42.83
2032,Cumulative new capacity,Constraint,Residential,MW,284.8195
2032,Cumulative new capacity,Environmental,Commercial,MW,67.339
2032,Cumulative new capacity,Environmental,Industrial,MW,57.115
2032,Cumulative new capacity,Environmental,Residential,MW,441.461
2032,Cumulative new capacity,Growth,Commercial,MW,61.735
2032,Cumulative new capacity,Growth,Industrial,MW,52.145
2032,Cumulative new capacity,Growth,Residential,MW,374.6927
2032,Cumulative new capacity,Innovation,Commercial,MW,67.339
2032,Cumulative new capacity,Innovation,Industrial,MW,57.115
2032,Cumulative new capacity,Innovation,Residential,MW,441.461
2032,Cumulative new capacity,Reference,Commercial,MW,56.336
2032,Cumulative new capacity,Reference,Industrial,MW,47.375
2032,Cumulative new capacity,Reference,Residential,MW,343.4155
2032,Total ICPs,Constraint,Commercial,Number,4283
2032,Total ICPs,Constraint,Industrial,Number,3452
2032,Total ICPs,Constraint,Residential,Number,112431
2032,Total ICPs,Environmental,Commercial,Number,5135
2032,Total ICPs,Environmental,Industrial,Number,4036
2032,Total ICPs,Environmental,Residential,Number,145344
2032,Total ICPs,Growth,Commercial,Number,4879
2032,Total ICPs,Growth,Industrial,Number,3833
2032,Total ICPs,Growth,Residential,Number,131315
2032,Total ICPs,Innovation,Commercial,Number,5135
2032,Total ICPs,Innovation,Industrial,Number,4036
2032,Total ICPs,Innovation,Residential,Number,145344
2032,Total ICPs,Reference,Commercial,Number,4632
2032,Total ICPs,Reference,Industrial,Number,3638
2032,Total ICPs,Reference,Residential,Number,124743
2032,Total capacity,Constraint,Commercial,MW,93.883
2032,Total capacity,Constraint,Industrial,MW,94.879
2032,Total capacity,Constraint,Residential,MW,534.0145
2032,Total capacity,Environmental,Commercial,MW,112.522
2032,Total capacity,Environmental,Industrial,MW,109.164
2032,Total capacity,Environmental,Residential,MW,690.656
2032,Total capacity,Growth,Commercial,MW,106.918
2032,Total capacity,Growth,Industrial,MW,104.194
2032,Total capacity,Growth,Residential,MW,623.8877
2032,Total capacity,Innovation,Commercial,MW,112.522
2032,Total capacity,Innovation,Industrial,MW,109.164
2032,Total capacity,Innovation,Residential,MW,690.656
2032,Total capacity,Reference,Commercial,MW,101.519
2032,Total capacity,Reference,Industrial,MW,99.42399999999999
2032,Total capacity,Reference,Residential,MW,592.6105
2033,Annual generation from new connections,Constraint,Commercial,MWh,63666.2346
2033,Annual generation from new connections,Constraint,Industrial,MWh,55463.283
2033,Annual generation from new connections,Constraint,Residential,MWh,375366.83658
2033,Annual generation from new connections,Environmental,Commercial,MWh,92699.196
2033,Annual generation from new connections,Environmental,Industrial,MWh,77577.465
2033,Annual generation from new connections,Environmental,Residential,MWh,622248.1164
2033,Annual generation from new connections,Growth,Commercial,MWh,83810.3364
2033,Annual generation from new connections,Growth,Industrial,MWh,69810.192
2033,Annual generation from new connections,Growth,Residential,MWh,515628.1635
2033,Annual generation from new connections,Innovation,Commercial,MWh,92699.196
2033,Annual generation from new connections,Innovation,Industrial,MWh,77577.465
2033,Annual generation from new connections,Innovation,Residential,MWh,622248.1164
2033,Annual generation from new connections,Reference,Commercial,MWh,75443.529
2033,Annual generation from new connections,Reference,Industrial,MWh,62436.681
2033,Annual generation from new connections,Reference,Residential,MWh,466372.3479
2033,Cumulative new ICPs,Constraint,Commercial,Number,2292
2033,Cumulative new ICPs,Constraint,Industrial,Number,1785
2033,Cumulative new ICPs,Constraint,Residential,Number,62093
2033,Cumulative new ICPs,Environmental,Commercial,Number,3337
2033,Cumulative new ICPs,Environmental,Industrial,Number,2497
2033,Cumulative new ICPs,Environmental,Residential,Number,102932
2033,Cumulative new ICPs,Growth,Commercial,Number,3017
2033,Cumulative new ICPs,Growth,Industrial,Number,2247
2033,Cumulative new ICPs,Growth,Residential,Number,85295
2033,Cumulative new ICPs,Innovation,Commercial,Number,3337
2033,Cumulative new ICPs,Innovation,Industrial,Number,2497
2033,Cumulative new ICPs,Innovation,Residential,Number,102932
2033,Cumulative new ICPs,Reference,Commercial,Number,2716
2033,Cumulative new ICPs,Reference,Industrial,Number,2010
2033,Cumulative new ICPs,Reference,Residential,Number,77147
2033,Cumulative new capacity,Constraint,Commercial,MW,50.123
2033,Cumulative new capacity,Constraint,Industrial,MW,43.665
2033,Cumulative new capacity,Constraint,Residential,MW,295.5179
2033,Cumulative new capacity,Environmental,Commercial,MW,72.98
2033,Cumulative new capacity,Environmental,Industrial,MW,61.075
2033,Cumulative new capacity,Environmental,Residential,MW,489.882
2033,Cumulative new capacity,Growth,Commercial,MW,65.982
2033,Cumulative new capacity,Growth,Industrial,MW,54.96
2033,Cumulative new capacity,Growth,Residential,MW,405.9425
2033,Cumulative new capacity,Innovation,Commercial,MW,72.98
2033,Cumulative new capacity,Innovation,Industrial,MW,61.075
2033,Cumulative new capacity,Innovation,Residential,MW,489.882
2033,Cumulative new capacity,Reference,Commercial,MW,59.395
2033,Cumulative new capacity,Reference,Industrial,MW,49.15499999999999
2033,Cumulative new capacity,Reference,Residential,MW,367.1645
2033,Total ICPs,Constraint,Commercial,Number,4348
2033,Total ICPs,Constraint,Industrial,Number,3486
2033,Total ICPs,Constraint,Residential,Number,114679
2033,Total ICPs,Environmental,Commercial,Number,5393
2033,Total ICPs,Environmental,Industrial,Number,4198
2033,Total ICPs,Environmental,Residential,Number,155518
2033,Total ICPs,Growth,Commercial,Number,5073
2033,Total ICPs,Growth,Industrial,Number,3948
2033,Total ICPs,Growth,Residential,Number,137881
2033,Total ICPs,Innovation,Commercial,Number,5393
2033,Total ICPs,Innovation,Industrial,Number,4198
2033,Total ICPs,Innovation,Residential,Number,155518
2033,Total ICPs,Reference,Commercial,Number,4772
2033,Total ICPs,Reference,Industrial,Number,3711
2033,Total ICPs,Reference,Residential,Number,129733
2033,Total capacity,Constraint,Commercial,MW,95.306
2033,Total capacity,Constraint,Industrial,MW,95.714
2033,Total capacity,Constraint,Residential,MW,544.7129
2033,Total capacity,Environmental,Commercial,MW,118.163
2033,Total capacity,Environmental,Industrial,MW,113.124
2033,Total capacity,Environmental,Residential,MW,739.077
2033,Total capacity,Growth,Commercial,MW,111.165
2033,Total capacity,Growth,Industrial,MW,107.009
2033,Total capacity,Growth,Residential,MW,655.1375
2033,Total capacity,Innovation,Commercial,MW,118.163
2033,Total capacity,Innovation,Industrial,MW,113.124
2033,Total capacity,Innovation,Residential,MW,739.077
2033,Total capacity,Reference,Commercial,MW,104.578
2033,Total capacity,Reference,Industrial,MW,101.204
2033,Total capacity,Reference,Residential,MW,616.3595
2034,Annual generation from new connections,Constraint,Commercial,MWh,65473.7292
2034,Annual generation from new connections,Constraint,Industrial,MWh,56568.357
2034,Annual generation from new connections,Constraint,Residential,MWh,389234.62614
2034,Annual generation from new connections,Environmental,Commercial,MWh,100143.8382
2034,Annual generation from new connections,Environmental,Industrial,MWh,82797.987
2034,Annual generation from new connections,Environmental,Residential,MWh,688049.93826
2034,Annual generation from new connections,Growth,Commercial,MWh,89475.4284
2034,Annual generation from new connections,Growth,Industrial,MWh,73481.06999999999
2034,Annual generation from new connections,Growth,Residential,MWh,557304.18762
2034,Annual generation from new connections,Innovation,Commercial,MWh,100143.8382
2034,Annual generation from new connections,Innovation,Industrial,MWh,82797.987
2034,Annual generation from new connections,Innovation,Residential,MWh,688049.93826
2034,Annual generation from new connections,Reference,Commercial,MWh,79421.7954
2034,Annual generation from new connections,Reference,Industrial,MWh,64748.445
2034,Annual generation from new connections,Reference,Residential,MWh,497740.572
2034,Cumulative new ICPs,Constraint,Commercial,Number,2357
2034,Cumulative new ICPs,Constraint,Industrial,Number,1821
2034,Cumulative new ICPs,Constraint,Residential,Number,64387
2034,Cumulative new ICPs,Environmental,Commercial,Number,3605
2034,Cumulative new ICPs,Environmental,Industrial,Number,2665
2034,Cumulative new ICPs,Environmental,Residential,Number,113817
2034,Cumulative new ICPs,Growth,Commercial,Number,3221
2034,Cumulative new ICPs,Growth,Industrial,Number,2365
2034,Cumulative new ICPs,Growth,Residential,Number,92189
2034,Cumulative new ICPs,Innovation,Commercial,Number,3605
2034,Cumulative new ICPs,Innovation,Industrial,Number,2665
2034,Cumulative new ICPs,Innovation,Residential,Number,113817
2034,Cumulative new ICPs,Reference,Commercial,Number,2859
2034,Cumulative new ICPs,Reference,Industrial,Number,2084
2034,Cumulative new ICPs,Reference,Residential,Number,82336
2034,Cumulative new capacity,Constraint,Commercial,MW,51.546
2034,Cumulative new capacity,Constraint,Industrial,MW,44.535
2034,Cumulative new capacity,Constraint,Residential,MW,306.4357
2034,Cumulative new capacity,Environmental,Commercial,MW,78.84100000000001
2034,Cumulative new capacity,Environmental,Industrial,MW,65.185
2034,Cumulative new capacity,Environmental,Residential,MW,541.6863
2034,Cumulative new capacity,Growth,Commercial,MW,70.442
2034,Cumulative new capacity,Growth,Industrial,MW,57.85
2034,Cumulative new capacity,Growth,Residential,MW,438.7531
2034,Cumulative new capacity,Innovation,Commercial,MW,78.84100000000001
2034,Cumulative new capacity,Innovation,Industrial,MW,65.185
2034,Cumulative new capacity,Innovation,Residential,MW,541.6863
2034,Cumulative new capacity,Reference,Commercial,MW,62.527
2034,Cumulative new capacity,Reference,Industrial,MW,50.975
2034,Cumulative new capacity,Reference,Residential,MW,391.86
2034,Total ICPs,Constraint,Commercial,Number,4413
2034,Total ICPs,Constraint,Industrial,Number,3522
2034,Total ICPs,Constraint,Residential,Number,116973
2034,Total ICPs,Environmental,Commercial,Number,5661
2034,Total ICPs,Environmental,Industrial,Number,4366
2034,Total ICPs,Environmental,Residential,Number,166403
2034,Total ICPs,Growth,Commercial,Number,5277
2034,Total ICPs,Growth,Industrial,Number,4066
2034,Total ICPs,Growth,Residential,Number,144775
2034,Total ICPs,Innovation,Commercial,Number,5661
2034,Total ICPs,Innovation,Industrial,Number,4366
2034,Total ICPs,Innovation,Residential,Number,166403
2034,Total ICPs,Reference,Commercial,Number,4915
2034,Total ICPs,Reference,Industrial,Number,3785
2034,Total ICPs,Reference,Residential,Number,134922
2034,Total capacity,Constraint,Commercial,MW,96.729
2034,Total capacity,Constraint,Industrial,MW,96.58399999999999
2034,Total capacity,Constraint,Residential,MW,555.6306999999999
2034,Total capacity,Environmental,Commercial,MW,124.024
2034,Total capacity,Environmental,Industrial,MW,117.234
2034,Total capacity,Environmental,Residential,MW,790.8813
2034,Total capacity,Growth,Commercial,MW,115.625
2034,Total capacity,Growth,Industrial,MW,109.899
2034,Total capacity,Growth,Residential,MW,687.9481
2034,Total capacity,Innovation,Commercial,MW,124.024
2034,Total capacity,Innovation,Industrial,MW,117.234
2034,Total capacity,Innovation,Residential,MW,790.8813
2034,Total capacity,Reference,Commercial,MW,107.71
2034,Total capacity,Reference,Industrial,MW,103.024
2034,Total capacity,Reference,Residential,MW,641.055
2035,Annual generation from new connections,Constraint,Commercial,MWh,67309.1682
2035,Annual generation from new connections,Constraint,Industrial,MWh,57660.729
2035,Annual generation from new connections,Constraint,Residential,MWh,403381.09758
2035,Annual generation from new connections,Environmental,Commercial,MWh,108007.6464
2035,Annual generation from new connections,Environmental,Industrial,MWh,88209.039
2035,Annual generation from new connections,Environmental,Residential,MWh,758470.7154
2035,Annual generation from new connections,Growth,Commercial,MWh,95308.1868
2035,Annual generation from new connections,Growth,Industrial,MWh,77291.67
2035,Annual generation from new connections,Growth,Residential,MWh,601059.2751
2035,Annual generation from new connections,Innovation,Commercial,MWh,108007.6464
2035,Annual generation from new connections,Innovation,Industrial,MWh,88209.039
2035,Annual generation from new connections,Innovation,Residential,MWh,758470.7154
2035,Annual generation from new connections,Reference,Commercial,MWh,83502.94799999999
2035,Annual generation from new connections,Reference,Industrial,MWh,67104.666
2035,Annual generation from new connections,Reference,Residential,MWh,530366.80218
2035,Cumulative new ICPs,Constraint,Commercial,Number,2423
2035,Cumulative new ICPs,Constraint,Industrial,Number,1856
2035,Cumulative new ICPs,Constraint,Residential,Number,66727
2035,Cumulative new ICPs,Environmental,Commercial,Number,3888
2035,Cumulative new ICPs,Environmental,Industrial,Number,2839
2035,Cumulative new ICPs,Environmental,Residential,Number,125466
2035,Cumulative new ICPs,Growth,Commercial,Number,3431
2035,Cumulative new ICPs,Growth,Industrial,Number,2488
2035,Cumulative new ICPs,Growth,Residential,Number,99427
2035,Cumulative new ICPs,Innovation,Commercial,Number,3888
2035,Cumulative new ICPs,Innovation,Industrial,Number,2839
2035,Cumulative new ICPs,Innovation,Residential,Number,125466
2035,Cumulative new ICPs,Reference,Commercial,Number,3006
2035,Cumulative new ICPs,Reference,Industrial,Number,2160
2035,Cumulative new ICPs,Reference,Residential,Number,87733
2035,Cumulative new capacity,Constraint,Commercial,MW,52.991
2035,Cumulative new capacity,Constraint,Industrial,MW,45.395
2035,Cumulative new capacity,Constraint,Residential,MW,317.5729
2035,Cumulative new capacity,Environmental,Commercial,MW,85.032
2035,Cumulative new capacity,Environmental,Industrial,MW,69.44500000000001
2035,Cumulative new capacity,Environmental,Residential,MW,597.127
2035,Cumulative new capacity,Growth,Commercial,MW,75.03399999999999
2035,Cumulative new capacity,Growth,Industrial,MW,60.84999999999999
2035,Cumulative new capacity,Growth,Residential,MW,473.2005
2035,Cumulative new capacity,Innovation,Commercial,MW,85.032
2035,Cumulative new capacity,Innovation,Industrial,MW,69.44500000000001
2035,Cumulative new capacity,Innovation,Residential,MW,597.127
2035,Cumulative new capacity,Reference,Commercial,MW,65.74000000000001
2035,Cumulative new capacity,Reference,Industrial,MW,52.83
2035,Cumulative new capacity,Reference,Residential,MW,417.5459
2035,Total ICPs,Constraint,Commercial,Number,4479
2035,Total ICPs,Constraint,Industrial,Number,3557
2035,Total ICPs,Constraint,Residential,Number,119313
2035,Total ICPs,Environmental,Commercial,Number,5944
2035,Total ICPs,Environmental,Industrial,Number,4540
2035,Total ICPs,Environmental,Residential,Number,178052
2035,Total ICPs,Growth,Commercial,Number,5487
2035,Total ICPs,Growth,Industrial,Number,4189
2035,Total ICPs,Growth,Residential,Number,152013
2035,Total ICPs,Innovation,Commercial,Number,5944
2035,Total ICPs,Innovation,Industrial,Number,4540
2035,Total ICPs,Innovation,Residential,Number,178052
2035,Total ICPs,Reference,Commercial,Number,5062
2035,Total ICPs,Reference,Industrial,Number,3861
2035,Total ICPs,Reference,Residential,Number,140319
2035,Total capacity,Constraint,Commercial,MW,98.174
2035,Total capacity,Constraint,Industrial,MW,97.444
2035,Total capacity,Constraint,Residential,MW,566.7678999999999
2035,Total capacity,Environmental,Commercial,MW,130.215
2035,Total capacity,Environmental,Industrial,MW,121.494
2035,Total capacity,Environmental,Residential,MW,846.322
2035,Total capacity,Growth,Commercial,MW,120.217
2035,Total capacity,Growth,Industrial,MW,112.899
2035,Total capacity,Growth,Residential,MW,722.3955
2035,Total capacity,Innovation,Commercial,MW,130.215
2035,Total capacity,Innovation,Industrial,MW,121.494
2035,Total capacity,Innovation,Residential,MW,846.322
2035,Total capacity,Reference,Commercial,MW,110.923
2035,Total capacity,Reference,Industrial,MW,104.879
2035,Total capacity,Reference,Residential,MW,666.7409
2036,Annual generation from new connections,Constraint,Commercial,MWh,69172.5516
2036,Annual generation from new connections,Constraint,Industrial,MWh,58721.346
2036,Annual generation from new connections,Constraint,Residential,MWh,417798.24864
2036,Annual generation from new connections,Environmental,Commercial,MWh,116281.7292
2036,Annual generation from new connections,Environmental,Industrial,MWh,93855.078
2036,Annual generation from new connections,Environmental,Residential,MWh,833813.00946
2036,Annual generation from new connections,Growth,Commercial,MWh,101420.3892
2036,Annual generation from new connections,Growth,Industrial,MWh,81153.07800000001
2036,Annual generation from new connections,Growth,Residential,MWh,647002.91718
2036,Annual generation from new connections,Innovation,Commercial,MWh,116281.7292
2036,Annual generation from new connections,Innovation,Industrial,MWh,93855.078
2036,Annual generation from new connections,Innovation,Residential,MWh,833813.00946
2036,Annual generation from new connections,Reference,Commercial,MWh,87723.8226
2036,Annual generation from new connections,Reference,Industrial,MWh,69492.64199999999
2036,Annual generation from new connections,Reference,Residential,MWh,564285.84192
2036,Cumulative new ICPs,Constraint,Commercial,Number,2490
2036,Cumulative new ICPs,Constraint,Industrial,Number,1890
2036,Cumulative new ICPs,Constraint,Residential,Number,69112
2036,Cumulative new ICPs,Environmental,Commercial,Number,4186
2036,Cumulative new ICPs,Environmental,Industrial,Number,3021
2036,Cumulative new ICPs,Environmental,Residential,Number,137929
2036,Cumulative new ICPs,Growth,Commercial,Number,3651
2036,Cumulative new ICPs,Growth,Industrial,Number,2612
2036,Cumulative new ICPs,Growth,Residential,Number,107027
2036,Cumulative new ICPs,Innovation,Commercial,Number,4186
2036,Cumulative new ICPs,Innovation,Industrial,Number,3021
2036,Cumulative new ICPs,Innovation,Residential,Number,137929
2036,Cumulative new ICPs,Reference,Commercial,Number,3158
2036,Cumulative new ICPs,Reference,Industrial,Number,2237
2036,Cumulative new ICPs,Reference,Residential,Number,93344
2036,Cumulative new capacity,Constraint,Commercial,MW,54.458
2036,Cumulative new capacity,Constraint,Industrial,MW,46.23
2036,Cumulative new capacity,Constraint,Residential,MW,328.9232
2036,Cumulative new capacity,Environmental,Commercial,MW,91.54599999999999
2036,Cumulative new capacity,Environmental,Industrial,MW,73.89
2036,Cumulative new capacity,Environmental,Residential,MW,656.4422999999999
2036,Cumulative new capacity,Growth,Commercial,MW,79.846
2036,Cumulative new capacity,Growth,Industrial,MW,63.89
2036,Cumulative new capacity,Growth,Residential,MW,509.3709
2036,Cumulative new capacity,Innovation,Commercial,MW,91.54599999999999
2036,Cumulative new capacity,Innovation,Industrial,MW,73.89
2036,Cumulative new capacity,Innovation,Residential,MW,656.4422999999999
2036,Cumulative new capacity,Reference,Commercial,MW,69.063
2036,Cumulative new capacity,Reference,Industrial,MW,54.71
2036,Cumulative new capacity,Reference,Residential,MW,444.2496
2036,Total ICPs,Constraint,Commercial,Number,4546
2036,Total ICPs,Constraint,Industrial,Number,3591
2036,Total ICPs,Constraint,Residential,Number,121698
2036,Total ICPs,Environmental,Commercial,Number,6242
2036,Total ICPs,Environmental,Industrial,Number,4722
2036,Total ICPs,Environmental,Residential,Number,190515
2036,Total ICPs,Growth,Commercial,Number,5707
2036,Total ICPs,Growth,Industrial,Number,4313
2036,Total ICPs,Growth,Residential,Number,159613
2036,Total ICPs,Innovation,Commercial,Number,6242
2036,Total ICPs,Innovation,Industrial,Number,4722
2036,Total ICPs,Innovation,Residential,Number,190515
2036,Total ICPs,Reference,Commercial,Number,5214
2036,Total ICPs,Reference,Industrial,Number,3938
2036,Total ICPs,Reference,Residential,Number,145930
2036,Total capacity,Constraint,Commercial,MW,99.641
2036,Total capacity,Constraint,Industrial,MW,98.279
2036,Total capacity,Constraint,Residential,MW,578.1182
2036,Total capacity,Environmental,Commercial,MW,136.729
2036,Total capacity,Environmental,Industrial,MW,125.939
2036,Total capacity,Environmental,Residential,MW,905.6373000000001
2036,Total capacity,Growth,Commercial,MW,125.029
2036,Total capacity,Growth,Industrial,MW,115.939
2036,Total capacity,Growth,Residential,MW,758.5659
2036,Total capacity,Innovation,Commercial,MW,136.729
2036,Total capacity,Innovation,Industrial,MW,125.939
2036,Total capacity,Innovation,Residential,MW,905.6373000000001
2036,Total capacity,Reference,Commercial,MW,114.246
2036,Total capacity,Reference,Industrial,MW,106.759
2036,Total capacity,Reference,Residential,MW,693.4446
2037,Annual generation from new connections,Constraint,Commercial,MWh,71082.9324
2037,Annual generation from new connections,Constraint,Industrial,MWh,59858.175
2037,Annual generation from new connections,Constraint,Residential,MWh,432518.9775
2037,Annual generation from new connections,Environmental,Commercial,MWh,124974.978
2037,Annual generation from new connections,Environmental,Industrial,MWh,99723.402
2037,Annual generation from new connections,Environmental,Residential,MWh,914432.09538
2037,Annual generation from new connections,Growth,Commercial,MWh,107756.1468
2037,Annual generation from new connections,Growth,Industrial,MWh,85217.71800000001
2037,Annual generation from new connections,Growth,Residential,MWh,695256.54498
2037,Annual generation from new connections,Innovation,Commercial,MWh,124974.978
2037,Annual generation from new connections,Innovation,Industrial,MWh,99723.402
2037,Annual generation from new connections,Innovation,Residential,MWh,914432.09538
2037,Annual generation from new connections,Reference,Commercial,MWh,92056.4748
2037,Annual generation from new connections,Reference,Industrial,MWh,71931.426
2037,Annual generation from new connections,Reference,Residential,MWh,599584.31886
2037,Cumulative new ICPs,Constraint,Commercial,Number,2559
2037,Cumulative new ICPs,Constraint,Industrial,Number,1927
2037,Cumulative new ICPs,Constraint,Residential,Number,71547
2037,Cumulative new ICPs,Environmental,Commercial,Number,4499
2037,Cumulative new ICPs,Environmental,Industrial,Number,3210
2037,Cumulative new ICPs,Environmental,Residential,Number,151265
2037,Cumulative new ICPs,Growth,Commercial,Number,3879
2037,Cumulative new ICPs,Growth,Industrial,Number,2743
2037,Cumulative new ICPs,Growth,Residential,Number,115009
2037,Cumulative new ICPs,Innovation,Commercial,Number,4499
2037,Cumulative new ICPs,Innovation,Industrial,Number,3210
2037,Cumulative new ICPs,Innovation,Residential,Number,151265
2037,Cumulative new ICPs,Reference,Commercial,Number,3314
2037,Cumulative new ICPs,Reference,Industrial,Number,2315
2037,Cumulative new ICPs,Reference,Residential,Number,99183
2037,Cumulative new capacity,Constraint,Commercial,MW,55.962
2037,Cumulative new capacity,Constraint,Industrial,MW,47.125
2037,Cumulative new capacity,Constraint,Residential,MW,340.5125
2037,Cumulative new capacity,Environmental,Commercial,MW,98.39
2037,Cumulative new capacity,Environmental,Industrial,MW,78.50999999999999
2037,Cumulative new capacity,Environmental,Residential,MW,719.9119
2037,Cumulative new capacity,Growth,Commercial,MW,84.834
2037,Cumulative new capacity,Growth,Industrial,MW,67.09
2037,Cumulative new capacity,Growth,Residential,MW,547.3599
2037,Cumulative new capacity,Innovation,Commercial,MW,98.39
2037,Cumulative new capacity,Innovation,Industrial,MW,78.50999999999999
2037,Cumulative new capacity,Innovation,Residential,MW,719.9119
2037,Cumulative new capacity,Reference,Commercial,MW,72.474
2037,Cumulative new capacity,Reference,Industrial,MW,56.63
2037,Cumulative new capacity,Reference,Residential,MW,472.0393
2037,Total ICPs,Constraint,Commercial,Number,4615
2037,Total ICPs,Constraint,Industrial,Number,3628
2037,Total ICPs,Constraint,Residential,Number,124133
2037,Total ICPs,Environmental,Commercial,Number,6555
2037,Total ICPs,Environmental,Industrial,Number,4911
2037,Total ICPs,Environmental,Residential,Number,203851
2037,Total ICPs,Growth,Commercial,Number,5935
2037,Total ICPs,Growth,Industrial,Number,4444
2037,Total ICPs,Growth,Residential,Number,167595
2037,Total ICPs,Innovation,Commercial,Number,6555
2037,Total ICPs,Innovation,Industrial,Number,4911
2037,Total ICPs,Innovation,Residential,Number,203851
2037,Total ICPs,Reference,Commercial,Number,5370
2037,Total ICPs,Reference,Industrial,Number,4016
2037,Total ICPs,Reference,Residential,Number,151769
2037,Total capacity,Constraint,Commercial,MW,101.145
2037,Total capacity,Constraint,Industrial,MW,99.174
2037,Total capacity,Constraint,Residential,MW,589.7075
2037,Total capacity,Environmental,Commercial,MW,143.573
2037,Total capacity,Environmental,Industrial,MW,130.559
2037,Total capacity,Environmental,Residential,MW,969.1069000000001
2037,Total capacity,Growth,Commercial,MW,130.017
2037,Total capacity,Growth,Industrial,MW,119.139
2037,Total capacity,Growth,Residential,MW,796.5549
2037,Total capacity,Innovation,Commercial,MW,143.573
2037,Total capacity,Innovation,Industrial,MW,130.559
2037,Total capacity,Innovation,Residential,MW,969.1069000000001
2037,Total capacity,Reference,Commercial,MW,117.657
2037,Total capacity,Reference,Industrial,MW,108.679
2037,Total capacity,Reference,Residential,MW,721.2343
2038,Annual generation from new connections,Constraint,Commercial,MWh,72974.2602
2038,Annual generation from new connections,Constraint,Industrial,MWh,61014.05699999999
2038,Annual generation from new connections,Constraint,Residential,MWh,447522.32586
2038,Annual generation from new connections,Environmental,Commercial,MWh,134059.4484
2038,Annual generation from new connections,Environmental,Industrial,MWh,105814.011
2038,Annual generation from new connections,Environmental,Residential,MWh,1000691.25036
2038,Annual generation from new connections,Growth,Commercial,MWh,114362.457
2038,Annual generation from new connections,Growth,Industrial,MWh,89345.868
2038,Annual generation from new connections,Growth,Residential,MWh,745908.69144
2038,Annual generation from new connections,Innovation,Commercial,MWh,134059.4484
2038,Annual generation from new connections,Innovation,Industrial,MWh,105814.011
2038,Annual generation from new connections,Innovation,Residential,MWh,1000691.25036
2038,Annual generation from new connections,Reference,Commercial,MWh,96528.849
2038,Annual generation from new connections,Reference,Industrial,MWh,74446.422
2038,Annual generation from new connections,Reference,Residential,MWh,636279.12666
2038,Cumulative new ICPs,Constraint,Commercial,Number,2627
2038,Cumulative new ICPs,Constraint,Industrial,Number,1964
2038,Cumulative new ICPs,Constraint,Residential,Number,74029
2038,Cumulative new ICPs,Environmental,Commercial,Number,4826
2038,Cumulative new ICPs,Environmental,Industrial,Number,3406
2038,Cumulative new ICPs,Environmental,Residential,Number,165534
2038,Cumulative new ICPs,Growth,Commercial,Number,4117
2038,Cumulative new ICPs,Growth,Industrial,Number,2876
2038,Cumulative new ICPs,Growth,Residential,Number,123388
2038,Cumulative new ICPs,Innovation,Commercial,Number,4826
2038,Cumulative new ICPs,Innovation,Industrial,Number,3406
2038,Cumulative new ICPs,Innovation,Residential,Number,165534
2038,Cumulative new ICPs,Reference,Commercial,Number,3475
2038,Cumulative new ICPs,Reference,Industrial,Number,2396
2038,Cumulative new ICPs,Reference,Residential,Number,105253
2038,Cumulative new capacity,Constraint,Commercial,MW,57.451
2038,Cumulative new capacity,Constraint,Industrial,MW,48.035
2038,Cumulative new capacity,Constraint,Residential,MW,352.3243
2038,Cumulative new capacity,Environmental,Commercial,MW,105.542
2038,Cumulative new capacity,Environmental,Industrial,MW,83.30499999999999
2038,Cumulative new capacity,Environmental,Residential,MW,787.8217999999999
2038,Cumulative new capacity,Growth,Commercial,MW,90.035
2038,Cumulative new capacity,Growth,Industrial,MW,70.34
2038,Cumulative new capacity,Growth,Residential,MW,587.2372
2038,Cumulative new capacity,Innovation,Commercial,MW,105.542
2038,Cumulative new capacity,Innovation,Industrial,MW,83.30499999999999
2038,Cumulative new capacity,Innovation,Residential,MW,787.8217999999999
2038,Cumulative new capacity,Reference,Commercial,MW,75.995
2038,Cumulative new capacity,Reference,Industrial,MW,58.61
2038,Cumulative new capacity,Reference,Residential,MW,500.9283
2038,Total ICPs,Constraint,Commercial,Number,4683
2038,Total ICPs,Constraint,Industrial,Number,3665
2038,Total ICPs,Constraint,Residential,Number,126615
2038,Total ICPs,Environmental,Commercial,Number,6882
2038,Total ICPs,Environmental,Industrial,Number,5107
2038,Total ICPs,Environmental,Residential,Number,218120
2038,Total ICPs,Growth,Commercial,Number,6173
2038,Total ICPs,Growth,Industrial,Number,4577
2038,Total ICPs,Growth,Residential,Number,175974
2038,Total ICPs,Innovation,Commercial,Number,6882
2038,Total ICPs,Innovation,Industrial,Number,5107
2038,Total ICPs,Innovation,Residential,Number,218120
2038,Total ICPs,Reference,Commercial,Number,5531
2038,Total ICPs,Reference,Industrial,Number,4097
2038,Total ICPs,Reference,Residential,Number,157839
2038,Total capacity,Constraint,Commercial,MW,102.634
2038,Total capacity,Constraint,Industrial,MW,100.084
2038,Total capacity,Constraint,Residential,MW,601.5193
2038,Total capacity,Environmental,Commercial,MW,150.725
2038,Total capacity,Environmental,Industrial,MW,135.354
2038,Total capacity,Environmental,Residential,MW,1037.0168
2038,Total capacity,Growth,Commercial,MW,135.218
2038,Total capacity,Growth,Industrial,MW,122.389
2038,Total capacity,Growth,Residential,MW,836.4322
2038,Total capacity,Innovation,Commercial,MW,150.725
2038,Total capacity,Innovation,Industrial,MW,135.354
2038,Total capacity,Innovation,Residential,MW,1037.0168
2038,Total capacity,Reference,Commercial,MW,121.178
2038,Total capacity,Reference,Industrial,MW,110.659
2038,Total capacity,Reference,Residential,MW,750.1233
2039,Annual generation from new connections,Constraint,Commercial,MWh,74921.4768
2039,Annual generation from new connections,Constraint,Industrial,MWh,62138.184
2039,Annual generation from new connections,Constraint,Residential,MWh,462829.25202
2039,Annual generation from new connections,Environmental,Commercial,MWh,143618.9736
2039,Annual generation from new connections,Environmental,Industrial,MWh,112190.415
2039,Annual generation from new connections,Environmental,Residential,MWh,1093002.52728
2039,Annual generation from new connections,Growth,Commercial,MWh,121201.2138
2039,Annual generation from new connections,Growth,Industrial,MWh,93588.336
2039,Annual generation from new connections,Growth,Residential,MWh,799094.75988
2039,Annual generation from new connections,Innovation,Commercial,MWh,143618.9736
2039,Annual generation from new connections,Innovation,Industrial,MWh,112190.415
2039,Annual generation from new connections,Innovation,Residential,MWh,1093002.52728
2039,Annual generation from new connections,Reference,Commercial,MWh,101140.9452
2039,Annual generation from new connections,Reference,Industrial,MWh,76961.418
2039,Annual generation from new connections,Reference,Residential,MWh,674448.8907
2039,Cumulative new ICPs,Constraint,Commercial,Number,2697
2039,Cumulative new ICPs,Constraint,Industrial,Number,2000
2039,Cumulative new ICPs,Constraint,Residential,Number,76561
2039,Cumulative new ICPs,Environmental,Commercial,Number,5170
2039,Cumulative new ICPs,Environmental,Industrial,Number,3611
2039,Cumulative new ICPs,Environmental,Residential,Number,180804
2039,Cumulative new ICPs,Growth,Commercial,Number,4363
2039,Cumulative new ICPs,Growth,Industrial,Number,3012
2039,Cumulative new ICPs,Growth,Residential,Number,132186
2039,Cumulative new ICPs,Innovation,Commercial,Number,5170
2039,Cumulative new ICPs,Innovation,Industrial,Number,3611
2039,Cumulative new ICPs,Innovation,Residential,Number,180804
2039,Cumulative new ICPs,Reference,Commercial,Number,3641
2039,Cumulative new ICPs,Reference,Industrial,Number,2477
2039,Cumulative new ICPs,Reference,Residential,Number,111567
2039,Cumulative new capacity,Constraint,Commercial,MW,58.984
2039,Cumulative new capacity,Constraint,Industrial,MW,48.92
2039,Cumulative new capacity,Constraint,Residential,MW,364.3751
2039,Cumulative new capacity,Environmental,Commercial,MW,113.068
2039,Cumulative new capacity,Environmental,Industrial,MW,88.325
2039,Cumulative new capacity,Environmental,Residential,MW,860.4964
2039,Cumulative new capacity,Growth,Commercial,MW,95.41900000000001
2039,Cumulative new capacity,Growth,Industrial,MW,73.68
2039,Cumulative new capacity,Growth,Residential,MW,629.1093999999999
2039,Cumulative new capacity,Innovation,Commercial,MW,113.068
2039,Cumulative new capacity,Innovation,Industrial,MW,88.325
2039,Cumulative new capacity,Innovation,Residential,MW,860.4964
2039,Cumulative new capacity,Reference,Commercial,MW,79.626
2039,Cumulative new capacity,Reference,Industrial,MW,60.59
2039,Cumulative new capacity,Reference,Residential,MW,530.9784999999999
2039,Total ICPs,Constraint,Commercial,Number,4753
2039,Total ICPs,Constraint,Industrial,Number,3701
2039,Total ICPs,Constraint,Residential,Number,129147
2039,Total ICPs,Environmental,Commercial,Number,7226
2039,Total ICPs,Environmental,Industrial,Number,5312
2039,Total ICPs,Environmental,Residential,Number,233390
2039,Total ICPs,Growth,Commercial,Number,6419
2039,Total ICPs,Growth,Industrial,Number,4713
2039,Total ICPs,Growth,Residential,Number,184772
2039,Total ICPs,Innovation,Commercial,Number,7226
2039,Total ICPs,Innovation,Industrial,Number,5312
2039,Total ICPs,Innovation,Residential,Number,233390
2039,Total ICPs,Reference,Commercial,Number,5697
2039,Total ICPs,Reference,Industrial,Number,4178
2039,Total ICPs,Reference,Residential,Number,164153
2039,Total capacity,Constraint,Commercial,MW,104.167
2039,Total capacity,Constraint,Industrial,MW,100.969
2039,Total capacity,Constraint,Residential,MW,613.5701
2039,Total capacity,Environmental,Commercial,MW,158.251
2039,Total capacity,Environmental,Industrial,MW,140.374
2039,Total capacity,Environmental,Residential,MW,1109.6914
2039,Total capacity,Growth,Commercial,MW,140.602
2039,Total capacity,Growth,Industrial,MW,125.729
2039,Total capacity,Growth,Residential,MW,878.3044
2039,Total capacity,Innovation,Commercial,MW,158.251
2039,Total capacity,Innovation,Industrial,MW,140.374
2039,Total capacity,Innovation,Residential,MW,1109.6914
2039,Total capacity,Reference,Commercial,MW,124.809
2039,Total capacity,Reference,Industrial,MW,112.639
2039,Total capacity,Reference,Residential,MW,780.1735
2040,Annual generation from new connections,Constraint,Commercial,MWh,76943.63519999999
2040,Annual generation from new connections,Constraint,Industrial,MWh,63262.311
2040,Annual generation from new connections,Constraint,Residential,MWh,478450.6797
2040,Annual generation from new connections,Environmental,Commercial,MWh,153644.6622
2040,Annual generation from new connections,Environmental,Industrial,MWh,118770.051
2040,Annual generation from new connections,Environmental,Residential,MWh,1191757.02072
2040,Annual generation from new connections,Growth,Commercial,MWh,128338.4676
2040,Annual generation from new connections,Growth,Industrial,MWh,97983.228
2040,Annual generation from new connections,Growth,Residential,MWh,854953.07508
2040,Annual generation from new connections,Innovation,Commercial,MWh,153644.6622
2040,Annual generation from new connections,Innovation,Industrial,MWh,118770.051
2040,Annual generation from new connections,Innovation,Residential,MWh,1191757.02072
2040,Annual generation from new connections,Reference,Commercial,MWh,105892.7634
2040,Annual generation from new connections,Reference,Industrial,MWh,79571.679
2040,Annual generation from new connections,Reference,Residential,MWh,714135.40056
2040,Cumulative new ICPs,Constraint,Commercial,Number,2770
2040,Cumulative new ICPs,Constraint,Industrial,Number,2036
2040,Cumulative new ICPs,Constraint,Residential,Number,79145
2040,Cumulative new ICPs,Environmental,Commercial,Number,5531
2040,Cumulative new ICPs,Environmental,Industrial,Number,3823
2040,Cumulative new ICPs,Environmental,Residential,Number,197140
2040,Cumulative new ICPs,Growth,Commercial,Number,4620
2040,Cumulative new ICPs,Growth,Industrial,Number,3154
2040,Cumulative new ICPs,Growth,Residential,Number,141426
2040,Cumulative new ICPs,Innovation,Commercial,Number,5531
2040,Cumulative new ICPs,Innovation,Industrial,Number,3823
2040,Cumulative new ICPs,Innovation,Residential,Number,197140
2040,Cumulative new ICPs,Reference,Commercial,Number,3812
2040,Cumulative new ICPs,Reference,Industrial,Number,2561
2040,Cumulative new ICPs,Reference,Residential,Number,118132
2040,Cumulative new capacity,Constraint,Commercial,MW,60.576
2040,Cumulative new capacity,Constraint,Industrial,MW,49.805
2040,Cumulative new capacity,Constraint,Residential,MW,376.6735
2040,Cumulative new capacity,Environmental,Commercial,MW,120.961
2040,Cumulative new capacity,Environmental,Industrial,MW,93.505
2040,Cumulative new capacity,Environmental,Residential,MW,938.2436
2040,Cumulative new capacity,Growth,Commercial,MW,101.038
2040,Cumulative new capacity,Growth,Industrial,MW,77.14
2040,Cumulative new capacity,Growth,Residential,MW,673.0854
2040,Cumulative new capacity,Innovation,Commercial,MW,120.961
2040,Cumulative new capacity,Innovation,Industrial,MW,93.505
2040,Cumulative new capacity,Innovation,Residential,MW,938.2436
2040,Cumulative new capacity,Reference,Commercial,MW,83.36699999999999
2040,Cumulative new capacity,Reference,Industrial,MW,62.645
2040,Cumulative new capacity,Reference,Residential,MW,562.2228
2040,Total ICPs,Constraint,Commercial,Number,4826
2040,Total ICPs,Constraint,Industrial,Number,3737
2040,Total ICPs,Constraint,Residential,Number,131731
2040,Total ICPs,Environmental,Commercial,Number,7587
2040,Total ICPs,Environmental,Industrial,Number,5524
2040,Total ICPs,Environmental,Residential,Number,249726
2040,Total ICPs,Growth,Commercial,Number,6676
2040,Total ICPs,Growth,Industrial,Number,4855
2040,Total ICPs,Growth,Residential,Number,194012
2040,Total ICPs,Innovation,Commercial,Number,7587
2040,Total ICPs,Innovation,Industrial,Number,5524
2040,Total ICPs,Innovation,Residential,Number,249726
2040,Total ICPs,Reference,Commercial,Number,5868
2040,Total ICPs,Reference,Industrial,Number,4262
2040,Total ICPs,Reference,Residential,Number,170718
2040,Total capacity,Constraint,Commercial,MW,105.759
2040,Total capacity,Constraint,Industrial,MW,101.854
2040,Total capacity,Constraint,Residential,MW,625.8685
2040,Total capacity,Environmental,Commercial,MW,166.144
2040,Total capacity,Environmental,Industrial,MW,145.554
2040,Total capacity,Environmental,Residential,MW,1187.4386
2040,Total capacity,Growth,Commercial,MW,146.221
2040,Total capacity,Growth,Industrial,MW,129.189
2040,Total capacity,Growth,Residential,MW,922.2804000000001
2040,Total capacity,Innovation,Commercial,MW,166.144
2040,Total capacity,Innovation,Industrial,MW,145.554
2040,Total capacity,Innovation,Residential,MW,1187.4386
2040,Total capacity,Reference,Commercial,MW,128.55
2040,Total capacity,Reference,Industrial,MW,114.694
2040,Total capacity,Reference,Residential,MW,811.4178
2041,Annual generation from new connections,Constraint,Commercial,MWh,78918.7962
2041,Annual generation from new connections,Constraint,Industrial,MWh,64462.65
2041,Annual generation from new connections,Constraint,Residential,MWh,494373.65286
2041,Annual generation from new connections,Environmental,Commercial,MWh,164201.2944
2041,Annual generation from new connections,Environmental,Industrial,MWh,125622.78
2041,Annual generation from new connections,Environmental,Residential,MWh,1297426.48296
2041,Annual generation from new connections,Growth,Commercial,MWh,135755.1654
2041,Annual generation from new connections,Growth,Industrial,MWh,102524.193
2041,Annual generation from new connections,Growth,Residential,MWh,913598.08206
2041,Annual generation from new connections,Innovation,Commercial,MWh,164201.2944
2041,Annual generation from new connections,Innovation,Industrial,MWh,125622.78
2041,Annual generation from new connections,Innovation,Residential,MWh,1297426.48296
2041,Annual generation from new connections,Reference,Commercial,MWh,110784.3036
2041,Annual generation from new connections,Reference,Industrial,MWh,82245.45
2041,Annual generation from new connections,Reference,Residential,MWh,755424.26772
2041,Cumulative new ICPs,Constraint,Commercial,Number,2841
2041,Cumulative new ICPs,Constraint,Industrial,Number,2075
2041,Cumulative new ICPs,Constraint,Residential,Number,81779
2041,Cumulative new ICPs,Environmental,Commercial,Number,5911
2041,Cumulative new ICPs,Environmental,Industrial,Number,4043
2041,Cumulative new ICPs,Environmental,Residential,Number,214620
2041,Cumulative new ICPs,Growth,Commercial,Number,4887
2041,Cumulative new ICPs,Growth,Industrial,Number,3300
2041,Cumulative new ICPs,Growth,Residential,Number,151127
2041,Cumulative new ICPs,Innovation,Commercial,Number,5911
2041,Cumulative new ICPs,Innovation,Industrial,Number,4043
2041,Cumulative new ICPs,Innovation,Residential,Number,214620
2041,Cumulative new ICPs,Reference,Commercial,Number,3988
2041,Cumulative new ICPs,Reference,Industrial,Number,2647
2041,Cumulative new ICPs,Reference,Residential,Number,124962
2041,Cumulative new capacity,Constraint,Commercial,MW,62.131
2041,Cumulative new capacity,Constraint,Industrial,MW,50.75
2041,Cumulative new capacity,Constraint,Residential,MW,389.2093
2041,Cumulative new capacity,Environmental,Commercial,MW,129.272
2041,Cumulative new capacity,Environmental,Industrial,MW,98.9
2041,Cumulative new capacity,Environmental,Residential,MW,1021.4348
2041,Cumulative new capacity,Growth,Commercial,MW,106.877
2041,Cumulative new capacity,Growth,Industrial,MW,80.715
2041,Cumulative new capacity,Growth,Residential,MW,719.2553
2041,Cumulative new capacity,Innovation,Commercial,MW,129.272
2041,Cumulative new capacity,Innovation,Industrial,MW,98.9
2041,Cumulative new capacity,Innovation,Residential,MW,1021.4348
2041,Cumulative new capacity,Reference,Commercial,MW,87.218
2041,Cumulative new capacity,Reference,Industrial,MW,64.75
2041,Cumulative new capacity,Reference,Residential,MW,594.7286
2041,Total ICPs,Constraint,Commercial,Number,4897
2041,Total ICPs,Constraint,Industrial,Number,3776
2041,Total ICPs,Constraint,Residential,Number,134365
2041,Total ICPs,Environmental,Commercial,Number,7967
2041,Total ICPs,Environmental,Industrial,Number,5744
2041,Total ICPs,Environmental,Residential,Number,267206
2041,Total ICPs,Growth,Commercial,Number,6943
2041,Total ICPs,Growth,Industrial,Number,5001
2041,Total ICPs,Growth,Residential,Number,203713
2041,Total ICPs,Innovation,Commercial,Number,7967
2041,Total ICPs,Innovation,Industrial,Number,5744
2041,Total ICPs,Innovation,Residential,Number,267206
2041,Total ICPs,Reference,Commercial,Number,6044
2041,Total ICPs,Reference,Industrial,Number,4348
2041,Total ICPs,Reference,Residential,Number,177548
2041,Total capacity,Constraint,Commercial,MW,107.314
2041,Total capacity,Constraint,Industrial,MW,102.799
2041,Total capacity,Constraint,Residential,MW,638.4043
2041,Total capacity,Environmental,Commercial,MW,174.455
2041,Total capacity,Environmental,Industrial,MW,150.949
2041,Total capacity,Environmental,Residential,MW,1270.6298
2041,Total capacity,Growth,Commercial,MW,152.06
2041,Total capacity,Growth,Industrial,MW,132.764
2041,Total capacity,Growth,Residential,MW,968.4503000000001
2041,Total capacity,Innovation,Commercial,MW,174.455
2041,Total capacity,Innovation,Industrial,MW,150.949
2041,Total capacity,Innovation,Residential,MW,1270.6298
2041,Total capacity,Reference,Commercial,MW,132.401
2041,Total capacity,Reference,Industrial,MW,116.799
2041,Total capacity,Reference,Residential,MW,843.9236
2042,Annual generation from new connections,Constraint,Commercial,MWh,80949.846
2042,Annual generation from new connections,Constraint,Industrial,MWh,65618.532
2042,Annual generation from new connections,Constraint,Residential,MWh,510610.11138
2042,Annual generation from new connections,Environmental,Commercial,MWh,175232.9814
2042,Annual generation from new connections,Environmental,Industrial,MWh,132786.708
2042,Annual generation from new connections,Environmental,Residential,MWh,1410509.59452
2042,Annual generation from new connections,Growth,Commercial,MWh,143451.3072
2042,Annual generation from new connections,Growth,Industrial,MWh,107192.178
2042,Annual generation from new connections,Growth,Residential,MWh,975169.12176
2042,Annual generation from new connections,Innovation,Commercial,MWh,175232.9814
2042,Annual generation from new connections,Innovation,Industrial,MWh,132786.708
2042,Annual generation from new connections,Innovation,Residential,MWh,1410509.59452
2042,Annual generation from new connections,Reference,Commercial,MWh,115834.6188
2042,Annual generation from new connections,Reference,Industrial,MWh,84919.221
2042,Annual generation from new connections,Reference,Residential,MWh,798351.3118200001
2042,Cumulative new ICPs,Constraint,Commercial,Number,2914
2042,Cumulative new ICPs,Constraint,Industrial,Number,2112
2042,Cumulative new ICPs,Constraint,Residential,Number,84465
2042,Cumulative new ICPs,Environmental,Commercial,Number,6308
2042,Cumulative new ICPs,Environmental,Industrial,Number,4274
2042,Cumulative new ICPs,Environmental,Residential,Number,233326
2042,Cumulative new ICPs,Growth,Commercial,Number,5164
2042,Cumulative new ICPs,Growth,Industrial,Number,3450
2042,Cumulative new ICPs,Growth,Residential,Number,161312
2042,Cumulative new ICPs,Innovation,Commercial,Number,6308
2042,Cumulative new ICPs,Innovation,Industrial,Number,4274
2042,Cumulative new ICPs,Innovation,Residential,Number,233326
2042,Cumulative new ICPs,Reference,Commercial,Number,4170
2042,Cumulative new ICPs,Reference,Industrial,Number,2733
2042,Cumulative new ICPs,Reference,Residential,Number,132063
2042,Cumulative new capacity,Constraint,Commercial,MW,63.73
2042,Cumulative new capacity,Constraint,Industrial,MW,51.66
2042,Cumulative new capacity,Constraint,Residential,MW,401.9919
2042,Cumulative new capacity,Environmental,Commercial,MW,137.957
2042,Cumulative new capacity,Environmental,Industrial,MW,104.54
2042,Cumulative new capacity,Environmental,Residential,MW,1110.4626
2042,Cumulative new capacity,Growth,Commercial,MW,112.936
2042,Cumulative new capacity,Growth,Industrial,MW,84.39
2042,Cumulative new capacity,Growth,Residential,MW,767.7288
2042,Cumulative new capacity,Innovation,Commercial,MW,137.957
2042,Cumulative new capacity,Innovation,Industrial,MW,104.54
2042,Cumulative new capacity,Innovation,Residential,MW,1110.4626
2042,Cumulative new capacity,Reference,Commercial,MW,91.194
2042,Cumulative new capacity,Reference,Industrial,MW,66.85499999999999
2042,Cumulative new capacity,Reference,Residential,MW,628.5241
2042,Total ICPs,Constraint,Commercial,Number,4970
2042,Total ICPs,Constraint,Industrial,Number,3813
2042,Total ICPs,Constraint,Residential,Number,137051
2042,Total ICPs,Environmental,Commercial,Number,8364
2042,Total ICPs,Environmental,Industrial,Number,5975
2042,Total ICPs,Environmental,Residential,Number,285912
2042,Total ICPs,Growth,Commercial,Number,7220
2042,Total ICPs,Growth,Industrial,Number,5151
2042,Total ICPs,Growth,Residential,Number,213898
2042,Total ICPs,Innovation,Commercial,Number,8364
2042,Total ICPs,Innovation,Industrial,Number,5975
2042,Total ICPs,Innovation,Residential,Number,285912
2042,Total ICPs,Reference,Commercial,Number,6226
2042,Total ICPs,Reference,Industrial,Number,4434
2042,Total ICPs,Reference,Residential,Number,184649
2042,Total capacity,Constraint,Commercial,MW,108.913
2042,Total capacity,Constraint,Industrial,MW,103.709
2042,Total capacity,Constraint,Residential,MW,651.1869
2042,Total capacity,Environmental,Commercial,MW,183.14
2042,Total capacity,Environmental,Industrial,MW,156.589
2042,Total capacity,Environmental,Residential,MW,1359.6576
2042,Total capacity,Growth,Commercial,MW,158.119
2042,Total capacity,Growth,Industrial,MW,136.439
2042,Total capacity,Growth,Residential,MW,1016.9238
2042,Total capacity,Innovation,Commercial,MW,183.14
2042,Total capacity,Innovation,Industrial,MW,156.589
2042,Total capacity,Innovation,Residential,MW,1359.6576
2042,Total capacity,Reference,Commercial,MW,136.377
2042,Total capacity,Reference,Industrial,MW,118.904
2042,Total capacity,Reference,Residential,MW,877.7191
2043,Annual generation from new connections,Constraint,Commercial,MWh,83055.8376
2043,Annual generation from new connections,Constraint,Industrial,MWh,66818.871
2043,Annual generation from new connections,Constraint,Residential,MWh,527186.9835
2043,Annual generation from new connections,Environmental,Commercial,MWh,186842.6094
2043,Annual generation from new connections,Environmental,Industrial,MWh,140191.974
2043,Annual generation from new connections,Environmental,Residential,MWh,1531485.98292
2043,Annual generation from new connections,Growth,Commercial,MWh,151482.7818
2043,Annual generation from new connections,Growth,Industrial,MWh,111999.885
2043,Annual generation from new connections,Growth,Residential,MWh,1039822.42878
2043,Annual generation from new connections,Innovation,Commercial,MWh,186842.6094
2043,Annual generation from new connections,Innovation,Industrial,MWh,140191.974
2043,Annual generation from new connections,Innovation,Residential,MWh,1531485.98292
2043,Annual generation from new connections,Reference,Commercial,MWh,121005.603
2043,Annual generation from new connections,Reference,Industrial,MWh,87669.204
2043,Annual generation from new connections,Reference,Residential,MWh,843001.12818
2043,Cumulative new ICPs,Constraint,Commercial,Number,2990
2043,Cumulative new ICPs,Constraint,Industrial,Number,2151
2043,Cumulative new ICPs,Constraint,Residential,Number,87207
2043,Cumulative new ICPs,Environmental,Commercial,Number,6726
2043,Cumulative new ICPs,Environmental,Industrial,Number,4512
2043,Cumulative new ICPs,Environmental,Residential,Number,253338
2043,Cumulative new ICPs,Growth,Commercial,Number,5453
2043,Cumulative new ICPs,Growth,Industrial,Number,3605
2043,Cumulative new ICPs,Growth,Residential,Number,172007
2043,Cumulative new ICPs,Innovation,Commercial,Number,6726
2043,Cumulative new ICPs,Innovation,Industrial,Number,4512
2043,Cumulative new ICPs,Innovation,Residential,Number,253338
2043,Cumulative new ICPs,Reference,Commercial,Number,4356
2043,Cumulative new ICPs,Reference,Industrial,Number,2822
2043,Cumulative new ICPs,Reference,Residential,Number,139449
2043,Cumulative new capacity,Constraint,Commercial,MW,65.388
2043,Cumulative new capacity,Constraint,Industrial,MW,52.605
2043,Cumulative new capacity,Constraint,Residential,MW,415.0425
2043,Cumulative new capacity,Environmental,Commercial,MW,147.097
2043,Cumulative new capacity,Environmental,Industrial,MW,110.37
2043,Cumulative new capacity,Environmental,Residential,MW,1205.7046
2043,Cumulative new capacity,Growth,Commercial,MW,119.259
2043,Cumulative new capacity,Growth,Industrial,MW,88.175
2043,Cumulative new capacity,Growth,Residential,MW,818.6289
2043,Cumulative new capacity,Innovation,Commercial,MW,147.097
2043,Cumulative new capacity,Innovation,Industrial,MW,110.37
2043,Cumulative new capacity,Innovation,Residential,MW,1205.7046
2043,Cumulative new capacity,Reference,Commercial,MW,95.265
2043,Cumulative new capacity,Reference,Industrial,MW,69.02000000000001
2043,Cumulative new capacity,Reference,Residential,MW,663.6759000000001
2043,Total ICPs,Constraint,Commercial,Number,5046
2043,Total ICPs,Constraint,Industrial,Number,3852
2043,Total ICPs,Constraint,Residential,Number,139793
2043,Total ICPs,Environmental,Commercial,Number,8782
2043,Total ICPs,Environmental,Industrial,Number,6213
2043,Total ICPs,Environmental,Residential,Number,305924
2043,Total ICPs,Growth,Commercial,Number,7509
2043,Total ICPs,Growth,Industrial,Number,5306
2043,Total ICPs,Growth,Residential,Number,224593
2043,Total ICPs,Innovation,Commercial,Number,8782
2043,Total ICPs,Innovation,Industrial,Number,6213
2043,Total ICPs,Innovation,Residential,Number,305924
2043,Total ICPs,Reference,Commercial,Number,6412
2043,Total ICPs,Reference,Industrial,Number,4523
2043,Total ICPs,Reference,Residential,Number,192035
2043,Total capacity,Constraint,Commercial,MW,110.571
2043,Total capacity,Constraint,Industrial,MW,104.654
2043,Total capacity,Constraint,Residential,MW,664.2375
2043,Total capacity,Environmental,Commercial,MW,192.28
2043,Total capacity,Environmental,Industrial,MW,162.419
2043,Total capacity,Environmental,Residential,MW,1454.8996
2043,Total capacity,Growth,Commercial,MW,164.442
2043,Total capacity,Growth,Industrial,MW,140.224
2043,Total capacity,Growth,Residential,MW,1067.8239
2043,Total capacity,Innovation,Commercial,MW,192.28
2043,Total capacity,Innovation,Industrial,MW,162.419
2043,Total capacity,Innovation,Residential,MW,1454.8996
2043,Total capacity,Reference,Commercial,MW,140.448
2043,Total capacity,Reference,Industrial,MW,121.069
2043,Total capacity,Reference,Residential,MW,912.8709
2044,Annual generation from new connections,Constraint,Commercial,MWh,85142.77620000001
2044,Annual generation from new connections,Constraint,Industrial,MWh,68006.508
2044,Annual generation from new connections,Constraint,Residential,MWh,544095.2507999999
2044,Annual generation from new connections,Environmental,Commercial,MWh,199067.0142
2044,Annual generation from new connections,Environmental,Industrial,MWh,147927.492
2044,Annual generation from new connections,Environmental,Residential,MWh,1660944.89394
2044,Annual generation from new connections,Growth,Commercial,MWh,159840.6978
2044,Annual generation from new connections,Growth,Industrial,MWh,116921.91
2044,Annual generation from new connections,Growth,Residential,MWh,1107704.33016
2044,Annual generation from new connections,Innovation,Commercial,MWh,199067.0142
2044,Annual generation from new connections,Innovation,Industrial,MWh,147927.492
2044,Annual generation from new connections,Innovation,Residential,MWh,1660944.89394
2044,Annual generation from new connections,Reference,Commercial,MWh,126363.3066
2044,Annual generation from new connections,Reference,Industrial,MWh,90501.75
2044,Annual generation from new connections,Reference,Residential,MWh,889434.4323600001
2044,Cumulative new ICPs,Constraint,Commercial,Number,3065
2044,Cumulative new ICPs,Constraint,Industrial,Number,2189
2044,Cumulative new ICPs,Constraint,Residential,Number,90004
2044,Cumulative new ICPs,Environmental,Commercial,Number,7166
2044,Cumulative new ICPs,Environmental,Industrial,Number,4761
2044,Cumulative new ICPs,Environmental,Residential,Number,274753
2044,Cumulative new ICPs,Growth,Commercial,Number,5754
2044,Cumulative new ICPs,Growth,Industrial,Number,3763
2044,Cumulative new ICPs,Growth,Residential,Number,183236
2044,Cumulative new ICPs,Innovation,Commercial,Number,7166
2044,Cumulative new ICPs,Innovation,Industrial,Number,4761
2044,Cumulative new ICPs,Innovation,Residential,Number,274753
2044,Cumulative new ICPs,Reference,Commercial,Number,4549
2044,Cumulative new ICPs,Reference,Industrial,Number,2913
2044,Cumulative new ICPs,Reference,Residential,Number,147130
2044,Cumulative new capacity,Constraint,Commercial,MW,67.03099999999999
2044,Cumulative new capacity,Constraint,Industrial,MW,53.54
2044,Cumulative new capacity,Constraint,Residential,MW,428.354
2044,Cumulative new capacity,Environmental,Commercial,MW,156.721
2044,Cumulative new capacity,Environmental,Industrial,MW,116.46
2044,Cumulative new capacity,Environmental,Residential,MW,1307.6247
2044,Cumulative new capacity,Growth,Commercial,MW,125.839
2044,Cumulative new capacity,Growth,Industrial,MW,92.05
2044,Cumulative new capacity,Growth,Residential,MW,872.0708
2044,Cumulative new capacity,Innovation,Commercial,MW,156.721
2044,Cumulative new capacity,Innovation,Industrial,MW,116.46
2044,Cumulative new capacity,Innovation,Residential,MW,1307.6247
2044,Cumulative new capacity,Reference,Commercial,MW,99.48299999999999
2044,Cumulative new capacity,Reference,Industrial,MW,71.25
2044,Cumulative new capacity,Reference,Residential,MW,700.2318
2044,Total ICPs,Constraint,Commercial,Number,5121
2044,Total ICPs,Constraint,Industrial,Number,3890
2044,Total ICPs,Constraint,Residential,Number,142590
2044,Total ICPs,Environmental,Commercial,Number,9222
2044,Total ICPs,Environmental,Industrial,Number,6462
2044,Total ICPs,Environmental,Residential,Number,327339
2044,Total ICPs,Growth,Commercial,Number,7810
2044,Total ICPs,Growth,Industrial,Number,5464
2044,Total ICPs,Growth,Residential,Number,235822
2044,Total ICPs,Innovation,Commercial,Number,9222
2044,Total ICPs,Innovation,Industrial,Number,6462
2044,Total ICPs,Innovation,Residential,Number,327339
2044,Total ICPs,Reference,Commercial,Number,6605
2044,Total ICPs,Reference,Industrial,Number,4614
2044,Total ICPs,Reference,Residential,Number,199716
2044,Total capacity,Constraint,Commercial,MW,112.214
2044,Total capacity,Constraint,Industrial,MW,105.589
2044,Total capacity,Constraint,Residential,MW,677.549
2044,Total capacity,Environmental,Commercial,MW,201.904
2044,Total capacity,Environmental,Industrial,MW,168.509
2044,Total capacity,Environmental,Residential,MW,1556.8197
2044,Total capacity,Growth,Commercial,MW,171.022
2044,Total capacity,Growth,Industrial,MW,144.099
2044,Total capacity,Growth,Residential,MW,1121.2658
2044,Total capacity,Innovation,Commercial,MW,201.904
2044,Total capacity,Innovation,Industrial,MW,168.509
2044,Total capacity,Innovation,Residential,MW,1556.8197
2044,Total capacity,Reference,Commercial,MW,144.666
2044,Total capacity,Reference,Industrial,MW,123.299
2044,Total capacity,Reference,Residential,MW,949.4268000000001
2045,Annual generation from new connections,Constraint,Commercial,MWh,87276.7122
2045,Annual generation from new connections,Constraint,Industrial,MWh,69194.145
2045,Annual generation from new connections,Constraint,Residential,MWh,561336.9456
2045,Annual generation from new connections,Environmental,Commercial,MWh,211850.307
2045,Annual generation from new connections,Environmental,Industrial,MWh,155948.805
2045,Annual generation from new connections,Environmental,Residential,MWh,1799471.50872
2045,Annual generation from new connections,Growth,Commercial,MWh,168533.9466
2045,Annual generation from new connections,Growth,Industrial,MWh,122015.412
2045,Annual generation from new connections,Growth,Residential,MWh,1178983.00038
2045,Annual generation from new connections,Innovation,Commercial,MWh,211850.307
2045,Annual generation from new connections,Innovation,Industrial,MWh,155948.805
2045,Annual generation from new connections,Innovation,Residential,MWh,1799471.50872
2045,Annual generation from new connections,Reference,Commercial,MWh,131841.6792
2045,Annual generation from new connections,Reference,Industrial,MWh,93334.296
2045,Annual generation from new connections,Reference,Residential,MWh,937729.8497400001
2045,Cumulative new ICPs,Constraint,Commercial,Number,3142
2045,Cumulative new ICPs,Constraint,Industrial,Number,2227
2045,Cumulative new ICPs,Constraint,Residential,Number,92856
2045,Cumulative new ICPs,Environmental,Commercial,Number,7626
2045,Cumulative new ICPs,Environmental,Industrial,Number,5019
2045,Cumulative new ICPs,Environmental,Residential,Number,297668
2045,Cumulative new ICPs,Growth,Commercial,Number,6067
2045,Cumulative new ICPs,Growth,Industrial,Number,3927
2045,Cumulative new ICPs,Growth,Residential,Number,195027
2045,Cumulative new ICPs,Innovation,Commercial,Number,7626
2045,Cumulative new ICPs,Innovation,Industrial,Number,5019
2045,Cumulative new ICPs,Innovation,Residential,Number,297668
2045,Cumulative new ICPs,Reference,Commercial,Number,4746
2045,Cumulative new ICPs,Reference,Industrial,Number,3004
2045,Cumulative new ICPs,Reference,Residential,Number,155119
2045,Cumulative new capacity,Constraint,Commercial,MW,68.711
2045,Cumulative new capacity,Constraint,Industrial,MW,54.475
2045,Cumulative new capacity,Constraint,Residential,MW,441.928
2045,Cumulative new capacity,Environmental,Commercial,MW,166.785
2045,Cumulative new capacity,Environmental,Industrial,MW,122.775
2045,Cumulative new capacity,Environmental,Residential,MW,1416.6836
2045,Cumulative new capacity,Growth,Commercial,MW,132.683
2045,Cumulative new capacity,Growth,Industrial,MW,96.06
2045,Cumulative new capacity,Growth,Residential,MW,928.1869
2045,Cumulative new capacity,Innovation,Commercial,MW,166.785
2045,Cumulative new capacity,Innovation,Industrial,MW,122.775
2045,Cumulative new capacity,Innovation,Residential,MW,1416.6836
2045,Cumulative new capacity,Reference,Commercial,MW,103.796
2045,Cumulative new capacity,Reference,Industrial,MW,73.48
2045,Cumulative new capacity,Reference,Residential,MW,738.2537
2045,Total ICPs,Constraint,Commercial,Number,5198
2045,Total ICPs,Constraint,Industrial,Number,3928
2045,Total ICPs,Constraint,Residential,Number,145442
2045,Total ICPs,Environmental,Commercial,Number,9682
2045,Total ICPs,Environmental,Industrial,Number,6720
2045,Total ICPs,Environmental,Residential,Number,350254
2045,Total ICPs,Growth,Commercial,Number,8123
2045,Total ICPs,Growth,Industrial,Number,5628
2045,Total ICPs,Growth,Residential,Number,247613
2045,Total ICPs,Innovation,Commercial,Number,9682
2045,Total ICPs,Innovation,Industrial,Number,6720
2045,Total ICPs,Innovation,Residential,Number,350254
2045,Total ICPs,Reference,Commercial,Number,6802
2045,Total ICPs,Reference,Industrial,Number,4705
2045,Total ICPs,Reference,Residential,Number,207705
2045,Total capacity,Constraint,Commercial,MW,113.894
2045,Total capacity,Constraint,Industrial,MW,106.524
2045,Total capacity,Constraint,Residential,MW,691.123
2045,Total capacity,Environmental,Commercial,MW,211.968
2045,Total capacity,Environmental,Industrial,MW,174.824
2045,Total capacity,Environmental,Residential,MW,1665.8786
2045,Total capacity,Growth,Commercial,MW,177.866
2045,Total capacity,Growth,Industrial,MW,148.109
2045,Total capacity,Growth,Residential,MW,1177.3819
2045,Total capacity,Innovation,Commercial,MW,211.968
2045,Total capacity,Innovation,Industrial,MW,174.824
2045,Total capacity,Innovation,Residential,MW,1665.8786
2045,Total capacity,Reference,Commercial,MW,148.979
2045,Total capacity,Reference,Industrial,MW,125.529
2045,Total capacity,Reference,Residential,MW,987.4487
2046,Annual generation from new connections,Constraint,Commercial,MWh,89447.484
2046,Annual generation from new connections,Constraint,Industrial,MWh,70426.239
2046,Annual generation from new connections,Constraint,Residential,MWh,578916.00552
2046,Annual generation from new connections,Environmental,Commercial,MWh,225295.374
2046,Annual generation from new connections,Environmental,Industrial,MWh,164300.37
2046,Annual generation from new connections,Environmental,Residential,MWh,1947681.87426
2046,Annual generation from new connections,Growth,Commercial,MWh,177562.5282
2046,Annual generation from new connections,Growth,Industrial,MWh,127267.689
2046,Annual generation from new connections,Growth,Residential,MWh,1253822.6763
2046,Annual generation from new connections,Innovation,Commercial,MWh,225295.374
2046,Annual generation from new connections,Innovation,Industrial,MWh,164300.37
2046,Annual generation from new connections,Innovation,Residential,MWh,1947681.87426
2046,Annual generation from new connections,Reference,Commercial,MWh,137506.7712
2046,Annual generation from new connections,Reference,Industrial,MWh,96306.564
2046,Annual generation from new connections,Reference,Residential,MWh,987947.0797199999
2046,Cumulative new ICPs,Constraint,Commercial,Number,3220
2046,Cumulative new ICPs,Constraint,Industrial,Number,2267
2046,Cumulative new ICPs,Constraint,Residential,Number,95764
2046,Cumulative new ICPs,Environmental,Commercial,Number,8110
2046,Cumulative new ICPs,Environmental,Industrial,Number,5288
2046,Cumulative new ICPs,Environmental,Residential,Number,322185
2046,Cumulative new ICPs,Growth,Commercial,Number,6392
2046,Cumulative new ICPs,Growth,Industrial,Number,4096
2046,Cumulative new ICPs,Growth,Residential,Number,207407
2046,Cumulative new ICPs,Innovation,Commercial,Number,8110
2046,Cumulative new ICPs,Innovation,Industrial,Number,5288
2046,Cumulative new ICPs,Innovation,Residential,Number,322185
2046,Cumulative new ICPs,Reference,Commercial,Number,4950
2046,Cumulative new ICPs,Reference,Industrial,Number,3100
2046,Cumulative new ICPs,Reference,Residential,Number,163426
2046,Cumulative new capacity,Constraint,Commercial,MW,70.42
2046,Cumulative new capacity,Constraint,Industrial,MW,55.445
2046,Cumulative new capacity,Constraint,Residential,MW,455.7676
2046,Cumulative new capacity,Environmental,Commercial,MW,177.37
2046,Cumulative new capacity,Environmental,Industrial,MW,129.35
2046,Cumulative new capacity,Environmental,Residential,MW,1533.3663
2046,Cumulative new capacity,Growth,Commercial,MW,139.791
2046,Cumulative new capacity,Growth,Industrial,MW,100.195
2046,Cumulative new capacity,Growth,Residential,MW,987.1065
2046,Cumulative new capacity,Innovation,Commercial,MW,177.37
2046,Cumulative new capacity,Innovation,Industrial,MW,129.35
2046,Cumulative new capacity,Innovation,Residential,MW,1533.3663
2046,Cumulative new capacity,Reference,Commercial,MW,108.256
2046,Cumulative new capacity,Reference,Industrial,MW,75.82000000000001
2046,Cumulative new capacity,Reference,Residential,MW,777.7886
2046,Total ICPs,Constraint,Commercial,Number,5276
2046,Total ICPs,Constraint,Industrial,Number,3968
2046,Total ICPs,Constraint,Residential,Number,148350
2046,Total ICPs,Environmental,Commercial,Number,10166
2046,Total ICPs,Environmental,Industrial,Number,6989
2046,Total ICPs,Environmental,Residential,Number,374771
2046,Total ICPs,Growth,Commercial,Number,8448
2046,Total ICPs,Growth,Industrial,Number,5797
2046,Total ICPs,Growth,Residential,Number,259993
2046,Total ICPs,Innovation,Commercial,Number,10166
2046,Total ICPs,Innovation,Industrial,Number,6989
2046,Total ICPs,Innovation,Residential,Number,374771
2046,Total ICPs,Reference,Commercial,Number,7006
2046,Total ICPs,Reference,Industrial,Number,4801
2046,Total ICPs,Reference,Residential,Number,216012
2046,Total capacity,Constraint,Commercial,MW,115.603
2046,Total capacity,Constraint,Industrial,MW,107.494
2046,Total capacity,Constraint,Residential,MW,704.9626000000001
2046,Total capacity,Environmental,Commercial,MW,222.553
2046,Total capacity,Environmental,Industrial,MW,181.399
2046,Total capacity,Environmental,Residential,MW,1782.5613
2046,Total capacity,Growth,Commercial,MW,184.974
2046,Total capacity,Growth,Industrial,MW,152.244
2046,Total capacity,Growth,Residential,MW,1236.3015
2046,Total capacity,Innovation,Commercial,MW,222.553
2046,Total capacity,Innovation,Industrial,MW,181.399
2046,Total capacity,Innovation,Residential,MW,1782.5613
2046,Total capacity,Reference,Commercial,MW,153.439
2046,Total capacity,Reference,Industrial,MW,127.869
2046,Total capacity,Reference,Residential,MW,1026.9836
2047,Annual generation from new connections,Constraint,Commercial,MWh,91618.2558
2047,Annual generation from new connections,Constraint,Industrial,MWh,71645.631
2047,Annual generation from new connections,Constraint,Residential,MWh,596852.3727000001
2047,Annual generation from new connections,Environmental,Commercial,MWh,239430.1596
2047,Annual generation from new connections,Environmental,Industrial,MWh,172969.485
2047,Annual generation from new connections,Environmental,Residential,MWh,2106259.73922
2047,Annual generation from new connections,Growth,Commercial,MWh,186926.4426
2047,Annual generation from new connections,Growth,Industrial,MWh,132659.688
2047,Annual generation from new connections,Growth,Residential,MWh,1332404.48844
2047,Annual generation from new connections,Innovation,Commercial,MWh,239430.1596
2047,Annual generation from new connections,Innovation,Industrial,MWh,172969.485
2047,Annual generation from new connections,Innovation,Residential,MWh,2106259.73922
2047,Annual generation from new connections,Reference,Commercial,MWh,143367.474
2047,Annual generation from new connections,Reference,Industrial,MWh,99266.13
2047,Annual generation from new connections,Reference,Residential,MWh,1040184.68982
2047,Cumulative new ICPs,Constraint,Commercial,Number,3298
2047,Cumulative new ICPs,Constraint,Industrial,Number,2306
2047,Cumulative new ICPs,Constraint,Residential,Number,98731
2047,Cumulative new ICPs,Environmental,Commercial,Number,8619
2047,Cumulative new ICPs,Environmental,Industrial,Number,5567
2047,Cumulative new ICPs,Environmental,Residential,Number,348417
2047,Cumulative new ICPs,Growth,Commercial,Number,6729
2047,Cumulative new ICPs,Growth,Industrial,Number,4270
2047,Cumulative new ICPs,Growth,Residential,Number,220406
2047,Cumulative new ICPs,Innovation,Commercial,Number,8619
2047,Cumulative new ICPs,Innovation,Industrial,Number,5567
2047,Cumulative new ICPs,Innovation,Residential,Number,348417
2047,Cumulative new ICPs,Reference,Commercial,Number,5161
2047,Cumulative new ICPs,Reference,Industrial,Number,3195
2047,Cumulative new ICPs,Reference,Residential,Number,172067
2047,Cumulative new capacity,Constraint,Commercial,MW,72.129
2047,Cumulative new capacity,Constraint,Industrial,MW,56.405
2047,Cumulative new capacity,Constraint,Residential,MW,469.8885
2047,Cumulative new capacity,Environmental,Commercial,MW,188.498
2047,Cumulative new capacity,Environmental,Industrial,MW,136.175
2047,Cumulative new capacity,Environmental,Residential,MW,1658.2111
2047,Cumulative new capacity,Growth,Commercial,MW,147.163
2047,Cumulative new capacity,Growth,Industrial,MW,104.44
2047,Cumulative new capacity,Growth,Residential,MW,1048.9722
2047,Cumulative new capacity,Innovation,Commercial,MW,188.498
2047,Cumulative new capacity,Innovation,Industrial,MW,136.175
2047,Cumulative new capacity,Innovation,Residential,MW,1658.2111
2047,Cumulative new capacity,Reference,Commercial,MW,112.87
2047,Cumulative new capacity,Reference,Industrial,MW,78.15
2047,Cumulative new capacity,Reference,Residential,MW,818.9141
2047,Total ICPs,Constraint,Commercial,Number,5354
2047,Total ICPs,Constraint,Industrial,Number,4007
2047,Total ICPs,Constraint,Residential,Number,151317
2047,Total ICPs,Environmental,Commercial,Number,10675
2047,Total ICPs,Environmental,Industrial,Number,7268
2047,Total ICPs,Environmental,Residential,Number,401003
2047,Total ICPs,Growth,Commercial,Number,8785
2047,Total ICPs,Growth,Industrial,Number,5971
2047,Total ICPs,Growth,Residential,Number,272992
2047,Total ICPs,Innovation,Commercial,Number,10675
2047,Total ICPs,Innovation,Industrial,Number,7268
2047,Total ICPs,Innovation,Residential,Number,401003
2047,Total ICPs,Reference,Commercial,Number,7217
2047,Total ICPs,Reference,Industrial,Number,4896
2047,Total ICPs,Reference,Residential,Number,224653
2047,Total capacity,Constraint,Commercial,MW,117.312
2047,Total capacity,Constraint,Industrial,MW,108.454
2047,Total capacity,Constraint,Residential,MW,719.0835
2047,Total capacity,Environmental,Commercial,MW,233.681
2047,Total capacity,Environmental,Industrial,MW,188.224
2047,Total capacity,Environmental,Residential,MW,1907.4061
2047,Total capacity,Growth,Commercial,MW,192.346
2047,Total capacity,Growth,Industrial,MW,156.489
2047,Total capacity,Growth,Residential,MW,1298.1672
2047,Total capacity,Innovation,Commercial,MW,233.681
2047,Total capacity,Innovation,Industrial,MW,188.224
2047,Total capacity,Innovation,Residential,MW,1907.4061
2047,Total capacity,Reference,Commercial,MW,158.053
2047,Total capacity,Reference,Industrial,MW,130.199
2047,Total capacity,Reference,Residential,MW,1068.1091
2048,Annual generation from new connections,Constraint,Commercial,MWh,93863.9694
2048,Annual generation from new connections,Constraint,Industrial,MWh,72909.48
2048,Annual generation from new connections,Constraint,Residential,MWh,615151.00092
2048,Annual generation from new connections,Environmental,Commercial,MWh,254263.5552
2048,Annual generation from new connections,Environmental,Industrial,MWh,182000.607
2048,Annual generation from new connections,Environmental,Residential,MWh,2275961.5077
2048,Annual generation from new connections,Growth,Commercial,MWh,196681.5786
2048,Annual generation from new connections,Growth,Industrial,MWh,138229.515
2048,Annual generation from new connections,Growth,Residential,MWh,1414921.5072
2048,Annual generation from new connections,Innovation,Commercial,MWh,254263.5552
2048,Annual generation from new connections,Innovation,Industrial,MWh,182000.607
2048,Annual generation from new connections,Innovation,Residential,MWh,2275961.5077
2048,Annual generation from new connections,Reference,Commercial,MWh,149367.8988
2048,Annual generation from new connections,Reference,Industrial,MWh,102333.663
2048,Annual generation from new connections,Reference,Residential,MWh,1094513.30316
2048,Cumulative new ICPs,Constraint,Commercial,Number,3379
2048,Cumulative new ICPs,Constraint,Industrial,Number,2347
2048,Cumulative new ICPs,Constraint,Residential,Number,101758
2048,Cumulative new ICPs,Environmental,Commercial,Number,9153
2048,Cumulative new ICPs,Environmental,Industrial,Number,5858
2048,Cumulative new ICPs,Environmental,Residential,Number,376489
2048,Cumulative new ICPs,Growth,Commercial,Number,7080
2048,Cumulative new ICPs,Growth,Industrial,Number,4449
2048,Cumulative new ICPs,Growth,Residential,Number,234056
2048,Cumulative new ICPs,Innovation,Commercial,Number,9153
2048,Cumulative new ICPs,Innovation,Industrial,Number,5858
2048,Cumulative new ICPs,Innovation,Residential,Number,376489
2048,Cumulative new ICPs,Reference,Commercial,Number,5377
2048,Cumulative new ICPs,Reference,Industrial,Number,3294
2048,Cumulative new ICPs,Reference,Residential,Number,181054
2048,Cumulative new capacity,Constraint,Commercial,MW,73.897
2048,Cumulative new capacity,Constraint,Industrial,MW,57.40000000000001
2048,Cumulative new capacity,Constraint,Residential,MW,484.2946
2048,Cumulative new capacity,Environmental,Commercial,MW,200.176
2048,Cumulative new capacity,Environmental,Industrial,MW,143.285
2048,Cumulative new capacity,Environmental,Residential,MW,1791.8135
2048,Cumulative new capacity,Growth,Commercial,MW,154.843
2048,Cumulative new capacity,Growth,Industrial,MW,108.825
2048,Cumulative new capacity,Growth,Residential,MW,1113.936
2048,Cumulative new capacity,Innovation,Commercial,MW,200.176
2048,Cumulative new capacity,Innovation,Industrial,MW,143.285
2048,Cumulative new capacity,Innovation,Residential,MW,1791.8135
2048,Cumulative new capacity,Reference,Commercial,MW,117.594
2048,Cumulative new capacity,Reference,Industrial,MW,80.565
2048,Cumulative new capacity,Reference,Residential,MW,861.6858000000001
2048,Total ICPs,Constraint,Commercial,Number,5435
2048,Total ICPs,Constraint,Industrial,Number,4048
2048,Total ICPs,Constraint,Residential,Number,154344
2048,Total ICPs,Environmental,Commercial,Number,11209
2048,Total ICPs,Environmental,Industrial,Number,7559
2048,Total ICPs,Environmental,Residential,Number,429075
2048,Total ICPs,Growth,Commercial,Number,9136
2048,Total ICPs,Growth,Industrial,Number,6150
2048,Total ICPs,Growth,Residential,Number,286642
2048,Total ICPs,Innovation,Commercial,Number,11209
2048,Total ICPs,Innovation,Industrial,Number,7559
2048,Total ICPs,Innovation,Residential,Number,429075
2048,Total ICPs,Reference,Commercial,Number,7433
2048,Total ICPs,Reference,Industrial,Number,4995
2048,Total ICPs,Reference,Residential,Number,233640
2048,Total capacity,Constraint,Commercial,MW,119.08
2048,Total capacity,Constraint,Industrial,MW,109.449
2048,Total capacity,Constraint,Residential,MW,733.4896
2048,Total capacity,Environmental,Commercial,MW,245.359
2048,Total capacity,Environmental,Industrial,MW,195.334
2048,Total capacity,Environmental,Residential,MW,2041.0085
2048,Total capacity,Growth,Commercial,MW,200.026
2048,Total capacity,Growth,Industrial,MW,160.874
2048,Total capacity,Growth,Residential,MW,1363.131
2048,Total capacity,Innovation,Commercial,MW,245.359
2048,Total capacity,Innovation,Industrial,MW,195.334
2048,Total capacity,Innovation,Residential,MW,2041.0085
2048,Total capacity,Reference,Commercial,MW,162.777
2048,Total capacity,Reference,Industrial,MW,132.614
2048,Total capacity,Reference,Residential,MW,1110.8808
2049,Annual generation from new connections,Constraint,Commercial,MWh,96118.57440000001
2049,Annual generation from new connections,Constraint,Industrial,MWh,74160.627
2049,Annual generation from new connections,Constraint,Residential,MWh,633799.9503
2049,Annual generation from new connections,Environmental,Commercial,MWh,269823.5052
2049,Annual generation from new connections,Environmental,Industrial,MWh,191400.087
2049,Annual generation from new connections,Environmental,Residential,MWh,2457529.6116
2049,Annual generation from new connections,Growth,Commercial,MWh,206846.9892
2049,Annual generation from new connections,Growth,Industrial,MWh,143970.819
2049,Annual generation from new connections,Growth,Residential,MWh,1501568.8353
2049,Annual generation from new connections,Innovation,Commercial,MWh,269823.5052
2049,Annual generation from new connections,Innovation,Industrial,MWh,191400.087
2049,Annual generation from new connections,Innovation,Residential,MWh,2457529.6116
2049,Annual generation from new connections,Reference,Commercial,MWh,155563.9344
2049,Annual generation from new connections,Reference,Industrial,MWh,105420.249
2049,Annual generation from new connections,Reference,Residential,MWh,1151005.57518
2049,Cumulative new ICPs,Constraint,Commercial,Number,3460
2049,Cumulative new ICPs,Constraint,Industrial,Number,2387
2049,Cumulative new ICPs,Constraint,Residential,Number,104843
2049,Cumulative new ICPs,Environmental,Commercial,Number,9713
2049,Cumulative new ICPs,Environmental,Industrial,Number,6160
2049,Cumulative new ICPs,Environmental,Residential,Number,406524
2049,Cumulative new ICPs,Growth,Commercial,Number,7446
2049,Cumulative new ICPs,Growth,Industrial,Number,4634
2049,Cumulative new ICPs,Growth,Residential,Number,248389
2049,Cumulative new ICPs,Innovation,Commercial,Number,9713
2049,Cumulative new ICPs,Innovation,Industrial,Number,6160
2049,Cumulative new ICPs,Innovation,Residential,Number,406524
2049,Cumulative new ICPs,Reference,Commercial,Number,5600
2049,Cumulative new ICPs,Reference,Industrial,Number,3393
2049,Cumulative new ICPs,Reference,Residential,Number,190399
2049,Cumulative new capacity,Constraint,Commercial,MW,75.672
2049,Cumulative new capacity,Constraint,Industrial,MW,58.38500000000001
2049,Cumulative new capacity,Constraint,Residential,MW,498.9765
2049,Cumulative new capacity,Environmental,Commercial,MW,212.426
2049,Cumulative new capacity,Environmental,Industrial,MW,150.685
2049,Cumulative new capacity,Environmental,Residential,MW,1934.758
2049,Cumulative new capacity,Growth,Commercial,MW,162.846
2049,Cumulative new capacity,Growth,Industrial,MW,113.345
2049,Cumulative new capacity,Growth,Residential,MW,1182.1515
2049,Cumulative new capacity,Innovation,Commercial,MW,212.426
2049,Cumulative new capacity,Innovation,Industrial,MW,150.685
2049,Cumulative new capacity,Innovation,Residential,MW,1934.758
2049,Cumulative new capacity,Reference,Commercial,MW,122.472
2049,Cumulative new capacity,Reference,Industrial,MW,82.995
2049,Cumulative new capacity,Reference,Residential,MW,906.1609
2049,Total ICPs,Constraint,Commercial,Number,5516
2049,Total ICPs,Constraint,Industrial,Number,4088
2049,Total ICPs,Constraint,Residential,Number,157429
2049,Total ICPs,Environmental,Commercial,Number,11769
2049,Total ICPs,Environmental,Industrial,Number,7861
2049,Total ICPs,Environmental,Residential,Number,459110
2049,Total ICPs,Growth,Commercial,Number,9502
2049,Total ICPs,Growth,Industrial,Number,6335
2049,Total ICPs,Growth,Residential,Number,300975
2049,Total ICPs,Innovation,Commercial,Number,11769
2049,Total ICPs,Innovation,Industrial,Number,7861
2049,Total ICPs,Innovation,Residential,Number,459110
2049,Total ICPs,Reference,Commercial,Number,7656
2049,Total ICPs,Reference,Industrial,Number,5094
2049,Total ICPs,Reference,Residential,Number,242985
2049,Total capacity,Constraint,Commercial,MW,120.855
2049,Total capacity,Constraint,Industrial,MW,110.434
2049,Total capacity,Constraint,Residential,MW,748.1715
2049,Total capacity,Environmental,Commercial,MW,257.609
2049,Total capacity,Environmental,Industrial,MW,202.734
2049,Total capacity,Environmental,Residential,MW,2183.953
2049,Total capacity,Growth,Commercial,MW,208.029
2049,Total capacity,Growth,Industrial,MW,165.394
2049,Total capacity,Growth,Residential,MW,1431.3465
2049,Total capacity,Innovation,Commercial,MW,257.609
2049,Total capacity,Innovation,Industrial,MW,202.734
2049,Total capacity,Innovation,Residential,MW,2183.953
2049,Total capacity,Reference,Commercial,MW,167.655
2049,Total capacity,Reference,Industrial,MW,135.044
2049,Total capacity,Reference,Residential,MW,1155.3559
2050,Annual generation from new connections,Constraint,Commercial,MWh,98448.12120000001
2050,Annual generation from new connections,Constraint,Industrial,MWh,75456.231
2050,Annual generation from new connections,Constraint,Residential,MWh,652837.0728
2050,Annual generation from new connections,Environmental,Commercial,MWh,286157.007
2050,Annual generation from new connections,Environmental,Industrial,MWh,201174.276
2050,Annual generation from new connections,Environmental,Residential,MWh,2651805.05034
2050,Annual generation from new connections,Growth,Commercial,MWh,217403.6214
2050,Annual generation from new connections,Growth,Industrial,MWh,149858.196
2050,Annual generation from new connections,Growth,Residential,MWh,1592536.49466
2050,Annual generation from new connections,Innovation,Commercial,MWh,286157.007
2050,Annual generation from new connections,Innovation,Industrial,MWh,201174.276
2050,Annual generation from new connections,Innovation,Residential,MWh,2651805.05034
2050,Annual generation from new connections,Reference,Commercial,MWh,161955.5808
2050,Annual generation from new connections,Reference,Industrial,MWh,108583.047
2050,Annual generation from new connections,Reference,Residential,MWh,1209766.04334
2050,Cumulative new ICPs,Constraint,Commercial,Number,3544
2050,Cumulative new ICPs,Constraint,Industrial,Number,2429
2050,Cumulative new ICPs,Constraint,Residential,Number,107992
2050,Cumulative new ICPs,Environmental,Commercial,Number,10301
2050,Cumulative new ICPs,Environmental,Industrial,Number,6475
2050,Cumulative new ICPs,Environmental,Residential,Number,438661
2050,Cumulative new ICPs,Growth,Commercial,Number,7826
2050,Cumulative new ICPs,Growth,Industrial,Number,4823
2050,Cumulative new ICPs,Growth,Residential,Number,263437
2050,Cumulative new ICPs,Innovation,Commercial,Number,10301
2050,Cumulative new ICPs,Innovation,Industrial,Number,6475
2050,Cumulative new ICPs,Innovation,Residential,Number,438661
2050,Cumulative new ICPs,Reference,Commercial,Number,5830
2050,Cumulative new ICPs,Reference,Industrial,Number,3495
2050,Cumulative new ICPs,Reference,Residential,Number,200119
2050,Cumulative new capacity,Constraint,Commercial,MW,77.506
2050,Cumulative new capacity,Constraint,Industrial,MW,59.405
2050,Cumulative new capacity,Constraint,Residential,MW,513.964
2050,Cumulative new capacity,Environmental,Commercial,MW,225.285
2050,Cumulative new capacity,Environmental,Industrial,MW,158.38
2050,Cumulative new capacity,Environmental,Residential,MW,2087.7067
2050,Cumulative new capacity,Growth,Commercial,MW,171.157
2050,Cumulative new capacity,Growth,Industrial,MW,117.98
2050,Cumulative new capacity,Growth,Residential,MW,1253.7683
2050,Cumulative new capacity,Innovation,Commercial,MW,225.285
2050,Cumulative new capacity,Innovation,Industrial,MW,158.38
2050,Cumulative new capacity,Innovation,Residential,MW,2087.7067
2050,Cumulative new capacity,Reference,Commercial,MW,127.504
2050,Cumulative new capacity,Reference,Industrial,MW,85.485
2050,Cumulative new capacity,Reference,Residential,MW,952.4217
2050,Total ICPs,Constraint,Commercial,Number,5600
2050,Total ICPs,Constraint,Industrial,Number,4130
2050,Total ICPs,Constraint,Residential,Number,160578
2050,Total ICPs,Environmental,Commercial,Number,12357
2050,Total ICPs,Environmental,Industrial,Number,8176
2050,Total ICPs,Environmental,Residential,Number,491247
2050,Total ICPs,Growth,Commercial,Number,9882
2050,Total ICPs,Growth,Industrial,Number,6524
2050,Total ICPs,Growth,Residential,Number,316023
2050,Total ICPs,Innovation,Commercial,Number,12357
2050,Total ICPs,Innovation,Industrial,Number,8176
2050,Total ICPs,Innovation,Residential,Number,491247
2050,Total ICPs,Reference,Commercial,Number,7886
2050,Total ICPs,Reference,Industrial,Number,5196
2050,Total ICPs,Reference,Residential,Number,252705
2050,Total capacity,Constraint,Commercial,MW,122.689
2050,Total capacity,Constraint,Industrial,MW,111.454
2050,Total capacity,Constraint,Residential,MW,763.159
2050,Total capacity,Environmental,Commercial,MW,270.468
2050,Total capacity,Environmental,Industrial,MW,210.429
2050,Total capacity,Environmental,Residential,MW,2336.9017
2050,Total capacity,Growth,Commercial,MW,216.34
2050,Total capacity,Growth,Industrial,MW,170.029
2050,Total capacity,Growth,Residential,MW,1502.9633
2050,Total capacity,Innovation,Commercial,MW,270.468
2050,Total capacity,Innovation,Industrial,MW,210.429
2050,Total capacity,Innovation,Residential,MW,2336.9017
2050,Total capacity,Reference,Commercial,MW,172.687
2050,Total capacity,Reference,Industrial,MW,137.534
2050,Total capacity,Reference,Residential,MW,1201.6167
