date,national_energy_equivalent_gwh,ni_energy_equivalent_gwh,si_energy_equivalent_gwh,HWE_storage_mm3,HWE_energy_equivalent_gwh,MAN_storage_mm3,MAN_energy_equivalent_gwh,OHA_storage_mm3,OHA_energy_equivalent_gwh,PKI_storage_mm3,PKI_energy_equivalent_gwh,TAU_storage_mm3,TAU_energy_equivalent_gwh,TKA_storage_mm3,TKA_energy_equivalent_gwh,TPO_storage_mm3,TPO_energy_equivalent_gwh,WAN_storage_mm3,WAN_energy_equivalent_gwh,WKA_storage_mm3,WKA_energy_equivalent_gwh,WPU_storage_mm3,WPU_energy_equivalent_gwh,month_day,p05_gwh,p25_gwh,median_gwh,p75_gwh,p95_gwh,watch_gwh,alert_gwh,emergency_gwh,low_10pct_incremental_solar_gwh_day,low_10pct_preserved_hydro_gwh,low_10pct_counterfactual_storage_gwh,high_30pct_incremental_solar_gwh_day,high_30pct_preserved_hydro_gwh,high_30pct_counterfactual_storage_gwh
2024-01-01,2576.911678,617.812442,1959.099237,551.132,140.805408,229.332,97.554851,22.172,16.159552,1610.433,1173.727052,468.606,199.338901,136.385,156.869209,745.189,511.442586,361.844,92.445352,108.327,106.369856,321.738,82.198911,01-01,1854.9030509,2650.462821,3003.5688385000003,3554.3333862500003,4490.8441859,401.7,394.7,264.0,0.0,0.0,2576.911678,0.0,0.0,2576.911678
2024-01-02,2597.679775,627.343554,1970.336221,552.684,141.201919,229.733,97.725432,22.225,16.19818,1619.527,1180.355005,462.402,196.6998,144.224,165.885579,758.976,520.904962,357.81,91.41473,108.397,106.438591,316.48,80.855576,01-02,1897.758354,2736.16395,3004.1758765,3550.85906625,4444.93368905,401.7,394.7,264.0,0.0,0.0,2597.679775,0.0,0.0,2597.679775
2024-01-03,2597.500527,630.785107,1966.715419,553.941,141.523062,228.121,97.039708,22.63,16.493355,1620.611,1181.145053,450.785,191.758079,147.474,169.62371,765.404,525.316666,351.113,89.703754,107.409,105.468442,310.895,79.428698,01-03,1985.5238136,2743.2091662499997,2998.417465,3606.38315625,4394.7886139,408.7,394.7,264.0,0.0,0.0,2597.500527,0.0,0.0,2597.500527
2024-01-04,2595.251897,634.609952,1960.641944,555.601,141.947166,226.946,96.539878,22.172,16.159552,1621.471,1181.771845,444.737,189.185338,146.604,168.623041,772.555,530.224583,345.67,88.313154,106.306,104.385369,305.702,78.10197,01-04,2056.09150175,2771.79815425,3011.278915,3680.6503835000003,4354.37623325,415.6,394.7,264.0,0.0,0.0,2595.251897,0.0,0.0,2595.251897
2024-01-05,2600.712292,637.792834,1962.919458,554.392,141.638286,234.731,99.851516,21.74,15.844699,1625.23,1184.511505,446.251,189.829374,145.324,167.150793,778.918,534.591675,341.636,87.282532,105.1,103.201158,300.648,76.810754,01-05,2100.45538885,2785.7726357499996,3049.2641965000003,3729.7873182499998,4306.3969942,422.6,394.7,264.0,0.0,0.0,2600.712292,0.0,0.0,2600.712292
2024-01-06,2594.075777,638.621804,1955.453973,555.467,141.912931,228.714,97.291962,22.728,16.56478,1626.104,1185.1485,438.49,186.527946,144.565,166.277796,781.764,536.544959,336.847,86.059019,103.955,102.076845,296.187,75.67104,01-06,2131.29303695,2788.73933925,3064.938749,3755.2237795,4278.2070331,429.5,394.7,264.0,0.0,0.0,2594.075777,0.0,0.0,2594.075777
2024-01-07,2580.91952,634.290601,1946.628919,554.877,141.762195,220.466,93.78337,22.7,16.544373,1628.912,1187.195046,428.017,182.072868,144.234,165.897081,777.266,533.457865,332.312,84.900399,102.688,100.832736,291.5,74.473586,01-07,2156.94023875,2795.73018175,3088.0999735,3793.255393,4297.7599196500005,436.5,394.7,264.0,0.0,0.0,2580.91952,0.0,0.0,2580.91952
2024-01-08,2562.545115,630.051714,1932.4934,555.549,141.933881,209.023,88.915667,23.046,16.796547,1626.973,1185.781851,417.919,177.77731,142.645,164.069423,772.944,530.491564,327.53,83.678675,101.392,99.560151,287.846,73.540047,01-08,2224.18470475,2781.89025025,3129.1329484999997,3813.5197307500002,4275.91171825,443.4,394.7,264.0,0.0,0.0,2562.545115,0.0,0.0,2562.545115
2024-01-09,2544.843625,626.232019,1918.611606,556.208,142.102245,198.773,84.55545,22.152,16.144976,1625.629,1184.802307,406.371,172.864941,142.064,163.40116,769.383,528.047557,321.451,82.125587,99.991,98.184463,284.225,72.61494,01-09,2376.4187417,2765.2956464999997,3151.4821675000003,3797.61804425,4231.2297499,450.4,394.7,264.0,0.0,0.0,2544.843625,0.0,0.0,2544.843625
2024-01-10,2521.253432,621.466004,1899.787428,556.941,142.289514,194.044,82.543795,22.916,16.7018,1617.91,1179.176492,392.664,167.034161,139.671,160.648746,764.323,524.574747,314.772,80.41921,98.674,96.891257,277.801,70.973711,01-10,2382.6591689,2766.23325675,3219.0983725,3809.42075175,4190.26552965,457.3,394.7,264.0,0.0,0.0,2521.253432,0.0,0.0,2521.253432
2024-01-11,2510.363788,615.335983,1895.027805,559.196,142.865631,193.199,82.184343,22.406,16.330098,1616.909,1178.446936,387.513,164.842993,139.241,160.154163,756.111,518.938638,311.415,79.56155,98.171,96.397345,276.503,70.642092,01-11,2384.5136328,2758.4233302499997,3271.603473,3794.24909525,4265.488876150001,464.2,394.7,264.0,0.0,0.0,2510.363788,0.0,0.0,2510.363788
2024-01-12,2496.154772,611.12903,1885.025742,557.978,142.554451,199.156,84.718373,22.387,16.31625,1611.936,1174.822479,378.581,161.043436,136.671,157.198164,751.578,515.827522,306.414,78.283874,97.055,95.301507,274.337,70.088714,01-12,2420.0918921499997,2770.2935500000003,3274.674613,3789.3058025,4270.47312495,471.2,394.6,264.0,0.0,0.0,2496.154772,0.0,0.0,2496.154772
2024-01-13,2475.439172,604.383182,1871.05599,559.27,142.884537,198.285,84.347861,22.25,16.216401,1606.939,1171.180531,368.376,156.702362,133.287,153.305908,743.516,510.294362,302.786,77.356978,95.82,94.08882,270.316,69.061413,01-13,2435.61928145,2757.51823525,3272.8953979999997,3833.671073,4255.3261549,478.1,394.6,264.0,0.0,0.0,2475.439172,0.0,0.0,2475.439172
2024-01-14,2507.51696,601.888695,1905.628265,559.578,142.963226,219.622,93.424344,21.761,15.860004,1613.801,1176.181741,416.334,177.103071,130.768,150.408569,741.78,509.1029,306.067,78.195221,94.493,92.785795,279.83,71.492088,01-14,2419.29944925,2737.46757175,3281.1860625,3828.2173365,4231.5321922,485.1,394.6,264.0,0.0,0.0,2507.51696,0.0,0.0,2507.51696
2024-01-15,2541.769987,599.969726,1941.800261,560.437,143.182687,238.328,101.381633,23.019,16.776869,1619.943,1180.658197,453.336,192.843241,128.973,148.343971,741.854,509.153688,324.42,82.884119,92.487,90.816037,296.416,75.729545,01-15,2419.6253254000003,2730.64455925,3295.3230685,3810.35580075,4227.0805243,492.0,394.6,264.0,0.0,0.0,2541.769987,0.0,0.0,2541.769987
2024-01-16,2531.417885,594.981441,1936.436443,559.968,143.062865,248.456,105.689952,22.081,16.093229,1614.761,1176.881415,447.857,190.512546,128.37,147.650404,736.659,505.588225,322.376,82.36191,91.038,89.393216,290.367,74.184123,01-16,2405.855767,2752.81705125,3298.678498,3799.74647575,4194.0571944,499.0,394.6,264.0,0.0,0.0,2531.417885,0.0,0.0,2531.417885
2024-01-17,2512.834098,591.028915,1921.805183,557.899,142.534268,254.883,108.423915,21.083,15.36586,1606.837,1171.10619,435.343,185.189253,126.275,145.240747,732.501,502.734481,317.799,81.19256,89.919,88.294433,284.763,72.75239,01-17,2400.7479338,2753.151085,3310.976447,3785.95726425,4159.55420755,505.9,394.6,264.0,0.0,0.0,2512.834098,0.0,0.0,2512.834098
2024-01-18,2489.645386,585.588184,1904.057201,555.441,141.906288,258.48,109.954032,18.145,13.224566,1598.89,1165.314202,422.382,179.675812,123.642,142.212287,726.322,498.493673,312.398,79.812691,88.697,87.094511,281.651,71.957324,01-18,2415.0855722,2796.7605274999996,3306.391775,3769.71166025,4137.540986800001,512.9,394.6,265.2,0.0,0.0,2489.645386,0.0,0.0,2489.645386
2024-01-19,2511.724024,575.446365,1936.277658,564.632,144.254442,259.473,110.376441,18.182,13.251533,1604.396,1169.327123,446.278,189.84086,128.293,147.561839,713.724,489.847338,344.186,87.934016,87.174,85.599027,288.595,73.731405,01-19,2430.2674693,2821.658932,3314.195408,3757.71291975,4133.93315705,519.8,394.6,275.4,0.0,0.0,2511.724024,0.0,0.0,2511.724024
2024-01-20,2772.04307,578.437878,2193.605193,602.84,154.015975,296.268,126.028556,46.853,34.147731,1667.686,1215.454584,579.202,246.385001,167.253,192.373397,720.173,494.273454,504.951,129.006901,85.713,84.164423,376.513,96.193047,01-20,2503.1944992,2809.37093275,3311.045449,3728.63832825,4114.06762255,526.8,394.6,285.7,0.0,0.0,2772.04307,0.0,0.0,2772.04307
2024-01-21,2924.420254,584.931712,2339.488542,615.689,157.298688,320.748,136.442029,54.099,39.428812,1746.831,1273.137597,630.131,268.049536,195.59,224.966444,732.107,502.464069,536.179,136.985156,83.985,82.467643,403.862,103.180279,01-21,2488.8143786,2814.69670425,3294.8084445,3705.40371375,4088.3766181,533.7,394.5,296.0,0.0,0.0,2924.420254,0.0,0.0,2924.420254
2024-01-22,2967.300302,586.677385,2380.622917,621.411,158.760568,328.272,139.642641,47.105,34.331396,1783.981,1300.21352,637.414,271.147629,206.842,237.908427,736.416,505.421448,529.694,135.328342,82.751,81.255938,404.293,103.290393,01-22,2472.2167208,2832.791083,3279.7123205,3702.8958464999996,4105.6783118,540.7,394.5,306.2,0.0,0.0,2967.300302,0.0,0.0,2967.300302
2024-01-23,3027.561133,591.552648,2436.008485,631.413,161.315919,338.566,144.021575,44.571,32.484548,1810.618,1319.627285,657.937,279.877847,222.651,256.091844,744.385,510.89078,537.127,137.227354,82.146,80.661868,412.402,105.362113,01-23,2451.89754945,2832.413371,3300.352032,3746.8448405,4091.20073735,547.6,394.5,316.5,0.0,0.0,3027.561133,0.0,0.0,3027.561133
2024-01-24,3082.409328,596.51774,2485.891588,643.046,164.287964,343.53,146.133196,41.748,30.42707,1842.396,1342.787949,672.369,286.017032,236.417,271.925415,753.422,517.093108,540.137,137.996361,80.886,79.424633,416.138,106.316601,01-24,2447.7883378,2870.07102225,3301.1595735,3725.01309325,4076.23205245,554.6,394.5,326.7,0.0,0.0,3082.409328,0.0,0.0,3082.409328
2024-01-25,3082.471792,589.741851,2492.729942,647.697,165.47622,344.435,146.518171,34.807,25.368281,1858.212,1354.315077,668.454,284.351642,240.877,277.05528,744.877,511.228452,528.887,135.122166,79.958,78.513399,409.118,104.523103,01-25,2443.52752705,2899.155108,3290.4919449999998,3711.06325525,4063.252855,561.5,394.5,337.0,0.0,0.0,3082.471792,0.0,0.0,3082.471792
2024-01-26,3068.976622,585.032306,2483.944317,652.237,166.636118,343.033,145.921779,24.736,18.028265,1865.047,1359.29661,661.02,281.189315,243.069,279.576505,738.852,507.093338,513.774,131.261037,79.373,77.938968,399.378,102.034689,01-26,2428.71527135,2913.40958275,3283.139856,3687.57995075,4038.86526765,568.5,394.5,347.3,0.0,0.0,3068.976622,0.0,0.0,3068.976622
2024-01-27,3132.677235,584.574129,2548.103106,667.72,170.591776,352.961,150.145021,27.564,20.089387,1881.002,1370.925045,700.814,298.117165,256.826,295.399724,739.05,507.22923,542.899,138.702008,78.768,77.344899,407.591,104.132979,01-27,2415.52339785,2949.12780425,3297.502603,3682.32329125,4199.901862600001,575.4,394.5,357.5,0.0,0.0,3132.677235,0.0,0.0,3132.677235
2024-01-28,3233.651241,589.772611,2643.87863,679.128,173.506338,366.678,155.980054,29.921,21.807233,1924.232,1402.432236,757.555,322.254049,276.417,317.933175,748.294,513.573628,561.771,143.523502,77.601,76.198983,416.629,106.442043,01-28,2419.2484385499997,2986.71038825,3295.7331135,3663.9950615,4358.713634850001,582.4,394.5,367.8,0.0,0.0,3233.651241,0.0,0.0,3233.651241
2024-01-29,3308.230599,625.250278,2682.980321,686.3,175.338669,363.473,154.616689,25.081,18.27971,1956.856,1426.209488,772.69,328.692281,285.81,328.736947,796.252,546.48845,566.117,144.633836,80.211,78.761828,416.749,106.472702,01-29,2418.51994455,2989.148811,3287.093743,3641.07285875,4320.985651700001,2019.4,1345.0,899.2,0.0,0.0,3308.230599,0.0,0.0,3308.230599
2024-01-30,3319.707417,628.676336,2691.031081,691.15,176.577767,355.713,151.315686,24.328,17.730903,1969.527,1435.444455,769.038,327.138768,292.597,336.543314,792.91,544.194749,555.521,141.926727,86.036,84.481588,408.454,104.353462,01-30,2398.74261885,2976.80278775,3280.2631794999998,3613.12627475,4284.5814766,2027.9,1355.8,911.6,0.0,0.0,3319.707417,0.0,0.0,3319.707417
2024-01-31,3313.914929,630.143992,2683.770938,695.782,177.761168,347.998,148.033825,24.425,17.801599,1972.288,1437.456746,761.449,323.910506,294.187,338.372122,787.882,540.743902,540.95,138.20407,91.045,89.40009,400.146,102.230901,01-31,2375.29247985,2966.175927,3299.0054785,3600.9204234999997,4257.8043096500005,2036.4,1366.6,923.9,0.0,0.0,3313.914929,0.0,0.0,3313.914929
2024-02-01,3299.24596,629.014419,2670.231541,699.278,178.654341,344.758,146.655571,23.025,16.781242,1971.317,1436.749055,750.449,319.231249,293.78,337.903993,783.06,537.434438,525.719,134.312793,93.265,91.579981,391.192,99.943297,02-01,2417.6072863,2957.297026,3283.448748,3595.63123525,4233.59191445,2044.9,1377.4,936.3,0.0,0.0,3299.24596,0.0,0.0,3299.24596
2024-02-02,3288.683823,624.105739,2664.578084,703.602,179.759053,348.563,148.274169,21.127,15.397928,1966.178,1433.003613,749.525,318.838191,294.924,339.219815,774.357,531.461342,513.114,131.092417,94.349,92.644397,387.472,98.992896,02-02,2426.8920078,2948.3434150000003,3289.567951,3605.26378575,4231.91332085,2053.8,1383.4,940.3,0.0,0.0,3288.683823,0.0,0.0,3288.683823
2024-02-03,3285.559797,620.704098,2664.855699,705.285,180.189033,355.452,151.20466,20.862,15.204789,1964.769,1431.976696,745.808,317.257028,296.973,341.576563,768.362,527.346818,503.561,128.651779,95.075,93.35728,386.698,98.795152,02-03,2416.4859993,2969.9640915,3292.8817280000003,3743.35522225,4205.00420145,2062.7,1389.3,944.3,0.0,0.0,3285.559797,0.0,0.0,3285.559797
2024-02-04,3283.058811,619.714616,2663.344196,709.369,181.23243,356.95,151.84189,20.882,15.219365,1968.765,1434.889089,736.785,313.418761,299.452,344.427894,766.152,525.830038,490.886,125.413519,95.612,93.884578,379.285,96.901249,02-04,2412.42644765,2953.7893625,3357.8412614999997,3742.551246,4177.82514585,2071.6,1395.3,948.3,0.0,0.0,3283.058811,0.0,0.0,3283.058811
2024-02-05,3291.70302,618.368396,2673.334624,711.955,181.893111,376.936,160.343674,21.014,15.315571,1970.833,1436.396303,744.267,316.601506,299.968,345.021394,763.943,524.313943,478.476,122.242962,95.785,94.054452,373.879,95.520102,02-05,2405.26128185,2931.2069737499996,3435.5812610000003,3723.11867875,4203.4277977500005,2080.5,1401.2,952.3,0.0,0.0,3291.70302,0.0,0.0,3291.70302
2024-02-06,3300.915959,620.275434,2680.640526,713.635,182.322324,401.539,170.809471,20.548,14.975937,1966.046,1432.907408,758.854,322.806626,297.7,342.412754,766.786,526.265168,466.932,119.293655,95.74,94.010265,372.283,95.11235,02-06,2394.7982191,2916.194943,3442.8504855,3726.26855375,4164.91858175,2089.4,1407.2,956.3,0.0,0.0,3300.915959,0.0,0.0,3300.915959
2024-02-07,3332.511225,620.661636,2711.849589,712.72,182.088556,461.507,196.319078,20.962,15.277672,1962.123,1430.04822,800.099,340.351713,294.126,338.30196,768.117,527.178668,454.598,116.142515,95.203,93.482967,365.267,93.319874,02-07,2383.10955365,2904.1631912499997,3418.424666,3722.8252385,4269.365159950001,2098.3,1413.1,960.3,0.0,0.0,3332.511225,0.0,0.0,3332.511225
2024-02-08,3315.991032,614.274268,2701.716764,712.144,181.941398,461.594,196.356087,22.001,16.034923,1954.878,1424.767868,808.575,343.957294,289.993,333.548209,760.078,521.661293,442.206,112.976558,94.317,92.612975,360.627,92.134428,02-08,2361.0806132999996,2902.7327757499997,3394.9114095,3699.70844475,4237.6345941,2107.2,1419.1,964.3,0.0,0.0,3315.991032,0.0,0.0,3315.991032
2024-02-09,3285.510793,608.042658,2677.468134,713.675,182.332544,447.556,190.384504,21.929,15.982447,1951.305,1422.163769,792.886,337.283397,286.208,329.194724,752.399,516.390996,431.074,110.13251,93.338,91.651662,352.25,89.994239,02-09,2349.07175935,2909.77218425,3404.6477484999996,3673.301658,4177.877588550001,2116.1,1425.0,968.3,0.0,0.0,3285.510793,0.0,0.0,3285.510793
2024-02-10,3254.397477,601.326036,2653.071441,716.086,182.948516,433.839,184.549471,21.93,15.983176,1946.403,1418.591059,776.542,330.330872,282.227,324.615802,743.225,510.094641,420.572,107.449417,92.91,91.231395,346.805,88.603129,02-10,2338.25381185,2907.88045925,3383.84174,3649.518035,4116.4413184,2124.9,1431.0,972.3,0.0,0.0,3254.397477,0.0,0.0,3254.397477
2024-02-11,3234.575479,603.300467,2631.275012,715.844,182.886688,425.793,181.126807,21.649,15.778376,1942.596,1415.816415,753.043,320.334703,281.922,324.264993,747.471,513.008782,407.644,104.14652,91.953,90.291685,340.219,86.920511,02-11,2325.3584674999997,2894.61689875,3353.838177,3643.21786875,4058.0209815000003,2133.8,1436.9,976.3,0.0,0.0,3234.575479,0.0,0.0,3234.575479
2024-02-12,3196.035268,594.640818,2601.39445,717.159,183.22265,414.515,176.329292,21.783,15.876039,1931.565,1407.776724,731.704,311.257369,279.003,320.907577,736.363,505.385072,397.354,101.517589,90.898,89.255746,330.773,84.507209,02-12,2309.9898453,2886.43710825,3355.3349015000003,3650.07335925,4046.85461075,2142.7,1442.9,980.3,0.0,0.0,3196.035268,0.0,0.0,3196.035268
2024-02-13,3160.732864,588.445278,2572.287586,718.123,183.468937,418.103,177.855581,21.882,15.948192,1917.2,1397.307124,709.064,301.626608,273.937,315.080694,729.13,500.420876,386.376,98.712886,89.644,88.024402,322.085,82.287564,02-13,2293.9766866500004,2881.1879835,3347.165158,3655.71394425,4040.3127205500004,2151.6,1448.8,984.3,0.0,0.0,3160.732864,0.0,0.0,3160.732864
2024-02-14,3127.053101,580.808582,2546.244519,720.72,184.132428,417.119,177.437,22.057,16.075737,1906.064,1389.190907,690.566,293.757799,268.532,308.863895,719.481,493.798517,376.746,96.252575,88.611,87.010065,315.222,80.534177,02-14,2279.0725241,2860.9629022500003,3332.3194665,3654.78332875,4048.109819,2160.5,1454.8,988.3,0.0,0.0,3127.053101,0.0,0.0,3127.053101
2024-02-15,3128.058234,576.990614,2551.06762,722.128,184.49215,436.235,185.568698,21.094,15.373877,1899.336,1384.287359,714.564,303.966236,263.478,303.050815,715.768,491.250188,371.627,94.944752,87.318,85.740426,310.719,79.383733,02-15,2272.2737672000003,2840.49336625,3334.106114,3658.73619325,4016.2681429500003,2169.4,1460.7,992.3,0.0,0.0,3128.058234,0.0,0.0,3128.058234
2024-02-16,3148.260555,571.506283,2576.754272,726.183,185.528138,453.521,192.921938,23.352,17.019568,1896.079,1381.913569,757.157,322.084745,258.795,297.664456,710.165,487.404704,385.333,98.446416,85.649,84.10158,317.732,81.175442,02-16,2266.2624346999996,2812.9525732499997,3329.3834165,3661.5504680000004,4000.16228345,2178.3,1466.7,996.3,0.0,0.0,3148.260555,0.0,0.0,3148.260555
2024-02-17,3137.626717,565.327601,2572.299116,728.826,186.203382,438.228,186.416494,23.056,16.803835,1900.428,1385.083238,755.573,321.410932,259.236,298.171692,703.154,482.592872,381.817,97.548134,84.257,82.734729,315.72,80.661408,02-17,2254.09948875,2810.23746825,3308.64757,3653.480571,4023.7066894,2187.2,1472.6,1000.3,0.0,0.0,3137.626717,0.0,0.0,3137.626717
2024-02-18,3125.995789,562.30864,2563.687149,730.663,186.672706,411.136,174.89191,22.397,16.323538,1915.108,1395.782418,746.533,317.565433,258.531,297.360805,700.485,480.761068,374.602,95.704817,83.048,81.547572,310.726,79.385521,02-18,2235.6789196,2810.05112625,3287.780022,3693.02047025,4015.6775751,2196.1,1478.6,1004.3,0.0,0.0,3125.995789,0.0,0.0,3125.995789
2024-02-19,3122.328182,560.467882,2561.860301,732.734,187.201813,393.701,167.475287,21.898,15.959854,1927.866,1405.080793,747.237,317.864906,256.478,294.999457,699.268,479.925809,368.924,94.254179,82.024,80.542072,309.311,79.024012,02-19,2229.7283757,2858.598848,3266.124319,3730.603313,3997.2571801500003,2289.9,1572.2,1097.8,0.0,0.0,3122.328182,0.0,0.0,3122.328182
2024-02-20,3105.339206,552.687004,2552.652202,730.073,186.52197,400.328,170.294327,22.631,16.494084,1924.852,1402.884109,744.353,316.63809,252.572,290.506799,690.512,473.916339,361.826,92.440754,80.22,78.770665,300.888,76.87207,02-20,2220.7870254,2856.2335605,3240.2000935,3711.4758352500003,3980.6833539,2298.6,1578.6,1102.7,0.0,0.0,3105.339206,0.0,0.0,3105.339206
2024-02-21,3081.897622,543.451565,2538.446057,730.835,186.716649,407.818,173.480476,22.81,16.624544,1917.381,1397.439042,732.101,311.426248,249.909,287.443832,679.485,466.348222,354.971,90.689411,78.522,77.103343,292.096,74.625854,02-21,2198.48908145,2842.54071575,3216.3235405,3688.71865725,3967.60356865,2307.3,1585.0,1107.6,0.0,0.0,3081.897622,0.0,0.0,3081.897622
2024-02-22,3051.869631,536.574036,2515.295595,731.381,186.856143,412.12,175.31049,22.151,16.144247,1900.915,1385.438177,717.776,305.332579,247.39,284.546494,671.523,460.883694,346.519,88.53006,77.083,75.690341,286.27,73.137405,02-22,2182.42563785,2825.113395,3195.1641170000003,3662.15825325,3984.2724078,2316.0,1591.4,1112.5,0.0,0.0,3051.869631,0.0,0.0,3051.869631
2024-02-23,3015.833851,529.244338,2486.589513,732.108,187.04188,405.754,172.602477,22.1,16.107077,1883.987,1373.100593,702.952,299.026642,243.806,280.424198,662.689,454.820691,338.897,86.582761,75.793,74.423648,280.659,71.703884,02-23,2199.7377446,2861.6451165,3213.8923560000003,3635.4071400000003,3961.81030865,2324.7,1597.8,1117.4,0.0,0.0,3015.833851,0.0,0.0,3015.833851
2024-02-24,2998.410728,528.509889,2469.90084,734.946,187.766944,390.209,165.989836,22.571,16.450354,1870.009,1362.913049,706.427,300.504862,242.507,278.930096,662.845,454.927757,334.804,85.537065,74.936,73.582131,281.069,71.808632,02-24,2212.94938415,2892.41165925,3237.1860065,3601.669325,3941.8401860500003,2333.4,1604.2,1122.3,0.0,0.0,2998.410728,0.0,0.0,2998.410728
2024-02-25,3010.730313,528.802439,2481.927874,738.071,188.565331,382.919,162.888765,26.065,18.996876,1858.792,1354.737797,724.818,308.328155,245.08,281.889546,665.682,456.874864,352.173,89.974567,73.251,71.927574,299.615,76.546839,02-25,2218.2365480999997,2867.7134825000003,3226.1593325,3579.914569,3919.02791875,2342.1,1610.6,1127.1,0.0,0.0,3010.730313,0.0,0.0,3010.730313
2024-02-26,2999.428738,524.464892,2474.963846,739.553,188.943959,365.938,155.665268,24.242,17.668224,1861.866,1356.978211,717.583,305.25048,247.694,284.896153,661.624,454.089753,350.418,89.526192,71.67,70.375138,297.613,76.03536,02-26,2220.0893794,2838.92162075,3264.741641,3567.8199705,3902.3932634499997,2350.8,1617.0,1132.0,0.0,0.0,2999.428738,0.0,0.0,2999.428738
2024-02-27,2979.772799,521.697971,2458.074827,740.082,189.07911,354.965,150.997496,26.159,19.065385,1862.5,1357.440288,700.906,298.156301,244.289,280.979742,659.358,452.534539,342.985,87.62718,70.436,69.163433,292.501,74.729325,02-27,2227.2270375000003,2811.25494725,3296.4742415,3564.94169475,3885.4817898,2359.5,1623.4,1136.9,0.0,0.0,2979.772799,0.0,0.0,2979.772799
2024-02-28,2954.773809,517.347582,2437.426227,740.928,189.295249,347.632,147.878134,28.484,20.759908,1858.293,1354.374112,680.952,289.668128,240.749,276.908055,655.184,449.669814,334.863,85.552139,68.923,67.677768,285.695,72.990501,02-28,2225.19724295,2787.883556,3284.439991,3531.1809304999997,3898.4082489,2368.2,1629.8,1141.8,0.0,0.0,2954.773809,0.0,0.0,2954.773809
2024-02-29,2930.551926,509.702573,2420.849353,741.581,189.46208,342.929,145.877539,29.912,21.800673,1853.886,1351.162172,666.278,283.426,237.658,273.352806,645.789,443.221781,328.378,83.895325,67.704,66.480792,281.32,71.872759,02-29,2231.184274,2675.3277669999998,3334.090392,3738.0422645,4072.7878645,2376.8,1636.2,1146.7,0.0,0.0,2930.551926,0.0,0.0,2930.551926
2024-03-01,2902.95883,501.308337,2401.650492,742.723,189.753843,339.535,144.433775,30.843,22.479211,1844.9,1344.612932,651.417,277.104323,234.807,270.073603,634.876,435.731906,322.223,82.322821,66.783,65.576432,277.395,70.869984,03-01,2232.1874861,2771.3757480000004,3268.9763155,3501.5511175,3956.4751361999997,2385.5,1642.6,1151.6,0.0,0.0,2902.95883,0.0,0.0,2902.95883
2024-03-02,2883.644964,498.52241,2385.122554,743.852,190.042284,335.128,142.559095,31.473,22.938372,1844.348,1344.21062,629.384,267.731772,232.612,267.548927,632.186,433.885689,315.391,80.577354,65.826,64.636722,272.088,69.514131,03-02,2236.74787995,2751.41127375,3253.5681725000004,3494.6555125000004,4012.944634,2381.1,1639.7,1149.7,0.0,0.0,2883.644964,0.0,0.0,2883.644964
2024-03-03,2869.298624,495.064002,2374.234621,744.404,190.183312,328.519,139.747712,31.217,22.751792,1852.611,1350.232917,611.611,260.171368,228.857,263.229948,628.592,431.419033,309.966,79.191354,64.816,63.644969,269.004,68.726218,03-03,2224.66794245,2743.693367,3228.2724609999996,3468.5706975000003,4042.3809201500003,2376.7,1636.8,1147.8,0.0,0.0,2869.298624,0.0,0.0,2869.298624
2024-03-04,2882.982081,498.318543,2384.663538,746.045,190.602561,334.64,142.351506,31.703,23.106002,1860.123,1355.707866,616.155,262.104327,227.428,261.586321,633.829,435.013322,310.16,79.240917,64.47,63.305221,273.849,69.964038,03-04,2208.89663115,2713.5440565,3220.8588185,3465.4247435,4034.08913415,2372.2,1633.9,1145.9,0.0,0.0,2882.982081,0.0,0.0,2882.982081
2024-03-05,2906.742388,515.456754,2391.285634,745.604,190.489892,346.441,147.371498,32.65,23.796202,1858.793,1354.738526,618.567,263.13036,226.397,260.400471,656.827,450.797448,312.669,79.881927,65.849,64.659306,279.77,71.476759,03-05,2191.2631435000003,2681.14645825,3201.3614155,3456.98396525,4009.4484064499998,2367.8,1631.0,1144.0,0.0,0.0,2906.742388,0.0,0.0,2906.742388
2024-03-06,2895.117618,513.648816,2381.468803,746.221,190.647526,348.492,148.243966,30.305,22.087102,1854.968,1351.950763,609.522,259.282735,226.188,260.16008,655.396,449.815315,309.654,79.111643,65.008,63.8335,273.931,69.984988,03-06,2173.1027387500003,2665.07398975,3204.4625005,3449.869071,3979.30150975,2363.3,1628.1,1142.1,0.0,0.0,2895.117618,0.0,0.0,2895.117618
2024-03-07,2881.090679,508.681513,2372.409166,748.458,191.219044,347.17,147.681605,29.199,21.28102,1850.585,1348.756314,603.297,256.634701,224.897,258.67518,649.18,445.549113,306.32,78.259859,64.294,63.1324,273.604,69.901444,03-07,2197.7724262,2671.9573170000003,3183.041526,3450.7679405,3966.6645117999997,2358.9,1625.1,1140.1,0.0,0.0,2881.090679,0.0,0.0,2881.090679
2024-03-08,2868.949379,507.65146,2361.297919,747.134,190.880783,353.017,150.168843,28.107,20.48514,1840.322,1341.276362,596.975,253.945404,223.743,257.347856,649.376,445.683633,302.262,77.223105,63.108,61.967828,273.874,69.970425,03-08,2204.9512185,2684.08124075,3165.4991019999998,3461.85302575,3973.07056715,2354.5,1622.2,1138.2,0.0,0.0,2868.949379,0.0,0.0,2868.949379
2024-03-09,2851.702256,505.026353,2346.675903,747.156,190.886404,353.359,150.314325,26.322,19.184184,1842.076,1342.554725,580.76,247.047754,219.165,252.082268,647.185,444.179892,297.326,75.962036,61.966,60.84646,268.683,68.644208,03-09,2203.0001681,2752.5451224999997,3142.1522475,3461.3076855,4009.4324081,2350.0,1619.3,1136.3,0.0,0.0,2851.702256,0.0,0.0,2851.702256
2024-03-10,2832.915386,499.50289,2333.412496,747.584,190.995751,349.214,148.551096,25.413,18.521681,1847.475,1346.489662,568.234,241.719357,212.992,244.98212,640.771,439.777797,291.937,74.585233,60.824,59.725093,264.469,67.567598,03-10,2203.7821947,2808.702564,3125.21193,3484.795801,4034.25950495,2345.6,1616.4,1134.4,0.0,0.0,2832.915386,0.0,0.0,2832.915386
2024-03-11,2820.662426,499.147187,2321.515238,746.702,190.770414,352.349,149.884684,24.569,17.906551,1847.388,1346.426254,556.192,236.596846,208.157,239.420932,641.868,440.530697,287.19,73.37245,59.695,58.61649,262.784,67.137107,03-11,2230.8536937500003,2813.8458785000003,3107.708251,3523.95963025,4166.8722437999995,2341.1,1613.5,1132.5,0.0,0.0,2820.662426,0.0,0.0,2820.662426
2024-03-12,2785.839975,487.682924,2298.157051,745.67,190.506754,351.528,149.535441,24.991,18.214116,1835.681,1337.893876,541.964,230.54444,203.854,234.471648,627.718,430.819184,279.78,71.479314,57.91,56.86374,256.421,65.511463,03-12,2248.9690275000003,2797.36949375,3087.5593825,3546.88547425,4173.8087798,2336.7,1610.5,1130.6,0.0,0.0,2785.839975,0.0,0.0,2785.839975
2024-03-13,2762.462514,481.04509,2281.417424,744.042,190.090826,351.967,149.722186,25.33,18.461188,1825.933,1330.789271,534.461,227.352761,199.812,229.822564,620.038,425.5482,275.763,70.453034,56.518,55.496889,253.345,64.725594,03-13,2244.722055,2801.2891025,3091.074663,3557.8724,4165.75796765,2332.3,1607.6,1128.7,0.0,0.0,2762.462514,0.0,0.0,2762.462514
2024-03-14,2739.208935,474.516525,2264.69241,744.011,190.082906,347.572,147.85261,25.406,18.516579,1818.504,1325.374815,525.411,223.503009,196.265,225.742825,612.759,420.552433,271.558,69.378724,54.957,53.964092,251.448,64.240941,03-14,2232.2912279,2785.705581,3117.797479,3551.3622750000004,4143.30915345,2327.8,1604.7,1126.7,0.0,0.0,2739.208935,0.0,0.0,2739.208935
2024-03-15,2723.537586,470.868393,2252.669193,741.365,189.406896,345.183,146.836361,24.677,17.985264,1814.87,1322.726257,520.421,221.380328,193.606,222.68446,608.797,417.83321,267.794,68.417082,54.011,53.035183,247.501,63.232545,03-15,2219.1636544,2766.6784372499997,3105.1157075,3550.724161,4106.7664449,2323.4,1601.8,1124.8,0.0,0.0,2723.537586,0.0,0.0,2723.537586
2024-03-16,2714.265624,472.494199,2241.771425,740.077,189.077832,339.693,144.500986,25.185,18.355508,1811.086,1319.968376,512.568,218.039764,192.902,221.874723,613.176,420.838631,264.361,67.540006,52.606,51.655567,244.298,62.41423,03-16,2197.31804935,2742.591887,3082.040105,3585.0353915,4077.668504,2318.9,1598.9,1122.9,0.0,0.0,2714.265624,0.0,0.0,2714.265624
2024-03-17,2695.474613,467.345129,2228.129484,739.8,189.007063,333.524,141.876774,23.629,17.221453,1809.804,1319.03402,499.608,212.526748,191.087,219.787121,607.545,416.97393,261.504,66.810088,51.298,50.371199,242.153,61.866217,03-17,2177.90747115,2717.3215595,3057.1273415,3578.77506475,4058.7485514500004,2314.5,1595.9,1121.0,0.0,0.0,2695.474613,0.0,0.0,2695.474613
2024-03-18,2668.210014,464.075063,2204.134951,736.647,188.201522,327.227,139.198112,22.333,16.276893,1799.785,1311.731902,481.029,204.623483,190.015,218.554113,605.091,415.289686,255.078,65.168348,49.683,48.785377,236.338,60.380578,03-18,2161.0718175,2691.23816875,3039.7328559999996,3566.63082975,4039.45023265,2310.1,1593.0,1119.1,0.0,0.0,2668.210014,0.0,0.0,2668.210014
2024-03-19,2630.158102,452.792852,2177.36525,732.223,187.071261,319.272,135.814158,21.875,15.943091,1786.529,1302.070571,465.673,198.09124,187.231,215.351973,590.365,405.182849,250.331,63.955565,48.486,47.610003,231.198,59.06739,03-19,2149.2663955999997,2665.39271275,3065.3800730000003,3543.4080755,4018.3116039,2125.7,1461.2,1022.0,0.0,0.0,2630.158102,0.0,0.0,2630.158102
2024-03-20,2593.427827,442.841605,2150.586222,727.408,185.841105,308.035,131.034085,21.693,15.810444,1772.261,1291.671668,453.755,193.021478,184.378,212.070469,577.119,396.091775,246.72,63.033012,47.61,46.74983,227.427,58.10396,03-20,2130.8253023,2646.067592,3093.927091,3519.649113,4006.4919551,2125.4,1460.8,1021.6,0.0,0.0,2593.427827,0.0,0.0,2593.427827
2024-03-21,2555.788328,433.368051,2122.420277,722.467,184.578759,297.22,126.433524,21.641,15.772545,1759.307,1282.230443,438.646,186.594306,180.546,207.662926,564.941,387.733697,242.456,61.943629,46.474,45.634354,223.905,57.204145,03-21,2109.8566806500003,2631.108742,3087.734215,3533.55069175,4001.63894805,2125.2,1460.5,1021.1,0.0,0.0,2555.788328,0.0,0.0,2555.788328
2024-03-22,2515.070626,424.755965,2090.314661,714.11,182.443679,285.421,121.414383,21.677,15.798783,1747.772,1273.823423,420.175,178.736983,175.084,201.380566,554.466,380.544432,237.143,60.586242,45.025,44.211533,219.703,56.130601,03-22,2088.3930621500003,2631.3136692499997,3071.4965190000003,3509.8924445000002,3990.98628655,2124.9,1460.1,1020.6,0.0,0.0,2515.070626,0.0,0.0,2515.070626
2024-03-23,2479.424494,420.092418,2059.332076,706.555,180.513498,271.711,115.582327,21.736,15.841784,1731.417,1261.903458,405.114,172.330229,172.531,198.444121,549.355,377.03662,232.979,59.522407,43.848,43.055798,216.038,55.194252,03-23,2069.0646509000003,2600.515689,3080.4738595,3512.175239,3965.9226307999998,2124.7,1459.7,1020.2,0.0,0.0,2479.424494,0.0,0.0,2479.424494
2024-03-24,2454.495968,420.324809,2034.171159,701.053,179.107825,257.278,109.442717,21.758,15.857818,1722.957,1255.737581,392.412,166.926963,168.536,193.849096,551.203,378.30495,229.969,58.7534,42.793,42.019859,213.304,54.495759,03-24,2051.9980554,2581.8918805,3077.959342,3530.2276875,3939.5987646000003,2124.5,1459.3,1019.7,0.0,0.0,2454.495968,0.0,0.0,2454.495968
2024-03-25,2454.364078,421.052688,2033.31139,697.205,178.124722,258.763,110.074416,21.138,15.405945,1716.231,1250.835491,402.574,171.249746,167.232,192.349243,553.142,379.635736,233.539,59.665478,42.179,41.416952,217.651,55.606348,03-25,2036.7543977500002,2564.98838525,3062.4915334999996,3570.38907525,3914.6847374500003,2124.2,1459.0,1019.3,0.0,0.0,2454.364078,0.0,0.0,2454.364078
2024-03-26,2486.104758,417.354928,2068.749831,700.605,178.993368,285.413,121.41098,23.279,16.966364,1712.976,1248.463159,443.442,188.634462,164.929,189.700346,549.411,377.075054,253.264,64.7049,41.021,40.279874,234.364,59.876252,03-26,2020.3138085,2543.91590125,3035.9527765000003,3620.98022475,3943.14589285,2124.0,1458.6,1018.8,0.0,0.0,2486.104758,0.0,0.0,2486.104758
2024-03-27,2516.096516,413.770583,2102.325933,703.808,179.811683,308.488,131.226785,21.231,15.473726,1713.024,1248.498143,482.565,205.276878,166.584,191.603917,545.964,374.709288,265.15,67.741583,39.78,39.061295,245.39,62.693219,03-27,1998.1071757,2604.14483375,3021.9447065,3634.92713225,3953.9699509,2123.7,1458.2,1018.3,0.0,0.0,2516.096516,0.0,0.0,2516.096516
2024-03-28,2534.205681,410.873041,2123.332639,707.364,180.720184,323.035,137.41489,20.637,15.040803,1707.061,1244.152147,511.188,217.45273,167.794,192.995652,542.479,372.317442,273.678,69.92035,39.265,38.555599,256.908,65.635883,03-28,1981.7903459499998,2645.85568575,3007.557894,3610.1169207499997,3940.2909958500004,2123.5,1457.8,1017.9,0.0,0.0,2534.205681,0.0,0.0,2534.205681
2024-03-29,2527.711239,403.542428,2124.168811,706.406,180.475431,326.995,139.099422,20.029,14.597676,1701.802,1240.319246,516.946,219.902108,168.615,193.939961,533.007,365.816562,273.896,69.976046,38.42,37.725866,257.781,65.858921,03-29,1963.4761375,2639.7601715,2999.3917205,3668.82904775,3950.38454605,2123.3,1457.5,1017.4,0.0,0.0,2527.711239,0.0,0.0,2527.711239
2024-03-30,2514.321926,397.848451,2116.473475,703.663,179.774638,322.041,136.992055,20.122,14.665457,1695.668,1235.848621,513.073,218.254584,170.296,195.873437,524.157,359.742577,272.559,69.634464,38.807,38.105874,256.103,65.430219,03-30,1943.4642294,2612.74838275,2991.064383,3669.888062,3952.4618228,2123.0,1457.1,1017.0,0.0,0.0,2514.321926,0.0,0.0,2514.321926
2024-03-31,2715.303018,391.669056,2323.633962,700.939,179.078699,315.083,134.032212,20.812,15.168348,1686.216,1228.959749,505.543,215.05142,362.911,417.418055,514.398,353.044722,270.091,69.003929,39.335,38.624335,254.112,64.92155,03-31,2140.9123022,2813.6058765,3214.382093,3873.485363,4187.4784997,2122.8,1456.7,1016.5,0.0,0.0,2715.303018,0.0,0.0,2715.303018
2024-04-01,2688.732394,383.932119,2304.800275,699.445,178.697006,305.641,130.015708,21.637,15.76963,1675.609,1221.229081,495.365,210.721831,361.675,415.996415,503.683,345.690739,266.905,68.189957,38.945,38.241381,251.212,64.180647,04-01,2119.51438685,2808.0623542499998,3216.2379655,3855.16058625,4196.0170871499995,2122.5,1456.4,1016.0,5.2423205290318435,3.9317403967738827,2692.664134396774,7.897773589284605,5.923330191963454,2694.6557241919636
2024-04-02,2658.558431,375.761126,2282.797304,700.315,178.919277,295.524,125.712068,22.125,16.125297,1663.348,1212.292933,484.316,206.02173,358.903,412.808077,492.244,337.839856,263.819,67.401533,38.619,37.921271,248.612,63.516388,04-02,2102.28447215,2791.0500065,3217.236911,3832.67946125,4203.33100585,2124.5,1457.9,1017.2,5.2423205290318435,7.863480793547765,2666.4219117935477,7.897773589284605,11.846660383926908,2670.405091383927
2024-04-03,2624.944927,368.65016,2256.294767,702.56,179.492839,284.273,120.926039,22.01,16.041482,1644.112,1198.273217,475.524,202.281728,356.496,410.03956,482.401,331.084349,261.098,66.706361,38.257,37.565811,244.765,62.533541,04-03,2097.0196943,2765.51863125,3226.381496,3824.4810795000003,4193.99079645,2126.5,1459.4,1018.4,5.2423205290318435,11.795221190321648,2636.7401481903216,7.897773589284605,17.76999057589036,2642.7149175758905
2024-04-04,2598.82195,364.142127,2234.679824,702.824,179.560287,274.331,116.696841,22.595,16.467846,1632.172,1189.571022,461.532,196.329713,354.286,407.497631,476.166,326.805106,260.055,66.439892,38.024,37.33702,243.133,62.116591,04-04,2100.2523816999997,2746.91367675,3247.4779614999998,3814.3856775,4176.519201200001,2128.5,1460.9,1019.6,5.2423205290318435,15.72696158709553,2614.5489115870955,7.897773589284605,23.693320767853816,2622.515270767854
2024-04-05,2574.170538,360.487087,2213.683451,704.507,179.990266,266.332,113.29417,22.938,16.717834,1620.334,1180.943168,446.708,190.023776,352.43,405.362871,472.141,324.042644,259.454,66.286346,37.115,36.444443,239.017,61.065019,04-05,2089.166908,2744.6947662499997,3234.3295245,3798.44418925,4159.04858675,2130.5,1462.4,1020.8,5.2423205290318435,19.658701983869413,2593.8292399838692,7.897773589284605,29.61665095981727,2603.7871889598173
2024-04-06,2547.621377,354.362435,2193.258942,702.82,179.559265,256.082,108.933954,21.712,15.824292,1610.682,1173.90853,433.227,184.289134,352.088,404.969505,463.386,318.03386,256.58,65.552085,36.997,36.328575,235.718,60.222178,04-06,2075.68951915,2756.92429425,3226.5312514999996,3821.60693125,4155.03503135,2132.5,1463.9,1022.0,5.2423205290318435,23.590442380643296,2571.211819380643,7.897773589284605,35.53998115178072,2583.161358151781
2024-04-07,2525.302851,347.944524,2177.358327,701.383,179.192134,243.737,103.682551,17.754,12.939595,1610.073,1173.464674,418.972,178.225242,352.998,406.016182,454.301,311.798588,252.969,64.629532,36.811,36.145936,231.75,59.208417,04-07,2088.568611,2798.19814275,3225.143159,3807.3824267500004,4189.46339615,2134.4,1465.4,1023.1,5.2423205290318435,27.52218277741718,2552.825033777417,7.897773589284605,41.463311343744174,2566.766162343744
2024-04-08,2495.869592,340.273934,2155.595658,699.946,178.825004,233.441,99.302767,10.041,7.318152,1605.332,1170.009306,406.715,173.011274,352.042,404.916596,443.903,304.66217,249.865,63.83651,36.267,35.611764,228.492,58.37605,04-08,2099.2852975,2808.983601,3217.1875455,3783.8777415,4211.35501485,2136.4,1466.9,1024.3,5.2423205290318435,31.45392317419106,2527.323515174191,7.897773589284605,47.386641535707625,2543.2562335357075
2024-04-09,2478.258722,333.216325,2145.042397,696.809,178.023551,233.05,99.13644,5.901,4.300808,1595.192,1162.619,407.188,173.212482,352.055,404.931549,434.979,298.537397,252.722,64.566427,35.317,34.678928,228.007,58.25214,04-09,2107.58016435,2796.4784815000003,3220.961931,3766.8149455000002,4218.64671865,2138.4,1468.4,1025.5,5.2423205290318435,35.385663570964944,2513.644385570965,7.897773589284605,53.309971727671076,2531.568693727671
2024-04-10,2540.774391,331.310869,2209.463522,715.738,182.859607,242.487,103.150817,13.754,10.024287,1599.434,1165.710684,430.734,183.228644,359.236,413.191092,433.177,297.300638,342.16,87.416405,34.636,34.010231,250.043,63.881986,04-10,2111.60532635,2791.34239575,3210.7542475,3745.84103525,4203.7786841,2140.4,1469.9,1026.7,5.2423205290318435,39.31740396773883,2580.0917949677387,7.897773589284605,59.23330191963453,2600.0076929196343
2024-04-11,2735.578328,324.387929,2411.190399,747.187,190.894324,276.638,117.678209,31.301,22.813014,1642.164,1196.853462,541.336,230.277297,389.619,448.137436,424.495,291.341955,487.546,124.560202,33.654,33.045973,313.039,79.976456,04-11,2124.5018182000003,2778.47217475,3202.803865,3723.69366475,4184.23042375,2142.4,1471.4,1027.9,5.2423205290318435,43.24914436451271,2778.8274723645127,7.897773589284605,65.15663211159799,2800.734960111598
2024-04-12,3023.47024,320.137473,2703.332767,785.294,200.630052,330.141,140.43769,61.202,44.60567,1738.992,1267.424322,673.309,286.416896,443.974,510.656231,418.435,287.18282,602.34,153.888233,33.561,32.954653,388.571,99.273673,04-12,2114.32969435,2752.29588375,3186.142729,3698.6229855,4163.265954750001,2144.4,1472.9,1029.1,5.2423205290318435,47.18088476128659,3070.6511247612866,7.897773589284605,71.07996230356144,3094.5502023035615
2024-04-13,3161.147493,327.647816,2833.499677,804.795,205.612246,346.391,147.350228,67.916,49.499015,1815.892,1323.471119,715.392,304.318457,471.643,542.480949,427.299,293.266413,617.489,157.75856,35.014,34.381402,403.192,103.009105,04-13,2092.9472311,2728.7588532500004,3178.5141814999997,3665.985028,4138.2201272,2146.3,1474.4,1030.3,5.2423205290318435,51.112625158060474,3212.2601181580603,7.897773589284605,77.0032924955249,3238.150785495525
2024-04-14,3214.779793,330.053833,2884.72596,817.57,208.876054,348.818,148.382643,66.262,48.293535,1860.736,1356.154637,724.662,308.261794,483.078,555.633417,431.231,295.965047,611.199,156.151565,34.716,34.088786,403.048,102.972315,04-14,2068.4238296999997,2706.1232135,3168.2744685,3628.2103349999998,4107.619160949999,2148.3,1475.9,1031.5,5.2423205290318435,55.04436555483436,3269.8241585548344,7.897773589284605,82.92662268748836,3297.7064156874885
2024-04-15,3228.132515,326.600691,2901.531824,825.57,210.919926,347.001,147.609714,59.237,43.173525,1889.739,1377.292806,721.875,307.076241,488.502,561.872069,426.812,292.932173,595.973,152.261566,34.288,33.668519,396.604,101.325976,04-15,2058.47246195,2684.92415025,3153.5549295,3693.81387025,4108.08689115,2150.3,1477.4,1032.6,5.2423205290318435,58.97610595160824,3287.108620951608,7.897773589284605,88.84995287945182,3316.9824678794516
2024-04-16,3227.97081,324.779859,2903.190951,832.05,212.575462,345.853,147.12137,49.996,36.438435,1906.169,1389.267434,718.394,305.595468,491.311,565.102964,424.933,291.642566,578.18,147.715739,33.747,33.137293,388.964,99.374079,04-16,2082.5365155,2689.53416475,3151.68854,3679.4951605,4095.4615005499995,2152.3,1478.9,1033.8,5.2423205290318435,62.90784634838212,3290.878656348382,7.897773589284605,94.77328307141528,3322.744093071415
2024-04-17,3222.144154,323.520221,2898.623933,836.105,213.61145,345.07,146.788292,40.686,29.653055,1917.654,1397.638012,713.662,303.582537,492.536,566.511952,424.278,291.193023,560.245,143.133634,32.922,32.327198,382.431,97.705002,04-17,2085.2388953,2695.82722225,3149.7205355,3666.8498870000003,4063.7154140000002,2154.3,1480.4,1035.0,5.2423205290318435,66.839586745156,3288.983740745156,7.897773589284605,100.69661326337874,3322.840767263379
2024-04-18,3213.765469,322.017091,2891.748378,841.007,214.863832,344.547,146.565815,32.892,23.972578,1928.512,1405.551615,705.987,300.317692,492.891,566.920271,423.118,290.396884,541.757,138.410245,32.202,31.620206,372.416,95.146329,04-18,2080.02726305,2688.550628,3159.8619815,3673.5364295,4031.2254992999997,2156.3,1481.9,1036.2,5.2423205290318435,70.77132714192987,3284.5367961419297,7.897773589284605,106.6199434553422,3320.3854124553422
2024-04-19,3215.519799,321.375606,2894.144192,842.657,215.285381,356.674,151.724483,27.131,19.773805,1937.571,1412.154059,713.995,303.724191,491.895,565.774678,423.584,290.716712,521.513,133.238227,31.223,30.658894,361.938,92.469368,04-19,2065.64596105,2653.31475225,3202.3505455,3665.238032,4003.38519825,2107.3,1435.1,990.8,5.2423205290318435,74.70306753870375,3290.222866538704,7.897773589284605,112.54327364730565,3328.063072647306
2024-04-20,3207.80931,318.574308,2889.235002,843.258,215.438927,355.535,151.239967,22.837,16.644222,1940.705,1414.438203,728.089,309.719595,489.679,563.225848,421.328,289.168361,502.289,128.326803,29.947,29.405948,353.061,90.201437,04-20,2047.7829743,2624.59166025,3219.0539479999998,3639.88627575,4009.4130010000003,2107.7,1436.3,992.5,5.2423205290318435,78.63480793547762,3286.4441179354776,7.897773589284605,118.46660383926911,3326.2759138392694
2024-04-21,3198.089745,321.868658,2876.221087,845.43,215.993838,342.407,145.655487,21.603,15.74485,1942.075,1415.436696,725.199,308.490227,489.237,562.717462,426.334,292.604109,485.497,124.036716,29.803,29.264549,345.015,88.145812,04-21,2035.6290683,2613.42455075,3238.4944485,3612.70314925,4039.12240425,2108.1,1437.4,994.2,5.2423205290318435,82.5665483322515,3280.6562933322516,7.897773589284605,124.38993403123257,3322.479679031233
2024-04-22,3181.451988,320.092608,2861.359379,844.642,215.792517,335.697,142.80114,22.27,16.230977,1945.541,1417.96281,713.544,303.532342,486.283,559.319789,423.875,290.916433,468.38,119.663596,29.713,29.176175,336.836,86.056209,04-22,2022.46881355,2626.676195,3225.49205,3600.2628735,4074.75307665,2108.6,1438.6,995.8,5.2423205290318435,86.49828872902538,3267.950276729025,7.897773589284605,130.31326422319603,3311.7652522231956
2024-04-23,3151.078612,314.052986,2837.025626,840.264,214.674008,329.544,140.183734,22.201,16.180688,1939.866,1413.826717,701.749,298.514902,482.437,554.896143,415.221,284.976968,452.189,115.527054,29.611,29.076018,325.744,83.22238,04-23,1997.09996745,2653.8380425,3212.8967105,3595.1306164999996,4084.84430575,2109.0,1439.8,997.5,5.2423205290318435,90.43002912579925,3241.508641125799,7.897773589284605,136.2365944151595,3287.315206415159
2024-04-24,3132.285089,314.075911,2818.209178,832.09,212.585682,328.202,139.612864,21.199,15.450404,1934.872,1410.186955,693.934,295.190502,479.91,551.989603,416.037,285.53701,438.389,112.001375,29.064,28.538901,317.796,81.191793,04-24,1967.1397446,2658.92185375,3190.4734639999997,3578.034552,4070.2121375,2109.4,1440.9,999.1,5.2423205290318435,94.36176952257313,3226.646858522573,7.897773589284605,142.15992460712295,3274.4450136071227
2024-04-25,3134.734766,313.73196,2821.002807,830.263,212.118912,328.692,139.821304,20.495,14.937309,1942.257,1415.569343,701.711,298.498737,478.081,549.885898,416.4,285.786146,429.395,109.703552,28.46,27.945813,314.962,80.467752,04-25,1963.15986,2659.341655,3165.0382035000002,3553.118497,4048.7555146,2109.8,1442.1,1000.8,5.2423205290318435,98.293509919347,3233.028275919347,7.897773589284605,148.0832547990864,3282.8180207990863
2024-04-26,3167.591179,313.499852,2854.091327,835.362,213.421625,344.794,146.670885,22.666,16.519593,1949.616,1420.93278,738.563,314.175099,477.525,549.24639,417.431,286.493749,434.16,110.920933,27.503,27.006103,321.758,82.204021,04-26,1968.70692745,2662.9344442499996,3150.779982,3571.87146,4080.15844985,2110.3,1443.3,1002.4,5.2423205290318435,102.22525031612088,3269.816429316121,7.897773589284605,154.00658499104986,3321.5977639910498
2024-04-27,3168.964098,310.295741,2858.668357,836.759,213.778536,347.267,147.722867,22.282,16.239723,1953.632,1423.85975,746.941,317.738991,476.951,548.586178,413.764,283.976991,428.294,109.422264,26.803,26.31875,318.298,81.320046,04-27,1959.44419045,2661.7535377500003,3157.7752339999997,3592.0978944999997,4104.81956265,2110.7,1444.4,1004.1,5.2423205290318435,106.15699071289475,3275.1210887128946,7.897773589284605,159.92991518301332,3328.894013183013
2024-04-28,3155.714052,304.623004,2851.091048,833.992,213.071612,347.527,147.833468,21.363,15.569931,1955.492,1425.215368,742.064,315.664379,475.641,547.079424,406.606,279.06427,418.004,106.793334,26.029,25.558734,312.597,79.863532,04-28,1929.2631127,2660.0843262500002,3162.2517550000002,3673.02315775,4114.14826295,2111.1,1445.6,1005.7,5.2423205290318435,110.08873110966863,3265.8027831096683,7.897773589284605,165.85324537497678,3321.5672973749765
2024-04-29,3131.359581,293.754987,2837.604594,834.459,213.190923,344.325,146.471379,21.197,15.448946,1952.582,1423.094481,734.416,312.411019,473.487,544.601906,392.153,269.1448,407.061,103.997573,25.063,24.610187,306.823,78.388367,04-29,1894.45135385,2619.37012475,3145.318077,3677.697601,4155.047339,2111.6,1446.8,1007.4,5.2423205290318435,114.0204715064425,3245.3800525064426,7.897773589284605,171.77657556694024,3303.1361565669404
2024-04-30,3108.035222,285.514665,2822.520557,835.873,213.552178,343.39,146.073642,20.972,15.28496,1944.465,1417.178593,729.63,310.375117,471.039,541.786232,381.387,261.755814,397.201,101.4785,24.196,23.758851,300.572,76.791337,04-30,1913.2141646999999,2581.4699410000003,3125.2744119999998,3669.5282355,4191.6385251,2112.0,1447.9,1009.0,5.2423205290318435,117.95221190321638,3225.9874339032162,7.897773589284605,177.6999057589037,3285.7351277589037
2024-05-01,3112.652959,283.291579,2829.361379,837.314,213.92033,355.514,151.231034,21.361,15.568474,1938.283,1412.672984,746.898,317.7207,469.263,539.743487,379.178,260.23972,395.988,101.168598,23.476,23.051859,302.703,77.335773,05-01,1904.10164425,2555.34217825,3107.7685865,3654.91585475,4241.4561831,2112.4,1449.1,1010.7,4.794072058353416,121.54776594698144,3234.2007249469816,7.222468652557454,183.1167572483218,3295.769716248322
2024-05-02,3102.490315,281.360765,2821.129549,840.762,214.801239,353.354,150.312198,21.746,15.849072,1931.757,1407.916659,744.75,316.806968,467.783,538.0412,377.495,259.084633,392.625,100.309406,22.686,22.276132,301.752,77.092808,05-02,1894.3516017499999,2542.23631525,3097.9206624999997,3644.65801475,4233.6649568,2103.7,1441.5,1003.8,4.794072058353416,125.1433199907465,3227.6336349907465,7.222468652557454,188.53360873773988,3291.02392373774
2024-05-03,3076.591204,275.790326,2800.800877,837.848,214.056758,350.928,149.280209,21.629,15.763799,1919.938,1399.302653,733.761,312.132391,465.917,535.894938,370.642,254.381241,385.003,98.362106,21.803,21.409085,297.506,76.008023,05-03,1925.4353879999999,2529.463199,3095.713004,3629.32126875,4214.0949068,2095.1,1434.0,997.0,4.794072058353416,128.73887403451155,3205.330078034511,7.222468652557454,193.95046022715798,3270.541664227158
2024-05-04,3043.369621,268.546118,2774.823503,827.991,211.538453,347.212,147.699471,21.492,15.66395,1907.237,1390.045821,720.032,306.292252,463.755,533.408218,360.984,247.752705,375.373,95.901796,21.176,20.793413,290.717,74.273542,05-04,1961.55812245,2507.38505325,3100.9342994999997,3603.2284,4191.629671600001,2086.4,1426.4,990.1,4.794072058353416,132.3344280782766,3175.7040490782765,7.222468652557454,199.36731171657607,3242.736932716576
2024-05-05,3011.14719,262.288584,2748.858606,817.819,208.939669,340.842,144.989756,21.616,15.754324,1896.982,1382.5717,705.563,300.137328,461.142,530.402762,352.828,242.15503,366.15,93.545467,20.504,20.133554,283.844,72.5176,05-05,1963.84976805,2483.2306802499998,3077.8270635,3611.02307425,4168.9817443,2077.8,1418.8,983.3,4.794072058353416,135.92998212204165,3147.0771721220417,7.222468652557454,204.78416320599416,3215.931353205994
2024-05-06,2977.834825,253.082851,2724.751974,806.862,206.140331,336.014,142.935987,21.982,16.021075,1889.602,1377.192957,688.971,293.079307,458.491,527.353597,340.508,233.699494,356.632,91.11377,19.74,19.383357,277.571,70.914949,05-06,1959.37668655,2536.854433,3052.491486,3684.7306049999997,4143.61545005,2069.1,1411.2,976.4,4.794072058353416,139.5255361658067,3117.360361165807,7.222468652557454,210.20101469541225,3188.035839695412
2024-05-07,2947.009174,248.001381,2699.007793,796.128,203.397966,330.742,140.693347,21.965,16.008685,1882.563,1372.062744,670.559,285.247081,455.264,523.641921,333.21,228.690686,347.214,88.707622,19.666,19.310694,271.048,69.248427,05-07,1944.5459978000001,2662.077718,3026.3800935,3713.4341369999997,4124.94520465,2060.4,1403.7,969.5,4.794072058353416,143.12109020957175,3090.1302642095716,7.222468652557454,215.61786618483035,3162.62704018483
2024-05-08,2907.694744,241.412729,2666.282015,782.753,199.980867,324.984,138.243969,21.469,15.647187,1868.584,1361.874471,651.583,277.174938,451.66,519.496622,324.108,222.443747,338.237,86.414142,19.318,18.968982,264.008,67.44982,05-08,1932.2507599,2642.9309765000003,3039.6138395,3732.4968985,4093.7000196500003,2051.8,1396.1,962.7,4.794072058353416,146.7166442533368,3054.4113882533366,7.222468652557454,221.03471767424844,3128.7294616742483
2024-05-09,2868.878645,233.676448,2635.202197,768.594,196.363469,318.513,135.49129,21.747,15.849801,1855.665,1352.458755,633.601,269.525629,448.173,515.485896,313.806,215.373217,330.074,84.328626,18.64,18.303231,257.154,65.698733,05-09,1945.66876535,2621.6418605,3061.3330215,3792.1602285,4073.3202575,2043.1,1388.5,955.8,4.794072058353416,150.31219829710184,3019.1908432971018,7.222468652557454,226.45156916366653,3095.3302141636664
2024-05-10,2821.600873,222.165068,2599.435805,754.329,192.71899,310.712,132.172846,22.193,16.174858,1837.824,1339.455752,615.575,261.857603,444.052,510.745946,297.633,204.273266,321.663,82.17975,18.221,17.891801,251.014,64.130061,05-10,1972.6192079500001,2602.4239545,3080.5256245,3767.88778225,4048.3559631499998,2034.5,1380.9,949.0,4.794072058353416,153.9077523408669,2975.5086253408667,7.222468652557454,231.86842065308463,3053.4692936530846
2024-05-11,2777.00639,211.268959,2565.73743,739.923,189.038488,302.718,128.772302,22.466,16.373827,1823.004,1328.654536,598.103,254.425241,439.365,505.354987,282.614,193.965336,313.806,80.172412,17.622,17.303623,246.378,62.945637,05-11,1996.69001635,2590.70485875,3100.9790279999997,3744.2139205000003,4087.330308,2025.8,1373.4,942.1,4.794072058353416,157.50330638463194,2934.5096963846318,7.222468652557454,237.28527214250272,3014.291662142503
2024-05-12,2732.803845,202.003425,2530.80042,725.576,185.373059,294.139,125.122907,22.07,16.085212,1807.499,1317.354074,579.358,246.451362,435.431,500.830124,269.626,185.051334,306.261,78.244785,17.264,16.952091,240.089,61.338898,05-12,2009.3230906000001,2608.9059425,3122.1708615,3717.7029997500003,4107.55645165,2017.1,1365.8,935.3,4.794072058353416,161.098860428397,2893.902705428397,7.222468652557454,242.7021236319208,2975.505968631921
2024-05-13,2689.164598,193.578402,2495.586196,717.089,183.204766,285.607,121.493505,21.79,15.88114,1789.241,1304.04715,560.242,238.319664,431.282,496.057969,258.0,177.072108,299.023,76.395592,16.81,16.506294,235.578,60.18641,05-13,2014.06604945,2611.063177,3099.4473104999997,3709.70601775,4104.3487439,2008.5,1358.2,928.4,4.794072058353416,164.69441447216204,2853.859012472162,7.222468652557454,248.1189751213389,2937.2835731213386
2024-05-14,2646.739187,185.441848,2461.297338,717.415,183.288054,276.625,117.672679,21.698,15.814088,1769.636,1289.758497,541.83,230.487438,426.841,490.949957,246.873,169.435359,292.014,74.604905,16.301,16.00649,229.845,58.72172,05-14,2003.88403965,2619.6964442500002,3078.2173625,3690.37036675,4100.2929759,1999.8,1350.6,921.5,4.794072058353416,168.2899685159271,2815.0291555159274,7.222468652557454,253.535826610757,2900.275013610757
2024-05-15,2612.925749,184.936468,2427.989281,717.058,183.196846,268.45,114.19514,21.435,15.622407,1750.655,1275.924632,522.532,222.27832,422.767,486.264067,245.706,168.634416,285.435,72.924076,16.602,16.302052,225.391,57.583794,05-15,1990.15200295,2649.64261,3058.485935,3722.0435392500003,4088.2687768,1991.2,1343.0,914.7,4.794072058353416,171.88552255969213,2784.811271559692,7.222468652557454,258.9526781001751,2871.878427100175
2024-05-16,2582.533853,191.340544,2391.193309,710.864,181.614378,255.008,108.477088,21.448,15.631881,1731.195,1261.741658,503.276,214.087068,418.776,481.673643,252.104,173.02553,278.467,71.143863,18.652,18.315014,222.416,56.823729,05-16,1976.53495845,2660.8708502500003,3032.0270955,3749.3103675,4068.7806600000004,1982.5,1335.5,907.8,4.794072058353416,175.48107660345718,2758.014929603457,7.222468652557454,264.3695295895932,2846.903382589593
2024-05-17,2550.28519,192.448904,2357.836287,704.723,180.045451,242.832,103.297576,21.833,15.91248,1712.765,1248.309377,488.012,207.593961,414.937,477.258048,253.201,173.77843,273.119,69.777535,19.014,18.670474,217.79,55.64186,05-17,1964.6307205,2637.27557475,3071.047811,3803.4869705,4101.7726556,1973.8,1327.9,901.0,4.794072058353416,179.07663064722223,2729.3618206472224,7.222468652557454,269.7863810790113,2820.0715710790114
2024-05-18,2531.370352,194.974254,2336.396098,697.236,178.132642,245.683,104.510354,21.874,15.942362,1699.783,1238.847745,478.612,203.595323,410.006,471.586441,256.437,175.99938,267.871,68.436755,19.324,18.974873,216.626,55.344477,05-18,1957.95818745,2629.71164075,3049.9205085000003,3785.48841825,4118.8860783,1965.2,1320.3,894.1,4.794072058353416,182.67218469098728,2714.042536690987,7.222468652557454,275.20323256842937,2806.5735845684294
2024-05-19,2520.060856,194.21954,2325.841316,692.914,177.02844,248.581,105.743126,22.203,16.182146,1689.396,1231.277418,475.234,202.158366,407.572,468.786869,255.768,175.540228,269.82,68.934693,19.023,18.679311,218.136,55.730258,05-19,1948.5070868999999,2621.02509675,3057.9985805,3764.3185679999997,4110.005257700001,1585.5,1026.8,657.5,4.794072058353416,186.26773873475233,2706.328594734752,7.222468652557454,280.62008405784746,2800.6809400578477
2024-05-20,2488.082751,189.215121,2298.86763,685.514,175.137859,242.817,103.291195,21.43,15.618763,1672.625,1219.054261,462.827,196.880589,404.199,464.907265,248.691,170.683099,269.337,68.811294,18.873,18.532022,215.929,55.166405,05-20,1965.0148179,2603.2282054999996,3077.164329,3738.83664675,4106.3704815,1577.8,1020.7,652.6,4.794072058353416,189.86329277851738,2677.9460437785174,7.222468652557454,286.03693554726556,2774.1196865472657
2024-05-21,2472.49114,198.826544,2273.664596,677.427,173.07176,235.698,100.262865,22.376,16.308233,1656.348,1207.191144,452.836,192.630548,400.774,460.96785,261.532,179.496211,268.048,68.481975,19.686,19.330333,214.3,54.750221,05-21,2102.4539031,2582.42076,3104.6448175,3742.21222025,4117.84432485,1570.0,1014.7,647.6,4.794072058353416,193.45884682228242,2665.9499868222824,7.222468652557454,291.45378703668365,2763.9449270366836
2024-05-22,2467.572666,216.82401,2250.748655,671.663,171.59915,228.09,97.026521,22.327,16.27252,1646.367,1199.916722,440.381,187.332352,396.852,456.456789,281.6,193.269402,265.285,67.776073,23.988,23.554609,212.806,54.368528,05-22,2140.80206775,2558.3078245,3117.1749465000003,3717.544445,4106.85771305,1562.2,1008.6,642.6,4.794072058353416,197.05440086604747,2664.6270668660477,7.222468652557454,296.87063852610174,2764.4433045261017
2024-05-23,2447.11176,225.287871,2221.823888,666.335,170.237931,219.433,93.343946,22.313,16.262317,1630.136,1188.08713,426.309,181.346307,392.825,451.824958,283.425,194.521947,262.005,66.938085,31.332,30.765925,210.515,53.783214,05-23,2118.99044085,2546.0136025,3130.9379259999996,3725.5853235,4109.86196695,1554.4,1002.5,637.7,4.794072058353416,200.64995490981252,2647.7617149098123,7.222468652557454,302.28749001551984,2749.3992500155196
2024-05-24,2415.187748,228.05869,2187.129058,654.568,167.231651,209.981,89.323188,22.047,16.068449,1612.126,1174.960956,409.825,174.334227,388.202,446.507611,282.469,193.865819,257.758,65.853045,34.822,34.192871,206.862,52.849931,05-24,2106.8256023999998,2528.781229,3129.0983484999997,3744.6639127500002,4078.8519471,1546.6,996.4,632.7,4.794072058353416,204.24550895357757,2619.4332569535773,7.222468652557454,307.70434150493793,2722.8920895049378
2024-05-25,2380.149423,226.97131,2153.178113,643.609,164.431802,198.328,84.366153,21.626,15.761613,1592.477,1160.640234,396.875,168.825466,384.069,441.753859,278.441,191.101298,253.823,64.847715,36.53,35.870012,205.693,52.55127,05-25,2116.61714285,2507.44233425,3153.88056,3758.681017,4048.5171004,1538.9,990.3,627.8,4.794072058353416,207.84106299734262,2587.9904859973426,7.222468652557454,313.121192994356,2693.270615994356
2024-05-26,2357.027472,228.834969,2128.192503,639.93,163.491876,190.752,81.143421,21.411,15.604915,1582.668,1153.49117,379.419,161.39991,380.351,437.477438,279.637,191.922144,249.612,63.771872,37.592,36.912825,202.799,51.8119,05-26,2099.93625445,2491.3996027499998,3150.6886940000004,3758.409369,4058.35394975,1531.1,984.2,622.8,4.794072058353416,211.43661704110767,2568.464089041108,7.222468652557454,318.5380444837741,2675.5655164837744
2024-05-27,2324.909822,226.080503,2098.829319,639.497,163.381252,181.787,77.329827,21.629,15.763799,1565.71,1141.131722,363.483,154.620943,376.825,433.421854,274.997,188.737591,244.847,62.554491,38.03,37.342912,198.155,50.625432,05-27,2080.9584591,2516.098084,3126.415832,3750.7144055,4032.2701873,1523.3,978.2,617.9,4.794072058353416,215.03217108487272,2539.9419930848726,7.222468652557454,323.9548959731922,2648.8647179731925
2024-05-28,2286.54151,223.27909,2063.26242,633.535,161.858056,171.467,72.939833,21.504,15.672696,1543.167,1124.701775,349.067,148.488564,372.58,428.539281,270.559,185.691676,240.294,61.391272,38.279,37.587413,194.419,49.670944,05-28,2054.58989175,2491.69225625,3142.1852630000003,3734.304924,3997.5611917,1515.5,972.1,612.9,4.794072058353416,218.62772512863776,2505.169235128638,7.222468652557454,329.3717474626103,2615.91325746261
2024-05-29,2255.037024,220.172405,2034.864619,626.162,159.974372,170.86,72.681623,21.509,15.67634,1518.707,1106.874667,341.322,145.193942,369.04,424.467594,265.918,182.506437,236.372,60.389264,38.359,37.665968,194.168,49.606817,05-29,2030.8612932,2465.59113025,3166.088207,3751.895058,3964.3719766000004,1507.7,966.0,607.9,4.794072058353416,222.2232791724028,2477.260303172403,7.222468652557454,334.7885989520284,2589.8256229520284
2024-05-30,2222.024167,214.458114,2007.566052,617.786,157.834438,172.293,73.291202,21.372,15.576491,1497.725,1091.582419,331.38,140.964744,365.381,420.259034,257.821,176.949256,231.954,59.260536,38.199,37.508859,190.999,48.797189,05-30,2038.9959385999998,2434.554017,3193.8474545,3748.90593875,3938.85698865,1499.9,959.9,603.0,4.794072058353416,225.81883321616786,2447.843000216168,7.222468652557454,340.2054504414465,2562.2296174414464
2024-05-31,2200.120975,213.814397,1986.306578,613.314,156.691914,173.77,73.919499,21.118,15.391369,1484.481,1081.929834,318.93,135.668676,361.875,416.226454,257.019,176.398822,229.675,58.678288,38.104,37.415575,187.098,47.800545,05-31,2036.5381544,2435.6842612500004,3239.425841,3746.4130805,3950.4767951,1492.2,953.8,598.0,4.794072058353416,229.4143872599329,2429.5353622599328,7.222468652557454,345.6223019308646,2545.7432769308643
2024-06-01,2222.305489,213.810611,2008.494878,614.521,157.000283,199.841,85.009763,21.6,15.742663,1476.261,1075.938876,359.546,152.946194,358.939,412.849484,256.786,176.238908,234.369,59.87753,38.263,37.571702,192.302,49.130084,06-01,2011.25233255,2454.35097975,3238.7877425,3715.16822375,3991.0510288,1484.4,947.8,593.1,3.680283937612814,232.17460021314253,2454.4800892131425,5.544500593311637,349.7806773758483,2572.0861663758483
2024-06-02,2253.764132,214.616412,2039.14772,611.561,156.244051,232.886,99.066677,22.762,16.58956,1468.956,1070.614795,400.361,170.308365,356.288,409.80032,258.385,177.336344,249.341,63.702636,37.966,37.280068,206.75,52.821317,06-02,1984.6698531499999,2505.2655640000003,3225.8440149999997,3691.49882425,4007.9474827,1473.6,942.8,592.0,3.680283937612814,234.93481316635214,2488.698945166352,5.544500593311637,353.93905282083205,2607.7031848208317
2024-06-03,2243.388787,215.456788,2027.931999,608.555,155.476066,243.492,103.578331,22.098,16.105619,1455.867,1061.075178,398.105,169.348692,352.702,405.675724,259.495,178.098165,249.188,63.663547,38.046,37.358623,207.484,53.008842,06-03,1960.8272218500001,2529.68995975,3204.4426975,3680.1095145,4057.41084735,1462.8,937.8,590.9,3.680283937612814,237.69502611956176,2481.0838131195615,5.544500593311637,358.0974282658158,2601.4862152658156
2024-06-04,2217.92934,209.383364,2008.545975,604.103,154.338651,250.855,106.710456,21.582,15.729544,1439.478,1049.130432,389.479,165.679303,349.104,401.537326,251.437,172.56775,247.027,63.111446,37.493,36.815614,204.744,52.308816,06-04,1937.6965615,2526.18826475,3170.3985215000002,3702.2470325,4137.7811922,1452.0,932.9,589.8,3.680283937612814,240.45523907277138,2458.3845790727714,5.544500593311637,362.2558037107995,2580.1851437108
2024-06-05,2185.615875,203.67149,1981.944385,598.87,153.001703,251.903,107.156261,22.48,16.384031,1417.963,1033.449719,379.124,161.274421,344.791,396.576539,243.664,167.232938,244.017,62.342439,37.109,36.438552,202.593,51.75927,06-05,1915.0982361000001,2520.32251825,3135.61322,3725.5461637500002,4170.33824075,1441.2,927.9,588.7,3.680283937612814,243.215452025981,2428.831327025981,5.544500593311637,366.41417915578324,2552.030054155783
2024-06-06,2153.902163,199.550512,1954.351652,597.451,152.639171,247.559,105.30838,23.631,17.222911,1398.698,1019.408867,365.497,155.477672,340.436,391.567445,237.93,163.297545,240.542,61.454632,36.92,36.252966,200.688,51.272573,06-06,1899.1252939499998,2519.38464675,3104.24416,3713.52423825,4161.03258355,1430.4,923.0,587.6,3.680283937612814,245.9756649791906,2399.877827979191,5.544500593311637,370.572554600767,2524.4747176007672
2024-06-07,2125.688662,196.800666,1928.887995,593.082,151.522962,244.752,104.114319,24.641,17.959026,1382.511,1007.611345,350.748,149.203639,336.599,387.15415,234.623,161.027865,236.743,60.484049,36.431,35.772801,198.989,50.838506,06-07,1886.91767005,2522.1278764999997,3099.4580195,3696.247155,4149.5773691,1419.6,918.0,586.5,3.680283937612814,248.73587793240023,2374.4245399324004,5.544500593311637,374.7309300457507,2500.4195920457505
2024-06-08,2098.453124,193.53038,1904.922744,584.619,149.360801,242.086,102.980237,24.541,17.886143,1366.887,996.224152,338.239,143.882473,334.736,385.011339,230.376,158.113039,232.979,59.522407,36.069,35.417341,195.923,50.055192,06-08,1870.0176461,2498.4208037500002,3105.489436,3663.45203575,4131.54761905,1408.8,913.1,585.4,3.680283937612814,251.49609088560985,2349.9492148856098,5.544500593311637,378.88930549073444,2477.3424294907345
2024-06-09,2075.760607,190.829052,1884.931555,574.412,146.753075,242.351,103.092965,23.403,17.056738,1353.57,986.518362,327.824,139.452068,333.702,383.822038,226.39,155.377343,229.622,58.664747,36.104,35.451709,194.03,49.571561,06-09,1894.36208075,2489.0650845,3135.963176,3631.20615275,4109.35783385,1398.0,908.1,584.3,3.680283937612814,254.25630383881946,2330.0169108388195,5.544500593311637,383.0476809357182,2458.8082879357185
2024-06-10,2083.670837,201.938234,1881.732603,567.214,144.914102,249.643,106.194887,22.505,16.402252,1345.178,980.402046,333.195,141.736821,331.733,381.557306,240.841,165.29544,234.852,60.000928,37.317,36.642794,197.759,50.52426,06-10,1946.2953951,2514.3720780000003,3141.5049085,3607.68595425,4084.1811048,1387.2,903.2,583.2,3.680283937612814,257.01651679202905,2340.687353792029,5.544500593311637,387.2060563807019,2470.876893380702
2024-06-11,2079.657798,207.920904,1871.736894,559.218,142.871252,251.605,107.029496,21.135,15.403759,1333.404,971.820837,334.839,142.436158,329.81,379.345483,249.495,171.234905,238.439,60.917349,37.361,36.685999,203.193,51.91256,06-11,1949.95811125,2546.25879275,3174.602479,3578.7067235,4054.85646825,1376.4,898.2,582.1,3.680283937612814,259.77672974523864,2339.434527745239,5.544500593311637,391.36443182568564,2471.022229825686
2024-06-12,2049.922955,202.241961,1847.680994,547.458,139.86676,249.438,106.107683,21.469,15.647187,1318.218,960.75287,327.019,139.109631,325.701,374.619336,241.687,165.876072,236.531,60.429886,37.035,36.365889,200.199,51.147641,06-12,1934.99435545,2548.60373775,3212.5400375,3547.07038975,4034.82125835,1365.6,893.2,581.0,3.680283937612814,262.53694269844823,2312.459897698448,5.544500593311637,395.5228072706694,2445.4457622706695
2024-06-13,2022.006253,196.311398,1825.694855,535.599,136.836975,246.569,104.887247,21.736,15.841784,1302.39,949.216997,325.208,138.339255,321.165,369.402056,233.448,160.221432,234.21,59.836908,36.754,36.089965,200.927,51.333634,06-13,1921.2842444999999,2554.646601,3233.3657315,3529.4222925,4094.8530293000003,1354.8,888.3,579.9,3.680283937612814,265.2971556516578,2287.3034086516577,5.544500593311637,399.6811827156531,2421.687435715653
2024-06-14,2017.851793,197.589507,1820.262286,524.379,133.970444,252.316,107.331946,22.084,16.095415,1290.671,940.675873,343.229,146.005155,317.092,364.717316,235.718,161.779392,234.116,59.812892,36.469,35.810115,202.178,51.653244,06-14,1941.0527442999999,2543.81471025,3233.0177245,3532.0686072500002,4119.585057599999,1344.0,883.3,578.8,3.680283937612814,268.0573686048674,2285.909161604867,5.544500593311637,403.83955816063684,2421.6913511606367
2024-06-15,2027.63324,213.077834,1814.555406,513.85,131.280453,254.045,108.06744,22.413,16.3352,1283.571,935.501201,347.09,147.647574,316.512,364.050203,256.747,176.212142,234.599,59.936291,37.544,36.865693,202.506,51.737043,06-15,1979.83158415,2541.4494525,3223.014389,3544.19342875,4099.043828700001,1333.2,878.4,577.7,3.680283937612814,270.817581558077,2298.4508215580768,5.544500593311637,407.9979336056206,2435.6311736056205
2024-06-16,2034.149329,221.542596,1812.606733,502.856,128.471662,260.083,110.635927,22.096,16.104161,1286.732,937.805023,344.152,146.397787,314.227,361.42201,268.976,184.605222,234.422,59.89107,37.617,36.937374,203.062,51.879092,06-16,2016.6359044,2565.62782525,3210.5796389999996,3536.39619175,4070.2211658,1322.5,873.4,576.6,3.680283937612814,273.5777945112866,2307.7271235112867,5.544500593311637,412.1563090506043,2446.3056380506046
2024-06-17,2040.960372,234.889145,1806.071226,497.262,127.042485,264.804,112.644179,22.414,16.335928,1283.699,935.594491,336.944,143.331597,311.847,358.684548,288.079,197.716108,237.956,60.793951,37.857,37.173038,202.142,51.644047,06-17,2021.0843464999998,2571.525262,3185.1670219999996,3517.69821175,4038.380164,1311.7,868.5,575.5,3.680283937612814,276.3380074644962,2317.298379464496,5.544500593311637,416.31468449558804,2457.275056495588
2024-06-18,2029.521832,241.610434,1787.911398,490.564,125.331253,262.189,111.531792,21.943,15.992651,1275.441,929.575838,327.658,139.381454,308.052,354.319562,296.151,203.256131,238.109,60.83304,39.06,38.354303,199.409,50.945809,06-18,2009.8093704,2570.060449,3181.3699065,3508.7457355,4006.27086495,1300.9,863.5,574.4,3.680283937612814,279.09822041770576,2308.6200524177057,5.544500593311637,420.4730599405718,2449.9948919405715
2024-06-19,2020.47192,246.759283,1773.712636,479.766,122.572537,255.244,108.577479,22.167,16.155908,1274.106,928.602854,321.954,136.955046,304.011,349.671628,299.607,205.628074,237.921,60.785009,41.888,41.13121,197.242,50.392175,06-19,2004.29864625,2578.1775925,3187.643332,3519.3701922500004,3970.13008635,1573.7,1045.8,696.9,3.680283937612814,281.85843337091535,2302.3303533709154,5.544500593311637,424.6314353855555,2445.1033553855555
2024-06-20,2000.43478,249.208459,1751.226321,467.883,119.53662,247.654,105.348792,22.135,16.132586,1263.105,920.585028,313.15,133.209939,300.549,345.689657,300.43,206.19292,236.607,60.449303,43.807,43.015539,196.781,50.274397,06-20,1986.6643024,2567.918354,3185.974266,3494.56854725,3934.4255351,1555.3,1035.1,691.2,3.680283937612814,284.61864632412494,2285.053426324125,5.544500593311637,428.78981083053924,2429.2245908305395
2024-06-21,1977.423362,249.848694,1727.574668,455.107,116.272557,240.438,102.2792,21.993,16.029092,1254.453,914.279217,303.203,128.978615,295.772,340.19518,299.46,205.527184,234.251,59.847382,45.137,44.32151,194.507,49.693426,06-21,1962.97217835,2558.9177744999997,3164.1619745,3473.03210725,3933.75054595,1536.9,1024.3,685.5,3.680283937612814,287.3788592773345,2264.8022212773344,5.544500593311637,432.94818627552297,2410.371548275523
2024-06-22,1952.373047,246.578696,1705.794351,442.093,112.947688,235.116,100.01529,21.618,15.755782,1243.457,906.265035,293.831,124.991888,293.328,337.384106,293.116,201.173132,231.701,59.195898,46.241,45.405564,192.727,49.238665,06-22,1941.4699110499998,2549.68697975,3132.8750044999997,3435.8319567500002,3957.8143773,1518.5,1013.6,679.8,3.680283937612814,290.1390722305441,2242.512119230544,5.544500593311637,437.1065617205067,2389.479608720507
2024-06-23,1930.178791,242.32584,1687.85295,428.937,109.586541,232.442,98.877805,21.428,15.617305,1234.036,899.398756,283.647,120.659746,292.747,336.715843,285.473,195.927542,229.174,58.55029,47.252,46.398298,189.627,48.446664,06-23,1929.92241625,2533.21921,3112.603017,3408.39477625,3962.0424581,1500.1,1002.8,674.1,3.680283937612814,292.8992851837537,2223.0780761837536,5.544500593311637,441.26493716549044,2371.4437281654905
2024-06-24,1907.422306,240.699894,1666.722412,416.465,106.400144,226.332,96.27869,22.204,16.182875,1220.136,889.26806,274.591,116.807442,291.815,335.643862,281.709,193.344211,227.478,58.116989,48.227,47.355683,187.974,48.024349,06-24,1924.3222953,2518.506287,3092.9748289999998,3369.099876,3965.3793662999997,1481.7,992.1,668.4,3.680283937612814,295.6594981369633,2203.081804136963,5.544500593311637,445.42331261047417,2352.845618610474
2024-06-25,1877.999954,239.052392,1638.947562,402.987,102.956731,216.784,92.217095,22.54,16.427761,1203.63,877.238042,265.213,112.818162,288.726,332.090913,276.274,189.614029,225.758,57.677557,50.348,49.438363,186.005,47.521301,06-25,1909.6262253,2508.451052,3059.9484085,3370.058418,3961.0607183,1463.4,981.3,662.7,3.680283937612814,298.4197110901729,2176.4196650901727,5.544500593311637,449.5816880554579,2327.581642055458
2024-06-26,1875.490297,261.626603,1613.863694,388.723,99.312507,210.21,89.420601,22.265,16.227333,1191.985,868.750852,255.352,108.623421,284.745,327.511991,274.206,188.194707,223.579,57.120857,74.783,73.431896,183.558,46.896132,06-26,1882.28661245,2491.4212125,3050.843354,3381.6212575,3956.9893075,1445.0,970.6,657.0,3.680283937612814,301.17992404338247,2176.6702210433823,5.544500593311637,453.74006350044164,2329.2303605004417
2024-06-27,1880.34271,287.644009,1592.698701,374.535,95.6877,202.346,86.075358,21.768,15.865106,1184.544,863.32765,247.032,105.084201,281.522,323.804915,268.841,184.512568,220.893,56.434627,105.029,103.131441,181.691,46.419143,06-27,1851.5673858,2474.3250655,3029.4514335000003,3425.0067835,3967.1485675500003,1426.6,959.8,651.3,3.680283937612814,303.94013699659206,2184.282846996592,5.544500593311637,457.89843894542537,2338.2411489454253
2024-06-28,1878.876464,299.123297,1579.753166,360.919,92.20903,200.062,85.103774,21.464,15.643543,1175.135,856.470117,250.266,106.459903,279.873,321.908245,264.634,181.625195,218.814,55.903476,119.66,117.498103,180.266,46.055079,06-28,1822.82851325,2516.140412,3004.1144665,3467.6083332499998,3953.4782829,1408.2,949.1,645.6,3.680283937612814,306.70034994980165,2185.5768139498014,5.544500593311637,462.0568143904091,2340.933278390409
2024-06-29,1876.155817,303.490881,1572.664936,346.318,88.478708,204.486,86.985686,21.603,15.74485,1163.162,847.743871,262.152,111.516053,279.304,321.253785,263.827,181.07133,216.169,55.227721,124.672,122.419551,178.932,45.714263,06-29,1794.5760738000001,2531.26346375,2980.454529,3451.846875,3939.3836958499996,1389.8,938.3,639.9,3.680283937612814,309.46056290301124,2185.6163799030114,5.544500593311637,466.21518983539283,2342.371006835393
2024-06-30,1863.140846,305.067836,1558.07301,334.237,85.392206,201.103,85.546602,21.246,15.484658,1148.083,836.753889,263.554,112.112445,280.703,322.862906,263.186,180.631395,214.296,54.749199,126.726,124.436441,176.806,45.171104,06-30,1771.1553259500001,2530.86968725,2956.2512545,3436.8010974999997,3928.05486495,1371.4,927.6,634.2,3.680283937612814,312.2207758562208,2175.361621856221,5.544500593311637,470.37356528037657,2333.5144112803764
2024-07-01,1910.925557,305.20057,1605.724987,340.28,86.936096,220.104,93.62938,23.408,17.060382,1143.771,833.611187,329.076,139.984652,280.964,323.163107,261.87,179.72819,239.711,61.242325,127.781,125.472381,196.09,50.097858,07-01,1751.9139393,2516.317875,2979.5526984999997,3425.3858787500003,3906.5688493000002,1353.0,916.8,628.6,3.8729761155568934,315.1255079428885,2226.0510649428884,5.834799361843736,474.74966480175937,2385.6752218017596
2024-07-02,1960.035717,313.429575,1646.606141,354.872,90.664118,226.423,96.317401,25.301,18.440052,1144.801,834.361878,365.604,155.523189,283.055,325.568163,271.608,186.411632,276.034,70.52227,129.355,127.017943,216.096,55.20907,07-02,1728.59482095,2500.69920925,2974.761431,3408.496916,3873.8941651500004,1330.7,902.6,619.7,3.8729761155568934,318.0302400295561,2278.065957029556,5.834799361843736,479.12576432314216,2439.161481323142
2024-07-03,1956.540439,313.462334,1643.078105,358.901,91.693463,223.249,94.967222,22.319,16.26669,1137.194,828.817691,373.64,158.941599,282.308,324.708968,271.454,186.305938,281.288,71.864583,129.496,127.156396,218.479,55.817889,07-03,1702.8500563,2488.7328239999997,2955.4092325,3386.4254085000002,3847.1749167,1308.4,888.4,610.8,3.8729761155568934,320.9349721162238,2277.4754111162238,5.834799361843736,483.50186384452496,2440.0423028445252
2024-07-04,1938.206009,307.280402,1630.925607,355.868,90.91858,211.38,89.918304,21.075,15.360029,1132.875,825.669888,374.864,159.462272,279.757,321.774823,263.783,181.041131,281.789,71.992581,128.562,126.23927,218.523,55.82913,07-04,1678.96957105,2471.54836375,2943.62653,3349.73030225,3825.6061475,1286.1,874.2,602.0,3.8729761155568934,323.8397042028914,2262.0457132028914,5.834799361843736,487.87796336590776,2426.083972365908
2024-07-05,1913.403761,301.504484,1611.899276,350.654,89.586487,195.715,83.254617,21.299,15.523286,1125.603,820.369858,374.832,159.44866,275.16,316.487381,256.891,176.310972,280.069,71.553148,127.497,125.193512,217.923,55.67584,07-05,1688.9596565499999,2449.854879,2962.8456189999997,3331.95405275,3795.7077925999997,1263.8,860.0,593.1,3.8729761155568934,326.7444362895591,2240.148197289559,5.834799361843736,492.25406288729056,2405.6578238872908
2024-07-06,1892.640394,294.328063,1598.312331,345.149,88.180047,189.042,80.416009,21.815,15.899361,1119.519,815.935674,370.992,157.815174,272.537,313.470422,248.06,170.250028,277.23,70.827829,126.361,124.078036,218.283,55.767814,07-06,1684.5496821000002,2451.08942875,2996.3168885,3314.5339005,3771.72123495,1241.5,845.8,584.3,3.8729761155568934,329.6491683762267,2222.289562376227,5.834799361843736,496.63016240867336,2389.270556408673
2024-07-07,1872.317305,286.087572,1586.229732,342.026,87.382171,186.613,79.382744,22.324,16.270334,1112.893,811.106467,366.566,155.932411,270.515,311.14473,237.65,163.105374,273.932,69.985243,125.245,122.982199,215.378,55.025633,07-07,1671.76488505,2456.34651125,2986.5006155,3290.196374,3756.02571675,1219.2,831.6,575.4,3.8729761155568934,332.5539004628944,2204.8712054628945,5.834799361843736,501.00626193005616,2373.323566930056
2024-07-08,1849.847742,280.647105,1569.200637,341.333,87.20512,185.082,78.731477,22.252,16.217858,1100.939,802.394069,360.26,153.249921,268.028,308.284197,232.171,159.344994,270.398,69.082363,123.534,121.302111,211.503,54.035632,07-08,1651.5103756,2432.65401975,2986.078491,3278.0113730000003,3728.68750205,1196.9,817.4,566.6,3.8729761155568934,335.458632549562,2185.306374549562,5.834799361843736,505.38236145143895,2355.230103451439
2024-07-09,1817.6038,275.14665,1542.45715,339.711,86.790725,181.767,77.321319,21.63,15.764528,1079.432,786.719186,353.826,150.512981,264.392,304.102092,226.875,155.710211,266.54,68.096705,121.634,119.436439,208.035,53.149614,07-09,1628.65677835,2413.0594867500004,2958.217699,3284.2945115,3700.9480473999997,1174.6,803.2,557.7,3.8729761155568934,338.3633646362297,2155.96716463623,5.834799361843736,509.75846097282175,2327.362260972822
2024-07-10,1783.091237,268.013073,1515.078164,337.451,86.213331,177.415,75.470035,21.3,15.524015,1059.077,771.883913,346.279,147.302585,260.274,299.365593,219.447,150.612182,262.411,67.041812,119.561,117.400891,204.619,52.276881,07-10,1604.76403525,2457.916303,2927.5115589999996,3299.5408617499997,3677.95627425,1152.3,789.0,548.9,3.8729761155568934,341.2680967228973,2124.3593337228976,5.834799361843736,514.1345604942046,2297.225797494205
2024-07-11,1748.423759,260.273694,1488.150065,334.415,85.437682,171.911,73.128705,21.444,15.628966,1041.866,759.340071,338.19,143.86163,254.772,293.037226,211.205,144.955483,258.647,66.08017,117.44,115.318212,202.109,51.635616,07-11,1585.34348015,2460.30366125,2901.6082525,3272.2566617499997,3661.0321738499997,1130.0,774.8,540.0,3.8729761155568934,344.172828809565,2092.596587809565,5.834799361843736,518.5106600155874,2266.9344190155875
2024-07-12,1719.687327,253.0439,1466.643427,329.649,84.220045,164.57,70.005939,22.128,16.127484,1030.429,751.004477,329.903,140.336447,251.518,289.294494,202.332,138.865712,254.46,65.010459,116.279,114.178187,198.228,50.644082,07-12,1628.81738385,2445.1492435,2866.998759,3237.16132125,3645.0846413,1107.7,760.6,531.1,3.8729761155568934,347.0775608962326,2066.7648878962327,5.834799361843736,522.8867595369702,2242.5740865369703
2024-07-13,1693.722024,248.535489,1445.186535,323.986,82.773239,158.537,67.439579,22.392,16.319894,1013.455,738.633367,321.132,136.605378,251.703,289.50728,193.979,133.132831,250.484,63.994654,117.526,115.402658,195.367,49.913143,07-13,1687.89616675,2428.44478975,2852.2654015,3241.55073675,3619.4427538,1085.5,746.4,522.3,3.8729761155568934,349.9822929829003,2043.7043169829003,5.834799361843736,527.262859058353,2220.984883058353
2024-07-14,1669.149102,243.869347,1425.279755,317.991,81.241613,154.86,65.875431,22.216,16.191621,995.542,725.577889,312.21,132.810075,253.32,291.367144,186.04,127.684089,246.314,62.929286,118.323,116.185258,192.915,49.286696,07-14,1677.7650819,2405.56116875,2864.2095175,3247.28946,3586.91073495,1063.2,732.2,513.4,3.8729761155568934,352.8870250695679,2022.036127069568,5.834799361843736,531.6389585797358,2200.788060579736
2024-07-15,1644.775462,238.281415,1406.494047,312.038,79.720716,151.064,64.260662,21.618,15.755782,979.476,713.868555,303.021,128.901194,255.231,293.565165,178.15,122.268977,242.297,61.903007,118.147,116.012438,189.91,48.518966,07-15,1674.1069381,2385.10139725,2862.383423,3231.9242995,3558.1744826,1040.9,718.0,504.6,3.8729761155568934,355.7917571562356,2000.5672191562358,5.834799361843736,536.0150581011186,2180.7905201011185
2024-07-16,1619.482084,238.20451,1381.277574,306.854,78.396287,147.017,62.539121,21.355,15.564101,953.888,695.219329,293.621,124.902556,257.075,295.686123,177.118,121.560688,238.557,60.947497,118.79,116.643821,187.967,48.022561,07-16,1655.3441645,2370.87032625,2866.5355245,3237.4537565,3536.5721752,1018.6,703.8,495.7,3.8729761155568934,358.6964892429032,1978.1785732429032,5.834799361843736,540.3911576225014,2159.873241622501
2024-07-17,1588.239124,233.61302,1354.626104,303.243,77.473735,143.585,61.079192,21.926,15.980261,924.889,674.084075,284.42,120.988571,258.858,297.736918,170.78,117.210754,234.693,59.960306,118.544,116.402266,185.229,47.323046,07-17,1643.01249435,2352.987266,2880.1136690000003,3231.9861362499996,3521.42164935,996.3,689.6,486.9,3.8729761155568934,361.6012213295709,1949.840345329571,5.834799361843736,544.7672571438842,2133.006381143884
2024-07-18,1554.891381,227.305042,1327.586339,299.507,76.519246,139.614,59.389981,22.235,16.205468,896.087,653.0924,275.075,117.013329,260.788,299.956793,162.024,111.201284,231.301,59.093705,118.24,116.103758,181.285,46.315417,07-18,1630.2571148,2355.0031977500003,2866.322285,3212.29223925,3506.8276677999997,974.0,675.4,478.0,3.8729761155568934,364.5059534162385,1919.3973344162384,5.834799361843736,549.143356665267,2104.034737665267
2024-07-19,1521.012741,220.847655,1300.165086,294.342,75.199672,135.4,57.5974,21.884,15.94965,866.951,631.857296,265.493,112.937271,263.03,302.535528,153.036,105.032586,227.69,58.171152,117.946,115.81507,179.726,45.917117,07-19,1616.3316123,2364.70903125,2890.6038005,3193.36206825,3495.92196365,951.7,662.0,469.2,3.8729761155568934,367.4106855029062,1888.4234265029063,5.834799361843736,553.5194561866498,2074.5321971866497
2024-07-20,1500.782788,226.420129,1274.362659,289.353,73.925062,133.572,56.819792,21.837,15.915395,837.345,610.279644,257.028,109.33637,264.918,304.707094,160.872,110.410636,226.359,57.831103,118.144,116.009492,178.282,45.548198,07-20,1604.6279149499999,2362.63538025,2878.2409055,3183.918235,3497.2527279,929.4,662.0,460.3,3.8729761155568934,370.3154175895738,1871.0982055895738,5.834799361843736,557.8955557080326,2058.6783437080326
2024-07-21,1487.047508,232.287978,1254.75953,283.391,72.401866,136.102,57.896021,21.893,15.95621,814.237,593.43791,246.952,105.05017,267.163,307.28928,168.506,115.650049,225.393,57.584305,118.784,116.637929,176.699,45.143767,07-21,1618.56875595,2351.6045752500004,2853.6229545,3172.9269145,3481.9491302,907.1,662.0,451.4,3.8729761155568934,373.2201496762415,1860.2676576762415,5.834799361843736,562.2716552294154,2049.3191632294156
2024-07-22,1468.696375,236.468338,1232.228037,275.803,70.463254,137.567,58.519213,21.837,15.915395,788.633,574.777023,237.552,101.051533,269.453,309.923224,173.883,119.340424,222.79,56.91928,119.283,117.127914,174.802,44.659114,07-22,1607.9645555500001,2315.615894,2852.6470934999998,3166.49794475,3459.22526915,1019.5,703.3,494.3,3.8729761155568934,376.1248817629091,1844.8212567629091,5.834799361843736,566.6477547507982,2035.3441297507982
2024-07-23,1444.639601,237.850089,1206.789513,268.411,68.574716,137.171,58.35076,21.572,15.722256,761.368,554.905555,228.851,97.35024,270.673,311.326461,175.055,120.144798,220.198,56.257066,119.871,117.705291,173.406,44.302459,07-23,1595.00079355,2285.7273139999998,2856.4637365,3155.817285,3478.8428726,995.1,687.3,483.7,3.8729761155568934,379.0296138495768,1823.6692148495767,5.834799361843736,571.023854272181,2015.6634552721812
2024-07-24,1410.685985,232.4369,1178.249085,262.714,67.119224,136.274,57.969188,21.514,15.679984,730.949,532.735367,220.295,93.710629,271.131,311.853249,167.969,115.281492,217.153,55.479117,119.311,117.155408,171.057,43.702327,07-24,1578.1621955,2282.90721525,2831.4162564999997,3129.6667895,3505.0777066,970.8,671.2,473.2,3.8729761155568934,381.9343459362444,1792.6203309362445,5.834799361843736,575.3999537935638,1986.0859387935639
2024-07-25,1382.860339,227.953015,1154.907324,257.315,65.739865,135.113,57.475314,21.895,15.957667,707.272,515.47893,213.431,90.790773,270.944,311.638163,162.506,111.532093,214.273,54.743323,118.563,116.420922,168.634,43.083289,07-25,1558.5298769,2332.0522475,2802.904799,3108.3852232500003,3527.2110537500002,946.5,662.0,462.7,3.8729761155568934,384.8390780229121,1767.6994170229123,5.834799361843736,579.7760533149466,1962.6363923149465
2024-07-26,1359.373335,225.68575,1133.687584,252.681,64.555953,136.756,58.174225,22.095,16.103433,684.858,499.143002,211.701,90.054853,268.662,309.01342,160.576,110.207484,212.094,54.186623,117.603,115.478267,166.179,42.456076,07-26,1535.25530325,2327.04776625,2785.2859305,3086.9592412499996,3493.0048487000004,922.1,662.0,452.2,3.8729761155568934,387.7438101095797,1747.1171451095797,5.834799361843736,584.1521528363294,1943.5254878363294
2024-07-27,1366.6103,225.093137,1141.517163,245.689,62.769608,166.165,70.684431,21.844,15.920497,668.619,487.30758,239.104,101.711733,266.555,306.589962,161.644,110.94048,212.694,54.339914,116.253,114.152657,165.151,42.193438,07-27,1514.37679535,2302.6676655,2787.2996395,3057.9879455,3469.3944644000003,897.8,662.0,441.6,3.8729761155568934,390.6485421962474,1757.2588421962473,5.834799361843736,588.5282523577122,1955.1385523577123
2024-07-28,1371.278963,225.633956,1145.645007,236.876,60.518028,187.352,79.697105,21.637,15.76963,653.964,476.62662,255.567,108.714879,266.348,306.351872,164.445,112.862879,216.381,55.281883,114.846,112.771077,167.075,42.684989,07-28,1510.8293764,2274.83354625,2789.949964,3056.1086692500003,3437.6021327999997,873.4,662.0,431.1,3.8729761155568934,393.553274282915,1764.832237282915,5.834799361843736,592.904351879095,1964.183314879095
2024-07-29,1368.614769,224.182862,1144.431907,231.15,59.055127,191.128,81.303367,22.36,16.296572,644.795,469.944005,262.678,111.739806,266.25,306.239152,164.152,112.661786,220.587,56.356449,113.573,111.521077,170.255,43.497428,07-29,1537.43936695,2242.87580375,2782.009818,3035.1627427500002,3443.8755922,849.1,662.0,420.6,3.8729761155568934,396.4580063695827,1765.0727753695828,5.834799361843736,597.2804514004778,1965.8952204004777
2024-07-30,1380.085966,224.688104,1155.397862,226.213,57.793802,196.439,83.562597,24.723,18.01879,640.202,466.596503,274.172,116.629205,269.537,310.01984,165.263,113.424294,229.581,58.654272,113.311,111.26381,172.703,44.122853,07-30,1545.55573805,2211.23603875,2765.559104,3019.8201785,3454.1881618,824.7,662.0,410.1,3.8729761155568934,399.3627384562503,1779.4487044562504,5.834799361843736,601.6565509218606,1981.7425169218607
2024-07-31,1374.555465,226.763315,1147.792151,218.643,55.859788,194.908,82.911329,25.423,18.528969,629.565,458.84397,275.354,117.132012,270.706,311.364417,168.424,115.59377,231.065,59.03341,113.215,111.169545,172.685,44.118255,07-31,1579.0763818,2178.652713,2770.5745484999998,3014.014591,3455.7784972500003,800.4,662.0,399.6,3.8729761155568934,402.267470542918,1776.822935542918,5.834799361843736,606.0326504432434,1980.5881154432432
2024-08-01,1360.80636,227.799649,1133.006711,211.347,53.995777,188.183,80.050602,25.193,18.361339,615.407,448.525238,274.516,116.775538,271.643,312.442149,167.084,114.674093,230.641,58.925085,115.207,113.125555,171.952,43.930985,08-01,1594.55101685,2145.8155770000003,2762.414483,3029.97071075,3451.04282485,776.0,662.0,389.0,5.499926738552829,406.3924155968326,1767.1987755968325,8.285868042251275,612.2470514749318,1973.0534114749319
2024-08-02,1345.39762,230.092779,1115.304841,203.397,51.964679,181.384,77.158396,24.655,17.96923,602.727,439.283711,269.854,114.792383,271.218,311.953316,163.047,111.903395,229.404,58.609052,120.364,118.189384,170.555,43.574074,08-02,1608.36239405,2151.36070475,2755.1538295,3078.47954025,3435.29607285,761.6,662.0,382.1,5.499926738552829,410.51736065074726,1755.914980650747,8.285868042251275,618.4614525066203,1963.8590725066201
2024-08-03,1325.370565,229.334694,1096.035872,195.095,49.843651,175.01,74.446979,23.619,17.214165,590.044,430.039998,263.892,112.256226,270.433,311.050414,158.968,109.103872,227.378,58.091441,122.443,120.230822,168.672,43.092997,08-03,1624.03050905,2137.8346927499997,2740.137758,3086.1312077499997,3411.03079815,747.1,662.0,375.2,5.499926738552829,414.6423057046619,1740.012870704662,8.285868042251275,624.6758535383087,1950.0464185383087
2024-08-04,1300.840664,226.280746,1074.559919,187.966,48.022306,169.913,72.278781,22.034,16.058974,578.346,421.51418,257.85,109.686038,267.04,307.147806,154.225,105.848627,224.951,57.471381,122.648,120.432119,165.883,42.380452,08-04,1627.3310978,2110.5272152499997,2726.799231,3088.0596505,3384.14241105,732.7,662.0,368.2,5.499926738552829,418.76725075857655,1719.6079147585765,8.285868042251275,630.8902545699972,1931.7309185699974
2024-08-05,1274.2764,222.48832,1051.78808,181.616,46.399982,164.35,69.912353,21.248,15.486116,560.454,408.474007,252.903,107.581648,265.085,304.899176,149.831,102.832911,222.69,56.893732,121.857,119.65541,164.946,42.141064,08-05,1626.13155895,2095.068912,2705.9003585,3099.4113030000003,3359.6213087,718.2,662.0,361.3,5.499926738552829,422.8921958124912,1697.1685958124913,8.285868042251275,637.1046556016856,1911.3810556016856
2024-08-06,1244.400194,217.124556,1027.275637,175.337,44.795798,158.347,67.358755,21.609,15.749223,539.464,393.175929,248.096,105.536813,263.238,302.774768,143.86,98.734858,220.298,56.282614,120.568,118.389698,162.835,41.601737,08-06,1620.77567515,2094.3803735,2682.2310565,3102.0043175,3418.4900394,703.8,662.0,354.4,5.499926738552829,427.01714086640584,1671.4173348664058,8.285868042251275,643.3190566333741,1887.719250633374
2024-08-07,1211.359603,210.758461,1000.601142,168.673,43.093253,154.02,65.518106,21.717,15.827936,510.273,371.90074,248.756,105.817569,261.955,301.299069,136.812,93.897633,218.249,55.759128,119.011,116.860828,161.988,41.385342,08-07,1631.40956695,2088.82611525,2665.966825,3089.9279485,3504.7928853000003,689.3,662.0,347.5,5.499926738552829,431.1420859203205,1642.5016889203207,8.285868042251275,649.5334576650625,1860.8930606650626
2024-08-08,1193.871419,204.729241,989.142177,162.185,41.435673,157.712,67.088635,22.29,16.245554,488.402,355.960564,263.301,112.004822,260.681,299.833722,130.458,89.536717,217.477,55.561894,117.312,115.192524,160.524,41.011314,08-08,1671.3743118,2090.91050375,2650.4157960000002,3066.4088085000003,3500.9639363500005,674.9,662.0,340.5,5.499926738552829,435.2670309742351,1629.1384499742353,8.285868042251275,655.747858696751,1849.619277696751
2024-08-09,1178.986327,203.730379,975.255948,158.822,40.57648,156.23,66.458211,22.379,16.310419,470.124,342.639065,267.233,113.677444,260.12,299.188463,130.306,89.432396,217.654,55.607115,116.401,114.297983,159.692,40.798751,08-09,1723.0147375499998,2080.90154175,2638.9934185,3053.1645632500004,3465.6592518500006,662.0,662.0,333.6,5.499926738552829,439.39197602814977,1618.3783030281497,8.285868042251275,661.9622597284394,1840.9485867284395
2024-08-10,1166.725013,204.445556,962.279456,158.346,40.454869,151.725,64.541843,21.949,15.997024,460.632,335.721039,263.307,112.007375,258.789,297.657555,131.514,90.261478,216.358,55.276007,116.285,114.184079,159.007,40.623744,08-10,1705.62309815,2061.98537175,2630.6223790000004,3025.975297,3437.0973619,662.0,662.0,326.7,5.499926738552829,443.5169210820644,1610.2419340820643,8.285868042251275,668.1766607601279,1834.9016737601278
2024-08-11,1160.011326,205.884106,954.12722,159.648,40.78751,150.735,64.120709,21.486,15.659577,451.871,329.335785,265.509,112.944077,257.099,295.713727,133.6,91.693154,215.298,55.005194,116.292,114.190952,158.76,40.56064,08-11,1689.1058303999998,2069.15292725,2604.3806945,3000.38907975,3409.0612485,662.0,662.0,319.7,5.499926738552829,447.64186613597906,1607.6531921359792,8.285868042251275,674.3910617918164,1834.4023877918164
2024-08-12,1178.016456,207.651463,970.364993,159.527,40.756596,175.067,74.471226,21.385,15.585965,444.838,324.209945,292.337,124.356359,256.682,295.234096,136.683,93.809097,214.355,54.764273,115.937,113.842366,160.427,40.986532,08-12,1702.89482155,2045.2691032500002,2580.9016995,3011.3592740000004,3375.5749224,662.0,662.0,312.8,5.499926738552829,451.7668111898937,1629.7832671898936,8.285868042251275,680.6054628235048,1858.621918823505
2024-08-13,1172.006421,202.987078,969.019343,155.56,39.743091,182.282,77.540393,22.071,16.085941,434.443,316.633788,301.167,128.112527,255.588,293.975784,131.814,90.467375,216.517,55.316629,114.59,112.519702,162.872,41.61119,08-13,1728.87192735,2019.02332275,2585.1207745,3008.62858775,3350.18400725,662.0,662.0,305.9,5.499926738552829,455.89175624380835,1627.8981772438083,8.285868042251275,686.8198638551933,1858.8262848551933
2024-08-14,1148.515806,194.283593,954.232214,150.16,38.363477,175.558,74.680091,22.348,16.287826,422.753,308.113801,297.972,126.753415,254.944,293.235059,121.512,83.396845,216.399,55.286482,112.927,110.886748,162.484,41.512062,08-14,1722.2012633,2036.38697375,2568.5410524999998,2984.5371035,3333.6613273000003,662.0,662.0,299.0,5.499926738552829,460.016701297723,1608.532507297723,8.285868042251275,693.0342648868817,1841.5500708868817
2024-08-15,1138.110767,192.642607,945.46816,147.917,37.790427,169.678,72.178815,22.022,16.050228,414.792,302.311609,296.715,126.218704,255.502,293.876867,120.536,82.726991,216.146,55.221845,111.938,109.915616,163.688,41.819665,08-15,1707.0122502499999,2017.4209165,2557.1332405000003,2984.9687845000003,3313.4997448,662.0,662.0,292.0,5.499926738552829,464.14164635163763,1602.2524133516376,8.285868042251275,699.2486659185702,1837.35943291857
2024-08-16,1144.740306,191.880027,952.86028,144.292,36.864297,175.813,74.788565,21.655,15.782749,411.081,299.606932,311.19,132.376181,257.273,295.913861,121.694,83.521756,217.442,55.552952,110.352,108.35827,164.295,41.974744,08-16,1671.39974525,2047.6029529999998,2540.1021085,2965.5142345000004,3313.680956,662.0,662.0,285.1,5.499926738552829,468.2665914055523,1613.006897405552,8.285868042251275,705.4630669502586,1850.2033729502587
2024-08-17,1149.390669,192.990865,956.399804,142.63,36.439683,177.599,75.548306,22.172,16.159552,413.93,301.68336,313.44,133.333301,255.968,294.412858,126.018,86.48943,220.069,56.224108,108.461,106.501435,166.737,42.598636,08-17,1642.59104665,2073.4222055,2545.078415,2948.12184325,3338.1834162,662.0,662.0,278.2,5.499926738552829,472.3915364594669,1621.7822054594667,8.285868042251275,711.6774679819471,1861.068136981947
2024-08-18,1172.032009,205.978565,966.053444,139.652,35.678852,196.223,83.470713,21.786,15.878225,420.231,306.275699,313.58,133.392855,255.116,293.432893,143.641,98.584553,219.197,56.001326,109.37,107.394012,164.092,41.922881,08-18,1629.7805311,2064.678272,2571.5255740000002,2928.3601879999997,3329.266259,662.0,662.0,271.2,5.499926738552829,476.51648151338156,1648.5484905133817,8.285868042251275,717.8918690136355,1889.9238780136357
2024-08-19,1187.91143,221.417142,966.494288,136.509,34.875865,201.861,85.869045,21.391,15.590338,423.335,308.537978,310.626,132.136262,253.41,291.470662,161.005,110.501918,218.732,55.882526,112.956,110.915224,164.909,42.131611,08-19,1603.3703741,2095.1217177500002,2563.5466795,2913.69244575,3318.81750775,662.0,662.0,264.0,5.499926738552829,480.6414265672962,1668.5528565672962,8.285868042251275,724.106270045324,1912.017700045324
2024-08-20,1179.350584,226.019029,953.331554,127.97,32.694287,199.774,84.981263,21.484,15.658119,416.411,303.49158,303.407,129.065394,252.143,290.013366,165.441,113.54646,217.771,55.637006,114.542,112.47257,163.574,41.79054,08-20,1573.86885015,2113.620949,2538.755172,2907.30373225,3310.3854393500005,662.0,662.0,264.0,5.499926738552829,484.76637162121085,1664.1169556212108,8.285868042251275,730.3206710770124,1909.6712550770126
2024-08-21,1157.656613,223.804255,933.852358,120.59,30.808816,188.993,80.395165,21.463,15.642814,406.599,296.340329,294.625,125.329645,251.14,288.859721,161.45,110.807333,215.957,55.173558,115.076,112.996922,161.663,41.30231,08-21,1547.3382394,2084.4148025,2528.9188004999996,2884.6420545,3301.60148995,662.0,662.0,264.0,5.499926738552829,488.8913166751255,1646.5479296751255,8.285868042251275,736.5350721087009,1894.191685108701
2024-08-22,1142.869574,224.454007,918.415567,117.727,30.077365,178.732,76.030269,21.475,15.65156,400.077,291.58692,285.312,121.368016,250.498,288.121297,162.112,111.261681,214.373,54.768872,115.275,113.192327,159.741,40.81127,08-22,1545.105439,2062.191061,2518.6243575,2869.6164660000004,3284.2623651500003,662.0,662.0,264.0,5.499926738552829,493.01626172904014,1635.88583572904,8.285868042251275,742.7494731403893,1885.6190471403893
2024-08-23,1151.018906,228.304085,922.714821,118.363,30.239853,174.462,74.213867,22.812,16.626002,408.873,297.997682,276.675,117.693948,251.798,289.616549,167.736,115.121578,216.729,55.370792,115.265,113.182507,160.308,40.956129,08-23,1548.0801355,2041.646029,2516.1873564999996,2856.2691965000004,3267.0214494,662.0,662.0,264.0,5.499926738552829,497.1412067829548,1648.160112782955,8.285868042251275,748.9638741720778,1899.9827801720778
2024-08-24,1184.688388,233.476029,951.212358,126.34,32.277849,178.916,76.10854,24.369,17.760785,426.995,311.205485,275.569,117.22347,257.963,296.707495,174.997,120.104991,228.344,58.338238,115.457,113.371038,162.791,41.590496,08-24,1548.4086570499999,2029.9279514999998,2521.432758,2848.729185,3254.93070225,662.0,662.0,264.0,5.499926738552829,501.2661518368694,1685.9545398368696,8.285868042251275,755.1782752037662,1939.8666632037662
2024-08-25,1236.686959,238.937171,997.749788,132.089,33.746626,210.251,89.438042,26.273,19.148472,441.536,321.803358,307.172,130.666976,259.474,298.445438,182.336,125.141938,237.591,60.700699,115.889,113.795233,171.44,43.800177,08-25,1554.97433615,2027.0565242500002,2507.2468280000003,2860.61588325,3271.48731605,662.0,662.0,264.0,5.499926738552829,505.39109689078407,1742.078055890784,8.285868042251275,761.3926762354547,1998.0796352354546
2024-08-26,1295.957633,241.81945,1054.138184,143.792,36.736555,233.548,99.348283,32.605,23.763404,457.433,333.389521,344.872,146.704065,261.319,300.567546,186.723,128.15285,258.164,65.956771,115.758,113.6666,186.595,47.672037,08-26,1539.7291943,2020.472283,2509.619826,2863.8264842500002,3413.1753298000003,662.0,662.0,264.0,5.499926738552829,509.5160419446987,1805.4736749446988,8.285868042251275,767.6070772671432,2063.5647102671433
2024-08-27,1324.083244,249.370905,1074.712339,151.048,38.590347,239.401,101.838073,30.471,22.208088,470.974,343.258567,352.435,149.921267,262.088,301.452045,198.102,135.962553,266.499,68.086231,115.495,113.408352,193.193,49.35772,08-27,1522.7429726,2020.13194775,2501.8784855,2839.6501865,3429.6486838000005,662.0,662.0,264.0,5.499926738552829,513.6409869986134,1837.7242309986132,8.285868042251275,773.8214782988316,2097.9047222988315
2024-08-28,1355.692185,262.650964,1093.041222,158.087,40.388699,242.9,103.326502,27.797,20.259204,484.391,353.037239,358.214,152.379579,263.488,303.062317,217.41,149.214136,274.491,70.128059,115.524,113.436828,197.506,50.459623,08-28,1513.5361353,2002.279666,2481.0654784999997,2813.3873657500003,3414.5386771500007,662.0,662.0,264.0,5.499926738552829,517.765932052528,1873.458117052528,8.285868042251275,780.0358793305201,2135.7280643305203
2024-08-29,1417.718741,274.202421,1143.51632,167.537,42.803023,259.367,110.33135,26.238,19.122963,497.644,362.696384,408.869,173.927557,266.458,306.478393,233.856,160.501453,293.851,75.074229,115.793,113.700968,207.772,53.082422,08-29,1500.87518215,1979.72464725,2447.5598865,2785.7582715000003,3409.15090245,662.0,662.0,264.0,5.499926738552829,521.8908771064426,1939.6096181064427,8.285868042251275,786.2502803622085,2203.9690213622084
2024-08-30,1489.476318,287.098651,1202.377668,180.416,46.093401,276.067,117.435313,24.741,18.031909,514.216,374.774505,455.678,193.839497,271.953,312.798709,252.486,173.287706,319.885,81.725499,115.905,113.810944,225.763,57.678834,08-30,1487.1605472499998,1955.472234,2416.0682100000004,2757.936433,3396.2445536500004,662.0,662.0,264.0,5.499926738552829,526.0158221603573,2015.4921401603574,8.285868042251275,792.464681393897,2281.940999393897
2024-08-31,1549.707203,297.884708,1251.822495,191.276,48.867958,288.546,122.743717,19.916,14.515319,528.306,385.043677,498.265,211.955454,278.977,320.877672,267.864,183.842028,338.874,86.576885,116.141,114.042681,239.709,61.241814,08-31,1475.2703952000002,1933.023929,2385.829517,2729.8242595,3383.43896515,662.0,662.0,264.0,5.499926738552829,530.1407672142719,2079.8479702142718,8.285868042251275,798.6790824255854,2348.3862854255854
2024-09-01,1646.476306,318.44667,1328.029635,208.268,53.209142,305.537,129.971468,21.004,15.308282,546.305,398.161834,552.116,234.862969,294.165,338.346818,295.407,202.745505,364.872,93.218958,117.83,115.701165,254.224,64.950164,09-01,1466.64511005,1928.42714275,2361.9028424999997,2703.009707,3370.0688369,662.0,1032.0,264.0,6.861754790476769,535.2870833071295,2181.7633893071297,10.337518558862879,806.4322213447326,2452.9085273447326
2024-09-02,1856.485463,335.588143,1520.89732,229.221,58.562298,376.046,159.96508,27.372,19.949453,569.464,415.040739,760.332,323.435348,311.797,358.627039,318.766,218.777394,415.707,106.206487,118.96,116.81075,309.651,79.110876,09-02,1501.1273294,1925.44297975,2339.570518,2720.8598979999997,3364.5814284499997,662.0,1032.0,264.0,6.861754790476769,540.433399399987,2396.918862399987,10.337518558862879,814.1853602638798,2670.67082326388
2024-09-03,2035.003794,345.65743,1689.346364,255.327,65.231963,416.21,177.050323,37.601,27.404624,593.331,432.435653,902.359,383.851788,330.838,380.527883,332.958,228.517732,490.479,125.309537,119.295,117.139697,381.764,97.534594,09-03,1515.5005792,1929.466245,2317.4347635,2715.26938325,3364.9005232,662.0,1032.0,264.0,6.861754790476769,545.5797154928446,2580.5835094928443,10.337518558862879,821.938499183027,2856.942293183027
2024-09-04,2131.062628,355.46218,1775.600447,275.719,70.441793,429.95,182.895141,44.579,32.490379,620.897,452.526498,927.244,394.437543,350.758,403.439747,347.344,238.391218,524.505,134.002635,119.225,117.070962,412.42,105.366711,09-04,1513.26185395,1935.810823,2290.6330120000002,2700.61236675,3352.7920652000003,662.0,1032.0,264.0,6.861754790476769,550.7260315857021,2681.788659585702,10.337518558862879,829.6916381021742,2960.7542661021744
2024-09-05,2158.839467,361.71326,1797.126207,286.682,73.242664,431.402,183.512803,41.099,29.954061,645.662,470.575898,910.91,387.489272,359.097,413.031215,356.525,244.692377,523.445,133.731822,119.174,117.020883,413.288,105.588471,09-05,1500.4343397,1956.27119025,2269.5630760000004,2689.82962075,3337.0422667000003,1032.0,1032.0,264.0,6.861754790476769,555.8723476785597,2714.7118146785597,10.337518558862879,837.4447770213214,2996.2842440213212
2024-09-06,2174.821965,366.759942,1808.062023,294.731,75.299055,436.407,185.641865,33.572,24.46818,665.707,485.185236,899.985,382.841919,364.182,418.879951,364.615,250.244754,515.317,131.655248,118.659,116.515188,407.425,104.090569,09-06,1484.48832365,1947.595102,2254.5073715,2737.26353975,3317.01658045,1032.0,1032.0,264.0,6.861754790476769,561.0186637714172,2735.8406287714174,10.337518558862879,845.1979159404686,3020.0198809404687
2024-09-07,2236.458007,370.539039,1865.918969,305.829,78.134416,466.184,198.308613,27.614,20.125829,681.709,496.847925,948.11,403.313669,372.167,428.06425,370.323,254.162303,523.963,133.864163,118.518,116.376735,419.831,107.260103,09-07,1470.4685212499999,1963.6888795,2240.660995,2741.5035925,3301.2476142,1032.0,1032.0,264.0,6.861754790476769,566.1649798642748,2802.622986864275,10.337518558862879,852.9510548596159,3089.409061859616
2024-09-08,2314.095562,375.068098,1939.027464,324.397,82.878243,494.069,210.17053,30.672,22.354582,698.357,508.981437,982.625,417.995901,383.277,440.842906,378.171,259.54859,551.834,140.984758,117.645,115.519508,449.418,114.819108,09-08,1456.25766065,1952.53557525,2229.141152,2743.2481725,3287.2133027500004,1032.0,1032.0,264.0,6.861754790476769,571.3112959571323,2885.406857957132,10.337518558862879,860.704193778763,3174.799755778763
2024-09-09,2356.194083,378.534199,1977.659884,334.899,85.561336,511.337,217.516112,26.785,19.521631,717.438,522.888185,998.728,424.845908,392.324,451.248711,383.835,263.43594,549.461,140.378494,117.216,115.098259,452.864,115.699506,09-09,1442.5288587999999,1932.0281545,2248.1515554999996,2738.3309275,3279.4427953500003,1032.0,1032.0,264.0,6.861754790476769,576.4576120499898,2932.65169504999,10.337518558862879,868.4573326979103,3224.65141569791
2024-09-10,2424.337167,382.311121,2042.026046,349.183,89.21067,539.858,229.648575,26.785,19.521631,738.008,537.880157,1042.776,443.583354,397.938,457.7059,390.321,267.887451,560.322,143.153306,116.529,114.423671,474.873,121.322454,09-10,1428.3397909,1905.941701,2258.1737015,2725.7919065,3263.490103,1032.0,1032.0,264.0,6.861754790476769,581.6039281428474,3005.9410951428476,10.337518558862879,876.2104716170575,3300.5476386170576
2024-09-11,2446.500731,384.489733,2062.010999,358.872,91.686054,545.824,232.186434,26.297,19.165964,756.373,551.265064,1036.427,440.882572,402.311,462.735698,395.391,271.367123,556.505,142.178123,115.204,113.122609,477.177,121.911089,09-11,1407.7058722,1904.7822662499998,2255.073902,2736.3000435,3253.1481247,1032.0,1032.0,264.0,6.861754790476769,586.7502442357049,3033.250975235705,10.337518558862879,883.9636105362047,3330.4643415362048
2024-09-12,2478.156063,385.448015,2092.708048,366.457,93.6239,560.642,238.489818,25.112,18.302304,772.53,563.040722,1058.443,450.247892,404.269,464.987778,397.959,273.129609,547.7,139.928587,114.385,112.318406,485.694,124.087046,09-12,1388.94992065,1885.3402449999999,2225.6359764999997,2737.8491592500004,3259.5716809,1032.0,1032.0,264.0,6.861754790476769,591.8965603285625,3070.0526233285623,10.337518558862879,891.7167494553519,3369.872812455352
2024-09-13,2548.880443,387.128703,2161.75174,381.398,97.441087,578.104,245.917926,26.089,19.014368,791.441,576.82357,1114.491,474.089983,406.308,467.333024,401.963,275.877658,569.086,145.392368,113.298,111.251045,531.303,135.739416,09-13,1368.54946125,1870.358943,2255.1766135,2779.2116855,3278.780371,1032.0,1032.0,264.0,6.861754790476769,597.04287642142,3145.9233194214203,10.337518558862879,899.4698883744991,3448.350331374499
2024-09-14,2567.734178,388.459743,2179.274436,394.337,100.746794,576.127,245.076936,26.669,19.437087,812.55,592.208379,1098.173,467.148518,409.039,470.474204,405.376,278.220089,574.434,146.758696,112.268,110.239654,537.896,137.423822,09-14,1436.96396255,1871.23777225,2291.1381975,2801.535209,3288.66836875,1032.0,1032.0,264.0,6.861754790476769,602.1891925142776,3169.923370514278,10.337518558862879,907.2230272936463,3474.9572052936464
2024-09-15,2578.948639,399.331854,2179.616785,403.072,102.978447,575.791,244.934006,25.423,18.528969,829.578,604.618845,1070.544,455.395501,410.825,472.52845,421.579,289.340629,566.247,144.667049,112.015,109.991225,532.188,135.965519,09-15,1508.22387465,1868.3318955,2313.71259,2794.0393209999997,3291.9739795,1032.0,1032.0,264.0,6.861754790476769,607.3355086071351,3186.2841476071353,10.337518558862879,914.9761662127935,3493.9248052127937
2024-09-16,2582.603692,404.859948,2177.743744,412.008,105.261452,572.896,243.702511,23.635,17.225826,845.723,616.385757,1045.8,444.869725,411.866,473.725802,430.462,295.437263,557.312,142.384299,111.436,109.422686,525.232,134.188372,09-16,1499.7325227,1860.008039,2386.144889,2780.4887785,3285.6090560999996,1032.0,1032.0,264.0,6.861754790476769,612.4818246999927,3195.0855166999927,10.337518558862879,922.7293051319407,3505.332997131941
2024-09-17,2571.028892,408.138359,2162.890533,419.799,107.251928,567.449,241.385428,21.981,16.020346,855.295,623.362089,1011.328,430.205784,412.429,474.373361,436.359,299.484527,545.02,139.24389,110.653,108.653832,512.939,131.047707,09-17,1482.5060383500002,1872.1674337499999,2417.9284070000003,2785.653155,3269.70485125,1032.0,1032.0,264.0,6.861754790476769,617.6281407928502,3188.6570327928503,10.337518558862879,930.4824440510879,3501.5113360510877
2024-09-18,2549.808763,406.76487,2143.043894,426.376,108.932246,561.324,238.779932,21.279,15.50871,862.543,628.644627,979.891,416.832893,410.025,471.608295,434.601,298.277966,530.966,135.653318,110.483,108.486904,497.424,127.083873,09-18,1461.19939495,1894.5058385,2426.6024795000003,2769.38997575,3257.9523449,1032.0,1032.0,264.0,6.861754790476769,622.7744568857078,3172.583219885708,10.337518558862879,938.2355829702351,3488.044345970235
2024-09-19,2556.742736,409.587668,2147.155069,432.802,110.573986,568.728,241.929498,21.468,15.646458,875.317,637.954663,974.128,414.381388,409.016,470.447749,439.538,301.666357,518.291,132.415058,109.907,107.92131,484.595,123.806269,09-19,1441.9240859,1883.03438925,2417.46572,2834.21521125,3254.5701628,1032.0,1032.0,264.0,6.861754790476769,627.9207729785653,3184.6635089785655,10.337518558862879,945.9887218893823,3502.7314578893825
2024-09-20,2569.575676,417.00968,2152.565995,439.151,112.196054,570.483,242.676052,22.841,16.647138,888.473,647.543111,969.509,412.416525,407.991,469.2688,451.418,309.81991,509.545,130.180595,109.162,107.18977,476.107,121.637721,09-20,1423.3794438,1874.8005242499999,2407.8333025,2818.96588075,3247.3751524,1032.0,1032.0,264.0,6.861754790476769,633.0670890714229,3202.6427650714227,10.337518558862879,953.7418608085295,3523.3175368085294
2024-09-21,2576.425758,426.305685,2150.120073,445.358,113.781843,562.993,239.489903,24.845,18.107707,900.245,656.122863,954.765,406.144619,408.609,469.97962,466.193,319.960377,499.261,127.553197,108.302,106.345308,465.549,118.940321,09-21,1404.1014523499998,1868.548256,2403.1212495,2829.2225092500003,3254.3236562,1032.0,1032.0,264.0,6.861754790476769,638.2134051642804,3214.63916316428,10.337518558862879,961.4949997276767,3537.9207577276766
2024-09-22,2590.206887,432.535472,2157.671415,452.582,115.62746,555.92,236.481141,23.491,17.120875,910.656,663.710681,955.254,406.352633,413.235,475.300418,475.838,326.579991,493.625,126.113289,107.905,105.95548,457.817,116.964918,09-22,1384.9291871,1881.21058325,2383.481241,2820.260258,3308.5345833,1032.0,1032.0,264.0,6.861754790476769,643.359721257138,3233.566608257138,10.337518558862879,969.2481386468239,3559.4550256468237
2024-09-23,2610.93124,438.854936,2172.076304,461.336,117.863967,553.565,235.479355,24.06,17.535578,918.657,669.542025,960.287,408.493606,417.894,480.659171,486.03,333.575026,494.278,126.280121,107.217,105.27991,454.911,116.222482,09-23,1372.1754852,1891.0013492500002,2356.861653,2818.54773375,3373.9733185000005,1032.0,1032.0,264.0,6.861754790476769,648.5060373499955,3259.4372773499954,10.337518558862879,977.0012775659711,3587.932517565971
2024-09-24,2643.035856,444.781453,2198.254403,470.442,120.190404,562.737,239.381004,23.285,16.970737,929.445,677.404611,981.003,417.305923,420.42,483.564561,496.01,340.424559,495.421,126.572139,106.277,104.356893,457.426,116.865024,09-24,1354.8433399,1942.61709525,2337.1830185,2845.03362375,3429.4643799,1032.0,1032.0,264.0,6.861754790476769,653.652353442853,3296.688209442853,10.337518558862879,984.7544164851183,3627.7902724851183
2024-09-25,2649.256392,446.002696,2203.253696,478.324,122.204129,562.659,239.347824,21.22,15.465709,939.038,684.396248,976.518,415.398062,421.201,484.462863,499.821,343.040148,493.66,126.122231,104.857,102.962549,453.479,115.856629,09-25,1342.36604165,1956.82558075,2319.132087,2860.7787117499997,3503.4641573000004,1032.0,1032.0,264.0,6.861754790476769,658.7986695357106,3308.0550615357106,10.337518558862879,992.5075554042655,3641.7639474042653
2024-09-26,2670.68281,446.984259,2223.698551,488.129,124.709149,569.433,242.229396,19.735,14.383401,950.087,692.449058,993.969,422.821491,421.345,484.628491,501.998,344.534279,494.431,126.31921,104.335,102.44998,454.66,116.158355,09-26,1327.5005883,1954.78627225,2304.6097394999997,2865.292178,3511.3574051,1032.0,1032.0,264.0,6.861754790476769,663.9449856285681,3334.627795628568,10.337518558862879,1000.2606943234127,3670.9435043234125
2024-09-27,2724.937288,446.601574,2278.335714,506.977,129.524512,580.155,246.790395,26.086,19.012181,965.552,703.720368,1025.395,436.189703,424.749,488.543751,503.266,345.404541,519.623,132.755363,103.059,101.197033,476.74,121.799442,09-27,1310.37958165,1971.28654925,2335.5526565,2854.310007,3508.28144635,1032.0,1032.0,264.0,6.861754790476769,669.0913017214257,3394.0285897214258,10.337518558862879,1008.0138332425599,3732.95112124256
2024-09-28,2724.690116,447.100071,2277.590045,516.376,131.925806,570.234,242.570131,25.841,18.833619,980.887,714.89693,1002.305,426.367517,426.854,490.96491,504.825,346.474523,515.028,131.581414,102.477,100.625548,471.457,120.44972,09-28,1286.22393495,1945.8237892500001,2340.6686250000002,2846.0688490000002,3514.9521289,1032.0,1032.0,264.0,6.861754790476769,674.2376178142832,3398.9277338142833,10.337518558862879,1015.7669721617071,3740.4570881617074
2024-09-29,2711.861291,446.013176,2265.848115,522.91,133.595138,556.724,236.823152,23.984,17.480187,996.703,726.424057,969.455,412.393554,428.19,492.501569,504.436,346.207542,504.798,128.967812,101.642,99.805634,460.548,117.662645,09-29,1282.1615739000001,1948.2856585,2333.1159925,2854.9765655,3505.16955615,1032.0,1032.0,264.0,6.861754790476769,679.3839339071408,3391.245224907141,10.337518558862879,1023.5201110808543,3735.3814020808545
2024-09-30,2468.493559,441.063618,2027.42994,529.157,135.191147,541.711,230.436817,21.735,15.841055,1011.737,737.381242,935.574,397.981017,234.619,269.857366,498.821,342.353822,493.854,126.171795,100.526,98.709797,448.441,114.5695,09-30,1101.8930822999998,1747.3937325,2121.5287865,2647.9125115,3294.97728895,1032.0,1032.0,264.0,6.861754790476769,684.5302499999983,3153.0238089999984,10.337518558862879,1031.2732500000016,3499.7668090000016
2024-10-01,2440.695637,436.948579,2003.747058,534.335,136.514043,526.16,223.821624,19.949,14.53937,1023.231,745.75838,900.458,383.043127,230.837,265.507332,493.997,339.042985,482.239,123.204349,99.707,97.905594,435.874,111.358833,10-01,1086.3712471,1747.90643925,2128.677526,2656.13923225,3315.1603678500005,1032.0,1032.0,264.0,0.0,684.5302499999983,3125.2258869999982,0.0,1031.2732500000016,3471.9688870000014
2024-10-02,2428.782081,433.742317,1995.039764,541.919,138.451634,513.925,218.617014,19.884,14.491996,1036.5,755.429186,881.165,374.836136,226.56,260.587953,490.799,336.848114,481.097,122.912586,98.677,96.894203,429.433,109.713261,10-02,1077.6932652,1745.14599825,2137.8074145,2653.014799,3338.633067,1032.0,1032.0,264.0,0.0,684.5302499999983,3113.3123309999983,0.0,1031.2732500000016,3460.0553310000014
2024-10-03,2475.944206,444.682324,2031.261883,562.254,143.646901,508.834,216.451369,24.609,17.935704,1058.808,771.687858,877.905,373.449374,230.112,264.673442,505.334,346.823863,516.613,131.986356,99.659,97.858461,436.156,111.43088,10-03,1073.92681765,1746.56087875,2134.462004,2643.49210525,3354.6370973,1032.0,1032.0,264.0,0.0,684.5302499999983,3160.4744559999986,0.0,1031.2732500000016,3507.2174560000017
2024-10-04,2511.40454,461.708295,2049.696245,577.179,147.46,501.07,213.148664,26.007,18.954604,1079.751,786.951682,862.184,366.761865,235.263,270.598091,527.094,361.758317,524.853,134.091544,101.789,99.949978,437.326,111.729796,10-04,1067.0451970499998,1732.4729685,2141.279211,2651.20229175,3355.1826601000002,1032.0,1032.0,264.0,0.0,684.5302499999983,3195.9347899999984,0.0,1031.2732500000016,3542.6777900000016
2024-10-05,2534.344778,468.263255,2066.081523,591.729,151.177292,492.612,209.550741,31.798,23.175241,1098.378,800.527543,846.06,359.902925,238.932,274.818153,535.825,367.750629,526.355,134.475281,102.362,100.512626,440.162,112.454348,10-05,1191.98157335,1730.8284804999998,2147.8665295,2678.0766812499996,3353.53568755,1032.0,1032.0,264.0,0.0,684.5302499999983,3218.8750279999986,0.0,1031.2732500000016,3565.6180280000017
2024-10-06,2555.68484,479.941327,2075.743513,602.862,154.021595,483.682,205.752035,40.583,29.577986,1116.791,813.947434,822.427,349.849754,241.649,277.94323,551.464,378.484081,521.395,133.20808,103.324,101.457245,436.205,111.443398,10-06,1205.51926015,1757.83281175,2179.1504185,2693.98823925,3365.61386595,1032.0,1032.0,264.0,0.0,684.5302499999983,3240.2150899999983,0.0,1031.2732500000016,3586.9580900000014
2024-10-07,2573.448267,496.190068,2077.258198,612.115,156.385589,471.947,200.760118,45.033,32.821266,1130.566,823.987026,798.95,339.862944,245.859,282.785547,572.392,392.847512,513.097,131.088074,105.244,103.342557,428.863,109.567635,10-07,1184.1584472499999,1782.7870895,2188.8300375,2701.7373184999997,3409.61857095,1032.0,1032.0,264.0,0.0,684.5302499999983,3257.9785169999986,0.0,1031.2732500000016,3604.7215170000018
2024-10-08,2614.988766,513.907729,2101.081037,623.278,159.237557,472.2,200.867741,46.109,33.605484,1142.445,832.644762,807.125,343.340482,253.516,291.592582,594.423,407.96796,510.028,130.303994,107.889,105.939769,428.553,109.488435,10-08,1164.53642425,1815.2108045,2184.500714,2705.85851525,3487.08189335,1032.0,1032.0,264.0,0.0,684.5302499999983,3299.5190159999984,0.0,1031.2732500000016,3646.2620160000015
2024-10-09,2667.795818,525.695885,2142.099933,636.728,162.673816,482.62,205.300274,46.836,34.135341,1154.678,841.560503,825.993,351.366684,263.452,303.02091,609.384,418.236083,517.632,132.246694,109.437,107.459802,437.584,111.795711,10-09,1153.28205065,1837.7876457500001,2182.049654,2726.1824305,3546.02670785,1032.0,1032.0,264.0,0.0,684.5302499999983,3352.3260679999985,0.0,1031.2732500000016,3699.0690680000016
2024-10-10,2677.008148,531.513556,2145.494592,644.816,164.740171,477.899,203.292022,42.885,31.255746,1165.549,849.483581,813.355,345.990643,268.861,309.242309,617.211,423.607957,511.901,130.782515,109.891,107.905599,433.325,110.707604,10-10,1148.76249815,1873.54105075,2189.6485654999997,2719.1723012499997,3545.4902933000003,1032.0,1032.0,264.0,0.0,684.5302499999983,3361.5383979999983,0.0,1031.2732500000016,3708.2813980000014
2024-10-11,2674.365751,536.113752,2138.251999,653.234,166.890835,466.39,198.396243,39.36,28.686631,1174.655,856.12028,793.874,337.703679,272.073,312.936732,623.772,428.110942,503.313,128.588418,109.99,108.002811,426.364,108.92918,10-11,1143.89707125,1876.40258075,2185.875027,2707.935062,3535.40618345,1032.0,1032.0,264.0,0.0,684.5302499999983,3358.8960009999983,0.0,1031.2732500000016,3705.6390010000014
2024-10-12,2674.383203,543.092922,2131.290281,658.581,168.256908,457.838,194.758333,36.265,26.430911,1180.915,860.682737,773.829,329.176797,278.345,320.150749,634.114,435.208925,491.54,125.580605,109.869,107.883997,415.89,106.253241,10-12,1154.3333922,1875.945208,2182.357021,2697.096998,3546.1320143499997,1032.0,1032.0,264.0,0.0,684.5302499999983,3358.9134529999983,0.0,1031.2732500000016,3705.6564530000014
2024-10-13,2674.514458,546.537548,2127.97691,662.963,169.376439,450.406,191.596857,37.059,27.0096,1187.431,865.431773,756.185,321.671269,284.378,327.089869,638.698,438.355044,479.3,122.453481,110.173,108.182504,404.517,103.347621,10-13,1127.0497610500001,1881.306153,2186.0321945,2703.182891,3547.38678265,1032.0,1032.0,264.0,0.0,684.5302499999983,3359.0447079999985,0.0,1031.2732500000016,3705.7877080000017
2024-10-14,2662.824578,547.366142,2115.458436,667.877,170.631887,433.877,184.565635,33.027,24.070969,1192.98,869.476034,735.743,312.975508,289.804,333.330822,640.19,439.379042,467.78,119.510306,109.974,107.9871,394.926,100.897274,10-14,1116.42519615,1872.14138775,2183.0085295,2720.73476775,3542.1249508,1032.0,1032.0,264.0,0.0,684.5302499999983,3347.3548279999986,0.0,1031.2732500000016,3694.0978280000018
2024-10-15,2634.801694,543.310097,2091.491597,671.465,171.548564,416.271,177.076272,27.75,20.224949,1195.379,871.22449,709.838,301.955857,291.275,335.022757,634.811,435.687294,455.429,116.354823,109.603,107.622803,383.914,98.083884,10-15,1121.4882591,1884.647766,2172.113424,2710.982574,3562.8514305,1032.0,1032.0,264.0,0.0,684.5302499999983,3319.3319439999987,0.0,1031.2732500000016,3666.074944000002
2024-10-16,2605.604532,539.173762,2066.43077,675.73,172.638203,395.095,168.068277,25.44,18.541359,1194.945,870.90818,686.656,292.094536,291.501,335.282701,629.305,431.908383,443.943,113.420333,109.239,107.265379,373.711,95.477181,10-16,1116.5612024,1883.76393325,2185.63755,2699.639976,3610.92907455,1032.0,1032.0,264.0,0.0,684.5302499999983,3290.1347819999983,0.0,1031.2732500000016,3636.8777820000014
2024-10-17,2574.765928,538.088731,2036.677197,679.803,173.67879,375.555,159.756215,23.176,16.891295,1187.525,865.500283,663.802,282.372741,291.123,334.847928,628.727,431.511687,433.177,110.669793,108.538,106.577044,363.859,92.960153,10-17,1113.0623160999999,1873.05624675,2246.301183,2695.71416225,3639.2900141500004,1032.0,1032.0,264.0,0.0,684.5302499999983,3259.2961779999982,0.0,1031.2732500000016,3606.0391780000014
2024-10-18,2545.508826,536.466272,2009.042553,683.251,174.559698,360.775,153.468995,22.011,16.042211,1181.009,860.751246,640.271,272.36296,289.742,333.25951,626.921,430.272182,422.351,107.903923,108.148,106.19409,354.989,90.69401,10-18,1110.7992729,1845.7869185,2274.3593874999997,2710.28478825,3626.7185283500003,1032.0,1032.0,264.0,0.0,684.5302499999983,3230.0390759999987,0.0,1031.2732500000016,3576.782076000002
2024-10-19,2521.798579,534.902234,1986.896345,686.927,175.498858,347.448,147.799862,22.227,16.199638,1182.915,862.140391,619.877,263.687617,284.51,327.241695,625.502,429.298286,413.104,105.541462,107.547,105.603948,347.524,88.786822,10-19,1099.1173532,1821.16291175,2277.7160245,2733.8015182500003,3612.24098155,1032.0,1032.0,264.0,0.0,684.5302499999983,3206.328828999998,0.0,1031.2732500000016,3553.0718290000013
2024-10-20,2505.340238,532.513497,1972.826741,691.466,176.6585,342.791,145.818835,22.02,16.048771,1190.62,867.756003,600.251,255.338972,278.625,320.472803,622.91,427.519329,405.247,103.534125,106.926,104.994168,341.308,87.198733,10-20,1105.2300824499998,1796.96294625,2280.190442,2770.97726825,3603.5189826,1032.0,1032.0,264.0,0.0,684.5302499999983,3189.8704879999987,0.0,1031.2732500000016,3536.613488000002
2024-10-21,2493.81587,532.325734,1961.490136,695.553,177.702663,342.361,145.635919,21.192,15.445302,1198.437,873.453243,582.479,247.778994,272.922,313.913247,623.213,427.727285,397.566,101.571752,106.523,104.598449,336.573,85.989016,10-21,1141.06753985,1789.49762525,2268.7617545,2814.5333657499996,3606.09284325,1032.0,1032.0,264.0,0.0,684.5302499999983,3178.3461199999983,0.0,1031.2732500000016,3525.0891200000015
2024-10-22,2484.209109,533.828555,1950.380554,700.214,178.893474,345.94,147.158379,19.611,14.293026,1201.959,876.020172,565.581,240.590805,267.402,307.564176,626.108,429.714199,392.395,100.250644,106.03,104.114356,335.089,85.609878,10-22,1199.22368045,1810.6676607499999,2251.779164,2853.92754075,3601.6310114000003,1032.0,1032.0,264.0,0.0,684.5302499999983,3168.7393589999983,0.0,1031.2732500000016,3515.4823590000015
2024-10-23,2489.103013,536.104831,1952.998182,707.98,180.877562,357.829,152.215805,13.108,9.553464,1208.693,880.928093,564.641,240.190941,262.417,301.830459,629.685,432.169187,393.284,100.477769,105.848,103.935644,340.233,86.924088,10-23,1247.58177125,1816.1844942500002,2293.1347195,2854.80211075,3594.9501627500003,1032.0,1032.0,264.0,0.0,684.5302499999983,3173.6332629999984,0.0,1031.2732500000016,3520.3762630000015
2024-10-24,2613.460363,539.820624,2073.639739,727.972,185.985198,419.185,178.31585,12.315,8.975505,1226.399,893.832704,698.849,297.28128,260.875,300.05686,635.172,435.935058,432.523,110.502706,105.797,103.885566,386.285,98.689637,10-24,1258.8123012,1810.57282825,2345.3766795,2850.7119905,3628.34184255,1032.0,1032.0,264.0,0.0,684.5302499999983,3297.9906129999986,0.0,1031.2732500000016,3644.7336130000017
2024-10-25,2806.388445,541.372757,2265.015688,772.374,197.329199,456.993,194.398881,41.876,30.520359,1257.044,916.167607,826.815,351.716352,276.205,317.689334,638.239,438.04002,532.781,136.117021,105.234,103.332737,473.912,121.076933,10-25,1255.0262930000001,1800.6977265,2360.2411309999998,2871.13948125,3736.4998466,1032.0,1032.0,264.0,0.0,684.5302499999983,3490.9186949999985,0.0,1031.2732500000016,3837.6616950000016
2024-10-26,2905.876727,543.885197,2361.99153,792.752,202.535452,451.137,191.907815,55.087,40.148893,1302.822,949.53185,844.942,359.427343,305.536,351.425674,642.668,441.079758,556.022,142.054725,104.697,102.805439,489.11,124.959779,10-26,1246.2991691,1841.9568032500001,2363.1153059999997,2864.66358125,3822.4617752500003,1032.0,1032.0,264.0,0.0,684.5302499999983,3590.4069769999983,0.0,1031.2732500000016,3937.1499770000014
2024-10-27,2977.785168,555.648652,2422.136516,811.072,207.215919,438.343,186.465414,57.108,41.621852,1336.896,974.365901,854.9,363.663346,328.094,377.37175,659.689,452.761713,568.314,145.195134,104.78,102.88694,494.11,126.237199,10-27,1239.8603816500001,1845.6364365,2355.2980559999996,2858.6735234999996,3895.7432142500006,1032.0,1032.0,264.0,0.0,684.5302499999983,3662.3154179999983,0.0,1031.2732500000016,4009.0584180000014
2024-10-28,3007.476793,562.168875,2445.307918,823.757,210.456733,426.206,181.302492,52.981,38.613983,1359.526,990.859256,845.802,359.793175,342.854,394.348614,669.162,459.263279,565.558,144.49102,104.799,102.905596,491.0,125.442644,10-28,1239.4180157,1845.44484775,2335.232341,2862.4954374999998,3920.87018875,1032.0,1032.0,264.0,0.0,684.5302499999983,3692.0070429999982,0.0,1031.2732500000016,4038.7500430000014
2024-10-29,3022.941206,567.202799,2455.738407,833.401,212.920621,415.693,176.830398,47.294,34.469144,1378.79,1004.899379,827.712,352.097925,355.257,408.61447,676.767,464.482788,558.084,142.581533,104.61,102.720011,482.711,123.324937,10-29,1245.30719035,1849.3633722499999,2322.3420075000004,2866.06525525,3913.4826076500003,1032.0,1032.0,264.0,0.0,684.5302499999983,3707.4714559999984,0.0,1031.2732500000016,4054.2144560000015
2024-10-30,3031.451979,573.484214,2457.967765,841.763,215.056978,406.327,172.846224,43.451,31.668262,1397.611,1018.616632,803.279,341.704444,362.916,417.423806,685.955,470.788751,547.835,139.963077,104.585,102.695463,472.391,120.688342,10-30,1247.3696427,1859.95871175,2318.1258795,2857.6387597499997,3896.2754167000003,1032.0,1032.0,264.0,0.0,684.5302499999983,3715.9822289999984,0.0,1031.2732500000016,4062.7252290000015
2024-10-31,3036.128988,576.191994,2459.936994,851.307,217.495318,400.146,170.216907,38.417,27.999347,1417.936,1033.430041,779.855,331.740179,367.754,422.988444,689.969,473.543664,539.578,137.853546,104.537,102.64833,462.703,118.213213,10-31,1256.7253303999998,1859.0402427499998,2341.5211790000003,2845.15358525,3914.9914894,1032.0,1032.0,264.0,0.0,684.5302499999983,3720.6592379999984,0.0,1031.2732500000016,4067.4022380000015
2024-11-01,3055.873851,579.811595,2476.062256,860.386,219.814857,402.804,171.347585,40.405,29.448255,1438.627,1048.510201,771.611,328.233288,370.364,425.990451,695.705,477.48043,536.603,137.093481,104.214,102.331166,452.569,115.624138,11-01,1288.05330325,1864.92856575,2356.003646,2854.155279,3930.4335369,882.0,882.0,264.0,0.0,684.5302499999983,3740.4041009999983,0.0,1031.2732500000016,4087.1471010000014
2024-11-02,3075.667799,581.575623,2494.092175,869.513,222.146659,403.156,171.497321,44.189,32.206136,1458.221,1062.790837,761.229,323.816921,373.917,430.07709,698.683,479.524309,536.992,137.192864,103.929,102.051315,447.638,114.364347,11-02,1312.11816215,1977.8146187500001,2351.749438,2916.87841075,3908.5960943000005,882.0,882.0,264.0,0.0,684.5302499999983,3760.1980489999983,0.0,1031.2732500000016,4106.941049000001
2024-11-03,3079.355748,583.286782,2496.068966,875.429,223.658103,398.15,169.367834,45.21,32.950269,1479.424,1078.244156,740.722,315.093509,374.22,430.425599,702.275,481.989592,527.957,134.884566,103.161,101.29719,436.211,111.444931,11-03,1322.24647995,2022.1272515,2341.2061715,2906.11229975,3919.89946915,882.0,882.0,264.0,0.0,684.5302499999983,3763.8859979999984,0.0,1031.2732500000016,4110.628998000002
2024-11-04,3070.672515,578.375203,2492.297312,882.759,225.5308,391.233,166.425432,41.606,30.323576,1499.04,1092.540826,723.636,307.825347,372.67,428.642798,696.299,477.888107,517.614,132.242095,102.336,100.487095,425.727,108.766437,11-04,1323.67090975,2018.9858355,2331.1509134999997,2885.6077315,3931.6353958500004,882.0,882.0,264.0,0.0,684.5302499999983,3755.2027649999986,0.0,1031.2732500000016,4101.945765000002
2024-11-05,3079.415678,578.523672,2500.892006,890.009,227.383059,392.093,166.791265,36.107,26.315756,1517.998,1106.357928,723.561,307.793443,370.881,426.585101,697.637,478.806412,516.318,131.910988,101.552,99.71726,421.766,107.754465,11-05,1333.28216075,2033.2879012500002,2342.217369,2863.37880175,3925.6561666500006,882.0,882.0,264.0,0.0,684.5302499999983,3763.9459279999983,0.0,1031.2732500000016,4110.688928000001
2024-11-06,3079.456268,574.371676,2505.084592,899.987,229.932279,386.118,164.249578,32.207,23.473331,1536.167,1119.599986,709.612,301.85972,369.986,425.555677,693.134,475.715886,519.911,132.828942,100.471,98.65579,421.103,107.585079,11-06,1379.1339440499999,2068.7757144999996,2329.6816575000003,2872.61778225,3890.49243625,882.0,882.0,264.0,0.0,684.5302499999983,3763.9865179999983,0.0,1031.2732500000016,4110.729518000002
2024-11-07,3070.373794,570.362528,2500.011266,908.161,232.020605,375.02,159.528633,26.265,19.142641,1552.721,1131.664988,690.443,293.705476,369.937,425.499318,688.367,472.44417,516.648,131.995298,99.72,97.918359,416.677,106.454307,11-07,1416.66680655,2120.5707475,2358.0918135,2872.3694942499997,3851.2648867000003,882.0,882.0,264.0,0.0,684.5302499999983,3754.9040439999985,0.0,1031.2732500000016,4101.647044000001
2024-11-08,3089.940494,572.344562,2517.595932,921.416,235.407045,366.06,155.717165,23.391,17.047992,1574.783,1147.74437,683.783,290.872399,370.838,426.535643,692.285,475.133195,530.66,135.575139,99.0,97.211367,425.452,108.696179,11-08,1407.2052727,2110.58556275,2358.5822185,2861.2665515,3804.13502835,882.0,882.0,264.0,0.0,684.5302499999983,3774.4707439999984,0.0,1031.2732500000016,4121.2137440000015
2024-11-09,3263.450573,574.557067,2688.893506,985.408,251.755977,365.8,155.606565,63.211,46.069883,1621.883,1182.072121,715.569,304.39375,393.221,452.280435,696.287,477.879872,670.062,171.19012,98.456,96.677195,491.321,125.524654,11-09,1391.4986893999999,2118.9248064999997,2367.364082,2874.0606672500003,3781.5946178,882.0,882.0,264.0,0.0,684.5302499999983,3947.9808229999985,0.0,1031.2732500000016,4294.723823000002
2024-11-10,3423.502988,575.946819,2847.556169,1025.857,262.09005,362.603,154.246602,93.738,68.318785,1692.869,1233.808635,718.555,305.663956,436.978,502.609474,698.847,479.636866,725.569,185.37127,98.082,96.309953,530.16,135.447397,11-10,1378.55261475,2180.344447,2387.5597995,2879.9159717499997,3762.30297285,882.0,882.0,264.0,0.0,684.5302499999983,4108.033237999998,0.0,1031.2732500000016,4454.776238000002
2024-11-11,3483.350847,580.434757,2902.916091,1042.082,266.235278,357.088,151.900593,91.83,66.928183,1753.556,1278.038959,702.619,298.884989,454.424,522.675758,706.1,484.614789,715.09,182.694054,97.583,95.819968,530.594,135.558277,11-11,1449.9676396999998,2178.43673675,2408.8324605,2867.79764825,3749.60089285,882.0,882.0,264.0,0.0,684.5302499999983,4167.881096999999,0.0,1031.2732500000016,4514.624097000002
2024-11-12,3499.338144,580.857704,2918.480439,1052.858,268.988373,349.344,148.606396,83.878,61.132551,1795.813,1308.837001,679.695,289.133417,461.884,531.256205,707.888,485.841939,695.306,177.639558,96.764,95.015765,520.138,132.886937,11-12,1445.3304440499999,2168.4017485,2403.1517065,2854.2261095000003,3750.7339672,882.0,882.0,264.0,0.0,684.5302499999983,4183.868393999998,0.0,1031.2732500000016,4530.611394000001
2024-11-13,3493.197492,575.533695,2917.663797,1062.306,271.402186,339.11,144.252986,75.221,54.823096,1825.549,1330.509401,655.482,278.833522,466.055,536.053665,701.261,481.293657,673.637,172.103475,95.974,94.240038,507.607,129.685467,11-13,1437.4047284,2167.61470125,2407.7700715,2851.174554,3748.903237,882.0,882.0,264.0,0.0,684.5302499999983,4177.727741999998,0.0,1031.2732500000016,4524.470742000001
2024-11-14,3482.060194,569.797792,2912.262402,1070.954,273.611612,328.623,139.791952,67.071,48.883156,1851.288,1349.268679,631.839,268.776097,468.67,539.061422,693.938,476.267692,652.233,166.635096,95.251,93.5301,494.099,126.234389,11-14,1423.3283545,2177.4854785,2427.3862900000004,2887.699771,3726.17759105,882.0,882.0,264.0,0.0,684.5302499999983,4166.590443999999,0.0,1031.2732500000016,4513.333444000002
2024-11-15,3513.153739,576.934994,2936.218745,1083.896,276.918086,327.175,139.175992,62.833,45.794387,1879.415,1369.768396,621.924,264.558385,478.204,550.027372,704.433,483.470683,647.404,165.401364,95.184,93.464311,487.603,124.574765,11-15,1407.75346855,2186.9782415,2459.4375959999998,2895.2123075,3704.26833135,882.0,882.0,264.0,0.0,684.5302499999983,4197.683988999998,0.0,1031.2732500000016,4544.426989000001
2024-11-16,3564.972847,604.047669,2960.925178,1093.233,279.30354,335.557,142.741586,58.425,42.581717,1907.557,1390.279046,602.11,256.129767,490.469,564.134501,741.017,508.579234,637.043,162.754294,97.225,95.468436,481.442,123.000728,11-16,1387.3713329,2225.9054065,2444.196492,2963.2847890000003,3685.5853788000004,882.0,882.0,264.0,0.0,684.5302499999983,4249.503096999998,0.0,1031.2732500000016,4596.246097000001
2024-11-17,3571.116998,602.159727,2968.957271,1097.503,280.394456,338.568,144.022426,51.09,37.235771,1935.743,1410.821763,579.524,246.521976,497.051,571.705078,737.269,506.006884,618.667,158.05952,97.922,96.152843,470.465,120.19628,11-17,1380.70017945,2246.614221,2430.581713,3025.13073025,3661.9750462,882.0,882.0,264.0,0.0,684.5302499999983,4255.647247999998,0.0,1031.2732500000016,4602.3902480000015
2024-11-18,3568.431176,599.944714,2968.486462,1100.306,281.110578,337.224,143.450706,42.168,30.733177,1962.708,1430.474584,558.577,237.611394,499.737,574.794499,734.179,503.886136,599.949,153.27737,97.826,96.058578,458.088,117.034155,11-18,1399.46385775,2239.2243590000003,2411.711011,3030.4107925,3646.51102205,882.0,882.0,264.0,0.0,684.5302499999983,4252.961425999998,0.0,1031.2732500000016,4599.704426000002
2024-11-19,3561.723107,598.317351,2963.405756,1099.796,280.980281,336.282,143.049991,34.403,25.073835,1984.047,1446.027023,539.032,229.297205,501.366,576.668165,732.559,502.774288,579.894,148.153639,97.301,95.543063,446.821,114.155616,11-19,1514.69813975,2220.4733175,2394.651343,3019.32253675,3651.25737175,882.0,882.0,264.0,0.0,684.5302499999983,4246.253356999998,0.0,1031.2732500000016,4592.996357000002
2024-11-20,3567.136036,598.797361,2968.338675,1098.818,280.730418,341.872,145.427904,27.292,19.891146,1999.208,1457.076769,538.607,229.116416,502.011,577.41004,733.762,503.599938,568.679,145.288386,96.949,95.197422,443.854,113.397595,11-20,1605.15857065,2221.4994149999998,2386.681374,3030.03981425,3654.30221105,882.0,882.0,264.0,0.0,684.5302499999983,4251.666285999998,0.0,1031.2732500000016,4598.409286000002
2024-11-21,3566.342824,603.296833,2963.04599,1095.402,279.857685,349.599,148.71487,23.722,17.289234,2009.499,1464.577128,526.044,223.772279,500.55,575.729607,741.544,508.940927,554.514,141.669455,96.092,94.355906,436.175,111.435734,11-21,1638.45021355,2233.4896047499997,2429.1932905000003,3034.9297957500003,3639.8658771,882.0,882.0,264.0,0.0,684.5302499999983,4250.873073999998,0.0,1031.2732500000016,4597.616074000001
2024-11-22,3555.450105,602.953502,2952.496603,1091.732,278.920058,349.508,148.67616,22.277,16.236079,2016.765,1469.872785,514.303,218.77781,498.841,573.763925,742.164,509.366449,537.822,137.404916,95.309,93.587052,426.034,108.84487,11-22,1656.7376729500002,2243.185634,2476.526758,3033.5589005,3614.79374365,882.0,882.0,264.0,0.0,684.5302499999983,4239.980354999998,0.0,1031.2732500000016,4586.723355000002
2024-11-23,3530.943139,598.366912,2932.576227,1088.041,277.977067,345.572,147.001836,21.947,15.995566,2018.817,1471.368338,495.316,210.700987,496.52,571.094325,736.218,505.285555,521.124,133.138844,94.794,93.081357,412.156,105.299264,11-23,1653.10793345,2246.13813275,2513.0546685,3021.5010345,3581.6943963500003,882.0,882.0,264.0,0.0,684.5302499999983,4215.473388999998,0.0,1031.2732500000016,4562.216389000001
2024-11-24,3505.449328,592.665203,2912.784125,1084.069,276.962284,338.398,143.95011,22.124,16.124569,2018.975,1471.483492,481.856,204.975278,493.497,567.617288,728.012,499.653564,506.229,129.33341,94.723,93.01164,400.564,102.337693,11-24,1640.3098331,2258.0303320000003,2517.1996145000003,3085.411052,3543.1387805,882.0,882.0,264.0,0.0,684.5302499999983,4189.979577999999,0.0,1031.2732500000016,4536.722578000002
2024-11-25,3489.700971,591.510251,2898.19072,1081.629,276.338903,333.486,141.860609,21.464,15.643543,2025.354,1476.13268,467.354,198.806316,489.976,563.567455,726.581,498.671431,492.718,125.881566,94.547,92.838819,391.256,99.959648,11-25,1635.6253256999998,2285.9400809999997,2569.9413765,3146.989907,3502.5909816,882.0,882.0,264.0,0.0,684.5302499999983,4174.231220999998,0.0,1031.2732500000016,4520.974221000002
2024-11-26,3476.69406,594.836434,2881.857626,1079.444,275.780671,328.618,139.789825,21.35,15.560456,2029.253,1478.974376,451.128,191.903987,486.473,559.538326,732.333,502.619179,480.384,122.730426,93.914,92.217256,381.94,97.579559,11-26,1629.9188152,2278.76062075,2565.2006229999997,3163.10100325,3478.40185945,882.0,882.0,264.0,0.0,684.5302499999983,4161.224309999998,0.0,1031.2732500000016,4507.967310000002
2024-11-27,3459.485314,592.832603,2866.652711,1079.422,275.77505,324.878,138.198878,21.215,15.462065,2026.303,1476.824337,440.381,187.332352,484.106,556.815817,730.804,501.569786,471.296,120.408587,92.942,91.262817,375.114,95.835625,11-27,1620.85587055,2264.2729397499998,2554.4817795,3178.94118025,3507.58401025,882.0,882.0,264.0,0.0,684.5302499999983,4144.015563999998,0.0,1031.2732500000016,4490.758564000002
2024-11-28,3454.55026,587.162505,2867.387755,1079.331,275.751801,324.878,138.198878,20.67,15.064854,2025.081,1475.93371,446.171,189.795343,484.527,557.300048,723.275,496.402438,467.456,119.427529,92.43,90.760067,375.427,95.915592,11-28,1569.7057766,2270.4825272499997,2592.1210275,3204.5161735,3508.8921169000005,882.0,882.0,264.0,0.0,684.5302499999983,4139.080509999998,0.0,1031.2732500000016,4485.823510000002
2024-11-29,3463.608454,584.689553,2878.918901,1074.331,274.474381,335.232,142.603335,21.162,15.423437,2028.472,1478.405162,459.276,195.37004,483.815,556.48111,721.031,494.862322,468.092,119.590017,91.48,89.827231,377.994,96.571419,11-29,1569.08362155,2275.43700125,2623.9793975000002,3207.005454,3498.50339565,882.0,882.0,264.0,0.0,684.5302499999983,4148.138703999998,0.0,1031.2732500000016,4494.881704000001
2024-11-30,3457.478759,580.039066,2877.439693,1070.759,273.561792,330.859,140.743117,21.682,15.802427,2036.53,1484.27805,455.21,193.640416,482.87,555.394177,715.537,491.091647,462.685,118.208615,90.584,88.947419,375.018,95.811099,11-30,1550.6372489,2283.4282872500003,2631.414353,3235.56497675,3485.7008513,882.0,882.0,264.0,0.0,684.5302499999983,4142.0090089999985,0.0,1031.2732500000016,4488.752009000002
2024-12-01,3451.653729,577.254583,2874.399146,1066.107,272.373281,320.666,136.407148,21.196,15.448217,2050.956,1494.792109,447.761,190.471709,482.209,554.633899,712.015,488.674407,454.115,116.019117,90.21,88.580176,368.922,94.253668,12-01,1528.6250547,2292.101338,2624.7021274999997,3252.1430435,3493.28911185,882.0,882.0,264.0,0.0,684.5302499999983,4136.1839789999985,0.0,1031.2732500000016,4482.926979000002
2024-12-02,3437.325762,570.189611,2867.136151,1061.862,271.288751,309.479,131.648343,21.334,15.548795,2060.31,1501.609556,440.73,187.480813,480.434,552.592304,702.993,482.482374,446.664,114.115505,89.321,87.707237,363.436,92.852083,12-02,1509.2944501499999,2297.640158,2623.2399525,3255.46984575,3552.2236669,882.0,882.0,264.0,0.0,684.5302499999983,4121.856011999998,0.0,1031.2732500000016,4468.5990120000015
2024-12-03,3435.01876,569.131338,2865.887422,1063.885,271.805595,299.368,127.347255,21.951,15.998481,2065.426,1505.338235,444.785,189.205757,478.691,550.587516,702.175,481.920959,443.619,113.337557,88.815,87.210379,361.146,92.267025,12-03,1498.0405602,2309.01920775,2622.140066,3242.8591699999997,3630.5732343000004,882.0,882.0,264.0,0.0,684.5302499999983,4119.549009999998,0.0,1031.2732500000016,4466.292010000001
2024-12-04,3456.141811,569.539694,2886.602117,1068.499,272.984399,294.404,125.235634,26.653,19.425426,2076.715,1513.565963,460.163,195.747358,478.262,550.094083,704.308,483.384892,453.344,115.822138,87.74,86.154801,366.861,93.727116,12-04,1490.18075475,2338.254462,2609.4930329999997,3237.27829275,3798.5449195,882.0,882.0,264.0,0.0,684.5302499999983,4140.672060999998,0.0,1031.2732500000016,4487.4150610000015
2024-12-05,3508.889363,569.477448,2939.411915,1072.325,273.96188,296.517,126.134477,31.877,23.232818,2097.38,1528.627173,498.781,212.174953,481.717,554.068003,705.256,484.035529,477.274,121.935871,87.014,85.441918,388.583,99.276739,12-05,1475.10821205,2349.6081725000004,2605.0502465,3275.7737577499997,3786.9253863999998,882.0,882.0,264.0,0.0,684.5302499999983,4193.419612999998,0.0,1031.2732500000016,4540.162613000001
2024-12-06,3524.55064,565.614928,2958.935711,1067.124,272.633108,290.742,123.677867,29.399,21.426785,2125.438,1549.076601,498.066,211.870802,485.936,558.920672,702.089,481.861935,476.909,121.842619,85.294,83.752993,389.407,99.487258,12-06,1463.6012943,2392.45841325,2597.6644610000003,3287.6053819999997,3798.46200965,882.0,882.0,264.0,0.0,684.5302499999983,4209.080889999998,0.0,1031.2732500000016,4555.8238900000015
2024-12-07,3528.305064,561.844064,2966.461,1065.155,272.13006,281.459,119.729,22.76,16.588103,2152.747,1568.980138,494.801,210.481913,487.575,560.80584,697.735,478.873672,468.787,119.767578,84.497,82.970393,383.501,97.978369,12-07,1455.56052735,2414.36565625,2622.8799575000003,3268.7077435,3825.97765255,882.0,882.0,264.0,0.0,684.5302499999983,4212.835313999998,0.0,1031.2732500000016,4559.578314000002
2024-12-08,3544.978254,562.341688,2982.636567,1066.566,272.490548,276.687,117.699053,20.169,14.699712,2178.589,1587.814485,497.626,211.683631,488.51,561.881271,699.38,480.002678,466.796,119.258909,83.854,82.33901,380.098,97.108957,12-08,1449.57646395,2397.2414595,2654.6849295,3255.6507622500003,3858.16826565,882.0,882.0,264.0,0.0,684.5302499999983,4229.5085039999985,0.0,1031.2732500000016,4576.251504000002
2024-12-09,3598.328247,566.713532,3031.614715,1069.27,273.181377,288.854,122.874736,24.609,17.935704,2200.738,1603.957274,526.705,224.05346,491.961,565.85059,706.853,485.131592,484.802,123.859154,83.083,81.581939,391.032,99.902419,12-09,1452.1112765999999,2376.05259975,2683.444275,3270.3543405,3879.5526722000004,882.0,882.0,264.0,0.0,684.5302499999983,4282.858496999998,0.0,1031.2732500000016,4629.6014970000015
2024-12-10,3637.055556,571.448177,3065.607379,1068.539,272.994618,305.569,129.98508,25.215,18.377373,2214.883,1614.266532,551.052,234.410357,496.507,571.079372,714.826,490.603669,486.427,124.274316,82.332,80.844508,392.274,100.219731,12-10,1455.38449425,2375.5943312500003,2727.5469675,3290.750802,3887.48684695,882.0,882.0,264.0,0.0,684.5302499999983,4321.585805999998,0.0,1031.2732500000016,4668.328806000001
2024-12-11,3663.697232,572.437483,3091.259749,1063.227,271.637487,326.215,138.76762,21.869,15.938718,2222.208,1619.60519,588.048,250.147975,497.064,571.72003,717.495,492.435473,481.562,123.031386,81.474,80.002009,393.024,100.411344,12-11,1464.0781313,2383.2774945,2739.322118,3274.4354062499997,3893.2498924500005,882.0,882.0,264.0,0.0,684.5302499999983,4348.227481999998,0.0,1031.2732500000016,4694.9704820000015
2024-12-12,3673.309343,567.421151,3105.888192,1058.461,270.41985,333.963,142.063519,19.696,14.354977,2223.173,1620.308508,623.25,265.122448,495.124,569.488654,711.787,488.517925,482.239,123.204349,80.355,78.903226,395.038,100.925888,12-12,1467.24667835,2391.6195667499996,2747.4210455,3258.37140275,3958.3589770500002,882.0,882.0,264.0,0.0,684.5302499999983,4357.839592999998,0.0,1031.2732500000016,4704.582593000001
2024-12-13,3700.810755,566.273209,3134.537546,1055.813,269.743328,345.208,146.846995,22.331,16.275436,2224.538,1621.303357,675.748,287.454414,491.666,565.511283,711.465,488.296928,489.013,124.934997,79.411,77.976281,401.073,102.467734,12-13,1463.21685975,2394.708041,2774.4583905,3257.677184,4207.629676500001,882.0,882.0,264.0,0.0,684.5302499999983,4385.341004999998,0.0,1031.2732500000016,4732.0840050000015
2024-12-14,3749.978225,569.744917,3180.233308,1056.679,269.964578,345.051,146.78021,26.518,19.327034,2242.16,1634.146746,736.205,313.172036,490.149,563.766439,717.502,492.440278,504.103,128.790251,78.727,77.304639,408.19,104.286014,12-14,1456.1489884,2432.2591345,2814.532199,3257.8693249999997,4176.394853400001,882.0,882.0,264.0,0.0,684.5302499999983,4434.508474999998,0.0,1031.2732500000016,4781.251475000001
2024-12-15,3813.122664,568.263019,3244.859645,1064.08,271.855415,341.487,145.26413,41.666,30.367306,2270.859,1655.063352,769.822,327.472271,496.017,570.515777,715.938,491.366864,534.365,136.521708,78.311,76.896155,421.943,107.799685,12-15,1635.8550301999999,2430.386586,2815.0116470000003,3241.9918374999997,4142.968842300001,882.0,882.0,264.0,0.0,684.5302499999983,4497.652913999998,0.0,1031.2732500000016,4844.3959140000015
2024-12-16,3830.499147,566.11775,3264.381397,1060.152,270.851874,337.23,143.453258,40.393,29.439509,2300.424,1676.611123,766.675,326.133578,501.585,576.920057,713.778,489.8844,528.133,134.929531,77.636,76.23335,415.065,106.042466,12-16,1654.12120615,2420.8691277499997,2805.703388,3255.103257,4115.006920900001,882.0,882.0,264.0,0.0,684.5302499999983,4515.029396999998,0.0,1031.2732500000016,4861.772397000002
2024-12-17,3841.92753,566.914283,3275.013247,1061.703,271.248129,331.095,140.843509,36.369,26.506709,2329.046,1697.471609,759.773,323.197557,503.565,579.197442,713.598,489.760861,517.903,132.31593,78.573,77.153422,407.98,104.232362,12-17,1641.1531258,2425.9880737500002,2803.940325,3264.012844,4097.878829150001,888.0,882.0,264.0,0.0,684.5302499999983,4526.457779999998,0.0,1031.2732500000016,4873.200780000001
2024-12-18,3839.18424,563.476522,3275.707718,1065.3,272.167105,321.155,136.615162,32.619,23.773608,2353.799,1715.512264,749.514,318.833512,502.663,578.159967,703.573,482.880443,505.245,129.082014,82.079,80.596079,397.536,101.564087,12-18,1625.6058157,2429.2667862499998,2824.2560535000002,3271.56932925,4092.394840250001,922.0,882.0,264.0,0.0,684.5302499999983,4523.7144899999985,0.0,1031.2732500000016,4870.457490000002
2024-12-19,3835.822857,572.027398,3263.795459,1065.763,272.285394,312.464,132.918124,28.477,20.754806,2370.071,1727.371737,732.106,311.428375,499.987,575.082047,704.426,483.465879,490.515,125.318734,90.191,88.561519,386.076,98.636241,12-19,1609.81936665,2441.4087895,2822.2386884999996,3271.738804,4091.6290702000006,956.0,882.0,264.0,0.0,684.5302499999983,4520.353106999998,0.0,1031.2732500000016,4867.096107000001
2024-12-20,3823.556915,575.630382,3247.926533,1064.365,271.928228,301.925,128.43497,25.552,18.622988,2383.135,1736.893133,712.153,302.940628,496.963,571.603861,701.389,481.381507,477.162,121.907256,95.983,94.248875,374.174,95.59547,12-20,1601.0854785499998,2431.71739825,2823.12964,3265.64835025,4097.420555250001,882.0,882.0,264.0,0.0,684.5302499999983,4508.087164999998,0.0,1031.2732500000016,4854.830165000001
2024-12-21,3816.37068,577.046445,3239.324235,1064.792,272.037319,290.764,123.687226,25.147,18.327813,2397.337,1747.243934,693.832,295.147113,494.992,569.336828,699.173,479.860608,466.855,119.273983,98.974,97.185837,368.986,94.270019,12-21,1628.09349135,2417.6941082499998,2853.7114325000002,3269.081626,4290.553081700001,882.0,882.0,264.0,0.0,684.5302499999983,4500.900929999998,0.0,1031.2732500000016,4847.643930000002
2024-12-22,3821.646481,589.427187,3232.219294,1063.29,271.653582,280.508,119.324457,25.476,18.567597,2412.903,1758.588855,676.956,287.968282,492.543,566.520003,711.372,488.233099,457.26,116.822614,103.056,101.194087,363.13,92.773905,12-22,1666.478393,2410.2313912500003,2847.1321625,3303.27825225,4280.73923465,882.0,882.0,264.0,0.0,684.5302499999983,4506.176730999999,0.0,1031.2732500000016,4852.919731000002
2024-12-23,3811.155126,597.235865,3213.919261,1060.265,270.880743,277.359,117.984913,25.523,18.601852,2416.548,1761.245429,652.861,277.718582,489.449,562.961303,720.499,494.497197,444.951,113.677861,104.629,102.738668,355.594,90.848577,12-23,1695.5870147,2411.7735412499997,2847.7374545000002,3293.83339325,4239.17132125,882.0,882.0,264.0,0.0,684.5302499999983,4495.6853759999985,0.0,1031.2732500000016,4842.428376000002
2024-12-24,3794.091975,599.814637,3194.277338,1058.805,270.507737,279.663,118.965005,27.175,19.805874,2413.682,1759.156611,627.843,267.07625,485.659,558.602068,723.634,496.648829,433.931,110.862428,105.064,103.165809,349.538,89.301366,12-24,1705.9936751999999,2467.60253175,2848.8947295,3300.112276,4189.5149845,882.0,882.0,264.0,0.0,684.5302499999983,4478.622224999998,0.0,1031.2732500000016,4825.365225000001
2024-12-25,3775.956794,599.460585,3176.496209,1057.935,270.285466,282.195,120.042084,27.031,19.700923,2410.82,1757.070708,605.875,257.731349,482.141,554.555685,722.646,495.970739,426.209,108.88958,105.394,103.489847,345.307,88.220414,12-25,1715.1554326,2496.8093715,2917.7719939999997,3320.0354017500003,4146.62434335,882.0,882.0,264.0,0.0,684.5302499999983,4460.487043999999,0.0,1031.2732500000016,4807.230044000002
2024-12-26,3767.807321,597.886497,3169.920824,1059.581,270.705992,285.751,121.554761,26.99,19.671041,2417.677,1762.068275,584.584,248.674434,479.426,551.432909,719.826,494.035299,423.853,108.28766,105.762,103.851198,342.588,87.525753,12-26,1731.3813027,2506.9892019999998,3003.516326,3351.8039095,4124.3437734,882.0,882.0,264.0,0.0,684.5302499999983,4452.337570999998,0.0,1031.2732500000016,4799.080571000001
2024-12-27,3775.94312,611.174325,3164.768795,1057.626,270.206521,286.99,122.081815,25.221,18.381746,2426.915,1768.801179,565.425,240.524444,479.638,551.67675,728.415,499.930153,417.35,106.626247,113.291,111.244172,338.456,86.470093,12-27,1757.0561527,2507.1511652500003,3029.8613539999997,3394.3571252499996,4098.5152198,882.0,882.0,264.0,0.0,684.5302499999983,4460.473369999998,0.0,1031.2732500000016,4807.216370000002
2024-12-28,3772.009293,615.074507,3156.934786,1055.16,269.576497,285.723,121.54285,25.278,18.423289,2431.227,1771.943881,547.325,232.82494,480.647,552.837296,726.844,498.851935,409.841,104.707818,118.361,116.222572,333.008,85.078216,12-28,1782.4730117,2512.88830675,3024.526091,3416.086429,4148.9988668000005,882.0,882.0,264.0,0.0,684.5302499999983,4456.539542999998,0.0,1031.2732500000016,4803.282543000001
2024-12-29,3757.903428,612.681864,3145.221563,1052.749,268.960526,285.522,121.457347,24.306,17.714869,2435.458,1775.027548,529.052,225.051843,477.883,549.658159,721.362,495.089496,402.914,102.93808,119.756,117.592368,330.405,84.413191,12-29,1787.7248129,2551.03605075,3019.6104484999996,3438.6767532500003,4310.331240150001,882.0,882.0,264.0,0.0,684.5302499999983,4442.4336779999985,0.0,1031.2732500000016,4789.176678000002
2024-12-30,3747.206464,611.26633,3135.940134,1049.51,268.133013,286.626,121.926974,25.101,18.294287,2439.93,1778.286862,508.363,216.251011,475.832,547.299111,718.092,492.84521,400.093,102.21736,120.6,118.42112,326.954,83.531516,12-30,1790.61581125,2587.93838125,3010.3826805,3471.12116775,4322.255496050001,882.0,882.0,264.0,0.0,684.5302499999983,4431.736713999998,0.0,1031.2732500000016,4778.479714000001
2024-12-31,3743.313395,613.852021,3129.461374,1045.836,267.194365,286.065,121.688332,25.229,18.387576,2444.94,1781.938285,490.558,208.676996,475.698,547.144985,719.845,494.048339,393.208,100.458353,122.008,119.803681,328.68,83.972481,12-31,1811.55963955,2593.6145205,2991.6924259999996,3493.8342549999998,4298.6795122,882.0,882.0,264.0,0.0,684.5302499999983,4427.843644999998,0.0,1031.2732500000016,4774.586645000001
