scenario_incremental_solar_gwh,date,dispatchable_requirement_mwh,incremental_solar_mwh,incremental_solar_used_mwh,modeled_waitaki_hydro_mwh,modeled_thermal_backstop_mwh,observed_waitaki_hydro_mwh,observed_thermal_mwh,common_route_unused_capacity_mm3,TKA_natural_inflow_mm3,TKA_release_mm3,TKA_route_generation_mwh,TKA_forced_spill_mm3,TKA_storage_mm3,TKA_observed_storage_mm3,TKA_q25_target_mm3,TKA_median_target_mm3,PKI_natural_inflow_mm3,PKI_release_mm3,PKI_route_generation_mwh,PKI_forced_spill_mm3,PKI_storage_mm3,PKI_observed_storage_mm3,PKI_q25_target_mm3,PKI_median_target_mm3,OHA_natural_inflow_mm3,OHA_release_mm3,OHA_route_generation_mwh,OHA_forced_spill_mm3,OHA_storage_mm3,OHA_observed_storage_mm3,OHA_q25_target_mm3,OHA_median_target_mm3
0.0,2024-01-01,20346.947,0.0,0.0,20346.947,0.0,11797.967,8548.98,16.042931,11.147155,0.0,0.0,0.0,147.532155,136.385,298.36,395.885,23.900918,27.917389,20346.947,0.0,1606.416529,1610.433,1402.642,1699.801,6.048,0.0,0.0,0.0,28.22,22.172,21.894,23.379
0.0,2024-01-02,23287.112,0.0,0.0,23287.112,0.0,13939.435,9347.677,12.008825,7.489325,0.0,0.0,0.0,155.02148,144.224,299.038,399.705,18.593798,31.951495,23287.112,0.0,1593.058833,1619.527,1413.31,1727.428,5.0112,0.0,0.0,0.0,33.2312,22.225,22.151,23.786
0.0,2024-01-03,33056.541,0.0,0.0,32039.468145,1017.072855,22420.688,10635.853,0.0,6.988723,0.0,0.0,0.0,162.010203,147.474,300.871,402.512,14.13599,43.96032,32039.468145,0.0,1563.234503,1620.611,1424.068,1750.604,5.0976,0.0,0.0,0.0,38.3288,22.63,22.307,24.072
0.0,2024-01-04,29366.939,0.0,0.0,29366.939,0.0,18560.245,10806.694,3.666891,6.093619,0.0,0.0,0.0,168.103822,146.604,301.426,413.288,15.059434,18.604429,13559.410197,0.0,1559.689508,1621.471,1434.784,1754.389,5.0112,21.689,15807.528803,0.0,21.651,22.172,21.651,24.075
0.0,2024-01-05,33702.494,0.0,0.0,32039.468145,1663.025855,20397.112,13305.382,0.0,5.543165,0.0,0.0,0.0,173.646987,145.324,313.57,425.403,9.924509,43.96032,32039.468145,0.0,1525.653697,1625.23,1449.602,1748.861,4.8384,0.0,0.0,0.0,26.4894,21.74,21.29,23.604
0.0,2024-01-06,28847.568,0.0,0.0,28847.568,0.0,15412.399,13435.169,4.379503,6.61081,0.0,0.0,0.0,180.257797,144.565,325.103,433.352,13.655347,39.580817,28847.568,0.0,1499.728227,1626.104,1456.676,1744.266,4.8384,0.0,0.0,0.0,31.3278,22.728,22.024,23.87
0.0,2024-01-07,32012.426,0.0,0.0,32012.426,0.0,18043.519,13968.907,0.037104,5.665334,0.0,0.0,0.0,185.923131,144.234,325.276,435.063,11.772864,29.757416,21688.008483,0.0,1481.743675,1628.912,1468.727,1748.034,4.32,14.1658,10324.417517,0.0,21.482,22.7,21.482,24.102
0.0,2024-01-08,39310.736,0.0,0.0,9810.090381,29500.645619,21188.958,18121.778,30.500212,5.894726,0.0,0.0,0.0,191.817858,142.645,325.481,433.577,11.225434,8.595108,6264.347026,0.0,1484.374,1626.973,1484.374,1763.415,4.752,4.865,3545.743355,0.0,21.369,23.046,21.369,23.263
0.0,2024-01-09,39341.598,0.0,0.0,2644.475887,36697.122113,20585.413,18756.185,40.33192,5.045414,0.0,0.0,0.0,196.863272,142.064,329.272,431.71,10.521446,0.0,0.0,0.0,1494.895446,1625.629,1510.305,1787.022,3.1104,3.6284,2644.475887,0.0,20.851,22.152,20.851,24.577
0.0,2024-01-10,44805.515,0.0,0.0,5881.076483,38924.438517,24649.852,20155.663,35.891085,4.804186,0.0,0.0,0.0,201.667458,139.671,338.438,449.351,12.911789,2.917235,2126.159779,0.0,1504.89,1617.91,1504.89,1804.423,5.184,5.152,3754.916704,0.0,20.883,22.916,20.883,23.643
0.0,2024-01-11,40871.716,0.0,0.0,16109.590862,24762.125138,21213.377,19658.339,21.85687,5.89127,0.0,0.0,0.0,207.558728,139.241,345.992,453.78,11.09065,20.07365,14630.217817,0.0,1495.907,1616.909,1495.907,1824.92,2.7648,2.0298,1479.373045,0.0,21.618,22.406,21.618,23.607
0.0,2024-01-12,43048.166,0.0,0.0,20682.317929,22365.848071,23246.635,19801.531,15.582779,4.073069,0.0,0.0,0.0,211.631797,136.671,345.105,449.152,11.026541,24.078541,17549.090656,0.0,1482.855,1611.936,1482.855,1848.031,3.888,4.299,3133.227273,0.0,21.207,22.387,21.207,23.9
0.0,2024-01-13,35078.847,0.0,0.0,17879.852172,17198.994828,18666.398,16412.449,19.427952,4.500576,0.0,0.0,0.0,216.132373,133.287,345.247,448.415,13.423968,19.802968,14432.937759,0.0,1476.476,1606.939,1476.476,1882.232,4.8384,4.7294,3446.914414,0.0,21.316,22.25,21.316,24.283
0.0,2024-01-14,31719.153,0.0,0.0,9162.64279,22556.51021,16766.116,14953.037,31.388554,6.132845,0.0,0.0,0.0,222.265218,130.768,344.435,448.09,13.657766,6.583766,4798.426714,0.0,1483.55,1613.801,1483.55,1898.634,6.048,5.988,4364.216076,0.0,21.376,21.761,21.376,24.439
0.0,2024-01-15,40842.146,0.0,0.0,7280.703027,33561.442973,24755.965,16086.181,33.970702,7.132579,0.0,0.0,0.0,229.397797,128.973,343.522,447.6,14.405818,3.750818,2733.697139,0.0,1494.205,1619.943,1494.205,1906.715,6.6528,6.2388,4547.005888,0.0,21.79,23.019,21.79,24.249
0.0,2024-01-16,45617.861,0.0,0.0,5464.225921,40153.635079,28572.55,17045.311,36.463032,6.183562,0.0,0.0,0.0,235.581358,128.37,342.534,448.26,15.534288,2.839288,2069.349755,0.0,1506.9,1614.761,1506.9,1917.631,4.32,4.658,3394.876166,0.0,21.452,22.081,21.452,23.616
0.0,2024-01-17,51898.987,0.0,0.0,3090.080715,48808.906285,32336.319,19562.668,39.72052,6.050938,0.0,0.0,0.0,241.632296,126.275,341.241,452.429,13.224902,0.0,0.0,0.0,1520.124902,1606.837,1523.248,1919.161,3.6288,4.2398,3090.080715,0.0,20.841,21.083,20.841,23.643
0.0,2024-01-18,53680.24,0.0,0.0,2932.945613,50747.294387,33867.339,19812.901,39.93612,5.948122,0.0,0.0,0.0,247.580418,123.642,344.676,457.703,14.273453,0.0,0.0,0.0,1534.398355,1598.89,1569.26,1915.919,4.1472,4.0242,2932.945613,0.0,20.964,18.145,20.964,24.503
0.0,2024-01-19,46323.502,0.0,0.0,19439.565275,26883.936725,27642.364,18681.138,17.28792,27.190512,0.0,0.0,0.0,274.77093,128.293,349.789,461.66,32.563469,0.0,0.0,0.0,1566.961824,1604.396,1604.396,1915.312,26.8704,26.6724,19439.565275,0.0,21.162,18.182,21.162,23.823
0.0,2024-01-20,35387.731,0.0,0.0,32039.468145,3348.262855,22388.467,12999.264,0.0,52.911706,0.0,0.0,0.0,327.682635,167.253,352.046,465.031,99.170093,0.0,0.0,0.0,1666.131917,1667.686,1628.785,1942.098,44.5824,43.96032,32039.468145,0.0,21.78408,46.853,21.014,23.665
0.0,2024-01-21,40195.282,0.0,0.0,32039.468145,8155.813855,25787.45,14407.832,0.0,22.83336,0.0,0.0,0.0,350.515995,195.59,354.842,465.11,59.414861,43.96032,32039.468145,0.0,1681.586458,1746.831,1641.671,1949.572,12.7008,0.0,0.0,0.0,34.48488,54.099,21.155,23.351
0.0,2024-01-22,46444.13,0.0,0.0,32039.468145,14404.661855,27986.855,18457.275,0.0,15.467414,0.0,0.0,0.0,365.98341,206.842,359.167,464.653,36.73849,21.47384,15650.714386,0.0,1696.851107,1783.981,1637.74,1940.063,9.8496,22.48648,16388.753759,0.0,21.848,47.105,21.848,23.608
0.0,2024-01-23,36061.272,0.0,0.0,36061.272,0.0,23534.848,12526.424,0.289291,23.163149,10.045037,11553.741057,0.0,379.101522,222.651,365.766,464.35,41.240621,15.398392,11222.763918,0.0,1722.693336,1810.618,1704.79,1957.9,18.0576,18.2276,13284.767025,0.0,21.678,44.571,21.678,24.778
0.0,2024-01-24,34974.055,0.0,0.0,32039.468145,2934.586855,28663.646,6310.409,0.0,15.870298,0.0,0.0,0.0,394.971819,236.417,390.367,465.084,31.068317,33.88492,24696.244589,0.0,1719.876733,1842.396,1709.624,2009.821,10.0224,10.0754,7343.223556,0.0,21.625,41.748,21.625,23.972
0.0,2024-01-25,35649.024,0.0,0.0,31800.471085,3848.552915,29005.51,6643.514,6.135398,11.125469,10.045037,11553.741057,0.0,396.052251,240.877,394.774,466.04,21.215952,21.654685,15782.518887,0.0,1719.438,1858.212,1719.438,2045.073,5.8752,6.1252,4464.21114,0.0,21.375,34.807,21.375,23.52
0.0,2024-01-26,36699.139,0.0,0.0,20225.926898,16473.212102,28542.686,8156.453,20.196458,8.565782,6.897034,7932.926665,0.0,397.721,243.069,397.721,466.991,20.642429,11.099429,8089.563394,0.0,1728.981,1865.047,1728.981,2063.866,5.7024,5.7674,4203.43684,0.0,21.31,24.736,21.31,23.779
0.0,2024-01-27,26150.449,0.0,0.0,26150.449,0.0,18879.436,7271.013,11.495629,28.464048,5.907691,6794.990361,0.0,420.277357,256.826,398.649,473.617,36.577872,0.0,0.0,0.0,1765.558872,1881.002,1739.364,2074.37,26.352,26.557,19355.458639,0.0,21.105,27.564,21.105,24.085
0.0,2024-01-28,28605.396,0.0,0.0,28605.396,0.0,20931.061,7674.335,10.519258,18.446746,10.045037,11553.741057,0.0,428.679066,276.417,403.144,470.493,42.367277,23.396025,17051.654943,0.0,1784.530123,1924.232,1743.233,2074.585,11.0592,0.0,0.0,0.0,32.1642,29.921,21.646,24.402
0.0,2024-01-29,28136.279,0.0,0.0,28136.279,0.0,21096.408,7039.871,11.162918,11.753165,10.045037,11553.741057,0.0,430.387194,285.81,409.458,468.342,27.457574,4.363565,3180.284005,0.0,1807.624133,1956.856,1771.013,2079.326,8.1216,18.3888,13402.253938,0.0,21.897,25.081,21.897,24.158
0.0,2024-01-30,34103.926,0.0,0.0,34103.926,0.0,24830.806,9273.12,2.974902,9.495965,10.045037,11553.741057,0.0,429.838122,292.597,408.566,465.866,19.466525,30.940381,22550.184943,0.0,1796.150277,1969.527,1783.199,2101.077,7.0848,0.0,0.0,0.0,28.9818,24.328,21.544,24.203
0.0,2024-01-31,39729.131,0.0,0.0,32070.078859,7659.052141,28921.861,10807.27,5.765478,7.722605,10.045037,11553.741057,0.0,427.51569,294.187,408.056,467.278,17.411328,13.236605,9647.194985,0.0,1800.325,1972.288,1800.325,2101.221,7.4304,14.9132,10869.142816,0.0,21.499,24.425,21.499,23.983
0.0,2024-02-01,35789.965,0.0,0.0,16135.113762,19654.851238,27845.727,7944.238,27.62933,7.372685,10.045037,11553.741057,0.0,424.843338,293.78,406.35,468.272,15.625354,1.101354,802.69624,0.0,1814.849,1971.317,1814.849,2124.902,5.9616,5.1846,3778.676464,0.0,22.276,23.025,22.276,24.624
0.0,2024-02-02,30036.385,0.0,0.0,17228.388079,12807.996921,22543.765,7492.62,26.129283,7.844515,10.045037,11553.741057,0.0,422.642817,294.924,403.71,482.117,15.428966,0.0,0.0,0.0,1830.277966,1966.178,1836.985,2138.155,6.912,7.786,5674.647022,0.0,21.402,21.127,21.402,23.587
0.0,2024-02-03,23127.52,0.0,0.0,15837.640398,7289.879602,16338.446,6789.074,28.037483,7.533821,10.045037,11553.741057,0.0,420.131601,296.973,400.772,481.815,12.658378,0.0,0.0,0.0,1842.936344,1964.769,1854.809,2133.299,5.7888,5.8778,4283.899341,0.0,21.313,20.862,21.313,23.14
0.0,2024-02-04,24767.996,0.0,0.0,16086.899232,8681.096768,17878.876,6889.12,27.695483,6.482333,10.045037,11553.741057,0.0,416.568897,299.452,396.993,486.607,14.727744,0.0,0.0,0.0,1857.664088,1968.765,1866.01,2144.081,5.7888,6.2198,4533.158175,0.0,20.882,20.882,20.882,24.074
0.0,2024-02-05,29262.222,0.0,0.0,14828.506534,14433.715466,21936.206,7326.016,29.422083,5.751389,10.045037,11553.741057,0.0,412.275249,299.968,392.532,486.775,9.554198,0.0,0.0,0.0,1867.218286,1970.833,1888.714,2158.956,5.0112,4.4932,3274.765476,0.0,21.4,21.014,21.4,24.161
0.0,2024-02-06,26487.91,0.0,0.0,15102.108189,11385.801811,19464.202,7023.708,29.046683,5.6808,10.045037,11553.741057,0.0,407.911012,297.7,386.938,488.173,9.741946,0.0,0.0,0.0,1876.960232,1966.046,1898.444,2162.397,4.6656,4.8686,3548.367132,0.0,21.197,20.548,21.197,24.379
0.0,2024-02-07,37760.973,0.0,0.0,14684.636084,23076.336916,26719.213,11041.76,29.619483,5.361811,10.045037,11553.741057,0.0,403.227786,294.126,385.371,490.299,11.339914,0.0,0.0,0.0,1888.300146,1962.123,1900.205,2161.885,4.0608,4.2958,3130.895027,0.0,20.962,20.962,20.962,22.476
0.0,2024-02-08,40772.477,0.0,0.0,15668.097746,25104.379254,29467.873,11304.604,28.270107,5.559408,10.045037,11553.741057,0.0,398.742157,289.993,381.906,489.384,12.12503,1.621176,1181.556841,0.0,1898.804,1954.878,1898.804,2170.718,4.32,4.024,2932.799848,0.0,21.258,22.001,21.258,22.664
0.0,2024-02-09,39679.321,0.0,0.0,24269.96355,15409.35745,29231.232,10448.089,16.467765,5.80271,10.045037,11553.741057,0.0,394.499831,286.208,378.498,487.145,12.064118,12.228118,8912.182849,0.0,1898.64,1951.305,1898.64,2195.988,4.8384,5.2194,3804.039644,0.0,20.877,21.929,20.877,22.805
0.0,2024-02-10,30025.479,0.0,0.0,18760.445404,11265.033596,20852.84,9172.639,24.027197,5.046624,10.045037,11553.741057,0.0,389.501418,282.227,381.198,484.623,11.577686,6.272686,4571.703211,0.0,1903.945,1946.403,1903.945,2184.627,3.9744,3.6154,2635.001136,0.0,21.236,21.93,21.236,23.032
0.0,2024-02-11,27278.498,0.0,0.0,25069.891414,2208.606586,18577.156,8701.342,15.37021,5.252083,10.045037,11553.741057,0.0,384.708465,281.922,383.993,481.097,10.294474,13.951474,10168.210649,0.0,1900.288,1942.596,1900.288,2174.928,4.2336,4.5936,3347.939707,0.0,20.876,21.649,20.876,22.687
0.0,2024-02-12,41185.846,0.0,0.0,14331.182269,26854.663731,27792.556,13393.29,26.578567,3.752957,3.946421,4539.150137,0.0,384.515,279.003,384.515,480.346,9.351331,9.791331,7136.186545,0.0,1899.848,1931.565,1899.848,2158.164,3.888,3.644,2655.845588,0.0,21.12,21.783,21.12,22.598
0.0,2024-02-13,40832.091,0.0,0.0,7062.338355,33769.752645,28397.821,12434.27,36.418998,4.792522,3.716522,4274.720845,0.0,385.591,273.937,385.591,476.718,7.418995,0.0,0.0,0.0,1907.266995,1917.2,1908.335,2154.391,3.6288,3.8248,2787.61751,0.0,20.924,21.882,20.924,22.897
0.0,2024-02-14,39898.738,0.0,0.0,15554.676254,24344.061746,26297.573,13601.165,25.099755,4.72919,4.29219,4936.851645,0.0,386.028,268.532,386.028,477.73,8.882179,10.085174,7350.347402,0.0,1906.064,1906.064,1906.064,2160.283,4.1472,4.4832,3267.477206,0.0,20.588,22.057,20.588,22.964
0.0,2024-02-15,39052.102,0.0,0.0,22756.665049,16295.436951,25364.651,13687.451,17.835064,3.792614,8.818614,10143.117371,0.0,381.002,263.478,381.002,481.77,6.503242,13.231242,9643.286122,0.0,1899.336,1899.336,1899.336,2179.359,4.4064,4.0754,2970.261556,0.0,20.919,21.094,20.919,23.112
0.0,2024-02-16,43782.486,0.0,0.0,29719.049694,14063.436306,26872.172,16910.314,8.99125,8.501674,10.045037,11553.741057,0.0,379.458637,258.795,376.447,481.324,13.471834,16.449834,11989.082873,0.0,1896.358,1896.079,1896.358,2169.399,8.4672,8.4742,6176.225763,0.0,20.912,23.352,20.912,23.055
0.0,2024-02-17,33337.292,0.0,0.0,25604.627702,7732.664298,19798.821,13538.471,14.636515,9.026294,10.045037,11553.741057,0.0,378.439894,259.236,373.546,482.509,17.959968,13.889968,10123.383708,0.0,1900.428,1900.428,1900.428,2159.598,5.3568,5.3888,3927.502938,0.0,20.88,23.056,20.88,23.056
0.0,2024-02-18,27702.395,0.0,0.0,17202.987584,10499.407416,16319.434,11382.961,26.164134,6.894374,10.045037,11553.741057,0.0,375.289232,258.531,371.901,482.368,18.357149,3.677149,2680.005328,0.0,1915.108,1915.108,1915.108,2150.383,4.752,4.074,2969.241198,0.0,21.558,22.397,21.558,23.895
0.0,2024-02-19,36868.353,0.0,0.0,14777.030357,22091.322643,22950.0,13918.353,29.492712,5.322931,10.045037,11553.741057,0.0,370.567126,256.478,367.297,479.282,13.161571,0.403571,294.133587,0.0,1927.866,1927.866,1927.866,2133.997,3.456,4.019,2929.155713,0.0,20.995,21.898,20.995,23.246
0.0,2024-02-20,44902.092,0.0,0.0,13667.928405,31234.163595,29408.366,15493.726,30.330074,5.63112,8.861246,10192.152442,0.0,367.337,252.572,367.337,476.584,14.578531,0.0,0.0,0.0,1942.444531,1924.852,1966.137,2136.832,4.752,4.769,3475.775963,0.0,20.978,22.631,20.978,22.863
0.0,2024-02-21,48161.634,0.0,0.0,13119.670171,35041.963829,27351.682,20809.952,30.923058,4.125773,8.585773,9875.30436,0.0,362.877,249.909,362.877,481.95,12.591158,0.35269,257.049703,0.0,1954.683,1917.381,1954.683,2142.714,3.6288,4.0988,2987.316108,0.0,20.508,22.81,20.508,22.969
0.0,2024-02-22,50206.849,0.0,0.0,26574.789744,23632.059256,28722.075,21484.774,13.037552,5.05777,9.58177,11020.893903,0.0,358.353,247.39,358.353,487.708,9.824198,17.246198,12569.495041,0.0,1947.261,1900.915,1947.261,2145.889,3.6288,4.0948,2984.4008,0.0,20.042,22.151,20.042,22.151
0.0,2024-02-23,44192.472,0.0,0.0,19645.571147,24546.900853,25504.107,18688.365,22.09565,4.400698,8.804698,10127.110351,0.0,353.949,243.806,353.949,493.06,9.331373,9.795373,7139.132172,0.0,1946.797,1883.987,1946.797,2147.35,3.8016,3.2646,2379.328624,0.0,20.579,22.1,20.579,22.771
0.0,2024-02-24,35535.291,0.0,0.0,21337.36236,14197.92864,20867.145,14668.146,18.437731,4.433702,6.492702,7467.867344,0.0,351.89,242.507,351.89,497.481,11.167286,14.343286,10453.774397,0.0,1943.621,1870.009,1943.621,2148.314,5.5296,4.6866,3415.720618,0.0,21.422,22.571,21.422,23.228
0.0,2024-02-25,37380.686,0.0,0.0,32376.660191,5004.025809,21453.267,15927.419,3.059101,8.984477,6.091477,7006.380066,0.0,354.783,245.08,354.783,498.482,13.514342,26.204342,19098.432258,0.0,1930.931,1858.792,1930.931,2134.451,8.2944,8.6054,6271.847866,0.0,21.111,26.065,21.111,23.15
0.0,2024-02-26,45658.176,0.0,0.0,5560.741199,40097.434801,26026.228,19631.948,37.165475,7.12705,1.44405,1660.937186,0.0,360.466,247.694,360.466,495.313,18.305395,1.397395,1018.459351,0.0,1947.839,1861.866,1947.839,2125.856,4.4064,3.9534,2881.344662,0.0,21.564,24.242,21.564,22.707
0.0,2024-02-27,42939.629,0.0,0.0,13070.069751,29869.559249,26303.337,16636.292,26.027299,5.774371,0.0,0.0,0.0,366.240371,244.289,366.903,492.263,17.513021,13.712021,9993.690984,0.0,1951.64,1862.5,1951.64,2117.73,4.32,4.221,3076.378767,0.0,21.663,26.159,21.663,23.158
0.0,2024-02-28,45113.361,0.0,0.0,16276.642675,28836.718325,25290.399,19822.962,21.627664,5.034874,0.0,0.0,0.0,371.275245,240.749,373.091,489.132,12.790656,18.916656,13786.969643,0.0,1945.514,1858.293,1945.514,2112.366,3.456,3.416,2489.673032,0.0,21.703,28.484,21.703,23.858
0.0,2024-02-29,45003.553,0.0,0.0,36272.115166,8731.437834,24602.308,20401.245,0.0,4.677437,10.045037,11553.741057,0.0,365.907645,237.658,290.7215,432.957,11.99759,33.915283,24718.374109,0.0,1923.596307,1853.886,1796.65125,2152.2605,3.888,0.0,0.0,0.0,25.591,29.912,22.05775,23.599
0.0,2024-03-01,42497.578,0.0,0.0,5438.069778,37059.508222,21442.062,21055.516,36.49892,4.049914,0.0,0.0,0.0,369.957558,234.807,373.525,480.534,9.778838,0.0,0.0,0.0,1933.375146,1844.9,1936.724,2108.615,3.1104,7.4614,5438.069778,0.0,21.24,30.843,21.24,22.303
0.0,2024-03-02,30784.283,0.0,0.0,20489.326845,10294.956155,14284.344,16499.939,17.67489,5.088096,3.160654,3635.365727,0.0,371.885,232.612,371.885,482.551,11.39063,18.877776,13758.632849,0.0,1925.888,1844.348,1925.888,2102.106,4.32,4.247,3095.328269,0.0,21.313,31.473,21.313,22.922
0.0,2024-03-03,29269.786,0.0,0.0,20418.695955,8851.090045,13775.125,15494.661,15.944486,3.945024,0.0,0.0,0.0,375.830024,228.857,376.468,476.253,12.985834,25.089834,18286.148153,0.0,1913.784,1852.611,1913.784,2080.61,3.024,2.926,2132.547802,0.0,21.411,31.217,21.411,22.582
0.0,2024-03-04,34129.634,0.0,0.0,15904.920452,18224.713548,17303.75,16825.884,27.668842,5.540054,9.567078,11003.996173,0.0,371.803,227.428,371.803,483.766,11.646979,0.0,0.0,0.0,1925.430979,1860.123,1927.308,2060.752,6.1344,6.7244,4900.924279,0.0,20.821,31.703,20.821,23.099
0.0,2024-03-05,31949.42,0.0,0.0,3183.953632,28765.466368,19635.717,12313.703,39.59172,6.303312,0.0,0.0,0.0,378.106312,226.397,380.847,480.404,11.245133,0.0,0.0,0.0,1936.676112,1858.793,1936.812,2071.771,4.2336,4.3686,3183.953632,0.0,20.686,32.65,20.686,22.507
0.0,2024-03-06,41884.246,0.0,0.0,23465.750302,18418.495698,22461.918,19422.328,12.620195,5.579107,1.481419,1703.919475,0.0,382.204,226.188,382.204,476.09,10.601194,25.720306,18745.65317,0.0,1921.557,1854.968,1921.557,2079.953,3.5424,4.1384,3016.177657,0.0,20.09,30.305,20.09,22.313
0.0,2024-03-07,38267.048,0.0,0.0,14773.115999,23493.932001,20049.357,18217.691,25.406282,3.92256,2.96756,3413.269707,0.0,383.159,224.897,383.159,470.301,8.469878,12.415878,9049.027407,0.0,1917.611,1850.585,1917.611,2076.582,3.8016,3.1706,2310.818886,0.0,20.721,29.199,20.721,22.897
0.0,2024-03-08,38489.612,0.0,0.0,13036.614034,25452.997966,20975.367,17514.245,27.70571,3.778704,2.823704,3247.807399,0.0,384.114,223.743,384.114,464.876,8.242906,10.509906,7659.902969,0.0,1915.344,1840.322,1915.344,2075.813,3.456,2.921,2128.903667,0.0,21.256,28.107,21.256,23.085
0.0,2024-03-09,30254.101,0.0,0.0,13430.486867,16823.614133,16183.332,14070.769,26.705718,3.919795,2.028795,2333.508066,0.0,386.005,219.165,386.005,458.937,6.732806,13.007806,9480.440515,0.0,1909.069,1842.076,1909.069,2074.646,2.592,2.218,1616.538286,0.0,21.63,26.322,21.63,23.008
0.0,2024-03-10,32349.074,0.0,0.0,13653.927955,18695.146045,16373.378,15975.696,25.420189,3.853526,0.335526,385.920452,0.0,389.523,212.992,389.523,453.282,7.441805,14.464805,10542.340288,0.0,1902.046,1847.475,1902.046,2066.229,4.0608,3.7398,2725.667215,0.0,21.951,25.413,21.951,23.37
0.0,2024-03-11,37331.243,0.0,0.0,20420.527361,16910.715639,19440.532,17890.711,20.392454,3.569875,7.697875,8854.049868,0.0,385.395,208.157,385.395,457.303,5.98199,13.97199,10183.163847,0.0,1894.056,1847.388,1894.056,2057.305,1.728,1.898,1383.313646,0.0,21.781,24.569,21.781,23.724
0.0,2024-03-12,43972.839,0.0,0.0,24898.723695,19074.115305,21703.863,22268.976,14.799645,3.291926,8.651926,9951.393834,0.0,380.035,203.854,380.035,454.983,7.492349,17.263349,12581.994716,0.0,1884.285,1835.681,1884.285,2074.022,3.1104,3.2454,2365.335146,0.0,21.646,24.991,21.646,23.557
0.0,2024-03-13,39835.966,0.0,0.0,17164.149034,22671.816966,19716.32,20119.646,25.112645,3.800131,8.134131,9355.828901,0.0,375.701,199.812,375.701,452.357,5.882544,8.171544,5955.641899,0.0,1881.996,1825.933,1881.996,2096.17,3.024,2.542,1852.678234,0.0,22.128,25.33,22.128,23.427
0.0,2024-03-14,42268.529,0.0,0.0,13083.407181,29185.121819,19605.502,22663.027,31.320083,3.759437,9.186437,10566.184489,0.0,370.274,196.265,370.274,450.234,8.056541,0.0,0.0,0.0,1890.052541,1818.504,1897.19,2107.449,3.1968,3.4538,2517.222693,0.0,21.871,25.406,21.871,23.768
0.0,2024-03-15,37756.176,0.0,0.0,18319.728384,19436.447616,17814.073,19942.103,22.119534,3.448483,5.699483,6555.51138,0.0,368.023,193.606,368.023,446.564,8.224762,12.872302,9381.681541,0.0,1885.405,1814.87,1885.405,2117.842,3.024,3.269,2382.535463,0.0,21.626,24.677,21.626,23.488
0.0,2024-03-16,34862.528,0.0,0.0,25830.657708,9031.870292,15464.92,19397.608,12.532819,3.352752,6.942752,7985.511694,0.0,364.433,192.902,364.433,442.491,7.297949,20.981949,15292.210798,0.0,1871.721,1811.086,1871.721,2111.114,3.1968,3.5028,2552.935216,0.0,21.32,25.185,21.32,23.517
0.0,2024-03-17,32072.605,0.0,0.0,22871.042773,9201.562227,15263.853,16808.752,15.131803,2.403302,4.414302,5077.304135,0.0,362.422,191.087,362.422,444.614,6.298214,21.720214,15830.278701,0.0,1856.299,1809.804,1856.299,2096.998,2.592,2.694,1963.459938,0.0,21.218,23.629,21.218,23.609
0.0,2024-03-18,40141.94,0.0,0.0,25343.378172,14798.561828,19324.823,20817.117,13.225018,3.193603,6.983603,8032.498499,0.0,358.632,190.015,358.632,456.939,4.814899,20.525899,14959.829536,0.0,1840.588,1799.785,1840.588,2092.87,2.3328,3.2258,2351.050137,0.0,20.325,22.333,20.325,22.652
0.0,2024-03-19,43740.724,0.0,0.0,23352.723953,20388.000047,21598.029,22142.695,15.465822,3.292186,6.135186,7056.653666,0.0,355.789,187.231,355.789,454.688,4.521312,20.442312,14898.908928,0.0,1824.667,1786.529,1824.667,2090.41,2.592,1.917,1397.161359,0.0,21.0,21.875,21.0,22.707
0.0,2024-03-20,45548.682,0.0,0.0,19804.588234,25744.093766,21907.633,23641.049,19.798374,3.222547,5.208547,5990.839738,0.0,353.803,184.378,353.803,454.941,4.866998,15.920998,11603.653501,0.0,1813.613,1772.261,1813.613,2080.207,2.6784,3.0324,2210.094995,0.0,20.646,21.693,20.646,23.237
0.0,2024-03-21,45424.373,0.0,0.0,22260.318051,23164.054949,22854.3,22570.073,17.785208,3.064435,7.554435,8689.06604,0.0,349.313,180.546,349.313,456.281,4.329677,16.306677,11884.746332,0.0,1801.636,1759.307,1801.636,2068.811,2.592,2.314,1686.505678,0.0,20.924,21.641,20.924,22.552
0.0,2024-03-22,46559.59,0.0,0.0,21452.250045,25107.339955,23302.079,23257.511,19.039498,2.781216,7.806216,8978.662806,0.0,344.288,175.084,344.288,456.592,4.097606,14.610606,10648.604431,0.0,1791.123,1747.772,1791.123,2058.604,2.16,2.504,1824.982808,0.0,20.58,21.677,20.58,22.566
0.0,2024-03-23,41635.995,0.0,0.0,16568.613529,25067.381471,19555.872,22080.123,25.303581,2.929046,7.051046,8110.071263,0.0,340.166,172.531,340.166,450.683,4.454093,9.256093,6746.090347,0.0,1786.321,1731.417,1786.321,2044.67,2.5056,2.3496,1712.451919,0.0,20.736,21.736,20.736,21.943
0.0,2024-03-24,39674.859,0.0,0.0,13543.044214,26131.814786,16990.032,22684.827,29.882091,2.679005,7.790005,8960.016781,0.0,335.055,168.536,335.055,448.363,5.025024,3.193024,2327.162103,0.0,1788.153,1722.957,1788.153,2046.061,2.8512,3.0952,2255.86533,0.0,20.492,21.758,20.492,22.431
0.0,2024-03-25,39816.366,0.0,0.0,12682.277145,27134.088855,18163.446,21652.92,31.02795,2.98417,7.72917,8890.044499,0.0,330.31,167.232,330.31,450.443,8.404819,0.0,0.0,0.0,1796.557819,1716.231,1798.798,2046.16,5.4432,5.2032,3792.232646,0.0,20.732,21.138,20.732,22.844
0.0,2024-03-26,41893.707,0.0,0.0,6951.082395,34942.624605,19522.865,22370.842,34.682979,3.131741,0.449741,517.28917,0.0,332.992,164.929,332.992,448.393,6.732547,0.0,0.0,0.0,1803.290366,1712.976,1804.504,2039.224,9.4176,8.8276,6433.793225,0.0,21.322,23.279,21.322,22.947
0.0,2024-03-27,44536.204,0.0,0.0,31301.35345,13234.85055,21297.118,23239.086,5.345398,6.907075,7.494075,8619.640331,0.0,332.405,166.584,332.405,444.949,11.14128,23.302646,16983.597868,0.0,1791.129,1713.024,1791.129,2039.7,7.6032,7.8182,5698.115251,0.0,21.107,21.231,21.107,22.719
0.0,2024-03-28,40275.993,0.0,0.0,24052.351067,16223.641933,18019.462,22256.531,15.088414,4.740768,7.142768,8215.568897,0.0,330.003,167.794,330.003,440.773,8.070538,16.161538,11778.964964,0.0,1783.038,1707.061,1783.038,2049.261,5.0976,5.5676,4057.817205,0.0,20.637,20.637,20.637,22.719
0.0,2024-03-29,37821.151,0.0,0.0,25344.298487,12476.852513,16625.588,21195.563,13.77461,3.805402,7.936402,9128.401502,0.0,325.872,168.615,325.872,436.084,9.028109,18.191109,13258.171253,0.0,1773.875,1701.802,1773.875,2067.875,4.5792,4.0582,2957.725731,0.0,21.158,20.029,21.158,22.782
0.0,2024-03-30,33530.72,0.0,0.0,23723.038582,9807.681418,14586.364,18944.356,16.189258,2.972333,8.265333,9506.736195,0.0,320.579,170.296,320.579,433.143,7.96513,15.10713,11010.483945,0.0,1766.733,1695.668,1766.733,2082.764,4.2336,4.3986,3205.818442,0.0,20.993,20.122,20.993,23.838
0.0,2024-03-31,35805.241,0.0,0.0,11097.473237,24707.767763,16405.894,19399.347,28.733835,3.60288,0.0,0.0,0.0,324.18188,362.911,506.985,623.819,6.735485,11.369485,8286.387498,0.0,1762.099,1686.216,1762.099,2091.578,3.888,3.857,2811.085739,0.0,21.024,20.812,21.024,23.355
0.0,2024-04-01,41660.746,0.0,0.0,2197.996467,39462.749533,22056.537,19604.209,40.94452,2.985898,0.0,0.0,0.0,327.167778,361.675,514.538,623.848,5.608483,0.0,0.0,0.0,1767.707483,1675.609,1769.043,2072.706,3.6288,3.0158,2197.996467,0.0,21.637,21.637,21.637,23.478
0.0,2024-04-02,48607.856,0.0,0.0,3383.054009,45224.801991,26431.912,22175.944,39.318541,3.123101,0.0,0.0,0.0,330.290878,358.903,517.442,628.541,5.649696,0.734179,535.089624,0.0,1772.623,1663.348,1772.623,2053.326,3.3696,3.9076,2847.964385,0.0,21.099,22.125,21.099,22.701
0.0,2024-04-03,44118.753,0.0,0.0,6437.361562,37681.391438,22450.892,21667.861,35.127824,3.233952,0.0,0.0,0.0,333.52483,356.496,512.783,629.939,4.418496,5.342496,3893.755332,0.0,1771.699,1644.112,1771.699,2038.09,3.456,3.49,2543.60623,0.0,21.065,22.01,21.065,23.121
0.0,2024-04-04,42649.008,0.0,0.0,7640.476522,35008.531478,21124.112,21524.896,33.477069,2.438813,0.0,0.0,0.0,335.963643,354.286,507.834,636.02,6.245251,5.510251,4016.019851,0.0,1772.434,1632.172,1772.434,2074.455,5.616,4.973,3624.456671,0.0,21.708,22.595,21.708,23.236
0.0,2024-04-05,45053.114,0.0,0.0,15044.951865,30008.162135,22341.716,22711.398,23.317627,4.004381,0.0,0.0,0.0,339.968024,352.43,502.874,631.668,5.145293,16.742293,12202.235035,0.0,1760.837,1620.334,1760.837,2055.248,3.9744,3.9004,2842.716831,0.0,21.782,22.938,21.782,23.42
0.0,2024-04-06,39804.571,0.0,0.0,18735.706139,21068.864861,16612.751,23191.82,18.253662,3.665952,0.0,0.0,0.0,343.633976,352.088,498.474,630.68,6.433258,21.773258,15868.938017,0.0,1745.497,1610.682,1745.497,2036.774,3.5424,3.9334,2866.768122,0.0,21.391,21.712,21.391,23.344
0.0,2024-04-07,41788.987,0.0,0.0,14500.58923,27288.39777,17019.206,24769.781,24.06453,3.11688,0.0,0.0,0.0,346.750856,352.998,494.98,629.964,6.72719,17.83419,12998.039487,0.0,1734.39,1610.073,1734.39,2019.855,2.0736,2.0616,1502.549743,0.0,21.403,17.754,21.403,23.893
0.0,2024-04-08,47450.921,0.0,0.0,19877.68709,27573.23391,24273.839,23177.082,16.686787,3.635021,0.0,0.0,0.0,350.385877,352.042,493.498,629.402,7.184333,24.756333,18043.083766,0.0,1716.818,1605.332,1716.818,2002.22,2.4192,2.5172,1834.603324,0.0,21.305,10.041,21.305,23.541
0.0,2024-04-09,43301.155,0.0,0.0,20855.552527,22445.602473,20191.874,23109.281,15.34509,3.345408,0.0,0.0,0.0,353.731285,352.055,493.262,642.913,9.17663,23.53963,17156.318206,0.0,1702.455,1595.192,1702.455,1990.534,4.2336,5.0756,3699.234321,0.0,20.463,5.901,20.463,23.099
0.0,2024-04-10,43647.934,0.0,0.0,32039.468145,11608.465855,21767.415,21880.519,0.0,21.276518,0.0,0.0,0.0,375.007803,359.236,493.722,646.413,24.276672,11.26032,8206.825245,0.0,1715.471352,1599.434,1687.325,1973.908,32.832,32.7,23832.6429,0.0,20.595,13.754,20.595,22.216
0.0,2024-04-11,38811.456,0.0,0.0,32039.468145,6771.987855,22654.417,16157.039,0.0,48.776774,0.0,0.0,0.0,423.784578,389.619,495.79,645.012,75.430224,3.03092,2209.016331,0.0,1787.870656,1642.164,1688.341,1974.961,41.5584,40.9294,29830.451814,0.0,21.224,31.301,21.224,22.931
0.0,2024-04-12,38803.656,0.0,0.0,32039.468145,6764.187855,23587.928,15215.728,0.0,55.567469,0.0,0.0,0.0,479.352046,443.974,499.651,640.896,98.533498,6.62232,4826.525619,0.0,1879.781834,1738.992,1738.992,1971.576,37.152,37.338,27212.942526,0.0,21.038,61.202,21.038,22.899
0.0,2024-04-13,28710.994,0.0,0.0,28710.994,0.0,17856.453,10854.541,4.566892,23.678006,0.0,0.0,0.0,503.030053,471.643,501.644,636.62,50.577178,39.393428,28710.994,0.0,1890.965583,1815.892,1735.87,1965.29,20.8224,0.0,0.0,0.0,41.8604,67.916,21.028,22.688
0.0,2024-04-14,29484.32,0.0,0.0,29484.32,0.0,19822.747,9661.573,3.505836,15.003446,0.0,0.0,0.0,518.033499,483.078,501.551,632.0,29.822774,40.454484,29484.32,0.0,1880.333874,1860.736,1722.733,1955.753,13.4784,0.0,0.0,0.0,55.3388,66.262,20.771,22.607
0.0,2024-04-15,38522.297,0.0,0.0,32039.468145,6482.828855,24655.459,13866.838,0.0,11.104042,0.0,0.0,0.0,529.137541,488.502,498.615,627.211,21.212237,0.0,0.0,0.0,1901.546111,1889.739,1724.608,1942.925,9.936,43.96032,32039.468145,0.0,21.31448,59.237,20.99,23.237
0.0,2024-04-16,36734.194,0.0,0.0,32039.468145,4694.725855,23599.09,13135.104,0.0,9.388224,0.0,0.0,0.0,538.525765,491.311,499.373,622.285,16.285536,43.96032,32039.468145,0.0,1873.871327,1906.169,1729.718,1973.561,7.344,0.0,0.0,0.0,28.65848,49.996,21.011,22.934
0.0,2024-04-17,35614.384,0.0,0.0,32039.468145,3574.915855,23084.371,12530.013,0.0,7.733664,0.0,0.0,0.0,546.259429,492.536,502.804,619.791,12.084163,43.96032,32039.468145,0.0,1841.99517,1917.654,1730.3,2007.868,6.8256,0.0,0.0,0.0,35.48408,40.686,21.182,22.601
0.0,2024-04-18,32820.104,0.0,0.0,32820.104,0.0,21190.731,11629.373,4.736393,6.80711,10.045037,11553.741057,0.0,543.021502,492.891,499.561,617.86,11.478758,29.17889,21266.362943,0.0,1824.295038,1928.512,1722.759,2032.149,5.0112,0.0,0.0,0.0,40.49528,32.892,21.278,22.462
0.0,2024-04-19,34568.994,0.0,0.0,34568.994,0.0,20655.509,13913.485,2.336798,6.249571,10.045037,11553.741057,0.0,539.226037,491.895,499.028,614.606,10.19615,7.872406,5737.621775,0.0,1826.618783,1937.571,1711.679,2041.798,4.4928,23.70608,17277.631168,0.0,21.282,27.131,21.282,22.419
0.0,2024-04-20,33772.365,0.0,0.0,33772.365,0.0,18528.69,15243.675,3.429827,5.532624,10.045037,11553.741057,0.0,534.713624,489.679,501.802,612.736,8.274701,30.485457,22218.623943,0.0,1804.408027,1940.705,1700.319,2031.996,5.0112,0.0,0.0,0.0,26.2932,22.837,21.188,22.37
0.0,2024-04-21,28513.384,0.0,0.0,28513.384,0.0,14000.994,14512.39,4.838026,5.110819,0.0,0.0,0.0,539.824443,489.237,504.986,632.02,8.468323,39.122294,28513.384,0.0,1773.754056,1942.075,1685.754,2014.101,5.0976,0.0,0.0,0.0,31.3908,21.603,21.149,22.756
0.0,2024-04-22,33540.462,0.0,0.0,33540.462,0.0,18754.785,14785.677,3.748013,4.820602,10.045037,11553.741057,0.0,534.600008,486.283,499.675,630.66,6.533654,30.16727,21986.720943,0.0,1750.120441,1945.541,1671.337,2012.734,4.752,0.0,0.0,0.0,36.1428,22.27,21.688,22.877
0.0,2024-04-23,36302.58,0.0,0.0,36272.115166,30.464834,21422.314,14880.266,0.0,4.303152,10.045037,11553.741057,0.0,528.858123,482.437,494.325,627.943,6.408461,14.353883,10461.497631,0.0,1742.175018,1939.866,1654.328,2029.007,4.6656,19.5614,14256.876478,0.0,21.247,22.201,21.247,22.949
0.0,2024-04-24,33010.816,0.0,0.0,33010.816,0.0,18062.597,14948.219,4.474723,4.295808,10.045037,11553.741057,0.0,523.108894,479.91,489.016,634.633,6.485357,29.44056,21457.074943,0.0,1719.219815,1934.872,1636.551,2015.743,3.6288,0.0,0.0,0.0,24.8758,21.199,21.199,22.671
0.0,2024-04-25,24295.22,0.0,0.0,24295.22,0.0,10869.136,13426.084,16.433111,5.321808,10.045037,11553.741057,0.0,518.385666,478.081,483.389,643.548,11.309414,17.482172,12741.478943,0.0,1713.047058,1942.257,1621.0,1997.762,6.2208,0.0,0.0,0.0,31.0966,20.495,20.856,22.36
0.0,2024-04-26,29111.728,0.0,0.0,29111.728,0.0,15618.86,13492.868,4.017058,6.306422,0.0,0.0,0.0,524.692088,477.525,497.75,641.133,6.300547,21.611062,15750.725671,0.0,1697.736543,1949.616,1606.472,1980.633,7.6896,18.3322,13361.002329,0.0,20.454,22.666,20.454,22.519
0.0,2024-04-27,31739.519,0.0,0.0,31739.519,0.0,16262.734,15476.785,0.411551,6.155654,0.0,0.0,0.0,530.847742,476.951,504.819,636.541,7.890826,43.548769,31739.519,0.0,1662.078599,1953.632,1589.628,1966.539,4.9248,0.0,0.0,0.0,25.3788,22.282,20.946,22.555
0.0,2024-04-28,33421.424,0.0,0.0,33421.424,0.0,17685.498,15735.926,3.911341,4.836413,10.045037,11553.741057,0.0,525.639118,475.641,501.929,631.463,7.487597,20.603742,15016.563377,0.0,1648.962454,1955.492,1627.968,1976.696,4.8384,9.4002,6851.119565,0.0,20.817,21.363,20.817,22.909
0.0,2024-04-29,42568.78,0.0,0.0,14766.118942,27802.661058,22004.556,20564.224,29.507683,4.659293,10.045037,11553.741057,0.0,520.253374,473.487,499.989,627.472,7.143466,0.0,0.0,0.0,1656.105919,1952.582,1669.421,1980.207,4.6656,4.4076,3212.377885,0.0,21.075,21.197,21.075,22.941
0.0,2024-04-30,42035.095,0.0,0.0,14373.57272,27661.52228,22170.055,19865.04,30.046283,4.046544,10.045037,11553.741057,0.0,514.254882,471.039,500.382,624.238,5.67527,0.0,0.0,0.0,1661.78119,1944.465,1678.596,1967.11,3.888,3.869,2819.831663,0.0,21.094,20.972,21.094,23.175
0.0,2024-05-01,43217.699,0.0,0.0,15589.110391,27628.588609,22299.627,20918.072,28.378483,5.624467,10.045037,11553.741057,0.0,509.834312,469.263,498.941,619.545,8.885203,0.0,0.0,0.0,1670.666393,1938.283,1677.718,1955.532,5.3568,5.5368,4035.369334,0.0,20.914,21.361,20.914,22.291
0.0,2024-05-02,45061.408,0.0,0.0,21095.182145,23966.225855,23918.949,21142.459,20.82378,5.047574,10.045037,11553.741057,0.0,504.83685,467.783,494.561,616.752,6.12671,7.715103,5622.975605,0.0,1669.078,1931.757,1669.078,1943.048,4.8384,5.3764,3918.465483,0.0,20.376,21.746,20.376,22.29
0.0,2024-05-03,46748.947,0.0,0.0,33140.548452,13608.398548,25047.874,21701.073,4.296722,4.645123,10.045037,11553.741057,0.0,499.436936,465.917,491.746,614.084,5.081962,26.001962,18950.931667,0.0,1648.158,1919.938,1648.158,1934.825,4.2336,3.6166,2635.875728,0.0,20.993,21.629,20.993,23.019
0.0,2024-05-04,40679.337,0.0,0.0,31406.16642,9273.17058,20848.967,19830.37,6.676411,4.177699,10.045037,11553.741057,0.0,493.569598,463.755,491.433,609.248,4.815072,22.363072,16298.810677,0.0,1630.61,1907.237,1630.61,1932.826,4.0608,4.8758,3553.614687,0.0,20.178,21.492,20.178,22.14
0.0,2024-05-05,36376.239,0.0,0.0,29262.452487,7113.786513,18311.027,18065.212,8.369066,3.995654,7.885253,9069.570459,0.0,489.68,461.142,489.68,604.994,5.025802,24.690802,17995.322858,0.0,1610.945,1896.982,1610.945,1935.739,3.7152,3.0152,2197.55917,0.0,20.878,21.616,20.878,23.622
0.0,2024-05-06,41601.054,0.0,0.0,26690.147921,14910.906079,20633.868,20967.186,11.386238,3.725309,6.999309,8050.562986,0.0,486.406,458.491,486.406,600.724,4.536173,22.807173,16622.48333,0.0,1592.674,1889.602,1592.674,1928.999,3.3696,2.7676,2017.101605,0.0,21.48,21.982,21.48,23.799
0.0,2024-05-07,45834.623,0.0,0.0,25275.893582,20558.729418,23599.965,22234.658,13.516216,3.666125,7.327125,8427.614982,0.0,482.745,455.264,482.745,595.096,4.572979,19.691979,14352.046124,0.0,1577.555,1882.563,1577.555,1907.475,3.456,3.425,2496.232475,0.0,21.511,21.965,21.511,23.66
0.0,2024-05-08,53174.602,0.0,0.0,10962.245941,42212.356059,28242.69,24931.912,33.121984,3.455136,7.269136,8360.916612,0.0,478.931,451.66,478.931,590.473,3.90623,0.0,0.0,0.0,1581.46123,1868.584,1584.66,1906.618,3.2832,3.5692,2601.329328,0.0,21.225,21.469,21.225,23.296
0.0,2024-05-09,47351.635,0.0,0.0,9648.60858,37703.02642,24855.329,22496.306,34.450627,3.611693,6.449693,7418.39796,0.0,476.093,448.173,476.093,590.525,3.645475,0.0,0.0,0.0,1585.106706,1855.665,1603.559,1931.54,3.024,3.06,2230.21062,0.0,21.189,21.747,21.189,23.519
0.0,2024-05-10,54138.795,0.0,0.0,3689.592376,50449.202624,29267.254,24871.541,39.483357,3.422563,1.012563,1164.644117,0.0,478.503,444.052,478.503,599.117,3.180038,0.0,0.0,0.0,1588.286744,1837.824,1612.828,1916.601,3.1104,3.4644,2524.948259,0.0,20.835,22.193,20.835,23.523
0.0,2024-05-11,46061.152,0.0,0.0,2144.084247,43917.067753,24533.258,21527.894,41.258384,3.141936,0.414936,477.256898,0.0,481.23,439.365,481.23,597.519,3.444854,0.0,0.0,0.0,1591.731598,1823.004,1606.247,1900.49,3.024,2.287,1666.827349,0.0,21.572,22.466,21.572,23.51
0.0,2024-05-12,49562.008,0.0,0.0,2931.694423,46630.313577,27050.306,22511.702,40.217901,3.296419,0.484419,557.176057,0.0,484.042,435.431,484.042,595.704,2.680733,0.0,0.0,0.0,1594.412331,1807.499,1601.383,1883.628,3.024,3.258,2374.518366,0.0,21.338,22.07,21.338,24.435
0.0,2024-05-13,55194.33,0.0,0.0,9799.10524,45395.22476,27566.014,27628.316,34.415782,3.216586,6.746586,7759.882278,0.0,480.512,431.282,480.512,595.445,2.349821,0.028152,20.517938,0.0,1596.734,1789.241,1596.734,1871.524,2.7648,2.7698,2018.705025,0.0,21.333,21.79,21.333,23.278
0.0,2024-05-14,56913.562,0.0,0.0,14109.200817,42804.361183,28606.144,28307.418,26.19237,2.935613,2.751613,3164.888533,0.0,480.696,426.841,480.696,592.117,2.422138,12.132138,8842.229451,0.0,1587.024,1769.636,1587.024,1865.206,2.8512,2.8842,2102.082833,0.0,21.3,21.698,21.3,23.883
0.0,2024-05-15,53290.387,0.0,0.0,13685.360664,39605.026336,26146.553,27143.834,25.183078,3.136666,0.0,0.0,0.0,483.832666,422.767,484.238,586.546,2.658442,16.341442,11910.083857,0.0,1573.341,1750.655,1573.341,1873.307,2.7648,2.4358,1775.276807,0.0,21.629,21.435,21.629,23.881
0.0,2024-05-16,49595.773,0.0,0.0,15732.31884,33863.45416,23288.292,26307.481,23.273539,2.874355,1.555021,1788.575594,0.0,485.152,418.776,485.152,581.431,1.75176,16.76676,12220.067391,0.0,1558.326,1731.195,1558.326,1898.161,2.592,2.365,1723.675855,0.0,21.856,21.448,21.856,24.195
0.0,2024-05-17,49833.072,0.0,0.0,22945.803042,26887.268958,22997.499,26835.573,17.091256,3.242938,7.980938,9179.626542,0.0,480.414,414.937,480.414,594.173,3.011126,15.841126,11545.440631,0.0,1545.496,1712.765,1545.496,1928.877,3.024,3.047,2220.735869,0.0,21.833,21.833,21.833,23.527
0.0,2024-05-18,40110.554,0.0,0.0,20420.950336,19689.603664,16751.921,23358.633,20.54129,2.887315,7.956315,9151.306005,0.0,475.345,410.006,475.345,590.84,4.874515,11.133515,8114.406483,0.0,1539.237,1699.783,1539.237,1920.106,3.7152,4.3292,3155.237848,0.0,21.219,21.874,21.219,23.075
0.0,2024-05-19,48130.853,0.0,0.0,22469.846137,25661.006863,21291.651,26839.202,18.200706,3.790368,8.770368,10087.624651,0.0,470.365,407.572,470.365,587.476,4.754246,12.081246,8805.13857,0.0,1531.91,1689.396,1531.91,1924.695,3.888,4.908,3577.082916,0.0,20.199,22.203,20.199,23.173
0.0,2024-05-20,56811.352,0.0,0.0,18726.693783,38084.658217,28769.14,28042.212,22.184123,3.088022,6.777022,7794.890502,0.0,466.676,404.199,466.676,590.146,3.589574,12.860574,9373.133858,0.0,1522.639,1672.625,1522.639,1936.457,3.3696,2.1386,1558.669422,0.0,21.43,21.43,21.43,24.116
0.0,2024-05-21,45112.364,0.0,0.0,16506.184286,28606.179714,21761.381,23350.983,25.252731,3.364934,6.814934,7838.496657,0.0,463.226,400.774,463.226,596.351,3.099254,9.146254,6666.037156,0.0,1516.592,1656.348,1516.592,1939.39,3.1104,2.7464,2001.650473,0.0,21.794,22.376,21.794,23.463
0.0,2024-05-22,43838.468,0.0,0.0,10513.023951,33325.444049,22363.746,21474.722,29.535739,3.064003,0.0,0.0,0.0,466.290003,396.852,471.553,596.244,3.961181,10.577181,7708.934951,0.0,1509.976,1646.367,1509.976,1939.462,3.5424,3.8474,2804.089,0.0,21.489,22.327,21.489,22.446
0.0,2024-05-23,53275.91,0.0,0.0,12492.850625,40783.059375,26462.535,26813.375,27.462245,3.24311,1.112114,1279.14639,0.0,468.421,392.825,468.421,596.706,2.954362,12.381362,9023.870631,0.0,1500.549,1630.136,1500.549,1936.11,2.9376,3.0046,2189.833604,0.0,21.422,22.313,21.422,23.634
0.0,2024-05-24,55515.541,0.0,0.0,26259.993431,29255.547569,28508.72,27006.821,11.335158,2.846102,5.890102,6774.76044,0.0,465.377,388.202,465.377,600.168,2.311459,24.245459,17670.745292,0.0,1478.615,1612.126,1478.615,1933.6,2.9376,2.4896,1814.487699,0.0,21.87,22.047,21.87,23.307
0.0,2024-05-25,43932.938,0.0,0.0,23125.92444,20807.01356,19453.983,24478.955,15.492123,2.43743,5.64243,6489.889591,0.0,462.172,384.069,462.172,602.03,2.382566,19.634566,14310.202126,0.0,1461.363,1592.477,1461.363,1925.405,2.8512,3.1912,2325.832722,0.0,21.53,21.626,21.53,22.905
0.0,2024-05-26,39376.325,0.0,0.0,19658.916141,19717.408859,17311.528,22064.797,20.209019,3.114115,5.573115,6410.163664,0.0,459.713,380.351,459.713,597.924,3.454186,15.099186,11004.694143,0.0,1449.718,1582.668,1449.718,1914.527,2.592,3.079,2244.058333,0.0,21.043,21.411,21.043,22.418
0.0,2024-05-27,51605.284,0.0,0.0,24290.182999,27315.101001,26533.692,25071.592,10.632544,2.716675,0.0,0.0,0.0,462.429675,376.825,468.457,595.673,2.729376,30.280376,22069.155599,0.0,1422.167,1565.71,1422.167,1898.736,2.6784,3.0474,2221.0274,0.0,20.674,21.629,20.674,23.042
0.0,2024-05-28,56606.497,0.0,0.0,23592.420355,33014.076645,30095.984,26510.513,11.589922,2.555712,0.0,0.0,0.0,464.985387,372.58,478.496,598.131,2.501798,30.482798,22216.686509,0.0,1394.186,1543.167,1394.186,1885.417,2.5056,1.8876,1375.733845,0.0,21.292,21.504,21.292,23.014
0.0,2024-05-29,57066.35,0.0,0.0,21881.11007,35185.23993,29060.66,28005.69,13.937955,2.698618,0.0,0.0,0.0,467.684005,369.04,475.748,595.637,2.162765,26.769765,19510.52737,0.0,1369.579,1518.707,1369.579,1885.757,2.5056,3.2526,2370.5827,0.0,20.545,21.509,20.545,22.521
0.0,2024-05-30,54064.276,0.0,0.0,19948.478931,34115.797069,27108.743,26955.533,16.589656,2.806013,0.0,0.0,0.0,470.490018,365.381,475.243,596.756,3.219264,24.697264,18000.032829,0.0,1348.101,1497.725,1348.101,1879.12,2.6784,2.6734,1948.446102,0.0,20.55,21.372,20.55,22.431
0.0,2024-05-31,43365.895,0.0,0.0,18079.271349,25286.623651,20460.381,22905.514,20.883846,2.58647,2.991488,3440.791549,0.0,470.085,361.875,470.085,597.182,2.557786,16.947786,12352.003735,0.0,1333.711,1484.481,1333.711,1862.708,2.4192,3.1372,2286.476064,0.0,19.832,21.118,19.832,21.739
0.0,2024-06-01,33615.795,0.0,0.0,26441.587684,7174.207316,15187.064,18428.731,12.663018,2.962829,8.617829,9912.174979,0.0,464.43,358.939,464.43,593.629,3.890074,17.440074,12710.796522,0.0,1320.161,1476.261,1320.161,1843.439,5.7024,5.2394,3818.616184,0.0,20.295,21.6,20.295,21.67
0.0,2024-06-02,39660.004,0.0,0.0,18636.138272,21023.865728,19765.735,19894.269,23.392288,2.899843,8.651843,9951.298138,0.0,458.678,356.288,458.678,590.591,3.256589,7.963589,5804.078534,0.0,1315.454,1468.956,1315.454,1819.632,4.6656,3.9526,2880.7616,0.0,21.008,22.762,21.008,22.762
0.0,2024-06-03,42523.157,0.0,0.0,19058.70617,23464.45083,21430.862,21092.295,22.59781,2.648506,8.280506,9524.187858,0.0,453.046,352.702,453.046,588.919,3.661805,9.574805,6978.376258,0.0,1309.541,1455.867,1309.541,1803.152,3.7152,3.5072,2556.142054,0.0,21.216,22.098,21.216,22.378
0.0,2024-06-04,51124.086,0.0,0.0,12307.850854,38816.235146,25872.286,25251.8,32.010266,2.969654,8.539654,9822.259253,0.0,447.476,349.104,447.476,586.39,3.015101,0.0,0.0,0.0,1312.556101,1439.478,1328.205,1806.886,3.1104,3.4104,2485.591601,0.0,20.916,21.582,20.916,22.647
0.0,2024-06-05,55080.015,0.0,0.0,3892.248701,51187.766299,27989.289,27090.726,38.619891,2.425594,0.0,0.0,0.0,449.901594,344.791,452.45,582.271,3.112128,2.802229,2042.34001,0.0,1312.866,1417.963,1312.866,1818.368,2.8512,2.5382,1849.908691,0.0,21.229,22.48,21.229,22.66
0.0,2024-06-06,53286.331,0.0,0.0,19730.74857,33555.58243,25990.324,27296.007,16.888397,2.655158,0.0,0.0,0.0,452.556752,340.436,461.855,577.506,3.046723,24.110723,17572.546058,0.0,1291.802,1398.698,1291.802,1828.848,2.8512,2.9612,2158.202512,0.0,21.119,23.631,21.119,22.929
0.0,2024-06-07,51249.402,0.0,0.0,8074.310503,43175.091497,25309.914,25939.488,32.881819,2.384554,0.0,0.0,0.0,454.941306,336.599,461.741,575.561,2.799101,7.914101,5768.010344,0.0,1286.687,1382.511,1286.687,1837.653,2.6784,3.1644,2306.300159,0.0,20.633,24.641,20.633,23.506
0.0,2024-06-08,46264.476,0.0,0.0,6202.262962,40062.213038,21152.732,25111.744,35.450395,2.475446,0.0,0.0,0.0,457.416752,334.736,464.936,572.375,3.504125,6.355125,4631.786543,0.0,1283.836,1366.887,1283.836,1849.398,2.3328,2.1548,1570.47642,0.0,20.811,24.541,20.811,23.071
0.0,2024-06-09,38324.37,0.0,0.0,5442.53603,32881.83397,16463.062,21861.308,36.492792,3.141763,0.0,0.0,0.0,460.558515,333.702,466.593,566.987,3.554928,4.357928,3176.17559,0.0,1283.033,1353.57,1283.033,1854.744,2.9376,3.1096,2266.360439,0.0,20.639,23.403,20.639,23.533
0.0,2024-06-10,37704.259,0.0,0.0,4065.960244,33638.298756,18011.49,19692.769,38.381547,2.585261,0.0,0.0,0.0,463.143776,331.733,466.763,561.883,3.812573,0.881573,642.514059,0.0,1285.964,1345.178,1285.964,1852.587,4.5792,4.6972,3423.446184,0.0,20.521,22.505,20.521,23.442
0.0,2024-06-11,47549.776,0.0,0.0,8026.312837,39523.463163,22751.632,24798.144,33.272318,3.46775,0.561526,645.864296,0.0,466.05,329.81,466.05,560.734,4.628275,7.359275,5363.638466,0.0,1283.233,1333.404,1283.233,1844.297,3.2832,2.7672,2016.810074,0.0,21.037,21.135,21.037,23.398
0.0,2024-06-12,55141.599,0.0,0.0,11642.518063,43499.080937,27459.118,27682.481,30.835526,3.669754,4.928754,5669.022818,0.0,464.791,325.701,464.791,569.194,3.79944,4.67544,3407.586909,0.0,1282.357,1318.218,1282.357,1837.487,2.9376,3.5206,2565.908336,0.0,20.454,21.469,20.454,23.108
0.0,2024-06-13,51591.434,0.0,0.0,13749.485947,37841.948053,24521.423,27070.011,28.288771,3.332016,5.524016,6353.690059,0.0,462.599,321.165,462.599,572.367,4.441133,7.335133,5346.042833,0.0,1279.463,1302.39,1279.463,1833.666,3.1104,2.8124,2049.753055,0.0,20.752,21.736,20.752,22.285
0.0,2024-06-14,48630.505,0.0,0.0,14465.441049,34165.063951,21731.335,26899.17,26.081195,3.709757,3.404757,3916.130843,0.0,462.904,317.092,462.904,571.813,5.907168,10.277168,7490.277522,0.0,1275.093,1290.671,1275.093,1840.511,4.1472,4.1972,3059.032684,0.0,20.702,22.084,20.702,22.084
0.0,2024-06-15,36119.12,0.0,0.0,14802.045074,21317.074926,14017.989,22101.131,24.757602,4.908211,1.914211,2201.714237,0.0,465.898,316.512,465.898,578.873,6.950707,13.066707,9523.369008,0.0,1268.977,1283.571,1268.977,1850.675,4.0608,4.2218,3076.961829,0.0,20.541,22.413,20.541,22.413
0.0,2024-06-16,36168.802,0.0,0.0,8828.731125,27340.070875,14349.796,21819.006,34.586926,4.38169,4.73969,5451.56254,0.0,465.54,314.227,465.54,575.54,7.709904,0.905904,660.247295,0.0,1275.781,1286.732,1275.781,1858.196,4.0608,3.7278,2716.921291,0.0,20.874,22.096,20.874,22.862
0.0,2024-06-17,49007.612,0.0,0.0,14522.690724,34484.921276,23232.68,25774.932,29.841683,4.687373,10.045037,11553.741057,0.0,460.182336,311.847,459.366,572.701,6.584717,0.0,0.0,0.0,1282.365717,1283.699,1283.699,1849.198,3.8016,4.0736,2968.949667,0.0,20.602,22.414,20.602,22.383
0.0,2024-06-18,40394.775,0.0,0.0,24482.423034,15912.351966,17300.816,23093.959,16.176256,4.048877,10.045037,11553.741057,0.0,454.186176,308.052,453.59,573.525,6.02951,12.954227,9441.390547,0.0,1275.441,1275.441,1275.441,1843.314,4.0608,4.7848,3487.29143,0.0,19.878,21.943,19.878,22.965
0.0,2024-06-19,43319.744,0.0,0.0,12895.835131,30423.908869,18625.013,24694.731,31.781293,3.890851,9.539027,10971.731851,0.0,448.538,304.011,448.538,571.218,5.213549,0.0,0.0,0.0,1280.654549,1274.106,1281.188,1851.609,3.888,2.64,1924.10328,0.0,21.126,22.167,21.126,22.596
0.0,2024-06-20,46124.019,0.0,0.0,12632.309039,33491.709961,19301.655,26822.364,31.74261,4.02071,8.84671,10175.433222,0.0,443.712,300.549,443.712,566.364,4.867171,0.0,0.0,0.0,1285.52172,1263.105,1291.677,1854.193,3.456,3.371,2456.875817,0.0,21.211,22.135,21.211,22.699
0.0,2024-06-21,50926.3,0.0,0.0,9327.621183,41598.678817,22723.939,28202.361,34.812274,3.339446,6.313446,7261.688169,0.0,440.738,295.772,440.738,561.271,3.647981,0.0,0.0,0.0,1289.169701,1254.453,1300.244,1845.053,2.9376,2.8346,2065.933014,0.0,21.314,21.993,21.314,22.147
0.0,2024-06-22,46897.63,0.0,0.0,11548.420339,35349.209661,18234.6,28663.03,32.46391,3.03601,7.52201,8651.77031,0.0,436.252,293.328,436.252,556.025,4.266432,0.0,0.0,0.0,1293.436133,1243.457,1306.955,1829.291,3.1104,3.9744,2896.650029,0.0,20.45,21.618,20.45,22.089
0.0,2024-06-23,46385.903,0.0,0.0,12348.567059,34037.335941,18541.362,27844.541,31.991278,3.630442,8.603442,9895.626908,0.0,431.279,292.747,431.279,550.921,4.697654,0.0,0.0,0.0,1298.133787,1234.036,1317.434,1826.057,3.3696,3.3656,2452.940151,0.0,20.454,21.428,20.454,21.599
0.0,2024-06-24,54283.501,0.0,0.0,13222.224876,41061.276124,25140.81,29142.691,30.954528,3.944592,8.883592,10217.854217,0.0,426.34,291.815,426.34,553.006,4.812998,0.0,0.0,0.0,1302.946786,1220.136,1322.82,1817.084,3.7152,4.1222,3004.370659,0.0,20.047,22.204,20.047,22.13
0.0,2024-06-25,51053.294,0.0,0.0,12629.768446,38423.525554,23384.975,27668.319,31.863954,3.408566,9.050566,10409.90717,0.0,420.698,288.726,420.698,550.445,3.380573,0.0,0.0,0.0,1306.327358,1203.63,1333.36,1814.855,3.1968,3.0458,2219.861277,0.0,20.198,22.54,20.198,22.451
0.0,2024-06-26,45174.085,0.0,0.0,8187.883387,36986.201613,18874.883,26299.202,35.725738,3.230582,5.188582,5967.876345,0.0,418.74,284.745,418.74,550.607,3.869338,0.0,0.0,0.0,1310.196696,1191.985,1349.439,1819.331,3.024,3.046,2220.007042,0.0,20.176,22.265,20.176,22.835
0.0,2024-06-27,49797.582,0.0,0.0,1309.847884,48487.734116,21174.597,28622.985,42.16312,2.894486,0.0,0.0,0.0,421.634486,281.522,422.163,552.515,3.065731,0.0,0.0,0.0,1313.262427,1184.544,1354.887,1813.688,2.8512,1.7972,1309.847884,0.0,21.23,21.768,21.23,23.996
0.0,2024-06-28,46694.622,0.0,0.0,2072.200926,44622.421074,18360.495,28334.127,41.11712,3.229632,0.0,0.0,0.0,424.864118,279.873,425.235,549.789,3.24743,0.0,0.0,0.0,1316.509858,1175.135,1361.285,1804.582,2.8512,2.8432,2072.200926,0.0,21.238,21.464,21.238,24.019
0.0,2024-06-29,42290.621,0.0,0.0,6030.307738,36260.313262,16477.074,25813.547,37.631907,2.395094,3.365213,3870.647571,0.0,423.894,279.304,423.894,546.314,3.470342,0.0,0.0,0.0,1319.9802,1163.162,1373.853,1796.188,2.8512,2.9632,2159.660166,0.0,21.126,21.603,21.126,22.703
0.0,2024-06-30,41821.871,0.0,0.0,9590.473105,32231.397895,15052.458,26769.413,34.430027,2.942093,6.276093,7218.724282,0.0,420.56,280.703,420.56,542.349,5.8644,0.0,0.0,0.0,1325.8446,1148.083,1385.773,1782.235,2.8512,3.2542,2371.748823,0.0,20.723,21.246,20.723,22.566
0.0,2024-07-01,41081.312,0.0,0.0,18587.642688,22493.669312,16197.323,24883.989,24.005578,5.403542,9.597542,11039.035683,0.0,416.366,280.964,416.366,538.696,9.726048,0.0,0.0,0.0,1335.570648,1143.771,1372.352,1773.683,10.1952,10.3572,7548.607004,0.0,20.561,23.408,20.561,22.416
0.0,2024-07-02,43193.107,0.0,0.0,16915.429765,26277.677235,19370.172,23822.935,26.558683,5.364058,10.045037,11553.741057,0.0,411.685021,283.055,411.589,535.223,5.74223,0.0,0.0,0.0,1341.312878,1144.801,1360.77,1762.881,6.8256,7.3566,5361.688708,0.0,20.03,25.301,20.03,22.69
0.0,2024-07-03,47540.102,0.0,0.0,13617.839152,33922.262848,20272.199,27267.903,30.56119,3.790109,9.14213,10515.222613,0.0,406.333,282.308,406.333,532.84,8.093261,0.0,0.0,0.0,1349.406139,1137.194,1352.945,1752.002,4.752,4.257,3102.616539,0.0,20.525,22.319,20.525,22.592
0.0,2024-07-04,51535.049,0.0,0.0,13791.183666,37743.865334,22454.957,29080.092,30.43063,3.46369,9.32769,10728.652612,0.0,400.469,279.757,400.469,534.08,4.173984,0.0,0.0,0.0,1353.580123,1132.875,1358.31,1736.626,4.752,4.202,3062.531054,0.0,21.075,21.075,21.075,22.453
0.0,2024-07-05,50452.236,0.0,0.0,16944.320636,33507.915364,21543.608,28908.628,26.030085,3.173299,9.199299,10580.978744,0.0,394.443,275.16,394.443,532.862,4.372013,4.701136,3426.314847,0.0,1353.251,1125.603,1353.251,1725.239,4.0608,4.0298,2937.027045,0.0,21.106,21.299,21.106,22.609
0.0,2024-07-06,45802.939,0.0,0.0,20453.331248,25349.607752,18784.789,27018.15,20.139765,3.178656,7.338656,8440.878099,0.0,390.283,272.537,390.283,527.206,5.560099,12.857099,9370.601039,0.0,1345.954,1119.519,1345.954,1723.482,4.0608,3.6248,2641.85211,0.0,21.542,21.815,21.542,22.795
0.0,2024-07-07,43128.827,0.0,0.0,22883.299632,20245.527368,17143.721,25985.106,18.370362,3.077914,10.045037,11553.741057,0.0,383.315877,270.515,383.268,521.59,4.403722,11.047722,8051.877791,0.0,1339.31,1112.893,1339.31,1722.42,3.7152,4.4972,3277.680784,0.0,20.76,22.324,20.76,22.324
0.0,2024-07-08,55110.752,0.0,0.0,22673.355476,32437.396524,26775.821,28334.931,18.658419,3.383856,10.045037,11553.741057,0.0,376.654696,268.028,376.128,516.999,3.575664,11.489664,8373.977344,0.0,1331.396,1100.939,1331.396,1723.646,3.2832,3.7672,2745.637074,0.0,20.276,22.252,20.276,22.252
0.0,2024-07-09,56451.916,0.0,0.0,19883.93514,36567.98086,28054.757,28397.159,22.485693,3.018557,10.045037,11553.741057,0.0,369.628216,264.392,369.152,512.179,3.45479,8.52079,6210.182105,0.0,1326.33,1079.432,1326.33,1727.241,3.1968,2.9088,2120.011978,0.0,20.564,21.63,20.564,22.471
0.0,2024-07-10,55047.055,0.0,0.0,11017.49945,44029.55555,26504.174,28542.881,33.019067,3.133037,7.222253,8306.991837,0.0,365.539,260.274,365.539,505.868,3.181939,0.0,0.0,0.0,1329.511939,1059.077,1329.765,1723.118,3.024,3.719,2710.507613,0.0,19.869,21.3,19.869,21.666
0.0,2024-07-11,54515.463,0.0,0.0,8242.470197,46272.992803,24429.346,30086.117,35.809357,2.709763,5.462763,6283.237456,0.0,362.786,254.772,362.786,499.761,3.773174,0.0,0.0,0.0,1333.285114,1041.866,1337.752,1709.412,2.8512,2.6882,1959.232741,0.0,20.032,21.444,20.032,21.444
0.0,2024-07-12,50760.508,0.0,0.0,9720.088361,41040.419639,18789.302,31971.206,34.557293,3.023827,6.803827,7825.721222,0.0,359.006,251.518,359.006,493.471,3.705782,0.0,0.0,0.0,1336.990896,1030.429,1342.51,1697.49,2.8512,2.5992,1894.367138,0.0,20.284,22.128,20.284,21.837
0.0,2024-07-13,48935.96,0.0,0.0,8986.689498,39949.270502,18149.06,30786.9,35.202397,2.431123,6.179123,7107.19043,0.0,355.258,251.703,355.258,487.048,2.976048,0.0,0.0,0.0,1339.966944,1013.455,1341.377,1683.824,2.7648,2.5788,1879.499068,0.0,20.47,22.392,20.47,21.793
0.0,2024-07-14,47426.488,0.0,0.0,12748.437125,34678.050875,17415.682,30010.806,29.514395,2.516227,5.268227,6059.483316,0.0,352.506,253.32,352.506,493.878,4.069354,6.983298,5089.61584,0.0,1337.053,995.542,1337.053,1684.625,2.6784,2.1944,1599.337969,0.0,20.954,22.216,20.954,22.219
0.0,2024-07-15,56226.319,0.0,0.0,9734.57491,46491.74409,24017.302,32209.017,30.603824,2.630275,0.0,0.0,0.0,355.136275,255.231,355.512,505.322,3.176496,11.050496,8053.899848,0.0,1329.179,979.476,1329.179,1683.948,2.592,2.306,1680.675062,0.0,21.24,21.618,21.24,22.579
0.0,2024-07-16,57257.242,0.0,0.0,6043.01951,51214.22249,26222.96,31034.282,35.668888,2.590013,0.0,0.0,0.0,357.726288,257.075,365.204,503.601,2.808432,5.172432,3769.808097,0.0,1326.815,953.888,1326.815,1683.302,2.592,3.119,2273.211413,0.0,20.713,21.355,20.713,22.327
0.0,2024-07-17,60842.947,0.0,0.0,3873.0823,56969.8647,27025.476,33817.471,38.646189,2.460499,0.0,0.0,0.0,360.186787,258.858,370.221,497.445,2.385331,3.018331,2199.841274,0.0,1326.182,924.889,1326.182,1664.049,2.3328,2.2958,1673.241027,0.0,20.75,21.926,20.75,22.574
0.0,2024-07-18,61154.21,0.0,0.0,4256.797471,56897.412529,26989.008,34165.202,38.119706,2.356128,0.0,0.0,0.0,362.542915,260.788,371.582,490.828,2.291414,3.220414,2347.124966,0.0,1325.253,896.087,1325.253,1643.559,2.4192,2.6202,1909.672505,0.0,20.549,22.235,20.549,22.8
0.0,2024-07-19,58017.345,0.0,0.0,10352.693672,47664.651328,25311.661,32705.684,29.755723,2.461968,0.0,0.0,0.0,365.004883,263.03,370.412,484.136,5.608397,11.706397,8531.938061,0.0,1319.155,866.951,1319.155,1622.401,2.4192,2.4982,1820.755611,0.0,20.47,21.884,20.47,22.845
0.0,2024-07-20,53063.611,0.0,0.0,1864.339466,51199.271534,22722.59,30341.021,41.40232,2.492899,0.0,0.0,0.0,367.497782,264.918,369.777,477.781,0.981763,0.0,0.0,0.0,1320.136763,837.345,1323.964,1607.677,2.592,2.558,1864.339466,0.0,20.504,21.837,20.504,22.792
0.0,2024-07-21,49668.891,0.0,0.0,3030.023561,46638.867439,20585.706,29083.185,40.419259,2.130278,1.066061,1226.176736,0.0,368.562,267.163,368.562,474.214,2.677277,0.0,0.0,0.0,1322.81404,814.237,1333.222,1612.107,2.592,2.475,1803.846825,0.0,20.621,21.893,20.621,22.764
0.0,2024-07-22,56927.713,0.0,0.0,10763.575933,46164.137067,23814.305,33113.408,31.494731,2.452032,3.983032,4581.259508,0.0,367.031,269.453,367.031,490.958,3.312317,6.905357,5032.81048,0.0,1319.221,788.633,1319.221,1596.104,2.4192,1.5772,1149.505944,0.0,21.463,21.837,21.463,22.444
0.0,2024-07-23,59303.437,0.0,0.0,18159.356329,41144.080671,25677.219,33626.218,22.282101,2.39207,5.60007,6441.167374,0.0,363.823,270.673,363.823,484.769,1.887149,13.162149,9592.929423,0.0,1307.946,761.368,1307.946,1589.277,2.16,2.916,2125.259532,0.0,20.707,21.572,20.707,22.581
0.0,2024-07-24,58816.178,0.0,0.0,16673.889525,42142.288475,25081.205,33734.973,25.516179,2.543616,7.668616,8820.396112,0.0,358.698,271.131,358.698,478.716,2.488925,9.213925,6715.35717,0.0,1301.221,730.949,1301.221,1573.287,2.0736,1.5616,1138.136243,0.0,21.219,21.514,21.219,22.841
0.0,2024-07-25,57581.972,0.0,0.0,16125.8775,41456.0945,25386.138,32195.834,26.910131,2.739139,8.779139,10097.713233,0.0,352.658,270.944,352.658,472.657,2.72065,5.12365,3734.254167,0.0,1298.818,707.272,1298.818,1564.128,2.2464,3.1474,2293.9101,0.0,20.318,21.895,20.318,22.712
0.0,2024-07-26,55976.328,0.0,0.0,18445.345733,37530.982267,24565.045,31411.283,20.126638,2.480544,2.550544,2933.620406,0.0,352.588,268.662,352.588,466.363,3.642538,18.900538,13775.222117,0.0,1283.56,684.858,1283.56,1564.937,2.0736,2.3826,1736.50321,0.0,20.009,22.095,20.009,22.623
0.0,2024-07-27,44524.844,0.0,0.0,14005.449682,30519.394318,18189.517,26335.327,28.368424,2.31025,6.26925,7210.853274,0.0,348.629,266.555,348.629,460.36,2.367446,6.770446,4934.484138,0.0,1279.157,668.619,1279.157,1567.972,1.9872,2.5522,1860.112269,0.0,19.444,21.844,19.444,22.784
0.0,2024-07-28,41570.946,0.0,0.0,13796.754436,27774.191564,14238.746,27332.2,28.459562,2.531606,5.931606,6822.498092,0.0,345.229,266.348,345.229,454.408,4.497552,7.537552,5493.571412,0.0,1276.117,653.964,1276.117,1569.322,2.5056,2.0316,1480.684933,0.0,19.918,21.637,19.918,22.259
0.0,2024-07-29,46232.703,0.0,0.0,27796.62413,18436.07887,16989.137,29243.566,11.263882,5.834592,9.413592,10827.457037,0.0,341.65,266.25,341.65,457.1,11.288246,18.899246,13774.281056,0.0,1268.506,644.795,1268.506,1559.176,5.0976,4.3836,3194.886037,0.0,20.632,22.36,20.632,22.785
0.0,2024-07-30,48773.089,0.0,0.0,19666.03481,29107.05419,17945.307,30827.782,21.93656,4.79209,8.57809,9866.467189,0.0,337.864,269.537,337.864,458.065,7.42487,8.46687,6170.883753,0.0,1267.464,640.202,1267.464,1544.755,5.3568,4.9788,3628.683868,0.0,21.01,24.723,21.01,22.312
0.0,2024-07-31,47418.193,0.0,0.0,11657.937891,35760.255109,17721.708,29696.485,30.049094,3.437078,3.605078,4146.539545,0.0,337.696,270.706,337.696,451.686,4.410547,6.421547,4680.196981,0.0,1265.453,629.565,1265.453,1535.555,3.3696,3.8846,2831.201364,0.0,20.495,25.423,20.495,22.179
0.0,2024-08-01,48791.355,0.0,0.0,15445.262414,33346.092586,16222.588,32568.767,24.781267,2.734646,3.481646,4004.568799,0.0,336.949,271.643,336.949,446.124,4.076006,12.749006,9291.820087,0.0,1256.78,615.407,1256.78,1535.768,3.1104,2.9484,2148.873527,0.0,20.657,25.193,20.657,23.001
0.0,2024-08-02,53340.316,0.0,0.0,15286.512229,38053.803771,19023.032,34317.284,26.097094,2.723846,5.380846,6189.017244,0.0,334.292,271.218,334.292,439.905,3.568579,9.656579,7037.975649,0.0,1250.692,602.727,1250.692,1512.672,2.7648,2.8258,2059.519337,0.0,20.596,24.655,20.596,22.524
0.0,2024-08-03,51283.794,0.0,0.0,20918.147743,30365.646257,20781.751,30502.043,20.569314,2.81975,9.18475,10564.244802,0.0,327.927,270.433,327.927,433.436,2.865456,12.060456,8789.985965,0.0,1241.497,590.044,1241.497,1488.813,2.3328,2.1458,1563.916977,0.0,20.783,23.619,20.783,22.113
0.0,2024-08-04,54146.057,0.0,0.0,21899.426887,32246.630113,21580.736,32565.321,19.055685,2.654467,8.895467,10231.513001,0.0,321.686,267.04,321.686,439.344,3.703968,13.881968,10117.553092,0.0,1231.319,578.346,1231.319,1475.238,2.4192,2.1272,1550.360794,0.0,21.075,22.034,21.075,22.236
0.0,2024-08-05,59320.876,0.0,0.0,23544.985175,35775.890825,24247.3,35073.576,16.49479,2.554243,8.371243,9628.553701,0.0,315.869,265.085,315.869,440.583,3.672086,16.209086,11813.619814,0.0,1218.782,560.454,1218.782,1491.675,2.4192,2.8852,2102.81166,0.0,20.609,21.248,20.609,22.313
0.0,2024-08-06,60261.442,0.0,0.0,21101.421543,39160.020457,26108.701,34152.741,20.368349,2.597098,9.272098,10664.711027,0.0,309.194,263.238,309.194,435.269,2.874874,12.750874,9293.180953,0.0,1208.906,539.464,1208.906,1493.67,2.16,1.569,1143.529563,0.0,21.2,21.609,21.2,22.59
0.0,2024-08-07,57390.243,0.0,0.0,21601.542496,35788.700504,24383.118,33007.125,19.40428,2.565475,8.791475,10111.902026,0.0,302.968,261.955,302.968,430.065,3.199565,13.374565,9747.743939,0.0,1198.731,510.273,1198.731,1481.198,2.16,2.39,1741.89653,0.0,20.97,21.717,20.97,22.482
0.0,2024-08-08,53206.12,0.0,0.0,25643.589371,27562.530629,21190.609,32015.511,13.409816,2.872714,8.015714,9219.625688,0.0,297.825,260.681,297.825,424.328,6.87839,19.18639,13983.559356,0.0,1186.423,488.402,1186.423,1462.354,3.1104,3.3484,2440.404327,0.0,20.732,22.29,20.732,22.327
0.0,2024-08-09,53648.365,0.0,0.0,19432.894246,34215.470754,21207.425,32440.94,19.326368,2.954016,3.510016,4037.199343,0.0,297.269,260.12,297.269,419.056,5.431536,17.636536,12853.983623,0.0,1174.218,470.124,1174.218,1450.862,2.6784,3.4874,2541.71128,0.0,19.923,22.379,19.923,22.456
0.0,2024-08-10,46893.305,0.0,0.0,20682.370457,26210.934543,17472.081,29421.224,17.78643,2.84472,3.81172,4384.217474,0.0,296.302,258.789,296.302,413.663,5.58697,20.61497,15024.746449,0.0,1159.19,460.632,1159.19,1440.336,2.4192,1.7472,1273.406534,0.0,20.595,21.949,20.595,22.589
0.0,2024-08-11,42034.424,0.0,0.0,26041.850506,15992.573494,13414.403,28620.021,10.686035,2.703629,4.249629,4887.897548,0.0,294.756,257.099,294.756,409.169,6.181056,25.974056,18930.593312,0.0,1139.397,451.871,1139.397,1429.899,2.5056,3.0506,2223.359646,0.0,20.05,21.486,20.05,22.417
0.0,2024-08-12,43486.916,0.0,0.0,22074.330431,21412.585569,14358.566,29128.35,16.01225,2.326406,4.046406,4654.152363,0.0,293.036,256.682,293.036,405.691,4.310064,21.631064,15765.303482,0.0,1122.076,444.838,1122.076,1427.059,2.5056,2.2706,1654.874586,0.0,20.285,21.385,20.285,22.842
0.0,2024-08-13,47427.039,0.0,0.0,21305.795729,26121.243271,14865.823,32561.216,17.178773,2.682202,4.240202,4877.054439,0.0,291.478,255.588,291.478,400.77,4.493146,19.822146,14446.914911,0.0,1106.747,434.443,1106.747,1419.998,2.8512,2.7192,1981.826378,0.0,20.417,22.071,20.417,22.584
0.0,2024-08-14,51058.31,0.0,0.0,23182.989788,27875.320212,15967.602,35090.708,14.43848,2.671402,3.955402,4549.479188,0.0,290.194,254.944,290.194,394.629,5.059238,23.386238,17044.521974,0.0,1088.42,422.753,1088.42,1412.71,2.8512,2.1802,1588.988625,0.0,21.088,22.348,21.088,22.514
0.0,2024-08-15,42385.159,0.0,0.0,28221.857747,14163.301253,9516.947,32868.212,7.522427,1.921277,3.951277,4544.734868,0.0,288.164,255.502,288.164,389.274,4.671216,30.205216,22014.376962,0.0,1062.886,414.792,1062.886,1393.831,2.2464,2.2814,1662.745918,0.0,21.053,22.022,21.053,22.474
0.0,2024-08-16,40514.316,0.0,0.0,27562.982703,12951.333297,10050.906,30463.41,9.775459,2.616624,6.284624,7228.536817,0.0,284.496,257.273,284.496,384.377,4.461437,25.055437,18261.078837,0.0,1042.292,411.081,1042.292,1384.991,2.7648,2.8448,2073.36705,0.0,20.973,21.655,20.973,22.298
0.0,2024-08-17,33670.729,0.0,0.0,16550.109901,17120.619099,8376.052,25294.677,22.839085,2.306362,2.744362,3156.548246,0.0,284.058,255.968,284.058,378.303,3.976474,15.380474,11209.704432,0.0,1030.888,413.93,1030.888,1395.885,2.6784,2.9964,2183.857223,0.0,20.655,22.172,20.655,22.561
0.0,2024-08-18,30607.764,0.0,0.0,18935.343788,11672.420212,7982.22,22625.544,20.679528,3.786739,4.669739,5371.106009,0.0,283.175,255.116,283.175,372.197,4.791053,16.089053,11726.136085,0.0,1019.59,420.231,1019.59,1397.809,2.592,2.522,1838.101694,0.0,20.725,21.786,20.725,21.965
0.0,2024-08-19,43028.674,0.0,0.0,2496.524006,40532.149994,12964.939,30063.735,40.53492,2.501971,0.0,0.0,0.0,285.676971,253.41,286.855,368.242,5.428512,0.0,0.0,0.0,1025.018512,423.335,1034.82,1401.488,2.6784,3.4254,2496.524006,0.0,19.978,21.391,19.978,22.044
0.0,2024-08-20,48246.539,0.0,0.0,1635.779319,46610.759681,15638.381,32608.158,41.71592,2.388874,0.0,0.0,0.0,288.065845,252.143,288.239,362.248,4.525718,0.0,0.0,0.0,1029.54423,416.411,1047.065,1394.938,2.6784,2.2444,1635.779319,0.0,20.412,21.484,20.412,22.858
0.0,2024-08-21,47772.037,0.0,0.0,10559.838938,37212.198062,14177.425,33594.612,33.492579,2.377296,6.955141,7999.761217,0.0,283.488,251.14,283.488,356.529,5.519318,0.0,0.0,0.0,1035.063549,406.599,1046.684,1396.55,2.5056,3.5126,2560.07772,0.0,19.405,21.463,19.405,22.356
0.0,2024-08-22,41992.676,0.0,0.0,14858.333039,27134.342961,10422.099,31570.577,28.237858,3.324499,8.067499,9279.189175,0.0,278.745,250.498,278.745,352.794,8.015414,5.848963,4262.882302,0.0,1037.23,400.077,1037.23,1392.935,2.16,1.806,1316.261562,0.0,19.759,21.475,19.759,22.068
0.0,2024-08-23,32924.219,0.0,0.0,32924.219,0.0,8350.261,24573.958,4.59354,10.714378,10.045037,11553.741057,0.0,279.414341,251.798,273.121,349.047,15.449702,20.762743,15132.44765,0.0,1031.916959,408.873,1031.171,1401.595,8.208,8.559,6238.030293,0.0,19.408,22.812,19.408,21.932
0.0,2024-08-24,29532.567,0.0,0.0,16386.884425,13145.682575,9109.092,20423.475,27.283883,8.80969,10.045037,11553.741057,0.0,278.178994,257.963,268.354,344.419,9.018346,0.0,0.0,0.0,1040.935305,426.995,1040.972,1402.379,6.9984,6.6314,4833.143368,0.0,19.775,24.369,19.775,21.739
0.0,2024-08-25,31112.192,0.0,0.0,17961.442276,13150.749724,7406.545,23705.647,25.123483,6.290006,10.045037,11553.741057,0.0,274.423963,259.474,263.963,344.57,10.094458,0.0,0.0,0.0,1051.029763,441.536,1052.465,1399.886,9.2448,8.7918,6407.701219,0.0,20.228,26.273,20.228,21.716
0.0,2024-08-26,38042.365,0.0,0.0,20062.141692,17980.223308,11441.212,26601.153,22.241181,7.559222,10.045037,11553.741057,0.0,271.938149,261.319,261.319,341.863,10.255939,2.616702,1907.122965,0.0,1058.669,457.433,1058.669,1396.805,9.1584,9.0574,6601.27767,0.0,20.329,32.605,20.329,22.31
0.0,2024-08-27,32505.478,0.0,0.0,32505.478,0.0,12177.615,20327.863,5.168081,5.99927,10.045037,11553.741057,0.0,267.892382,262.088,262.088,338.201,8.968579,21.770802,15867.14826,0.0,1045.866777,470.974,1041.811,1395.777,6.9984,6.9764,5084.588683,0.0,20.351,30.471,20.351,22.134
0.0,2024-08-28,28990.792,0.0,0.0,28990.792,0.0,13178.078,15812.714,4.18299,6.237734,0.0,0.0,0.0,274.130117,263.488,263.488,335.455,10.185869,32.49293,23681.724601,0.0,1023.559716,484.391,1010.201,1394.524,6.9984,7.2844,5309.067399,0.0,20.065,27.797,20.065,22.11
0.0,2024-08-29,27494.988,0.0,0.0,27494.988,0.0,12751.901,14743.087,12.042813,7.36465,10.045037,11553.741057,0.0,271.44973,266.458,266.458,331.221,11.325226,9.59727,6994.749752,0.0,1025.287671,497.644,993.58,1397.75,12.3552,12.2752,8946.49719,0.0,20.145,26.238,20.145,22.276
0.0,2024-08-30,25567.369,0.0,0.0,25567.369,0.0,13799.899,11767.47,14.687637,9.186998,10.045037,11553.741057,0.0,270.591691,271.953,266.187,324.555,9.9468,9.277447,6761.653527,0.0,1025.957025,514.216,986.644,1399.492,9.7632,9.9502,7251.974415,0.0,19.958,24.741,19.958,22.632
0.0,2024-08-31,27390.962,0.0,0.0,27390.962,0.0,15851.079,11539.883,12.185544,10.110874,10.045037,11553.741057,0.0,270.657528,278.977,261.988,318.078,14.964739,6.39494,4660.804663,0.0,1034.526824,528.306,970.668,1394.267,15.2928,15.3348,11176.41628,0.0,19.916,19.916,19.916,22.26
0.0,2024-09-01,27121.615,0.0,0.0,27121.615,0.0,16368.525,10753.09,12.555106,18.229622,10.045037,11553.741057,0.0,278.842114,294.165,258.097,317.629,20.472048,5.408577,3941.91717,0.0,1049.590295,546.305,948.428,1375.586,16.7616,15.9516,11625.956773,0.0,20.726,21.004,20.726,22.325
0.0,2024-09-02,28674.207,0.0,0.0,28674.207,0.0,17823.583,10850.624,9.582853,19.81895,8.588667,9878.633262,0.0,290.072397,311.797,256.318,313.257,21.714826,0.0,0.0,0.0,1071.305121,569.464,924.569,1359.068,26.0928,25.7888,18795.573738,0.0,21.03,27.372,21.03,22.177
0.0,2024-09-03,29638.371,0.0,0.0,29638.371,0.0,19539.651,10098.72,7.799203,22.596192,7.791717,8961.986306,0.0,304.876872,330.838,257.575,313.489,23.40239,0.0,0.0,0.0,1094.707511,593.331,903.761,1336.317,28.1664,28.3694,20676.384694,0.0,20.827,37.601,20.827,22.492
0.0,2024-09-04,32716.57,0.0,0.0,32716.57,0.0,22163.267,10553.303,4.878449,19.763827,10.045037,11553.741057,0.0,314.595662,350.758,256.004,309.721,20.564064,29.036834,21162.828943,0.0,1086.234741,620.897,881.607,1319.213,16.3296,0.0,0.0,0.0,37.1566,44.579,20.172,22.295
0.0,2024-09-05,35459.486,0.0,0.0,35459.486,0.0,23049.782,12409.704,1.114982,11.877581,10.045037,11553.741057,0.0,316.428206,359.097,252.639,306.294,16.998336,4.053701,2954.446705,0.0,1099.179376,645.662,864.877,1300.414,10.8,28.7466,20951.298238,0.0,19.21,41.099,19.21,22.148
0.0,2024-09-06,31102.088,0.0,0.0,31102.088,0.0,20981.051,10121.037,7.093627,9.19512,10.045037,11553.741057,0.0,315.578289,364.182,250.151,302.545,13.977792,26.821656,19548.346943,0.0,1086.335512,665.707,856.065,1288.45,7.6896,0.0,0.0,0.0,26.8996,33.572,21.068,22.406
0.0,2024-09-07,25724.094,0.0,0.0,25724.094,0.0,15585.308,10138.786,14.472599,9.639475,10.045037,11553.741057,0.0,315.172728,372.167,248.071,305.893,15.878592,0.0,0.0,0.0,1102.214104,681.709,842.003,1275.836,17.8848,19.442684,14170.352943,0.0,25.341716,27.614,19.868,22.585
0.0,2024-09-08,24048.568,0.0,0.0,24048.568,0.0,14749.568,9299.0,16.771534,12.539318,10.045037,11553.741057,0.0,317.667009,383.277,245.308,301.864,16.154381,17.143749,12494.826943,0.0,1101.224736,698.357,828.46,1257.1,13.824,0.0,0.0,0.0,39.165716,30.672,20.182,22.208
0.0,2024-09-09,27031.957,0.0,0.0,27031.957,0.0,17128.44,9903.517,12.678123,10.600243,10.045037,11553.741057,0.0,318.222216,392.324,243.147,299.523,14.607907,0.0,0.0,0.0,1115.832643,717.438,817.757,1236.225,12.6144,21.23716,15478.215943,0.0,30.542956,26.785,20.095,21.94
0.0,2024-09-10,25178.11,0.0,0.0,25178.11,0.0,15211.801,9966.309,15.221726,10.372752,10.045037,11553.741057,0.0,318.549931,397.938,236.657,299.288,15.864768,18.693557,13624.368943,0.0,1113.003854,738.008,807.941,1214.573,12.528,0.0,0.0,0.0,43.070956,26.785,20.292,22.628
0.0,2024-09-11,28233.782,0.0,0.0,28233.782,0.0,16038.479,12195.303,11.029137,8.836733,10.045037,11553.741057,0.0,317.341627,402.311,240.125,297.794,13.09055,0.0,0.0,0.0,1126.094405,756.373,794.897,1194.37,9.1584,22.886146,16680.040943,0.0,29.34321,26.297,20.179,22.556
0.0,2024-09-12,25146.469,0.0,0.0,25146.469,0.0,13651.159,11495.31,15.26514,6.973517,10.045037,11553.741057,0.0,314.270107,404.269,237.205,296.484,9.023357,18.650143,13592.727943,0.0,1116.467618,772.53,788.95,1209.246,7.5168,0.0,0.0,0.0,36.86001,25.112,20.103,22.18
0.0,2024-09-13,25063.775,0.0,0.0,25063.775,0.0,13688.56,11375.215,15.378602,9.950947,10.045037,11553.741057,0.0,314.176017,406.308,235.926,295.076,17.049744,18.536681,13510.033943,0.0,1114.980681,791.441,782.56,1227.359,13.6512,0.0,0.0,0.0,50.51121,26.089,20.747,23.082
0.0,2024-09-14,24206.688,0.0,0.0,24206.688,0.0,14007.517,10199.171,10.747105,8.94456,0.0,0.0,0.0,323.120577,409.039,235.281,300.054,11.223446,0.0,0.0,0.0,1126.204127,812.55,771.646,1211.153,8.8992,33.213215,24206.688,0.0,26.197195,26.669,21.164,23.306
0.0,2024-09-15,23107.605,0.0,0.0,23107.605,0.0,13350.543,9757.062,18.062599,7.554643,10.045037,11553.741057,0.0,320.630184,410.825,235.469,300.09,10.087027,15.852684,11553.863943,0.0,1120.438471,829.578,759.682,1186.359,8.1216,0.0,0.0,0.0,34.318795,25.423,20.661,22.516
0.0,2024-09-16,28185.302,0.0,0.0,28185.302,0.0,15861.309,12323.993,11.095655,7.040131,10.045037,11553.741057,0.0,317.625278,411.866,238.699,297.924,7.836566,22.819628,16631.560943,0.0,1105.455409,845.723,750.7,1162.947,6.6528,0.0,0.0,0.0,40.971595,23.635,20.723,22.921
0.0,2024-09-17,32092.235,0.0,0.0,32092.235,0.0,18573.575,13518.66,5.735079,7.846502,10.045037,11553.741057,0.0,315.426744,412.429,240.945,294.082,10.8432,28.180205,20538.493943,0.0,1088.118405,855.295,749.963,1143.851,6.9984,0.0,0.0,0.0,47.969995,21.981,21.007,22.968
0.0,2024-09-18,31982.24,0.0,0.0,31982.24,0.0,17576.884,14405.356,0.078521,5.79744,0.0,0.0,0.0,321.224184,410.025,244.31,292.373,8.21016,10.516804,7664.930975,0.0,1085.81176,862.543,740.232,1164.315,6.048,33.364995,24317.309025,0.0,20.653,21.279,20.653,22.516
0.0,2024-09-19,20389.268,0.0,0.0,20389.268,0.0,10401.561,9987.707,15.984864,6.145459,0.0,0.0,0.0,327.369643,409.016,247.445,296.19,8.885462,27.975456,20389.268,0.0,1066.721766,875.317,733.975,1178.246,6.7392,0.0,0.0,0.0,27.3922,21.468,20.14,21.866
0.0,2024-09-20,19594.117,0.0,0.0,19594.117,0.0,10223.082,9371.035,22.883343,5.868115,10.045037,11553.741057,0.0,323.192721,407.991,250.438,295.049,6.844522,11.03194,8040.375943,0.0,1062.534348,888.473,730.773,1156.738,7.2576,0.0,0.0,0.0,34.6498,22.841,20.364,21.857
0.0,2024-09-21,17749.223,0.0,0.0,17749.223,0.0,8174.089,9575.134,25.414662,5.338915,10.045037,11553.741057,0.0,318.4866,408.609,248.295,293.819,7.370266,8.500621,6195.481943,0.0,1061.403992,900.245,732.748,1170.861,5.2704,0.0,0.0,0.0,39.9202,24.845,20.544,22.42
0.0,2024-09-22,15129.568,0.0,0.0,15129.568,0.0,7341.814,7787.754,23.201528,5.89585,0.0,0.0,0.0,324.382449,413.235,254.971,292.5,8.757072,20.758792,15129.568,0.0,1049.402273,910.656,729.904,1185.219,7.344,0.0,0.0,0.0,47.2642,23.491,20.602,23.491
0.0,2024-09-23,20689.079,0.0,0.0,20689.079,0.0,11020.372,9668.707,15.573503,6.204557,0.0,0.0,0.0,330.587006,417.894,260.578,291.457,8.159011,0.0,0.0,0.0,1057.561284,918.657,721.633,1200.208,6.8256,28.386817,20689.079,0.0,25.702983,24.06,20.257,22.953
0.0,2024-09-24,21589.627,0.0,0.0,21589.627,0.0,11336.431,10253.196,20.145368,6.30193,10.045037,11553.741057,0.0,326.843899,420.42,257.823,290.388,7.197725,13.769915,10035.885943,0.0,1050.989093,929.445,721.619,1196.193,7.4304,0.0,0.0,0.0,33.133383,23.285,20.977,22.484
0.0,2024-09-25,28833.817,0.0,0.0,28833.817,0.0,16286.613,12547.204,4.39837,5.910365,0.0,0.0,0.0,332.754264,421.201,262.946,297.339,8.212147,39.56195,28833.817,0.0,1019.639291,939.038,724.03,1189.808,6.2208,0.0,0.0,0.0,39.354183,21.22,21.131,23.08
0.0,2024-09-26,21392.865,0.0,0.0,21392.865,0.0,12567.461,8825.404,14.607861,6.701011,0.0,0.0,0.0,339.455275,421.345,262.6,314.072,11.371709,0.0,0.0,0.0,1031.011,950.087,706.456,1203.095,11.5776,29.352459,21392.865,0.0,21.579323,19.735,21.262,23.318
0.0,2024-09-27,29217.24,0.0,0.0,29217.24,0.0,17110.085,12107.155,9.679766,11.320906,10.045037,11553.741057,0.0,340.731144,424.749,262.219,312.127,12.31079,24.235517,17663.498943,0.0,1019.086274,965.552,704.828,1197.306,12.96,0.0,0.0,0.0,34.539323,26.086,21.325,23.397
0.0,2024-09-28,21958.735,0.0,0.0,21958.735,0.0,11140.661,10818.074,19.638927,8.150976,10.045037,11553.741057,0.0,338.837083,426.854,261.414,320.846,10.151827,14.276356,10404.993943,0.0,1014.961744,980.887,699.391,1179.141,8.0352,0.0,0.0,0.0,42.574523,25.841,20.793,23.193
0.0,2024-09-29,20632.378,0.0,0.0,20632.378,0.0,10794.214,9838.164,21.458779,7.68528,10.045037,11553.741057,0.0,336.477326,428.19,259.582,318.831,8.630842,0.0,0.0,0.0,1023.592586,996.703,687.193,1163.403,6.5664,12.456505,9078.636943,0.0,36.684418,23.984,20.494,23.602
0.0,2024-09-30,32117.332,0.0,0.0,32117.332,0.0,19779.442,12337.89,5.700644,6.052752,10.045037,11553.741057,0.0,332.485041,234.619,72.826,128.817,8.71871,28.214639,20563.590943,0.0,1004.096657,1011.737,677.537,1152.86,5.8752,0.0,0.0,0.0,42.559618,21.735,20.753,23.6
0.0,2024-10-01,23889.776,0.0,0.0,23889.776,0.0,15251.665,8638.111,16.989408,6.066662,10.045037,11553.741057,0.0,328.506667,230.837,72.068,129.658,7.89575,0.0,0.0,0.0,1011.992408,1023.231,681.833,1144.653,5.4432,16.925875,12336.034943,0.0,31.076943,19.949,20.773,22.985
0.0,2024-10-02,24084.697,0.0,0.0,24084.697,0.0,14680.904,9403.793,16.721963,8.331984,10.045037,11553.741057,0.0,326.793614,226.56,73.547,126.954,13.803178,17.19332,12530.955943,0.0,1008.602265,1036.5,688.848,1133.733,10.4544,0.0,0.0,0.0,41.531343,19.884,21.141,22.681
0.0,2024-10-03,27565.323,0.0,0.0,27565.323,0.0,18552.244,9013.079,11.946308,16.324157,10.045037,11553.741057,0.0,333.072734,230.112,69.61,132.138,15.320362,0.0,0.0,0.0,1023.922627,1058.808,692.182,1120.963,13.392,21.968975,16011.581943,0.0,32.954368,24.609,21.144,23.422
0.0,2024-10-04,30337.835,0.0,0.0,30337.835,0.0,21473.94,8863.895,8.142234,14.374454,10.045037,11553.741057,0.0,337.402152,235.263,71.941,135.676,15.445123,25.773049,18784.093943,0.0,1013.594701,1079.751,701.88,1104.957,12.528,0.0,0.0,0.0,45.482368,26.007,21.448,23.728
0.0,2024-10-05,21477.775,0.0,0.0,21477.775,0.0,12688.125,8789.65,20.298837,11.162016,10.045037,11553.741057,0.0,338.519131,238.932,74.379,142.832,11.560838,0.0,0.0,0.0,1025.155539,1098.378,717.046,1098.378,12.096,13.616447,9924.033943,0.0,43.961922,31.798,21.619,23.388
0.0,2024-10-06,18643.975,0.0,0.0,18643.975,0.0,10583.464,8060.511,24.187002,9.36023,10.045037,11553.741057,0.0,337.834325,241.649,80.7,145.332,10.70401,0.0,0.0,0.0,1035.859549,1116.791,708.348,1116.791,9.6768,9.728281,7090.233943,0.0,43.910441,40.583,21.783,23.747
0.0,2024-10-07,21465.25,0.0,0.0,21465.25,0.0,11909.455,9555.795,20.316022,7.890221,10.045037,11553.741057,0.0,335.679509,245.859,79.733,156.25,9.968486,0.0,0.0,0.0,1045.828035,1130.566,689.606,1130.566,8.3808,13.599261,9911.508943,0.0,38.691979,45.033,21.033,23.587
0.0,2024-10-08,20385.123,0.0,0.0,20385.123,0.0,11456.432,8928.691,21.798029,10.607069,10.045037,11553.741057,0.0,336.241541,253.516,79.14,166.787,16.398547,12.117254,8831.381943,0.0,1050.109328,1142.445,667.541,1142.445,12.096,0.0,0.0,0.0,50.787979,46.109,21.318,24.187
0.0,2024-10-09,22867.187,0.0,0.0,22867.187,0.0,13633.313,9233.874,18.392469,8.767094,10.045037,11553.741057,0.0,334.963598,263.452,81.604,163.936,8.660563,0.0,0.0,0.0,1058.769892,1154.678,665.251,1136.465,9.504,15.522814,11313.445943,0.0,44.769165,46.836,21.242,23.719
0.0,2024-10-10,29166.53,0.0,0.0,29166.53,0.0,19848.717,9317.813,9.749344,8.14199,10.045037,11553.741057,0.0,333.060552,268.861,80.697,159.89,9.11615,24.165939,17612.788943,0.0,1043.720103,1165.549,663.326,1128.198,7.4304,0.0,0.0,0.0,52.199565,42.885,20.571,23.569
0.0,2024-10-11,25367.219,0.0,0.0,25367.219,0.0,16440.377,8926.842,14.962256,6.457018,10.045037,11553.741057,0.0,329.472533,272.073,82.371,161.591,8.602589,0.0,0.0,0.0,1052.322692,1174.655,645.87,1119.599,6.48,18.953027,13813.477943,0.0,39.726538,39.36,20.998,23.508
0.0,2024-10-12,16664.067,0.0,0.0,16664.067,0.0,8851.249,7812.818,26.90357,6.00912,10.045037,11553.741057,0.0,325.436616,278.345,84.183,170.673,8.479901,7.011713,5110.325943,0.0,1053.790879,1180.915,631.089,1109.738,6.1344,0.0,0.0,0.0,45.860938,36.265,21.556,24.59
0.0,2024-10-13,17918.113,0.0,0.0,17918.113,0.0,8678.438,9239.675,25.182934,6.101568,10.045037,11553.741057,0.0,321.493147,284.378,82.919,174.984,6.511622,8.732349,6364.371943,0.0,1051.570152,1187.431,622.402,1100.041,5.8752,0.0,0.0,0.0,51.736138,37.059,21.328,24.895
0.0,2024-10-14,27108.909,0.0,0.0,27108.909,0.0,15427.749,11681.16,12.572539,6.123168,10.045037,11553.741057,0.0,317.571278,289.804,82.296,179.054,6.95425,0.0,0.0,0.0,1058.524402,1192.98,635.212,1095.161,4.752,21.342744,15555.167943,0.0,35.145394,33.027,21.549,23.58
0.0,2024-10-15,27394.495,0.0,0.0,27394.495,0.0,17203.212,10191.283,12.180696,4.937328,10.045037,11553.741057,0.0,312.463569,291.275,84.035,181.305,6.261235,21.734587,15840.753943,0.0,1043.05105,1195.379,667.376,1092.034,4.6656,0.0,0.0,0.0,39.810994,27.75,21.519,23.825
0.0,2024-10-16,31772.554,0.0,0.0,31772.554,0.0,21593.23,10179.324,6.173703,4.866739,10.045037,11553.741057,0.0,307.285272,291.501,82.824,184.465,5.968858,27.741581,20218.812943,0.0,1021.278327,1194.945,693.127,1091.139,4.5792,0.0,0.0,0.0,44.390194,25.44,22.105,23.115
0.0,2024-10-17,34249.355,0.0,0.0,34249.355,0.0,23320.843,10928.512,2.775364,4.630176,10.045037,11553.741057,0.0,301.870411,291.123,80.861,187.773,5.722963,3.664925,2671.096407,0.0,1023.336365,1187.525,711.527,1082.616,4.4928,27.474994,20024.517536,0.0,21.408,23.176,21.408,23.282
0.0,2024-10-18,31787.554,0.0,0.0,31787.554,0.0,22068.678,9718.876,6.153122,5.008435,10.045037,11553.741057,0.0,296.833809,289.742,84.564,184.547,5.480957,27.762162,20233.812943,0.0,1001.05516,1181.009,721.303,1075.488,4.5792,0.0,0.0,0.0,25.9872,22.011,21.742,23.138
0.0,2024-10-19,25593.352,0.0,0.0,25593.352,0.0,15361.016,10232.336,14.651986,4.410806,10.045037,11553.741057,0.0,291.199579,284.51,94.439,181.502,5.807462,19.263297,14039.610943,0.0,987.599326,1182.915,722.128,1079.852,4.9248,0.0,0.0,0.0,30.912,22.227,21.141,23.44
0.0,2024-10-20,23952.296,0.0,0.0,23952.296,0.0,13309.534,10642.762,16.903626,4.513363,10.045037,11553.741057,0.0,285.667905,278.625,91.994,185.19,5.738429,17.011657,12398.554943,0.0,976.326097,1190.62,721.763,1084.945,5.4432,0.0,0.0,0.0,36.3552,22.02,21.247,23.257
0.0,2024-10-21,30775.727,0.0,0.0,30775.727,0.0,20075.129,10700.598,7.541417,4.947955,10.045037,11553.741057,0.0,280.570824,272.922,94.098,184.933,6.608909,26.373866,19221.985943,0.0,956.56114,1198.437,722.249,1108.914,5.184,0.0,0.0,0.0,41.5392,21.192,21.735,22.766
0.0,2024-10-22,35619.075,0.0,0.0,35619.075,0.0,24216.562,11402.513,0.896015,4.8168,10.045037,11553.741057,0.0,275.342587,267.402,99.882,189.34,5.647622,7.846468,5718.717637,0.0,954.362294,1201.959,729.038,1136.715,5.5296,25.1728,18346.616306,0.0,21.896,19.611,21.896,23.31
0.0,2024-10-23,30417.201,0.0,0.0,30417.201,0.0,21083.987,9333.214,8.033339,6.324221,10.045037,11553.741057,0.0,271.621771,262.417,108.155,201.376,8.665574,25.881944,18863.459943,0.0,937.145924,1208.693,726.162,1131.779,8.208,0.0,0.0,0.0,30.104,13.108,21.354,23.181
0.0,2024-10-24,26196.85,0.0,0.0,26196.85,0.0,17903.114,8293.736,13.823946,9.130406,10.045037,11553.741057,0.0,270.707141,260.875,119.56,198.656,18.245866,0.0,0.0,0.0,955.39179,1226.399,717.585,1127.806,30.4128,20.091337,14643.108943,0.0,40.425463,12.315,21.609,23.759
0.0,2024-10-25,25252.282,0.0,0.0,25252.282,0.0,17552.724,7699.558,9.312479,30.764016,0.0,0.0,0.0,301.471157,276.205,121.687,196.006,29.976912,0.0,0.0,0.0,985.368702,1257.044,706.717,1127.867,40.5216,34.647841,25252.282,0.0,46.299222,41.876,21.667,23.962
0.0,2024-10-26,25233.479,0.0,0.0,25233.479,0.0,17225.654,8007.825,15.145756,32.01889,10.045037,11553.741057,0.0,323.445009,305.536,124.569,194.008,45.998842,0.0,0.0,0.0,1031.367543,1302.822,693.41,1121.13,25.6608,18.769527,13679.737943,0.0,53.190495,55.087,21.854,24.195
0.0,2024-10-27,27560.412,0.0,0.0,27560.412,0.0,20463.483,7096.929,11.953047,16.960838,10.045037,11553.741057,0.0,330.360811,328.094,127.39,191.543,25.218432,0.0,0.0,0.0,1056.585975,1336.896,684.102,1109.093,13.824,21.962237,16006.670943,0.0,45.052259,57.108,21.472,23.913
0.0,2024-10-28,29393.438,0.0,0.0,29393.438,0.0,20311.618,9081.82,9.438011,13.637376,10.045037,11553.741057,0.0,333.95315,342.854,129.819,189.156,20.001341,0.0,0.0,0.0,1076.587316,1359.526,679.664,1106.551,11.4912,24.477272,17839.696943,0.0,32.066186,52.981,21.646,23.675
0.0,2024-10-29,30721.589,0.0,0.0,30721.589,0.0,19578.292,11143.297,7.615698,12.73847,10.045037,11553.741057,0.0,336.646584,355.257,132.32,189.088,17.033069,26.299585,19167.847943,0.0,1067.3208,1378.79,670.267,1117.092,10.2816,0.0,0.0,0.0,42.347786,47.294,21.575,24.455
0.0,2024-10-30,32550.948,0.0,0.0,32550.948,0.0,21150.915,11400.033,5.105693,11.794118,10.045037,11553.741057,0.0,338.395665,362.916,140.032,195.566,13.951354,28.80959,20997.206943,0.0,1052.462563,1397.611,658.208,1121.825,9.3312,0.0,0.0,0.0,51.678986,43.451,21.976,23.932
0.0,2024-10-31,25583.282,0.0,0.0,25583.282,0.0,17696.093,7887.189,14.665803,12.394253,10.045037,11553.741057,0.0,340.744881,367.754,145.366,203.458,13.203562,0.0,0.0,0.0,1065.666125,1417.936,678.55,1124.22,10.2816,19.24948,14029.540943,0.0,42.711106,38.417,22.21,23.58
0.0,2024-11-01,22985.067,0.0,0.0,22985.067,0.0,18179.606,4805.461,18.23073,10.637136,10.045037,11553.741057,0.0,341.336981,370.364,149.722,209.875,12.040704,0.0,0.0,0.0,1077.706829,1438.627,712.572,1125.428,12.096,15.684553,11431.325943,0.0,39.122553,40.405,21.817,23.286
0.0,2024-11-02,15730.719,0.0,0.0,15730.719,0.0,11616.647,4114.072,28.184187,11.647152,10.045037,11553.741057,0.0,342.939096,373.917,149.212,209.109,12.455856,0.0,0.0,0.0,1090.162685,1458.221,735.832,1121.187,12.3552,5.731097,4176.977943,0.0,45.746656,44.189,21.456,23.32
0.0,2024-11-03,18090.911,0.0,0.0,18090.911,0.0,14998.598,3092.313,24.945843,9.430906,10.045037,11553.741057,0.0,342.324965,374.22,146.282,206.898,10.534579,0.0,0.0,0.0,1100.697264,1479.424,720.021,1117.39,8.64,8.96944,6537.169943,0.0,45.417216,45.21,21.45,23.517
0.0,2024-11-04,24327.27,0.0,0.0,24327.27,0.0,20594.469,3732.801,16.389136,8.361274,10.045037,11553.741057,0.0,340.641201,372.67,145.456,209.884,11.750314,17.526147,12773.528943,0.0,1094.921431,1499.04,702.72,1116.959,8.0352,0.0,0.0,0.0,53.452416,41.606,21.952,24.244
0.0,2024-11-05,26820.756,0.0,0.0,26820.756,0.0,22169.481,4651.275,12.967905,8.796125,10.045037,11553.741057,0.0,339.392289,370.881,147.087,213.737,9.18432,0.0,0.0,0.0,1104.105751,1517.998,689.628,1117.63,9.936,20.947378,15267.014943,0.0,42.441038,36.107,21.444,24.582
0.0,2024-11-06,33230.936,0.0,0.0,33230.936,0.0,25874.211,7356.725,4.172704,10.202026,10.045037,11553.741057,0.0,339.549278,369.986,148.092,222.219,10.875946,29.742579,21677.194943,0.0,1085.239117,1536.167,680.753,1115.508,10.4544,0.0,0.0,0.0,52.895438,32.207,21.954,24.863
0.0,2024-11-07,28991.78,0.0,0.0,28991.78,0.0,23746.046,5245.734,9.989113,10.804147,10.045037,11553.741057,0.0,340.308389,369.937,146.919,222.642,12.104035,0.0,0.0,0.0,1097.343152,1552.721,677.471,1120.492,10.5408,23.92617,17438.038943,0.0,39.510068,26.265,21.649,24.382
0.0,2024-11-08,25118.451,0.0,0.0,25118.451,0.0,22349.884,2768.567,15.303583,12.801283,10.045037,11553.741057,0.0,343.064635,370.838,144.915,222.554,17.483645,0.0,0.0,0.0,1114.826797,1574.783,752.565,1124.917,24.0192,18.611701,13564.709943,0.0,44.917567,23.391,21.957,23.436
0.0,2024-11-09,25653.783,0.0,0.0,25653.783,0.0,23410.73,2243.053,8.761592,54.519955,0.0,0.0,0.0,397.58459,393.221,143.937,224.558,55.764461,0.0,0.0,0.0,1170.591258,1621.883,813.16,1129.115,76.896,35.198728,25653.783,0.0,86.614839,63.211,21.868,23.441
0.0,2024-11-10,28374.236,0.0,0.0,28374.236,0.0,26207.795,2166.441,5.028947,41.230771,0.0,0.0,0.0,438.815361,436.978,148.352,226.007,60.340723,0.0,0.0,0.0,1230.931981,1692.869,836.003,1197.032,30.8448,38.931373,28374.236,0.0,78.528266,93.738,21.722,23.432
0.0,2024-11-11,29118.245,0.0,0.0,29118.245,0.0,24836.604,4281.641,9.815594,21.30745,10.045037,11553.741057,0.0,450.077774,454.424,150.531,227.772,39.904358,0.0,0.0,0.0,1270.83634,1753.556,833.439,1246.973,18.0576,24.099689,17564.503943,0.0,72.486177,91.83,22.145,23.089
0.0,2024-11-12,34305.238,0.0,0.0,34305.238,0.0,28571.709,5733.529,2.698689,15.640042,10.045037,11553.741057,0.0,455.672779,461.884,153.084,229.827,26.658288,0.0,0.0,0.0,1297.494628,1795.813,832.641,1249.351,13.392,31.216595,22751.496943,0.0,54.661583,83.878,21.503,23.642
0.0,2024-11-13,33060.841,0.0,0.0,33060.841,0.0,28657.739,4403.102,4.406086,13.003373,10.045037,11553.741057,0.0,458.631115,466.055,154.635,231.315,19.92479,0.0,0.0,0.0,1317.419418,1825.549,829.869,1246.317,11.8368,29.509198,21507.099943,0.0,36.989185,75.221,20.842,23.35
0.0,2024-11-14,30697.327,0.0,0.0,30697.327,0.0,25857.674,4839.653,7.648987,13.569984,10.045037,11553.741057,0.0,462.156062,468.67,155.321,232.899,19.447517,26.266296,19143.585943,0.0,1310.600638,1851.288,820.911,1242.366,12.4416,0.0,0.0,0.0,49.430785,67.071,20.489,22.919
0.0,2024-11-15,27044.65,0.0,0.0,27044.65,0.0,23719.553,3325.097,12.660707,22.892803,10.045037,11553.741057,0.0,475.003829,478.204,156.301,260.813,17.531856,21.254576,15490.908943,0.0,1306.877918,1879.415,816.95,1238.181,14.9472,0.0,0.0,0.0,64.377985,62.833,21.435,22.921
0.0,2024-11-16,21636.162,0.0,0.0,21636.162,0.0,19395.878,2240.284,20.081519,19.679155,10.045037,11553.741057,0.0,484.637947,490.469,155.796,263.569,21.70368,0.0,0.0,0.0,1328.581598,1907.557,815.255,1236.557,12.3552,13.833764,10082.420943,0.0,62.899421,58.425,21.102,23.399
0.0,2024-11-17,21241.112,0.0,0.0,21241.112,0.0,19003.941,2237.171,20.623554,14.503018,10.045037,11553.741057,0.0,489.095928,497.051,143.365,271.623,19.922026,0.0,0.0,0.0,1348.503624,1935.743,812.023,1278.261,8.9856,13.291729,9687.370943,0.0,58.593292,51.09,21.229,23.211
0.0,2024-11-18,28082.538,0.0,0.0,28082.538,0.0,25506.346,2576.192,11.236654,11.541226,10.045037,11553.741057,0.0,490.592117,499.737,149.518,272.984,17.894304,22.678629,16528.796943,0.0,1343.719299,1962.708,819.37,1339.805,8.208,0.0,0.0,0.0,66.801292,42.168,21.725,23.595
0.0,2024-11-19,27991.165,0.0,0.0,27991.165,0.0,25310.939,2680.226,11.362024,10.330848,10.045037,11553.741057,0.0,490.877928,501.366,148.379,274.499,15.046387,0.0,0.0,0.0,1358.765686,1984.047,843.409,1351.672,6.7392,22.553259,16437.423943,0.0,50.987233,34.403,21.793,23.859
0.0,2024-11-20,25738.546,0.0,0.0,25738.546,0.0,23012.674,2725.872,14.45277,9.138874,10.045037,11553.741057,0.0,489.971765,502.011,153.622,276.52,14.919552,19.462513,14184.804943,0.0,1354.222725,1999.208,863.682,1344.455,7.9488,0.0,0.0,0.0,58.936033,27.292,21.162,24.601
0.0,2024-11-21,27711.666,0.0,0.0,27711.666,0.0,25239.673,2471.993,11.745516,8.709206,10.045037,11553.741057,0.0,488.635934,500.55,160.323,278.49,10.844237,0.0,0.0,0.0,1365.066962,2009.499,882.386,1348.411,6.9984,22.169767,16157.924943,0.0,43.764666,23.722,21.739,23.722
0.0,2024-11-22,27422.513,0.0,0.0,27422.513,0.0,24882.732,2539.781,12.142253,8.137152,10.045037,11553.741057,0.0,486.728049,498.841,165.427,280.8,11.632896,21.77303,15868.771943,0.0,1354.926829,2016.765,899.124,1339.616,6.5664,0.0,0.0,0.0,50.331066,22.277,21.692,23.877
0.0,2024-11-23,24901.631,0.0,0.0,24901.631,0.0,23035.184,1866.447,15.601074,7.42055,10.045037,11553.741057,0.0,484.103563,496.52,170.081,283.434,9.765101,18.314209,13347.889943,0.0,1346.37772,2018.817,914.085,1335.765,5.9616,0.0,0.0,0.0,56.292666,21.947,22.143,24.8
0.0,2024-11-24,24763.581,0.0,0.0,24763.581,0.0,21718.394,3045.187,15.790488,6.779808,10.045037,11553.741057,0.0,480.838334,493.497,174.775,286.607,8.993203,0.0,0.0,0.0,1355.370924,2018.975,931.893,1342.306,7.2576,18.124795,13209.839943,0.0,45.425471,22.124,21.739,25.065
0.0,2024-11-25,27594.075,0.0,0.0,27594.075,0.0,23975.42,3618.655,11.906859,6.655997,10.045037,11553.741057,0.0,477.449294,489.976,180.595,293.534,9.673517,22.008424,16040.333943,0.0,1343.036016,2025.354,948.281,1357.393,5.7024,0.0,0.0,0.0,51.127871,21.464,21.464,24.759
0.0,2024-11-26,30410.504,0.0,0.0,30410.504,0.0,27327.735,3082.769,8.042527,6.753197,10.045037,11553.741057,0.0,474.157454,486.473,185.041,293.075,9.029837,25.872756,18856.762943,0.0,1326.193097,2029.253,959.647,1348.0,6.9984,0.0,0.0,0.0,58.126271,21.35,21.805,24.132
0.0,2024-11-27,32095.481,0.0,0.0,32095.481,0.0,27224.914,4870.567,5.730625,7.151242,10.045037,11553.741057,0.0,471.263659,484.106,190.266,296.621,10.572077,0.0,0.0,0.0,1336.765174,2026.303,969.067,1373.695,8.3808,28.184658,20541.739943,0.0,38.322413,21.215,21.202,24.087
0.0,2024-11-28,28387.725,0.0,0.0,28387.725,0.0,22735.712,5652.013,10.817917,8.422186,10.045037,11553.741057,0.0,469.640808,484.527,197.751,299.761,11.394605,23.097366,16833.983943,0.0,1325.062413,2025.081,989.919,1417.433,8.7264,0.0,0.0,0.0,47.048813,20.67,22.049,24.595
0.0,2024-11-29,32112.191,0.0,0.0,32112.191,0.0,26926.044,5186.147,5.707698,8.709466,10.045037,11553.741057,0.0,468.305237,483.815,203.056,304.912,13.089254,0.0,0.0,0.0,1338.151667,2028.472,994.438,1420.218,10.7136,28.207586,20558.449943,0.0,29.554827,21.162,21.434,23.446
0.0,2024-11-30,23966.831,0.0,0.0,23966.831,0.0,21928.94,2037.891,16.883683,9.924336,10.045037,11553.741057,0.0,468.184536,482.87,205.475,304.619,14.613178,17.0316,12413.089943,0.0,1335.733245,2036.53,992.956,1424.745,8.9856,0.0,0.0,0.0,38.540427,21.682,21.683,24.063
0.0,2024-12-01,22512.469,0.0,0.0,22512.469,0.0,20647.272,1865.197,18.879166,8.985254,10.045037,11553.741057,0.0,467.124753,482.209,211.207,303.491,16.036531,15.036117,10958.727943,0.0,1336.733659,2050.956,992.36,1428.524,7.8624,0.0,0.0,0.0,46.402827,21.196,21.532,23.769
0.0,2024-12-02,32136.112,0.0,0.0,32136.112,0.0,27407.103,4729.009,5.674876,8.11633,10.045037,11553.741057,0.0,465.196046,480.434,217.807,301.63,13.317437,28.240407,20582.370943,0.0,1321.810689,2060.31,985.878,1427.347,8.2944,0.0,0.0,0.0,54.697227,21.334,21.356,22.875
0.0,2024-12-03,27478.701,0.0,0.0,27478.701,0.0,23446.649,4032.052,12.06516,9.114854,10.045037,11553.741057,0.0,464.265864,478.691,224.308,305.534,14.995584,0.0,0.0,0.0,1336.806273,2065.426,994.792,1443.599,10.368,21.850123,15924.959943,0.0,43.215104,21.951,21.062,23.45
0.0,2024-12-04,29341.881,0.0,0.0,29341.881,0.0,25301.145,4040.736,9.508751,11.659162,10.045037,11553.741057,0.0,465.879989,478.262,230.084,309.689,18.612202,0.0,0.0,0.0,1355.418475,2076.715,1004.094,1460.74,13.2192,24.406533,17788.139943,0.0,32.027771,26.653,21.184,23.838
0.0,2024-12-05,27345.714,0.0,0.0,27345.714,0.0,23853.166,3492.548,12.247627,15.448838,10.045037,11553.741057,0.0,471.28379,481.717,234.797,314.728,26.872301,21.667656,15791.972943,0.0,1360.623119,2097.38,1001.871,1475.837,17.8848,0.0,0.0,0.0,49.912571,31.877,20.938,23.02
0.0,2024-12-06,34120.251,0.0,0.0,34120.251,0.0,29881.587,4238.664,2.952503,13.425955,10.045037,11553.741057,0.0,474.664709,485.936,236.685,322.982,30.343162,0.0,0.0,0.0,1390.966281,2125.438,1016.805,1491.099,9.5904,30.96278,22566.509943,0.0,28.540191,29.399,20.863,23.207
0.0,2024-12-07,25330.897,0.0,0.0,25330.897,0.0,22837.534,2493.363,15.012092,10.461139,10.045037,11553.741057,0.0,475.080811,487.575,240.021,325.611,26.123386,18.903191,13777.155943,0.0,1398.186475,2152.747,1025.437,1500.131,7.9488,0.0,0.0,0.0,36.488991,22.76,21.436,23.507
0.0,2024-12-08,22172.115,0.0,0.0,22172.115,0.0,19848.325,2323.79,19.346155,12.265603,10.045037,11553.741057,0.0,477.301377,488.51,244.192,328.233,24.33145,14.569128,10618.373943,0.0,1407.948797,2178.589,1029.486,1497.164,10.7136,0.0,0.0,0.0,47.202591,20.169,21.239,23.877
0.0,2024-12-09,28018.556,0.0,0.0,28018.556,0.0,24748.639,3269.917,11.324442,16.416432,10.045037,11553.741057,0.0,483.672773,491.961,249.211,331.225,25.108272,0.0,0.0,0.0,1433.057069,2200.738,1037.851,1497.293,14.6016,22.590841,16464.814943,0.0,39.21335,24.609,21.632,24.458
0.0,2024-12-10,34374.098,0.0,0.0,34374.098,0.0,31284.291,3089.807,2.604208,13.013914,10.045037,11553.741057,0.0,486.641649,496.507,252.12,328.392,22.898938,31.311075,22820.356943,0.0,1424.644931,2214.883,1050.148,1504.538,9.072,0.0,0.0,0.0,48.28535,25.215,21.49,24.52
0.0,2024-12-11,35203.661,0.0,0.0,35203.661,0.0,30903.657,4300.004,1.465991,9.863078,10.045037,11553.741057,0.0,486.459691,497.064,252.907,325.87,17.215373,32.449292,23649.919943,0.0,1409.411012,2222.208,1064.655,1512.917,6.9984,0.0,0.0,0.0,55.28375,21.869,21.725,24.671
0.0,2024-12-12,38048.593,0.0,0.0,36272.115166,1776.477834,30977.431,7071.162,0.0,7.799674,10.045037,11553.741057,0.0,484.214328,495.124,253.95,328.157,15.566429,0.0,0.0,0.0,1424.977441,2223.173,1076.622,1515.3,7.9488,33.915283,24718.374109,0.0,29.317267,19.696,21.686,24.08
0.0,2024-12-13,31062.428,0.0,0.0,31062.428,0.0,27880.339,3182.089,7.148044,7.013779,10.045037,11553.741057,0.0,481.18307,491.666,253.96,346.315,14.817946,26.76724,19508.686943,0.0,1413.028147,2224.538,1092.192,1528.89,9.504,0.0,0.0,0.0,38.821267,22.331,22.096,24.55
0.0,2024-12-14,23977.947,0.0,0.0,23977.947,0.0,22085.616,1892.331,16.868431,12.074573,10.045037,11553.741057,0.0,483.212606,490.149,257.407,358.189,24.537427,0.0,0.0,0.0,1437.565574,2242.16,1103.972,1538.038,27.0432,17.046852,12424.205943,0.0,48.817615,26.518,22.102,25.964
0.0,2024-12-15,26924.154,0.0,0.0,26924.154,0.0,24984.529,1939.625,12.826036,18.596995,10.045037,11553.741057,0.0,491.764565,496.017,259.527,359.915,31.278528,0.0,0.0,0.0,1468.844102,2270.859,1125.112,1543.113,19.872,21.089247,15370.412943,0.0,47.600367,41.666,22.569,25.731
0.0,2024-12-16,32871.882,0.0,0.0,32871.882,0.0,28755.763,4116.119,4.66535,14.71919,10.045037,11553.741057,0.0,496.438718,501.585,259.483,360.384,33.352387,0.0,0.0,0.0,1502.19649,2300.424,1150.213,1550.19,12.2688,29.249933,21318.140943,0.0,30.619234,40.393,21.541,24.962
0.0,2024-12-17,25032.251,0.0,0.0,25032.251,0.0,23100.283,1931.968,15.421855,10.767773,10.045037,11553.741057,0.0,497.161454,503.565,258.053,361.299,24.071126,18.493428,13478.509943,0.0,1507.774188,2329.046,1172.131,1562.901,9.7632,0.0,0.0,0.0,40.382434,36.369,21.622,25.004
0.0,2024-12-18,24319.525,0.0,0.0,24319.525,0.0,22418.186,1901.339,16.399763,9.089971,10.045037,11553.741057,0.0,496.206389,502.663,256.311,361.796,19.481472,17.51552,12765.783943,0.0,1509.74014,2353.799,1187.329,1584.871,7.9488,0.0,0.0,0.0,48.331234,32.619,21.735,24.586
0.0,2024-12-19,23924.126,0.0,0.0,23924.126,0.0,22380.795,1543.331,16.942277,7.718112,10.045037,11553.741057,0.0,493.879464,499.987,253.405,369.819,15.19465,16.973006,12370.384943,0.0,1507.961783,2370.071,1193.165,1603.84,7.2576,0.0,0.0,0.0,55.588834,28.477,21.704,27.275
0.0,2024-12-20,25658.151,0.0,0.0,25658.151,0.0,23029.269,2628.882,14.563078,7.899034,10.045037,11553.741057,0.0,491.733461,496.963,251.667,367.801,16.586467,0.0,0.0,0.0,1524.54825,2383.135,1215.395,1634.844,7.2576,19.352206,14104.409943,0.0,43.494229,25.552,22.583,25.511
0.0,2024-12-21,19271.072,0.0,0.0,19271.072,0.0,17016.165,2254.907,23.326583,8.388317,10.045037,11553.741057,0.0,490.076741,494.992,253.829,366.552,15.604531,10.588701,7717.330943,0.0,1529.564081,2397.337,1233.894,1652.647,8.208,0.0,0.0,0.0,51.702229,25.147,22.563,25.811
0.0,2024-12-22,21449.084,0.0,0.0,21449.084,0.0,19412.908,2036.176,20.338203,7.617283,10.045037,11553.741057,0.0,487.648987,492.543,257.201,370.213,10.991203,0.0,0.0,0.0,1540.555284,2412.903,1250.365,1646.868,7.1712,13.577081,9895.342943,0.0,45.296348,25.476,22.486,24.093
0.0,2024-12-23,27644.207,0.0,0.0,27644.207,0.0,25621.219,2022.988,11.838074,7.460467,10.045037,11553.741057,0.0,485.064417,489.449,263.856,368.481,8.084621,22.077209,16090.465943,0.0,1526.562696,2416.548,1267.265,1647.991,6.6528,0.0,0.0,0.0,51.949148,25.523,21.835,23.566
0.0,2024-12-24,30839.536,0.0,0.0,30839.536,0.0,28825.254,2014.282,7.453867,6.594826,10.045037,11553.741057,0.0,481.614206,485.659,264.416,367.531,6.901114,0.0,0.0,0.0,1533.46381,2413.682,1285.688,1644.658,6.7392,26.461417,19285.794943,0.0,32.226931,27.175,21.017,23.889
0.0,2024-12-25,27279.032,0.0,0.0,27279.032,0.0,25231.679,2047.353,12.339119,7.768742,10.045037,11553.741057,0.0,479.337912,482.141,263.669,369.731,11.398838,21.576164,15725.290943,0.0,1523.286484,2410.82,1304.778,1665.107,8.208,0.0,0.0,0.0,40.434931,27.031,21.61,23.712
0.0,2024-12-26,25664.388,0.0,0.0,25664.388,0.0,23481.968,2182.42,14.55452,7.754227,10.045037,11553.741057,0.0,477.047102,479.426,264.08,372.432,12.007699,0.0,0.0,0.0,1535.294183,2417.677,1321.499,1676.306,7.5168,19.360763,14110.646943,0.0,28.590968,26.99,21.678,24.223
0.0,2024-12-27,21933.514,0.0,0.0,21933.514,0.0,19865.846,2067.668,19.673532,7.597238,10.045037,11553.741057,0.0,474.599304,479.638,263.753,367.321,8.808739,14.241751,10379.772943,0.0,1529.861171,2426.915,1335.049,1681.456,7.4304,0.0,0.0,0.0,36.021368,25.221,22.023,24.333
0.0,2024-12-28,24783.796,0.0,0.0,24783.796,0.0,22235.853,2547.943,15.762752,7.720618,10.045037,11553.741057,0.0,472.274885,480.647,287.436,366.815,7.863264,18.152531,13230.054943,0.0,1519.571904,2431.227,1342.336,1683.395,7.6032,0.0,0.0,0.0,43.624568,25.278,21.266,24.444
0.0,2024-12-29,27372.185,0.0,0.0,27372.185,0.0,24602.649,2769.536,12.211307,8.190115,10.045037,11553.741057,0.0,470.419963,477.883,293.059,374.325,8.793101,0.0,0.0,0.0,1528.365004,2435.458,1340.584,1682.843,6.912,21.703976,15818.443943,0.0,28.832592,24.306,21.596,23.282
0.0,2024-12-30,29288.065,0.0,0.0,29288.065,0.0,26749.181,2538.884,9.58259,9.691574,10.045037,11553.741057,0.0,470.066501,475.832,297.017,398.625,10.741075,24.332693,17734.323943,0.0,1514.773386,2439.93,1333.852,1676.825,7.2576,0.0,0.0,0.0,36.090192,25.101,21.489,23.266
0.0,2024-12-31,28331.555,0.0,0.0,28331.555,0.0,24820.639,3510.916,10.894986,9.183197,10.045037,11553.741057,0.0,469.204661,475.698,297.329,397.086,9.256637,1.225905,893.47262,0.0,1522.804118,2444.94,1389.498,1674.486,7.1712,21.794392,15884.341323,0.0,21.467,25.229,21.467,23.247
500.0,2024-01-01,20346.947,1707.04906,1707.04906,18639.89794,0.0,11797.967,8548.98,18.385118,11.147155,0.0,0.0,0.0,147.532155,136.385,298.36,395.885,23.900918,25.575202,18639.89794,0.0,1608.758716,1610.433,1402.642,1699.801,6.048,0.0,0.0,0.0,28.22,22.172,21.894,23.379
500.0,2024-01-02,23287.112,1707.04906,1707.04906,21580.06294,0.0,13939.435,9347.677,14.351012,7.489325,0.0,0.0,0.0,155.02148,144.224,299.038,399.705,18.593798,29.609308,21580.06294,0.0,1597.743207,1619.527,1413.31,1727.428,5.0112,0.0,0.0,0.0,33.2312,22.225,22.151,23.786
500.0,2024-01-03,33056.541,1707.04906,1707.04906,31349.49194,0.0,22420.688,10635.853,0.946694,6.988723,0.0,0.0,0.0,162.010203,147.474,300.871,402.512,14.13599,43.013626,31349.49194,0.0,1568.865571,1620.611,1424.068,1750.604,5.0976,0.0,0.0,0.0,38.3288,22.63,22.307,24.072
500.0,2024-01-04,29366.939,1707.04906,1707.04906,27659.88994,0.0,18560.245,10806.694,6.009078,6.093619,0.0,0.0,0.0,168.103822,146.604,301.426,413.288,15.059434,16.262242,11852.361137,0.0,1567.662763,1621.471,1434.784,1754.389,5.0112,21.689,15807.528803,0.0,21.651,22.172,21.651,24.075
500.0,2024-01-05,33702.494,1707.04906,1707.04906,31995.44494,0.0,20397.112,13305.382,0.060403,5.543165,0.0,0.0,0.0,173.646987,145.324,313.57,425.403,9.924509,43.899917,31995.44494,0.0,1533.687354,1625.23,1449.602,1748.861,4.8384,0.0,0.0,0.0,26.4894,21.74,21.29,23.604
500.0,2024-01-06,28847.568,1707.04906,1707.04906,27140.51894,0.0,15412.399,13435.169,6.72169,6.61081,0.0,0.0,0.0,180.257797,144.565,325.103,433.352,13.655347,37.23863,27140.51894,0.0,1510.104072,1626.104,1456.676,1744.266,4.8384,0.0,0.0,0.0,31.3278,22.728,22.024,23.87
500.0,2024-01-07,32012.426,1707.04906,1707.04906,30305.37694,0.0,18043.519,13968.907,2.379291,5.665334,0.0,0.0,0.0,185.923131,144.234,325.276,435.063,11.772864,27.415229,19980.959423,0.0,1494.461706,1628.912,1468.727,1748.034,4.32,14.1658,10324.417517,0.0,21.482,22.7,21.482,24.102
500.0,2024-01-08,39310.736,1707.04906,1707.04906,19079.335092,18524.351848,21188.958,18121.778,17.78218,5.894726,0.0,0.0,0.0,191.817858,142.645,325.481,433.577,11.225434,21.31314,15533.591737,0.0,1484.374,1626.973,1484.374,1763.415,4.752,4.865,3545.743355,0.0,21.369,23.046,21.369,23.263
500.0,2024-01-09,39341.598,1707.04906,1707.04906,2644.475887,34990.073053,20585.413,18756.185,40.33192,5.045414,0.0,0.0,0.0,196.863272,142.064,329.272,431.71,10.521446,0.0,0.0,0.0,1494.895446,1625.629,1510.305,1787.022,3.1104,3.6284,2644.475887,0.0,20.851,22.152,20.851,24.577
500.0,2024-01-10,44805.515,1707.04906,1707.04906,5881.076483,37217.389457,24649.852,20155.663,35.891085,4.804186,0.0,0.0,0.0,201.667458,139.671,338.438,449.351,12.911789,2.917235,2126.159779,0.0,1504.89,1617.91,1504.89,1804.423,5.184,5.152,3754.916704,0.0,20.883,22.916,20.883,23.643
500.0,2024-01-11,40871.716,1707.04906,1707.04906,16109.590862,23055.076078,21213.377,19658.339,21.85687,5.89127,0.0,0.0,0.0,207.558728,139.241,345.992,453.78,11.09065,20.07365,14630.217817,0.0,1495.907,1616.909,1495.907,1824.92,2.7648,2.0298,1479.373045,0.0,21.618,22.406,21.618,23.607
500.0,2024-01-12,43048.166,1707.04906,1707.04906,20682.317929,20658.799011,23246.635,19801.531,15.582779,4.073069,0.0,0.0,0.0,211.631797,136.671,345.105,449.152,11.026541,24.078541,17549.090656,0.0,1482.855,1611.936,1482.855,1848.031,3.888,4.299,3133.227273,0.0,21.207,22.387,21.207,23.9
500.0,2024-01-13,35078.847,1707.04906,1707.04906,17879.852172,15491.945767,18666.398,16412.449,19.427952,4.500576,0.0,0.0,0.0,216.132373,133.287,345.247,448.415,13.423968,19.802968,14432.937759,0.0,1476.476,1606.939,1476.476,1882.232,4.8384,4.7294,3446.914414,0.0,21.316,22.25,21.316,24.283
500.0,2024-01-14,31719.153,1707.04906,1707.04906,9162.64279,20849.46115,16766.116,14953.037,31.388554,6.132845,0.0,0.0,0.0,222.265218,130.768,344.435,448.09,13.657766,6.583766,4798.426714,0.0,1483.55,1613.801,1483.55,1898.634,6.048,5.988,4364.216076,0.0,21.376,21.761,21.376,24.439
500.0,2024-01-15,40842.146,1707.04906,1707.04906,7280.703027,31854.393913,24755.965,16086.181,33.970702,7.132579,0.0,0.0,0.0,229.397797,128.973,343.522,447.6,14.405818,3.750818,2733.697139,0.0,1494.205,1619.943,1494.205,1906.715,6.6528,6.2388,4547.005888,0.0,21.79,23.019,21.79,24.249
500.0,2024-01-16,45617.861,1707.04906,1707.04906,5464.225921,38446.586019,28572.55,17045.311,36.463032,6.183562,0.0,0.0,0.0,235.581358,128.37,342.534,448.26,15.534288,2.839288,2069.349755,0.0,1506.9,1614.761,1506.9,1917.631,4.32,4.658,3394.876166,0.0,21.452,22.081,21.452,23.616
500.0,2024-01-17,51898.987,1707.04906,1707.04906,3090.080715,47101.857225,32336.319,19562.668,39.72052,6.050938,0.0,0.0,0.0,241.632296,126.275,341.241,452.429,13.224902,0.0,0.0,0.0,1520.124902,1606.837,1523.248,1919.161,3.6288,4.2398,3090.080715,0.0,20.841,21.083,20.841,23.643
500.0,2024-01-18,53680.24,1707.04906,1707.04906,2932.945613,49040.245326,33867.339,19812.901,39.93612,5.948122,0.0,0.0,0.0,247.580418,123.642,344.676,457.703,14.273453,0.0,0.0,0.0,1534.398355,1598.89,1569.26,1915.919,4.1472,4.0242,2932.945613,0.0,20.964,18.145,20.964,24.503
500.0,2024-01-19,46323.502,1707.04906,1707.04906,19439.565275,25176.887665,27642.364,18681.138,17.28792,27.190512,0.0,0.0,0.0,274.77093,128.293,349.789,461.66,32.563469,0.0,0.0,0.0,1566.961824,1604.396,1604.396,1915.312,26.8704,26.6724,19439.565275,0.0,21.162,18.182,21.162,23.823
500.0,2024-01-20,35387.731,1707.04906,1707.04906,32039.468145,1641.213795,22388.467,12999.264,0.0,52.911706,0.0,0.0,0.0,327.682635,167.253,352.046,465.031,99.170093,0.0,0.0,0.0,1666.131917,1667.686,1628.785,1942.098,44.5824,43.96032,32039.468145,0.0,21.78408,46.853,21.014,23.665
500.0,2024-01-21,40195.282,1707.04906,1707.04906,32039.468145,6448.764795,25787.45,14407.832,0.0,22.83336,0.0,0.0,0.0,350.515995,195.59,354.842,465.11,59.414861,43.96032,32039.468145,0.0,1681.586458,1746.831,1641.671,1949.572,12.7008,0.0,0.0,0.0,34.48488,54.099,21.155,23.351
500.0,2024-01-22,46444.13,1707.04906,1707.04906,32039.468145,12697.612795,27986.855,18457.275,0.0,15.467414,0.0,0.0,0.0,365.98341,206.842,359.167,464.653,36.73849,21.47384,15650.714386,0.0,1696.851107,1783.981,1637.74,1940.063,9.8496,22.48648,16388.753759,0.0,21.848,47.105,21.848,23.608
500.0,2024-01-23,36061.272,1707.04906,1707.04906,34354.22294,0.0,23534.848,12526.424,2.631478,23.163149,10.045037,11553.741057,0.0,379.101522,222.651,365.766,464.35,41.240621,13.056205,9515.714857,0.0,1725.035523,1810.618,1704.79,1957.9,18.0576,18.2276,13284.767025,0.0,21.678,44.571,21.678,24.778
500.0,2024-01-24,34974.055,1707.04906,1707.04906,32039.468145,1227.537795,28663.646,6310.409,0.0,15.870298,0.0,0.0,0.0,394.971819,236.417,390.367,465.084,31.068317,33.88492,24696.244589,0.0,1722.21892,1842.396,1709.624,2009.821,10.0224,10.0754,7343.223556,0.0,21.625,41.748,21.625,23.972
500.0,2024-01-25,35649.024,1707.04906,1707.04906,33507.520145,434.454795,29005.51,6643.514,3.793212,11.125469,10.045037,11553.741057,0.0,396.052251,240.877,394.774,466.04,21.215952,23.996872,17489.567947,0.0,1719.438,1858.212,1719.438,2045.073,5.8752,6.1252,4464.21114,0.0,21.375,34.807,21.375,23.52
500.0,2024-01-26,36699.139,1707.04906,1707.04906,20225.926898,14766.163041,28542.686,8156.453,20.196458,8.565782,6.897034,7932.926665,0.0,397.721,243.069,397.721,466.991,20.642429,11.099429,8089.563394,0.0,1728.981,1865.047,1728.981,2063.866,5.7024,5.7674,4203.43684,0.0,21.31,24.736,21.31,23.779
500.0,2024-01-27,26150.449,1707.04906,1707.04906,24443.39994,0.0,18879.436,7271.013,12.979769,28.464048,4.423551,5087.941301,0.0,421.761497,256.826,398.649,473.617,36.577872,0.0,0.0,0.0,1765.558872,1881.002,1739.364,2074.37,26.352,26.557,19355.458639,0.0,21.105,27.564,21.105,24.085
500.0,2024-01-28,28605.396,1707.04906,1707.04906,26898.34694,0.0,20931.061,7674.335,12.861445,18.446746,10.045037,11553.741057,0.0,430.163206,276.417,403.144,470.493,42.367277,21.053838,15344.605883,0.0,1786.87231,1924.232,1743.233,2074.585,11.0592,0.0,0.0,0.0,32.1642,29.921,21.646,24.402
500.0,2024-01-29,28136.279,1707.04906,1707.04906,26429.22994,0.0,21096.408,7039.871,13.505105,11.753165,10.045037,11553.741057,0.0,431.871334,285.81,409.458,468.342,27.457574,2.021378,1473.234945,0.0,1812.308507,1956.856,1771.013,2079.326,8.1216,18.3888,13402.253938,0.0,21.897,25.081,21.897,24.158
500.0,2024-01-30,34103.926,1707.04906,1707.04906,32396.87694,0.0,24830.806,9273.12,5.317089,9.495965,10.045037,11553.741057,0.0,431.322262,292.597,408.566,465.866,19.466525,28.598194,20843.135883,0.0,1803.176838,1969.527,1783.199,2101.077,7.0848,0.0,0.0,0.0,28.9818,24.328,21.544,24.203
500.0,2024-01-31,39729.131,1707.04906,1707.04906,36272.115166,1749.966774,28921.861,10807.27,0.0,7.722605,10.045037,11553.741057,0.0,428.99983,294.187,408.056,467.278,17.411328,19.002083,13849.231292,0.0,1801.586082,1972.288,1800.325,2101.221,7.4304,14.9132,10869.142816,0.0,21.499,24.425,21.499,23.983
500.0,2024-02-01,35789.965,1714.15607,1714.15607,17054.224635,17021.584295,27845.727,7944.238,26.368247,7.372685,10.045037,11553.741057,0.0,426.327478,293.78,406.35,468.272,15.625354,2.362436,1721.807114,0.0,1814.849,1971.317,1814.849,2124.902,5.9616,5.1846,3778.676464,0.0,22.276,23.025,22.276,24.624
500.0,2024-02-02,30036.385,1714.15607,1714.15607,17228.388079,11093.840851,22543.765,7492.62,26.129283,7.844515,10.045037,11553.741057,0.0,424.126957,294.924,403.71,482.117,15.428966,0.0,0.0,0.0,1830.277966,1966.178,1836.985,2138.155,6.912,7.786,5674.647022,0.0,21.402,21.127,21.402,23.587
500.0,2024-02-03,23127.52,1714.15607,1714.15607,15837.640398,5575.723532,16338.446,6789.074,28.037483,7.533821,10.045037,11553.741057,0.0,421.615741,296.973,400.772,481.815,12.658378,0.0,0.0,0.0,1842.936344,1964.769,1854.809,2133.299,5.7888,5.8778,4283.899341,0.0,21.313,20.862,21.313,23.14
500.0,2024-02-04,24767.996,1714.15607,1714.15607,16086.899232,6966.940698,17878.876,6889.12,27.695483,6.482333,10.045037,11553.741057,0.0,418.053037,299.452,396.993,486.607,14.727744,0.0,0.0,0.0,1857.664088,1968.765,1866.01,2144.081,5.7888,6.2198,4533.158175,0.0,20.882,20.882,20.882,24.074
500.0,2024-02-05,29262.222,1714.15607,1714.15607,14828.506534,12719.559397,21936.206,7326.016,29.422083,5.751389,10.045037,11553.741057,0.0,413.759389,299.968,392.532,486.775,9.554198,0.0,0.0,0.0,1867.218286,1970.833,1888.714,2158.956,5.0112,4.4932,3274.765476,0.0,21.4,21.014,21.4,24.161
500.0,2024-02-06,26487.91,1714.15607,1714.15607,15102.108189,9671.645741,19464.202,7023.708,29.046683,5.6808,10.045037,11553.741057,0.0,409.395152,297.7,386.938,488.173,9.741946,0.0,0.0,0.0,1876.960232,1966.046,1898.444,2162.397,4.6656,4.8686,3548.367132,0.0,21.197,20.548,21.197,24.379
500.0,2024-02-07,37760.973,1714.15607,1714.15607,14684.636084,21362.180846,26719.213,11041.76,29.619483,5.361811,10.045037,11553.741057,0.0,404.711926,294.126,385.371,490.299,11.339914,0.0,0.0,0.0,1888.300146,1962.123,1900.205,2161.885,4.0608,4.2958,3130.895027,0.0,20.962,20.962,20.962,22.476
500.0,2024-02-08,40772.477,1714.15607,1714.15607,15668.097746,23390.223184,29467.873,11304.604,28.270107,5.559408,10.045037,11553.741057,0.0,400.226297,289.993,381.906,489.384,12.12503,1.621176,1181.556841,0.0,1898.804,1954.878,1898.804,2170.718,4.32,4.024,2932.799848,0.0,21.258,22.001,21.258,22.664
500.0,2024-02-09,39679.321,1714.15607,1714.15607,24269.96355,13695.20138,29231.232,10448.089,16.467765,5.80271,10.045037,11553.741057,0.0,395.983971,286.208,378.498,487.145,12.064118,12.228118,8912.182849,0.0,1898.64,1951.305,1898.64,2195.988,4.8384,5.2194,3804.039644,0.0,20.877,21.929,20.877,22.805
500.0,2024-02-10,30025.479,1714.15607,1714.15607,18760.445404,9550.877526,20852.84,9172.639,24.027197,5.046624,10.045037,11553.741057,0.0,390.985558,282.227,381.198,484.623,11.577686,6.272686,4571.703211,0.0,1903.945,1946.403,1903.945,2184.627,3.9744,3.6154,2635.001136,0.0,21.236,21.93,21.236,23.032
500.0,2024-02-11,27278.498,1714.15607,1714.15607,25069.891414,494.450516,18577.156,8701.342,15.37021,5.252083,10.045037,11553.741057,0.0,386.192605,281.922,383.993,481.097,10.294474,13.951474,10168.210649,0.0,1900.288,1942.596,1900.288,2174.928,4.2336,4.5936,3347.939707,0.0,20.876,21.649,20.876,22.687
500.0,2024-02-12,41185.846,1714.15607,1714.15607,16038.231329,23433.458601,27792.556,13393.29,25.094427,3.752957,5.430561,6246.199197,0.0,384.515,279.003,384.515,480.346,9.351331,9.791331,7136.186545,0.0,1899.848,1931.565,1899.848,2158.164,3.888,3.644,2655.845588,0.0,21.12,21.783,21.12,22.598
500.0,2024-02-13,40832.091,1714.15607,1714.15607,7062.338355,32055.596575,28397.821,12434.27,36.418998,4.792522,3.716522,4274.720845,0.0,385.591,273.937,385.591,476.718,7.418995,0.0,0.0,0.0,1907.266995,1917.2,1908.335,2154.391,3.6288,3.8248,2787.61751,0.0,20.924,21.882,20.924,22.897
500.0,2024-02-14,39898.738,1714.15607,1714.15607,15554.676254,22629.905676,26297.573,13601.165,25.099755,4.72919,4.29219,4936.851645,0.0,386.028,268.532,386.028,477.73,8.882179,10.085174,7350.347402,0.0,1906.064,1906.064,1906.064,2160.283,4.1472,4.4832,3267.477206,0.0,20.588,22.057,20.588,22.964
500.0,2024-02-15,39052.102,1714.15607,1714.15607,22756.665049,14581.280881,25364.651,13687.451,17.835064,3.792614,8.818614,10143.117371,0.0,381.002,263.478,381.002,481.77,6.503242,13.231242,9643.286122,0.0,1899.336,1899.336,1899.336,2179.359,4.4064,4.0754,2970.261556,0.0,20.919,21.094,20.919,23.112
500.0,2024-02-16,43782.486,1714.15607,1714.15607,29719.049694,12349.280236,26872.172,16910.314,8.99125,8.501674,10.045037,11553.741057,0.0,379.458637,258.795,376.447,481.324,13.471834,16.449834,11989.082873,0.0,1896.358,1896.079,1896.358,2169.399,8.4672,8.4742,6176.225763,0.0,20.912,23.352,20.912,23.055
500.0,2024-02-17,33337.292,1714.15607,1714.15607,25604.627702,6018.508228,19798.821,13538.471,14.636515,9.026294,10.045037,11553.741057,0.0,378.439894,259.236,373.546,482.509,17.959968,13.889968,10123.383708,0.0,1900.428,1900.428,1900.428,2159.598,5.3568,5.3888,3927.502938,0.0,20.88,23.056,20.88,23.056
500.0,2024-02-18,27702.395,1714.15607,1714.15607,17202.987584,8785.251346,16319.434,11382.961,26.164134,6.894374,10.045037,11553.741057,0.0,375.289232,258.531,371.901,482.368,18.357149,3.677149,2680.005328,0.0,1915.108,1915.108,1915.108,2150.383,4.752,4.074,2969.241198,0.0,21.558,22.397,21.558,23.895
500.0,2024-02-19,36868.353,1714.15607,1714.15607,14777.030357,20377.166573,22950.0,13918.353,29.492712,5.322931,10.045037,11553.741057,0.0,370.567126,256.478,367.297,479.282,13.161571,0.403571,294.133587,0.0,1927.866,1927.866,1927.866,2133.997,3.456,4.019,2929.155713,0.0,20.995,21.898,20.995,23.246
500.0,2024-02-20,44902.092,1714.15607,1714.15607,13667.928405,29520.007525,29408.366,15493.726,30.330074,5.63112,8.861246,10192.152442,0.0,367.337,252.572,367.337,476.584,14.578531,0.0,0.0,0.0,1942.444531,1924.852,1966.137,2136.832,4.752,4.769,3475.775963,0.0,20.978,22.631,20.978,22.863
500.0,2024-02-21,48161.634,1714.15607,1714.15607,13119.670171,33327.807759,27351.682,20809.952,30.923058,4.125773,8.585773,9875.30436,0.0,362.877,249.909,362.877,481.95,12.591158,0.35269,257.049703,0.0,1954.683,1917.381,1954.683,2142.714,3.6288,4.0988,2987.316108,0.0,20.508,22.81,20.508,22.969
500.0,2024-02-22,50206.849,1714.15607,1714.15607,26574.789744,21917.903186,28722.075,21484.774,13.037552,5.05777,9.58177,11020.893903,0.0,358.353,247.39,358.353,487.708,9.824198,17.246198,12569.495041,0.0,1947.261,1900.915,1947.261,2145.889,3.6288,4.0948,2984.4008,0.0,20.042,22.151,20.042,22.151
500.0,2024-02-23,44192.472,1714.15607,1714.15607,19645.571147,22832.744783,25504.107,18688.365,22.09565,4.400698,8.804698,10127.110351,0.0,353.949,243.806,353.949,493.06,9.331373,9.795373,7139.132172,0.0,1946.797,1883.987,1946.797,2147.35,3.8016,3.2646,2379.328624,0.0,20.579,22.1,20.579,22.771
500.0,2024-02-24,35535.291,1714.15607,1714.15607,21337.36236,12483.772571,20867.145,14668.146,18.437731,4.433702,6.492702,7467.867344,0.0,351.89,242.507,351.89,497.481,11.167286,14.343286,10453.774397,0.0,1943.621,1870.009,1943.621,2148.314,5.5296,4.6866,3415.720618,0.0,21.422,22.571,21.422,23.228
500.0,2024-02-25,37380.686,1714.15607,1714.15607,32376.660191,3289.869739,21453.267,15927.419,3.059101,8.984477,6.091477,7006.380066,0.0,354.783,245.08,354.783,498.482,13.514342,26.204342,19098.432258,0.0,1930.931,1858.792,1930.931,2134.451,8.2944,8.6054,6271.847866,0.0,21.111,26.065,21.111,23.15
500.0,2024-02-26,45658.176,1714.15607,1714.15607,5560.741199,38383.278731,26026.228,19631.948,37.165475,7.12705,1.44405,1660.937186,0.0,360.466,247.694,360.466,495.313,18.305395,1.397395,1018.459351,0.0,1947.839,1861.866,1947.839,2125.856,4.4064,3.9534,2881.344662,0.0,21.564,24.242,21.564,22.707
500.0,2024-02-27,42939.629,1714.15607,1714.15607,13070.069751,28155.403179,26303.337,16636.292,26.027299,5.774371,0.0,0.0,0.0,366.240371,244.289,366.903,492.263,17.513021,13.712021,9993.690984,0.0,1951.64,1862.5,1951.64,2117.73,4.32,4.221,3076.378767,0.0,21.663,26.159,21.663,23.158
500.0,2024-02-28,45113.361,1714.15607,1714.15607,16276.642675,27122.562256,25290.399,19822.962,21.627664,5.034874,0.0,0.0,0.0,371.275245,240.749,373.091,489.132,12.790656,18.916656,13786.969643,0.0,1945.514,1858.293,1945.514,2112.366,3.456,3.416,2489.673032,0.0,21.703,28.484,21.703,23.858
500.0,2024-02-29,45003.553,1714.15607,1714.15607,36272.115166,7017.281764,24602.308,20401.245,0.0,4.677437,10.045037,11553.741057,0.0,365.907645,237.658,290.7215,432.957,11.99759,33.915283,24718.374109,0.0,1923.596307,1853.886,1796.65125,2152.2605,3.888,0.0,0.0,0.0,25.591,29.912,22.05775,23.599
500.0,2024-03-01,42497.578,1617.938092,1617.938092,5438.069778,35441.57013,21442.062,21055.516,36.49892,4.049914,0.0,0.0,0.0,369.957558,234.807,373.525,480.534,9.778838,0.0,0.0,0.0,1933.375146,1844.9,1936.724,2108.615,3.1104,7.4614,5438.069778,0.0,21.24,30.843,21.24,22.303
500.0,2024-03-02,30784.283,1617.938092,1617.938092,20489.326845,8677.018063,14284.344,16499.939,17.67489,5.088096,3.160654,3635.365727,0.0,371.885,232.612,371.885,482.551,11.39063,18.877776,13758.632849,0.0,1925.888,1844.348,1925.888,2102.106,4.32,4.247,3095.328269,0.0,21.313,31.473,21.313,22.922
500.0,2024-03-03,29269.786,1617.938092,1617.938092,20418.695955,7233.151952,13775.125,15494.661,15.944486,3.945024,0.0,0.0,0.0,375.830024,228.857,376.468,476.253,12.985834,25.089834,18286.148153,0.0,1913.784,1852.611,1913.784,2080.61,3.024,2.926,2132.547802,0.0,21.411,31.217,21.411,22.582
500.0,2024-03-04,34129.634,1617.938092,1617.938092,15904.920452,16606.775456,17303.75,16825.884,27.668842,5.540054,9.567078,11003.996173,0.0,371.803,227.428,371.803,483.766,11.646979,0.0,0.0,0.0,1925.430979,1860.123,1927.308,2060.752,6.1344,6.7244,4900.924279,0.0,20.821,31.703,20.821,23.099
500.0,2024-03-05,31949.42,1617.938092,1617.938092,3183.953632,27147.528275,19635.717,12313.703,39.59172,6.303312,0.0,0.0,0.0,378.106312,226.397,380.847,480.404,11.245133,0.0,0.0,0.0,1936.676112,1858.793,1936.812,2071.771,4.2336,4.3686,3183.953632,0.0,20.686,32.65,20.686,22.507
500.0,2024-03-06,41884.246,1617.938092,1617.938092,23465.750302,16800.557606,22461.918,19422.328,12.620195,5.579107,1.481419,1703.919475,0.0,382.204,226.188,382.204,476.09,10.601194,25.720306,18745.65317,0.0,1921.557,1854.968,1921.557,2079.953,3.5424,4.1384,3016.177657,0.0,20.09,30.305,20.09,22.313
500.0,2024-03-07,38267.048,1617.938092,1617.938092,14773.115999,21875.993908,20049.357,18217.691,25.406282,3.92256,2.96756,3413.269707,0.0,383.159,224.897,383.159,470.301,8.469878,12.415878,9049.027407,0.0,1917.611,1850.585,1917.611,2076.582,3.8016,3.1706,2310.818886,0.0,20.721,29.199,20.721,22.897
500.0,2024-03-08,38489.612,1617.938092,1617.938092,13036.614034,23835.059873,20975.367,17514.245,27.70571,3.778704,2.823704,3247.807399,0.0,384.114,223.743,384.114,464.876,8.242906,10.509906,7659.902969,0.0,1915.344,1840.322,1915.344,2075.813,3.456,2.921,2128.903667,0.0,21.256,28.107,21.256,23.085
500.0,2024-03-09,30254.101,1617.938092,1617.938092,13430.486867,15205.67604,16183.332,14070.769,26.705718,3.919795,2.028795,2333.508066,0.0,386.005,219.165,386.005,458.937,6.732806,13.007806,9480.440515,0.0,1909.069,1842.076,1909.069,2074.646,2.592,2.218,1616.538286,0.0,21.63,26.322,21.63,23.008
500.0,2024-03-10,32349.074,1617.938092,1617.938092,13653.927955,17077.207953,16373.378,15975.696,25.420189,3.853526,0.335526,385.920452,0.0,389.523,212.992,389.523,453.282,7.441805,14.464805,10542.340288,0.0,1902.046,1847.475,1902.046,2066.229,4.0608,3.7398,2725.667215,0.0,21.951,25.413,21.951,23.37
500.0,2024-03-11,37331.243,1617.938092,1617.938092,20420.527361,15292.777546,19440.532,17890.711,20.392454,3.569875,7.697875,8854.049868,0.0,385.395,208.157,385.395,457.303,5.98199,13.97199,10183.163847,0.0,1894.056,1847.388,1894.056,2057.305,1.728,1.898,1383.313646,0.0,21.781,24.569,21.781,23.724
500.0,2024-03-12,43972.839,1617.938092,1617.938092,24898.723695,17456.177212,21703.863,22268.976,14.799645,3.291926,8.651926,9951.393834,0.0,380.035,203.854,380.035,454.983,7.492349,17.263349,12581.994716,0.0,1884.285,1835.681,1884.285,2074.022,3.1104,3.2454,2365.335146,0.0,21.646,24.991,21.646,23.557
500.0,2024-03-13,39835.966,1617.938092,1617.938092,17164.149034,21053.878873,19716.32,20119.646,25.112645,3.800131,8.134131,9355.828901,0.0,375.701,199.812,375.701,452.357,5.882544,8.171544,5955.641899,0.0,1881.996,1825.933,1881.996,2096.17,3.024,2.542,1852.678234,0.0,22.128,25.33,22.128,23.427
500.0,2024-03-14,42268.529,1617.938092,1617.938092,13083.407181,27567.183726,19605.502,22663.027,31.320083,3.759437,9.186437,10566.184489,0.0,370.274,196.265,370.274,450.234,8.056541,0.0,0.0,0.0,1890.052541,1818.504,1897.19,2107.449,3.1968,3.4538,2517.222693,0.0,21.871,25.406,21.871,23.768
500.0,2024-03-15,37756.176,1617.938092,1617.938092,18319.728384,17818.509523,17814.073,19942.103,22.119534,3.448483,5.699483,6555.51138,0.0,368.023,193.606,368.023,446.564,8.224762,12.872302,9381.681541,0.0,1885.405,1814.87,1885.405,2117.842,3.024,3.269,2382.535463,0.0,21.626,24.677,21.626,23.488
500.0,2024-03-16,34862.528,1617.938092,1617.938092,25830.657708,7413.9322,15464.92,19397.608,12.532819,3.352752,6.942752,7985.511694,0.0,364.433,192.902,364.433,442.491,7.297949,20.981949,15292.210798,0.0,1871.721,1811.086,1871.721,2111.114,3.1968,3.5028,2552.935216,0.0,21.32,25.185,21.32,23.517
500.0,2024-03-17,32072.605,1617.938092,1617.938092,22871.042773,7583.624134,15263.853,16808.752,15.131803,2.403302,4.414302,5077.304135,0.0,362.422,191.087,362.422,444.614,6.298214,21.720214,15830.278701,0.0,1856.299,1809.804,1856.299,2096.998,2.592,2.694,1963.459938,0.0,21.218,23.629,21.218,23.609
500.0,2024-03-18,40141.94,1617.938092,1617.938092,25343.378172,13180.623736,19324.823,20817.117,13.225018,3.193603,6.983603,8032.498499,0.0,358.632,190.015,358.632,456.939,4.814899,20.525899,14959.829536,0.0,1840.588,1799.785,1840.588,2092.87,2.3328,3.2258,2351.050137,0.0,20.325,22.333,20.325,22.652
500.0,2024-03-19,43740.724,1617.938092,1617.938092,23352.723953,18770.061954,21598.029,22142.695,15.465822,3.292186,6.135186,7056.653666,0.0,355.789,187.231,355.789,454.688,4.521312,20.442312,14898.908928,0.0,1824.667,1786.529,1824.667,2090.41,2.592,1.917,1397.161359,0.0,21.0,21.875,21.0,22.707
500.0,2024-03-20,45548.682,1617.938092,1617.938092,19804.588234,24126.155674,21907.633,23641.049,19.798374,3.222547,5.208547,5990.839738,0.0,353.803,184.378,353.803,454.941,4.866998,15.920998,11603.653501,0.0,1813.613,1772.261,1813.613,2080.207,2.6784,3.0324,2210.094995,0.0,20.646,21.693,20.646,23.237
500.0,2024-03-21,45424.373,1617.938092,1617.938092,22260.318051,21546.116857,22854.3,22570.073,17.785208,3.064435,7.554435,8689.06604,0.0,349.313,180.546,349.313,456.281,4.329677,16.306677,11884.746332,0.0,1801.636,1759.307,1801.636,2068.811,2.592,2.314,1686.505678,0.0,20.924,21.641,20.924,22.552
500.0,2024-03-22,46559.59,1617.938092,1617.938092,21452.250045,23489.401863,23302.079,23257.511,19.039498,2.781216,7.806216,8978.662806,0.0,344.288,175.084,344.288,456.592,4.097606,14.610606,10648.604431,0.0,1791.123,1747.772,1791.123,2058.604,2.16,2.504,1824.982808,0.0,20.58,21.677,20.58,22.566
500.0,2024-03-23,41635.995,1617.938092,1617.938092,16568.613529,23449.443378,19555.872,22080.123,25.303581,2.929046,7.051046,8110.071263,0.0,340.166,172.531,340.166,450.683,4.454093,9.256093,6746.090347,0.0,1786.321,1731.417,1786.321,2044.67,2.5056,2.3496,1712.451919,0.0,20.736,21.736,20.736,21.943
500.0,2024-03-24,39674.859,1617.938092,1617.938092,13543.044214,24513.876693,16990.032,22684.827,29.882091,2.679005,7.790005,8960.016781,0.0,335.055,168.536,335.055,448.363,5.025024,3.193024,2327.162103,0.0,1788.153,1722.957,1788.153,2046.061,2.8512,3.0952,2255.86533,0.0,20.492,21.758,20.492,22.431
500.0,2024-03-25,39816.366,1617.938092,1617.938092,12682.277145,25516.150762,18163.446,21652.92,31.02795,2.98417,7.72917,8890.044499,0.0,330.31,167.232,330.31,450.443,8.404819,0.0,0.0,0.0,1796.557819,1716.231,1798.798,2046.16,5.4432,5.2032,3792.232646,0.0,20.732,21.138,20.732,22.844
500.0,2024-03-26,41893.707,1617.938092,1617.938092,6951.082395,33324.686513,19522.865,22370.842,34.682979,3.131741,0.449741,517.28917,0.0,332.992,164.929,332.992,448.393,6.732547,0.0,0.0,0.0,1803.290366,1712.976,1804.504,2039.224,9.4176,8.8276,6433.793225,0.0,21.322,23.279,21.322,22.947
500.0,2024-03-27,44536.204,1617.938092,1617.938092,31301.35345,11616.912458,21297.118,23239.086,5.345398,6.907075,7.494075,8619.640331,0.0,332.405,166.584,332.405,444.949,11.14128,23.302646,16983.597868,0.0,1791.129,1713.024,1791.129,2039.7,7.6032,7.8182,5698.115251,0.0,21.107,21.231,21.107,22.719
500.0,2024-03-28,40275.993,1617.938092,1617.938092,24052.351067,14605.703841,18019.462,22256.531,15.088414,4.740768,7.142768,8215.568897,0.0,330.003,167.794,330.003,440.773,8.070538,16.161538,11778.964964,0.0,1783.038,1707.061,1783.038,2049.261,5.0976,5.5676,4057.817205,0.0,20.637,20.637,20.637,22.719
500.0,2024-03-29,37821.151,1617.938092,1617.938092,25344.298487,10858.914421,16625.588,21195.563,13.77461,3.805402,7.936402,9128.401502,0.0,325.872,168.615,325.872,436.084,9.028109,18.191109,13258.171253,0.0,1773.875,1701.802,1773.875,2067.875,4.5792,4.0582,2957.725731,0.0,21.158,20.029,21.158,22.782
500.0,2024-03-30,33530.72,1617.938092,1617.938092,23723.038582,8189.743326,14586.364,18944.356,16.189258,2.972333,8.265333,9506.736195,0.0,320.579,170.296,320.579,433.143,7.96513,15.10713,11010.483945,0.0,1766.733,1695.668,1766.733,2082.764,4.2336,4.3986,3205.818442,0.0,20.993,20.122,20.993,23.838
500.0,2024-03-31,35805.241,1617.938092,1617.938092,11097.473237,23089.82967,16405.894,19399.347,28.733835,3.60288,0.0,0.0,0.0,324.18188,362.911,506.985,623.819,6.735485,11.369485,8286.387498,0.0,1762.099,1686.216,1762.099,2091.578,3.888,3.857,2811.085739,0.0,21.024,20.812,21.024,23.355
500.0,2024-04-01,41660.746,1048.557277,1048.557277,2197.996467,38414.192256,22056.537,19604.209,40.94452,2.985898,0.0,0.0,0.0,327.167778,361.675,514.538,623.848,5.608483,0.0,0.0,0.0,1767.707483,1675.609,1769.043,2072.706,3.6288,3.0158,2197.996467,0.0,21.637,21.637,21.637,23.478
500.0,2024-04-02,48607.856,1048.557277,1048.557277,3383.054009,44176.244714,26431.912,22175.944,39.318541,3.123101,0.0,0.0,0.0,330.290878,358.903,517.442,628.541,5.649696,0.734179,535.089624,0.0,1772.623,1663.348,1772.623,2053.326,3.3696,3.9076,2847.964385,0.0,21.099,22.125,21.099,22.701
500.0,2024-04-03,44118.753,1048.557277,1048.557277,6437.361562,36632.834161,22450.892,21667.861,35.127824,3.233952,0.0,0.0,0.0,333.52483,356.496,512.783,629.939,4.418496,5.342496,3893.755332,0.0,1771.699,1644.112,1771.699,2038.09,3.456,3.49,2543.60623,0.0,21.065,22.01,21.065,23.121
500.0,2024-04-04,42649.008,1048.557277,1048.557277,7640.476522,33959.974201,21124.112,21524.896,33.477069,2.438813,0.0,0.0,0.0,335.963643,354.286,507.834,636.02,6.245251,5.510251,4016.019851,0.0,1772.434,1632.172,1772.434,2074.455,5.616,4.973,3624.456671,0.0,21.708,22.595,21.708,23.236
500.0,2024-04-05,45053.114,1048.557277,1048.557277,15044.951865,28959.604858,22341.716,22711.398,23.317627,4.004381,0.0,0.0,0.0,339.968024,352.43,502.874,631.668,5.145293,16.742293,12202.235035,0.0,1760.837,1620.334,1760.837,2055.248,3.9744,3.9004,2842.716831,0.0,21.782,22.938,21.782,23.42
500.0,2024-04-06,39804.571,1048.557277,1048.557277,18735.706139,20020.307584,16612.751,23191.82,18.253662,3.665952,0.0,0.0,0.0,343.633976,352.088,498.474,630.68,6.433258,21.773258,15868.938017,0.0,1745.497,1610.682,1745.497,2036.774,3.5424,3.9334,2866.768122,0.0,21.391,21.712,21.391,23.344
500.0,2024-04-07,41788.987,1048.557277,1048.557277,14500.58923,26239.840493,17019.206,24769.781,24.06453,3.11688,0.0,0.0,0.0,346.750856,352.998,494.98,629.964,6.72719,17.83419,12998.039487,0.0,1734.39,1610.073,1734.39,2019.855,2.0736,2.0616,1502.549743,0.0,21.403,17.754,21.403,23.893
500.0,2024-04-08,47450.921,1048.557277,1048.557277,19877.68709,26524.676633,24273.839,23177.082,16.686787,3.635021,0.0,0.0,0.0,350.385877,352.042,493.498,629.402,7.184333,24.756333,18043.083766,0.0,1716.818,1605.332,1716.818,2002.22,2.4192,2.5172,1834.603324,0.0,21.305,10.041,21.305,23.541
500.0,2024-04-09,43301.155,1048.557277,1048.557277,20855.552527,21397.045196,20191.874,23109.281,15.34509,3.345408,0.0,0.0,0.0,353.731285,352.055,493.262,642.913,9.17663,23.53963,17156.318206,0.0,1702.455,1595.192,1702.455,1990.534,4.2336,5.0756,3699.234321,0.0,20.463,5.901,20.463,23.099
500.0,2024-04-10,43647.934,1048.557277,1048.557277,32039.468145,10559.908578,21767.415,21880.519,0.0,21.276518,0.0,0.0,0.0,375.007803,359.236,493.722,646.413,24.276672,11.26032,8206.825245,0.0,1715.471352,1599.434,1687.325,1973.908,32.832,32.7,23832.6429,0.0,20.595,13.754,20.595,22.216
500.0,2024-04-11,38811.456,1048.557277,1048.557277,32039.468145,5723.430578,22654.417,16157.039,0.0,48.776774,0.0,0.0,0.0,423.784578,389.619,495.79,645.012,75.430224,3.03092,2209.016331,0.0,1787.870656,1642.164,1688.341,1974.961,41.5584,40.9294,29830.451814,0.0,21.224,31.301,21.224,22.931
500.0,2024-04-12,38803.656,1048.557277,1048.557277,32039.468145,5715.630578,23587.928,15215.728,0.0,55.567469,0.0,0.0,0.0,479.352046,443.974,499.651,640.896,98.533498,6.62232,4826.525619,0.0,1879.781834,1738.992,1738.992,1971.576,37.152,37.338,27212.942526,0.0,21.038,61.202,21.038,22.899
500.0,2024-04-13,28710.994,1048.557277,1048.557277,27662.436723,0.0,17856.453,10854.541,6.005584,23.678006,0.0,0.0,0.0,503.030053,471.643,501.644,636.62,50.577178,37.954736,27662.436723,0.0,1892.404275,1815.892,1735.87,1965.29,20.8224,0.0,0.0,0.0,41.8604,67.916,21.028,22.688
500.0,2024-04-14,29484.32,1048.557277,1048.557277,28435.762723,0.0,19822.747,9661.573,4.944528,15.003446,0.0,0.0,0.0,518.033499,483.078,501.551,632.0,29.822774,39.015792,28435.762723,0.0,1883.211257,1860.736,1722.733,1955.753,13.4784,0.0,0.0,0.0,55.3388,66.262,20.771,22.607
500.0,2024-04-15,38522.297,1048.557277,1048.557277,32039.468145,5434.271578,24655.459,13866.838,0.0,11.104042,0.0,0.0,0.0,529.137541,488.502,498.615,627.211,21.212237,0.0,0.0,0.0,1904.423494,1889.739,1724.608,1942.925,9.936,43.96032,32039.468145,0.0,21.31448,59.237,20.99,23.237
500.0,2024-04-16,36734.194,1048.557277,1048.557277,32039.468145,3646.168578,23599.09,13135.104,0.0,9.388224,0.0,0.0,0.0,538.525765,491.311,499.373,622.285,16.285536,43.96032,32039.468145,0.0,1876.74871,1906.169,1729.718,1973.561,7.344,0.0,0.0,0.0,28.65848,49.996,21.011,22.934
500.0,2024-04-17,35614.384,1048.557277,1048.557277,32039.468145,2526.358578,23084.371,12530.013,0.0,7.733664,0.0,0.0,0.0,546.259429,492.536,502.804,619.791,12.084163,43.96032,32039.468145,0.0,1844.872553,1917.654,1730.3,2007.868,6.8256,0.0,0.0,0.0,35.48408,40.686,21.182,22.601
500.0,2024-04-18,32820.104,1048.557277,1048.557277,31771.546723,0.0,21190.731,11629.373,6.175085,6.80711,10.045037,11553.741057,0.0,543.021502,492.891,499.561,617.86,11.478758,27.740199,20217.805666,0.0,1828.611113,1928.512,1722.759,2032.149,5.0112,0.0,0.0,0.0,40.49528,32.892,21.278,22.462
500.0,2024-04-19,34568.994,1048.557277,1048.557277,33520.436723,0.0,20655.509,13913.485,3.775489,6.249571,10.045037,11553.741057,0.0,539.226037,491.895,499.028,614.606,10.19615,6.433714,4689.064498,0.0,1832.373549,1937.571,1711.679,2041.798,4.4928,23.70608,17277.631168,0.0,21.282,27.131,21.282,22.419
500.0,2024-04-20,33772.365,1048.557277,1048.557277,32723.807723,0.0,18528.69,15243.675,4.868518,5.532624,10.045037,11553.741057,0.0,534.713624,489.679,501.802,612.736,8.274701,29.046765,21170.066666,0.0,1811.601485,1940.705,1700.319,2031.996,5.0112,0.0,0.0,0.0,26.2932,22.837,21.188,22.37
500.0,2024-04-21,28513.384,1048.557277,1048.557277,27464.826723,0.0,14000.994,14512.39,6.276718,5.110819,0.0,0.0,0.0,539.824443,489.237,504.986,632.02,8.468323,37.683602,27464.826723,0.0,1782.386206,1942.075,1685.754,2014.101,5.0976,0.0,0.0,0.0,31.3908,21.603,21.149,22.756
500.0,2024-04-22,33540.462,1048.557277,1048.557277,32491.904723,0.0,18754.785,14785.677,5.186705,4.820602,10.045037,11553.741057,0.0,534.600008,486.283,499.675,630.66,6.533654,28.728578,20938.163666,0.0,1760.191282,1945.541,1671.337,2012.734,4.752,0.0,0.0,0.0,36.1428,22.27,21.688,22.877
500.0,2024-04-23,36302.58,1048.557277,1048.557277,35254.022723,0.0,21422.314,14880.266,1.396892,4.303152,10.045037,11553.741057,0.0,528.858123,482.437,494.325,627.943,6.408461,12.956991,9443.405188,0.0,1753.642751,1939.866,1654.328,2029.007,4.6656,19.5614,14256.876478,0.0,21.247,22.201,21.247,22.949
500.0,2024-04-24,33010.816,1048.557277,1048.557277,31962.258723,0.0,18062.597,14948.219,5.913415,4.295808,10.045037,11553.741057,0.0,523.108894,479.91,489.016,634.633,6.485357,28.001868,20408.517666,0.0,1732.12624,1934.872,1636.551,2015.743,3.6288,0.0,0.0,0.0,24.8758,21.199,21.199,22.671
500.0,2024-04-25,24295.22,1048.557277,1048.557277,23246.662723,0.0,10869.136,13426.084,17.871803,5.321808,10.045037,11553.741057,0.0,518.385666,478.081,483.389,643.548,11.309414,16.04348,11692.921666,0.0,1727.392174,1942.257,1621.0,1997.762,6.2208,0.0,0.0,0.0,31.0966,20.495,20.856,22.36
500.0,2024-04-26,29111.728,1048.557277,1048.557277,28063.170723,0.0,15618.86,13492.868,5.455749,6.306422,0.0,0.0,0.0,524.692088,477.525,497.75,641.133,6.300547,38.504571,28063.170723,0.0,1695.18815,1949.616,1606.472,1980.633,7.6896,0.0,0.0,0.0,38.7862,22.666,20.454,22.519
500.0,2024-04-27,31739.519,1048.557277,1048.557277,30690.961723,0.0,16262.734,15476.785,1.850242,6.155654,0.0,0.0,0.0,530.847742,476.951,504.819,636.541,7.890826,19.345078,14099.215068,0.0,1683.733898,1953.632,1589.628,1966.539,4.9248,22.765,16591.746655,0.0,20.946,22.282,20.946,22.555
500.0,2024-04-28,33421.424,1048.557277,1048.557277,32372.866723,0.0,17685.498,15735.926,5.350033,4.836413,10.045037,11553.741057,0.0,525.639118,475.641,501.929,631.463,7.487597,28.56525,20819.125666,0.0,1662.656245,1955.492,1627.968,1976.696,4.8384,0.0,0.0,0.0,25.7844,21.363,20.817,22.909
500.0,2024-04-29,42568.78,1048.557277,1048.557277,18662.5084,22857.714322,22004.556,20564.224,24.161573,4.659293,10.045037,11553.741057,0.0,520.253374,473.487,499.989,627.472,7.143466,0.37871,276.014218,0.0,1669.421,1952.582,1669.421,1980.207,4.6656,9.375,6832.753125,0.0,21.075,21.197,21.075,22.941
500.0,2024-04-30,42035.095,1048.557277,1048.557277,14373.57272,26612.965003,22170.055,19865.04,30.046283,4.046544,10.045037,11553.741057,0.0,514.254882,471.039,500.382,624.238,5.67527,0.0,0.0,0.0,1675.09627,1944.465,1678.596,1967.11,3.888,3.869,2819.831663,0.0,21.094,20.972,21.094,23.175
500.0,2024-05-01,43217.699,958.899616,958.899616,20154.099064,22104.70032,22299.627,20918.072,22.11501,5.624467,10.045037,11553.741057,0.0,509.834312,469.263,498.941,619.545,8.885203,6.263474,4564.988673,0.0,1677.718,1938.283,1677.718,1955.532,5.3568,5.5368,4035.369334,0.0,20.914,21.361,20.914,22.291
500.0,2024-05-02,45061.408,958.899616,958.899616,26234.583781,17867.924603,23918.949,21142.459,13.772173,5.047574,10.045037,11553.741057,0.0,504.83685,467.783,494.561,616.752,6.12671,14.76671,10762.377241,0.0,1669.078,1931.757,1669.078,1943.048,4.8384,5.3764,3918.465483,0.0,20.376,21.746,20.376,22.29
500.0,2024-05-03,46748.947,958.899616,958.899616,33140.548452,12649.498931,25047.874,21701.073,4.296722,4.645123,10.045037,11553.741057,0.0,499.436936,465.917,491.746,614.084,5.081962,26.001962,18950.931667,0.0,1648.158,1919.938,1648.158,1934.825,4.2336,3.6166,2635.875728,0.0,20.993,21.629,20.993,23.019
500.0,2024-05-04,40679.337,958.899616,958.899616,31406.16642,8314.270963,20848.967,19830.37,6.676411,4.177699,10.045037,11553.741057,0.0,493.569598,463.755,491.433,609.248,4.815072,22.363072,16298.810677,0.0,1630.61,1907.237,1630.61,1932.826,4.0608,4.8758,3553.614687,0.0,20.178,21.492,20.178,22.14
500.0,2024-05-05,36376.239,958.899616,958.899616,29262.452487,6154.886897,18311.027,18065.212,8.369066,3.995654,7.885253,9069.570459,0.0,489.68,461.142,489.68,604.994,5.025802,24.690802,17995.322858,0.0,1610.945,1896.982,1610.945,1935.739,3.7152,3.0152,2197.55917,0.0,20.878,21.616,20.878,23.622
500.0,2024-05-06,41601.054,958.899616,958.899616,26690.147921,13952.006462,20633.868,20967.186,11.386238,3.725309,6.999309,8050.562986,0.0,486.406,458.491,486.406,600.724,4.536173,22.807173,16622.48333,0.0,1592.674,1889.602,1592.674,1928.999,3.3696,2.7676,2017.101605,0.0,21.48,21.982,21.48,23.799
500.0,2024-05-07,45834.623,958.899616,958.899616,25275.893582,19599.829802,23599.965,22234.658,13.516216,3.666125,7.327125,8427.614982,0.0,482.745,455.264,482.745,595.096,4.572979,19.691979,14352.046124,0.0,1577.555,1882.563,1577.555,1907.475,3.456,3.425,2496.232475,0.0,21.511,21.965,21.511,23.66
500.0,2024-05-08,53174.602,958.899616,958.899616,10962.245941,41253.456443,28242.69,24931.912,33.121984,3.455136,7.269136,8360.916612,0.0,478.931,451.66,478.931,590.473,3.90623,0.0,0.0,0.0,1581.46123,1868.584,1584.66,1906.618,3.2832,3.5692,2601.329328,0.0,21.225,21.469,21.225,23.296
500.0,2024-05-09,47351.635,958.899616,958.899616,9648.60858,36744.126803,24855.329,22496.306,34.450627,3.611693,6.449693,7418.39796,0.0,476.093,448.173,476.093,590.525,3.645475,0.0,0.0,0.0,1585.106706,1855.665,1603.559,1931.54,3.024,3.06,2230.21062,0.0,21.189,21.747,21.189,23.519
500.0,2024-05-10,54138.795,958.899616,958.899616,3689.592376,49490.303008,29267.254,24871.541,39.483357,3.422563,1.012563,1164.644117,0.0,478.503,444.052,478.503,599.117,3.180038,0.0,0.0,0.0,1588.286744,1837.824,1612.828,1916.601,3.1104,3.4644,2524.948259,0.0,20.835,22.193,20.835,23.523
500.0,2024-05-11,46061.152,958.899616,958.899616,2144.084247,42958.168137,24533.258,21527.894,41.258384,3.141936,0.414936,477.256898,0.0,481.23,439.365,481.23,597.519,3.444854,0.0,0.0,0.0,1591.731598,1823.004,1606.247,1900.49,3.024,2.287,1666.827349,0.0,21.572,22.466,21.572,23.51
500.0,2024-05-12,49562.008,958.899616,958.899616,2931.694423,45671.41396,27050.306,22511.702,40.217901,3.296419,0.484419,557.176057,0.0,484.042,435.431,484.042,595.704,2.680733,0.0,0.0,0.0,1594.412331,1807.499,1601.383,1883.628,3.024,3.258,2374.518366,0.0,21.338,22.07,21.338,24.435
500.0,2024-05-13,55194.33,958.899616,958.899616,9799.10524,44436.325144,27566.014,27628.316,34.415782,3.216586,6.746586,7759.882278,0.0,480.512,431.282,480.512,595.445,2.349821,0.028152,20.517938,0.0,1596.734,1789.241,1596.734,1871.524,2.7648,2.7698,2018.705025,0.0,21.333,21.79,21.333,23.278
500.0,2024-05-14,56913.562,958.899616,958.899616,14109.200817,41845.461567,28606.144,28307.418,26.19237,2.935613,2.751613,3164.888533,0.0,480.696,426.841,480.696,592.117,2.422138,12.132138,8842.229451,0.0,1587.024,1769.636,1587.024,1865.206,2.8512,2.8842,2102.082833,0.0,21.3,21.698,21.3,23.883
500.0,2024-05-15,53290.387,958.899616,958.899616,13685.360664,38646.12672,26146.553,27143.834,25.183078,3.136666,0.0,0.0,0.0,483.832666,422.767,484.238,586.546,2.658442,16.341442,11910.083857,0.0,1573.341,1750.655,1573.341,1873.307,2.7648,2.4358,1775.276807,0.0,21.629,21.435,21.629,23.881
500.0,2024-05-16,49595.773,958.899616,958.899616,15732.31884,32904.554544,23288.292,26307.481,23.273539,2.874355,1.555021,1788.575594,0.0,485.152,418.776,485.152,581.431,1.75176,16.76676,12220.067391,0.0,1558.326,1731.195,1558.326,1898.161,2.592,2.365,1723.675855,0.0,21.856,21.448,21.856,24.195
500.0,2024-05-17,49833.072,958.899616,958.899616,22945.803042,25928.369342,22997.499,26835.573,17.091256,3.242938,7.980938,9179.626542,0.0,480.414,414.937,480.414,594.173,3.011126,15.841126,11545.440631,0.0,1545.496,1712.765,1545.496,1928.877,3.024,3.047,2220.735869,0.0,21.833,21.833,21.833,23.527
500.0,2024-05-18,40110.554,958.899616,958.899616,20420.950336,18730.704048,16751.921,23358.633,20.54129,2.887315,7.956315,9151.306005,0.0,475.345,410.006,475.345,590.84,4.874515,11.133515,8114.406483,0.0,1539.237,1699.783,1539.237,1920.106,3.7152,4.3292,3155.237848,0.0,21.219,21.874,21.219,23.075
500.0,2024-05-19,48130.853,958.899616,958.899616,22469.846137,24702.107246,21291.651,26839.202,18.200706,3.790368,8.770368,10087.624651,0.0,470.365,407.572,470.365,587.476,4.754246,12.081246,8805.13857,0.0,1531.91,1689.396,1531.91,1924.695,3.888,4.908,3577.082916,0.0,20.199,22.203,20.199,23.173
500.0,2024-05-20,56811.352,958.899616,958.899616,18726.693783,37125.758601,28769.14,28042.212,22.184123,3.088022,6.777022,7794.890502,0.0,466.676,404.199,466.676,590.146,3.589574,12.860574,9373.133858,0.0,1522.639,1672.625,1522.639,1936.457,3.3696,2.1386,1558.669422,0.0,21.43,21.43,21.43,24.116
500.0,2024-05-21,45112.364,958.899616,958.899616,16506.184286,27647.280098,21761.381,23350.983,25.252731,3.364934,6.814934,7838.496657,0.0,463.226,400.774,463.226,596.351,3.099254,9.146254,6666.037156,0.0,1516.592,1656.348,1516.592,1939.39,3.1104,2.7464,2001.650473,0.0,21.794,22.376,21.794,23.463
500.0,2024-05-22,43838.468,958.899616,958.899616,10513.023951,32366.544433,22363.746,21474.722,29.535739,3.064003,0.0,0.0,0.0,466.290003,396.852,471.553,596.244,3.961181,10.577181,7708.934951,0.0,1509.976,1646.367,1509.976,1939.462,3.5424,3.8474,2804.089,0.0,21.489,22.327,21.489,22.446
500.0,2024-05-23,53275.91,958.899616,958.899616,12492.850625,39824.159759,26462.535,26813.375,27.462245,3.24311,1.112114,1279.14639,0.0,468.421,392.825,468.421,596.706,2.954362,12.381362,9023.870631,0.0,1500.549,1630.136,1500.549,1936.11,2.9376,3.0046,2189.833604,0.0,21.422,22.313,21.422,23.634
500.0,2024-05-24,55515.541,958.899616,958.899616,26259.993431,28296.647952,28508.72,27006.821,11.335158,2.846102,5.890102,6774.76044,0.0,465.377,388.202,465.377,600.168,2.311459,24.245459,17670.745292,0.0,1478.615,1612.126,1478.615,1933.6,2.9376,2.4896,1814.487699,0.0,21.87,22.047,21.87,23.307
500.0,2024-05-25,43932.938,958.899616,958.899616,23125.92444,19848.113944,19453.983,24478.955,15.492123,2.43743,5.64243,6489.889591,0.0,462.172,384.069,462.172,602.03,2.382566,19.634566,14310.202126,0.0,1461.363,1592.477,1461.363,1925.405,2.8512,3.1912,2325.832722,0.0,21.53,21.626,21.53,22.905
500.0,2024-05-26,39376.325,958.899616,958.899616,19658.916141,18758.509243,17311.528,22064.797,20.209019,3.114115,5.573115,6410.163664,0.0,459.713,380.351,459.713,597.924,3.454186,15.099186,11004.694143,0.0,1449.718,1582.668,1449.718,1914.527,2.592,3.079,2244.058333,0.0,21.043,21.411,21.043,22.418
500.0,2024-05-27,51605.284,958.899616,958.899616,24290.182999,26356.201385,26533.692,25071.592,10.632544,2.716675,0.0,0.0,0.0,462.429675,376.825,468.457,595.673,2.729376,30.280376,22069.155599,0.0,1422.167,1565.71,1422.167,1898.736,2.6784,3.0474,2221.0274,0.0,20.674,21.629,20.674,23.042
500.0,2024-05-28,56606.497,958.899616,958.899616,23592.420355,32055.177029,30095.984,26510.513,11.589922,2.555712,0.0,0.0,0.0,464.985387,372.58,478.496,598.131,2.501798,30.482798,22216.686509,0.0,1394.186,1543.167,1394.186,1885.417,2.5056,1.8876,1375.733845,0.0,21.292,21.504,21.292,23.014
500.0,2024-05-29,57066.35,958.899616,958.899616,21881.11007,34226.340314,29060.66,28005.69,13.937955,2.698618,0.0,0.0,0.0,467.684005,369.04,475.748,595.637,2.162765,26.769765,19510.52737,0.0,1369.579,1518.707,1369.579,1885.757,2.5056,3.2526,2370.5827,0.0,20.545,21.509,20.545,22.521
500.0,2024-05-30,54064.276,958.899616,958.899616,19948.478931,33156.897453,27108.743,26955.533,16.589656,2.806013,0.0,0.0,0.0,470.490018,365.381,475.243,596.756,3.219264,24.697264,18000.032829,0.0,1348.101,1497.725,1348.101,1879.12,2.6784,2.6734,1948.446102,0.0,20.55,21.372,20.55,22.431
500.0,2024-05-31,43365.895,958.899616,958.899616,18079.271349,24327.724035,20460.381,22905.514,20.883846,2.58647,2.991488,3440.791549,0.0,470.085,361.875,470.085,597.182,2.557786,16.947786,12352.003735,0.0,1333.711,1484.481,1333.711,1862.708,2.4192,3.1372,2286.476064,0.0,19.832,21.118,19.832,21.739
500.0,2024-06-01,33615.795,736.122197,736.122197,26441.587684,6438.085119,15187.064,18428.731,12.663018,2.962829,8.617829,9912.174979,0.0,464.43,358.939,464.43,593.629,3.890074,17.440074,12710.796522,0.0,1320.161,1476.261,1320.161,1843.439,5.7024,5.2394,3818.616184,0.0,20.295,21.6,20.295,21.67
500.0,2024-06-02,39660.004,736.122197,736.122197,18636.138272,20287.743531,19765.735,19894.269,23.392288,2.899843,8.651843,9951.298138,0.0,458.678,356.288,458.678,590.591,3.256589,7.963589,5804.078534,0.0,1315.454,1468.956,1315.454,1819.632,4.6656,3.9526,2880.7616,0.0,21.008,22.762,21.008,22.762
500.0,2024-06-03,42523.157,736.122197,736.122197,19058.70617,22728.328633,21430.862,21092.295,22.59781,2.648506,8.280506,9524.187858,0.0,453.046,352.702,453.046,588.919,3.661805,9.574805,6978.376258,0.0,1309.541,1455.867,1309.541,1803.152,3.7152,3.5072,2556.142054,0.0,21.216,22.098,21.216,22.378
500.0,2024-06-04,51124.086,736.122197,736.122197,12307.850854,38080.112949,25872.286,25251.8,32.010266,2.969654,8.539654,9822.259253,0.0,447.476,349.104,447.476,586.39,3.015101,0.0,0.0,0.0,1312.556101,1439.478,1328.205,1806.886,3.1104,3.4104,2485.591601,0.0,20.916,21.582,20.916,22.647
500.0,2024-06-05,55080.015,736.122197,736.122197,3892.248701,50451.644102,27989.289,27090.726,38.619891,2.425594,0.0,0.0,0.0,449.901594,344.791,452.45,582.271,3.112128,2.802229,2042.34001,0.0,1312.866,1417.963,1312.866,1818.368,2.8512,2.5382,1849.908691,0.0,21.229,22.48,21.229,22.66
500.0,2024-06-06,53286.331,736.122197,736.122197,19730.74857,32819.460233,25990.324,27296.007,16.888397,2.655158,0.0,0.0,0.0,452.556752,340.436,461.855,577.506,3.046723,24.110723,17572.546058,0.0,1291.802,1398.698,1291.802,1828.848,2.8512,2.9612,2158.202512,0.0,21.119,23.631,21.119,22.929
500.0,2024-06-07,51249.402,736.122197,736.122197,8074.310503,42438.969301,25309.914,25939.488,32.881819,2.384554,0.0,0.0,0.0,454.941306,336.599,461.741,575.561,2.799101,7.914101,5768.010344,0.0,1286.687,1382.511,1286.687,1837.653,2.6784,3.1644,2306.300159,0.0,20.633,24.641,20.633,23.506
500.0,2024-06-08,46264.476,736.122197,736.122197,6202.262962,39326.090841,21152.732,25111.744,35.450395,2.475446,0.0,0.0,0.0,457.416752,334.736,464.936,572.375,3.504125,6.355125,4631.786543,0.0,1283.836,1366.887,1283.836,1849.398,2.3328,2.1548,1570.47642,0.0,20.811,24.541,20.811,23.071
500.0,2024-06-09,38324.37,736.122197,736.122197,5442.53603,32145.711774,16463.062,21861.308,36.492792,3.141763,0.0,0.0,0.0,460.558515,333.702,466.593,566.987,3.554928,4.357928,3176.17559,0.0,1283.033,1353.57,1283.033,1854.744,2.9376,3.1096,2266.360439,0.0,20.639,23.403,20.639,23.533
500.0,2024-06-10,37704.259,736.122197,736.122197,4065.960244,32902.17656,18011.49,19692.769,38.381547,2.585261,0.0,0.0,0.0,463.143776,331.733,466.763,561.883,3.812573,0.881573,642.514059,0.0,1285.964,1345.178,1285.964,1852.587,4.5792,4.6972,3423.446184,0.0,20.521,22.505,20.521,23.442
500.0,2024-06-11,47549.776,736.122197,736.122197,8026.312837,38787.340966,22751.632,24798.144,33.272318,3.46775,0.561526,645.864296,0.0,466.05,329.81,466.05,560.734,4.628275,7.359275,5363.638466,0.0,1283.233,1333.404,1283.233,1844.297,3.2832,2.7672,2016.810074,0.0,21.037,21.135,21.037,23.398
500.0,2024-06-12,55141.599,736.122197,736.122197,11642.518063,42762.95874,27459.118,27682.481,30.835526,3.669754,4.928754,5669.022818,0.0,464.791,325.701,464.791,569.194,3.79944,4.67544,3407.586909,0.0,1282.357,1318.218,1282.357,1837.487,2.9376,3.5206,2565.908336,0.0,20.454,21.469,20.454,23.108
500.0,2024-06-13,51591.434,736.122197,736.122197,13749.485947,37105.825856,24521.423,27070.011,28.288771,3.332016,5.524016,6353.690059,0.0,462.599,321.165,462.599,572.367,4.441133,7.335133,5346.042833,0.0,1279.463,1302.39,1279.463,1833.666,3.1104,2.8124,2049.753055,0.0,20.752,21.736,20.752,22.285
500.0,2024-06-14,48630.505,736.122197,736.122197,14465.441049,33428.941754,21731.335,26899.17,26.081195,3.709757,3.404757,3916.130843,0.0,462.904,317.092,462.904,571.813,5.907168,10.277168,7490.277522,0.0,1275.093,1290.671,1275.093,1840.511,4.1472,4.1972,3059.032684,0.0,20.702,22.084,20.702,22.084
500.0,2024-06-15,36119.12,736.122197,736.122197,14802.045074,20580.952729,14017.989,22101.131,24.757602,4.908211,1.914211,2201.714237,0.0,465.898,316.512,465.898,578.873,6.950707,13.066707,9523.369008,0.0,1268.977,1283.571,1268.977,1850.675,4.0608,4.2218,3076.961829,0.0,20.541,22.413,20.541,22.413
500.0,2024-06-16,36168.802,736.122197,736.122197,8828.731125,26603.948678,14349.796,21819.006,34.586926,4.38169,4.73969,5451.56254,0.0,465.54,314.227,465.54,575.54,7.709904,0.905904,660.247295,0.0,1275.781,1286.732,1275.781,1858.196,4.0608,3.7278,2716.921291,0.0,20.874,22.096,20.874,22.862
500.0,2024-06-17,49007.612,736.122197,736.122197,14522.690724,33748.799079,23232.68,25774.932,29.841683,4.687373,10.045037,11553.741057,0.0,460.182336,311.847,459.366,572.701,6.584717,0.0,0.0,0.0,1282.365717,1283.699,1283.699,1849.198,3.8016,4.0736,2968.949667,0.0,20.602,22.414,20.602,22.383
500.0,2024-06-18,40394.775,736.122197,736.122197,24482.423034,15176.229769,17300.816,23093.959,16.176256,4.048877,10.045037,11553.741057,0.0,454.186176,308.052,453.59,573.525,6.02951,12.954227,9441.390547,0.0,1275.441,1275.441,1275.441,1843.314,4.0608,4.7848,3487.29143,0.0,19.878,21.943,19.878,22.965
500.0,2024-06-19,43319.744,736.122197,736.122197,12895.835131,29687.786672,18625.013,24694.731,31.781293,3.890851,9.539027,10971.731851,0.0,448.538,304.011,448.538,571.218,5.213549,0.0,0.0,0.0,1280.654549,1274.106,1281.188,1851.609,3.888,2.64,1924.10328,0.0,21.126,22.167,21.126,22.596
500.0,2024-06-20,46124.019,736.122197,736.122197,12632.309039,32755.587764,19301.655,26822.364,31.74261,4.02071,8.84671,10175.433222,0.0,443.712,300.549,443.712,566.364,4.867171,0.0,0.0,0.0,1285.52172,1263.105,1291.677,1854.193,3.456,3.371,2456.875817,0.0,21.211,22.135,21.211,22.699
500.0,2024-06-21,50926.3,736.122197,736.122197,9327.621183,40862.55662,22723.939,28202.361,34.812274,3.339446,6.313446,7261.688169,0.0,440.738,295.772,440.738,561.271,3.647981,0.0,0.0,0.0,1289.169701,1254.453,1300.244,1845.053,2.9376,2.8346,2065.933014,0.0,21.314,21.993,21.314,22.147
500.0,2024-06-22,46897.63,736.122197,736.122197,11548.420339,34613.087465,18234.6,28663.03,32.46391,3.03601,7.52201,8651.77031,0.0,436.252,293.328,436.252,556.025,4.266432,0.0,0.0,0.0,1293.436133,1243.457,1306.955,1829.291,3.1104,3.9744,2896.650029,0.0,20.45,21.618,20.45,22.089
500.0,2024-06-23,46385.903,736.122197,736.122197,12348.567059,33301.213744,18541.362,27844.541,31.991278,3.630442,8.603442,9895.626908,0.0,431.279,292.747,431.279,550.921,4.697654,0.0,0.0,0.0,1298.133787,1234.036,1317.434,1826.057,3.3696,3.3656,2452.940151,0.0,20.454,21.428,20.454,21.599
500.0,2024-06-24,54283.501,736.122197,736.122197,13222.224876,40325.153927,25140.81,29142.691,30.954528,3.944592,8.883592,10217.854217,0.0,426.34,291.815,426.34,553.006,4.812998,0.0,0.0,0.0,1302.946786,1220.136,1322.82,1817.084,3.7152,4.1222,3004.370659,0.0,20.047,22.204,20.047,22.13
500.0,2024-06-25,51053.294,736.122197,736.122197,12629.768446,37687.403357,23384.975,27668.319,31.863954,3.408566,9.050566,10409.90717,0.0,420.698,288.726,420.698,550.445,3.380573,0.0,0.0,0.0,1306.327358,1203.63,1333.36,1814.855,3.1968,3.0458,2219.861277,0.0,20.198,22.54,20.198,22.451
500.0,2024-06-26,45174.085,736.122197,736.122197,8187.883387,36250.079416,18874.883,26299.202,35.725738,3.230582,5.188582,5967.876345,0.0,418.74,284.745,418.74,550.607,3.869338,0.0,0.0,0.0,1310.196696,1191.985,1349.439,1819.331,3.024,3.046,2220.007042,0.0,20.176,22.265,20.176,22.835
500.0,2024-06-27,49797.582,736.122197,736.122197,1309.847884,47751.611919,21174.597,28622.985,42.16312,2.894486,0.0,0.0,0.0,421.634486,281.522,422.163,552.515,3.065731,0.0,0.0,0.0,1313.262427,1184.544,1354.887,1813.688,2.8512,1.7972,1309.847884,0.0,21.23,21.768,21.23,23.996
500.0,2024-06-28,46694.622,736.122197,736.122197,2072.200926,43886.298877,18360.495,28334.127,41.11712,3.229632,0.0,0.0,0.0,424.864118,279.873,425.235,549.789,3.24743,0.0,0.0,0.0,1316.509858,1175.135,1361.285,1804.582,2.8512,2.8432,2072.200926,0.0,21.238,21.464,21.238,24.019
500.0,2024-06-29,42290.621,736.122197,736.122197,6030.307738,35524.191065,16477.074,25813.547,37.631907,2.395094,3.365213,3870.647571,0.0,423.894,279.304,423.894,546.314,3.470342,0.0,0.0,0.0,1319.9802,1163.162,1373.853,1796.188,2.8512,2.9632,2159.660166,0.0,21.126,21.603,21.126,22.703
500.0,2024-06-30,41821.871,736.122197,736.122197,9590.473105,31495.275698,15052.458,26769.413,34.430027,2.942093,6.276093,7218.724282,0.0,420.56,280.703,420.56,542.349,5.8644,0.0,0.0,0.0,1325.8446,1148.083,1385.773,1782.235,2.8512,3.2542,2371.748823,0.0,20.723,21.246,20.723,22.566
500.0,2024-07-01,41081.312,774.664057,774.664057,18587.642688,21719.005255,16197.323,24883.989,24.005578,5.403542,9.597542,11039.035683,0.0,416.366,280.964,416.366,538.696,9.726048,0.0,0.0,0.0,1335.570648,1143.771,1372.352,1773.683,10.1952,10.3572,7548.607004,0.0,20.561,23.408,20.561,22.416
500.0,2024-07-02,43193.107,774.664057,774.664057,16915.429765,25503.013178,19370.172,23822.935,26.558683,5.364058,10.045037,11553.741057,0.0,411.685021,283.055,411.589,535.223,5.74223,0.0,0.0,0.0,1341.312878,1144.801,1360.77,1762.881,6.8256,7.3566,5361.688708,0.0,20.03,25.301,20.03,22.69
500.0,2024-07-03,47540.102,774.664057,774.664057,13617.839152,33147.598791,20272.199,27267.903,30.56119,3.790109,9.14213,10515.222613,0.0,406.333,282.308,406.333,532.84,8.093261,0.0,0.0,0.0,1349.406139,1137.194,1352.945,1752.002,4.752,4.257,3102.616539,0.0,20.525,22.319,20.525,22.592
500.0,2024-07-04,51535.049,774.664057,774.664057,13791.183666,36969.201277,22454.957,29080.092,30.43063,3.46369,9.32769,10728.652612,0.0,400.469,279.757,400.469,534.08,4.173984,0.0,0.0,0.0,1353.580123,1132.875,1358.31,1736.626,4.752,4.202,3062.531054,0.0,21.075,21.075,21.075,22.453
500.0,2024-07-05,50452.236,774.664057,774.664057,16944.320636,32733.251307,21543.608,28908.628,26.030085,3.173299,9.199299,10580.978744,0.0,394.443,275.16,394.443,532.862,4.372013,4.701136,3426.314847,0.0,1353.251,1125.603,1353.251,1725.239,4.0608,4.0298,2937.027045,0.0,21.106,21.299,21.106,22.609
500.0,2024-07-06,45802.939,774.664057,774.664057,20453.331248,24574.943695,18784.789,27018.15,20.139765,3.178656,7.338656,8440.878099,0.0,390.283,272.537,390.283,527.206,5.560099,12.857099,9370.601039,0.0,1345.954,1119.519,1345.954,1723.482,4.0608,3.6248,2641.85211,0.0,21.542,21.815,21.542,22.795
500.0,2024-07-07,43128.827,774.664057,774.664057,22883.299632,19470.863311,17143.721,25985.106,18.370362,3.077914,10.045037,11553.741057,0.0,383.315877,270.515,383.268,521.59,4.403722,11.047722,8051.877791,0.0,1339.31,1112.893,1339.31,1722.42,3.7152,4.4972,3277.680784,0.0,20.76,22.324,20.76,22.324
500.0,2024-07-08,55110.752,774.664057,774.664057,22673.355476,31662.732467,26775.821,28334.931,18.658419,3.383856,10.045037,11553.741057,0.0,376.654696,268.028,376.128,516.999,3.575664,11.489664,8373.977344,0.0,1331.396,1100.939,1331.396,1723.646,3.2832,3.7672,2745.637074,0.0,20.276,22.252,20.276,22.252
500.0,2024-07-09,56451.916,774.664057,774.664057,19883.93514,35793.316803,28054.757,28397.159,22.485693,3.018557,10.045037,11553.741057,0.0,369.628216,264.392,369.152,512.179,3.45479,8.52079,6210.182105,0.0,1326.33,1079.432,1326.33,1727.241,3.1968,2.9088,2120.011978,0.0,20.564,21.63,20.564,22.471
500.0,2024-07-10,55047.055,774.664057,774.664057,11017.49945,43254.891493,26504.174,28542.881,33.019067,3.133037,7.222253,8306.991837,0.0,365.539,260.274,365.539,505.868,3.181939,0.0,0.0,0.0,1329.511939,1059.077,1329.765,1723.118,3.024,3.719,2710.507613,0.0,19.869,21.3,19.869,21.666
500.0,2024-07-11,54515.463,774.664057,774.664057,8242.470197,45498.328745,24429.346,30086.117,35.809357,2.709763,5.462763,6283.237456,0.0,362.786,254.772,362.786,499.761,3.773174,0.0,0.0,0.0,1333.285114,1041.866,1337.752,1709.412,2.8512,2.6882,1959.232741,0.0,20.032,21.444,20.032,21.444
500.0,2024-07-12,50760.508,774.664057,774.664057,9720.088361,40265.755582,18789.302,31971.206,34.557293,3.023827,6.803827,7825.721222,0.0,359.006,251.518,359.006,493.471,3.705782,0.0,0.0,0.0,1336.990896,1030.429,1342.51,1697.49,2.8512,2.5992,1894.367138,0.0,20.284,22.128,20.284,21.837
500.0,2024-07-13,48935.96,774.664057,774.664057,8986.689498,39174.606445,18149.06,30786.9,35.202397,2.431123,6.179123,7107.19043,0.0,355.258,251.703,355.258,487.048,2.976048,0.0,0.0,0.0,1339.966944,1013.455,1341.377,1683.824,2.7648,2.5788,1879.499068,0.0,20.47,22.392,20.47,21.793
500.0,2024-07-14,47426.488,774.664057,774.664057,12748.437125,33903.386818,17415.682,30010.806,29.514395,2.516227,5.268227,6059.483316,0.0,352.506,253.32,352.506,493.878,4.069354,6.983298,5089.61584,0.0,1337.053,995.542,1337.053,1684.625,2.6784,2.1944,1599.337969,0.0,20.954,22.216,20.954,22.219
500.0,2024-07-15,56226.319,774.664057,774.664057,9734.57491,45717.080033,24017.302,32209.017,30.603824,2.630275,0.0,0.0,0.0,355.136275,255.231,355.512,505.322,3.176496,11.050496,8053.899848,0.0,1329.179,979.476,1329.179,1683.948,2.592,2.306,1680.675062,0.0,21.24,21.618,21.24,22.579
500.0,2024-07-16,57257.242,774.664057,774.664057,6043.01951,50439.558433,26222.96,31034.282,35.668888,2.590013,0.0,0.0,0.0,357.726288,257.075,365.204,503.601,2.808432,5.172432,3769.808097,0.0,1326.815,953.888,1326.815,1683.302,2.592,3.119,2273.211413,0.0,20.713,21.355,20.713,22.327
500.0,2024-07-17,60842.947,774.664057,774.664057,3873.0823,56195.200643,27025.476,33817.471,38.646189,2.460499,0.0,0.0,0.0,360.186787,258.858,370.221,497.445,2.385331,3.018331,2199.841274,0.0,1326.182,924.889,1326.182,1664.049,2.3328,2.2958,1673.241027,0.0,20.75,21.926,20.75,22.574
500.0,2024-07-18,61154.21,774.664057,774.664057,4256.797471,56122.748472,26989.008,34165.202,38.119706,2.356128,0.0,0.0,0.0,362.542915,260.788,371.582,490.828,2.291414,3.220414,2347.124966,0.0,1325.253,896.087,1325.253,1643.559,2.4192,2.6202,1909.672505,0.0,20.549,22.235,20.549,22.8
500.0,2024-07-19,58017.345,774.664057,774.664057,10352.693672,46889.987271,25311.661,32705.684,29.755723,2.461968,0.0,0.0,0.0,365.004883,263.03,370.412,484.136,5.608397,11.706397,8531.938061,0.0,1319.155,866.951,1319.155,1622.401,2.4192,2.4982,1820.755611,0.0,20.47,21.884,20.47,22.845
500.0,2024-07-20,53063.611,774.664057,774.664057,1864.339466,50424.607477,22722.59,30341.021,41.40232,2.492899,0.0,0.0,0.0,367.497782,264.918,369.777,477.781,0.981763,0.0,0.0,0.0,1320.136763,837.345,1323.964,1607.677,2.592,2.558,1864.339466,0.0,20.504,21.837,20.504,22.792
500.0,2024-07-21,49668.891,774.664057,774.664057,3030.023561,45864.203382,20585.706,29083.185,40.419259,2.130278,1.066061,1226.176736,0.0,368.562,267.163,368.562,474.214,2.677277,0.0,0.0,0.0,1322.81404,814.237,1333.222,1612.107,2.592,2.475,1803.846825,0.0,20.621,21.893,20.621,22.764
500.0,2024-07-22,56927.713,774.664057,774.664057,10763.575933,45389.47301,23814.305,33113.408,31.494731,2.452032,3.983032,4581.259508,0.0,367.031,269.453,367.031,490.958,3.312317,6.905357,5032.81048,0.0,1319.221,788.633,1319.221,1596.104,2.4192,1.5772,1149.505944,0.0,21.463,21.837,21.463,22.444
500.0,2024-07-23,59303.437,774.664057,774.664057,18159.356329,40369.416614,25677.219,33626.218,22.282101,2.39207,5.60007,6441.167374,0.0,363.823,270.673,363.823,484.769,1.887149,13.162149,9592.929423,0.0,1307.946,761.368,1307.946,1589.277,2.16,2.916,2125.259532,0.0,20.707,21.572,20.707,22.581
500.0,2024-07-24,58816.178,774.664057,774.664057,16673.889525,41367.624418,25081.205,33734.973,25.516179,2.543616,7.668616,8820.396112,0.0,358.698,271.131,358.698,478.716,2.488925,9.213925,6715.35717,0.0,1301.221,730.949,1301.221,1573.287,2.0736,1.5616,1138.136243,0.0,21.219,21.514,21.219,22.841
500.0,2024-07-25,57581.972,774.664057,774.664057,16125.8775,40681.430443,25386.138,32195.834,26.910131,2.739139,8.779139,10097.713233,0.0,352.658,270.944,352.658,472.657,2.72065,5.12365,3734.254167,0.0,1298.818,707.272,1298.818,1564.128,2.2464,3.1474,2293.9101,0.0,20.318,21.895,20.318,22.712
500.0,2024-07-26,55976.328,774.664057,774.664057,18445.345733,36756.31821,24565.045,31411.283,20.126638,2.480544,2.550544,2933.620406,0.0,352.588,268.662,352.588,466.363,3.642538,18.900538,13775.222117,0.0,1283.56,684.858,1283.56,1564.937,2.0736,2.3826,1736.50321,0.0,20.009,22.095,20.009,22.623
500.0,2024-07-27,44524.844,774.664057,774.664057,14005.449682,29744.730261,18189.517,26335.327,28.368424,2.31025,6.26925,7210.853274,0.0,348.629,266.555,348.629,460.36,2.367446,6.770446,4934.484138,0.0,1279.157,668.619,1279.157,1567.972,1.9872,2.5522,1860.112269,0.0,19.444,21.844,19.444,22.784
500.0,2024-07-28,41570.946,774.664057,774.664057,13796.754436,26999.527507,14238.746,27332.2,28.459562,2.531606,5.931606,6822.498092,0.0,345.229,266.348,345.229,454.408,4.497552,7.537552,5493.571412,0.0,1276.117,653.964,1276.117,1569.322,2.5056,2.0316,1480.684933,0.0,19.918,21.637,19.918,22.259
500.0,2024-07-29,46232.703,774.664057,774.664057,27796.62413,17661.414813,16989.137,29243.566,11.263882,5.834592,9.413592,10827.457037,0.0,341.65,266.25,341.65,457.1,11.288246,18.899246,13774.281056,0.0,1268.506,644.795,1268.506,1559.176,5.0976,4.3836,3194.886037,0.0,20.632,22.36,20.632,22.785
500.0,2024-07-30,48773.089,774.664057,774.664057,19666.03481,28332.390133,17945.307,30827.782,21.93656,4.79209,8.57809,9866.467189,0.0,337.864,269.537,337.864,458.065,7.42487,8.46687,6170.883753,0.0,1267.464,640.202,1267.464,1544.755,5.3568,4.9788,3628.683868,0.0,21.01,24.723,21.01,22.312
500.0,2024-07-31,47418.193,774.664057,774.664057,11657.937891,34985.591052,17721.708,29696.485,30.049094,3.437078,3.605078,4146.539545,0.0,337.696,270.706,337.696,451.686,4.410547,6.421547,4680.196981,0.0,1265.453,629.565,1265.453,1535.555,3.3696,3.8846,2831.201364,0.0,20.495,25.423,20.495,22.179
500.0,2024-08-01,48791.355,1100.083097,1100.083097,15445.262414,32246.009489,16222.588,32568.767,24.781267,2.734646,3.481646,4004.568799,0.0,336.949,271.643,336.949,446.124,4.076006,12.749006,9291.820087,0.0,1256.78,615.407,1256.78,1535.768,3.1104,2.9484,2148.873527,0.0,20.657,25.193,20.657,23.001
500.0,2024-08-02,53340.316,1100.083097,1100.083097,15286.512229,36953.720673,19023.032,34317.284,26.097094,2.723846,5.380846,6189.017244,0.0,334.292,271.218,334.292,439.905,3.568579,9.656579,7037.975649,0.0,1250.692,602.727,1250.692,1512.672,2.7648,2.8258,2059.519337,0.0,20.596,24.655,20.596,22.524
500.0,2024-08-03,51283.794,1100.083097,1100.083097,20918.147743,29265.563159,20781.751,30502.043,20.569314,2.81975,9.18475,10564.244802,0.0,327.927,270.433,327.927,433.436,2.865456,12.060456,8789.985965,0.0,1241.497,590.044,1241.497,1488.813,2.3328,2.1458,1563.916977,0.0,20.783,23.619,20.783,22.113
500.0,2024-08-04,54146.057,1100.083097,1100.083097,21899.426887,31146.547016,21580.736,32565.321,19.055685,2.654467,8.895467,10231.513001,0.0,321.686,267.04,321.686,439.344,3.703968,13.881968,10117.553092,0.0,1231.319,578.346,1231.319,1475.238,2.4192,2.1272,1550.360794,0.0,21.075,22.034,21.075,22.236
500.0,2024-08-05,59320.876,1100.083097,1100.083097,23544.985175,34675.807727,24247.3,35073.576,16.49479,2.554243,8.371243,9628.553701,0.0,315.869,265.085,315.869,440.583,3.672086,16.209086,11813.619814,0.0,1218.782,560.454,1218.782,1491.675,2.4192,2.8852,2102.81166,0.0,20.609,21.248,20.609,22.313
500.0,2024-08-06,60261.442,1100.083097,1100.083097,21101.421543,38059.937359,26108.701,34152.741,20.368349,2.597098,9.272098,10664.711027,0.0,309.194,263.238,309.194,435.269,2.874874,12.750874,9293.180953,0.0,1208.906,539.464,1208.906,1493.67,2.16,1.569,1143.529563,0.0,21.2,21.609,21.2,22.59
500.0,2024-08-07,57390.243,1100.083097,1100.083097,21601.542496,34688.617407,24383.118,33007.125,19.40428,2.565475,8.791475,10111.902026,0.0,302.968,261.955,302.968,430.065,3.199565,13.374565,9747.743939,0.0,1198.731,510.273,1198.731,1481.198,2.16,2.39,1741.89653,0.0,20.97,21.717,20.97,22.482
500.0,2024-08-08,53206.12,1100.083097,1100.083097,25643.589371,26462.447531,21190.609,32015.511,13.409816,2.872714,8.015714,9219.625688,0.0,297.825,260.681,297.825,424.328,6.87839,19.18639,13983.559356,0.0,1186.423,488.402,1186.423,1462.354,3.1104,3.3484,2440.404327,0.0,20.732,22.29,20.732,22.327
500.0,2024-08-09,53648.365,1100.083097,1100.083097,19432.894246,33115.387656,21207.425,32440.94,19.326368,2.954016,3.510016,4037.199343,0.0,297.269,260.12,297.269,419.056,5.431536,17.636536,12853.983623,0.0,1174.218,470.124,1174.218,1450.862,2.6784,3.4874,2541.71128,0.0,19.923,22.379,19.923,22.456
500.0,2024-08-10,46893.305,1100.083097,1100.083097,20682.370457,25110.851446,17472.081,29421.224,17.78643,2.84472,3.81172,4384.217474,0.0,296.302,258.789,296.302,413.663,5.58697,20.61497,15024.746449,0.0,1159.19,460.632,1159.19,1440.336,2.4192,1.7472,1273.406534,0.0,20.595,21.949,20.595,22.589
500.0,2024-08-11,42034.424,1100.083097,1100.083097,26041.850506,14892.490396,13414.403,28620.021,10.686035,2.703629,4.249629,4887.897548,0.0,294.756,257.099,294.756,409.169,6.181056,25.974056,18930.593312,0.0,1139.397,451.871,1139.397,1429.899,2.5056,3.0506,2223.359646,0.0,20.05,21.486,20.05,22.417
500.0,2024-08-12,43486.916,1100.083097,1100.083097,22074.330431,20312.502472,14358.566,29128.35,16.01225,2.326406,4.046406,4654.152363,0.0,293.036,256.682,293.036,405.691,4.310064,21.631064,15765.303482,0.0,1122.076,444.838,1122.076,1427.059,2.5056,2.2706,1654.874586,0.0,20.285,21.385,20.285,22.842
500.0,2024-08-13,47427.039,1100.083097,1100.083097,21305.795729,25021.160174,14865.823,32561.216,17.178773,2.682202,4.240202,4877.054439,0.0,291.478,255.588,291.478,400.77,4.493146,19.822146,14446.914911,0.0,1106.747,434.443,1106.747,1419.998,2.8512,2.7192,1981.826378,0.0,20.417,22.071,20.417,22.584
500.0,2024-08-14,51058.31,1100.083097,1100.083097,23182.989788,26775.237115,15967.602,35090.708,14.43848,2.671402,3.955402,4549.479188,0.0,290.194,254.944,290.194,394.629,5.059238,23.386238,17044.521974,0.0,1088.42,422.753,1088.42,1412.71,2.8512,2.1802,1588.988625,0.0,21.088,22.348,21.088,22.514
500.0,2024-08-15,42385.159,1100.083097,1100.083097,28221.857747,13063.218156,9516.947,32868.212,7.522427,1.921277,3.951277,4544.734868,0.0,288.164,255.502,288.164,389.274,4.671216,30.205216,22014.376962,0.0,1062.886,414.792,1062.886,1393.831,2.2464,2.2814,1662.745918,0.0,21.053,22.022,21.053,22.474
500.0,2024-08-16,40514.316,1100.083097,1100.083097,27562.982703,11851.250199,10050.906,30463.41,9.775459,2.616624,6.284624,7228.536817,0.0,284.496,257.273,284.496,384.377,4.461437,25.055437,18261.078837,0.0,1042.292,411.081,1042.292,1384.991,2.7648,2.8448,2073.36705,0.0,20.973,21.655,20.973,22.298
500.0,2024-08-17,33670.729,1100.083097,1100.083097,16550.109901,16020.536001,8376.052,25294.677,22.839085,2.306362,2.744362,3156.548246,0.0,284.058,255.968,284.058,378.303,3.976474,15.380474,11209.704432,0.0,1030.888,413.93,1030.888,1395.885,2.6784,2.9964,2183.857223,0.0,20.655,22.172,20.655,22.561
500.0,2024-08-18,30607.764,1100.083097,1100.083097,18935.343788,10572.337114,7982.22,22625.544,20.679528,3.786739,4.669739,5371.106009,0.0,283.175,255.116,283.175,372.197,4.791053,16.089053,11726.136085,0.0,1019.59,420.231,1019.59,1397.809,2.592,2.522,1838.101694,0.0,20.725,21.786,20.725,21.965
500.0,2024-08-19,43028.674,1100.083097,1100.083097,2496.524006,39432.066897,12964.939,30063.735,40.53492,2.501971,0.0,0.0,0.0,285.676971,253.41,286.855,368.242,5.428512,0.0,0.0,0.0,1025.018512,423.335,1034.82,1401.488,2.6784,3.4254,2496.524006,0.0,19.978,21.391,19.978,22.044
500.0,2024-08-20,48246.539,1100.083097,1100.083097,1635.779319,45510.676584,15638.381,32608.158,41.71592,2.388874,0.0,0.0,0.0,288.065845,252.143,288.239,362.248,4.525718,0.0,0.0,0.0,1029.54423,416.411,1047.065,1394.938,2.6784,2.2444,1635.779319,0.0,20.412,21.484,20.412,22.858
500.0,2024-08-21,47772.037,1100.083097,1100.083097,10559.838938,36112.114965,14177.425,33594.612,33.492579,2.377296,6.955141,7999.761217,0.0,283.488,251.14,283.488,356.529,5.519318,0.0,0.0,0.0,1035.063549,406.599,1046.684,1396.55,2.5056,3.5126,2560.07772,0.0,19.405,21.463,19.405,22.356
500.0,2024-08-22,41992.676,1100.083097,1100.083097,14858.333039,26034.259864,10422.099,31570.577,28.237858,3.324499,8.067499,9279.189175,0.0,278.745,250.498,278.745,352.794,8.015414,5.848963,4262.882302,0.0,1037.23,400.077,1037.23,1392.935,2.16,1.806,1316.261562,0.0,19.759,21.475,19.759,22.068
500.0,2024-08-23,32924.219,1100.083097,1100.083097,31824.135903,0.0,8350.261,24573.958,6.102929,10.714378,10.045037,11553.741057,0.0,279.414341,251.798,273.121,349.047,15.449702,19.253354,14032.364553,0.0,1033.426348,408.873,1031.171,1401.595,8.208,8.559,6238.030293,0.0,19.408,22.812,19.408,21.932
500.0,2024-08-24,29532.567,1100.083097,1100.083097,17460.223258,10972.260645,9109.092,20423.475,25.81119,8.80969,10.045037,11553.741057,0.0,278.178994,257.963,268.354,344.419,9.018346,1.472694,1073.338833,0.0,1040.972,426.995,1040.972,1402.379,6.9984,6.6314,4833.143368,0.0,19.775,24.369,19.775,21.739
500.0,2024-08-25,31112.192,1100.083097,1100.083097,17961.442276,12050.666627,7406.545,23705.647,25.123483,6.290006,10.045037,11553.741057,0.0,274.423963,259.474,263.963,344.57,10.094458,0.0,0.0,0.0,1051.066458,441.536,1052.465,1399.886,9.2448,8.7918,6407.701219,0.0,20.228,26.273,20.228,21.716
500.0,2024-08-26,38042.365,1100.083097,1100.083097,20088.885956,16853.395946,11441.212,26601.153,22.204486,7.559222,10.045037,11553.741057,0.0,271.938149,261.319,261.319,341.863,10.255939,2.653397,1933.86723,0.0,1058.669,457.433,1058.669,1396.805,9.1584,9.0574,6601.27767,0.0,20.329,32.605,20.329,22.31
500.0,2024-08-27,32505.478,1100.083097,1100.083097,31405.394903,0.0,12177.615,20327.863,6.67747,5.99927,10.045037,11553.741057,0.0,267.892382,262.088,262.088,338.201,8.968579,20.261413,14767.065163,0.0,1047.376166,470.974,1041.811,1395.777,6.9984,6.9764,5084.588683,0.0,20.351,30.471,20.351,22.134
500.0,2024-08-28,28990.792,1100.083097,1100.083097,27890.708903,0.0,13178.078,15812.714,5.692379,6.237734,0.0,0.0,0.0,274.130117,263.488,263.488,335.455,10.185869,30.983541,22581.641504,0.0,1026.578493,484.391,1010.201,1394.524,6.9984,7.2844,5309.067399,0.0,20.065,27.797,20.065,22.11
500.0,2024-08-29,27494.988,1100.083097,1100.083097,26394.904903,0.0,12751.901,14743.087,13.552201,7.36465,10.045037,11553.741057,0.0,271.44973,266.458,266.458,331.221,11.325226,8.087882,5894.666655,0.0,1029.815837,497.644,993.58,1397.75,12.3552,12.2752,8946.49719,0.0,20.145,26.238,20.145,22.276
500.0,2024-08-30,25567.369,1100.083097,1100.083097,24467.285903,0.0,13799.899,11767.47,16.197025,9.186998,10.045037,11553.741057,0.0,270.591691,271.953,266.187,324.555,9.9468,7.768058,5661.57043,0.0,1031.994579,514.216,986.644,1399.492,9.7632,9.9502,7251.974415,0.0,19.958,24.741,19.958,22.632
500.0,2024-08-31,27390.962,1100.083097,1100.083097,26290.878903,0.0,15851.079,11539.883,7.887454,10.110874,0.0,0.0,0.0,280.702565,278.977,261.988,318.078,14.964739,20.738066,15114.462623,0.0,1026.221252,528.306,970.668,1394.267,15.2928,15.3348,11176.41628,0.0,19.916,19.916,19.916,22.26
500.0,2024-09-01,27121.615,1372.472911,1372.472911,25749.142089,0.0,16368.525,10753.09,14.438232,18.229622,10.045037,11553.741057,0.0,288.88715,294.165,258.097,317.629,20.472048,3.525452,2569.444258,0.0,1043.167848,546.305,948.428,1375.586,16.7616,15.9516,11625.956773,0.0,20.726,21.004,20.726,22.325
500.0,2024-09-02,28674.207,1372.472911,1372.472911,27301.734089,0.0,17823.583,10850.624,10.776106,19.81895,7.395414,8506.160351,0.0,301.310687,311.797,256.318,313.257,21.714826,0.0,0.0,0.0,1064.882674,569.464,924.569,1359.068,26.0928,25.7888,18795.573738,0.0,21.03,27.372,21.03,22.177
500.0,2024-09-03,29638.371,1372.472911,1372.472911,28265.898089,0.0,19539.651,10098.72,8.992456,22.596192,6.598464,7589.513395,0.0,317.308415,330.838,257.575,313.489,23.40239,0.0,0.0,0.0,1088.285064,593.331,903.761,1336.317,28.1664,28.3694,20676.384694,0.0,20.827,37.601,20.827,22.492
500.0,2024-09-04,32716.57,1372.472911,1372.472911,31344.097089,0.0,22163.267,10553.303,6.761575,19.763827,10.045037,11553.741057,0.0,327.027206,350.758,256.004,309.721,20.564064,27.153709,19790.356032,0.0,1081.69542,620.897,881.607,1319.213,16.3296,0.0,0.0,0.0,37.1566,44.579,20.172,22.295
500.0,2024-09-05,35459.486,1372.472911,1372.472911,34087.013089,0.0,23049.782,12409.704,2.998108,11.877581,10.045037,11553.741057,0.0,328.85975,359.097,252.639,306.294,16.998336,2.170575,1581.973793,0.0,1096.523181,645.662,864.877,1300.414,10.8,28.7466,20951.298238,0.0,19.21,41.099,19.21,22.148
500.0,2024-09-06,31102.088,1372.472911,1372.472911,29729.615089,0.0,20981.051,10121.037,8.976753,9.19512,10.045037,11553.741057,0.0,328.009833,364.182,250.151,302.545,13.977792,24.93853,18175.874032,0.0,1085.562442,665.707,856.065,1288.45,7.6896,0.0,0.0,0.0,26.8996,33.572,21.068,22.406
500.0,2024-09-07,25724.094,1372.472911,1372.472911,24351.621089,0.0,15585.308,10138.786,16.355725,9.639475,10.045037,11553.741057,0.0,327.604271,372.167,248.071,305.893,15.878592,0.0,0.0,0.0,1101.441034,681.709,842.003,1275.836,17.8848,17.559558,12797.880032,0.0,27.224842,27.614,19.868,22.585
500.0,2024-09-08,24048.568,1372.472911,1372.472911,22676.095089,0.0,14749.568,9299.0,18.65466,12.539318,10.045037,11553.741057,0.0,330.098553,383.277,245.308,301.864,16.154381,15.260623,11122.354032,0.0,1102.334792,698.357,828.46,1257.1,13.824,0.0,0.0,0.0,41.048842,30.672,20.182,22.208
500.0,2024-09-09,27031.957,1372.472911,1372.472911,25659.484089,0.0,17128.44,9903.517,14.561249,10.600243,10.045037,11553.741057,0.0,330.653759,392.324,243.147,299.523,14.607907,0.0,0.0,0.0,1116.9427,717.438,817.757,1236.225,12.6144,19.354035,14105.743032,0.0,34.309207,26.785,20.095,21.94
500.0,2024-09-10,25178.11,1372.472911,1372.472911,23805.637089,0.0,15211.801,9966.309,17.104852,10.372752,10.045037,11553.741057,0.0,330.981475,397.938,236.657,299.288,15.864768,16.810431,12251.896032,0.0,1115.997036,738.008,807.941,1214.573,12.528,0.0,0.0,0.0,46.837207,26.785,20.292,22.628
500.0,2024-09-11,28233.782,1372.472911,1372.472911,26861.309089,0.0,16038.479,12195.303,12.912263,8.836733,10.045037,11553.741057,0.0,329.773171,402.311,240.125,297.794,13.09055,0.0,0.0,0.0,1129.087587,756.373,794.897,1194.37,9.1584,21.00302,15307.568032,0.0,34.992587,26.297,20.179,22.556
500.0,2024-09-12,25146.469,1372.472911,1372.472911,23773.996089,0.0,13651.159,11495.31,17.148266,6.973517,10.045037,11553.741057,0.0,326.701651,404.269,237.205,296.484,9.023357,16.767017,12220.255032,0.0,1121.343926,772.53,788.95,1209.246,7.5168,0.0,0.0,0.0,42.509387,25.112,20.103,22.18
500.0,2024-09-13,25063.775,1372.472911,1372.472911,23691.302089,0.0,13688.56,11375.215,17.261728,9.950947,10.045037,11553.741057,0.0,326.607561,406.308,235.926,295.076,17.049744,0.0,0.0,0.0,1138.39367,791.441,782.56,1227.359,13.6512,16.653556,12137.561032,0.0,39.507032,26.089,20.747,23.082
500.0,2024-09-14,24206.688,1372.472911,1372.472911,22834.215089,0.0,14007.517,10199.171,18.437709,8.94456,10.045037,11553.741057,0.0,325.507084,409.039,235.281,300.054,11.223446,15.477574,11280.474032,0.0,1134.139542,812.55,771.646,1211.153,8.8992,0.0,0.0,0.0,48.406232,26.669,21.164,23.306
500.0,2024-09-15,23107.605,1372.472911,1372.472911,21735.132089,0.0,13350.543,9757.062,14.138247,7.554643,0.0,0.0,0.0,333.061727,410.825,235.469,300.09,10.087027,0.0,0.0,0.0,1144.22657,829.578,759.682,1186.359,8.1216,29.822073,21735.132089,0.0,26.705758,25.423,20.661,22.516
500.0,2024-09-16,28185.302,1372.472911,1372.472911,26812.829089,0.0,15861.309,12323.993,12.978781,7.040131,10.045037,11553.741057,0.0,330.056822,411.866,238.699,297.924,7.836566,20.936502,15259.088032,0.0,1131.126634,845.723,750.7,1162.947,6.6528,0.0,0.0,0.0,33.358558,23.635,20.723,22.921
500.0,2024-09-17,32092.235,1372.472911,1372.472911,30719.762089,0.0,18573.575,13518.66,7.618204,7.846502,10.045037,11553.741057,0.0,327.858287,412.429,240.945,294.082,10.8432,26.297079,19166.021032,0.0,1115.672755,855.295,749.963,1143.851,6.9984,0.0,0.0,0.0,40.356958,21.981,21.007,22.968
500.0,2024-09-18,31982.24,1372.472911,1372.472911,30609.767089,0.0,17576.884,14405.356,7.769125,5.79744,10.045037,11553.741057,0.0,323.610691,410.025,244.31,292.373,8.21016,26.146158,19056.026032,0.0,1097.736757,862.543,740.232,1164.315,6.048,0.0,0.0,0.0,46.404958,21.279,20.653,22.516
500.0,2024-09-19,20389.268,1372.472911,1372.472911,19016.795089,0.0,10401.561,9987.707,17.867989,6.145459,0.0,0.0,0.0,329.75615,409.016,247.445,296.19,8.885462,0.0,0.0,0.0,1106.622219,875.317,733.975,1178.246,6.7392,26.092331,19016.795089,0.0,27.051828,21.468,20.14,21.866
500.0,2024-09-20,19594.117,1372.472911,1372.472911,18221.644089,0.0,10223.082,9371.035,24.766469,5.868115,10.045037,11553.741057,0.0,325.579228,407.991,250.438,295.049,6.844522,9.148815,6667.903032,0.0,1104.317926,888.473,730.773,1156.738,7.2576,0.0,0.0,0.0,34.309428,22.841,20.364,21.857
500.0,2024-09-21,17749.223,1372.472911,1372.472911,16376.750089,0.0,8174.089,9575.134,21.49031,5.338915,0.0,0.0,0.0,330.918143,408.609,248.295,293.819,7.370266,22.47001,16376.750089,0.0,1089.218182,900.245,732.748,1170.861,5.2704,0.0,0.0,0.0,39.579828,24.845,20.544,22.42
500.0,2024-09-22,15129.568,1372.472911,1372.472911,13757.095089,0.0,7341.814,7787.754,30.892132,5.89585,10.045037,11553.741057,0.0,326.768956,413.235,254.971,292.5,8.757072,3.023151,2203.354032,0.0,1094.952103,910.656,729.904,1185.219,7.344,0.0,0.0,0.0,46.923828,23.491,20.602,23.491
500.0,2024-09-23,20689.079,1372.472911,1372.472911,19316.606089,0.0,11020.372,9668.707,17.456628,6.204557,0.0,0.0,0.0,332.973513,417.894,260.578,291.457,8.159011,0.0,0.0,0.0,1103.111114,918.657,721.633,1200.208,6.8256,26.503692,19316.606089,0.0,27.245736,24.06,20.257,22.953
500.0,2024-09-24,21589.627,1372.472911,1372.472911,20217.154089,0.0,11336.431,10253.196,16.221015,6.30193,0.0,0.0,0.0,339.275443,420.42,257.823,290.388,7.197725,27.739305,20217.154089,0.0,1082.569534,929.445,721.619,1196.193,7.4304,0.0,0.0,0.0,34.676136,23.285,20.977,22.484
500.0,2024-09-25,28833.817,1372.472911,1372.472911,27461.344089,0.0,16286.613,12547.204,12.088975,5.910365,10.045037,11553.741057,0.0,335.140771,421.201,262.946,297.339,8.212147,21.826309,15907.603032,0.0,1068.955373,939.038,724.03,1189.808,6.2208,0.0,0.0,0.0,40.896936,21.22,21.131,23.08
500.0,2024-09-26,21392.865,1372.472911,1372.472911,20020.392089,0.0,12567.461,8825.404,16.490986,6.701011,0.0,0.0,0.0,341.841782,421.345,262.6,314.072,11.371709,0.0,0.0,0.0,1080.327082,950.087,706.456,1203.095,11.5776,27.469334,20020.392089,0.0,25.005202,19.735,21.262,23.318
500.0,2024-09-27,29217.24,1372.472911,1372.472911,27844.767089,0.0,17110.085,12107.155,11.562892,11.320906,10.045037,11553.741057,0.0,343.117651,424.749,262.219,312.127,12.31079,22.352391,16291.026032,0.0,1070.285481,965.552,704.828,1197.306,12.96,0.0,0.0,0.0,37.965202,26.086,21.325,23.397
500.0,2024-09-28,21958.735,1372.472911,1372.472911,20586.262089,0.0,11140.661,10818.074,21.522053,8.150976,10.045037,11553.741057,0.0,341.22359,426.854,261.414,320.846,10.151827,12.393231,9032.521032,0.0,1068.044078,980.887,699.391,1179.141,8.0352,0.0,0.0,0.0,46.000402,25.841,20.793,23.193
500.0,2024-09-29,20632.378,1372.472911,1372.472911,19259.905089,0.0,10794.214,9838.164,23.341904,7.68528,10.045037,11553.741057,0.0,338.863833,428.19,259.582,318.831,8.630842,0.0,0.0,0.0,1076.674919,996.703,687.193,1163.403,6.5664,10.573379,7706.164032,0.0,41.993423,23.984,20.494,23.602
500.0,2024-09-30,32117.332,1372.472911,1372.472911,30744.859089,0.0,19779.442,12337.89,7.58377,6.052752,10.045037,11553.741057,0.0,334.871548,234.619,72.826,128.817,8.71871,26.331514,19191.118032,0.0,1059.062116,1011.737,677.537,1152.86,5.8752,0.0,0.0,0.0,47.868623,21.735,20.753,23.6
500.0,2024-10-01,23889.776,1583.633103,1583.633103,22306.142897,0.0,15251.665,8638.111,19.16226,6.066662,10.045037,11553.741057,0.0,330.893174,230.837,72.068,129.658,7.89575,0.0,0.0,0.0,1066.957867,1023.231,681.833,1144.653,5.4432,14.753023,10752.40184,0.0,38.5588,19.949,20.773,22.985
500.0,2024-10-02,24084.697,1583.633103,1583.633103,22501.063897,0.0,14680.904,9403.793,18.894815,8.331984,10.045037,11553.741057,0.0,329.180121,226.56,73.547,126.954,13.803178,15.020468,10947.32284,0.0,1065.740576,1036.5,688.848,1133.733,10.4544,0.0,0.0,0.0,49.0132,19.884,21.141,22.681
500.0,2024-10-03,27565.323,1583.633103,1583.633103,25981.689897,0.0,18552.244,9013.079,14.11916,16.324157,10.045037,11553.741057,0.0,335.459241,230.112,69.61,132.138,15.320362,0.0,0.0,0.0,1081.060938,1058.808,692.182,1120.963,13.392,19.796123,14427.94884,0.0,42.609077,24.609,21.144,23.422
500.0,2024-10-04,30337.835,1583.633103,1583.633103,28754.201897,0.0,21473.94,8863.895,10.315086,14.374454,10.045037,11553.741057,0.0,339.788659,235.263,71.941,135.676,15.445123,0.0,0.0,0.0,1096.506061,1079.751,701.88,1104.957,12.528,23.600197,17200.46084,0.0,31.53688,26.007,21.448,23.728
500.0,2024-10-05,21477.775,1583.633103,1583.633103,19894.141897,0.0,12688.125,8789.65,22.471688,11.162016,10.045037,11553.741057,0.0,340.905638,238.932,74.379,142.832,11.560838,11.443595,8340.40084,0.0,1096.623304,1098.378,717.046,1098.378,12.096,0.0,0.0,0.0,43.63288,31.798,21.619,23.388
500.0,2024-10-06,18643.975,1583.633103,1583.633103,17060.341897,0.0,10583.464,8060.511,26.359854,9.36023,10.045037,11553.741057,0.0,340.220831,241.649,80.7,145.332,10.70401,7.555429,5506.60084,0.0,1099.771885,1116.791,708.348,1116.791,9.6768,0.0,0.0,0.0,53.30968,40.583,21.783,23.747
500.0,2024-10-07,21465.25,1583.633103,1583.633103,19881.616897,0.0,11909.455,9555.795,22.488874,7.890221,10.045037,11553.741057,0.0,338.066015,245.859,79.733,156.25,9.968486,0.0,0.0,0.0,1109.740371,1130.566,689.606,1130.566,8.3808,11.42641,8327.87584,0.0,50.26407,45.033,21.033,23.587
500.0,2024-10-08,20385.123,1583.633103,1583.633103,18801.489897,0.0,11456.432,8928.691,23.970881,10.607069,10.045037,11553.741057,0.0,338.628047,253.516,79.14,166.787,16.398547,0.0,0.0,0.0,1126.138918,1142.445,667.541,1142.445,12.096,9.944402,7247.74884,0.0,52.415668,46.109,21.318,24.187
500.0,2024-10-09,22867.187,1583.633103,1583.633103,21283.553897,0.0,13633.313,9233.874,20.565321,8.767094,10.045037,11553.741057,0.0,337.350105,263.452,81.604,163.936,8.660563,0.0,0.0,0.0,1134.799482,1154.678,665.251,1136.465,9.504,13.349962,9729.81284,0.0,48.569706,46.836,21.242,23.719
500.0,2024-10-10,29166.53,1583.633103,1583.633103,27582.896897,0.0,19848.717,9317.813,11.922196,8.14199,10.045037,11553.741057,0.0,335.447059,268.861,80.697,159.89,9.11615,21.993087,16029.15584,0.0,1121.922545,1165.549,663.326,1128.198,7.4304,0.0,0.0,0.0,56.000106,42.885,20.571,23.569
500.0,2024-10-11,25367.219,1583.633103,1583.633103,23783.585897,0.0,16440.377,8926.842,17.135108,6.457018,10.045037,11553.741057,0.0,331.859039,272.073,82.371,161.591,8.602589,0.0,0.0,0.0,1130.525133,1174.655,645.87,1119.599,6.48,16.780175,12229.84484,0.0,45.699931,39.36,20.998,23.508
500.0,2024-10-12,16664.067,1583.633103,1583.633103,15080.433897,0.0,8851.249,7812.818,29.076422,6.00912,10.045037,11553.741057,0.0,327.823123,278.345,84.183,170.673,8.479901,4.838861,3526.69284,0.0,1134.166173,1180.915,631.089,1109.738,6.1344,0.0,0.0,0.0,51.834331,36.265,21.556,24.59
500.0,2024-10-13,17918.113,1583.633103,1583.633103,16334.479897,0.0,8678.438,9239.675,27.355786,6.101568,10.045037,11553.741057,0.0,323.879654,284.378,82.919,174.984,6.511622,6.559497,4780.73884,0.0,1134.118298,1187.431,622.402,1100.041,5.8752,0.0,0.0,0.0,57.709531,37.059,21.328,24.895
500.0,2024-10-14,27108.909,1583.633103,1583.633103,25525.275897,0.0,15427.749,11681.16,14.745391,6.123168,10.045037,11553.741057,0.0,319.957785,289.804,82.296,179.054,6.95425,0.0,0.0,0.0,1141.072547,1192.98,635.212,1095.161,4.752,19.169892,13971.53484,0.0,43.291639,33.027,21.549,23.58
500.0,2024-10-15,27394.495,1583.633103,1583.633103,25810.861897,0.0,17203.212,10191.283,14.353548,4.937328,10.045037,11553.741057,0.0,314.850076,291.275,84.035,181.305,6.261235,19.561735,14257.12084,0.0,1127.772047,1195.379,667.376,1092.034,4.6656,0.0,0.0,0.0,47.957239,27.75,21.519,23.825
500.0,2024-10-16,31772.554,1583.633103,1583.633103,30188.920897,0.0,21593.23,10179.324,8.346554,4.866739,10.045037,11553.741057,0.0,309.671779,291.501,82.824,184.465,5.968858,25.568729,18635.17984,0.0,1108.172176,1194.945,693.127,1091.139,4.5792,0.0,0.0,0.0,52.536439,25.44,22.105,23.115
500.0,2024-10-17,34249.355,1583.633103,1583.633103,32665.721897,0.0,23320.843,10928.512,4.948216,4.630176,10.045037,11553.741057,0.0,304.256918,291.123,80.861,187.773,5.722963,0.0,0.0,0.0,1113.895139,1187.525,711.527,1082.616,4.4928,28.967067,21111.98084,0.0,28.062171,23.176,21.408,23.282
500.0,2024-10-18,31787.554,1583.633103,1583.633103,30203.920897,0.0,22068.678,9718.876,8.325973,5.008435,10.045037,11553.741057,0.0,299.220316,289.742,84.564,184.547,5.480957,25.58931,18650.17984,0.0,1093.786787,1181.009,721.303,1075.488,4.5792,0.0,0.0,0.0,32.641371,22.011,21.742,23.138
500.0,2024-10-19,25593.352,1583.633103,1583.633103,24009.718897,0.0,15361.016,10232.336,16.824838,4.410806,10.045037,11553.741057,0.0,293.586086,284.51,94.439,181.502,5.807462,17.090445,12455.97784,0.0,1082.503804,1182.915,722.128,1079.852,4.9248,0.0,0.0,0.0,37.566171,22.227,21.141,23.44
500.0,2024-10-20,23952.296,1583.633103,1583.633103,22368.662897,0.0,13309.534,10642.762,19.076478,4.513363,10.045037,11553.741057,0.0,288.054412,278.625,91.994,185.19,5.738429,14.838805,10814.92184,0.0,1073.403427,1190.62,721.763,1084.945,5.4432,0.0,0.0,0.0,43.009371,22.02,21.247,23.257
500.0,2024-10-21,30775.727,1583.633103,1583.633103,29192.093897,0.0,20075.129,10700.598,9.714269,4.947955,10.045037,11553.741057,0.0,282.957331,272.922,94.098,184.933,6.608909,24.201015,17638.35284,0.0,1055.811322,1198.437,722.249,1108.914,5.184,0.0,0.0,0.0,48.193371,21.192,21.735,22.766
500.0,2024-10-22,35619.075,1583.633103,1583.633103,34035.441897,0.0,24216.562,11402.513,3.068867,4.8168,10.045037,11553.741057,0.0,277.729094,267.402,99.882,189.34,5.647622,0.0,0.0,0.0,1061.458944,1201.959,729.038,1136.715,5.5296,30.846416,22481.70084,0.0,22.876555,19.611,21.896,23.31
500.0,2024-10-23,30417.201,1583.633103,1583.633103,28833.567897,0.0,21083.987,9333.214,10.206191,6.324221,10.045037,11553.741057,0.0,274.008278,262.417,108.155,201.376,8.665574,23.709093,17279.82684,0.0,1046.415426,1208.693,726.162,1131.779,8.208,0.0,0.0,0.0,31.084555,13.108,21.354,23.181
500.0,2024-10-24,26196.85,1583.633103,1583.633103,24613.216897,0.0,17903.114,8293.736,15.996798,9.130406,10.045037,11553.741057,0.0,273.093647,260.875,119.56,198.656,18.245866,0.0,0.0,0.0,1064.661291,1226.399,717.585,1127.806,30.4128,17.918485,13059.47584,0.0,43.57887,12.315,21.609,23.759
500.0,2024-10-25,25252.282,1583.633103,1583.633103,23668.648897,0.0,17552.724,7699.558,11.485331,30.764016,0.0,0.0,0.0,303.857663,276.205,121.687,196.006,29.976912,0.0,0.0,0.0,1094.638203,1257.044,706.717,1127.867,40.5216,32.474989,23668.648897,0.0,51.625481,41.876,21.667,23.962
500.0,2024-10-26,25233.479,1583.633103,1583.633103,23649.845897,0.0,17225.654,8007.825,17.318608,32.01889,10.045037,11553.741057,0.0,325.831516,305.536,124.569,194.008,45.998842,0.0,0.0,0.0,1140.637045,1302.822,693.41,1121.13,25.6608,16.596675,12096.10484,0.0,60.689606,55.087,21.854,24.195
500.0,2024-10-27,27560.412,1583.633103,1583.633103,25976.778897,0.0,20463.483,7096.929,14.125899,16.960838,10.045037,11553.741057,0.0,332.747318,328.094,127.39,191.543,25.218432,0.0,0.0,0.0,1165.855477,1336.896,684.102,1109.093,13.824,19.789385,14423.03784,0.0,54.724221,57.108,21.472,23.913
500.0,2024-10-28,29393.438,1583.633103,1583.633103,27809.804897,0.0,20311.618,9081.82,11.610863,13.637376,10.045037,11553.741057,0.0,336.339657,342.854,129.819,189.156,20.001341,0.0,0.0,0.0,1185.856818,1359.526,679.664,1106.551,11.4912,22.30442,16256.06384,0.0,43.911001,52.981,21.646,23.675
500.0,2024-10-29,30721.589,1583.633103,1583.633103,29137.955897,0.0,19578.292,11143.297,9.78855,12.73847,10.045037,11553.741057,0.0,339.033091,355.257,132.32,189.088,17.033069,24.126734,17584.21484,0.0,1178.763153,1378.79,670.267,1117.092,10.2816,0.0,0.0,0.0,54.192601,47.294,21.575,24.455
500.0,2024-10-30,32550.948,1583.633103,1583.633103,30967.314897,0.0,21150.915,11400.033,7.278545,11.794118,10.045037,11553.741057,0.0,340.782172,362.916,140.032,195.566,13.951354,26.636738,19413.57384,0.0,1166.077769,1397.611,658.208,1121.825,9.3312,0.0,0.0,0.0,63.523801,43.451,21.976,23.932
500.0,2024-10-31,25583.282,1583.633103,1583.633103,23999.648897,0.0,17696.093,7887.189,16.838655,12.394253,10.045037,11553.741057,0.0,343.131388,367.754,145.366,203.458,13.203562,0.0,0.0,0.0,1179.28133,1417.936,678.55,1124.22,10.2816,17.076628,12445.90784,0.0,56.728773,38.417,22.21,23.58
500.0,2024-11-01,22985.067,1843.312304,1843.312304,21141.754696,0.0,18179.606,4805.461,20.759879,10.637136,10.045037,11553.741057,0.0,343.723487,370.364,149.722,209.875,12.040704,0.0,0.0,0.0,1191.322034,1438.627,712.572,1125.428,12.096,13.155404,9588.013639,0.0,55.669369,40.405,21.817,23.286
500.0,2024-11-02,15730.719,1843.312304,1843.312304,13887.406696,0.0,11616.647,4114.072,30.713336,11.647152,10.045037,11553.741057,0.0,345.325603,373.917,149.212,209.109,12.455856,0.0,0.0,0.0,1203.77789,1458.221,735.832,1121.187,12.3552,3.201947,2333.665639,0.0,64.822621,44.189,21.456,23.32
500.0,2024-11-03,18090.911,1843.312304,1843.312304,16247.598696,0.0,14998.598,3092.313,27.474993,9.430906,10.045037,11553.741057,0.0,344.711471,374.22,146.282,206.898,10.534579,0.0,0.0,0.0,1214.31247,1479.424,720.021,1117.39,8.64,6.440291,4693.857639,0.0,67.022331,45.21,21.45,23.517
500.0,2024-11-04,24327.27,1843.312304,1843.312304,22483.957696,0.0,20594.469,3732.801,18.918286,8.361274,10.045037,11553.741057,0.0,343.027708,372.67,145.456,209.884,11.750314,0.0,0.0,0.0,1226.062783,1499.04,702.72,1116.959,8.0352,14.996997,10930.216639,0.0,60.060533,41.606,21.952,24.244
500.0,2024-11-05,26820.756,1843.312304,1843.312304,24977.443696,0.0,22169.481,4651.275,15.497054,8.796125,10.045037,11553.741057,0.0,341.778796,370.881,147.087,213.737,9.18432,0.0,0.0,0.0,1235.247103,1517.998,689.628,1117.63,9.936,18.418229,13423.702639,0.0,51.578304,36.107,21.444,24.582
500.0,2024-11-06,33230.936,1843.312304,1843.312304,31387.623696,0.0,25874.211,7356.725,6.701853,10.202026,10.045037,11553.741057,0.0,341.935785,369.986,148.092,222.219,10.875946,27.21343,19833.882639,0.0,1218.909619,1536.167,680.753,1115.508,10.4544,0.0,0.0,0.0,62.032704,32.207,21.954,24.863
500.0,2024-11-07,28991.78,1843.312304,1843.312304,27148.467696,0.0,23746.046,5245.734,12.518262,10.804147,10.045037,11553.741057,0.0,342.694895,369.937,146.919,222.642,12.104035,0.0,0.0,0.0,1231.013654,1552.721,677.471,1120.492,10.5408,21.397021,15594.726639,0.0,51.176483,26.265,21.649,24.382
500.0,2024-11-08,25118.451,1843.312304,1843.312304,23275.138696,0.0,22349.884,2768.567,17.832732,12.801283,10.045037,11553.741057,0.0,345.451142,370.838,144.915,222.554,17.483645,0.0,0.0,0.0,1248.497299,1574.783,752.565,1124.917,24.0192,16.082551,11721.397639,0.0,59.113132,23.391,21.957,23.436
500.0,2024-11-09,25653.783,1843.312304,1843.312304,23810.470696,0.0,23410.73,2243.053,11.290742,54.519955,0.0,0.0,0.0,399.971097,393.221,143.937,224.558,55.764461,0.0,0.0,0.0,1304.261759,1621.883,813.16,1129.115,76.896,32.669578,23810.470696,0.0,103.339554,63.211,21.868,23.441
500.0,2024-11-10,28374.236,1843.312304,1843.312304,26530.923696,0.0,26207.795,2166.441,7.558096,41.230771,0.0,0.0,0.0,441.201868,436.978,148.352,226.007,60.340723,0.0,0.0,0.0,1364.602483,1692.869,836.003,1197.032,30.8448,36.402224,26530.923696,0.0,97.78213,93.738,21.722,23.432
500.0,2024-11-11,29118.245,1843.312304,1843.312304,27274.932696,0.0,24836.604,4281.641,12.344744,21.30745,10.045037,11553.741057,0.0,452.464281,454.424,150.531,227.772,39.904358,0.0,0.0,0.0,1404.506841,1753.556,833.439,1246.973,18.0576,21.57054,15721.191639,0.0,94.26919,91.83,22.145,23.089
500.0,2024-11-12,34305.238,1843.312304,1843.312304,32461.925696,0.0,28571.709,5733.529,5.227838,15.640042,10.045037,11553.741057,0.0,458.059286,461.884,153.084,229.827,26.658288,0.0,0.0,0.0,1431.165129,1795.813,832.641,1249.351,13.392,28.687445,20908.184639,0.0,78.973745,83.878,21.503,23.642
500.0,2024-11-13,33060.841,1843.312304,1843.312304,31217.528696,0.0,28657.739,4403.102,6.935235,13.003373,10.045037,11553.741057,0.0,461.017622,466.055,154.635,231.315,19.92479,0.0,0.0,0.0,1451.089919,1825.549,829.869,1246.317,11.8368,26.980048,19663.787639,0.0,63.830497,75.221,20.842,23.35
500.0,2024-11-14,30697.327,1843.312304,1843.312304,28854.014696,0.0,25857.674,4839.653,10.178136,13.569984,10.045037,11553.741057,0.0,464.542569,468.67,155.321,232.899,19.447517,23.737147,17300.273639,0.0,1446.800289,1851.288,820.911,1242.366,12.4416,0.0,0.0,0.0,76.272097,67.071,20.489,22.919
500.0,2024-11-15,27044.65,1843.312304,1843.312304,25201.337696,0.0,23719.553,3325.097,15.189856,22.892803,10.045037,11553.741057,0.0,477.390335,478.204,156.301,260.813,17.531856,0.0,0.0,0.0,1464.332145,1879.415,816.95,1238.181,14.9472,18.725427,13647.596639,0.0,72.49387,62.833,21.435,22.921
500.0,2024-11-16,21636.162,1843.312304,1843.312304,19792.849696,0.0,19395.878,2240.284,22.610668,19.679155,10.045037,11553.741057,0.0,487.024454,490.469,155.796,263.569,21.70368,0.0,0.0,0.0,1486.035825,1907.557,815.255,1236.557,12.3552,11.304615,8239.108639,0.0,73.544455,58.425,21.102,23.399
500.0,2024-11-17,21241.112,1843.312304,1843.312304,19397.799696,0.0,19003.941,2237.171,23.152704,14.503018,10.045037,11553.741057,0.0,491.482435,497.051,143.365,271.623,19.922026,0.0,0.0,0.0,1505.957851,1935.743,812.023,1278.261,8.9856,10.76258,7844.058639,0.0,71.767475,51.09,21.229,23.211
500.0,2024-11-18,28082.538,1843.312304,1843.312304,26239.225696,0.0,25506.346,2576.192,13.765804,11.541226,10.045037,11553.741057,0.0,492.978623,499.737,149.518,272.984,17.894304,20.149479,14685.484639,0.0,1503.702675,1962.708,819.37,1339.805,8.208,0.0,0.0,0.0,79.975475,42.168,21.725,23.595
500.0,2024-11-19,27991.165,1843.312304,1843.312304,26147.852696,0.0,25310.939,2680.226,13.891174,10.330848,10.045037,11553.741057,0.0,493.264435,501.366,148.379,274.499,15.046387,0.0,0.0,0.0,1518.749063,1984.047,843.409,1351.672,6.7392,20.024109,14594.111639,0.0,66.690566,34.403,21.793,23.859
500.0,2024-11-20,25738.546,1843.312304,1843.312304,23895.233696,0.0,23012.674,2725.872,16.98192,9.138874,10.045037,11553.741057,0.0,492.358271,502.011,153.622,276.52,14.919552,16.933364,12341.492639,0.0,1516.735251,1999.208,863.682,1344.455,7.9488,0.0,0.0,0.0,74.639366,27.292,21.162,24.601
500.0,2024-11-21,27711.666,1843.312304,1843.312304,25868.353696,0.0,25239.673,2471.993,14.274665,8.709206,10.045037,11553.741057,0.0,491.022441,500.55,160.323,278.49,10.844237,0.0,0.0,0.0,1527.579488,2009.499,882.386,1348.411,6.9984,19.640618,14314.612639,0.0,61.997148,23.722,21.739,23.722
500.0,2024-11-22,27422.513,1843.312304,1843.312304,25579.200696,0.0,24882.732,2539.781,14.671403,8.137152,10.045037,11553.741057,0.0,489.114556,498.841,165.427,280.8,11.632896,19.24388,14025.459639,0.0,1519.968503,2016.765,899.124,1339.616,6.5664,0.0,0.0,0.0,68.563548,22.277,21.692,23.877
500.0,2024-11-23,24901.631,1843.312304,1843.312304,23058.318696,0.0,23035.184,1866.447,18.130224,7.42055,10.045037,11553.741057,0.0,486.49007,496.52,170.081,283.434,9.765101,15.78506,11504.577639,0.0,1513.948545,2018.817,914.085,1335.765,5.9616,0.0,0.0,0.0,74.525148,21.947,22.143,24.8
500.0,2024-11-24,24763.581,1843.312304,1843.312304,22920.268696,0.0,21718.394,3045.187,18.319638,6.779808,10.045037,11553.741057,0.0,483.224841,493.497,174.775,286.607,8.993203,0.0,0.0,0.0,1522.941748,2018.975,931.893,1342.306,7.2576,15.595646,11366.527639,0.0,66.187102,22.124,21.739,25.065
500.0,2024-11-25,27594.075,1843.312304,1843.312304,25750.762696,0.0,23975.42,3618.655,14.436008,6.655997,10.045037,11553.741057,0.0,479.835801,489.976,180.595,293.534,9.673517,19.479275,14197.021639,0.0,1513.135989,2025.354,948.281,1357.393,5.7024,0.0,0.0,0.0,71.889502,21.464,21.464,24.759
500.0,2024-11-26,30410.504,1843.312304,1843.312304,28567.191696,0.0,27327.735,3082.769,10.571677,6.753197,10.045037,11553.741057,0.0,476.543961,486.473,185.041,293.075,9.029837,0.0,0.0,0.0,1522.165826,2029.253,959.647,1348.0,6.9984,23.343606,17013.450639,0.0,55.544296,21.35,21.805,24.132
500.0,2024-11-27,32095.481,1843.312304,1843.312304,30252.168696,0.0,27224.914,4870.567,8.259774,7.151242,10.045037,11553.741057,0.0,473.650166,484.106,190.266,296.621,10.572077,25.655509,18698.427639,0.0,1507.082394,2026.303,969.067,1373.695,8.3808,0.0,0.0,0.0,63.925096,21.215,21.202,24.087
500.0,2024-11-28,28387.725,1843.312304,1843.312304,26544.412696,0.0,22735.712,5652.013,13.347067,8.422186,10.045037,11553.741057,0.0,472.027315,484.527,197.751,299.761,11.394605,0.0,0.0,0.0,1518.476999,2025.081,989.919,1417.433,8.7264,20.568217,14990.671639,0.0,52.083279,20.67,22.049,24.595
500.0,2024-11-29,32112.191,1843.312304,1843.312304,30268.878696,0.0,26926.044,5186.147,8.236847,8.709466,10.045037,11553.741057,0.0,470.691743,483.815,203.056,304.912,13.089254,25.678436,18715.137639,0.0,1505.887817,2028.472,994.438,1420.218,10.7136,0.0,0.0,0.0,62.796879,21.162,21.434,23.446
500.0,2024-11-30,23966.831,1843.312304,1843.312304,22123.518696,0.0,21928.94,2037.891,19.412832,9.924336,10.045037,11553.741057,0.0,470.571043,482.87,205.475,304.619,14.613178,14.502451,10569.777639,0.0,1505.998544,2036.53,992.956,1424.745,8.9856,0.0,0.0,0.0,71.782479,21.682,21.683,24.063
500.0,2024-12-01,22512.469,1944.040499,1944.040499,20568.428501,0.0,20647.272,1865.197,21.546522,8.985254,10.045037,11553.741057,0.0,469.51126,482.209,211.207,303.491,16.036531,0.0,0.0,0.0,1522.035075,2050.956,992.36,1428.524,7.8624,12.368762,9014.687444,0.0,67.276117,21.196,21.532,23.769
500.0,2024-12-02,32136.112,1944.040499,1944.040499,30192.071501,0.0,27407.103,4729.009,8.342232,8.11633,10.045037,11553.741057,0.0,467.582553,480.434,217.807,301.63,13.317437,0.0,0.0,0.0,1535.352512,2060.31,985.878,1427.347,8.2944,25.573052,18638.330444,0.0,49.997466,21.334,21.356,22.875
500.0,2024-12-03,27478.701,1944.040499,1944.040499,25534.660501,0.0,23446.649,4032.052,14.732515,9.114854,10.045037,11553.741057,0.0,466.652371,478.691,224.308,305.534,14.995584,19.182768,13980.919444,0.0,1531.165328,2065.426,994.792,1443.599,10.368,0.0,0.0,0.0,60.365466,21.951,21.062,23.45
500.0,2024-12-04,29341.881,1944.040499,1944.040499,27397.840501,0.0,25301.145,4040.736,12.176106,11.659162,10.045037,11553.741057,0.0,468.266495,478.262,230.084,309.689,18.612202,21.739177,15844.099444,0.0,1528.038352,2076.715,1004.094,1460.74,13.2192,0.0,0.0,0.0,73.584666,26.653,21.184,23.838
500.0,2024-12-05,27345.714,1944.040499,1944.040499,25401.673501,0.0,23853.166,3492.548,14.914982,15.448838,10.045037,11553.741057,0.0,473.670297,481.717,234.797,314.728,26.872301,0.0,0.0,0.0,1554.910653,2097.38,1001.871,1475.837,17.8848,19.000301,13847.932444,0.0,72.469165,31.877,20.938,23.02
500.0,2024-12-06,34120.251,1944.040499,1944.040499,32176.210501,0.0,29881.587,4238.664,5.619859,13.425955,10.045037,11553.741057,0.0,477.051215,485.936,236.685,322.982,30.343162,0.0,0.0,0.0,1585.253814,2125.438,1016.805,1491.099,9.5904,28.295425,20622.469444,0.0,53.76414,29.399,20.863,23.207
500.0,2024-12-07,25330.897,1944.040499,1944.040499,23386.856501,0.0,22837.534,2493.363,17.679447,10.461139,10.045037,11553.741057,0.0,477.467318,487.575,240.021,325.611,26.123386,16.235836,11833.115444,0.0,1595.141364,2152.747,1025.437,1500.131,7.9488,0.0,0.0,0.0,61.71294,22.76,21.436,23.507
500.0,2024-12-08,22172.115,1944.040499,1944.040499,20228.074501,0.0,19848.325,2323.79,22.01351,12.265603,10.045037,11553.741057,0.0,479.687884,488.51,244.192,328.233,24.33145,11.901773,8674.333444,0.0,1607.571041,2178.589,1029.486,1497.164,10.7136,0.0,0.0,0.0,72.42654,20.169,21.239,23.877
500.0,2024-12-09,28018.556,1944.040499,1944.040499,26074.515501,0.0,24748.639,3269.917,13.991797,16.416432,10.045037,11553.741057,0.0,486.059279,491.961,249.211,331.225,25.108272,0.0,0.0,0.0,1632.679313,2200.738,1037.851,1497.293,14.6016,19.923486,14520.774444,0.0,67.104654,24.609,21.632,24.458
500.0,2024-12-10,34374.098,1944.040499,1944.040499,32430.057501,0.0,31284.291,3089.807,5.271563,13.013914,10.045037,11553.741057,0.0,489.028156,496.507,252.12,328.392,22.898938,28.64372,20876.316444,0.0,1626.93453,2214.883,1050.148,1504.538,9.072,0.0,0.0,0.0,76.176654,25.215,21.49,24.52
500.0,2024-12-11,35203.661,1944.040499,1944.040499,33259.620501,0.0,30903.657,4300.004,4.133347,9.863078,10.045037,11553.741057,0.0,488.846198,497.064,252.907,325.87,17.215373,0.0,0.0,0.0,1644.149903,2222.208,1064.655,1512.917,6.9984,29.781937,21705.879444,0.0,53.393118,21.869,21.725,24.671
500.0,2024-12-12,38048.593,1944.040499,1944.040499,36104.552501,0.0,30977.431,7071.162,0.229907,7.799674,10.045037,11553.741057,0.0,486.600835,495.124,253.95,328.157,15.566429,33.685376,24550.811444,0.0,1626.030956,2223.173,1076.622,1515.3,7.9488,0.0,0.0,0.0,61.341918,19.696,21.686,24.08
500.0,2024-12-13,31062.428,1944.040499,1944.040499,29118.387501,0.0,27880.339,3182.089,9.815399,7.013779,10.045037,11553.741057,0.0,483.569577,491.666,253.96,346.315,14.817946,24.099884,17564.646444,0.0,1616.749017,2224.538,1092.192,1528.89,9.504,0.0,0.0,0.0,70.845918,22.331,22.096,24.55
500.0,2024-12-14,23977.947,1944.040499,1944.040499,22033.906501,0.0,22085.616,1892.331,19.535786,12.074573,10.045037,11553.741057,0.0,485.599113,490.149,257.407,358.189,24.537427,0.0,0.0,0.0,1641.286445,2242.16,1103.972,1538.038,27.0432,14.379497,10480.165444,0.0,83.509621,26.518,22.102,25.964
500.0,2024-12-15,26924.154,1944.040499,1944.040499,24980.113501,0.0,24984.529,1939.625,15.493391,18.596995,10.045037,11553.741057,0.0,494.151071,496.017,259.527,359.915,31.278528,0.0,0.0,0.0,1672.564973,2270.859,1125.112,1543.113,19.872,18.421892,13426.372444,0.0,84.959729,41.666,22.569,25.731
500.0,2024-12-16,32871.882,1944.040499,1944.040499,30927.841501,0.0,28755.763,4116.119,7.332705,14.71919,10.045037,11553.741057,0.0,498.825225,501.585,259.483,360.384,33.352387,0.0,0.0,0.0,1705.91736,2300.424,1150.213,1550.19,12.2688,26.582578,19374.100444,0.0,70.645951,40.393,21.541,24.962
500.0,2024-12-17,25032.251,1944.040499,1944.040499,23088.210501,0.0,23100.283,1931.968,18.08921,10.767773,10.045037,11553.741057,0.0,499.547961,503.565,258.053,361.299,24.071126,15.826073,11534.469444,0.0,1714.162413,2329.046,1172.131,1562.901,9.7632,0.0,0.0,0.0,80.409151,36.369,21.622,25.004
500.0,2024-12-18,24319.525,1944.040499,1944.040499,22375.484501,0.0,22418.186,1901.339,19.067118,9.089971,10.045037,11553.741057,0.0,498.592895,502.663,256.311,361.796,19.481472,0.0,0.0,0.0,1733.643885,2353.799,1187.329,1584.871,7.9488,14.848165,10821.743444,0.0,73.509786,32.619,21.735,24.586
500.0,2024-12-19,23924.126,1944.040499,1944.040499,21980.085501,0.0,22380.795,1543.331,19.609633,7.718112,10.045037,11553.741057,0.0,496.265971,499.987,253.405,369.819,15.19465,14.305651,10426.344444,0.0,1734.532884,2370.071,1193.165,1603.84,7.2576,0.0,0.0,0.0,80.767386,28.477,21.704,27.275
500.0,2024-12-20,25658.151,1944.040499,1944.040499,23714.110501,0.0,23029.269,2628.882,17.230433,7.899034,10.045037,11553.741057,0.0,494.119967,496.963,251.667,367.801,16.586467,0.0,0.0,0.0,1751.119351,2383.135,1215.395,1634.844,7.2576,16.68485,12160.369444,0.0,71.340136,25.552,22.583,25.511
500.0,2024-12-21,19271.072,1944.040499,1944.040499,17327.031501,0.0,17016.165,2254.907,25.993938,8.388317,10.045037,11553.741057,0.0,492.463247,494.992,253.829,366.552,15.604531,7.921345,5773.290444,0.0,1758.802537,2397.337,1233.894,1652.647,8.208,0.0,0.0,0.0,79.548136,25.147,22.563,25.811
500.0,2024-12-22,21449.084,1944.040499,1944.040499,19505.043501,0.0,19412.908,2036.176,23.005558,7.617283,10.045037,11553.741057,0.0,490.035494,492.543,257.201,370.213,10.991203,0.0,0.0,0.0,1769.79374,2412.903,1250.365,1646.868,7.1712,10.909725,7951.302444,0.0,75.80961,25.476,22.486,24.093
500.0,2024-12-23,27644.207,1944.040499,1944.040499,25700.166501,0.0,25621.219,2022.988,14.505429,7.460467,10.045037,11553.741057,0.0,487.450924,489.449,263.856,368.481,8.084621,0.0,0.0,0.0,1777.878361,2416.548,1267.265,1647.991,6.6528,19.409854,14146.425444,0.0,63.052557,25.523,21.835,23.566
500.0,2024-12-24,30839.536,1944.040499,1944.040499,28895.495501,0.0,28825.254,2014.282,10.121222,6.594826,10.045037,11553.741057,0.0,484.000713,485.659,264.416,367.531,6.901114,23.794061,17341.754444,0.0,1760.985413,2413.682,1285.688,1644.658,6.7392,0.0,0.0,0.0,69.791757,27.175,21.017,23.889
500.0,2024-12-25,27279.032,1944.040499,1944.040499,25334.991501,0.0,25231.679,2047.353,15.006474,7.768742,10.045037,11553.741057,0.0,481.724419,482.141,263.669,369.731,11.398838,0.0,0.0,0.0,1772.384251,2410.82,1304.778,1665.107,8.208,18.908809,13781.250444,0.0,59.090948,27.031,21.61,23.712
500.0,2024-12-26,25664.388,1944.040499,1944.040499,23720.347501,0.0,23481.968,2182.42,17.221875,7.754227,10.045037,11553.741057,0.0,479.433609,479.426,264.08,372.432,12.007699,16.693408,12166.606444,0.0,1767.698543,2417.677,1321.499,1676.306,7.5168,0.0,0.0,0.0,66.607748,26.99,21.678,24.223
500.0,2024-12-27,21933.514,1944.040499,1944.040499,19989.473501,0.0,19865.846,2067.668,22.340887,7.597238,10.045037,11553.741057,0.0,476.985811,479.638,263.753,367.321,8.808739,11.574396,8435.732444,0.0,1764.932886,2426.915,1335.049,1681.456,7.4304,0.0,0.0,0.0,74.038148,25.221,22.023,24.333
500.0,2024-12-28,24783.796,1944.040499,1944.040499,22839.755501,0.0,22235.853,2547.943,18.430107,7.720618,10.045037,11553.741057,0.0,474.661391,480.647,287.436,366.815,7.863264,0.0,0.0,0.0,1772.79615,2431.227,1342.336,1683.395,7.6032,15.485176,11286.014444,0.0,66.156172,25.278,21.266,24.444
500.0,2024-12-29,27372.185,1944.040499,1944.040499,25428.144501,0.0,24602.649,2769.536,14.878662,8.190115,10.045037,11553.741057,0.0,472.80647,477.883,293.059,374.325,8.793101,19.036621,13874.403444,0.0,1762.552629,2435.458,1340.584,1682.843,6.912,0.0,0.0,0.0,73.068172,24.306,21.596,23.282
500.0,2024-12-30,29288.065,1944.040499,1944.040499,27344.024501,0.0,26749.181,2538.884,12.249945,9.691574,10.045037,11553.741057,0.0,472.453007,475.832,297.017,398.625,10.741075,0.0,0.0,0.0,1773.293705,2439.93,1333.852,1676.825,7.2576,21.665338,15790.283444,0.0,58.660433,25.101,21.489,23.266
500.0,2024-12-31,28331.555,1944.040499,1944.040499,26387.514501,0.0,24820.639,3510.916,13.562341,9.183197,10.045037,11553.741057,0.0,471.591167,475.698,297.329,397.086,9.256637,20.352942,14833.773444,0.0,1762.1974,2444.94,1389.498,1674.486,7.1712,0.0,0.0,0.0,65.831633,25.229,21.467,23.247
1000.0,2024-01-01,20346.947,3414.09812,3414.09812,16932.84888,0.0,11797.967,8548.98,20.727305,11.147155,0.0,0.0,0.0,147.532155,136.385,298.36,395.885,23.900918,23.233015,16932.84888,0.0,1611.100903,1610.433,1402.642,1699.801,6.048,0.0,0.0,0.0,28.22,22.172,21.894,23.379
1000.0,2024-01-02,23287.112,3414.09812,3414.09812,19873.01388,0.0,13939.435,9347.677,16.693199,7.489325,0.0,0.0,0.0,155.02148,144.224,299.038,399.705,18.593798,27.267121,19873.01388,0.0,1602.427581,1619.527,1413.31,1727.428,5.0112,0.0,0.0,0.0,33.2312,22.225,22.151,23.786
1000.0,2024-01-03,33056.541,3414.09812,3414.09812,29642.44288,0.0,22420.688,10635.853,3.288881,6.988723,0.0,0.0,0.0,162.010203,147.474,300.871,402.512,14.13599,40.671439,29642.44288,0.0,1575.892132,1620.611,1424.068,1750.604,5.0976,0.0,0.0,0.0,38.3288,22.63,22.307,24.072
1000.0,2024-01-04,29366.939,3414.09812,3414.09812,25952.84088,0.0,18560.245,10806.694,8.351265,6.093619,0.0,0.0,0.0,168.103822,146.604,301.426,413.288,15.059434,13.920055,10145.312077,0.0,1577.03151,1621.471,1434.784,1754.389,5.0112,21.689,15807.528803,0.0,21.651,22.172,21.651,24.075
1000.0,2024-01-05,33702.494,3414.09812,3414.09812,30288.39588,0.0,20397.112,13305.382,2.40259,5.543165,0.0,0.0,0.0,173.646987,145.324,313.57,425.403,9.924509,41.55773,30288.39588,0.0,1545.398289,1625.23,1449.602,1748.861,4.8384,0.0,0.0,0.0,26.4894,21.74,21.29,23.604
1000.0,2024-01-06,28847.568,3414.09812,3414.09812,25433.46988,0.0,15412.399,13435.169,9.063877,6.61081,0.0,0.0,0.0,180.257797,144.565,325.103,433.352,13.655347,34.896443,25433.46988,0.0,1524.157193,1626.104,1456.676,1744.266,4.8384,0.0,0.0,0.0,31.3278,22.728,22.024,23.87
1000.0,2024-01-07,32012.426,3414.09812,3414.09812,28598.32788,0.0,18043.519,13968.907,4.721477,5.665334,0.0,0.0,0.0,185.923131,144.234,325.276,435.063,11.772864,25.073043,18273.910363,0.0,1510.857015,1628.912,1468.727,1748.034,4.32,14.1658,10324.417517,0.0,21.482,22.7,21.482,24.102
1000.0,2024-01-08,39310.736,3414.09812,3414.09812,31028.678514,4867.959366,21188.958,18121.778,1.386872,5.894726,0.0,0.0,0.0,191.817858,142.645,325.481,433.577,11.225434,37.708448,27482.935159,0.0,1484.374,1626.973,1484.374,1763.415,4.752,4.865,3545.743355,0.0,21.369,23.046,21.369,23.263
1000.0,2024-01-09,39341.598,3414.09812,3414.09812,2644.475887,33283.023993,20585.413,18756.185,40.33192,5.045414,0.0,0.0,0.0,196.863272,142.064,329.272,431.71,10.521446,0.0,0.0,0.0,1494.895446,1625.629,1510.305,1787.022,3.1104,3.6284,2644.475887,0.0,20.851,22.152,20.851,24.577
1000.0,2024-01-10,44805.515,3414.09812,3414.09812,5881.076483,35510.340396,24649.852,20155.663,35.891085,4.804186,0.0,0.0,0.0,201.667458,139.671,338.438,449.351,12.911789,2.917235,2126.159779,0.0,1504.89,1617.91,1504.89,1804.423,5.184,5.152,3754.916704,0.0,20.883,22.916,20.883,23.643
1000.0,2024-01-11,40871.716,3414.09812,3414.09812,16109.590862,21348.027018,21213.377,19658.339,21.85687,5.89127,0.0,0.0,0.0,207.558728,139.241,345.992,453.78,11.09065,20.07365,14630.217817,0.0,1495.907,1616.909,1495.907,1824.92,2.7648,2.0298,1479.373045,0.0,21.618,22.406,21.618,23.607
1000.0,2024-01-12,43048.166,3414.09812,3414.09812,20682.317929,18951.749951,23246.635,19801.531,15.582779,4.073069,0.0,0.0,0.0,211.631797,136.671,345.105,449.152,11.026541,24.078541,17549.090656,0.0,1482.855,1611.936,1482.855,1848.031,3.888,4.299,3133.227273,0.0,21.207,22.387,21.207,23.9
1000.0,2024-01-13,35078.847,3414.09812,3414.09812,17879.852172,13784.896707,18666.398,16412.449,19.427952,4.500576,0.0,0.0,0.0,216.132373,133.287,345.247,448.415,13.423968,19.802968,14432.937759,0.0,1476.476,1606.939,1476.476,1882.232,4.8384,4.7294,3446.914414,0.0,21.316,22.25,21.316,24.283
1000.0,2024-01-14,31719.153,3414.09812,3414.09812,9162.64279,19142.41209,16766.116,14953.037,31.388554,6.132845,0.0,0.0,0.0,222.265218,130.768,344.435,448.09,13.657766,6.583766,4798.426714,0.0,1483.55,1613.801,1483.55,1898.634,6.048,5.988,4364.216076,0.0,21.376,21.761,21.376,24.439
1000.0,2024-01-15,40842.146,3414.09812,3414.09812,7280.703027,30147.344853,24755.965,16086.181,33.970702,7.132579,0.0,0.0,0.0,229.397797,128.973,343.522,447.6,14.405818,3.750818,2733.697139,0.0,1494.205,1619.943,1494.205,1906.715,6.6528,6.2388,4547.005888,0.0,21.79,23.019,21.79,24.249
1000.0,2024-01-16,45617.861,3414.09812,3414.09812,5464.225921,36739.536958,28572.55,17045.311,36.463032,6.183562,0.0,0.0,0.0,235.581358,128.37,342.534,448.26,15.534288,2.839288,2069.349755,0.0,1506.9,1614.761,1506.9,1917.631,4.32,4.658,3394.876166,0.0,21.452,22.081,21.452,23.616
1000.0,2024-01-17,51898.987,3414.09812,3414.09812,3090.080715,45394.808165,32336.319,19562.668,39.72052,6.050938,0.0,0.0,0.0,241.632296,126.275,341.241,452.429,13.224902,0.0,0.0,0.0,1520.124902,1606.837,1523.248,1919.161,3.6288,4.2398,3090.080715,0.0,20.841,21.083,20.841,23.643
1000.0,2024-01-18,53680.24,3414.09812,3414.09812,2932.945613,47333.196266,33867.339,19812.901,39.93612,5.948122,0.0,0.0,0.0,247.580418,123.642,344.676,457.703,14.273453,0.0,0.0,0.0,1534.398355,1598.89,1569.26,1915.919,4.1472,4.0242,2932.945613,0.0,20.964,18.145,20.964,24.503
1000.0,2024-01-19,46323.502,3414.09812,3414.09812,19439.565275,23469.838605,27642.364,18681.138,17.28792,27.190512,0.0,0.0,0.0,274.77093,128.293,349.789,461.66,32.563469,0.0,0.0,0.0,1566.961824,1604.396,1604.396,1915.312,26.8704,26.6724,19439.565275,0.0,21.162,18.182,21.162,23.823
1000.0,2024-01-20,35387.731,3414.09812,3414.09812,31973.63288,0.0,22388.467,12999.264,0.09033,52.911706,0.0,0.0,0.0,327.682635,167.253,352.046,465.031,99.170093,0.0,0.0,0.0,1666.131917,1667.686,1628.785,1942.098,44.5824,43.86999,31973.63288,0.0,21.87441,46.853,21.014,23.665
1000.0,2024-01-21,40195.282,3414.09812,3414.09812,32039.468145,4741.715735,25787.45,14407.832,0.0,22.83336,0.0,0.0,0.0,350.515995,195.59,354.842,465.11,59.414861,43.96032,32039.468145,0.0,1681.586458,1746.831,1641.671,1949.572,12.7008,0.0,0.0,0.0,34.57521,54.099,21.155,23.351
1000.0,2024-01-22,46444.13,3414.09812,3414.09812,32039.468145,10990.563735,27986.855,18457.275,0.0,15.467414,0.0,0.0,0.0,365.98341,206.842,359.167,464.653,36.73849,21.38351,15584.879121,0.0,1696.941438,1783.981,1637.74,1940.063,9.8496,22.57681,16454.589024,0.0,21.848,47.105,21.848,23.608
1000.0,2024-01-23,36061.272,3414.09812,3414.09812,32647.17388,0.0,23534.848,12526.424,4.973665,23.163149,10.045037,11553.741057,0.0,379.101522,222.651,365.766,464.35,41.240621,10.714018,7808.665797,0.0,1727.46804,1810.618,1704.79,1957.9,18.0576,18.2276,13284.767025,0.0,21.678,44.571,21.678,24.778
1000.0,2024-01-24,34974.055,3414.09812,3414.09812,31559.95688,0.0,28663.646,6310.409,0.657922,15.870298,0.0,0.0,0.0,394.971819,236.417,390.367,465.084,31.068317,33.226998,24216.733324,0.0,1725.309359,1842.396,1709.624,2009.821,10.0224,10.0754,7343.223556,0.0,21.625,41.748,21.625,23.972
1000.0,2024-01-25,35649.024,3414.09812,3414.09812,32234.92588,0.0,29005.51,6643.514,5.539297,11.125469,10.045037,11553.741057,0.0,396.052251,240.877,394.774,466.04,21.215952,22.250786,16216.973682,0.0,1724.274525,1858.212,1719.438,2045.073,5.8752,6.1252,4464.21114,0.0,21.375,34.807,21.375,23.52
1000.0,2024-01-26,36699.139,3414.09812,3414.09812,23750.916754,9534.124125,28542.686,8156.453,15.359933,8.565782,6.897034,7932.926665,0.0,397.721,243.069,397.721,466.991,20.642429,15.935954,11614.55325,0.0,1728.981,1865.047,1728.981,2063.866,5.7024,5.7674,4203.43684,0.0,21.31,24.736,21.31,23.779
1000.0,2024-01-27,26150.449,3414.09812,3414.09812,22736.35088,0.0,18879.436,7271.013,14.46391,28.464048,2.93941,3380.892241,0.0,423.245638,256.826,398.649,473.617,36.577872,0.0,0.0,0.0,1765.558872,1881.002,1739.364,2074.37,26.352,26.557,19355.458639,0.0,21.105,27.564,21.105,24.085
1000.0,2024-01-28,28605.396,3414.09812,3414.09812,25191.29788,0.0,20931.061,7674.335,15.203632,18.446746,10.045037,11553.741057,0.0,431.647346,276.417,403.144,470.493,42.367277,18.711651,13637.556822,0.0,1789.214497,1924.232,1743.233,2074.585,11.0592,0.0,0.0,0.0,32.1642,29.921,21.646,24.402
1000.0,2024-01-29,28136.279,3414.09812,3414.09812,24722.18088,0.0,21096.408,7039.871,15.729766,11.753165,9.841754,11319.926942,0.0,433.558757,285.81,409.458,468.342,27.457574,0.0,0.0,0.0,1816.672072,1956.856,1771.013,2079.326,8.1216,18.3888,13402.253938,0.0,21.897,25.081,21.897,24.158
1000.0,2024-01-30,34103.926,3414.09812,3414.09812,30689.82788,0.0,24830.806,9273.12,7.659276,9.495965,10.045037,11553.741057,0.0,433.009685,292.597,408.566,465.866,19.466525,26.256007,19136.086822,0.0,1809.882589,1969.527,1783.199,2101.077,7.0848,0.0,0.0,0.0,28.9818,24.328,21.544,24.203
1000.0,2024-01-31,39729.131,3414.09812,3414.09812,36272.115166,42.917714,28921.861,10807.27,0.0,7.722605,10.045037,11553.741057,0.0,430.687253,294.187,408.056,467.278,17.411328,19.002083,13849.231292,0.0,1808.291834,1972.288,1800.325,2101.221,7.4304,14.9132,10869.142816,0.0,21.499,24.425,21.499,23.983
1000.0,2024-02-01,35789.965,3428.31214,3428.31214,21941.557701,10420.095159,27845.727,7944.238,19.662495,7.372685,10.045037,11553.741057,0.0,428.014901,293.78,406.35,468.272,15.625354,9.068188,6609.140179,0.0,1814.849,1971.317,1814.849,2124.902,5.9616,5.1846,3778.676464,0.0,22.276,23.025,22.276,24.624
1000.0,2024-02-02,30036.385,3428.31214,3428.31214,17228.388079,9379.684781,22543.765,7492.62,26.129283,7.844515,10.045037,11553.741057,0.0,425.814379,294.924,403.71,482.117,15.428966,0.0,0.0,0.0,1830.277966,1966.178,1836.985,2138.155,6.912,7.786,5674.647022,0.0,21.402,21.127,21.402,23.587
1000.0,2024-02-03,23127.52,3428.31214,3428.31214,15837.640398,3861.567462,16338.446,6789.074,28.037483,7.533821,10.045037,11553.741057,0.0,423.303163,296.973,400.772,481.815,12.658378,0.0,0.0,0.0,1842.936344,1964.769,1854.809,2133.299,5.7888,5.8778,4283.899341,0.0,21.313,20.862,21.313,23.14
1000.0,2024-02-04,24767.996,3428.31214,3428.31214,16086.899232,5252.784628,17878.876,6889.12,27.695483,6.482333,10.045037,11553.741057,0.0,419.740459,299.452,396.993,486.607,14.727744,0.0,0.0,0.0,1857.664088,1968.765,1866.01,2144.081,5.7888,6.2198,4533.158175,0.0,20.882,20.882,20.882,24.074
1000.0,2024-02-05,29262.222,3428.31214,3428.31214,14828.506534,11005.403327,21936.206,7326.016,29.422083,5.751389,10.045037,11553.741057,0.0,415.446811,299.968,392.532,486.775,9.554198,0.0,0.0,0.0,1867.218286,1970.833,1888.714,2158.956,5.0112,4.4932,3274.765476,0.0,21.4,21.014,21.4,24.161
1000.0,2024-02-06,26487.91,3428.31214,3428.31214,15102.108189,7957.489671,19464.202,7023.708,29.046683,5.6808,10.045037,11553.741057,0.0,411.082574,297.7,386.938,488.173,9.741946,0.0,0.0,0.0,1876.960232,1966.046,1898.444,2162.397,4.6656,4.8686,3548.367132,0.0,21.197,20.548,21.197,24.379
1000.0,2024-02-07,37760.973,3428.31214,3428.31214,14684.636084,19648.024776,26719.213,11041.76,29.619483,5.361811,10.045037,11553.741057,0.0,406.399349,294.126,385.371,490.299,11.339914,0.0,0.0,0.0,1888.300146,1962.123,1900.205,2161.885,4.0608,4.2958,3130.895027,0.0,20.962,20.962,20.962,22.476
1000.0,2024-02-08,40772.477,3428.31214,3428.31214,15668.097746,21676.067114,29467.873,11304.604,28.270107,5.559408,10.045037,11553.741057,0.0,401.91372,289.993,381.906,489.384,12.12503,1.621176,1181.556841,0.0,1898.804,1954.878,1898.804,2170.718,4.32,4.024,2932.799848,0.0,21.258,22.001,21.258,22.664
1000.0,2024-02-09,39679.321,3428.31214,3428.31214,24269.96355,11981.04531,29231.232,10448.089,16.467765,5.80271,10.045037,11553.741057,0.0,397.671393,286.208,378.498,487.145,12.064118,12.228118,8912.182849,0.0,1898.64,1951.305,1898.64,2195.988,4.8384,5.2194,3804.039644,0.0,20.877,21.929,20.877,22.805
1000.0,2024-02-10,30025.479,3428.31214,3428.31214,18760.445404,7836.721456,20852.84,9172.639,24.027197,5.046624,10.045037,11553.741057,0.0,392.672981,282.227,381.198,484.623,11.577686,6.272686,4571.703211,0.0,1903.945,1946.403,1903.945,2184.627,3.9744,3.6154,2635.001136,0.0,21.236,21.93,21.236,23.032
1000.0,2024-02-11,27278.498,3428.31214,3428.31214,23850.18586,0.0,18577.156,8701.342,17.043728,5.252083,10.045037,11553.741057,0.0,387.880027,281.922,383.993,481.097,10.294474,12.277955,8948.505096,0.0,1901.961519,1942.596,1900.288,2174.928,4.2336,4.5936,3347.939707,0.0,20.876,21.649,20.876,22.687
1000.0,2024-02-12,41185.846,3428.31214,3428.31214,19198.800059,18558.733802,27792.556,13393.29,21.733486,3.752957,7.117984,8187.062372,0.0,384.515,279.003,384.515,480.346,9.351331,11.46485,8355.892098,0.0,1899.848,1931.565,1899.848,2158.164,3.888,3.644,2655.845588,0.0,21.12,21.783,21.12,22.598
1000.0,2024-02-13,40832.091,3428.31214,3428.31214,7062.338355,30341.440505,28397.821,12434.27,36.418998,4.792522,3.716522,4274.720845,0.0,385.591,273.937,385.591,476.718,7.418995,0.0,0.0,0.0,1907.266995,1917.2,1908.335,2154.391,3.6288,3.8248,2787.61751,0.0,20.924,21.882,20.924,22.897
1000.0,2024-02-14,39898.738,3428.31214,3428.31214,15554.676254,20915.749606,26297.573,13601.165,25.099755,4.72919,4.29219,4936.851645,0.0,386.028,268.532,386.028,477.73,8.882179,10.085174,7350.347402,0.0,1906.064,1906.064,1906.064,2160.283,4.1472,4.4832,3267.477206,0.0,20.588,22.057,20.588,22.964
1000.0,2024-02-15,39052.102,3428.31214,3428.31214,22756.665049,12867.124812,25364.651,13687.451,17.835064,3.792614,8.818614,10143.117371,0.0,381.002,263.478,381.002,481.77,6.503242,13.231242,9643.286122,0.0,1899.336,1899.336,1899.336,2179.359,4.4064,4.0754,2970.261556,0.0,20.919,21.094,20.919,23.112
1000.0,2024-02-16,43782.486,3428.31214,3428.31214,29719.049694,10635.124166,26872.172,16910.314,8.99125,8.501674,10.045037,11553.741057,0.0,379.458637,258.795,376.447,481.324,13.471834,16.449834,11989.082873,0.0,1896.358,1896.079,1896.358,2169.399,8.4672,8.4742,6176.225763,0.0,20.912,23.352,20.912,23.055
1000.0,2024-02-17,33337.292,3428.31214,3428.31214,25604.627702,4304.352158,19798.821,13538.471,14.636515,9.026294,10.045037,11553.741057,0.0,378.439894,259.236,373.546,482.509,17.959968,13.889968,10123.383708,0.0,1900.428,1900.428,1900.428,2159.598,5.3568,5.3888,3927.502938,0.0,20.88,23.056,20.88,23.056
1000.0,2024-02-18,27702.395,3428.31214,3428.31214,17202.987584,7071.095277,16319.434,11382.961,26.164134,6.894374,10.045037,11553.741057,0.0,375.289232,258.531,371.901,482.368,18.357149,3.677149,2680.005328,0.0,1915.108,1915.108,1915.108,2150.383,4.752,4.074,2969.241198,0.0,21.558,22.397,21.558,23.895
1000.0,2024-02-19,36868.353,3428.31214,3428.31214,14777.030357,18663.010503,22950.0,13918.353,29.492712,5.322931,10.045037,11553.741057,0.0,370.567126,256.478,367.297,479.282,13.161571,0.403571,294.133587,0.0,1927.866,1927.866,1927.866,2133.997,3.456,4.019,2929.155713,0.0,20.995,21.898,20.995,23.246
1000.0,2024-02-20,44902.092,3428.31214,3428.31214,13667.928405,27805.851455,29408.366,15493.726,30.330074,5.63112,8.861246,10192.152442,0.0,367.337,252.572,367.337,476.584,14.578531,0.0,0.0,0.0,1942.444531,1924.852,1966.137,2136.832,4.752,4.769,3475.775963,0.0,20.978,22.631,20.978,22.863
1000.0,2024-02-21,48161.634,3428.31214,3428.31214,13119.670171,31613.65169,27351.682,20809.952,30.923058,4.125773,8.585773,9875.30436,0.0,362.877,249.909,362.877,481.95,12.591158,0.35269,257.049703,0.0,1954.683,1917.381,1954.683,2142.714,3.6288,4.0988,2987.316108,0.0,20.508,22.81,20.508,22.969
1000.0,2024-02-22,50206.849,3428.31214,3428.31214,26574.789744,20203.747116,28722.075,21484.774,13.037552,5.05777,9.58177,11020.893903,0.0,358.353,247.39,358.353,487.708,9.824198,17.246198,12569.495041,0.0,1947.261,1900.915,1947.261,2145.889,3.6288,4.0948,2984.4008,0.0,20.042,22.151,20.042,22.151
1000.0,2024-02-23,44192.472,3428.31214,3428.31214,19645.571147,21118.588713,25504.107,18688.365,22.09565,4.400698,8.804698,10127.110351,0.0,353.949,243.806,353.949,493.06,9.331373,9.795373,7139.132172,0.0,1946.797,1883.987,1946.797,2147.35,3.8016,3.2646,2379.328624,0.0,20.579,22.1,20.579,22.771
1000.0,2024-02-24,35535.291,3428.31214,3428.31214,21337.36236,10769.616501,20867.145,14668.146,18.437731,4.433702,6.492702,7467.867344,0.0,351.89,242.507,351.89,497.481,11.167286,14.343286,10453.774397,0.0,1943.621,1870.009,1943.621,2148.314,5.5296,4.6866,3415.720618,0.0,21.422,22.571,21.422,23.228
1000.0,2024-02-25,37380.686,3428.31214,3428.31214,32376.660191,1575.713669,21453.267,15927.419,3.059101,8.984477,6.091477,7006.380066,0.0,354.783,245.08,354.783,498.482,13.514342,26.204342,19098.432258,0.0,1930.931,1858.792,1930.931,2134.451,8.2944,8.6054,6271.847866,0.0,21.111,26.065,21.111,23.15
1000.0,2024-02-26,45658.176,3428.31214,3428.31214,5560.741199,36669.122661,26026.228,19631.948,37.165475,7.12705,1.44405,1660.937186,0.0,360.466,247.694,360.466,495.313,18.305395,1.397395,1018.459351,0.0,1947.839,1861.866,1947.839,2125.856,4.4064,3.9534,2881.344662,0.0,21.564,24.242,21.564,22.707
1000.0,2024-02-27,42939.629,3428.31214,3428.31214,13070.069751,26441.24711,26303.337,16636.292,26.027299,5.774371,0.0,0.0,0.0,366.240371,244.289,366.903,492.263,17.513021,13.712021,9993.690984,0.0,1951.64,1862.5,1951.64,2117.73,4.32,4.221,3076.378767,0.0,21.663,26.159,21.663,23.158
1000.0,2024-02-28,45113.361,3428.31214,3428.31214,16276.642675,25408.406186,25290.399,19822.962,21.627664,5.034874,0.0,0.0,0.0,371.275245,240.749,373.091,489.132,12.790656,18.916656,13786.969643,0.0,1945.514,1858.293,1945.514,2112.366,3.456,3.416,2489.673032,0.0,21.703,28.484,21.703,23.858
1000.0,2024-02-29,45003.553,3428.31214,3428.31214,36272.115166,5303.125694,24602.308,20401.245,0.0,4.677437,10.045037,11553.741057,0.0,365.907645,237.658,290.7215,432.957,11.99759,33.915283,24718.374109,0.0,1923.596307,1853.886,1796.65125,2152.2605,3.888,0.0,0.0,0.0,25.591,29.912,22.05775,23.599
1000.0,2024-03-01,42497.578,3235.876185,3235.876185,5438.069778,33823.632037,21442.062,21055.516,36.49892,4.049914,0.0,0.0,0.0,369.957558,234.807,373.525,480.534,9.778838,0.0,0.0,0.0,1933.375146,1844.9,1936.724,2108.615,3.1104,7.4614,5438.069778,0.0,21.24,30.843,21.24,22.303
1000.0,2024-03-02,30784.283,3235.876185,3235.876185,20489.326845,7059.07997,14284.344,16499.939,17.67489,5.088096,3.160654,3635.365727,0.0,371.885,232.612,371.885,482.551,11.39063,18.877776,13758.632849,0.0,1925.888,1844.348,1925.888,2102.106,4.32,4.247,3095.328269,0.0,21.313,31.473,21.313,22.922
1000.0,2024-03-03,29269.786,3235.876185,3235.876185,20418.695955,5615.21386,13775.125,15494.661,15.944486,3.945024,0.0,0.0,0.0,375.830024,228.857,376.468,476.253,12.985834,25.089834,18286.148153,0.0,1913.784,1852.611,1913.784,2080.61,3.024,2.926,2132.547802,0.0,21.411,31.217,21.411,22.582
1000.0,2024-03-04,34129.634,3235.876185,3235.876185,15904.920452,14988.837363,17303.75,16825.884,27.668842,5.540054,9.567078,11003.996173,0.0,371.803,227.428,371.803,483.766,11.646979,0.0,0.0,0.0,1925.430979,1860.123,1927.308,2060.752,6.1344,6.7244,4900.924279,0.0,20.821,31.703,20.821,23.099
1000.0,2024-03-05,31949.42,3235.876185,3235.876185,3183.953632,25529.590183,19635.717,12313.703,39.59172,6.303312,0.0,0.0,0.0,378.106312,226.397,380.847,480.404,11.245133,0.0,0.0,0.0,1936.676112,1858.793,1936.812,2071.771,4.2336,4.3686,3183.953632,0.0,20.686,32.65,20.686,22.507
1000.0,2024-03-06,41884.246,3235.876185,3235.876185,23465.750302,15182.619513,22461.918,19422.328,12.620195,5.579107,1.481419,1703.919475,0.0,382.204,226.188,382.204,476.09,10.601194,25.720306,18745.65317,0.0,1921.557,1854.968,1921.557,2079.953,3.5424,4.1384,3016.177657,0.0,20.09,30.305,20.09,22.313
1000.0,2024-03-07,38267.048,3235.876185,3235.876185,14773.115999,20258.055816,20049.357,18217.691,25.406282,3.92256,2.96756,3413.269707,0.0,383.159,224.897,383.159,470.301,8.469878,12.415878,9049.027407,0.0,1917.611,1850.585,1917.611,2076.582,3.8016,3.1706,2310.818886,0.0,20.721,29.199,20.721,22.897
1000.0,2024-03-08,38489.612,3235.876185,3235.876185,13036.614034,22217.121781,20975.367,17514.245,27.70571,3.778704,2.823704,3247.807399,0.0,384.114,223.743,384.114,464.876,8.242906,10.509906,7659.902969,0.0,1915.344,1840.322,1915.344,2075.813,3.456,2.921,2128.903667,0.0,21.256,28.107,21.256,23.085
1000.0,2024-03-09,30254.101,3235.876185,3235.876185,13430.486867,13587.737948,16183.332,14070.769,26.705718,3.919795,2.028795,2333.508066,0.0,386.005,219.165,386.005,458.937,6.732806,13.007806,9480.440515,0.0,1909.069,1842.076,1909.069,2074.646,2.592,2.218,1616.538286,0.0,21.63,26.322,21.63,23.008
1000.0,2024-03-10,32349.074,3235.876185,3235.876185,13653.927955,15459.26986,16373.378,15975.696,25.420189,3.853526,0.335526,385.920452,0.0,389.523,212.992,389.523,453.282,7.441805,14.464805,10542.340288,0.0,1902.046,1847.475,1902.046,2066.229,4.0608,3.7398,2725.667215,0.0,21.951,25.413,21.951,23.37
1000.0,2024-03-11,37331.243,3235.876185,3235.876185,20420.527361,13674.839454,19440.532,17890.711,20.392454,3.569875,7.697875,8854.049868,0.0,385.395,208.157,385.395,457.303,5.98199,13.97199,10183.163847,0.0,1894.056,1847.388,1894.056,2057.305,1.728,1.898,1383.313646,0.0,21.781,24.569,21.781,23.724
1000.0,2024-03-12,43972.839,3235.876185,3235.876185,24898.723695,15838.23912,21703.863,22268.976,14.799645,3.291926,8.651926,9951.393834,0.0,380.035,203.854,380.035,454.983,7.492349,17.263349,12581.994716,0.0,1884.285,1835.681,1884.285,2074.022,3.1104,3.2454,2365.335146,0.0,21.646,24.991,21.646,23.557
1000.0,2024-03-13,39835.966,3235.876185,3235.876185,17164.149034,19435.940781,19716.32,20119.646,25.112645,3.800131,8.134131,9355.828901,0.0,375.701,199.812,375.701,452.357,5.882544,8.171544,5955.641899,0.0,1881.996,1825.933,1881.996,2096.17,3.024,2.542,1852.678234,0.0,22.128,25.33,22.128,23.427
1000.0,2024-03-14,42268.529,3235.876185,3235.876185,13083.407181,25949.245634,19605.502,22663.027,31.320083,3.759437,9.186437,10566.184489,0.0,370.274,196.265,370.274,450.234,8.056541,0.0,0.0,0.0,1890.052541,1818.504,1897.19,2107.449,3.1968,3.4538,2517.222693,0.0,21.871,25.406,21.871,23.768
1000.0,2024-03-15,37756.176,3235.876185,3235.876185,18319.728384,16200.571431,17814.073,19942.103,22.119534,3.448483,5.699483,6555.51138,0.0,368.023,193.606,368.023,446.564,8.224762,12.872302,9381.681541,0.0,1885.405,1814.87,1885.405,2117.842,3.024,3.269,2382.535463,0.0,21.626,24.677,21.626,23.488
1000.0,2024-03-16,34862.528,3235.876185,3235.876185,25830.657708,5795.994107,15464.92,19397.608,12.532819,3.352752,6.942752,7985.511694,0.0,364.433,192.902,364.433,442.491,7.297949,20.981949,15292.210798,0.0,1871.721,1811.086,1871.721,2111.114,3.1968,3.5028,2552.935216,0.0,21.32,25.185,21.32,23.517
1000.0,2024-03-17,32072.605,3235.876185,3235.876185,22871.042773,5965.686042,15263.853,16808.752,15.131803,2.403302,4.414302,5077.304135,0.0,362.422,191.087,362.422,444.614,6.298214,21.720214,15830.278701,0.0,1856.299,1809.804,1856.299,2096.998,2.592,2.694,1963.459938,0.0,21.218,23.629,21.218,23.609
1000.0,2024-03-18,40141.94,3235.876185,3235.876185,25343.378172,11562.685643,19324.823,20817.117,13.225018,3.193603,6.983603,8032.498499,0.0,358.632,190.015,358.632,456.939,4.814899,20.525899,14959.829536,0.0,1840.588,1799.785,1840.588,2092.87,2.3328,3.2258,2351.050137,0.0,20.325,22.333,20.325,22.652
1000.0,2024-03-19,43740.724,3235.876185,3235.876185,23352.723953,17152.123862,21598.029,22142.695,15.465822,3.292186,6.135186,7056.653666,0.0,355.789,187.231,355.789,454.688,4.521312,20.442312,14898.908928,0.0,1824.667,1786.529,1824.667,2090.41,2.592,1.917,1397.161359,0.0,21.0,21.875,21.0,22.707
1000.0,2024-03-20,45548.682,3235.876185,3235.876185,19804.588234,22508.217581,21907.633,23641.049,19.798374,3.222547,5.208547,5990.839738,0.0,353.803,184.378,353.803,454.941,4.866998,15.920998,11603.653501,0.0,1813.613,1772.261,1813.613,2080.207,2.6784,3.0324,2210.094995,0.0,20.646,21.693,20.646,23.237
1000.0,2024-03-21,45424.373,3235.876185,3235.876185,22260.318051,19928.178765,22854.3,22570.073,17.785208,3.064435,7.554435,8689.06604,0.0,349.313,180.546,349.313,456.281,4.329677,16.306677,11884.746332,0.0,1801.636,1759.307,1801.636,2068.811,2.592,2.314,1686.505678,0.0,20.924,21.641,20.924,22.552
1000.0,2024-03-22,46559.59,3235.876185,3235.876185,21452.250045,21871.46377,23302.079,23257.511,19.039498,2.781216,7.806216,8978.662806,0.0,344.288,175.084,344.288,456.592,4.097606,14.610606,10648.604431,0.0,1791.123,1747.772,1791.123,2058.604,2.16,2.504,1824.982808,0.0,20.58,21.677,20.58,22.566
1000.0,2024-03-23,41635.995,3235.876185,3235.876185,16568.613529,21831.505286,19555.872,22080.123,25.303581,2.929046,7.051046,8110.071263,0.0,340.166,172.531,340.166,450.683,4.454093,9.256093,6746.090347,0.0,1786.321,1731.417,1786.321,2044.67,2.5056,2.3496,1712.451919,0.0,20.736,21.736,20.736,21.943
1000.0,2024-03-24,39674.859,3235.876185,3235.876185,13543.044214,22895.938601,16990.032,22684.827,29.882091,2.679005,7.790005,8960.016781,0.0,335.055,168.536,335.055,448.363,5.025024,3.193024,2327.162103,0.0,1788.153,1722.957,1788.153,2046.061,2.8512,3.0952,2255.86533,0.0,20.492,21.758,20.492,22.431
1000.0,2024-03-25,39816.366,3235.876185,3235.876185,12682.277145,23898.21267,18163.446,21652.92,31.02795,2.98417,7.72917,8890.044499,0.0,330.31,167.232,330.31,450.443,8.404819,0.0,0.0,0.0,1796.557819,1716.231,1798.798,2046.16,5.4432,5.2032,3792.232646,0.0,20.732,21.138,20.732,22.844
1000.0,2024-03-26,41893.707,3235.876185,3235.876185,6951.082395,31706.74842,19522.865,22370.842,34.682979,3.131741,0.449741,517.28917,0.0,332.992,164.929,332.992,448.393,6.732547,0.0,0.0,0.0,1803.290366,1712.976,1804.504,2039.224,9.4176,8.8276,6433.793225,0.0,21.322,23.279,21.322,22.947
1000.0,2024-03-27,44536.204,3235.876185,3235.876185,31301.35345,9998.974365,21297.118,23239.086,5.345398,6.907075,7.494075,8619.640331,0.0,332.405,166.584,332.405,444.949,11.14128,23.302646,16983.597868,0.0,1791.129,1713.024,1791.129,2039.7,7.6032,7.8182,5698.115251,0.0,21.107,21.231,21.107,22.719
1000.0,2024-03-28,40275.993,3235.876185,3235.876185,24052.351067,12987.765748,18019.462,22256.531,15.088414,4.740768,7.142768,8215.568897,0.0,330.003,167.794,330.003,440.773,8.070538,16.161538,11778.964964,0.0,1783.038,1707.061,1783.038,2049.261,5.0976,5.5676,4057.817205,0.0,20.637,20.637,20.637,22.719
1000.0,2024-03-29,37821.151,3235.876185,3235.876185,25344.298487,9240.976328,16625.588,21195.563,13.77461,3.805402,7.936402,9128.401502,0.0,325.872,168.615,325.872,436.084,9.028109,18.191109,13258.171253,0.0,1773.875,1701.802,1773.875,2067.875,4.5792,4.0582,2957.725731,0.0,21.158,20.029,21.158,22.782
1000.0,2024-03-30,33530.72,3235.876185,3235.876185,23723.038582,6571.805233,14586.364,18944.356,16.189258,2.972333,8.265333,9506.736195,0.0,320.579,170.296,320.579,433.143,7.96513,15.10713,11010.483945,0.0,1766.733,1695.668,1766.733,2082.764,4.2336,4.3986,3205.818442,0.0,20.993,20.122,20.993,23.838
1000.0,2024-03-31,35805.241,3235.876185,3235.876185,11097.473237,21471.891578,16405.894,19399.347,28.733835,3.60288,0.0,0.0,0.0,324.18188,362.911,506.985,623.819,6.735485,11.369485,8286.387498,0.0,1762.099,1686.216,1762.099,2091.578,3.888,3.857,2811.085739,0.0,21.024,20.812,21.024,23.355
1000.0,2024-04-01,41660.746,2097.114554,2097.114554,2197.996467,37365.634979,22056.537,19604.209,40.94452,2.985898,0.0,0.0,0.0,327.167778,361.675,514.538,623.848,5.608483,0.0,0.0,0.0,1767.707483,1675.609,1769.043,2072.706,3.6288,3.0158,2197.996467,0.0,21.637,21.637,21.637,23.478
1000.0,2024-04-02,48607.856,2097.114554,2097.114554,3383.054009,43127.687437,26431.912,22175.944,39.318541,3.123101,0.0,0.0,0.0,330.290878,358.903,517.442,628.541,5.649696,0.734179,535.089624,0.0,1772.623,1663.348,1772.623,2053.326,3.3696,3.9076,2847.964385,0.0,21.099,22.125,21.099,22.701
1000.0,2024-04-03,44118.753,2097.114554,2097.114554,6437.361562,35584.276884,22450.892,21667.861,35.127824,3.233952,0.0,0.0,0.0,333.52483,356.496,512.783,629.939,4.418496,5.342496,3893.755332,0.0,1771.699,1644.112,1771.699,2038.09,3.456,3.49,2543.60623,0.0,21.065,22.01,21.065,23.121
1000.0,2024-04-04,42649.008,2097.114554,2097.114554,7640.476522,32911.416924,21124.112,21524.896,33.477069,2.438813,0.0,0.0,0.0,335.963643,354.286,507.834,636.02,6.245251,5.510251,4016.019851,0.0,1772.434,1632.172,1772.434,2074.455,5.616,4.973,3624.456671,0.0,21.708,22.595,21.708,23.236
1000.0,2024-04-05,45053.114,2097.114554,2097.114554,15044.951865,27911.047581,22341.716,22711.398,23.317627,4.004381,0.0,0.0,0.0,339.968024,352.43,502.874,631.668,5.145293,16.742293,12202.235035,0.0,1760.837,1620.334,1760.837,2055.248,3.9744,3.9004,2842.716831,0.0,21.782,22.938,21.782,23.42
1000.0,2024-04-06,39804.571,2097.114554,2097.114554,18735.706139,18971.750307,16612.751,23191.82,18.253662,3.665952,0.0,0.0,0.0,343.633976,352.088,498.474,630.68,6.433258,21.773258,15868.938017,0.0,1745.497,1610.682,1745.497,2036.774,3.5424,3.9334,2866.768122,0.0,21.391,21.712,21.391,23.344
1000.0,2024-04-07,41788.987,2097.114554,2097.114554,14500.58923,25191.283216,17019.206,24769.781,24.06453,3.11688,0.0,0.0,0.0,346.750856,352.998,494.98,629.964,6.72719,17.83419,12998.039487,0.0,1734.39,1610.073,1734.39,2019.855,2.0736,2.0616,1502.549743,0.0,21.403,17.754,21.403,23.893
1000.0,2024-04-08,47450.921,2097.114554,2097.114554,19877.68709,25476.119356,24273.839,23177.082,16.686787,3.635021,0.0,0.0,0.0,350.385877,352.042,493.498,629.402,7.184333,24.756333,18043.083766,0.0,1716.818,1605.332,1716.818,2002.22,2.4192,2.5172,1834.603324,0.0,21.305,10.041,21.305,23.541
1000.0,2024-04-09,43301.155,2097.114554,2097.114554,20855.552527,20348.487919,20191.874,23109.281,15.34509,3.345408,0.0,0.0,0.0,353.731285,352.055,493.262,642.913,9.17663,23.53963,17156.318206,0.0,1702.455,1595.192,1702.455,1990.534,4.2336,5.0756,3699.234321,0.0,20.463,5.901,20.463,23.099
1000.0,2024-04-10,43647.934,2097.114554,2097.114554,32039.468145,9511.351301,21767.415,21880.519,0.0,21.276518,0.0,0.0,0.0,375.007803,359.236,493.722,646.413,24.276672,11.26032,8206.825245,0.0,1715.471352,1599.434,1687.325,1973.908,32.832,32.7,23832.6429,0.0,20.595,13.754,20.595,22.216
1000.0,2024-04-11,38811.456,2097.114554,2097.114554,32039.468145,4674.873301,22654.417,16157.039,0.0,48.776774,0.0,0.0,0.0,423.784578,389.619,495.79,645.012,75.430224,3.03092,2209.016331,0.0,1787.870656,1642.164,1688.341,1974.961,41.5584,40.9294,29830.451814,0.0,21.224,31.301,21.224,22.931
1000.0,2024-04-12,38803.656,2097.114554,2097.114554,32039.468145,4667.073301,23587.928,15215.728,0.0,55.567469,0.0,0.0,0.0,479.352046,443.974,499.651,640.896,98.533498,6.62232,4826.525619,0.0,1879.781834,1738.992,1738.992,1971.576,37.152,37.338,27212.942526,0.0,21.038,61.202,21.038,22.899
1000.0,2024-04-13,28710.994,2097.114554,2097.114554,26613.879446,0.0,17856.453,10854.541,7.444275,23.678006,0.0,0.0,0.0,503.030053,471.643,501.644,636.62,50.577178,36.516045,26613.879446,0.0,1893.842966,1815.892,1735.87,1965.29,20.8224,0.0,0.0,0.0,41.8604,67.916,21.028,22.688
1000.0,2024-04-14,29484.32,2097.114554,2097.114554,27387.205446,0.0,19822.747,9661.573,6.383219,15.003446,0.0,0.0,0.0,518.033499,483.078,501.551,632.0,29.822774,37.577101,27387.205446,0.0,1886.08864,1860.736,1722.733,1955.753,13.4784,0.0,0.0,0.0,55.3388,66.262,20.771,22.607
1000.0,2024-04-15,38522.297,2097.114554,2097.114554,32039.468145,4385.714301,24655.459,13866.838,0.0,11.104042,0.0,0.0,0.0,529.137541,488.502,498.615,627.211,21.212237,0.0,0.0,0.0,1907.300877,1889.739,1724.608,1942.925,9.936,43.96032,32039.468145,0.0,21.31448,59.237,20.99,23.237
1000.0,2024-04-16,36734.194,2097.114554,2097.114554,32039.468145,2597.611301,23599.09,13135.104,0.0,9.388224,0.0,0.0,0.0,538.525765,491.311,499.373,622.285,16.285536,43.96032,32039.468145,0.0,1879.626093,1906.169,1729.718,1973.561,7.344,0.0,0.0,0.0,28.65848,49.996,21.011,22.934
1000.0,2024-04-17,35614.384,2097.114554,2097.114554,32039.468145,1477.801301,23084.371,12530.013,0.0,7.733664,0.0,0.0,0.0,546.259429,492.536,502.804,619.791,12.084163,43.96032,32039.468145,0.0,1847.749936,1917.654,1730.3,2007.868,6.8256,0.0,0.0,0.0,35.48408,40.686,21.182,22.601
1000.0,2024-04-18,32820.104,2097.114554,2097.114554,30722.989446,0.0,21190.731,11629.373,7.613776,6.80711,10.045037,11553.741057,0.0,543.021502,492.891,499.561,617.86,11.478758,26.301507,19169.248389,0.0,1832.927188,1928.512,1722.759,2032.149,5.0112,0.0,0.0,0.0,40.49528,32.892,21.278,22.462
1000.0,2024-04-19,34568.994,2097.114554,2097.114554,32471.879446,0.0,20655.509,13913.485,5.214181,6.249571,10.045037,11553.741057,0.0,539.226037,491.895,499.028,614.606,10.19615,4.995022,3640.507221,0.0,1838.128316,1937.571,1711.679,2041.798,4.4928,23.70608,17277.631168,0.0,21.282,27.131,21.282,22.419
1000.0,2024-04-20,33772.365,2097.114554,2097.114554,31675.250446,0.0,18528.69,15243.675,6.30721,5.532624,10.045037,11553.741057,0.0,534.713624,489.679,501.802,612.736,8.274701,27.608074,20121.509389,0.0,1818.794943,1940.705,1700.319,2031.996,5.0112,0.0,0.0,0.0,26.2932,22.837,21.188,22.37
1000.0,2024-04-21,28513.384,2097.114554,2097.114554,26416.269446,0.0,14000.994,14512.39,7.715409,5.110819,0.0,0.0,0.0,539.824443,489.237,504.986,632.02,8.468323,36.244911,26416.269446,0.0,1791.018356,1942.075,1685.754,2014.101,5.0976,0.0,0.0,0.0,31.3908,21.603,21.149,22.756
1000.0,2024-04-22,33540.462,2097.114554,2097.114554,31443.347446,0.0,18754.785,14785.677,6.625396,4.820602,10.045037,11553.741057,0.0,534.600008,486.283,499.675,630.66,6.533654,27.289887,19889.606389,0.0,1770.262123,1945.541,1671.337,2012.734,4.752,0.0,0.0,0.0,36.1428,22.27,21.688,22.877
1000.0,2024-04-23,36302.58,2097.114554,2097.114554,34205.465446,0.0,21422.314,14880.266,2.835583,4.303152,10.045037,11553.741057,0.0,528.858123,482.437,494.325,627.943,6.408461,31.0797,22651.724389,0.0,1745.590884,1939.866,1654.328,2029.007,4.6656,0.0,0.0,0.0,40.8084,22.201,21.247,22.949
1000.0,2024-04-24,33010.816,2097.114554,2097.114554,30913.701446,0.0,18062.597,14948.219,7.352106,4.295808,10.045037,11553.741057,0.0,523.108894,479.91,489.016,634.633,6.485357,3.324977,2423.332797,0.0,1748.751264,1934.872,1636.551,2015.743,3.6288,23.2382,16936.627591,0.0,21.199,21.199,21.199,22.671
1000.0,2024-04-25,24295.22,2097.114554,2097.114554,22198.105446,0.0,10869.136,13426.084,19.310494,5.321808,10.045037,11553.741057,0.0,518.385666,478.081,483.389,643.548,11.309414,14.604789,10644.364389,0.0,1745.45589,1942.257,1621.0,1997.762,6.2208,0.0,0.0,0.0,27.4198,20.495,20.856,22.36
1000.0,2024-04-26,29111.728,2097.114554,2097.114554,27014.613446,0.0,15618.86,13492.868,6.894441,6.306422,0.0,0.0,0.0,524.692088,477.525,497.75,641.133,6.300547,37.065879,27014.613446,0.0,1714.690558,1949.616,1606.472,1980.633,7.6896,0.0,0.0,0.0,35.1094,22.666,20.454,22.519
1000.0,2024-04-27,31739.519,2097.114554,2097.114554,29642.404446,0.0,16262.734,15476.785,3.288934,6.155654,0.0,0.0,0.0,530.847742,476.951,504.819,636.541,7.890826,40.671386,29642.404446,0.0,1681.909997,1953.632,1589.628,1966.539,4.9248,0.0,0.0,0.0,40.0342,22.282,20.946,22.555
1000.0,2024-04-28,33421.424,2097.114554,2097.114554,31324.309446,0.0,17685.498,15735.926,6.788725,4.836413,10.045037,11553.741057,0.0,525.639118,475.641,501.929,631.463,7.487597,3.070959,2238.197608,0.0,1686.326635,1955.492,1627.968,1976.696,4.8384,24.0556,17532.370781,0.0,20.817,21.363,20.817,22.909
1000.0,2024-04-29,42568.78,2097.114554,2097.114554,32293.753002,8177.912444,22004.556,20564.224,5.458582,4.659293,10.045037,11553.741057,0.0,520.253374,473.487,499.989,627.472,7.143466,24.049101,17527.63406,0.0,1669.421,1952.582,1669.421,1980.207,4.6656,4.4076,3212.377885,0.0,21.075,21.197,21.075,22.941
1000.0,2024-04-30,42035.095,2097.114554,2097.114554,14373.57272,25564.407726,22170.055,19865.04,30.046283,4.046544,10.045037,11553.741057,0.0,514.254882,471.039,500.382,624.238,5.67527,0.0,0.0,0.0,1675.09627,1944.465,1678.596,1967.11,3.888,3.869,2819.831663,0.0,21.094,20.972,21.094,23.175
1000.0,2024-05-01,43217.699,1917.799232,1917.799232,20154.099064,21145.800703,22299.627,20918.072,22.11501,5.624467,10.045037,11553.741057,0.0,509.834312,469.263,498.941,619.545,8.885203,6.263474,4564.988673,0.0,1677.718,1938.283,1677.718,1955.532,5.3568,5.5368,4035.369334,0.0,20.914,21.361,20.914,22.291
1000.0,2024-05-02,45061.408,1917.799232,1917.799232,26234.583781,16909.024987,23918.949,21142.459,13.772173,5.047574,10.045037,11553.741057,0.0,504.83685,467.783,494.561,616.752,6.12671,14.76671,10762.377241,0.0,1669.078,1931.757,1669.078,1943.048,4.8384,5.3764,3918.465483,0.0,20.376,21.746,20.376,22.29
1000.0,2024-05-03,46748.947,1917.799232,1917.799232,33140.548452,11690.599315,25047.874,21701.073,4.296722,4.645123,10.045037,11553.741057,0.0,499.436936,465.917,491.746,614.084,5.081962,26.001962,18950.931667,0.0,1648.158,1919.938,1648.158,1934.825,4.2336,3.6166,2635.875728,0.0,20.993,21.629,20.993,23.019
1000.0,2024-05-04,40679.337,1917.799232,1917.799232,31406.16642,7355.371347,20848.967,19830.37,6.676411,4.177699,10.045037,11553.741057,0.0,493.569598,463.755,491.433,609.248,4.815072,22.363072,16298.810677,0.0,1630.61,1907.237,1630.61,1932.826,4.0608,4.8758,3553.614687,0.0,20.178,21.492,20.178,22.14
1000.0,2024-05-05,36376.239,1917.799232,1917.799232,29262.452487,5195.98728,18311.027,18065.212,8.369066,3.995654,7.885253,9069.570459,0.0,489.68,461.142,489.68,604.994,5.025802,24.690802,17995.322858,0.0,1610.945,1896.982,1610.945,1935.739,3.7152,3.0152,2197.55917,0.0,20.878,21.616,20.878,23.622
1000.0,2024-05-06,41601.054,1917.799232,1917.799232,26690.147921,12993.106846,20633.868,20967.186,11.386238,3.725309,6.999309,8050.562986,0.0,486.406,458.491,486.406,600.724,4.536173,22.807173,16622.48333,0.0,1592.674,1889.602,1592.674,1928.999,3.3696,2.7676,2017.101605,0.0,21.48,21.982,21.48,23.799
1000.0,2024-05-07,45834.623,1917.799232,1917.799232,25275.893582,18640.930186,23599.965,22234.658,13.516216,3.666125,7.327125,8427.614982,0.0,482.745,455.264,482.745,595.096,4.572979,19.691979,14352.046124,0.0,1577.555,1882.563,1577.555,1907.475,3.456,3.425,2496.232475,0.0,21.511,21.965,21.511,23.66
1000.0,2024-05-08,53174.602,1917.799232,1917.799232,10962.245941,40294.556827,28242.69,24931.912,33.121984,3.455136,7.269136,8360.916612,0.0,478.931,451.66,478.931,590.473,3.90623,0.0,0.0,0.0,1581.46123,1868.584,1584.66,1906.618,3.2832,3.5692,2601.329328,0.0,21.225,21.469,21.225,23.296
1000.0,2024-05-09,47351.635,1917.799232,1917.799232,9648.60858,35785.227187,24855.329,22496.306,34.450627,3.611693,6.449693,7418.39796,0.0,476.093,448.173,476.093,590.525,3.645475,0.0,0.0,0.0,1585.106706,1855.665,1603.559,1931.54,3.024,3.06,2230.21062,0.0,21.189,21.747,21.189,23.519
1000.0,2024-05-10,54138.795,1917.799232,1917.799232,3689.592376,48531.403391,29267.254,24871.541,39.483357,3.422563,1.012563,1164.644117,0.0,478.503,444.052,478.503,599.117,3.180038,0.0,0.0,0.0,1588.286744,1837.824,1612.828,1916.601,3.1104,3.4644,2524.948259,0.0,20.835,22.193,20.835,23.523
1000.0,2024-05-11,46061.152,1917.799232,1917.799232,2144.084247,41999.268521,24533.258,21527.894,41.258384,3.141936,0.414936,477.256898,0.0,481.23,439.365,481.23,597.519,3.444854,0.0,0.0,0.0,1591.731598,1823.004,1606.247,1900.49,3.024,2.287,1666.827349,0.0,21.572,22.466,21.572,23.51
1000.0,2024-05-12,49562.008,1917.799232,1917.799232,2931.694423,44712.514344,27050.306,22511.702,40.217901,3.296419,0.484419,557.176057,0.0,484.042,435.431,484.042,595.704,2.680733,0.0,0.0,0.0,1594.412331,1807.499,1601.383,1883.628,3.024,3.258,2374.518366,0.0,21.338,22.07,21.338,24.435
1000.0,2024-05-13,55194.33,1917.799232,1917.799232,9799.10524,43477.425528,27566.014,27628.316,34.415782,3.216586,6.746586,7759.882278,0.0,480.512,431.282,480.512,595.445,2.349821,0.028152,20.517938,0.0,1596.734,1789.241,1596.734,1871.524,2.7648,2.7698,2018.705025,0.0,21.333,21.79,21.333,23.278
1000.0,2024-05-14,56913.562,1917.799232,1917.799232,14109.200817,40886.561951,28606.144,28307.418,26.19237,2.935613,2.751613,3164.888533,0.0,480.696,426.841,480.696,592.117,2.422138,12.132138,8842.229451,0.0,1587.024,1769.636,1587.024,1865.206,2.8512,2.8842,2102.082833,0.0,21.3,21.698,21.3,23.883
1000.0,2024-05-15,53290.387,1917.799232,1917.799232,13685.360664,37687.227104,26146.553,27143.834,25.183078,3.136666,0.0,0.0,0.0,483.832666,422.767,484.238,586.546,2.658442,16.341442,11910.083857,0.0,1573.341,1750.655,1573.341,1873.307,2.7648,2.4358,1775.276807,0.0,21.629,21.435,21.629,23.881
1000.0,2024-05-16,49595.773,1917.799232,1917.799232,15732.31884,31945.654928,23288.292,26307.481,23.273539,2.874355,1.555021,1788.575594,0.0,485.152,418.776,485.152,581.431,1.75176,16.76676,12220.067391,0.0,1558.326,1731.195,1558.326,1898.161,2.592,2.365,1723.675855,0.0,21.856,21.448,21.856,24.195
1000.0,2024-05-17,49833.072,1917.799232,1917.799232,22945.803042,24969.469726,22997.499,26835.573,17.091256,3.242938,7.980938,9179.626542,0.0,480.414,414.937,480.414,594.173,3.011126,15.841126,11545.440631,0.0,1545.496,1712.765,1545.496,1928.877,3.024,3.047,2220.735869,0.0,21.833,21.833,21.833,23.527
1000.0,2024-05-18,40110.554,1917.799232,1917.799232,20420.950336,17771.804431,16751.921,23358.633,20.54129,2.887315,7.956315,9151.306005,0.0,475.345,410.006,475.345,590.84,4.874515,11.133515,8114.406483,0.0,1539.237,1699.783,1539.237,1920.106,3.7152,4.3292,3155.237848,0.0,21.219,21.874,21.219,23.075
1000.0,2024-05-19,48130.853,1917.799232,1917.799232,22469.846137,23743.20763,21291.651,26839.202,18.200706,3.790368,8.770368,10087.624651,0.0,470.365,407.572,470.365,587.476,4.754246,12.081246,8805.13857,0.0,1531.91,1689.396,1531.91,1924.695,3.888,4.908,3577.082916,0.0,20.199,22.203,20.199,23.173
1000.0,2024-05-20,56811.352,1917.799232,1917.799232,18726.693783,36166.858985,28769.14,28042.212,22.184123,3.088022,6.777022,7794.890502,0.0,466.676,404.199,466.676,590.146,3.589574,12.860574,9373.133858,0.0,1522.639,1672.625,1522.639,1936.457,3.3696,2.1386,1558.669422,0.0,21.43,21.43,21.43,24.116
1000.0,2024-05-21,45112.364,1917.799232,1917.799232,16506.184286,26688.380482,21761.381,23350.983,25.252731,3.364934,6.814934,7838.496657,0.0,463.226,400.774,463.226,596.351,3.099254,9.146254,6666.037156,0.0,1516.592,1656.348,1516.592,1939.39,3.1104,2.7464,2001.650473,0.0,21.794,22.376,21.794,23.463
1000.0,2024-05-22,43838.468,1917.799232,1917.799232,10513.023951,31407.644817,22363.746,21474.722,29.535739,3.064003,0.0,0.0,0.0,466.290003,396.852,471.553,596.244,3.961181,10.577181,7708.934951,0.0,1509.976,1646.367,1509.976,1939.462,3.5424,3.8474,2804.089,0.0,21.489,22.327,21.489,22.446
1000.0,2024-05-23,53275.91,1917.799232,1917.799232,12492.850625,38865.260142,26462.535,26813.375,27.462245,3.24311,1.112114,1279.14639,0.0,468.421,392.825,468.421,596.706,2.954362,12.381362,9023.870631,0.0,1500.549,1630.136,1500.549,1936.11,2.9376,3.0046,2189.833604,0.0,21.422,22.313,21.422,23.634
1000.0,2024-05-24,55515.541,1917.799232,1917.799232,26259.993431,27337.748336,28508.72,27006.821,11.335158,2.846102,5.890102,6774.76044,0.0,465.377,388.202,465.377,600.168,2.311459,24.245459,17670.745292,0.0,1478.615,1612.126,1478.615,1933.6,2.9376,2.4896,1814.487699,0.0,21.87,22.047,21.87,23.307
1000.0,2024-05-25,43932.938,1917.799232,1917.799232,23125.92444,18889.214328,19453.983,24478.955,15.492123,2.43743,5.64243,6489.889591,0.0,462.172,384.069,462.172,602.03,2.382566,19.634566,14310.202126,0.0,1461.363,1592.477,1461.363,1925.405,2.8512,3.1912,2325.832722,0.0,21.53,21.626,21.53,22.905
1000.0,2024-05-26,39376.325,1917.799232,1917.799232,19658.916141,17799.609627,17311.528,22064.797,20.209019,3.114115,5.573115,6410.163664,0.0,459.713,380.351,459.713,597.924,3.454186,15.099186,11004.694143,0.0,1449.718,1582.668,1449.718,1914.527,2.592,3.079,2244.058333,0.0,21.043,21.411,21.043,22.418
1000.0,2024-05-27,51605.284,1917.799232,1917.799232,24290.182999,25397.301769,26533.692,25071.592,10.632544,2.716675,0.0,0.0,0.0,462.429675,376.825,468.457,595.673,2.729376,30.280376,22069.155599,0.0,1422.167,1565.71,1422.167,1898.736,2.6784,3.0474,2221.0274,0.0,20.674,21.629,20.674,23.042
1000.0,2024-05-28,56606.497,1917.799232,1917.799232,23592.420355,31096.277413,30095.984,26510.513,11.589922,2.555712,0.0,0.0,0.0,464.985387,372.58,478.496,598.131,2.501798,30.482798,22216.686509,0.0,1394.186,1543.167,1394.186,1885.417,2.5056,1.8876,1375.733845,0.0,21.292,21.504,21.292,23.014
1000.0,2024-05-29,57066.35,1917.799232,1917.799232,21881.11007,33267.440697,29060.66,28005.69,13.937955,2.698618,0.0,0.0,0.0,467.684005,369.04,475.748,595.637,2.162765,26.769765,19510.52737,0.0,1369.579,1518.707,1369.579,1885.757,2.5056,3.2526,2370.5827,0.0,20.545,21.509,20.545,22.521
1000.0,2024-05-30,54064.276,1917.799232,1917.799232,19948.478931,32197.997836,27108.743,26955.533,16.589656,2.806013,0.0,0.0,0.0,470.490018,365.381,475.243,596.756,3.219264,24.697264,18000.032829,0.0,1348.101,1497.725,1348.101,1879.12,2.6784,2.6734,1948.446102,0.0,20.55,21.372,20.55,22.431
1000.0,2024-05-31,43365.895,1917.799232,1917.799232,18079.271349,23368.824419,20460.381,22905.514,20.883846,2.58647,2.991488,3440.791549,0.0,470.085,361.875,470.085,597.182,2.557786,16.947786,12352.003735,0.0,1333.711,1484.481,1333.711,1862.708,2.4192,3.1372,2286.476064,0.0,19.832,21.118,19.832,21.739
1000.0,2024-06-01,33615.795,1472.244394,1472.244394,26441.587684,5701.962922,15187.064,18428.731,12.663018,2.962829,8.617829,9912.174979,0.0,464.43,358.939,464.43,593.629,3.890074,17.440074,12710.796522,0.0,1320.161,1476.261,1320.161,1843.439,5.7024,5.2394,3818.616184,0.0,20.295,21.6,20.295,21.67
1000.0,2024-06-02,39660.004,1472.244394,1472.244394,18636.138272,19551.621334,19765.735,19894.269,23.392288,2.899843,8.651843,9951.298138,0.0,458.678,356.288,458.678,590.591,3.256589,7.963589,5804.078534,0.0,1315.454,1468.956,1315.454,1819.632,4.6656,3.9526,2880.7616,0.0,21.008,22.762,21.008,22.762
1000.0,2024-06-03,42523.157,1472.244394,1472.244394,19058.70617,21992.206436,21430.862,21092.295,22.59781,2.648506,8.280506,9524.187858,0.0,453.046,352.702,453.046,588.919,3.661805,9.574805,6978.376258,0.0,1309.541,1455.867,1309.541,1803.152,3.7152,3.5072,2556.142054,0.0,21.216,22.098,21.216,22.378
1000.0,2024-06-04,51124.086,1472.244394,1472.244394,12307.850854,37343.990753,25872.286,25251.8,32.010266,2.969654,8.539654,9822.259253,0.0,447.476,349.104,447.476,586.39,3.015101,0.0,0.0,0.0,1312.556101,1439.478,1328.205,1806.886,3.1104,3.4104,2485.591601,0.0,20.916,21.582,20.916,22.647
1000.0,2024-06-05,55080.015,1472.244394,1472.244394,3892.248701,49715.521905,27989.289,27090.726,38.619891,2.425594,0.0,0.0,0.0,449.901594,344.791,452.45,582.271,3.112128,2.802229,2042.34001,0.0,1312.866,1417.963,1312.866,1818.368,2.8512,2.5382,1849.908691,0.0,21.229,22.48,21.229,22.66
1000.0,2024-06-06,53286.331,1472.244394,1472.244394,19730.74857,32083.338036,25990.324,27296.007,16.888397,2.655158,0.0,0.0,0.0,452.556752,340.436,461.855,577.506,3.046723,24.110723,17572.546058,0.0,1291.802,1398.698,1291.802,1828.848,2.8512,2.9612,2158.202512,0.0,21.119,23.631,21.119,22.929
1000.0,2024-06-07,51249.402,1472.244394,1472.244394,8074.310503,41702.847104,25309.914,25939.488,32.881819,2.384554,0.0,0.0,0.0,454.941306,336.599,461.741,575.561,2.799101,7.914101,5768.010344,0.0,1286.687,1382.511,1286.687,1837.653,2.6784,3.1644,2306.300159,0.0,20.633,24.641,20.633,23.506
1000.0,2024-06-08,46264.476,1472.244394,1472.244394,6202.262962,38589.968644,21152.732,25111.744,35.450395,2.475446,0.0,0.0,0.0,457.416752,334.736,464.936,572.375,3.504125,6.355125,4631.786543,0.0,1283.836,1366.887,1283.836,1849.398,2.3328,2.1548,1570.47642,0.0,20.811,24.541,20.811,23.071
1000.0,2024-06-09,38324.37,1472.244394,1472.244394,5442.53603,31409.589577,16463.062,21861.308,36.492792,3.141763,0.0,0.0,0.0,460.558515,333.702,466.593,566.987,3.554928,4.357928,3176.17559,0.0,1283.033,1353.57,1283.033,1854.744,2.9376,3.1096,2266.360439,0.0,20.639,23.403,20.639,23.533
1000.0,2024-06-10,37704.259,1472.244394,1472.244394,4065.960244,32166.054363,18011.49,19692.769,38.381547,2.585261,0.0,0.0,0.0,463.143776,331.733,466.763,561.883,3.812573,0.881573,642.514059,0.0,1285.964,1345.178,1285.964,1852.587,4.5792,4.6972,3423.446184,0.0,20.521,22.505,20.521,23.442
1000.0,2024-06-11,47549.776,1472.244394,1472.244394,8026.312837,38051.21877,22751.632,24798.144,33.272318,3.46775,0.561526,645.864296,0.0,466.05,329.81,466.05,560.734,4.628275,7.359275,5363.638466,0.0,1283.233,1333.404,1283.233,1844.297,3.2832,2.7672,2016.810074,0.0,21.037,21.135,21.037,23.398
1000.0,2024-06-12,55141.599,1472.244394,1472.244394,11642.518063,42026.836543,27459.118,27682.481,30.835526,3.669754,4.928754,5669.022818,0.0,464.791,325.701,464.791,569.194,3.79944,4.67544,3407.586909,0.0,1282.357,1318.218,1282.357,1837.487,2.9376,3.5206,2565.908336,0.0,20.454,21.469,20.454,23.108
1000.0,2024-06-13,51591.434,1472.244394,1472.244394,13749.485947,36369.703659,24521.423,27070.011,28.288771,3.332016,5.524016,6353.690059,0.0,462.599,321.165,462.599,572.367,4.441133,7.335133,5346.042833,0.0,1279.463,1302.39,1279.463,1833.666,3.1104,2.8124,2049.753055,0.0,20.752,21.736,20.752,22.285
1000.0,2024-06-14,48630.505,1472.244394,1472.244394,14465.441049,32692.819557,21731.335,26899.17,26.081195,3.709757,3.404757,3916.130843,0.0,462.904,317.092,462.904,571.813,5.907168,10.277168,7490.277522,0.0,1275.093,1290.671,1275.093,1840.511,4.1472,4.1972,3059.032684,0.0,20.702,22.084,20.702,22.084
1000.0,2024-06-15,36119.12,1472.244394,1472.244394,14802.045074,19844.830532,14017.989,22101.131,24.757602,4.908211,1.914211,2201.714237,0.0,465.898,316.512,465.898,578.873,6.950707,13.066707,9523.369008,0.0,1268.977,1283.571,1268.977,1850.675,4.0608,4.2218,3076.961829,0.0,20.541,22.413,20.541,22.413
1000.0,2024-06-16,36168.802,1472.244394,1472.244394,8828.731125,25867.826481,14349.796,21819.006,34.586926,4.38169,4.73969,5451.56254,0.0,465.54,314.227,465.54,575.54,7.709904,0.905904,660.247295,0.0,1275.781,1286.732,1275.781,1858.196,4.0608,3.7278,2716.921291,0.0,20.874,22.096,20.874,22.862
1000.0,2024-06-17,49007.612,1472.244394,1472.244394,14522.690724,33012.676882,23232.68,25774.932,29.841683,4.687373,10.045037,11553.741057,0.0,460.182336,311.847,459.366,572.701,6.584717,0.0,0.0,0.0,1282.365717,1283.699,1283.699,1849.198,3.8016,4.0736,2968.949667,0.0,20.602,22.414,20.602,22.383
1000.0,2024-06-18,40394.775,1472.244394,1472.244394,24482.423034,14440.107572,17300.816,23093.959,16.176256,4.048877,10.045037,11553.741057,0.0,454.186176,308.052,453.59,573.525,6.02951,12.954227,9441.390547,0.0,1275.441,1275.441,1275.441,1843.314,4.0608,4.7848,3487.29143,0.0,19.878,21.943,19.878,22.965
1000.0,2024-06-19,43319.744,1472.244394,1472.244394,12895.835131,28951.664475,18625.013,24694.731,31.781293,3.890851,9.539027,10971.731851,0.0,448.538,304.011,448.538,571.218,5.213549,0.0,0.0,0.0,1280.654549,1274.106,1281.188,1851.609,3.888,2.64,1924.10328,0.0,21.126,22.167,21.126,22.596
1000.0,2024-06-20,46124.019,1472.244394,1472.244394,12632.309039,32019.465568,19301.655,26822.364,31.74261,4.02071,8.84671,10175.433222,0.0,443.712,300.549,443.712,566.364,4.867171,0.0,0.0,0.0,1285.52172,1263.105,1291.677,1854.193,3.456,3.371,2456.875817,0.0,21.211,22.135,21.211,22.699
1000.0,2024-06-21,50926.3,1472.244394,1472.244394,9327.621183,40126.434424,22723.939,28202.361,34.812274,3.339446,6.313446,7261.688169,0.0,440.738,295.772,440.738,561.271,3.647981,0.0,0.0,0.0,1289.169701,1254.453,1300.244,1845.053,2.9376,2.8346,2065.933014,0.0,21.314,21.993,21.314,22.147
1000.0,2024-06-22,46897.63,1472.244394,1472.244394,11548.420339,33876.965268,18234.6,28663.03,32.46391,3.03601,7.52201,8651.77031,0.0,436.252,293.328,436.252,556.025,4.266432,0.0,0.0,0.0,1293.436133,1243.457,1306.955,1829.291,3.1104,3.9744,2896.650029,0.0,20.45,21.618,20.45,22.089
1000.0,2024-06-23,46385.903,1472.244394,1472.244394,12348.567059,32565.091547,18541.362,27844.541,31.991278,3.630442,8.603442,9895.626908,0.0,431.279,292.747,431.279,550.921,4.697654,0.0,0.0,0.0,1298.133787,1234.036,1317.434,1826.057,3.3696,3.3656,2452.940151,0.0,20.454,21.428,20.454,21.599
1000.0,2024-06-24,54283.501,1472.244394,1472.244394,13222.224876,39589.03173,25140.81,29142.691,30.954528,3.944592,8.883592,10217.854217,0.0,426.34,291.815,426.34,553.006,4.812998,0.0,0.0,0.0,1302.946786,1220.136,1322.82,1817.084,3.7152,4.1222,3004.370659,0.0,20.047,22.204,20.047,22.13
1000.0,2024-06-25,51053.294,1472.244394,1472.244394,12629.768446,36951.28116,23384.975,27668.319,31.863954,3.408566,9.050566,10409.90717,0.0,420.698,288.726,420.698,550.445,3.380573,0.0,0.0,0.0,1306.327358,1203.63,1333.36,1814.855,3.1968,3.0458,2219.861277,0.0,20.198,22.54,20.198,22.451
1000.0,2024-06-26,45174.085,1472.244394,1472.244394,8187.883387,35513.957219,18874.883,26299.202,35.725738,3.230582,5.188582,5967.876345,0.0,418.74,284.745,418.74,550.607,3.869338,0.0,0.0,0.0,1310.196696,1191.985,1349.439,1819.331,3.024,3.046,2220.007042,0.0,20.176,22.265,20.176,22.835
1000.0,2024-06-27,49797.582,1472.244394,1472.244394,1309.847884,47015.489722,21174.597,28622.985,42.16312,2.894486,0.0,0.0,0.0,421.634486,281.522,422.163,552.515,3.065731,0.0,0.0,0.0,1313.262427,1184.544,1354.887,1813.688,2.8512,1.7972,1309.847884,0.0,21.23,21.768,21.23,23.996
1000.0,2024-06-28,46694.622,1472.244394,1472.244394,2072.200926,43150.17668,18360.495,28334.127,41.11712,3.229632,0.0,0.0,0.0,424.864118,279.873,425.235,549.789,3.24743,0.0,0.0,0.0,1316.509858,1175.135,1361.285,1804.582,2.8512,2.8432,2072.200926,0.0,21.238,21.464,21.238,24.019
1000.0,2024-06-29,42290.621,1472.244394,1472.244394,6030.307738,34788.068869,16477.074,25813.547,37.631907,2.395094,3.365213,3870.647571,0.0,423.894,279.304,423.894,546.314,3.470342,0.0,0.0,0.0,1319.9802,1163.162,1373.853,1796.188,2.8512,2.9632,2159.660166,0.0,21.126,21.603,21.126,22.703
1000.0,2024-06-30,41821.871,1472.244394,1472.244394,9590.473105,30759.153501,15052.458,26769.413,34.430027,2.942093,6.276093,7218.724282,0.0,420.56,280.703,420.56,542.349,5.8644,0.0,0.0,0.0,1325.8446,1148.083,1385.773,1782.235,2.8512,3.2542,2371.748823,0.0,20.723,21.246,20.723,22.566
1000.0,2024-07-01,41081.312,1549.328114,1549.328114,18587.642688,20944.341198,16197.323,24883.989,24.005578,5.403542,9.597542,11039.035683,0.0,416.366,280.964,416.366,538.696,9.726048,0.0,0.0,0.0,1335.570648,1143.771,1372.352,1773.683,10.1952,10.3572,7548.607004,0.0,20.561,23.408,20.561,22.416
1000.0,2024-07-02,43193.107,1549.328114,1549.328114,16915.429765,24728.34912,19370.172,23822.935,26.558683,5.364058,10.045037,11553.741057,0.0,411.685021,283.055,411.589,535.223,5.74223,0.0,0.0,0.0,1341.312878,1144.801,1360.77,1762.881,6.8256,7.3566,5361.688708,0.0,20.03,25.301,20.03,22.69
1000.0,2024-07-03,47540.102,1549.328114,1549.328114,13617.839152,32372.934734,20272.199,27267.903,30.56119,3.790109,9.14213,10515.222613,0.0,406.333,282.308,406.333,532.84,8.093261,0.0,0.0,0.0,1349.406139,1137.194,1352.945,1752.002,4.752,4.257,3102.616539,0.0,20.525,22.319,20.525,22.592
1000.0,2024-07-04,51535.049,1549.328114,1549.328114,13791.183666,36194.53722,22454.957,29080.092,30.43063,3.46369,9.32769,10728.652612,0.0,400.469,279.757,400.469,534.08,4.173984,0.0,0.0,0.0,1353.580123,1132.875,1358.31,1736.626,4.752,4.202,3062.531054,0.0,21.075,21.075,21.075,22.453
1000.0,2024-07-05,50452.236,1549.328114,1549.328114,16944.320636,31958.58725,21543.608,28908.628,26.030085,3.173299,9.199299,10580.978744,0.0,394.443,275.16,394.443,532.862,4.372013,4.701136,3426.314847,0.0,1353.251,1125.603,1353.251,1725.239,4.0608,4.0298,2937.027045,0.0,21.106,21.299,21.106,22.609
1000.0,2024-07-06,45802.939,1549.328114,1549.328114,20453.331248,23800.279638,18784.789,27018.15,20.139765,3.178656,7.338656,8440.878099,0.0,390.283,272.537,390.283,527.206,5.560099,12.857099,9370.601039,0.0,1345.954,1119.519,1345.954,1723.482,4.0608,3.6248,2641.85211,0.0,21.542,21.815,21.542,22.795
1000.0,2024-07-07,43128.827,1549.328114,1549.328114,22883.299632,18696.199254,17143.721,25985.106,18.370362,3.077914,10.045037,11553.741057,0.0,383.315877,270.515,383.268,521.59,4.403722,11.047722,8051.877791,0.0,1339.31,1112.893,1339.31,1722.42,3.7152,4.4972,3277.680784,0.0,20.76,22.324,20.76,22.324
1000.0,2024-07-08,55110.752,1549.328114,1549.328114,22673.355476,30888.06841,26775.821,28334.931,18.658419,3.383856,10.045037,11553.741057,0.0,376.654696,268.028,376.128,516.999,3.575664,11.489664,8373.977344,0.0,1331.396,1100.939,1331.396,1723.646,3.2832,3.7672,2745.637074,0.0,20.276,22.252,20.276,22.252
1000.0,2024-07-09,56451.916,1549.328114,1549.328114,19883.93514,35018.652746,28054.757,28397.159,22.485693,3.018557,10.045037,11553.741057,0.0,369.628216,264.392,369.152,512.179,3.45479,8.52079,6210.182105,0.0,1326.33,1079.432,1326.33,1727.241,3.1968,2.9088,2120.011978,0.0,20.564,21.63,20.564,22.471
1000.0,2024-07-10,55047.055,1549.328114,1549.328114,11017.49945,42480.227436,26504.174,28542.881,33.019067,3.133037,7.222253,8306.991837,0.0,365.539,260.274,365.539,505.868,3.181939,0.0,0.0,0.0,1329.511939,1059.077,1329.765,1723.118,3.024,3.719,2710.507613,0.0,19.869,21.3,19.869,21.666
1000.0,2024-07-11,54515.463,1549.328114,1549.328114,8242.470197,44723.664688,24429.346,30086.117,35.809357,2.709763,5.462763,6283.237456,0.0,362.786,254.772,362.786,499.761,3.773174,0.0,0.0,0.0,1333.285114,1041.866,1337.752,1709.412,2.8512,2.6882,1959.232741,0.0,20.032,21.444,20.032,21.444
1000.0,2024-07-12,50760.508,1549.328114,1549.328114,9720.088361,39491.091525,18789.302,31971.206,34.557293,3.023827,6.803827,7825.721222,0.0,359.006,251.518,359.006,493.471,3.705782,0.0,0.0,0.0,1336.990896,1030.429,1342.51,1697.49,2.8512,2.5992,1894.367138,0.0,20.284,22.128,20.284,21.837
1000.0,2024-07-13,48935.96,1549.328114,1549.328114,8986.689498,38399.942388,18149.06,30786.9,35.202397,2.431123,6.179123,7107.19043,0.0,355.258,251.703,355.258,487.048,2.976048,0.0,0.0,0.0,1339.966944,1013.455,1341.377,1683.824,2.7648,2.5788,1879.499068,0.0,20.47,22.392,20.47,21.793
1000.0,2024-07-14,47426.488,1549.328114,1549.328114,12748.437125,33128.722761,17415.682,30010.806,29.514395,2.516227,5.268227,6059.483316,0.0,352.506,253.32,352.506,493.878,4.069354,6.983298,5089.61584,0.0,1337.053,995.542,1337.053,1684.625,2.6784,2.1944,1599.337969,0.0,20.954,22.216,20.954,22.219
1000.0,2024-07-15,56226.319,1549.328114,1549.328114,9734.57491,44942.415976,24017.302,32209.017,30.603824,2.630275,0.0,0.0,0.0,355.136275,255.231,355.512,505.322,3.176496,11.050496,8053.899848,0.0,1329.179,979.476,1329.179,1683.948,2.592,2.306,1680.675062,0.0,21.24,21.618,21.24,22.579
1000.0,2024-07-16,57257.242,1549.328114,1549.328114,6043.01951,49664.894375,26222.96,31034.282,35.668888,2.590013,0.0,0.0,0.0,357.726288,257.075,365.204,503.601,2.808432,5.172432,3769.808097,0.0,1326.815,953.888,1326.815,1683.302,2.592,3.119,2273.211413,0.0,20.713,21.355,20.713,22.327
1000.0,2024-07-17,60842.947,1549.328114,1549.328114,3873.0823,55420.536586,27025.476,33817.471,38.646189,2.460499,0.0,0.0,0.0,360.186787,258.858,370.221,497.445,2.385331,3.018331,2199.841274,0.0,1326.182,924.889,1326.182,1664.049,2.3328,2.2958,1673.241027,0.0,20.75,21.926,20.75,22.574
1000.0,2024-07-18,61154.21,1549.328114,1549.328114,4256.797471,55348.084414,26989.008,34165.202,38.119706,2.356128,0.0,0.0,0.0,362.542915,260.788,371.582,490.828,2.291414,3.220414,2347.124966,0.0,1325.253,896.087,1325.253,1643.559,2.4192,2.6202,1909.672505,0.0,20.549,22.235,20.549,22.8
1000.0,2024-07-19,58017.345,1549.328114,1549.328114,10352.693672,46115.323214,25311.661,32705.684,29.755723,2.461968,0.0,0.0,0.0,365.004883,263.03,370.412,484.136,5.608397,11.706397,8531.938061,0.0,1319.155,866.951,1319.155,1622.401,2.4192,2.4982,1820.755611,0.0,20.47,21.884,20.47,22.845
1000.0,2024-07-20,53063.611,1549.328114,1549.328114,1864.339466,49649.94342,22722.59,30341.021,41.40232,2.492899,0.0,0.0,0.0,367.497782,264.918,369.777,477.781,0.981763,0.0,0.0,0.0,1320.136763,837.345,1323.964,1607.677,2.592,2.558,1864.339466,0.0,20.504,21.837,20.504,22.792
1000.0,2024-07-21,49668.891,1549.328114,1549.328114,3030.023561,45089.539325,20585.706,29083.185,40.419259,2.130278,1.066061,1226.176736,0.0,368.562,267.163,368.562,474.214,2.677277,0.0,0.0,0.0,1322.81404,814.237,1333.222,1612.107,2.592,2.475,1803.846825,0.0,20.621,21.893,20.621,22.764
1000.0,2024-07-22,56927.713,1549.328114,1549.328114,10763.575933,44614.808953,23814.305,33113.408,31.494731,2.452032,3.983032,4581.259508,0.0,367.031,269.453,367.031,490.958,3.312317,6.905357,5032.81048,0.0,1319.221,788.633,1319.221,1596.104,2.4192,1.5772,1149.505944,0.0,21.463,21.837,21.463,22.444
1000.0,2024-07-23,59303.437,1549.328114,1549.328114,18159.356329,39594.752557,25677.219,33626.218,22.282101,2.39207,5.60007,6441.167374,0.0,363.823,270.673,363.823,484.769,1.887149,13.162149,9592.929423,0.0,1307.946,761.368,1307.946,1589.277,2.16,2.916,2125.259532,0.0,20.707,21.572,20.707,22.581
1000.0,2024-07-24,58816.178,1549.328114,1549.328114,16673.889525,40592.960361,25081.205,33734.973,25.516179,2.543616,7.668616,8820.396112,0.0,358.698,271.131,358.698,478.716,2.488925,9.213925,6715.35717,0.0,1301.221,730.949,1301.221,1573.287,2.0736,1.5616,1138.136243,0.0,21.219,21.514,21.219,22.841
1000.0,2024-07-25,57581.972,1549.328114,1549.328114,16125.8775,39906.766386,25386.138,32195.834,26.910131,2.739139,8.779139,10097.713233,0.0,352.658,270.944,352.658,472.657,2.72065,5.12365,3734.254167,0.0,1298.818,707.272,1298.818,1564.128,2.2464,3.1474,2293.9101,0.0,20.318,21.895,20.318,22.712
1000.0,2024-07-26,55976.328,1549.328114,1549.328114,18445.345733,35981.654153,24565.045,31411.283,20.126638,2.480544,2.550544,2933.620406,0.0,352.588,268.662,352.588,466.363,3.642538,18.900538,13775.222117,0.0,1283.56,684.858,1283.56,1564.937,2.0736,2.3826,1736.50321,0.0,20.009,22.095,20.009,22.623
1000.0,2024-07-27,44524.844,1549.328114,1549.328114,14005.449682,28970.066204,18189.517,26335.327,28.368424,2.31025,6.26925,7210.853274,0.0,348.629,266.555,348.629,460.36,2.367446,6.770446,4934.484138,0.0,1279.157,668.619,1279.157,1567.972,1.9872,2.5522,1860.112269,0.0,19.444,21.844,19.444,22.784
1000.0,2024-07-28,41570.946,1549.328114,1549.328114,13796.754436,26224.863449,14238.746,27332.2,28.459562,2.531606,5.931606,6822.498092,0.0,345.229,266.348,345.229,454.408,4.497552,7.537552,5493.571412,0.0,1276.117,653.964,1276.117,1569.322,2.5056,2.0316,1480.684933,0.0,19.918,21.637,19.918,22.259
1000.0,2024-07-29,46232.703,1549.328114,1549.328114,27796.62413,16886.750756,16989.137,29243.566,11.263882,5.834592,9.413592,10827.457037,0.0,341.65,266.25,341.65,457.1,11.288246,18.899246,13774.281056,0.0,1268.506,644.795,1268.506,1559.176,5.0976,4.3836,3194.886037,0.0,20.632,22.36,20.632,22.785
1000.0,2024-07-30,48773.089,1549.328114,1549.328114,19666.03481,27557.726076,17945.307,30827.782,21.93656,4.79209,8.57809,9866.467189,0.0,337.864,269.537,337.864,458.065,7.42487,8.46687,6170.883753,0.0,1267.464,640.202,1267.464,1544.755,5.3568,4.9788,3628.683868,0.0,21.01,24.723,21.01,22.312
1000.0,2024-07-31,47418.193,1549.328114,1549.328114,11657.937891,34210.926995,17721.708,29696.485,30.049094,3.437078,3.605078,4146.539545,0.0,337.696,270.706,337.696,451.686,4.410547,6.421547,4680.196981,0.0,1265.453,629.565,1265.453,1535.555,3.3696,3.8846,2831.201364,0.0,20.495,25.423,20.495,22.179
1000.0,2024-08-01,48791.355,2200.166195,2200.166195,15445.262414,31145.926392,16222.588,32568.767,24.781267,2.734646,3.481646,4004.568799,0.0,336.949,271.643,336.949,446.124,4.076006,12.749006,9291.820087,0.0,1256.78,615.407,1256.78,1535.768,3.1104,2.9484,2148.873527,0.0,20.657,25.193,20.657,23.001
1000.0,2024-08-02,53340.316,2200.166195,2200.166195,15286.512229,35853.637576,19023.032,34317.284,26.097094,2.723846,5.380846,6189.017244,0.0,334.292,271.218,334.292,439.905,3.568579,9.656579,7037.975649,0.0,1250.692,602.727,1250.692,1512.672,2.7648,2.8258,2059.519337,0.0,20.596,24.655,20.596,22.524
1000.0,2024-08-03,51283.794,2200.166195,2200.166195,20918.147743,28165.480062,20781.751,30502.043,20.569314,2.81975,9.18475,10564.244802,0.0,327.927,270.433,327.927,433.436,2.865456,12.060456,8789.985965,0.0,1241.497,590.044,1241.497,1488.813,2.3328,2.1458,1563.916977,0.0,20.783,23.619,20.783,22.113
1000.0,2024-08-04,54146.057,2200.166195,2200.166195,21899.426887,30046.463919,21580.736,32565.321,19.055685,2.654467,8.895467,10231.513001,0.0,321.686,267.04,321.686,439.344,3.703968,13.881968,10117.553092,0.0,1231.319,578.346,1231.319,1475.238,2.4192,2.1272,1550.360794,0.0,21.075,22.034,21.075,22.236
1000.0,2024-08-05,59320.876,2200.166195,2200.166195,23544.985175,33575.72463,24247.3,35073.576,16.49479,2.554243,8.371243,9628.553701,0.0,315.869,265.085,315.869,440.583,3.672086,16.209086,11813.619814,0.0,1218.782,560.454,1218.782,1491.675,2.4192,2.8852,2102.81166,0.0,20.609,21.248,20.609,22.313
1000.0,2024-08-06,60261.442,2200.166195,2200.166195,21101.421543,36959.854262,26108.701,34152.741,20.368349,2.597098,9.272098,10664.711027,0.0,309.194,263.238,309.194,435.269,2.874874,12.750874,9293.180953,0.0,1208.906,539.464,1208.906,1493.67,2.16,1.569,1143.529563,0.0,21.2,21.609,21.2,22.59
1000.0,2024-08-07,57390.243,2200.166195,2200.166195,21601.542496,33588.53431,24383.118,33007.125,19.40428,2.565475,8.791475,10111.902026,0.0,302.968,261.955,302.968,430.065,3.199565,13.374565,9747.743939,0.0,1198.731,510.273,1198.731,1481.198,2.16,2.39,1741.89653,0.0,20.97,21.717,20.97,22.482
1000.0,2024-08-08,53206.12,2200.166195,2200.166195,25643.589371,25362.364434,21190.609,32015.511,13.409816,2.872714,8.015714,9219.625688,0.0,297.825,260.681,297.825,424.328,6.87839,19.18639,13983.559356,0.0,1186.423,488.402,1186.423,1462.354,3.1104,3.3484,2440.404327,0.0,20.732,22.29,20.732,22.327
1000.0,2024-08-09,53648.365,2200.166195,2200.166195,19432.894246,32015.304559,21207.425,32440.94,19.326368,2.954016,3.510016,4037.199343,0.0,297.269,260.12,297.269,419.056,5.431536,17.636536,12853.983623,0.0,1174.218,470.124,1174.218,1450.862,2.6784,3.4874,2541.71128,0.0,19.923,22.379,19.923,22.456
1000.0,2024-08-10,46893.305,2200.166195,2200.166195,20682.370457,24010.768349,17472.081,29421.224,17.78643,2.84472,3.81172,4384.217474,0.0,296.302,258.789,296.302,413.663,5.58697,20.61497,15024.746449,0.0,1159.19,460.632,1159.19,1440.336,2.4192,1.7472,1273.406534,0.0,20.595,21.949,20.595,22.589
1000.0,2024-08-11,42034.424,2200.166195,2200.166195,26041.850506,13792.407299,13414.403,28620.021,10.686035,2.703629,4.249629,4887.897548,0.0,294.756,257.099,294.756,409.169,6.181056,25.974056,18930.593312,0.0,1139.397,451.871,1139.397,1429.899,2.5056,3.0506,2223.359646,0.0,20.05,21.486,20.05,22.417
1000.0,2024-08-12,43486.916,2200.166195,2200.166195,22074.330431,19212.419374,14358.566,29128.35,16.01225,2.326406,4.046406,4654.152363,0.0,293.036,256.682,293.036,405.691,4.310064,21.631064,15765.303482,0.0,1122.076,444.838,1122.076,1427.059,2.5056,2.2706,1654.874586,0.0,20.285,21.385,20.285,22.842
1000.0,2024-08-13,47427.039,2200.166195,2200.166195,21305.795729,23921.077077,14865.823,32561.216,17.178773,2.682202,4.240202,4877.054439,0.0,291.478,255.588,291.478,400.77,4.493146,19.822146,14446.914911,0.0,1106.747,434.443,1106.747,1419.998,2.8512,2.7192,1981.826378,0.0,20.417,22.071,20.417,22.584
1000.0,2024-08-14,51058.31,2200.166195,2200.166195,23182.989788,25675.154018,15967.602,35090.708,14.43848,2.671402,3.955402,4549.479188,0.0,290.194,254.944,290.194,394.629,5.059238,23.386238,17044.521974,0.0,1088.42,422.753,1088.42,1412.71,2.8512,2.1802,1588.988625,0.0,21.088,22.348,21.088,22.514
1000.0,2024-08-15,42385.159,2200.166195,2200.166195,28221.857747,11963.135058,9516.947,32868.212,7.522427,1.921277,3.951277,4544.734868,0.0,288.164,255.502,288.164,389.274,4.671216,30.205216,22014.376962,0.0,1062.886,414.792,1062.886,1393.831,2.2464,2.2814,1662.745918,0.0,21.053,22.022,21.053,22.474
1000.0,2024-08-16,40514.316,2200.166195,2200.166195,27562.982703,10751.167102,10050.906,30463.41,9.775459,2.616624,6.284624,7228.536817,0.0,284.496,257.273,284.496,384.377,4.461437,25.055437,18261.078837,0.0,1042.292,411.081,1042.292,1384.991,2.7648,2.8448,2073.36705,0.0,20.973,21.655,20.973,22.298
1000.0,2024-08-17,33670.729,2200.166195,2200.166195,16550.109901,14920.452904,8376.052,25294.677,22.839085,2.306362,2.744362,3156.548246,0.0,284.058,255.968,284.058,378.303,3.976474,15.380474,11209.704432,0.0,1030.888,413.93,1030.888,1395.885,2.6784,2.9964,2183.857223,0.0,20.655,22.172,20.655,22.561
1000.0,2024-08-18,30607.764,2200.166195,2200.166195,18935.343788,9472.254017,7982.22,22625.544,20.679528,3.786739,4.669739,5371.106009,0.0,283.175,255.116,283.175,372.197,4.791053,16.089053,11726.136085,0.0,1019.59,420.231,1019.59,1397.809,2.592,2.522,1838.101694,0.0,20.725,21.786,20.725,21.965
1000.0,2024-08-19,43028.674,2200.166195,2200.166195,2496.524006,38331.9838,12964.939,30063.735,40.53492,2.501971,0.0,0.0,0.0,285.676971,253.41,286.855,368.242,5.428512,0.0,0.0,0.0,1025.018512,423.335,1034.82,1401.488,2.6784,3.4254,2496.524006,0.0,19.978,21.391,19.978,22.044
1000.0,2024-08-20,48246.539,2200.166195,2200.166195,1635.779319,44410.593487,15638.381,32608.158,41.71592,2.388874,0.0,0.0,0.0,288.065845,252.143,288.239,362.248,4.525718,0.0,0.0,0.0,1029.54423,416.411,1047.065,1394.938,2.6784,2.2444,1635.779319,0.0,20.412,21.484,20.412,22.858
1000.0,2024-08-21,47772.037,2200.166195,2200.166195,10559.838938,35012.031868,14177.425,33594.612,33.492579,2.377296,6.955141,7999.761217,0.0,283.488,251.14,283.488,356.529,5.519318,0.0,0.0,0.0,1035.063549,406.599,1046.684,1396.55,2.5056,3.5126,2560.07772,0.0,19.405,21.463,19.405,22.356
1000.0,2024-08-22,41992.676,2200.166195,2200.166195,14858.333039,24934.176766,10422.099,31570.577,28.237858,3.324499,8.067499,9279.189175,0.0,278.745,250.498,278.745,352.794,8.015414,5.848963,4262.882302,0.0,1037.23,400.077,1037.23,1392.935,2.16,1.806,1316.261562,0.0,19.759,21.475,19.759,22.068
1000.0,2024-08-23,32924.219,2200.166195,2200.166195,30724.052805,0.0,8350.261,24573.958,7.612317,10.714378,10.045037,11553.741057,0.0,279.414341,251.798,273.121,349.047,15.449702,17.743966,12932.281455,0.0,1034.935736,408.873,1031.171,1401.595,8.208,8.559,6238.030293,0.0,19.408,22.812,19.408,21.932
1000.0,2024-08-24,29532.567,2200.166195,2200.166195,18560.306355,8772.09445,9109.092,20423.475,24.301801,8.80969,10.045037,11553.741057,0.0,278.178994,257.963,268.354,344.419,9.018346,2.982082,2173.421931,0.0,1040.972,426.995,1040.972,1402.379,6.9984,6.6314,4833.143368,0.0,19.775,24.369,19.775,21.739
1000.0,2024-08-25,31112.192,2200.166195,2200.166195,17961.442276,10950.58353,7406.545,23705.647,25.123483,6.290006,10.045037,11553.741057,0.0,274.423963,259.474,263.963,344.57,10.094458,0.0,0.0,0.0,1051.066458,441.536,1052.465,1399.886,9.2448,8.7918,6407.701219,0.0,20.228,26.273,20.228,21.716
1000.0,2024-08-26,38042.365,2200.166195,2200.166195,20088.885956,15753.312849,11441.212,26601.153,22.204486,7.559222,10.045037,11553.741057,0.0,271.938149,261.319,261.319,341.863,10.255939,2.653397,1933.86723,0.0,1058.669,457.433,1058.669,1396.805,9.1584,9.0574,6601.27767,0.0,20.329,32.605,20.329,22.31
1000.0,2024-08-27,32505.478,2200.166195,2200.166195,30305.311805,0.0,12177.615,20327.863,8.186858,5.99927,10.045037,11553.741057,0.0,267.892382,262.088,262.088,338.201,8.968579,18.752025,13666.982065,0.0,1048.885554,470.974,1041.811,1395.777,6.9984,6.9764,5084.588683,0.0,20.351,30.471,20.351,22.134
1000.0,2024-08-28,28990.792,2200.166195,2200.166195,26790.625805,0.0,13178.078,15812.714,7.201767,6.237734,0.0,0.0,0.0,274.130117,263.488,263.488,335.455,10.185869,29.474153,21481.558407,0.0,1029.59727,484.391,1010.201,1394.524,6.9984,7.2844,5309.067399,0.0,20.065,27.797,20.065,22.11
1000.0,2024-08-29,27494.988,2200.166195,2200.166195,25294.821805,0.0,12751.901,14743.087,15.06159,7.36465,10.045037,11553.741057,0.0,271.44973,266.458,266.458,331.221,11.325226,6.578493,4794.583558,0.0,1034.344002,497.644,993.58,1397.75,12.3552,12.2752,8946.49719,0.0,20.145,26.238,20.145,22.276
1000.0,2024-08-30,25567.369,2200.166195,2200.166195,23367.202805,0.0,13799.899,11767.47,17.706414,9.186998,10.045037,11553.741057,0.0,270.591691,271.953,266.187,324.555,9.9468,6.25867,4561.487333,0.0,1038.032133,514.216,986.644,1399.492,9.7632,9.9502,7251.974415,0.0,19.958,24.741,19.958,22.632
1000.0,2024-08-31,27390.962,2200.166195,2200.166195,25190.795805,0.0,15851.079,11539.883,9.396842,10.110874,0.0,0.0,0.0,280.702565,278.977,261.988,318.078,14.964739,19.228678,14014.379526,0.0,1033.768194,528.306,970.668,1394.267,15.2928,15.3348,11176.41628,0.0,19.916,19.916,19.916,22.26
1000.0,2024-09-01,27121.615,2744.945823,2744.945823,24376.669177,0.0,16368.525,10753.09,16.321357,18.229622,10.045037,11553.741057,0.0,288.88715,294.165,258.097,317.629,20.472048,1.642326,1196.971347,0.0,1052.597917,546.305,948.428,1375.586,16.7616,15.9516,11625.956773,0.0,20.726,21.004,20.726,22.325
1000.0,2024-09-02,28674.207,2744.945823,2744.945823,25929.261177,0.0,17823.583,10850.624,11.96936,19.81895,6.20216,7133.68744,0.0,302.503941,311.797,256.318,313.257,21.714826,0.0,0.0,0.0,1074.312742,569.464,924.569,1359.068,26.0928,25.7888,18795.573738,0.0,21.03,27.372,21.03,22.177
1000.0,2024-09-03,29638.371,2744.945823,2744.945823,26893.425177,0.0,19539.651,10098.72,10.18571,22.596192,5.40521,6217.040483,0.0,319.694922,330.838,257.575,313.489,23.40239,0.0,0.0,0.0,1097.715133,593.331,903.761,1336.317,28.1664,28.3694,20676.384694,0.0,20.827,37.601,20.827,22.492
1000.0,2024-09-04,32716.57,2744.945823,2744.945823,29971.624177,0.0,22163.267,10553.303,8.6447,19.763827,10.045037,11553.741057,0.0,329.413713,350.758,256.004,309.721,20.564064,25.270583,18417.88312,0.0,1093.008614,620.897,881.607,1319.213,16.3296,0.0,0.0,0.0,37.1566,44.579,20.172,22.295
1000.0,2024-09-05,35459.486,2744.945823,2744.945823,32714.540177,0.0,23049.782,12409.704,4.881234,11.877581,10.045037,11553.741057,0.0,331.246257,359.097,252.639,306.294,16.998336,0.287449,209.500882,0.0,1109.7195,645.662,864.877,1300.414,10.8,28.7466,20951.298238,0.0,19.21,41.099,19.21,22.148
1000.0,2024-09-06,31102.088,2744.945823,2744.945823,28357.142177,0.0,20981.051,10121.037,10.859879,9.19512,10.045037,11553.741057,0.0,330.39634,364.182,250.151,302.545,13.977792,23.055404,16803.40112,0.0,1100.641888,665.707,856.065,1288.45,7.6896,0.0,0.0,0.0,26.8996,33.572,21.068,22.406
1000.0,2024-09-07,25724.094,2744.945823,2744.945823,22979.148177,0.0,15585.308,10138.786,18.238851,9.639475,10.045037,11553.741057,0.0,329.990778,372.167,248.071,305.893,15.878592,0.0,0.0,0.0,1116.52048,681.709,842.003,1275.836,17.8848,15.676432,11425.40712,0.0,29.107968,27.614,19.868,22.585
1000.0,2024-09-08,24048.568,2744.945823,2744.945823,21303.622177,0.0,14749.568,9299.0,20.537786,12.539318,10.045037,11553.741057,0.0,332.48506,383.277,245.308,301.864,16.154381,13.377497,9749.88112,0.0,1119.297364,698.357,828.46,1257.1,13.824,0.0,0.0,0.0,42.931968,30.672,20.182,22.208
1000.0,2024-09-09,27031.957,2744.945823,2744.945823,24287.011177,0.0,17128.44,9903.517,16.444374,10.600243,10.045037,11553.741057,0.0,333.040266,392.324,243.147,299.523,14.607907,0.0,0.0,0.0,1133.905271,717.438,817.757,1236.225,12.6144,17.470909,12733.27012,0.0,38.075459,26.785,20.095,21.94
1000.0,2024-09-10,25178.11,2744.945823,2744.945823,22433.164177,0.0,15211.801,9966.309,18.987978,10.372752,10.045037,11553.741057,0.0,333.367981,397.938,236.657,299.288,15.864768,0.0,0.0,0.0,1149.770039,738.008,807.941,1214.573,12.528,14.927305,10879.42312,0.0,35.676154,26.785,20.292,22.628
1000.0,2024-09-11,28233.782,2744.945823,2744.945823,25488.836177,0.0,16038.479,12195.303,14.795389,8.836733,10.045037,11553.741057,0.0,332.159677,402.311,240.125,297.794,13.09055,19.119894,13935.09512,0.0,1143.740695,756.373,794.897,1194.37,9.1584,0.0,0.0,0.0,44.834554,26.297,20.179,22.556
1000.0,2024-09-12,25146.469,2744.945823,2744.945823,22401.523177,0.0,13651.159,11495.31,19.031392,6.973517,10.045037,11553.741057,0.0,329.088157,404.269,237.205,296.484,9.023357,0.0,0.0,0.0,1152.764052,772.53,788.95,1209.246,7.5168,14.883892,10847.78212,0.0,37.467462,25.112,20.103,22.18
1000.0,2024-09-13,25063.775,2744.945823,2744.945823,22318.829177,0.0,13688.56,11375.215,19.144853,9.950947,10.045037,11553.741057,0.0,328.994068,406.308,235.926,295.076,17.049744,14.77043,10765.08812,0.0,1155.043366,791.441,782.56,1227.359,13.6512,0.0,0.0,0.0,51.118662,26.089,20.747,23.082
1000.0,2024-09-14,24206.688,2744.945823,2744.945823,21461.742177,0.0,14007.517,10199.171,14.513356,8.94456,0.0,0.0,0.0,337.938628,409.039,235.281,300.054,11.223446,0.0,0.0,0.0,1166.266812,812.55,771.646,1211.153,8.8992,29.446964,21461.742177,0.0,30.570898,26.669,21.164,23.306
1000.0,2024-09-15,23107.605,2744.945823,2744.945823,20362.659177,0.0,13350.543,9757.062,21.828851,7.554643,10.045037,11553.741057,0.0,335.448234,410.825,235.469,300.09,10.087027,12.086432,8808.91812,0.0,1164.267407,829.578,759.682,1186.359,8.1216,0.0,0.0,0.0,38.692498,25.423,20.661,22.516
1000.0,2024-09-16,28185.302,2744.945823,2744.945823,25440.356177,0.0,15861.309,12323.993,14.861907,7.040131,10.045037,11553.741057,0.0,332.443329,411.866,238.699,297.924,7.836566,19.053376,13886.61512,0.0,1153.050598,845.723,750.7,1162.947,6.6528,0.0,0.0,0.0,45.345298,23.635,20.723,22.921
1000.0,2024-09-17,32092.235,2744.945823,2744.945823,29347.289177,0.0,18573.575,13518.66,9.50133,7.846502,10.045037,11553.741057,0.0,330.244794,412.429,240.945,294.082,10.8432,24.413953,17793.54812,0.0,1139.479845,855.295,749.963,1143.851,6.9984,0.0,0.0,0.0,52.343698,21.981,21.007,22.968
1000.0,2024-09-18,31982.24,2744.945823,2744.945823,29237.294177,0.0,17576.884,14405.356,4.715518,5.79744,1.506104,1732.311982,0.0,334.53613,410.025,244.31,292.373,8.21016,0.0,0.0,0.0,1147.690005,862.543,740.232,1164.315,6.048,37.738698,27504.982196,0.0,20.653,21.279,20.653,22.516
1000.0,2024-09-19,20389.268,2744.945823,2744.945823,17644.322177,0.0,10401.561,9987.707,19.751115,6.145459,0.0,0.0,0.0,340.681589,409.016,247.445,296.19,8.885462,24.209205,17644.322177,0.0,1132.366262,875.317,733.975,1178.246,6.7392,0.0,0.0,0.0,27.3922,21.468,20.14,21.866
1000.0,2024-09-20,19594.117,2744.945823,2744.945823,16849.171177,0.0,10223.082,9371.035,26.649594,5.868115,10.045037,11553.741057,0.0,336.504668,407.991,250.438,295.049,6.844522,7.265689,5295.43012,0.0,1131.945095,888.473,730.773,1156.738,7.2576,0.0,0.0,0.0,34.6498,22.841,20.364,21.857
1000.0,2024-09-21,17749.223,2744.945823,2744.945823,15004.277177,0.0,8174.089,9575.134,29.180914,5.338915,10.045037,11553.741057,0.0,331.798546,408.609,248.295,293.819,7.370266,4.734369,3450.53612,0.0,1134.580991,900.245,732.748,1170.861,5.2704,0.0,0.0,0.0,39.9202,24.845,20.544,22.42
1000.0,2024-09-22,15129.568,2744.945823,2744.945823,12384.622177,0.0,7341.814,7787.754,26.96778,5.89585,0.0,0.0,0.0,337.694396,413.235,254.971,292.5,8.757072,16.99254,12384.622177,0.0,1126.345523,910.656,729.904,1185.219,7.344,0.0,0.0,0.0,47.2642,23.491,20.602,23.491
1000.0,2024-09-23,20689.079,2744.945823,2744.945823,17944.133177,0.0,11020.372,9668.707,19.339754,6.204557,0.0,0.0,0.0,343.898953,417.894,260.578,291.457,8.159011,24.620566,17944.133177,0.0,1109.883968,918.657,721.633,1200.208,6.8256,0.0,0.0,0.0,54.0898,24.06,20.257,22.953
1000.0,2024-09-24,21589.627,2744.945823,2744.945823,18844.681177,0.0,11336.431,10253.196,18.104141,6.30193,0.0,0.0,0.0,350.200882,420.42,257.823,290.388,7.197725,0.0,0.0,0.0,1117.081693,929.445,721.619,1196.193,7.4304,25.856179,18844.681177,0.0,35.664021,23.285,20.977,22.484
1000.0,2024-09-25,28833.817,2744.945823,2744.945823,26088.871177,0.0,16286.613,12547.204,13.9721,5.910365,10.045037,11553.741057,0.0,346.06621,421.201,262.946,297.339,8.212147,19.943183,14535.13012,0.0,1105.350657,939.038,724.03,1189.808,6.2208,0.0,0.0,0.0,41.884821,21.22,21.131,23.08
1000.0,2024-09-26,21392.865,2744.945823,2744.945823,18647.919177,0.0,12567.461,8825.404,24.18159,6.701011,10.045037,11553.741057,0.0,342.722185,421.345,262.6,314.072,11.371709,9.733693,7094.17812,0.0,1106.988673,950.087,706.456,1203.095,11.5776,0.0,0.0,0.0,53.462421,19.735,21.262,23.318
1000.0,2024-09-27,29217.24,2744.945823,2744.945823,26472.294177,0.0,17110.085,12107.155,7.63854,11.320906,0.0,0.0,0.0,354.04309,424.749,262.219,312.127,12.31079,0.0,0.0,0.0,1119.299464,965.552,704.828,1197.306,12.96,36.32178,26472.294177,0.0,30.100641,26.086,21.325,23.397
1000.0,2024-09-28,21958.735,2744.945823,2744.945823,19213.789177,0.0,11140.661,10818.074,23.405178,8.150976,10.045037,11553.741057,0.0,352.149029,426.854,261.414,320.846,10.151827,10.510105,7660.04812,0.0,1118.941186,980.887,699.391,1179.141,8.0352,0.0,0.0,0.0,38.135841,25.841,20.793,23.193
1000.0,2024-09-29,20632.378,2744.945823,2744.945823,17887.432177,0.0,10794.214,9838.164,25.22503,7.68528,10.045037,11553.741057,0.0,349.789273,428.19,259.582,318.831,8.630842,8.690253,6333.69112,0.0,1118.881775,996.703,687.193,1163.403,6.5664,0.0,0.0,0.0,44.702241,23.984,20.494,23.602
1000.0,2024-09-30,32117.332,2744.945823,2744.945823,29372.386177,0.0,19779.442,12337.89,9.466895,6.052752,10.045037,11553.741057,0.0,345.796988,234.619,72.826,128.817,8.71871,24.448388,17818.64512,0.0,1103.152097,1011.737,677.537,1152.86,5.8752,0.0,0.0,0.0,50.577441,21.735,20.753,23.6
1000.0,2024-10-01,23889.776,3167.266207,3167.266207,20722.509793,0.0,15251.665,8638.111,21.335112,6.066662,10.045037,11553.741057,0.0,341.818613,230.837,72.068,129.658,7.89575,0.0,0.0,0.0,1111.047848,1023.231,681.833,1144.653,5.4432,12.580172,9168.768736,0.0,43.440469,19.949,20.773,22.985
1000.0,2024-10-02,24084.697,3167.266207,3167.266207,20917.430793,0.0,14680.904,9403.793,21.067667,8.331984,10.045037,11553.741057,0.0,340.105561,226.56,73.547,126.954,13.803178,12.847616,9363.689736,0.0,1112.003409,1036.5,688.848,1133.733,10.4544,0.0,0.0,0.0,53.894869,19.884,21.141,22.681
1000.0,2024-10-03,27565.323,3167.266207,3167.266207,24398.056793,0.0,18552.244,9013.079,16.292012,16.324157,10.045037,11553.741057,0.0,346.384681,230.112,69.61,132.138,15.320362,0.0,0.0,0.0,1127.323771,1058.808,692.182,1120.963,13.392,17.623271,12844.315736,0.0,49.663598,24.609,21.144,23.422
1000.0,2024-10-04,30337.835,3167.266207,3167.266207,27170.568793,0.0,21473.94,8863.895,12.487938,14.374454,10.045037,11553.741057,0.0,350.714098,235.263,71.941,135.676,15.445123,0.0,0.0,0.0,1142.768894,1079.751,701.88,1104.957,12.528,21.427345,15616.827736,0.0,40.764253,26.007,21.448,23.728
1000.0,2024-10-05,21477.775,3167.266207,3167.266207,18310.508793,0.0,12688.125,8789.65,24.64454,11.162016,10.045037,11553.741057,0.0,351.831077,238.932,74.379,142.832,11.560838,9.270743,6756.767736,0.0,1145.058989,1098.378,717.046,1098.378,12.096,0.0,0.0,0.0,52.860253,31.798,21.619,23.388
1000.0,2024-10-06,18643.975,3167.266207,3167.266207,15476.708793,0.0,10583.464,8060.511,28.532706,9.36023,10.045037,11553.741057,0.0,351.146271,241.649,80.7,145.332,10.70401,0.0,0.0,0.0,1155.762999,1116.791,708.348,1116.791,9.6768,5.382577,3922.967736,0.0,57.154476,40.583,21.783,23.747
1000.0,2024-10-07,21465.25,3167.266207,3167.266207,18297.983793,0.0,11909.455,9555.795,24.661725,7.890221,10.045037,11553.741057,0.0,348.991455,245.859,79.733,156.25,9.968486,0.0,0.0,0.0,1165.731485,1130.566,689.606,1130.566,8.3808,9.253558,6744.242736,0.0,56.281718,45.033,21.033,23.587
1000.0,2024-10-08,20385.123,3167.266207,3167.266207,17217.856793,0.0,11456.432,8928.691,26.143733,10.607069,10.045037,11553.741057,0.0,349.553487,253.516,79.14,166.787,16.398547,0.0,0.0,0.0,1182.130032,1142.445,667.541,1142.445,12.096,7.77155,5664.115736,0.0,60.606168,46.109,21.318,24.187
1000.0,2024-10-09,22867.187,3167.266207,3167.266207,19699.920793,0.0,13633.313,9233.874,22.738173,8.767094,10.045037,11553.741057,0.0,348.275545,263.452,81.604,163.936,8.660563,0.0,0.0,0.0,1190.790596,1154.678,665.251,1136.465,9.504,11.17711,8146.179736,0.0,58.933057,46.836,21.242,23.719
1000.0,2024-10-10,29166.53,3167.266207,3167.266207,25999.263793,0.0,19848.717,9317.813,14.095048,8.14199,10.045037,11553.741057,0.0,346.372498,268.861,80.697,159.89,9.11615,0.0,0.0,0.0,1199.906746,1165.549,663.326,1128.198,7.4304,19.820235,14445.522736,0.0,46.543222,42.885,20.571,23.569
1000.0,2024-10-11,25367.219,3167.266207,3167.266207,22199.952793,0.0,16440.377,8926.842,19.30796,6.457018,10.045037,11553.741057,0.0,342.784479,272.073,82.371,161.591,8.602589,14.607323,10646.211736,0.0,1193.902011,1174.655,645.87,1119.599,6.48,0.0,0.0,0.0,53.023222,39.36,20.998,23.508
1000.0,2024-10-12,16664.067,3167.266207,3167.266207,13496.800793,0.0,8851.249,7812.818,31.249274,6.00912,10.045037,11553.741057,0.0,338.748562,278.345,84.183,170.673,8.479901,2.66601,1943.059736,0.0,1199.715903,1180.915,631.089,1109.738,6.1344,0.0,0.0,0.0,59.157622,36.265,21.556,24.59
1000.0,2024-10-13,17918.113,3167.266207,3167.266207,14750.846793,0.0,8678.438,9239.675,29.528638,6.101568,10.045037,11553.741057,0.0,334.805093,284.378,82.919,174.984,6.511622,4.386646,3197.105736,0.0,1201.840879,1187.431,622.402,1100.041,5.8752,0.0,0.0,0.0,65.032822,37.059,21.328,24.895
1000.0,2024-10-14,27108.909,3167.266207,3167.266207,23941.642793,0.0,15427.749,11681.16,16.918243,6.123168,10.045037,11553.741057,0.0,330.883225,289.804,82.296,179.054,6.95425,0.0,0.0,0.0,1208.795129,1192.98,635.212,1095.161,4.752,16.99704,12387.901736,0.0,52.787782,33.027,21.549,23.58
1000.0,2024-10-15,27394.495,3167.266207,3167.266207,24227.228793,0.0,17203.212,10191.283,16.5264,4.937328,10.045037,11553.741057,0.0,325.775516,291.275,84.035,181.305,6.261235,17.388883,12673.487736,0.0,1197.667481,1195.379,667.376,1092.034,4.6656,0.0,0.0,0.0,57.453382,27.75,21.519,23.825
1000.0,2024-10-16,31772.554,3167.266207,3167.266207,28605.287793,0.0,21593.23,10179.324,10.519406,4.866739,10.045037,11553.741057,0.0,320.597218,291.501,82.824,184.465,5.968858,23.395877,17051.546736,0.0,1180.240462,1194.945,693.127,1091.139,4.5792,0.0,0.0,0.0,62.032582,25.44,22.105,23.115
1000.0,2024-10-17,34249.355,3167.266207,3167.266207,31082.088793,0.0,23320.843,10928.512,7.121068,4.630176,10.045037,11553.741057,0.0,315.182357,291.123,80.861,187.773,5.722963,0.0,0.0,0.0,1185.963425,1187.525,711.527,1082.616,4.4928,26.794216,19528.347736,0.0,39.731166,23.176,21.408,23.282
1000.0,2024-10-18,31787.554,3167.266207,3167.266207,28620.287793,0.0,22068.678,9718.876,10.498825,5.008435,10.045037,11553.741057,0.0,310.145756,289.742,84.564,184.547,5.480957,23.416458,17066.546736,0.0,1168.027924,1181.009,721.303,1075.488,4.5792,0.0,0.0,0.0,44.310366,22.011,21.742,23.138
1000.0,2024-10-19,25593.352,3167.266207,3167.266207,22426.085793,0.0,15361.016,10232.336,18.99769,4.410806,10.045037,11553.741057,0.0,304.511525,284.51,94.439,181.502,5.807462,14.917593,10872.344736,0.0,1158.917793,1182.915,722.128,1079.852,4.9248,0.0,0.0,0.0,49.235166,22.227,21.141,23.44
1000.0,2024-10-20,23952.296,3167.266207,3167.266207,20785.029793,0.0,13309.534,10642.762,21.24933,4.513363,10.045037,11553.741057,0.0,298.979852,278.625,91.994,185.19,5.738429,12.665953,9231.288736,0.0,1151.990268,1190.62,721.763,1084.945,5.4432,0.0,0.0,0.0,54.678366,22.02,21.247,23.257
1000.0,2024-10-21,30775.727,3167.266207,3167.266207,27608.460793,0.0,20075.129,10700.598,11.887121,4.947955,10.045037,11553.741057,0.0,293.88277,272.922,94.098,184.933,6.608909,0.0,0.0,0.0,1158.599177,1198.437,722.249,1108.914,5.184,22.028163,16054.719736,0.0,37.834204,21.192,21.735,22.766
1000.0,2024-10-22,35619.075,3167.266207,3167.266207,32451.808793,0.0,24216.562,11402.513,5.241719,4.8168,10.045037,11553.741057,0.0,288.654533,267.402,99.882,189.34,5.647622,28.673564,20898.067736,0.0,1135.573235,1201.959,729.038,1136.715,5.5296,0.0,0.0,0.0,43.363804,19.611,21.896,23.31
1000.0,2024-10-23,30417.201,3167.266207,3167.266207,27249.934793,0.0,21083.987,9333.214,12.379042,6.324221,10.045037,11553.741057,0.0,284.933717,262.417,108.155,201.376,8.665574,21.536241,15696.193736,0.0,1122.702569,1208.693,726.162,1131.779,8.208,0.0,0.0,0.0,51.571804,13.108,21.354,23.181
1000.0,2024-10-24,26196.85,3167.266207,3167.266207,23029.583793,0.0,17903.114,8293.736,12.362171,9.130406,0.0,0.0,0.0,294.064124,260.875,119.56,198.656,18.245866,0.0,0.0,0.0,1140.948435,1226.399,717.585,1127.806,30.4128,31.598149,23029.583793,0.0,50.386455,12.315,21.609,23.759
1000.0,2024-10-25,25252.282,3167.266207,3167.266207,22085.015793,0.0,17552.724,7699.558,13.658183,30.764016,0.0,0.0,0.0,324.82814,276.205,121.687,196.006,29.976912,0.0,0.0,0.0,1170.925347,1257.044,706.717,1127.867,40.5216,30.302137,22085.015793,0.0,60.605918,41.876,21.667,23.962
1000.0,2024-10-26,25233.479,3167.266207,3167.266207,22066.212793,0.0,17225.654,8007.825,19.49146,32.01889,10.045037,11553.741057,0.0,346.801993,305.536,124.569,194.008,45.998842,0.0,0.0,0.0,1216.924188,1302.822,693.41,1121.13,25.6608,14.423823,10512.471736,0.0,71.842895,55.087,21.854,24.195
1000.0,2024-10-27,27560.412,3167.266207,3167.266207,24393.145793,0.0,20463.483,7096.929,16.29875,16.960838,10.045037,11553.741057,0.0,353.717794,328.094,127.39,191.543,25.218432,0.0,0.0,0.0,1242.14262,1336.896,684.102,1109.093,13.824,17.616533,12839.404736,0.0,68.050362,57.108,21.472,23.913
1000.0,2024-10-28,29393.438,3167.266207,3167.266207,26226.171793,0.0,20311.618,9081.82,13.783715,13.637376,10.045037,11553.741057,0.0,357.310133,342.854,129.819,189.156,20.001341,0.0,0.0,0.0,1262.143961,1359.526,679.664,1106.551,11.4912,20.131569,14672.430736,0.0,59.409993,52.981,21.646,23.675
1000.0,2024-10-29,30721.589,3167.266207,3167.266207,27554.322793,0.0,19578.292,11143.297,11.961402,12.73847,10.045037,11553.741057,0.0,360.003567,355.257,132.32,189.088,17.033069,21.953882,16000.581736,0.0,1257.223148,1378.79,670.267,1117.092,10.2816,0.0,0.0,0.0,69.691593,47.294,21.575,24.455
1000.0,2024-10-30,32550.948,3167.266207,3167.266207,29383.681793,0.0,21150.915,11400.033,9.451397,11.794118,10.045037,11553.741057,0.0,361.752649,362.916,140.032,195.566,13.951354,0.0,0.0,0.0,1271.174502,1397.611,658.208,1121.825,9.3312,24.463886,17829.940736,0.0,54.558907,43.451,21.976,23.932
1000.0,2024-10-31,25583.282,3167.266207,3167.266207,22416.015793,0.0,17696.093,7887.189,19.011507,12.394253,10.045037,11553.741057,0.0,364.101865,367.754,145.366,203.458,13.203562,14.903777,10862.274736,0.0,1269.474287,1417.936,678.55,1124.22,10.2816,0.0,0.0,0.0,64.840507,38.417,22.21,23.58
1000.0,2024-11-01,22985.067,3686.624608,3686.624608,19298.442392,0.0,18179.606,4805.461,23.289028,10.637136,10.045037,11553.741057,0.0,364.693964,370.364,149.722,209.875,12.040704,0.0,0.0,0.0,1281.514991,1438.627,712.572,1125.428,12.096,10.626255,7744.701335,0.0,66.310252,40.405,21.817,23.286
1000.0,2024-11-02,15730.719,3686.624608,3686.624608,12044.094392,0.0,11616.647,4114.072,33.242485,11.647152,10.045037,11553.741057,0.0,366.296079,373.917,149.212,209.109,12.455856,0.0,0.0,0.0,1293.970847,1458.221,735.832,1121.187,12.3552,0.672798,490.353335,0.0,77.992654,44.189,21.456,23.32
1000.0,2024-11-03,18090.911,3686.624608,3686.624608,14404.286392,0.0,14998.598,3092.313,30.004142,9.430906,10.045037,11553.741057,0.0,365.681948,374.22,146.282,206.898,10.534579,0.0,0.0,0.0,1304.505426,1479.424,720.021,1117.39,8.64,3.911141,2850.545335,0.0,82.721513,45.21,21.45,23.517
1000.0,2024-11-04,24327.27,3686.624608,3686.624608,20640.645392,0.0,20594.469,3732.801,21.447435,8.361274,10.045037,11553.741057,0.0,363.998185,372.67,145.456,209.884,11.750314,0.0,0.0,0.0,1316.25574,1499.04,702.72,1116.959,8.0352,12.467848,9086.904335,0.0,78.288865,41.606,21.952,24.244
1000.0,2024-11-05,26820.756,3686.624608,3686.624608,23134.131392,0.0,22169.481,4651.275,18.026203,8.796125,10.045037,11553.741057,0.0,362.749273,370.881,147.087,213.737,9.18432,0.0,0.0,0.0,1325.44006,1517.998,689.628,1117.63,9.936,15.88908,11580.390335,0.0,72.335785,36.107,21.444,24.582
1000.0,2024-11-06,33230.936,3686.624608,3686.624608,29544.311392,0.0,25874.211,7356.725,9.231002,10.202026,10.045037,11553.741057,0.0,362.906261,369.986,148.092,222.219,10.875946,0.0,0.0,0.0,1336.316005,1536.167,680.753,1115.508,10.4544,24.684281,17990.570335,0.0,58.105905,32.207,21.954,24.863
1000.0,2024-11-07,28991.78,3686.624608,3686.624608,25305.155392,0.0,23746.046,5245.734,15.047411,10.804147,10.045037,11553.741057,0.0,363.665372,369.937,146.919,222.642,12.104035,18.867872,13751.414335,0.0,1329.552169,1552.721,677.471,1120.492,10.5408,0.0,0.0,0.0,68.646705,26.265,21.649,24.382
1000.0,2024-11-08,25118.451,3686.624608,3686.624608,21431.826392,0.0,22349.884,2768.567,20.361881,12.801283,10.045037,11553.741057,0.0,366.421618,370.838,144.915,222.554,17.483645,0.0,0.0,0.0,1347.035814,1574.783,752.565,1124.917,24.0192,13.553402,9878.085335,0.0,79.112503,23.391,21.957,23.436
1000.0,2024-11-09,25653.783,3686.624608,3686.624608,21967.158392,0.0,23410.73,2243.053,13.819891,54.519955,0.0,0.0,0.0,420.941573,393.221,143.937,224.558,55.764461,0.0,0.0,0.0,1402.800274,1621.883,813.16,1129.115,76.896,30.140429,21967.158392,0.0,125.868074,63.211,21.868,23.441
1000.0,2024-11-10,28374.236,3686.624608,3686.624608,24687.611392,0.0,26207.795,2166.441,10.087245,41.230771,0.0,0.0,0.0,462.172345,436.978,148.352,226.007,60.340723,0.0,0.0,0.0,1463.140998,1692.869,836.003,1197.032,30.8448,33.873075,24687.611392,0.0,122.839799,93.738,21.722,23.432
1000.0,2024-11-11,29118.245,3686.624608,3686.624608,25431.620392,0.0,24836.604,4281.641,9.066415,21.30745,0.0,0.0,0.0,483.479794,454.424,150.531,227.772,39.904358,0.0,0.0,0.0,1503.045356,1753.556,833.439,1246.973,18.0576,34.893905,25431.620392,0.0,106.003494,91.83,22.145,23.089
1000.0,2024-11-12,34305.238,3686.624608,3686.624608,30618.613392,0.0,28571.709,5733.529,7.756987,15.640042,10.045037,11553.741057,0.0,489.074799,461.884,153.084,229.827,26.658288,0.0,0.0,0.0,1529.703644,1795.813,832.641,1249.351,13.392,26.158296,19064.872335,0.0,93.237198,83.878,21.503,23.642
1000.0,2024-11-13,33060.841,3686.624608,3686.624608,29374.216392,0.0,28657.739,4403.102,9.464384,13.003373,10.045037,11553.741057,0.0,492.033135,466.055,154.635,231.315,19.92479,0.0,0.0,0.0,1549.628434,1825.549,829.869,1246.317,11.8368,24.450899,17820.475335,0.0,80.623099,75.221,20.842,23.35
1000.0,2024-11-14,30697.327,3686.624608,3686.624608,27010.702392,0.0,25857.674,4839.653,12.707286,13.569984,10.045037,11553.741057,0.0,495.558082,468.67,155.321,232.899,19.447517,0.0,0.0,0.0,1569.075951,1851.288,820.911,1242.366,12.4416,21.207998,15456.961335,0.0,71.856701,67.071,20.489,22.919
1000.0,2024-11-15,27044.65,3686.624608,3686.624608,23358.025392,0.0,23719.553,3325.097,17.719006,22.892803,10.045037,11553.741057,0.0,508.405849,478.204,156.301,260.813,17.531856,16.196277,11804.284335,0.0,1570.41153,1879.415,816.95,1238.181,14.9472,0.0,0.0,0.0,86.803901,62.833,21.435,22.921
1000.0,2024-11-16,21636.162,3686.624608,3686.624608,17949.537392,0.0,19395.878,2240.284,25.139818,19.679155,10.045037,11553.741057,0.0,518.039967,490.469,155.796,263.569,21.70368,0.0,0.0,0.0,1592.11521,1907.557,815.255,1236.557,12.3552,8.775466,6395.796335,0.0,90.383635,58.425,21.102,23.399
1000.0,2024-11-17,21241.112,3686.624608,3686.624608,17554.487392,0.0,19003.941,2237.171,25.681853,14.503018,10.045037,11553.741057,0.0,522.497948,497.051,143.365,271.623,19.922026,0.0,0.0,0.0,1612.037235,1935.743,812.023,1278.261,8.9856,8.23343,6000.746335,0.0,91.135805,51.09,21.229,23.211
1000.0,2024-11-18,28082.538,3686.624608,3686.624608,24395.913392,0.0,25506.346,2576.192,16.294953,11.541226,10.045037,11553.741057,0.0,523.994137,499.737,149.518,272.984,17.894304,0.0,0.0,0.0,1629.931539,1962.708,819.37,1339.805,8.208,17.62033,12842.172335,0.0,81.723475,42.168,21.725,23.595
1000.0,2024-11-19,27991.165,3686.624608,3686.624608,24304.540392,0.0,25310.939,2680.226,16.420323,10.330848,10.045037,11553.741057,0.0,524.279948,501.366,148.379,274.499,15.046387,17.49496,12750.799335,0.0,1627.482966,1984.047,843.409,1351.672,6.7392,0.0,0.0,0.0,88.462675,34.403,21.793,23.859
1000.0,2024-11-20,25738.546,3686.624608,3686.624608,22051.921392,0.0,23012.674,2725.872,19.511069,9.138874,10.045037,11553.741057,0.0,523.373785,502.011,153.622,276.52,14.919552,0.0,0.0,0.0,1642.402518,1999.208,863.682,1344.455,7.9488,14.404214,10498.180335,0.0,82.00726,27.292,21.162,24.601
1000.0,2024-11-21,27711.666,3686.624608,3686.624608,24025.041392,0.0,25239.673,2471.993,16.803815,8.709206,10.045037,11553.741057,0.0,522.037954,500.55,160.323,278.49,10.844237,17.111469,12471.300335,0.0,1636.135286,2009.499,882.386,1348.411,6.9984,0.0,0.0,0.0,89.00566,23.722,21.739,23.722
1000.0,2024-11-22,27422.513,3686.624608,3686.624608,23735.888392,0.0,24882.732,2539.781,17.200552,8.137152,10.045037,11553.741057,0.0,520.130069,498.841,165.427,280.8,11.632896,0.0,0.0,0.0,1647.768182,2016.765,899.124,1339.616,6.5664,16.714731,12182.147335,0.0,78.857329,22.277,21.692,23.877
1000.0,2024-11-23,24901.631,3686.624608,3686.624608,21215.006392,0.0,23035.184,1866.447,20.659373,7.42055,10.045037,11553.741057,0.0,517.505583,496.52,170.081,283.434,9.765101,13.25591,9661.265335,0.0,1644.277373,2018.817,914.085,1335.765,5.9616,0.0,0.0,0.0,84.818929,21.947,22.143,24.8
1000.0,2024-11-24,24763.581,3686.624608,3686.624608,21076.956392,0.0,21718.394,3045.187,20.848787,6.779808,10.045037,11553.741057,0.0,514.240354,493.497,174.775,286.607,8.993203,0.0,0.0,0.0,1653.270576,2018.975,931.893,1342.306,7.2576,13.066496,9523.215335,0.0,79.010033,22.124,21.739,25.065
1000.0,2024-11-25,27594.075,3686.624608,3686.624608,23907.450392,0.0,23975.42,3618.655,16.965157,6.655997,10.045037,11553.741057,0.0,510.851314,489.976,180.595,293.534,9.673517,16.950126,12353.709335,0.0,1645.993967,2025.354,948.281,1357.393,5.7024,0.0,0.0,0.0,84.712433,21.464,21.464,24.759
1000.0,2024-11-26,30410.504,3686.624608,3686.624608,26723.879392,0.0,27327.735,3082.769,13.100826,6.753197,10.045037,11553.741057,0.0,507.559474,486.473,185.041,293.075,9.029837,0.0,0.0,0.0,1655.023804,2029.253,959.647,1348.0,6.9984,20.814457,15170.138335,0.0,70.896376,21.35,21.805,24.132
1000.0,2024-11-27,32095.481,3686.624608,3686.624608,28408.856392,0.0,27224.914,4870.567,10.788924,7.151242,10.045037,11553.741057,0.0,504.665679,484.106,190.266,296.621,10.572077,23.12636,16855.115335,0.0,1642.469521,2026.303,969.067,1373.695,8.3808,0.0,0.0,0.0,79.277176,21.215,21.202,24.087
1000.0,2024-11-28,28387.725,3686.624608,3686.624608,24701.100392,0.0,22735.712,5652.013,15.876216,8.422186,10.045037,11553.741057,0.0,503.042828,484.527,197.751,299.761,11.394605,0.0,0.0,0.0,1653.864126,2025.081,989.919,1417.433,8.7264,18.039067,13147.359335,0.0,69.964509,20.67,22.049,24.595
1000.0,2024-11-29,32112.191,3686.624608,3686.624608,28425.566392,0.0,26926.044,5186.147,10.765996,8.709466,10.045037,11553.741057,0.0,501.707257,483.815,203.056,304.912,13.089254,23.149287,16871.825335,0.0,1643.804093,2028.472,994.438,1420.218,10.7136,0.0,0.0,0.0,80.678109,21.162,21.434,23.446
1000.0,2024-11-30,23966.831,3686.624608,3686.624608,20280.206392,0.0,21928.94,2037.891,21.941982,9.924336,10.045037,11553.741057,0.0,501.586556,482.87,205.475,304.619,14.613178,0.0,0.0,0.0,1658.417271,2036.53,992.956,1424.745,8.9856,11.973301,8726.465335,0.0,77.690407,21.682,21.683,24.063
1000.0,2024-12-01,22512.469,3888.080998,3888.080998,18624.388002,0.0,20647.272,1865.197,24.213877,8.985254,10.045037,11553.741057,0.0,500.526773,482.209,211.207,303.491,16.036531,9.701406,7070.646945,0.0,1664.752396,2050.956,992.36,1428.524,7.8624,0.0,0.0,0.0,85.552807,21.196,21.532,23.769
1000.0,2024-12-02,32136.112,3888.080998,3888.080998,28248.031002,0.0,27407.103,4729.009,11.009587,8.11633,10.045037,11553.741057,0.0,498.598066,480.434,217.807,301.63,13.317437,0.0,0.0,0.0,1678.069833,2060.31,985.878,1427.347,8.2944,22.905696,16694.289945,0.0,70.941511,21.334,21.356,22.875
1000.0,2024-12-03,27478.701,3888.080998,3888.080998,23590.620002,0.0,23446.649,4032.052,17.39987,9.114854,10.045037,11553.741057,0.0,497.667884,478.691,224.308,305.534,14.995584,16.515413,12036.878945,0.0,1676.550004,2065.426,994.792,1443.599,10.368,0.0,0.0,0.0,81.309511,21.951,21.062,23.45
1000.0,2024-12-04,29341.881,3888.080998,3888.080998,25453.800002,0.0,25301.145,4040.736,14.843461,11.659162,10.045037,11553.741057,0.0,499.282009,478.262,230.084,309.689,18.612202,0.0,0.0,0.0,1695.162205,2076.715,1004.094,1460.74,13.2192,19.071822,13900.058945,0.0,75.456889,26.653,21.184,23.838
1000.0,2024-12-05,27345.714,3888.080998,3888.080998,23457.633002,0.0,23853.166,3492.548,17.582337,15.448838,10.045037,11553.741057,0.0,504.68581,481.717,234.797,314.728,26.872301,0.0,0.0,0.0,1722.034506,2097.38,1001.871,1475.837,17.8848,16.332946,11903.891945,0.0,77.008743,31.877,20.938,23.02
1000.0,2024-12-06,34120.251,3888.080998,3888.080998,30232.170002,0.0,29881.587,4238.664,8.287214,13.425955,10.045037,11553.741057,0.0,508.066729,485.936,236.685,322.982,30.343162,25.628069,18678.428945,0.0,1726.749598,2125.438,1016.805,1491.099,9.5904,0.0,0.0,0.0,86.599143,29.399,20.863,23.207
1000.0,2024-12-07,25330.897,3888.080998,3888.080998,21442.816002,0.0,22837.534,2493.363,20.346803,10.461139,10.045037,11553.741057,0.0,508.482831,487.575,240.021,325.611,26.123386,0.0,0.0,0.0,1752.872984,2152.747,1025.437,1500.131,7.9488,13.568481,9889.074945,0.0,80.979462,22.76,21.436,23.507
1000.0,2024-12-08,22172.115,3888.080998,3888.080998,18284.034002,0.0,19848.325,2323.79,24.680866,12.265603,10.045037,11553.741057,0.0,510.703397,488.51,244.192,328.233,24.33145,9.234418,6730.292945,0.0,1767.970016,2178.589,1029.486,1497.164,10.7136,0.0,0.0,0.0,91.693062,20.169,21.239,23.877
1000.0,2024-12-09,28018.556,3888.080998,3888.080998,24130.475002,0.0,24748.639,3269.917,16.659153,16.416432,10.045037,11553.741057,0.0,517.074793,491.961,249.211,331.225,25.108272,0.0,0.0,0.0,1793.078288,2200.738,1037.851,1497.293,14.6016,17.256131,12576.733945,0.0,89.038532,24.609,21.632,24.458
1000.0,2024-12-10,34374.098,3888.080998,3888.080998,30486.017002,0.0,31284.291,3089.807,7.938919,13.013914,10.045037,11553.741057,0.0,520.043669,496.507,252.12,328.392,22.898938,0.0,0.0,0.0,1815.977225,2214.883,1050.148,1504.538,9.072,25.976365,18932.275945,0.0,72.134167,25.215,21.49,24.52
1000.0,2024-12-11,35203.661,3888.080998,3888.080998,31315.580002,0.0,30903.657,4300.004,6.800702,9.863078,10.045037,11553.741057,0.0,519.861711,497.064,252.907,325.87,17.215373,27.114581,19761.838945,0.0,1806.078017,2222.208,1064.655,1512.917,6.9984,0.0,0.0,0.0,79.132567,21.869,21.725,24.671
1000.0,2024-12-12,38048.593,3888.080998,3888.080998,34160.512002,0.0,30977.431,7071.162,2.897263,7.799674,10.045037,11553.741057,0.0,517.616348,495.124,253.95,328.157,15.566429,31.018021,22606.770945,0.0,1790.626425,2223.173,1076.622,1515.3,7.9488,0.0,0.0,0.0,87.081367,19.696,21.686,24.08
1000.0,2024-12-13,31062.428,3888.080998,3888.080998,27174.347002,0.0,27880.339,3182.089,12.482754,7.013779,10.045037,11553.741057,0.0,514.58509,491.666,253.96,346.315,14.817946,0.0,0.0,0.0,1805.44437,2224.538,1092.192,1528.89,9.504,21.432529,15620.605945,0.0,75.152838,22.331,22.096,24.55
1000.0,2024-12-14,23977.947,3888.080998,3888.080998,20089.866002,0.0,22085.616,1892.331,22.203142,12.074573,10.045037,11553.741057,0.0,516.614626,490.149,257.407,358.189,24.537427,0.0,0.0,0.0,1829.981798,2242.16,1103.972,1538.038,27.0432,11.712141,8536.124945,0.0,90.483896,26.518,22.102,25.964
1000.0,2024-12-15,26924.154,3888.080998,3888.080998,23036.073002,0.0,24984.529,1939.625,18.160746,18.596995,10.045037,11553.741057,0.0,525.166585,496.017,259.527,359.915,31.278528,0.0,0.0,0.0,1861.260326,2270.859,1125.112,1543.113,19.872,15.754537,11482.331945,0.0,94.601359,41.666,22.569,25.731
1000.0,2024-12-16,32871.882,3888.080998,3888.080998,28983.801002,0.0,28755.763,4116.119,10.000061,14.71919,10.045037,11553.741057,0.0,529.840738,501.585,259.483,360.384,33.352387,0.0,0.0,0.0,1894.612713,2300.424,1150.213,1550.19,12.2688,23.915223,17430.059945,0.0,82.954937,40.393,21.541,24.962
1000.0,2024-12-17,25032.251,3888.080998,3888.080998,21144.170002,0.0,23100.283,1931.968,20.756565,10.767773,10.045037,11553.741057,0.0,530.563474,503.565,258.053,361.299,24.071126,13.158718,9590.428945,0.0,1905.525121,2329.046,1172.131,1562.901,9.7632,0.0,0.0,0.0,92.718137,36.369,21.622,25.004
1000.0,2024-12-18,24319.525,3888.080998,3888.080998,20431.444002,0.0,22418.186,1901.339,21.734474,9.089971,10.045037,11553.741057,0.0,529.608409,502.663,256.311,361.796,19.481472,12.18081,8877.702945,0.0,1912.825784,2353.799,1187.329,1584.871,7.9488,0.0,0.0,0.0,100.666937,32.619,21.735,24.586
1000.0,2024-12-19,23924.126,3888.080998,3888.080998,20036.045002,0.0,22380.795,1543.331,22.276988,7.718112,10.045037,11553.741057,0.0,527.281484,499.987,253.405,369.819,15.19465,0.0,0.0,0.0,1928.020433,2370.071,1193.165,1603.84,7.2576,11.638295,8482.303945,0.0,96.286241,28.477,21.704,27.275
1000.0,2024-12-20,25658.151,3888.080998,3888.080998,21770.070002,0.0,23029.269,2628.882,19.897788,7.899034,10.045037,11553.741057,0.0,525.135481,496.963,251.667,367.801,16.586467,0.0,0.0,0.0,1944.6069,2383.135,1215.395,1634.844,7.2576,14.017495,10216.328945,0.0,89.526346,25.552,22.583,25.511
1000.0,2024-12-21,19271.072,3888.080998,3888.080998,15382.991002,0.0,17016.165,2254.907,28.661293,8.388317,10.045037,11553.741057,0.0,523.478761,494.992,253.829,366.552,15.604531,5.25399,3829.249945,0.0,1954.957441,2397.337,1233.894,1652.647,8.208,0.0,0.0,0.0,97.734346,25.147,22.563,25.811
1000.0,2024-12-22,21449.084,3888.080998,3888.080998,17561.003002,0.0,19412.908,2036.176,25.672913,7.617283,10.045037,11553.741057,0.0,521.051007,492.543,257.201,370.213,10.991203,0.0,0.0,0.0,1965.948645,2412.903,1250.365,1646.868,7.1712,8.24237,6007.261945,0.0,96.663176,25.476,22.486,24.093
1000.0,2024-12-23,27644.207,3888.080998,3888.080998,23756.126002,0.0,25621.219,2022.988,17.172785,7.460467,10.045037,11553.741057,0.0,518.466437,489.449,263.856,368.481,8.084621,16.742498,12202.384945,0.0,1957.290767,2416.548,1267.265,1647.991,6.6528,0.0,0.0,0.0,103.315976,25.523,21.835,23.566
1000.0,2024-12-24,30839.536,3888.080998,3888.080998,26951.455002,0.0,28825.254,2014.282,12.788577,6.594826,10.045037,11553.741057,0.0,515.016226,485.659,264.416,367.531,6.901114,0.0,0.0,0.0,1964.191881,2413.682,1285.688,1644.658,6.7392,21.126706,15397.713945,0.0,88.92847,27.175,21.017,23.889
1000.0,2024-12-25,27279.032,3888.080998,3888.080998,23390.951002,0.0,25231.679,2047.353,17.67383,7.768742,10.045037,11553.741057,0.0,512.739932,482.141,263.669,369.731,11.398838,16.241454,11837.209945,0.0,1959.349265,2410.82,1304.778,1665.107,8.208,0.0,0.0,0.0,97.13647,27.031,21.61,23.712
1000.0,2024-12-26,25664.388,3888.080998,3888.080998,21776.307002,0.0,23481.968,2182.42,19.88923,7.754227,10.045037,11553.741057,0.0,510.449122,479.426,264.08,372.432,12.007699,0.0,0.0,0.0,1971.356964,2417.677,1321.499,1676.306,7.5168,14.026053,10222.565945,0.0,90.627217,26.99,21.678,24.223
1000.0,2024-12-27,21933.514,3888.080998,3888.080998,18045.433002,0.0,19865.846,2067.668,25.008242,7.597238,10.045037,11553.741057,0.0,508.001324,479.638,263.753,367.321,8.808739,8.907041,6491.691945,0.0,1971.258663,2426.915,1335.049,1681.456,7.4304,0.0,0.0,0.0,98.057617,25.221,22.023,24.333
1000.0,2024-12-28,24783.796,3888.080998,3888.080998,20895.715002,0.0,22235.853,2547.943,21.097462,7.720618,10.045037,11553.741057,0.0,505.676905,480.647,287.436,366.815,7.863264,0.0,0.0,0.0,1979.121927,2431.227,1342.336,1683.395,7.6032,12.817821,9341.973945,0.0,92.842996,25.278,21.266,24.444
1000.0,2024-12-29,27372.185,3888.080998,3888.080998,23484.104002,0.0,24602.649,2769.536,17.546017,8.190115,10.045037,11553.741057,0.0,503.821983,477.883,293.059,374.325,8.793101,16.369266,11930.362945,0.0,1971.545762,2435.458,1340.584,1682.843,6.912,0.0,0.0,0.0,99.754996,24.306,21.596,23.282
1000.0,2024-12-30,29288.065,3888.080998,3888.080998,25399.984002,0.0,26749.181,2538.884,14.9173,9.691574,10.045037,11553.741057,0.0,503.468521,475.832,297.017,398.625,10.741075,0.0,0.0,0.0,1982.286837,2439.93,1333.852,1676.825,7.2576,18.997983,13846.242945,0.0,88.014613,25.101,21.489,23.266
1000.0,2024-12-31,28331.555,3888.080998,3888.080998,24443.474002,0.0,24820.639,3510.916,16.229697,9.183197,10.045037,11553.741057,0.0,502.606681,475.698,297.329,397.086,9.256637,17.685586,12889.732945,0.0,1973.857887,2444.94,1389.498,1674.486,7.1712,0.0,0.0,0.0,95.185813,25.229,21.467,23.247
1500.0,2024-01-01,20346.947,5121.147181,5121.147181,15225.799819,0.0,11797.967,8548.98,23.069492,11.147155,0.0,0.0,0.0,147.532155,136.385,298.36,395.885,23.900918,20.890828,15225.799819,0.0,1613.44309,1610.433,1402.642,1699.801,6.048,0.0,0.0,0.0,28.22,22.172,21.894,23.379
1500.0,2024-01-02,23287.112,5121.147181,5121.147181,18165.964819,0.0,13939.435,9347.677,19.035386,7.489325,0.0,0.0,0.0,155.02148,144.224,299.038,399.705,18.593798,24.924934,18165.964819,0.0,1607.111954,1619.527,1413.31,1727.428,5.0112,0.0,0.0,0.0,33.2312,22.225,22.151,23.786
1500.0,2024-01-03,33056.541,5121.147181,5121.147181,27935.393819,0.0,22420.688,10635.853,5.631068,6.988723,0.0,0.0,0.0,162.010203,147.474,300.871,402.512,14.13599,38.329252,27935.393819,0.0,1582.918693,1620.611,1424.068,1750.604,5.0976,0.0,0.0,0.0,38.3288,22.63,22.307,24.072
1500.0,2024-01-04,29366.939,5121.147181,5121.147181,24245.791819,0.0,18560.245,10806.694,10.693452,6.093619,0.0,0.0,0.0,168.103822,146.604,301.426,413.288,15.059434,11.577868,8438.263016,0.0,1586.400258,1621.471,1434.784,1754.389,5.0112,21.689,15807.528803,0.0,21.651,22.172,21.651,24.075
1500.0,2024-01-05,33702.494,5121.147181,5121.147181,28581.346819,0.0,20397.112,13305.382,4.744777,5.543165,0.0,0.0,0.0,173.646987,145.324,313.57,425.403,9.924509,39.215543,28581.346819,0.0,1557.109223,1625.23,1449.602,1748.861,4.8384,0.0,0.0,0.0,26.4894,21.74,21.29,23.604
1500.0,2024-01-06,28847.568,5121.147181,5121.147181,23726.420819,0.0,15412.399,13435.169,11.406064,6.61081,0.0,0.0,0.0,180.257797,144.565,325.103,433.352,13.655347,32.554256,23726.420819,0.0,1538.210315,1626.104,1456.676,1744.266,4.8384,0.0,0.0,0.0,31.3278,22.728,22.024,23.87
1500.0,2024-01-07,32012.426,5121.147181,5121.147181,26891.278819,0.0,18043.519,13968.907,7.063664,5.665334,0.0,0.0,0.0,185.923131,144.234,325.276,435.063,11.772864,22.730856,16566.861303,0.0,1527.252323,1628.912,1468.727,1748.034,4.32,14.1658,10324.417517,0.0,21.482,22.7,21.482,24.102
1500.0,2024-01-08,39310.736,5121.147181,5121.147181,32039.468145,2150.120675,21188.958,18121.778,0.0,5.894726,0.0,0.0,0.0,191.817858,142.645,325.481,433.577,11.225434,43.96032,32039.468145,0.0,1494.517437,1626.973,1484.374,1763.415,4.752,0.0,0.0,0.0,26.234,23.046,21.369,23.263
1500.0,2024-01-09,39341.598,5121.147181,5121.147181,6190.219242,28030.231577,20585.413,18756.185,35.46692,5.045414,0.0,0.0,0.0,196.863272,142.064,329.272,431.71,10.521446,0.0,0.0,0.0,1505.038883,1625.629,1510.305,1787.022,3.1104,8.4934,6190.219242,0.0,20.851,22.152,20.851,24.577
1500.0,2024-01-10,44805.515,5121.147181,5121.147181,13273.886919,26410.480901,24649.852,20155.663,25.747648,4.804186,0.0,0.0,0.0,201.667458,139.671,338.438,449.351,12.911789,13.060672,9518.970215,0.0,1504.89,1617.91,1504.89,1804.423,5.184,5.152,3754.916704,0.0,20.883,22.916,20.883,23.643
1500.0,2024-01-11,40871.716,5121.147181,5121.147181,16109.590862,19640.977958,21213.377,19658.339,21.85687,5.89127,0.0,0.0,0.0,207.558728,139.241,345.992,453.78,11.09065,20.07365,14630.217817,0.0,1495.907,1616.909,1495.907,1824.92,2.7648,2.0298,1479.373045,0.0,21.618,22.406,21.618,23.607
1500.0,2024-01-12,43048.166,5121.147181,5121.147181,20682.317929,17244.700891,23246.635,19801.531,15.582779,4.073069,0.0,0.0,0.0,211.631797,136.671,345.105,449.152,11.026541,24.078541,17549.090656,0.0,1482.855,1611.936,1482.855,1848.031,3.888,4.299,3133.227273,0.0,21.207,22.387,21.207,23.9
1500.0,2024-01-13,35078.847,5121.147181,5121.147181,17879.852172,12077.847647,18666.398,16412.449,19.427952,4.500576,0.0,0.0,0.0,216.132373,133.287,345.247,448.415,13.423968,19.802968,14432.937759,0.0,1476.476,1606.939,1476.476,1882.232,4.8384,4.7294,3446.914414,0.0,21.316,22.25,21.316,24.283
1500.0,2024-01-14,31719.153,5121.147181,5121.147181,9162.64279,17435.363029,16766.116,14953.037,31.388554,6.132845,0.0,0.0,0.0,222.265218,130.768,344.435,448.09,13.657766,6.583766,4798.426714,0.0,1483.55,1613.801,1483.55,1898.634,6.048,5.988,4364.216076,0.0,21.376,21.761,21.376,24.439
1500.0,2024-01-15,40842.146,5121.147181,5121.147181,7280.703027,28440.295793,24755.965,16086.181,33.970702,7.132579,0.0,0.0,0.0,229.397797,128.973,343.522,447.6,14.405818,3.750818,2733.697139,0.0,1494.205,1619.943,1494.205,1906.715,6.6528,6.2388,4547.005888,0.0,21.79,23.019,21.79,24.249
1500.0,2024-01-16,45617.861,5121.147181,5121.147181,5464.225921,35032.487898,28572.55,17045.311,36.463032,6.183562,0.0,0.0,0.0,235.581358,128.37,342.534,448.26,15.534288,2.839288,2069.349755,0.0,1506.9,1614.761,1506.9,1917.631,4.32,4.658,3394.876166,0.0,21.452,22.081,21.452,23.616
1500.0,2024-01-17,51898.987,5121.147181,5121.147181,3090.080715,43687.759105,32336.319,19562.668,39.72052,6.050938,0.0,0.0,0.0,241.632296,126.275,341.241,452.429,13.224902,0.0,0.0,0.0,1520.124902,1606.837,1523.248,1919.161,3.6288,4.2398,3090.080715,0.0,20.841,21.083,20.841,23.643
1500.0,2024-01-18,53680.24,5121.147181,5121.147181,2932.945613,45626.147206,33867.339,19812.901,39.93612,5.948122,0.0,0.0,0.0,247.580418,123.642,344.676,457.703,14.273453,0.0,0.0,0.0,1534.398355,1598.89,1569.26,1915.919,4.1472,4.0242,2932.945613,0.0,20.964,18.145,20.964,24.503
1500.0,2024-01-19,46323.502,5121.147181,5121.147181,19439.565275,21762.789544,27642.364,18681.138,17.28792,27.190512,0.0,0.0,0.0,274.77093,128.293,349.789,461.66,32.563469,0.0,0.0,0.0,1566.961824,1604.396,1604.396,1915.312,26.8704,26.6724,19439.565275,0.0,21.162,18.182,21.162,23.823
1500.0,2024-01-20,35387.731,5121.147181,5121.147181,30266.583819,0.0,22388.467,12999.264,2.432517,52.911706,0.0,0.0,0.0,327.682635,167.253,352.046,465.031,99.170093,0.0,0.0,0.0,1666.131917,1667.686,1628.785,1942.098,44.5824,41.527803,30266.583819,0.0,24.216597,46.853,21.014,23.665
1500.0,2024-01-21,40195.282,5121.147181,5121.147181,32039.468145,3034.666675,25787.45,14407.832,0.0,22.83336,0.0,0.0,0.0,350.515995,195.59,354.842,465.11,59.414861,28.197923,20551.407369,0.0,1697.348855,1746.831,1641.671,1949.572,12.7008,15.762397,11488.060776,0.0,21.155,54.099,21.155,23.351
1500.0,2024-01-22,46444.13,5121.147181,5121.147181,32039.468145,9283.514675,27986.855,18457.275,0.0,15.467414,0.0,0.0,0.0,365.98341,206.842,359.167,464.653,36.73849,43.96032,32039.468145,0.0,1690.127025,1783.981,1637.74,1940.063,9.8496,0.0,0.0,0.0,31.0046,47.105,21.848,23.608
1500.0,2024-01-23,36061.272,5121.147181,5121.147181,30940.124819,0.0,23534.848,12526.424,7.028356,23.163149,9.547764,10981.780486,0.0,379.598795,222.651,365.766,464.35,41.240621,0.0,0.0,0.0,1731.367645,1810.618,1704.79,1957.9,18.0576,27.3842,19958.344333,0.0,21.678,44.571,21.678,24.778
1500.0,2024-01-24,34974.055,5121.147181,5121.147181,29852.907819,0.0,28663.646,6310.409,3.000109,15.870298,0.0,0.0,0.0,395.469092,236.417,390.367,465.084,31.068317,30.884811,22509.684263,0.0,1731.551151,1842.396,1709.624,2009.821,10.0224,10.0754,7343.223556,0.0,21.625,41.748,21.625,23.972
1500.0,2024-01-25,35649.024,5121.147181,5121.147181,30527.876819,0.0,29005.51,6643.514,2.964959,11.125469,1.541058,1772.515531,0.0,405.053503,240.877,394.774,466.04,21.215952,33.329103,24291.150147,0.0,1719.438,1858.212,1719.438,2045.073,5.8752,6.1252,4464.21114,0.0,21.375,34.807,21.375,23.52
1500.0,2024-01-26,36699.139,5121.147181,5121.147181,23846.741291,7731.250528,28542.686,8156.453,17.048454,8.565782,10.045037,11553.741057,0.0,403.574249,243.069,397.721,466.991,20.642429,11.099429,8089.563394,0.0,1728.981,1865.047,1728.981,2063.866,5.7024,5.7674,4203.43684,0.0,21.31,24.736,21.31,23.779
1500.0,2024-01-27,26150.449,5121.147181,5121.147181,21029.301819,0.0,18879.436,7271.013,15.94805,28.464048,1.45527,1673.84318,0.0,430.583027,256.826,398.649,473.617,36.577872,0.0,0.0,0.0,1765.558872,1881.002,1739.364,2074.37,26.352,26.557,19355.458639,0.0,21.105,27.564,21.105,24.085
1500.0,2024-01-28,28605.396,5121.147181,5121.147181,23484.248819,0.0,20931.061,7674.335,17.545819,18.446746,10.045037,11553.741057,0.0,438.984735,276.417,403.144,470.493,42.367277,16.369465,11930.507762,0.0,1791.556684,1924.232,1743.233,2074.585,11.0592,0.0,0.0,0.0,32.1642,29.921,21.646,24.402
1500.0,2024-01-29,28136.279,5121.147181,5121.147181,23015.131819,0.0,21096.408,7039.871,18.189479,11.753165,10.045037,11553.741057,0.0,440.692863,285.81,409.458,468.342,27.457574,0.0,0.0,0.0,1819.014259,1956.856,1771.013,2079.326,8.1216,15.725804,11461.390762,0.0,24.559996,25.081,21.897,24.158
1500.0,2024-01-30,34103.926,5121.147181,5121.147181,28982.778819,0.0,24830.806,9273.12,10.001463,9.495965,10.045037,11553.741057,0.0,440.143791,292.597,408.566,465.866,19.466525,23.91382,17429.037762,0.0,1814.566963,1969.527,1783.199,2101.077,7.0848,0.0,0.0,0.0,31.644796,24.328,21.544,24.203
1500.0,2024-01-31,39729.131,5121.147181,5121.147181,34607.983819,0.0,28921.861,10807.27,2.283301,7.722605,10.045037,11553.741057,0.0,437.821359,294.187,408.056,467.278,17.411328,14.055787,10244.23677,0.0,1817.922505,1972.288,1800.325,2101.221,7.4304,17.576196,12810.005992,0.0,21.499,24.425,21.499,23.983
1500.0,2024-02-01,35789.965,5142.46821,5142.46821,28960.650343,1686.846447,27845.727,7944.238,10.031825,7.372685,10.045037,11553.741057,0.0,435.149007,293.78,406.35,468.272,15.625354,18.698858,13628.232822,0.0,1814.849,1971.317,1814.849,2124.902,5.9616,5.1846,3778.676464,0.0,22.276,23.025,22.276,24.624
1500.0,2024-02-02,30036.385,5142.46821,5142.46821,17228.388079,7665.528711,22543.765,7492.62,26.129283,7.844515,10.045037,11553.741057,0.0,432.948486,294.924,403.71,482.117,15.428966,0.0,0.0,0.0,1830.277966,1966.178,1836.985,2138.155,6.912,7.786,5674.647022,0.0,21.402,21.127,21.402,23.587
1500.0,2024-02-03,23127.52,5142.46821,5142.46821,15837.640398,2147.411392,16338.446,6789.074,28.037483,7.533821,10.045037,11553.741057,0.0,430.43727,296.973,400.772,481.815,12.658378,0.0,0.0,0.0,1842.936344,1964.769,1854.809,2133.299,5.7888,5.8778,4283.899341,0.0,21.313,20.862,21.313,23.14
1500.0,2024-02-04,24767.996,5142.46821,5142.46821,16086.899232,3538.628558,17878.876,6889.12,27.695483,6.482333,10.045037,11553.741057,0.0,426.874566,299.452,396.993,486.607,14.727744,0.0,0.0,0.0,1857.664088,1968.765,1866.01,2144.081,5.7888,6.2198,4533.158175,0.0,20.882,20.882,20.882,24.074
1500.0,2024-02-05,29262.222,5142.46821,5142.46821,14828.506534,9291.247257,21936.206,7326.016,29.422083,5.751389,10.045037,11553.741057,0.0,422.580918,299.968,392.532,486.775,9.554198,0.0,0.0,0.0,1867.218286,1970.833,1888.714,2158.956,5.0112,4.4932,3274.765476,0.0,21.4,21.014,21.4,24.161
1500.0,2024-02-06,26487.91,5142.46821,5142.46821,15102.108189,6243.333601,19464.202,7023.708,29.046683,5.6808,10.045037,11553.741057,0.0,418.216681,297.7,386.938,488.173,9.741946,0.0,0.0,0.0,1876.960232,1966.046,1898.444,2162.397,4.6656,4.8686,3548.367132,0.0,21.197,20.548,21.197,24.379
1500.0,2024-02-07,37760.973,5142.46821,5142.46821,14684.636084,17933.868706,26719.213,11041.76,29.619483,5.361811,10.045037,11553.741057,0.0,413.533455,294.126,385.371,490.299,11.339914,0.0,0.0,0.0,1888.300146,1962.123,1900.205,2161.885,4.0608,4.2958,3130.895027,0.0,20.962,20.962,20.962,22.476
1500.0,2024-02-08,40772.477,5142.46821,5142.46821,15668.097746,19961.911045,29467.873,11304.604,28.270107,5.559408,10.045037,11553.741057,0.0,409.047827,289.993,381.906,489.384,12.12503,1.621176,1181.556841,0.0,1898.804,1954.878,1898.804,2170.718,4.32,4.024,2932.799848,0.0,21.258,22.001,21.258,22.664
1500.0,2024-02-09,39679.321,5142.46821,5142.46821,24269.96355,10266.88924,29231.232,10448.089,16.467765,5.80271,10.045037,11553.741057,0.0,404.8055,286.208,378.498,487.145,12.064118,12.228118,8912.182849,0.0,1898.64,1951.305,1898.64,2195.988,4.8384,5.2194,3804.039644,0.0,20.877,21.929,20.877,22.805
1500.0,2024-02-10,30025.479,5142.46821,5142.46821,18760.445404,6122.565386,20852.84,9172.639,24.027197,5.046624,10.045037,11553.741057,0.0,399.807087,282.227,381.198,484.623,11.577686,6.272686,4571.703211,0.0,1903.945,1946.403,1903.945,2184.627,3.9744,3.6154,2635.001136,0.0,21.236,21.93,21.236,23.032
1500.0,2024-02-11,27278.498,5142.46821,5142.46821,22136.02979,0.0,18577.156,8701.342,19.395666,5.252083,10.045037,11553.741057,0.0,395.014134,281.922,383.993,481.097,10.294474,9.926017,7234.349026,0.0,1904.313457,1942.596,1900.288,2174.928,4.2336,4.5936,3347.939707,0.0,20.876,21.649,20.876,22.687
1500.0,2024-02-12,41185.846,5142.46821,5142.46821,24279.634813,11763.742977,27792.556,13393.29,16.454495,3.752957,10.045037,11553.741057,0.0,388.722054,279.003,384.515,480.346,9.351331,13.816788,10070.048168,0.0,1899.848,1931.565,1899.848,2158.164,3.888,3.644,2655.845588,0.0,21.12,21.783,21.12,22.598
1500.0,2024-02-13,40832.091,5142.46821,5142.46821,11901.266319,23788.356471,28397.821,12434.27,32.211945,4.792522,7.923575,9113.64881,0.0,385.591,273.937,385.591,476.718,7.418995,0.0,0.0,0.0,1907.266995,1917.2,1908.335,2154.391,3.6288,3.8248,2787.61751,0.0,20.924,21.882,20.924,22.897
1500.0,2024-02-14,39898.738,5142.46821,5142.46821,15554.676254,19201.593536,26297.573,13601.165,25.099755,4.72919,4.29219,4936.851645,0.0,386.028,268.532,386.028,477.73,8.882179,10.085174,7350.347402,0.0,1906.064,1906.064,1906.064,2160.283,4.1472,4.4832,3267.477206,0.0,20.588,22.057,20.588,22.964
1500.0,2024-02-15,39052.102,5142.46821,5142.46821,22756.665049,11152.968742,25364.651,13687.451,17.835064,3.792614,8.818614,10143.117371,0.0,381.002,263.478,381.002,481.77,6.503242,13.231242,9643.286122,0.0,1899.336,1899.336,1899.336,2179.359,4.4064,4.0754,2970.261556,0.0,20.919,21.094,20.919,23.112
1500.0,2024-02-16,43782.486,5142.46821,5142.46821,29719.049694,8920.968096,26872.172,16910.314,8.99125,8.501674,10.045037,11553.741057,0.0,379.458637,258.795,376.447,481.324,13.471834,16.449834,11989.082873,0.0,1896.358,1896.079,1896.358,2169.399,8.4672,8.4742,6176.225763,0.0,20.912,23.352,20.912,23.055
1500.0,2024-02-17,33337.292,5142.46821,5142.46821,25604.627702,2590.196088,19798.821,13538.471,14.636515,9.026294,10.045037,11553.741057,0.0,378.439894,259.236,373.546,482.509,17.959968,13.889968,10123.383708,0.0,1900.428,1900.428,1900.428,2159.598,5.3568,5.3888,3927.502938,0.0,20.88,23.056,20.88,23.056
1500.0,2024-02-18,27702.395,5142.46821,5142.46821,17202.987584,5356.939207,16319.434,11382.961,26.164134,6.894374,10.045037,11553.741057,0.0,375.289232,258.531,371.901,482.368,18.357149,3.677149,2680.005328,0.0,1915.108,1915.108,1915.108,2150.383,4.752,4.074,2969.241198,0.0,21.558,22.397,21.558,23.895
1500.0,2024-02-19,36868.353,5142.46821,5142.46821,14777.030357,16948.854433,22950.0,13918.353,29.492712,5.322931,10.045037,11553.741057,0.0,370.567126,256.478,367.297,479.282,13.161571,0.403571,294.133587,0.0,1927.866,1927.866,1927.866,2133.997,3.456,4.019,2929.155713,0.0,20.995,21.898,20.995,23.246
1500.0,2024-02-20,44902.092,5142.46821,5142.46821,13667.928405,26091.695385,29408.366,15493.726,30.330074,5.63112,8.861246,10192.152442,0.0,367.337,252.572,367.337,476.584,14.578531,0.0,0.0,0.0,1942.444531,1924.852,1966.137,2136.832,4.752,4.769,3475.775963,0.0,20.978,22.631,20.978,22.863
1500.0,2024-02-21,48161.634,5142.46821,5142.46821,13119.670171,29899.49562,27351.682,20809.952,30.923058,4.125773,8.585773,9875.30436,0.0,362.877,249.909,362.877,481.95,12.591158,0.35269,257.049703,0.0,1954.683,1917.381,1954.683,2142.714,3.6288,4.0988,2987.316108,0.0,20.508,22.81,20.508,22.969
1500.0,2024-02-22,50206.849,5142.46821,5142.46821,26574.789744,18489.591046,28722.075,21484.774,13.037552,5.05777,9.58177,11020.893903,0.0,358.353,247.39,358.353,487.708,9.824198,17.246198,12569.495041,0.0,1947.261,1900.915,1947.261,2145.889,3.6288,4.0948,2984.4008,0.0,20.042,22.151,20.042,22.151
1500.0,2024-02-23,44192.472,5142.46821,5142.46821,19645.571147,19404.432643,25504.107,18688.365,22.09565,4.400698,8.804698,10127.110351,0.0,353.949,243.806,353.949,493.06,9.331373,9.795373,7139.132172,0.0,1946.797,1883.987,1946.797,2147.35,3.8016,3.2646,2379.328624,0.0,20.579,22.1,20.579,22.771
1500.0,2024-02-24,35535.291,5142.46821,5142.46821,21337.36236,9055.460431,20867.145,14668.146,18.437731,4.433702,6.492702,7467.867344,0.0,351.89,242.507,351.89,497.481,11.167286,14.343286,10453.774397,0.0,1943.621,1870.009,1943.621,2148.314,5.5296,4.6866,3415.720618,0.0,21.422,22.571,21.422,23.228
1500.0,2024-02-25,37380.686,5142.46821,5142.46821,32238.21779,0.0,21453.267,15927.419,3.179465,8.984477,5.971112,6867.937666,0.0,354.903364,245.08,354.783,498.482,13.514342,26.204342,19098.432258,0.0,1930.931,1858.792,1930.931,2134.451,8.2944,8.6054,6271.847866,0.0,21.111,26.065,21.111,23.15
1500.0,2024-02-26,45658.176,5142.46821,5142.46821,5699.183599,34816.524191,26026.228,19631.948,37.045111,7.12705,1.564414,1799.379586,0.0,360.466,247.694,360.466,495.313,18.305395,1.397395,1018.459351,0.0,1947.839,1861.866,1947.839,2125.856,4.4064,3.9534,2881.344662,0.0,21.564,24.242,21.564,22.707
1500.0,2024-02-27,42939.629,5142.46821,5142.46821,13070.069751,24727.09104,26303.337,16636.292,26.027299,5.774371,0.0,0.0,0.0,366.240371,244.289,366.903,492.263,17.513021,13.712021,9993.690984,0.0,1951.64,1862.5,1951.64,2117.73,4.32,4.221,3076.378767,0.0,21.663,26.159,21.663,23.158
1500.0,2024-02-28,45113.361,5142.46821,5142.46821,16276.642675,23694.250116,25290.399,19822.962,21.627664,5.034874,0.0,0.0,0.0,371.275245,240.749,373.091,489.132,12.790656,18.916656,13786.969643,0.0,1945.514,1858.293,1945.514,2112.366,3.456,3.416,2489.673032,0.0,21.703,28.484,21.703,23.858
1500.0,2024-02-29,45003.553,5142.46821,5142.46821,36272.115166,3588.969624,24602.308,20401.245,0.0,4.677437,10.045037,11553.741057,0.0,365.907645,237.658,290.7215,432.957,11.99759,33.915283,24718.374109,0.0,1923.596307,1853.886,1796.65125,2152.2605,3.888,0.0,0.0,0.0,25.591,29.912,22.05775,23.599
1500.0,2024-03-01,42497.578,4853.814277,4853.814277,5438.069778,32205.693945,21442.062,21055.516,36.49892,4.049914,0.0,0.0,0.0,369.957558,234.807,373.525,480.534,9.778838,0.0,0.0,0.0,1933.375146,1844.9,1936.724,2108.615,3.1104,7.4614,5438.069778,0.0,21.24,30.843,21.24,22.303
1500.0,2024-03-02,30784.283,4853.814277,4853.814277,20489.326845,5441.141878,14284.344,16499.939,17.67489,5.088096,3.160654,3635.365727,0.0,371.885,232.612,371.885,482.551,11.39063,18.877776,13758.632849,0.0,1925.888,1844.348,1925.888,2102.106,4.32,4.247,3095.328269,0.0,21.313,31.473,21.313,22.922
1500.0,2024-03-03,29269.786,4853.814277,4853.814277,20418.695955,3997.275767,13775.125,15494.661,15.944486,3.945024,0.0,0.0,0.0,375.830024,228.857,376.468,476.253,12.985834,25.089834,18286.148153,0.0,1913.784,1852.611,1913.784,2080.61,3.024,2.926,2132.547802,0.0,21.411,31.217,21.411,22.582
1500.0,2024-03-04,34129.634,4853.814277,4853.814277,15904.920452,13370.899271,17303.75,16825.884,27.668842,5.540054,9.567078,11003.996173,0.0,371.803,227.428,371.803,483.766,11.646979,0.0,0.0,0.0,1925.430979,1860.123,1927.308,2060.752,6.1344,6.7244,4900.924279,0.0,20.821,31.703,20.821,23.099
1500.0,2024-03-05,31949.42,4853.814277,4853.814277,3183.953632,23911.65209,19635.717,12313.703,39.59172,6.303312,0.0,0.0,0.0,378.106312,226.397,380.847,480.404,11.245133,0.0,0.0,0.0,1936.676112,1858.793,1936.812,2071.771,4.2336,4.3686,3183.953632,0.0,20.686,32.65,20.686,22.507
1500.0,2024-03-06,41884.246,4853.814277,4853.814277,23465.750302,13564.681421,22461.918,19422.328,12.620195,5.579107,1.481419,1703.919475,0.0,382.204,226.188,382.204,476.09,10.601194,25.720306,18745.65317,0.0,1921.557,1854.968,1921.557,2079.953,3.5424,4.1384,3016.177657,0.0,20.09,30.305,20.09,22.313
1500.0,2024-03-07,38267.048,4853.814277,4853.814277,14773.115999,18640.117723,20049.357,18217.691,25.406282,3.92256,2.96756,3413.269707,0.0,383.159,224.897,383.159,470.301,8.469878,12.415878,9049.027407,0.0,1917.611,1850.585,1917.611,2076.582,3.8016,3.1706,2310.818886,0.0,20.721,29.199,20.721,22.897
1500.0,2024-03-08,38489.612,4853.814277,4853.814277,13036.614034,20599.183688,20975.367,17514.245,27.70571,3.778704,2.823704,3247.807399,0.0,384.114,223.743,384.114,464.876,8.242906,10.509906,7659.902969,0.0,1915.344,1840.322,1915.344,2075.813,3.456,2.921,2128.903667,0.0,21.256,28.107,21.256,23.085
1500.0,2024-03-09,30254.101,4853.814277,4853.814277,13430.486867,11969.799855,16183.332,14070.769,26.705718,3.919795,2.028795,2333.508066,0.0,386.005,219.165,386.005,458.937,6.732806,13.007806,9480.440515,0.0,1909.069,1842.076,1909.069,2074.646,2.592,2.218,1616.538286,0.0,21.63,26.322,21.63,23.008
1500.0,2024-03-10,32349.074,4853.814277,4853.814277,13653.927955,13841.331768,16373.378,15975.696,25.420189,3.853526,0.335526,385.920452,0.0,389.523,212.992,389.523,453.282,7.441805,14.464805,10542.340288,0.0,1902.046,1847.475,1902.046,2066.229,4.0608,3.7398,2725.667215,0.0,21.951,25.413,21.951,23.37
1500.0,2024-03-11,37331.243,4853.814277,4853.814277,20420.527361,12056.901362,19440.532,17890.711,20.392454,3.569875,7.697875,8854.049868,0.0,385.395,208.157,385.395,457.303,5.98199,13.97199,10183.163847,0.0,1894.056,1847.388,1894.056,2057.305,1.728,1.898,1383.313646,0.0,21.781,24.569,21.781,23.724
1500.0,2024-03-12,43972.839,4853.814277,4853.814277,24898.723695,14220.301027,21703.863,22268.976,14.799645,3.291926,8.651926,9951.393834,0.0,380.035,203.854,380.035,454.983,7.492349,17.263349,12581.994716,0.0,1884.285,1835.681,1884.285,2074.022,3.1104,3.2454,2365.335146,0.0,21.646,24.991,21.646,23.557
1500.0,2024-03-13,39835.966,4853.814277,4853.814277,17164.149034,17818.002688,19716.32,20119.646,25.112645,3.800131,8.134131,9355.828901,0.0,375.701,199.812,375.701,452.357,5.882544,8.171544,5955.641899,0.0,1881.996,1825.933,1881.996,2096.17,3.024,2.542,1852.678234,0.0,22.128,25.33,22.128,23.427
1500.0,2024-03-14,42268.529,4853.814277,4853.814277,13083.407181,24331.307541,19605.502,22663.027,31.320083,3.759437,9.186437,10566.184489,0.0,370.274,196.265,370.274,450.234,8.056541,0.0,0.0,0.0,1890.052541,1818.504,1897.19,2107.449,3.1968,3.4538,2517.222693,0.0,21.871,25.406,21.871,23.768
1500.0,2024-03-15,37756.176,4853.814277,4853.814277,18319.728384,14582.633339,17814.073,19942.103,22.119534,3.448483,5.699483,6555.51138,0.0,368.023,193.606,368.023,446.564,8.224762,12.872302,9381.681541,0.0,1885.405,1814.87,1885.405,2117.842,3.024,3.269,2382.535463,0.0,21.626,24.677,21.626,23.488
1500.0,2024-03-16,34862.528,4853.814277,4853.814277,25830.657708,4178.056015,15464.92,19397.608,12.532819,3.352752,6.942752,7985.511694,0.0,364.433,192.902,364.433,442.491,7.297949,20.981949,15292.210798,0.0,1871.721,1811.086,1871.721,2111.114,3.1968,3.5028,2552.935216,0.0,21.32,25.185,21.32,23.517
1500.0,2024-03-17,32072.605,4853.814277,4853.814277,22871.042773,4347.747949,15263.853,16808.752,15.131803,2.403302,4.414302,5077.304135,0.0,362.422,191.087,362.422,444.614,6.298214,21.720214,15830.278701,0.0,1856.299,1809.804,1856.299,2096.998,2.592,2.694,1963.459938,0.0,21.218,23.629,21.218,23.609
1500.0,2024-03-18,40141.94,4853.814277,4853.814277,25343.378172,9944.747551,19324.823,20817.117,13.225018,3.193603,6.983603,8032.498499,0.0,358.632,190.015,358.632,456.939,4.814899,20.525899,14959.829536,0.0,1840.588,1799.785,1840.588,2092.87,2.3328,3.2258,2351.050137,0.0,20.325,22.333,20.325,22.652
1500.0,2024-03-19,43740.724,4853.814277,4853.814277,23352.723953,15534.18577,21598.029,22142.695,15.465822,3.292186,6.135186,7056.653666,0.0,355.789,187.231,355.789,454.688,4.521312,20.442312,14898.908928,0.0,1824.667,1786.529,1824.667,2090.41,2.592,1.917,1397.161359,0.0,21.0,21.875,21.0,22.707
1500.0,2024-03-20,45548.682,4853.814277,4853.814277,19804.588234,20890.279489,21907.633,23641.049,19.798374,3.222547,5.208547,5990.839738,0.0,353.803,184.378,353.803,454.941,4.866998,15.920998,11603.653501,0.0,1813.613,1772.261,1813.613,2080.207,2.6784,3.0324,2210.094995,0.0,20.646,21.693,20.646,23.237
1500.0,2024-03-21,45424.373,4853.814277,4853.814277,22260.318051,18310.240672,22854.3,22570.073,17.785208,3.064435,7.554435,8689.06604,0.0,349.313,180.546,349.313,456.281,4.329677,16.306677,11884.746332,0.0,1801.636,1759.307,1801.636,2068.811,2.592,2.314,1686.505678,0.0,20.924,21.641,20.924,22.552
1500.0,2024-03-22,46559.59,4853.814277,4853.814277,21452.250045,20253.525678,23302.079,23257.511,19.039498,2.781216,7.806216,8978.662806,0.0,344.288,175.084,344.288,456.592,4.097606,14.610606,10648.604431,0.0,1791.123,1747.772,1791.123,2058.604,2.16,2.504,1824.982808,0.0,20.58,21.677,20.58,22.566
1500.0,2024-03-23,41635.995,4853.814277,4853.814277,16568.613529,20213.567193,19555.872,22080.123,25.303581,2.929046,7.051046,8110.071263,0.0,340.166,172.531,340.166,450.683,4.454093,9.256093,6746.090347,0.0,1786.321,1731.417,1786.321,2044.67,2.5056,2.3496,1712.451919,0.0,20.736,21.736,20.736,21.943
1500.0,2024-03-24,39674.859,4853.814277,4853.814277,13543.044214,21278.000508,16990.032,22684.827,29.882091,2.679005,7.790005,8960.016781,0.0,335.055,168.536,335.055,448.363,5.025024,3.193024,2327.162103,0.0,1788.153,1722.957,1788.153,2046.061,2.8512,3.0952,2255.86533,0.0,20.492,21.758,20.492,22.431
1500.0,2024-03-25,39816.366,4853.814277,4853.814277,12682.277145,22280.274577,18163.446,21652.92,31.02795,2.98417,7.72917,8890.044499,0.0,330.31,167.232,330.31,450.443,8.404819,0.0,0.0,0.0,1796.557819,1716.231,1798.798,2046.16,5.4432,5.2032,3792.232646,0.0,20.732,21.138,20.732,22.844
1500.0,2024-03-26,41893.707,4853.814277,4853.814277,6951.082395,30088.810328,19522.865,22370.842,34.682979,3.131741,0.449741,517.28917,0.0,332.992,164.929,332.992,448.393,6.732547,0.0,0.0,0.0,1803.290366,1712.976,1804.504,2039.224,9.4176,8.8276,6433.793225,0.0,21.322,23.279,21.322,22.947
1500.0,2024-03-27,44536.204,4853.814277,4853.814277,31301.35345,8381.036273,21297.118,23239.086,5.345398,6.907075,7.494075,8619.640331,0.0,332.405,166.584,332.405,444.949,11.14128,23.302646,16983.597868,0.0,1791.129,1713.024,1791.129,2039.7,7.6032,7.8182,5698.115251,0.0,21.107,21.231,21.107,22.719
1500.0,2024-03-28,40275.993,4853.814277,4853.814277,24052.351067,11369.827656,18019.462,22256.531,15.088414,4.740768,7.142768,8215.568897,0.0,330.003,167.794,330.003,440.773,8.070538,16.161538,11778.964964,0.0,1783.038,1707.061,1783.038,2049.261,5.0976,5.5676,4057.817205,0.0,20.637,20.637,20.637,22.719
1500.0,2024-03-29,37821.151,4853.814277,4853.814277,25344.298487,7623.038236,16625.588,21195.563,13.77461,3.805402,7.936402,9128.401502,0.0,325.872,168.615,325.872,436.084,9.028109,18.191109,13258.171253,0.0,1773.875,1701.802,1773.875,2067.875,4.5792,4.0582,2957.725731,0.0,21.158,20.029,21.158,22.782
1500.0,2024-03-30,33530.72,4853.814277,4853.814277,23723.038582,4953.867141,14586.364,18944.356,16.189258,2.972333,8.265333,9506.736195,0.0,320.579,170.296,320.579,433.143,7.96513,15.10713,11010.483945,0.0,1766.733,1695.668,1766.733,2082.764,4.2336,4.3986,3205.818442,0.0,20.993,20.122,20.993,23.838
1500.0,2024-03-31,35805.241,4853.814277,4853.814277,11097.473237,19853.953485,16405.894,19399.347,28.733835,3.60288,0.0,0.0,0.0,324.18188,362.911,506.985,623.819,6.735485,11.369485,8286.387498,0.0,1762.099,1686.216,1762.099,2091.578,3.888,3.857,2811.085739,0.0,21.024,20.812,21.024,23.355
1500.0,2024-04-01,41660.746,3145.671831,3145.671831,2197.996467,36317.077702,22056.537,19604.209,40.94452,2.985898,0.0,0.0,0.0,327.167778,361.675,514.538,623.848,5.608483,0.0,0.0,0.0,1767.707483,1675.609,1769.043,2072.706,3.6288,3.0158,2197.996467,0.0,21.637,21.637,21.637,23.478
1500.0,2024-04-02,48607.856,3145.671831,3145.671831,3383.054009,42079.13016,26431.912,22175.944,39.318541,3.123101,0.0,0.0,0.0,330.290878,358.903,517.442,628.541,5.649696,0.734179,535.089624,0.0,1772.623,1663.348,1772.623,2053.326,3.3696,3.9076,2847.964385,0.0,21.099,22.125,21.099,22.701
1500.0,2024-04-03,44118.753,3145.671831,3145.671831,6437.361562,34535.719607,22450.892,21667.861,35.127824,3.233952,0.0,0.0,0.0,333.52483,356.496,512.783,629.939,4.418496,5.342496,3893.755332,0.0,1771.699,1644.112,1771.699,2038.09,3.456,3.49,2543.60623,0.0,21.065,22.01,21.065,23.121
1500.0,2024-04-04,42649.008,3145.671831,3145.671831,7640.476522,31862.859647,21124.112,21524.896,33.477069,2.438813,0.0,0.0,0.0,335.963643,354.286,507.834,636.02,6.245251,5.510251,4016.019851,0.0,1772.434,1632.172,1772.434,2074.455,5.616,4.973,3624.456671,0.0,21.708,22.595,21.708,23.236
1500.0,2024-04-05,45053.114,3145.671831,3145.671831,15044.951865,26862.490304,22341.716,22711.398,23.317627,4.004381,0.0,0.0,0.0,339.968024,352.43,502.874,631.668,5.145293,16.742293,12202.235035,0.0,1760.837,1620.334,1760.837,2055.248,3.9744,3.9004,2842.716831,0.0,21.782,22.938,21.782,23.42
1500.0,2024-04-06,39804.571,3145.671831,3145.671831,18735.706139,17923.19303,16612.751,23191.82,18.253662,3.665952,0.0,0.0,0.0,343.633976,352.088,498.474,630.68,6.433258,21.773258,15868.938017,0.0,1745.497,1610.682,1745.497,2036.774,3.5424,3.9334,2866.768122,0.0,21.391,21.712,21.391,23.344
1500.0,2024-04-07,41788.987,3145.671831,3145.671831,14500.58923,24142.725939,17019.206,24769.781,24.06453,3.11688,0.0,0.0,0.0,346.750856,352.998,494.98,629.964,6.72719,17.83419,12998.039487,0.0,1734.39,1610.073,1734.39,2019.855,2.0736,2.0616,1502.549743,0.0,21.403,17.754,21.403,23.893
1500.0,2024-04-08,47450.921,3145.671831,3145.671831,19877.68709,24427.562079,24273.839,23177.082,16.686787,3.635021,0.0,0.0,0.0,350.385877,352.042,493.498,629.402,7.184333,24.756333,18043.083766,0.0,1716.818,1605.332,1716.818,2002.22,2.4192,2.5172,1834.603324,0.0,21.305,10.041,21.305,23.541
1500.0,2024-04-09,43301.155,3145.671831,3145.671831,20855.552527,19299.930642,20191.874,23109.281,15.34509,3.345408,0.0,0.0,0.0,353.731285,352.055,493.262,642.913,9.17663,23.53963,17156.318206,0.0,1702.455,1595.192,1702.455,1990.534,4.2336,5.0756,3699.234321,0.0,20.463,5.901,20.463,23.099
1500.0,2024-04-10,43647.934,3145.671831,3145.671831,32039.468145,8462.794024,21767.415,21880.519,0.0,21.276518,0.0,0.0,0.0,375.007803,359.236,493.722,646.413,24.276672,11.26032,8206.825245,0.0,1715.471352,1599.434,1687.325,1973.908,32.832,32.7,23832.6429,0.0,20.595,13.754,20.595,22.216
1500.0,2024-04-11,38811.456,3145.671831,3145.671831,32039.468145,3626.316024,22654.417,16157.039,0.0,48.776774,0.0,0.0,0.0,423.784578,389.619,495.79,645.012,75.430224,3.03092,2209.016331,0.0,1787.870656,1642.164,1688.341,1974.961,41.5584,40.9294,29830.451814,0.0,21.224,31.301,21.224,22.931
1500.0,2024-04-12,38803.656,3145.671831,3145.671831,32039.468145,3618.516024,23587.928,15215.728,0.0,55.567469,0.0,0.0,0.0,479.352046,443.974,499.651,640.896,98.533498,6.62232,4826.525619,0.0,1879.781834,1738.992,1738.992,1971.576,37.152,37.338,27212.942526,0.0,21.038,61.202,21.038,22.899
1500.0,2024-04-13,28710.994,3145.671831,3145.671831,25565.322169,0.0,17856.453,10854.541,8.882967,23.678006,0.0,0.0,0.0,503.030053,471.643,501.644,636.62,50.577178,35.077353,25565.322169,0.0,1895.281658,1815.892,1735.87,1965.29,20.8224,0.0,0.0,0.0,41.8604,67.916,21.028,22.688
1500.0,2024-04-14,29484.32,3145.671831,3145.671831,26338.648169,0.0,19822.747,9661.573,7.821911,15.003446,0.0,0.0,0.0,518.033499,483.078,501.551,632.0,29.822774,36.138409,26338.648169,0.0,1888.966023,1860.736,1722.733,1955.753,13.4784,0.0,0.0,0.0,55.3388,66.262,20.771,22.607
1500.0,2024-04-15,38522.297,3145.671831,3145.671831,32039.468145,3337.157024,24655.459,13866.838,0.0,11.104042,0.0,0.0,0.0,529.137541,488.502,498.615,627.211,21.212237,0.0,0.0,0.0,1910.17826,1889.739,1724.608,1942.925,9.936,43.96032,32039.468145,0.0,21.31448,59.237,20.99,23.237
1500.0,2024-04-16,36734.194,3145.671831,3145.671831,32039.468145,1549.054024,23599.09,13135.104,0.0,9.388224,0.0,0.0,0.0,538.525765,491.311,499.373,622.285,16.285536,43.96032,32039.468145,0.0,1882.503476,1906.169,1729.718,1973.561,7.344,0.0,0.0,0.0,28.65848,49.996,21.011,22.934
1500.0,2024-04-17,35614.384,3145.671831,3145.671831,32039.468145,429.244024,23084.371,12530.013,0.0,7.733664,0.0,0.0,0.0,546.259429,492.536,502.804,619.791,12.084163,43.96032,32039.468145,0.0,1850.627319,1917.654,1730.3,2007.868,6.8256,0.0,0.0,0.0,35.48408,40.686,21.182,22.601
1500.0,2024-04-18,32820.104,3145.671831,3145.671831,29674.432169,0.0,21190.731,11629.373,9.052468,6.80711,10.045037,11553.741057,0.0,543.021502,492.891,499.561,617.86,11.478758,24.862815,18120.691112,0.0,1837.243262,1928.512,1722.759,2032.149,5.0112,0.0,0.0,0.0,40.49528,32.892,21.278,22.462
1500.0,2024-04-19,34568.994,3145.671831,3145.671831,31423.322169,0.0,20655.509,13913.485,6.652872,6.249571,10.045037,11553.741057,0.0,539.226037,491.895,499.028,614.606,10.19615,3.556331,2591.949944,0.0,1843.883082,1937.571,1711.679,2041.798,4.4928,23.70608,17277.631168,0.0,21.282,27.131,21.282,22.419
1500.0,2024-04-20,33772.365,3145.671831,3145.671831,30626.693169,0.0,18528.69,15243.675,7.745901,5.532624,10.045037,11553.741057,0.0,534.713624,489.679,501.802,612.736,8.274701,26.169382,19072.952112,0.0,1825.988401,1940.705,1700.319,2031.996,5.0112,0.0,0.0,0.0,26.2932,22.837,21.188,22.37
1500.0,2024-04-21,28513.384,3145.671831,3145.671831,25367.712169,0.0,14000.994,14512.39,9.154101,5.110819,0.0,0.0,0.0,539.824443,489.237,504.986,632.02,8.468323,34.806219,25367.712169,0.0,1799.650505,1942.075,1685.754,2014.101,5.0976,0.0,0.0,0.0,31.3908,21.603,21.149,22.756
1500.0,2024-04-22,33540.462,3145.671831,3145.671831,30394.790169,0.0,18754.785,14785.677,8.064088,4.820602,10.045037,11553.741057,0.0,534.600008,486.283,499.675,630.66,6.533654,25.851195,18841.049112,0.0,1780.332964,1945.541,1671.337,2012.734,4.752,0.0,0.0,0.0,36.1428,22.27,21.688,22.877
1500.0,2024-04-23,36302.58,3145.671831,3145.671831,33156.908169,0.0,21422.314,14880.266,4.274275,4.303152,10.045037,11553.741057,0.0,528.858123,482.437,494.325,627.943,6.408461,29.641008,21603.167112,0.0,1757.100417,1939.866,1654.328,2029.007,4.6656,0.0,0.0,0.0,40.8084,22.201,21.247,22.949
1500.0,2024-04-24,33010.816,3145.671831,3145.671831,29865.144169,0.0,18062.597,14948.219,8.790798,4.295808,10.045037,11553.741057,0.0,523.108894,479.91,489.016,634.633,6.485357,1.886285,1374.77552,0.0,1761.699488,1934.872,1636.551,2015.743,3.6288,23.2382,16936.627591,0.0,21.199,21.199,21.199,22.671
1500.0,2024-04-25,24295.22,3145.671831,3145.671831,21149.548169,0.0,10869.136,13426.084,20.749186,5.321808,10.045037,11553.741057,0.0,518.385666,478.081,483.389,643.548,11.309414,13.166097,9595.807112,0.0,1759.842806,1942.257,1621.0,1997.762,6.2208,0.0,0.0,0.0,27.4198,20.495,20.856,22.36
1500.0,2024-04-26,29111.728,3145.671831,3145.671831,25966.056169,0.0,15618.86,13492.868,8.333133,6.306422,0.0,0.0,0.0,524.692088,477.525,497.75,641.133,6.300547,35.627187,25966.056169,0.0,1730.516165,1949.616,1606.472,1980.633,7.6896,0.0,0.0,0.0,35.1094,22.666,20.454,22.519
1500.0,2024-04-27,31739.519,3145.671831,3145.671831,28593.847169,0.0,16262.734,15476.785,4.727625,6.155654,0.0,0.0,0.0,530.847742,476.951,504.819,636.541,7.890826,39.232695,28593.847169,0.0,1699.174296,1953.632,1589.628,1966.539,4.9248,0.0,0.0,0.0,40.0342,22.282,20.946,22.555
1500.0,2024-04-28,33421.424,3145.671831,3145.671831,30275.752169,0.0,17685.498,15735.926,8.227416,4.836413,10.045037,11553.741057,0.0,525.639118,475.641,501.929,631.463,7.487597,1.632267,1189.640331,0.0,1705.029626,1955.492,1627.968,1976.696,4.8384,24.0556,17532.370781,0.0,20.817,21.363,20.817,22.909
1500.0,2024-04-29,42568.78,3145.671831,3145.671831,36272.115166,3150.993003,22004.556,20564.224,0.0,4.659293,10.045037,11553.741057,0.0,520.253374,473.487,499.989,627.472,7.143466,33.915283,24718.374109,0.0,1678.257808,1952.582,1669.421,1980.207,4.6656,0.0,0.0,0.0,25.4826,21.197,21.075,22.941
1500.0,2024-04-30,42035.095,3145.671831,3145.671831,21475.757732,17413.665437,22170.055,19865.04,20.301604,4.046544,10.045037,11553.741057,0.0,514.254882,471.039,500.382,624.238,5.67527,5.337079,3889.807127,0.0,1678.596,1944.465,1678.596,1967.11,3.888,8.2766,6032.209548,0.0,21.094,20.972,21.094,23.175
1500.0,2024-05-01,43217.699,2876.698849,2876.698849,22704.796489,17636.203662,22299.627,20918.072,18.61528,5.624467,10.045037,11553.741057,0.0,509.834312,469.263,498.941,619.545,8.885203,9.763203,7115.686099,0.0,1677.718,1938.283,1677.718,1955.532,5.3568,5.5368,4035.369334,0.0,20.914,21.361,20.914,22.291
1500.0,2024-05-02,45061.408,2876.698849,2876.698849,26234.583781,15950.125371,23918.949,21142.459,13.772173,5.047574,10.045037,11553.741057,0.0,504.83685,467.783,494.561,616.752,6.12671,14.76671,10762.377241,0.0,1669.078,1931.757,1669.078,1943.048,4.8384,5.3764,3918.465483,0.0,20.376,21.746,20.376,22.29
1500.0,2024-05-03,46748.947,2876.698849,2876.698849,33140.548452,10731.699699,25047.874,21701.073,4.296722,4.645123,10.045037,11553.741057,0.0,499.436936,465.917,491.746,614.084,5.081962,26.001962,18950.931667,0.0,1648.158,1919.938,1648.158,1934.825,4.2336,3.6166,2635.875728,0.0,20.993,21.629,20.993,23.019
1500.0,2024-05-04,40679.337,2876.698849,2876.698849,31406.16642,6396.471731,20848.967,19830.37,6.676411,4.177699,10.045037,11553.741057,0.0,493.569598,463.755,491.433,609.248,4.815072,22.363072,16298.810677,0.0,1630.61,1907.237,1630.61,1932.826,4.0608,4.8758,3553.614687,0.0,20.178,21.492,20.178,22.14
1500.0,2024-05-05,36376.239,2876.698849,2876.698849,29262.452487,4237.087664,18311.027,18065.212,8.369066,3.995654,7.885253,9069.570459,0.0,489.68,461.142,489.68,604.994,5.025802,24.690802,17995.322858,0.0,1610.945,1896.982,1610.945,1935.739,3.7152,3.0152,2197.55917,0.0,20.878,21.616,20.878,23.622
1500.0,2024-05-06,41601.054,2876.698849,2876.698849,26690.147921,12034.20723,20633.868,20967.186,11.386238,3.725309,6.999309,8050.562986,0.0,486.406,458.491,486.406,600.724,4.536173,22.807173,16622.48333,0.0,1592.674,1889.602,1592.674,1928.999,3.3696,2.7676,2017.101605,0.0,21.48,21.982,21.48,23.799
1500.0,2024-05-07,45834.623,2876.698849,2876.698849,25275.893582,17682.03057,23599.965,22234.658,13.516216,3.666125,7.327125,8427.614982,0.0,482.745,455.264,482.745,595.096,4.572979,19.691979,14352.046124,0.0,1577.555,1882.563,1577.555,1907.475,3.456,3.425,2496.232475,0.0,21.511,21.965,21.511,23.66
1500.0,2024-05-08,53174.602,2876.698849,2876.698849,10962.245941,39335.657211,28242.69,24931.912,33.121984,3.455136,7.269136,8360.916612,0.0,478.931,451.66,478.931,590.473,3.90623,0.0,0.0,0.0,1581.46123,1868.584,1584.66,1906.618,3.2832,3.5692,2601.329328,0.0,21.225,21.469,21.225,23.296
1500.0,2024-05-09,47351.635,2876.698849,2876.698849,9648.60858,34826.327571,24855.329,22496.306,34.450627,3.611693,6.449693,7418.39796,0.0,476.093,448.173,476.093,590.525,3.645475,0.0,0.0,0.0,1585.106706,1855.665,1603.559,1931.54,3.024,3.06,2230.21062,0.0,21.189,21.747,21.189,23.519
1500.0,2024-05-10,54138.795,2876.698849,2876.698849,3689.592376,47572.503775,29267.254,24871.541,39.483357,3.422563,1.012563,1164.644117,0.0,478.503,444.052,478.503,599.117,3.180038,0.0,0.0,0.0,1588.286744,1837.824,1612.828,1916.601,3.1104,3.4644,2524.948259,0.0,20.835,22.193,20.835,23.523
1500.0,2024-05-11,46061.152,2876.698849,2876.698849,2144.084247,41040.368905,24533.258,21527.894,41.258384,3.141936,0.414936,477.256898,0.0,481.23,439.365,481.23,597.519,3.444854,0.0,0.0,0.0,1591.731598,1823.004,1606.247,1900.49,3.024,2.287,1666.827349,0.0,21.572,22.466,21.572,23.51
1500.0,2024-05-12,49562.008,2876.698849,2876.698849,2931.694423,43753.614728,27050.306,22511.702,40.217901,3.296419,0.484419,557.176057,0.0,484.042,435.431,484.042,595.704,2.680733,0.0,0.0,0.0,1594.412331,1807.499,1601.383,1883.628,3.024,3.258,2374.518366,0.0,21.338,22.07,21.338,24.435
1500.0,2024-05-13,55194.33,2876.698849,2876.698849,9799.10524,42518.525911,27566.014,27628.316,34.415782,3.216586,6.746586,7759.882278,0.0,480.512,431.282,480.512,595.445,2.349821,0.028152,20.517938,0.0,1596.734,1789.241,1596.734,1871.524,2.7648,2.7698,2018.705025,0.0,21.333,21.79,21.333,23.278
1500.0,2024-05-14,56913.562,2876.698849,2876.698849,14109.200817,39927.662334,28606.144,28307.418,26.19237,2.935613,2.751613,3164.888533,0.0,480.696,426.841,480.696,592.117,2.422138,12.132138,8842.229451,0.0,1587.024,1769.636,1587.024,1865.206,2.8512,2.8842,2102.082833,0.0,21.3,21.698,21.3,23.883
1500.0,2024-05-15,53290.387,2876.698849,2876.698849,13685.360664,36728.327488,26146.553,27143.834,25.183078,3.136666,0.0,0.0,0.0,483.832666,422.767,484.238,586.546,2.658442,16.341442,11910.083857,0.0,1573.341,1750.655,1573.341,1873.307,2.7648,2.4358,1775.276807,0.0,21.629,21.435,21.629,23.881
1500.0,2024-05-16,49595.773,2876.698849,2876.698849,15732.31884,30986.755312,23288.292,26307.481,23.273539,2.874355,1.555021,1788.575594,0.0,485.152,418.776,485.152,581.431,1.75176,16.76676,12220.067391,0.0,1558.326,1731.195,1558.326,1898.161,2.592,2.365,1723.675855,0.0,21.856,21.448,21.856,24.195
1500.0,2024-05-17,49833.072,2876.698849,2876.698849,22945.803042,24010.57011,22997.499,26835.573,17.091256,3.242938,7.980938,9179.626542,0.0,480.414,414.937,480.414,594.173,3.011126,15.841126,11545.440631,0.0,1545.496,1712.765,1545.496,1928.877,3.024,3.047,2220.735869,0.0,21.833,21.833,21.833,23.527
1500.0,2024-05-18,40110.554,2876.698849,2876.698849,20420.950336,16812.904815,16751.921,23358.633,20.54129,2.887315,7.956315,9151.306005,0.0,475.345,410.006,475.345,590.84,4.874515,11.133515,8114.406483,0.0,1539.237,1699.783,1539.237,1920.106,3.7152,4.3292,3155.237848,0.0,21.219,21.874,21.219,23.075
1500.0,2024-05-19,48130.853,2876.698849,2876.698849,22469.846137,22784.308014,21291.651,26839.202,18.200706,3.790368,8.770368,10087.624651,0.0,470.365,407.572,470.365,587.476,4.754246,12.081246,8805.13857,0.0,1531.91,1689.396,1531.91,1924.695,3.888,4.908,3577.082916,0.0,20.199,22.203,20.199,23.173
1500.0,2024-05-20,56811.352,2876.698849,2876.698849,18726.693783,35207.959369,28769.14,28042.212,22.184123,3.088022,6.777022,7794.890502,0.0,466.676,404.199,466.676,590.146,3.589574,12.860574,9373.133858,0.0,1522.639,1672.625,1522.639,1936.457,3.3696,2.1386,1558.669422,0.0,21.43,21.43,21.43,24.116
1500.0,2024-05-21,45112.364,2876.698849,2876.698849,16506.184286,25729.480866,21761.381,23350.983,25.252731,3.364934,6.814934,7838.496657,0.0,463.226,400.774,463.226,596.351,3.099254,9.146254,6666.037156,0.0,1516.592,1656.348,1516.592,1939.39,3.1104,2.7464,2001.650473,0.0,21.794,22.376,21.794,23.463
1500.0,2024-05-22,43838.468,2876.698849,2876.698849,10513.023951,30448.745201,22363.746,21474.722,29.535739,3.064003,0.0,0.0,0.0,466.290003,396.852,471.553,596.244,3.961181,10.577181,7708.934951,0.0,1509.976,1646.367,1509.976,1939.462,3.5424,3.8474,2804.089,0.0,21.489,22.327,21.489,22.446
1500.0,2024-05-23,53275.91,2876.698849,2876.698849,12492.850625,37906.360526,26462.535,26813.375,27.462245,3.24311,1.112114,1279.14639,0.0,468.421,392.825,468.421,596.706,2.954362,12.381362,9023.870631,0.0,1500.549,1630.136,1500.549,1936.11,2.9376,3.0046,2189.833604,0.0,21.422,22.313,21.422,23.634
1500.0,2024-05-24,55515.541,2876.698849,2876.698849,26259.993431,26378.84872,28508.72,27006.821,11.335158,2.846102,5.890102,6774.76044,0.0,465.377,388.202,465.377,600.168,2.311459,24.245459,17670.745292,0.0,1478.615,1612.126,1478.615,1933.6,2.9376,2.4896,1814.487699,0.0,21.87,22.047,21.87,23.307
1500.0,2024-05-25,43932.938,2876.698849,2876.698849,23125.92444,17930.314712,19453.983,24478.955,15.492123,2.43743,5.64243,6489.889591,0.0,462.172,384.069,462.172,602.03,2.382566,19.634566,14310.202126,0.0,1461.363,1592.477,1461.363,1925.405,2.8512,3.1912,2325.832722,0.0,21.53,21.626,21.53,22.905
1500.0,2024-05-26,39376.325,2876.698849,2876.698849,19658.916141,16840.710011,17311.528,22064.797,20.209019,3.114115,5.573115,6410.163664,0.0,459.713,380.351,459.713,597.924,3.454186,15.099186,11004.694143,0.0,1449.718,1582.668,1449.718,1914.527,2.592,3.079,2244.058333,0.0,21.043,21.411,21.043,22.418
1500.0,2024-05-27,51605.284,2876.698849,2876.698849,24290.182999,24438.402153,26533.692,25071.592,10.632544,2.716675,0.0,0.0,0.0,462.429675,376.825,468.457,595.673,2.729376,30.280376,22069.155599,0.0,1422.167,1565.71,1422.167,1898.736,2.6784,3.0474,2221.0274,0.0,20.674,21.629,20.674,23.042
1500.0,2024-05-28,56606.497,2876.698849,2876.698849,23592.420355,30137.377797,30095.984,26510.513,11.589922,2.555712,0.0,0.0,0.0,464.985387,372.58,478.496,598.131,2.501798,30.482798,22216.686509,0.0,1394.186,1543.167,1394.186,1885.417,2.5056,1.8876,1375.733845,0.0,21.292,21.504,21.292,23.014
1500.0,2024-05-29,57066.35,2876.698849,2876.698849,21881.11007,32308.541081,29060.66,28005.69,13.937955,2.698618,0.0,0.0,0.0,467.684005,369.04,475.748,595.637,2.162765,26.769765,19510.52737,0.0,1369.579,1518.707,1369.579,1885.757,2.5056,3.2526,2370.5827,0.0,20.545,21.509,20.545,22.521
1500.0,2024-05-30,54064.276,2876.698849,2876.698849,19948.478931,31239.09822,27108.743,26955.533,16.589656,2.806013,0.0,0.0,0.0,470.490018,365.381,475.243,596.756,3.219264,24.697264,18000.032829,0.0,1348.101,1497.725,1348.101,1879.12,2.6784,2.6734,1948.446102,0.0,20.55,21.372,20.55,22.431
1500.0,2024-05-31,43365.895,2876.698849,2876.698849,18079.271349,22409.924803,20460.381,22905.514,20.883846,2.58647,2.991488,3440.791549,0.0,470.085,361.875,470.085,597.182,2.557786,16.947786,12352.003735,0.0,1333.711,1484.481,1333.711,1862.708,2.4192,3.1372,2286.476064,0.0,19.832,21.118,19.832,21.739
1500.0,2024-06-01,33615.795,2208.36659,2208.36659,26441.587684,4965.840725,15187.064,18428.731,12.663018,2.962829,8.617829,9912.174979,0.0,464.43,358.939,464.43,593.629,3.890074,17.440074,12710.796522,0.0,1320.161,1476.261,1320.161,1843.439,5.7024,5.2394,3818.616184,0.0,20.295,21.6,20.295,21.67
1500.0,2024-06-02,39660.004,2208.36659,2208.36659,18636.138272,18815.499137,19765.735,19894.269,23.392288,2.899843,8.651843,9951.298138,0.0,458.678,356.288,458.678,590.591,3.256589,7.963589,5804.078534,0.0,1315.454,1468.956,1315.454,1819.632,4.6656,3.9526,2880.7616,0.0,21.008,22.762,21.008,22.762
1500.0,2024-06-03,42523.157,2208.36659,2208.36659,19058.70617,21256.084239,21430.862,21092.295,22.59781,2.648506,8.280506,9524.187858,0.0,453.046,352.702,453.046,588.919,3.661805,9.574805,6978.376258,0.0,1309.541,1455.867,1309.541,1803.152,3.7152,3.5072,2556.142054,0.0,21.216,22.098,21.216,22.378
1500.0,2024-06-04,51124.086,2208.36659,2208.36659,12307.850854,36607.868556,25872.286,25251.8,32.010266,2.969654,8.539654,9822.259253,0.0,447.476,349.104,447.476,586.39,3.015101,0.0,0.0,0.0,1312.556101,1439.478,1328.205,1806.886,3.1104,3.4104,2485.591601,0.0,20.916,21.582,20.916,22.647
1500.0,2024-06-05,55080.015,2208.36659,2208.36659,3892.248701,48979.399708,27989.289,27090.726,38.619891,2.425594,0.0,0.0,0.0,449.901594,344.791,452.45,582.271,3.112128,2.802229,2042.34001,0.0,1312.866,1417.963,1312.866,1818.368,2.8512,2.5382,1849.908691,0.0,21.229,22.48,21.229,22.66
1500.0,2024-06-06,53286.331,2208.36659,2208.36659,19730.74857,31347.215839,25990.324,27296.007,16.888397,2.655158,0.0,0.0,0.0,452.556752,340.436,461.855,577.506,3.046723,24.110723,17572.546058,0.0,1291.802,1398.698,1291.802,1828.848,2.8512,2.9612,2158.202512,0.0,21.119,23.631,21.119,22.929
1500.0,2024-06-07,51249.402,2208.36659,2208.36659,8074.310503,40966.724907,25309.914,25939.488,32.881819,2.384554,0.0,0.0,0.0,454.941306,336.599,461.741,575.561,2.799101,7.914101,5768.010344,0.0,1286.687,1382.511,1286.687,1837.653,2.6784,3.1644,2306.300159,0.0,20.633,24.641,20.633,23.506
1500.0,2024-06-08,46264.476,2208.36659,2208.36659,6202.262962,37853.846447,21152.732,25111.744,35.450395,2.475446,0.0,0.0,0.0,457.416752,334.736,464.936,572.375,3.504125,6.355125,4631.786543,0.0,1283.836,1366.887,1283.836,1849.398,2.3328,2.1548,1570.47642,0.0,20.811,24.541,20.811,23.071
1500.0,2024-06-09,38324.37,2208.36659,2208.36659,5442.53603,30673.46738,16463.062,21861.308,36.492792,3.141763,0.0,0.0,0.0,460.558515,333.702,466.593,566.987,3.554928,4.357928,3176.17559,0.0,1283.033,1353.57,1283.033,1854.744,2.9376,3.1096,2266.360439,0.0,20.639,23.403,20.639,23.533
1500.0,2024-06-10,37704.259,2208.36659,2208.36659,4065.960244,31429.932166,18011.49,19692.769,38.381547,2.585261,0.0,0.0,0.0,463.143776,331.733,466.763,561.883,3.812573,0.881573,642.514059,0.0,1285.964,1345.178,1285.964,1852.587,4.5792,4.6972,3423.446184,0.0,20.521,22.505,20.521,23.442
1500.0,2024-06-11,47549.776,2208.36659,2208.36659,8026.312837,37315.096573,22751.632,24798.144,33.272318,3.46775,0.561526,645.864296,0.0,466.05,329.81,466.05,560.734,4.628275,7.359275,5363.638466,0.0,1283.233,1333.404,1283.233,1844.297,3.2832,2.7672,2016.810074,0.0,21.037,21.135,21.037,23.398
1500.0,2024-06-12,55141.599,2208.36659,2208.36659,11642.518063,41290.714346,27459.118,27682.481,30.835526,3.669754,4.928754,5669.022818,0.0,464.791,325.701,464.791,569.194,3.79944,4.67544,3407.586909,0.0,1282.357,1318.218,1282.357,1837.487,2.9376,3.5206,2565.908336,0.0,20.454,21.469,20.454,23.108
1500.0,2024-06-13,51591.434,2208.36659,2208.36659,13749.485947,35633.581462,24521.423,27070.011,28.288771,3.332016,5.524016,6353.690059,0.0,462.599,321.165,462.599,572.367,4.441133,7.335133,5346.042833,0.0,1279.463,1302.39,1279.463,1833.666,3.1104,2.8124,2049.753055,0.0,20.752,21.736,20.752,22.285
1500.0,2024-06-14,48630.505,2208.36659,2208.36659,14465.441049,31956.69736,21731.335,26899.17,26.081195,3.709757,3.404757,3916.130843,0.0,462.904,317.092,462.904,571.813,5.907168,10.277168,7490.277522,0.0,1275.093,1290.671,1275.093,1840.511,4.1472,4.1972,3059.032684,0.0,20.702,22.084,20.702,22.084
1500.0,2024-06-15,36119.12,2208.36659,2208.36659,14802.045074,19108.708335,14017.989,22101.131,24.757602,4.908211,1.914211,2201.714237,0.0,465.898,316.512,465.898,578.873,6.950707,13.066707,9523.369008,0.0,1268.977,1283.571,1268.977,1850.675,4.0608,4.2218,3076.961829,0.0,20.541,22.413,20.541,22.413
1500.0,2024-06-16,36168.802,2208.36659,2208.36659,8828.731125,25131.704285,14349.796,21819.006,34.586926,4.38169,4.73969,5451.56254,0.0,465.54,314.227,465.54,575.54,7.709904,0.905904,660.247295,0.0,1275.781,1286.732,1275.781,1858.196,4.0608,3.7278,2716.921291,0.0,20.874,22.096,20.874,22.862
1500.0,2024-06-17,49007.612,2208.36659,2208.36659,14522.690724,32276.554685,23232.68,25774.932,29.841683,4.687373,10.045037,11553.741057,0.0,460.182336,311.847,459.366,572.701,6.584717,0.0,0.0,0.0,1282.365717,1283.699,1283.699,1849.198,3.8016,4.0736,2968.949667,0.0,20.602,22.414,20.602,22.383
1500.0,2024-06-18,40394.775,2208.36659,2208.36659,24482.423034,13703.985375,17300.816,23093.959,16.176256,4.048877,10.045037,11553.741057,0.0,454.186176,308.052,453.59,573.525,6.02951,12.954227,9441.390547,0.0,1275.441,1275.441,1275.441,1843.314,4.0608,4.7848,3487.29143,0.0,19.878,21.943,19.878,22.965
1500.0,2024-06-19,43319.744,2208.36659,2208.36659,12895.835131,28215.542278,18625.013,24694.731,31.781293,3.890851,9.539027,10971.731851,0.0,448.538,304.011,448.538,571.218,5.213549,0.0,0.0,0.0,1280.654549,1274.106,1281.188,1851.609,3.888,2.64,1924.10328,0.0,21.126,22.167,21.126,22.596
1500.0,2024-06-20,46124.019,2208.36659,2208.36659,12632.309039,31283.343371,19301.655,26822.364,31.74261,4.02071,8.84671,10175.433222,0.0,443.712,300.549,443.712,566.364,4.867171,0.0,0.0,0.0,1285.52172,1263.105,1291.677,1854.193,3.456,3.371,2456.875817,0.0,21.211,22.135,21.211,22.699
1500.0,2024-06-21,50926.3,2208.36659,2208.36659,9327.621183,39390.312227,22723.939,28202.361,34.812274,3.339446,6.313446,7261.688169,0.0,440.738,295.772,440.738,561.271,3.647981,0.0,0.0,0.0,1289.169701,1254.453,1300.244,1845.053,2.9376,2.8346,2065.933014,0.0,21.314,21.993,21.314,22.147
1500.0,2024-06-22,46897.63,2208.36659,2208.36659,11548.420339,33140.843071,18234.6,28663.03,32.46391,3.03601,7.52201,8651.77031,0.0,436.252,293.328,436.252,556.025,4.266432,0.0,0.0,0.0,1293.436133,1243.457,1306.955,1829.291,3.1104,3.9744,2896.650029,0.0,20.45,21.618,20.45,22.089
1500.0,2024-06-23,46385.903,2208.36659,2208.36659,12348.567059,31828.969351,18541.362,27844.541,31.991278,3.630442,8.603442,9895.626908,0.0,431.279,292.747,431.279,550.921,4.697654,0.0,0.0,0.0,1298.133787,1234.036,1317.434,1826.057,3.3696,3.3656,2452.940151,0.0,20.454,21.428,20.454,21.599
1500.0,2024-06-24,54283.501,2208.36659,2208.36659,13222.224876,38852.909533,25140.81,29142.691,30.954528,3.944592,8.883592,10217.854217,0.0,426.34,291.815,426.34,553.006,4.812998,0.0,0.0,0.0,1302.946786,1220.136,1322.82,1817.084,3.7152,4.1222,3004.370659,0.0,20.047,22.204,20.047,22.13
1500.0,2024-06-25,51053.294,2208.36659,2208.36659,12629.768446,36215.158963,23384.975,27668.319,31.863954,3.408566,9.050566,10409.90717,0.0,420.698,288.726,420.698,550.445,3.380573,0.0,0.0,0.0,1306.327358,1203.63,1333.36,1814.855,3.1968,3.0458,2219.861277,0.0,20.198,22.54,20.198,22.451
1500.0,2024-06-26,45174.085,2208.36659,2208.36659,8187.883387,34777.835023,18874.883,26299.202,35.725738,3.230582,5.188582,5967.876345,0.0,418.74,284.745,418.74,550.607,3.869338,0.0,0.0,0.0,1310.196696,1191.985,1349.439,1819.331,3.024,3.046,2220.007042,0.0,20.176,22.265,20.176,22.835
1500.0,2024-06-27,49797.582,2208.36659,2208.36659,1309.847884,46279.367525,21174.597,28622.985,42.16312,2.894486,0.0,0.0,0.0,421.634486,281.522,422.163,552.515,3.065731,0.0,0.0,0.0,1313.262427,1184.544,1354.887,1813.688,2.8512,1.7972,1309.847884,0.0,21.23,21.768,21.23,23.996
1500.0,2024-06-28,46694.622,2208.36659,2208.36659,2072.200926,42414.054483,18360.495,28334.127,41.11712,3.229632,0.0,0.0,0.0,424.864118,279.873,425.235,549.789,3.24743,0.0,0.0,0.0,1316.509858,1175.135,1361.285,1804.582,2.8512,2.8432,2072.200926,0.0,21.238,21.464,21.238,24.019
1500.0,2024-06-29,42290.621,2208.36659,2208.36659,6030.307738,34051.946672,16477.074,25813.547,37.631907,2.395094,3.365213,3870.647571,0.0,423.894,279.304,423.894,546.314,3.470342,0.0,0.0,0.0,1319.9802,1163.162,1373.853,1796.188,2.8512,2.9632,2159.660166,0.0,21.126,21.603,21.126,22.703
1500.0,2024-06-30,41821.871,2208.36659,2208.36659,9590.473105,30023.031304,15052.458,26769.413,34.430027,2.942093,6.276093,7218.724282,0.0,420.56,280.703,420.56,542.349,5.8644,0.0,0.0,0.0,1325.8446,1148.083,1385.773,1782.235,2.8512,3.2542,2371.748823,0.0,20.723,21.246,20.723,22.566
1500.0,2024-07-01,41081.312,2323.992171,2323.992171,18587.642688,20169.677141,16197.323,24883.989,24.005578,5.403542,9.597542,11039.035683,0.0,416.366,280.964,416.366,538.696,9.726048,0.0,0.0,0.0,1335.570648,1143.771,1372.352,1773.683,10.1952,10.3572,7548.607004,0.0,20.561,23.408,20.561,22.416
1500.0,2024-07-02,43193.107,2323.992171,2323.992171,16915.429765,23953.685063,19370.172,23822.935,26.558683,5.364058,10.045037,11553.741057,0.0,411.685021,283.055,411.589,535.223,5.74223,0.0,0.0,0.0,1341.312878,1144.801,1360.77,1762.881,6.8256,7.3566,5361.688708,0.0,20.03,25.301,20.03,22.69
1500.0,2024-07-03,47540.102,2323.992171,2323.992171,13617.839152,31598.270677,20272.199,27267.903,30.56119,3.790109,9.14213,10515.222613,0.0,406.333,282.308,406.333,532.84,8.093261,0.0,0.0,0.0,1349.406139,1137.194,1352.945,1752.002,4.752,4.257,3102.616539,0.0,20.525,22.319,20.525,22.592
1500.0,2024-07-04,51535.049,2323.992171,2323.992171,13791.183666,35419.873163,22454.957,29080.092,30.43063,3.46369,9.32769,10728.652612,0.0,400.469,279.757,400.469,534.08,4.173984,0.0,0.0,0.0,1353.580123,1132.875,1358.31,1736.626,4.752,4.202,3062.531054,0.0,21.075,21.075,21.075,22.453
1500.0,2024-07-05,50452.236,2323.992171,2323.992171,16944.320636,31183.923193,21543.608,28908.628,26.030085,3.173299,9.199299,10580.978744,0.0,394.443,275.16,394.443,532.862,4.372013,4.701136,3426.314847,0.0,1353.251,1125.603,1353.251,1725.239,4.0608,4.0298,2937.027045,0.0,21.106,21.299,21.106,22.609
1500.0,2024-07-06,45802.939,2323.992171,2323.992171,20453.331248,23025.615581,18784.789,27018.15,20.139765,3.178656,7.338656,8440.878099,0.0,390.283,272.537,390.283,527.206,5.560099,12.857099,9370.601039,0.0,1345.954,1119.519,1345.954,1723.482,4.0608,3.6248,2641.85211,0.0,21.542,21.815,21.542,22.795
1500.0,2024-07-07,43128.827,2323.992171,2323.992171,22883.299632,17921.535197,17143.721,25985.106,18.370362,3.077914,10.045037,11553.741057,0.0,383.315877,270.515,383.268,521.59,4.403722,11.047722,8051.877791,0.0,1339.31,1112.893,1339.31,1722.42,3.7152,4.4972,3277.680784,0.0,20.76,22.324,20.76,22.324
1500.0,2024-07-08,55110.752,2323.992171,2323.992171,22673.355476,30113.404353,26775.821,28334.931,18.658419,3.383856,10.045037,11553.741057,0.0,376.654696,268.028,376.128,516.999,3.575664,11.489664,8373.977344,0.0,1331.396,1100.939,1331.396,1723.646,3.2832,3.7672,2745.637074,0.0,20.276,22.252,20.276,22.252
1500.0,2024-07-09,56451.916,2323.992171,2323.992171,19883.93514,34243.988689,28054.757,28397.159,22.485693,3.018557,10.045037,11553.741057,0.0,369.628216,264.392,369.152,512.179,3.45479,8.52079,6210.182105,0.0,1326.33,1079.432,1326.33,1727.241,3.1968,2.9088,2120.011978,0.0,20.564,21.63,20.564,22.471
1500.0,2024-07-10,55047.055,2323.992171,2323.992171,11017.49945,41705.563379,26504.174,28542.881,33.019067,3.133037,7.222253,8306.991837,0.0,365.539,260.274,365.539,505.868,3.181939,0.0,0.0,0.0,1329.511939,1059.077,1329.765,1723.118,3.024,3.719,2710.507613,0.0,19.869,21.3,19.869,21.666
1500.0,2024-07-11,54515.463,2323.992171,2323.992171,8242.470197,43949.000631,24429.346,30086.117,35.809357,2.709763,5.462763,6283.237456,0.0,362.786,254.772,362.786,499.761,3.773174,0.0,0.0,0.0,1333.285114,1041.866,1337.752,1709.412,2.8512,2.6882,1959.232741,0.0,20.032,21.444,20.032,21.444
1500.0,2024-07-12,50760.508,2323.992171,2323.992171,9720.088361,38716.427468,18789.302,31971.206,34.557293,3.023827,6.803827,7825.721222,0.0,359.006,251.518,359.006,493.471,3.705782,0.0,0.0,0.0,1336.990896,1030.429,1342.51,1697.49,2.8512,2.5992,1894.367138,0.0,20.284,22.128,20.284,21.837
1500.0,2024-07-13,48935.96,2323.992171,2323.992171,8986.689498,37625.278331,18149.06,30786.9,35.202397,2.431123,6.179123,7107.19043,0.0,355.258,251.703,355.258,487.048,2.976048,0.0,0.0,0.0,1339.966944,1013.455,1341.377,1683.824,2.7648,2.5788,1879.499068,0.0,20.47,22.392,20.47,21.793
1500.0,2024-07-14,47426.488,2323.992171,2323.992171,12748.437125,32354.058704,17415.682,30010.806,29.514395,2.516227,5.268227,6059.483316,0.0,352.506,253.32,352.506,493.878,4.069354,6.983298,5089.61584,0.0,1337.053,995.542,1337.053,1684.625,2.6784,2.1944,1599.337969,0.0,20.954,22.216,20.954,22.219
1500.0,2024-07-15,56226.319,2323.992171,2323.992171,9734.57491,44167.751918,24017.302,32209.017,30.603824,2.630275,0.0,0.0,0.0,355.136275,255.231,355.512,505.322,3.176496,11.050496,8053.899848,0.0,1329.179,979.476,1329.179,1683.948,2.592,2.306,1680.675062,0.0,21.24,21.618,21.24,22.579
1500.0,2024-07-16,57257.242,2323.992171,2323.992171,6043.01951,48890.230318,26222.96,31034.282,35.668888,2.590013,0.0,0.0,0.0,357.726288,257.075,365.204,503.601,2.808432,5.172432,3769.808097,0.0,1326.815,953.888,1326.815,1683.302,2.592,3.119,2273.211413,0.0,20.713,21.355,20.713,22.327
1500.0,2024-07-17,60842.947,2323.992171,2323.992171,3873.0823,54645.872529,27025.476,33817.471,38.646189,2.460499,0.0,0.0,0.0,360.186787,258.858,370.221,497.445,2.385331,3.018331,2199.841274,0.0,1326.182,924.889,1326.182,1664.049,2.3328,2.2958,1673.241027,0.0,20.75,21.926,20.75,22.574
1500.0,2024-07-18,61154.21,2323.992171,2323.992171,4256.797471,54573.420357,26989.008,34165.202,38.119706,2.356128,0.0,0.0,0.0,362.542915,260.788,371.582,490.828,2.291414,3.220414,2347.124966,0.0,1325.253,896.087,1325.253,1643.559,2.4192,2.6202,1909.672505,0.0,20.549,22.235,20.549,22.8
1500.0,2024-07-19,58017.345,2323.992171,2323.992171,10352.693672,45340.659157,25311.661,32705.684,29.755723,2.461968,0.0,0.0,0.0,365.004883,263.03,370.412,484.136,5.608397,11.706397,8531.938061,0.0,1319.155,866.951,1319.155,1622.401,2.4192,2.4982,1820.755611,0.0,20.47,21.884,20.47,22.845
1500.0,2024-07-20,53063.611,2323.992171,2323.992171,1864.339466,48875.279363,22722.59,30341.021,41.40232,2.492899,0.0,0.0,0.0,367.497782,264.918,369.777,477.781,0.981763,0.0,0.0,0.0,1320.136763,837.345,1323.964,1607.677,2.592,2.558,1864.339466,0.0,20.504,21.837,20.504,22.792
1500.0,2024-07-21,49668.891,2323.992171,2323.992171,3030.023561,44314.875268,20585.706,29083.185,40.419259,2.130278,1.066061,1226.176736,0.0,368.562,267.163,368.562,474.214,2.677277,0.0,0.0,0.0,1322.81404,814.237,1333.222,1612.107,2.592,2.475,1803.846825,0.0,20.621,21.893,20.621,22.764
1500.0,2024-07-22,56927.713,2323.992171,2323.992171,10763.575933,43840.144896,23814.305,33113.408,31.494731,2.452032,3.983032,4581.259508,0.0,367.031,269.453,367.031,490.958,3.312317,6.905357,5032.81048,0.0,1319.221,788.633,1319.221,1596.104,2.4192,1.5772,1149.505944,0.0,21.463,21.837,21.463,22.444
1500.0,2024-07-23,59303.437,2323.992171,2323.992171,18159.356329,38820.0885,25677.219,33626.218,22.282101,2.39207,5.60007,6441.167374,0.0,363.823,270.673,363.823,484.769,1.887149,13.162149,9592.929423,0.0,1307.946,761.368,1307.946,1589.277,2.16,2.916,2125.259532,0.0,20.707,21.572,20.707,22.581
1500.0,2024-07-24,58816.178,2323.992171,2323.992171,16673.889525,39818.296304,25081.205,33734.973,25.516179,2.543616,7.668616,8820.396112,0.0,358.698,271.131,358.698,478.716,2.488925,9.213925,6715.35717,0.0,1301.221,730.949,1301.221,1573.287,2.0736,1.5616,1138.136243,0.0,21.219,21.514,21.219,22.841
1500.0,2024-07-25,57581.972,2323.992171,2323.992171,16125.8775,39132.102329,25386.138,32195.834,26.910131,2.739139,8.779139,10097.713233,0.0,352.658,270.944,352.658,472.657,2.72065,5.12365,3734.254167,0.0,1298.818,707.272,1298.818,1564.128,2.2464,3.1474,2293.9101,0.0,20.318,21.895,20.318,22.712
1500.0,2024-07-26,55976.328,2323.992171,2323.992171,18445.345733,35206.990096,24565.045,31411.283,20.126638,2.480544,2.550544,2933.620406,0.0,352.588,268.662,352.588,466.363,3.642538,18.900538,13775.222117,0.0,1283.56,684.858,1283.56,1564.937,2.0736,2.3826,1736.50321,0.0,20.009,22.095,20.009,22.623
1500.0,2024-07-27,44524.844,2323.992171,2323.992171,14005.449682,28195.402146,18189.517,26335.327,28.368424,2.31025,6.26925,7210.853274,0.0,348.629,266.555,348.629,460.36,2.367446,6.770446,4934.484138,0.0,1279.157,668.619,1279.157,1567.972,1.9872,2.5522,1860.112269,0.0,19.444,21.844,19.444,22.784
1500.0,2024-07-28,41570.946,2323.992171,2323.992171,13796.754436,25450.199392,14238.746,27332.2,28.459562,2.531606,5.931606,6822.498092,0.0,345.229,266.348,345.229,454.408,4.497552,7.537552,5493.571412,0.0,1276.117,653.964,1276.117,1569.322,2.5056,2.0316,1480.684933,0.0,19.918,21.637,19.918,22.259
1500.0,2024-07-29,46232.703,2323.992171,2323.992171,27796.62413,16112.086699,16989.137,29243.566,11.263882,5.834592,9.413592,10827.457037,0.0,341.65,266.25,341.65,457.1,11.288246,18.899246,13774.281056,0.0,1268.506,644.795,1268.506,1559.176,5.0976,4.3836,3194.886037,0.0,20.632,22.36,20.632,22.785
1500.0,2024-07-30,48773.089,2323.992171,2323.992171,19666.03481,26783.062019,17945.307,30827.782,21.93656,4.79209,8.57809,9866.467189,0.0,337.864,269.537,337.864,458.065,7.42487,8.46687,6170.883753,0.0,1267.464,640.202,1267.464,1544.755,5.3568,4.9788,3628.683868,0.0,21.01,24.723,21.01,22.312
1500.0,2024-07-31,47418.193,2323.992171,2323.992171,11657.937891,33436.262938,17721.708,29696.485,30.049094,3.437078,3.605078,4146.539545,0.0,337.696,270.706,337.696,451.686,4.410547,6.421547,4680.196981,0.0,1265.453,629.565,1265.453,1535.555,3.3696,3.8846,2831.201364,0.0,20.495,25.423,20.495,22.179
1500.0,2024-08-01,48791.355,3300.249292,3300.249292,15445.262414,30045.843294,16222.588,32568.767,24.781267,2.734646,3.481646,4004.568799,0.0,336.949,271.643,336.949,446.124,4.076006,12.749006,9291.820087,0.0,1256.78,615.407,1256.78,1535.768,3.1104,2.9484,2148.873527,0.0,20.657,25.193,20.657,23.001
1500.0,2024-08-02,53340.316,3300.249292,3300.249292,15286.512229,34753.554479,19023.032,34317.284,26.097094,2.723846,5.380846,6189.017244,0.0,334.292,271.218,334.292,439.905,3.568579,9.656579,7037.975649,0.0,1250.692,602.727,1250.692,1512.672,2.7648,2.8258,2059.519337,0.0,20.596,24.655,20.596,22.524
1500.0,2024-08-03,51283.794,3300.249292,3300.249292,20918.147743,27065.396965,20781.751,30502.043,20.569314,2.81975,9.18475,10564.244802,0.0,327.927,270.433,327.927,433.436,2.865456,12.060456,8789.985965,0.0,1241.497,590.044,1241.497,1488.813,2.3328,2.1458,1563.916977,0.0,20.783,23.619,20.783,22.113
1500.0,2024-08-04,54146.057,3300.249292,3300.249292,21899.426887,28946.380821,21580.736,32565.321,19.055685,2.654467,8.895467,10231.513001,0.0,321.686,267.04,321.686,439.344,3.703968,13.881968,10117.553092,0.0,1231.319,578.346,1231.319,1475.238,2.4192,2.1272,1550.360794,0.0,21.075,22.034,21.075,22.236
1500.0,2024-08-05,59320.876,3300.249292,3300.249292,23544.985175,32475.641533,24247.3,35073.576,16.49479,2.554243,8.371243,9628.553701,0.0,315.869,265.085,315.869,440.583,3.672086,16.209086,11813.619814,0.0,1218.782,560.454,1218.782,1491.675,2.4192,2.8852,2102.81166,0.0,20.609,21.248,20.609,22.313
1500.0,2024-08-06,60261.442,3300.249292,3300.249292,21101.421543,35859.771165,26108.701,34152.741,20.368349,2.597098,9.272098,10664.711027,0.0,309.194,263.238,309.194,435.269,2.874874,12.750874,9293.180953,0.0,1208.906,539.464,1208.906,1493.67,2.16,1.569,1143.529563,0.0,21.2,21.609,21.2,22.59
1500.0,2024-08-07,57390.243,3300.249292,3300.249292,21601.542496,32488.451212,24383.118,33007.125,19.40428,2.565475,8.791475,10111.902026,0.0,302.968,261.955,302.968,430.065,3.199565,13.374565,9747.743939,0.0,1198.731,510.273,1198.731,1481.198,2.16,2.39,1741.89653,0.0,20.97,21.717,20.97,22.482
1500.0,2024-08-08,53206.12,3300.249292,3300.249292,25643.589371,24262.281337,21190.609,32015.511,13.409816,2.872714,8.015714,9219.625688,0.0,297.825,260.681,297.825,424.328,6.87839,19.18639,13983.559356,0.0,1186.423,488.402,1186.423,1462.354,3.1104,3.3484,2440.404327,0.0,20.732,22.29,20.732,22.327
1500.0,2024-08-09,53648.365,3300.249292,3300.249292,19432.894246,30915.221462,21207.425,32440.94,19.326368,2.954016,3.510016,4037.199343,0.0,297.269,260.12,297.269,419.056,5.431536,17.636536,12853.983623,0.0,1174.218,470.124,1174.218,1450.862,2.6784,3.4874,2541.71128,0.0,19.923,22.379,19.923,22.456
1500.0,2024-08-10,46893.305,3300.249292,3300.249292,20682.370457,22910.685251,17472.081,29421.224,17.78643,2.84472,3.81172,4384.217474,0.0,296.302,258.789,296.302,413.663,5.58697,20.61497,15024.746449,0.0,1159.19,460.632,1159.19,1440.336,2.4192,1.7472,1273.406534,0.0,20.595,21.949,20.595,22.589
1500.0,2024-08-11,42034.424,3300.249292,3300.249292,26041.850506,12692.324201,13414.403,28620.021,10.686035,2.703629,4.249629,4887.897548,0.0,294.756,257.099,294.756,409.169,6.181056,25.974056,18930.593312,0.0,1139.397,451.871,1139.397,1429.899,2.5056,3.0506,2223.359646,0.0,20.05,21.486,20.05,22.417
1500.0,2024-08-12,43486.916,3300.249292,3300.249292,22074.330431,18112.336277,14358.566,29128.35,16.01225,2.326406,4.046406,4654.152363,0.0,293.036,256.682,293.036,405.691,4.310064,21.631064,15765.303482,0.0,1122.076,444.838,1122.076,1427.059,2.5056,2.2706,1654.874586,0.0,20.285,21.385,20.285,22.842
1500.0,2024-08-13,47427.039,3300.249292,3300.249292,21305.795729,22820.993979,14865.823,32561.216,17.178773,2.682202,4.240202,4877.054439,0.0,291.478,255.588,291.478,400.77,4.493146,19.822146,14446.914911,0.0,1106.747,434.443,1106.747,1419.998,2.8512,2.7192,1981.826378,0.0,20.417,22.071,20.417,22.584
1500.0,2024-08-14,51058.31,3300.249292,3300.249292,23182.989788,24575.07092,15967.602,35090.708,14.43848,2.671402,3.955402,4549.479188,0.0,290.194,254.944,290.194,394.629,5.059238,23.386238,17044.521974,0.0,1088.42,422.753,1088.42,1412.71,2.8512,2.1802,1588.988625,0.0,21.088,22.348,21.088,22.514
1500.0,2024-08-15,42385.159,3300.249292,3300.249292,28221.857747,10863.051961,9516.947,32868.212,7.522427,1.921277,3.951277,4544.734868,0.0,288.164,255.502,288.164,389.274,4.671216,30.205216,22014.376962,0.0,1062.886,414.792,1062.886,1393.831,2.2464,2.2814,1662.745918,0.0,21.053,22.022,21.053,22.474
1500.0,2024-08-16,40514.316,3300.249292,3300.249292,27562.982703,9651.084005,10050.906,30463.41,9.775459,2.616624,6.284624,7228.536817,0.0,284.496,257.273,284.496,384.377,4.461437,25.055437,18261.078837,0.0,1042.292,411.081,1042.292,1384.991,2.7648,2.8448,2073.36705,0.0,20.973,21.655,20.973,22.298
1500.0,2024-08-17,33670.729,3300.249292,3300.249292,16550.109901,13820.369807,8376.052,25294.677,22.839085,2.306362,2.744362,3156.548246,0.0,284.058,255.968,284.058,378.303,3.976474,15.380474,11209.704432,0.0,1030.888,413.93,1030.888,1395.885,2.6784,2.9964,2183.857223,0.0,20.655,22.172,20.655,22.561
1500.0,2024-08-18,30607.764,3300.249292,3300.249292,18935.343788,8372.170919,7982.22,22625.544,20.679528,3.786739,4.669739,5371.106009,0.0,283.175,255.116,283.175,372.197,4.791053,16.089053,11726.136085,0.0,1019.59,420.231,1019.59,1397.809,2.592,2.522,1838.101694,0.0,20.725,21.786,20.725,21.965
1500.0,2024-08-19,43028.674,3300.249292,3300.249292,2496.524006,37231.900702,12964.939,30063.735,40.53492,2.501971,0.0,0.0,0.0,285.676971,253.41,286.855,368.242,5.428512,0.0,0.0,0.0,1025.018512,423.335,1034.82,1401.488,2.6784,3.4254,2496.524006,0.0,19.978,21.391,19.978,22.044
1500.0,2024-08-20,48246.539,3300.249292,3300.249292,1635.779319,43310.510389,15638.381,32608.158,41.71592,2.388874,0.0,0.0,0.0,288.065845,252.143,288.239,362.248,4.525718,0.0,0.0,0.0,1029.54423,416.411,1047.065,1394.938,2.6784,2.2444,1635.779319,0.0,20.412,21.484,20.412,22.858
1500.0,2024-08-21,47772.037,3300.249292,3300.249292,10559.838938,33911.94877,14177.425,33594.612,33.492579,2.377296,6.955141,7999.761217,0.0,283.488,251.14,283.488,356.529,5.519318,0.0,0.0,0.0,1035.063549,406.599,1046.684,1396.55,2.5056,3.5126,2560.07772,0.0,19.405,21.463,19.405,22.356
1500.0,2024-08-22,41992.676,3300.249292,3300.249292,14858.333039,23834.093669,10422.099,31570.577,28.237858,3.324499,8.067499,9279.189175,0.0,278.745,250.498,278.745,352.794,8.015414,5.848963,4262.882302,0.0,1037.23,400.077,1037.23,1392.935,2.16,1.806,1316.261562,0.0,19.759,21.475,19.759,22.068
1500.0,2024-08-23,32924.219,3300.249292,3300.249292,29623.969708,0.0,8350.261,24573.958,9.121706,10.714378,10.045037,11553.741057,0.0,279.414341,251.798,273.121,349.047,15.449702,16.234577,11832.198358,0.0,1036.445125,408.873,1031.171,1401.595,8.208,8.559,6238.030293,0.0,19.408,22.812,19.408,21.932
1500.0,2024-08-24,29532.567,3300.249292,3300.249292,19660.389453,6571.928255,9109.092,20423.475,22.792413,8.80969,10.045037,11553.741057,0.0,278.178994,257.963,268.354,344.419,9.018346,4.491471,3273.505028,0.0,1040.972,426.995,1040.972,1402.379,6.9984,6.6314,4833.143368,0.0,19.775,24.369,19.775,21.739
1500.0,2024-08-25,31112.192,3300.249292,3300.249292,17961.442276,9850.500432,7406.545,23705.647,25.123483,6.290006,10.045037,11553.741057,0.0,274.423963,259.474,263.963,344.57,10.094458,0.0,0.0,0.0,1051.066458,441.536,1052.465,1399.886,9.2448,8.7918,6407.701219,0.0,20.228,26.273,20.228,21.716
1500.0,2024-08-26,38042.365,3300.249292,3300.249292,20088.885956,14653.229751,11441.212,26601.153,22.204486,7.559222,10.045037,11553.741057,0.0,271.938149,261.319,261.319,341.863,10.255939,2.653397,1933.86723,0.0,1058.669,457.433,1058.669,1396.805,9.1584,9.0574,6601.27767,0.0,20.329,32.605,20.329,22.31
1500.0,2024-08-27,32505.478,3300.249292,3300.249292,29205.228708,0.0,12177.615,20327.863,9.696247,5.99927,10.045037,11553.741057,0.0,267.892382,262.088,262.088,338.201,8.968579,17.242636,12566.898968,0.0,1050.394943,470.974,1041.811,1395.777,6.9984,6.9764,5084.588683,0.0,20.351,30.471,20.351,22.134
1500.0,2024-08-28,28990.792,3300.249292,3300.249292,25690.542708,0.0,13178.078,15812.714,8.711156,6.237734,0.0,0.0,0.0,274.130117,263.488,263.488,335.455,10.185869,27.964764,20381.475309,0.0,1032.616047,484.391,1010.201,1394.524,6.9984,7.2844,5309.067399,0.0,20.065,27.797,20.065,22.11
1500.0,2024-08-29,27494.988,3300.249292,3300.249292,24194.738708,0.0,12751.901,14743.087,16.570978,7.36465,10.045037,11553.741057,0.0,271.44973,266.458,266.458,331.221,11.325226,5.069105,3694.50046,0.0,1038.872168,497.644,993.58,1397.75,12.3552,12.2752,8946.49719,0.0,20.145,26.238,20.145,22.276
1500.0,2024-08-30,25567.369,3300.249292,3300.249292,22267.119708,0.0,13799.899,11767.47,13.408324,9.186998,0.0,0.0,0.0,280.636728,271.953,266.187,324.555,9.9468,20.601796,15015.145293,0.0,1028.217172,514.216,986.644,1399.492,9.7632,9.9502,7251.974415,0.0,19.958,24.741,19.958,22.632
1500.0,2024-08-31,27390.962,3300.249292,3300.249292,24090.712708,0.0,15851.079,11539.883,16.713709,10.110874,10.045037,11553.741057,0.0,280.702565,278.977,261.988,318.078,14.964739,1.866774,1360.555371,0.0,1041.315137,528.306,970.668,1394.267,15.2928,15.3348,11176.41628,0.0,19.916,19.916,19.916,22.26
1500.0,2024-09-01,27121.615,4117.418734,4117.418734,23004.196266,0.0,16368.525,10753.09,18.116268,18.229622,9.892452,11378.239493,0.0,289.039735,294.165,258.097,317.629,20.472048,0.0,0.0,0.0,1061.787185,546.305,948.428,1375.586,16.7616,15.9516,11625.956773,0.0,20.726,21.004,20.726,22.325
1500.0,2024-09-02,28674.207,4117.418734,4117.418734,24556.788266,0.0,17823.583,10850.624,13.162613,19.81895,5.008907,5761.214528,0.0,303.849778,311.797,256.318,313.257,21.714826,0.0,0.0,0.0,1083.502011,569.464,924.569,1359.068,26.0928,25.7888,18795.573738,0.0,21.03,27.372,21.03,22.177
1500.0,2024-09-03,29638.371,4117.418734,4117.418734,25520.952266,0.0,19539.651,10098.72,11.378963,22.596192,4.211957,4844.567572,0.0,322.234013,330.838,257.575,313.489,23.40239,0.0,0.0,0.0,1106.904401,593.331,903.761,1336.317,28.1664,28.3694,20676.384694,0.0,20.827,37.601,20.827,22.492
1500.0,2024-09-04,32716.57,4117.418734,4117.418734,28599.151266,0.0,22163.267,10553.303,10.527826,19.763827,10.045037,11553.741057,0.0,331.952804,350.758,256.004,309.721,20.564064,23.387457,17045.410209,0.0,1104.081008,620.897,881.607,1319.213,16.3296,0.0,0.0,0.0,37.1566,44.579,20.172,22.295
1500.0,2024-09-05,35459.486,4117.418734,4117.418734,31342.067266,0.0,23049.782,12409.704,6.76436,11.877581,10.045037,11553.741057,0.0,333.785348,359.097,252.639,306.294,16.998336,0.0,0.0,0.0,1121.079344,645.662,864.877,1300.414,10.8,27.150924,19788.326209,0.0,20.805676,41.099,19.21,22.148
1500.0,2024-09-06,31102.088,4117.418734,4117.418734,26984.669266,0.0,20981.051,10121.037,12.743005,9.19512,10.045037,11553.741057,0.0,332.935431,364.182,250.151,302.545,13.977792,21.172278,15430.928209,0.0,1113.884857,665.707,856.065,1288.45,7.6896,0.0,0.0,0.0,28.495276,33.572,21.068,22.406
1500.0,2024-09-07,25724.094,4117.418734,4117.418734,21606.675266,0.0,15585.308,10138.786,20.121977,9.639475,10.045037,11553.741057,0.0,332.529869,372.167,248.071,305.893,15.878592,0.0,0.0,0.0,1129.763449,681.709,842.003,1275.836,17.8848,13.793307,10052.934209,0.0,32.58677,27.614,19.868,22.585
1500.0,2024-09-08,24048.568,4117.418734,4117.418734,19931.149266,0.0,14749.568,9299.0,22.420912,12.539318,10.045037,11553.741057,0.0,335.024151,383.277,245.308,301.864,16.154381,11.494371,8377.408209,0.0,1134.423459,698.357,828.46,1257.1,13.824,0.0,0.0,0.0,46.41077,30.672,20.182,22.208
1500.0,2024-09-09,27031.957,4117.418734,4117.418734,22914.538266,0.0,17128.44,9903.517,12.520022,10.600243,0.0,0.0,0.0,345.624394,392.324,243.147,299.523,14.607907,0.0,0.0,0.0,1149.031366,717.438,817.757,1236.225,12.6144,31.440298,22914.538266,0.0,27.584872,26.785,20.095,21.94
1500.0,2024-09-10,25178.11,4117.418734,4117.418734,21060.691266,0.0,15211.801,9966.309,20.871104,10.372752,10.045037,11553.741057,0.0,345.952109,397.938,236.657,299.288,15.864768,13.044179,9506.950209,0.0,1151.851954,738.008,807.941,1214.573,12.528,0.0,0.0,0.0,40.112872,26.785,20.292,22.628
1500.0,2024-09-11,28233.782,4117.418734,4117.418734,24116.363266,0.0,16038.479,12195.303,16.678515,8.836733,10.045037,11553.741057,0.0,344.743805,402.311,240.125,297.794,13.09055,17.236768,12562.622209,0.0,1147.705736,756.373,794.897,1194.37,9.1584,0.0,0.0,0.0,49.271272,26.297,20.179,22.556
1500.0,2024-09-12,25146.469,4117.418734,4117.418734,21029.050266,0.0,13651.159,11495.31,20.914517,6.973517,10.045037,11553.741057,0.0,341.672285,404.269,237.205,296.484,9.023357,0.0,0.0,0.0,1156.729093,772.53,788.95,1209.246,7.5168,13.000766,9475.309209,0.0,43.787306,25.112,20.103,22.18
1500.0,2024-09-13,25063.775,4117.418734,4117.418734,20946.356266,0.0,13688.56,11375.215,21.027979,9.950947,10.045037,11553.741057,0.0,341.578196,406.308,235.926,295.076,17.049744,0.0,0.0,0.0,1173.778837,791.441,782.56,1227.359,13.6512,12.887304,9392.615209,0.0,44.551202,26.089,20.747,23.082
1500.0,2024-09-14,24206.688,4117.418734,4117.418734,20089.269266,0.0,14007.517,10199.171,22.20396,8.94456,10.045037,11553.741057,0.0,340.477719,409.039,235.281,300.054,11.223446,11.711323,8535.528209,0.0,1173.290961,812.55,771.646,1211.153,8.8992,0.0,0.0,0.0,53.450402,26.669,21.164,23.306
1500.0,2024-09-15,23107.605,4117.418734,4117.418734,18990.186266,0.0,13350.543,9757.062,23.711977,7.554643,10.045037,11553.741057,0.0,337.987325,410.825,235.469,300.09,10.087027,0.0,0.0,0.0,1183.377988,829.578,759.682,1186.359,8.1216,10.203306,7436.445209,0.0,51.368695,25.423,20.661,22.516
1500.0,2024-09-16,28185.302,4117.418734,4117.418734,24067.883266,0.0,15861.309,12323.993,16.745033,7.040131,10.045037,11553.741057,0.0,334.98242,411.866,238.699,297.924,7.836566,0.0,0.0,0.0,1191.214555,845.723,750.7,1162.947,6.6528,17.170251,12514.142209,0.0,40.851245,23.635,20.723,22.921
1500.0,2024-09-17,32092.235,4117.418734,4117.418734,27974.816266,0.0,18573.575,13518.66,5.576978,7.846502,0.0,0.0,0.0,342.828922,412.429,240.945,294.082,10.8432,38.383342,27974.816266,0.0,1163.674412,855.295,749.963,1143.851,6.9984,0.0,0.0,0.0,47.849645,21.981,21.007,22.968
1500.0,2024-09-18,31982.24,4117.418734,4117.418734,27864.821266,0.0,17576.884,14405.356,11.535377,5.79744,10.045037,11553.741057,0.0,338.581325,410.025,244.31,292.373,8.21016,22.379907,16311.080209,0.0,1149.504666,862.543,740.232,1164.315,6.048,0.0,0.0,0.0,53.897645,21.279,20.653,22.516
1500.0,2024-09-19,20389.268,4117.418734,4117.418734,16271.849266,0.0,10401.561,9987.707,21.634241,6.145459,0.0,0.0,0.0,344.726785,409.016,247.445,296.19,8.885462,0.0,0.0,0.0,1158.390128,875.317,733.975,1178.246,6.7392,22.326079,16271.849266,0.0,38.310765,21.468,20.14,21.866
1500.0,2024-09-20,19594.117,4117.418734,4117.418734,15476.698266,0.0,10223.082,9371.035,28.53272,5.868115,10.045037,11553.741057,0.0,340.549863,407.991,250.438,295.049,6.844522,5.382563,3922.957209,0.0,1159.852087,888.473,730.773,1156.738,7.2576,0.0,0.0,0.0,45.568365,22.841,20.364,21.857
1500.0,2024-09-21,17749.223,4117.418734,4117.418734,13631.804266,0.0,8174.089,9575.134,31.06404,5.338915,10.045037,11553.741057,0.0,335.843741,408.609,248.295,293.819,7.370266,2.851243,2078.063209,0.0,1164.371109,900.245,732.748,1170.861,5.2704,0.0,0.0,0.0,50.838765,24.845,20.544,22.42
1500.0,2024-09-22,15129.568,4117.418734,4117.418734,11012.149266,0.0,7341.814,7787.754,28.850905,5.89585,0.0,0.0,0.0,341.739591,413.235,254.971,292.5,8.757072,0.0,0.0,0.0,1173.128181,910.656,729.904,1185.219,7.344,15.109415,11012.149266,0.0,43.073351,23.491,20.602,23.491
1500.0,2024-09-23,20689.079,4117.418734,4117.418734,16571.660266,0.0,11020.372,9668.707,21.22288,6.204557,0.0,0.0,0.0,347.944148,417.894,260.578,291.457,8.159011,22.73744,16571.660266,0.0,1158.549752,918.657,721.633,1200.208,6.8256,0.0,0.0,0.0,49.898951,24.06,20.257,22.953
1500.0,2024-09-24,21589.627,4117.418734,4117.418734,17472.208266,0.0,11336.431,10253.196,19.987267,6.30193,0.0,0.0,0.0,354.246077,420.42,257.823,290.388,7.197725,23.973053,17472.208266,0.0,1141.774424,929.445,721.619,1196.193,7.4304,0.0,0.0,0.0,57.329351,23.285,20.977,22.484
1500.0,2024-09-25,28833.817,4117.418734,4117.418734,24716.398266,0.0,16286.613,12547.204,10.047748,5.910365,0.0,0.0,0.0,360.156442,421.201,262.946,297.339,8.212147,0.0,0.0,0.0,1149.986571,939.038,724.03,1189.808,6.2208,33.912572,24716.398266,0.0,29.637579,21.22,21.131,23.08
1500.0,2024-09-26,21392.865,4117.418734,4117.418734,17275.446266,0.0,12567.461,8825.404,26.064716,6.701011,10.045037,11553.741057,0.0,356.812417,421.345,262.6,314.072,11.371709,7.850567,5721.705209,0.0,1153.507713,950.087,706.456,1203.095,11.5776,0.0,0.0,0.0,41.215179,19.735,21.262,23.318
1500.0,2024-09-27,29217.24,4117.418734,4117.418734,25099.821266,0.0,17110.085,12107.155,15.329144,11.320906,10.045037,11553.741057,0.0,358.088285,424.749,262.219,312.127,12.31079,18.586139,13546.080209,0.0,1147.232364,965.552,704.828,1197.306,12.96,0.0,0.0,0.0,54.175179,26.086,21.325,23.397
1500.0,2024-09-28,21958.735,4117.418734,4117.418734,17841.316266,0.0,11140.661,10818.074,19.480826,8.150976,0.0,0.0,0.0,366.239261,426.854,261.414,320.846,10.151827,0.0,0.0,0.0,1157.384191,980.887,699.391,1179.141,8.0352,24.479494,17841.316266,0.0,37.730885,25.841,20.793,23.193
1500.0,2024-09-29,20632.378,4117.418734,4117.418734,16514.959266,0.0,10794.214,9838.164,27.108156,7.68528,10.045037,11553.741057,0.0,363.879505,428.19,259.582,318.831,8.630842,6.807127,4961.218209,0.0,1159.207905,996.703,687.193,1163.403,6.5664,0.0,0.0,0.0,44.297285,23.984,20.494,23.602
1500.0,2024-09-30,32117.332,4117.418734,4117.418734,27999.913266,0.0,19779.442,12337.89,11.350021,6.052752,10.045037,11553.741057,0.0,359.88722,234.619,72.826,128.817,8.71871,22.565262,16446.172209,0.0,1145.361354,1011.737,677.537,1152.86,5.8752,0.0,0.0,0.0,50.172485,21.735,20.753,23.6
1500.0,2024-10-01,23889.776,4750.89931,4750.89931,19138.87669,0.0,15251.665,8638.111,23.507963,6.066662,10.045037,11553.741057,0.0,355.908845,230.837,72.068,129.658,7.89575,10.40732,7585.135633,0.0,1142.849784,1023.231,681.833,1144.653,5.4432,0.0,0.0,0.0,55.615685,19.949,20.773,22.985
1500.0,2024-10-02,24084.697,4750.89931,4750.89931,19333.79769,0.0,14680.904,9403.793,23.240519,8.331984,10.045037,11553.741057,0.0,354.195793,226.56,73.547,126.954,13.803178,0.0,0.0,0.0,1156.652962,1036.5,688.848,1133.733,10.4544,10.674765,7780.056633,0.0,55.39532,19.884,21.141,22.681
1500.0,2024-10-03,27565.323,4750.89931,4750.89931,22814.42369,0.0,18552.244,9013.079,18.464864,16.324157,10.045037,11553.741057,0.0,360.474913,230.112,69.61,132.138,15.320362,0.0,0.0,0.0,1171.973323,1058.808,692.182,1120.963,13.392,15.450419,11260.682633,0.0,53.336901,24.609,21.144,23.422
1500.0,2024-10-04,30337.835,4750.89931,4750.89931,25586.93569,0.0,21473.94,8863.895,14.66079,14.374454,10.045037,11553.741057,0.0,364.80433,235.263,71.941,135.676,15.445123,0.0,0.0,0.0,1187.418447,1079.751,701.88,1104.957,12.528,19.254493,14033.194633,0.0,46.610408,26.007,21.448,23.728
1500.0,2024-10-05,21477.775,4750.89931,4750.89931,16726.87569,0.0,12688.125,8789.65,26.817392,11.162016,10.045037,11553.741057,0.0,365.921309,238.932,74.379,142.832,11.560838,7.097891,5173.134633,0.0,1191.881394,1098.378,717.046,1098.378,12.096,0.0,0.0,0.0,58.706408,31.798,21.619,23.388
1500.0,2024-10-06,18643.975,4750.89931,4750.89931,13893.07569,0.0,10583.464,8060.511,30.705558,9.36023,10.045037,11553.741057,0.0,365.236503,241.649,80.7,145.332,10.70401,0.0,0.0,0.0,1202.585404,1116.791,708.348,1116.791,9.6768,3.209726,2339.334633,0.0,65.173482,40.583,21.783,23.747
1500.0,2024-10-07,21465.25,4750.89931,4750.89931,16714.35069,0.0,11909.455,9555.795,26.834577,7.890221,10.045037,11553.741057,0.0,363.081687,245.859,79.733,156.25,9.968486,0.0,0.0,0.0,1212.55389,1130.566,689.606,1130.566,8.3808,7.080706,5160.609633,0.0,66.473576,45.033,21.033,23.587
1500.0,2024-10-08,20385.123,4750.89931,4750.89931,15634.22369,0.0,11456.432,8928.691,28.316585,10.607069,10.045037,11553.741057,0.0,363.643719,253.516,79.14,166.787,16.398547,0.0,0.0,0.0,1228.952437,1142.445,667.541,1142.445,12.096,5.598699,4080.482633,0.0,72.970878,46.109,21.318,24.187
1500.0,2024-10-09,22867.187,4750.89931,4750.89931,18116.28769,0.0,13633.313,9233.874,24.911025,8.767094,10.045037,11553.741057,0.0,362.365777,263.452,81.604,163.936,8.660563,0.0,0.0,0.0,1237.613,1154.678,665.251,1136.465,9.504,9.004258,6562.546633,0.0,73.470619,46.836,21.242,23.719
1500.0,2024-10-10,29166.53,4750.89931,4750.89931,24415.63069,0.0,19848.717,9317.813,16.2679,8.14199,10.045037,11553.741057,0.0,360.46273,268.861,80.697,159.89,9.11615,0.0,0.0,0.0,1246.729151,1165.549,663.326,1128.198,7.4304,17.647384,12861.889633,0.0,63.253636,42.885,20.571,23.569
1500.0,2024-10-11,25367.219,4750.89931,4750.89931,20616.31969,0.0,16440.377,8926.842,21.480812,6.457018,10.045037,11553.741057,0.0,356.874711,272.073,82.371,161.591,8.602589,0.0,0.0,0.0,1255.33174,1174.655,645.87,1119.599,6.48,12.434472,9062.578633,0.0,57.299164,39.36,20.998,23.508
1500.0,2024-10-12,16664.067,4750.89931,4750.89931,11913.16769,0.0,8851.249,7812.818,33.422126,6.00912,10.045037,11553.741057,0.0,352.838794,278.345,84.183,170.673,8.479901,0.493158,359.426633,0.0,1263.318483,1180.915,631.089,1109.738,6.1344,0.0,0.0,0.0,63.433564,36.265,21.556,24.59
1500.0,2024-10-13,17918.113,4750.89931,4750.89931,13167.21369,0.0,8678.438,9239.675,31.701489,6.101568,10.045037,11553.741057,0.0,348.895325,284.378,82.919,174.984,6.511622,2.213794,1613.472633,0.0,1267.616311,1187.431,622.402,1100.041,5.8752,0.0,0.0,0.0,69.308764,37.059,21.328,24.895
1500.0,2024-10-14,27108.909,4750.89931,4750.89931,22358.00969,0.0,15427.749,11681.16,19.091095,6.123168,10.045037,11553.741057,0.0,344.973457,289.804,82.296,179.054,6.95425,0.0,0.0,0.0,1274.570561,1192.98,635.212,1095.161,4.752,14.824188,10804.268633,0.0,59.236576,33.027,21.549,23.58
1500.0,2024-10-15,27394.495,4750.89931,4750.89931,22643.59569,0.0,17203.212,10191.283,18.699252,4.937328,10.045037,11553.741057,0.0,339.865748,291.275,84.035,181.305,6.261235,15.216032,11089.854633,0.0,1265.615765,1195.379,667.376,1092.034,4.6656,0.0,0.0,0.0,63.902176,27.75,21.519,23.825
1500.0,2024-10-16,31772.554,4750.89931,4750.89931,27021.65469,0.0,21593.23,10179.324,12.692258,4.866739,10.045037,11553.741057,0.0,334.68745,291.501,82.824,184.465,5.968858,21.223025,15467.913633,0.0,1250.361597,1194.945,693.127,1091.139,4.5792,0.0,0.0,0.0,68.481376,25.44,22.105,23.115
1500.0,2024-10-17,34249.355,4750.89931,4750.89931,29498.45569,0.0,23320.843,10928.512,9.29392,4.630176,10.045037,11553.741057,0.0,329.272589,291.123,80.861,187.773,5.722963,0.0,0.0,0.0,1256.08456,1187.525,711.527,1082.616,4.4928,24.621364,17944.714633,0.0,48.352812,23.176,21.408,23.282
1500.0,2024-10-18,31787.554,4750.89931,4750.89931,27036.65469,0.0,22068.678,9718.876,12.671677,5.008435,10.045037,11553.741057,0.0,324.235988,289.742,84.564,184.547,5.480957,21.243606,15482.913633,0.0,1240.321911,1181.009,721.303,1075.488,4.5792,0.0,0.0,0.0,52.932012,22.011,21.742,23.138
1500.0,2024-10-19,25593.352,4750.89931,4750.89931,20842.45269,0.0,15361.016,10232.336,21.170542,4.410806,10.045037,11553.741057,0.0,318.601757,284.51,94.439,181.502,5.807462,12.744741,9288.711633,0.0,1233.384632,1182.915,722.128,1079.852,4.9248,0.0,0.0,0.0,57.856812,22.227,21.141,23.44
1500.0,2024-10-20,23952.296,4750.89931,4750.89931,19201.39669,0.0,13309.534,10642.762,23.422182,4.513363,10.045037,11553.741057,0.0,313.070084,278.625,91.994,185.19,5.738429,10.493101,7647.655633,0.0,1228.62996,1190.62,721.763,1084.945,5.4432,0.0,0.0,0.0,63.300012,22.02,21.247,23.257
1500.0,2024-10-21,30775.727,4750.89931,4750.89931,26024.82769,0.0,20075.129,10700.598,14.059972,4.947955,10.045037,11553.741057,0.0,307.973002,272.922,94.098,184.933,6.608909,0.0,0.0,0.0,1235.238868,1198.437,722.249,1108.914,5.184,19.855311,14471.086633,0.0,48.628701,21.192,21.735,22.766
1500.0,2024-10-22,35619.075,4750.89931,4750.89931,30868.17569,0.0,24216.562,11402.513,7.414571,4.8168,10.045037,11553.741057,0.0,302.744765,267.402,99.882,189.34,5.647622,26.500712,19314.434633,0.0,1214.385778,1201.959,729.038,1136.715,5.5296,0.0,0.0,0.0,54.158301,19.611,21.896,23.31
1500.0,2024-10-23,30417.201,4750.89931,4750.89931,25666.30169,0.0,21083.987,9333.214,14.551894,6.324221,10.045037,11553.741057,0.0,299.023949,262.417,108.155,201.376,8.665574,0.0,0.0,0.0,1223.051353,1208.693,726.162,1131.779,8.208,19.363389,14112.560633,0.0,43.002912,13.108,21.354,23.181
1500.0,2024-10-24,26196.85,4750.89931,4750.89931,21445.95069,0.0,17903.114,8293.736,20.342502,9.130406,10.045037,11553.741057,0.0,298.109319,260.875,119.56,198.656,18.245866,0.0,0.0,0.0,1241.297218,1226.399,717.585,1127.806,30.4128,13.572782,9892.209633,0.0,59.842931,12.315,21.609,23.759
1500.0,2024-10-25,25252.282,4750.89931,4750.89931,20501.38269,0.0,17552.724,7699.558,15.831035,30.764016,0.0,0.0,0.0,328.873335,276.205,121.687,196.006,29.976912,0.0,0.0,0.0,1271.27413,1257.044,706.717,1127.867,40.5216,28.129285,20501.38269,0.0,72.235245,41.876,21.667,23.962
1500.0,2024-10-26,25233.479,4750.89931,4750.89931,20482.57969,0.0,17225.654,8007.825,15.856834,32.01889,0.0,0.0,0.0,360.892225,305.536,124.569,194.008,45.998842,0.0,0.0,0.0,1317.272972,1302.822,693.41,1121.13,25.6608,28.103486,20482.57969,0.0,69.792559,55.087,21.854,24.195
1500.0,2024-10-27,27560.412,4750.89931,4750.89931,22809.51269,0.0,20463.483,7096.929,18.471602,16.960838,10.045037,11553.741057,0.0,367.808026,328.094,127.39,191.543,25.218432,0.0,0.0,0.0,1342.491404,1336.896,684.102,1109.093,13.824,15.443681,11255.771633,0.0,68.172878,57.108,21.472,23.913
1500.0,2024-10-28,29393.438,4750.89931,4750.89931,24642.53869,0.0,20311.618,9081.82,15.956566,13.637376,10.045037,11553.741057,0.0,371.400365,342.854,129.819,189.156,20.001341,0.0,0.0,0.0,1362.492745,1359.526,679.664,1106.551,11.4912,17.958717,13088.797633,0.0,61.705361,52.981,21.646,23.675
1500.0,2024-10-29,30721.589,4750.89931,4750.89931,25970.68969,0.0,19578.292,11143.297,14.134253,12.73847,10.045037,11553.741057,0.0,374.093799,355.257,132.32,189.088,17.033069,19.78103,14416.948633,0.0,1359.744784,1378.79,670.267,1117.092,10.2816,0.0,0.0,0.0,71.986961,47.294,21.575,24.455
1500.0,2024-10-30,32550.948,4750.89931,4750.89931,27800.04869,0.0,21150.915,11400.033,11.624249,11.794118,10.045037,11553.741057,0.0,375.842881,362.916,140.032,195.566,13.951354,0.0,0.0,0.0,1373.696137,1397.611,658.208,1121.825,9.3312,22.291034,16246.307633,0.0,59.027127,43.451,21.976,23.932
1500.0,2024-10-31,25583.282,4750.89931,4750.89931,20832.38269,0.0,17696.093,7887.189,21.184359,12.394253,10.045037,11553.741057,0.0,378.192097,367.754,145.366,203.458,13.203562,12.730925,9278.641633,0.0,1374.168774,1417.936,678.55,1124.22,10.2816,0.0,0.0,0.0,69.308727,38.417,22.21,23.58
1500.0,2024-11-01,22985.067,5529.936912,5529.936912,17455.130088,0.0,18179.606,4805.461,25.818178,10.637136,10.045037,11553.741057,0.0,378.784196,370.364,149.722,209.875,12.040704,0.0,0.0,0.0,1386.209478,1438.627,712.572,1125.428,12.096,8.097105,5901.389031,0.0,73.307622,40.405,21.817,23.286
1500.0,2024-11-02,15730.719,5529.936912,5529.936912,10200.782088,0.0,11616.647,4114.072,35.091571,11.647152,8.868749,10200.782088,0.0,381.562599,373.917,149.212,209.109,12.455856,0.0,0.0,0.0,1398.665334,1458.221,735.832,1121.187,12.3552,0.0,0.0,0.0,85.662822,44.189,21.456,23.32
1500.0,2024-11-03,18090.911,5529.936912,5529.936912,12560.974088,0.0,14998.598,3092.313,32.533291,9.430906,10.045037,11553.741057,0.0,380.948467,374.22,146.282,206.898,10.534579,0.0,0.0,0.0,1409.199914,1479.424,720.021,1117.39,8.64,1.381992,1007.233031,0.0,92.92083,45.21,21.45,23.517
1500.0,2024-11-04,24327.27,5529.936912,5529.936912,18797.333088,0.0,20594.469,3732.801,18.169106,8.361274,0.0,0.0,0.0,389.309741,372.67,145.456,209.884,11.750314,0.0,0.0,0.0,1420.950227,1499.04,702.72,1116.959,8.0352,25.791214,18797.333088,0.0,75.164816,41.606,21.952,24.244
1500.0,2024-11-05,26820.756,5529.936912,5529.936912,21290.819088,0.0,22169.481,4651.275,20.555353,8.796125,10.045037,11553.741057,0.0,388.060829,370.881,147.087,213.737,9.18432,0.0,0.0,0.0,1430.134547,1517.998,689.628,1117.63,9.936,13.35993,9737.078031,0.0,71.740885,36.107,21.444,24.582
1500.0,2024-11-06,33230.936,5529.936912,5529.936912,27700.999088,0.0,25874.211,7356.725,11.760152,10.202026,10.045037,11553.741057,0.0,388.217818,369.986,148.092,222.219,10.875946,22.155132,16147.258031,0.0,1418.855361,1536.167,680.753,1115.508,10.4544,0.0,0.0,0.0,82.195285,32.207,21.954,24.863
1500.0,2024-11-07,28991.78,5529.936912,5529.936912,23461.843088,0.0,23746.046,5245.734,17.576561,10.804147,10.045037,11553.741057,0.0,388.976928,369.937,146.919,222.642,12.104035,0.0,0.0,0.0,1430.959396,1552.721,677.471,1120.492,10.5408,16.338722,11908.102031,0.0,76.397363,26.265,21.649,24.382
1500.0,2024-11-08,25118.451,5529.936912,5529.936912,19588.514088,0.0,22349.884,2768.567,22.89103,12.801283,10.045037,11553.741057,0.0,391.733175,370.838,144.915,222.554,17.483645,0.0,0.0,0.0,1448.443041,1574.783,752.565,1124.917,24.0192,11.024253,8034.773031,0.0,89.39231,23.391,21.957,23.436
1500.0,2024-11-09,25653.783,5529.936912,5529.936912,20123.846088,0.0,23410.73,2243.053,16.34904,54.519955,0.0,0.0,0.0,446.25313,393.221,143.937,224.558,55.764461,0.0,0.0,0.0,1504.207502,1621.883,813.16,1129.115,76.896,27.61128,20123.846088,0.0,138.677031,63.211,21.868,23.441
1500.0,2024-11-10,28374.236,5529.936912,5529.936912,22844.299088,0.0,26207.795,2166.441,12.616395,41.230771,0.0,0.0,0.0,487.483901,436.978,148.352,226.007,60.340723,0.0,0.0,0.0,1564.548225,1692.869,836.003,1197.032,30.8448,31.343925,22844.299088,0.0,138.177905,93.738,21.722,23.432
1500.0,2024-11-11,29118.245,5529.936912,5529.936912,23588.308088,0.0,24836.604,4281.641,11.595564,21.30745,0.0,0.0,0.0,508.791351,454.424,150.531,227.772,39.904358,0.0,0.0,0.0,1604.452584,1753.556,833.439,1246.973,18.0576,32.364756,23588.308088,0.0,123.870749,91.83,22.145,23.089
1500.0,2024-11-12,34305.238,5529.936912,5529.936912,28775.301088,0.0,28571.709,5733.529,10.286137,15.640042,10.045037,11553.741057,0.0,514.386355,461.884,153.084,229.827,26.658288,0.0,0.0,0.0,1631.110872,1795.813,832.641,1249.351,13.392,23.629147,17221.560031,0.0,113.633603,83.878,21.503,23.642
1500.0,2024-11-13,33060.841,5529.936912,5529.936912,27530.904088,0.0,28657.739,4403.102,11.993534,13.003373,10.045037,11553.741057,0.0,517.344691,466.055,154.635,231.315,19.92479,0.0,0.0,0.0,1651.035662,1825.549,829.869,1246.317,11.8368,21.92175,15977.163031,0.0,103.548653,75.221,20.842,23.35
1500.0,2024-11-14,30697.327,5529.936912,5529.936912,25167.390088,0.0,25857.674,4839.653,15.236435,13.569984,10.045037,11553.741057,0.0,520.869639,468.67,155.321,232.899,19.447517,0.0,0.0,0.0,1670.483179,1851.288,820.911,1242.366,12.4416,18.678848,13613.649031,0.0,97.311405,67.071,20.489,22.919
1500.0,2024-11-15,27044.65,5529.936912,5529.936912,21514.713088,0.0,23719.553,3325.097,20.248155,22.892803,10.045037,11553.741057,0.0,533.717405,478.204,156.301,260.813,17.531856,0.0,0.0,0.0,1688.015035,1879.415,816.95,1238.181,14.9472,13.667128,9960.972031,0.0,98.591476,62.833,21.435,22.921
1500.0,2024-11-16,21636.162,5529.936912,5529.936912,16106.225088,0.0,19395.878,2240.284,27.668967,19.679155,10.045037,11553.741057,0.0,543.351523,490.469,155.796,263.569,21.70368,0.0,0.0,0.0,1709.718715,1907.557,815.255,1236.557,12.3552,6.246316,4552.484031,0.0,104.70036,58.425,21.102,23.399
1500.0,2024-11-17,21241.112,5529.936912,5529.936912,15711.175088,0.0,19003.941,2237.171,28.211002,14.503018,10.045037,11553.741057,0.0,547.809504,497.051,143.365,271.623,19.922026,0.0,0.0,0.0,1729.64074,1935.743,812.023,1278.261,8.9856,5.704281,4157.434031,0.0,107.981679,51.09,21.229,23.211
1500.0,2024-11-18,28082.538,5529.936912,5529.936912,22552.601088,0.0,25506.346,2576.192,18.824102,11.541226,10.045037,11553.741057,0.0,549.305693,499.737,149.518,272.984,17.894304,0.0,0.0,0.0,1747.535044,1962.708,819.37,1339.805,8.208,15.091181,10998.860031,0.0,101.098498,42.168,21.725,23.595
1500.0,2024-11-19,27991.165,5529.936912,5529.936912,22461.228088,0.0,25310.939,2680.226,18.949472,10.330848,10.045037,11553.741057,0.0,549.591504,501.366,148.379,274.499,15.046387,0.0,0.0,0.0,1762.581432,1984.047,843.409,1351.672,6.7392,14.965811,10907.487031,0.0,92.871887,34.403,21.793,23.859
1500.0,2024-11-20,25738.546,5529.936912,5529.936912,20208.609088,0.0,23012.674,2725.872,22.040218,9.138874,10.045037,11553.741057,0.0,548.685341,502.011,153.622,276.52,14.919552,11.875065,8654.868031,0.0,1765.625919,1999.208,863.682,1344.455,7.9488,0.0,0.0,0.0,100.820687,27.292,21.162,24.601
1500.0,2024-11-21,27711.666,5529.936912,5529.936912,22181.729088,0.0,25239.673,2471.993,19.332964,8.709206,10.045037,11553.741057,0.0,547.349511,500.55,160.323,278.49,10.844237,0.0,0.0,0.0,1776.470155,2009.499,882.386,1348.411,6.9984,14.582319,10627.988031,0.0,93.236768,23.722,21.739,23.722
1500.0,2024-11-22,27422.513,5529.936912,5529.936912,21892.576088,0.0,24882.732,2539.781,19.729701,8.137152,10.045037,11553.741057,0.0,545.441626,498.841,165.427,280.8,11.632896,14.185582,10338.835031,0.0,1773.91747,2016.765,899.124,1339.616,6.5664,0.0,0.0,0.0,99.803168,22.277,21.692,23.877
1500.0,2024-11-23,24901.631,5529.936912,5529.936912,19371.694088,0.0,23035.184,1866.447,23.188522,7.42055,10.045037,11553.741057,0.0,542.817139,496.52,170.081,283.434,9.765101,0.0,0.0,0.0,1783.68257,2018.817,914.085,1335.765,5.9616,10.726761,7817.953031,0.0,95.038007,21.947,22.143,24.8
1500.0,2024-11-24,24763.581,5529.936912,5529.936912,19233.644088,0.0,21718.394,3045.187,23.377936,6.779808,10.045037,11553.741057,0.0,539.551911,493.497,174.775,286.607,8.993203,0.0,0.0,0.0,1792.675774,2018.975,931.893,1342.306,7.2576,10.537347,7679.903031,0.0,91.75826,22.124,21.739,25.065
1500.0,2024-11-25,27594.075,5529.936912,5529.936912,22064.138088,0.0,23975.42,3618.655,19.494307,6.655997,10.045037,11553.741057,0.0,536.162871,489.976,180.595,293.534,9.673517,14.420976,10510.397031,0.0,1787.928314,2025.354,948.281,1357.393,5.7024,0.0,0.0,0.0,97.46066,21.464,21.464,24.759
1500.0,2024-11-26,30410.504,5529.936912,5529.936912,24880.567088,0.0,27327.735,3082.769,15.629975,6.753197,10.045037,11553.741057,0.0,532.871031,486.473,185.041,293.075,9.029837,0.0,0.0,0.0,1796.958151,2029.253,959.647,1348.0,6.9984,18.285308,13326.826031,0.0,86.173752,21.35,21.805,24.132
1500.0,2024-11-27,32095.481,5529.936912,5529.936912,26565.544088,0.0,27224.914,4870.567,13.318073,7.151242,10.045037,11553.741057,0.0,529.977235,484.106,190.266,296.621,10.572077,20.59721,15011.803031,0.0,1786.933017,2026.303,969.067,1373.695,8.3808,0.0,0.0,0.0,94.554552,21.215,21.202,24.087
1500.0,2024-11-28,28387.725,5529.936912,5529.936912,22857.788088,0.0,22735.712,5652.013,18.405365,8.422186,10.045037,11553.741057,0.0,528.354384,484.527,197.751,299.761,11.394605,0.0,0.0,0.0,1798.327622,2025.081,989.919,1417.433,8.7264,15.509918,11304.047031,0.0,87.771034,20.67,22.049,24.595
1500.0,2024-11-29,32112.191,5529.936912,5529.936912,26582.254088,0.0,26926.044,5186.147,13.295146,8.709466,10.045037,11553.741057,0.0,527.018813,483.815,203.056,304.912,13.089254,20.620138,15028.513031,0.0,1790.796739,2028.472,994.438,1420.218,10.7136,0.0,0.0,0.0,98.484634,21.162,21.434,23.446
1500.0,2024-11-30,23966.831,5529.936912,5529.936912,18436.894088,0.0,21928.94,2037.891,24.471131,9.924336,10.045037,11553.741057,0.0,526.898112,482.87,205.475,304.619,14.613178,0.0,0.0,0.0,1805.409916,2036.53,992.956,1424.745,8.9856,9.444152,6883.153031,0.0,98.026082,21.682,21.683,24.063
1500.0,2024-12-01,22512.469,5832.121497,5832.121497,16680.347503,0.0,20647.272,1865.197,26.881232,8.985254,10.045037,11553.741057,0.0,525.83833,482.209,211.207,303.491,16.036531,0.0,0.0,0.0,1821.446448,2050.956,992.36,1428.524,7.8624,7.034051,5126.606446,0.0,98.854431,21.196,21.532,23.769
1500.0,2024-12-02,32136.112,5832.121497,5832.121497,26303.990503,0.0,27407.103,4729.009,13.676942,8.11633,10.045037,11553.741057,0.0,523.909623,480.434,217.807,301.63,13.317437,0.0,0.0,0.0,1834.763884,2060.31,985.878,1427.347,8.2944,20.238341,14750.249446,0.0,86.91049,21.334,21.356,22.875
1500.0,2024-12-03,27478.701,5832.121497,5832.121497,21646.579503,0.0,23446.649,4032.052,20.067225,9.114854,10.045037,11553.741057,0.0,522.97944,478.691,224.308,305.534,14.995584,13.848058,10092.838446,0.0,1835.911411,2065.426,994.792,1443.599,10.368,0.0,0.0,0.0,97.27849,21.951,21.062,23.45
1500.0,2024-12-04,29341.881,5832.121497,5832.121497,23509.759503,0.0,25301.145,4040.736,17.510816,11.659162,10.045037,11553.741057,0.0,524.593565,478.262,230.084,309.689,18.612202,0.0,0.0,0.0,1854.523612,2076.715,1004.094,1460.74,13.2192,16.404467,11956.018446,0.0,94.093223,26.653,21.184,23.838
1500.0,2024-12-05,27345.714,5832.121497,5832.121497,21513.592503,0.0,23853.166,3492.548,20.249693,15.448838,10.045037,11553.741057,0.0,529.997367,481.717,234.797,314.728,26.872301,0.0,0.0,0.0,1881.395913,2097.38,1001.871,1475.837,17.8848,13.665591,9959.851446,0.0,98.312432,31.877,20.938,23.02
1500.0,2024-12-06,34120.251,5832.121497,5832.121497,28288.129503,0.0,29881.587,4238.664,10.954569,13.425955,10.045037,11553.741057,0.0,533.378285,485.936,236.685,322.982,30.343162,22.960714,16734.388446,0.0,1888.77836,2125.438,1016.805,1491.099,9.5904,0.0,0.0,0.0,107.902832,29.399,20.863,23.207
1500.0,2024-12-07,25330.897,5832.121497,5832.121497,19498.775503,0.0,22837.534,2493.363,23.014158,10.461139,10.045037,11553.741057,0.0,533.794387,487.575,240.021,325.611,26.123386,0.0,0.0,0.0,1914.901746,2152.747,1025.437,1500.131,7.9488,10.901125,7945.034446,0.0,104.950507,22.76,21.436,23.507
1500.0,2024-12-08,22172.115,5832.121497,5832.121497,16339.993503,0.0,19848.325,2323.79,27.348221,12.265603,10.045037,11553.741057,0.0,536.014954,488.51,244.192,328.233,24.33145,0.0,0.0,0.0,1939.233196,2178.589,1029.486,1497.164,10.7136,6.567062,4786.252446,0.0,109.097044,20.169,21.239,23.877
1500.0,2024-12-09,28018.556,5832.121497,5832.121497,22186.434503,0.0,24748.639,3269.917,19.326508,16.416432,10.045037,11553.741057,0.0,542.386349,491.961,249.211,331.225,25.108272,0.0,0.0,0.0,1964.341468,2200.738,1037.851,1497.293,14.6016,14.588775,10632.693446,0.0,109.109869,24.609,21.632,24.458
1500.0,2024-12-10,34374.098,5832.121497,5832.121497,28541.976503,0.0,31284.291,3089.807,10.606274,13.013914,10.045037,11553.741057,0.0,545.355226,496.507,252.12,328.392,22.898938,0.0,0.0,0.0,1987.240405,2214.883,1050.148,1504.538,9.072,23.309009,16988.235446,0.0,94.872859,25.215,21.49,24.52
1500.0,2024-12-11,35203.661,5832.121497,5832.121497,29371.539503,0.0,30903.657,4300.004,9.468057,9.863078,10.045037,11553.741057,0.0,545.173267,497.064,252.907,325.87,17.215373,24.447226,17817.798446,0.0,1980.008552,2222.208,1064.655,1512.917,6.9984,0.0,0.0,0.0,101.871259,21.869,21.725,24.671
1500.0,2024-12-12,38048.593,5832.121497,5832.121497,32216.471503,0.0,30977.431,7071.162,5.564618,7.799674,10.045037,11553.741057,0.0,542.927904,495.124,253.95,328.157,15.566429,28.350665,20662.730446,0.0,1967.224315,2223.173,1076.622,1515.3,7.9488,0.0,0.0,0.0,109.820059,19.696,21.686,24.08
1500.0,2024-12-13,31062.428,5832.121497,5832.121497,25230.306503,0.0,27880.339,3182.089,15.150109,7.013779,10.045037,11553.741057,0.0,539.896647,491.666,253.96,346.315,14.817946,0.0,0.0,0.0,1982.042261,2224.538,1092.192,1528.89,9.504,18.765174,13676.565446,0.0,100.558885,22.331,22.096,24.55
1500.0,2024-12-14,23977.947,5832.121497,5832.121497,18145.825503,0.0,22085.616,1892.331,24.870497,12.074573,10.045037,11553.741057,0.0,541.926183,490.149,257.407,358.189,24.537427,0.0,0.0,0.0,2006.579688,2242.16,1103.972,1538.038,27.0432,9.044786,6592.084446,0.0,118.557299,26.518,22.102,25.964
1500.0,2024-12-15,26924.154,5832.121497,5832.121497,21092.032503,0.0,24984.529,1939.625,15.020623,18.596995,0.0,0.0,0.0,560.523178,496.017,259.527,359.915,31.278528,0.0,0.0,0.0,2037.858216,2270.859,1125.112,1543.113,19.872,28.939697,21092.032503,0.0,109.489602,41.666,22.569,25.731
1500.0,2024-12-16,32871.882,5832.121497,5832.121497,27039.760503,0.0,28755.763,4116.119,12.667416,14.71919,10.045037,11553.741057,0.0,565.197331,501.585,259.483,360.384,33.352387,0.0,0.0,0.0,2071.210603,2300.424,1150.213,1550.19,12.2688,21.247867,15486.019446,0.0,100.510535,40.393,21.541,24.962
1500.0,2024-12-17,25032.251,5832.121497,5832.121497,19200.129503,0.0,23100.283,1931.968,23.42392,10.767773,10.045037,11553.741057,0.0,565.920067,503.565,258.053,361.299,24.071126,10.491363,7646.388446,0.0,2084.790367,2329.046,1172.131,1562.901,9.7632,0.0,0.0,0.0,110.273735,36.369,21.622,25.004
1500.0,2024-12-18,24319.525,5832.121497,5832.121497,18487.403503,0.0,22418.186,1901.339,24.401829,9.089971,10.045037,11553.741057,0.0,564.965002,502.663,256.311,361.796,19.481472,9.513454,6933.662446,0.0,2094.758384,2353.799,1187.329,1584.871,7.9488,0.0,0.0,0.0,118.222535,32.619,21.735,24.586
1500.0,2024-12-19,23924.126,5832.121497,5832.121497,18092.004503,0.0,22380.795,1543.331,24.944343,7.718112,10.045037,11553.741057,0.0,562.638077,499.987,253.405,369.819,15.19465,0.0,0.0,0.0,2109.953034,2370.071,1193.165,1603.84,7.2576,8.97094,6538.263446,0.0,116.509195,28.477,21.704,27.275
1500.0,2024-12-20,25658.151,5832.121497,5832.121497,19826.029503,0.0,23029.269,2628.882,22.565143,7.899034,10.045037,11553.741057,0.0,560.492074,496.963,251.667,367.801,16.586467,0.0,0.0,0.0,2126.539501,2383.135,1215.395,1634.844,7.2576,11.35014,8272.288446,0.0,112.416655,25.552,22.583,25.511
1500.0,2024-12-21,19271.072,5832.121497,5832.121497,13438.950503,0.0,17016.165,2254.907,31.328648,8.388317,10.045037,11553.741057,0.0,558.835354,494.992,253.829,366.552,15.604531,2.586635,1885.209446,0.0,2139.557397,2397.337,1233.894,1652.647,8.208,0.0,0.0,0.0,120.624655,25.147,22.563,25.811
1500.0,2024-12-22,21449.084,5832.121497,5832.121497,15616.962503,0.0,19412.908,2036.176,28.340268,7.617283,10.045037,11553.741057,0.0,556.4076,492.543,257.201,370.213,10.991203,0.0,0.0,0.0,2150.548601,2412.903,1250.365,1646.868,7.1712,5.575015,4063.221446,0.0,122.22084,25.476,22.486,24.093
1500.0,2024-12-23,27644.207,5832.121497,5832.121497,21812.085503,0.0,25621.219,2022.988,19.84014,7.460467,10.045037,11553.741057,0.0,553.823031,489.449,263.856,368.481,8.084621,0.0,0.0,0.0,2158.633221,2416.548,1267.265,1647.991,6.6528,14.075143,10258.344446,0.0,114.798496,25.523,21.835,23.566
1500.0,2024-12-24,30839.536,5832.121497,5832.121497,25007.414503,0.0,28825.254,2014.282,15.455932,6.594826,10.045037,11553.741057,0.0,550.372819,485.659,264.416,367.531,6.901114,18.459351,13453.673446,0.0,2147.074984,2413.682,1285.688,1644.658,6.7392,0.0,0.0,0.0,121.537696,27.175,21.017,23.889
1500.0,2024-12-25,27279.032,5832.121497,5832.121497,21446.910503,0.0,25231.679,2047.353,20.341185,7.768742,10.045037,11553.741057,0.0,548.096525,482.141,263.669,369.731,11.398838,0.0,0.0,0.0,2158.473822,2410.82,1304.778,1665.107,8.208,13.574098,9893.169446,0.0,116.171598,27.031,21.61,23.712
1500.0,2024-12-26,25664.388,5832.121497,5832.121497,19832.266503,0.0,23481.968,2182.42,22.556586,7.754227,10.045037,11553.741057,0.0,545.805715,479.426,264.08,372.432,12.007699,11.358698,8278.525446,0.0,2159.122824,2417.677,1321.499,1676.306,7.5168,0.0,0.0,0.0,123.688398,26.99,21.678,24.223
1500.0,2024-12-27,21933.514,5832.121497,5832.121497,16101.392503,0.0,19865.846,2067.668,27.675597,7.597238,10.045037,11553.741057,0.0,543.357917,479.638,263.753,367.321,8.808739,0.0,0.0,0.0,2167.931563,2426.915,1335.049,1681.456,7.4304,6.239686,4547.651446,0.0,124.879112,25.221,22.023,24.333
1500.0,2024-12-28,24783.796,5832.121497,5832.121497,18951.674503,0.0,22235.853,2547.943,17.957339,7.720618,0.0,0.0,0.0,551.078535,480.647,287.436,366.815,7.863264,0.0,0.0,0.0,2175.794827,2431.227,1342.336,1683.395,7.6032,26.002981,18951.674503,0.0,106.479331,25.278,21.266,24.444
1500.0,2024-12-29,27372.185,5832.121497,5832.121497,21540.063503,0.0,24602.649,2769.536,20.213373,8.190115,10.045037,11553.741057,0.0,549.223613,477.883,293.059,374.325,8.793101,13.701911,9986.322446,0.0,2170.886017,2435.458,1340.584,1682.843,6.912,0.0,0.0,0.0,113.391331,24.306,21.596,23.282
1500.0,2024-12-30,29288.065,5832.121497,5832.121497,23455.943503,0.0,26749.181,2538.884,17.584655,9.691574,10.045037,11553.741057,0.0,548.870151,475.832,297.017,398.625,10.741075,16.330628,11902.202446,0.0,2165.296465,2439.93,1333.852,1676.825,7.2576,0.0,0.0,0.0,120.648931,25.101,21.489,23.266
1500.0,2024-12-31,28331.555,5832.121497,5832.121497,22499.433503,0.0,24820.639,3510.916,13.089574,9.183197,0.0,0.0,0.0,558.053347,475.698,297.329,397.086,9.256637,0.0,0.0,0.0,2174.553102,2444.94,1389.498,1674.486,7.1712,30.870746,22499.433503,0.0,96.949385,25.229,21.467,23.247
2500.0,2024-01-01,20346.947,8535.245301,8535.245301,11811.701699,0.0,11797.967,8548.98,27.753865,11.147155,0.0,0.0,0.0,147.532155,136.385,298.36,395.885,23.900918,16.206455,11811.701699,0.0,1618.127464,1610.433,1402.642,1699.801,6.048,0.0,0.0,0.0,28.22,22.172,21.894,23.379
2500.0,2024-01-02,23287.112,8535.245301,8535.245301,14751.866699,0.0,13939.435,9347.677,23.71976,7.489325,0.0,0.0,0.0,155.02148,144.224,299.038,399.705,18.593798,20.24056,14751.866699,0.0,1616.480702,1619.527,1413.31,1727.428,5.0112,0.0,0.0,0.0,33.2312,22.225,22.151,23.786
2500.0,2024-01-03,33056.541,8535.245301,8535.245301,24521.295699,0.0,22420.688,10635.853,10.315442,6.988723,0.0,0.0,0.0,162.010203,147.474,300.871,402.512,14.13599,33.644878,24521.295699,0.0,1596.971814,1620.611,1424.068,1750.604,5.0976,0.0,0.0,0.0,38.3288,22.63,22.307,24.072
2500.0,2024-01-04,29366.939,8535.245301,8535.245301,20831.693699,0.0,18560.245,10806.694,15.377826,6.093619,0.0,0.0,0.0,168.103822,146.604,301.426,413.288,15.059434,28.582494,20831.693699,0.0,1583.448753,1621.471,1434.784,1754.389,5.0112,0.0,0.0,0.0,43.34,22.172,21.651,24.075
2500.0,2024-01-05,33702.494,8535.245301,8535.245301,25167.248699,0.0,20397.112,13305.382,9.42915,5.543165,0.0,0.0,0.0,173.646987,145.324,313.57,425.403,9.924509,7.64277,5570.256792,0.0,1585.730493,1625.23,1449.602,1748.861,4.8384,26.8884,19596.991907,0.0,21.29,21.74,21.29,23.604
2500.0,2024-01-06,28847.568,8535.245301,8535.245301,20312.322699,0.0,15412.399,13435.169,16.090438,6.61081,0.0,0.0,0.0,180.257797,144.565,325.103,433.352,13.655347,27.869882,20312.322699,0.0,1571.515958,1626.104,1456.676,1744.266,4.8384,0.0,0.0,0.0,26.1284,22.728,22.024,23.87
2500.0,2024-01-07,32012.426,8535.245301,8535.245301,23477.180699,0.0,18043.519,13968.907,11.748038,5.665334,0.0,0.0,0.0,185.923131,144.234,325.276,435.063,11.772864,32.212282,23477.180699,0.0,1551.07654,1628.912,1468.727,1748.034,4.32,0.0,0.0,0.0,30.4484,22.7,21.482,24.102
2500.0,2024-01-08,39310.736,8535.245301,8535.245301,30775.490699,0.0,21188.958,18121.778,1.734263,5.894726,0.0,0.0,0.0,191.817858,142.645,325.481,433.577,11.225434,28.394657,20694.792931,0.0,1533.907316,1626.973,1484.374,1763.415,4.752,13.8314,10080.697768,0.0,21.369,23.046,21.369,23.263
2500.0,2024-01-09,39341.598,8535.245301,8535.245301,27514.795245,3291.557454,20585.413,18756.185,6.208158,5.045414,0.0,0.0,0.0,196.863272,142.064,329.272,431.71,10.521446,34.123762,24870.319358,0.0,1510.305,1625.629,1510.305,1787.022,3.1104,3.6284,2644.475887,0.0,20.851,22.152,20.851,24.577
2500.0,2024-01-10,44805.515,8535.245301,8535.245301,17111.975205,19158.294494,24649.852,20155.663,20.481531,4.804186,0.0,0.0,0.0,201.667458,139.671,338.438,449.351,12.911789,18.326789,13357.058501,0.0,1504.89,1617.91,1504.89,1804.423,5.184,5.152,3754.916704,0.0,20.883,22.916,20.883,23.643
2500.0,2024-01-11,40871.716,8535.245301,8535.245301,16109.590862,16226.879837,21213.377,19658.339,21.85687,5.89127,0.0,0.0,0.0,207.558728,139.241,345.992,453.78,11.09065,20.07365,14630.217817,0.0,1495.907,1616.909,1495.907,1824.92,2.7648,2.0298,1479.373045,0.0,21.618,22.406,21.618,23.607
2500.0,2024-01-12,43048.166,8535.245301,8535.245301,20682.317929,13830.60277,23246.635,19801.531,15.582779,4.073069,0.0,0.0,0.0,211.631797,136.671,345.105,449.152,11.026541,24.078541,17549.090656,0.0,1482.855,1611.936,1482.855,1848.031,3.888,4.299,3133.227273,0.0,21.207,22.387,21.207,23.9
2500.0,2024-01-13,35078.847,8535.245301,8535.245301,17879.852172,8663.749526,18666.398,16412.449,19.427952,4.500576,0.0,0.0,0.0,216.132373,133.287,345.247,448.415,13.423968,19.802968,14432.937759,0.0,1476.476,1606.939,1476.476,1882.232,4.8384,4.7294,3446.914414,0.0,21.316,22.25,21.316,24.283
2500.0,2024-01-14,31719.153,8535.245301,8535.245301,9162.64279,14021.264909,16766.116,14953.037,31.388554,6.132845,0.0,0.0,0.0,222.265218,130.768,344.435,448.09,13.657766,6.583766,4798.426714,0.0,1483.55,1613.801,1483.55,1898.634,6.048,5.988,4364.216076,0.0,21.376,21.761,21.376,24.439
2500.0,2024-01-15,40842.146,8535.245301,8535.245301,7280.703027,25026.197672,24755.965,16086.181,33.970702,7.132579,0.0,0.0,0.0,229.397797,128.973,343.522,447.6,14.405818,3.750818,2733.697139,0.0,1494.205,1619.943,1494.205,1906.715,6.6528,6.2388,4547.005888,0.0,21.79,23.019,21.79,24.249
2500.0,2024-01-16,45617.861,8535.245301,8535.245301,5464.225921,31618.389778,28572.55,17045.311,36.463032,6.183562,0.0,0.0,0.0,235.581358,128.37,342.534,448.26,15.534288,2.839288,2069.349755,0.0,1506.9,1614.761,1506.9,1917.631,4.32,4.658,3394.876166,0.0,21.452,22.081,21.452,23.616
2500.0,2024-01-17,51898.987,8535.245301,8535.245301,3090.080715,40273.660984,32336.319,19562.668,39.72052,6.050938,0.0,0.0,0.0,241.632296,126.275,341.241,452.429,13.224902,0.0,0.0,0.0,1520.124902,1606.837,1523.248,1919.161,3.6288,4.2398,3090.080715,0.0,20.841,21.083,20.841,23.643
2500.0,2024-01-18,53680.24,8535.245301,8535.245301,2932.945613,42212.049085,33867.339,19812.901,39.93612,5.948122,0.0,0.0,0.0,247.580418,123.642,344.676,457.703,14.273453,0.0,0.0,0.0,1534.398355,1598.89,1569.26,1915.919,4.1472,4.0242,2932.945613,0.0,20.964,18.145,20.964,24.503
2500.0,2024-01-19,46323.502,8535.245301,8535.245301,19439.565275,18348.691424,27642.364,18681.138,17.28792,27.190512,0.0,0.0,0.0,274.77093,128.293,349.789,461.66,32.563469,0.0,0.0,0.0,1566.961824,1604.396,1604.396,1915.312,26.8704,26.6724,19439.565275,0.0,21.162,18.182,21.162,23.823
2500.0,2024-01-20,35387.731,8535.245301,8535.245301,26852.485699,0.0,22388.467,12999.264,7.116891,52.911706,0.0,0.0,0.0,327.682635,167.253,352.046,465.031,99.170093,0.0,0.0,0.0,1666.131917,1667.686,1628.785,1942.098,44.5824,36.843429,26852.485699,0.0,28.900971,46.853,21.014,23.665
2500.0,2024-01-21,40195.282,8535.245301,8535.245301,31660.036699,0.0,25787.45,14407.832,0.520606,22.83336,0.0,0.0,0.0,350.515995,195.59,354.842,465.11,59.414861,22.992943,16757.877802,0.0,1702.553834,1746.831,1641.671,1949.572,12.7008,20.446771,14902.158897,0.0,21.155,54.099,21.155,23.351
2500.0,2024-01-22,46444.13,8535.245301,8535.245301,32039.468145,5869.416554,27986.855,18457.275,0.0,15.467414,0.0,0.0,0.0,365.98341,206.842,359.167,464.653,36.73849,43.96032,32039.468145,0.0,1695.332004,1783.981,1637.74,1940.063,9.8496,0.0,0.0,0.0,31.0046,47.105,21.848,23.608
2500.0,2024-01-23,36061.272,8535.245301,8535.245301,27526.026699,0.0,23534.848,12526.424,9.996637,23.163149,6.579483,7567.682365,0.0,382.567075,222.651,365.766,464.35,41.240621,0.0,0.0,0.0,1736.572625,1810.618,1704.79,1957.9,18.0576,27.3842,19958.344333,0.0,21.678,44.571,21.678,24.778
2500.0,2024-01-24,34974.055,8535.245301,8535.245301,26438.809699,0.0,28663.646,6310.409,7.684483,15.870298,0.0,0.0,0.0,398.437373,236.417,390.367,465.084,31.068317,26.200437,19095.586143,0.0,1741.440504,1842.396,1709.624,2009.821,10.0224,10.0754,7343.223556,0.0,21.625,41.748,21.625,23.972
2500.0,2024-01-25,35649.024,8535.245301,8535.245301,27113.778699,0.0,29005.51,6643.514,6.758379,11.125469,0.0,0.0,0.0,409.562841,240.877,394.774,466.04,21.215952,37.201941,27113.778699,0.0,1725.454516,1858.212,1719.438,2045.073,5.8752,0.0,0.0,0.0,27.5002,34.807,21.375,23.52
2500.0,2024-01-26,36699.139,8535.245301,8535.245301,28163.893699,0.0,28542.686,8156.453,11.125029,8.565782,10.045037,11553.741057,0.0,408.083587,243.069,397.721,466.991,20.642429,10.897654,7942.504661,0.0,1735.19929,1865.047,1728.981,2063.866,5.7024,11.8926,8667.64798,0.0,21.31,24.736,21.31,23.779
2500.0,2024-01-27,26150.449,8535.245301,8535.245301,17615.203699,0.0,18879.436,7271.013,19.791068,28.464048,0.0,0.0,0.0,436.547635,256.826,398.649,473.617,36.577872,0.0,0.0,0.0,1771.777162,1881.002,1739.364,2074.37,26.352,24.169252,17615.203699,0.0,23.492748,27.564,21.105,24.085
2500.0,2024-01-28,28605.396,8535.245301,8535.245301,20070.150699,0.0,20931.061,7674.335,22.230192,18.446746,10.045037,11553.741057,0.0,444.949344,276.417,403.144,470.493,42.367277,0.0,0.0,0.0,1814.144439,1924.232,1743.233,2074.585,11.0592,11.685091,8516.409642,0.0,22.866857,29.921,21.646,24.402
2500.0,2024-01-29,28136.279,8535.245301,8535.245301,19601.033699,0.0,21096.408,7039.871,22.873853,11.753165,10.045037,11553.741057,0.0,446.657472,285.81,409.458,468.342,27.457574,11.04143,8047.292642,0.0,1830.560583,1956.856,1771.013,2079.326,8.1216,0.0,0.0,0.0,30.988457,25.081,21.897,24.158
2500.0,2024-01-30,34103.926,8535.245301,8535.245301,25568.680699,0.0,24830.806,9273.12,14.685837,9.495965,10.045037,11553.741057,0.0,446.1084,292.597,408.566,465.866,19.466525,2.700189,1967.970945,0.0,1847.326918,1969.527,1783.199,2101.077,7.0848,16.529257,12046.968697,0.0,21.544,24.328,21.544,24.203
2500.0,2024-01-31,39729.131,8535.245301,8535.245301,31193.885699,0.0,28921.861,10807.27,6.967675,7.722605,10.045037,11553.741057,0.0,443.785968,294.187,408.056,467.278,17.411328,26.947608,19640.144642,0.0,1837.790638,1972.288,1800.325,2101.221,7.4304,0.0,0.0,0.0,28.9744,24.425,21.499,23.983
2500.0,2024-02-01,35789.965,8570.78035,8570.78035,27219.18465,0.0,27845.727,7944.238,12.421234,7.372685,10.045037,11553.741057,0.0,441.113616,293.78,406.35,468.272,15.625354,8.834049,6438.493773,0.0,1844.581942,1971.317,1814.849,2124.902,5.9616,12.66,9226.94982,0.0,22.276,23.025,22.276,24.624
2500.0,2024-02-02,30036.385,8570.78035,8570.78035,21465.60465,0.0,22543.765,7492.62,20.315535,7.844515,10.045037,11553.741057,0.0,438.913094,294.924,403.71,482.117,15.428966,5.813748,4237.216571,0.0,1854.19716,1966.178,1836.985,2138.155,6.912,7.786,5674.647022,0.0,21.402,21.127,21.402,23.587
2500.0,2024-02-03,23127.52,8570.78035,8570.78035,14556.73965,0.0,16338.446,6789.074,29.794966,7.533821,10.045037,11553.741057,0.0,436.401878,296.973,400.772,481.815,12.658378,0.0,0.0,0.0,1866.855538,1964.769,1854.809,2133.299,5.7888,4.120317,3002.998593,0.0,23.070483,20.862,21.313,23.14
2500.0,2024-02-04,24767.996,8570.78035,8570.78035,16197.21565,0.0,17878.876,6889.12,27.544122,6.482333,10.045037,11553.741057,0.0,432.839174,299.452,396.993,486.607,14.727744,0.0,0.0,0.0,1881.583282,1968.765,1866.01,2144.081,5.7888,6.371162,4643.474593,0.0,22.488121,20.882,20.882,24.074
2500.0,2024-02-05,29262.222,8570.78035,8570.78035,17765.388818,2926.052832,21936.206,7326.016,25.392482,5.751389,10.045037,11553.741057,0.0,428.545526,299.968,392.532,486.775,9.554198,2.42348,1766.297956,0.0,1888.714,1970.833,1888.714,2158.956,5.0112,6.099321,4445.349805,0.0,21.4,21.014,21.4,24.161
2500.0,2024-02-06,26487.91,8570.78035,8570.78035,15110.814465,2806.315185,19464.202,7023.708,29.034738,5.6808,10.045037,11553.741057,0.0,424.181289,297.7,386.938,488.173,9.741946,0.011946,8.706276,0.0,1898.444,1966.046,1898.444,2162.397,4.6656,4.8686,3548.367132,0.0,21.197,20.548,21.197,24.379
2500.0,2024-02-07,37760.973,8570.78035,8570.78035,21666.006946,7524.185704,26719.213,11041.76,20.04057,5.361811,10.045037,11553.741057,0.0,419.498064,294.126,385.371,490.299,11.339914,9.578914,6981.370862,0.0,1900.205,1962.123,1900.205,2161.885,4.0608,4.2958,3130.895027,0.0,20.962,20.962,20.962,22.476
2500.0,2024-02-08,40772.477,8570.78035,8570.78035,24344.677063,7857.019587,29467.873,11304.604,16.365253,5.559408,10.045037,11553.741057,0.0,415.012435,289.993,381.906,489.384,12.12503,13.52603,9858.136158,0.0,1898.804,1954.878,1898.804,2170.718,4.32,4.024,2932.799848,0.0,21.258,22.001,21.258,22.664
2500.0,2024-02-09,39679.321,8570.78035,8570.78035,24269.96355,6838.5771,29231.232,10448.089,16.467765,5.80271,10.045037,11553.741057,0.0,410.770109,286.208,378.498,487.145,12.064118,12.228118,8912.182849,0.0,1898.64,1951.305,1898.64,2195.988,4.8384,5.2194,3804.039644,0.0,20.877,21.929,20.877,22.805
2500.0,2024-02-10,30025.479,8570.78035,8570.78035,18760.445404,2694.253247,20852.84,9172.639,24.027197,5.046624,10.045037,11553.741057,0.0,405.771696,282.227,381.198,484.623,11.577686,6.272686,4571.703211,0.0,1903.945,1946.403,1903.945,2184.627,3.9744,3.6154,2635.001136,0.0,21.236,21.93,21.236,23.032
2500.0,2024-02-11,27278.498,8570.78035,8570.78035,18707.71765,0.0,18577.156,8701.342,24.099543,5.252083,10.045037,11553.741057,0.0,400.978742,281.922,383.993,481.097,10.294474,5.22214,3806.036886,0.0,1909.017333,1942.596,1900.288,2174.928,4.2336,4.5936,3347.939707,0.0,20.876,21.649,20.876,22.687
2500.0,2024-02-12,41185.846,8570.78035,8570.78035,27707.946953,4907.118697,27792.556,13393.29,11.750619,3.752957,10.045037,11553.741057,0.0,394.686662,279.003,384.515,480.346,9.351331,18.520664,13498.360308,0.0,1899.848,1931.565,1899.848,2158.164,3.888,3.644,2655.845588,0.0,21.12,21.783,21.12,22.598
2500.0,2024-02-13,40832.091,8570.78035,8570.78035,14341.358567,17919.952084,28397.821,12434.27,30.090483,4.792522,10.045037,11553.741057,0.0,389.434147,273.937,385.591,476.718,7.418995,0.0,0.0,0.0,1907.266995,1917.2,1908.335,2154.391,3.6288,3.8248,2787.61751,0.0,20.924,21.882,20.924,22.897
2500.0,2024-02-14,39898.738,8570.78035,8570.78035,19975.040839,11352.916812,26297.573,13601.165,21.256608,4.72919,8.135337,9357.21623,0.0,386.028,268.532,386.028,477.73,8.882179,10.085174,7350.347402,0.0,1906.064,1906.064,1906.064,2160.283,4.1472,4.4832,3267.477206,0.0,20.588,22.057,20.588,22.964
2500.0,2024-02-15,39052.102,8570.78035,8570.78035,22756.665049,7724.656602,25364.651,13687.451,17.835064,3.792614,8.818614,10143.117371,0.0,381.002,263.478,381.002,481.77,6.503242,13.231242,9643.286122,0.0,1899.336,1899.336,1899.336,2179.359,4.4064,4.0754,2970.261556,0.0,20.919,21.094,20.919,23.112
2500.0,2024-02-16,43782.486,8570.78035,8570.78035,29719.049694,5492.655957,26872.172,16910.314,8.99125,8.501674,10.045037,11553.741057,0.0,379.458637,258.795,376.447,481.324,13.471834,16.449834,11989.082873,0.0,1896.358,1896.079,1896.358,2169.399,8.4672,8.4742,6176.225763,0.0,20.912,23.352,20.912,23.055
2500.0,2024-02-17,33337.292,8570.78035,8570.78035,24766.51165,0.0,19798.821,13538.471,15.786467,9.026294,10.045037,11553.741057,0.0,378.439894,259.236,373.546,482.509,17.959968,12.740016,9285.267656,0.0,1901.577952,1900.428,1900.428,2159.598,5.3568,5.3888,3927.502938,0.0,20.88,23.056,20.88,23.056
2500.0,2024-02-18,27702.395,8570.78035,8570.78035,18041.103636,1090.511015,16319.434,11382.961,25.014182,6.894374,10.045037,11553.741057,0.0,375.289232,258.531,371.901,482.368,18.357149,4.827101,3518.12138,0.0,1915.108,1915.108,1915.108,2150.383,4.752,4.074,2969.241198,0.0,21.558,22.397,21.558,23.895
2500.0,2024-02-19,36868.353,8570.78035,8570.78035,14777.030357,13520.542293,22950.0,13918.353,29.492712,5.322931,10.045037,11553.741057,0.0,370.567126,256.478,367.297,479.282,13.161571,0.403571,294.133587,0.0,1927.866,1927.866,1927.866,2133.997,3.456,4.019,2929.155713,0.0,20.995,21.898,20.995,23.246
2500.0,2024-02-20,44902.092,8570.78035,8570.78035,13667.928405,22663.383246,29408.366,15493.726,30.330074,5.63112,8.861246,10192.152442,0.0,367.337,252.572,367.337,476.584,14.578531,0.0,0.0,0.0,1942.444531,1924.852,1966.137,2136.832,4.752,4.769,3475.775963,0.0,20.978,22.631,20.978,22.863
2500.0,2024-02-21,48161.634,8570.78035,8570.78035,13119.670171,26471.18348,27351.682,20809.952,30.923058,4.125773,8.585773,9875.30436,0.0,362.877,249.909,362.877,481.95,12.591158,0.35269,257.049703,0.0,1954.683,1917.381,1954.683,2142.714,3.6288,4.0988,2987.316108,0.0,20.508,22.81,20.508,22.969
2500.0,2024-02-22,50206.849,8570.78035,8570.78035,26574.789744,15061.278906,28722.075,21484.774,13.037552,5.05777,9.58177,11020.893903,0.0,358.353,247.39,358.353,487.708,9.824198,17.246198,12569.495041,0.0,1947.261,1900.915,1947.261,2145.889,3.6288,4.0948,2984.4008,0.0,20.042,22.151,20.042,22.151
2500.0,2024-02-23,44192.472,8570.78035,8570.78035,19645.571147,15976.120503,25504.107,18688.365,22.09565,4.400698,8.804698,10127.110351,0.0,353.949,243.806,353.949,493.06,9.331373,9.795373,7139.132172,0.0,1946.797,1883.987,1946.797,2147.35,3.8016,3.2646,2379.328624,0.0,20.579,22.1,20.579,22.771
2500.0,2024-02-24,35535.291,8570.78035,8570.78035,21337.36236,5627.148291,20867.145,14668.146,18.437731,4.433702,6.492702,7467.867344,0.0,351.89,242.507,351.89,497.481,11.167286,14.343286,10453.774397,0.0,1943.621,1870.009,1943.621,2148.314,5.5296,4.6866,3415.720618,0.0,21.422,22.571,21.422,23.228
2500.0,2024-02-25,37380.686,8570.78035,8570.78035,28809.90565,0.0,21453.267,15927.419,6.160103,8.984477,2.990474,3439.625526,0.0,357.884003,245.08,354.783,498.482,13.514342,26.204342,19098.432258,0.0,1930.931,1858.792,1930.931,2134.451,8.2944,8.6054,6271.847866,0.0,21.111,26.065,21.111,23.15
2500.0,2024-02-26,45658.176,8570.78035,8570.78035,9127.495739,27959.899911,26026.228,19631.948,34.064473,7.12705,4.545052,5227.691726,0.0,360.466,247.694,360.466,495.313,18.305395,1.397395,1018.459351,0.0,1947.839,1861.866,1947.839,2125.856,4.4064,3.9534,2881.344662,0.0,21.564,24.242,21.564,22.707
2500.0,2024-02-27,42939.629,8570.78035,8570.78035,13070.069751,21298.7789,26303.337,16636.292,26.027299,5.774371,0.0,0.0,0.0,366.240371,244.289,366.903,492.263,17.513021,13.712021,9993.690984,0.0,1951.64,1862.5,1951.64,2117.73,4.32,4.221,3076.378767,0.0,21.663,26.159,21.663,23.158
2500.0,2024-02-28,45113.361,8570.78035,8570.78035,16276.642675,20265.937976,25290.399,19822.962,21.627664,5.034874,0.0,0.0,0.0,371.275245,240.749,373.091,489.132,12.790656,18.916656,13786.969643,0.0,1945.514,1858.293,1945.514,2112.366,3.456,3.416,2489.673032,0.0,21.703,28.484,21.703,23.858
2500.0,2024-02-29,45003.553,8570.78035,8570.78035,36272.115166,160.657484,24602.308,20401.245,0.0,4.677437,10.045037,11553.741057,0.0,365.907645,237.658,290.7215,432.957,11.99759,33.915283,24718.374109,0.0,1923.596307,1853.886,1796.65125,2152.2605,3.888,0.0,0.0,0.0,25.591,29.912,22.05775,23.599
2500.0,2024-03-01,42497.578,8089.690462,8089.690462,5438.069778,28969.81776,21442.062,21055.516,36.49892,4.049914,0.0,0.0,0.0,369.957558,234.807,373.525,480.534,9.778838,0.0,0.0,0.0,1933.375146,1844.9,1936.724,2108.615,3.1104,7.4614,5438.069778,0.0,21.24,30.843,21.24,22.303
2500.0,2024-03-02,30784.283,8089.690462,8089.690462,20489.326845,2205.265693,14284.344,16499.939,17.67489,5.088096,3.160654,3635.365727,0.0,371.885,232.612,371.885,482.551,11.39063,18.877776,13758.632849,0.0,1925.888,1844.348,1925.888,2102.106,4.32,4.247,3095.328269,0.0,21.313,31.473,21.313,22.922
2500.0,2024-03-03,29269.786,8089.690462,8089.690462,20418.695955,761.399582,13775.125,15494.661,15.944486,3.945024,0.0,0.0,0.0,375.830024,228.857,376.468,476.253,12.985834,25.089834,18286.148153,0.0,1913.784,1852.611,1913.784,2080.61,3.024,2.926,2132.547802,0.0,21.411,31.217,21.411,22.582
2500.0,2024-03-04,34129.634,8089.690462,8089.690462,15904.920452,10135.023086,17303.75,16825.884,27.668842,5.540054,9.567078,11003.996173,0.0,371.803,227.428,371.803,483.766,11.646979,0.0,0.0,0.0,1925.430979,1860.123,1927.308,2060.752,6.1344,6.7244,4900.924279,0.0,20.821,31.703,20.821,23.099
2500.0,2024-03-05,31949.42,8089.690462,8089.690462,3183.953632,20675.775905,19635.717,12313.703,39.59172,6.303312,0.0,0.0,0.0,378.106312,226.397,380.847,480.404,11.245133,0.0,0.0,0.0,1936.676112,1858.793,1936.812,2071.771,4.2336,4.3686,3183.953632,0.0,20.686,32.65,20.686,22.507
2500.0,2024-03-06,41884.246,8089.690462,8089.690462,23465.750302,10328.805236,22461.918,19422.328,12.620195,5.579107,1.481419,1703.919475,0.0,382.204,226.188,382.204,476.09,10.601194,25.720306,18745.65317,0.0,1921.557,1854.968,1921.557,2079.953,3.5424,4.1384,3016.177657,0.0,20.09,30.305,20.09,22.313
2500.0,2024-03-07,38267.048,8089.690462,8089.690462,14773.115999,15404.241538,20049.357,18217.691,25.406282,3.92256,2.96756,3413.269707,0.0,383.159,224.897,383.159,470.301,8.469878,12.415878,9049.027407,0.0,1917.611,1850.585,1917.611,2076.582,3.8016,3.1706,2310.818886,0.0,20.721,29.199,20.721,22.897
2500.0,2024-03-08,38489.612,8089.690462,8089.690462,13036.614034,17363.307503,20975.367,17514.245,27.70571,3.778704,2.823704,3247.807399,0.0,384.114,223.743,384.114,464.876,8.242906,10.509906,7659.902969,0.0,1915.344,1840.322,1915.344,2075.813,3.456,2.921,2128.903667,0.0,21.256,28.107,21.256,23.085
2500.0,2024-03-09,30254.101,8089.690462,8089.690462,13430.486867,8733.92367,16183.332,14070.769,26.705718,3.919795,2.028795,2333.508066,0.0,386.005,219.165,386.005,458.937,6.732806,13.007806,9480.440515,0.0,1909.069,1842.076,1909.069,2074.646,2.592,2.218,1616.538286,0.0,21.63,26.322,21.63,23.008
2500.0,2024-03-10,32349.074,8089.690462,8089.690462,13653.927955,10605.455583,16373.378,15975.696,25.420189,3.853526,0.335526,385.920452,0.0,389.523,212.992,389.523,453.282,7.441805,14.464805,10542.340288,0.0,1902.046,1847.475,1902.046,2066.229,4.0608,3.7398,2725.667215,0.0,21.951,25.413,21.951,23.37
2500.0,2024-03-11,37331.243,8089.690462,8089.690462,20420.527361,8821.025177,19440.532,17890.711,20.392454,3.569875,7.697875,8854.049868,0.0,385.395,208.157,385.395,457.303,5.98199,13.97199,10183.163847,0.0,1894.056,1847.388,1894.056,2057.305,1.728,1.898,1383.313646,0.0,21.781,24.569,21.781,23.724
2500.0,2024-03-12,43972.839,8089.690462,8089.690462,24898.723695,10984.424842,21703.863,22268.976,14.799645,3.291926,8.651926,9951.393834,0.0,380.035,203.854,380.035,454.983,7.492349,17.263349,12581.994716,0.0,1884.285,1835.681,1884.285,2074.022,3.1104,3.2454,2365.335146,0.0,21.646,24.991,21.646,23.557
2500.0,2024-03-13,39835.966,8089.690462,8089.690462,17164.149034,14582.126503,19716.32,20119.646,25.112645,3.800131,8.134131,9355.828901,0.0,375.701,199.812,375.701,452.357,5.882544,8.171544,5955.641899,0.0,1881.996,1825.933,1881.996,2096.17,3.024,2.542,1852.678234,0.0,22.128,25.33,22.128,23.427
2500.0,2024-03-14,42268.529,8089.690462,8089.690462,13083.407181,21095.431356,19605.502,22663.027,31.320083,3.759437,9.186437,10566.184489,0.0,370.274,196.265,370.274,450.234,8.056541,0.0,0.0,0.0,1890.052541,1818.504,1897.19,2107.449,3.1968,3.4538,2517.222693,0.0,21.871,25.406,21.871,23.768
2500.0,2024-03-15,37756.176,8089.690462,8089.690462,18319.728384,11346.757154,17814.073,19942.103,22.119534,3.448483,5.699483,6555.51138,0.0,368.023,193.606,368.023,446.564,8.224762,12.872302,9381.681541,0.0,1885.405,1814.87,1885.405,2117.842,3.024,3.269,2382.535463,0.0,21.626,24.677,21.626,23.488
2500.0,2024-03-16,34862.528,8089.690462,8089.690462,25830.657708,942.17983,15464.92,19397.608,12.532819,3.352752,6.942752,7985.511694,0.0,364.433,192.902,364.433,442.491,7.297949,20.981949,15292.210798,0.0,1871.721,1811.086,1871.721,2111.114,3.1968,3.5028,2552.935216,0.0,21.32,25.185,21.32,23.517
2500.0,2024-03-17,32072.605,8089.690462,8089.690462,22871.042773,1111.871764,15263.853,16808.752,15.131803,2.403302,4.414302,5077.304135,0.0,362.422,191.087,362.422,444.614,6.298214,21.720214,15830.278701,0.0,1856.299,1809.804,1856.299,2096.998,2.592,2.694,1963.459938,0.0,21.218,23.629,21.218,23.609
2500.0,2024-03-18,40141.94,8089.690462,8089.690462,25343.378172,6708.871366,19324.823,20817.117,13.225018,3.193603,6.983603,8032.498499,0.0,358.632,190.015,358.632,456.939,4.814899,20.525899,14959.829536,0.0,1840.588,1799.785,1840.588,2092.87,2.3328,3.2258,2351.050137,0.0,20.325,22.333,20.325,22.652
2500.0,2024-03-19,43740.724,8089.690462,8089.690462,23352.723953,12298.309585,21598.029,22142.695,15.465822,3.292186,6.135186,7056.653666,0.0,355.789,187.231,355.789,454.688,4.521312,20.442312,14898.908928,0.0,1824.667,1786.529,1824.667,2090.41,2.592,1.917,1397.161359,0.0,21.0,21.875,21.0,22.707
2500.0,2024-03-20,45548.682,8089.690462,8089.690462,19804.588234,17654.403304,21907.633,23641.049,19.798374,3.222547,5.208547,5990.839738,0.0,353.803,184.378,353.803,454.941,4.866998,15.920998,11603.653501,0.0,1813.613,1772.261,1813.613,2080.207,2.6784,3.0324,2210.094995,0.0,20.646,21.693,20.646,23.237
2500.0,2024-03-21,45424.373,8089.690462,8089.690462,22260.318051,15074.364487,22854.3,22570.073,17.785208,3.064435,7.554435,8689.06604,0.0,349.313,180.546,349.313,456.281,4.329677,16.306677,11884.746332,0.0,1801.636,1759.307,1801.636,2068.811,2.592,2.314,1686.505678,0.0,20.924,21.641,20.924,22.552
2500.0,2024-03-22,46559.59,8089.690462,8089.690462,21452.250045,17017.649493,23302.079,23257.511,19.039498,2.781216,7.806216,8978.662806,0.0,344.288,175.084,344.288,456.592,4.097606,14.610606,10648.604431,0.0,1791.123,1747.772,1791.123,2058.604,2.16,2.504,1824.982808,0.0,20.58,21.677,20.58,22.566
2500.0,2024-03-23,41635.995,8089.690462,8089.690462,16568.613529,16977.691008,19555.872,22080.123,25.303581,2.929046,7.051046,8110.071263,0.0,340.166,172.531,340.166,450.683,4.454093,9.256093,6746.090347,0.0,1786.321,1731.417,1786.321,2044.67,2.5056,2.3496,1712.451919,0.0,20.736,21.736,20.736,21.943
2500.0,2024-03-24,39674.859,8089.690462,8089.690462,13543.044214,18042.124323,16990.032,22684.827,29.882091,2.679005,7.790005,8960.016781,0.0,335.055,168.536,335.055,448.363,5.025024,3.193024,2327.162103,0.0,1788.153,1722.957,1788.153,2046.061,2.8512,3.0952,2255.86533,0.0,20.492,21.758,20.492,22.431
2500.0,2024-03-25,39816.366,8089.690462,8089.690462,12682.277145,19044.398392,18163.446,21652.92,31.02795,2.98417,7.72917,8890.044499,0.0,330.31,167.232,330.31,450.443,8.404819,0.0,0.0,0.0,1796.557819,1716.231,1798.798,2046.16,5.4432,5.2032,3792.232646,0.0,20.732,21.138,20.732,22.844
2500.0,2024-03-26,41893.707,8089.690462,8089.690462,6951.082395,26852.934143,19522.865,22370.842,34.682979,3.131741,0.449741,517.28917,0.0,332.992,164.929,332.992,448.393,6.732547,0.0,0.0,0.0,1803.290366,1712.976,1804.504,2039.224,9.4176,8.8276,6433.793225,0.0,21.322,23.279,21.322,22.947
2500.0,2024-03-27,44536.204,8089.690462,8089.690462,31301.35345,5145.160088,21297.118,23239.086,5.345398,6.907075,7.494075,8619.640331,0.0,332.405,166.584,332.405,444.949,11.14128,23.302646,16983.597868,0.0,1791.129,1713.024,1791.129,2039.7,7.6032,7.8182,5698.115251,0.0,21.107,21.231,21.107,22.719
2500.0,2024-03-28,40275.993,8089.690462,8089.690462,24052.351067,8133.951471,18019.462,22256.531,15.088414,4.740768,7.142768,8215.568897,0.0,330.003,167.794,330.003,440.773,8.070538,16.161538,11778.964964,0.0,1783.038,1707.061,1783.038,2049.261,5.0976,5.5676,4057.817205,0.0,20.637,20.637,20.637,22.719
2500.0,2024-03-29,37821.151,8089.690462,8089.690462,25344.298487,4387.162051,16625.588,21195.563,13.77461,3.805402,7.936402,9128.401502,0.0,325.872,168.615,325.872,436.084,9.028109,18.191109,13258.171253,0.0,1773.875,1701.802,1773.875,2067.875,4.5792,4.0582,2957.725731,0.0,21.158,20.029,21.158,22.782
2500.0,2024-03-30,33530.72,8089.690462,8089.690462,23723.038582,1717.990956,14586.364,18944.356,16.189258,2.972333,8.265333,9506.736195,0.0,320.579,170.296,320.579,433.143,7.96513,15.10713,11010.483945,0.0,1766.733,1695.668,1766.733,2082.764,4.2336,4.3986,3205.818442,0.0,20.993,20.122,20.993,23.838
2500.0,2024-03-31,35805.241,8089.690462,8089.690462,11097.473237,16618.0773,16405.894,19399.347,28.733835,3.60288,0.0,0.0,0.0,324.18188,362.911,506.985,623.819,6.735485,11.369485,8286.387498,0.0,1762.099,1686.216,1762.099,2091.578,3.888,3.857,2811.085739,0.0,21.024,20.812,21.024,23.355
2500.0,2024-04-01,41660.746,5242.786385,5242.786385,2197.996467,34219.963148,22056.537,19604.209,40.94452,2.985898,0.0,0.0,0.0,327.167778,361.675,514.538,623.848,5.608483,0.0,0.0,0.0,1767.707483,1675.609,1769.043,2072.706,3.6288,3.0158,2197.996467,0.0,21.637,21.637,21.637,23.478
2500.0,2024-04-02,48607.856,5242.786385,5242.786385,3383.054009,39982.015606,26431.912,22175.944,39.318541,3.123101,0.0,0.0,0.0,330.290878,358.903,517.442,628.541,5.649696,0.734179,535.089624,0.0,1772.623,1663.348,1772.623,2053.326,3.3696,3.9076,2847.964385,0.0,21.099,22.125,21.099,22.701
2500.0,2024-04-03,44118.753,5242.786385,5242.786385,6437.361562,32438.605053,22450.892,21667.861,35.127824,3.233952,0.0,0.0,0.0,333.52483,356.496,512.783,629.939,4.418496,5.342496,3893.755332,0.0,1771.699,1644.112,1771.699,2038.09,3.456,3.49,2543.60623,0.0,21.065,22.01,21.065,23.121
2500.0,2024-04-04,42649.008,5242.786385,5242.786385,7640.476522,29765.745093,21124.112,21524.896,33.477069,2.438813,0.0,0.0,0.0,335.963643,354.286,507.834,636.02,6.245251,5.510251,4016.019851,0.0,1772.434,1632.172,1772.434,2074.455,5.616,4.973,3624.456671,0.0,21.708,22.595,21.708,23.236
2500.0,2024-04-05,45053.114,5242.786385,5242.786385,15044.951865,24765.375749,22341.716,22711.398,23.317627,4.004381,0.0,0.0,0.0,339.968024,352.43,502.874,631.668,5.145293,16.742293,12202.235035,0.0,1760.837,1620.334,1760.837,2055.248,3.9744,3.9004,2842.716831,0.0,21.782,22.938,21.782,23.42
2500.0,2024-04-06,39804.571,5242.786385,5242.786385,18735.706139,15826.078476,16612.751,23191.82,18.253662,3.665952,0.0,0.0,0.0,343.633976,352.088,498.474,630.68,6.433258,21.773258,15868.938017,0.0,1745.497,1610.682,1745.497,2036.774,3.5424,3.9334,2866.768122,0.0,21.391,21.712,21.391,23.344
2500.0,2024-04-07,41788.987,5242.786385,5242.786385,14500.58923,22045.611385,17019.206,24769.781,24.06453,3.11688,0.0,0.0,0.0,346.750856,352.998,494.98,629.964,6.72719,17.83419,12998.039487,0.0,1734.39,1610.073,1734.39,2019.855,2.0736,2.0616,1502.549743,0.0,21.403,17.754,21.403,23.893
2500.0,2024-04-08,47450.921,5242.786385,5242.786385,19877.68709,22330.447525,24273.839,23177.082,16.686787,3.635021,0.0,0.0,0.0,350.385877,352.042,493.498,629.402,7.184333,24.756333,18043.083766,0.0,1716.818,1605.332,1716.818,2002.22,2.4192,2.5172,1834.603324,0.0,21.305,10.041,21.305,23.541
2500.0,2024-04-09,43301.155,5242.786385,5242.786385,20855.552527,17202.816088,20191.874,23109.281,15.34509,3.345408,0.0,0.0,0.0,353.731285,352.055,493.262,642.913,9.17663,23.53963,17156.318206,0.0,1702.455,1595.192,1702.455,1990.534,4.2336,5.0756,3699.234321,0.0,20.463,5.901,20.463,23.099
2500.0,2024-04-10,43647.934,5242.786385,5242.786385,32039.468145,6365.67947,21767.415,21880.519,0.0,21.276518,0.0,0.0,0.0,375.007803,359.236,493.722,646.413,24.276672,11.26032,8206.825245,0.0,1715.471352,1599.434,1687.325,1973.908,32.832,32.7,23832.6429,0.0,20.595,13.754,20.595,22.216
2500.0,2024-04-11,38811.456,5242.786385,5242.786385,32039.468145,1529.20147,22654.417,16157.039,0.0,48.776774,0.0,0.0,0.0,423.784578,389.619,495.79,645.012,75.430224,3.03092,2209.016331,0.0,1787.870656,1642.164,1688.341,1974.961,41.5584,40.9294,29830.451814,0.0,21.224,31.301,21.224,22.931
2500.0,2024-04-12,38803.656,5242.786385,5242.786385,32039.468145,1521.40147,23587.928,15215.728,0.0,55.567469,0.0,0.0,0.0,479.352046,443.974,499.651,640.896,98.533498,6.62232,4826.525619,0.0,1879.781834,1738.992,1738.992,1971.576,37.152,37.338,27212.942526,0.0,21.038,61.202,21.038,22.899
2500.0,2024-04-13,28710.994,5242.786385,5242.786385,23468.207615,0.0,17856.453,10854.541,11.76035,23.678006,0.0,0.0,0.0,503.030053,471.643,501.644,636.62,50.577178,32.19997,23468.207615,0.0,1898.159041,1815.892,1735.87,1965.29,20.8224,0.0,0.0,0.0,41.8604,67.916,21.028,22.688
2500.0,2024-04-14,29484.32,5242.786385,5242.786385,24241.533615,0.0,19822.747,9661.573,10.699294,15.003446,0.0,0.0,0.0,518.033499,483.078,501.551,632.0,29.822774,33.261026,24241.533615,0.0,1894.72079,1860.736,1722.733,1955.753,13.4784,0.0,0.0,0.0,55.3388,66.262,20.771,22.607
2500.0,2024-04-15,38522.297,5242.786385,5242.786385,32039.468145,1240.04247,24655.459,13866.838,0.0,11.104042,0.0,0.0,0.0,529.137541,488.502,498.615,627.211,21.212237,0.0,0.0,0.0,1915.933027,1889.739,1724.608,1942.925,9.936,43.96032,32039.468145,0.0,21.31448,59.237,20.99,23.237
2500.0,2024-04-16,36734.194,5242.786385,5242.786385,31491.407615,0.0,23599.09,13135.104,0.751976,9.388224,0.0,0.0,0.0,538.525765,491.311,499.373,622.285,16.285536,43.208344,31491.407615,0.0,1889.010219,1906.169,1729.718,1973.561,7.344,0.0,0.0,0.0,28.65848,49.996,21.011,22.934
2500.0,2024-04-17,35614.384,5242.786385,5242.786385,30371.597615,0.0,23084.371,12530.013,2.288431,7.733664,0.0,0.0,0.0,546.259429,492.536,502.804,619.791,12.084163,41.671889,30371.597615,0.0,1859.422493,1917.654,1730.3,2007.868,6.8256,0.0,0.0,0.0,35.48408,40.686,21.182,22.601
2500.0,2024-04-18,32820.104,5242.786385,5242.786385,27577.317615,0.0,21190.731,11629.373,11.929851,6.80711,10.045037,11553.741057,0.0,543.021502,492.891,499.561,617.86,11.478758,21.985432,16023.576558,0.0,1848.915819,1928.512,1722.759,2032.149,5.0112,0.0,0.0,0.0,40.49528,32.892,21.278,22.462
2500.0,2024-04-19,34568.994,5242.786385,5242.786385,29326.207615,0.0,20655.509,13913.485,9.530256,6.249571,10.045037,11553.741057,0.0,539.226037,491.895,499.028,614.606,10.19615,24.385028,17772.466558,0.0,1834.726942,1937.571,1711.679,2041.798,4.4928,0.0,0.0,0.0,44.98808,27.131,21.282,22.419
2500.0,2024-04-20,33772.365,5242.786385,5242.786385,28529.578615,0.0,18528.69,15243.675,8.601327,5.532624,6.547713,7531.139846,0.0,538.210948,489.679,501.802,612.736,8.274701,0.0,0.0,0.0,1843.001643,1940.705,1700.319,2031.996,5.0112,28.81128,20998.438769,0.0,21.188,22.837,21.188,22.37
2500.0,2024-04-21,28513.384,5242.786385,5242.786385,23270.597615,0.0,14000.994,14512.39,12.031484,5.110819,0.0,0.0,0.0,543.321767,489.237,504.986,632.02,8.468323,31.928836,23270.597615,0.0,1819.54113,1942.075,1685.754,2014.101,5.0976,0.0,0.0,0.0,26.2856,21.603,21.149,22.756
2500.0,2024-04-22,33540.462,5242.786385,5242.786385,28297.675615,0.0,18754.785,14785.677,10.941471,4.820602,10.045037,11553.741057,0.0,538.097332,486.283,499.675,630.66,6.533654,22.973812,16743.934558,0.0,1803.100973,1945.541,1671.337,2012.734,4.752,0.0,0.0,0.0,31.0376,22.27,21.688,22.877
2500.0,2024-04-23,36302.58,5242.786385,5242.786385,31059.793615,0.0,21422.314,14880.266,7.151658,4.303152,10.045037,11553.741057,0.0,532.355447,482.437,494.325,627.943,6.408461,26.763625,19506.052558,0.0,1782.745808,1939.866,1654.328,2029.007,4.6656,0.0,0.0,0.0,35.7032,22.201,21.247,22.949
2500.0,2024-04-24,33010.816,5242.786385,5242.786385,27768.029615,0.0,18062.597,14948.219,11.668181,4.295808,10.045037,11553.741057,0.0,526.606219,479.91,489.016,634.633,6.485357,22.247102,16214.288558,0.0,1766.984063,1934.872,1636.551,2015.743,3.6288,0.0,0.0,0.0,39.332,21.199,21.199,22.671
2500.0,2024-04-25,24295.22,5242.786385,5242.786385,19052.433615,0.0,10869.136,13426.084,23.626569,5.321808,10.045037,11553.741057,0.0,521.88299,478.081,483.389,643.548,11.309414,10.288714,7498.692558,0.0,1768.004764,1942.257,1621.0,1997.762,6.2208,0.0,0.0,0.0,45.5528,20.495,20.856,22.36
2500.0,2024-04-26,29111.728,5242.786385,5242.786385,23868.941615,0.0,15618.86,13492.868,11.210516,6.306422,0.0,0.0,0.0,528.189412,477.525,497.75,641.133,6.300547,0.0,0.0,0.0,1774.305311,1949.616,1606.472,1980.633,7.6896,32.749804,23868.941615,0.0,20.492596,22.666,20.454,22.519
2500.0,2024-04-27,31739.519,5242.786385,5242.786385,26496.732615,0.0,16262.734,15476.785,7.605008,6.155654,0.0,0.0,0.0,534.345067,476.951,504.819,636.541,7.890826,36.355312,26496.732615,0.0,1745.840825,1953.632,1589.628,1966.539,4.9248,0.0,0.0,0.0,25.417396,22.282,20.946,22.555
2500.0,2024-04-28,33421.424,5242.786385,5242.786385,28178.637615,0.0,17685.498,15735.926,11.104799,4.836413,10.045037,11553.741057,0.0,529.136443,475.641,501.929,631.463,7.487597,22.810484,16624.896558,0.0,1730.517938,1955.492,1627.968,1976.696,4.8384,0.0,0.0,0.0,30.255796,21.363,20.817,22.909
2500.0,2024-04-29,42568.78,5242.786385,5242.786385,36272.115166,1053.878449,22004.556,20564.224,0.0,4.659293,10.045037,11553.741057,0.0,523.750699,473.487,499.989,627.472,7.143466,20.068887,14626.747066,0.0,1717.592516,1952.582,1669.421,1980.207,4.6656,13.846396,10091.627043,0.0,21.075,21.197,21.075,22.941
2500.0,2024-04-30,42035.095,5242.786385,5242.786385,36272.115166,520.193449,22170.055,19865.04,0.0,4.046544,10.045037,11553.741057,0.0,517.752206,471.039,500.382,624.238,5.67527,33.915283,24718.374109,0.0,1689.352503,1944.465,1678.596,1967.11,3.888,0.0,0.0,0.0,24.963,20.972,21.094,23.175
2500.0,2024-05-01,43217.699,4794.498081,4794.498081,33364.258107,5058.942812,22299.627,20918.072,3.989777,5.624467,10.045037,11553.741057,0.0,513.331636,469.263,498.941,619.545,8.885203,20.519706,14955.316054,0.0,1677.718,1938.283,1677.718,1955.532,5.3568,9.4058,6855.200997,0.0,20.914,21.361,20.914,22.291
2500.0,2024-05-02,45061.408,4794.498081,4794.498081,26234.583781,14032.326138,23918.949,21142.459,13.772173,5.047574,10.045037,11553.741057,0.0,508.334174,467.783,494.561,616.752,6.12671,14.76671,10762.377241,0.0,1669.078,1931.757,1669.078,1943.048,4.8384,5.3764,3918.465483,0.0,20.376,21.746,20.376,22.29
2500.0,2024-05-03,46748.947,4794.498081,4794.498081,33140.548452,8813.900467,25047.874,21701.073,4.296722,4.645123,10.045037,11553.741057,0.0,502.93426,465.917,491.746,614.084,5.081962,26.001962,18950.931667,0.0,1648.158,1919.938,1648.158,1934.825,4.2336,3.6166,2635.875728,0.0,20.993,21.629,20.993,23.019
2500.0,2024-05-04,40679.337,4794.498081,4794.498081,31406.16642,4478.672499,20848.967,19830.37,6.676411,4.177699,10.045037,11553.741057,0.0,497.066923,463.755,491.433,609.248,4.815072,22.363072,16298.810677,0.0,1630.61,1907.237,1630.61,1932.826,4.0608,4.8758,3553.614687,0.0,20.178,21.492,20.178,22.14
2500.0,2024-05-05,36376.239,4794.498081,4794.498081,31581.740919,0.0,18311.027,18065.212,6.435511,3.995654,10.045037,11553.741057,0.0,491.01754,461.142,489.68,604.994,5.025802,24.690802,17995.322858,0.0,1610.945,1896.982,1610.945,1935.739,3.7152,2.788971,2032.677004,0.0,21.104229,21.616,20.878,23.622
2500.0,2024-05-06,41601.054,4794.498081,4794.498081,28393.460701,8413.095218,20633.868,20967.186,9.822469,3.725309,8.336849,9588.993599,0.0,486.406,458.491,486.406,600.724,4.536173,22.807173,16622.48333,0.0,1592.674,1889.602,1592.674,1928.999,3.3696,2.993829,2181.983772,0.0,21.48,21.982,21.48,23.799
2500.0,2024-05-07,45834.623,4794.498081,4794.498081,25275.893582,15764.231337,23599.965,22234.658,13.516216,3.666125,7.327125,8427.614982,0.0,482.745,455.264,482.745,595.096,4.572979,19.691979,14352.046124,0.0,1577.555,1882.563,1577.555,1907.475,3.456,3.425,2496.232475,0.0,21.511,21.965,21.511,23.66
2500.0,2024-05-08,53174.602,4794.498081,4794.498081,10962.245941,37417.857978,28242.69,24931.912,33.121984,3.455136,7.269136,8360.916612,0.0,478.931,451.66,478.931,590.473,3.90623,0.0,0.0,0.0,1581.46123,1868.584,1584.66,1906.618,3.2832,3.5692,2601.329328,0.0,21.225,21.469,21.225,23.296
2500.0,2024-05-09,47351.635,4794.498081,4794.498081,9648.60858,32908.528338,24855.329,22496.306,34.450627,3.611693,6.449693,7418.39796,0.0,476.093,448.173,476.093,590.525,3.645475,0.0,0.0,0.0,1585.106706,1855.665,1603.559,1931.54,3.024,3.06,2230.21062,0.0,21.189,21.747,21.189,23.519
2500.0,2024-05-10,54138.795,4794.498081,4794.498081,3689.592376,45654.704543,29267.254,24871.541,39.483357,3.422563,1.012563,1164.644117,0.0,478.503,444.052,478.503,599.117,3.180038,0.0,0.0,0.0,1588.286744,1837.824,1612.828,1916.601,3.1104,3.4644,2524.948259,0.0,20.835,22.193,20.835,23.523
2500.0,2024-05-11,46061.152,4794.498081,4794.498081,2144.084247,39122.569672,24533.258,21527.894,41.258384,3.141936,0.414936,477.256898,0.0,481.23,439.365,481.23,597.519,3.444854,0.0,0.0,0.0,1591.731598,1823.004,1606.247,1900.49,3.024,2.287,1666.827349,0.0,21.572,22.466,21.572,23.51
2500.0,2024-05-12,49562.008,4794.498081,4794.498081,2931.694423,41835.815496,27050.306,22511.702,40.217901,3.296419,0.484419,557.176057,0.0,484.042,435.431,484.042,595.704,2.680733,0.0,0.0,0.0,1594.412331,1807.499,1601.383,1883.628,3.024,3.258,2374.518366,0.0,21.338,22.07,21.338,24.435
2500.0,2024-05-13,55194.33,4794.498081,4794.498081,9799.10524,40600.726679,27566.014,27628.316,34.415782,3.216586,6.746586,7759.882278,0.0,480.512,431.282,480.512,595.445,2.349821,0.028152,20.517938,0.0,1596.734,1789.241,1596.734,1871.524,2.7648,2.7698,2018.705025,0.0,21.333,21.79,21.333,23.278
2500.0,2024-05-14,56913.562,4794.498081,4794.498081,14109.200817,38009.863102,28606.144,28307.418,26.19237,2.935613,2.751613,3164.888533,0.0,480.696,426.841,480.696,592.117,2.422138,12.132138,8842.229451,0.0,1587.024,1769.636,1587.024,1865.206,2.8512,2.8842,2102.082833,0.0,21.3,21.698,21.3,23.883
2500.0,2024-05-15,53290.387,4794.498081,4794.498081,13685.360664,34810.528255,26146.553,27143.834,25.183078,3.136666,0.0,0.0,0.0,483.832666,422.767,484.238,586.546,2.658442,16.341442,11910.083857,0.0,1573.341,1750.655,1573.341,1873.307,2.7648,2.4358,1775.276807,0.0,21.629,21.435,21.629,23.881
2500.0,2024-05-16,49595.773,4794.498081,4794.498081,15732.31884,29068.956079,23288.292,26307.481,23.273539,2.874355,1.555021,1788.575594,0.0,485.152,418.776,485.152,581.431,1.75176,16.76676,12220.067391,0.0,1558.326,1731.195,1558.326,1898.161,2.592,2.365,1723.675855,0.0,21.856,21.448,21.856,24.195
2500.0,2024-05-17,49833.072,4794.498081,4794.498081,22945.803042,22092.770877,22997.499,26835.573,17.091256,3.242938,7.980938,9179.626542,0.0,480.414,414.937,480.414,594.173,3.011126,15.841126,11545.440631,0.0,1545.496,1712.765,1545.496,1928.877,3.024,3.047,2220.735869,0.0,21.833,21.833,21.833,23.527
2500.0,2024-05-18,40110.554,4794.498081,4794.498081,20420.950336,14895.105583,16751.921,23358.633,20.54129,2.887315,7.956315,9151.306005,0.0,475.345,410.006,475.345,590.84,4.874515,11.133515,8114.406483,0.0,1539.237,1699.783,1539.237,1920.106,3.7152,4.3292,3155.237848,0.0,21.219,21.874,21.219,23.075
2500.0,2024-05-19,48130.853,4794.498081,4794.498081,22469.846137,20866.508782,21291.651,26839.202,18.200706,3.790368,8.770368,10087.624651,0.0,470.365,407.572,470.365,587.476,4.754246,12.081246,8805.13857,0.0,1531.91,1689.396,1531.91,1924.695,3.888,4.908,3577.082916,0.0,20.199,22.203,20.199,23.173
2500.0,2024-05-20,56811.352,4794.498081,4794.498081,18726.693783,33290.160136,28769.14,28042.212,22.184123,3.088022,6.777022,7794.890502,0.0,466.676,404.199,466.676,590.146,3.589574,12.860574,9373.133858,0.0,1522.639,1672.625,1522.639,1936.457,3.3696,2.1386,1558.669422,0.0,21.43,21.43,21.43,24.116
2500.0,2024-05-21,45112.364,4794.498081,4794.498081,16506.184286,23811.681633,21761.381,23350.983,25.252731,3.364934,6.814934,7838.496657,0.0,463.226,400.774,463.226,596.351,3.099254,9.146254,6666.037156,0.0,1516.592,1656.348,1516.592,1939.39,3.1104,2.7464,2001.650473,0.0,21.794,22.376,21.794,23.463
2500.0,2024-05-22,43838.468,4794.498081,4794.498081,10513.023951,28530.945968,22363.746,21474.722,29.535739,3.064003,0.0,0.0,0.0,466.290003,396.852,471.553,596.244,3.961181,10.577181,7708.934951,0.0,1509.976,1646.367,1509.976,1939.462,3.5424,3.8474,2804.089,0.0,21.489,22.327,21.489,22.446
2500.0,2024-05-23,53275.91,4794.498081,4794.498081,12492.850625,35988.561294,26462.535,26813.375,27.462245,3.24311,1.112114,1279.14639,0.0,468.421,392.825,468.421,596.706,2.954362,12.381362,9023.870631,0.0,1500.549,1630.136,1500.549,1936.11,2.9376,3.0046,2189.833604,0.0,21.422,22.313,21.422,23.634
2500.0,2024-05-24,55515.541,4794.498081,4794.498081,26259.993431,24461.049487,28508.72,27006.821,11.335158,2.846102,5.890102,6774.76044,0.0,465.377,388.202,465.377,600.168,2.311459,24.245459,17670.745292,0.0,1478.615,1612.126,1478.615,1933.6,2.9376,2.4896,1814.487699,0.0,21.87,22.047,21.87,23.307
2500.0,2024-05-25,43932.938,4794.498081,4794.498081,23125.92444,16012.515479,19453.983,24478.955,15.492123,2.43743,5.64243,6489.889591,0.0,462.172,384.069,462.172,602.03,2.382566,19.634566,14310.202126,0.0,1461.363,1592.477,1461.363,1925.405,2.8512,3.1912,2325.832722,0.0,21.53,21.626,21.53,22.905
2500.0,2024-05-26,39376.325,4794.498081,4794.498081,19658.916141,14922.910778,17311.528,22064.797,20.209019,3.114115,5.573115,6410.163664,0.0,459.713,380.351,459.713,597.924,3.454186,15.099186,11004.694143,0.0,1449.718,1582.668,1449.718,1914.527,2.592,3.079,2244.058333,0.0,21.043,21.411,21.043,22.418
2500.0,2024-05-27,51605.284,4794.498081,4794.498081,24290.182999,22520.60292,26533.692,25071.592,10.632544,2.716675,0.0,0.0,0.0,462.429675,376.825,468.457,595.673,2.729376,30.280376,22069.155599,0.0,1422.167,1565.71,1422.167,1898.736,2.6784,3.0474,2221.0274,0.0,20.674,21.629,20.674,23.042
2500.0,2024-05-28,56606.497,4794.498081,4794.498081,23592.420355,28219.578564,30095.984,26510.513,11.589922,2.555712,0.0,0.0,0.0,464.985387,372.58,478.496,598.131,2.501798,30.482798,22216.686509,0.0,1394.186,1543.167,1394.186,1885.417,2.5056,1.8876,1375.733845,0.0,21.292,21.504,21.292,23.014
2500.0,2024-05-29,57066.35,4794.498081,4794.498081,21881.11007,30390.741849,29060.66,28005.69,13.937955,2.698618,0.0,0.0,0.0,467.684005,369.04,475.748,595.637,2.162765,26.769765,19510.52737,0.0,1369.579,1518.707,1369.579,1885.757,2.5056,3.2526,2370.5827,0.0,20.545,21.509,20.545,22.521
2500.0,2024-05-30,54064.276,4794.498081,4794.498081,19948.478931,29321.298988,27108.743,26955.533,16.589656,2.806013,0.0,0.0,0.0,470.490018,365.381,475.243,596.756,3.219264,24.697264,18000.032829,0.0,1348.101,1497.725,1348.101,1879.12,2.6784,2.6734,1948.446102,0.0,20.55,21.372,20.55,22.431
2500.0,2024-05-31,43365.895,4794.498081,4794.498081,18079.271349,20492.12557,20460.381,22905.514,20.883846,2.58647,2.991488,3440.791549,0.0,470.085,361.875,470.085,597.182,2.557786,16.947786,12352.003735,0.0,1333.711,1484.481,1333.711,1862.708,2.4192,3.1372,2286.476064,0.0,19.832,21.118,19.832,21.739
2500.0,2024-06-01,33615.795,3680.610984,3680.610984,26441.587684,3493.596332,15187.064,18428.731,12.663018,2.962829,8.617829,9912.174979,0.0,464.43,358.939,464.43,593.629,3.890074,17.440074,12710.796522,0.0,1320.161,1476.261,1320.161,1843.439,5.7024,5.2394,3818.616184,0.0,20.295,21.6,20.295,21.67
2500.0,2024-06-02,39660.004,3680.610984,3680.610984,18636.138272,17343.254744,19765.735,19894.269,23.392288,2.899843,8.651843,9951.298138,0.0,458.678,356.288,458.678,590.591,3.256589,7.963589,5804.078534,0.0,1315.454,1468.956,1315.454,1819.632,4.6656,3.9526,2880.7616,0.0,21.008,22.762,21.008,22.762
2500.0,2024-06-03,42523.157,3680.610984,3680.610984,19058.70617,19783.839845,21430.862,21092.295,22.59781,2.648506,8.280506,9524.187858,0.0,453.046,352.702,453.046,588.919,3.661805,9.574805,6978.376258,0.0,1309.541,1455.867,1309.541,1803.152,3.7152,3.5072,2556.142054,0.0,21.216,22.098,21.216,22.378
2500.0,2024-06-04,51124.086,3680.610984,3680.610984,12307.850854,35135.624162,25872.286,25251.8,32.010266,2.969654,8.539654,9822.259253,0.0,447.476,349.104,447.476,586.39,3.015101,0.0,0.0,0.0,1312.556101,1439.478,1328.205,1806.886,3.1104,3.4104,2485.591601,0.0,20.916,21.582,20.916,22.647
2500.0,2024-06-05,55080.015,3680.610984,3680.610984,3892.248701,47507.155315,27989.289,27090.726,38.619891,2.425594,0.0,0.0,0.0,449.901594,344.791,452.45,582.271,3.112128,2.802229,2042.34001,0.0,1312.866,1417.963,1312.866,1818.368,2.8512,2.5382,1849.908691,0.0,21.229,22.48,21.229,22.66
2500.0,2024-06-06,53286.331,3680.610984,3680.610984,19730.74857,29874.971446,25990.324,27296.007,16.888397,2.655158,0.0,0.0,0.0,452.556752,340.436,461.855,577.506,3.046723,24.110723,17572.546058,0.0,1291.802,1398.698,1291.802,1828.848,2.8512,2.9612,2158.202512,0.0,21.119,23.631,21.119,22.929
2500.0,2024-06-07,51249.402,3680.610984,3680.610984,8074.310503,39494.480513,25309.914,25939.488,32.881819,2.384554,0.0,0.0,0.0,454.941306,336.599,461.741,575.561,2.799101,7.914101,5768.010344,0.0,1286.687,1382.511,1286.687,1837.653,2.6784,3.1644,2306.300159,0.0,20.633,24.641,20.633,23.506
2500.0,2024-06-08,46264.476,3680.610984,3680.610984,6202.262962,36381.602054,21152.732,25111.744,35.450395,2.475446,0.0,0.0,0.0,457.416752,334.736,464.936,572.375,3.504125,6.355125,4631.786543,0.0,1283.836,1366.887,1283.836,1849.398,2.3328,2.1548,1570.47642,0.0,20.811,24.541,20.811,23.071
2500.0,2024-06-09,38324.37,3680.610984,3680.610984,5442.53603,29201.222986,16463.062,21861.308,36.492792,3.141763,0.0,0.0,0.0,460.558515,333.702,466.593,566.987,3.554928,4.357928,3176.17559,0.0,1283.033,1353.57,1283.033,1854.744,2.9376,3.1096,2266.360439,0.0,20.639,23.403,20.639,23.533
2500.0,2024-06-10,37704.259,3680.610984,3680.610984,4065.960244,29957.687772,18011.49,19692.769,38.381547,2.585261,0.0,0.0,0.0,463.143776,331.733,466.763,561.883,3.812573,0.881573,642.514059,0.0,1285.964,1345.178,1285.964,1852.587,4.5792,4.6972,3423.446184,0.0,20.521,22.505,20.521,23.442
2500.0,2024-06-11,47549.776,3680.610984,3680.610984,8026.312837,35842.852179,22751.632,24798.144,33.272318,3.46775,0.561526,645.864296,0.0,466.05,329.81,466.05,560.734,4.628275,7.359275,5363.638466,0.0,1283.233,1333.404,1283.233,1844.297,3.2832,2.7672,2016.810074,0.0,21.037,21.135,21.037,23.398
2500.0,2024-06-12,55141.599,3680.610984,3680.610984,11642.518063,39818.469953,27459.118,27682.481,30.835526,3.669754,4.928754,5669.022818,0.0,464.791,325.701,464.791,569.194,3.79944,4.67544,3407.586909,0.0,1282.357,1318.218,1282.357,1837.487,2.9376,3.5206,2565.908336,0.0,20.454,21.469,20.454,23.108
2500.0,2024-06-13,51591.434,3680.610984,3680.610984,13749.485947,34161.337069,24521.423,27070.011,28.288771,3.332016,5.524016,6353.690059,0.0,462.599,321.165,462.599,572.367,4.441133,7.335133,5346.042833,0.0,1279.463,1302.39,1279.463,1833.666,3.1104,2.8124,2049.753055,0.0,20.752,21.736,20.752,22.285
2500.0,2024-06-14,48630.505,3680.610984,3680.610984,14465.441049,30484.452967,21731.335,26899.17,26.081195,3.709757,3.404757,3916.130843,0.0,462.904,317.092,462.904,571.813,5.907168,10.277168,7490.277522,0.0,1275.093,1290.671,1275.093,1840.511,4.1472,4.1972,3059.032684,0.0,20.702,22.084,20.702,22.084
2500.0,2024-06-15,36119.12,3680.610984,3680.610984,14802.045074,17636.463942,14017.989,22101.131,24.757602,4.908211,1.914211,2201.714237,0.0,465.898,316.512,465.898,578.873,6.950707,13.066707,9523.369008,0.0,1268.977,1283.571,1268.977,1850.675,4.0608,4.2218,3076.961829,0.0,20.541,22.413,20.541,22.413
2500.0,2024-06-16,36168.802,3680.610984,3680.610984,8828.731125,23659.459891,14349.796,21819.006,34.586926,4.38169,4.73969,5451.56254,0.0,465.54,314.227,465.54,575.54,7.709904,0.905904,660.247295,0.0,1275.781,1286.732,1275.781,1858.196,4.0608,3.7278,2716.921291,0.0,20.874,22.096,20.874,22.862
2500.0,2024-06-17,49007.612,3680.610984,3680.610984,14522.690724,30804.310292,23232.68,25774.932,29.841683,4.687373,10.045037,11553.741057,0.0,460.182336,311.847,459.366,572.701,6.584717,0.0,0.0,0.0,1282.365717,1283.699,1283.699,1849.198,3.8016,4.0736,2968.949667,0.0,20.602,22.414,20.602,22.383
2500.0,2024-06-18,40394.775,3680.610984,3680.610984,24482.423034,12231.740982,17300.816,23093.959,16.176256,4.048877,10.045037,11553.741057,0.0,454.186176,308.052,453.59,573.525,6.02951,12.954227,9441.390547,0.0,1275.441,1275.441,1275.441,1843.314,4.0608,4.7848,3487.29143,0.0,19.878,21.943,19.878,22.965
2500.0,2024-06-19,43319.744,3680.610984,3680.610984,12895.835131,26743.297885,18625.013,24694.731,31.781293,3.890851,9.539027,10971.731851,0.0,448.538,304.011,448.538,571.218,5.213549,0.0,0.0,0.0,1280.654549,1274.106,1281.188,1851.609,3.888,2.64,1924.10328,0.0,21.126,22.167,21.126,22.596
2500.0,2024-06-20,46124.019,3680.610984,3680.610984,12632.309039,29811.098977,19301.655,26822.364,31.74261,4.02071,8.84671,10175.433222,0.0,443.712,300.549,443.712,566.364,4.867171,0.0,0.0,0.0,1285.52172,1263.105,1291.677,1854.193,3.456,3.371,2456.875817,0.0,21.211,22.135,21.211,22.699
2500.0,2024-06-21,50926.3,3680.610984,3680.610984,9327.621183,37918.067833,22723.939,28202.361,34.812274,3.339446,6.313446,7261.688169,0.0,440.738,295.772,440.738,561.271,3.647981,0.0,0.0,0.0,1289.169701,1254.453,1300.244,1845.053,2.9376,2.8346,2065.933014,0.0,21.314,21.993,21.314,22.147
2500.0,2024-06-22,46897.63,3680.610984,3680.610984,11548.420339,31668.598677,18234.6,28663.03,32.46391,3.03601,7.52201,8651.77031,0.0,436.252,293.328,436.252,556.025,4.266432,0.0,0.0,0.0,1293.436133,1243.457,1306.955,1829.291,3.1104,3.9744,2896.650029,0.0,20.45,21.618,20.45,22.089
2500.0,2024-06-23,46385.903,3680.610984,3680.610984,12348.567059,30356.724957,18541.362,27844.541,31.991278,3.630442,8.603442,9895.626908,0.0,431.279,292.747,431.279,550.921,4.697654,0.0,0.0,0.0,1298.133787,1234.036,1317.434,1826.057,3.3696,3.3656,2452.940151,0.0,20.454,21.428,20.454,21.599
2500.0,2024-06-24,54283.501,3680.610984,3680.610984,13222.224876,37380.66514,25140.81,29142.691,30.954528,3.944592,8.883592,10217.854217,0.0,426.34,291.815,426.34,553.006,4.812998,0.0,0.0,0.0,1302.946786,1220.136,1322.82,1817.084,3.7152,4.1222,3004.370659,0.0,20.047,22.204,20.047,22.13
2500.0,2024-06-25,51053.294,3680.610984,3680.610984,12629.768446,34742.914569,23384.975,27668.319,31.863954,3.408566,9.050566,10409.90717,0.0,420.698,288.726,420.698,550.445,3.380573,0.0,0.0,0.0,1306.327358,1203.63,1333.36,1814.855,3.1968,3.0458,2219.861277,0.0,20.198,22.54,20.198,22.451
2500.0,2024-06-26,45174.085,3680.610984,3680.610984,8187.883387,33305.590629,18874.883,26299.202,35.725738,3.230582,5.188582,5967.876345,0.0,418.74,284.745,418.74,550.607,3.869338,0.0,0.0,0.0,1310.196696,1191.985,1349.439,1819.331,3.024,3.046,2220.007042,0.0,20.176,22.265,20.176,22.835
2500.0,2024-06-27,49797.582,3680.610984,3680.610984,1309.847884,44807.123131,21174.597,28622.985,42.16312,2.894486,0.0,0.0,0.0,421.634486,281.522,422.163,552.515,3.065731,0.0,0.0,0.0,1313.262427,1184.544,1354.887,1813.688,2.8512,1.7972,1309.847884,0.0,21.23,21.768,21.23,23.996
2500.0,2024-06-28,46694.622,3680.610984,3680.610984,2072.200926,40941.810089,18360.495,28334.127,41.11712,3.229632,0.0,0.0,0.0,424.864118,279.873,425.235,549.789,3.24743,0.0,0.0,0.0,1316.509858,1175.135,1361.285,1804.582,2.8512,2.8432,2072.200926,0.0,21.238,21.464,21.238,24.019
2500.0,2024-06-29,42290.621,3680.610984,3680.610984,6030.307738,32579.702278,16477.074,25813.547,37.631907,2.395094,3.365213,3870.647571,0.0,423.894,279.304,423.894,546.314,3.470342,0.0,0.0,0.0,1319.9802,1163.162,1373.853,1796.188,2.8512,2.9632,2159.660166,0.0,21.126,21.603,21.126,22.703
2500.0,2024-06-30,41821.871,3680.610984,3680.610984,9590.473105,28550.78691,15052.458,26769.413,34.430027,2.942093,6.276093,7218.724282,0.0,420.56,280.703,420.56,542.349,5.8644,0.0,0.0,0.0,1325.8446,1148.083,1385.773,1782.235,2.8512,3.2542,2371.748823,0.0,20.723,21.246,20.723,22.566
2500.0,2024-07-01,41081.312,3873.320286,3873.320286,18587.642688,18620.349027,16197.323,24883.989,24.005578,5.403542,9.597542,11039.035683,0.0,416.366,280.964,416.366,538.696,9.726048,0.0,0.0,0.0,1335.570648,1143.771,1372.352,1773.683,10.1952,10.3572,7548.607004,0.0,20.561,23.408,20.561,22.416
2500.0,2024-07-02,43193.107,3873.320286,3873.320286,16915.429765,22404.356949,19370.172,23822.935,26.558683,5.364058,10.045037,11553.741057,0.0,411.685021,283.055,411.589,535.223,5.74223,0.0,0.0,0.0,1341.312878,1144.801,1360.77,1762.881,6.8256,7.3566,5361.688708,0.0,20.03,25.301,20.03,22.69
2500.0,2024-07-03,47540.102,3873.320286,3873.320286,13617.839152,30048.942562,20272.199,27267.903,30.56119,3.790109,9.14213,10515.222613,0.0,406.333,282.308,406.333,532.84,8.093261,0.0,0.0,0.0,1349.406139,1137.194,1352.945,1752.002,4.752,4.257,3102.616539,0.0,20.525,22.319,20.525,22.592
2500.0,2024-07-04,51535.049,3873.320286,3873.320286,13791.183666,33870.545049,22454.957,29080.092,30.43063,3.46369,9.32769,10728.652612,0.0,400.469,279.757,400.469,534.08,4.173984,0.0,0.0,0.0,1353.580123,1132.875,1358.31,1736.626,4.752,4.202,3062.531054,0.0,21.075,21.075,21.075,22.453
2500.0,2024-07-05,50452.236,3873.320286,3873.320286,16944.320636,29634.595078,21543.608,28908.628,26.030085,3.173299,9.199299,10580.978744,0.0,394.443,275.16,394.443,532.862,4.372013,4.701136,3426.314847,0.0,1353.251,1125.603,1353.251,1725.239,4.0608,4.0298,2937.027045,0.0,21.106,21.299,21.106,22.609
2500.0,2024-07-06,45802.939,3873.320286,3873.320286,20453.331248,21476.287467,18784.789,27018.15,20.139765,3.178656,7.338656,8440.878099,0.0,390.283,272.537,390.283,527.206,5.560099,12.857099,9370.601039,0.0,1345.954,1119.519,1345.954,1723.482,4.0608,3.6248,2641.85211,0.0,21.542,21.815,21.542,22.795
2500.0,2024-07-07,43128.827,3873.320286,3873.320286,22883.299632,16372.207082,17143.721,25985.106,18.370362,3.077914,10.045037,11553.741057,0.0,383.315877,270.515,383.268,521.59,4.403722,11.047722,8051.877791,0.0,1339.31,1112.893,1339.31,1722.42,3.7152,4.4972,3277.680784,0.0,20.76,22.324,20.76,22.324
2500.0,2024-07-08,55110.752,3873.320286,3873.320286,22673.355476,28564.076239,26775.821,28334.931,18.658419,3.383856,10.045037,11553.741057,0.0,376.654696,268.028,376.128,516.999,3.575664,11.489664,8373.977344,0.0,1331.396,1100.939,1331.396,1723.646,3.2832,3.7672,2745.637074,0.0,20.276,22.252,20.276,22.252
2500.0,2024-07-09,56451.916,3873.320286,3873.320286,19883.93514,32694.660575,28054.757,28397.159,22.485693,3.018557,10.045037,11553.741057,0.0,369.628216,264.392,369.152,512.179,3.45479,8.52079,6210.182105,0.0,1326.33,1079.432,1326.33,1727.241,3.1968,2.9088,2120.011978,0.0,20.564,21.63,20.564,22.471
2500.0,2024-07-10,55047.055,3873.320286,3873.320286,11017.49945,40156.235264,26504.174,28542.881,33.019067,3.133037,7.222253,8306.991837,0.0,365.539,260.274,365.539,505.868,3.181939,0.0,0.0,0.0,1329.511939,1059.077,1329.765,1723.118,3.024,3.719,2710.507613,0.0,19.869,21.3,19.869,21.666
2500.0,2024-07-11,54515.463,3873.320286,3873.320286,8242.470197,42399.672517,24429.346,30086.117,35.809357,2.709763,5.462763,6283.237456,0.0,362.786,254.772,362.786,499.761,3.773174,0.0,0.0,0.0,1333.285114,1041.866,1337.752,1709.412,2.8512,2.6882,1959.232741,0.0,20.032,21.444,20.032,21.444
2500.0,2024-07-12,50760.508,3873.320286,3873.320286,9720.088361,37167.099354,18789.302,31971.206,34.557293,3.023827,6.803827,7825.721222,0.0,359.006,251.518,359.006,493.471,3.705782,0.0,0.0,0.0,1336.990896,1030.429,1342.51,1697.49,2.8512,2.5992,1894.367138,0.0,20.284,22.128,20.284,21.837
2500.0,2024-07-13,48935.96,3873.320286,3873.320286,8986.689498,36075.950217,18149.06,30786.9,35.202397,2.431123,6.179123,7107.19043,0.0,355.258,251.703,355.258,487.048,2.976048,0.0,0.0,0.0,1339.966944,1013.455,1341.377,1683.824,2.7648,2.5788,1879.499068,0.0,20.47,22.392,20.47,21.793
2500.0,2024-07-14,47426.488,3873.320286,3873.320286,12748.437125,30804.73059,17415.682,30010.806,29.514395,2.516227,5.268227,6059.483316,0.0,352.506,253.32,352.506,493.878,4.069354,6.983298,5089.61584,0.0,1337.053,995.542,1337.053,1684.625,2.6784,2.1944,1599.337969,0.0,20.954,22.216,20.954,22.219
2500.0,2024-07-15,56226.319,3873.320286,3873.320286,9734.57491,42618.423804,24017.302,32209.017,30.603824,2.630275,0.0,0.0,0.0,355.136275,255.231,355.512,505.322,3.176496,11.050496,8053.899848,0.0,1329.179,979.476,1329.179,1683.948,2.592,2.306,1680.675062,0.0,21.24,21.618,21.24,22.579
2500.0,2024-07-16,57257.242,3873.320286,3873.320286,6043.01951,47340.902204,26222.96,31034.282,35.668888,2.590013,0.0,0.0,0.0,357.726288,257.075,365.204,503.601,2.808432,5.172432,3769.808097,0.0,1326.815,953.888,1326.815,1683.302,2.592,3.119,2273.211413,0.0,20.713,21.355,20.713,22.327
2500.0,2024-07-17,60842.947,3873.320286,3873.320286,3873.0823,53096.544414,27025.476,33817.471,38.646189,2.460499,0.0,0.0,0.0,360.186787,258.858,370.221,497.445,2.385331,3.018331,2199.841274,0.0,1326.182,924.889,1326.182,1664.049,2.3328,2.2958,1673.241027,0.0,20.75,21.926,20.75,22.574
2500.0,2024-07-18,61154.21,3873.320286,3873.320286,4256.797471,53024.092243,26989.008,34165.202,38.119706,2.356128,0.0,0.0,0.0,362.542915,260.788,371.582,490.828,2.291414,3.220414,2347.124966,0.0,1325.253,896.087,1325.253,1643.559,2.4192,2.6202,1909.672505,0.0,20.549,22.235,20.549,22.8
2500.0,2024-07-19,58017.345,3873.320286,3873.320286,10352.693672,43791.331042,25311.661,32705.684,29.755723,2.461968,0.0,0.0,0.0,365.004883,263.03,370.412,484.136,5.608397,11.706397,8531.938061,0.0,1319.155,866.951,1319.155,1622.401,2.4192,2.4982,1820.755611,0.0,20.47,21.884,20.47,22.845
2500.0,2024-07-20,53063.611,3873.320286,3873.320286,1864.339466,47325.951248,22722.59,30341.021,41.40232,2.492899,0.0,0.0,0.0,367.497782,264.918,369.777,477.781,0.981763,0.0,0.0,0.0,1320.136763,837.345,1323.964,1607.677,2.592,2.558,1864.339466,0.0,20.504,21.837,20.504,22.792
2500.0,2024-07-21,49668.891,3873.320286,3873.320286,3030.023561,42765.547154,20585.706,29083.185,40.419259,2.130278,1.066061,1226.176736,0.0,368.562,267.163,368.562,474.214,2.677277,0.0,0.0,0.0,1322.81404,814.237,1333.222,1612.107,2.592,2.475,1803.846825,0.0,20.621,21.893,20.621,22.764
2500.0,2024-07-22,56927.713,3873.320286,3873.320286,10763.575933,42290.816781,23814.305,33113.408,31.494731,2.452032,3.983032,4581.259508,0.0,367.031,269.453,367.031,490.958,3.312317,6.905357,5032.81048,0.0,1319.221,788.633,1319.221,1596.104,2.4192,1.5772,1149.505944,0.0,21.463,21.837,21.463,22.444
2500.0,2024-07-23,59303.437,3873.320286,3873.320286,18159.356329,37270.760385,25677.219,33626.218,22.282101,2.39207,5.60007,6441.167374,0.0,363.823,270.673,363.823,484.769,1.887149,13.162149,9592.929423,0.0,1307.946,761.368,1307.946,1589.277,2.16,2.916,2125.259532,0.0,20.707,21.572,20.707,22.581
2500.0,2024-07-24,58816.178,3873.320286,3873.320286,16673.889525,38268.968189,25081.205,33734.973,25.516179,2.543616,7.668616,8820.396112,0.0,358.698,271.131,358.698,478.716,2.488925,9.213925,6715.35717,0.0,1301.221,730.949,1301.221,1573.287,2.0736,1.5616,1138.136243,0.0,21.219,21.514,21.219,22.841
2500.0,2024-07-25,57581.972,3873.320286,3873.320286,16125.8775,37582.774215,25386.138,32195.834,26.910131,2.739139,8.779139,10097.713233,0.0,352.658,270.944,352.658,472.657,2.72065,5.12365,3734.254167,0.0,1298.818,707.272,1298.818,1564.128,2.2464,3.1474,2293.9101,0.0,20.318,21.895,20.318,22.712
2500.0,2024-07-26,55976.328,3873.320286,3873.320286,18445.345733,33657.661981,24565.045,31411.283,20.126638,2.480544,2.550544,2933.620406,0.0,352.588,268.662,352.588,466.363,3.642538,18.900538,13775.222117,0.0,1283.56,684.858,1283.56,1564.937,2.0736,2.3826,1736.50321,0.0,20.009,22.095,20.009,22.623
2500.0,2024-07-27,44524.844,3873.320286,3873.320286,14005.449682,26646.074032,18189.517,26335.327,28.368424,2.31025,6.26925,7210.853274,0.0,348.629,266.555,348.629,460.36,2.367446,6.770446,4934.484138,0.0,1279.157,668.619,1279.157,1567.972,1.9872,2.5522,1860.112269,0.0,19.444,21.844,19.444,22.784
2500.0,2024-07-28,41570.946,3873.320286,3873.320286,13796.754436,23900.871278,14238.746,27332.2,28.459562,2.531606,5.931606,6822.498092,0.0,345.229,266.348,345.229,454.408,4.497552,7.537552,5493.571412,0.0,1276.117,653.964,1276.117,1569.322,2.5056,2.0316,1480.684933,0.0,19.918,21.637,19.918,22.259
2500.0,2024-07-29,46232.703,3873.320286,3873.320286,27796.62413,14562.758584,16989.137,29243.566,11.263882,5.834592,9.413592,10827.457037,0.0,341.65,266.25,341.65,457.1,11.288246,18.899246,13774.281056,0.0,1268.506,644.795,1268.506,1559.176,5.0976,4.3836,3194.886037,0.0,20.632,22.36,20.632,22.785
2500.0,2024-07-30,48773.089,3873.320286,3873.320286,19666.03481,25233.733904,17945.307,30827.782,21.93656,4.79209,8.57809,9866.467189,0.0,337.864,269.537,337.864,458.065,7.42487,8.46687,6170.883753,0.0,1267.464,640.202,1267.464,1544.755,5.3568,4.9788,3628.683868,0.0,21.01,24.723,21.01,22.312
2500.0,2024-07-31,47418.193,3873.320286,3873.320286,11657.937891,31886.934824,17721.708,29696.485,30.049094,3.437078,3.605078,4146.539545,0.0,337.696,270.706,337.696,451.686,4.410547,6.421547,4680.196981,0.0,1265.453,629.565,1265.453,1535.555,3.3696,3.8846,2831.201364,0.0,20.495,25.423,20.495,22.179
2500.0,2024-08-01,48791.355,5500.415487,5500.415487,15445.262414,27845.6771,16222.588,32568.767,24.781267,2.734646,3.481646,4004.568799,0.0,336.949,271.643,336.949,446.124,4.076006,12.749006,9291.820087,0.0,1256.78,615.407,1256.78,1535.768,3.1104,2.9484,2148.873527,0.0,20.657,25.193,20.657,23.001
2500.0,2024-08-02,53340.316,5500.415487,5500.415487,15286.512229,32553.388284,19023.032,34317.284,26.097094,2.723846,5.380846,6189.017244,0.0,334.292,271.218,334.292,439.905,3.568579,9.656579,7037.975649,0.0,1250.692,602.727,1250.692,1512.672,2.7648,2.8258,2059.519337,0.0,20.596,24.655,20.596,22.524
2500.0,2024-08-03,51283.794,5500.415487,5500.415487,20918.147743,24865.23077,20781.751,30502.043,20.569314,2.81975,9.18475,10564.244802,0.0,327.927,270.433,327.927,433.436,2.865456,12.060456,8789.985965,0.0,1241.497,590.044,1241.497,1488.813,2.3328,2.1458,1563.916977,0.0,20.783,23.619,20.783,22.113
2500.0,2024-08-04,54146.057,5500.415487,5500.415487,21899.426887,26746.214627,21580.736,32565.321,19.055685,2.654467,8.895467,10231.513001,0.0,321.686,267.04,321.686,439.344,3.703968,13.881968,10117.553092,0.0,1231.319,578.346,1231.319,1475.238,2.4192,2.1272,1550.360794,0.0,21.075,22.034,21.075,22.236
2500.0,2024-08-05,59320.876,5500.415487,5500.415487,23544.985175,30275.475338,24247.3,35073.576,16.49479,2.554243,8.371243,9628.553701,0.0,315.869,265.085,315.869,440.583,3.672086,16.209086,11813.619814,0.0,1218.782,560.454,1218.782,1491.675,2.4192,2.8852,2102.81166,0.0,20.609,21.248,20.609,22.313
2500.0,2024-08-06,60261.442,5500.415487,5500.415487,21101.421543,33659.60497,26108.701,34152.741,20.368349,2.597098,9.272098,10664.711027,0.0,309.194,263.238,309.194,435.269,2.874874,12.750874,9293.180953,0.0,1208.906,539.464,1208.906,1493.67,2.16,1.569,1143.529563,0.0,21.2,21.609,21.2,22.59
2500.0,2024-08-07,57390.243,5500.415487,5500.415487,21601.542496,30288.285018,24383.118,33007.125,19.40428,2.565475,8.791475,10111.902026,0.0,302.968,261.955,302.968,430.065,3.199565,13.374565,9747.743939,0.0,1198.731,510.273,1198.731,1481.198,2.16,2.39,1741.89653,0.0,20.97,21.717,20.97,22.482
2500.0,2024-08-08,53206.12,5500.415487,5500.415487,25643.589371,22062.115142,21190.609,32015.511,13.409816,2.872714,8.015714,9219.625688,0.0,297.825,260.681,297.825,424.328,6.87839,19.18639,13983.559356,0.0,1186.423,488.402,1186.423,1462.354,3.1104,3.3484,2440.404327,0.0,20.732,22.29,20.732,22.327
2500.0,2024-08-09,53648.365,5500.415487,5500.415487,19432.894246,28715.055267,21207.425,32440.94,19.326368,2.954016,3.510016,4037.199343,0.0,297.269,260.12,297.269,419.056,5.431536,17.636536,12853.983623,0.0,1174.218,470.124,1174.218,1450.862,2.6784,3.4874,2541.71128,0.0,19.923,22.379,19.923,22.456
2500.0,2024-08-10,46893.305,5500.415487,5500.415487,20682.370457,20710.519057,17472.081,29421.224,17.78643,2.84472,3.81172,4384.217474,0.0,296.302,258.789,296.302,413.663,5.58697,20.61497,15024.746449,0.0,1159.19,460.632,1159.19,1440.336,2.4192,1.7472,1273.406534,0.0,20.595,21.949,20.595,22.589
2500.0,2024-08-11,42034.424,5500.415487,5500.415487,26041.850506,10492.158007,13414.403,28620.021,10.686035,2.703629,4.249629,4887.897548,0.0,294.756,257.099,294.756,409.169,6.181056,25.974056,18930.593312,0.0,1139.397,451.871,1139.397,1429.899,2.5056,3.0506,2223.359646,0.0,20.05,21.486,20.05,22.417
2500.0,2024-08-12,43486.916,5500.415487,5500.415487,22074.330431,15912.170082,14358.566,29128.35,16.01225,2.326406,4.046406,4654.152363,0.0,293.036,256.682,293.036,405.691,4.310064,21.631064,15765.303482,0.0,1122.076,444.838,1122.076,1427.059,2.5056,2.2706,1654.874586,0.0,20.285,21.385,20.285,22.842
2500.0,2024-08-13,47427.039,5500.415487,5500.415487,21305.795729,20620.827785,14865.823,32561.216,17.178773,2.682202,4.240202,4877.054439,0.0,291.478,255.588,291.478,400.77,4.493146,19.822146,14446.914911,0.0,1106.747,434.443,1106.747,1419.998,2.8512,2.7192,1981.826378,0.0,20.417,22.071,20.417,22.584
2500.0,2024-08-14,51058.31,5500.415487,5500.415487,23182.989788,22374.904726,15967.602,35090.708,14.43848,2.671402,3.955402,4549.479188,0.0,290.194,254.944,290.194,394.629,5.059238,23.386238,17044.521974,0.0,1088.42,422.753,1088.42,1412.71,2.8512,2.1802,1588.988625,0.0,21.088,22.348,21.088,22.514
2500.0,2024-08-15,42385.159,5500.415487,5500.415487,28221.857747,8662.885766,9516.947,32868.212,7.522427,1.921277,3.951277,4544.734868,0.0,288.164,255.502,288.164,389.274,4.671216,30.205216,22014.376962,0.0,1062.886,414.792,1062.886,1393.831,2.2464,2.2814,1662.745918,0.0,21.053,22.022,21.053,22.474
2500.0,2024-08-16,40514.316,5500.415487,5500.415487,27562.982703,7450.91781,10050.906,30463.41,9.775459,2.616624,6.284624,7228.536817,0.0,284.496,257.273,284.496,384.377,4.461437,25.055437,18261.078837,0.0,1042.292,411.081,1042.292,1384.991,2.7648,2.8448,2073.36705,0.0,20.973,21.655,20.973,22.298
2500.0,2024-08-17,33670.729,5500.415487,5500.415487,16550.109901,11620.203612,8376.052,25294.677,22.839085,2.306362,2.744362,3156.548246,0.0,284.058,255.968,284.058,378.303,3.976474,15.380474,11209.704432,0.0,1030.888,413.93,1030.888,1395.885,2.6784,2.9964,2183.857223,0.0,20.655,22.172,20.655,22.561
2500.0,2024-08-18,30607.764,5500.415487,5500.415487,18935.343788,6172.004725,7982.22,22625.544,20.679528,3.786739,4.669739,5371.106009,0.0,283.175,255.116,283.175,372.197,4.791053,16.089053,11726.136085,0.0,1019.59,420.231,1019.59,1397.809,2.592,2.522,1838.101694,0.0,20.725,21.786,20.725,21.965
2500.0,2024-08-19,43028.674,5500.415487,5500.415487,2496.524006,35031.734507,12964.939,30063.735,40.53492,2.501971,0.0,0.0,0.0,285.676971,253.41,286.855,368.242,5.428512,0.0,0.0,0.0,1025.018512,423.335,1034.82,1401.488,2.6784,3.4254,2496.524006,0.0,19.978,21.391,19.978,22.044
2500.0,2024-08-20,48246.539,5500.415487,5500.415487,1635.779319,41110.344194,15638.381,32608.158,41.71592,2.388874,0.0,0.0,0.0,288.065845,252.143,288.239,362.248,4.525718,0.0,0.0,0.0,1029.54423,416.411,1047.065,1394.938,2.6784,2.2444,1635.779319,0.0,20.412,21.484,20.412,22.858
2500.0,2024-08-21,47772.037,5500.415487,5500.415487,10559.838938,31711.782576,14177.425,33594.612,33.492579,2.377296,6.955141,7999.761217,0.0,283.488,251.14,283.488,356.529,5.519318,0.0,0.0,0.0,1035.063549,406.599,1046.684,1396.55,2.5056,3.5126,2560.07772,0.0,19.405,21.463,19.405,22.356
2500.0,2024-08-22,41992.676,5500.415487,5500.415487,14858.333039,21633.927474,10422.099,31570.577,28.237858,3.324499,8.067499,9279.189175,0.0,278.745,250.498,278.745,352.794,8.015414,5.848963,4262.882302,0.0,1037.23,400.077,1037.23,1392.935,2.16,1.806,1316.261562,0.0,19.759,21.475,19.759,22.068
2500.0,2024-08-23,32924.219,5500.415487,5500.415487,27423.803513,0.0,8350.261,24573.958,12.140483,10.714378,10.045037,11553.741057,0.0,279.414341,251.798,273.121,349.047,15.449702,13.2158,9632.032163,0.0,1039.463902,408.873,1031.171,1401.595,8.208,8.559,6238.030293,0.0,19.408,22.812,19.408,21.932
2500.0,2024-08-24,29532.567,5500.415487,5500.415487,21860.555647,2171.595866,9109.092,20423.475,19.773636,8.80969,10.045037,11553.741057,0.0,278.178994,257.963,268.354,344.419,9.018346,7.510248,5473.671223,0.0,1040.972,426.995,1040.972,1402.379,6.9984,6.6314,4833.143368,0.0,19.775,24.369,19.775,21.739
2500.0,2024-08-25,31112.192,5500.415487,5500.415487,17961.442276,7650.334238,7406.545,23705.647,25.123483,6.290006,10.045037,11553.741057,0.0,274.423963,259.474,263.963,344.57,10.094458,0.0,0.0,0.0,1051.066458,441.536,1052.465,1399.886,9.2448,8.7918,6407.701219,0.0,20.228,26.273,20.228,21.716
2500.0,2024-08-26,38042.365,5500.415487,5500.415487,20088.885956,12453.063557,11441.212,26601.153,22.204486,7.559222,10.045037,11553.741057,0.0,271.938149,261.319,261.319,341.863,10.255939,2.653397,1933.86723,0.0,1058.669,457.433,1058.669,1396.805,9.1584,9.0574,6601.27767,0.0,20.329,32.605,20.329,22.31
2500.0,2024-08-27,32505.478,5500.415487,5500.415487,27005.062513,0.0,12177.615,20327.863,12.715024,5.99927,10.045037,11553.741057,0.0,267.892382,262.088,262.088,338.201,8.968579,14.223859,10366.732773,0.0,1053.41372,470.974,1041.811,1395.777,6.9984,6.9764,5084.588683,0.0,20.351,30.471,20.351,22.134
2500.0,2024-08-28,28990.792,5500.415487,5500.415487,23490.376513,0.0,13178.078,15812.714,11.729933,6.237734,0.0,0.0,0.0,274.130117,263.488,263.488,335.455,10.185869,24.945987,18181.309114,0.0,1038.653601,484.391,1010.201,1394.524,6.9984,7.2844,5309.067399,0.0,20.065,27.797,20.065,22.11
2500.0,2024-08-29,27494.988,5500.415487,5500.415487,21994.572513,0.0,12751.901,14743.087,19.589755,7.36465,10.045037,11553.741057,0.0,271.44973,266.458,266.458,331.221,11.325226,2.050328,1494.334266,0.0,1047.928499,497.644,993.58,1397.75,12.3552,12.2752,8946.49719,0.0,20.145,26.238,20.145,22.276
2500.0,2024-08-30,25567.369,5500.415487,5500.415487,20066.953513,0.0,13799.899,11767.47,16.427101,9.186998,0.0,0.0,0.0,280.636728,271.953,266.187,324.555,9.9468,17.583019,12814.979098,0.0,1040.29228,514.216,986.644,1399.492,9.7632,9.9502,7251.974415,0.0,19.958,24.741,19.958,22.632
2500.0,2024-08-31,27390.962,5500.415487,5500.415487,21890.546513,0.0,15851.079,11539.883,19.310456,10.110874,9.315064,10714.130234,0.0,281.432538,278.977,261.988,318.078,14.964739,0.0,0.0,0.0,1055.257019,528.306,970.668,1394.267,15.2928,15.3348,11176.41628,0.0,19.916,19.916,19.916,22.26
2500.0,2024-09-01,27121.615,6862.364557,6862.364557,20259.250443,0.0,16368.525,10753.09,20.502774,18.229622,7.505946,8633.29367,0.0,292.156215,294.165,258.097,317.629,20.472048,0.0,0.0,0.0,1075.729067,546.305,948.428,1375.586,16.7616,15.9516,11625.956773,0.0,20.726,21.004,20.726,22.325
2500.0,2024-09-02,28674.207,6862.364557,6862.364557,21811.842443,0.0,17823.583,10850.624,15.54912,19.81895,2.6224,3016.268706,0.0,309.352765,311.797,256.318,313.257,21.714826,0.0,0.0,0.0,1097.443893,569.464,924.569,1359.068,26.0928,25.7888,18795.573738,0.0,21.03,27.372,21.03,22.177
2500.0,2024-09-03,29638.371,6862.364557,6862.364557,22776.006443,0.0,19539.651,10098.72,13.76547,22.596192,1.82545,2099.621749,0.0,330.123507,330.838,257.575,313.489,23.40239,0.0,0.0,0.0,1120.846283,593.331,903.761,1336.317,28.1664,28.3694,20676.384694,0.0,20.827,37.601,20.827,22.492
2500.0,2024-09-04,32716.57,6862.364557,6862.364557,25854.205443,0.0,22163.267,10553.303,14.294078,19.763827,10.045037,11553.741057,0.0,339.842297,350.758,256.004,309.721,20.564064,19.621206,14300.464386,0.0,1121.789142,620.897,881.607,1319.213,16.3296,0.0,0.0,0.0,37.1566,44.579,20.172,22.295
2500.0,2024-09-05,35459.486,6862.364557,6862.364557,28597.121443,0.0,23049.782,12409.704,10.530611,11.877581,10.045037,11553.741057,0.0,341.674841,359.097,252.639,306.294,16.998336,0.0,0.0,0.0,1138.787478,645.662,864.877,1300.414,10.8,23.384672,17043.380386,0.0,24.571928,41.099,19.21,22.148
2500.0,2024-09-06,31102.088,6862.364557,6862.364557,24239.723443,0.0,20981.051,10121.037,16.509256,9.19512,10.045037,11553.741057,0.0,340.824925,364.182,250.151,302.545,13.977792,17.406027,12685.982386,0.0,1135.359243,665.707,856.065,1288.45,7.6896,0.0,0.0,0.0,32.261528,33.572,21.068,22.406
2500.0,2024-09-07,25724.094,6862.364557,6862.364557,18861.729443,0.0,15585.308,10138.786,23.888228,9.639475,10.045037,11553.741057,0.0,340.419363,372.167,248.071,305.893,15.878592,0.0,0.0,0.0,1151.237835,681.709,842.003,1275.836,17.8848,10.027055,7307.988386,0.0,40.119273,27.614,19.868,22.585
2500.0,2024-09-08,24048.568,6862.364557,6862.364557,17186.203443,0.0,14749.568,9299.0,26.187163,12.539318,10.045037,11553.741057,0.0,342.913645,383.277,245.308,301.864,16.154381,0.0,0.0,0.0,1167.392215,698.357,828.46,1257.1,13.824,7.72812,5632.462386,0.0,46.215153,30.672,20.182,22.208
2500.0,2024-09-09,27031.957,6862.364557,6862.364557,20169.592443,0.0,17128.44,9903.517,22.093752,10.600243,10.045037,11553.741057,0.0,343.468851,392.324,243.147,299.523,14.607907,0.0,0.0,0.0,1182.000123,717.438,817.757,1236.225,12.6144,11.821532,8615.851386,0.0,47.008022,26.785,20.095,21.94
2500.0,2024-09-10,25178.11,6862.364557,6862.364557,18315.745443,0.0,15211.801,9966.309,24.637355,10.372752,10.045037,11553.741057,0.0,343.796566,397.938,236.657,299.288,15.864768,0.0,0.0,0.0,1197.864891,738.008,807.941,1214.573,12.528,9.277928,6762.004386,0.0,50.258094,26.785,20.292,22.628
2500.0,2024-09-11,28233.782,6862.364557,6862.364557,21371.417443,0.0,16038.479,12195.303,20.444766,8.836733,10.045037,11553.741057,0.0,342.588262,402.311,240.125,297.794,13.09055,0.0,0.0,0.0,1210.955441,756.373,794.897,1194.37,9.1584,13.470517,9817.676386,0.0,45.945977,26.297,20.179,22.556
2500.0,2024-09-12,25146.469,6862.364557,6862.364557,18284.104443,0.0,13651.159,11495.31,24.680769,6.973517,10.045037,11553.741057,0.0,339.516742,404.269,237.205,296.484,9.023357,9.234514,6730.363386,0.0,1210.744283,772.53,788.95,1209.246,7.5168,0.0,0.0,0.0,53.462777,25.112,20.103,22.18
2500.0,2024-09-13,25063.775,6862.364557,6862.364557,18201.410443,0.0,13688.56,11375.215,18.986752,9.950947,0.0,0.0,0.0,349.467689,406.308,235.926,295.076,17.049744,0.0,0.0,0.0,1227.794027,791.441,782.56,1227.359,13.6512,24.973568,18201.410443,0.0,42.140409,26.089,20.747,23.082
2500.0,2024-09-14,24206.688,6862.364557,6862.364557,17344.323443,0.0,14007.517,10199.171,25.970212,8.94456,10.045037,11553.741057,0.0,348.367213,409.039,235.281,300.054,11.223446,7.945071,5790.582386,0.0,1231.072403,812.55,771.646,1211.153,8.8992,0.0,0.0,0.0,51.039609,26.669,21.164,23.306
2500.0,2024-09-15,23107.605,6862.364557,6862.364557,16245.240443,0.0,13350.543,9757.062,27.478228,7.554643,10.045037,11553.741057,0.0,345.876819,410.825,235.469,300.09,10.087027,6.437055,4691.499386,0.0,1234.722375,829.578,759.682,1186.359,8.1216,0.0,0.0,0.0,59.161209,25.423,20.661,22.516
2500.0,2024-09-16,28185.302,6862.364557,6862.364557,21322.937443,0.0,15861.309,12323.993,14.703806,7.040131,0.0,0.0,0.0,352.91695,411.866,238.699,297.924,7.836566,0.0,0.0,0.0,1242.558941,845.723,750.7,1162.947,6.6528,29.256514,21322.937443,0.0,36.557495,23.635,20.723,22.921
2500.0,2024-09-17,32092.235,6862.364557,6862.364557,25229.870443,0.0,18573.575,13518.66,15.150708,7.846502,10.045037,11553.741057,0.0,350.718416,412.429,240.945,294.082,10.8432,18.764576,13676.129386,0.0,1234.637566,855.295,749.963,1143.851,6.9984,0.0,0.0,0.0,43.555895,21.981,21.007,22.968
2500.0,2024-09-18,31982.24,6862.364557,6862.364557,25119.875443,0.0,17576.884,14405.356,9.49415,5.79744,0.0,0.0,0.0,356.515856,410.025,244.31,292.373,8.21016,34.46617,25119.875443,0.0,1208.381556,862.543,740.232,1164.315,6.048,0.0,0.0,0.0,49.603895,21.279,20.653,22.516
2500.0,2024-09-19,20389.268,6862.364557,6862.364557,13526.903443,0.0,10401.561,9987.707,31.207971,6.145459,10.045037,11553.741057,0.0,352.616278,409.016,247.445,296.19,8.885462,2.707312,1973.162386,0.0,1214.559706,875.317,733.975,1178.246,6.7392,0.0,0.0,0.0,56.343095,21.468,20.14,21.866
2500.0,2024-09-20,19594.117,6862.364557,6862.364557,12731.752443,0.0,10223.082,9371.035,26.491493,5.868115,0.0,0.0,0.0,358.484393,407.991,250.438,295.049,6.844522,0.0,0.0,0.0,1221.404227,888.473,730.773,1156.738,7.2576,17.468827,12731.752443,0.0,46.131868,22.841,20.364,21.857
2500.0,2024-09-21,17749.223,6862.364557,6862.364557,10886.858443,0.0,8174.089,9575.134,34.495083,5.338915,9.465237,10886.858443,0.0,354.358072,408.609,248.295,293.819,7.370266,0.0,0.0,0.0,1228.774493,900.245,732.748,1170.861,5.2704,0.0,0.0,0.0,51.402268,24.845,20.544,22.42
2500.0,2024-09-22,15129.568,6862.364557,6862.364557,8267.203443,0.0,7341.814,7787.754,32.617157,5.89585,0.0,0.0,0.0,360.253922,413.235,254.971,292.5,8.757072,11.343163,8267.203443,0.0,1226.188402,910.656,729.904,1185.219,7.344,0.0,0.0,0.0,58.746268,23.491,20.602,23.491
2500.0,2024-09-23,20689.079,6862.364557,6862.364557,13826.714443,0.0,11020.372,9668.707,24.989131,6.204557,0.0,0.0,0.0,366.458478,417.894,260.578,291.457,8.159011,0.0,0.0,0.0,1234.347413,918.657,721.633,1200.208,6.8256,18.971189,13826.714443,0.0,46.60068,24.06,20.257,22.953
2500.0,2024-09-24,21589.627,6862.364557,6862.364557,14727.262443,0.0,11336.431,10253.196,29.560997,6.30193,10.045037,11553.741057,0.0,362.715371,420.42,257.823,290.388,7.197725,4.354286,3173.521386,0.0,1237.190852,929.445,721.619,1196.193,7.4304,0.0,0.0,0.0,54.03108,23.285,20.977,22.484
2500.0,2024-09-25,28833.817,6862.364557,6862.364557,21971.452443,0.0,16286.613,12547.204,13.813999,5.910365,0.0,0.0,0.0,368.625736,421.201,262.946,297.339,8.212147,30.146321,21971.452443,0.0,1215.256678,939.038,724.03,1189.808,6.2208,0.0,0.0,0.0,60.25188,21.22,21.131,23.08
2500.0,2024-09-26,21392.865,6862.364557,6862.364557,14530.500443,0.0,12567.461,8825.404,24.023489,6.701011,0.0,0.0,0.0,375.326747,421.345,262.6,314.072,11.371709,0.0,0.0,0.0,1226.628387,950.087,706.456,1203.095,11.5776,19.936831,14530.500443,0.0,51.892649,19.735,21.262,23.318
2500.0,2024-09-27,29217.24,6862.364557,6862.364557,22354.875443,0.0,17110.085,12107.155,19.095395,11.320906,10.045037,11553.741057,0.0,376.602616,424.749,262.219,312.127,12.31079,14.819888,10801.134386,0.0,1224.119289,965.552,704.828,1197.306,12.96,0.0,0.0,0.0,64.852649,26.086,21.325,23.397
2500.0,2024-09-28,21958.735,6862.364557,6862.364557,15096.370443,0.0,11140.661,10818.074,23.247077,8.150976,0.0,0.0,0.0,384.753592,426.854,261.414,320.846,10.151827,0.0,0.0,0.0,1234.271117,980.887,699.391,1179.141,8.0352,20.713243,15096.370443,0.0,52.174607,25.841,20.793,23.193
2500.0,2024-09-29,20632.378,6862.364557,6862.364557,13770.013443,0.0,10794.214,9838.164,30.874407,7.68528,10.045037,11553.741057,0.0,382.393835,428.19,259.582,318.831,8.630842,3.040876,2216.272386,0.0,1239.861082,996.703,687.193,1163.403,6.5664,0.0,0.0,0.0,58.741007,23.984,20.494,23.602
2500.0,2024-09-30,32117.332,6862.364557,6862.364557,25254.967443,0.0,19779.442,12337.89,15.116273,6.052752,10.045037,11553.741057,0.0,378.40155,234.619,72.826,128.817,8.71871,18.79901,13701.226386,0.0,1229.780782,1011.737,677.537,1152.86,5.8752,0.0,0.0,0.0,64.616207,21.735,20.753,23.6
2500.0,2024-10-01,23889.776,7918.165517,7918.165517,15971.610483,0.0,15251.665,8638.111,27.853667,6.066662,10.045037,11553.741057,0.0,374.423176,230.837,72.068,129.658,7.89575,0.0,0.0,0.0,1237.676533,1023.231,681.833,1144.653,5.4432,6.061616,4417.869426,0.0,63.997791,19.949,20.773,22.985
2500.0,2024-10-02,24084.697,7918.165517,7918.165517,16166.531483,0.0,14680.904,9403.793,27.586222,8.331984,10.045037,11553.741057,0.0,372.710123,226.56,73.547,126.954,13.803178,0.0,0.0,0.0,1251.47971,1036.5,688.848,1133.733,10.4544,6.329061,4612.790426,0.0,68.12313,19.884,21.141,22.681
2500.0,2024-10-03,27565.323,7918.165517,7918.165517,19647.157483,0.0,18552.244,9013.079,22.810568,16.324157,10.045037,11553.741057,0.0,378.989243,230.112,69.61,132.138,15.320362,0.0,0.0,0.0,1266.800072,1058.808,692.182,1120.963,13.392,11.104715,8093.416426,0.0,70.410414,24.609,21.144,23.422
2500.0,2024-10-04,30337.835,7918.165517,7918.165517,22419.669483,0.0,21473.94,8863.895,19.006494,14.374454,10.045037,11553.741057,0.0,383.318661,235.263,71.941,135.676,15.445123,0.0,0.0,0.0,1282.245195,1079.751,701.88,1104.957,12.528,14.90879,10865.928426,0.0,68.029625,26.007,21.448,23.728
2500.0,2024-10-05,21477.775,7918.165517,7918.165517,13559.609483,0.0,12688.125,8789.65,31.163096,11.162016,10.045037,11553.741057,0.0,384.43564,238.932,74.379,142.832,11.560838,0.0,0.0,0.0,1293.806034,1098.378,717.046,1098.378,12.096,2.752187,2005.868426,0.0,77.373437,31.798,21.619,23.388
2500.0,2024-10-06,18643.975,7918.165517,7918.165517,10725.809483,0.0,10583.464,8060.511,34.635102,9.36023,9.325218,10725.809483,0.0,384.470653,241.649,80.7,145.332,10.70401,0.0,0.0,0.0,1304.510043,1116.791,708.348,1116.791,9.6768,0.0,0.0,0.0,87.050237,40.583,21.783,23.747
2500.0,2024-10-07,21465.25,7918.165517,7918.165517,13547.084483,0.0,11909.455,9555.795,31.180281,7.890221,10.045037,11553.741057,0.0,382.315837,245.859,79.733,156.25,9.968486,0.0,0.0,0.0,1314.47853,1130.566,689.606,1130.566,8.3808,2.735002,1993.343426,0.0,92.696035,45.033,21.033,23.587
2500.0,2024-10-08,20385.123,7918.165517,7918.165517,12466.957483,0.0,11456.432,8928.691,32.662288,10.607069,10.045037,11553.741057,0.0,382.877869,253.516,79.14,166.787,16.398547,0.0,0.0,0.0,1330.877077,1142.445,667.541,1142.445,12.096,1.252995,913.216426,0.0,103.53904,46.109,21.318,24.187
2500.0,2024-10-09,22867.187,7918.165517,7918.165517,14949.021483,0.0,13633.313,9233.874,29.256729,8.767094,10.045037,11553.741057,0.0,381.599926,263.452,81.604,163.936,8.660563,0.0,0.0,0.0,1339.53764,1154.678,665.251,1136.465,9.504,4.658555,3395.280426,0.0,108.384486,46.836,21.242,23.719
2500.0,2024-10-10,29166.53,7918.165517,7918.165517,21248.364483,0.0,19848.717,9317.813,14.806125,8.14199,0.0,0.0,0.0,389.741917,268.861,80.697,159.89,9.11615,0.0,0.0,0.0,1348.65379,1165.549,663.326,1128.198,7.4304,29.154195,21248.364483,0.0,86.660691,42.885,20.571,23.569
2500.0,2024-10-11,25367.219,7918.165517,7918.165517,17449.053483,0.0,16440.377,8926.842,25.826515,6.457018,10.045037,11553.741057,0.0,386.153897,272.073,82.371,161.591,8.602589,0.0,0.0,0.0,1357.256379,1174.655,645.87,1119.599,6.48,8.088768,5895.312426,0.0,85.051923,39.36,20.998,23.508
2500.0,2024-10-12,16664.067,7918.165517,7918.165517,8745.901483,0.0,8851.249,7812.818,36.356471,6.00912,7.603849,8745.901483,0.0,384.559168,278.345,84.183,170.673,8.479901,0.0,0.0,0.0,1365.73628,1180.915,631.089,1109.738,6.1344,0.0,0.0,0.0,91.186323,36.265,21.556,24.59
2500.0,2024-10-13,17918.113,7918.165517,7918.165517,9999.947483,0.0,8678.438,9239.675,35.26618,6.101568,8.69414,9999.947483,0.0,381.966597,284.378,82.919,174.984,6.511622,0.0,0.0,0.0,1372.247902,1187.431,622.402,1100.041,5.8752,0.0,0.0,0.0,97.061523,37.059,21.328,24.895
2500.0,2024-10-14,27108.909,7918.165517,7918.165517,19190.743483,0.0,15427.749,11681.16,23.436799,6.123168,10.045037,11553.741057,0.0,378.044728,289.804,82.296,179.054,6.95425,0.0,0.0,0.0,1379.202152,1192.98,635.212,1095.161,4.752,10.478485,7637.002426,0.0,91.335038,33.027,21.549,23.58
2500.0,2024-10-15,27394.495,7918.165517,7918.165517,19476.329483,0.0,17203.212,10191.283,23.044955,4.937328,10.045037,11553.741057,0.0,372.937019,291.275,84.035,181.305,6.261235,0.0,0.0,0.0,1385.463387,1195.379,667.376,1092.034,4.6656,10.870328,7922.588426,0.0,85.130311,27.75,21.519,23.825
2500.0,2024-10-16,31772.554,7918.165517,7918.165517,23854.388483,0.0,21593.23,10179.324,17.037962,4.866739,10.045037,11553.741057,0.0,367.758721,291.501,82.824,184.465,5.968858,0.0,0.0,0.0,1391.432245,1194.945,693.127,1091.139,4.5792,16.877321,12300.647426,0.0,72.832189,25.44,22.105,23.115
2500.0,2024-10-17,34249.355,7918.165517,7918.165517,26331.189483,0.0,23320.843,10928.512,13.639623,4.630176,10.045037,11553.741057,0.0,362.343861,291.123,80.861,187.773,5.722963,20.27566,14777.448426,0.0,1376.879548,1187.525,711.527,1082.616,4.4928,0.0,0.0,0.0,77.324989,23.176,21.408,23.282
2500.0,2024-10-18,31787.554,7918.165517,7918.165517,23869.388483,0.0,22068.678,9718.876,17.017381,5.008435,10.045037,11553.741057,0.0,357.307259,289.742,84.564,184.547,5.480957,0.0,0.0,0.0,1382.360505,1181.009,721.303,1075.488,4.5792,16.897902,12315.647426,0.0,65.006287,22.011,21.742,23.138
2500.0,2024-10-19,25593.352,7918.165517,7918.165517,17675.186483,0.0,15361.016,10232.336,25.516246,4.410806,10.045037,11553.741057,0.0,351.673029,284.51,94.439,181.502,5.807462,8.399038,6121.445426,0.0,1379.76893,1182.915,722.128,1079.852,4.9248,0.0,0.0,0.0,69.931087,22.227,21.141,23.44
2500.0,2024-10-20,23952.296,7918.165517,7918.165517,16034.130483,0.0,13309.534,10642.762,27.767885,4.513363,10.045037,11553.741057,0.0,346.141355,278.625,91.994,185.19,5.738429,6.147398,4480.389426,0.0,1379.359961,1190.62,721.763,1084.945,5.4432,0.0,0.0,0.0,75.374287,22.02,21.247,23.257
2500.0,2024-10-21,30775.727,7918.165517,7918.165517,22857.561483,0.0,20075.129,10700.598,18.405676,4.947955,10.045037,11553.741057,0.0,341.044273,272.922,94.098,184.933,6.608909,0.0,0.0,0.0,1385.968869,1198.437,722.249,1108.914,5.184,15.509607,11303.820426,0.0,65.04868,21.192,21.735,22.766
2500.0,2024-10-22,35619.075,7918.165517,7918.165517,27700.909483,0.0,24216.562,11402.513,11.760275,4.8168,10.045037,11553.741057,0.0,335.816037,267.402,99.882,189.34,5.647622,22.155009,16147.168426,0.0,1369.461483,1201.959,729.038,1136.715,5.5296,0.0,0.0,0.0,70.57828,19.611,21.896,23.31
2500.0,2024-10-23,30417.201,7918.165517,7918.165517,22499.035483,0.0,21083.987,9333.214,18.897598,6.324221,10.045037,11553.741057,0.0,332.095221,262.417,108.155,201.376,8.665574,0.0,0.0,0.0,1378.127058,1208.693,726.162,1131.779,8.208,15.017685,10945.294426,0.0,63.768595,13.108,21.354,23.181
2500.0,2024-10-24,26196.85,7918.165517,7918.165517,18278.684483,0.0,17903.114,8293.736,18.880727,9.130406,0.0,0.0,0.0,341.225627,260.875,119.56,198.656,18.245866,0.0,0.0,0.0,1396.372923,1226.399,717.585,1127.806,30.4128,25.079593,18278.684483,0.0,69.101802,12.315,21.609,23.759
2500.0,2024-10-25,25252.282,7918.165517,7918.165517,17334.116483,0.0,17552.724,7699.558,20.176738,30.764016,0.0,0.0,0.0,371.989643,276.205,121.687,196.006,29.976912,0.0,0.0,0.0,1426.349835,1257.044,706.717,1127.867,40.5216,23.783582,17334.116483,0.0,85.83982,41.876,21.667,23.962
2500.0,2024-10-26,25233.479,7918.165517,7918.165517,17315.313483,0.0,17225.654,8007.825,20.202537,32.01889,0.0,0.0,0.0,404.008533,305.536,124.569,194.008,45.998842,0.0,0.0,0.0,1472.348677,1302.822,693.41,1121.13,25.6608,23.757783,17315.313483,0.0,87.742837,55.087,21.854,24.195
2500.0,2024-10-27,27560.412,7918.165517,7918.165517,19642.246483,0.0,20463.483,7096.929,22.817306,16.960838,10.045037,11553.741057,0.0,410.924334,328.094,127.39,191.543,25.218432,0.0,0.0,0.0,1497.567109,1336.896,684.102,1109.093,13.824,11.097977,8088.505426,0.0,90.46886,57.108,21.472,23.913
2500.0,2024-10-28,29393.438,7918.165517,7918.165517,21475.272483,0.0,20311.618,9081.82,20.30227,13.637376,10.045037,11553.741057,0.0,414.516673,342.854,129.819,189.156,20.001341,0.0,0.0,0.0,1517.56845,1359.526,679.664,1106.551,11.4912,13.613013,9921.531426,0.0,88.347047,52.981,21.646,23.675
2500.0,2024-10-29,30721.589,7918.165517,7918.165517,22803.423483,0.0,19578.292,11143.297,18.479957,12.73847,10.045037,11553.741057,0.0,417.210107,355.257,132.32,189.088,17.033069,0.0,0.0,0.0,1534.601518,1378.79,670.267,1117.092,10.2816,15.435326,11249.682426,0.0,83.193321,47.294,21.575,24.455
2500.0,2024-10-30,32550.948,7918.165517,7918.165517,24632.782483,0.0,21150.915,11400.033,15.969953,11.794118,10.045037,11553.741057,0.0,418.959189,362.916,140.032,195.566,13.951354,0.0,0.0,0.0,1548.552872,1397.611,658.208,1121.825,9.3312,17.945331,13079.041426,0.0,74.579191,43.451,21.976,23.932
2500.0,2024-10-31,25583.282,7918.165517,7918.165517,17665.116483,0.0,17696.093,7887.189,25.530062,12.394253,10.045037,11553.741057,0.0,421.308405,367.754,145.366,203.458,13.203562,8.385221,6111.375426,0.0,1553.371213,1417.936,678.55,1124.22,10.2816,0.0,0.0,0.0,84.860791,38.417,22.21,23.58
2500.0,2024-11-01,22985.067,9216.561519,9216.561519,13768.505481,0.0,18179.606,4805.461,30.876476,10.637136,10.045037,11553.741057,0.0,421.900504,370.364,149.722,209.875,12.040704,0.0,0.0,0.0,1565.411917,1438.627,712.572,1125.428,12.096,3.038807,2214.764423,0.0,93.917984,40.405,21.817,23.286
2500.0,2024-11-02,15730.719,9216.561519,9216.561519,6514.157481,0.0,11616.647,4114.072,38.296791,11.647152,5.663529,6514.157481,0.0,427.884126,373.917,149.212,209.109,12.455856,0.0,0.0,0.0,1577.867773,1458.221,735.832,1121.187,12.3552,0.0,0.0,0.0,106.273184,44.189,21.456,23.32
2500.0,2024-11-03,18090.911,9216.561519,9216.561519,8874.349481,0.0,14998.598,3092.313,36.244796,9.430906,7.715524,8874.349481,0.0,429.599508,374.22,146.282,206.898,10.534579,0.0,0.0,0.0,1588.402352,1479.424,720.021,1117.39,8.64,0.0,0.0,0.0,114.913184,45.21,21.45,23.517
2500.0,2024-11-04,24327.27,9216.561519,9216.561519,15110.708481,0.0,20594.469,3732.801,23.227405,8.361274,0.0,0.0,0.0,437.960782,372.67,145.456,209.884,11.750314,0.0,0.0,0.0,1600.152666,1499.04,702.72,1116.959,8.0352,20.732915,15110.708481,0.0,102.215468,41.606,21.952,24.244
2500.0,2024-11-05,26820.756,9216.561519,9216.561519,17604.194481,0.0,22169.481,4651.275,25.613651,8.796125,10.045037,11553.741057,0.0,436.71187,370.881,147.087,213.737,9.18432,0.0,0.0,0.0,1609.336986,1517.998,689.628,1117.63,9.936,8.301632,6050.453423,0.0,103.849837,36.107,21.444,24.582
2500.0,2024-11-06,33230.936,9216.561519,9216.561519,24014.374481,0.0,25874.211,7356.725,16.81845,10.202026,10.045037,11553.741057,0.0,436.868858,369.986,148.092,222.219,10.875946,0.0,0.0,0.0,1620.212931,1536.167,680.753,1115.508,10.4544,17.096833,12460.633423,0.0,97.207404,32.207,21.954,24.863
2500.0,2024-11-07,28991.78,9216.561519,9216.561519,19775.218481,0.0,23746.046,5245.734,22.634859,10.804147,10.045037,11553.741057,0.0,437.627969,369.937,146.919,222.642,12.104035,0.0,0.0,0.0,1632.316966,1552.721,677.471,1120.492,10.5408,11.280424,8221.477423,0.0,96.46778,26.265,21.649,24.382
2500.0,2024-11-08,25118.451,9216.561519,9216.561519,15901.889481,0.0,22349.884,2768.567,22.141851,12.801283,0.0,0.0,0.0,450.429252,370.838,144.915,222.554,17.483645,0.0,0.0,0.0,1649.800611,1574.783,752.565,1124.917,24.0192,21.818469,15901.889481,0.0,98.668511,23.391,21.957,23.436
2500.0,2024-11-09,25653.783,9216.561519,9216.561519,16437.221481,0.0,23410.73,2243.053,21.407339,54.519955,0.0,0.0,0.0,504.949207,393.221,143.937,224.558,55.764461,0.0,0.0,0.0,1705.565072,1621.883,813.16,1129.115,76.896,22.552981,16437.221481,0.0,153.01153,63.211,21.868,23.441
2500.0,2024-11-10,28374.236,9216.561519,9216.561519,19157.674481,0.0,26207.795,2166.441,17.674693,41.230771,0.0,0.0,0.0,546.179978,436.978,148.352,226.007,60.340723,0.0,0.0,0.0,1765.905795,1692.869,836.003,1197.032,30.8448,26.285627,19157.674481,0.0,157.570703,93.738,21.722,23.432
2500.0,2024-11-11,29118.245,9216.561519,9216.561519,19901.683481,0.0,24836.604,4281.641,16.653863,21.30745,0.0,0.0,0.0,567.487428,454.424,150.531,227.772,39.904358,0.0,0.0,0.0,1805.810154,1753.556,833.439,1246.973,18.0576,27.306457,19901.683481,0.0,148.321845,91.83,22.145,23.089
2500.0,2024-11-12,34305.238,9216.561519,9216.561519,25088.676481,0.0,28571.709,5733.529,9.536957,15.640042,0.0,0.0,0.0,583.12747,461.884,153.084,229.827,26.658288,0.0,0.0,0.0,1832.468442,1795.813,832.641,1249.351,13.392,34.423363,25088.676481,0.0,127.290482,83.878,21.503,23.642
2500.0,2024-11-13,33060.841,9216.561519,9216.561519,23844.279481,0.0,28657.739,4403.102,17.051832,13.003373,10.045037,11553.741057,0.0,586.085806,466.055,154.635,231.315,19.92479,0.0,0.0,0.0,1852.393232,1825.549,829.869,1246.317,11.8368,16.863451,12290.538423,0.0,122.263831,75.221,20.842,23.35
2500.0,2024-11-14,30697.327,9216.561519,9216.561519,21480.765481,0.0,25857.674,4839.653,20.294733,13.569984,10.045037,11553.741057,0.0,589.610753,468.67,155.321,232.899,19.447517,0.0,0.0,0.0,1871.840749,1851.288,820.911,1242.366,12.4416,13.62055,9927.024423,0.0,121.084882,67.071,20.489,22.919
2500.0,2024-11-15,27044.65,9216.561519,9216.561519,17828.088481,0.0,23719.553,3325.097,25.306454,22.892803,10.045037,11553.741057,0.0,602.458519,478.204,156.301,260.813,17.531856,0.0,0.0,0.0,1889.372605,1879.415,816.95,1238.181,14.9472,8.60883,6274.347423,0.0,127.423252,62.833,21.435,22.921
2500.0,2024-11-16,21636.162,9216.561519,9216.561519,12419.600481,0.0,19395.878,2240.284,32.727265,19.679155,10.045037,11553.741057,0.0,612.092638,490.469,155.796,263.569,21.70368,0.0,0.0,0.0,1911.076285,1907.557,815.255,1236.557,12.3552,1.188018,865.859423,0.0,138.590434,58.425,21.102,23.399
2500.0,2024-11-17,21241.112,9216.561519,9216.561519,12024.550481,0.0,19003.941,2237.171,33.269301,14.503018,10.045037,11553.741057,0.0,616.550618,497.051,143.365,271.623,19.922026,0.0,0.0,0.0,1930.99831,1935.743,812.023,1278.261,8.9856,0.645982,470.809423,0.0,146.930052,51.09,21.229,23.211
2500.0,2024-11-18,28082.538,9216.561519,9216.561519,18865.976481,0.0,25506.346,2576.192,23.882401,11.541226,10.045037,11553.741057,0.0,618.046807,499.737,149.518,272.984,17.894304,0.0,0.0,0.0,1948.892614,1962.708,819.37,1339.805,8.208,10.032882,7312.235423,0.0,145.10517,42.168,21.725,23.595
2500.0,2024-11-19,27991.165,9216.561519,9216.561519,18774.603481,0.0,25310.939,2680.226,24.007771,10.330848,10.045037,11553.741057,0.0,618.332618,501.366,148.379,274.499,15.046387,0.0,0.0,0.0,1963.939002,1984.047,843.409,1351.672,6.7392,9.907512,7220.862423,0.0,141.936857,34.403,21.793,23.859
2500.0,2024-11-20,25738.546,9216.561519,9216.561519,16521.984481,0.0,23012.674,2725.872,27.098517,9.138874,10.045037,11553.741057,0.0,617.426455,502.011,153.622,276.52,14.919552,0.0,0.0,0.0,1978.858554,1999.208,863.682,1344.455,7.9488,6.816766,4968.243423,0.0,143.068891,27.292,21.162,24.601
2500.0,2024-11-21,27711.666,9216.561519,9216.561519,18495.104481,0.0,25239.673,2471.993,24.391263,8.709206,10.045037,11553.741057,0.0,616.090625,500.55,160.323,278.49,10.844237,0.0,0.0,0.0,1989.70279,2009.499,882.386,1348.411,6.9984,9.524021,6941.363423,0.0,140.54327,23.722,21.739,23.722
2500.0,2024-11-22,27422.513,9216.561519,9216.561519,18205.951481,0.0,24882.732,2539.781,24.788,8.137152,10.045037,11553.741057,0.0,614.18274,498.841,165.427,280.8,11.632896,0.0,0.0,0.0,2001.335686,2016.765,899.124,1339.616,6.5664,9.127283,6652.210423,0.0,137.982387,22.277,21.692,23.877
2500.0,2024-11-23,24901.631,9216.561519,9216.561519,15685.069481,0.0,23035.184,1866.447,28.246821,7.42055,10.045037,11553.741057,0.0,611.558254,496.52,170.081,283.434,9.765101,0.0,0.0,0.0,2011.100787,2018.817,914.085,1335.765,5.9616,5.668462,4131.328423,0.0,138.275525,21.947,22.143,24.8
2500.0,2024-11-24,24763.581,9216.561519,9216.561519,15547.019481,0.0,21718.394,3045.187,28.436235,6.779808,10.045037,11553.741057,0.0,608.293025,493.497,174.775,286.607,8.993203,0.0,0.0,0.0,2020.09399,2018.975,931.893,1342.306,7.2576,5.479048,3993.278423,0.0,140.054076,22.124,21.739,25.065
2500.0,2024-11-25,27594.075,9216.561519,9216.561519,18377.513481,0.0,23975.42,3618.655,24.552605,6.655997,10.045037,11553.741057,0.0,604.903985,489.976,180.595,293.534,9.673517,0.0,0.0,0.0,2029.767507,2025.354,948.281,1357.393,5.7024,9.362678,6823.772423,0.0,136.393798,21.464,21.464,24.759
2500.0,2024-11-26,30410.504,9216.561519,9216.561519,21193.942481,0.0,27327.735,3082.769,20.688274,6.753197,10.045037,11553.741057,0.0,601.612145,486.473,185.041,293.075,9.029837,0.0,0.0,0.0,2038.797344,2029.253,959.647,1348.0,6.9984,13.227009,9640.201423,0.0,130.165189,21.35,21.805,24.132
2500.0,2024-11-27,32095.481,9216.561519,9216.561519,22878.919481,0.0,27224.914,4870.567,18.376371,7.151242,10.045037,11553.741057,0.0,598.71835,484.106,190.266,296.621,10.572077,0.0,0.0,0.0,2049.369421,2026.303,969.067,1373.695,8.3808,15.538912,11325.178423,0.0,123.007078,21.215,21.202,24.087
2500.0,2024-11-28,28387.725,9216.561519,9216.561519,19171.163481,0.0,22735.712,5652.013,23.463664,8.422186,10.045037,11553.741057,0.0,597.095498,484.527,197.751,299.761,11.394605,0.0,0.0,0.0,2060.764026,2025.081,989.919,1417.433,8.7264,10.451619,7617.422423,0.0,121.281858,20.67,22.049,24.595
2500.0,2024-11-29,32112.191,9216.561519,9216.561519,22895.629481,0.0,26926.044,5186.147,18.353444,8.709466,10.045037,11553.741057,0.0,595.759927,483.815,203.056,304.912,13.089254,0.0,0.0,0.0,2073.85328,2028.472,994.438,1420.218,10.7136,15.561839,11341.888423,0.0,116.433619,21.162,21.434,23.446
2500.0,2024-11-30,23966.831,9216.561519,9216.561519,14750.269481,0.0,21928.94,2037.891,29.52943,9.924336,10.045037,11553.741057,0.0,595.639226,482.87,205.475,304.619,14.613178,4.385853,3196.528423,0.0,2084.080604,2036.53,992.956,1424.745,8.9856,0.0,0.0,0.0,125.419219,21.682,21.683,24.063
2500.0,2024-12-01,22512.469,9720.202495,9720.202495,12792.266505,0.0,20647.272,1865.197,32.215942,8.985254,10.045037,11553.741057,0.0,594.579444,482.209,211.207,303.491,16.036531,0.0,0.0,0.0,2100.117135,2050.956,992.36,1428.524,7.8624,1.699341,1238.525448,0.0,131.582278,21.196,21.532,23.769
2500.0,2024-12-02,32136.112,9720.202495,9720.202495,22415.909505,0.0,27407.103,4729.009,19.011653,8.11633,10.045037,11553.741057,0.0,592.650737,480.434,217.807,301.63,13.317437,0.0,0.0,0.0,2113.434572,2060.31,985.878,1427.347,8.2944,14.903631,10862.168448,0.0,124.973048,21.334,21.356,22.875
2500.0,2024-12-03,27478.701,9720.202495,9720.202495,17758.498505,0.0,23446.649,4032.052,25.401936,9.114854,10.045037,11553.741057,0.0,591.720554,478.691,224.308,305.534,14.995584,0.0,0.0,0.0,2128.430156,2065.426,994.792,1443.599,10.368,8.513347,6204.757448,0.0,126.8277,21.951,21.062,23.45
2500.0,2024-12-04,29341.881,9720.202495,9720.202495,19621.678505,0.0,25301.145,4040.736,22.845527,11.659162,10.045037,11553.741057,0.0,593.334679,478.262,230.084,309.689,18.612202,0.0,0.0,0.0,2147.042358,2076.715,1004.094,1460.74,13.2192,11.069757,8067.937448,0.0,128.977144,26.653,21.184,23.838
2500.0,2024-12-05,27345.714,9720.202495,9720.202495,17625.511505,0.0,23853.166,3492.548,25.584403,15.448838,10.045037,11553.741057,0.0,598.738481,481.717,234.797,314.728,26.872301,0.0,0.0,0.0,2173.914658,2097.38,1001.871,1475.837,17.8848,8.33088,6071.770448,0.0,138.531063,31.877,20.938,23.02
2500.0,2024-12-06,34120.251,9720.202495,9720.202495,24400.048505,0.0,29881.587,4238.664,16.289279,13.425955,10.045037,11553.741057,0.0,602.119399,485.936,236.685,322.982,30.343162,0.0,0.0,0.0,2204.25782,2125.438,1016.805,1491.099,9.5904,17.626004,12846.307448,0.0,130.49546,29.399,20.863,23.207
2500.0,2024-12-07,25330.897,9720.202495,9720.202495,15610.694505,0.0,22837.534,2493.363,28.348868,10.461139,10.045037,11553.741057,0.0,602.535502,487.575,240.021,325.611,26.123386,5.566415,4056.953448,0.0,2224.814791,2152.747,1025.437,1500.131,7.9488,0.0,0.0,0.0,138.44426,22.76,21.436,23.507
2500.0,2024-12-08,22172.115,9720.202495,9720.202495,12451.912505,0.0,19848.325,2323.79,32.682931,12.265603,10.045037,11553.741057,0.0,604.756068,488.51,244.192,328.233,24.33145,0.0,0.0,0.0,2249.14624,2178.589,1029.486,1497.164,10.7136,1.232352,898.171448,0.0,147.925508,20.169,21.239,23.877
2500.0,2024-12-09,28018.556,9720.202495,9720.202495,18298.353505,0.0,24748.639,3269.917,18.85374,16.416432,0.0,0.0,0.0,621.1725,491.961,249.211,331.225,25.108272,0.0,0.0,0.0,2274.254512,2200.738,1037.851,1497.293,14.6016,25.10658,18298.353505,0.0,137.420527,24.609,21.632,24.458
2500.0,2024-12-10,34374.098,9720.202495,9720.202495,24653.895505,0.0,31284.291,3089.807,15.940984,13.013914,10.045037,11553.741057,0.0,624.141377,496.507,252.12,328.392,22.898938,0.0,0.0,0.0,2297.15345,2214.883,1050.148,1504.538,9.072,17.974299,13100.154448,0.0,128.518228,25.215,21.49,24.52
2500.0,2024-12-11,35203.661,9720.202495,9720.202495,25483.458505,0.0,30903.657,4300.004,14.802768,9.863078,10.045037,11553.741057,0.0,623.959418,497.064,252.907,325.87,17.215373,19.112516,13929.717448,0.0,2295.256307,2222.208,1064.655,1512.917,6.9984,0.0,0.0,0.0,135.516628,21.869,21.725,24.671
2500.0,2024-12-12,38048.593,9720.202495,9720.202495,28328.390505,0.0,30977.431,7071.162,10.899328,7.799674,10.045037,11553.741057,0.0,621.714055,495.124,253.95,328.157,15.566429,23.015955,16774.649448,0.0,2287.806781,2223.173,1076.622,1515.3,7.9488,0.0,0.0,0.0,143.465428,19.696,21.686,24.08
2500.0,2024-12-13,31062.428,9720.202495,9720.202495,21342.225505,0.0,27880.339,3182.089,20.48482,7.013779,10.045037,11553.741057,0.0,618.682798,491.666,253.96,346.315,14.817946,0.0,0.0,0.0,2302.624727,2224.538,1092.192,1528.89,9.504,13.430464,9788.484448,0.0,139.538965,22.331,22.096,24.55
2500.0,2024-12-14,23977.947,9720.202495,9720.202495,14257.744505,0.0,22085.616,1892.331,24.397729,12.074573,0.0,0.0,0.0,630.75737,490.149,257.407,358.189,24.537427,0.0,0.0,0.0,2327.162154,2242.16,1103.972,1538.038,27.0432,19.562591,14257.744505,0.0,147.019574,26.518,22.102,25.964
2500.0,2024-12-15,26924.154,9720.202495,9720.202495,17203.951505,0.0,24984.529,1939.625,26.162812,18.596995,10.045037,11553.741057,0.0,639.309329,496.017,259.527,359.915,31.278528,0.0,0.0,0.0,2358.440682,2270.859,1125.112,1543.113,19.872,7.752471,5650.210448,0.0,159.139103,41.666,22.569,25.731
2500.0,2024-12-16,32871.882,9720.202495,9720.202495,23151.679505,0.0,28755.763,4116.119,12.194648,14.71919,0.0,0.0,0.0,654.028519,501.585,259.483,360.384,33.352387,0.0,0.0,0.0,2391.793069,2300.424,1150.213,1550.19,12.2688,31.765672,23151.679505,0.0,139.64223,40.393,21.541,24.962
2500.0,2024-12-17,25032.251,9720.202495,9720.202495,15312.048505,0.0,23100.283,1931.968,28.758631,10.767773,10.045037,11553.741057,0.0,654.751255,503.565,258.053,361.299,24.071126,5.156652,3758.307448,0.0,2410.707543,2329.046,1172.131,1562.901,9.7632,0.0,0.0,0.0,149.40543,36.369,21.622,25.004
2500.0,2024-12-18,24319.525,9720.202495,9720.202495,14599.322505,0.0,22418.186,1901.339,29.736539,9.089971,10.045037,11553.741057,0.0,653.79619,502.663,256.311,361.796,19.481472,4.178744,3045.581448,0.0,2426.010271,2353.799,1187.329,1584.871,7.9488,0.0,0.0,0.0,157.35423,32.619,21.735,24.586
2500.0,2024-12-19,23924.126,9720.202495,9720.202495,14203.923505,0.0,22380.795,1543.331,30.279053,7.718112,10.045037,11553.741057,0.0,651.469265,499.987,253.405,369.819,15.19465,0.0,0.0,0.0,2441.204921,2370.071,1193.165,1603.84,7.2576,3.63623,2650.182448,0.0,160.975601,28.477,21.704,27.275
2500.0,2024-12-20,25658.151,9720.202495,9720.202495,15937.948505,0.0,23029.269,2628.882,27.899854,7.899034,10.045037,11553.741057,0.0,649.323262,496.963,251.667,367.801,16.586467,0.0,0.0,0.0,2457.791388,2383.135,1215.395,1634.844,7.2576,6.01543,4384.207448,0.0,162.217771,25.552,22.583,25.511
2500.0,2024-12-21,19271.072,9720.202495,9720.202495,9550.869505,0.0,17016.165,2254.907,35.656617,8.388317,8.303703,9550.869505,0.0,649.407875,494.992,253.829,366.552,15.604531,0.0,0.0,0.0,2473.395919,2397.337,1233.894,1652.647,8.208,0.0,0.0,0.0,170.425771,25.147,22.563,25.811
2500.0,2024-12-22,21449.084,9720.202495,9720.202495,11728.881505,0.0,19412.908,2036.176,27.8675,7.617283,0.0,0.0,0.0,657.025159,492.543,257.201,370.213,10.991203,0.0,0.0,0.0,2484.387122,2412.903,1250.365,1646.868,7.1712,16.09282,11728.881505,0.0,161.504151,25.476,22.486,24.093
2500.0,2024-12-23,27644.207,9720.202495,9720.202495,17924.004505,0.0,25621.219,2022.988,25.17485,7.460467,10.045037,11553.741057,0.0,654.440589,489.449,263.856,368.481,8.084621,0.0,0.0,0.0,2492.471743,2416.548,1267.265,1647.991,6.6528,8.740433,6370.263448,0.0,159.416519,25.523,21.835,23.566
2500.0,2024-12-24,30839.536,9720.202495,9720.202495,21119.333505,0.0,28825.254,2014.282,20.790643,6.594826,10.045037,11553.741057,0.0,650.990378,485.659,264.416,367.531,6.901114,0.0,0.0,0.0,2499.372857,2413.682,1285.688,1644.658,6.7392,13.124641,9565.592448,0.0,153.031078,27.175,21.017,23.889
2500.0,2024-12-25,27279.032,9720.202495,9720.202495,17558.829505,0.0,25231.679,2047.353,25.675895,7.768742,10.045037,11553.741057,0.0,648.714083,482.141,263.669,369.731,11.398838,8.239388,6005.088448,0.0,2502.532307,2410.82,1304.778,1665.107,8.208,0.0,0.0,0.0,161.239078,27.031,21.61,23.712
2500.0,2024-12-26,25664.388,9720.202495,9720.202495,15944.185505,0.0,23481.968,2182.42,27.891296,7.754227,10.045037,11553.741057,0.0,646.423274,479.426,264.08,372.432,12.007699,0.0,0.0,0.0,2514.540006,2417.677,1321.499,1676.306,7.5168,6.023987,4390.444448,0.0,162.731891,26.99,21.678,24.223
2500.0,2024-12-27,21933.514,9720.202495,9720.202495,12213.311505,0.0,19865.846,2067.668,33.010308,7.597238,10.045037,11553.741057,0.0,643.975475,479.638,263.753,367.321,8.808739,0.0,0.0,0.0,2523.348745,2426.915,1335.049,1681.456,7.4304,0.904975,659.570448,0.0,169.257316,25.221,22.023,24.333
2500.0,2024-12-28,24783.796,9720.202495,9720.202495,15063.593505,0.0,22235.853,2547.943,23.29205,7.720618,0.0,0.0,0.0,651.696093,480.647,287.436,366.815,7.863264,0.0,0.0,0.0,2531.212009,2431.227,1342.336,1683.395,7.6032,20.66827,15063.593505,0.0,156.192245,25.278,21.266,24.444
2500.0,2024-12-29,27372.185,9720.202495,9720.202495,17651.982505,0.0,24602.649,2769.536,19.740605,8.190115,0.0,0.0,0.0,659.886208,477.883,293.059,374.325,8.793101,24.219715,17651.982505,0.0,2515.785395,2435.458,1340.584,1682.843,6.912,0.0,0.0,0.0,163.104245,24.306,21.596,23.282
2500.0,2024-12-30,29288.065,9720.202495,9720.202495,19567.862505,0.0,26749.181,2538.884,22.919366,9.691574,10.045037,11553.741057,0.0,659.532746,475.832,297.017,398.625,10.741075,0.0,0.0,0.0,2526.52647,2439.93,1333.852,1676.825,7.2576,10.995917,8014.121448,0.0,159.365928,25.101,21.489,23.266
2500.0,2024-12-31,28331.555,9720.202495,9720.202495,18611.352505,0.0,24820.639,3510.916,24.231762,9.183197,10.045037,11553.741057,0.0,658.670906,475.698,297.329,397.086,9.256637,9.683521,7057.611448,0.0,2526.099586,2444.94,1389.498,1674.486,7.1712,0.0,0.0,0.0,166.537128,25.229,21.467,23.247
