policy,scenario_incremental_solar_gwh,date,incremental_solar_mwh,direct_thermal_displacement_mwh,hydro_avoided_and_stored_mwh,reserve_hydro_released_to_displace_thermal_mwh,forced_counterfactual_spill_due_to_headroom_mwh,storage_limited_hydro_displacement_mwh,curtailed_incremental_solar_mwh,counterfactual_storage_delta_gwh,TKA_observed_storage_gwh,TKA_delta_storage_gwh,TKA_counterfactual_storage_gwh,PKI_observed_storage_gwh,PKI_delta_storage_gwh,PKI_counterfactual_storage_gwh,OHA_observed_storage_gwh,OHA_delta_storage_gwh,OHA_counterfactual_storage_gwh
fuel_minimizing,0,2024-01-01,0.0,0.0,0.0,0.0,0.0,0.0,0.0,0.0,156.869209,0.0,156.869209,1173.727052,0.0,1173.727052,13.077023,0.0,13.077023
fuel_minimizing,0,2024-01-02,0.0,0.0,0.0,0.0,0.0,0.0,0.0,0.0,165.885579,0.0,165.885579,1180.355005,0.0,1180.355005,13.108283,0.0,13.108283
fuel_minimizing,0,2024-01-03,0.0,0.0,0.0,0.0,0.0,0.0,0.0,0.0,169.62371,0.0,169.62371,1181.145053,0.0,1181.145053,13.347151,0.0,13.347151
fuel_minimizing,0,2024-01-04,0.0,0.0,0.0,0.0,0.0,0.0,0.0,0.0,168.623041,0.0,168.623041,1181.771845,0.0,1181.771845,13.077023,0.0,13.077023
fuel_minimizing,0,2024-01-05,0.0,0.0,0.0,0.0,0.0,0.0,0.0,0.0,167.150793,0.0,167.150793,1184.511505,0.0,1184.511505,12.82223,0.0,12.82223
fuel_minimizing,0,2024-01-06,0.0,0.0,0.0,0.0,0.0,0.0,0.0,0.0,166.277796,0.0,166.277796,1185.1485,0.0,1185.1485,13.404952,0.0,13.404952
fuel_minimizing,0,2024-01-07,0.0,0.0,0.0,0.0,0.0,0.0,0.0,0.0,165.897081,0.0,165.897081,1187.195046,0.0,1187.195046,13.388437,0.0,13.388437
fuel_minimizing,0,2024-01-08,0.0,0.0,0.0,0.0,0.0,0.0,0.0,0.0,164.069423,0.0,164.069423,1185.781851,0.0,1185.781851,13.592508,0.0,13.592508
fuel_minimizing,0,2024-01-09,0.0,0.0,0.0,0.0,0.0,0.0,0.0,0.0,163.40116,0.0,163.40116,1184.802307,0.0,1184.802307,13.065227,0.0,13.065227
fuel_minimizing,0,2024-01-10,0.0,0.0,0.0,0.0,0.0,0.0,0.0,0.0,160.648746,0.0,160.648746,1179.176492,0.0,1179.176492,13.515834,0.0,13.515834
fuel_minimizing,0,2024-01-11,0.0,0.0,0.0,0.0,0.0,0.0,0.0,0.0,160.154163,0.0,160.154163,1178.446936,0.0,1178.446936,13.215036,0.0,13.215036
fuel_minimizing,0,2024-01-12,0.0,0.0,0.0,0.0,0.0,0.0,0.0,0.0,157.198164,0.0,157.198164,1174.822479,0.0,1174.822479,13.20383,0.0,13.20383
fuel_minimizing,0,2024-01-13,0.0,0.0,0.0,0.0,0.0,0.0,0.0,0.0,153.305908,0.0,153.305908,1171.180531,0.0,1171.180531,13.123028,0.0,13.123028
fuel_minimizing,0,2024-01-14,0.0,0.0,0.0,0.0,0.0,0.0,0.0,0.0,150.408569,0.0,150.408569,1176.181741,0.0,1176.181741,12.834616,0.0,12.834616
fuel_minimizing,0,2024-01-15,0.0,0.0,0.0,0.0,0.0,0.0,0.0,0.0,148.343971,0.0,148.343971,1180.658197,0.0,1180.658197,13.576583,0.0,13.576583
fuel_minimizing,0,2024-01-16,0.0,0.0,0.0,0.0,0.0,0.0,0.0,0.0,147.650404,0.0,147.650404,1176.881415,0.0,1176.881415,13.023352,0.0,13.023352
fuel_minimizing,0,2024-01-17,0.0,0.0,0.0,0.0,0.0,0.0,0.0,0.0,145.240747,0.0,145.240747,1171.10619,0.0,1171.10619,12.434732,0.0,12.434732
fuel_minimizing,0,2024-01-18,0.0,0.0,0.0,0.0,0.0,0.0,0.0,0.0,142.212287,0.0,142.212287,1165.314202,0.0,1165.314202,10.701903,0.0,10.701903
fuel_minimizing,0,2024-01-19,0.0,0.0,0.0,0.0,0.0,0.0,0.0,0.0,147.561839,0.0,147.561839,1169.327123,0.0,1169.327123,10.723725,0.0,10.723725
fuel_minimizing,0,2024-01-20,0.0,0.0,0.0,0.0,0.0,0.0,0.0,0.0,192.373397,0.0,192.373397,1215.454584,0.0,1215.454584,27.633853,0.0,27.633853
fuel_minimizing,0,2024-01-21,0.0,0.0,0.0,0.0,0.0,0.0,0.0,0.0,224.966444,0.0,224.966444,1273.137597,0.0,1273.137597,31.907536,0.0,31.907536
fuel_minimizing,0,2024-01-22,0.0,0.0,0.0,0.0,0.0,0.0,0.0,0.0,237.908427,0.0,237.908427,1300.21352,0.0,1300.21352,27.782482,0.0,27.782482
fuel_minimizing,0,2024-01-23,0.0,0.0,0.0,0.0,0.0,0.0,0.0,0.0,256.091844,0.0,256.091844,1319.627285,0.0,1319.627285,26.287931,0.0,26.287931
fuel_minimizing,0,2024-01-24,0.0,0.0,0.0,0.0,0.0,0.0,0.0,0.0,271.925415,0.0,271.925415,1342.787949,0.0,1342.787949,24.622929,0.0,24.622929
fuel_minimizing,0,2024-01-25,0.0,0.0,0.0,0.0,0.0,0.0,0.0,0.0,277.05528,0.0,277.05528,1354.315077,0.0,1354.315077,20.529134,0.0,20.529134
fuel_minimizing,0,2024-01-26,0.0,0.0,0.0,0.0,0.0,0.0,0.0,0.0,279.576505,0.0,279.576505,1359.29661,0.0,1359.29661,14.589268,0.0,14.589268
fuel_minimizing,0,2024-01-27,0.0,0.0,0.0,0.0,0.0,0.0,0.0,0.0,295.399724,0.0,295.399724,1370.925045,0.0,1370.925045,16.25722,0.0,16.25722
fuel_minimizing,0,2024-01-28,0.0,0.0,0.0,0.0,0.0,0.0,0.0,0.0,317.933175,0.0,317.933175,1402.432236,0.0,1402.432236,17.647376,0.0,17.647376
fuel_minimizing,0,2024-01-29,0.0,0.0,0.0,0.0,0.0,0.0,0.0,0.0,328.736947,0.0,328.736947,1426.209488,0.0,1426.209488,14.792749,0.0,14.792749
fuel_minimizing,0,2024-01-30,0.0,0.0,0.0,0.0,0.0,0.0,0.0,0.0,336.543314,0.0,336.543314,1435.444455,0.0,1435.444455,14.34863,0.0,14.34863
fuel_minimizing,0,2024-01-31,0.0,0.0,0.0,0.0,0.0,0.0,0.0,0.0,338.372122,0.0,338.372122,1437.456746,0.0,1437.456746,14.405841,0.0,14.405841
fuel_minimizing,0,2024-02-01,0.0,0.0,0.0,0.0,0.0,0.0,0.0,0.0,337.903993,0.0,337.903993,1436.749055,0.0,1436.749055,13.580122,0.0,13.580122
fuel_minimizing,0,2024-02-02,0.0,0.0,0.0,0.0,0.0,0.0,0.0,0.0,339.219815,0.0,339.219815,1433.003613,0.0,1433.003613,12.460683,0.0,12.460683
fuel_minimizing,0,2024-02-03,0.0,0.0,0.0,0.0,0.0,0.0,0.0,0.0,341.576563,0.0,341.576563,1431.976696,0.0,1431.976696,12.304387,0.0,12.304387
fuel_minimizing,0,2024-02-04,0.0,0.0,0.0,0.0,0.0,0.0,0.0,0.0,344.427894,0.0,344.427894,1434.889089,0.0,1434.889089,12.316183,0.0,12.316183
fuel_minimizing,0,2024-02-05,0.0,0.0,0.0,0.0,0.0,0.0,0.0,0.0,345.021394,0.0,345.021394,1436.396303,0.0,1436.396303,12.394036,0.0,12.394036
fuel_minimizing,0,2024-02-06,0.0,0.0,0.0,0.0,0.0,0.0,0.0,0.0,342.412754,0.0,342.412754,1432.907408,0.0,1432.907408,12.11919,0.0,12.11919
fuel_minimizing,0,2024-02-07,0.0,0.0,0.0,0.0,0.0,0.0,0.0,0.0,338.30196,0.0,338.30196,1430.04822,0.0,1430.04822,12.363367,0.0,12.363367
fuel_minimizing,0,2024-02-08,0.0,0.0,0.0,0.0,0.0,0.0,0.0,0.0,333.548209,0.0,333.548209,1424.767868,0.0,1424.767868,12.976168,0.0,12.976168
fuel_minimizing,0,2024-02-09,0.0,0.0,0.0,0.0,0.0,0.0,0.0,0.0,329.194724,0.0,329.194724,1422.163769,0.0,1422.163769,12.933702,0.0,12.933702
fuel_minimizing,0,2024-02-10,0.0,0.0,0.0,0.0,0.0,0.0,0.0,0.0,324.615802,0.0,324.615802,1418.591059,0.0,1418.591059,12.934292,0.0,12.934292
fuel_minimizing,0,2024-02-11,0.0,0.0,0.0,0.0,0.0,0.0,0.0,0.0,324.264993,0.0,324.264993,1415.816415,0.0,1415.816415,12.768559,0.0,12.768559
fuel_minimizing,0,2024-02-12,0.0,0.0,0.0,0.0,0.0,0.0,0.0,0.0,320.907577,0.0,320.907577,1407.776724,0.0,1407.776724,12.847592,0.0,12.847592
fuel_minimizing,0,2024-02-13,0.0,0.0,0.0,0.0,0.0,0.0,0.0,0.0,315.080694,0.0,315.080694,1397.307124,0.0,1397.307124,12.905982,0.0,12.905982
fuel_minimizing,0,2024-02-14,0.0,0.0,0.0,0.0,0.0,0.0,0.0,0.0,308.863895,0.0,308.863895,1389.190907,0.0,1389.190907,13.009197,0.0,13.009197
fuel_minimizing,0,2024-02-15,0.0,0.0,0.0,0.0,0.0,0.0,0.0,0.0,303.050815,0.0,303.050815,1384.287359,0.0,1384.287359,12.44122,0.0,12.44122
fuel_minimizing,0,2024-02-16,0.0,0.0,0.0,0.0,0.0,0.0,0.0,0.0,297.664456,0.0,297.664456,1381.913569,0.0,1381.913569,13.772986,0.0,13.772986
fuel_minimizing,0,2024-02-17,0.0,0.0,0.0,0.0,0.0,0.0,0.0,0.0,298.171692,0.0,298.171692,1385.083238,0.0,1385.083238,13.598406,0.0,13.598406
fuel_minimizing,0,2024-02-18,0.0,0.0,0.0,0.0,0.0,0.0,0.0,0.0,297.360805,0.0,297.360805,1395.782418,0.0,1395.782418,13.209728,0.0,13.209728
fuel_minimizing,0,2024-02-19,0.0,0.0,0.0,0.0,0.0,0.0,0.0,0.0,294.999457,0.0,294.999457,1405.080793,0.0,1405.080793,12.915419,0.0,12.915419
fuel_minimizing,0,2024-02-20,0.0,0.0,0.0,0.0,0.0,0.0,0.0,0.0,290.506799,0.0,290.506799,1402.884109,0.0,1402.884109,13.347741,0.0,13.347741
fuel_minimizing,0,2024-02-21,0.0,0.0,0.0,0.0,0.0,0.0,0.0,0.0,287.443832,0.0,287.443832,1397.439042,0.0,1397.439042,13.453315,0.0,13.453315
fuel_minimizing,0,2024-02-22,0.0,0.0,0.0,0.0,0.0,0.0,0.0,0.0,284.546494,0.0,284.546494,1385.438177,0.0,1385.438177,13.064638,0.0,13.064638
fuel_minimizing,0,2024-02-23,0.0,0.0,0.0,0.0,0.0,0.0,0.0,0.0,280.424198,0.0,280.424198,1373.100593,0.0,1373.100593,13.034558,0.0,13.034558
fuel_minimizing,0,2024-02-24,0.0,0.0,0.0,0.0,0.0,0.0,0.0,0.0,278.930096,0.0,278.930096,1362.913049,0.0,1362.913049,13.312353,0.0,13.312353
fuel_minimizing,0,2024-02-25,0.0,0.0,0.0,0.0,0.0,0.0,0.0,0.0,281.889546,0.0,281.889546,1354.737797,0.0,1354.737797,15.373111,0.0,15.373111
fuel_minimizing,0,2024-02-26,0.0,0.0,0.0,0.0,0.0,0.0,0.0,0.0,284.896153,0.0,284.896153,1356.978211,0.0,1356.978211,14.297907,0.0,14.297907
fuel_minimizing,0,2024-02-27,0.0,0.0,0.0,0.0,0.0,0.0,0.0,0.0,280.979742,0.0,280.979742,1357.440288,0.0,1357.440288,15.428552,0.0,15.428552
fuel_minimizing,0,2024-02-28,0.0,0.0,0.0,0.0,0.0,0.0,0.0,0.0,276.908055,0.0,276.908055,1354.374112,0.0,1354.374112,16.799835,0.0,16.799835
fuel_minimizing,0,2024-02-29,0.0,0.0,0.0,0.0,0.0,0.0,0.0,0.0,273.352806,0.0,273.352806,1351.162172,0.0,1351.162172,17.642068,0.0,17.642068
fuel_minimizing,0,2024-03-01,0.0,0.0,0.0,0.0,0.0,0.0,0.0,0.0,270.073603,0.0,270.073603,1344.612932,0.0,1344.612932,18.191171,0.0,18.191171
fuel_minimizing,0,2024-03-02,0.0,0.0,0.0,0.0,0.0,0.0,0.0,0.0,267.548927,0.0,267.548927,1344.21062,0.0,1344.21062,18.562744,0.0,18.562744
fuel_minimizing,0,2024-03-03,0.0,0.0,0.0,0.0,0.0,0.0,0.0,0.0,263.229948,0.0,263.229948,1350.232917,0.0,1350.232917,18.411755,0.0,18.411755
fuel_minimizing,0,2024-03-04,0.0,0.0,0.0,0.0,0.0,0.0,0.0,0.0,261.586321,0.0,261.586321,1355.707866,0.0,1355.707866,18.698398,0.0,18.698398
fuel_minimizing,0,2024-03-05,0.0,0.0,0.0,0.0,0.0,0.0,0.0,0.0,260.400471,0.0,260.400471,1354.738526,0.0,1354.738526,19.256937,0.0,19.256937
fuel_minimizing,0,2024-03-06,0.0,0.0,0.0,0.0,0.0,0.0,0.0,0.0,260.16008,0.0,260.16008,1351.950763,0.0,1351.950763,17.873859,0.0,17.873859
fuel_minimizing,0,2024-03-07,0.0,0.0,0.0,0.0,0.0,0.0,0.0,0.0,258.67518,0.0,258.67518,1348.756314,0.0,1348.756314,17.221541,0.0,17.221541
fuel_minimizing,0,2024-03-08,0.0,0.0,0.0,0.0,0.0,0.0,0.0,0.0,257.347856,0.0,257.347856,1341.276362,0.0,1341.276362,16.57748,0.0,16.57748
fuel_minimizing,0,2024-03-09,0.0,0.0,0.0,0.0,0.0,0.0,0.0,0.0,252.082268,0.0,252.082268,1342.554725,0.0,1342.554725,15.524689,0.0,15.524689
fuel_minimizing,0,2024-03-10,0.0,0.0,0.0,0.0,0.0,0.0,0.0,0.0,244.98212,0.0,244.98212,1346.489662,0.0,1346.489662,14.988562,0.0,14.988562
fuel_minimizing,0,2024-03-11,0.0,0.0,0.0,0.0,0.0,0.0,0.0,0.0,239.420932,0.0,239.420932,1346.426254,0.0,1346.426254,14.490772,0.0,14.490772
fuel_minimizing,0,2024-03-12,0.0,0.0,0.0,0.0,0.0,0.0,0.0,0.0,234.471648,0.0,234.471648,1337.893876,0.0,1337.893876,14.739667,0.0,14.739667
fuel_minimizing,0,2024-03-13,0.0,0.0,0.0,0.0,0.0,0.0,0.0,0.0,229.822564,0.0,229.822564,1330.789271,0.0,1330.789271,14.939609,0.0,14.939609
fuel_minimizing,0,2024-03-14,0.0,0.0,0.0,0.0,0.0,0.0,0.0,0.0,225.742825,0.0,225.742825,1325.374815,0.0,1325.374815,14.984433,0.0,14.984433
fuel_minimizing,0,2024-03-15,0.0,0.0,0.0,0.0,0.0,0.0,0.0,0.0,222.68446,0.0,222.68446,1322.726257,0.0,1322.726257,14.55447,0.0,14.55447
fuel_minimizing,0,2024-03-16,0.0,0.0,0.0,0.0,0.0,0.0,0.0,0.0,221.874723,0.0,221.874723,1319.968376,0.0,1319.968376,14.854088,0.0,14.854088
fuel_minimizing,0,2024-03-17,0.0,0.0,0.0,0.0,0.0,0.0,0.0,0.0,219.787121,0.0,219.787121,1319.03402,0.0,1319.03402,13.936361,0.0,13.936361
fuel_minimizing,0,2024-03-18,0.0,0.0,0.0,0.0,0.0,0.0,0.0,0.0,218.554113,0.0,218.554113,1311.731902,0.0,1311.731902,13.171981,0.0,13.171981
fuel_minimizing,0,2024-03-19,0.0,0.0,0.0,0.0,0.0,0.0,0.0,0.0,215.351973,0.0,215.351973,1302.070571,0.0,1302.070571,12.901853,0.0,12.901853
fuel_minimizing,0,2024-03-20,0.0,0.0,0.0,0.0,0.0,0.0,0.0,0.0,212.070469,0.0,212.070469,1291.671668,0.0,1291.671668,12.79451,0.0,12.79451
fuel_minimizing,0,2024-03-21,0.0,0.0,0.0,0.0,0.0,0.0,0.0,0.0,207.662926,0.0,207.662926,1282.230443,0.0,1282.230443,12.76384,0.0,12.76384
fuel_minimizing,0,2024-03-22,0.0,0.0,0.0,0.0,0.0,0.0,0.0,0.0,201.380566,0.0,201.380566,1273.823423,0.0,1273.823423,12.785073,0.0,12.785073
fuel_minimizing,0,2024-03-23,0.0,0.0,0.0,0.0,0.0,0.0,0.0,0.0,198.444121,0.0,198.444121,1261.903458,0.0,1261.903458,12.819871,0.0,12.819871
fuel_minimizing,0,2024-03-24,0.0,0.0,0.0,0.0,0.0,0.0,0.0,0.0,193.849096,0.0,193.849096,1255.737581,0.0,1255.737581,12.832847,0.0,12.832847
fuel_minimizing,0,2024-03-25,0.0,0.0,0.0,0.0,0.0,0.0,0.0,0.0,192.349243,0.0,192.349243,1250.835491,0.0,1250.835491,12.467171,0.0,12.467171
fuel_minimizing,0,2024-03-26,0.0,0.0,0.0,0.0,0.0,0.0,0.0,0.0,189.700346,0.0,189.700346,1248.463159,0.0,1248.463159,13.729931,0.0,13.729931
fuel_minimizing,0,2024-03-27,0.0,0.0,0.0,0.0,0.0,0.0,0.0,0.0,191.603917,0.0,191.603917,1248.498143,0.0,1248.498143,12.522023,0.0,12.522023
fuel_minimizing,0,2024-03-28,0.0,0.0,0.0,0.0,0.0,0.0,0.0,0.0,192.995652,0.0,192.995652,1244.152147,0.0,1244.152147,12.171682,0.0,12.171682
fuel_minimizing,0,2024-03-29,0.0,0.0,0.0,0.0,0.0,0.0,0.0,0.0,193.939961,0.0,193.939961,1240.319246,0.0,1240.319246,11.813084,0.0,11.813084
fuel_minimizing,0,2024-03-30,0.0,0.0,0.0,0.0,0.0,0.0,0.0,0.0,195.873437,0.0,195.873437,1235.848621,0.0,1235.848621,11.867935,0.0,11.867935
fuel_minimizing,0,2024-03-31,0.0,0.0,0.0,0.0,0.0,0.0,0.0,0.0,417.418055,0.0,417.418055,1228.959749,0.0,1228.959749,12.274897,0.0,12.274897
fuel_minimizing,0,2024-04-01,0.0,0.0,0.0,0.0,0.0,0.0,0.0,0.0,415.996415,0.0,415.996415,1221.229081,0.0,1221.229081,12.761481,0.0,12.761481
fuel_minimizing,0,2024-04-02,0.0,0.0,0.0,0.0,0.0,0.0,0.0,0.0,412.808077,0.0,412.808077,1212.292933,0.0,1212.292933,13.049303,0.0,13.049303
fuel_minimizing,0,2024-04-03,0.0,0.0,0.0,0.0,0.0,0.0,0.0,0.0,410.03956,0.0,410.03956,1198.273217,0.0,1198.273217,12.981476,0.0,12.981476
fuel_minimizing,0,2024-04-04,0.0,0.0,0.0,0.0,0.0,0.0,0.0,0.0,407.497631,0.0,407.497631,1189.571022,0.0,1189.571022,13.326508,0.0,13.326508
fuel_minimizing,0,2024-04-05,0.0,0.0,0.0,0.0,0.0,0.0,0.0,0.0,405.362871,0.0,405.362871,1180.943168,0.0,1180.943168,13.528809,0.0,13.528809
fuel_minimizing,0,2024-04-06,0.0,0.0,0.0,0.0,0.0,0.0,0.0,0.0,404.969505,0.0,404.969505,1173.90853,0.0,1173.90853,12.805716,0.0,12.805716
fuel_minimizing,0,2024-04-07,0.0,0.0,0.0,0.0,0.0,0.0,0.0,0.0,406.016182,0.0,406.016182,1173.464674,0.0,1173.464674,10.471291,0.0,10.471291
fuel_minimizing,0,2024-04-08,0.0,0.0,0.0,0.0,0.0,0.0,0.0,0.0,404.916596,0.0,404.916596,1170.009306,0.0,1170.009306,5.922172,0.0,5.922172
fuel_minimizing,0,2024-04-09,0.0,0.0,0.0,0.0,0.0,0.0,0.0,0.0,404.931549,0.0,404.931549,1162.619,0.0,1162.619,3.480404,0.0,3.480404
fuel_minimizing,0,2024-04-10,0.0,0.0,0.0,0.0,0.0,0.0,0.0,0.0,413.191092,0.0,413.191092,1165.710684,0.0,1165.710684,8.112095,0.0,8.112095
fuel_minimizing,0,2024-04-11,0.0,0.0,0.0,0.0,0.0,0.0,0.0,0.0,448.137436,0.0,448.137436,1196.853462,0.0,1196.853462,18.461298,0.0,18.461298
fuel_minimizing,0,2024-04-12,0.0,0.0,0.0,0.0,0.0,0.0,0.0,0.0,510.656231,0.0,510.656231,1267.424322,0.0,1267.424322,36.096878,0.0,36.096878
fuel_minimizing,0,2024-04-13,0.0,0.0,0.0,0.0,0.0,0.0,0.0,0.0,542.480949,0.0,542.480949,1323.471119,0.0,1323.471119,40.056789,0.0,40.056789
fuel_minimizing,0,2024-04-14,0.0,0.0,0.0,0.0,0.0,0.0,0.0,0.0,555.633417,0.0,555.633417,1356.154637,0.0,1356.154637,39.081261,0.0,39.081261
fuel_minimizing,0,2024-04-15,0.0,0.0,0.0,0.0,0.0,0.0,0.0,0.0,561.872069,0.0,561.872069,1377.292806,0.0,1377.292806,34.937923,0.0,34.937923
fuel_minimizing,0,2024-04-16,0.0,0.0,0.0,0.0,0.0,0.0,0.0,0.0,565.102964,0.0,565.102964,1389.267434,0.0,1389.267434,29.487591,0.0,29.487591
fuel_minimizing,0,2024-04-17,0.0,0.0,0.0,0.0,0.0,0.0,0.0,0.0,566.511952,0.0,566.511952,1397.638012,0.0,1397.638012,23.996562,0.0,23.996562
fuel_minimizing,0,2024-04-18,0.0,0.0,0.0,0.0,0.0,0.0,0.0,0.0,566.920271,0.0,566.920271,1405.551615,0.0,1405.551615,19.399669,0.0,19.399669
fuel_minimizing,0,2024-04-19,0.0,0.0,0.0,0.0,0.0,0.0,0.0,0.0,565.774678,0.0,565.774678,1412.154059,0.0,1412.154059,16.001837,0.0,16.001837
fuel_minimizing,0,2024-04-20,0.0,0.0,0.0,0.0,0.0,0.0,0.0,0.0,563.225848,0.0,563.225848,1414.438203,0.0,1414.438203,13.46924,0.0,13.46924
fuel_minimizing,0,2024-04-21,0.0,0.0,0.0,0.0,0.0,0.0,0.0,0.0,562.717462,0.0,562.717462,1415.436696,0.0,1415.436696,12.741428,0.0,12.741428
fuel_minimizing,0,2024-04-22,0.0,0.0,0.0,0.0,0.0,0.0,0.0,0.0,559.319789,0.0,559.319789,1417.96281,0.0,1417.96281,13.134824,0.0,13.134824
fuel_minimizing,0,2024-04-23,0.0,0.0,0.0,0.0,0.0,0.0,0.0,0.0,554.896143,0.0,554.896143,1413.826717,0.0,1413.826717,13.094128,0.0,13.094128
fuel_minimizing,0,2024-04-24,0.0,0.0,0.0,0.0,0.0,0.0,0.0,0.0,551.989603,0.0,551.989603,1410.186955,0.0,1410.186955,12.503149,0.0,12.503149
fuel_minimizing,0,2024-04-25,0.0,0.0,0.0,0.0,0.0,0.0,0.0,0.0,549.885898,0.0,549.885898,1415.569343,0.0,1415.569343,12.087931,0.0,12.087931
fuel_minimizing,0,2024-04-26,0.0,0.0,0.0,0.0,0.0,0.0,0.0,0.0,549.24639,0.0,549.24639,1420.93278,0.0,1420.93278,13.368384,0.0,13.368384
fuel_minimizing,0,2024-04-27,0.0,0.0,0.0,0.0,0.0,0.0,0.0,0.0,548.586178,0.0,548.586178,1423.85975,0.0,1423.85975,13.141901,0.0,13.141901
fuel_minimizing,0,2024-04-28,0.0,0.0,0.0,0.0,0.0,0.0,0.0,0.0,547.079424,0.0,547.079424,1425.215368,0.0,1425.215368,12.599876,0.0,12.599876
fuel_minimizing,0,2024-04-29,0.0,0.0,0.0,0.0,0.0,0.0,0.0,0.0,544.601906,0.0,544.601906,1423.094481,0.0,1423.094481,12.501969,0.0,12.501969
fuel_minimizing,0,2024-04-30,0.0,0.0,0.0,0.0,0.0,0.0,0.0,0.0,541.786232,0.0,541.786232,1417.178593,0.0,1417.178593,12.369265,0.0,12.369265
fuel_minimizing,0,2024-05-01,0.0,0.0,0.0,0.0,0.0,0.0,0.0,0.0,539.743487,0.0,539.743487,1412.672984,0.0,1412.672984,12.598696,0.0,12.598696
fuel_minimizing,0,2024-05-02,0.0,0.0,0.0,0.0,0.0,0.0,0.0,0.0,538.0412,0.0,538.0412,1407.916659,0.0,1407.916659,12.825769,0.0,12.825769
fuel_minimizing,0,2024-05-03,0.0,0.0,0.0,0.0,0.0,0.0,0.0,0.0,535.894938,0.0,535.894938,1399.302653,0.0,1399.302653,12.756763,0.0,12.756763
fuel_minimizing,0,2024-05-04,0.0,0.0,0.0,0.0,0.0,0.0,0.0,0.0,533.408218,0.0,533.408218,1390.045821,0.0,1390.045821,12.67596,0.0,12.67596
fuel_minimizing,0,2024-05-05,0.0,0.0,0.0,0.0,0.0,0.0,0.0,0.0,530.402762,0.0,530.402762,1382.5717,0.0,1382.5717,12.749095,0.0,12.749095
fuel_minimizing,0,2024-05-06,0.0,0.0,0.0,0.0,0.0,0.0,0.0,0.0,527.353597,0.0,527.353597,1377.192957,0.0,1377.192957,12.964962,0.0,12.964962
fuel_minimizing,0,2024-05-07,0.0,0.0,0.0,0.0,0.0,0.0,0.0,0.0,523.641921,0.0,523.641921,1372.062744,0.0,1372.062744,12.954935,0.0,12.954935
fuel_minimizing,0,2024-05-08,0.0,0.0,0.0,0.0,0.0,0.0,0.0,0.0,519.496622,0.0,519.496622,1361.874471,0.0,1361.874471,12.662395,0.0,12.662395
fuel_minimizing,0,2024-05-09,0.0,0.0,0.0,0.0,0.0,0.0,0.0,0.0,515.485896,0.0,515.485896,1352.458755,0.0,1352.458755,12.826359,0.0,12.826359
fuel_minimizing,0,2024-05-10,0.0,0.0,0.0,0.0,0.0,0.0,0.0,0.0,510.745946,0.0,510.745946,1339.455752,0.0,1339.455752,13.089409,0.0,13.089409
fuel_minimizing,0,2024-05-11,0.0,0.0,0.0,0.0,0.0,0.0,0.0,0.0,505.354987,0.0,505.354987,1328.654536,0.0,1328.654536,13.250424,0.0,13.250424
fuel_minimizing,0,2024-05-12,0.0,0.0,0.0,0.0,0.0,0.0,0.0,0.0,500.830124,0.0,500.830124,1317.354074,0.0,1317.354074,13.016864,0.0,13.016864
fuel_minimizing,0,2024-05-13,0.0,0.0,0.0,0.0,0.0,0.0,0.0,0.0,496.057969,0.0,496.057969,1304.04715,0.0,1304.04715,12.85172,0.0,12.85172
fuel_minimizing,0,2024-05-14,0.0,0.0,0.0,0.0,0.0,0.0,0.0,0.0,490.949957,0.0,490.949957,1289.758497,0.0,1289.758497,12.797459,0.0,12.797459
fuel_minimizing,0,2024-05-15,0.0,0.0,0.0,0.0,0.0,0.0,0.0,0.0,486.264067,0.0,486.264067,1275.924632,0.0,1275.924632,12.642342,0.0,12.642342
fuel_minimizing,0,2024-05-16,0.0,0.0,0.0,0.0,0.0,0.0,0.0,0.0,481.673643,0.0,481.673643,1261.741658,0.0,1261.741658,12.650009,0.0,12.650009
fuel_minimizing,0,2024-05-17,0.0,0.0,0.0,0.0,0.0,0.0,0.0,0.0,477.258048,0.0,477.258048,1248.309377,0.0,1248.309377,12.877082,0.0,12.877082
fuel_minimizing,0,2024-05-18,0.0,0.0,0.0,0.0,0.0,0.0,0.0,0.0,471.586441,0.0,471.586441,1238.847745,0.0,1238.847745,12.901263,0.0,12.901263
fuel_minimizing,0,2024-05-19,0.0,0.0,0.0,0.0,0.0,0.0,0.0,0.0,468.786869,0.0,468.786869,1231.277418,0.0,1231.277418,13.095307,0.0,13.095307
fuel_minimizing,0,2024-05-20,0.0,0.0,0.0,0.0,0.0,0.0,0.0,0.0,464.907265,0.0,464.907265,1219.054261,0.0,1219.054261,12.639393,0.0,12.639393
fuel_minimizing,0,2024-05-21,0.0,0.0,0.0,0.0,0.0,0.0,0.0,0.0,460.96785,0.0,460.96785,1207.191144,0.0,1207.191144,13.197342,0.0,13.197342
fuel_minimizing,0,2024-05-22,0.0,0.0,0.0,0.0,0.0,0.0,0.0,0.0,456.456789,0.0,456.456789,1199.916722,0.0,1199.916722,13.168442,0.0,13.168442
fuel_minimizing,0,2024-05-23,0.0,0.0,0.0,0.0,0.0,0.0,0.0,0.0,451.824958,0.0,451.824958,1188.08713,0.0,1188.08713,13.160185,0.0,13.160185
fuel_minimizing,0,2024-05-24,0.0,0.0,0.0,0.0,0.0,0.0,0.0,0.0,446.507611,0.0,446.507611,1174.960956,0.0,1174.960956,13.003299,0.0,13.003299
fuel_minimizing,0,2024-05-25,0.0,0.0,0.0,0.0,0.0,0.0,0.0,0.0,441.753859,0.0,441.753859,1160.640234,0.0,1160.640234,12.754993,0.0,12.754993
fuel_minimizing,0,2024-05-26,0.0,0.0,0.0,0.0,0.0,0.0,0.0,0.0,437.477438,0.0,437.477438,1153.49117,0.0,1153.49117,12.628186,0.0,12.628186
fuel_minimizing,0,2024-05-27,0.0,0.0,0.0,0.0,0.0,0.0,0.0,0.0,433.421854,0.0,433.421854,1141.131722,0.0,1141.131722,12.756763,0.0,12.756763
fuel_minimizing,0,2024-05-28,0.0,0.0,0.0,0.0,0.0,0.0,0.0,0.0,428.539281,0.0,428.539281,1124.701775,0.0,1124.701775,12.683038,0.0,12.683038
fuel_minimizing,0,2024-05-29,0.0,0.0,0.0,0.0,0.0,0.0,0.0,0.0,424.467594,0.0,424.467594,1106.874667,0.0,1106.874667,12.685987,0.0,12.685987
fuel_minimizing,0,2024-05-30,0.0,0.0,0.0,0.0,0.0,0.0,0.0,0.0,420.259034,0.0,420.259034,1091.582419,0.0,1091.582419,12.605184,0.0,12.605184
fuel_minimizing,0,2024-05-31,0.0,0.0,0.0,0.0,0.0,0.0,0.0,0.0,416.226454,0.0,416.226454,1081.929834,0.0,1081.929834,12.455375,0.0,12.455375
fuel_minimizing,0,2024-06-01,0.0,0.0,0.0,0.0,0.0,0.0,0.0,0.0,412.849484,0.0,412.849484,1075.938876,0.0,1075.938876,12.739658,0.0,12.739658
fuel_minimizing,0,2024-06-02,0.0,0.0,0.0,0.0,0.0,0.0,0.0,0.0,409.80032,0.0,409.80032,1070.614795,0.0,1070.614795,13.425005,0.0,13.425005
fuel_minimizing,0,2024-06-03,0.0,0.0,0.0,0.0,0.0,0.0,0.0,0.0,405.675724,0.0,405.675724,1061.075178,0.0,1061.075178,13.033378,0.0,13.033378
fuel_minimizing,0,2024-06-04,0.0,0.0,0.0,0.0,0.0,0.0,0.0,0.0,401.537326,0.0,401.537326,1049.130432,0.0,1049.130432,12.729042,0.0,12.729042
fuel_minimizing,0,2024-06-05,0.0,0.0,0.0,0.0,0.0,0.0,0.0,0.0,396.576539,0.0,396.576539,1033.449719,0.0,1033.449719,13.258682,0.0,13.258682
fuel_minimizing,0,2024-06-06,0.0,0.0,0.0,0.0,0.0,0.0,0.0,0.0,391.567445,0.0,391.567445,1019.408867,0.0,1019.408867,13.93754,0.0,13.93754
fuel_minimizing,0,2024-06-07,0.0,0.0,0.0,0.0,0.0,0.0,0.0,0.0,387.15415,0.0,387.15415,1007.611345,0.0,1007.611345,14.533237,0.0,14.533237
fuel_minimizing,0,2024-06-08,0.0,0.0,0.0,0.0,0.0,0.0,0.0,0.0,385.011339,0.0,385.011339,996.224152,0.0,996.224152,14.474257,0.0,14.474257
fuel_minimizing,0,2024-06-09,0.0,0.0,0.0,0.0,0.0,0.0,0.0,0.0,383.822038,0.0,383.822038,986.518362,0.0,986.518362,13.803066,0.0,13.803066
fuel_minimizing,0,2024-06-10,0.0,0.0,0.0,0.0,0.0,0.0,0.0,0.0,381.557306,0.0,381.557306,980.402046,0.0,980.402046,13.273426,0.0,13.273426
fuel_minimizing,0,2024-06-11,0.0,0.0,0.0,0.0,0.0,0.0,0.0,0.0,379.345483,0.0,379.345483,971.820837,0.0,971.820837,12.465402,0.0,12.465402
fuel_minimizing,0,2024-06-12,0.0,0.0,0.0,0.0,0.0,0.0,0.0,0.0,374.619336,0.0,374.619336,960.75287,0.0,960.75287,12.662395,0.0,12.662395
fuel_minimizing,0,2024-06-13,0.0,0.0,0.0,0.0,0.0,0.0,0.0,0.0,369.402056,0.0,369.402056,949.216997,0.0,949.216997,12.819871,0.0,12.819871
fuel_minimizing,0,2024-06-14,0.0,0.0,0.0,0.0,0.0,0.0,0.0,0.0,364.717316,0.0,364.717316,940.675873,0.0,940.675873,13.025121,0.0,13.025121
fuel_minimizing,0,2024-06-15,0.0,0.0,0.0,0.0,0.0,0.0,0.0,0.0,364.050203,0.0,364.050203,935.501201,0.0,935.501201,13.219165,0.0,13.219165
fuel_minimizing,0,2024-06-16,0.0,0.0,0.0,0.0,0.0,0.0,0.0,0.0,361.42201,0.0,361.42201,937.805023,0.0,937.805023,13.032199,0.0,13.032199
fuel_minimizing,0,2024-06-17,0.0,0.0,0.0,0.0,0.0,0.0,0.0,0.0,358.684548,0.0,358.684548,935.594491,0.0,935.594491,13.219755,0.0,13.219755
fuel_minimizing,0,2024-06-18,0.0,0.0,0.0,0.0,0.0,0.0,0.0,0.0,354.319562,0.0,354.319562,929.575838,0.0,929.575838,12.941959,0.0,12.941959
fuel_minimizing,0,2024-06-19,0.0,0.0,0.0,0.0,0.0,0.0,0.0,0.0,349.671628,0.0,349.671628,928.602854,0.0,928.602854,13.074074,0.0,13.074074
fuel_minimizing,0,2024-06-20,0.0,0.0,0.0,0.0,0.0,0.0,0.0,0.0,345.689657,0.0,345.689657,920.585028,0.0,920.585028,13.055201,0.0,13.055201
fuel_minimizing,0,2024-06-21,0.0,0.0,0.0,0.0,0.0,0.0,0.0,0.0,340.19518,0.0,340.19518,914.279217,0.0,914.279217,12.971449,0.0,12.971449
fuel_minimizing,0,2024-06-22,0.0,0.0,0.0,0.0,0.0,0.0,0.0,0.0,337.384106,0.0,337.384106,906.265035,0.0,906.265035,12.750275,0.0,12.750275
fuel_minimizing,0,2024-06-23,0.0,0.0,0.0,0.0,0.0,0.0,0.0,0.0,336.715843,0.0,336.715843,899.398756,0.0,899.398756,12.638213,0.0,12.638213
fuel_minimizing,0,2024-06-24,0.0,0.0,0.0,0.0,0.0,0.0,0.0,0.0,335.643862,0.0,335.643862,889.26806,0.0,889.26806,13.095897,0.0,13.095897
fuel_minimizing,0,2024-06-25,0.0,0.0,0.0,0.0,0.0,0.0,0.0,0.0,332.090913,0.0,332.090913,877.238042,0.0,877.238042,13.294069,0.0,13.294069
fuel_minimizing,0,2024-06-26,0.0,0.0,0.0,0.0,0.0,0.0,0.0,0.0,327.511991,0.0,327.511991,868.750852,0.0,868.750852,13.131875,0.0,13.131875
fuel_minimizing,0,2024-06-27,0.0,0.0,0.0,0.0,0.0,0.0,0.0,0.0,323.804915,0.0,323.804915,863.32765,0.0,863.32765,12.838745,0.0,12.838745
fuel_minimizing,0,2024-06-28,0.0,0.0,0.0,0.0,0.0,0.0,0.0,0.0,321.908245,0.0,321.908245,856.470117,0.0,856.470117,12.659446,0.0,12.659446
fuel_minimizing,0,2024-06-29,0.0,0.0,0.0,0.0,0.0,0.0,0.0,0.0,321.253785,0.0,321.253785,847.743871,0.0,847.743871,12.741428,0.0,12.741428
fuel_minimizing,0,2024-06-30,0.0,0.0,0.0,0.0,0.0,0.0,0.0,0.0,322.862906,0.0,322.862906,836.753889,0.0,836.753889,12.53087,0.0,12.53087
fuel_minimizing,0,2024-07-01,0.0,0.0,0.0,0.0,0.0,0.0,0.0,0.0,323.163107,0.0,323.163107,833.611187,0.0,833.611187,13.806015,0.0,13.806015
fuel_minimizing,0,2024-07-02,0.0,0.0,0.0,0.0,0.0,0.0,0.0,0.0,325.568163,0.0,325.568163,834.361878,0.0,834.361878,14.922504,0.0,14.922504
fuel_minimizing,0,2024-07-03,0.0,0.0,0.0,0.0,0.0,0.0,0.0,0.0,324.708968,0.0,324.708968,828.817691,0.0,828.817691,13.163724,0.0,13.163724
fuel_minimizing,0,2024-07-04,0.0,0.0,0.0,0.0,0.0,0.0,0.0,0.0,321.774823,0.0,321.774823,825.669888,0.0,825.669888,12.430014,0.0,12.430014
fuel_minimizing,0,2024-07-05,0.0,0.0,0.0,0.0,0.0,0.0,0.0,0.0,316.487381,0.0,316.487381,820.369858,0.0,820.369858,12.562129,0.0,12.562129
fuel_minimizing,0,2024-07-06,0.0,0.0,0.0,0.0,0.0,0.0,0.0,0.0,313.470422,0.0,313.470422,815.935674,0.0,815.935674,12.866465,0.0,12.866465
fuel_minimizing,0,2024-07-07,0.0,0.0,0.0,0.0,0.0,0.0,0.0,0.0,311.14473,0.0,311.14473,811.106467,0.0,811.106467,13.166673,0.0,13.166673
fuel_minimizing,0,2024-07-08,0.0,0.0,0.0,0.0,0.0,0.0,0.0,0.0,308.284197,0.0,308.284197,802.394069,0.0,802.394069,13.124207,0.0,13.124207
fuel_minimizing,0,2024-07-09,0.0,0.0,0.0,0.0,0.0,0.0,0.0,0.0,304.102092,0.0,304.102092,786.719186,0.0,786.719186,12.757352,0.0,12.757352
fuel_minimizing,0,2024-07-10,0.0,0.0,0.0,0.0,0.0,0.0,0.0,0.0,299.365593,0.0,299.365593,771.883913,0.0,771.883913,12.562719,0.0,12.562719
fuel_minimizing,0,2024-07-11,0.0,0.0,0.0,0.0,0.0,0.0,0.0,0.0,293.037226,0.0,293.037226,759.340071,0.0,759.340071,12.64765,0.0,12.64765
fuel_minimizing,0,2024-07-12,0.0,0.0,0.0,0.0,0.0,0.0,0.0,0.0,289.294494,0.0,289.294494,751.004477,0.0,751.004477,13.051072,0.0,13.051072
fuel_minimizing,0,2024-07-13,0.0,0.0,0.0,0.0,0.0,0.0,0.0,0.0,289.50728,0.0,289.50728,738.633367,0.0,738.633367,13.206779,0.0,13.206779
fuel_minimizing,0,2024-07-14,0.0,0.0,0.0,0.0,0.0,0.0,0.0,0.0,291.367144,0.0,291.367144,725.577889,0.0,725.577889,13.102975,0.0,13.102975
fuel_minimizing,0,2024-07-15,0.0,0.0,0.0,0.0,0.0,0.0,0.0,0.0,293.565165,0.0,293.565165,713.868555,0.0,713.868555,12.750275,0.0,12.750275
fuel_minimizing,0,2024-07-16,0.0,0.0,0.0,0.0,0.0,0.0,0.0,0.0,295.686123,0.0,295.686123,695.219329,0.0,695.219329,12.595158,0.0,12.595158
fuel_minimizing,0,2024-07-17,0.0,0.0,0.0,0.0,0.0,0.0,0.0,0.0,297.736918,0.0,297.736918,674.084075,0.0,674.084075,12.931933,0.0,12.931933
fuel_minimizing,0,2024-07-18,0.0,0.0,0.0,0.0,0.0,0.0,0.0,0.0,299.956793,0.0,299.956793,653.0924,0.0,653.0924,13.114181,0.0,13.114181
fuel_minimizing,0,2024-07-19,0.0,0.0,0.0,0.0,0.0,0.0,0.0,0.0,302.535528,0.0,302.535528,631.857296,0.0,631.857296,12.907161,0.0,12.907161
fuel_minimizing,0,2024-07-20,0.0,0.0,0.0,0.0,0.0,0.0,0.0,0.0,304.707094,0.0,304.707094,610.279644,0.0,610.279644,12.879441,0.0,12.879441
fuel_minimizing,0,2024-07-21,0.0,0.0,0.0,0.0,0.0,0.0,0.0,0.0,307.28928,0.0,307.28928,593.43791,0.0,593.43791,12.91247,0.0,12.91247
fuel_minimizing,0,2024-07-22,0.0,0.0,0.0,0.0,0.0,0.0,0.0,0.0,309.923224,0.0,309.923224,574.777023,0.0,574.777023,12.879441,0.0,12.879441
fuel_minimizing,0,2024-07-23,0.0,0.0,0.0,0.0,0.0,0.0,0.0,0.0,311.326461,0.0,311.326461,554.905555,0.0,554.905555,12.723144,0.0,12.723144
fuel_minimizing,0,2024-07-24,0.0,0.0,0.0,0.0,0.0,0.0,0.0,0.0,311.853249,0.0,311.853249,532.735367,0.0,532.735367,12.688936,0.0,12.688936
fuel_minimizing,0,2024-07-25,0.0,0.0,0.0,0.0,0.0,0.0,0.0,0.0,311.638163,0.0,311.638163,515.47893,0.0,515.47893,12.913649,0.0,12.913649
fuel_minimizing,0,2024-07-26,0.0,0.0,0.0,0.0,0.0,0.0,0.0,0.0,309.01342,0.0,309.01342,499.143002,0.0,499.143002,13.031609,0.0,13.031609
fuel_minimizing,0,2024-07-27,0.0,0.0,0.0,0.0,0.0,0.0,0.0,0.0,306.589962,0.0,306.589962,487.30758,0.0,487.30758,12.883569,0.0,12.883569
fuel_minimizing,0,2024-07-28,0.0,0.0,0.0,0.0,0.0,0.0,0.0,0.0,306.351872,0.0,306.351872,476.62662,0.0,476.62662,12.761481,0.0,12.761481
fuel_minimizing,0,2024-07-29,0.0,0.0,0.0,0.0,0.0,0.0,0.0,0.0,306.239152,0.0,306.239152,469.944005,0.0,469.944005,13.187906,0.0,13.187906
fuel_minimizing,0,2024-07-30,0.0,0.0,0.0,0.0,0.0,0.0,0.0,0.0,310.01984,0.0,310.01984,466.596503,0.0,466.596503,14.581601,0.0,14.581601
fuel_minimizing,0,2024-07-31,0.0,0.0,0.0,0.0,0.0,0.0,0.0,0.0,311.364417,0.0,311.364417,458.84397,0.0,458.84397,14.99446,0.0,14.99446
fuel_minimizing,0,2024-08-01,0.0,0.0,0.0,0.0,0.0,0.0,0.0,0.0,312.442149,0.0,312.442149,448.525238,0.0,448.525238,14.858806,0.0,14.858806
fuel_minimizing,0,2024-08-02,0.0,0.0,0.0,0.0,0.0,0.0,0.0,0.0,311.953316,0.0,311.953316,439.283711,0.0,439.283711,14.541494,0.0,14.541494
fuel_minimizing,0,2024-08-03,0.0,0.0,0.0,0.0,0.0,0.0,0.0,0.0,311.050414,0.0,311.050414,430.039998,0.0,430.039998,13.930463,0.0,13.930463
fuel_minimizing,0,2024-08-04,0.0,0.0,0.0,0.0,0.0,0.0,0.0,0.0,307.147806,0.0,307.147806,421.51418,0.0,421.51418,12.995631,0.0,12.995631
fuel_minimizing,0,2024-08-05,0.0,0.0,0.0,0.0,0.0,0.0,0.0,0.0,304.899176,0.0,304.899176,408.474007,0.0,408.474007,12.532049,0.0,12.532049
fuel_minimizing,0,2024-08-06,0.0,0.0,0.0,0.0,0.0,0.0,0.0,0.0,302.774768,0.0,302.774768,393.175929,0.0,393.175929,12.744967,0.0,12.744967
fuel_minimizing,0,2024-08-07,0.0,0.0,0.0,0.0,0.0,0.0,0.0,0.0,301.299069,0.0,301.299069,371.90074,0.0,371.90074,12.808665,0.0,12.808665
fuel_minimizing,0,2024-08-08,0.0,0.0,0.0,0.0,0.0,0.0,0.0,0.0,299.833722,0.0,299.833722,355.960564,0.0,355.960564,13.14662,0.0,13.14662
fuel_minimizing,0,2024-08-09,0.0,0.0,0.0,0.0,0.0,0.0,0.0,0.0,299.188463,0.0,299.188463,342.639065,0.0,342.639065,13.199112,0.0,13.199112
fuel_minimizing,0,2024-08-10,0.0,0.0,0.0,0.0,0.0,0.0,0.0,0.0,297.657555,0.0,297.657555,335.721039,0.0,335.721039,12.945498,0.0,12.945498
fuel_minimizing,0,2024-08-11,0.0,0.0,0.0,0.0,0.0,0.0,0.0,0.0,295.713727,0.0,295.713727,329.335785,0.0,329.335785,12.672421,0.0,12.672421
fuel_minimizing,0,2024-08-12,0.0,0.0,0.0,0.0,0.0,0.0,0.0,0.0,295.234096,0.0,295.234096,324.209945,0.0,324.209945,12.612852,0.0,12.612852
fuel_minimizing,0,2024-08-13,0.0,0.0,0.0,0.0,0.0,0.0,0.0,0.0,293.975784,0.0,293.975784,316.633788,0.0,316.633788,13.017454,0.0,13.017454
fuel_minimizing,0,2024-08-14,0.0,0.0,0.0,0.0,0.0,0.0,0.0,0.0,293.235059,0.0,293.235059,308.113801,0.0,308.113801,13.180828,0.0,13.180828
fuel_minimizing,0,2024-08-15,0.0,0.0,0.0,0.0,0.0,0.0,0.0,0.0,293.876867,0.0,293.876867,302.311609,0.0,302.311609,12.988554,0.0,12.988554
fuel_minimizing,0,2024-08-16,0.0,0.0,0.0,0.0,0.0,0.0,0.0,0.0,295.913861,0.0,295.913861,299.606932,0.0,299.606932,12.772097,0.0,12.772097
fuel_minimizing,0,2024-08-17,0.0,0.0,0.0,0.0,0.0,0.0,0.0,0.0,294.412858,0.0,294.412858,301.68336,0.0,301.68336,13.077023,0.0,13.077023
fuel_minimizing,0,2024-08-18,0.0,0.0,0.0,0.0,0.0,0.0,0.0,0.0,293.432893,0.0,293.432893,306.275699,0.0,306.275699,12.849361,0.0,12.849361
fuel_minimizing,0,2024-08-19,0.0,0.0,0.0,0.0,0.0,0.0,0.0,0.0,291.470662,0.0,291.470662,308.537978,0.0,308.537978,12.61639,0.0,12.61639
fuel_minimizing,0,2024-08-20,0.0,0.0,0.0,0.0,0.0,0.0,0.0,0.0,290.013366,0.0,290.013366,303.49158,0.0,303.49158,12.671242,0.0,12.671242
fuel_minimizing,0,2024-08-21,0.0,0.0,0.0,0.0,0.0,0.0,0.0,0.0,288.859721,0.0,288.859721,296.340329,0.0,296.340329,12.658856,0.0,12.658856
fuel_minimizing,0,2024-08-22,0.0,0.0,0.0,0.0,0.0,0.0,0.0,0.0,288.121297,0.0,288.121297,291.58692,0.0,291.58692,12.665934,0.0,12.665934
fuel_minimizing,0,2024-08-23,0.0,0.0,0.0,0.0,0.0,0.0,0.0,0.0,289.616549,0.0,289.616549,297.997682,0.0,297.997682,13.454495,0.0,13.454495
fuel_minimizing,0,2024-08-24,0.0,0.0,0.0,0.0,0.0,0.0,0.0,0.0,296.707495,0.0,296.707495,311.205485,0.0,311.205485,14.372812,0.0,14.372812
fuel_minimizing,0,2024-08-25,0.0,0.0,0.0,0.0,0.0,0.0,0.0,0.0,298.445438,0.0,298.445438,321.803358,0.0,321.803358,15.495789,0.0,15.495789
fuel_minimizing,0,2024-08-26,0.0,0.0,0.0,0.0,0.0,0.0,0.0,0.0,300.567546,0.0,300.567546,333.389521,0.0,333.389521,19.230396,0.0,19.230396
fuel_minimizing,0,2024-08-27,0.0,0.0,0.0,0.0,0.0,0.0,0.0,0.0,301.452045,0.0,301.452045,343.258567,0.0,343.258567,17.971765,0.0,17.971765
fuel_minimizing,0,2024-08-28,0.0,0.0,0.0,0.0,0.0,0.0,0.0,0.0,303.062317,0.0,303.062317,353.037239,0.0,353.037239,16.394643,0.0,16.394643
fuel_minimizing,0,2024-08-29,0.0,0.0,0.0,0.0,0.0,0.0,0.0,0.0,306.478393,0.0,306.478393,362.696384,0.0,362.696384,15.475146,0.0,15.475146
fuel_minimizing,0,2024-08-30,0.0,0.0,0.0,0.0,0.0,0.0,0.0,0.0,312.798709,0.0,312.798709,374.774505,0.0,374.774505,14.592217,0.0,14.592217
fuel_minimizing,0,2024-08-31,0.0,0.0,0.0,0.0,0.0,0.0,0.0,0.0,320.877672,0.0,320.877672,385.043677,0.0,385.043677,11.746437,0.0,11.746437
fuel_minimizing,0,2024-09-01,0.0,0.0,0.0,0.0,0.0,0.0,0.0,0.0,338.346818,0.0,338.346818,398.161834,0.0,398.161834,12.388138,0.0,12.388138
fuel_minimizing,0,2024-09-02,0.0,0.0,0.0,0.0,0.0,0.0,0.0,0.0,358.627039,0.0,358.627039,415.040739,0.0,415.040739,16.143978,0.0,16.143978
fuel_minimizing,0,2024-09-03,0.0,0.0,0.0,0.0,0.0,0.0,0.0,0.0,380.527883,0.0,380.527883,432.435653,0.0,432.435653,22.177032,0.0,22.177032
fuel_minimizing,0,2024-09-04,0.0,0.0,0.0,0.0,0.0,0.0,0.0,0.0,403.439747,0.0,403.439747,452.526498,0.0,452.526498,26.29265,0.0,26.29265
fuel_minimizing,0,2024-09-05,0.0,0.0,0.0,0.0,0.0,0.0,0.0,0.0,413.031215,0.0,413.031215,470.575898,0.0,470.575898,24.240149,0.0,24.240149
fuel_minimizing,0,2024-09-06,0.0,0.0,0.0,0.0,0.0,0.0,0.0,0.0,418.879951,0.0,418.879951,485.185236,0.0,485.185236,19.800732,0.0,19.800732
fuel_minimizing,0,2024-09-07,0.0,0.0,0.0,0.0,0.0,0.0,0.0,0.0,428.06425,0.0,428.06425,496.847925,0.0,496.847925,16.28671,0.0,16.28671
fuel_minimizing,0,2024-09-08,0.0,0.0,0.0,0.0,0.0,0.0,0.0,0.0,440.842906,0.0,440.842906,508.981437,0.0,508.981437,18.090315,0.0,18.090315
fuel_minimizing,0,2024-09-09,0.0,0.0,0.0,0.0,0.0,0.0,0.0,0.0,451.248711,0.0,451.248711,522.888185,0.0,522.888185,15.797766,0.0,15.797766
fuel_minimizing,0,2024-09-10,0.0,0.0,0.0,0.0,0.0,0.0,0.0,0.0,457.7059,0.0,457.7059,537.880157,0.0,537.880157,15.797766,0.0,15.797766
fuel_minimizing,0,2024-09-11,0.0,0.0,0.0,0.0,0.0,0.0,0.0,0.0,462.735698,0.0,462.735698,551.265064,0.0,551.265064,15.509944,0.0,15.509944
fuel_minimizing,0,2024-09-12,0.0,0.0,0.0,0.0,0.0,0.0,0.0,0.0,464.987778,0.0,464.987778,563.040722,0.0,563.040722,14.811032,0.0,14.811032
fuel_minimizing,0,2024-09-13,0.0,0.0,0.0,0.0,0.0,0.0,0.0,0.0,467.333024,0.0,467.333024,576.82357,0.0,576.82357,15.387266,0.0,15.387266
fuel_minimizing,0,2024-09-14,0.0,0.0,0.0,0.0,0.0,0.0,0.0,0.0,470.474204,0.0,470.474204,592.208379,0.0,592.208379,15.72935,0.0,15.72935
fuel_minimizing,0,2024-09-15,0.0,0.0,0.0,0.0,0.0,0.0,0.0,0.0,472.52845,0.0,472.52845,604.618845,0.0,604.618845,14.99446,0.0,14.99446
fuel_minimizing,0,2024-09-16,0.0,0.0,0.0,0.0,0.0,0.0,0.0,0.0,473.725802,0.0,473.725802,616.385757,0.0,616.385757,13.939899,0.0,13.939899
fuel_minimizing,0,2024-09-17,0.0,0.0,0.0,0.0,0.0,0.0,0.0,0.0,474.373361,0.0,474.373361,623.362089,0.0,623.362089,12.964372,0.0,12.964372
fuel_minimizing,0,2024-09-18,0.0,0.0,0.0,0.0,0.0,0.0,0.0,0.0,471.608295,0.0,471.608295,628.644627,0.0,628.644627,12.550333,0.0,12.550333
fuel_minimizing,0,2024-09-19,0.0,0.0,0.0,0.0,0.0,0.0,0.0,0.0,470.447749,0.0,470.447749,637.954663,0.0,637.954663,12.661805,0.0,12.661805
fuel_minimizing,0,2024-09-20,0.0,0.0,0.0,0.0,0.0,0.0,0.0,0.0,469.2688,0.0,469.2688,647.543111,0.0,647.543111,13.471599,0.0,13.471599
fuel_minimizing,0,2024-09-21,0.0,0.0,0.0,0.0,0.0,0.0,0.0,0.0,469.97962,0.0,469.97962,656.122863,0.0,656.122863,14.653556,0.0,14.653556
fuel_minimizing,0,2024-09-22,0.0,0.0,0.0,0.0,0.0,0.0,0.0,0.0,475.300418,0.0,475.300418,663.710681,0.0,663.710681,13.854968,0.0,13.854968
fuel_minimizing,0,2024-09-23,0.0,0.0,0.0,0.0,0.0,0.0,0.0,0.0,480.659171,0.0,480.659171,669.542025,0.0,669.542025,14.190564,0.0,14.190564
fuel_minimizing,0,2024-09-24,0.0,0.0,0.0,0.0,0.0,0.0,0.0,0.0,483.564561,0.0,483.564561,677.404611,0.0,677.404611,13.73347,0.0,13.73347
fuel_minimizing,0,2024-09-25,0.0,0.0,0.0,0.0,0.0,0.0,0.0,0.0,484.462863,0.0,484.462863,684.396248,0.0,684.396248,12.515535,0.0,12.515535
fuel_minimizing,0,2024-09-26,0.0,0.0,0.0,0.0,0.0,0.0,0.0,0.0,484.628491,0.0,484.628491,692.449058,0.0,692.449058,11.639683,0.0,11.639683
fuel_minimizing,0,2024-09-27,0.0,0.0,0.0,0.0,0.0,0.0,0.0,0.0,488.543751,0.0,488.543751,703.720368,0.0,703.720368,15.385497,0.0,15.385497
fuel_minimizing,0,2024-09-28,0.0,0.0,0.0,0.0,0.0,0.0,0.0,0.0,490.96491,0.0,490.96491,714.89693,0.0,714.89693,15.240996,0.0,15.240996
fuel_minimizing,0,2024-09-29,0.0,0.0,0.0,0.0,0.0,0.0,0.0,0.0,492.501569,0.0,492.501569,726.424057,0.0,726.424057,14.145739,0.0,14.145739
fuel_minimizing,0,2024-09-30,0.0,0.0,0.0,0.0,0.0,0.0,0.0,0.0,269.857366,0.0,269.857366,737.381242,0.0,737.381242,12.819281,0.0,12.819281
fuel_minimizing,0,2024-10-01,0.0,0.0,0.0,0.0,0.0,0.0,0.0,0.0,265.507332,0.0,265.507332,745.75838,0.0,745.75838,11.7659,0.0,11.7659
fuel_minimizing,0,2024-10-02,0.0,0.0,0.0,0.0,0.0,0.0,0.0,0.0,260.587953,0.0,260.587953,755.429186,0.0,755.429186,11.727563,0.0,11.727563
fuel_minimizing,0,2024-10-03,0.0,0.0,0.0,0.0,0.0,0.0,0.0,0.0,264.673442,0.0,264.673442,771.687858,0.0,771.687858,14.514364,0.0,14.514364
fuel_minimizing,0,2024-10-04,0.0,0.0,0.0,0.0,0.0,0.0,0.0,0.0,270.598091,0.0,270.598091,786.951682,0.0,786.951682,15.338903,0.0,15.338903
fuel_minimizing,0,2024-10-05,0.0,0.0,0.0,0.0,0.0,0.0,0.0,0.0,274.818153,0.0,274.818153,800.527543,0.0,800.527543,18.754429,0.0,18.754429
fuel_minimizing,0,2024-10-06,0.0,0.0,0.0,0.0,0.0,0.0,0.0,0.0,277.94323,0.0,277.94323,813.947434,0.0,813.947434,23.935813,0.0,23.935813
fuel_minimizing,0,2024-10-07,0.0,0.0,0.0,0.0,0.0,0.0,0.0,0.0,282.785547,0.0,282.785547,823.987026,0.0,823.987026,26.560418,0.0,26.560418
fuel_minimizing,0,2024-10-08,0.0,0.0,0.0,0.0,0.0,0.0,0.0,0.0,291.592582,0.0,291.592582,832.644762,0.0,832.644762,27.195042,0.0,27.195042
fuel_minimizing,0,2024-10-09,0.0,0.0,0.0,0.0,0.0,0.0,0.0,0.0,303.02091,0.0,303.02091,841.560503,0.0,841.560503,27.623826,0.0,27.623826
fuel_minimizing,0,2024-10-10,0.0,0.0,0.0,0.0,0.0,0.0,0.0,0.0,309.242309,0.0,309.242309,849.483581,0.0,849.483581,25.29353,0.0,25.29353
fuel_minimizing,0,2024-10-11,0.0,0.0,0.0,0.0,0.0,0.0,0.0,0.0,312.936732,0.0,312.936732,856.12028,0.0,856.12028,23.214489,0.0,23.214489
fuel_minimizing,0,2024-10-12,0.0,0.0,0.0,0.0,0.0,0.0,0.0,0.0,320.150749,0.0,320.150749,860.682737,0.0,860.682737,21.389061,0.0,21.389061
fuel_minimizing,0,2024-10-13,0.0,0.0,0.0,0.0,0.0,0.0,0.0,0.0,327.089869,0.0,327.089869,865.431773,0.0,865.431773,21.857361,0.0,21.857361
fuel_minimizing,0,2024-10-14,0.0,0.0,0.0,0.0,0.0,0.0,0.0,0.0,333.330822,0.0,333.330822,869.476034,0.0,869.476034,19.479292,0.0,19.479292
fuel_minimizing,0,2024-10-15,0.0,0.0,0.0,0.0,0.0,0.0,0.0,0.0,335.022757,0.0,335.022757,871.22449,0.0,871.22449,16.366922,0.0,16.366922
fuel_minimizing,0,2024-10-16,0.0,0.0,0.0,0.0,0.0,0.0,0.0,0.0,335.282701,0.0,335.282701,870.90818,0.0,870.90818,15.004487,0.0,15.004487
fuel_minimizing,0,2024-10-17,0.0,0.0,0.0,0.0,0.0,0.0,0.0,0.0,334.847928,0.0,334.847928,865.500283,0.0,865.500283,13.669182,0.0,13.669182
fuel_minimizing,0,2024-10-18,0.0,0.0,0.0,0.0,0.0,0.0,0.0,0.0,333.25951,0.0,333.25951,860.751246,0.0,860.751246,12.982066,0.0,12.982066
fuel_minimizing,0,2024-10-19,0.0,0.0,0.0,0.0,0.0,0.0,0.0,0.0,327.241695,0.0,327.241695,862.140391,0.0,862.140391,13.109462,0.0,13.109462
fuel_minimizing,0,2024-10-20,0.0,0.0,0.0,0.0,0.0,0.0,0.0,0.0,320.472803,0.0,320.472803,867.756003,0.0,867.756003,12.987374,0.0,12.987374
fuel_minimizing,0,2024-10-21,0.0,0.0,0.0,0.0,0.0,0.0,0.0,0.0,313.913247,0.0,313.913247,873.453243,0.0,873.453243,12.49902,0.0,12.49902
fuel_minimizing,0,2024-10-22,0.0,0.0,0.0,0.0,0.0,0.0,0.0,0.0,307.564176,0.0,307.564176,876.020172,0.0,876.020172,11.566548,0.0,11.566548
fuel_minimizing,0,2024-10-23,0.0,0.0,0.0,0.0,0.0,0.0,0.0,0.0,301.830459,0.0,301.830459,880.928093,0.0,880.928093,7.731085,0.0,7.731085
fuel_minimizing,0,2024-10-24,0.0,0.0,0.0,0.0,0.0,0.0,0.0,0.0,300.05686,0.0,300.05686,893.832704,0.0,893.832704,7.263375,0.0,7.263375
fuel_minimizing,0,2024-10-25,0.0,0.0,0.0,0.0,0.0,0.0,0.0,0.0,317.689334,0.0,317.689334,916.167607,0.0,916.167607,24.698423,0.0,24.698423
fuel_minimizing,0,2024-10-26,0.0,0.0,0.0,0.0,0.0,0.0,0.0,0.0,351.425674,0.0,351.425674,949.53185,0.0,949.53185,32.490258,0.0,32.490258
fuel_minimizing,0,2024-10-27,0.0,0.0,0.0,0.0,0.0,0.0,0.0,0.0,377.37175,0.0,377.37175,974.365901,0.0,974.365901,33.682241,0.0,33.682241
fuel_minimizing,0,2024-10-28,0.0,0.0,0.0,0.0,0.0,0.0,0.0,0.0,394.348614,0.0,394.348614,990.859256,0.0,990.859256,31.248141,0.0,31.248141
fuel_minimizing,0,2024-10-29,0.0,0.0,0.0,0.0,0.0,0.0,0.0,0.0,408.61447,0.0,408.61447,1004.899379,0.0,1004.899379,27.893954,0.0,27.893954
fuel_minimizing,0,2024-10-30,0.0,0.0,0.0,0.0,0.0,0.0,0.0,0.0,417.423806,0.0,417.423806,1018.616632,0.0,1018.616632,25.627356,0.0,25.627356
fuel_minimizing,0,2024-10-31,0.0,0.0,0.0,0.0,0.0,0.0,0.0,0.0,422.988444,0.0,422.988444,1033.430041,0.0,1033.430041,22.658308,0.0,22.658308
fuel_minimizing,0,2024-11-01,0.0,0.0,0.0,0.0,0.0,0.0,0.0,0.0,425.990451,0.0,425.990451,1048.510201,0.0,1048.510201,23.830829,0.0,23.830829
fuel_minimizing,0,2024-11-02,0.0,0.0,0.0,0.0,0.0,0.0,0.0,0.0,430.07709,0.0,430.07709,1062.790837,0.0,1062.790837,26.062628,0.0,26.062628
fuel_minimizing,0,2024-11-03,0.0,0.0,0.0,0.0,0.0,0.0,0.0,0.0,430.425599,0.0,430.425599,1078.244156,0.0,1078.244156,26.664813,0.0,26.664813
fuel_minimizing,0,2024-11-04,0.0,0.0,0.0,0.0,0.0,0.0,0.0,0.0,428.642798,0.0,428.642798,1092.540826,0.0,1092.540826,24.539177,0.0,24.539177
fuel_minimizing,0,2024-11-05,0.0,0.0,0.0,0.0,0.0,0.0,0.0,0.0,426.585101,0.0,426.585101,1106.357928,0.0,1106.357928,21.295872,0.0,21.295872
fuel_minimizing,0,2024-11-06,0.0,0.0,0.0,0.0,0.0,0.0,0.0,0.0,425.555677,0.0,425.555677,1119.599986,0.0,1119.599986,18.995656,0.0,18.995656
fuel_minimizing,0,2024-11-07,0.0,0.0,0.0,0.0,0.0,0.0,0.0,0.0,425.499318,0.0,425.499318,1131.664988,0.0,1131.664988,15.491071,0.0,15.491071
fuel_minimizing,0,2024-11-08,0.0,0.0,0.0,0.0,0.0,0.0,0.0,0.0,426.535643,0.0,426.535643,1147.74437,0.0,1147.74437,13.795988,0.0,13.795988
fuel_minimizing,0,2024-11-09,0.0,0.0,0.0,0.0,0.0,0.0,0.0,0.0,452.280435,0.0,452.280435,1182.072121,0.0,1182.072121,37.281785,0.0,37.281785
fuel_minimizing,0,2024-11-10,0.0,0.0,0.0,0.0,0.0,0.0,0.0,0.0,502.609474,0.0,502.609474,1233.808635,0.0,1233.808635,55.286579,0.0,55.286579
fuel_minimizing,0,2024-11-11,0.0,0.0,0.0,0.0,0.0,0.0,0.0,0.0,522.675758,0.0,522.675758,1278.038959,0.0,1278.038959,54.161242,0.0,54.161242
fuel_minimizing,0,2024-11-12,0.0,0.0,0.0,0.0,0.0,0.0,0.0,0.0,531.256205,0.0,531.256205,1308.837001,0.0,1308.837001,49.471161,0.0,49.471161
fuel_minimizing,0,2024-11-13,0.0,0.0,0.0,0.0,0.0,0.0,0.0,0.0,536.053665,0.0,536.053665,1330.509401,0.0,1330.509401,44.365271,0.0,44.365271
fuel_minimizing,0,2024-11-14,0.0,0.0,0.0,0.0,0.0,0.0,0.0,0.0,539.061422,0.0,539.061422,1349.268679,0.0,1349.268679,39.558409,0.0,39.558409
fuel_minimizing,0,2024-11-15,0.0,0.0,0.0,0.0,0.0,0.0,0.0,0.0,550.027372,0.0,550.027372,1369.768396,0.0,1369.768396,37.058841,0.0,37.058841
fuel_minimizing,0,2024-11-16,0.0,0.0,0.0,0.0,0.0,0.0,0.0,0.0,564.134501,0.0,564.134501,1390.279046,0.0,1390.279046,34.459007,0.0,34.459007
fuel_minimizing,0,2024-11-17,0.0,0.0,0.0,0.0,0.0,0.0,0.0,0.0,571.705078,0.0,571.705078,1410.821763,0.0,1410.821763,30.132831,0.0,30.132831
fuel_minimizing,0,2024-11-18,0.0,0.0,0.0,0.0,0.0,0.0,0.0,0.0,574.794499,0.0,574.794499,1430.474584,0.0,1430.474584,24.870644,0.0,24.870644
fuel_minimizing,0,2024-11-19,0.0,0.0,0.0,0.0,0.0,0.0,0.0,0.0,576.668165,0.0,576.668165,1446.027023,0.0,1446.027023,20.290855,0.0,20.290855
fuel_minimizing,0,2024-11-20,0.0,0.0,0.0,0.0,0.0,0.0,0.0,0.0,577.41004,0.0,577.41004,1457.076769,0.0,1457.076769,16.096794,0.0,16.096794
fuel_minimizing,0,2024-11-21,0.0,0.0,0.0,0.0,0.0,0.0,0.0,0.0,575.729607,0.0,575.729607,1464.577128,0.0,1464.577128,13.991212,0.0,13.991212
fuel_minimizing,0,2024-11-22,0.0,0.0,0.0,0.0,0.0,0.0,0.0,0.0,573.763925,0.0,573.763925,1469.872785,0.0,1469.872785,13.138952,0.0,13.138952
fuel_minimizing,0,2024-11-23,0.0,0.0,0.0,0.0,0.0,0.0,0.0,0.0,571.094325,0.0,571.094325,1471.368338,0.0,1471.368338,12.944319,0.0,12.944319
fuel_minimizing,0,2024-11-24,0.0,0.0,0.0,0.0,0.0,0.0,0.0,0.0,567.617288,0.0,567.617288,1471.483492,0.0,1471.483492,13.048713,0.0,13.048713
fuel_minimizing,0,2024-11-25,0.0,0.0,0.0,0.0,0.0,0.0,0.0,0.0,563.567455,0.0,563.567455,1476.13268,0.0,1476.13268,12.659446,0.0,12.659446
fuel_minimizing,0,2024-11-26,0.0,0.0,0.0,0.0,0.0,0.0,0.0,0.0,559.538326,0.0,559.538326,1478.974376,0.0,1478.974376,12.592209,0.0,12.592209
fuel_minimizing,0,2024-11-27,0.0,0.0,0.0,0.0,0.0,0.0,0.0,0.0,556.815817,0.0,556.815817,1476.824337,0.0,1476.824337,12.512586,0.0,12.512586
fuel_minimizing,0,2024-11-28,0.0,0.0,0.0,0.0,0.0,0.0,0.0,0.0,557.300048,0.0,557.300048,1475.93371,0.0,1475.93371,12.191145,0.0,12.191145
fuel_minimizing,0,2024-11-29,0.0,0.0,0.0,0.0,0.0,0.0,0.0,0.0,556.48111,0.0,556.48111,1478.405162,0.0,1478.405162,12.481326,0.0,12.481326
fuel_minimizing,0,2024-11-30,0.0,0.0,0.0,0.0,0.0,0.0,0.0,0.0,555.394177,0.0,555.394177,1484.27805,0.0,1484.27805,12.788022,0.0,12.788022
fuel_minimizing,0,2024-12-01,0.0,0.0,0.0,0.0,0.0,0.0,0.0,0.0,554.633899,0.0,554.633899,1494.792109,0.0,1494.792109,12.50138,0.0,12.50138
fuel_minimizing,0,2024-12-02,0.0,0.0,0.0,0.0,0.0,0.0,0.0,0.0,552.592304,0.0,552.592304,1501.609556,0.0,1501.609556,12.582772,0.0,12.582772
fuel_minimizing,0,2024-12-03,0.0,0.0,0.0,0.0,0.0,0.0,0.0,0.0,550.587516,0.0,550.587516,1505.338235,0.0,1505.338235,12.946678,0.0,12.946678
fuel_minimizing,0,2024-12-04,0.0,0.0,0.0,0.0,0.0,0.0,0.0,0.0,550.094083,0.0,550.094083,1513.565963,0.0,1513.565963,15.719913,0.0,15.719913
fuel_minimizing,0,2024-12-05,0.0,0.0,0.0,0.0,0.0,0.0,0.0,0.0,554.068003,0.0,554.068003,1528.627173,0.0,1528.627173,18.801023,0.0,18.801023
fuel_minimizing,0,2024-12-06,0.0,0.0,0.0,0.0,0.0,0.0,0.0,0.0,558.920672,0.0,558.920672,1549.076601,0.0,1549.076601,17.339501,0.0,17.339501
fuel_minimizing,0,2024-12-07,0.0,0.0,0.0,0.0,0.0,0.0,0.0,0.0,560.80584,0.0,560.80584,1568.980138,0.0,1568.980138,13.423825,0.0,13.423825
fuel_minimizing,0,2024-12-08,0.0,0.0,0.0,0.0,0.0,0.0,0.0,0.0,561.881271,0.0,561.881271,1587.814485,0.0,1587.814485,11.895656,0.0,11.895656
fuel_minimizing,0,2024-12-09,0.0,0.0,0.0,0.0,0.0,0.0,0.0,0.0,565.85059,0.0,565.85059,1603.957274,0.0,1603.957274,14.514364,0.0,14.514364
fuel_minimizing,0,2024-12-10,0.0,0.0,0.0,0.0,0.0,0.0,0.0,0.0,571.079372,0.0,571.079372,1614.266532,0.0,1614.266532,14.871782,0.0,14.871782
fuel_minimizing,0,2024-12-11,0.0,0.0,0.0,0.0,0.0,0.0,0.0,0.0,571.72003,0.0,571.72003,1619.60519,0.0,1619.60519,12.898314,0.0,12.898314
fuel_minimizing,0,2024-12-12,0.0,0.0,0.0,0.0,0.0,0.0,0.0,0.0,569.488654,0.0,569.488654,1620.308508,0.0,1620.308508,11.616681,0.0,11.616681
fuel_minimizing,0,2024-12-13,0.0,0.0,0.0,0.0,0.0,0.0,0.0,0.0,565.511283,0.0,565.511283,1621.303357,0.0,1621.303357,13.170801,0.0,13.170801
fuel_minimizing,0,2024-12-14,0.0,0.0,0.0,0.0,0.0,0.0,0.0,0.0,563.766439,0.0,563.766439,1634.146746,0.0,1634.146746,15.64029,0.0,15.64029
fuel_minimizing,0,2024-12-15,0.0,0.0,0.0,0.0,0.0,0.0,0.0,0.0,570.515777,0.0,570.515777,1655.063352,0.0,1655.063352,24.574565,0.0,24.574565
fuel_minimizing,0,2024-12-16,0.0,0.0,0.0,0.0,0.0,0.0,0.0,0.0,576.920057,0.0,576.920057,1676.611123,0.0,1676.611123,23.823751,0.0,23.823751
fuel_minimizing,0,2024-12-17,0.0,0.0,0.0,0.0,0.0,0.0,0.0,0.0,579.197442,0.0,579.197442,1697.471609,0.0,1697.471609,21.4504,0.0,21.4504
fuel_minimizing,0,2024-12-18,0.0,0.0,0.0,0.0,0.0,0.0,0.0,0.0,578.159967,0.0,578.159967,1715.512264,0.0,1715.512264,19.238654,0.0,19.238654
fuel_minimizing,0,2024-12-19,0.0,0.0,0.0,0.0,0.0,0.0,0.0,0.0,575.082047,0.0,575.082047,1727.371737,0.0,1727.371737,16.795706,0.0,16.795706
fuel_minimizing,0,2024-12-20,0.0,0.0,0.0,0.0,0.0,0.0,0.0,0.0,571.603861,0.0,571.603861,1736.893133,0.0,1736.893133,15.070544,0.0,15.070544
fuel_minimizing,0,2024-12-21,0.0,0.0,0.0,0.0,0.0,0.0,0.0,0.0,569.336828,0.0,569.336828,1747.243934,0.0,1747.243934,14.831675,0.0,14.831675
fuel_minimizing,0,2024-12-22,0.0,0.0,0.0,0.0,0.0,0.0,0.0,0.0,566.520003,0.0,566.520003,1758.588855,0.0,1758.588855,15.025719,0.0,15.025719
fuel_minimizing,0,2024-12-23,0.0,0.0,0.0,0.0,0.0,0.0,0.0,0.0,562.961303,0.0,562.961303,1761.245429,0.0,1761.245429,15.05344,0.0,15.05344
fuel_minimizing,0,2024-12-24,0.0,0.0,0.0,0.0,0.0,0.0,0.0,0.0,558.602068,0.0,558.602068,1759.156611,0.0,1759.156611,16.027788,0.0,16.027788
fuel_minimizing,0,2024-12-25,0.0,0.0,0.0,0.0,0.0,0.0,0.0,0.0,554.555685,0.0,554.555685,1757.070708,0.0,1757.070708,15.942857,0.0,15.942857
fuel_minimizing,0,2024-12-26,0.0,0.0,0.0,0.0,0.0,0.0,0.0,0.0,551.432909,0.0,551.432909,1762.068275,0.0,1762.068275,15.918675,0.0,15.918675
fuel_minimizing,0,2024-12-27,0.0,0.0,0.0,0.0,0.0,0.0,0.0,0.0,551.67675,0.0,551.67675,1768.801179,0.0,1768.801179,14.875321,0.0,14.875321
fuel_minimizing,0,2024-12-28,0.0,0.0,0.0,0.0,0.0,0.0,0.0,0.0,552.837296,0.0,552.837296,1771.943881,0.0,1771.943881,14.908939,0.0,14.908939
fuel_minimizing,0,2024-12-29,0.0,0.0,0.0,0.0,0.0,0.0,0.0,0.0,549.658159,0.0,549.658159,1775.027548,0.0,1775.027548,14.335654,0.0,14.335654
fuel_minimizing,0,2024-12-30,0.0,0.0,0.0,0.0,0.0,0.0,0.0,0.0,547.299111,0.0,547.299111,1778.286862,0.0,1778.286862,14.804545,0.0,14.804545
fuel_minimizing,0,2024-12-31,0.0,0.0,0.0,0.0,0.0,0.0,0.0,0.0,547.144985,0.0,547.144985,1781.938285,0.0,1781.938285,14.880039,0.0,14.880039
fuel_minimizing,500,2024-01-01,1707.04906,1707.04906,0.0,0.0,0.0,0.0,0.0,0.0,156.869209,0.0,156.869209,1173.727052,0.0,1173.727052,13.077023,0.0,13.077023
fuel_minimizing,500,2024-01-02,1707.04906,1707.04906,0.0,0.0,0.0,0.0,0.0,0.0,165.885579,0.0,165.885579,1180.355005,0.0,1180.355005,13.108283,0.0,13.108283
fuel_minimizing,500,2024-01-03,1707.04906,1707.04906,0.0,0.0,0.0,0.0,0.0,0.0,169.62371,0.0,169.62371,1181.145053,0.0,1181.145053,13.347151,0.0,13.347151
fuel_minimizing,500,2024-01-04,1707.04906,1707.04906,0.0,0.0,0.0,0.0,0.0,0.0,168.623041,0.0,168.623041,1181.771845,0.0,1181.771845,13.077023,0.0,13.077023
fuel_minimizing,500,2024-01-05,1707.04906,1707.04906,0.0,0.0,0.0,0.0,0.0,0.0,167.150793,0.0,167.150793,1184.511505,0.0,1184.511505,12.82223,0.0,12.82223
fuel_minimizing,500,2024-01-06,1707.04906,1707.04906,0.0,0.0,0.0,0.0,0.0,0.0,166.277796,0.0,166.277796,1185.1485,0.0,1185.1485,13.404952,0.0,13.404952
fuel_minimizing,500,2024-01-07,1707.04906,1707.04906,0.0,0.0,0.0,0.0,0.0,0.0,165.897081,0.0,165.897081,1187.195046,0.0,1187.195046,13.388437,0.0,13.388437
fuel_minimizing,500,2024-01-08,1707.04906,1707.04906,0.0,0.0,0.0,0.0,0.0,0.0,164.069423,0.0,164.069423,1185.781851,0.0,1185.781851,13.592508,0.0,13.592508
fuel_minimizing,500,2024-01-09,1707.04906,1707.04906,0.0,0.0,0.0,0.0,0.0,0.0,163.40116,0.0,163.40116,1184.802307,0.0,1184.802307,13.065227,0.0,13.065227
fuel_minimizing,500,2024-01-10,1707.04906,1707.04906,0.0,0.0,0.0,0.0,0.0,0.0,160.648746,0.0,160.648746,1179.176492,0.0,1179.176492,13.515834,0.0,13.515834
fuel_minimizing,500,2024-01-11,1707.04906,1707.04906,0.0,0.0,0.0,0.0,0.0,0.0,160.154163,0.0,160.154163,1178.446936,0.0,1178.446936,13.215036,0.0,13.215036
fuel_minimizing,500,2024-01-12,1707.04906,1707.04906,0.0,0.0,0.0,0.0,0.0,0.0,157.198164,0.0,157.198164,1174.822479,0.0,1174.822479,13.20383,0.0,13.20383
fuel_minimizing,500,2024-01-13,1707.04906,1707.04906,0.0,0.0,0.0,0.0,0.0,0.0,153.305908,0.0,153.305908,1171.180531,0.0,1171.180531,13.123028,0.0,13.123028
fuel_minimizing,500,2024-01-14,1707.04906,1707.04906,0.0,0.0,0.0,0.0,0.0,0.0,150.408569,0.0,150.408569,1176.181741,0.0,1176.181741,12.834616,0.0,12.834616
fuel_minimizing,500,2024-01-15,1707.04906,1707.04906,0.0,0.0,0.0,0.0,0.0,0.0,148.343971,0.0,148.343971,1180.658197,0.0,1180.658197,13.576583,0.0,13.576583
fuel_minimizing,500,2024-01-16,1707.04906,1707.04906,0.0,0.0,0.0,0.0,0.0,0.0,147.650404,0.0,147.650404,1176.881415,0.0,1176.881415,13.023352,0.0,13.023352
fuel_minimizing,500,2024-01-17,1707.04906,1707.04906,0.0,0.0,0.0,0.0,0.0,0.0,145.240747,0.0,145.240747,1171.10619,0.0,1171.10619,12.434732,0.0,12.434732
fuel_minimizing,500,2024-01-18,1707.04906,1707.04906,0.0,0.0,0.0,0.0,0.0,0.0,142.212287,0.0,142.212287,1165.314202,0.0,1165.314202,10.701903,0.0,10.701903
fuel_minimizing,500,2024-01-19,1707.04906,1707.04906,0.0,0.0,0.0,0.0,0.0,0.0,147.561839,0.0,147.561839,1169.327123,0.0,1169.327123,10.723725,0.0,10.723725
fuel_minimizing,500,2024-01-20,1707.04906,1707.04906,0.0,0.0,0.0,0.0,0.0,0.0,192.373397,0.0,192.373397,1215.454584,0.0,1215.454584,27.633853,0.0,27.633853
fuel_minimizing,500,2024-01-21,1707.04906,1707.04906,0.0,0.0,0.0,0.0,0.0,0.0,224.966444,0.0,224.966444,1273.137597,0.0,1273.137597,31.907536,0.0,31.907536
fuel_minimizing,500,2024-01-22,1707.04906,1707.04906,0.0,0.0,0.0,0.0,0.0,0.0,237.908427,0.0,237.908427,1300.21352,0.0,1300.21352,27.782482,0.0,27.782482
fuel_minimizing,500,2024-01-23,1707.04906,1707.04906,0.0,0.0,0.0,0.0,0.0,0.0,256.091844,0.0,256.091844,1319.627285,0.0,1319.627285,26.287931,0.0,26.287931
fuel_minimizing,500,2024-01-24,1707.04906,1707.04906,0.0,0.0,0.0,0.0,0.0,0.0,271.925415,0.0,271.925415,1342.787949,0.0,1342.787949,24.622929,0.0,24.622929
fuel_minimizing,500,2024-01-25,1707.04906,1707.04906,0.0,0.0,0.0,0.0,0.0,0.0,277.05528,0.0,277.05528,1354.315077,0.0,1354.315077,20.529134,0.0,20.529134
fuel_minimizing,500,2024-01-26,1707.04906,1707.04906,0.0,0.0,0.0,0.0,0.0,0.0,279.576505,0.0,279.576505,1359.29661,0.0,1359.29661,14.589268,0.0,14.589268
fuel_minimizing,500,2024-01-27,1707.04906,1707.04906,0.0,0.0,0.0,0.0,0.0,0.0,295.399724,0.0,295.399724,1370.925045,0.0,1370.925045,16.25722,0.0,16.25722
fuel_minimizing,500,2024-01-28,1707.04906,1707.04906,0.0,0.0,0.0,0.0,0.0,0.0,317.933175,0.0,317.933175,1402.432236,0.0,1402.432236,17.647376,0.0,17.647376
fuel_minimizing,500,2024-01-29,1707.04906,1707.04906,0.0,0.0,0.0,0.0,0.0,0.0,328.736947,0.0,328.736947,1426.209488,0.0,1426.209488,14.792749,0.0,14.792749
fuel_minimizing,500,2024-01-30,1707.04906,1707.04906,0.0,0.0,0.0,0.0,0.0,0.0,336.543314,0.0,336.543314,1435.444455,0.0,1435.444455,14.34863,0.0,14.34863
fuel_minimizing,500,2024-01-31,1707.04906,1707.04906,0.0,0.0,0.0,0.0,0.0,0.0,338.372122,0.0,338.372122,1437.456746,0.0,1437.456746,14.405841,0.0,14.405841
fuel_minimizing,500,2024-02-01,1714.15607,1714.15607,0.0,0.0,0.0,0.0,0.0,0.0,337.903993,0.0,337.903993,1436.749055,0.0,1436.749055,13.580122,0.0,13.580122
fuel_minimizing,500,2024-02-02,1714.15607,1714.15607,0.0,0.0,0.0,0.0,0.0,0.0,339.219815,0.0,339.219815,1433.003613,0.0,1433.003613,12.460683,0.0,12.460683
fuel_minimizing,500,2024-02-03,1714.15607,1714.15607,0.0,0.0,0.0,0.0,0.0,0.0,341.576563,0.0,341.576563,1431.976696,0.0,1431.976696,12.304387,0.0,12.304387
fuel_minimizing,500,2024-02-04,1714.15607,1714.15607,0.0,0.0,0.0,0.0,0.0,0.0,344.427894,0.0,344.427894,1434.889089,0.0,1434.889089,12.316183,0.0,12.316183
fuel_minimizing,500,2024-02-05,1714.15607,1714.15607,0.0,0.0,0.0,0.0,0.0,0.0,345.021394,0.0,345.021394,1436.396303,0.0,1436.396303,12.394036,0.0,12.394036
fuel_minimizing,500,2024-02-06,1714.15607,1714.15607,0.0,0.0,0.0,0.0,0.0,0.0,342.412754,0.0,342.412754,1432.907408,0.0,1432.907408,12.11919,0.0,12.11919
fuel_minimizing,500,2024-02-07,1714.15607,1714.15607,0.0,0.0,0.0,0.0,0.0,0.0,338.30196,0.0,338.30196,1430.04822,0.0,1430.04822,12.363367,0.0,12.363367
fuel_minimizing,500,2024-02-08,1714.15607,1714.15607,0.0,0.0,0.0,0.0,0.0,0.0,333.548209,0.0,333.548209,1424.767868,0.0,1424.767868,12.976168,0.0,12.976168
fuel_minimizing,500,2024-02-09,1714.15607,1714.15607,0.0,0.0,0.0,0.0,0.0,0.0,329.194724,0.0,329.194724,1422.163769,0.0,1422.163769,12.933702,0.0,12.933702
fuel_minimizing,500,2024-02-10,1714.15607,1714.15607,0.0,0.0,0.0,0.0,0.0,0.0,324.615802,0.0,324.615802,1418.591059,0.0,1418.591059,12.934292,0.0,12.934292
fuel_minimizing,500,2024-02-11,1714.15607,1714.15607,0.0,0.0,0.0,0.0,0.0,0.0,324.264993,0.0,324.264993,1415.816415,0.0,1415.816415,12.768559,0.0,12.768559
fuel_minimizing,500,2024-02-12,1714.15607,1714.15607,0.0,0.0,0.0,0.0,0.0,0.0,320.907577,0.0,320.907577,1407.776724,0.0,1407.776724,12.847592,0.0,12.847592
fuel_minimizing,500,2024-02-13,1714.15607,1714.15607,0.0,0.0,0.0,0.0,0.0,0.0,315.080694,0.0,315.080694,1397.307124,0.0,1397.307124,12.905982,0.0,12.905982
fuel_minimizing,500,2024-02-14,1714.15607,1714.15607,0.0,0.0,0.0,0.0,0.0,0.0,308.863895,0.0,308.863895,1389.190907,0.0,1389.190907,13.009197,0.0,13.009197
fuel_minimizing,500,2024-02-15,1714.15607,1714.15607,0.0,0.0,0.0,0.0,0.0,0.0,303.050815,0.0,303.050815,1384.287359,0.0,1384.287359,12.44122,0.0,12.44122
fuel_minimizing,500,2024-02-16,1714.15607,1714.15607,0.0,0.0,0.0,0.0,0.0,0.0,297.664456,0.0,297.664456,1381.913569,0.0,1381.913569,13.772986,0.0,13.772986
fuel_minimizing,500,2024-02-17,1714.15607,1714.15607,0.0,0.0,0.0,0.0,0.0,0.0,298.171692,0.0,298.171692,1385.083238,0.0,1385.083238,13.598406,0.0,13.598406
fuel_minimizing,500,2024-02-18,1714.15607,1714.15607,0.0,0.0,0.0,0.0,0.0,0.0,297.360805,0.0,297.360805,1395.782418,0.0,1395.782418,13.209728,0.0,13.209728
fuel_minimizing,500,2024-02-19,1714.15607,1714.15607,0.0,0.0,0.0,0.0,0.0,0.0,294.999457,0.0,294.999457,1405.080793,0.0,1405.080793,12.915419,0.0,12.915419
fuel_minimizing,500,2024-02-20,1714.15607,1714.15607,0.0,0.0,0.0,0.0,0.0,0.0,290.506799,0.0,290.506799,1402.884109,0.0,1402.884109,13.347741,0.0,13.347741
fuel_minimizing,500,2024-02-21,1714.15607,1714.15607,0.0,0.0,0.0,0.0,0.0,0.0,287.443832,0.0,287.443832,1397.439042,0.0,1397.439042,13.453315,0.0,13.453315
fuel_minimizing,500,2024-02-22,1714.15607,1714.15607,0.0,0.0,0.0,0.0,0.0,0.0,284.546494,0.0,284.546494,1385.438177,0.0,1385.438177,13.064638,0.0,13.064638
fuel_minimizing,500,2024-02-23,1714.15607,1714.15607,0.0,0.0,0.0,0.0,0.0,0.0,280.424198,0.0,280.424198,1373.100593,0.0,1373.100593,13.034558,0.0,13.034558
fuel_minimizing,500,2024-02-24,1714.15607,1714.15607,0.0,0.0,0.0,0.0,0.0,0.0,278.930096,0.0,278.930096,1362.913049,0.0,1362.913049,13.312353,0.0,13.312353
fuel_minimizing,500,2024-02-25,1714.15607,1714.15607,0.0,0.0,0.0,0.0,0.0,0.0,281.889546,0.0,281.889546,1354.737797,0.0,1354.737797,15.373111,0.0,15.373111
fuel_minimizing,500,2024-02-26,1714.15607,1714.15607,0.0,0.0,0.0,0.0,0.0,0.0,284.896153,0.0,284.896153,1356.978211,0.0,1356.978211,14.297907,0.0,14.297907
fuel_minimizing,500,2024-02-27,1714.15607,1714.15607,0.0,0.0,0.0,0.0,0.0,0.0,280.979742,0.0,280.979742,1357.440288,0.0,1357.440288,15.428552,0.0,15.428552
fuel_minimizing,500,2024-02-28,1714.15607,1714.15607,0.0,0.0,0.0,0.0,0.0,0.0,276.908055,0.0,276.908055,1354.374112,0.0,1354.374112,16.799835,0.0,16.799835
fuel_minimizing,500,2024-02-29,1714.15607,1714.15607,0.0,0.0,0.0,0.0,0.0,0.0,273.352806,0.0,273.352806,1351.162172,0.0,1351.162172,17.642068,0.0,17.642068
fuel_minimizing,500,2024-03-01,1617.938092,1617.938092,0.0,0.0,0.0,0.0,0.0,0.0,270.073603,0.0,270.073603,1344.612932,0.0,1344.612932,18.191171,0.0,18.191171
fuel_minimizing,500,2024-03-02,1617.938092,1617.938092,0.0,0.0,0.0,0.0,0.0,0.0,267.548927,0.0,267.548927,1344.21062,0.0,1344.21062,18.562744,0.0,18.562744
fuel_minimizing,500,2024-03-03,1617.938092,1617.938092,0.0,0.0,0.0,0.0,0.0,0.0,263.229948,0.0,263.229948,1350.232917,0.0,1350.232917,18.411755,0.0,18.411755
fuel_minimizing,500,2024-03-04,1617.938092,1617.938092,0.0,0.0,0.0,0.0,0.0,0.0,261.586321,0.0,261.586321,1355.707866,0.0,1355.707866,18.698398,0.0,18.698398
fuel_minimizing,500,2024-03-05,1617.938092,1617.938092,0.0,0.0,0.0,0.0,0.0,0.0,260.400471,0.0,260.400471,1354.738526,0.0,1354.738526,19.256937,0.0,19.256937
fuel_minimizing,500,2024-03-06,1617.938092,1617.938092,0.0,0.0,0.0,0.0,0.0,0.0,260.16008,0.0,260.16008,1351.950763,0.0,1351.950763,17.873859,0.0,17.873859
fuel_minimizing,500,2024-03-07,1617.938092,1617.938092,0.0,0.0,0.0,0.0,0.0,0.0,258.67518,0.0,258.67518,1348.756314,0.0,1348.756314,17.221541,0.0,17.221541
fuel_minimizing,500,2024-03-08,1617.938092,1617.938092,0.0,0.0,0.0,0.0,0.0,0.0,257.347856,0.0,257.347856,1341.276362,0.0,1341.276362,16.57748,0.0,16.57748
fuel_minimizing,500,2024-03-09,1617.938092,1617.938092,0.0,0.0,0.0,0.0,0.0,0.0,252.082268,0.0,252.082268,1342.554725,0.0,1342.554725,15.524689,0.0,15.524689
fuel_minimizing,500,2024-03-10,1617.938092,1617.938092,0.0,0.0,0.0,0.0,0.0,0.0,244.98212,0.0,244.98212,1346.489662,0.0,1346.489662,14.988562,0.0,14.988562
fuel_minimizing,500,2024-03-11,1617.938092,1617.938092,0.0,0.0,0.0,0.0,0.0,0.0,239.420932,0.0,239.420932,1346.426254,0.0,1346.426254,14.490772,0.0,14.490772
fuel_minimizing,500,2024-03-12,1617.938092,1617.938092,0.0,0.0,0.0,0.0,0.0,0.0,234.471648,0.0,234.471648,1337.893876,0.0,1337.893876,14.739667,0.0,14.739667
fuel_minimizing,500,2024-03-13,1617.938092,1617.938092,0.0,0.0,0.0,0.0,0.0,0.0,229.822564,0.0,229.822564,1330.789271,0.0,1330.789271,14.939609,0.0,14.939609
fuel_minimizing,500,2024-03-14,1617.938092,1617.938092,0.0,0.0,0.0,0.0,0.0,0.0,225.742825,0.0,225.742825,1325.374815,0.0,1325.374815,14.984433,0.0,14.984433
fuel_minimizing,500,2024-03-15,1617.938092,1617.938092,0.0,0.0,0.0,0.0,0.0,0.0,222.68446,0.0,222.68446,1322.726257,0.0,1322.726257,14.55447,0.0,14.55447
fuel_minimizing,500,2024-03-16,1617.938092,1617.938092,0.0,0.0,0.0,0.0,0.0,0.0,221.874723,0.0,221.874723,1319.968376,0.0,1319.968376,14.854088,0.0,14.854088
fuel_minimizing,500,2024-03-17,1617.938092,1617.938092,0.0,0.0,0.0,0.0,0.0,0.0,219.787121,0.0,219.787121,1319.03402,0.0,1319.03402,13.936361,0.0,13.936361
fuel_minimizing,500,2024-03-18,1617.938092,1617.938092,0.0,0.0,0.0,0.0,0.0,0.0,218.554113,0.0,218.554113,1311.731902,0.0,1311.731902,13.171981,0.0,13.171981
fuel_minimizing,500,2024-03-19,1617.938092,1617.938092,0.0,0.0,0.0,0.0,0.0,0.0,215.351973,0.0,215.351973,1302.070571,0.0,1302.070571,12.901853,0.0,12.901853
fuel_minimizing,500,2024-03-20,1617.938092,1617.938092,0.0,0.0,0.0,0.0,0.0,0.0,212.070469,0.0,212.070469,1291.671668,0.0,1291.671668,12.79451,0.0,12.79451
fuel_minimizing,500,2024-03-21,1617.938092,1617.938092,0.0,0.0,0.0,0.0,0.0,0.0,207.662926,0.0,207.662926,1282.230443,0.0,1282.230443,12.76384,0.0,12.76384
fuel_minimizing,500,2024-03-22,1617.938092,1617.938092,0.0,0.0,0.0,0.0,0.0,0.0,201.380566,0.0,201.380566,1273.823423,0.0,1273.823423,12.785073,0.0,12.785073
fuel_minimizing,500,2024-03-23,1617.938092,1617.938092,0.0,0.0,0.0,0.0,0.0,0.0,198.444121,0.0,198.444121,1261.903458,0.0,1261.903458,12.819871,0.0,12.819871
fuel_minimizing,500,2024-03-24,1617.938092,1617.938092,0.0,0.0,0.0,0.0,0.0,0.0,193.849096,0.0,193.849096,1255.737581,0.0,1255.737581,12.832847,0.0,12.832847
fuel_minimizing,500,2024-03-25,1617.938092,1617.938092,0.0,0.0,0.0,0.0,0.0,0.0,192.349243,0.0,192.349243,1250.835491,0.0,1250.835491,12.467171,0.0,12.467171
fuel_minimizing,500,2024-03-26,1617.938092,1617.938092,0.0,0.0,0.0,0.0,0.0,0.0,189.700346,0.0,189.700346,1248.463159,0.0,1248.463159,13.729931,0.0,13.729931
fuel_minimizing,500,2024-03-27,1617.938092,1617.938092,0.0,0.0,0.0,0.0,0.0,0.0,191.603917,0.0,191.603917,1248.498143,0.0,1248.498143,12.522023,0.0,12.522023
fuel_minimizing,500,2024-03-28,1617.938092,1617.938092,0.0,0.0,0.0,0.0,0.0,0.0,192.995652,0.0,192.995652,1244.152147,0.0,1244.152147,12.171682,0.0,12.171682
fuel_minimizing,500,2024-03-29,1617.938092,1617.938092,0.0,0.0,0.0,0.0,0.0,0.0,193.939961,0.0,193.939961,1240.319246,0.0,1240.319246,11.813084,0.0,11.813084
fuel_minimizing,500,2024-03-30,1617.938092,1617.938092,0.0,0.0,0.0,0.0,0.0,0.0,195.873437,0.0,195.873437,1235.848621,0.0,1235.848621,11.867935,0.0,11.867935
fuel_minimizing,500,2024-03-31,1617.938092,1617.938092,0.0,0.0,0.0,0.0,0.0,0.0,417.418055,0.0,417.418055,1228.959749,0.0,1228.959749,12.274897,0.0,12.274897
fuel_minimizing,500,2024-04-01,1048.557277,1048.557277,0.0,0.0,0.0,0.0,0.0,0.0,415.996415,0.0,415.996415,1221.229081,0.0,1221.229081,12.761481,0.0,12.761481
fuel_minimizing,500,2024-04-02,1048.557277,1048.557277,0.0,0.0,0.0,0.0,0.0,0.0,412.808077,0.0,412.808077,1212.292933,0.0,1212.292933,13.049303,0.0,13.049303
fuel_minimizing,500,2024-04-03,1048.557277,1048.557277,0.0,0.0,0.0,0.0,0.0,0.0,410.03956,0.0,410.03956,1198.273217,0.0,1198.273217,12.981476,0.0,12.981476
fuel_minimizing,500,2024-04-04,1048.557277,1048.557277,0.0,0.0,0.0,0.0,0.0,0.0,407.497631,0.0,407.497631,1189.571022,0.0,1189.571022,13.326508,0.0,13.326508
fuel_minimizing,500,2024-04-05,1048.557277,1048.557277,0.0,0.0,0.0,0.0,0.0,0.0,405.362871,0.0,405.362871,1180.943168,0.0,1180.943168,13.528809,0.0,13.528809
fuel_minimizing,500,2024-04-06,1048.557277,1048.557277,0.0,0.0,0.0,0.0,0.0,0.0,404.969505,0.0,404.969505,1173.90853,0.0,1173.90853,12.805716,0.0,12.805716
fuel_minimizing,500,2024-04-07,1048.557277,1048.557277,0.0,0.0,0.0,0.0,0.0,0.0,406.016182,0.0,406.016182,1173.464674,0.0,1173.464674,10.471291,0.0,10.471291
fuel_minimizing,500,2024-04-08,1048.557277,1048.557277,0.0,0.0,0.0,0.0,0.0,0.0,404.916596,0.0,404.916596,1170.009306,0.0,1170.009306,5.922172,0.0,5.922172
fuel_minimizing,500,2024-04-09,1048.557277,1048.557277,0.0,0.0,0.0,0.0,0.0,0.0,404.931549,0.0,404.931549,1162.619,0.0,1162.619,3.480404,0.0,3.480404
fuel_minimizing,500,2024-04-10,1048.557277,1048.557277,0.0,0.0,0.0,0.0,0.0,0.0,413.191092,0.0,413.191092,1165.710684,0.0,1165.710684,8.112095,0.0,8.112095
fuel_minimizing,500,2024-04-11,1048.557277,1048.557277,0.0,0.0,0.0,0.0,0.0,0.0,448.137436,0.0,448.137436,1196.853462,0.0,1196.853462,18.461298,0.0,18.461298
fuel_minimizing,500,2024-04-12,1048.557277,1048.557277,0.0,0.0,0.0,0.0,0.0,0.0,510.656231,0.0,510.656231,1267.424322,0.0,1267.424322,36.096878,0.0,36.096878
fuel_minimizing,500,2024-04-13,1048.557277,1048.557277,0.0,0.0,0.0,0.0,0.0,0.0,542.480949,0.0,542.480949,1323.471119,0.0,1323.471119,40.056789,0.0,40.056789
fuel_minimizing,500,2024-04-14,1048.557277,1048.557277,0.0,0.0,0.0,0.0,0.0,0.0,555.633417,0.0,555.633417,1356.154637,0.0,1356.154637,39.081261,0.0,39.081261
fuel_minimizing,500,2024-04-15,1048.557277,1048.557277,0.0,0.0,0.0,0.0,0.0,0.0,561.872069,0.0,561.872069,1377.292806,0.0,1377.292806,34.937923,0.0,34.937923
fuel_minimizing,500,2024-04-16,1048.557277,1048.557277,0.0,0.0,0.0,0.0,0.0,0.0,565.102964,0.0,565.102964,1389.267434,0.0,1389.267434,29.487591,0.0,29.487591
fuel_minimizing,500,2024-04-17,1048.557277,1048.557277,0.0,0.0,0.0,0.0,0.0,0.0,566.511952,0.0,566.511952,1397.638012,0.0,1397.638012,23.996562,0.0,23.996562
fuel_minimizing,500,2024-04-18,1048.557277,1048.557277,0.0,0.0,0.0,0.0,0.0,0.0,566.920271,0.0,566.920271,1405.551615,0.0,1405.551615,19.399669,0.0,19.399669
fuel_minimizing,500,2024-04-19,1048.557277,1048.557277,0.0,0.0,0.0,0.0,0.0,0.0,565.774678,0.0,565.774678,1412.154059,0.0,1412.154059,16.001837,0.0,16.001837
fuel_minimizing,500,2024-04-20,1048.557277,1048.557277,0.0,0.0,0.0,0.0,0.0,0.0,563.225848,0.0,563.225848,1414.438203,0.0,1414.438203,13.46924,0.0,13.46924
fuel_minimizing,500,2024-04-21,1048.557277,1048.557277,0.0,0.0,0.0,0.0,0.0,0.0,562.717462,0.0,562.717462,1415.436696,0.0,1415.436696,12.741428,0.0,12.741428
fuel_minimizing,500,2024-04-22,1048.557277,1048.557277,0.0,0.0,0.0,0.0,0.0,0.0,559.319789,0.0,559.319789,1417.96281,0.0,1417.96281,13.134824,0.0,13.134824
fuel_minimizing,500,2024-04-23,1048.557277,1048.557277,0.0,0.0,0.0,0.0,0.0,0.0,554.896143,0.0,554.896143,1413.826717,0.0,1413.826717,13.094128,0.0,13.094128
fuel_minimizing,500,2024-04-24,1048.557277,1048.557277,0.0,0.0,0.0,0.0,0.0,0.0,551.989603,0.0,551.989603,1410.186955,0.0,1410.186955,12.503149,0.0,12.503149
fuel_minimizing,500,2024-04-25,1048.557277,1048.557277,0.0,0.0,0.0,0.0,0.0,0.0,549.885898,0.0,549.885898,1415.569343,0.0,1415.569343,12.087931,0.0,12.087931
fuel_minimizing,500,2024-04-26,1048.557277,1048.557277,0.0,0.0,0.0,0.0,0.0,0.0,549.24639,0.0,549.24639,1420.93278,0.0,1420.93278,13.368384,0.0,13.368384
fuel_minimizing,500,2024-04-27,1048.557277,1048.557277,0.0,0.0,0.0,0.0,0.0,0.0,548.586178,0.0,548.586178,1423.85975,0.0,1423.85975,13.141901,0.0,13.141901
fuel_minimizing,500,2024-04-28,1048.557277,1048.557277,0.0,0.0,0.0,0.0,0.0,0.0,547.079424,0.0,547.079424,1425.215368,0.0,1425.215368,12.599876,0.0,12.599876
fuel_minimizing,500,2024-04-29,1048.557277,1048.557277,0.0,0.0,0.0,0.0,0.0,0.0,544.601906,0.0,544.601906,1423.094481,0.0,1423.094481,12.501969,0.0,12.501969
fuel_minimizing,500,2024-04-30,1048.557277,1048.557277,0.0,0.0,0.0,0.0,0.0,0.0,541.786232,0.0,541.786232,1417.178593,0.0,1417.178593,12.369265,0.0,12.369265
fuel_minimizing,500,2024-05-01,958.899616,958.899616,0.0,0.0,0.0,0.0,0.0,0.0,539.743487,0.0,539.743487,1412.672984,0.0,1412.672984,12.598696,0.0,12.598696
fuel_minimizing,500,2024-05-02,958.899616,958.899616,0.0,0.0,0.0,0.0,0.0,0.0,538.0412,0.0,538.0412,1407.916659,0.0,1407.916659,12.825769,0.0,12.825769
fuel_minimizing,500,2024-05-03,958.899616,958.899616,0.0,0.0,0.0,0.0,0.0,0.0,535.894938,0.0,535.894938,1399.302653,0.0,1399.302653,12.756763,0.0,12.756763
fuel_minimizing,500,2024-05-04,958.899616,958.899616,0.0,0.0,0.0,0.0,0.0,0.0,533.408218,0.0,533.408218,1390.045821,0.0,1390.045821,12.67596,0.0,12.67596
fuel_minimizing,500,2024-05-05,958.899616,958.899616,0.0,0.0,0.0,0.0,0.0,0.0,530.402762,0.0,530.402762,1382.5717,0.0,1382.5717,12.749095,0.0,12.749095
fuel_minimizing,500,2024-05-06,958.899616,958.899616,0.0,0.0,0.0,0.0,0.0,0.0,527.353597,0.0,527.353597,1377.192957,0.0,1377.192957,12.964962,0.0,12.964962
fuel_minimizing,500,2024-05-07,958.899616,958.899616,0.0,0.0,0.0,0.0,0.0,0.0,523.641921,0.0,523.641921,1372.062744,0.0,1372.062744,12.954935,0.0,12.954935
fuel_minimizing,500,2024-05-08,958.899616,958.899616,0.0,0.0,0.0,0.0,0.0,0.0,519.496622,0.0,519.496622,1361.874471,0.0,1361.874471,12.662395,0.0,12.662395
fuel_minimizing,500,2024-05-09,958.899616,958.899616,0.0,0.0,0.0,0.0,0.0,0.0,515.485896,0.0,515.485896,1352.458755,0.0,1352.458755,12.826359,0.0,12.826359
fuel_minimizing,500,2024-05-10,958.899616,958.899616,0.0,0.0,0.0,0.0,0.0,0.0,510.745946,0.0,510.745946,1339.455752,0.0,1339.455752,13.089409,0.0,13.089409
fuel_minimizing,500,2024-05-11,958.899616,958.899616,0.0,0.0,0.0,0.0,0.0,0.0,505.354987,0.0,505.354987,1328.654536,0.0,1328.654536,13.250424,0.0,13.250424
fuel_minimizing,500,2024-05-12,958.899616,958.899616,0.0,0.0,0.0,0.0,0.0,0.0,500.830124,0.0,500.830124,1317.354074,0.0,1317.354074,13.016864,0.0,13.016864
fuel_minimizing,500,2024-05-13,958.899616,958.899616,0.0,0.0,0.0,0.0,0.0,0.0,496.057969,0.0,496.057969,1304.04715,0.0,1304.04715,12.85172,0.0,12.85172
fuel_minimizing,500,2024-05-14,958.899616,958.899616,0.0,0.0,0.0,0.0,0.0,0.0,490.949957,0.0,490.949957,1289.758497,0.0,1289.758497,12.797459,0.0,12.797459
fuel_minimizing,500,2024-05-15,958.899616,958.899616,0.0,0.0,0.0,0.0,0.0,0.0,486.264067,0.0,486.264067,1275.924632,0.0,1275.924632,12.642342,0.0,12.642342
fuel_minimizing,500,2024-05-16,958.899616,958.899616,0.0,0.0,0.0,0.0,0.0,0.0,481.673643,0.0,481.673643,1261.741658,0.0,1261.741658,12.650009,0.0,12.650009
fuel_minimizing,500,2024-05-17,958.899616,958.899616,0.0,0.0,0.0,0.0,0.0,0.0,477.258048,0.0,477.258048,1248.309377,0.0,1248.309377,12.877082,0.0,12.877082
fuel_minimizing,500,2024-05-18,958.899616,958.899616,0.0,0.0,0.0,0.0,0.0,0.0,471.586441,0.0,471.586441,1238.847745,0.0,1238.847745,12.901263,0.0,12.901263
fuel_minimizing,500,2024-05-19,958.899616,958.899616,0.0,0.0,0.0,0.0,0.0,0.0,468.786869,0.0,468.786869,1231.277418,0.0,1231.277418,13.095307,0.0,13.095307
fuel_minimizing,500,2024-05-20,958.899616,958.899616,0.0,0.0,0.0,0.0,0.0,0.0,464.907265,0.0,464.907265,1219.054261,0.0,1219.054261,12.639393,0.0,12.639393
fuel_minimizing,500,2024-05-21,958.899616,958.899616,0.0,0.0,0.0,0.0,0.0,0.0,460.96785,0.0,460.96785,1207.191144,0.0,1207.191144,13.197342,0.0,13.197342
fuel_minimizing,500,2024-05-22,958.899616,958.899616,0.0,0.0,0.0,0.0,0.0,0.0,456.456789,0.0,456.456789,1199.916722,0.0,1199.916722,13.168442,0.0,13.168442
fuel_minimizing,500,2024-05-23,958.899616,958.899616,0.0,0.0,0.0,0.0,0.0,0.0,451.824958,0.0,451.824958,1188.08713,0.0,1188.08713,13.160185,0.0,13.160185
fuel_minimizing,500,2024-05-24,958.899616,958.899616,0.0,0.0,0.0,0.0,0.0,0.0,446.507611,0.0,446.507611,1174.960956,0.0,1174.960956,13.003299,0.0,13.003299
fuel_minimizing,500,2024-05-25,958.899616,958.899616,0.0,0.0,0.0,0.0,0.0,0.0,441.753859,0.0,441.753859,1160.640234,0.0,1160.640234,12.754993,0.0,12.754993
fuel_minimizing,500,2024-05-26,958.899616,958.899616,0.0,0.0,0.0,0.0,0.0,0.0,437.477438,0.0,437.477438,1153.49117,0.0,1153.49117,12.628186,0.0,12.628186
fuel_minimizing,500,2024-05-27,958.899616,958.899616,0.0,0.0,0.0,0.0,0.0,0.0,433.421854,0.0,433.421854,1141.131722,0.0,1141.131722,12.756763,0.0,12.756763
fuel_minimizing,500,2024-05-28,958.899616,958.899616,0.0,0.0,0.0,0.0,0.0,0.0,428.539281,0.0,428.539281,1124.701775,0.0,1124.701775,12.683038,0.0,12.683038
fuel_minimizing,500,2024-05-29,958.899616,958.899616,0.0,0.0,0.0,0.0,0.0,0.0,424.467594,0.0,424.467594,1106.874667,0.0,1106.874667,12.685987,0.0,12.685987
fuel_minimizing,500,2024-05-30,958.899616,958.899616,0.0,0.0,0.0,0.0,0.0,0.0,420.259034,0.0,420.259034,1091.582419,0.0,1091.582419,12.605184,0.0,12.605184
fuel_minimizing,500,2024-05-31,958.899616,958.899616,0.0,0.0,0.0,0.0,0.0,0.0,416.226454,0.0,416.226454,1081.929834,0.0,1081.929834,12.455375,0.0,12.455375
fuel_minimizing,500,2024-06-01,736.122197,736.122197,0.0,0.0,0.0,0.0,0.0,0.0,412.849484,0.0,412.849484,1075.938876,0.0,1075.938876,12.739658,0.0,12.739658
fuel_minimizing,500,2024-06-02,736.122197,736.122197,0.0,0.0,0.0,0.0,0.0,0.0,409.80032,0.0,409.80032,1070.614795,0.0,1070.614795,13.425005,0.0,13.425005
fuel_minimizing,500,2024-06-03,736.122197,736.122197,0.0,0.0,0.0,0.0,0.0,0.0,405.675724,0.0,405.675724,1061.075178,0.0,1061.075178,13.033378,0.0,13.033378
fuel_minimizing,500,2024-06-04,736.122197,736.122197,0.0,0.0,0.0,0.0,0.0,0.0,401.537326,0.0,401.537326,1049.130432,0.0,1049.130432,12.729042,0.0,12.729042
fuel_minimizing,500,2024-06-05,736.122197,736.122197,0.0,0.0,0.0,0.0,0.0,0.0,396.576539,0.0,396.576539,1033.449719,0.0,1033.449719,13.258682,0.0,13.258682
fuel_minimizing,500,2024-06-06,736.122197,736.122197,0.0,0.0,0.0,0.0,0.0,0.0,391.567445,0.0,391.567445,1019.408867,0.0,1019.408867,13.93754,0.0,13.93754
fuel_minimizing,500,2024-06-07,736.122197,736.122197,0.0,0.0,0.0,0.0,0.0,0.0,387.15415,0.0,387.15415,1007.611345,0.0,1007.611345,14.533237,0.0,14.533237
fuel_minimizing,500,2024-06-08,736.122197,736.122197,0.0,0.0,0.0,0.0,0.0,0.0,385.011339,0.0,385.011339,996.224152,0.0,996.224152,14.474257,0.0,14.474257
fuel_minimizing,500,2024-06-09,736.122197,736.122197,0.0,0.0,0.0,0.0,0.0,0.0,383.822038,0.0,383.822038,986.518362,0.0,986.518362,13.803066,0.0,13.803066
fuel_minimizing,500,2024-06-10,736.122197,736.122197,0.0,0.0,0.0,0.0,0.0,0.0,381.557306,0.0,381.557306,980.402046,0.0,980.402046,13.273426,0.0,13.273426
fuel_minimizing,500,2024-06-11,736.122197,736.122197,0.0,0.0,0.0,0.0,0.0,0.0,379.345483,0.0,379.345483,971.820837,0.0,971.820837,12.465402,0.0,12.465402
fuel_minimizing,500,2024-06-12,736.122197,736.122197,0.0,0.0,0.0,0.0,0.0,0.0,374.619336,0.0,374.619336,960.75287,0.0,960.75287,12.662395,0.0,12.662395
fuel_minimizing,500,2024-06-13,736.122197,736.122197,0.0,0.0,0.0,0.0,0.0,0.0,369.402056,0.0,369.402056,949.216997,0.0,949.216997,12.819871,0.0,12.819871
fuel_minimizing,500,2024-06-14,736.122197,736.122197,0.0,0.0,0.0,0.0,0.0,0.0,364.717316,0.0,364.717316,940.675873,0.0,940.675873,13.025121,0.0,13.025121
fuel_minimizing,500,2024-06-15,736.122197,736.122197,0.0,0.0,0.0,0.0,0.0,0.0,364.050203,0.0,364.050203,935.501201,0.0,935.501201,13.219165,0.0,13.219165
fuel_minimizing,500,2024-06-16,736.122197,736.122197,0.0,0.0,0.0,0.0,0.0,0.0,361.42201,0.0,361.42201,937.805023,0.0,937.805023,13.032199,0.0,13.032199
fuel_minimizing,500,2024-06-17,736.122197,736.122197,0.0,0.0,0.0,0.0,0.0,0.0,358.684548,0.0,358.684548,935.594491,0.0,935.594491,13.219755,0.0,13.219755
fuel_minimizing,500,2024-06-18,736.122197,736.122197,0.0,0.0,0.0,0.0,0.0,0.0,354.319562,0.0,354.319562,929.575838,0.0,929.575838,12.941959,0.0,12.941959
fuel_minimizing,500,2024-06-19,736.122197,736.122197,0.0,0.0,0.0,0.0,0.0,0.0,349.671628,0.0,349.671628,928.602854,0.0,928.602854,13.074074,0.0,13.074074
fuel_minimizing,500,2024-06-20,736.122197,736.122197,0.0,0.0,0.0,0.0,0.0,0.0,345.689657,0.0,345.689657,920.585028,0.0,920.585028,13.055201,0.0,13.055201
fuel_minimizing,500,2024-06-21,736.122197,736.122197,0.0,0.0,0.0,0.0,0.0,0.0,340.19518,0.0,340.19518,914.279217,0.0,914.279217,12.971449,0.0,12.971449
fuel_minimizing,500,2024-06-22,736.122197,736.122197,0.0,0.0,0.0,0.0,0.0,0.0,337.384106,0.0,337.384106,906.265035,0.0,906.265035,12.750275,0.0,12.750275
fuel_minimizing,500,2024-06-23,736.122197,736.122197,0.0,0.0,0.0,0.0,0.0,0.0,336.715843,0.0,336.715843,899.398756,0.0,899.398756,12.638213,0.0,12.638213
fuel_minimizing,500,2024-06-24,736.122197,736.122197,0.0,0.0,0.0,0.0,0.0,0.0,335.643862,0.0,335.643862,889.26806,0.0,889.26806,13.095897,0.0,13.095897
fuel_minimizing,500,2024-06-25,736.122197,736.122197,0.0,0.0,0.0,0.0,0.0,0.0,332.090913,0.0,332.090913,877.238042,0.0,877.238042,13.294069,0.0,13.294069
fuel_minimizing,500,2024-06-26,736.122197,736.122197,0.0,0.0,0.0,0.0,0.0,0.0,327.511991,0.0,327.511991,868.750852,0.0,868.750852,13.131875,0.0,13.131875
fuel_minimizing,500,2024-06-27,736.122197,736.122197,0.0,0.0,0.0,0.0,0.0,0.0,323.804915,0.0,323.804915,863.32765,0.0,863.32765,12.838745,0.0,12.838745
fuel_minimizing,500,2024-06-28,736.122197,736.122197,0.0,0.0,0.0,0.0,0.0,0.0,321.908245,0.0,321.908245,856.470117,0.0,856.470117,12.659446,0.0,12.659446
fuel_minimizing,500,2024-06-29,736.122197,736.122197,0.0,0.0,0.0,0.0,0.0,0.0,321.253785,0.0,321.253785,847.743871,0.0,847.743871,12.741428,0.0,12.741428
fuel_minimizing,500,2024-06-30,736.122197,736.122197,0.0,0.0,0.0,0.0,0.0,0.0,322.862906,0.0,322.862906,836.753889,0.0,836.753889,12.53087,0.0,12.53087
fuel_minimizing,500,2024-07-01,774.664057,774.664057,0.0,0.0,0.0,0.0,0.0,0.0,323.163107,0.0,323.163107,833.611187,0.0,833.611187,13.806015,0.0,13.806015
fuel_minimizing,500,2024-07-02,774.664057,774.664057,0.0,0.0,0.0,0.0,0.0,0.0,325.568163,0.0,325.568163,834.361878,0.0,834.361878,14.922504,0.0,14.922504
fuel_minimizing,500,2024-07-03,774.664057,774.664057,0.0,0.0,0.0,0.0,0.0,0.0,324.708968,0.0,324.708968,828.817691,0.0,828.817691,13.163724,0.0,13.163724
fuel_minimizing,500,2024-07-04,774.664057,774.664057,0.0,0.0,0.0,0.0,0.0,0.0,321.774823,0.0,321.774823,825.669888,0.0,825.669888,12.430014,0.0,12.430014
fuel_minimizing,500,2024-07-05,774.664057,774.664057,0.0,0.0,0.0,0.0,0.0,0.0,316.487381,0.0,316.487381,820.369858,0.0,820.369858,12.562129,0.0,12.562129
fuel_minimizing,500,2024-07-06,774.664057,774.664057,0.0,0.0,0.0,0.0,0.0,0.0,313.470422,0.0,313.470422,815.935674,0.0,815.935674,12.866465,0.0,12.866465
fuel_minimizing,500,2024-07-07,774.664057,774.664057,0.0,0.0,0.0,0.0,0.0,0.0,311.14473,0.0,311.14473,811.106467,0.0,811.106467,13.166673,0.0,13.166673
fuel_minimizing,500,2024-07-08,774.664057,774.664057,0.0,0.0,0.0,0.0,0.0,0.0,308.284197,0.0,308.284197,802.394069,0.0,802.394069,13.124207,0.0,13.124207
fuel_minimizing,500,2024-07-09,774.664057,774.664057,0.0,0.0,0.0,0.0,0.0,0.0,304.102092,0.0,304.102092,786.719186,0.0,786.719186,12.757352,0.0,12.757352
fuel_minimizing,500,2024-07-10,774.664057,774.664057,0.0,0.0,0.0,0.0,0.0,0.0,299.365593,0.0,299.365593,771.883913,0.0,771.883913,12.562719,0.0,12.562719
fuel_minimizing,500,2024-07-11,774.664057,774.664057,0.0,0.0,0.0,0.0,0.0,0.0,293.037226,0.0,293.037226,759.340071,0.0,759.340071,12.64765,0.0,12.64765
fuel_minimizing,500,2024-07-12,774.664057,774.664057,0.0,0.0,0.0,0.0,0.0,0.0,289.294494,0.0,289.294494,751.004477,0.0,751.004477,13.051072,0.0,13.051072
fuel_minimizing,500,2024-07-13,774.664057,774.664057,0.0,0.0,0.0,0.0,0.0,0.0,289.50728,0.0,289.50728,738.633367,0.0,738.633367,13.206779,0.0,13.206779
fuel_minimizing,500,2024-07-14,774.664057,774.664057,0.0,0.0,0.0,0.0,0.0,0.0,291.367144,0.0,291.367144,725.577889,0.0,725.577889,13.102975,0.0,13.102975
fuel_minimizing,500,2024-07-15,774.664057,774.664057,0.0,0.0,0.0,0.0,0.0,0.0,293.565165,0.0,293.565165,713.868555,0.0,713.868555,12.750275,0.0,12.750275
fuel_minimizing,500,2024-07-16,774.664057,774.664057,0.0,0.0,0.0,0.0,0.0,0.0,295.686123,0.0,295.686123,695.219329,0.0,695.219329,12.595158,0.0,12.595158
fuel_minimizing,500,2024-07-17,774.664057,774.664057,0.0,0.0,0.0,0.0,0.0,0.0,297.736918,0.0,297.736918,674.084075,0.0,674.084075,12.931933,0.0,12.931933
fuel_minimizing,500,2024-07-18,774.664057,774.664057,0.0,0.0,0.0,0.0,0.0,0.0,299.956793,0.0,299.956793,653.0924,0.0,653.0924,13.114181,0.0,13.114181
fuel_minimizing,500,2024-07-19,774.664057,774.664057,0.0,0.0,0.0,0.0,0.0,0.0,302.535528,0.0,302.535528,631.857296,0.0,631.857296,12.907161,0.0,12.907161
fuel_minimizing,500,2024-07-20,774.664057,774.664057,0.0,0.0,0.0,0.0,0.0,0.0,304.707094,0.0,304.707094,610.279644,0.0,610.279644,12.879441,0.0,12.879441
fuel_minimizing,500,2024-07-21,774.664057,774.664057,0.0,0.0,0.0,0.0,0.0,0.0,307.28928,0.0,307.28928,593.43791,0.0,593.43791,12.91247,0.0,12.91247
fuel_minimizing,500,2024-07-22,774.664057,774.664057,0.0,0.0,0.0,0.0,0.0,0.0,309.923224,0.0,309.923224,574.777023,0.0,574.777023,12.879441,0.0,12.879441
fuel_minimizing,500,2024-07-23,774.664057,774.664057,0.0,0.0,0.0,0.0,0.0,0.0,311.326461,0.0,311.326461,554.905555,0.0,554.905555,12.723144,0.0,12.723144
fuel_minimizing,500,2024-07-24,774.664057,774.664057,0.0,0.0,0.0,0.0,0.0,0.0,311.853249,0.0,311.853249,532.735367,0.0,532.735367,12.688936,0.0,12.688936
fuel_minimizing,500,2024-07-25,774.664057,774.664057,0.0,0.0,0.0,0.0,0.0,0.0,311.638163,0.0,311.638163,515.47893,0.0,515.47893,12.913649,0.0,12.913649
fuel_minimizing,500,2024-07-26,774.664057,774.664057,0.0,0.0,0.0,0.0,0.0,0.0,309.01342,0.0,309.01342,499.143002,0.0,499.143002,13.031609,0.0,13.031609
fuel_minimizing,500,2024-07-27,774.664057,774.664057,0.0,0.0,0.0,0.0,0.0,0.0,306.589962,0.0,306.589962,487.30758,0.0,487.30758,12.883569,0.0,12.883569
fuel_minimizing,500,2024-07-28,774.664057,774.664057,0.0,0.0,0.0,0.0,0.0,0.0,306.351872,0.0,306.351872,476.62662,0.0,476.62662,12.761481,0.0,12.761481
fuel_minimizing,500,2024-07-29,774.664057,774.664057,0.0,0.0,0.0,0.0,0.0,0.0,306.239152,0.0,306.239152,469.944005,0.0,469.944005,13.187906,0.0,13.187906
fuel_minimizing,500,2024-07-30,774.664057,774.664057,0.0,0.0,0.0,0.0,0.0,0.0,310.01984,0.0,310.01984,466.596503,0.0,466.596503,14.581601,0.0,14.581601
fuel_minimizing,500,2024-07-31,774.664057,774.664057,0.0,0.0,0.0,0.0,0.0,0.0,311.364417,0.0,311.364417,458.84397,0.0,458.84397,14.99446,0.0,14.99446
fuel_minimizing,500,2024-08-01,1100.083097,1100.083097,0.0,0.0,0.0,0.0,0.0,0.0,312.442149,0.0,312.442149,448.525238,0.0,448.525238,14.858806,0.0,14.858806
fuel_minimizing,500,2024-08-02,1100.083097,1100.083097,0.0,0.0,0.0,0.0,0.0,0.0,311.953316,0.0,311.953316,439.283711,0.0,439.283711,14.541494,0.0,14.541494
fuel_minimizing,500,2024-08-03,1100.083097,1100.083097,0.0,0.0,0.0,0.0,0.0,0.0,311.050414,0.0,311.050414,430.039998,0.0,430.039998,13.930463,0.0,13.930463
fuel_minimizing,500,2024-08-04,1100.083097,1100.083097,0.0,0.0,0.0,0.0,0.0,0.0,307.147806,0.0,307.147806,421.51418,0.0,421.51418,12.995631,0.0,12.995631
fuel_minimizing,500,2024-08-05,1100.083097,1100.083097,0.0,0.0,0.0,0.0,0.0,0.0,304.899176,0.0,304.899176,408.474007,0.0,408.474007,12.532049,0.0,12.532049
fuel_minimizing,500,2024-08-06,1100.083097,1100.083097,0.0,0.0,0.0,0.0,0.0,0.0,302.774768,0.0,302.774768,393.175929,0.0,393.175929,12.744967,0.0,12.744967
fuel_minimizing,500,2024-08-07,1100.083097,1100.083097,0.0,0.0,0.0,0.0,0.0,0.0,301.299069,0.0,301.299069,371.90074,0.0,371.90074,12.808665,0.0,12.808665
fuel_minimizing,500,2024-08-08,1100.083097,1100.083097,0.0,0.0,0.0,0.0,0.0,0.0,299.833722,0.0,299.833722,355.960564,0.0,355.960564,13.14662,0.0,13.14662
fuel_minimizing,500,2024-08-09,1100.083097,1100.083097,0.0,0.0,0.0,0.0,0.0,0.0,299.188463,0.0,299.188463,342.639065,0.0,342.639065,13.199112,0.0,13.199112
fuel_minimizing,500,2024-08-10,1100.083097,1100.083097,0.0,0.0,0.0,0.0,0.0,0.0,297.657555,0.0,297.657555,335.721039,0.0,335.721039,12.945498,0.0,12.945498
fuel_minimizing,500,2024-08-11,1100.083097,1100.083097,0.0,0.0,0.0,0.0,0.0,0.0,295.713727,0.0,295.713727,329.335785,0.0,329.335785,12.672421,0.0,12.672421
fuel_minimizing,500,2024-08-12,1100.083097,1100.083097,0.0,0.0,0.0,0.0,0.0,0.0,295.234096,0.0,295.234096,324.209945,0.0,324.209945,12.612852,0.0,12.612852
fuel_minimizing,500,2024-08-13,1100.083097,1100.083097,0.0,0.0,0.0,0.0,0.0,0.0,293.975784,0.0,293.975784,316.633788,0.0,316.633788,13.017454,0.0,13.017454
fuel_minimizing,500,2024-08-14,1100.083097,1100.083097,0.0,0.0,0.0,0.0,0.0,0.0,293.235059,0.0,293.235059,308.113801,0.0,308.113801,13.180828,0.0,13.180828
fuel_minimizing,500,2024-08-15,1100.083097,1100.083097,0.0,0.0,0.0,0.0,0.0,0.0,293.876867,0.0,293.876867,302.311609,0.0,302.311609,12.988554,0.0,12.988554
fuel_minimizing,500,2024-08-16,1100.083097,1100.083097,0.0,0.0,0.0,0.0,0.0,0.0,295.913861,0.0,295.913861,299.606932,0.0,299.606932,12.772097,0.0,12.772097
fuel_minimizing,500,2024-08-17,1100.083097,1100.083097,0.0,0.0,0.0,0.0,0.0,0.0,294.412858,0.0,294.412858,301.68336,0.0,301.68336,13.077023,0.0,13.077023
fuel_minimizing,500,2024-08-18,1100.083097,1100.083097,0.0,0.0,0.0,0.0,0.0,0.0,293.432893,0.0,293.432893,306.275699,0.0,306.275699,12.849361,0.0,12.849361
fuel_minimizing,500,2024-08-19,1100.083097,1100.083097,0.0,0.0,0.0,0.0,0.0,0.0,291.470662,0.0,291.470662,308.537978,0.0,308.537978,12.61639,0.0,12.61639
fuel_minimizing,500,2024-08-20,1100.083097,1100.083097,0.0,0.0,0.0,0.0,0.0,0.0,290.013366,0.0,290.013366,303.49158,0.0,303.49158,12.671242,0.0,12.671242
fuel_minimizing,500,2024-08-21,1100.083097,1100.083097,0.0,0.0,0.0,0.0,0.0,0.0,288.859721,0.0,288.859721,296.340329,0.0,296.340329,12.658856,0.0,12.658856
fuel_minimizing,500,2024-08-22,1100.083097,1100.083097,0.0,0.0,0.0,0.0,0.0,0.0,288.121297,0.0,288.121297,291.58692,0.0,291.58692,12.665934,0.0,12.665934
fuel_minimizing,500,2024-08-23,1100.083097,1100.083097,0.0,0.0,0.0,0.0,0.0,0.0,289.616549,0.0,289.616549,297.997682,0.0,297.997682,13.454495,0.0,13.454495
fuel_minimizing,500,2024-08-24,1100.083097,1100.083097,0.0,0.0,0.0,0.0,0.0,0.0,296.707495,0.0,296.707495,311.205485,0.0,311.205485,14.372812,0.0,14.372812
fuel_minimizing,500,2024-08-25,1100.083097,1100.083097,0.0,0.0,0.0,0.0,0.0,0.0,298.445438,0.0,298.445438,321.803358,0.0,321.803358,15.495789,0.0,15.495789
fuel_minimizing,500,2024-08-26,1100.083097,1100.083097,0.0,0.0,0.0,0.0,0.0,0.0,300.567546,0.0,300.567546,333.389521,0.0,333.389521,19.230396,0.0,19.230396
fuel_minimizing,500,2024-08-27,1100.083097,1100.083097,0.0,0.0,0.0,0.0,0.0,0.0,301.452045,0.0,301.452045,343.258567,0.0,343.258567,17.971765,0.0,17.971765
fuel_minimizing,500,2024-08-28,1100.083097,1100.083097,0.0,0.0,0.0,0.0,0.0,0.0,303.062317,0.0,303.062317,353.037239,0.0,353.037239,16.394643,0.0,16.394643
fuel_minimizing,500,2024-08-29,1100.083097,1100.083097,0.0,0.0,0.0,0.0,0.0,0.0,306.478393,0.0,306.478393,362.696384,0.0,362.696384,15.475146,0.0,15.475146
fuel_minimizing,500,2024-08-30,1100.083097,1100.083097,0.0,0.0,0.0,0.0,0.0,0.0,312.798709,0.0,312.798709,374.774505,0.0,374.774505,14.592217,0.0,14.592217
fuel_minimizing,500,2024-08-31,1100.083097,1100.083097,0.0,0.0,0.0,0.0,0.0,0.0,320.877672,0.0,320.877672,385.043677,0.0,385.043677,11.746437,0.0,11.746437
fuel_minimizing,500,2024-09-01,1372.472911,1372.472911,0.0,0.0,0.0,0.0,0.0,0.0,338.346818,0.0,338.346818,398.161834,0.0,398.161834,12.388138,0.0,12.388138
fuel_minimizing,500,2024-09-02,1372.472911,1372.472911,0.0,0.0,0.0,0.0,0.0,0.0,358.627039,0.0,358.627039,415.040739,0.0,415.040739,16.143978,0.0,16.143978
fuel_minimizing,500,2024-09-03,1372.472911,1372.472911,0.0,0.0,0.0,0.0,0.0,0.0,380.527883,0.0,380.527883,432.435653,0.0,432.435653,22.177032,0.0,22.177032
fuel_minimizing,500,2024-09-04,1372.472911,1372.472911,0.0,0.0,0.0,0.0,0.0,0.0,403.439747,0.0,403.439747,452.526498,0.0,452.526498,26.29265,0.0,26.29265
fuel_minimizing,500,2024-09-05,1372.472911,1372.472911,0.0,0.0,0.0,0.0,0.0,0.0,413.031215,0.0,413.031215,470.575898,0.0,470.575898,24.240149,0.0,24.240149
fuel_minimizing,500,2024-09-06,1372.472911,1372.472911,0.0,0.0,0.0,0.0,0.0,0.0,418.879951,0.0,418.879951,485.185236,0.0,485.185236,19.800732,0.0,19.800732
fuel_minimizing,500,2024-09-07,1372.472911,1372.472911,0.0,0.0,0.0,0.0,0.0,0.0,428.06425,0.0,428.06425,496.847925,0.0,496.847925,16.28671,0.0,16.28671
fuel_minimizing,500,2024-09-08,1372.472911,1372.472911,0.0,0.0,0.0,0.0,0.0,0.0,440.842906,0.0,440.842906,508.981437,0.0,508.981437,18.090315,0.0,18.090315
fuel_minimizing,500,2024-09-09,1372.472911,1372.472911,0.0,0.0,0.0,0.0,0.0,0.0,451.248711,0.0,451.248711,522.888185,0.0,522.888185,15.797766,0.0,15.797766
fuel_minimizing,500,2024-09-10,1372.472911,1372.472911,0.0,0.0,0.0,0.0,0.0,0.0,457.7059,0.0,457.7059,537.880157,0.0,537.880157,15.797766,0.0,15.797766
fuel_minimizing,500,2024-09-11,1372.472911,1372.472911,0.0,0.0,0.0,0.0,0.0,0.0,462.735698,0.0,462.735698,551.265064,0.0,551.265064,15.509944,0.0,15.509944
fuel_minimizing,500,2024-09-12,1372.472911,1372.472911,0.0,0.0,0.0,0.0,0.0,0.0,464.987778,0.0,464.987778,563.040722,0.0,563.040722,14.811032,0.0,14.811032
fuel_minimizing,500,2024-09-13,1372.472911,1372.472911,0.0,0.0,0.0,0.0,0.0,0.0,467.333024,0.0,467.333024,576.82357,0.0,576.82357,15.387266,0.0,15.387266
fuel_minimizing,500,2024-09-14,1372.472911,1372.472911,0.0,0.0,0.0,0.0,0.0,0.0,470.474204,0.0,470.474204,592.208379,0.0,592.208379,15.72935,0.0,15.72935
fuel_minimizing,500,2024-09-15,1372.472911,1372.472911,0.0,0.0,0.0,0.0,0.0,0.0,472.52845,0.0,472.52845,604.618845,0.0,604.618845,14.99446,0.0,14.99446
fuel_minimizing,500,2024-09-16,1372.472911,1372.472911,0.0,0.0,0.0,0.0,0.0,0.0,473.725802,0.0,473.725802,616.385757,0.0,616.385757,13.939899,0.0,13.939899
fuel_minimizing,500,2024-09-17,1372.472911,1372.472911,0.0,0.0,0.0,0.0,0.0,0.0,474.373361,0.0,474.373361,623.362089,0.0,623.362089,12.964372,0.0,12.964372
fuel_minimizing,500,2024-09-18,1372.472911,1372.472911,0.0,0.0,0.0,0.0,0.0,0.0,471.608295,0.0,471.608295,628.644627,0.0,628.644627,12.550333,0.0,12.550333
fuel_minimizing,500,2024-09-19,1372.472911,1372.472911,0.0,0.0,0.0,0.0,0.0,0.0,470.447749,0.0,470.447749,637.954663,0.0,637.954663,12.661805,0.0,12.661805
fuel_minimizing,500,2024-09-20,1372.472911,1372.472911,0.0,0.0,0.0,0.0,0.0,0.0,469.2688,0.0,469.2688,647.543111,0.0,647.543111,13.471599,0.0,13.471599
fuel_minimizing,500,2024-09-21,1372.472911,1372.472911,0.0,0.0,0.0,0.0,0.0,0.0,469.97962,0.0,469.97962,656.122863,0.0,656.122863,14.653556,0.0,14.653556
fuel_minimizing,500,2024-09-22,1372.472911,1372.472911,0.0,0.0,0.0,0.0,0.0,0.0,475.300418,0.0,475.300418,663.710681,0.0,663.710681,13.854968,0.0,13.854968
fuel_minimizing,500,2024-09-23,1372.472911,1372.472911,0.0,0.0,0.0,0.0,0.0,0.0,480.659171,0.0,480.659171,669.542025,0.0,669.542025,14.190564,0.0,14.190564
fuel_minimizing,500,2024-09-24,1372.472911,1372.472911,0.0,0.0,0.0,0.0,0.0,0.0,483.564561,0.0,483.564561,677.404611,0.0,677.404611,13.73347,0.0,13.73347
fuel_minimizing,500,2024-09-25,1372.472911,1372.472911,0.0,0.0,0.0,0.0,0.0,0.0,484.462863,0.0,484.462863,684.396248,0.0,684.396248,12.515535,0.0,12.515535
fuel_minimizing,500,2024-09-26,1372.472911,1372.472911,0.0,0.0,0.0,0.0,0.0,0.0,484.628491,0.0,484.628491,692.449058,0.0,692.449058,11.639683,0.0,11.639683
fuel_minimizing,500,2024-09-27,1372.472911,1372.472911,0.0,0.0,0.0,0.0,0.0,0.0,488.543751,0.0,488.543751,703.720368,0.0,703.720368,15.385497,0.0,15.385497
fuel_minimizing,500,2024-09-28,1372.472911,1372.472911,0.0,0.0,0.0,0.0,0.0,0.0,490.96491,0.0,490.96491,714.89693,0.0,714.89693,15.240996,0.0,15.240996
fuel_minimizing,500,2024-09-29,1372.472911,1372.472911,0.0,0.0,0.0,0.0,0.0,0.0,492.501569,0.0,492.501569,726.424057,0.0,726.424057,14.145739,0.0,14.145739
fuel_minimizing,500,2024-09-30,1372.472911,1372.472911,0.0,0.0,0.0,0.0,0.0,0.0,269.857366,0.0,269.857366,737.381242,0.0,737.381242,12.819281,0.0,12.819281
fuel_minimizing,500,2024-10-01,1583.633103,1583.633103,0.0,0.0,0.0,0.0,0.0,0.0,265.507332,0.0,265.507332,745.75838,0.0,745.75838,11.7659,0.0,11.7659
fuel_minimizing,500,2024-10-02,1583.633103,1583.633103,0.0,0.0,0.0,0.0,0.0,0.0,260.587953,0.0,260.587953,755.429186,0.0,755.429186,11.727563,0.0,11.727563
fuel_minimizing,500,2024-10-03,1583.633103,1583.633103,0.0,0.0,0.0,0.0,0.0,0.0,264.673442,0.0,264.673442,771.687858,0.0,771.687858,14.514364,0.0,14.514364
fuel_minimizing,500,2024-10-04,1583.633103,1583.633103,0.0,0.0,0.0,0.0,0.0,0.0,270.598091,0.0,270.598091,786.951682,0.0,786.951682,15.338903,0.0,15.338903
fuel_minimizing,500,2024-10-05,1583.633103,1583.633103,0.0,0.0,0.0,0.0,0.0,0.0,274.818153,0.0,274.818153,800.527543,0.0,800.527543,18.754429,0.0,18.754429
fuel_minimizing,500,2024-10-06,1583.633103,1583.633103,0.0,0.0,0.0,0.0,0.0,0.0,277.94323,0.0,277.94323,813.947434,0.0,813.947434,23.935813,0.0,23.935813
fuel_minimizing,500,2024-10-07,1583.633103,1583.633103,0.0,0.0,0.0,0.0,0.0,0.0,282.785547,0.0,282.785547,823.987026,0.0,823.987026,26.560418,0.0,26.560418
fuel_minimizing,500,2024-10-08,1583.633103,1583.633103,0.0,0.0,0.0,0.0,0.0,0.0,291.592582,0.0,291.592582,832.644762,0.0,832.644762,27.195042,0.0,27.195042
fuel_minimizing,500,2024-10-09,1583.633103,1583.633103,0.0,0.0,0.0,0.0,0.0,0.0,303.02091,0.0,303.02091,841.560503,0.0,841.560503,27.623826,0.0,27.623826
fuel_minimizing,500,2024-10-10,1583.633103,1583.633103,0.0,0.0,0.0,0.0,0.0,0.0,309.242309,0.0,309.242309,849.483581,0.0,849.483581,25.29353,0.0,25.29353
fuel_minimizing,500,2024-10-11,1583.633103,1583.633103,0.0,0.0,0.0,0.0,0.0,0.0,312.936732,0.0,312.936732,856.12028,0.0,856.12028,23.214489,0.0,23.214489
fuel_minimizing,500,2024-10-12,1583.633103,1583.633103,0.0,0.0,0.0,0.0,0.0,0.0,320.150749,0.0,320.150749,860.682737,0.0,860.682737,21.389061,0.0,21.389061
fuel_minimizing,500,2024-10-13,1583.633103,1583.633103,0.0,0.0,0.0,0.0,0.0,0.0,327.089869,0.0,327.089869,865.431773,0.0,865.431773,21.857361,0.0,21.857361
fuel_minimizing,500,2024-10-14,1583.633103,1583.633103,0.0,0.0,0.0,0.0,0.0,0.0,333.330822,0.0,333.330822,869.476034,0.0,869.476034,19.479292,0.0,19.479292
fuel_minimizing,500,2024-10-15,1583.633103,1583.633103,0.0,0.0,0.0,0.0,0.0,0.0,335.022757,0.0,335.022757,871.22449,0.0,871.22449,16.366922,0.0,16.366922
fuel_minimizing,500,2024-10-16,1583.633103,1583.633103,0.0,0.0,0.0,0.0,0.0,0.0,335.282701,0.0,335.282701,870.90818,0.0,870.90818,15.004487,0.0,15.004487
fuel_minimizing,500,2024-10-17,1583.633103,1583.633103,0.0,0.0,0.0,0.0,0.0,0.0,334.847928,0.0,334.847928,865.500283,0.0,865.500283,13.669182,0.0,13.669182
fuel_minimizing,500,2024-10-18,1583.633103,1583.633103,0.0,0.0,0.0,0.0,0.0,0.0,333.25951,0.0,333.25951,860.751246,0.0,860.751246,12.982066,0.0,12.982066
fuel_minimizing,500,2024-10-19,1583.633103,1583.633103,0.0,0.0,0.0,0.0,0.0,0.0,327.241695,0.0,327.241695,862.140391,0.0,862.140391,13.109462,0.0,13.109462
fuel_minimizing,500,2024-10-20,1583.633103,1583.633103,0.0,0.0,0.0,0.0,0.0,0.0,320.472803,0.0,320.472803,867.756003,0.0,867.756003,12.987374,0.0,12.987374
fuel_minimizing,500,2024-10-21,1583.633103,1583.633103,0.0,0.0,0.0,0.0,0.0,0.0,313.913247,0.0,313.913247,873.453243,0.0,873.453243,12.49902,0.0,12.49902
fuel_minimizing,500,2024-10-22,1583.633103,1583.633103,0.0,0.0,0.0,0.0,0.0,0.0,307.564176,0.0,307.564176,876.020172,0.0,876.020172,11.566548,0.0,11.566548
fuel_minimizing,500,2024-10-23,1583.633103,1583.633103,0.0,0.0,0.0,0.0,0.0,0.0,301.830459,0.0,301.830459,880.928093,0.0,880.928093,7.731085,0.0,7.731085
fuel_minimizing,500,2024-10-24,1583.633103,1583.633103,0.0,0.0,0.0,0.0,0.0,0.0,300.05686,0.0,300.05686,893.832704,0.0,893.832704,7.263375,0.0,7.263375
fuel_minimizing,500,2024-10-25,1583.633103,1583.633103,0.0,0.0,0.0,0.0,0.0,0.0,317.689334,0.0,317.689334,916.167607,0.0,916.167607,24.698423,0.0,24.698423
fuel_minimizing,500,2024-10-26,1583.633103,1583.633103,0.0,0.0,0.0,0.0,0.0,0.0,351.425674,0.0,351.425674,949.53185,0.0,949.53185,32.490258,0.0,32.490258
fuel_minimizing,500,2024-10-27,1583.633103,1583.633103,0.0,0.0,0.0,0.0,0.0,0.0,377.37175,0.0,377.37175,974.365901,0.0,974.365901,33.682241,0.0,33.682241
fuel_minimizing,500,2024-10-28,1583.633103,1583.633103,0.0,0.0,0.0,0.0,0.0,0.0,394.348614,0.0,394.348614,990.859256,0.0,990.859256,31.248141,0.0,31.248141
fuel_minimizing,500,2024-10-29,1583.633103,1583.633103,0.0,0.0,0.0,0.0,0.0,0.0,408.61447,0.0,408.61447,1004.899379,0.0,1004.899379,27.893954,0.0,27.893954
fuel_minimizing,500,2024-10-30,1583.633103,1583.633103,0.0,0.0,0.0,0.0,0.0,0.0,417.423806,0.0,417.423806,1018.616632,0.0,1018.616632,25.627356,0.0,25.627356
fuel_minimizing,500,2024-10-31,1583.633103,1583.633103,0.0,0.0,0.0,0.0,0.0,0.0,422.988444,0.0,422.988444,1033.430041,0.0,1033.430041,22.658308,0.0,22.658308
fuel_minimizing,500,2024-11-01,1843.312304,1843.312304,0.0,0.0,0.0,0.0,0.0,0.0,425.990451,0.0,425.990451,1048.510201,0.0,1048.510201,23.830829,0.0,23.830829
fuel_minimizing,500,2024-11-02,1843.312304,1843.312304,0.0,0.0,0.0,0.0,0.0,0.0,430.07709,0.0,430.07709,1062.790837,0.0,1062.790837,26.062628,0.0,26.062628
fuel_minimizing,500,2024-11-03,1843.312304,1843.312304,0.0,0.0,0.0,0.0,0.0,0.0,430.425599,0.0,430.425599,1078.244156,0.0,1078.244156,26.664813,0.0,26.664813
fuel_minimizing,500,2024-11-04,1843.312304,1843.312304,0.0,0.0,0.0,0.0,0.0,0.0,428.642798,0.0,428.642798,1092.540826,0.0,1092.540826,24.539177,0.0,24.539177
fuel_minimizing,500,2024-11-05,1843.312304,1843.312304,0.0,0.0,0.0,0.0,0.0,0.0,426.585101,0.0,426.585101,1106.357928,0.0,1106.357928,21.295872,0.0,21.295872
fuel_minimizing,500,2024-11-06,1843.312304,1843.312304,0.0,0.0,0.0,0.0,0.0,0.0,425.555677,0.0,425.555677,1119.599986,0.0,1119.599986,18.995656,0.0,18.995656
fuel_minimizing,500,2024-11-07,1843.312304,1843.312304,0.0,0.0,0.0,0.0,0.0,0.0,425.499318,0.0,425.499318,1131.664988,0.0,1131.664988,15.491071,0.0,15.491071
fuel_minimizing,500,2024-11-08,1843.312304,1843.312304,0.0,0.0,0.0,0.0,0.0,0.0,426.535643,0.0,426.535643,1147.74437,0.0,1147.74437,13.795988,0.0,13.795988
fuel_minimizing,500,2024-11-09,1843.312304,1843.312304,0.0,0.0,0.0,0.0,0.0,0.0,452.280435,0.0,452.280435,1182.072121,0.0,1182.072121,37.281785,0.0,37.281785
fuel_minimizing,500,2024-11-10,1843.312304,1843.312304,0.0,0.0,0.0,0.0,0.0,0.0,502.609474,0.0,502.609474,1233.808635,0.0,1233.808635,55.286579,0.0,55.286579
fuel_minimizing,500,2024-11-11,1843.312304,1843.312304,0.0,0.0,0.0,0.0,0.0,0.0,522.675758,0.0,522.675758,1278.038959,0.0,1278.038959,54.161242,0.0,54.161242
fuel_minimizing,500,2024-11-12,1843.312304,1843.312304,0.0,0.0,0.0,0.0,0.0,0.0,531.256205,0.0,531.256205,1308.837001,0.0,1308.837001,49.471161,0.0,49.471161
fuel_minimizing,500,2024-11-13,1843.312304,1843.312304,0.0,0.0,0.0,0.0,0.0,0.0,536.053665,0.0,536.053665,1330.509401,0.0,1330.509401,44.365271,0.0,44.365271
fuel_minimizing,500,2024-11-14,1843.312304,1843.312304,0.0,0.0,0.0,0.0,0.0,0.0,539.061422,0.0,539.061422,1349.268679,0.0,1349.268679,39.558409,0.0,39.558409
fuel_minimizing,500,2024-11-15,1843.312304,1843.312304,0.0,0.0,0.0,0.0,0.0,0.0,550.027372,0.0,550.027372,1369.768396,0.0,1369.768396,37.058841,0.0,37.058841
fuel_minimizing,500,2024-11-16,1843.312304,1843.312304,0.0,0.0,0.0,0.0,0.0,0.0,564.134501,0.0,564.134501,1390.279046,0.0,1390.279046,34.459007,0.0,34.459007
fuel_minimizing,500,2024-11-17,1843.312304,1843.312304,0.0,0.0,0.0,0.0,0.0,0.0,571.705078,0.0,571.705078,1410.821763,0.0,1410.821763,30.132831,0.0,30.132831
fuel_minimizing,500,2024-11-18,1843.312304,1843.312304,0.0,0.0,0.0,0.0,0.0,0.0,574.794499,0.0,574.794499,1430.474584,0.0,1430.474584,24.870644,0.0,24.870644
fuel_minimizing,500,2024-11-19,1843.312304,1843.312304,0.0,0.0,0.0,0.0,0.0,0.0,576.668165,0.0,576.668165,1446.027023,0.0,1446.027023,20.290855,0.0,20.290855
fuel_minimizing,500,2024-11-20,1843.312304,1843.312304,0.0,0.0,0.0,0.0,0.0,0.0,577.41004,0.0,577.41004,1457.076769,0.0,1457.076769,16.096794,0.0,16.096794
fuel_minimizing,500,2024-11-21,1843.312304,1843.312304,0.0,0.0,0.0,0.0,0.0,0.0,575.729607,0.0,575.729607,1464.577128,0.0,1464.577128,13.991212,0.0,13.991212
fuel_minimizing,500,2024-11-22,1843.312304,1843.312304,0.0,0.0,0.0,0.0,0.0,0.0,573.763925,0.0,573.763925,1469.872785,0.0,1469.872785,13.138952,0.0,13.138952
fuel_minimizing,500,2024-11-23,1843.312304,1843.312304,0.0,0.0,0.0,0.0,0.0,0.0,571.094325,0.0,571.094325,1471.368338,0.0,1471.368338,12.944319,0.0,12.944319
fuel_minimizing,500,2024-11-24,1843.312304,1843.312304,0.0,0.0,0.0,0.0,0.0,0.0,567.617288,0.0,567.617288,1471.483492,0.0,1471.483492,13.048713,0.0,13.048713
fuel_minimizing,500,2024-11-25,1843.312304,1843.312304,0.0,0.0,0.0,0.0,0.0,0.0,563.567455,0.0,563.567455,1476.13268,0.0,1476.13268,12.659446,0.0,12.659446
fuel_minimizing,500,2024-11-26,1843.312304,1843.312304,0.0,0.0,0.0,0.0,0.0,0.0,559.538326,0.0,559.538326,1478.974376,0.0,1478.974376,12.592209,0.0,12.592209
fuel_minimizing,500,2024-11-27,1843.312304,1843.312304,0.0,0.0,0.0,0.0,0.0,0.0,556.815817,0.0,556.815817,1476.824337,0.0,1476.824337,12.512586,0.0,12.512586
fuel_minimizing,500,2024-11-28,1843.312304,1843.312304,0.0,0.0,0.0,0.0,0.0,0.0,557.300048,0.0,557.300048,1475.93371,0.0,1475.93371,12.191145,0.0,12.191145
fuel_minimizing,500,2024-11-29,1843.312304,1843.312304,0.0,0.0,0.0,0.0,0.0,0.0,556.48111,0.0,556.48111,1478.405162,0.0,1478.405162,12.481326,0.0,12.481326
fuel_minimizing,500,2024-11-30,1843.312304,1843.312304,0.0,0.0,0.0,0.0,0.0,0.0,555.394177,0.0,555.394177,1484.27805,0.0,1484.27805,12.788022,0.0,12.788022
fuel_minimizing,500,2024-12-01,1944.040499,1865.197,78.843499,0.0,0.0,0.0,0.0,0.078843,554.633899,0.039166,554.673065,1494.792109,0.032283,1494.824392,12.50138,0.007395,12.508775
fuel_minimizing,500,2024-12-02,1944.040499,1944.040499,0.0,78.843499,0.0,0.0,0.0,-0.0,552.592304,-0.0,552.592304,1501.609556,0.0,1501.609556,12.582772,0.0,12.582772
fuel_minimizing,500,2024-12-03,1944.040499,1944.040499,0.0,0.0,0.0,0.0,0.0,-0.0,550.587516,-0.0,550.587516,1505.338235,0.0,1505.338235,12.946678,0.0,12.946678
fuel_minimizing,500,2024-12-04,1944.040499,1944.040499,0.0,0.0,0.0,0.0,0.0,-0.0,550.094083,-0.0,550.094083,1513.565963,0.0,1513.565963,15.719913,0.0,15.719913
fuel_minimizing,500,2024-12-05,1944.040499,1944.040499,0.0,0.0,0.0,0.0,0.0,-0.0,554.068003,-0.0,554.068003,1528.627173,0.0,1528.627173,18.801023,0.0,18.801023
fuel_minimizing,500,2024-12-06,1944.040499,1944.040499,0.0,0.0,0.0,0.0,0.0,-0.0,558.920672,-0.0,558.920672,1549.076601,0.0,1549.076601,17.339501,0.0,17.339501
fuel_minimizing,500,2024-12-07,1944.040499,1944.040499,0.0,0.0,0.0,0.0,0.0,-0.0,560.80584,-0.0,560.80584,1568.980138,0.0,1568.980138,13.423825,0.0,13.423825
fuel_minimizing,500,2024-12-08,1944.040499,1944.040499,0.0,0.0,0.0,0.0,0.0,-0.0,561.881271,-0.0,561.881271,1587.814485,0.0,1587.814485,11.895656,0.0,11.895656
fuel_minimizing,500,2024-12-09,1944.040499,1944.040499,0.0,0.0,0.0,0.0,0.0,-0.0,565.85059,-0.0,565.85059,1603.957274,0.0,1603.957274,14.514364,0.0,14.514364
fuel_minimizing,500,2024-12-10,1944.040499,1944.040499,0.0,0.0,0.0,0.0,0.0,-0.0,571.079372,-0.0,571.079372,1614.266532,0.0,1614.266532,14.871782,0.0,14.871782
fuel_minimizing,500,2024-12-11,1944.040499,1944.040499,0.0,0.0,0.0,0.0,0.0,-0.0,571.72003,-0.0,571.72003,1619.60519,0.0,1619.60519,12.898314,0.0,12.898314
fuel_minimizing,500,2024-12-12,1944.040499,1944.040499,0.0,0.0,0.0,0.0,0.0,-0.0,569.488654,-0.0,569.488654,1620.308508,0.0,1620.308508,11.616681,0.0,11.616681
fuel_minimizing,500,2024-12-13,1944.040499,1944.040499,0.0,0.0,0.0,0.0,0.0,-0.0,565.511283,-0.0,565.511283,1621.303357,0.0,1621.303357,13.170801,0.0,13.170801
fuel_minimizing,500,2024-12-14,1944.040499,1892.331,51.709499,0.0,0.0,0.0,0.0,0.051709,563.766439,0.029868,563.796307,1634.146746,0.016292,1634.163038,15.64029,0.00555,15.64584
fuel_minimizing,500,2024-12-15,1944.040499,1939.625,4.415499,0.0,0.0,0.0,0.0,0.056125,570.515777,0.0325,570.548277,1655.063352,0.01763,1655.080982,24.574565,0.005995,24.58056
fuel_minimizing,500,2024-12-16,1944.040499,1944.040499,0.0,56.124998,0.0,0.0,0.0,0.0,576.920057,0.0,576.920057,1676.611123,0.0,1676.611123,23.823751,0.0,23.823751
fuel_minimizing,500,2024-12-17,1944.040499,1931.968,12.072499,0.0,0.0,0.0,0.0,0.012072,579.197442,0.007523,579.204965,1697.471609,0.0032,1697.474809,21.4504,0.001349,21.451749
fuel_minimizing,500,2024-12-18,1944.040499,1901.339,42.701499,0.0,0.0,0.0,0.0,0.054774,578.159967,0.034741,578.194708,1715.512264,0.013681,1715.525945,19.238654,0.006352,19.245006
fuel_minimizing,500,2024-12-19,1944.040499,1543.331,400.709499,0.0,0.0,0.0,0.0,0.455483,575.082047,0.294154,575.376201,1727.371737,0.106244,1727.477981,16.795706,0.055086,16.850792
fuel_minimizing,500,2024-12-20,1944.040499,1944.040499,0.0,455.483497,0.0,0.0,0.0,-0.0,571.603861,0.0,571.603861,1736.893133,-0.0,1736.893133,15.070544,0.0,15.070544
fuel_minimizing,500,2024-12-21,1944.040499,1944.040499,0.0,0.0,0.0,0.0,0.0,-0.0,569.336828,0.0,569.336828,1747.243934,-0.0,1747.243934,14.831675,0.0,14.831675
fuel_minimizing,500,2024-12-22,1944.040499,1944.040499,0.0,0.0,0.0,0.0,0.0,-0.0,566.520003,0.0,566.520003,1758.588855,-0.0,1758.588855,15.025719,0.0,15.025719
fuel_minimizing,500,2024-12-23,1944.040499,1944.040499,0.0,0.0,0.0,0.0,0.0,-0.0,562.961303,0.0,562.961303,1761.245429,-0.0,1761.245429,15.05344,0.0,15.05344
fuel_minimizing,500,2024-12-24,1944.040499,1944.040499,0.0,0.0,0.0,0.0,0.0,-0.0,558.602068,0.0,558.602068,1759.156611,-0.0,1759.156611,16.027788,0.0,16.027788
fuel_minimizing,500,2024-12-25,1944.040499,1944.040499,0.0,0.0,0.0,0.0,0.0,-0.0,554.555685,0.0,554.555685,1757.070708,-0.0,1757.070708,15.942857,0.0,15.942857
fuel_minimizing,500,2024-12-26,1944.040499,1944.040499,0.0,0.0,0.0,0.0,0.0,-0.0,551.432909,0.0,551.432909,1762.068275,-0.0,1762.068275,15.918675,0.0,15.918675
fuel_minimizing,500,2024-12-27,1944.040499,1944.040499,0.0,0.0,0.0,0.0,0.0,-0.0,551.67675,0.0,551.67675,1768.801179,-0.0,1768.801179,14.875321,0.0,14.875321
fuel_minimizing,500,2024-12-28,1944.040499,1944.040499,0.0,0.0,0.0,0.0,0.0,-0.0,552.837296,0.0,552.837296,1771.943881,-0.0,1771.943881,14.908939,0.0,14.908939
fuel_minimizing,500,2024-12-29,1944.040499,1944.040499,0.0,0.0,0.0,0.0,0.0,-0.0,549.658159,0.0,549.658159,1775.027548,-0.0,1775.027548,14.335654,0.0,14.335654
fuel_minimizing,500,2024-12-30,1944.040499,1944.040499,0.0,0.0,0.0,0.0,0.0,-0.0,547.299111,0.0,547.299111,1778.286862,-0.0,1778.286862,14.804545,0.0,14.804545
fuel_minimizing,500,2024-12-31,1944.040499,1944.040499,0.0,0.0,0.0,0.0,0.0,-0.0,547.144985,0.0,547.144985,1781.938285,-0.0,1781.938285,14.880039,0.0,14.880039
fuel_minimizing,1000,2024-01-01,3414.09812,3414.09812,0.0,0.0,0.0,0.0,0.0,0.0,156.869209,0.0,156.869209,1173.727052,0.0,1173.727052,13.077023,0.0,13.077023
fuel_minimizing,1000,2024-01-02,3414.09812,3414.09812,0.0,0.0,0.0,0.0,0.0,0.0,165.885579,0.0,165.885579,1180.355005,0.0,1180.355005,13.108283,0.0,13.108283
fuel_minimizing,1000,2024-01-03,3414.09812,3414.09812,0.0,0.0,0.0,0.0,0.0,0.0,169.62371,0.0,169.62371,1181.145053,0.0,1181.145053,13.347151,0.0,13.347151
fuel_minimizing,1000,2024-01-04,3414.09812,3414.09812,0.0,0.0,0.0,0.0,0.0,0.0,168.623041,0.0,168.623041,1181.771845,0.0,1181.771845,13.077023,0.0,13.077023
fuel_minimizing,1000,2024-01-05,3414.09812,3414.09812,0.0,0.0,0.0,0.0,0.0,0.0,167.150793,0.0,167.150793,1184.511505,0.0,1184.511505,12.82223,0.0,12.82223
fuel_minimizing,1000,2024-01-06,3414.09812,3414.09812,0.0,0.0,0.0,0.0,0.0,0.0,166.277796,0.0,166.277796,1185.1485,0.0,1185.1485,13.404952,0.0,13.404952
fuel_minimizing,1000,2024-01-07,3414.09812,3414.09812,0.0,0.0,0.0,0.0,0.0,0.0,165.897081,0.0,165.897081,1187.195046,0.0,1187.195046,13.388437,0.0,13.388437
fuel_minimizing,1000,2024-01-08,3414.09812,3414.09812,0.0,0.0,0.0,0.0,0.0,0.0,164.069423,0.0,164.069423,1185.781851,0.0,1185.781851,13.592508,0.0,13.592508
fuel_minimizing,1000,2024-01-09,3414.09812,3414.09812,0.0,0.0,0.0,0.0,0.0,0.0,163.40116,0.0,163.40116,1184.802307,0.0,1184.802307,13.065227,0.0,13.065227
fuel_minimizing,1000,2024-01-10,3414.09812,3414.09812,0.0,0.0,0.0,0.0,0.0,0.0,160.648746,0.0,160.648746,1179.176492,0.0,1179.176492,13.515834,0.0,13.515834
fuel_minimizing,1000,2024-01-11,3414.09812,3414.09812,0.0,0.0,0.0,0.0,0.0,0.0,160.154163,0.0,160.154163,1178.446936,0.0,1178.446936,13.215036,0.0,13.215036
fuel_minimizing,1000,2024-01-12,3414.09812,3414.09812,0.0,0.0,0.0,0.0,0.0,0.0,157.198164,0.0,157.198164,1174.822479,0.0,1174.822479,13.20383,0.0,13.20383
fuel_minimizing,1000,2024-01-13,3414.09812,3414.09812,0.0,0.0,0.0,0.0,0.0,0.0,153.305908,0.0,153.305908,1171.180531,0.0,1171.180531,13.123028,0.0,13.123028
fuel_minimizing,1000,2024-01-14,3414.09812,3414.09812,0.0,0.0,0.0,0.0,0.0,0.0,150.408569,0.0,150.408569,1176.181741,0.0,1176.181741,12.834616,0.0,12.834616
fuel_minimizing,1000,2024-01-15,3414.09812,3414.09812,0.0,0.0,0.0,0.0,0.0,0.0,148.343971,0.0,148.343971,1180.658197,0.0,1180.658197,13.576583,0.0,13.576583
fuel_minimizing,1000,2024-01-16,3414.09812,3414.09812,0.0,0.0,0.0,0.0,0.0,0.0,147.650404,0.0,147.650404,1176.881415,0.0,1176.881415,13.023352,0.0,13.023352
fuel_minimizing,1000,2024-01-17,3414.09812,3414.09812,0.0,0.0,0.0,0.0,0.0,0.0,145.240747,0.0,145.240747,1171.10619,0.0,1171.10619,12.434732,0.0,12.434732
fuel_minimizing,1000,2024-01-18,3414.09812,3414.09812,0.0,0.0,0.0,0.0,0.0,0.0,142.212287,0.0,142.212287,1165.314202,0.0,1165.314202,10.701903,0.0,10.701903
fuel_minimizing,1000,2024-01-19,3414.09812,3414.09812,0.0,0.0,0.0,0.0,0.0,0.0,147.561839,0.0,147.561839,1169.327123,0.0,1169.327123,10.723725,0.0,10.723725
fuel_minimizing,1000,2024-01-20,3414.09812,3414.09812,0.0,0.0,0.0,0.0,0.0,0.0,192.373397,0.0,192.373397,1215.454584,0.0,1215.454584,27.633853,0.0,27.633853
fuel_minimizing,1000,2024-01-21,3414.09812,3414.09812,0.0,0.0,0.0,0.0,0.0,0.0,224.966444,0.0,224.966444,1273.137597,0.0,1273.137597,31.907536,0.0,31.907536
fuel_minimizing,1000,2024-01-22,3414.09812,3414.09812,0.0,0.0,0.0,0.0,0.0,0.0,237.908427,0.0,237.908427,1300.21352,0.0,1300.21352,27.782482,0.0,27.782482
fuel_minimizing,1000,2024-01-23,3414.09812,3414.09812,0.0,0.0,0.0,0.0,0.0,0.0,256.091844,0.0,256.091844,1319.627285,0.0,1319.627285,26.287931,0.0,26.287931
fuel_minimizing,1000,2024-01-24,3414.09812,3414.09812,0.0,0.0,0.0,0.0,0.0,0.0,271.925415,0.0,271.925415,1342.787949,0.0,1342.787949,24.622929,0.0,24.622929
fuel_minimizing,1000,2024-01-25,3414.09812,3414.09812,0.0,0.0,0.0,0.0,0.0,0.0,277.05528,0.0,277.05528,1354.315077,0.0,1354.315077,20.529134,0.0,20.529134
fuel_minimizing,1000,2024-01-26,3414.09812,3414.09812,0.0,0.0,0.0,0.0,0.0,0.0,279.576505,0.0,279.576505,1359.29661,0.0,1359.29661,14.589268,0.0,14.589268
fuel_minimizing,1000,2024-01-27,3414.09812,3414.09812,0.0,0.0,0.0,0.0,0.0,0.0,295.399724,0.0,295.399724,1370.925045,0.0,1370.925045,16.25722,0.0,16.25722
fuel_minimizing,1000,2024-01-28,3414.09812,3414.09812,0.0,0.0,0.0,0.0,0.0,0.0,317.933175,0.0,317.933175,1402.432236,0.0,1402.432236,17.647376,0.0,17.647376
fuel_minimizing,1000,2024-01-29,3414.09812,3414.09812,0.0,0.0,0.0,0.0,0.0,0.0,328.736947,0.0,328.736947,1426.209488,0.0,1426.209488,14.792749,0.0,14.792749
fuel_minimizing,1000,2024-01-30,3414.09812,3414.09812,0.0,0.0,0.0,0.0,0.0,0.0,336.543314,0.0,336.543314,1435.444455,0.0,1435.444455,14.34863,0.0,14.34863
fuel_minimizing,1000,2024-01-31,3414.09812,3414.09812,0.0,0.0,0.0,0.0,0.0,0.0,338.372122,0.0,338.372122,1437.456746,0.0,1437.456746,14.405841,0.0,14.405841
fuel_minimizing,1000,2024-02-01,3428.31214,3428.31214,0.0,0.0,0.0,0.0,0.0,0.0,337.903993,0.0,337.903993,1436.749055,0.0,1436.749055,13.580122,0.0,13.580122
fuel_minimizing,1000,2024-02-02,3428.31214,3428.31214,0.0,0.0,0.0,0.0,0.0,0.0,339.219815,0.0,339.219815,1433.003613,0.0,1433.003613,12.460683,0.0,12.460683
fuel_minimizing,1000,2024-02-03,3428.31214,3428.31214,0.0,0.0,0.0,0.0,0.0,0.0,341.576563,0.0,341.576563,1431.976696,0.0,1431.976696,12.304387,0.0,12.304387
fuel_minimizing,1000,2024-02-04,3428.31214,3428.31214,0.0,0.0,0.0,0.0,0.0,0.0,344.427894,0.0,344.427894,1434.889089,0.0,1434.889089,12.316183,0.0,12.316183
fuel_minimizing,1000,2024-02-05,3428.31214,3428.31214,0.0,0.0,0.0,0.0,0.0,0.0,345.021394,0.0,345.021394,1436.396303,0.0,1436.396303,12.394036,0.0,12.394036
fuel_minimizing,1000,2024-02-06,3428.31214,3428.31214,0.0,0.0,0.0,0.0,0.0,0.0,342.412754,0.0,342.412754,1432.907408,0.0,1432.907408,12.11919,0.0,12.11919
fuel_minimizing,1000,2024-02-07,3428.31214,3428.31214,0.0,0.0,0.0,0.0,0.0,0.0,338.30196,0.0,338.30196,1430.04822,0.0,1430.04822,12.363367,0.0,12.363367
fuel_minimizing,1000,2024-02-08,3428.31214,3428.31214,0.0,0.0,0.0,0.0,0.0,0.0,333.548209,0.0,333.548209,1424.767868,0.0,1424.767868,12.976168,0.0,12.976168
fuel_minimizing,1000,2024-02-09,3428.31214,3428.31214,0.0,0.0,0.0,0.0,0.0,0.0,329.194724,0.0,329.194724,1422.163769,0.0,1422.163769,12.933702,0.0,12.933702
fuel_minimizing,1000,2024-02-10,3428.31214,3428.31214,0.0,0.0,0.0,0.0,0.0,0.0,324.615802,0.0,324.615802,1418.591059,0.0,1418.591059,12.934292,0.0,12.934292
fuel_minimizing,1000,2024-02-11,3428.31214,3428.31214,0.0,0.0,0.0,0.0,0.0,0.0,324.264993,0.0,324.264993,1415.816415,0.0,1415.816415,12.768559,0.0,12.768559
fuel_minimizing,1000,2024-02-12,3428.31214,3428.31214,0.0,0.0,0.0,0.0,0.0,0.0,320.907577,0.0,320.907577,1407.776724,0.0,1407.776724,12.847592,0.0,12.847592
fuel_minimizing,1000,2024-02-13,3428.31214,3428.31214,0.0,0.0,0.0,0.0,0.0,0.0,315.080694,0.0,315.080694,1397.307124,0.0,1397.307124,12.905982,0.0,12.905982
fuel_minimizing,1000,2024-02-14,3428.31214,3428.31214,0.0,0.0,0.0,0.0,0.0,0.0,308.863895,0.0,308.863895,1389.190907,0.0,1389.190907,13.009197,0.0,13.009197
fuel_minimizing,1000,2024-02-15,3428.31214,3428.31214,0.0,0.0,0.0,0.0,0.0,0.0,303.050815,0.0,303.050815,1384.287359,0.0,1384.287359,12.44122,0.0,12.44122
fuel_minimizing,1000,2024-02-16,3428.31214,3428.31214,0.0,0.0,0.0,0.0,0.0,0.0,297.664456,0.0,297.664456,1381.913569,0.0,1381.913569,13.772986,0.0,13.772986
fuel_minimizing,1000,2024-02-17,3428.31214,3428.31214,0.0,0.0,0.0,0.0,0.0,0.0,298.171692,0.0,298.171692,1385.083238,0.0,1385.083238,13.598406,0.0,13.598406
fuel_minimizing,1000,2024-02-18,3428.31214,3428.31214,0.0,0.0,0.0,0.0,0.0,0.0,297.360805,0.0,297.360805,1395.782418,0.0,1395.782418,13.209728,0.0,13.209728
fuel_minimizing,1000,2024-02-19,3428.31214,3428.31214,0.0,0.0,0.0,0.0,0.0,0.0,294.999457,0.0,294.999457,1405.080793,0.0,1405.080793,12.915419,0.0,12.915419
fuel_minimizing,1000,2024-02-20,3428.31214,3428.31214,0.0,0.0,0.0,0.0,0.0,0.0,290.506799,0.0,290.506799,1402.884109,0.0,1402.884109,13.347741,0.0,13.347741
fuel_minimizing,1000,2024-02-21,3428.31214,3428.31214,0.0,0.0,0.0,0.0,0.0,0.0,287.443832,0.0,287.443832,1397.439042,0.0,1397.439042,13.453315,0.0,13.453315
fuel_minimizing,1000,2024-02-22,3428.31214,3428.31214,0.0,0.0,0.0,0.0,0.0,0.0,284.546494,0.0,284.546494,1385.438177,0.0,1385.438177,13.064638,0.0,13.064638
fuel_minimizing,1000,2024-02-23,3428.31214,3428.31214,0.0,0.0,0.0,0.0,0.0,0.0,280.424198,0.0,280.424198,1373.100593,0.0,1373.100593,13.034558,0.0,13.034558
fuel_minimizing,1000,2024-02-24,3428.31214,3428.31214,0.0,0.0,0.0,0.0,0.0,0.0,278.930096,0.0,278.930096,1362.913049,0.0,1362.913049,13.312353,0.0,13.312353
fuel_minimizing,1000,2024-02-25,3428.31214,3428.31214,0.0,0.0,0.0,0.0,0.0,0.0,281.889546,0.0,281.889546,1354.737797,0.0,1354.737797,15.373111,0.0,15.373111
fuel_minimizing,1000,2024-02-26,3428.31214,3428.31214,0.0,0.0,0.0,0.0,0.0,0.0,284.896153,0.0,284.896153,1356.978211,0.0,1356.978211,14.297907,0.0,14.297907
fuel_minimizing,1000,2024-02-27,3428.31214,3428.31214,0.0,0.0,0.0,0.0,0.0,0.0,280.979742,0.0,280.979742,1357.440288,0.0,1357.440288,15.428552,0.0,15.428552
fuel_minimizing,1000,2024-02-28,3428.31214,3428.31214,0.0,0.0,0.0,0.0,0.0,0.0,276.908055,0.0,276.908055,1354.374112,0.0,1354.374112,16.799835,0.0,16.799835
fuel_minimizing,1000,2024-02-29,3428.31214,3428.31214,0.0,0.0,0.0,0.0,0.0,0.0,273.352806,0.0,273.352806,1351.162172,0.0,1351.162172,17.642068,0.0,17.642068
fuel_minimizing,1000,2024-03-01,3235.876185,3235.876185,0.0,0.0,0.0,0.0,0.0,0.0,270.073603,0.0,270.073603,1344.612932,0.0,1344.612932,18.191171,0.0,18.191171
fuel_minimizing,1000,2024-03-02,3235.876185,3235.876185,0.0,0.0,0.0,0.0,0.0,0.0,267.548927,0.0,267.548927,1344.21062,0.0,1344.21062,18.562744,0.0,18.562744
fuel_minimizing,1000,2024-03-03,3235.876185,3235.876185,0.0,0.0,0.0,0.0,0.0,0.0,263.229948,0.0,263.229948,1350.232917,0.0,1350.232917,18.411755,0.0,18.411755
fuel_minimizing,1000,2024-03-04,3235.876185,3235.876185,0.0,0.0,0.0,0.0,0.0,0.0,261.586321,0.0,261.586321,1355.707866,0.0,1355.707866,18.698398,0.0,18.698398
fuel_minimizing,1000,2024-03-05,3235.876185,3235.876185,0.0,0.0,0.0,0.0,0.0,0.0,260.400471,0.0,260.400471,1354.738526,0.0,1354.738526,19.256937,0.0,19.256937
fuel_minimizing,1000,2024-03-06,3235.876185,3235.876185,0.0,0.0,0.0,0.0,0.0,0.0,260.16008,0.0,260.16008,1351.950763,0.0,1351.950763,17.873859,0.0,17.873859
fuel_minimizing,1000,2024-03-07,3235.876185,3235.876185,0.0,0.0,0.0,0.0,0.0,0.0,258.67518,0.0,258.67518,1348.756314,0.0,1348.756314,17.221541,0.0,17.221541
fuel_minimizing,1000,2024-03-08,3235.876185,3235.876185,0.0,0.0,0.0,0.0,0.0,0.0,257.347856,0.0,257.347856,1341.276362,0.0,1341.276362,16.57748,0.0,16.57748
fuel_minimizing,1000,2024-03-09,3235.876185,3235.876185,0.0,0.0,0.0,0.0,0.0,0.0,252.082268,0.0,252.082268,1342.554725,0.0,1342.554725,15.524689,0.0,15.524689
fuel_minimizing,1000,2024-03-10,3235.876185,3235.876185,0.0,0.0,0.0,0.0,0.0,0.0,244.98212,0.0,244.98212,1346.489662,0.0,1346.489662,14.988562,0.0,14.988562
fuel_minimizing,1000,2024-03-11,3235.876185,3235.876185,0.0,0.0,0.0,0.0,0.0,0.0,239.420932,0.0,239.420932,1346.426254,0.0,1346.426254,14.490772,0.0,14.490772
fuel_minimizing,1000,2024-03-12,3235.876185,3235.876185,0.0,0.0,0.0,0.0,0.0,0.0,234.471648,0.0,234.471648,1337.893876,0.0,1337.893876,14.739667,0.0,14.739667
fuel_minimizing,1000,2024-03-13,3235.876185,3235.876185,0.0,0.0,0.0,0.0,0.0,0.0,229.822564,0.0,229.822564,1330.789271,0.0,1330.789271,14.939609,0.0,14.939609
fuel_minimizing,1000,2024-03-14,3235.876185,3235.876185,0.0,0.0,0.0,0.0,0.0,0.0,225.742825,0.0,225.742825,1325.374815,0.0,1325.374815,14.984433,0.0,14.984433
fuel_minimizing,1000,2024-03-15,3235.876185,3235.876185,0.0,0.0,0.0,0.0,0.0,0.0,222.68446,0.0,222.68446,1322.726257,0.0,1322.726257,14.55447,0.0,14.55447
fuel_minimizing,1000,2024-03-16,3235.876185,3235.876185,0.0,0.0,0.0,0.0,0.0,0.0,221.874723,0.0,221.874723,1319.968376,0.0,1319.968376,14.854088,0.0,14.854088
fuel_minimizing,1000,2024-03-17,3235.876185,3235.876185,0.0,0.0,0.0,0.0,0.0,0.0,219.787121,0.0,219.787121,1319.03402,0.0,1319.03402,13.936361,0.0,13.936361
fuel_minimizing,1000,2024-03-18,3235.876185,3235.876185,0.0,0.0,0.0,0.0,0.0,0.0,218.554113,0.0,218.554113,1311.731902,0.0,1311.731902,13.171981,0.0,13.171981
fuel_minimizing,1000,2024-03-19,3235.876185,3235.876185,0.0,0.0,0.0,0.0,0.0,0.0,215.351973,0.0,215.351973,1302.070571,0.0,1302.070571,12.901853,0.0,12.901853
fuel_minimizing,1000,2024-03-20,3235.876185,3235.876185,0.0,0.0,0.0,0.0,0.0,0.0,212.070469,0.0,212.070469,1291.671668,0.0,1291.671668,12.79451,0.0,12.79451
fuel_minimizing,1000,2024-03-21,3235.876185,3235.876185,0.0,0.0,0.0,0.0,0.0,0.0,207.662926,0.0,207.662926,1282.230443,0.0,1282.230443,12.76384,0.0,12.76384
fuel_minimizing,1000,2024-03-22,3235.876185,3235.876185,0.0,0.0,0.0,0.0,0.0,0.0,201.380566,0.0,201.380566,1273.823423,0.0,1273.823423,12.785073,0.0,12.785073
fuel_minimizing,1000,2024-03-23,3235.876185,3235.876185,0.0,0.0,0.0,0.0,0.0,0.0,198.444121,0.0,198.444121,1261.903458,0.0,1261.903458,12.819871,0.0,12.819871
fuel_minimizing,1000,2024-03-24,3235.876185,3235.876185,0.0,0.0,0.0,0.0,0.0,0.0,193.849096,0.0,193.849096,1255.737581,0.0,1255.737581,12.832847,0.0,12.832847
fuel_minimizing,1000,2024-03-25,3235.876185,3235.876185,0.0,0.0,0.0,0.0,0.0,0.0,192.349243,0.0,192.349243,1250.835491,0.0,1250.835491,12.467171,0.0,12.467171
fuel_minimizing,1000,2024-03-26,3235.876185,3235.876185,0.0,0.0,0.0,0.0,0.0,0.0,189.700346,0.0,189.700346,1248.463159,0.0,1248.463159,13.729931,0.0,13.729931
fuel_minimizing,1000,2024-03-27,3235.876185,3235.876185,0.0,0.0,0.0,0.0,0.0,0.0,191.603917,0.0,191.603917,1248.498143,0.0,1248.498143,12.522023,0.0,12.522023
fuel_minimizing,1000,2024-03-28,3235.876185,3235.876185,0.0,0.0,0.0,0.0,0.0,0.0,192.995652,0.0,192.995652,1244.152147,0.0,1244.152147,12.171682,0.0,12.171682
fuel_minimizing,1000,2024-03-29,3235.876185,3235.876185,0.0,0.0,0.0,0.0,0.0,0.0,193.939961,0.0,193.939961,1240.319246,0.0,1240.319246,11.813084,0.0,11.813084
fuel_minimizing,1000,2024-03-30,3235.876185,3235.876185,0.0,0.0,0.0,0.0,0.0,0.0,195.873437,0.0,195.873437,1235.848621,0.0,1235.848621,11.867935,0.0,11.867935
fuel_minimizing,1000,2024-03-31,3235.876185,3235.876185,0.0,0.0,0.0,0.0,0.0,0.0,417.418055,0.0,417.418055,1228.959749,0.0,1228.959749,12.274897,0.0,12.274897
fuel_minimizing,1000,2024-04-01,2097.114554,2097.114554,0.0,0.0,0.0,0.0,0.0,0.0,415.996415,0.0,415.996415,1221.229081,0.0,1221.229081,12.761481,0.0,12.761481
fuel_minimizing,1000,2024-04-02,2097.114554,2097.114554,0.0,0.0,0.0,0.0,0.0,0.0,412.808077,0.0,412.808077,1212.292933,0.0,1212.292933,13.049303,0.0,13.049303
fuel_minimizing,1000,2024-04-03,2097.114554,2097.114554,0.0,0.0,0.0,0.0,0.0,0.0,410.03956,0.0,410.03956,1198.273217,0.0,1198.273217,12.981476,0.0,12.981476
fuel_minimizing,1000,2024-04-04,2097.114554,2097.114554,0.0,0.0,0.0,0.0,0.0,0.0,407.497631,0.0,407.497631,1189.571022,0.0,1189.571022,13.326508,0.0,13.326508
fuel_minimizing,1000,2024-04-05,2097.114554,2097.114554,0.0,0.0,0.0,0.0,0.0,0.0,405.362871,0.0,405.362871,1180.943168,0.0,1180.943168,13.528809,0.0,13.528809
fuel_minimizing,1000,2024-04-06,2097.114554,2097.114554,0.0,0.0,0.0,0.0,0.0,0.0,404.969505,0.0,404.969505,1173.90853,0.0,1173.90853,12.805716,0.0,12.805716
fuel_minimizing,1000,2024-04-07,2097.114554,2097.114554,0.0,0.0,0.0,0.0,0.0,0.0,406.016182,0.0,406.016182,1173.464674,0.0,1173.464674,10.471291,0.0,10.471291
fuel_minimizing,1000,2024-04-08,2097.114554,2097.114554,0.0,0.0,0.0,0.0,0.0,0.0,404.916596,0.0,404.916596,1170.009306,0.0,1170.009306,5.922172,0.0,5.922172
fuel_minimizing,1000,2024-04-09,2097.114554,2097.114554,0.0,0.0,0.0,0.0,0.0,0.0,404.931549,0.0,404.931549,1162.619,0.0,1162.619,3.480404,0.0,3.480404
fuel_minimizing,1000,2024-04-10,2097.114554,2097.114554,0.0,0.0,0.0,0.0,0.0,0.0,413.191092,0.0,413.191092,1165.710684,0.0,1165.710684,8.112095,0.0,8.112095
fuel_minimizing,1000,2024-04-11,2097.114554,2097.114554,0.0,0.0,0.0,0.0,0.0,0.0,448.137436,0.0,448.137436,1196.853462,0.0,1196.853462,18.461298,0.0,18.461298
fuel_minimizing,1000,2024-04-12,2097.114554,2097.114554,0.0,0.0,0.0,0.0,0.0,0.0,510.656231,0.0,510.656231,1267.424322,0.0,1267.424322,36.096878,0.0,36.096878
fuel_minimizing,1000,2024-04-13,2097.114554,2097.114554,0.0,0.0,0.0,0.0,0.0,0.0,542.480949,0.0,542.480949,1323.471119,0.0,1323.471119,40.056789,0.0,40.056789
fuel_minimizing,1000,2024-04-14,2097.114554,2097.114554,0.0,0.0,0.0,0.0,0.0,0.0,555.633417,0.0,555.633417,1356.154637,0.0,1356.154637,39.081261,0.0,39.081261
fuel_minimizing,1000,2024-04-15,2097.114554,2097.114554,0.0,0.0,0.0,0.0,0.0,0.0,561.872069,0.0,561.872069,1377.292806,0.0,1377.292806,34.937923,0.0,34.937923
fuel_minimizing,1000,2024-04-16,2097.114554,2097.114554,0.0,0.0,0.0,0.0,0.0,0.0,565.102964,0.0,565.102964,1389.267434,0.0,1389.267434,29.487591,0.0,29.487591
fuel_minimizing,1000,2024-04-17,2097.114554,2097.114554,0.0,0.0,0.0,0.0,0.0,0.0,566.511952,0.0,566.511952,1397.638012,0.0,1397.638012,23.996562,0.0,23.996562
fuel_minimizing,1000,2024-04-18,2097.114554,2097.114554,0.0,0.0,0.0,0.0,0.0,0.0,566.920271,0.0,566.920271,1405.551615,0.0,1405.551615,19.399669,0.0,19.399669
fuel_minimizing,1000,2024-04-19,2097.114554,2097.114554,0.0,0.0,0.0,0.0,0.0,0.0,565.774678,0.0,565.774678,1412.154059,0.0,1412.154059,16.001837,0.0,16.001837
fuel_minimizing,1000,2024-04-20,2097.114554,2097.114554,0.0,0.0,0.0,0.0,0.0,0.0,563.225848,0.0,563.225848,1414.438203,0.0,1414.438203,13.46924,0.0,13.46924
fuel_minimizing,1000,2024-04-21,2097.114554,2097.114554,0.0,0.0,0.0,0.0,0.0,0.0,562.717462,0.0,562.717462,1415.436696,0.0,1415.436696,12.741428,0.0,12.741428
fuel_minimizing,1000,2024-04-22,2097.114554,2097.114554,0.0,0.0,0.0,0.0,0.0,0.0,559.319789,0.0,559.319789,1417.96281,0.0,1417.96281,13.134824,0.0,13.134824
fuel_minimizing,1000,2024-04-23,2097.114554,2097.114554,0.0,0.0,0.0,0.0,0.0,0.0,554.896143,0.0,554.896143,1413.826717,0.0,1413.826717,13.094128,0.0,13.094128
fuel_minimizing,1000,2024-04-24,2097.114554,2097.114554,0.0,0.0,0.0,0.0,0.0,0.0,551.989603,0.0,551.989603,1410.186955,0.0,1410.186955,12.503149,0.0,12.503149
fuel_minimizing,1000,2024-04-25,2097.114554,2097.114554,0.0,0.0,0.0,0.0,0.0,0.0,549.885898,0.0,549.885898,1415.569343,0.0,1415.569343,12.087931,0.0,12.087931
fuel_minimizing,1000,2024-04-26,2097.114554,2097.114554,0.0,0.0,0.0,0.0,0.0,0.0,549.24639,0.0,549.24639,1420.93278,0.0,1420.93278,13.368384,0.0,13.368384
fuel_minimizing,1000,2024-04-27,2097.114554,2097.114554,0.0,0.0,0.0,0.0,0.0,0.0,548.586178,0.0,548.586178,1423.85975,0.0,1423.85975,13.141901,0.0,13.141901
fuel_minimizing,1000,2024-04-28,2097.114554,2097.114554,0.0,0.0,0.0,0.0,0.0,0.0,547.079424,0.0,547.079424,1425.215368,0.0,1425.215368,12.599876,0.0,12.599876
fuel_minimizing,1000,2024-04-29,2097.114554,2097.114554,0.0,0.0,0.0,0.0,0.0,0.0,544.601906,0.0,544.601906,1423.094481,0.0,1423.094481,12.501969,0.0,12.501969
fuel_minimizing,1000,2024-04-30,2097.114554,2097.114554,0.0,0.0,0.0,0.0,0.0,0.0,541.786232,0.0,541.786232,1417.178593,0.0,1417.178593,12.369265,0.0,12.369265
fuel_minimizing,1000,2024-05-01,1917.799232,1917.799232,0.0,0.0,0.0,0.0,0.0,0.0,539.743487,0.0,539.743487,1412.672984,0.0,1412.672984,12.598696,0.0,12.598696
fuel_minimizing,1000,2024-05-02,1917.799232,1917.799232,0.0,0.0,0.0,0.0,0.0,0.0,538.0412,0.0,538.0412,1407.916659,0.0,1407.916659,12.825769,0.0,12.825769
fuel_minimizing,1000,2024-05-03,1917.799232,1917.799232,0.0,0.0,0.0,0.0,0.0,0.0,535.894938,0.0,535.894938,1399.302653,0.0,1399.302653,12.756763,0.0,12.756763
fuel_minimizing,1000,2024-05-04,1917.799232,1917.799232,0.0,0.0,0.0,0.0,0.0,0.0,533.408218,0.0,533.408218,1390.045821,0.0,1390.045821,12.67596,0.0,12.67596
fuel_minimizing,1000,2024-05-05,1917.799232,1917.799232,0.0,0.0,0.0,0.0,0.0,0.0,530.402762,0.0,530.402762,1382.5717,0.0,1382.5717,12.749095,0.0,12.749095
fuel_minimizing,1000,2024-05-06,1917.799232,1917.799232,0.0,0.0,0.0,0.0,0.0,0.0,527.353597,0.0,527.353597,1377.192957,0.0,1377.192957,12.964962,0.0,12.964962
fuel_minimizing,1000,2024-05-07,1917.799232,1917.799232,0.0,0.0,0.0,0.0,0.0,0.0,523.641921,0.0,523.641921,1372.062744,0.0,1372.062744,12.954935,0.0,12.954935
fuel_minimizing,1000,2024-05-08,1917.799232,1917.799232,0.0,0.0,0.0,0.0,0.0,0.0,519.496622,0.0,519.496622,1361.874471,0.0,1361.874471,12.662395,0.0,12.662395
fuel_minimizing,1000,2024-05-09,1917.799232,1917.799232,0.0,0.0,0.0,0.0,0.0,0.0,515.485896,0.0,515.485896,1352.458755,0.0,1352.458755,12.826359,0.0,12.826359
fuel_minimizing,1000,2024-05-10,1917.799232,1917.799232,0.0,0.0,0.0,0.0,0.0,0.0,510.745946,0.0,510.745946,1339.455752,0.0,1339.455752,13.089409,0.0,13.089409
fuel_minimizing,1000,2024-05-11,1917.799232,1917.799232,0.0,0.0,0.0,0.0,0.0,0.0,505.354987,0.0,505.354987,1328.654536,0.0,1328.654536,13.250424,0.0,13.250424
fuel_minimizing,1000,2024-05-12,1917.799232,1917.799232,0.0,0.0,0.0,0.0,0.0,0.0,500.830124,0.0,500.830124,1317.354074,0.0,1317.354074,13.016864,0.0,13.016864
fuel_minimizing,1000,2024-05-13,1917.799232,1917.799232,0.0,0.0,0.0,0.0,0.0,0.0,496.057969,0.0,496.057969,1304.04715,0.0,1304.04715,12.85172,0.0,12.85172
fuel_minimizing,1000,2024-05-14,1917.799232,1917.799232,0.0,0.0,0.0,0.0,0.0,0.0,490.949957,0.0,490.949957,1289.758497,0.0,1289.758497,12.797459,0.0,12.797459
fuel_minimizing,1000,2024-05-15,1917.799232,1917.799232,0.0,0.0,0.0,0.0,0.0,0.0,486.264067,0.0,486.264067,1275.924632,0.0,1275.924632,12.642342,0.0,12.642342
fuel_minimizing,1000,2024-05-16,1917.799232,1917.799232,0.0,0.0,0.0,0.0,0.0,0.0,481.673643,0.0,481.673643,1261.741658,0.0,1261.741658,12.650009,0.0,12.650009
fuel_minimizing,1000,2024-05-17,1917.799232,1917.799232,0.0,0.0,0.0,0.0,0.0,0.0,477.258048,0.0,477.258048,1248.309377,0.0,1248.309377,12.877082,0.0,12.877082
fuel_minimizing,1000,2024-05-18,1917.799232,1917.799232,0.0,0.0,0.0,0.0,0.0,0.0,471.586441,0.0,471.586441,1238.847745,0.0,1238.847745,12.901263,0.0,12.901263
fuel_minimizing,1000,2024-05-19,1917.799232,1917.799232,0.0,0.0,0.0,0.0,0.0,0.0,468.786869,0.0,468.786869,1231.277418,0.0,1231.277418,13.095307,0.0,13.095307
fuel_minimizing,1000,2024-05-20,1917.799232,1917.799232,0.0,0.0,0.0,0.0,0.0,0.0,464.907265,0.0,464.907265,1219.054261,0.0,1219.054261,12.639393,0.0,12.639393
fuel_minimizing,1000,2024-05-21,1917.799232,1917.799232,0.0,0.0,0.0,0.0,0.0,0.0,460.96785,0.0,460.96785,1207.191144,0.0,1207.191144,13.197342,0.0,13.197342
fuel_minimizing,1000,2024-05-22,1917.799232,1917.799232,0.0,0.0,0.0,0.0,0.0,0.0,456.456789,0.0,456.456789,1199.916722,0.0,1199.916722,13.168442,0.0,13.168442
fuel_minimizing,1000,2024-05-23,1917.799232,1917.799232,0.0,0.0,0.0,0.0,0.0,0.0,451.824958,0.0,451.824958,1188.08713,0.0,1188.08713,13.160185,0.0,13.160185
fuel_minimizing,1000,2024-05-24,1917.799232,1917.799232,0.0,0.0,0.0,0.0,0.0,0.0,446.507611,0.0,446.507611,1174.960956,0.0,1174.960956,13.003299,0.0,13.003299
fuel_minimizing,1000,2024-05-25,1917.799232,1917.799232,0.0,0.0,0.0,0.0,0.0,0.0,441.753859,0.0,441.753859,1160.640234,0.0,1160.640234,12.754993,0.0,12.754993
fuel_minimizing,1000,2024-05-26,1917.799232,1917.799232,0.0,0.0,0.0,0.0,0.0,0.0,437.477438,0.0,437.477438,1153.49117,0.0,1153.49117,12.628186,0.0,12.628186
fuel_minimizing,1000,2024-05-27,1917.799232,1917.799232,0.0,0.0,0.0,0.0,0.0,0.0,433.421854,0.0,433.421854,1141.131722,0.0,1141.131722,12.756763,0.0,12.756763
fuel_minimizing,1000,2024-05-28,1917.799232,1917.799232,0.0,0.0,0.0,0.0,0.0,0.0,428.539281,0.0,428.539281,1124.701775,0.0,1124.701775,12.683038,0.0,12.683038
fuel_minimizing,1000,2024-05-29,1917.799232,1917.799232,0.0,0.0,0.0,0.0,0.0,0.0,424.467594,0.0,424.467594,1106.874667,0.0,1106.874667,12.685987,0.0,12.685987
fuel_minimizing,1000,2024-05-30,1917.799232,1917.799232,0.0,0.0,0.0,0.0,0.0,0.0,420.259034,0.0,420.259034,1091.582419,0.0,1091.582419,12.605184,0.0,12.605184
fuel_minimizing,1000,2024-05-31,1917.799232,1917.799232,0.0,0.0,0.0,0.0,0.0,0.0,416.226454,0.0,416.226454,1081.929834,0.0,1081.929834,12.455375,0.0,12.455375
fuel_minimizing,1000,2024-06-01,1472.244394,1472.244394,0.0,0.0,0.0,0.0,0.0,0.0,412.849484,0.0,412.849484,1075.938876,0.0,1075.938876,12.739658,0.0,12.739658
fuel_minimizing,1000,2024-06-02,1472.244394,1472.244394,0.0,0.0,0.0,0.0,0.0,0.0,409.80032,0.0,409.80032,1070.614795,0.0,1070.614795,13.425005,0.0,13.425005
fuel_minimizing,1000,2024-06-03,1472.244394,1472.244394,0.0,0.0,0.0,0.0,0.0,0.0,405.675724,0.0,405.675724,1061.075178,0.0,1061.075178,13.033378,0.0,13.033378
fuel_minimizing,1000,2024-06-04,1472.244394,1472.244394,0.0,0.0,0.0,0.0,0.0,0.0,401.537326,0.0,401.537326,1049.130432,0.0,1049.130432,12.729042,0.0,12.729042
fuel_minimizing,1000,2024-06-05,1472.244394,1472.244394,0.0,0.0,0.0,0.0,0.0,0.0,396.576539,0.0,396.576539,1033.449719,0.0,1033.449719,13.258682,0.0,13.258682
fuel_minimizing,1000,2024-06-06,1472.244394,1472.244394,0.0,0.0,0.0,0.0,0.0,0.0,391.567445,0.0,391.567445,1019.408867,0.0,1019.408867,13.93754,0.0,13.93754
fuel_minimizing,1000,2024-06-07,1472.244394,1472.244394,0.0,0.0,0.0,0.0,0.0,0.0,387.15415,0.0,387.15415,1007.611345,0.0,1007.611345,14.533237,0.0,14.533237
fuel_minimizing,1000,2024-06-08,1472.244394,1472.244394,0.0,0.0,0.0,0.0,0.0,0.0,385.011339,0.0,385.011339,996.224152,0.0,996.224152,14.474257,0.0,14.474257
fuel_minimizing,1000,2024-06-09,1472.244394,1472.244394,0.0,0.0,0.0,0.0,0.0,0.0,383.822038,0.0,383.822038,986.518362,0.0,986.518362,13.803066,0.0,13.803066
fuel_minimizing,1000,2024-06-10,1472.244394,1472.244394,0.0,0.0,0.0,0.0,0.0,0.0,381.557306,0.0,381.557306,980.402046,0.0,980.402046,13.273426,0.0,13.273426
fuel_minimizing,1000,2024-06-11,1472.244394,1472.244394,0.0,0.0,0.0,0.0,0.0,0.0,379.345483,0.0,379.345483,971.820837,0.0,971.820837,12.465402,0.0,12.465402
fuel_minimizing,1000,2024-06-12,1472.244394,1472.244394,0.0,0.0,0.0,0.0,0.0,0.0,374.619336,0.0,374.619336,960.75287,0.0,960.75287,12.662395,0.0,12.662395
fuel_minimizing,1000,2024-06-13,1472.244394,1472.244394,0.0,0.0,0.0,0.0,0.0,0.0,369.402056,0.0,369.402056,949.216997,0.0,949.216997,12.819871,0.0,12.819871
fuel_minimizing,1000,2024-06-14,1472.244394,1472.244394,0.0,0.0,0.0,0.0,0.0,0.0,364.717316,0.0,364.717316,940.675873,0.0,940.675873,13.025121,0.0,13.025121
fuel_minimizing,1000,2024-06-15,1472.244394,1472.244394,0.0,0.0,0.0,0.0,0.0,0.0,364.050203,0.0,364.050203,935.501201,0.0,935.501201,13.219165,0.0,13.219165
fuel_minimizing,1000,2024-06-16,1472.244394,1472.244394,0.0,0.0,0.0,0.0,0.0,0.0,361.42201,0.0,361.42201,937.805023,0.0,937.805023,13.032199,0.0,13.032199
fuel_minimizing,1000,2024-06-17,1472.244394,1472.244394,0.0,0.0,0.0,0.0,0.0,0.0,358.684548,0.0,358.684548,935.594491,0.0,935.594491,13.219755,0.0,13.219755
fuel_minimizing,1000,2024-06-18,1472.244394,1472.244394,0.0,0.0,0.0,0.0,0.0,0.0,354.319562,0.0,354.319562,929.575838,0.0,929.575838,12.941959,0.0,12.941959
fuel_minimizing,1000,2024-06-19,1472.244394,1472.244394,0.0,0.0,0.0,0.0,0.0,0.0,349.671628,0.0,349.671628,928.602854,0.0,928.602854,13.074074,0.0,13.074074
fuel_minimizing,1000,2024-06-20,1472.244394,1472.244394,0.0,0.0,0.0,0.0,0.0,0.0,345.689657,0.0,345.689657,920.585028,0.0,920.585028,13.055201,0.0,13.055201
fuel_minimizing,1000,2024-06-21,1472.244394,1472.244394,0.0,0.0,0.0,0.0,0.0,0.0,340.19518,0.0,340.19518,914.279217,0.0,914.279217,12.971449,0.0,12.971449
fuel_minimizing,1000,2024-06-22,1472.244394,1472.244394,0.0,0.0,0.0,0.0,0.0,0.0,337.384106,0.0,337.384106,906.265035,0.0,906.265035,12.750275,0.0,12.750275
fuel_minimizing,1000,2024-06-23,1472.244394,1472.244394,0.0,0.0,0.0,0.0,0.0,0.0,336.715843,0.0,336.715843,899.398756,0.0,899.398756,12.638213,0.0,12.638213
fuel_minimizing,1000,2024-06-24,1472.244394,1472.244394,0.0,0.0,0.0,0.0,0.0,0.0,335.643862,0.0,335.643862,889.26806,0.0,889.26806,13.095897,0.0,13.095897
fuel_minimizing,1000,2024-06-25,1472.244394,1472.244394,0.0,0.0,0.0,0.0,0.0,0.0,332.090913,0.0,332.090913,877.238042,0.0,877.238042,13.294069,0.0,13.294069
fuel_minimizing,1000,2024-06-26,1472.244394,1472.244394,0.0,0.0,0.0,0.0,0.0,0.0,327.511991,0.0,327.511991,868.750852,0.0,868.750852,13.131875,0.0,13.131875
fuel_minimizing,1000,2024-06-27,1472.244394,1472.244394,0.0,0.0,0.0,0.0,0.0,0.0,323.804915,0.0,323.804915,863.32765,0.0,863.32765,12.838745,0.0,12.838745
fuel_minimizing,1000,2024-06-28,1472.244394,1472.244394,0.0,0.0,0.0,0.0,0.0,0.0,321.908245,0.0,321.908245,856.470117,0.0,856.470117,12.659446,0.0,12.659446
fuel_minimizing,1000,2024-06-29,1472.244394,1472.244394,0.0,0.0,0.0,0.0,0.0,0.0,321.253785,0.0,321.253785,847.743871,0.0,847.743871,12.741428,0.0,12.741428
fuel_minimizing,1000,2024-06-30,1472.244394,1472.244394,0.0,0.0,0.0,0.0,0.0,0.0,322.862906,0.0,322.862906,836.753889,0.0,836.753889,12.53087,0.0,12.53087
fuel_minimizing,1000,2024-07-01,1549.328114,1549.328114,0.0,0.0,0.0,0.0,0.0,0.0,323.163107,0.0,323.163107,833.611187,0.0,833.611187,13.806015,0.0,13.806015
fuel_minimizing,1000,2024-07-02,1549.328114,1549.328114,0.0,0.0,0.0,0.0,0.0,0.0,325.568163,0.0,325.568163,834.361878,0.0,834.361878,14.922504,0.0,14.922504
fuel_minimizing,1000,2024-07-03,1549.328114,1549.328114,0.0,0.0,0.0,0.0,0.0,0.0,324.708968,0.0,324.708968,828.817691,0.0,828.817691,13.163724,0.0,13.163724
fuel_minimizing,1000,2024-07-04,1549.328114,1549.328114,0.0,0.0,0.0,0.0,0.0,0.0,321.774823,0.0,321.774823,825.669888,0.0,825.669888,12.430014,0.0,12.430014
fuel_minimizing,1000,2024-07-05,1549.328114,1549.328114,0.0,0.0,0.0,0.0,0.0,0.0,316.487381,0.0,316.487381,820.369858,0.0,820.369858,12.562129,0.0,12.562129
fuel_minimizing,1000,2024-07-06,1549.328114,1549.328114,0.0,0.0,0.0,0.0,0.0,0.0,313.470422,0.0,313.470422,815.935674,0.0,815.935674,12.866465,0.0,12.866465
fuel_minimizing,1000,2024-07-07,1549.328114,1549.328114,0.0,0.0,0.0,0.0,0.0,0.0,311.14473,0.0,311.14473,811.106467,0.0,811.106467,13.166673,0.0,13.166673
fuel_minimizing,1000,2024-07-08,1549.328114,1549.328114,0.0,0.0,0.0,0.0,0.0,0.0,308.284197,0.0,308.284197,802.394069,0.0,802.394069,13.124207,0.0,13.124207
fuel_minimizing,1000,2024-07-09,1549.328114,1549.328114,0.0,0.0,0.0,0.0,0.0,0.0,304.102092,0.0,304.102092,786.719186,0.0,786.719186,12.757352,0.0,12.757352
fuel_minimizing,1000,2024-07-10,1549.328114,1549.328114,0.0,0.0,0.0,0.0,0.0,0.0,299.365593,0.0,299.365593,771.883913,0.0,771.883913,12.562719,0.0,12.562719
fuel_minimizing,1000,2024-07-11,1549.328114,1549.328114,0.0,0.0,0.0,0.0,0.0,0.0,293.037226,0.0,293.037226,759.340071,0.0,759.340071,12.64765,0.0,12.64765
fuel_minimizing,1000,2024-07-12,1549.328114,1549.328114,0.0,0.0,0.0,0.0,0.0,0.0,289.294494,0.0,289.294494,751.004477,0.0,751.004477,13.051072,0.0,13.051072
fuel_minimizing,1000,2024-07-13,1549.328114,1549.328114,0.0,0.0,0.0,0.0,0.0,0.0,289.50728,0.0,289.50728,738.633367,0.0,738.633367,13.206779,0.0,13.206779
fuel_minimizing,1000,2024-07-14,1549.328114,1549.328114,0.0,0.0,0.0,0.0,0.0,0.0,291.367144,0.0,291.367144,725.577889,0.0,725.577889,13.102975,0.0,13.102975
fuel_minimizing,1000,2024-07-15,1549.328114,1549.328114,0.0,0.0,0.0,0.0,0.0,0.0,293.565165,0.0,293.565165,713.868555,0.0,713.868555,12.750275,0.0,12.750275
fuel_minimizing,1000,2024-07-16,1549.328114,1549.328114,0.0,0.0,0.0,0.0,0.0,0.0,295.686123,0.0,295.686123,695.219329,0.0,695.219329,12.595158,0.0,12.595158
fuel_minimizing,1000,2024-07-17,1549.328114,1549.328114,0.0,0.0,0.0,0.0,0.0,0.0,297.736918,0.0,297.736918,674.084075,0.0,674.084075,12.931933,0.0,12.931933
fuel_minimizing,1000,2024-07-18,1549.328114,1549.328114,0.0,0.0,0.0,0.0,0.0,0.0,299.956793,0.0,299.956793,653.0924,0.0,653.0924,13.114181,0.0,13.114181
fuel_minimizing,1000,2024-07-19,1549.328114,1549.328114,0.0,0.0,0.0,0.0,0.0,0.0,302.535528,0.0,302.535528,631.857296,0.0,631.857296,12.907161,0.0,12.907161
fuel_minimizing,1000,2024-07-20,1549.328114,1549.328114,0.0,0.0,0.0,0.0,0.0,0.0,304.707094,0.0,304.707094,610.279644,0.0,610.279644,12.879441,0.0,12.879441
fuel_minimizing,1000,2024-07-21,1549.328114,1549.328114,0.0,0.0,0.0,0.0,0.0,0.0,307.28928,0.0,307.28928,593.43791,0.0,593.43791,12.91247,0.0,12.91247
fuel_minimizing,1000,2024-07-22,1549.328114,1549.328114,0.0,0.0,0.0,0.0,0.0,0.0,309.923224,0.0,309.923224,574.777023,0.0,574.777023,12.879441,0.0,12.879441
fuel_minimizing,1000,2024-07-23,1549.328114,1549.328114,0.0,0.0,0.0,0.0,0.0,0.0,311.326461,0.0,311.326461,554.905555,0.0,554.905555,12.723144,0.0,12.723144
fuel_minimizing,1000,2024-07-24,1549.328114,1549.328114,0.0,0.0,0.0,0.0,0.0,0.0,311.853249,0.0,311.853249,532.735367,0.0,532.735367,12.688936,0.0,12.688936
fuel_minimizing,1000,2024-07-25,1549.328114,1549.328114,0.0,0.0,0.0,0.0,0.0,0.0,311.638163,0.0,311.638163,515.47893,0.0,515.47893,12.913649,0.0,12.913649
fuel_minimizing,1000,2024-07-26,1549.328114,1549.328114,0.0,0.0,0.0,0.0,0.0,0.0,309.01342,0.0,309.01342,499.143002,0.0,499.143002,13.031609,0.0,13.031609
fuel_minimizing,1000,2024-07-27,1549.328114,1549.328114,0.0,0.0,0.0,0.0,0.0,0.0,306.589962,0.0,306.589962,487.30758,0.0,487.30758,12.883569,0.0,12.883569
fuel_minimizing,1000,2024-07-28,1549.328114,1549.328114,0.0,0.0,0.0,0.0,0.0,0.0,306.351872,0.0,306.351872,476.62662,0.0,476.62662,12.761481,0.0,12.761481
fuel_minimizing,1000,2024-07-29,1549.328114,1549.328114,0.0,0.0,0.0,0.0,0.0,0.0,306.239152,0.0,306.239152,469.944005,0.0,469.944005,13.187906,0.0,13.187906
fuel_minimizing,1000,2024-07-30,1549.328114,1549.328114,0.0,0.0,0.0,0.0,0.0,0.0,310.01984,0.0,310.01984,466.596503,0.0,466.596503,14.581601,0.0,14.581601
fuel_minimizing,1000,2024-07-31,1549.328114,1549.328114,0.0,0.0,0.0,0.0,0.0,0.0,311.364417,0.0,311.364417,458.84397,0.0,458.84397,14.99446,0.0,14.99446
fuel_minimizing,1000,2024-08-01,2200.166195,2200.166195,0.0,0.0,0.0,0.0,0.0,0.0,312.442149,0.0,312.442149,448.525238,0.0,448.525238,14.858806,0.0,14.858806
fuel_minimizing,1000,2024-08-02,2200.166195,2200.166195,0.0,0.0,0.0,0.0,0.0,0.0,311.953316,0.0,311.953316,439.283711,0.0,439.283711,14.541494,0.0,14.541494
fuel_minimizing,1000,2024-08-03,2200.166195,2200.166195,0.0,0.0,0.0,0.0,0.0,0.0,311.050414,0.0,311.050414,430.039998,0.0,430.039998,13.930463,0.0,13.930463
fuel_minimizing,1000,2024-08-04,2200.166195,2200.166195,0.0,0.0,0.0,0.0,0.0,0.0,307.147806,0.0,307.147806,421.51418,0.0,421.51418,12.995631,0.0,12.995631
fuel_minimizing,1000,2024-08-05,2200.166195,2200.166195,0.0,0.0,0.0,0.0,0.0,0.0,304.899176,0.0,304.899176,408.474007,0.0,408.474007,12.532049,0.0,12.532049
fuel_minimizing,1000,2024-08-06,2200.166195,2200.166195,0.0,0.0,0.0,0.0,0.0,0.0,302.774768,0.0,302.774768,393.175929,0.0,393.175929,12.744967,0.0,12.744967
fuel_minimizing,1000,2024-08-07,2200.166195,2200.166195,0.0,0.0,0.0,0.0,0.0,0.0,301.299069,0.0,301.299069,371.90074,0.0,371.90074,12.808665,0.0,12.808665
fuel_minimizing,1000,2024-08-08,2200.166195,2200.166195,0.0,0.0,0.0,0.0,0.0,0.0,299.833722,0.0,299.833722,355.960564,0.0,355.960564,13.14662,0.0,13.14662
fuel_minimizing,1000,2024-08-09,2200.166195,2200.166195,0.0,0.0,0.0,0.0,0.0,0.0,299.188463,0.0,299.188463,342.639065,0.0,342.639065,13.199112,0.0,13.199112
fuel_minimizing,1000,2024-08-10,2200.166195,2200.166195,0.0,0.0,0.0,0.0,0.0,0.0,297.657555,0.0,297.657555,335.721039,0.0,335.721039,12.945498,0.0,12.945498
fuel_minimizing,1000,2024-08-11,2200.166195,2200.166195,0.0,0.0,0.0,0.0,0.0,0.0,295.713727,0.0,295.713727,329.335785,0.0,329.335785,12.672421,0.0,12.672421
fuel_minimizing,1000,2024-08-12,2200.166195,2200.166195,0.0,0.0,0.0,0.0,0.0,0.0,295.234096,0.0,295.234096,324.209945,0.0,324.209945,12.612852,0.0,12.612852
fuel_minimizing,1000,2024-08-13,2200.166195,2200.166195,0.0,0.0,0.0,0.0,0.0,0.0,293.975784,0.0,293.975784,316.633788,0.0,316.633788,13.017454,0.0,13.017454
fuel_minimizing,1000,2024-08-14,2200.166195,2200.166195,0.0,0.0,0.0,0.0,0.0,0.0,293.235059,0.0,293.235059,308.113801,0.0,308.113801,13.180828,0.0,13.180828
fuel_minimizing,1000,2024-08-15,2200.166195,2200.166195,0.0,0.0,0.0,0.0,0.0,0.0,293.876867,0.0,293.876867,302.311609,0.0,302.311609,12.988554,0.0,12.988554
fuel_minimizing,1000,2024-08-16,2200.166195,2200.166195,0.0,0.0,0.0,0.0,0.0,0.0,295.913861,0.0,295.913861,299.606932,0.0,299.606932,12.772097,0.0,12.772097
fuel_minimizing,1000,2024-08-17,2200.166195,2200.166195,0.0,0.0,0.0,0.0,0.0,0.0,294.412858,0.0,294.412858,301.68336,0.0,301.68336,13.077023,0.0,13.077023
fuel_minimizing,1000,2024-08-18,2200.166195,2200.166195,0.0,0.0,0.0,0.0,0.0,0.0,293.432893,0.0,293.432893,306.275699,0.0,306.275699,12.849361,0.0,12.849361
fuel_minimizing,1000,2024-08-19,2200.166195,2200.166195,0.0,0.0,0.0,0.0,0.0,0.0,291.470662,0.0,291.470662,308.537978,0.0,308.537978,12.61639,0.0,12.61639
fuel_minimizing,1000,2024-08-20,2200.166195,2200.166195,0.0,0.0,0.0,0.0,0.0,0.0,290.013366,0.0,290.013366,303.49158,0.0,303.49158,12.671242,0.0,12.671242
fuel_minimizing,1000,2024-08-21,2200.166195,2200.166195,0.0,0.0,0.0,0.0,0.0,0.0,288.859721,0.0,288.859721,296.340329,0.0,296.340329,12.658856,0.0,12.658856
fuel_minimizing,1000,2024-08-22,2200.166195,2200.166195,0.0,0.0,0.0,0.0,0.0,0.0,288.121297,0.0,288.121297,291.58692,0.0,291.58692,12.665934,0.0,12.665934
fuel_minimizing,1000,2024-08-23,2200.166195,2200.166195,0.0,0.0,0.0,0.0,0.0,0.0,289.616549,0.0,289.616549,297.997682,0.0,297.997682,13.454495,0.0,13.454495
fuel_minimizing,1000,2024-08-24,2200.166195,2200.166195,0.0,0.0,0.0,0.0,0.0,0.0,296.707495,0.0,296.707495,311.205485,0.0,311.205485,14.372812,0.0,14.372812
fuel_minimizing,1000,2024-08-25,2200.166195,2200.166195,0.0,0.0,0.0,0.0,0.0,0.0,298.445438,0.0,298.445438,321.803358,0.0,321.803358,15.495789,0.0,15.495789
fuel_minimizing,1000,2024-08-26,2200.166195,2200.166195,0.0,0.0,0.0,0.0,0.0,0.0,300.567546,0.0,300.567546,333.389521,0.0,333.389521,19.230396,0.0,19.230396
fuel_minimizing,1000,2024-08-27,2200.166195,2200.166195,0.0,0.0,0.0,0.0,0.0,0.0,301.452045,0.0,301.452045,343.258567,0.0,343.258567,17.971765,0.0,17.971765
fuel_minimizing,1000,2024-08-28,2200.166195,2200.166195,0.0,0.0,0.0,0.0,0.0,0.0,303.062317,0.0,303.062317,353.037239,0.0,353.037239,16.394643,0.0,16.394643
fuel_minimizing,1000,2024-08-29,2200.166195,2200.166195,0.0,0.0,0.0,0.0,0.0,0.0,306.478393,0.0,306.478393,362.696384,0.0,362.696384,15.475146,0.0,15.475146
fuel_minimizing,1000,2024-08-30,2200.166195,2200.166195,0.0,0.0,0.0,0.0,0.0,0.0,312.798709,0.0,312.798709,374.774505,0.0,374.774505,14.592217,0.0,14.592217
fuel_minimizing,1000,2024-08-31,2200.166195,2200.166195,0.0,0.0,0.0,0.0,0.0,0.0,320.877672,0.0,320.877672,385.043677,0.0,385.043677,11.746437,0.0,11.746437
fuel_minimizing,1000,2024-09-01,2744.945823,2744.945823,0.0,0.0,0.0,0.0,0.0,0.0,338.346818,0.0,338.346818,398.161834,0.0,398.161834,12.388138,0.0,12.388138
fuel_minimizing,1000,2024-09-02,2744.945823,2744.945823,0.0,0.0,0.0,0.0,0.0,0.0,358.627039,0.0,358.627039,415.040739,0.0,415.040739,16.143978,0.0,16.143978
fuel_minimizing,1000,2024-09-03,2744.945823,2744.945823,0.0,0.0,0.0,0.0,0.0,0.0,380.527883,0.0,380.527883,432.435653,0.0,432.435653,22.177032,0.0,22.177032
fuel_minimizing,1000,2024-09-04,2744.945823,2744.945823,0.0,0.0,0.0,0.0,0.0,0.0,403.439747,0.0,403.439747,452.526498,0.0,452.526498,26.29265,0.0,26.29265
fuel_minimizing,1000,2024-09-05,2744.945823,2744.945823,0.0,0.0,0.0,0.0,0.0,0.0,413.031215,0.0,413.031215,470.575898,0.0,470.575898,24.240149,0.0,24.240149
fuel_minimizing,1000,2024-09-06,2744.945823,2744.945823,0.0,0.0,0.0,0.0,0.0,0.0,418.879951,0.0,418.879951,485.185236,0.0,485.185236,19.800732,0.0,19.800732
fuel_minimizing,1000,2024-09-07,2744.945823,2744.945823,0.0,0.0,0.0,0.0,0.0,0.0,428.06425,0.0,428.06425,496.847925,0.0,496.847925,16.28671,0.0,16.28671
fuel_minimizing,1000,2024-09-08,2744.945823,2744.945823,0.0,0.0,0.0,0.0,0.0,0.0,440.842906,0.0,440.842906,508.981437,0.0,508.981437,18.090315,0.0,18.090315
fuel_minimizing,1000,2024-09-09,2744.945823,2744.945823,0.0,0.0,0.0,0.0,0.0,0.0,451.248711,0.0,451.248711,522.888185,0.0,522.888185,15.797766,0.0,15.797766
fuel_minimizing,1000,2024-09-10,2744.945823,2744.945823,0.0,0.0,0.0,0.0,0.0,0.0,457.7059,0.0,457.7059,537.880157,0.0,537.880157,15.797766,0.0,15.797766
fuel_minimizing,1000,2024-09-11,2744.945823,2744.945823,0.0,0.0,0.0,0.0,0.0,0.0,462.735698,0.0,462.735698,551.265064,0.0,551.265064,15.509944,0.0,15.509944
fuel_minimizing,1000,2024-09-12,2744.945823,2744.945823,0.0,0.0,0.0,0.0,0.0,0.0,464.987778,0.0,464.987778,563.040722,0.0,563.040722,14.811032,0.0,14.811032
fuel_minimizing,1000,2024-09-13,2744.945823,2744.945823,0.0,0.0,0.0,0.0,0.0,0.0,467.333024,0.0,467.333024,576.82357,0.0,576.82357,15.387266,0.0,15.387266
fuel_minimizing,1000,2024-09-14,2744.945823,2744.945823,0.0,0.0,0.0,0.0,0.0,0.0,470.474204,0.0,470.474204,592.208379,0.0,592.208379,15.72935,0.0,15.72935
fuel_minimizing,1000,2024-09-15,2744.945823,2744.945823,0.0,0.0,0.0,0.0,0.0,0.0,472.52845,0.0,472.52845,604.618845,0.0,604.618845,14.99446,0.0,14.99446
fuel_minimizing,1000,2024-09-16,2744.945823,2744.945823,0.0,0.0,0.0,0.0,0.0,0.0,473.725802,0.0,473.725802,616.385757,0.0,616.385757,13.939899,0.0,13.939899
fuel_minimizing,1000,2024-09-17,2744.945823,2744.945823,0.0,0.0,0.0,0.0,0.0,0.0,474.373361,0.0,474.373361,623.362089,0.0,623.362089,12.964372,0.0,12.964372
fuel_minimizing,1000,2024-09-18,2744.945823,2744.945823,0.0,0.0,0.0,0.0,0.0,0.0,471.608295,0.0,471.608295,628.644627,0.0,628.644627,12.550333,0.0,12.550333
fuel_minimizing,1000,2024-09-19,2744.945823,2744.945823,0.0,0.0,0.0,0.0,0.0,0.0,470.447749,0.0,470.447749,637.954663,0.0,637.954663,12.661805,0.0,12.661805
fuel_minimizing,1000,2024-09-20,2744.945823,2744.945823,0.0,0.0,0.0,0.0,0.0,0.0,469.2688,0.0,469.2688,647.543111,0.0,647.543111,13.471599,0.0,13.471599
fuel_minimizing,1000,2024-09-21,2744.945823,2744.945823,0.0,0.0,0.0,0.0,0.0,0.0,469.97962,0.0,469.97962,656.122863,0.0,656.122863,14.653556,0.0,14.653556
fuel_minimizing,1000,2024-09-22,2744.945823,2744.945823,0.0,0.0,0.0,0.0,0.0,0.0,475.300418,0.0,475.300418,663.710681,0.0,663.710681,13.854968,0.0,13.854968
fuel_minimizing,1000,2024-09-23,2744.945823,2744.945823,0.0,0.0,0.0,0.0,0.0,0.0,480.659171,0.0,480.659171,669.542025,0.0,669.542025,14.190564,0.0,14.190564
fuel_minimizing,1000,2024-09-24,2744.945823,2744.945823,0.0,0.0,0.0,0.0,0.0,0.0,483.564561,0.0,483.564561,677.404611,0.0,677.404611,13.73347,0.0,13.73347
fuel_minimizing,1000,2024-09-25,2744.945823,2744.945823,0.0,0.0,0.0,0.0,0.0,0.0,484.462863,0.0,484.462863,684.396248,0.0,684.396248,12.515535,0.0,12.515535
fuel_minimizing,1000,2024-09-26,2744.945823,2744.945823,0.0,0.0,0.0,0.0,0.0,0.0,484.628491,0.0,484.628491,692.449058,0.0,692.449058,11.639683,0.0,11.639683
fuel_minimizing,1000,2024-09-27,2744.945823,2744.945823,0.0,0.0,0.0,0.0,0.0,0.0,488.543751,0.0,488.543751,703.720368,0.0,703.720368,15.385497,0.0,15.385497
fuel_minimizing,1000,2024-09-28,2744.945823,2744.945823,0.0,0.0,0.0,0.0,0.0,0.0,490.96491,0.0,490.96491,714.89693,0.0,714.89693,15.240996,0.0,15.240996
fuel_minimizing,1000,2024-09-29,2744.945823,2744.945823,0.0,0.0,0.0,0.0,0.0,0.0,492.501569,0.0,492.501569,726.424057,0.0,726.424057,14.145739,0.0,14.145739
fuel_minimizing,1000,2024-09-30,2744.945823,2744.945823,0.0,0.0,0.0,0.0,0.0,0.0,269.857366,0.0,269.857366,737.381242,0.0,737.381242,12.819281,0.0,12.819281
fuel_minimizing,1000,2024-10-01,3167.266207,3167.266207,0.0,0.0,0.0,0.0,0.0,0.0,265.507332,0.0,265.507332,745.75838,0.0,745.75838,11.7659,0.0,11.7659
fuel_minimizing,1000,2024-10-02,3167.266207,3167.266207,0.0,0.0,0.0,0.0,0.0,0.0,260.587953,0.0,260.587953,755.429186,0.0,755.429186,11.727563,0.0,11.727563
fuel_minimizing,1000,2024-10-03,3167.266207,3167.266207,0.0,0.0,0.0,0.0,0.0,0.0,264.673442,0.0,264.673442,771.687858,0.0,771.687858,14.514364,0.0,14.514364
fuel_minimizing,1000,2024-10-04,3167.266207,3167.266207,0.0,0.0,0.0,0.0,0.0,0.0,270.598091,0.0,270.598091,786.951682,0.0,786.951682,15.338903,0.0,15.338903
fuel_minimizing,1000,2024-10-05,3167.266207,3167.266207,0.0,0.0,0.0,0.0,0.0,0.0,274.818153,0.0,274.818153,800.527543,0.0,800.527543,18.754429,0.0,18.754429
fuel_minimizing,1000,2024-10-06,3167.266207,3167.266207,0.0,0.0,0.0,0.0,0.0,0.0,277.94323,0.0,277.94323,813.947434,0.0,813.947434,23.935813,0.0,23.935813
fuel_minimizing,1000,2024-10-07,3167.266207,3167.266207,0.0,0.0,0.0,0.0,0.0,0.0,282.785547,0.0,282.785547,823.987026,0.0,823.987026,26.560418,0.0,26.560418
fuel_minimizing,1000,2024-10-08,3167.266207,3167.266207,0.0,0.0,0.0,0.0,0.0,0.0,291.592582,0.0,291.592582,832.644762,0.0,832.644762,27.195042,0.0,27.195042
fuel_minimizing,1000,2024-10-09,3167.266207,3167.266207,0.0,0.0,0.0,0.0,0.0,0.0,303.02091,0.0,303.02091,841.560503,0.0,841.560503,27.623826,0.0,27.623826
fuel_minimizing,1000,2024-10-10,3167.266207,3167.266207,0.0,0.0,0.0,0.0,0.0,0.0,309.242309,0.0,309.242309,849.483581,0.0,849.483581,25.29353,0.0,25.29353
fuel_minimizing,1000,2024-10-11,3167.266207,3167.266207,0.0,0.0,0.0,0.0,0.0,0.0,312.936732,0.0,312.936732,856.12028,0.0,856.12028,23.214489,0.0,23.214489
fuel_minimizing,1000,2024-10-12,3167.266207,3167.266207,0.0,0.0,0.0,0.0,0.0,0.0,320.150749,0.0,320.150749,860.682737,0.0,860.682737,21.389061,0.0,21.389061
fuel_minimizing,1000,2024-10-13,3167.266207,3167.266207,0.0,0.0,0.0,0.0,0.0,0.0,327.089869,0.0,327.089869,865.431773,0.0,865.431773,21.857361,0.0,21.857361
fuel_minimizing,1000,2024-10-14,3167.266207,3167.266207,0.0,0.0,0.0,0.0,0.0,0.0,333.330822,0.0,333.330822,869.476034,0.0,869.476034,19.479292,0.0,19.479292
fuel_minimizing,1000,2024-10-15,3167.266207,3167.266207,0.0,0.0,0.0,0.0,0.0,0.0,335.022757,0.0,335.022757,871.22449,0.0,871.22449,16.366922,0.0,16.366922
fuel_minimizing,1000,2024-10-16,3167.266207,3167.266207,0.0,0.0,0.0,0.0,0.0,0.0,335.282701,0.0,335.282701,870.90818,0.0,870.90818,15.004487,0.0,15.004487
fuel_minimizing,1000,2024-10-17,3167.266207,3167.266207,0.0,0.0,0.0,0.0,0.0,0.0,334.847928,0.0,334.847928,865.500283,0.0,865.500283,13.669182,0.0,13.669182
fuel_minimizing,1000,2024-10-18,3167.266207,3167.266207,0.0,0.0,0.0,0.0,0.0,0.0,333.25951,0.0,333.25951,860.751246,0.0,860.751246,12.982066,0.0,12.982066
fuel_minimizing,1000,2024-10-19,3167.266207,3167.266207,0.0,0.0,0.0,0.0,0.0,0.0,327.241695,0.0,327.241695,862.140391,0.0,862.140391,13.109462,0.0,13.109462
fuel_minimizing,1000,2024-10-20,3167.266207,3167.266207,0.0,0.0,0.0,0.0,0.0,0.0,320.472803,0.0,320.472803,867.756003,0.0,867.756003,12.987374,0.0,12.987374
fuel_minimizing,1000,2024-10-21,3167.266207,3167.266207,0.0,0.0,0.0,0.0,0.0,0.0,313.913247,0.0,313.913247,873.453243,0.0,873.453243,12.49902,0.0,12.49902
fuel_minimizing,1000,2024-10-22,3167.266207,3167.266207,0.0,0.0,0.0,0.0,0.0,0.0,307.564176,0.0,307.564176,876.020172,0.0,876.020172,11.566548,0.0,11.566548
fuel_minimizing,1000,2024-10-23,3167.266207,3167.266207,0.0,0.0,0.0,0.0,0.0,0.0,301.830459,0.0,301.830459,880.928093,0.0,880.928093,7.731085,0.0,7.731085
fuel_minimizing,1000,2024-10-24,3167.266207,3167.266207,0.0,0.0,0.0,0.0,0.0,0.0,300.05686,0.0,300.05686,893.832704,0.0,893.832704,7.263375,0.0,7.263375
fuel_minimizing,1000,2024-10-25,3167.266207,3167.266207,0.0,0.0,0.0,0.0,0.0,0.0,317.689334,0.0,317.689334,916.167607,0.0,916.167607,24.698423,0.0,24.698423
fuel_minimizing,1000,2024-10-26,3167.266207,3167.266207,0.0,0.0,0.0,0.0,0.0,0.0,351.425674,0.0,351.425674,949.53185,0.0,949.53185,32.490258,0.0,32.490258
fuel_minimizing,1000,2024-10-27,3167.266207,3167.266207,0.0,0.0,0.0,0.0,0.0,0.0,377.37175,0.0,377.37175,974.365901,0.0,974.365901,33.682241,0.0,33.682241
fuel_minimizing,1000,2024-10-28,3167.266207,3167.266207,0.0,0.0,0.0,0.0,0.0,0.0,394.348614,0.0,394.348614,990.859256,0.0,990.859256,31.248141,0.0,31.248141
fuel_minimizing,1000,2024-10-29,3167.266207,3167.266207,0.0,0.0,0.0,0.0,0.0,0.0,408.61447,0.0,408.61447,1004.899379,0.0,1004.899379,27.893954,0.0,27.893954
fuel_minimizing,1000,2024-10-30,3167.266207,3167.266207,0.0,0.0,0.0,0.0,0.0,0.0,417.423806,0.0,417.423806,1018.616632,0.0,1018.616632,25.627356,0.0,25.627356
fuel_minimizing,1000,2024-10-31,3167.266207,3167.266207,0.0,0.0,0.0,0.0,0.0,0.0,422.988444,0.0,422.988444,1033.430041,0.0,1033.430041,22.658308,0.0,22.658308
fuel_minimizing,1000,2024-11-01,3686.624608,3686.624608,0.0,0.0,0.0,0.0,0.0,0.0,425.990451,0.0,425.990451,1048.510201,0.0,1048.510201,23.830829,0.0,23.830829
fuel_minimizing,1000,2024-11-02,3686.624608,3686.624608,0.0,0.0,0.0,0.0,0.0,0.0,430.07709,0.0,430.07709,1062.790837,0.0,1062.790837,26.062628,0.0,26.062628
fuel_minimizing,1000,2024-11-03,3686.624608,3092.313,594.311608,0.0,0.0,0.0,0.0,0.594312,430.425599,0.240678,430.666277,1078.244156,0.323128,1078.567284,26.664813,0.030505,26.695318
fuel_minimizing,1000,2024-11-04,3686.624608,3686.624608,0.0,46.176392,0.0,0.0,0.0,0.548135,428.642798,0.221978,428.864776,1092.540826,0.298022,1092.838848,24.539177,0.028135,24.567312
fuel_minimizing,1000,2024-11-05,3686.624608,3686.624608,0.0,548.135215,0.0,0.0,0.0,0.0,426.585101,0.0,426.585101,1106.357928,0.0,1106.357928,21.295872,0.0,21.295872
fuel_minimizing,1000,2024-11-06,3686.624608,3686.624608,0.0,0.0,0.0,0.0,0.0,0.0,425.555677,0.0,425.555677,1119.599986,0.0,1119.599986,18.995656,0.0,18.995656
fuel_minimizing,1000,2024-11-07,3686.624608,3686.624608,0.0,0.0,0.0,0.0,0.0,0.0,425.499318,0.0,425.499318,1131.664988,0.0,1131.664988,15.491071,0.0,15.491071
fuel_minimizing,1000,2024-11-08,3686.624608,2768.567,918.057608,0.0,0.0,0.0,0.0,0.918058,426.535643,0.387838,426.923481,1147.74437,0.473195,1148.217565,13.795988,0.057025,13.853013
fuel_minimizing,1000,2024-11-09,3686.624608,2243.053,1443.571608,0.0,0.0,0.0,0.0,2.361629,452.280435,1.007827,453.288262,1182.072121,1.226536,1183.298657,37.281785,0.127266,37.409051
fuel_minimizing,1000,2024-11-10,3686.624608,2166.441,1520.183608,0.0,0.0,0.0,0.0,3.881813,502.609474,1.662241,504.271715,1233.808635,2.033271,1235.841906,55.286579,0.186301,55.47288
fuel_minimizing,1000,2024-11-11,3686.624608,3686.624608,0.0,595.016392,0.0,0.0,0.0,3.286796,522.675758,1.407448,524.083206,1278.038959,1.721605,1279.760564,54.161242,0.157744,54.318986
fuel_minimizing,1000,2024-11-12,3686.624608,3686.624608,0.0,2046.904392,0.0,0.0,0.0,1.239892,531.256205,0.530937,531.787142,1308.837001,0.649448,1309.486449,49.471161,0.059506,49.530667
fuel_minimizing,1000,2024-11-13,3686.624608,3686.624608,0.0,716.477392,0.0,0.0,0.0,0.523415,536.053665,0.224133,536.277798,1330.509401,0.274162,1330.783563,44.365271,0.02512,44.390391
fuel_minimizing,1000,2024-11-14,3686.624608,3686.624608,0.0,523.414646,0.0,0.0,0.0,0.0,539.061422,0.0,539.061422,1349.268679,0.0,1349.268679,39.558409,0.0,39.558409
fuel_minimizing,1000,2024-11-15,3686.624608,3325.097,361.527608,0.0,0.0,0.0,0.0,0.361528,550.027372,0.163589,550.190961,1369.768396,0.175602,1369.943998,37.058841,0.022336,37.081177
fuel_minimizing,1000,2024-11-16,3686.624608,2240.284,1446.340608,0.0,0.0,0.0,0.0,1.807868,564.134501,0.818579,564.95308,1390.279046,0.871243,1391.150289,34.459007,0.118046,34.577053
fuel_minimizing,1000,2024-11-17,3686.624608,2237.171,1449.453608,0.0,0.0,0.0,0.0,3.257322,571.705078,1.47954,573.184618,1410.821763,1.555417,1412.37718,30.132831,0.222365,30.355196
fuel_minimizing,1000,2024-11-18,3686.624608,2576.192,1110.432608,0.0,0.0,0.0,0.0,4.367754,574.794499,1.991332,576.785831,1430.474584,2.066889,1432.541473,24.870644,0.309534,25.180178
fuel_minimizing,1000,2024-11-19,3686.624608,2680.226,1006.398608,0.0,0.0,0.0,0.0,5.374153,576.668165,2.459311,579.127476,1446.027023,2.520594,1448.547617,20.290855,0.394248,20.685103
fuel_minimizing,1000,2024-11-20,3686.624608,2725.872,960.752608,0.0,0.0,0.0,0.0,6.334906,577.41004,2.908812,580.318852,1457.076769,2.946217,1460.022986,16.096794,0.479877,16.576671
fuel_minimizing,1000,2024-11-21,3686.624608,2471.993,1214.631608,0.0,0.0,0.0,0.0,7.549537,575.729607,3.481367,579.210974,1464.577128,3.476991,1468.054119,13.991212,0.591179,14.582391
fuel_minimizing,1000,2024-11-22,3686.624608,2539.781,1146.843608,0.0,0.0,0.0,0.0,8.696381,573.763925,4.025682,577.789607,1469.872785,3.97315,1473.845935,13.138952,0.697549,13.836501
fuel_minimizing,1000,2024-11-23,3686.624608,1866.447,1820.177608,0.0,0.0,0.0,0.0,10.516558,571.094325,4.893373,575.987698,1471.368338,4.756687,1476.125025,12.944319,0.866498,13.810817
fuel_minimizing,1000,2024-11-24,3686.624608,3045.187,641.437608,0.0,0.0,0.0,0.0,11.157996,567.617288,5.200424,572.817712,1471.483492,5.031805,1476.515297,13.048713,0.925767,13.97448
fuel_minimizing,1000,2024-11-25,3686.624608,3618.655,67.969608,0.0,0.0,0.0,0.0,11.225966,563.567455,5.233252,568.800707,1476.13268,5.060638,1481.193318,12.659446,0.932076,13.591522
fuel_minimizing,1000,2024-11-26,3686.624608,3082.769,603.855608,0.0,0.0,0.0,0.0,11.829821,559.538326,5.527031,565.065357,1478.974376,5.314693,1484.289069,12.592209,0.988097,13.580306
fuel_minimizing,1000,2024-11-27,3686.624608,3686.624608,0.0,1183.942392,0.0,0.0,0.0,10.645879,556.815817,4.973879,561.789696,1476.824337,4.782792,1481.607129,12.512586,0.889207,13.401793
fuel_minimizing,1000,2024-11-28,3686.624608,3686.624608,0.0,1965.388392,0.0,0.0,0.0,8.680491,557.300048,4.055627,561.355675,1475.93371,3.899817,1479.833527,12.191145,0.725046,12.916191
fuel_minimizing,1000,2024-11-29,3686.624608,3686.624608,0.0,1499.522392,0.0,0.0,0.0,7.180968,556.48111,3.355033,559.836143,1478.405162,3.226139,1481.631301,12.481326,0.599797,13.081123
fuel_minimizing,1000,2024-11-30,3686.624608,2037.891,1648.733608,0.0,0.0,0.0,0.0,8.829702,555.394177,4.165144,559.559321,1484.27805,3.911997,1488.190047,12.788022,0.752561,13.540583
fuel_minimizing,1000,2024-12-01,3888.080998,1865.197,2022.883998,0.0,0.0,0.0,0.0,10.852586,554.633899,5.170484,559.804383,1494.792109,4.739661,1499.53177,12.50138,0.942441,13.443821
fuel_minimizing,1000,2024-12-02,3888.080998,3888.080998,0.0,840.928002,0.0,0.0,0.0,10.011658,552.592304,4.769841,557.362145,1501.609556,4.372402,1505.981958,12.582772,0.869415,13.452187
fuel_minimizing,1000,2024-12-03,3888.080998,3888.080998,0.0,143.971002,0.0,0.0,0.0,9.867687,550.587516,4.701249,555.288765,1505.338235,4.309525,1509.64776,12.946678,0.856912,13.80359
fuel_minimizing,1000,2024-12-04,3888.080998,3888.080998,0.0,152.655002,0.0,0.0,0.0,9.715032,550.094083,4.62852,554.722603,1513.565963,4.242856,1517.808819,15.719913,0.843656,16.563569
fuel_minimizing,1000,2024-12-05,3888.080998,3492.548,395.532998,0.0,0.0,0.0,0.0,10.110565,554.068003,4.833773,558.901776,1528.627173,4.397123,1533.024296,18.801023,0.879669,19.680692
fuel_minimizing,1000,2024-12-06,3888.080998,3888.080998,0.0,350.583002,0.0,0.0,0.0,9.759982,558.920672,4.666162,563.586834,1549.076601,4.244653,1553.321254,17.339501,0.849166,18.188667
fuel_minimizing,1000,2024-12-07,3888.080998,2493.363,1394.717998,0.0,0.0,0.0,0.0,11.1547,560.80584,5.413548,566.219388,1568.980138,4.750442,1573.73058,13.423825,0.990709,14.414534
fuel_minimizing,1000,2024-12-08,3888.080998,2323.79,1564.290998,0.0,0.0,0.0,0.0,12.718991,561.881271,6.267776,568.149047,1587.814485,5.295577,1593.110062,11.895656,1.155638,13.051294
fuel_minimizing,1000,2024-12-09,3888.080998,3269.917,618.163998,0.0,0.0,0.0,0.0,13.337155,565.85059,6.611593,572.462183,1603.957274,5.504913,1609.462187,14.514364,1.220649,15.735013
fuel_minimizing,1000,2024-12-10,3888.080998,3089.807,798.273998,0.0,0.0,0.0,0.0,14.135429,571.079372,7.059108,578.13848,1614.266532,5.770437,1620.036969,14.871782,1.305884,16.177666
fuel_minimizing,1000,2024-12-11,3888.080998,3888.080998,0.0,411.923002,0.0,0.0,0.0,13.723506,571.72003,6.853397,578.573427,1619.60519,5.60228,1625.20747,12.898314,1.267829,14.166143
fuel_minimizing,1000,2024-12-12,3888.080998,3888.080998,0.0,3183.081002,0.0,0.0,0.0,10.540425,569.488654,5.263795,574.752449,1620.308508,4.302866,1624.611374,11.616681,0.973764,12.590445
fuel_minimizing,1000,2024-12-13,3888.080998,3182.089,705.991998,0.0,0.0,0.0,0.0,11.246417,565.511283,5.66406,571.175343,1621.303357,4.531815,1625.835172,13.170801,1.050541,14.221342
fuel_minimizing,1000,2024-12-14,3888.080998,1892.331,1995.749998,0.0,0.0,0.0,0.0,13.242167,563.766439,6.81889,570.585329,1634.146746,5.158153,1639.304899,15.64029,1.265123,16.905413
fuel_minimizing,1000,2024-12-15,3888.080998,1939.625,1948.455998,0.0,0.0,0.0,0.0,15.190623,570.515777,7.982928,578.498705,1655.063352,5.745746,1660.809098,24.574565,1.461949,26.036514
fuel_minimizing,1000,2024-12-16,3888.080998,3888.080998,0.0,228.038002,0.0,0.0,0.0,14.962585,576.920057,7.86309,584.783147,1676.611123,5.659492,1682.270615,23.823751,1.440002,25.263753
fuel_minimizing,1000,2024-12-17,3888.080998,1931.968,1956.112998,0.0,0.0,0.0,0.0,16.918698,579.197442,9.085997,588.283439,1697.471609,6.17342,1703.645029,21.4504,1.65928,23.10968
fuel_minimizing,1000,2024-12-18,3888.080998,1901.339,1986.741998,0.0,0.0,0.0,0.0,18.90544,578.159967,10.357148,588.517115,1715.512264,6.655353,1722.167617,19.238654,1.892939,21.131593
fuel_minimizing,1000,2024-12-19,3888.080998,1543.331,2344.749998,0.0,0.0,0.0,0.0,21.25019,575.082047,11.881461,586.963508,1727.371737,7.189252,1734.560989,16.795706,2.179476,18.975182
fuel_minimizing,1000,2024-12-20,3888.080998,2628.882,1259.198998,0.0,0.0,0.0,0.0,22.509389,571.603861,12.711578,584.315439,1736.893133,7.460328,1744.353461,15.070544,2.337483,17.408027
fuel_minimizing,1000,2024-12-21,3888.080998,2254.907,1633.173998,0.0,0.0,0.0,0.0,24.142563,569.336828,13.806148,583.142976,1747.243934,7.791053,1755.034987,14.831675,2.545362,17.377037
fuel_minimizing,1000,2024-12-22,3888.080998,2036.176,1851.904998,0.0,0.0,0.0,0.0,25.994468,566.520003,15.071335,581.591338,1758.588855,8.13951,1766.728365,15.025719,2.783623,17.809342
fuel_minimizing,1000,2024-12-23,3888.080998,2022.988,1865.092998,0.0,0.0,0.0,0.0,27.859561,562.961303,16.353814,579.315117,1761.245429,8.482558,1769.727987,15.05344,3.023188,18.076628
fuel_minimizing,1000,2024-12-24,3888.080998,2014.282,1873.798998,0.0,0.0,0.0,0.0,29.73336,558.602068,17.643944,576.246012,1759.156611,8.830232,1767.986843,16.027788,3.259184,19.286972
fuel_minimizing,1000,2024-12-25,3888.080998,2047.353,1840.727998,0.0,0.0,0.0,0.0,31.574088,554.555685,18.910665,573.46635,1757.070708,9.174313,1766.245021,15.942857,3.48911,19.431967
fuel_minimizing,1000,2024-12-26,3888.080998,2182.42,1705.660998,0.0,0.0,0.0,0.0,33.279749,551.432909,20.095611,571.52852,1762.068275,9.481323,1771.549598,15.918675,3.702814,19.621489
fuel_minimizing,1000,2024-12-27,3888.080998,2067.668,1820.412998,0.0,0.0,0.0,0.0,35.100162,551.67675,21.370919,573.047669,1768.801179,9.793445,1778.594624,14.875321,3.935798,18.811119
fuel_minimizing,1000,2024-12-28,3888.080998,2547.943,1340.137998,0.0,0.0,0.0,0.0,36.4403,552.837296,22.313593,575.150889,1771.943881,10.018329,1781.96221,14.908939,4.108377,19.017316
fuel_minimizing,1000,2024-12-29,3888.080998,2769.536,1118.544998,0.0,0.0,0.0,0.0,37.558845,549.658159,23.105009,572.763168,1775.027548,10.200585,1785.228133,14.335654,4.253251,18.588905
fuel_minimizing,1000,2024-12-30,3888.080998,2538.884,1349.196998,0.0,0.0,0.0,0.0,38.908042,547.299111,24.066485,571.365596,1778.286862,10.414161,1788.701023,14.804545,4.427396,19.231941
fuel_minimizing,1000,2024-12-31,3888.080998,3510.916,377.164998,0.0,0.0,0.0,0.0,39.285207,547.144985,24.336832,571.481817,1781.938285,10.472072,1792.410357,14.880039,4.476302,19.356341
fuel_minimizing,1500,2024-01-01,5121.147181,5121.147181,0.0,0.0,0.0,0.0,0.0,0.0,156.869209,0.0,156.869209,1173.727052,0.0,1173.727052,13.077023,0.0,13.077023
fuel_minimizing,1500,2024-01-02,5121.147181,5121.147181,0.0,0.0,0.0,0.0,0.0,0.0,165.885579,0.0,165.885579,1180.355005,0.0,1180.355005,13.108283,0.0,13.108283
fuel_minimizing,1500,2024-01-03,5121.147181,5121.147181,0.0,0.0,0.0,0.0,0.0,0.0,169.62371,0.0,169.62371,1181.145053,0.0,1181.145053,13.347151,0.0,13.347151
fuel_minimizing,1500,2024-01-04,5121.147181,5121.147181,0.0,0.0,0.0,0.0,0.0,0.0,168.623041,0.0,168.623041,1181.771845,0.0,1181.771845,13.077023,0.0,13.077023
fuel_minimizing,1500,2024-01-05,5121.147181,5121.147181,0.0,0.0,0.0,0.0,0.0,0.0,167.150793,0.0,167.150793,1184.511505,0.0,1184.511505,12.82223,0.0,12.82223
fuel_minimizing,1500,2024-01-06,5121.147181,5121.147181,0.0,0.0,0.0,0.0,0.0,0.0,166.277796,0.0,166.277796,1185.1485,0.0,1185.1485,13.404952,0.0,13.404952
fuel_minimizing,1500,2024-01-07,5121.147181,5121.147181,0.0,0.0,0.0,0.0,0.0,0.0,165.897081,0.0,165.897081,1187.195046,0.0,1187.195046,13.388437,0.0,13.388437
fuel_minimizing,1500,2024-01-08,5121.147181,5121.147181,0.0,0.0,0.0,0.0,0.0,0.0,164.069423,0.0,164.069423,1185.781851,0.0,1185.781851,13.592508,0.0,13.592508
fuel_minimizing,1500,2024-01-09,5121.147181,5121.147181,0.0,0.0,0.0,0.0,0.0,0.0,163.40116,0.0,163.40116,1184.802307,0.0,1184.802307,13.065227,0.0,13.065227
fuel_minimizing,1500,2024-01-10,5121.147181,5121.147181,0.0,0.0,0.0,0.0,0.0,0.0,160.648746,0.0,160.648746,1179.176492,0.0,1179.176492,13.515834,0.0,13.515834
fuel_minimizing,1500,2024-01-11,5121.147181,5121.147181,0.0,0.0,0.0,0.0,0.0,0.0,160.154163,0.0,160.154163,1178.446936,0.0,1178.446936,13.215036,0.0,13.215036
fuel_minimizing,1500,2024-01-12,5121.147181,5121.147181,0.0,0.0,0.0,0.0,0.0,0.0,157.198164,0.0,157.198164,1174.822479,0.0,1174.822479,13.20383,0.0,13.20383
fuel_minimizing,1500,2024-01-13,5121.147181,5121.147181,0.0,0.0,0.0,0.0,0.0,0.0,153.305908,0.0,153.305908,1171.180531,0.0,1171.180531,13.123028,0.0,13.123028
fuel_minimizing,1500,2024-01-14,5121.147181,5121.147181,0.0,0.0,0.0,0.0,0.0,0.0,150.408569,0.0,150.408569,1176.181741,0.0,1176.181741,12.834616,0.0,12.834616
fuel_minimizing,1500,2024-01-15,5121.147181,5121.147181,0.0,0.0,0.0,0.0,0.0,0.0,148.343971,0.0,148.343971,1180.658197,0.0,1180.658197,13.576583,0.0,13.576583
fuel_minimizing,1500,2024-01-16,5121.147181,5121.147181,0.0,0.0,0.0,0.0,0.0,0.0,147.650404,0.0,147.650404,1176.881415,0.0,1176.881415,13.023352,0.0,13.023352
fuel_minimizing,1500,2024-01-17,5121.147181,5121.147181,0.0,0.0,0.0,0.0,0.0,0.0,145.240747,0.0,145.240747,1171.10619,0.0,1171.10619,12.434732,0.0,12.434732
fuel_minimizing,1500,2024-01-18,5121.147181,5121.147181,0.0,0.0,0.0,0.0,0.0,0.0,142.212287,0.0,142.212287,1165.314202,0.0,1165.314202,10.701903,0.0,10.701903
fuel_minimizing,1500,2024-01-19,5121.147181,5121.147181,0.0,0.0,0.0,0.0,0.0,0.0,147.561839,0.0,147.561839,1169.327123,0.0,1169.327123,10.723725,0.0,10.723725
fuel_minimizing,1500,2024-01-20,5121.147181,5121.147181,0.0,0.0,0.0,0.0,0.0,0.0,192.373397,0.0,192.373397,1215.454584,0.0,1215.454584,27.633853,0.0,27.633853
fuel_minimizing,1500,2024-01-21,5121.147181,5121.147181,0.0,0.0,0.0,0.0,0.0,0.0,224.966444,0.0,224.966444,1273.137597,0.0,1273.137597,31.907536,0.0,31.907536
fuel_minimizing,1500,2024-01-22,5121.147181,5121.147181,0.0,0.0,0.0,0.0,0.0,0.0,237.908427,0.0,237.908427,1300.21352,0.0,1300.21352,27.782482,0.0,27.782482
fuel_minimizing,1500,2024-01-23,5121.147181,5121.147181,0.0,0.0,0.0,0.0,0.0,0.0,256.091844,0.0,256.091844,1319.627285,0.0,1319.627285,26.287931,0.0,26.287931
fuel_minimizing,1500,2024-01-24,5121.147181,5121.147181,0.0,0.0,0.0,0.0,0.0,0.0,271.925415,0.0,271.925415,1342.787949,0.0,1342.787949,24.622929,0.0,24.622929
fuel_minimizing,1500,2024-01-25,5121.147181,5121.147181,0.0,0.0,0.0,0.0,0.0,0.0,277.05528,0.0,277.05528,1354.315077,0.0,1354.315077,20.529134,0.0,20.529134
fuel_minimizing,1500,2024-01-26,5121.147181,5121.147181,0.0,0.0,0.0,0.0,0.0,0.0,279.576505,0.0,279.576505,1359.29661,0.0,1359.29661,14.589268,0.0,14.589268
fuel_minimizing,1500,2024-01-27,5121.147181,5121.147181,0.0,0.0,0.0,0.0,0.0,0.0,295.399724,0.0,295.399724,1370.925045,0.0,1370.925045,16.25722,0.0,16.25722
fuel_minimizing,1500,2024-01-28,5121.147181,5121.147181,0.0,0.0,0.0,0.0,0.0,0.0,317.933175,0.0,317.933175,1402.432236,0.0,1402.432236,17.647376,0.0,17.647376
fuel_minimizing,1500,2024-01-29,5121.147181,5121.147181,0.0,0.0,0.0,0.0,0.0,0.0,328.736947,0.0,328.736947,1426.209488,0.0,1426.209488,14.792749,0.0,14.792749
fuel_minimizing,1500,2024-01-30,5121.147181,5121.147181,0.0,0.0,0.0,0.0,0.0,0.0,336.543314,0.0,336.543314,1435.444455,0.0,1435.444455,14.34863,0.0,14.34863
fuel_minimizing,1500,2024-01-31,5121.147181,5121.147181,0.0,0.0,0.0,0.0,0.0,0.0,338.372122,0.0,338.372122,1437.456746,0.0,1437.456746,14.405841,0.0,14.405841
fuel_minimizing,1500,2024-02-01,5142.46821,5142.46821,0.0,0.0,0.0,0.0,0.0,0.0,337.903993,0.0,337.903993,1436.749055,0.0,1436.749055,13.580122,0.0,13.580122
fuel_minimizing,1500,2024-02-02,5142.46821,5142.46821,0.0,0.0,0.0,0.0,0.0,0.0,339.219815,0.0,339.219815,1433.003613,0.0,1433.003613,12.460683,0.0,12.460683
fuel_minimizing,1500,2024-02-03,5142.46821,5142.46821,0.0,0.0,0.0,0.0,0.0,0.0,341.576563,0.0,341.576563,1431.976696,0.0,1431.976696,12.304387,0.0,12.304387
fuel_minimizing,1500,2024-02-04,5142.46821,5142.46821,0.0,0.0,0.0,0.0,0.0,0.0,344.427894,0.0,344.427894,1434.889089,0.0,1434.889089,12.316183,0.0,12.316183
fuel_minimizing,1500,2024-02-05,5142.46821,5142.46821,0.0,0.0,0.0,0.0,0.0,0.0,345.021394,0.0,345.021394,1436.396303,0.0,1436.396303,12.394036,0.0,12.394036
fuel_minimizing,1500,2024-02-06,5142.46821,5142.46821,0.0,0.0,0.0,0.0,0.0,0.0,342.412754,0.0,342.412754,1432.907408,0.0,1432.907408,12.11919,0.0,12.11919
fuel_minimizing,1500,2024-02-07,5142.46821,5142.46821,0.0,0.0,0.0,0.0,0.0,0.0,338.30196,0.0,338.30196,1430.04822,0.0,1430.04822,12.363367,0.0,12.363367
fuel_minimizing,1500,2024-02-08,5142.46821,5142.46821,0.0,0.0,0.0,0.0,0.0,0.0,333.548209,0.0,333.548209,1424.767868,0.0,1424.767868,12.976168,0.0,12.976168
fuel_minimizing,1500,2024-02-09,5142.46821,5142.46821,0.0,0.0,0.0,0.0,0.0,0.0,329.194724,0.0,329.194724,1422.163769,0.0,1422.163769,12.933702,0.0,12.933702
fuel_minimizing,1500,2024-02-10,5142.46821,5142.46821,0.0,0.0,0.0,0.0,0.0,0.0,324.615802,0.0,324.615802,1418.591059,0.0,1418.591059,12.934292,0.0,12.934292
fuel_minimizing,1500,2024-02-11,5142.46821,5142.46821,0.0,0.0,0.0,0.0,0.0,0.0,324.264993,0.0,324.264993,1415.816415,0.0,1415.816415,12.768559,0.0,12.768559
fuel_minimizing,1500,2024-02-12,5142.46821,5142.46821,0.0,0.0,0.0,0.0,0.0,0.0,320.907577,0.0,320.907577,1407.776724,0.0,1407.776724,12.847592,0.0,12.847592
fuel_minimizing,1500,2024-02-13,5142.46821,5142.46821,0.0,0.0,0.0,0.0,0.0,0.0,315.080694,0.0,315.080694,1397.307124,0.0,1397.307124,12.905982,0.0,12.905982
fuel_minimizing,1500,2024-02-14,5142.46821,5142.46821,0.0,0.0,0.0,0.0,0.0,0.0,308.863895,0.0,308.863895,1389.190907,0.0,1389.190907,13.009197,0.0,13.009197
fuel_minimizing,1500,2024-02-15,5142.46821,5142.46821,0.0,0.0,0.0,0.0,0.0,0.0,303.050815,0.0,303.050815,1384.287359,0.0,1384.287359,12.44122,0.0,12.44122
fuel_minimizing,1500,2024-02-16,5142.46821,5142.46821,0.0,0.0,0.0,0.0,0.0,0.0,297.664456,0.0,297.664456,1381.913569,0.0,1381.913569,13.772986,0.0,13.772986
fuel_minimizing,1500,2024-02-17,5142.46821,5142.46821,0.0,0.0,0.0,0.0,0.0,0.0,298.171692,0.0,298.171692,1385.083238,0.0,1385.083238,13.598406,0.0,13.598406
fuel_minimizing,1500,2024-02-18,5142.46821,5142.46821,0.0,0.0,0.0,0.0,0.0,0.0,297.360805,0.0,297.360805,1395.782418,0.0,1395.782418,13.209728,0.0,13.209728
fuel_minimizing,1500,2024-02-19,5142.46821,5142.46821,0.0,0.0,0.0,0.0,0.0,0.0,294.999457,0.0,294.999457,1405.080793,0.0,1405.080793,12.915419,0.0,12.915419
fuel_minimizing,1500,2024-02-20,5142.46821,5142.46821,0.0,0.0,0.0,0.0,0.0,0.0,290.506799,0.0,290.506799,1402.884109,0.0,1402.884109,13.347741,0.0,13.347741
fuel_minimizing,1500,2024-02-21,5142.46821,5142.46821,0.0,0.0,0.0,0.0,0.0,0.0,287.443832,0.0,287.443832,1397.439042,0.0,1397.439042,13.453315,0.0,13.453315
fuel_minimizing,1500,2024-02-22,5142.46821,5142.46821,0.0,0.0,0.0,0.0,0.0,0.0,284.546494,0.0,284.546494,1385.438177,0.0,1385.438177,13.064638,0.0,13.064638
fuel_minimizing,1500,2024-02-23,5142.46821,5142.46821,0.0,0.0,0.0,0.0,0.0,0.0,280.424198,0.0,280.424198,1373.100593,0.0,1373.100593,13.034558,0.0,13.034558
fuel_minimizing,1500,2024-02-24,5142.46821,5142.46821,0.0,0.0,0.0,0.0,0.0,0.0,278.930096,0.0,278.930096,1362.913049,0.0,1362.913049,13.312353,0.0,13.312353
fuel_minimizing,1500,2024-02-25,5142.46821,5142.46821,0.0,0.0,0.0,0.0,0.0,0.0,281.889546,0.0,281.889546,1354.737797,0.0,1354.737797,15.373111,0.0,15.373111
fuel_minimizing,1500,2024-02-26,5142.46821,5142.46821,0.0,0.0,0.0,0.0,0.0,0.0,284.896153,0.0,284.896153,1356.978211,0.0,1356.978211,14.297907,0.0,14.297907
fuel_minimizing,1500,2024-02-27,5142.46821,5142.46821,0.0,0.0,0.0,0.0,0.0,0.0,280.979742,0.0,280.979742,1357.440288,0.0,1357.440288,15.428552,0.0,15.428552
fuel_minimizing,1500,2024-02-28,5142.46821,5142.46821,0.0,0.0,0.0,0.0,0.0,0.0,276.908055,0.0,276.908055,1354.374112,0.0,1354.374112,16.799835,0.0,16.799835
fuel_minimizing,1500,2024-02-29,5142.46821,5142.46821,0.0,0.0,0.0,0.0,0.0,0.0,273.352806,0.0,273.352806,1351.162172,0.0,1351.162172,17.642068,0.0,17.642068
fuel_minimizing,1500,2024-03-01,4853.814277,4853.814277,0.0,0.0,0.0,0.0,0.0,0.0,270.073603,0.0,270.073603,1344.612932,0.0,1344.612932,18.191171,0.0,18.191171
fuel_minimizing,1500,2024-03-02,4853.814277,4853.814277,0.0,0.0,0.0,0.0,0.0,0.0,267.548927,0.0,267.548927,1344.21062,0.0,1344.21062,18.562744,0.0,18.562744
fuel_minimizing,1500,2024-03-03,4853.814277,4853.814277,0.0,0.0,0.0,0.0,0.0,0.0,263.229948,0.0,263.229948,1350.232917,0.0,1350.232917,18.411755,0.0,18.411755
fuel_minimizing,1500,2024-03-04,4853.814277,4853.814277,0.0,0.0,0.0,0.0,0.0,0.0,261.586321,0.0,261.586321,1355.707866,0.0,1355.707866,18.698398,0.0,18.698398
fuel_minimizing,1500,2024-03-05,4853.814277,4853.814277,0.0,0.0,0.0,0.0,0.0,0.0,260.400471,0.0,260.400471,1354.738526,0.0,1354.738526,19.256937,0.0,19.256937
fuel_minimizing,1500,2024-03-06,4853.814277,4853.814277,0.0,0.0,0.0,0.0,0.0,0.0,260.16008,0.0,260.16008,1351.950763,0.0,1351.950763,17.873859,0.0,17.873859
fuel_minimizing,1500,2024-03-07,4853.814277,4853.814277,0.0,0.0,0.0,0.0,0.0,0.0,258.67518,0.0,258.67518,1348.756314,0.0,1348.756314,17.221541,0.0,17.221541
fuel_minimizing,1500,2024-03-08,4853.814277,4853.814277,0.0,0.0,0.0,0.0,0.0,0.0,257.347856,0.0,257.347856,1341.276362,0.0,1341.276362,16.57748,0.0,16.57748
fuel_minimizing,1500,2024-03-09,4853.814277,4853.814277,0.0,0.0,0.0,0.0,0.0,0.0,252.082268,0.0,252.082268,1342.554725,0.0,1342.554725,15.524689,0.0,15.524689
fuel_minimizing,1500,2024-03-10,4853.814277,4853.814277,0.0,0.0,0.0,0.0,0.0,0.0,244.98212,0.0,244.98212,1346.489662,0.0,1346.489662,14.988562,0.0,14.988562
fuel_minimizing,1500,2024-03-11,4853.814277,4853.814277,0.0,0.0,0.0,0.0,0.0,0.0,239.420932,0.0,239.420932,1346.426254,0.0,1346.426254,14.490772,0.0,14.490772
fuel_minimizing,1500,2024-03-12,4853.814277,4853.814277,0.0,0.0,0.0,0.0,0.0,0.0,234.471648,0.0,234.471648,1337.893876,0.0,1337.893876,14.739667,0.0,14.739667
fuel_minimizing,1500,2024-03-13,4853.814277,4853.814277,0.0,0.0,0.0,0.0,0.0,0.0,229.822564,0.0,229.822564,1330.789271,0.0,1330.789271,14.939609,0.0,14.939609
fuel_minimizing,1500,2024-03-14,4853.814277,4853.814277,0.0,0.0,0.0,0.0,0.0,0.0,225.742825,0.0,225.742825,1325.374815,0.0,1325.374815,14.984433,0.0,14.984433
fuel_minimizing,1500,2024-03-15,4853.814277,4853.814277,0.0,0.0,0.0,0.0,0.0,0.0,222.68446,0.0,222.68446,1322.726257,0.0,1322.726257,14.55447,0.0,14.55447
fuel_minimizing,1500,2024-03-16,4853.814277,4853.814277,0.0,0.0,0.0,0.0,0.0,0.0,221.874723,0.0,221.874723,1319.968376,0.0,1319.968376,14.854088,0.0,14.854088
fuel_minimizing,1500,2024-03-17,4853.814277,4853.814277,0.0,0.0,0.0,0.0,0.0,0.0,219.787121,0.0,219.787121,1319.03402,0.0,1319.03402,13.936361,0.0,13.936361
fuel_minimizing,1500,2024-03-18,4853.814277,4853.814277,0.0,0.0,0.0,0.0,0.0,0.0,218.554113,0.0,218.554113,1311.731902,0.0,1311.731902,13.171981,0.0,13.171981
fuel_minimizing,1500,2024-03-19,4853.814277,4853.814277,0.0,0.0,0.0,0.0,0.0,0.0,215.351973,0.0,215.351973,1302.070571,0.0,1302.070571,12.901853,0.0,12.901853
fuel_minimizing,1500,2024-03-20,4853.814277,4853.814277,0.0,0.0,0.0,0.0,0.0,0.0,212.070469,0.0,212.070469,1291.671668,0.0,1291.671668,12.79451,0.0,12.79451
fuel_minimizing,1500,2024-03-21,4853.814277,4853.814277,0.0,0.0,0.0,0.0,0.0,0.0,207.662926,0.0,207.662926,1282.230443,0.0,1282.230443,12.76384,0.0,12.76384
fuel_minimizing,1500,2024-03-22,4853.814277,4853.814277,0.0,0.0,0.0,0.0,0.0,0.0,201.380566,0.0,201.380566,1273.823423,0.0,1273.823423,12.785073,0.0,12.785073
fuel_minimizing,1500,2024-03-23,4853.814277,4853.814277,0.0,0.0,0.0,0.0,0.0,0.0,198.444121,0.0,198.444121,1261.903458,0.0,1261.903458,12.819871,0.0,12.819871
fuel_minimizing,1500,2024-03-24,4853.814277,4853.814277,0.0,0.0,0.0,0.0,0.0,0.0,193.849096,0.0,193.849096,1255.737581,0.0,1255.737581,12.832847,0.0,12.832847
fuel_minimizing,1500,2024-03-25,4853.814277,4853.814277,0.0,0.0,0.0,0.0,0.0,0.0,192.349243,0.0,192.349243,1250.835491,0.0,1250.835491,12.467171,0.0,12.467171
fuel_minimizing,1500,2024-03-26,4853.814277,4853.814277,0.0,0.0,0.0,0.0,0.0,0.0,189.700346,0.0,189.700346,1248.463159,0.0,1248.463159,13.729931,0.0,13.729931
fuel_minimizing,1500,2024-03-27,4853.814277,4853.814277,0.0,0.0,0.0,0.0,0.0,0.0,191.603917,0.0,191.603917,1248.498143,0.0,1248.498143,12.522023,0.0,12.522023
fuel_minimizing,1500,2024-03-28,4853.814277,4853.814277,0.0,0.0,0.0,0.0,0.0,0.0,192.995652,0.0,192.995652,1244.152147,0.0,1244.152147,12.171682,0.0,12.171682
fuel_minimizing,1500,2024-03-29,4853.814277,4853.814277,0.0,0.0,0.0,0.0,0.0,0.0,193.939961,0.0,193.939961,1240.319246,0.0,1240.319246,11.813084,0.0,11.813084
fuel_minimizing,1500,2024-03-30,4853.814277,4853.814277,0.0,0.0,0.0,0.0,0.0,0.0,195.873437,0.0,195.873437,1235.848621,0.0,1235.848621,11.867935,0.0,11.867935
fuel_minimizing,1500,2024-03-31,4853.814277,4853.814277,0.0,0.0,0.0,0.0,0.0,0.0,417.418055,0.0,417.418055,1228.959749,0.0,1228.959749,12.274897,0.0,12.274897
fuel_minimizing,1500,2024-04-01,3145.671831,3145.671831,0.0,0.0,0.0,0.0,0.0,0.0,415.996415,0.0,415.996415,1221.229081,0.0,1221.229081,12.761481,0.0,12.761481
fuel_minimizing,1500,2024-04-02,3145.671831,3145.671831,0.0,0.0,0.0,0.0,0.0,0.0,412.808077,0.0,412.808077,1212.292933,0.0,1212.292933,13.049303,0.0,13.049303
fuel_minimizing,1500,2024-04-03,3145.671831,3145.671831,0.0,0.0,0.0,0.0,0.0,0.0,410.03956,0.0,410.03956,1198.273217,0.0,1198.273217,12.981476,0.0,12.981476
fuel_minimizing,1500,2024-04-04,3145.671831,3145.671831,0.0,0.0,0.0,0.0,0.0,0.0,407.497631,0.0,407.497631,1189.571022,0.0,1189.571022,13.326508,0.0,13.326508
fuel_minimizing,1500,2024-04-05,3145.671831,3145.671831,0.0,0.0,0.0,0.0,0.0,0.0,405.362871,0.0,405.362871,1180.943168,0.0,1180.943168,13.528809,0.0,13.528809
fuel_minimizing,1500,2024-04-06,3145.671831,3145.671831,0.0,0.0,0.0,0.0,0.0,0.0,404.969505,0.0,404.969505,1173.90853,0.0,1173.90853,12.805716,0.0,12.805716
fuel_minimizing,1500,2024-04-07,3145.671831,3145.671831,0.0,0.0,0.0,0.0,0.0,0.0,406.016182,0.0,406.016182,1173.464674,0.0,1173.464674,10.471291,0.0,10.471291
fuel_minimizing,1500,2024-04-08,3145.671831,3145.671831,0.0,0.0,0.0,0.0,0.0,0.0,404.916596,0.0,404.916596,1170.009306,0.0,1170.009306,5.922172,0.0,5.922172
fuel_minimizing,1500,2024-04-09,3145.671831,3145.671831,0.0,0.0,0.0,0.0,0.0,0.0,404.931549,0.0,404.931549,1162.619,0.0,1162.619,3.480404,0.0,3.480404
fuel_minimizing,1500,2024-04-10,3145.671831,3145.671831,0.0,0.0,0.0,0.0,0.0,0.0,413.191092,0.0,413.191092,1165.710684,0.0,1165.710684,8.112095,0.0,8.112095
fuel_minimizing,1500,2024-04-11,3145.671831,3145.671831,0.0,0.0,0.0,0.0,0.0,0.0,448.137436,0.0,448.137436,1196.853462,0.0,1196.853462,18.461298,0.0,18.461298
fuel_minimizing,1500,2024-04-12,3145.671831,3145.671831,0.0,0.0,0.0,0.0,0.0,0.0,510.656231,0.0,510.656231,1267.424322,0.0,1267.424322,36.096878,0.0,36.096878
fuel_minimizing,1500,2024-04-13,3145.671831,3145.671831,0.0,0.0,0.0,0.0,0.0,0.0,542.480949,0.0,542.480949,1323.471119,0.0,1323.471119,40.056789,0.0,40.056789
fuel_minimizing,1500,2024-04-14,3145.671831,3145.671831,0.0,0.0,0.0,0.0,0.0,0.0,555.633417,0.0,555.633417,1356.154637,0.0,1356.154637,39.081261,0.0,39.081261
fuel_minimizing,1500,2024-04-15,3145.671831,3145.671831,0.0,0.0,0.0,0.0,0.0,0.0,561.872069,0.0,561.872069,1377.292806,0.0,1377.292806,34.937923,0.0,34.937923
fuel_minimizing,1500,2024-04-16,3145.671831,3145.671831,0.0,0.0,0.0,0.0,0.0,0.0,565.102964,0.0,565.102964,1389.267434,0.0,1389.267434,29.487591,0.0,29.487591
fuel_minimizing,1500,2024-04-17,3145.671831,3145.671831,0.0,0.0,0.0,0.0,0.0,0.0,566.511952,0.0,566.511952,1397.638012,0.0,1397.638012,23.996562,0.0,23.996562
fuel_minimizing,1500,2024-04-18,3145.671831,3145.671831,0.0,0.0,0.0,0.0,0.0,0.0,566.920271,0.0,566.920271,1405.551615,0.0,1405.551615,19.399669,0.0,19.399669
fuel_minimizing,1500,2024-04-19,3145.671831,3145.671831,0.0,0.0,0.0,0.0,0.0,0.0,565.774678,0.0,565.774678,1412.154059,0.0,1412.154059,16.001837,0.0,16.001837
fuel_minimizing,1500,2024-04-20,3145.671831,3145.671831,0.0,0.0,0.0,0.0,0.0,0.0,563.225848,0.0,563.225848,1414.438203,0.0,1414.438203,13.46924,0.0,13.46924
fuel_minimizing,1500,2024-04-21,3145.671831,3145.671831,0.0,0.0,0.0,0.0,0.0,0.0,562.717462,0.0,562.717462,1415.436696,0.0,1415.436696,12.741428,0.0,12.741428
fuel_minimizing,1500,2024-04-22,3145.671831,3145.671831,0.0,0.0,0.0,0.0,0.0,0.0,559.319789,0.0,559.319789,1417.96281,0.0,1417.96281,13.134824,0.0,13.134824
fuel_minimizing,1500,2024-04-23,3145.671831,3145.671831,0.0,0.0,0.0,0.0,0.0,0.0,554.896143,0.0,554.896143,1413.826717,0.0,1413.826717,13.094128,0.0,13.094128
fuel_minimizing,1500,2024-04-24,3145.671831,3145.671831,0.0,0.0,0.0,0.0,0.0,0.0,551.989603,0.0,551.989603,1410.186955,0.0,1410.186955,12.503149,0.0,12.503149
fuel_minimizing,1500,2024-04-25,3145.671831,3145.671831,0.0,0.0,0.0,0.0,0.0,0.0,549.885898,0.0,549.885898,1415.569343,0.0,1415.569343,12.087931,0.0,12.087931
fuel_minimizing,1500,2024-04-26,3145.671831,3145.671831,0.0,0.0,0.0,0.0,0.0,0.0,549.24639,0.0,549.24639,1420.93278,0.0,1420.93278,13.368384,0.0,13.368384
fuel_minimizing,1500,2024-04-27,3145.671831,3145.671831,0.0,0.0,0.0,0.0,0.0,0.0,548.586178,0.0,548.586178,1423.85975,0.0,1423.85975,13.141901,0.0,13.141901
fuel_minimizing,1500,2024-04-28,3145.671831,3145.671831,0.0,0.0,0.0,0.0,0.0,0.0,547.079424,0.0,547.079424,1425.215368,0.0,1425.215368,12.599876,0.0,12.599876
fuel_minimizing,1500,2024-04-29,3145.671831,3145.671831,0.0,0.0,0.0,0.0,0.0,0.0,544.601906,0.0,544.601906,1423.094481,0.0,1423.094481,12.501969,0.0,12.501969
fuel_minimizing,1500,2024-04-30,3145.671831,3145.671831,0.0,0.0,0.0,0.0,0.0,0.0,541.786232,0.0,541.786232,1417.178593,0.0,1417.178593,12.369265,0.0,12.369265
fuel_minimizing,1500,2024-05-01,2876.698849,2876.698849,0.0,0.0,0.0,0.0,0.0,0.0,539.743487,0.0,539.743487,1412.672984,0.0,1412.672984,12.598696,0.0,12.598696
fuel_minimizing,1500,2024-05-02,2876.698849,2876.698849,0.0,0.0,0.0,0.0,0.0,0.0,538.0412,0.0,538.0412,1407.916659,0.0,1407.916659,12.825769,0.0,12.825769
fuel_minimizing,1500,2024-05-03,2876.698849,2876.698849,0.0,0.0,0.0,0.0,0.0,0.0,535.894938,0.0,535.894938,1399.302653,0.0,1399.302653,12.756763,0.0,12.756763
fuel_minimizing,1500,2024-05-04,2876.698849,2876.698849,0.0,0.0,0.0,0.0,0.0,0.0,533.408218,0.0,533.408218,1390.045821,0.0,1390.045821,12.67596,0.0,12.67596
fuel_minimizing,1500,2024-05-05,2876.698849,2876.698849,0.0,0.0,0.0,0.0,0.0,0.0,530.402762,0.0,530.402762,1382.5717,0.0,1382.5717,12.749095,0.0,12.749095
fuel_minimizing,1500,2024-05-06,2876.698849,2876.698849,0.0,0.0,0.0,0.0,0.0,0.0,527.353597,0.0,527.353597,1377.192957,0.0,1377.192957,12.964962,0.0,12.964962
fuel_minimizing,1500,2024-05-07,2876.698849,2876.698849,0.0,0.0,0.0,0.0,0.0,0.0,523.641921,0.0,523.641921,1372.062744,0.0,1372.062744,12.954935,0.0,12.954935
fuel_minimizing,1500,2024-05-08,2876.698849,2876.698849,0.0,0.0,0.0,0.0,0.0,0.0,519.496622,0.0,519.496622,1361.874471,0.0,1361.874471,12.662395,0.0,12.662395
fuel_minimizing,1500,2024-05-09,2876.698849,2876.698849,0.0,0.0,0.0,0.0,0.0,0.0,515.485896,0.0,515.485896,1352.458755,0.0,1352.458755,12.826359,0.0,12.826359
fuel_minimizing,1500,2024-05-10,2876.698849,2876.698849,0.0,0.0,0.0,0.0,0.0,0.0,510.745946,0.0,510.745946,1339.455752,0.0,1339.455752,13.089409,0.0,13.089409
fuel_minimizing,1500,2024-05-11,2876.698849,2876.698849,0.0,0.0,0.0,0.0,0.0,0.0,505.354987,0.0,505.354987,1328.654536,0.0,1328.654536,13.250424,0.0,13.250424
fuel_minimizing,1500,2024-05-12,2876.698849,2876.698849,0.0,0.0,0.0,0.0,0.0,0.0,500.830124,0.0,500.830124,1317.354074,0.0,1317.354074,13.016864,0.0,13.016864
fuel_minimizing,1500,2024-05-13,2876.698849,2876.698849,0.0,0.0,0.0,0.0,0.0,0.0,496.057969,0.0,496.057969,1304.04715,0.0,1304.04715,12.85172,0.0,12.85172
fuel_minimizing,1500,2024-05-14,2876.698849,2876.698849,0.0,0.0,0.0,0.0,0.0,0.0,490.949957,0.0,490.949957,1289.758497,0.0,1289.758497,12.797459,0.0,12.797459
fuel_minimizing,1500,2024-05-15,2876.698849,2876.698849,0.0,0.0,0.0,0.0,0.0,0.0,486.264067,0.0,486.264067,1275.924632,0.0,1275.924632,12.642342,0.0,12.642342
fuel_minimizing,1500,2024-05-16,2876.698849,2876.698849,0.0,0.0,0.0,0.0,0.0,0.0,481.673643,0.0,481.673643,1261.741658,0.0,1261.741658,12.650009,0.0,12.650009
fuel_minimizing,1500,2024-05-17,2876.698849,2876.698849,0.0,0.0,0.0,0.0,0.0,0.0,477.258048,0.0,477.258048,1248.309377,0.0,1248.309377,12.877082,0.0,12.877082
fuel_minimizing,1500,2024-05-18,2876.698849,2876.698849,0.0,0.0,0.0,0.0,0.0,0.0,471.586441,0.0,471.586441,1238.847745,0.0,1238.847745,12.901263,0.0,12.901263
fuel_minimizing,1500,2024-05-19,2876.698849,2876.698849,0.0,0.0,0.0,0.0,0.0,0.0,468.786869,0.0,468.786869,1231.277418,0.0,1231.277418,13.095307,0.0,13.095307
fuel_minimizing,1500,2024-05-20,2876.698849,2876.698849,0.0,0.0,0.0,0.0,0.0,0.0,464.907265,0.0,464.907265,1219.054261,0.0,1219.054261,12.639393,0.0,12.639393
fuel_minimizing,1500,2024-05-21,2876.698849,2876.698849,0.0,0.0,0.0,0.0,0.0,0.0,460.96785,0.0,460.96785,1207.191144,0.0,1207.191144,13.197342,0.0,13.197342
fuel_minimizing,1500,2024-05-22,2876.698849,2876.698849,0.0,0.0,0.0,0.0,0.0,0.0,456.456789,0.0,456.456789,1199.916722,0.0,1199.916722,13.168442,0.0,13.168442
fuel_minimizing,1500,2024-05-23,2876.698849,2876.698849,0.0,0.0,0.0,0.0,0.0,0.0,451.824958,0.0,451.824958,1188.08713,0.0,1188.08713,13.160185,0.0,13.160185
fuel_minimizing,1500,2024-05-24,2876.698849,2876.698849,0.0,0.0,0.0,0.0,0.0,0.0,446.507611,0.0,446.507611,1174.960956,0.0,1174.960956,13.003299,0.0,13.003299
fuel_minimizing,1500,2024-05-25,2876.698849,2876.698849,0.0,0.0,0.0,0.0,0.0,0.0,441.753859,0.0,441.753859,1160.640234,0.0,1160.640234,12.754993,0.0,12.754993
fuel_minimizing,1500,2024-05-26,2876.698849,2876.698849,0.0,0.0,0.0,0.0,0.0,0.0,437.477438,0.0,437.477438,1153.49117,0.0,1153.49117,12.628186,0.0,12.628186
fuel_minimizing,1500,2024-05-27,2876.698849,2876.698849,0.0,0.0,0.0,0.0,0.0,0.0,433.421854,0.0,433.421854,1141.131722,0.0,1141.131722,12.756763,0.0,12.756763
fuel_minimizing,1500,2024-05-28,2876.698849,2876.698849,0.0,0.0,0.0,0.0,0.0,0.0,428.539281,0.0,428.539281,1124.701775,0.0,1124.701775,12.683038,0.0,12.683038
fuel_minimizing,1500,2024-05-29,2876.698849,2876.698849,0.0,0.0,0.0,0.0,0.0,0.0,424.467594,0.0,424.467594,1106.874667,0.0,1106.874667,12.685987,0.0,12.685987
fuel_minimizing,1500,2024-05-30,2876.698849,2876.698849,0.0,0.0,0.0,0.0,0.0,0.0,420.259034,0.0,420.259034,1091.582419,0.0,1091.582419,12.605184,0.0,12.605184
fuel_minimizing,1500,2024-05-31,2876.698849,2876.698849,0.0,0.0,0.0,0.0,0.0,0.0,416.226454,0.0,416.226454,1081.929834,0.0,1081.929834,12.455375,0.0,12.455375
fuel_minimizing,1500,2024-06-01,2208.36659,2208.36659,0.0,0.0,0.0,0.0,0.0,0.0,412.849484,0.0,412.849484,1075.938876,0.0,1075.938876,12.739658,0.0,12.739658
fuel_minimizing,1500,2024-06-02,2208.36659,2208.36659,0.0,0.0,0.0,0.0,0.0,0.0,409.80032,0.0,409.80032,1070.614795,0.0,1070.614795,13.425005,0.0,13.425005
fuel_minimizing,1500,2024-06-03,2208.36659,2208.36659,0.0,0.0,0.0,0.0,0.0,0.0,405.675724,0.0,405.675724,1061.075178,0.0,1061.075178,13.033378,0.0,13.033378
fuel_minimizing,1500,2024-06-04,2208.36659,2208.36659,0.0,0.0,0.0,0.0,0.0,0.0,401.537326,0.0,401.537326,1049.130432,0.0,1049.130432,12.729042,0.0,12.729042
fuel_minimizing,1500,2024-06-05,2208.36659,2208.36659,0.0,0.0,0.0,0.0,0.0,0.0,396.576539,0.0,396.576539,1033.449719,0.0,1033.449719,13.258682,0.0,13.258682
fuel_minimizing,1500,2024-06-06,2208.36659,2208.36659,0.0,0.0,0.0,0.0,0.0,0.0,391.567445,0.0,391.567445,1019.408867,0.0,1019.408867,13.93754,0.0,13.93754
fuel_minimizing,1500,2024-06-07,2208.36659,2208.36659,0.0,0.0,0.0,0.0,0.0,0.0,387.15415,0.0,387.15415,1007.611345,0.0,1007.611345,14.533237,0.0,14.533237
fuel_minimizing,1500,2024-06-08,2208.36659,2208.36659,0.0,0.0,0.0,0.0,0.0,0.0,385.011339,0.0,385.011339,996.224152,0.0,996.224152,14.474257,0.0,14.474257
fuel_minimizing,1500,2024-06-09,2208.36659,2208.36659,0.0,0.0,0.0,0.0,0.0,0.0,383.822038,0.0,383.822038,986.518362,0.0,986.518362,13.803066,0.0,13.803066
fuel_minimizing,1500,2024-06-10,2208.36659,2208.36659,0.0,0.0,0.0,0.0,0.0,0.0,381.557306,0.0,381.557306,980.402046,0.0,980.402046,13.273426,0.0,13.273426
fuel_minimizing,1500,2024-06-11,2208.36659,2208.36659,0.0,0.0,0.0,0.0,0.0,0.0,379.345483,0.0,379.345483,971.820837,0.0,971.820837,12.465402,0.0,12.465402
fuel_minimizing,1500,2024-06-12,2208.36659,2208.36659,0.0,0.0,0.0,0.0,0.0,0.0,374.619336,0.0,374.619336,960.75287,0.0,960.75287,12.662395,0.0,12.662395
fuel_minimizing,1500,2024-06-13,2208.36659,2208.36659,0.0,0.0,0.0,0.0,0.0,0.0,369.402056,0.0,369.402056,949.216997,0.0,949.216997,12.819871,0.0,12.819871
fuel_minimizing,1500,2024-06-14,2208.36659,2208.36659,0.0,0.0,0.0,0.0,0.0,0.0,364.717316,0.0,364.717316,940.675873,0.0,940.675873,13.025121,0.0,13.025121
fuel_minimizing,1500,2024-06-15,2208.36659,2208.36659,0.0,0.0,0.0,0.0,0.0,0.0,364.050203,0.0,364.050203,935.501201,0.0,935.501201,13.219165,0.0,13.219165
fuel_minimizing,1500,2024-06-16,2208.36659,2208.36659,0.0,0.0,0.0,0.0,0.0,0.0,361.42201,0.0,361.42201,937.805023,0.0,937.805023,13.032199,0.0,13.032199
fuel_minimizing,1500,2024-06-17,2208.36659,2208.36659,0.0,0.0,0.0,0.0,0.0,0.0,358.684548,0.0,358.684548,935.594491,0.0,935.594491,13.219755,0.0,13.219755
fuel_minimizing,1500,2024-06-18,2208.36659,2208.36659,0.0,0.0,0.0,0.0,0.0,0.0,354.319562,0.0,354.319562,929.575838,0.0,929.575838,12.941959,0.0,12.941959
fuel_minimizing,1500,2024-06-19,2208.36659,2208.36659,0.0,0.0,0.0,0.0,0.0,0.0,349.671628,0.0,349.671628,928.602854,0.0,928.602854,13.074074,0.0,13.074074
fuel_minimizing,1500,2024-06-20,2208.36659,2208.36659,0.0,0.0,0.0,0.0,0.0,0.0,345.689657,0.0,345.689657,920.585028,0.0,920.585028,13.055201,0.0,13.055201
fuel_minimizing,1500,2024-06-21,2208.36659,2208.36659,0.0,0.0,0.0,0.0,0.0,0.0,340.19518,0.0,340.19518,914.279217,0.0,914.279217,12.971449,0.0,12.971449
fuel_minimizing,1500,2024-06-22,2208.36659,2208.36659,0.0,0.0,0.0,0.0,0.0,0.0,337.384106,0.0,337.384106,906.265035,0.0,906.265035,12.750275,0.0,12.750275
fuel_minimizing,1500,2024-06-23,2208.36659,2208.36659,0.0,0.0,0.0,0.0,0.0,0.0,336.715843,0.0,336.715843,899.398756,0.0,899.398756,12.638213,0.0,12.638213
fuel_minimizing,1500,2024-06-24,2208.36659,2208.36659,0.0,0.0,0.0,0.0,0.0,0.0,335.643862,0.0,335.643862,889.26806,0.0,889.26806,13.095897,0.0,13.095897
fuel_minimizing,1500,2024-06-25,2208.36659,2208.36659,0.0,0.0,0.0,0.0,0.0,0.0,332.090913,0.0,332.090913,877.238042,0.0,877.238042,13.294069,0.0,13.294069
fuel_minimizing,1500,2024-06-26,2208.36659,2208.36659,0.0,0.0,0.0,0.0,0.0,0.0,327.511991,0.0,327.511991,868.750852,0.0,868.750852,13.131875,0.0,13.131875
fuel_minimizing,1500,2024-06-27,2208.36659,2208.36659,0.0,0.0,0.0,0.0,0.0,0.0,323.804915,0.0,323.804915,863.32765,0.0,863.32765,12.838745,0.0,12.838745
fuel_minimizing,1500,2024-06-28,2208.36659,2208.36659,0.0,0.0,0.0,0.0,0.0,0.0,321.908245,0.0,321.908245,856.470117,0.0,856.470117,12.659446,0.0,12.659446
fuel_minimizing,1500,2024-06-29,2208.36659,2208.36659,0.0,0.0,0.0,0.0,0.0,0.0,321.253785,0.0,321.253785,847.743871,0.0,847.743871,12.741428,0.0,12.741428
fuel_minimizing,1500,2024-06-30,2208.36659,2208.36659,0.0,0.0,0.0,0.0,0.0,0.0,322.862906,0.0,322.862906,836.753889,0.0,836.753889,12.53087,0.0,12.53087
fuel_minimizing,1500,2024-07-01,2323.992171,2323.992171,0.0,0.0,0.0,0.0,0.0,0.0,323.163107,0.0,323.163107,833.611187,0.0,833.611187,13.806015,0.0,13.806015
fuel_minimizing,1500,2024-07-02,2323.992171,2323.992171,0.0,0.0,0.0,0.0,0.0,0.0,325.568163,0.0,325.568163,834.361878,0.0,834.361878,14.922504,0.0,14.922504
fuel_minimizing,1500,2024-07-03,2323.992171,2323.992171,0.0,0.0,0.0,0.0,0.0,0.0,324.708968,0.0,324.708968,828.817691,0.0,828.817691,13.163724,0.0,13.163724
fuel_minimizing,1500,2024-07-04,2323.992171,2323.992171,0.0,0.0,0.0,0.0,0.0,0.0,321.774823,0.0,321.774823,825.669888,0.0,825.669888,12.430014,0.0,12.430014
fuel_minimizing,1500,2024-07-05,2323.992171,2323.992171,0.0,0.0,0.0,0.0,0.0,0.0,316.487381,0.0,316.487381,820.369858,0.0,820.369858,12.562129,0.0,12.562129
fuel_minimizing,1500,2024-07-06,2323.992171,2323.992171,0.0,0.0,0.0,0.0,0.0,0.0,313.470422,0.0,313.470422,815.935674,0.0,815.935674,12.866465,0.0,12.866465
fuel_minimizing,1500,2024-07-07,2323.992171,2323.992171,0.0,0.0,0.0,0.0,0.0,0.0,311.14473,0.0,311.14473,811.106467,0.0,811.106467,13.166673,0.0,13.166673
fuel_minimizing,1500,2024-07-08,2323.992171,2323.992171,0.0,0.0,0.0,0.0,0.0,0.0,308.284197,0.0,308.284197,802.394069,0.0,802.394069,13.124207,0.0,13.124207
fuel_minimizing,1500,2024-07-09,2323.992171,2323.992171,0.0,0.0,0.0,0.0,0.0,0.0,304.102092,0.0,304.102092,786.719186,0.0,786.719186,12.757352,0.0,12.757352
fuel_minimizing,1500,2024-07-10,2323.992171,2323.992171,0.0,0.0,0.0,0.0,0.0,0.0,299.365593,0.0,299.365593,771.883913,0.0,771.883913,12.562719,0.0,12.562719
fuel_minimizing,1500,2024-07-11,2323.992171,2323.992171,0.0,0.0,0.0,0.0,0.0,0.0,293.037226,0.0,293.037226,759.340071,0.0,759.340071,12.64765,0.0,12.64765
fuel_minimizing,1500,2024-07-12,2323.992171,2323.992171,0.0,0.0,0.0,0.0,0.0,0.0,289.294494,0.0,289.294494,751.004477,0.0,751.004477,13.051072,0.0,13.051072
fuel_minimizing,1500,2024-07-13,2323.992171,2323.992171,0.0,0.0,0.0,0.0,0.0,0.0,289.50728,0.0,289.50728,738.633367,0.0,738.633367,13.206779,0.0,13.206779
fuel_minimizing,1500,2024-07-14,2323.992171,2323.992171,0.0,0.0,0.0,0.0,0.0,0.0,291.367144,0.0,291.367144,725.577889,0.0,725.577889,13.102975,0.0,13.102975
fuel_minimizing,1500,2024-07-15,2323.992171,2323.992171,0.0,0.0,0.0,0.0,0.0,0.0,293.565165,0.0,293.565165,713.868555,0.0,713.868555,12.750275,0.0,12.750275
fuel_minimizing,1500,2024-07-16,2323.992171,2323.992171,0.0,0.0,0.0,0.0,0.0,0.0,295.686123,0.0,295.686123,695.219329,0.0,695.219329,12.595158,0.0,12.595158
fuel_minimizing,1500,2024-07-17,2323.992171,2323.992171,0.0,0.0,0.0,0.0,0.0,0.0,297.736918,0.0,297.736918,674.084075,0.0,674.084075,12.931933,0.0,12.931933
fuel_minimizing,1500,2024-07-18,2323.992171,2323.992171,0.0,0.0,0.0,0.0,0.0,0.0,299.956793,0.0,299.956793,653.0924,0.0,653.0924,13.114181,0.0,13.114181
fuel_minimizing,1500,2024-07-19,2323.992171,2323.992171,0.0,0.0,0.0,0.0,0.0,0.0,302.535528,0.0,302.535528,631.857296,0.0,631.857296,12.907161,0.0,12.907161
fuel_minimizing,1500,2024-07-20,2323.992171,2323.992171,0.0,0.0,0.0,0.0,0.0,0.0,304.707094,0.0,304.707094,610.279644,0.0,610.279644,12.879441,0.0,12.879441
fuel_minimizing,1500,2024-07-21,2323.992171,2323.992171,0.0,0.0,0.0,0.0,0.0,0.0,307.28928,0.0,307.28928,593.43791,0.0,593.43791,12.91247,0.0,12.91247
fuel_minimizing,1500,2024-07-22,2323.992171,2323.992171,0.0,0.0,0.0,0.0,0.0,0.0,309.923224,0.0,309.923224,574.777023,0.0,574.777023,12.879441,0.0,12.879441
fuel_minimizing,1500,2024-07-23,2323.992171,2323.992171,0.0,0.0,0.0,0.0,0.0,0.0,311.326461,0.0,311.326461,554.905555,0.0,554.905555,12.723144,0.0,12.723144
fuel_minimizing,1500,2024-07-24,2323.992171,2323.992171,0.0,0.0,0.0,0.0,0.0,0.0,311.853249,0.0,311.853249,532.735367,0.0,532.735367,12.688936,0.0,12.688936
fuel_minimizing,1500,2024-07-25,2323.992171,2323.992171,0.0,0.0,0.0,0.0,0.0,0.0,311.638163,0.0,311.638163,515.47893,0.0,515.47893,12.913649,0.0,12.913649
fuel_minimizing,1500,2024-07-26,2323.992171,2323.992171,0.0,0.0,0.0,0.0,0.0,0.0,309.01342,0.0,309.01342,499.143002,0.0,499.143002,13.031609,0.0,13.031609
fuel_minimizing,1500,2024-07-27,2323.992171,2323.992171,0.0,0.0,0.0,0.0,0.0,0.0,306.589962,0.0,306.589962,487.30758,0.0,487.30758,12.883569,0.0,12.883569
fuel_minimizing,1500,2024-07-28,2323.992171,2323.992171,0.0,0.0,0.0,0.0,0.0,0.0,306.351872,0.0,306.351872,476.62662,0.0,476.62662,12.761481,0.0,12.761481
fuel_minimizing,1500,2024-07-29,2323.992171,2323.992171,0.0,0.0,0.0,0.0,0.0,0.0,306.239152,0.0,306.239152,469.944005,0.0,469.944005,13.187906,0.0,13.187906
fuel_minimizing,1500,2024-07-30,2323.992171,2323.992171,0.0,0.0,0.0,0.0,0.0,0.0,310.01984,0.0,310.01984,466.596503,0.0,466.596503,14.581601,0.0,14.581601
fuel_minimizing,1500,2024-07-31,2323.992171,2323.992171,0.0,0.0,0.0,0.0,0.0,0.0,311.364417,0.0,311.364417,458.84397,0.0,458.84397,14.99446,0.0,14.99446
fuel_minimizing,1500,2024-08-01,3300.249292,3300.249292,0.0,0.0,0.0,0.0,0.0,0.0,312.442149,0.0,312.442149,448.525238,0.0,448.525238,14.858806,0.0,14.858806
fuel_minimizing,1500,2024-08-02,3300.249292,3300.249292,0.0,0.0,0.0,0.0,0.0,0.0,311.953316,0.0,311.953316,439.283711,0.0,439.283711,14.541494,0.0,14.541494
fuel_minimizing,1500,2024-08-03,3300.249292,3300.249292,0.0,0.0,0.0,0.0,0.0,0.0,311.050414,0.0,311.050414,430.039998,0.0,430.039998,13.930463,0.0,13.930463
fuel_minimizing,1500,2024-08-04,3300.249292,3300.249292,0.0,0.0,0.0,0.0,0.0,0.0,307.147806,0.0,307.147806,421.51418,0.0,421.51418,12.995631,0.0,12.995631
fuel_minimizing,1500,2024-08-05,3300.249292,3300.249292,0.0,0.0,0.0,0.0,0.0,0.0,304.899176,0.0,304.899176,408.474007,0.0,408.474007,12.532049,0.0,12.532049
fuel_minimizing,1500,2024-08-06,3300.249292,3300.249292,0.0,0.0,0.0,0.0,0.0,0.0,302.774768,0.0,302.774768,393.175929,0.0,393.175929,12.744967,0.0,12.744967
fuel_minimizing,1500,2024-08-07,3300.249292,3300.249292,0.0,0.0,0.0,0.0,0.0,0.0,301.299069,0.0,301.299069,371.90074,0.0,371.90074,12.808665,0.0,12.808665
fuel_minimizing,1500,2024-08-08,3300.249292,3300.249292,0.0,0.0,0.0,0.0,0.0,0.0,299.833722,0.0,299.833722,355.960564,0.0,355.960564,13.14662,0.0,13.14662
fuel_minimizing,1500,2024-08-09,3300.249292,3300.249292,0.0,0.0,0.0,0.0,0.0,0.0,299.188463,0.0,299.188463,342.639065,0.0,342.639065,13.199112,0.0,13.199112
fuel_minimizing,1500,2024-08-10,3300.249292,3300.249292,0.0,0.0,0.0,0.0,0.0,0.0,297.657555,0.0,297.657555,335.721039,0.0,335.721039,12.945498,0.0,12.945498
fuel_minimizing,1500,2024-08-11,3300.249292,3300.249292,0.0,0.0,0.0,0.0,0.0,0.0,295.713727,0.0,295.713727,329.335785,0.0,329.335785,12.672421,0.0,12.672421
fuel_minimizing,1500,2024-08-12,3300.249292,3300.249292,0.0,0.0,0.0,0.0,0.0,0.0,295.234096,0.0,295.234096,324.209945,0.0,324.209945,12.612852,0.0,12.612852
fuel_minimizing,1500,2024-08-13,3300.249292,3300.249292,0.0,0.0,0.0,0.0,0.0,0.0,293.975784,0.0,293.975784,316.633788,0.0,316.633788,13.017454,0.0,13.017454
fuel_minimizing,1500,2024-08-14,3300.249292,3300.249292,0.0,0.0,0.0,0.0,0.0,0.0,293.235059,0.0,293.235059,308.113801,0.0,308.113801,13.180828,0.0,13.180828
fuel_minimizing,1500,2024-08-15,3300.249292,3300.249292,0.0,0.0,0.0,0.0,0.0,0.0,293.876867,0.0,293.876867,302.311609,0.0,302.311609,12.988554,0.0,12.988554
fuel_minimizing,1500,2024-08-16,3300.249292,3300.249292,0.0,0.0,0.0,0.0,0.0,0.0,295.913861,0.0,295.913861,299.606932,0.0,299.606932,12.772097,0.0,12.772097
fuel_minimizing,1500,2024-08-17,3300.249292,3300.249292,0.0,0.0,0.0,0.0,0.0,0.0,294.412858,0.0,294.412858,301.68336,0.0,301.68336,13.077023,0.0,13.077023
fuel_minimizing,1500,2024-08-18,3300.249292,3300.249292,0.0,0.0,0.0,0.0,0.0,0.0,293.432893,0.0,293.432893,306.275699,0.0,306.275699,12.849361,0.0,12.849361
fuel_minimizing,1500,2024-08-19,3300.249292,3300.249292,0.0,0.0,0.0,0.0,0.0,0.0,291.470662,0.0,291.470662,308.537978,0.0,308.537978,12.61639,0.0,12.61639
fuel_minimizing,1500,2024-08-20,3300.249292,3300.249292,0.0,0.0,0.0,0.0,0.0,0.0,290.013366,0.0,290.013366,303.49158,0.0,303.49158,12.671242,0.0,12.671242
fuel_minimizing,1500,2024-08-21,3300.249292,3300.249292,0.0,0.0,0.0,0.0,0.0,0.0,288.859721,0.0,288.859721,296.340329,0.0,296.340329,12.658856,0.0,12.658856
fuel_minimizing,1500,2024-08-22,3300.249292,3300.249292,0.0,0.0,0.0,0.0,0.0,0.0,288.121297,0.0,288.121297,291.58692,0.0,291.58692,12.665934,0.0,12.665934
fuel_minimizing,1500,2024-08-23,3300.249292,3300.249292,0.0,0.0,0.0,0.0,0.0,0.0,289.616549,0.0,289.616549,297.997682,0.0,297.997682,13.454495,0.0,13.454495
fuel_minimizing,1500,2024-08-24,3300.249292,3300.249292,0.0,0.0,0.0,0.0,0.0,0.0,296.707495,0.0,296.707495,311.205485,0.0,311.205485,14.372812,0.0,14.372812
fuel_minimizing,1500,2024-08-25,3300.249292,3300.249292,0.0,0.0,0.0,0.0,0.0,0.0,298.445438,0.0,298.445438,321.803358,0.0,321.803358,15.495789,0.0,15.495789
fuel_minimizing,1500,2024-08-26,3300.249292,3300.249292,0.0,0.0,0.0,0.0,0.0,0.0,300.567546,0.0,300.567546,333.389521,0.0,333.389521,19.230396,0.0,19.230396
fuel_minimizing,1500,2024-08-27,3300.249292,3300.249292,0.0,0.0,0.0,0.0,0.0,0.0,301.452045,0.0,301.452045,343.258567,0.0,343.258567,17.971765,0.0,17.971765
fuel_minimizing,1500,2024-08-28,3300.249292,3300.249292,0.0,0.0,0.0,0.0,0.0,0.0,303.062317,0.0,303.062317,353.037239,0.0,353.037239,16.394643,0.0,16.394643
fuel_minimizing,1500,2024-08-29,3300.249292,3300.249292,0.0,0.0,0.0,0.0,0.0,0.0,306.478393,0.0,306.478393,362.696384,0.0,362.696384,15.475146,0.0,15.475146
fuel_minimizing,1500,2024-08-30,3300.249292,3300.249292,0.0,0.0,0.0,0.0,0.0,0.0,312.798709,0.0,312.798709,374.774505,0.0,374.774505,14.592217,0.0,14.592217
fuel_minimizing,1500,2024-08-31,3300.249292,3300.249292,0.0,0.0,0.0,0.0,0.0,0.0,320.877672,0.0,320.877672,385.043677,0.0,385.043677,11.746437,0.0,11.746437
fuel_minimizing,1500,2024-09-01,4117.418734,4117.418734,0.0,0.0,0.0,0.0,0.0,0.0,338.346818,0.0,338.346818,398.161834,0.0,398.161834,12.388138,0.0,12.388138
fuel_minimizing,1500,2024-09-02,4117.418734,4117.418734,0.0,0.0,0.0,0.0,0.0,0.0,358.627039,0.0,358.627039,415.040739,0.0,415.040739,16.143978,0.0,16.143978
fuel_minimizing,1500,2024-09-03,4117.418734,4117.418734,0.0,0.0,0.0,0.0,0.0,0.0,380.527883,0.0,380.527883,432.435653,0.0,432.435653,22.177032,0.0,22.177032
fuel_minimizing,1500,2024-09-04,4117.418734,4117.418734,0.0,0.0,0.0,0.0,0.0,0.0,403.439747,0.0,403.439747,452.526498,0.0,452.526498,26.29265,0.0,26.29265
fuel_minimizing,1500,2024-09-05,4117.418734,4117.418734,0.0,0.0,0.0,0.0,0.0,0.0,413.031215,0.0,413.031215,470.575898,0.0,470.575898,24.240149,0.0,24.240149
fuel_minimizing,1500,2024-09-06,4117.418734,4117.418734,0.0,0.0,0.0,0.0,0.0,0.0,418.879951,0.0,418.879951,485.185236,0.0,485.185236,19.800732,0.0,19.800732
fuel_minimizing,1500,2024-09-07,4117.418734,4117.418734,0.0,0.0,0.0,0.0,0.0,0.0,428.06425,0.0,428.06425,496.847925,0.0,496.847925,16.28671,0.0,16.28671
fuel_minimizing,1500,2024-09-08,4117.418734,4117.418734,0.0,0.0,0.0,0.0,0.0,0.0,440.842906,0.0,440.842906,508.981437,0.0,508.981437,18.090315,0.0,18.090315
fuel_minimizing,1500,2024-09-09,4117.418734,4117.418734,0.0,0.0,0.0,0.0,0.0,0.0,451.248711,0.0,451.248711,522.888185,0.0,522.888185,15.797766,0.0,15.797766
fuel_minimizing,1500,2024-09-10,4117.418734,4117.418734,0.0,0.0,0.0,0.0,0.0,0.0,457.7059,0.0,457.7059,537.880157,0.0,537.880157,15.797766,0.0,15.797766
fuel_minimizing,1500,2024-09-11,4117.418734,4117.418734,0.0,0.0,0.0,0.0,0.0,0.0,462.735698,0.0,462.735698,551.265064,0.0,551.265064,15.509944,0.0,15.509944
fuel_minimizing,1500,2024-09-12,4117.418734,4117.418734,0.0,0.0,0.0,0.0,0.0,0.0,464.987778,0.0,464.987778,563.040722,0.0,563.040722,14.811032,0.0,14.811032
fuel_minimizing,1500,2024-09-13,4117.418734,4117.418734,0.0,0.0,0.0,0.0,0.0,0.0,467.333024,0.0,467.333024,576.82357,0.0,576.82357,15.387266,0.0,15.387266
fuel_minimizing,1500,2024-09-14,4117.418734,4117.418734,0.0,0.0,0.0,0.0,0.0,0.0,470.474204,0.0,470.474204,592.208379,0.0,592.208379,15.72935,0.0,15.72935
fuel_minimizing,1500,2024-09-15,4117.418734,4117.418734,0.0,0.0,0.0,0.0,0.0,0.0,472.52845,0.0,472.52845,604.618845,0.0,604.618845,14.99446,0.0,14.99446
fuel_minimizing,1500,2024-09-16,4117.418734,4117.418734,0.0,0.0,0.0,0.0,0.0,0.0,473.725802,0.0,473.725802,616.385757,0.0,616.385757,13.939899,0.0,13.939899
fuel_minimizing,1500,2024-09-17,4117.418734,4117.418734,0.0,0.0,0.0,0.0,0.0,0.0,474.373361,0.0,474.373361,623.362089,0.0,623.362089,12.964372,0.0,12.964372
fuel_minimizing,1500,2024-09-18,4117.418734,4117.418734,0.0,0.0,0.0,0.0,0.0,0.0,471.608295,0.0,471.608295,628.644627,0.0,628.644627,12.550333,0.0,12.550333
fuel_minimizing,1500,2024-09-19,4117.418734,4117.418734,0.0,0.0,0.0,0.0,0.0,0.0,470.447749,0.0,470.447749,637.954663,0.0,637.954663,12.661805,0.0,12.661805
fuel_minimizing,1500,2024-09-20,4117.418734,4117.418734,0.0,0.0,0.0,0.0,0.0,0.0,469.2688,0.0,469.2688,647.543111,0.0,647.543111,13.471599,0.0,13.471599
fuel_minimizing,1500,2024-09-21,4117.418734,4117.418734,0.0,0.0,0.0,0.0,0.0,0.0,469.97962,0.0,469.97962,656.122863,0.0,656.122863,14.653556,0.0,14.653556
fuel_minimizing,1500,2024-09-22,4117.418734,4117.418734,0.0,0.0,0.0,0.0,0.0,0.0,475.300418,0.0,475.300418,663.710681,0.0,663.710681,13.854968,0.0,13.854968
fuel_minimizing,1500,2024-09-23,4117.418734,4117.418734,0.0,0.0,0.0,0.0,0.0,0.0,480.659171,0.0,480.659171,669.542025,0.0,669.542025,14.190564,0.0,14.190564
fuel_minimizing,1500,2024-09-24,4117.418734,4117.418734,0.0,0.0,0.0,0.0,0.0,0.0,483.564561,0.0,483.564561,677.404611,0.0,677.404611,13.73347,0.0,13.73347
fuel_minimizing,1500,2024-09-25,4117.418734,4117.418734,0.0,0.0,0.0,0.0,0.0,0.0,484.462863,0.0,484.462863,684.396248,0.0,684.396248,12.515535,0.0,12.515535
fuel_minimizing,1500,2024-09-26,4117.418734,4117.418734,0.0,0.0,0.0,0.0,0.0,0.0,484.628491,0.0,484.628491,692.449058,0.0,692.449058,11.639683,0.0,11.639683
fuel_minimizing,1500,2024-09-27,4117.418734,4117.418734,0.0,0.0,0.0,0.0,0.0,0.0,488.543751,0.0,488.543751,703.720368,0.0,703.720368,15.385497,0.0,15.385497
fuel_minimizing,1500,2024-09-28,4117.418734,4117.418734,0.0,0.0,0.0,0.0,0.0,0.0,490.96491,0.0,490.96491,714.89693,0.0,714.89693,15.240996,0.0,15.240996
fuel_minimizing,1500,2024-09-29,4117.418734,4117.418734,0.0,0.0,0.0,0.0,0.0,0.0,492.501569,0.0,492.501569,726.424057,0.0,726.424057,14.145739,0.0,14.145739
fuel_minimizing,1500,2024-09-30,4117.418734,4117.418734,0.0,0.0,0.0,0.0,0.0,0.0,269.857366,0.0,269.857366,737.381242,0.0,737.381242,12.819281,0.0,12.819281
fuel_minimizing,1500,2024-10-01,4750.89931,4750.89931,0.0,0.0,0.0,0.0,0.0,0.0,265.507332,0.0,265.507332,745.75838,0.0,745.75838,11.7659,0.0,11.7659
fuel_minimizing,1500,2024-10-02,4750.89931,4750.89931,0.0,0.0,0.0,0.0,0.0,0.0,260.587953,0.0,260.587953,755.429186,0.0,755.429186,11.727563,0.0,11.727563
fuel_minimizing,1500,2024-10-03,4750.89931,4750.89931,0.0,0.0,0.0,0.0,0.0,0.0,264.673442,0.0,264.673442,771.687858,0.0,771.687858,14.514364,0.0,14.514364
fuel_minimizing,1500,2024-10-04,4750.89931,4750.89931,0.0,0.0,0.0,0.0,0.0,0.0,270.598091,0.0,270.598091,786.951682,0.0,786.951682,15.338903,0.0,15.338903
fuel_minimizing,1500,2024-10-05,4750.89931,4750.89931,0.0,0.0,0.0,0.0,0.0,0.0,274.818153,0.0,274.818153,800.527543,0.0,800.527543,18.754429,0.0,18.754429
fuel_minimizing,1500,2024-10-06,4750.89931,4750.89931,0.0,0.0,0.0,0.0,0.0,0.0,277.94323,0.0,277.94323,813.947434,0.0,813.947434,23.935813,0.0,23.935813
fuel_minimizing,1500,2024-10-07,4750.89931,4750.89931,0.0,0.0,0.0,0.0,0.0,0.0,282.785547,0.0,282.785547,823.987026,0.0,823.987026,26.560418,0.0,26.560418
fuel_minimizing,1500,2024-10-08,4750.89931,4750.89931,0.0,0.0,0.0,0.0,0.0,0.0,291.592582,0.0,291.592582,832.644762,0.0,832.644762,27.195042,0.0,27.195042
fuel_minimizing,1500,2024-10-09,4750.89931,4750.89931,0.0,0.0,0.0,0.0,0.0,0.0,303.02091,0.0,303.02091,841.560503,0.0,841.560503,27.623826,0.0,27.623826
fuel_minimizing,1500,2024-10-10,4750.89931,4750.89931,0.0,0.0,0.0,0.0,0.0,0.0,309.242309,0.0,309.242309,849.483581,0.0,849.483581,25.29353,0.0,25.29353
fuel_minimizing,1500,2024-10-11,4750.89931,4750.89931,0.0,0.0,0.0,0.0,0.0,0.0,312.936732,0.0,312.936732,856.12028,0.0,856.12028,23.214489,0.0,23.214489
fuel_minimizing,1500,2024-10-12,4750.89931,4750.89931,0.0,0.0,0.0,0.0,0.0,0.0,320.150749,0.0,320.150749,860.682737,0.0,860.682737,21.389061,0.0,21.389061
fuel_minimizing,1500,2024-10-13,4750.89931,4750.89931,0.0,0.0,0.0,0.0,0.0,0.0,327.089869,0.0,327.089869,865.431773,0.0,865.431773,21.857361,0.0,21.857361
fuel_minimizing,1500,2024-10-14,4750.89931,4750.89931,0.0,0.0,0.0,0.0,0.0,0.0,333.330822,0.0,333.330822,869.476034,0.0,869.476034,19.479292,0.0,19.479292
fuel_minimizing,1500,2024-10-15,4750.89931,4750.89931,0.0,0.0,0.0,0.0,0.0,0.0,335.022757,0.0,335.022757,871.22449,0.0,871.22449,16.366922,0.0,16.366922
fuel_minimizing,1500,2024-10-16,4750.89931,4750.89931,0.0,0.0,0.0,0.0,0.0,0.0,335.282701,0.0,335.282701,870.90818,0.0,870.90818,15.004487,0.0,15.004487
fuel_minimizing,1500,2024-10-17,4750.89931,4750.89931,0.0,0.0,0.0,0.0,0.0,0.0,334.847928,0.0,334.847928,865.500283,0.0,865.500283,13.669182,0.0,13.669182
fuel_minimizing,1500,2024-10-18,4750.89931,4750.89931,0.0,0.0,0.0,0.0,0.0,0.0,333.25951,0.0,333.25951,860.751246,0.0,860.751246,12.982066,0.0,12.982066
fuel_minimizing,1500,2024-10-19,4750.89931,4750.89931,0.0,0.0,0.0,0.0,0.0,0.0,327.241695,0.0,327.241695,862.140391,0.0,862.140391,13.109462,0.0,13.109462
fuel_minimizing,1500,2024-10-20,4750.89931,4750.89931,0.0,0.0,0.0,0.0,0.0,0.0,320.472803,0.0,320.472803,867.756003,0.0,867.756003,12.987374,0.0,12.987374
fuel_minimizing,1500,2024-10-21,4750.89931,4750.89931,0.0,0.0,0.0,0.0,0.0,0.0,313.913247,0.0,313.913247,873.453243,0.0,873.453243,12.49902,0.0,12.49902
fuel_minimizing,1500,2024-10-22,4750.89931,4750.89931,0.0,0.0,0.0,0.0,0.0,0.0,307.564176,0.0,307.564176,876.020172,0.0,876.020172,11.566548,0.0,11.566548
fuel_minimizing,1500,2024-10-23,4750.89931,4750.89931,0.0,0.0,0.0,0.0,0.0,0.0,301.830459,0.0,301.830459,880.928093,0.0,880.928093,7.731085,0.0,7.731085
fuel_minimizing,1500,2024-10-24,4750.89931,4750.89931,0.0,0.0,0.0,0.0,0.0,0.0,300.05686,0.0,300.05686,893.832704,0.0,893.832704,7.263375,0.0,7.263375
fuel_minimizing,1500,2024-10-25,4750.89931,4750.89931,0.0,0.0,0.0,0.0,0.0,0.0,317.689334,0.0,317.689334,916.167607,0.0,916.167607,24.698423,0.0,24.698423
fuel_minimizing,1500,2024-10-26,4750.89931,4750.89931,0.0,0.0,0.0,0.0,0.0,0.0,351.425674,0.0,351.425674,949.53185,0.0,949.53185,32.490258,0.0,32.490258
fuel_minimizing,1500,2024-10-27,4750.89931,4750.89931,0.0,0.0,0.0,0.0,0.0,0.0,377.37175,0.0,377.37175,974.365901,0.0,974.365901,33.682241,0.0,33.682241
fuel_minimizing,1500,2024-10-28,4750.89931,4750.89931,0.0,0.0,0.0,0.0,0.0,0.0,394.348614,0.0,394.348614,990.859256,0.0,990.859256,31.248141,0.0,31.248141
fuel_minimizing,1500,2024-10-29,4750.89931,4750.89931,0.0,0.0,0.0,0.0,0.0,0.0,408.61447,0.0,408.61447,1004.899379,0.0,1004.899379,27.893954,0.0,27.893954
fuel_minimizing,1500,2024-10-30,4750.89931,4750.89931,0.0,0.0,0.0,0.0,0.0,0.0,417.423806,0.0,417.423806,1018.616632,0.0,1018.616632,25.627356,0.0,25.627356
fuel_minimizing,1500,2024-10-31,4750.89931,4750.89931,0.0,0.0,0.0,0.0,0.0,0.0,422.988444,0.0,422.988444,1033.430041,0.0,1033.430041,22.658308,0.0,22.658308
fuel_minimizing,1500,2024-11-01,5529.936912,4805.461,724.475912,0.0,0.0,0.0,0.0,0.724476,425.990451,0.288408,426.278859,1048.510201,0.398441,1048.908642,23.830829,0.037628,23.868457
fuel_minimizing,1500,2024-11-02,5529.936912,4114.072,1415.864912,0.0,0.0,0.0,0.0,2.140341,430.07709,0.855902,430.932992,1062.790837,1.174362,1063.965199,26.062628,0.110077,26.172705
fuel_minimizing,1500,2024-11-03,5529.936912,3092.313,2437.623912,0.0,0.0,0.0,0.0,4.577965,430.425599,1.843084,432.268683,1078.244156,2.499684,1080.74384,26.664813,0.235196,26.900009
fuel_minimizing,1500,2024-11-04,5529.936912,3732.801,1797.135912,0.0,0.0,0.0,0.0,6.375101,428.642798,2.578148,431.220946,1092.540826,3.466288,1096.007114,24.539177,0.330664,24.869841
fuel_minimizing,1500,2024-11-05,5529.936912,4651.275,878.661912,0.0,0.0,0.0,0.0,7.253763,426.585101,2.940846,429.525947,1106.357928,3.933368,1110.291296,21.295872,0.379548,21.67542
fuel_minimizing,1500,2024-11-06,5529.936912,5529.936912,0.0,1826.788088,0.0,0.0,0.0,5.426974,425.555677,2.200223,427.7559,1119.599986,2.942788,1122.542774,18.995656,0.283963,19.279619
fuel_minimizing,1500,2024-11-07,5529.936912,5245.734,284.202912,0.0,0.0,0.0,0.0,5.711177,425.499318,2.319234,427.818552,1131.664988,3.090836,1134.755824,15.491071,0.301108,15.792179
fuel_minimizing,1500,2024-11-08,5529.936912,2768.567,2761.369912,0.0,0.0,0.0,0.0,8.472547,426.535643,3.485967,430.02161,1147.74437,4.513847,1152.258217,13.795988,0.472733,14.268721
fuel_minimizing,1500,2024-11-09,5529.936912,2243.053,3286.883912,0.0,0.0,0.0,0.0,11.759431,452.280435,4.897983,457.178418,1182.072121,6.2289,1188.301021,37.281785,0.632548,37.914333
fuel_minimizing,1500,2024-11-10,5529.936912,2166.441,3363.495912,0.0,0.0,0.0,0.0,15.122927,502.609474,6.346339,508.955813,1233.808635,8.013807,1241.822442,55.286579,0.762782,56.049361
fuel_minimizing,1500,2024-11-11,5529.936912,4281.641,1248.295912,0.0,0.0,0.0,0.0,16.371223,522.675758,6.891533,529.567291,1278.038959,8.664739,1286.703698,54.161242,0.814951,54.976193
fuel_minimizing,1500,2024-11-12,5529.936912,5529.936912,0.0,203.592088,0.0,0.0,0.0,16.167631,531.256205,6.80583,538.062035,1308.837001,8.556985,1317.393986,49.471161,0.804817,50.275978
fuel_minimizing,1500,2024-11-13,5529.936912,4403.102,1126.834912,0.0,0.0,0.0,0.0,17.294466,536.053665,7.309295,543.36296,1330.509401,9.120881,1339.630282,44.365271,0.86429,45.229561
fuel_minimizing,1500,2024-11-14,5529.936912,4839.653,690.283912,0.0,0.0,0.0,0.0,17.98475,539.061422,7.620613,546.682035,1349.268679,9.459793,1358.728472,39.558409,0.904344,40.462753
fuel_minimizing,1500,2024-11-15,5529.936912,3325.097,2204.839912,0.0,0.0,0.0,0.0,20.18959,550.027372,8.619371,558.646743,1369.768396,10.529221,1380.297617,37.058841,1.040998,38.099839
fuel_minimizing,1500,2024-11-16,5529.936912,2240.284,3289.652912,0.0,0.0,0.0,0.0,23.479243,564.134501,10.110807,574.245308,1390.279046,12.108806,1402.387852,34.459007,1.25963,35.718637
fuel_minimizing,1500,2024-11-17,5529.936912,2237.171,3292.765912,0.0,0.0,0.0,0.0,26.772008,571.705078,11.61428,583.319358,1410.821763,13.659731,1424.481494,30.132831,1.497997,31.630828
fuel_minimizing,1500,2024-11-18,5529.936912,2576.192,2953.744912,0.0,0.0,0.0,0.0,29.725753,574.794499,12.977774,587.772273,1430.474584,15.016386,1445.49097,24.870644,1.731594,26.602238
fuel_minimizing,1500,2024-11-19,5529.936912,2680.226,2849.710912,0.0,0.0,0.0,0.0,32.575464,576.668165,14.305292,590.973457,1446.027023,16.296587,1462.32361,20.290855,1.973584,22.264439
fuel_minimizing,1500,2024-11-20,5529.936912,2725.872,2804.064912,0.0,0.0,0.0,0.0,35.379529,577.41004,15.619813,593.029853,1457.076769,17.533717,1474.610486,16.096794,2.225998,18.322792
fuel_minimizing,1500,2024-11-21,5529.936912,2471.993,3057.943912,0.0,0.0,0.0,0.0,38.437473,575.729607,17.064453,592.79406,1464.577128,18.863837,1483.440965,13.991212,2.509183,16.500395
fuel_minimizing,1500,2024-11-22,5529.936912,2539.781,2990.155912,0.0,0.0,0.0,0.0,41.427629,573.763925,18.487078,592.251003,1469.872785,20.151009,1490.023794,13.138952,2.789542,15.928494
fuel_minimizing,1500,2024-11-23,5529.936912,1866.447,3663.489912,0.0,0.0,0.0,0.0,45.091119,571.094325,20.237961,591.332286,1471.368338,21.719865,1493.088203,12.944319,3.133293,16.077612
fuel_minimizing,1500,2024-11-24,5529.936912,3045.187,2484.749912,0.0,0.0,0.0,0.0,47.575869,567.617288,21.430595,589.047883,1471.483492,22.779922,1494.263414,13.048713,3.365352,16.414065
fuel_minimizing,1500,2024-11-25,5529.936912,3618.655,1911.281912,0.0,0.0,0.0,0.0,49.487151,563.567455,22.356485,585.92394,1476.13268,23.585975,1499.718655,12.659446,3.544691,16.204137
fuel_minimizing,1500,2024-11-26,5529.936912,3082.769,2447.167912,0.0,0.0,0.0,0.0,51.934319,559.538326,23.550965,583.089291,1478.974376,24.609173,1503.583549,12.592209,3.77418,16.366389
fuel_minimizing,1500,2024-11-27,5529.936912,4870.567,659.369912,0.0,0.0,0.0,0.0,52.593689,556.815817,23.873024,580.688841,1476.824337,24.884922,1501.709259,12.512586,3.835742,16.348328
fuel_minimizing,1500,2024-11-28,5529.936912,5529.936912,0.0,122.076088,0.0,0.0,0.0,52.471613,557.300048,23.817612,581.11766,1475.93371,24.827161,1500.760871,12.191145,3.826839,16.017984
fuel_minimizing,1500,2024-11-29,5529.936912,5186.147,343.789912,0.0,0.0,0.0,0.0,52.815402,556.48111,23.985871,580.466981,1478.405162,24.970541,1503.375703,12.481326,3.85899,16.340316
fuel_minimizing,1500,2024-11-30,5529.936912,2037.891,3492.045912,0.0,0.0,0.0,0.0,56.307448,555.394177,25.708452,581.102629,1484.27805,26.412798,1510.690848,12.788022,4.186198,16.97422
fuel_minimizing,1500,2024-12-01,5832.121497,1865.197,3966.924497,0.0,0.0,0.0,0.0,60.274373,554.633899,27.688857,582.322756,1494.792109,28.022519,1522.814628,12.50138,4.562997,17.064377
fuel_minimizing,1500,2024-12-02,5832.121497,4729.009,1103.112497,0.0,0.0,0.0,0.0,61.377485,552.592304,28.245007,580.837311,1501.609556,28.464239,1530.073795,12.582772,4.66824,17.251012
fuel_minimizing,1500,2024-12-03,5832.121497,4032.052,1800.069497,0.0,0.0,0.0,0.0,63.177555,550.587516,29.15864,579.746156,1505.338235,29.179268,1534.517503,12.946678,4.839647,17.786325
fuel_minimizing,1500,2024-12-04,5832.121497,4040.736,1791.385497,0.0,0.0,0.0,0.0,64.96894,550.094083,30.079599,580.173682,1513.565963,29.882684,1543.448647,15.719913,5.006657,20.72657
fuel_minimizing,1500,2024-12-05,5832.121497,3492.548,2339.573497,0.0,0.0,0.0,0.0,67.308514,554.068003,31.302374,585.370377,1528.627173,30.784119,1559.411292,18.801023,5.222021,24.023044
fuel_minimizing,1500,2024-12-06,5832.121497,4238.664,1593.457497,0.0,0.0,0.0,0.0,68.901971,558.920672,32.149633,591.070305,1549.076601,31.376696,1580.453297,17.339501,5.375642,22.715143
fuel_minimizing,1500,2024-12-07,5832.121497,2493.363,3338.758497,0.0,0.0,0.0,0.0,72.24073,560.80584,33.955907,594.761747,1568.980138,32.56434,1601.544478,13.423825,5.720483,19.144308
fuel_minimizing,1500,2024-12-08,5832.121497,2323.79,3508.331497,0.0,0.0,0.0,0.0,75.749061,561.881271,35.892899,597.77417,1587.814485,33.758264,1621.572749,11.895656,6.097899,17.993555
fuel_minimizing,1500,2024-12-09,5832.121497,3269.917,2562.204497,0.0,0.0,0.0,0.0,78.311266,565.85059,37.336,603.18659,1603.957274,34.602309,1638.559583,14.514364,6.372957,20.887321
fuel_minimizing,1500,2024-12-10,5832.121497,3089.807,2742.314497,0.0,0.0,0.0,0.0,81.05358,571.079372,38.894095,609.973467,1614.266532,35.487225,1649.753757,14.871782,6.67226,21.544042
fuel_minimizing,1500,2024-12-11,5832.121497,4300.004,1532.117497,0.0,0.0,0.0,0.0,82.585698,571.72003,39.767951,611.487981,1619.60519,35.973322,1655.578512,12.898314,6.844425,19.742739
fuel_minimizing,1500,2024-12-12,5832.121497,5832.121497,0.0,1239.040503,0.0,0.0,0.0,81.346657,569.488654,39.171309,608.659963,1620.308508,35.433611,1655.742119,11.616681,6.741737,18.358418
fuel_minimizing,1500,2024-12-13,5832.121497,3182.089,2650.032497,0.0,0.0,0.0,0.0,83.99669,565.511283,40.69577,606.207053,1621.303357,36.264169,1657.567526,13.170801,7.036751,20.207552
fuel_minimizing,1500,2024-12-14,5832.121497,1892.331,3939.790497,0.0,0.0,0.0,0.0,87.93648,563.766439,43.013401,606.77984,1634.146746,37.452877,1671.599623,15.64029,7.470202,23.110492
fuel_minimizing,1500,2024-12-15,5832.121497,1939.625,3892.496497,0.0,0.0,0.0,0.0,91.828977,570.515777,45.386115,615.901892,1655.063352,38.571937,1693.635289,24.574565,7.870925,32.44549
fuel_minimizing,1500,2024-12-16,5832.121497,4116.119,1716.002497,0.0,0.0,0.0,0.0,93.544979,576.920057,46.458465,623.378522,1676.611123,39.029739,1715.640862,23.823751,8.056775,31.880526
fuel_minimizing,1500,2024-12-17,5832.121497,1931.968,3900.153497,0.0,0.0,0.0,0.0,97.445133,579.197442,48.960871,628.158313,1697.471609,39.976935,1737.448544,21.4504,8.507327,29.957727
fuel_minimizing,1500,2024-12-18,5832.121497,1901.339,3930.782497,0.0,0.0,0.0,0.0,101.375915,578.159967,51.549487,629.709454,1715.512264,40.840224,1756.352488,19.238654,8.986203,28.224857
fuel_minimizing,1500,2024-12-19,5832.121497,1543.331,4288.790497,0.0,0.0,0.0,0.0,105.664706,575.082047,54.424736,629.506783,1727.371737,41.708724,1769.080461,16.795706,9.531246,26.326952
fuel_minimizing,1500,2024-12-20,5832.121497,2628.882,3203.239497,0.0,0.0,0.0,0.0,108.867945,571.603861,56.606083,628.209944,1736.893133,42.31145,1779.204583,15.070544,9.950412,25.020956
fuel_minimizing,1500,2024-12-21,5832.121497,2254.907,3577.214497,0.0,0.0,0.0,0.0,112.44516,569.336828,59.088093,628.424921,1747.243934,42.930902,1790.174836,14.831675,10.426165,25.25784
fuel_minimizing,1500,2024-12-22,5832.121497,2036.176,3795.945497,0.0,0.0,0.0,0.0,116.241105,566.520003,61.779957,628.29996,1758.588855,43.523813,1802.112668,15.025719,10.937335,25.963054
fuel_minimizing,1500,2024-12-23,5832.121497,2022.988,3809.133497,0.0,0.0,0.0,0.0,120.050239,562.961303,64.500587,627.46189,1761.245429,44.100331,1805.34576,15.05344,11.44932,26.50276
fuel_minimizing,1500,2024-12-24,5832.121497,2014.282,3817.839497,0.0,0.0,0.0,0.0,123.868078,558.602068,67.230404,625.832472,1759.156611,44.686489,1803.8431,16.027788,11.951185,27.978973
fuel_minimizing,1500,2024-12-25,5832.121497,2047.353,3784.768497,0.0,0.0,0.0,0.0,127.652847,554.555685,69.933974,624.489659,1757.070708,45.274943,1802.345651,15.942857,12.443929,28.386786
fuel_minimizing,1500,2024-12-26,5832.121497,2182.42,3649.701497,0.0,0.0,0.0,0.0,131.302548,551.432909,72.569273,624.002182,1762.068275,45.812504,1807.880779,15.918675,12.920772,28.839447
fuel_minimizing,1500,2024-12-27,5832.121497,2067.668,3764.453497,0.0,0.0,0.0,0.0,135.067002,551.67675,75.314328,626.991078,1768.801179,46.32796,1815.129139,14.875321,13.424714,28.300035
fuel_minimizing,1500,2024-12-28,5832.121497,2547.943,3284.178497,0.0,0.0,0.0,0.0,138.35118,552.837296,77.720961,630.558257,1771.943881,46.762634,1818.706515,14.908939,13.867585,28.776524
fuel_minimizing,1500,2024-12-29,5832.121497,2769.536,3062.585497,0.0,0.0,0.0,0.0,141.413766,549.658159,79.980057,629.638216,1775.027548,47.150467,1822.178015,14.335654,14.283242,28.618896
fuel_minimizing,1500,2024-12-30,5832.121497,2538.884,3293.237497,0.0,0.0,0.0,0.0,144.707003,547.299111,82.429454,629.728565,1778.286862,47.54904,1825.835902,14.804545,14.728509,29.533054
fuel_minimizing,1500,2024-12-31,5832.121497,3510.916,2321.205497,0.0,0.0,0.0,0.0,147.028209,547.144985,84.167896,631.312881,1781.938285,47.816221,1829.754506,14.880039,15.044092,29.924131
fuel_minimizing,2500,2024-01-01,8535.245301,8535.245301,0.0,0.0,0.0,0.0,0.0,0.0,156.869209,0.0,156.869209,1173.727052,0.0,1173.727052,13.077023,0.0,13.077023
fuel_minimizing,2500,2024-01-02,8535.245301,8535.245301,0.0,0.0,0.0,0.0,0.0,0.0,165.885579,0.0,165.885579,1180.355005,0.0,1180.355005,13.108283,0.0,13.108283
fuel_minimizing,2500,2024-01-03,8535.245301,8535.245301,0.0,0.0,0.0,0.0,0.0,0.0,169.62371,0.0,169.62371,1181.145053,0.0,1181.145053,13.347151,0.0,13.347151
fuel_minimizing,2500,2024-01-04,8535.245301,8535.245301,0.0,0.0,0.0,0.0,0.0,0.0,168.623041,0.0,168.623041,1181.771845,0.0,1181.771845,13.077023,0.0,13.077023
fuel_minimizing,2500,2024-01-05,8535.245301,8535.245301,0.0,0.0,0.0,0.0,0.0,0.0,167.150793,0.0,167.150793,1184.511505,0.0,1184.511505,12.82223,0.0,12.82223
fuel_minimizing,2500,2024-01-06,8535.245301,8535.245301,0.0,0.0,0.0,0.0,0.0,0.0,166.277796,0.0,166.277796,1185.1485,0.0,1185.1485,13.404952,0.0,13.404952
fuel_minimizing,2500,2024-01-07,8535.245301,8535.245301,0.0,0.0,0.0,0.0,0.0,0.0,165.897081,0.0,165.897081,1187.195046,0.0,1187.195046,13.388437,0.0,13.388437
fuel_minimizing,2500,2024-01-08,8535.245301,8535.245301,0.0,0.0,0.0,0.0,0.0,0.0,164.069423,0.0,164.069423,1185.781851,0.0,1185.781851,13.592508,0.0,13.592508
fuel_minimizing,2500,2024-01-09,8535.245301,8535.245301,0.0,0.0,0.0,0.0,0.0,0.0,163.40116,0.0,163.40116,1184.802307,0.0,1184.802307,13.065227,0.0,13.065227
fuel_minimizing,2500,2024-01-10,8535.245301,8535.245301,0.0,0.0,0.0,0.0,0.0,0.0,160.648746,0.0,160.648746,1179.176492,0.0,1179.176492,13.515834,0.0,13.515834
fuel_minimizing,2500,2024-01-11,8535.245301,8535.245301,0.0,0.0,0.0,0.0,0.0,0.0,160.154163,0.0,160.154163,1178.446936,0.0,1178.446936,13.215036,0.0,13.215036
fuel_minimizing,2500,2024-01-12,8535.245301,8535.245301,0.0,0.0,0.0,0.0,0.0,0.0,157.198164,0.0,157.198164,1174.822479,0.0,1174.822479,13.20383,0.0,13.20383
fuel_minimizing,2500,2024-01-13,8535.245301,8535.245301,0.0,0.0,0.0,0.0,0.0,0.0,153.305908,0.0,153.305908,1171.180531,0.0,1171.180531,13.123028,0.0,13.123028
fuel_minimizing,2500,2024-01-14,8535.245301,8535.245301,0.0,0.0,0.0,0.0,0.0,0.0,150.408569,0.0,150.408569,1176.181741,0.0,1176.181741,12.834616,0.0,12.834616
fuel_minimizing,2500,2024-01-15,8535.245301,8535.245301,0.0,0.0,0.0,0.0,0.0,0.0,148.343971,0.0,148.343971,1180.658197,0.0,1180.658197,13.576583,0.0,13.576583
fuel_minimizing,2500,2024-01-16,8535.245301,8535.245301,0.0,0.0,0.0,0.0,0.0,0.0,147.650404,0.0,147.650404,1176.881415,0.0,1176.881415,13.023352,0.0,13.023352
fuel_minimizing,2500,2024-01-17,8535.245301,8535.245301,0.0,0.0,0.0,0.0,0.0,0.0,145.240747,0.0,145.240747,1171.10619,0.0,1171.10619,12.434732,0.0,12.434732
fuel_minimizing,2500,2024-01-18,8535.245301,8535.245301,0.0,0.0,0.0,0.0,0.0,0.0,142.212287,0.0,142.212287,1165.314202,0.0,1165.314202,10.701903,0.0,10.701903
fuel_minimizing,2500,2024-01-19,8535.245301,8535.245301,0.0,0.0,0.0,0.0,0.0,0.0,147.561839,0.0,147.561839,1169.327123,0.0,1169.327123,10.723725,0.0,10.723725
fuel_minimizing,2500,2024-01-20,8535.245301,8535.245301,0.0,0.0,0.0,0.0,0.0,0.0,192.373397,0.0,192.373397,1215.454584,0.0,1215.454584,27.633853,0.0,27.633853
fuel_minimizing,2500,2024-01-21,8535.245301,8535.245301,0.0,0.0,0.0,0.0,0.0,0.0,224.966444,0.0,224.966444,1273.137597,0.0,1273.137597,31.907536,0.0,31.907536
fuel_minimizing,2500,2024-01-22,8535.245301,8535.245301,0.0,0.0,0.0,0.0,0.0,0.0,237.908427,0.0,237.908427,1300.21352,0.0,1300.21352,27.782482,0.0,27.782482
fuel_minimizing,2500,2024-01-23,8535.245301,8535.245301,0.0,0.0,0.0,0.0,0.0,0.0,256.091844,0.0,256.091844,1319.627285,0.0,1319.627285,26.287931,0.0,26.287931
fuel_minimizing,2500,2024-01-24,8535.245301,6310.409,2224.836301,0.0,0.0,0.0,0.0,2.224836,271.925415,1.221463,273.146878,1342.787949,0.877386,1343.665335,24.622929,0.125986,24.748915
fuel_minimizing,2500,2024-01-25,8535.245301,6643.514,1891.731301,0.0,0.0,0.0,0.0,4.116568,277.05528,2.262475,279.317755,1354.315077,1.614386,1355.929463,20.529134,0.239707,20.768841
fuel_minimizing,2500,2024-01-26,8535.245301,8156.453,378.792301,0.0,0.0,0.0,0.0,4.49536,279.576505,2.470464,282.046969,1359.29661,1.760755,1361.057365,14.589268,0.264141,14.853409
fuel_minimizing,2500,2024-01-27,8535.245301,7271.013,1264.232301,0.0,0.0,0.0,0.0,5.759592,295.399724,3.164794,298.564518,1370.925045,2.248912,1373.173957,16.25722,0.345887,16.603107
fuel_minimizing,2500,2024-01-28,8535.245301,7674.335,860.910301,0.0,0.0,0.0,0.0,6.620503,317.933175,3.6429,321.576075,1402.432236,2.574583,1405.006819,17.647376,0.40302,18.050396
fuel_minimizing,2500,2024-01-29,8535.245301,7039.871,1495.374301,0.0,0.0,0.0,0.0,8.115877,328.736947,4.481472,333.218419,1426.209488,3.12624,1429.335728,14.792749,0.508165,15.300914
fuel_minimizing,2500,2024-01-30,8535.245301,8535.245301,0.0,0.0,0.0,0.0,0.0,8.115877,336.543314,4.481472,341.024786,1435.444455,3.12624,1438.570695,14.34863,0.508165,14.856795
fuel_minimizing,2500,2024-01-31,8535.245301,8535.245301,0.0,0.0,0.0,0.0,0.0,8.115877,338.372122,4.481472,342.853594,1437.456746,3.12624,1440.582986,14.405841,0.508165,14.914006
fuel_minimizing,2500,2024-02-01,8570.78035,7944.238,626.54235,0.0,0.0,0.0,0.0,8.742419,337.903993,4.833433,342.737426,1436.749055,3.355493,1440.104548,13.580122,0.553494,14.133616
fuel_minimizing,2500,2024-02-02,8570.78035,7492.62,1078.16035,0.0,0.0,0.0,0.0,9.82058,339.219815,5.436211,344.656026,1433.003613,3.752123,1436.755736,12.460683,0.632246,13.092929
fuel_minimizing,2500,2024-02-03,8570.78035,6789.074,1781.70635,0.0,0.0,0.0,0.0,11.602286,341.576563,6.429876,348.006439,1431.976696,4.409673,1436.386369,12.304387,0.762737,13.067124
fuel_minimizing,2500,2024-02-04,8570.78035,6889.12,1681.66035,0.0,0.0,0.0,0.0,13.283946,344.427894,7.368251,351.796145,1434.889089,5.029232,1439.918321,12.316183,0.886464,13.202647
fuel_minimizing,2500,2024-02-05,8570.78035,7326.016,1244.76435,0.0,0.0,0.0,0.0,14.528711,345.021394,8.063468,353.084862,1436.396303,5.487113,1441.883416,12.394036,0.97813,13.372166
fuel_minimizing,2500,2024-02-06,8570.78035,7023.708,1547.07235,0.0,0.0,0.0,0.0,16.075783,342.412754,8.926332,351.339086,1432.907408,6.057637,1438.965045,12.11919,1.091814,13.211004
fuel_minimizing,2500,2024-02-07,8570.78035,8570.78035,0.0,0.0,0.0,0.0,0.0,16.075783,338.30196,8.926332,347.228292,1430.04822,6.057637,1436.105857,12.363367,1.091814,13.455181
fuel_minimizing,2500,2024-02-08,8570.78035,8570.78035,0.0,0.0,0.0,0.0,0.0,16.075783,333.548209,8.926332,342.474541,1424.767868,6.057637,1430.825505,12.976168,1.091814,14.067982
fuel_minimizing,2500,2024-02-09,8570.78035,8570.78035,0.0,0.0,0.0,0.0,0.0,16.075783,329.194724,8.926332,338.121056,1422.163769,6.057637,1428.221406,12.933702,1.091814,14.025516
fuel_minimizing,2500,2024-02-10,8570.78035,8570.78035,0.0,0.0,0.0,0.0,0.0,16.075783,324.615802,8.926332,333.542134,1418.591059,6.057637,1424.648696,12.934292,1.091814,14.026106
fuel_minimizing,2500,2024-02-11,8570.78035,8570.78035,0.0,0.0,0.0,0.0,0.0,16.075783,324.264993,8.926332,333.191325,1415.816415,6.057637,1421.874052,12.768559,1.091814,13.860373
fuel_minimizing,2500,2024-02-12,8570.78035,8570.78035,0.0,0.0,0.0,0.0,0.0,16.075783,320.907577,8.926332,329.833909,1407.776724,6.057637,1413.834361,12.847592,1.091814,13.939406
fuel_minimizing,2500,2024-02-13,8570.78035,8570.78035,0.0,0.0,0.0,0.0,0.0,16.075783,315.080694,8.926332,324.007026,1397.307124,6.057637,1403.364761,12.905982,1.091814,13.997796
fuel_minimizing,2500,2024-02-14,8570.78035,8570.78035,0.0,0.0,0.0,0.0,0.0,16.075783,308.863895,8.926332,317.790227,1389.190907,6.057637,1395.248544,13.009197,1.091814,14.101011
fuel_minimizing,2500,2024-02-15,8570.78035,8570.78035,0.0,0.0,0.0,0.0,0.0,16.075783,303.050815,8.926332,311.977147,1384.287359,6.057637,1390.344996,12.44122,1.091814,13.533034
fuel_minimizing,2500,2024-02-16,8570.78035,8570.78035,0.0,0.0,0.0,0.0,0.0,16.075783,297.664456,8.926332,306.590788,1381.913569,6.057637,1387.971206,13.772986,1.091814,14.8648
fuel_minimizing,2500,2024-02-17,8570.78035,8570.78035,0.0,0.0,0.0,0.0,0.0,16.075783,298.171692,8.926332,307.098024,1385.083238,6.057637,1391.140875,13.598406,1.091814,14.69022
fuel_minimizing,2500,2024-02-18,8570.78035,8570.78035,0.0,0.0,0.0,0.0,0.0,16.075783,297.360805,8.926332,306.287137,1395.782418,6.057637,1401.840055,13.209728,1.091814,14.301542
fuel_minimizing,2500,2024-02-19,8570.78035,8570.78035,0.0,0.0,0.0,0.0,0.0,16.075783,294.999457,8.926332,303.925789,1405.080793,6.057637,1411.13843,12.915419,1.091814,14.007233
fuel_minimizing,2500,2024-02-20,8570.78035,8570.78035,0.0,0.0,0.0,0.0,0.0,16.075783,290.506799,8.926332,299.433131,1402.884109,6.057637,1408.941746,13.347741,1.091814,14.439555
fuel_minimizing,2500,2024-02-21,8570.78035,8570.78035,0.0,0.0,0.0,0.0,0.0,16.075783,287.443832,8.926332,296.370164,1397.439042,6.057637,1403.496679,13.453315,1.091814,14.545129
fuel_minimizing,2500,2024-02-22,8570.78035,8570.78035,0.0,0.0,0.0,0.0,0.0,16.075783,284.546494,8.926332,293.472826,1385.438177,6.057637,1391.495814,13.064638,1.091814,14.156452
fuel_minimizing,2500,2024-02-23,8570.78035,8570.78035,0.0,0.0,0.0,0.0,0.0,16.075783,280.424198,8.926332,289.35053,1373.100593,6.057637,1379.15823,13.034558,1.091814,14.126372
fuel_minimizing,2500,2024-02-24,8570.78035,8570.78035,0.0,0.0,0.0,0.0,0.0,16.075783,278.930096,8.926332,287.856428,1362.913049,6.057637,1368.970686,13.312353,1.091814,14.404167
fuel_minimizing,2500,2024-02-25,8570.78035,8570.78035,0.0,0.0,0.0,0.0,0.0,16.075783,281.889546,8.926332,290.815878,1354.737797,6.057637,1360.795434,15.373111,1.091814,16.464925
fuel_minimizing,2500,2024-02-26,8570.78035,8570.78035,0.0,0.0,0.0,0.0,0.0,16.075783,284.896153,8.926332,293.822485,1356.978211,6.057637,1363.035848,14.297907,1.091814,15.389721
fuel_minimizing,2500,2024-02-27,8570.78035,8570.78035,0.0,0.0,0.0,0.0,0.0,16.075783,280.979742,8.926332,289.906074,1357.440288,6.057637,1363.497925,15.428552,1.091814,16.520366
fuel_minimizing,2500,2024-02-28,8570.78035,8570.78035,0.0,0.0,0.0,0.0,0.0,16.075783,276.908055,8.926332,285.834387,1354.374112,6.057637,1360.431749,16.799835,1.091814,17.891649
fuel_minimizing,2500,2024-02-29,8570.78035,8570.78035,0.0,0.0,0.0,0.0,0.0,16.075783,273.352806,8.926332,282.279138,1351.162172,6.057637,1357.219809,17.642068,1.091814,18.733882
fuel_minimizing,2500,2024-03-01,8089.690462,8089.690462,0.0,0.0,0.0,0.0,0.0,16.075783,270.073603,8.926332,278.999935,1344.612932,6.057637,1350.670569,18.191171,1.091814,19.282985
fuel_minimizing,2500,2024-03-02,8089.690462,8089.690462,0.0,0.0,0.0,0.0,0.0,16.075783,267.548927,8.926332,276.475259,1344.21062,6.057637,1350.268257,18.562744,1.091814,19.654558
fuel_minimizing,2500,2024-03-03,8089.690462,8089.690462,0.0,0.0,0.0,0.0,0.0,16.075783,263.229948,8.926332,272.15628,1350.232917,6.057637,1356.290554,18.411755,1.091814,19.503569
fuel_minimizing,2500,2024-03-04,8089.690462,8089.690462,0.0,0.0,0.0,0.0,0.0,16.075783,261.586321,8.926332,270.512653,1355.707866,6.057637,1361.765503,18.698398,1.091814,19.790212
fuel_minimizing,2500,2024-03-05,8089.690462,8089.690462,0.0,0.0,0.0,0.0,0.0,16.075783,260.400471,8.926332,269.326803,1354.738526,6.057637,1360.796163,19.256937,1.091814,20.348751
fuel_minimizing,2500,2024-03-06,8089.690462,8089.690462,0.0,0.0,0.0,0.0,0.0,16.075783,260.16008,8.926332,269.086412,1351.950763,6.057637,1358.0084,17.873859,1.091814,18.965673
fuel_minimizing,2500,2024-03-07,8089.690462,8089.690462,0.0,0.0,0.0,0.0,0.0,16.075783,258.67518,8.926332,267.601512,1348.756314,6.057637,1354.813951,17.221541,1.091814,18.313355
fuel_minimizing,2500,2024-03-08,8089.690462,8089.690462,0.0,0.0,0.0,0.0,0.0,16.075783,257.347856,8.926332,266.274188,1341.276362,6.057637,1347.333999,16.57748,1.091814,17.669294
fuel_minimizing,2500,2024-03-09,8089.690462,8089.690462,0.0,0.0,0.0,0.0,0.0,16.075783,252.082268,8.926332,261.0086,1342.554725,6.057637,1348.612362,15.524689,1.091814,16.616503
fuel_minimizing,2500,2024-03-10,8089.690462,8089.690462,0.0,0.0,0.0,0.0,0.0,16.075783,244.98212,8.926332,253.908452,1346.489662,6.057637,1352.547299,14.988562,1.091814,16.080376
fuel_minimizing,2500,2024-03-11,8089.690462,8089.690462,0.0,0.0,0.0,0.0,0.0,16.075783,239.420932,8.926332,248.347264,1346.426254,6.057637,1352.483891,14.490772,1.091814,15.582586
fuel_minimizing,2500,2024-03-12,8089.690462,8089.690462,0.0,0.0,0.0,0.0,0.0,16.075783,234.471648,8.926332,243.39798,1337.893876,6.057637,1343.951513,14.739667,1.091814,15.831481
fuel_minimizing,2500,2024-03-13,8089.690462,8089.690462,0.0,0.0,0.0,0.0,0.0,16.075783,229.822564,8.926332,238.748896,1330.789271,6.057637,1336.846908,14.939609,1.091814,16.031423
fuel_minimizing,2500,2024-03-14,8089.690462,8089.690462,0.0,0.0,0.0,0.0,0.0,16.075783,225.742825,8.926332,234.669157,1325.374815,6.057637,1331.432452,14.984433,1.091814,16.076247
fuel_minimizing,2500,2024-03-15,8089.690462,8089.690462,0.0,0.0,0.0,0.0,0.0,16.075783,222.68446,8.926332,231.610792,1322.726257,6.057637,1328.783894,14.55447,1.091814,15.646284
fuel_minimizing,2500,2024-03-16,8089.690462,8089.690462,0.0,0.0,0.0,0.0,0.0,16.075783,221.874723,8.926332,230.801055,1319.968376,6.057637,1326.026013,14.854088,1.091814,15.945902
fuel_minimizing,2500,2024-03-17,8089.690462,8089.690462,0.0,0.0,0.0,0.0,0.0,16.075783,219.787121,8.926332,228.713453,1319.03402,6.057637,1325.091657,13.936361,1.091814,15.028175
fuel_minimizing,2500,2024-03-18,8089.690462,8089.690462,0.0,0.0,0.0,0.0,0.0,16.075783,218.554113,8.926332,227.480445,1311.731902,6.057637,1317.789539,13.171981,1.091814,14.263795
fuel_minimizing,2500,2024-03-19,8089.690462,8089.690462,0.0,0.0,0.0,0.0,0.0,16.075783,215.351973,8.926332,224.278305,1302.070571,6.057637,1308.128208,12.901853,1.091814,13.993667
fuel_minimizing,2500,2024-03-20,8089.690462,8089.690462,0.0,0.0,0.0,0.0,0.0,16.075783,212.070469,8.926332,220.996801,1291.671668,6.057637,1297.729305,12.79451,1.091814,13.886324
fuel_minimizing,2500,2024-03-21,8089.690462,8089.690462,0.0,0.0,0.0,0.0,0.0,16.075783,207.662926,8.926332,216.589258,1282.230443,6.057637,1288.28808,12.76384,1.091814,13.855654
fuel_minimizing,2500,2024-03-22,8089.690462,8089.690462,0.0,0.0,0.0,0.0,0.0,16.075783,201.380566,8.926332,210.306898,1273.823423,6.057637,1279.88106,12.785073,1.091814,13.876887
fuel_minimizing,2500,2024-03-23,8089.690462,8089.690462,0.0,0.0,0.0,0.0,0.0,16.075783,198.444121,8.926332,207.370453,1261.903458,6.057637,1267.961095,12.819871,1.091814,13.911685
fuel_minimizing,2500,2024-03-24,8089.690462,8089.690462,0.0,0.0,0.0,0.0,0.0,16.075783,193.849096,8.926332,202.775428,1255.737581,6.057637,1261.795218,12.832847,1.091814,13.924661
fuel_minimizing,2500,2024-03-25,8089.690462,8089.690462,0.0,0.0,0.0,0.0,0.0,16.075783,192.349243,8.926332,201.275575,1250.835491,6.057637,1256.893128,12.467171,1.091814,13.558985
fuel_minimizing,2500,2024-03-26,8089.690462,8089.690462,0.0,0.0,0.0,0.0,0.0,16.075783,189.700346,8.926332,198.626678,1248.463159,6.057637,1254.520796,13.729931,1.091814,14.821745
fuel_minimizing,2500,2024-03-27,8089.690462,8089.690462,0.0,0.0,0.0,0.0,0.0,16.075783,191.603917,8.926332,200.530249,1248.498143,6.057637,1254.55578,12.522023,1.091814,13.613837
fuel_minimizing,2500,2024-03-28,8089.690462,8089.690462,0.0,0.0,0.0,0.0,0.0,16.075783,192.995652,8.926332,201.921984,1244.152147,6.057637,1250.209784,12.171682,1.091814,13.263496
fuel_minimizing,2500,2024-03-29,8089.690462,8089.690462,0.0,0.0,0.0,0.0,0.0,16.075783,193.939961,8.926332,202.866293,1240.319246,6.057637,1246.376883,11.813084,1.091814,12.904898
fuel_minimizing,2500,2024-03-30,8089.690462,8089.690462,0.0,0.0,0.0,0.0,0.0,16.075783,195.873437,8.926332,204.799769,1235.848621,6.057637,1241.906258,11.867935,1.091814,12.959749
fuel_minimizing,2500,2024-03-31,8089.690462,8089.690462,0.0,0.0,0.0,0.0,0.0,16.075783,417.418055,8.926332,426.344387,1228.959749,6.057637,1235.017386,12.274897,1.091814,13.366711
fuel_minimizing,2500,2024-04-01,5242.786385,5242.786385,0.0,0.0,0.0,0.0,0.0,16.075783,415.996415,8.926332,424.922747,1221.229081,6.057637,1227.286718,12.761481,1.091814,13.853295
fuel_minimizing,2500,2024-04-02,5242.786385,5242.786385,0.0,0.0,0.0,0.0,0.0,16.075783,412.808077,8.926332,421.734409,1212.292933,6.057637,1218.35057,13.049303,1.091814,14.141117
fuel_minimizing,2500,2024-04-03,5242.786385,5242.786385,0.0,0.0,0.0,0.0,0.0,16.075783,410.03956,8.926332,418.965892,1198.273217,6.057637,1204.330854,12.981476,1.091814,14.07329
fuel_minimizing,2500,2024-04-04,5242.786385,5242.786385,0.0,0.0,0.0,0.0,0.0,16.075783,407.497631,8.926332,416.423963,1189.571022,6.057637,1195.628659,13.326508,1.091814,14.418322
fuel_minimizing,2500,2024-04-05,5242.786385,5242.786385,0.0,0.0,0.0,0.0,0.0,16.075783,405.362871,8.926332,414.289203,1180.943168,6.057637,1187.000805,13.528809,1.091814,14.620623
fuel_minimizing,2500,2024-04-06,5242.786385,5242.786385,0.0,0.0,0.0,0.0,0.0,16.075783,404.969505,8.926332,413.895837,1173.90853,6.057637,1179.966167,12.805716,1.091814,13.89753
fuel_minimizing,2500,2024-04-07,5242.786385,5242.786385,0.0,0.0,0.0,0.0,0.0,16.075783,406.016182,8.926332,414.942514,1173.464674,6.057637,1179.522311,10.471291,1.091814,11.563105
fuel_minimizing,2500,2024-04-08,5242.786385,5242.786385,0.0,0.0,0.0,0.0,0.0,16.075783,404.916596,8.926332,413.842928,1170.009306,6.057637,1176.066943,5.922172,1.091814,7.013986
fuel_minimizing,2500,2024-04-09,5242.786385,5242.786385,0.0,0.0,0.0,0.0,0.0,16.075783,404.931549,8.926332,413.857881,1162.619,6.057637,1168.676637,3.480404,1.091814,4.572218
fuel_minimizing,2500,2024-04-10,5242.786385,5242.786385,0.0,0.0,0.0,0.0,0.0,16.075783,413.191092,8.926332,422.117424,1165.710684,6.057637,1171.768321,8.112095,1.091814,9.203909
fuel_minimizing,2500,2024-04-11,5242.786385,5242.786385,0.0,0.0,0.0,0.0,0.0,16.075783,448.137436,8.926332,457.063768,1196.853462,6.057637,1202.911099,18.461298,1.091814,19.553112
fuel_minimizing,2500,2024-04-12,5242.786385,5242.786385,0.0,0.0,0.0,0.0,0.0,16.075783,510.656231,8.926332,519.582563,1267.424322,6.057637,1273.481959,36.096878,1.091814,37.188692
fuel_minimizing,2500,2024-04-13,5242.786385,5242.786385,0.0,0.0,0.0,0.0,0.0,16.075783,542.480949,8.926332,551.407281,1323.471119,6.057637,1329.528756,40.056789,1.091814,41.148603
fuel_minimizing,2500,2024-04-14,5242.786385,5242.786385,0.0,0.0,0.0,0.0,0.0,16.075783,555.633417,8.926332,564.559749,1356.154637,6.057637,1362.212274,39.081261,1.091814,40.173075
fuel_minimizing,2500,2024-04-15,5242.786385,5242.786385,0.0,0.0,0.0,0.0,0.0,16.075783,561.872069,8.926332,570.798401,1377.292806,6.057637,1383.350443,34.937923,1.091814,36.029737
fuel_minimizing,2500,2024-04-16,5242.786385,5242.786385,0.0,0.0,0.0,0.0,0.0,16.075783,565.102964,8.926332,574.029296,1389.267434,6.057637,1395.325071,29.487591,1.091814,30.579405
fuel_minimizing,2500,2024-04-17,5242.786385,5242.786385,0.0,0.0,0.0,0.0,0.0,16.075783,566.511952,8.926332,575.438284,1397.638012,6.057637,1403.695649,23.996562,1.091814,25.088376
fuel_minimizing,2500,2024-04-18,5242.786385,5242.786385,0.0,0.0,0.0,0.0,0.0,16.075783,566.920271,8.926332,575.846603,1405.551615,6.057637,1411.609252,19.399669,1.091814,20.491483
fuel_minimizing,2500,2024-04-19,5242.786385,5242.786385,0.0,0.0,0.0,0.0,0.0,16.075783,565.774678,8.926332,574.70101,1412.154059,6.057637,1418.211696,16.001837,1.091814,17.093651
fuel_minimizing,2500,2024-04-20,5242.786385,5242.786385,0.0,0.0,0.0,0.0,0.0,16.075783,563.225848,8.926332,572.15218,1414.438203,6.057637,1420.49584,13.46924,1.091814,14.561054
fuel_minimizing,2500,2024-04-21,5242.786385,5242.786385,0.0,0.0,0.0,0.0,0.0,16.075783,562.717462,8.926332,571.643794,1415.436696,6.057637,1421.494333,12.741428,1.091814,13.833242
fuel_minimizing,2500,2024-04-22,5242.786385,5242.786385,0.0,0.0,0.0,0.0,0.0,16.075783,559.319789,8.926332,568.246121,1417.96281,6.057637,1424.020447,13.134824,1.091814,14.226638
fuel_minimizing,2500,2024-04-23,5242.786385,5242.786385,0.0,0.0,0.0,0.0,0.0,16.075783,554.896143,8.926332,563.822475,1413.826717,6.057637,1419.884354,13.094128,1.091814,14.185942
fuel_minimizing,2500,2024-04-24,5242.786385,5242.786385,0.0,0.0,0.0,0.0,0.0,16.075783,551.989603,8.926332,560.915935,1410.186955,6.057637,1416.244592,12.503149,1.091814,13.594963
fuel_minimizing,2500,2024-04-25,5242.786385,5242.786385,0.0,0.0,0.0,0.0,0.0,16.075783,549.885898,8.926332,558.81223,1415.569343,6.057637,1421.62698,12.087931,1.091814,13.179745
fuel_minimizing,2500,2024-04-26,5242.786385,5242.786385,0.0,0.0,0.0,0.0,0.0,16.075783,549.24639,8.926332,558.172722,1420.93278,6.057637,1426.990417,13.368384,1.091814,14.460198
fuel_minimizing,2500,2024-04-27,5242.786385,5242.786385,0.0,0.0,0.0,0.0,0.0,16.075783,548.586178,8.926332,557.51251,1423.85975,6.057637,1429.917387,13.141901,1.091814,14.233715
fuel_minimizing,2500,2024-04-28,5242.786385,5242.786385,0.0,0.0,0.0,0.0,0.0,16.075783,547.079424,8.926332,556.005756,1425.215368,6.057637,1431.273005,12.599876,1.091814,13.69169
fuel_minimizing,2500,2024-04-29,5242.786385,5242.786385,0.0,0.0,0.0,0.0,0.0,16.075783,544.601906,8.926332,553.528238,1423.094481,6.057637,1429.152118,12.501969,1.091814,13.593783
fuel_minimizing,2500,2024-04-30,5242.786385,5242.786385,0.0,0.0,0.0,0.0,0.0,16.075783,541.786232,8.926332,550.712564,1417.178593,6.057637,1423.23623,12.369265,1.091814,13.461079
fuel_minimizing,2500,2024-05-01,4794.498081,4794.498081,0.0,16075.782905,0.0,0.0,0.0,0.0,539.743487,0.0,539.743487,1412.672984,0.0,1412.672984,12.598696,0.0,12.598696
fuel_minimizing,2500,2024-05-02,4794.498081,4794.498081,0.0,0.0,0.0,0.0,0.0,0.0,538.0412,0.0,538.0412,1407.916659,0.0,1407.916659,12.825769,0.0,12.825769
fuel_minimizing,2500,2024-05-03,4794.498081,4794.498081,0.0,0.0,0.0,0.0,0.0,0.0,535.894938,0.0,535.894938,1399.302653,0.0,1399.302653,12.756763,0.0,12.756763
fuel_minimizing,2500,2024-05-04,4794.498081,4794.498081,0.0,0.0,0.0,0.0,0.0,0.0,533.408218,0.0,533.408218,1390.045821,0.0,1390.045821,12.67596,0.0,12.67596
fuel_minimizing,2500,2024-05-05,4794.498081,4794.498081,0.0,0.0,0.0,0.0,0.0,0.0,530.402762,0.0,530.402762,1382.5717,0.0,1382.5717,12.749095,0.0,12.749095
fuel_minimizing,2500,2024-05-06,4794.498081,4794.498081,0.0,0.0,0.0,0.0,0.0,0.0,527.353597,0.0,527.353597,1377.192957,0.0,1377.192957,12.964962,0.0,12.964962
fuel_minimizing,2500,2024-05-07,4794.498081,4794.498081,0.0,0.0,0.0,0.0,0.0,0.0,523.641921,0.0,523.641921,1372.062744,0.0,1372.062744,12.954935,0.0,12.954935
fuel_minimizing,2500,2024-05-08,4794.498081,4794.498081,0.0,0.0,0.0,0.0,0.0,0.0,519.496622,0.0,519.496622,1361.874471,0.0,1361.874471,12.662395,0.0,12.662395
fuel_minimizing,2500,2024-05-09,4794.498081,4794.498081,0.0,0.0,0.0,0.0,0.0,0.0,515.485896,0.0,515.485896,1352.458755,0.0,1352.458755,12.826359,0.0,12.826359
fuel_minimizing,2500,2024-05-10,4794.498081,4794.498081,0.0,0.0,0.0,0.0,0.0,0.0,510.745946,0.0,510.745946,1339.455752,0.0,1339.455752,13.089409,0.0,13.089409
fuel_minimizing,2500,2024-05-11,4794.498081,4794.498081,0.0,0.0,0.0,0.0,0.0,0.0,505.354987,0.0,505.354987,1328.654536,0.0,1328.654536,13.250424,0.0,13.250424
fuel_minimizing,2500,2024-05-12,4794.498081,4794.498081,0.0,0.0,0.0,0.0,0.0,0.0,500.830124,0.0,500.830124,1317.354074,0.0,1317.354074,13.016864,0.0,13.016864
fuel_minimizing,2500,2024-05-13,4794.498081,4794.498081,0.0,0.0,0.0,0.0,0.0,0.0,496.057969,0.0,496.057969,1304.04715,0.0,1304.04715,12.85172,0.0,12.85172
fuel_minimizing,2500,2024-05-14,4794.498081,4794.498081,0.0,0.0,0.0,0.0,0.0,0.0,490.949957,0.0,490.949957,1289.758497,0.0,1289.758497,12.797459,0.0,12.797459
fuel_minimizing,2500,2024-05-15,4794.498081,4794.498081,0.0,0.0,0.0,0.0,0.0,0.0,486.264067,0.0,486.264067,1275.924632,0.0,1275.924632,12.642342,0.0,12.642342
fuel_minimizing,2500,2024-05-16,4794.498081,4794.498081,0.0,0.0,0.0,0.0,0.0,0.0,481.673643,0.0,481.673643,1261.741658,0.0,1261.741658,12.650009,0.0,12.650009
fuel_minimizing,2500,2024-05-17,4794.498081,4794.498081,0.0,0.0,0.0,0.0,0.0,0.0,477.258048,0.0,477.258048,1248.309377,0.0,1248.309377,12.877082,0.0,12.877082
fuel_minimizing,2500,2024-05-18,4794.498081,4794.498081,0.0,0.0,0.0,0.0,0.0,0.0,471.586441,0.0,471.586441,1238.847745,0.0,1238.847745,12.901263,0.0,12.901263
fuel_minimizing,2500,2024-05-19,4794.498081,4794.498081,0.0,0.0,0.0,0.0,0.0,0.0,468.786869,0.0,468.786869,1231.277418,0.0,1231.277418,13.095307,0.0,13.095307
fuel_minimizing,2500,2024-05-20,4794.498081,4794.498081,0.0,0.0,0.0,0.0,0.0,0.0,464.907265,0.0,464.907265,1219.054261,0.0,1219.054261,12.639393,0.0,12.639393
fuel_minimizing,2500,2024-05-21,4794.498081,4794.498081,0.0,0.0,0.0,0.0,0.0,0.0,460.96785,0.0,460.96785,1207.191144,0.0,1207.191144,13.197342,0.0,13.197342
fuel_minimizing,2500,2024-05-22,4794.498081,4794.498081,0.0,0.0,0.0,0.0,0.0,0.0,456.456789,0.0,456.456789,1199.916722,0.0,1199.916722,13.168442,0.0,13.168442
fuel_minimizing,2500,2024-05-23,4794.498081,4794.498081,0.0,0.0,0.0,0.0,0.0,0.0,451.824958,0.0,451.824958,1188.08713,0.0,1188.08713,13.160185,0.0,13.160185
fuel_minimizing,2500,2024-05-24,4794.498081,4794.498081,0.0,0.0,0.0,0.0,0.0,0.0,446.507611,0.0,446.507611,1174.960956,0.0,1174.960956,13.003299,0.0,13.003299
fuel_minimizing,2500,2024-05-25,4794.498081,4794.498081,0.0,0.0,0.0,0.0,0.0,0.0,441.753859,0.0,441.753859,1160.640234,0.0,1160.640234,12.754993,0.0,12.754993
fuel_minimizing,2500,2024-05-26,4794.498081,4794.498081,0.0,0.0,0.0,0.0,0.0,0.0,437.477438,0.0,437.477438,1153.49117,0.0,1153.49117,12.628186,0.0,12.628186
fuel_minimizing,2500,2024-05-27,4794.498081,4794.498081,0.0,0.0,0.0,0.0,0.0,0.0,433.421854,0.0,433.421854,1141.131722,0.0,1141.131722,12.756763,0.0,12.756763
fuel_minimizing,2500,2024-05-28,4794.498081,4794.498081,0.0,0.0,0.0,0.0,0.0,0.0,428.539281,0.0,428.539281,1124.701775,0.0,1124.701775,12.683038,0.0,12.683038
fuel_minimizing,2500,2024-05-29,4794.498081,4794.498081,0.0,0.0,0.0,0.0,0.0,0.0,424.467594,0.0,424.467594,1106.874667,0.0,1106.874667,12.685987,0.0,12.685987
fuel_minimizing,2500,2024-05-30,4794.498081,4794.498081,0.0,0.0,0.0,0.0,0.0,0.0,420.259034,0.0,420.259034,1091.582419,0.0,1091.582419,12.605184,0.0,12.605184
fuel_minimizing,2500,2024-05-31,4794.498081,4794.498081,0.0,0.0,0.0,0.0,0.0,0.0,416.226454,0.0,416.226454,1081.929834,0.0,1081.929834,12.455375,0.0,12.455375
fuel_minimizing,2500,2024-06-01,3680.610984,3680.610984,0.0,0.0,0.0,0.0,0.0,0.0,412.849484,0.0,412.849484,1075.938876,0.0,1075.938876,12.739658,0.0,12.739658
fuel_minimizing,2500,2024-06-02,3680.610984,3680.610984,0.0,0.0,0.0,0.0,0.0,0.0,409.80032,0.0,409.80032,1070.614795,0.0,1070.614795,13.425005,0.0,13.425005
fuel_minimizing,2500,2024-06-03,3680.610984,3680.610984,0.0,0.0,0.0,0.0,0.0,0.0,405.675724,0.0,405.675724,1061.075178,0.0,1061.075178,13.033378,0.0,13.033378
fuel_minimizing,2500,2024-06-04,3680.610984,3680.610984,0.0,0.0,0.0,0.0,0.0,0.0,401.537326,0.0,401.537326,1049.130432,0.0,1049.130432,12.729042,0.0,12.729042
fuel_minimizing,2500,2024-06-05,3680.610984,3680.610984,0.0,0.0,0.0,0.0,0.0,0.0,396.576539,0.0,396.576539,1033.449719,0.0,1033.449719,13.258682,0.0,13.258682
fuel_minimizing,2500,2024-06-06,3680.610984,3680.610984,0.0,0.0,0.0,0.0,0.0,0.0,391.567445,0.0,391.567445,1019.408867,0.0,1019.408867,13.93754,0.0,13.93754
fuel_minimizing,2500,2024-06-07,3680.610984,3680.610984,0.0,0.0,0.0,0.0,0.0,0.0,387.15415,0.0,387.15415,1007.611345,0.0,1007.611345,14.533237,0.0,14.533237
fuel_minimizing,2500,2024-06-08,3680.610984,3680.610984,0.0,0.0,0.0,0.0,0.0,0.0,385.011339,0.0,385.011339,996.224152,0.0,996.224152,14.474257,0.0,14.474257
fuel_minimizing,2500,2024-06-09,3680.610984,3680.610984,0.0,0.0,0.0,0.0,0.0,0.0,383.822038,0.0,383.822038,986.518362,0.0,986.518362,13.803066,0.0,13.803066
fuel_minimizing,2500,2024-06-10,3680.610984,3680.610984,0.0,0.0,0.0,0.0,0.0,0.0,381.557306,0.0,381.557306,980.402046,0.0,980.402046,13.273426,0.0,13.273426
fuel_minimizing,2500,2024-06-11,3680.610984,3680.610984,0.0,0.0,0.0,0.0,0.0,0.0,379.345483,0.0,379.345483,971.820837,0.0,971.820837,12.465402,0.0,12.465402
fuel_minimizing,2500,2024-06-12,3680.610984,3680.610984,0.0,0.0,0.0,0.0,0.0,0.0,374.619336,0.0,374.619336,960.75287,0.0,960.75287,12.662395,0.0,12.662395
fuel_minimizing,2500,2024-06-13,3680.610984,3680.610984,0.0,0.0,0.0,0.0,0.0,0.0,369.402056,0.0,369.402056,949.216997,0.0,949.216997,12.819871,0.0,12.819871
fuel_minimizing,2500,2024-06-14,3680.610984,3680.610984,0.0,0.0,0.0,0.0,0.0,0.0,364.717316,0.0,364.717316,940.675873,0.0,940.675873,13.025121,0.0,13.025121
fuel_minimizing,2500,2024-06-15,3680.610984,3680.610984,0.0,0.0,0.0,0.0,0.0,0.0,364.050203,0.0,364.050203,935.501201,0.0,935.501201,13.219165,0.0,13.219165
fuel_minimizing,2500,2024-06-16,3680.610984,3680.610984,0.0,0.0,0.0,0.0,0.0,0.0,361.42201,0.0,361.42201,937.805023,0.0,937.805023,13.032199,0.0,13.032199
fuel_minimizing,2500,2024-06-17,3680.610984,3680.610984,0.0,0.0,0.0,0.0,0.0,0.0,358.684548,0.0,358.684548,935.594491,0.0,935.594491,13.219755,0.0,13.219755
fuel_minimizing,2500,2024-06-18,3680.610984,3680.610984,0.0,0.0,0.0,0.0,0.0,0.0,354.319562,0.0,354.319562,929.575838,0.0,929.575838,12.941959,0.0,12.941959
fuel_minimizing,2500,2024-06-19,3680.610984,3680.610984,0.0,0.0,0.0,0.0,0.0,0.0,349.671628,0.0,349.671628,928.602854,0.0,928.602854,13.074074,0.0,13.074074
fuel_minimizing,2500,2024-06-20,3680.610984,3680.610984,0.0,0.0,0.0,0.0,0.0,0.0,345.689657,0.0,345.689657,920.585028,0.0,920.585028,13.055201,0.0,13.055201
fuel_minimizing,2500,2024-06-21,3680.610984,3680.610984,0.0,0.0,0.0,0.0,0.0,0.0,340.19518,0.0,340.19518,914.279217,0.0,914.279217,12.971449,0.0,12.971449
fuel_minimizing,2500,2024-06-22,3680.610984,3680.610984,0.0,0.0,0.0,0.0,0.0,0.0,337.384106,0.0,337.384106,906.265035,0.0,906.265035,12.750275,0.0,12.750275
fuel_minimizing,2500,2024-06-23,3680.610984,3680.610984,0.0,0.0,0.0,0.0,0.0,0.0,336.715843,0.0,336.715843,899.398756,0.0,899.398756,12.638213,0.0,12.638213
fuel_minimizing,2500,2024-06-24,3680.610984,3680.610984,0.0,0.0,0.0,0.0,0.0,0.0,335.643862,0.0,335.643862,889.26806,0.0,889.26806,13.095897,0.0,13.095897
fuel_minimizing,2500,2024-06-25,3680.610984,3680.610984,0.0,0.0,0.0,0.0,0.0,0.0,332.090913,0.0,332.090913,877.238042,0.0,877.238042,13.294069,0.0,13.294069
fuel_minimizing,2500,2024-06-26,3680.610984,3680.610984,0.0,0.0,0.0,0.0,0.0,0.0,327.511991,0.0,327.511991,868.750852,0.0,868.750852,13.131875,0.0,13.131875
fuel_minimizing,2500,2024-06-27,3680.610984,3680.610984,0.0,0.0,0.0,0.0,0.0,0.0,323.804915,0.0,323.804915,863.32765,0.0,863.32765,12.838745,0.0,12.838745
fuel_minimizing,2500,2024-06-28,3680.610984,3680.610984,0.0,0.0,0.0,0.0,0.0,0.0,321.908245,0.0,321.908245,856.470117,0.0,856.470117,12.659446,0.0,12.659446
fuel_minimizing,2500,2024-06-29,3680.610984,3680.610984,0.0,0.0,0.0,0.0,0.0,0.0,321.253785,0.0,321.253785,847.743871,0.0,847.743871,12.741428,0.0,12.741428
fuel_minimizing,2500,2024-06-30,3680.610984,3680.610984,0.0,0.0,0.0,0.0,0.0,0.0,322.862906,0.0,322.862906,836.753889,0.0,836.753889,12.53087,0.0,12.53087
fuel_minimizing,2500,2024-07-01,3873.320286,3873.320286,0.0,0.0,0.0,0.0,0.0,0.0,323.163107,0.0,323.163107,833.611187,0.0,833.611187,13.806015,0.0,13.806015
fuel_minimizing,2500,2024-07-02,3873.320286,3873.320286,0.0,0.0,0.0,0.0,0.0,0.0,325.568163,0.0,325.568163,834.361878,0.0,834.361878,14.922504,0.0,14.922504
fuel_minimizing,2500,2024-07-03,3873.320286,3873.320286,0.0,0.0,0.0,0.0,0.0,0.0,324.708968,0.0,324.708968,828.817691,0.0,828.817691,13.163724,0.0,13.163724
fuel_minimizing,2500,2024-07-04,3873.320286,3873.320286,0.0,0.0,0.0,0.0,0.0,0.0,321.774823,0.0,321.774823,825.669888,0.0,825.669888,12.430014,0.0,12.430014
fuel_minimizing,2500,2024-07-05,3873.320286,3873.320286,0.0,0.0,0.0,0.0,0.0,0.0,316.487381,0.0,316.487381,820.369858,0.0,820.369858,12.562129,0.0,12.562129
fuel_minimizing,2500,2024-07-06,3873.320286,3873.320286,0.0,0.0,0.0,0.0,0.0,0.0,313.470422,0.0,313.470422,815.935674,0.0,815.935674,12.866465,0.0,12.866465
fuel_minimizing,2500,2024-07-07,3873.320286,3873.320286,0.0,0.0,0.0,0.0,0.0,0.0,311.14473,0.0,311.14473,811.106467,0.0,811.106467,13.166673,0.0,13.166673
fuel_minimizing,2500,2024-07-08,3873.320286,3873.320286,0.0,0.0,0.0,0.0,0.0,0.0,308.284197,0.0,308.284197,802.394069,0.0,802.394069,13.124207,0.0,13.124207
fuel_minimizing,2500,2024-07-09,3873.320286,3873.320286,0.0,0.0,0.0,0.0,0.0,0.0,304.102092,0.0,304.102092,786.719186,0.0,786.719186,12.757352,0.0,12.757352
fuel_minimizing,2500,2024-07-10,3873.320286,3873.320286,0.0,0.0,0.0,0.0,0.0,0.0,299.365593,0.0,299.365593,771.883913,0.0,771.883913,12.562719,0.0,12.562719
fuel_minimizing,2500,2024-07-11,3873.320286,3873.320286,0.0,0.0,0.0,0.0,0.0,0.0,293.037226,0.0,293.037226,759.340071,0.0,759.340071,12.64765,0.0,12.64765
fuel_minimizing,2500,2024-07-12,3873.320286,3873.320286,0.0,0.0,0.0,0.0,0.0,0.0,289.294494,0.0,289.294494,751.004477,0.0,751.004477,13.051072,0.0,13.051072
fuel_minimizing,2500,2024-07-13,3873.320286,3873.320286,0.0,0.0,0.0,0.0,0.0,0.0,289.50728,0.0,289.50728,738.633367,0.0,738.633367,13.206779,0.0,13.206779
fuel_minimizing,2500,2024-07-14,3873.320286,3873.320286,0.0,0.0,0.0,0.0,0.0,0.0,291.367144,0.0,291.367144,725.577889,0.0,725.577889,13.102975,0.0,13.102975
fuel_minimizing,2500,2024-07-15,3873.320286,3873.320286,0.0,0.0,0.0,0.0,0.0,0.0,293.565165,0.0,293.565165,713.868555,0.0,713.868555,12.750275,0.0,12.750275
fuel_minimizing,2500,2024-07-16,3873.320286,3873.320286,0.0,0.0,0.0,0.0,0.0,0.0,295.686123,0.0,295.686123,695.219329,0.0,695.219329,12.595158,0.0,12.595158
fuel_minimizing,2500,2024-07-17,3873.320286,3873.320286,0.0,0.0,0.0,0.0,0.0,0.0,297.736918,0.0,297.736918,674.084075,0.0,674.084075,12.931933,0.0,12.931933
fuel_minimizing,2500,2024-07-18,3873.320286,3873.320286,0.0,0.0,0.0,0.0,0.0,0.0,299.956793,0.0,299.956793,653.0924,0.0,653.0924,13.114181,0.0,13.114181
fuel_minimizing,2500,2024-07-19,3873.320286,3873.320286,0.0,0.0,0.0,0.0,0.0,0.0,302.535528,0.0,302.535528,631.857296,0.0,631.857296,12.907161,0.0,12.907161
fuel_minimizing,2500,2024-07-20,3873.320286,3873.320286,0.0,0.0,0.0,0.0,0.0,0.0,304.707094,0.0,304.707094,610.279644,0.0,610.279644,12.879441,0.0,12.879441
fuel_minimizing,2500,2024-07-21,3873.320286,3873.320286,0.0,0.0,0.0,0.0,0.0,0.0,307.28928,0.0,307.28928,593.43791,0.0,593.43791,12.91247,0.0,12.91247
fuel_minimizing,2500,2024-07-22,3873.320286,3873.320286,0.0,0.0,0.0,0.0,0.0,0.0,309.923224,0.0,309.923224,574.777023,0.0,574.777023,12.879441,0.0,12.879441
fuel_minimizing,2500,2024-07-23,3873.320286,3873.320286,0.0,0.0,0.0,0.0,0.0,0.0,311.326461,0.0,311.326461,554.905555,0.0,554.905555,12.723144,0.0,12.723144
fuel_minimizing,2500,2024-07-24,3873.320286,3873.320286,0.0,0.0,0.0,0.0,0.0,0.0,311.853249,0.0,311.853249,532.735367,0.0,532.735367,12.688936,0.0,12.688936
fuel_minimizing,2500,2024-07-25,3873.320286,3873.320286,0.0,0.0,0.0,0.0,0.0,0.0,311.638163,0.0,311.638163,515.47893,0.0,515.47893,12.913649,0.0,12.913649
fuel_minimizing,2500,2024-07-26,3873.320286,3873.320286,0.0,0.0,0.0,0.0,0.0,0.0,309.01342,0.0,309.01342,499.143002,0.0,499.143002,13.031609,0.0,13.031609
fuel_minimizing,2500,2024-07-27,3873.320286,3873.320286,0.0,0.0,0.0,0.0,0.0,0.0,306.589962,0.0,306.589962,487.30758,0.0,487.30758,12.883569,0.0,12.883569
fuel_minimizing,2500,2024-07-28,3873.320286,3873.320286,0.0,0.0,0.0,0.0,0.0,0.0,306.351872,0.0,306.351872,476.62662,0.0,476.62662,12.761481,0.0,12.761481
fuel_minimizing,2500,2024-07-29,3873.320286,3873.320286,0.0,0.0,0.0,0.0,0.0,0.0,306.239152,0.0,306.239152,469.944005,0.0,469.944005,13.187906,0.0,13.187906
fuel_minimizing,2500,2024-07-30,3873.320286,3873.320286,0.0,0.0,0.0,0.0,0.0,0.0,310.01984,0.0,310.01984,466.596503,0.0,466.596503,14.581601,0.0,14.581601
fuel_minimizing,2500,2024-07-31,3873.320286,3873.320286,0.0,0.0,0.0,0.0,0.0,0.0,311.364417,0.0,311.364417,458.84397,0.0,458.84397,14.99446,0.0,14.99446
fuel_minimizing,2500,2024-08-01,5500.415487,5500.415487,0.0,0.0,0.0,0.0,0.0,0.0,312.442149,0.0,312.442149,448.525238,0.0,448.525238,14.858806,0.0,14.858806
fuel_minimizing,2500,2024-08-02,5500.415487,5500.415487,0.0,0.0,0.0,0.0,0.0,0.0,311.953316,0.0,311.953316,439.283711,0.0,439.283711,14.541494,0.0,14.541494
fuel_minimizing,2500,2024-08-03,5500.415487,5500.415487,0.0,0.0,0.0,0.0,0.0,0.0,311.050414,0.0,311.050414,430.039998,0.0,430.039998,13.930463,0.0,13.930463
fuel_minimizing,2500,2024-08-04,5500.415487,5500.415487,0.0,0.0,0.0,0.0,0.0,0.0,307.147806,0.0,307.147806,421.51418,0.0,421.51418,12.995631,0.0,12.995631
fuel_minimizing,2500,2024-08-05,5500.415487,5500.415487,0.0,0.0,0.0,0.0,0.0,0.0,304.899176,0.0,304.899176,408.474007,0.0,408.474007,12.532049,0.0,12.532049
fuel_minimizing,2500,2024-08-06,5500.415487,5500.415487,0.0,0.0,0.0,0.0,0.0,0.0,302.774768,0.0,302.774768,393.175929,0.0,393.175929,12.744967,0.0,12.744967
fuel_minimizing,2500,2024-08-07,5500.415487,5500.415487,0.0,0.0,0.0,0.0,0.0,0.0,301.299069,0.0,301.299069,371.90074,0.0,371.90074,12.808665,0.0,12.808665
fuel_minimizing,2500,2024-08-08,5500.415487,5500.415487,0.0,0.0,0.0,0.0,0.0,0.0,299.833722,0.0,299.833722,355.960564,0.0,355.960564,13.14662,0.0,13.14662
fuel_minimizing,2500,2024-08-09,5500.415487,5500.415487,0.0,0.0,0.0,0.0,0.0,0.0,299.188463,0.0,299.188463,342.639065,0.0,342.639065,13.199112,0.0,13.199112
fuel_minimizing,2500,2024-08-10,5500.415487,5500.415487,0.0,0.0,0.0,0.0,0.0,0.0,297.657555,0.0,297.657555,335.721039,0.0,335.721039,12.945498,0.0,12.945498
fuel_minimizing,2500,2024-08-11,5500.415487,5500.415487,0.0,0.0,0.0,0.0,0.0,0.0,295.713727,0.0,295.713727,329.335785,0.0,329.335785,12.672421,0.0,12.672421
fuel_minimizing,2500,2024-08-12,5500.415487,5500.415487,0.0,0.0,0.0,0.0,0.0,0.0,295.234096,0.0,295.234096,324.209945,0.0,324.209945,12.612852,0.0,12.612852
fuel_minimizing,2500,2024-08-13,5500.415487,5500.415487,0.0,0.0,0.0,0.0,0.0,0.0,293.975784,0.0,293.975784,316.633788,0.0,316.633788,13.017454,0.0,13.017454
fuel_minimizing,2500,2024-08-14,5500.415487,5500.415487,0.0,0.0,0.0,0.0,0.0,0.0,293.235059,0.0,293.235059,308.113801,0.0,308.113801,13.180828,0.0,13.180828
fuel_minimizing,2500,2024-08-15,5500.415487,5500.415487,0.0,0.0,0.0,0.0,0.0,0.0,293.876867,0.0,293.876867,302.311609,0.0,302.311609,12.988554,0.0,12.988554
fuel_minimizing,2500,2024-08-16,5500.415487,5500.415487,0.0,0.0,0.0,0.0,0.0,0.0,295.913861,0.0,295.913861,299.606932,0.0,299.606932,12.772097,0.0,12.772097
fuel_minimizing,2500,2024-08-17,5500.415487,5500.415487,0.0,0.0,0.0,0.0,0.0,0.0,294.412858,0.0,294.412858,301.68336,0.0,301.68336,13.077023,0.0,13.077023
fuel_minimizing,2500,2024-08-18,5500.415487,5500.415487,0.0,0.0,0.0,0.0,0.0,0.0,293.432893,0.0,293.432893,306.275699,0.0,306.275699,12.849361,0.0,12.849361
fuel_minimizing,2500,2024-08-19,5500.415487,5500.415487,0.0,0.0,0.0,0.0,0.0,0.0,291.470662,0.0,291.470662,308.537978,0.0,308.537978,12.61639,0.0,12.61639
fuel_minimizing,2500,2024-08-20,5500.415487,5500.415487,0.0,0.0,0.0,0.0,0.0,0.0,290.013366,0.0,290.013366,303.49158,0.0,303.49158,12.671242,0.0,12.671242
fuel_minimizing,2500,2024-08-21,5500.415487,5500.415487,0.0,0.0,0.0,0.0,0.0,0.0,288.859721,0.0,288.859721,296.340329,0.0,296.340329,12.658856,0.0,12.658856
fuel_minimizing,2500,2024-08-22,5500.415487,5500.415487,0.0,0.0,0.0,0.0,0.0,0.0,288.121297,0.0,288.121297,291.58692,0.0,291.58692,12.665934,0.0,12.665934
fuel_minimizing,2500,2024-08-23,5500.415487,5500.415487,0.0,0.0,0.0,0.0,0.0,0.0,289.616549,0.0,289.616549,297.997682,0.0,297.997682,13.454495,0.0,13.454495
fuel_minimizing,2500,2024-08-24,5500.415487,5500.415487,0.0,0.0,0.0,0.0,0.0,0.0,296.707495,0.0,296.707495,311.205485,0.0,311.205485,14.372812,0.0,14.372812
fuel_minimizing,2500,2024-08-25,5500.415487,5500.415487,0.0,0.0,0.0,0.0,0.0,0.0,298.445438,0.0,298.445438,321.803358,0.0,321.803358,15.495789,0.0,15.495789
fuel_minimizing,2500,2024-08-26,5500.415487,5500.415487,0.0,0.0,0.0,0.0,0.0,0.0,300.567546,0.0,300.567546,333.389521,0.0,333.389521,19.230396,0.0,19.230396
fuel_minimizing,2500,2024-08-27,5500.415487,5500.415487,0.0,0.0,0.0,0.0,0.0,0.0,301.452045,0.0,301.452045,343.258567,0.0,343.258567,17.971765,0.0,17.971765
fuel_minimizing,2500,2024-08-28,5500.415487,5500.415487,0.0,0.0,0.0,0.0,0.0,0.0,303.062317,0.0,303.062317,353.037239,0.0,353.037239,16.394643,0.0,16.394643
fuel_minimizing,2500,2024-08-29,5500.415487,5500.415487,0.0,0.0,0.0,0.0,0.0,0.0,306.478393,0.0,306.478393,362.696384,0.0,362.696384,15.475146,0.0,15.475146
fuel_minimizing,2500,2024-08-30,5500.415487,5500.415487,0.0,0.0,0.0,0.0,0.0,0.0,312.798709,0.0,312.798709,374.774505,0.0,374.774505,14.592217,0.0,14.592217
fuel_minimizing,2500,2024-08-31,5500.415487,5500.415487,0.0,0.0,0.0,0.0,0.0,0.0,320.877672,0.0,320.877672,385.043677,0.0,385.043677,11.746437,0.0,11.746437
fuel_minimizing,2500,2024-09-01,6862.364557,6862.364557,0.0,0.0,0.0,0.0,0.0,0.0,338.346818,0.0,338.346818,398.161834,0.0,398.161834,12.388138,0.0,12.388138
fuel_minimizing,2500,2024-09-02,6862.364557,6862.364557,0.0,0.0,0.0,0.0,0.0,0.0,358.627039,0.0,358.627039,415.040739,0.0,415.040739,16.143978,0.0,16.143978
fuel_minimizing,2500,2024-09-03,6862.364557,6862.364557,0.0,0.0,0.0,0.0,0.0,0.0,380.527883,0.0,380.527883,432.435653,0.0,432.435653,22.177032,0.0,22.177032
fuel_minimizing,2500,2024-09-04,6862.364557,6862.364557,0.0,0.0,0.0,0.0,0.0,0.0,403.439747,0.0,403.439747,452.526498,0.0,452.526498,26.29265,0.0,26.29265
fuel_minimizing,2500,2024-09-05,6862.364557,6862.364557,0.0,0.0,0.0,0.0,0.0,0.0,413.031215,0.0,413.031215,470.575898,0.0,470.575898,24.240149,0.0,24.240149
fuel_minimizing,2500,2024-09-06,6862.364557,6862.364557,0.0,0.0,0.0,0.0,0.0,0.0,418.879951,0.0,418.879951,485.185236,0.0,485.185236,19.800732,0.0,19.800732
fuel_minimizing,2500,2024-09-07,6862.364557,6862.364557,0.0,0.0,0.0,0.0,0.0,0.0,428.06425,0.0,428.06425,496.847925,0.0,496.847925,16.28671,0.0,16.28671
fuel_minimizing,2500,2024-09-08,6862.364557,6862.364557,0.0,0.0,0.0,0.0,0.0,0.0,440.842906,0.0,440.842906,508.981437,0.0,508.981437,18.090315,0.0,18.090315
fuel_minimizing,2500,2024-09-09,6862.364557,6862.364557,0.0,0.0,0.0,0.0,0.0,0.0,451.248711,0.0,451.248711,522.888185,0.0,522.888185,15.797766,0.0,15.797766
fuel_minimizing,2500,2024-09-10,6862.364557,6862.364557,0.0,0.0,0.0,0.0,0.0,0.0,457.7059,0.0,457.7059,537.880157,0.0,537.880157,15.797766,0.0,15.797766
fuel_minimizing,2500,2024-09-11,6862.364557,6862.364557,0.0,0.0,0.0,0.0,0.0,0.0,462.735698,0.0,462.735698,551.265064,0.0,551.265064,15.509944,0.0,15.509944
fuel_minimizing,2500,2024-09-12,6862.364557,6862.364557,0.0,0.0,0.0,0.0,0.0,0.0,464.987778,0.0,464.987778,563.040722,0.0,563.040722,14.811032,0.0,14.811032
fuel_minimizing,2500,2024-09-13,6862.364557,6862.364557,0.0,0.0,0.0,0.0,0.0,0.0,467.333024,0.0,467.333024,576.82357,0.0,576.82357,15.387266,0.0,15.387266
fuel_minimizing,2500,2024-09-14,6862.364557,6862.364557,0.0,0.0,0.0,0.0,0.0,0.0,470.474204,0.0,470.474204,592.208379,0.0,592.208379,15.72935,0.0,15.72935
fuel_minimizing,2500,2024-09-15,6862.364557,6862.364557,0.0,0.0,0.0,0.0,0.0,0.0,472.52845,0.0,472.52845,604.618845,0.0,604.618845,14.99446,0.0,14.99446
fuel_minimizing,2500,2024-09-16,6862.364557,6862.364557,0.0,0.0,0.0,0.0,0.0,0.0,473.725802,0.0,473.725802,616.385757,0.0,616.385757,13.939899,0.0,13.939899
fuel_minimizing,2500,2024-09-17,6862.364557,6862.364557,0.0,0.0,0.0,0.0,0.0,0.0,474.373361,0.0,474.373361,623.362089,0.0,623.362089,12.964372,0.0,12.964372
fuel_minimizing,2500,2024-09-18,6862.364557,6862.364557,0.0,0.0,0.0,0.0,0.0,0.0,471.608295,0.0,471.608295,628.644627,0.0,628.644627,12.550333,0.0,12.550333
fuel_minimizing,2500,2024-09-19,6862.364557,6862.364557,0.0,0.0,0.0,0.0,0.0,0.0,470.447749,0.0,470.447749,637.954663,0.0,637.954663,12.661805,0.0,12.661805
fuel_minimizing,2500,2024-09-20,6862.364557,6862.364557,0.0,0.0,0.0,0.0,0.0,0.0,469.2688,0.0,469.2688,647.543111,0.0,647.543111,13.471599,0.0,13.471599
fuel_minimizing,2500,2024-09-21,6862.364557,6862.364557,0.0,0.0,0.0,0.0,0.0,0.0,469.97962,0.0,469.97962,656.122863,0.0,656.122863,14.653556,0.0,14.653556
fuel_minimizing,2500,2024-09-22,6862.364557,6862.364557,0.0,0.0,0.0,0.0,0.0,0.0,475.300418,0.0,475.300418,663.710681,0.0,663.710681,13.854968,0.0,13.854968
fuel_minimizing,2500,2024-09-23,6862.364557,6862.364557,0.0,0.0,0.0,0.0,0.0,0.0,480.659171,0.0,480.659171,669.542025,0.0,669.542025,14.190564,0.0,14.190564
fuel_minimizing,2500,2024-09-24,6862.364557,6862.364557,0.0,0.0,0.0,0.0,0.0,0.0,483.564561,0.0,483.564561,677.404611,0.0,677.404611,13.73347,0.0,13.73347
fuel_minimizing,2500,2024-09-25,6862.364557,6862.364557,0.0,0.0,0.0,0.0,0.0,0.0,484.462863,0.0,484.462863,684.396248,0.0,684.396248,12.515535,0.0,12.515535
fuel_minimizing,2500,2024-09-26,6862.364557,6862.364557,0.0,0.0,0.0,0.0,0.0,0.0,484.628491,0.0,484.628491,692.449058,0.0,692.449058,11.639683,0.0,11.639683
fuel_minimizing,2500,2024-09-27,6862.364557,6862.364557,0.0,0.0,0.0,0.0,0.0,0.0,488.543751,0.0,488.543751,703.720368,0.0,703.720368,15.385497,0.0,15.385497
fuel_minimizing,2500,2024-09-28,6862.364557,6862.364557,0.0,0.0,0.0,0.0,0.0,0.0,490.96491,0.0,490.96491,714.89693,0.0,714.89693,15.240996,0.0,15.240996
fuel_minimizing,2500,2024-09-29,6862.364557,6862.364557,0.0,0.0,0.0,0.0,0.0,0.0,492.501569,0.0,492.501569,726.424057,0.0,726.424057,14.145739,0.0,14.145739
fuel_minimizing,2500,2024-09-30,6862.364557,6862.364557,0.0,0.0,0.0,0.0,0.0,0.0,269.857366,0.0,269.857366,737.381242,0.0,737.381242,12.819281,0.0,12.819281
fuel_minimizing,2500,2024-10-01,7918.165517,7918.165517,0.0,0.0,0.0,0.0,0.0,0.0,265.507332,0.0,265.507332,745.75838,0.0,745.75838,11.7659,0.0,11.7659
fuel_minimizing,2500,2024-10-02,7918.165517,7918.165517,0.0,0.0,0.0,0.0,0.0,0.0,260.587953,0.0,260.587953,755.429186,0.0,755.429186,11.727563,0.0,11.727563
fuel_minimizing,2500,2024-10-03,7918.165517,7918.165517,0.0,0.0,0.0,0.0,0.0,0.0,264.673442,0.0,264.673442,771.687858,0.0,771.687858,14.514364,0.0,14.514364
fuel_minimizing,2500,2024-10-04,7918.165517,7918.165517,0.0,0.0,0.0,0.0,0.0,0.0,270.598091,0.0,270.598091,786.951682,0.0,786.951682,15.338903,0.0,15.338903
fuel_minimizing,2500,2024-10-05,7918.165517,7918.165517,0.0,0.0,0.0,0.0,0.0,0.0,274.818153,0.0,274.818153,800.527543,0.0,800.527543,18.754429,0.0,18.754429
fuel_minimizing,2500,2024-10-06,7918.165517,7918.165517,0.0,0.0,0.0,0.0,0.0,0.0,277.94323,0.0,277.94323,813.947434,0.0,813.947434,23.935813,0.0,23.935813
fuel_minimizing,2500,2024-10-07,7918.165517,7918.165517,0.0,0.0,0.0,0.0,0.0,0.0,282.785547,0.0,282.785547,823.987026,0.0,823.987026,26.560418,0.0,26.560418
fuel_minimizing,2500,2024-10-08,7918.165517,7918.165517,0.0,0.0,0.0,0.0,0.0,0.0,291.592582,0.0,291.592582,832.644762,0.0,832.644762,27.195042,0.0,27.195042
fuel_minimizing,2500,2024-10-09,7918.165517,7918.165517,0.0,0.0,0.0,0.0,0.0,0.0,303.02091,0.0,303.02091,841.560503,0.0,841.560503,27.623826,0.0,27.623826
fuel_minimizing,2500,2024-10-10,7918.165517,7918.165517,0.0,0.0,0.0,0.0,0.0,0.0,309.242309,0.0,309.242309,849.483581,0.0,849.483581,25.29353,0.0,25.29353
fuel_minimizing,2500,2024-10-11,7918.165517,7918.165517,0.0,0.0,0.0,0.0,0.0,0.0,312.936732,0.0,312.936732,856.12028,0.0,856.12028,23.214489,0.0,23.214489
fuel_minimizing,2500,2024-10-12,7918.165517,7812.818,105.347517,0.0,0.0,0.0,0.0,0.105348,320.150749,0.041245,320.191994,860.682737,0.059376,860.742113,21.389061,0.004727,21.393788
fuel_minimizing,2500,2024-10-13,7918.165517,7918.165517,0.0,105.347517,0.0,0.0,0.0,0.0,327.089869,0.0,327.089869,865.431773,0.0,865.431773,21.857361,0.0,21.857361
fuel_minimizing,2500,2024-10-14,7918.165517,7918.165517,0.0,0.0,0.0,0.0,0.0,0.0,333.330822,0.0,333.330822,869.476034,0.0,869.476034,19.479292,0.0,19.479292
fuel_minimizing,2500,2024-10-15,7918.165517,7918.165517,0.0,0.0,0.0,0.0,0.0,0.0,335.022757,0.0,335.022757,871.22449,0.0,871.22449,16.366922,0.0,16.366922
fuel_minimizing,2500,2024-10-16,7918.165517,7918.165517,0.0,0.0,0.0,0.0,0.0,0.0,335.282701,0.0,335.282701,870.90818,0.0,870.90818,15.004487,0.0,15.004487
fuel_minimizing,2500,2024-10-17,7918.165517,7918.165517,0.0,0.0,0.0,0.0,0.0,0.0,334.847928,0.0,334.847928,865.500283,0.0,865.500283,13.669182,0.0,13.669182
fuel_minimizing,2500,2024-10-18,7918.165517,7918.165517,0.0,0.0,0.0,0.0,0.0,0.0,333.25951,0.0,333.25951,860.751246,0.0,860.751246,12.982066,0.0,12.982066
fuel_minimizing,2500,2024-10-19,7918.165517,7918.165517,0.0,0.0,0.0,0.0,0.0,0.0,327.241695,0.0,327.241695,862.140391,0.0,862.140391,13.109462,0.0,13.109462
fuel_minimizing,2500,2024-10-20,7918.165517,7918.165517,0.0,0.0,0.0,0.0,0.0,0.0,320.472803,0.0,320.472803,867.756003,0.0,867.756003,12.987374,0.0,12.987374
fuel_minimizing,2500,2024-10-21,7918.165517,7918.165517,0.0,0.0,0.0,0.0,0.0,0.0,313.913247,0.0,313.913247,873.453243,0.0,873.453243,12.49902,0.0,12.49902
fuel_minimizing,2500,2024-10-22,7918.165517,7918.165517,0.0,0.0,0.0,0.0,0.0,0.0,307.564176,0.0,307.564176,876.020172,0.0,876.020172,11.566548,0.0,11.566548
fuel_minimizing,2500,2024-10-23,7918.165517,7918.165517,0.0,0.0,0.0,0.0,0.0,0.0,301.830459,0.0,301.830459,880.928093,0.0,880.928093,7.731085,0.0,7.731085
fuel_minimizing,2500,2024-10-24,7918.165517,7918.165517,0.0,0.0,0.0,0.0,0.0,0.0,300.05686,0.0,300.05686,893.832704,0.0,893.832704,7.263375,0.0,7.263375
fuel_minimizing,2500,2024-10-25,7918.165517,7699.558,218.607517,0.0,0.0,0.0,0.0,0.218608,317.689334,0.088609,317.777943,916.167607,0.120286,916.287893,24.698423,0.009712,24.708135
fuel_minimizing,2500,2024-10-26,7918.165517,7918.165517,0.0,89.659483,0.0,0.0,0.0,0.128948,351.425674,0.052267,351.477941,949.53185,0.070952,949.602802,32.490258,0.005729,32.495987
fuel_minimizing,2500,2024-10-27,7918.165517,7096.929,821.236517,0.0,0.0,0.0,0.0,0.950185,377.37175,0.381024,377.752774,974.365901,0.528616,974.894517,33.682241,0.040544,33.722785
fuel_minimizing,2500,2024-10-28,7918.165517,7918.165517,0.0,950.18455,0.0,0.0,0.0,0.0,394.348614,0.0,394.348614,990.859256,0.0,990.859256,31.248141,-0.0,31.248141
fuel_minimizing,2500,2024-10-29,7918.165517,7918.165517,0.0,0.0,0.0,0.0,0.0,0.0,408.61447,0.0,408.61447,1004.899379,0.0,1004.899379,27.893954,0.0,27.893954
fuel_minimizing,2500,2024-10-30,7918.165517,7918.165517,0.0,0.0,0.0,0.0,0.0,0.0,417.423806,0.0,417.423806,1018.616632,0.0,1018.616632,25.627356,0.0,25.627356
fuel_minimizing,2500,2024-10-31,7918.165517,7887.189,30.976517,0.0,0.0,0.0,0.0,0.030977,422.988444,0.012238,423.000682,1033.430041,0.017126,1033.447167,22.658308,0.001612,22.65992
fuel_minimizing,2500,2024-11-01,9216.561519,4805.461,4411.100519,0.0,0.0,0.0,0.0,4.442077,425.990451,1.76826,427.758711,1048.510201,2.443102,1050.953303,23.830829,0.230715,24.061544
fuel_minimizing,2500,2024-11-02,9216.561519,4114.072,5102.489519,0.0,0.0,0.0,0.0,9.544567,430.07709,3.81343,433.89052,1062.790837,5.239339,1068.030176,26.062628,0.491798,26.554426
fuel_minimizing,2500,2024-11-03,9216.561519,3092.313,6124.248519,0.0,0.0,0.0,0.0,15.668815,430.425599,6.29378,436.719379,1078.244156,8.568897,1086.813053,26.664813,0.806138,27.470951
fuel_minimizing,2500,2024-11-04,9216.561519,3732.801,5483.760519,0.0,0.0,0.0,0.0,21.152576,428.642798,8.537064,437.179862,1092.540826,11.517994,1104.05882,24.539177,1.097517,25.636694
fuel_minimizing,2500,2024-11-05,9216.561519,4651.275,4565.286519,0.0,0.0,0.0,0.0,25.717862,426.585101,10.421988,437.007089,1106.357928,13.944198,1120.302126,21.295872,1.351676,22.647548
fuel_minimizing,2500,2024-11-06,9216.561519,7356.725,1859.836519,0.0,0.0,0.0,0.0,27.577699,425.555677,11.196485,436.752162,1119.599986,14.922318,1134.522304,18.995656,1.458895,20.454551
fuel_minimizing,2500,2024-11-07,9216.561519,5245.734,3970.827519,0.0,0.0,0.0,0.0,31.548526,425.499318,12.860047,438.359365,1131.664988,16.989589,1148.654577,15.491071,1.69889,17.189961
fuel_minimizing,2500,2024-11-08,9216.561519,2768.567,6447.994519,0.0,0.0,0.0,0.0,37.996521,426.535643,15.586169,442.121812,1147.74437,20.309754,1168.054124,13.795988,2.100597,15.896585
fuel_minimizing,2500,2024-11-09,9216.561519,2243.053,6973.508519,0.0,0.0,0.0,0.0,44.970029,452.280435,18.585,470.865435,1182.072121,23.946379,1206.0185,37.281785,2.43865,39.720435
fuel_minimizing,2500,2024-11-10,9216.561519,2166.441,7050.120519,0.0,0.0,0.0,0.0,52.02015,502.609474,21.624474,524.233948,1233.808635,27.687116,1261.495751,55.286579,2.70856,57.995139
fuel_minimizing,2500,2024-11-11,9216.561519,4281.641,4934.920519,0.0,0.0,0.0,0.0,56.95507,522.675758,23.783473,546.459231,1278.038959,30.258564,1308.297523,54.161242,2.913033,57.074275
fuel_minimizing,2500,2024-11-12,9216.561519,5733.529,3483.032519,0.0,0.0,0.0,0.0,60.438103,531.256205,25.328442,556.584647,1308.837001,32.032653,1340.869654,49.471161,3.077008,52.548169
fuel_minimizing,2500,2024-11-13,9216.561519,4403.102,4813.459519,0.0,0.0,0.0,0.0,65.251562,536.053665,27.48478,563.538445,1330.509401,34.435431,1364.944832,44.365271,3.331351,47.696622
fuel_minimizing,2500,2024-11-14,9216.561519,4839.653,4376.908519,0.0,0.0,0.0,0.0,69.628471,539.061422,29.464889,568.526311,1349.268679,36.57693,1385.845609,39.558409,3.586652,43.145061
fuel_minimizing,2500,2024-11-15,9216.561519,3325.097,5891.464519,0.0,0.0,0.0,0.0,75.519935,550.027372,32.142708,582.17008,1369.768396,39.422389,1409.190785,37.058841,3.954839,41.01368
fuel_minimizing,2500,2024-11-16,9216.561519,2240.284,6976.277519,0.0,0.0,0.0,0.0,82.496213,564.134501,35.316816,599.451317,1390.279046,42.755409,1433.034455,34.459007,4.423987,38.882994
fuel_minimizing,2500,2024-11-17,9216.561519,2237.171,6979.390519,0.0,0.0,0.0,0.0,89.475603,571.705078,38.516567,610.221645,1410.821763,46.021549,1456.843312,30.132831,4.937488,35.070319
fuel_minimizing,2500,2024-11-18,9216.561519,2576.192,6640.369519,0.0,0.0,0.0,0.0,96.115973,574.794499,41.596727,616.391226,1430.474584,49.045547,1479.520131,24.870644,5.473698,30.344342
fuel_minimizing,2500,2024-11-19,9216.561519,2680.226,6536.335519,0.0,0.0,0.0,0.0,102.652308,576.668165,44.658532,621.326697,1446.027023,51.951153,1497.978176,20.290855,6.042623,26.333478
fuel_minimizing,2500,2024-11-20,9216.561519,2725.872,6490.689519,0.0,0.0,0.0,0.0,109.142998,577.41004,47.71976,625.1298,1457.076769,54.779805,1511.856574,16.096794,6.643433,22.740227
fuel_minimizing,2500,2024-11-21,9216.561519,2471.993,6744.568519,0.0,0.0,0.0,0.0,115.887566,575.729607,50.927375,626.656982,1464.577128,57.67343,1522.250558,13.991212,7.286761,21.277973
fuel_minimizing,2500,2024-11-22,9216.561519,2539.781,6676.780519,0.0,0.0,0.0,0.0,122.564347,573.763925,54.127177,627.891102,1469.872785,60.50509,1530.377875,13.138952,7.93208,21.071032
fuel_minimizing,2500,2024-11-23,9216.561519,1866.447,7350.114519,0.0,0.0,0.0,0.0,129.914461,571.094325,57.666997,628.761322,1471.368338,63.60445,1534.972788,12.944319,8.643014,21.587333
fuel_minimizing,2500,2024-11-24,9216.561519,3045.187,6171.374519,0.0,0.0,0.0,0.0,136.085836,567.617288,60.65299,628.270278,1471.483492,66.195956,1537.679448,13.048713,9.236891,22.285604
fuel_minimizing,2500,2024-11-25,9216.561519,3618.655,5597.906519,0.0,0.0,0.0,0.0,141.683743,563.567455,63.389059,626.956514,1476.13268,68.516386,1544.649066,12.659446,9.778298,22.437744
fuel_minimizing,2500,2024-11-26,9216.561519,3082.769,6133.792519,0.0,0.0,0.0,0.0,147.817535,559.538326,66.412014,625.95034,1478.974376,71.034381,1550.008757,12.592209,10.37114,22.963349
fuel_minimizing,2500,2024-11-27,9216.561519,4870.567,4345.994519,0.0,0.0,0.0,0.0,152.16353,556.815817,68.55534,625.371157,1476.824337,72.819071,1549.643408,12.512586,10.789118,23.301704
fuel_minimizing,2500,2024-11-28,9216.561519,5652.013,3564.548519,0.0,0.0,0.0,0.0,155.728078,557.300048,70.309676,627.609724,1475.93371,74.285387,1550.219097,12.191145,11.133015,23.32416
fuel_minimizing,2500,2024-11-29,9216.561519,5186.147,4030.414519,0.0,0.0,0.0,0.0,159.758493,556.48111,72.301924,628.783034,1478.405162,75.935211,1554.340373,12.481326,11.521357,24.002683
fuel_minimizing,2500,2024-11-30,9216.561519,2037.891,7178.670519,0.0,0.0,0.0,0.0,166.937163,555.394177,75.881923,631.2761,1484.27805,78.840585,1563.118635,12.788022,12.214654,25.002676
fuel_minimizing,2500,2024-12-01,9720.202495,1865.197,7855.005495,0.0,0.0,0.0,0.0,174.792169,554.633899,79.852816,634.486715,1494.792109,81.954338,1576.746447,12.50138,12.985015,25.486395
fuel_minimizing,2500,2024-12-02,9720.202495,4729.009,4991.193495,0.0,0.0,0.0,0.0,179.783362,552.592304,82.404376,634.99668,1501.609556,83.901979,1585.511535,12.582772,13.477007,26.059779
fuel_minimizing,2500,2024-12-03,9720.202495,4032.052,5688.150495,0.0,0.0,0.0,0.0,185.471513,550.587516,85.334535,635.922051,1505.338235,86.100426,1591.438661,12.946678,14.036552,26.98323
fuel_minimizing,2500,2024-12-04,9720.202495,4040.736,5679.466495,0.0,0.0,0.0,0.0,191.150979,550.094083,88.30394,638.398023,1513.565963,88.264673,1601.830636,15.719913,14.582366,30.302279
fuel_minimizing,2500,2024-12-05,9720.202495,3492.548,6227.654495,0.0,0.0,0.0,0.0,197.378634,554.068003,91.62387,645.691873,1528.627173,90.581949,1619.209122,18.801023,15.172814,33.973837
fuel_minimizing,2500,2024-12-06,9720.202495,4238.664,5481.538495,0.0,0.0,0.0,0.0,202.860172,558.920672,94.60676,653.527432,1549.076601,92.532131,1641.608732,17.339501,15.721281,33.060782
fuel_minimizing,2500,2024-12-07,9720.202495,2493.363,7226.839495,0.0,0.0,0.0,0.0,210.087012,560.80584,98.621987,659.427827,1568.980138,94.960558,1663.940696,13.423825,16.504466,29.928291
fuel_minimizing,2500,2024-12-08,9720.202495,2323.79,7396.412495,0.0,0.0,0.0,0.0,217.483424,561.881271,102.833763,664.715034,1587.814485,97.304208,1685.118693,11.895656,17.345453,29.241109
fuel_minimizing,2500,2024-12-09,9720.202495,3269.917,6450.285495,0.0,0.0,0.0,0.0,223.93371,565.85059,106.598623,672.449213,1603.957274,99.256573,1703.213847,14.514364,18.078513,32.592877
fuel_minimizing,2500,2024-12-10,9720.202495,3089.807,6630.395495,0.0,0.0,0.0,0.0,230.564105,571.079372,110.512768,681.59214,1614.266532,101.203492,1715.470024,14.871782,18.847846,33.719628
fuel_minimizing,2500,2024-12-11,9720.202495,4300.004,5420.198495,0.0,0.0,0.0,0.0,235.984304,571.72003,113.728137,685.448167,1619.60519,102.757282,1722.362472,12.898314,19.498884,32.397198
fuel_minimizing,2500,2024-12-12,9720.202495,7071.162,2649.040495,0.0,0.0,0.0,0.0,238.633344,569.488654,115.302116,684.79077,1620.308508,103.509953,1723.818461,11.616681,19.821275,31.437956
fuel_minimizing,2500,2024-12-13,9720.202495,3182.089,6538.113495,0.0,0.0,0.0,0.0,245.171458,565.511283,119.221329,684.732612,1621.303357,105.352195,1726.655552,13.170801,20.597933,33.768734
fuel_minimizing,2500,2024-12-14,9720.202495,1892.331,7827.871495,0.0,0.0,0.0,0.0,252.999329,563.766439,124.048535,687.814974,1634.146746,107.434704,1741.58145,15.64029,21.516091,37.156381
fuel_minimizing,2500,2024-12-15,9720.202495,1939.625,7780.577495,0.0,0.0,0.0,0.0,260.779907,570.515777,129.079293,699.59507,1655.063352,109.340184,1764.403536,24.574565,22.36043,46.934995
fuel_minimizing,2500,2024-12-16,9720.202495,4116.119,5604.083495,0.0,0.0,0.0,0.0,266.38399,576.920057,132.829654,709.749711,1676.611123,110.543752,1787.154875,23.823751,23.010585,46.834336
fuel_minimizing,2500,2024-12-17,9720.202495,1931.968,7788.234495,0.0,0.0,0.0,0.0,274.172225,579.197442,138.235208,717.43265,1697.471609,111.943229,1809.414838,21.4504,23.993787,45.444187
fuel_minimizing,2500,2024-12-18,9720.202495,1901.339,7818.863495,0.0,0.0,0.0,0.0,281.991088,578.159967,143.860625,722.020592,1715.512264,113.077939,1828.590203,19.238654,25.052525,44.291179
fuel_minimizing,2500,2024-12-19,9720.202495,1543.331,8176.871495,0.0,0.0,-0.0,0.0,290.16796,575.082047,149.888577,724.970624,1727.371737,114.056993,1841.42873,16.795706,26.22239,43.018096
fuel_minimizing,2500,2024-12-20,9720.202495,2628.882,7091.320495,0.0,0.0,0.0,0.0,297.25928,571.603861,155.229177,726.833038,1736.893133,114.753444,1851.646577,15.070544,27.276659,42.347203
fuel_minimizing,2500,2024-12-21,9720.202495,2254.907,7465.295495,0.0,0.0,0.0,0.0,304.724575,569.336828,161.002703,730.339531,1747.243934,115.309344,1862.553278,14.831675,28.412528,43.244203
fuel_minimizing,2500,2024-12-22,9720.202495,2036.176,7684.026495,0.0,0.0,0.0,0.0,312.408602,566.520003,167.135138,733.655141,1758.588855,115.669302,1874.258157,15.025719,29.604162,44.629881
fuel_minimizing,2500,2024-12-23,9720.202495,2022.988,7697.214495,0.0,0.0,0.0,0.0,320.105816,562.961303,173.335981,736.297284,1761.245429,115.975299,1877.220728,15.05344,30.794537,45.847977
fuel_minimizing,2500,2024-12-24,9720.202495,2014.282,7705.920495,0.0,0.0,0.0,0.0,327.811737,558.602068,179.542811,738.144879,1759.156611,116.319768,1875.476379,16.027788,31.949158,47.976946
fuel_minimizing,2500,2024-12-25,9720.202495,2047.353,7672.849495,0.0,0.0,0.0,0.0,335.484586,554.555685,185.703424,740.259109,1757.070708,116.699583,1873.770291,15.942857,33.08158,49.024437
fuel_minimizing,2500,2024-12-26,9720.202495,2182.42,7537.782495,0.0,0.0,0.0,0.0,343.022369,551.432909,191.850196,743.283105,1762.068275,116.972002,1879.040277,15.918675,34.200171,50.118846
fuel_minimizing,2500,2024-12-27,9720.202495,2067.668,7652.534495,0.0,0.0,0.0,0.0,350.674903,551.67675,198.189944,749.866694,1768.801179,117.107547,1885.908726,14.875321,35.377412,50.252733
fuel_minimizing,2500,2024-12-28,9720.202495,2547.943,7172.259495,0.0,0.0,0.0,0.0,357.847163,552.837296,204.182857,757.020153,1771.943881,117.17024,1889.114121,14.908939,36.494066,51.403005
fuel_minimizing,2500,2024-12-29,9720.202495,2769.536,6950.666495,0.0,159.252054,0.0,0.0,364.638577,549.658159,210.04216,759.700319,1775.027548,117.010988,1892.038536,14.335654,37.585429,51.921083
fuel_minimizing,2500,2024-12-30,9720.202495,2538.884,7181.318495,0.0,3259.314,0.0,0.0,368.560582,547.299111,216.112545,763.411656,1778.286862,113.751674,1892.038536,14.804545,38.696363,53.500908
fuel_minimizing,2500,2024-12-31,9720.202495,3510.916,6209.286495,0.0,3651.423,0.0,0.0,371.118445,547.144985,221.362953,768.507938,1781.938285,110.100251,1892.038536,14.880039,39.655241,54.53528
winter_security,0,2024-01-01,0.0,0.0,0.0,0.0,0.0,0.0,0.0,0.0,156.869209,0.0,156.869209,1173.727052,0.0,1173.727052,13.077023,0.0,13.077023
winter_security,0,2024-01-02,0.0,0.0,0.0,0.0,0.0,0.0,0.0,0.0,165.885579,0.0,165.885579,1180.355005,0.0,1180.355005,13.108283,0.0,13.108283
winter_security,0,2024-01-03,0.0,0.0,0.0,0.0,0.0,0.0,0.0,0.0,169.62371,0.0,169.62371,1181.145053,0.0,1181.145053,13.347151,0.0,13.347151
winter_security,0,2024-01-04,0.0,0.0,0.0,0.0,0.0,0.0,0.0,0.0,168.623041,0.0,168.623041,1181.771845,0.0,1181.771845,13.077023,0.0,13.077023
winter_security,0,2024-01-05,0.0,0.0,0.0,0.0,0.0,0.0,0.0,0.0,167.150793,0.0,167.150793,1184.511505,0.0,1184.511505,12.82223,0.0,12.82223
winter_security,0,2024-01-06,0.0,0.0,0.0,0.0,0.0,0.0,0.0,0.0,166.277796,0.0,166.277796,1185.1485,0.0,1185.1485,13.404952,0.0,13.404952
winter_security,0,2024-01-07,0.0,0.0,0.0,0.0,0.0,0.0,0.0,0.0,165.897081,0.0,165.897081,1187.195046,0.0,1187.195046,13.388437,0.0,13.388437
winter_security,0,2024-01-08,0.0,0.0,0.0,0.0,0.0,0.0,0.0,0.0,164.069423,0.0,164.069423,1185.781851,0.0,1185.781851,13.592508,0.0,13.592508
winter_security,0,2024-01-09,0.0,0.0,0.0,0.0,0.0,0.0,0.0,0.0,163.40116,0.0,163.40116,1184.802307,0.0,1184.802307,13.065227,0.0,13.065227
winter_security,0,2024-01-10,0.0,0.0,0.0,0.0,0.0,0.0,0.0,0.0,160.648746,0.0,160.648746,1179.176492,0.0,1179.176492,13.515834,0.0,13.515834
winter_security,0,2024-01-11,0.0,0.0,0.0,0.0,0.0,0.0,0.0,0.0,160.154163,0.0,160.154163,1178.446936,0.0,1178.446936,13.215036,0.0,13.215036
winter_security,0,2024-01-12,0.0,0.0,0.0,0.0,0.0,0.0,0.0,0.0,157.198164,0.0,157.198164,1174.822479,0.0,1174.822479,13.20383,0.0,13.20383
winter_security,0,2024-01-13,0.0,0.0,0.0,0.0,0.0,0.0,0.0,0.0,153.305908,0.0,153.305908,1171.180531,0.0,1171.180531,13.123028,0.0,13.123028
winter_security,0,2024-01-14,0.0,0.0,0.0,0.0,0.0,0.0,0.0,0.0,150.408569,0.0,150.408569,1176.181741,0.0,1176.181741,12.834616,0.0,12.834616
winter_security,0,2024-01-15,0.0,0.0,0.0,0.0,0.0,0.0,0.0,0.0,148.343971,0.0,148.343971,1180.658197,0.0,1180.658197,13.576583,0.0,13.576583
winter_security,0,2024-01-16,0.0,0.0,0.0,0.0,0.0,0.0,0.0,0.0,147.650404,0.0,147.650404,1176.881415,0.0,1176.881415,13.023352,0.0,13.023352
winter_security,0,2024-01-17,0.0,0.0,0.0,0.0,0.0,0.0,0.0,0.0,145.240747,0.0,145.240747,1171.10619,0.0,1171.10619,12.434732,0.0,12.434732
winter_security,0,2024-01-18,0.0,0.0,0.0,0.0,0.0,0.0,0.0,0.0,142.212287,0.0,142.212287,1165.314202,0.0,1165.314202,10.701903,0.0,10.701903
winter_security,0,2024-01-19,0.0,0.0,0.0,0.0,0.0,0.0,0.0,0.0,147.561839,0.0,147.561839,1169.327123,0.0,1169.327123,10.723725,0.0,10.723725
winter_security,0,2024-01-20,0.0,0.0,0.0,0.0,0.0,0.0,0.0,0.0,192.373397,0.0,192.373397,1215.454584,0.0,1215.454584,27.633853,0.0,27.633853
winter_security,0,2024-01-21,0.0,0.0,0.0,0.0,0.0,0.0,0.0,0.0,224.966444,0.0,224.966444,1273.137597,0.0,1273.137597,31.907536,0.0,31.907536
winter_security,0,2024-01-22,0.0,0.0,0.0,0.0,0.0,0.0,0.0,0.0,237.908427,0.0,237.908427,1300.21352,0.0,1300.21352,27.782482,0.0,27.782482
winter_security,0,2024-01-23,0.0,0.0,0.0,0.0,0.0,0.0,0.0,0.0,256.091844,0.0,256.091844,1319.627285,0.0,1319.627285,26.287931,0.0,26.287931
winter_security,0,2024-01-24,0.0,0.0,0.0,0.0,0.0,0.0,0.0,0.0,271.925415,0.0,271.925415,1342.787949,0.0,1342.787949,24.622929,0.0,24.622929
winter_security,0,2024-01-25,0.0,0.0,0.0,0.0,0.0,0.0,0.0,0.0,277.05528,0.0,277.05528,1354.315077,0.0,1354.315077,20.529134,0.0,20.529134
winter_security,0,2024-01-26,0.0,0.0,0.0,0.0,0.0,0.0,0.0,0.0,279.576505,0.0,279.576505,1359.29661,0.0,1359.29661,14.589268,0.0,14.589268
winter_security,0,2024-01-27,0.0,0.0,0.0,0.0,0.0,0.0,0.0,0.0,295.399724,0.0,295.399724,1370.925045,0.0,1370.925045,16.25722,0.0,16.25722
winter_security,0,2024-01-28,0.0,0.0,0.0,0.0,0.0,0.0,0.0,0.0,317.933175,0.0,317.933175,1402.432236,0.0,1402.432236,17.647376,0.0,17.647376
winter_security,0,2024-01-29,0.0,0.0,0.0,0.0,0.0,0.0,0.0,0.0,328.736947,0.0,328.736947,1426.209488,0.0,1426.209488,14.792749,0.0,14.792749
winter_security,0,2024-01-30,0.0,0.0,0.0,0.0,0.0,0.0,0.0,0.0,336.543314,0.0,336.543314,1435.444455,0.0,1435.444455,14.34863,0.0,14.34863
winter_security,0,2024-01-31,0.0,0.0,0.0,0.0,0.0,0.0,0.0,0.0,338.372122,0.0,338.372122,1437.456746,0.0,1437.456746,14.405841,0.0,14.405841
winter_security,0,2024-02-01,0.0,0.0,0.0,0.0,0.0,0.0,0.0,0.0,337.903993,0.0,337.903993,1436.749055,0.0,1436.749055,13.580122,0.0,13.580122
winter_security,0,2024-02-02,0.0,0.0,0.0,0.0,0.0,0.0,0.0,0.0,339.219815,0.0,339.219815,1433.003613,0.0,1433.003613,12.460683,0.0,12.460683
winter_security,0,2024-02-03,0.0,0.0,0.0,0.0,0.0,0.0,0.0,0.0,341.576563,0.0,341.576563,1431.976696,0.0,1431.976696,12.304387,0.0,12.304387
winter_security,0,2024-02-04,0.0,0.0,0.0,0.0,0.0,0.0,0.0,0.0,344.427894,0.0,344.427894,1434.889089,0.0,1434.889089,12.316183,0.0,12.316183
winter_security,0,2024-02-05,0.0,0.0,0.0,0.0,0.0,0.0,0.0,0.0,345.021394,0.0,345.021394,1436.396303,0.0,1436.396303,12.394036,0.0,12.394036
winter_security,0,2024-02-06,0.0,0.0,0.0,0.0,0.0,0.0,0.0,0.0,342.412754,0.0,342.412754,1432.907408,0.0,1432.907408,12.11919,0.0,12.11919
winter_security,0,2024-02-07,0.0,0.0,0.0,0.0,0.0,0.0,0.0,0.0,338.30196,0.0,338.30196,1430.04822,0.0,1430.04822,12.363367,0.0,12.363367
winter_security,0,2024-02-08,0.0,0.0,0.0,0.0,0.0,0.0,0.0,0.0,333.548209,0.0,333.548209,1424.767868,0.0,1424.767868,12.976168,0.0,12.976168
winter_security,0,2024-02-09,0.0,0.0,0.0,0.0,0.0,0.0,0.0,0.0,329.194724,0.0,329.194724,1422.163769,0.0,1422.163769,12.933702,0.0,12.933702
winter_security,0,2024-02-10,0.0,0.0,0.0,0.0,0.0,0.0,0.0,0.0,324.615802,0.0,324.615802,1418.591059,0.0,1418.591059,12.934292,0.0,12.934292
winter_security,0,2024-02-11,0.0,0.0,0.0,0.0,0.0,0.0,0.0,0.0,324.264993,0.0,324.264993,1415.816415,0.0,1415.816415,12.768559,0.0,12.768559
winter_security,0,2024-02-12,0.0,0.0,0.0,0.0,0.0,0.0,0.0,0.0,320.907577,0.0,320.907577,1407.776724,0.0,1407.776724,12.847592,0.0,12.847592
winter_security,0,2024-02-13,0.0,0.0,0.0,0.0,0.0,0.0,0.0,0.0,315.080694,0.0,315.080694,1397.307124,0.0,1397.307124,12.905982,0.0,12.905982
winter_security,0,2024-02-14,0.0,0.0,0.0,0.0,0.0,0.0,0.0,0.0,308.863895,0.0,308.863895,1389.190907,0.0,1389.190907,13.009197,0.0,13.009197
winter_security,0,2024-02-15,0.0,0.0,0.0,0.0,0.0,0.0,0.0,0.0,303.050815,0.0,303.050815,1384.287359,0.0,1384.287359,12.44122,0.0,12.44122
winter_security,0,2024-02-16,0.0,0.0,0.0,0.0,0.0,0.0,0.0,0.0,297.664456,0.0,297.664456,1381.913569,0.0,1381.913569,13.772986,0.0,13.772986
winter_security,0,2024-02-17,0.0,0.0,0.0,0.0,0.0,0.0,0.0,0.0,298.171692,0.0,298.171692,1385.083238,0.0,1385.083238,13.598406,0.0,13.598406
winter_security,0,2024-02-18,0.0,0.0,0.0,0.0,0.0,0.0,0.0,0.0,297.360805,0.0,297.360805,1395.782418,0.0,1395.782418,13.209728,0.0,13.209728
winter_security,0,2024-02-19,0.0,0.0,0.0,0.0,0.0,0.0,0.0,0.0,294.999457,0.0,294.999457,1405.080793,0.0,1405.080793,12.915419,0.0,12.915419
winter_security,0,2024-02-20,0.0,0.0,0.0,0.0,0.0,0.0,0.0,0.0,290.506799,0.0,290.506799,1402.884109,0.0,1402.884109,13.347741,0.0,13.347741
winter_security,0,2024-02-21,0.0,0.0,0.0,0.0,0.0,0.0,0.0,0.0,287.443832,0.0,287.443832,1397.439042,0.0,1397.439042,13.453315,0.0,13.453315
winter_security,0,2024-02-22,0.0,0.0,0.0,0.0,0.0,0.0,0.0,0.0,284.546494,0.0,284.546494,1385.438177,0.0,1385.438177,13.064638,0.0,13.064638
winter_security,0,2024-02-23,0.0,0.0,0.0,0.0,0.0,0.0,0.0,0.0,280.424198,0.0,280.424198,1373.100593,0.0,1373.100593,13.034558,0.0,13.034558
winter_security,0,2024-02-24,0.0,0.0,0.0,0.0,0.0,0.0,0.0,0.0,278.930096,0.0,278.930096,1362.913049,0.0,1362.913049,13.312353,0.0,13.312353
winter_security,0,2024-02-25,0.0,0.0,0.0,0.0,0.0,0.0,0.0,0.0,281.889546,0.0,281.889546,1354.737797,0.0,1354.737797,15.373111,0.0,15.373111
winter_security,0,2024-02-26,0.0,0.0,0.0,0.0,0.0,0.0,0.0,0.0,284.896153,0.0,284.896153,1356.978211,0.0,1356.978211,14.297907,0.0,14.297907
winter_security,0,2024-02-27,0.0,0.0,0.0,0.0,0.0,0.0,0.0,0.0,280.979742,0.0,280.979742,1357.440288,0.0,1357.440288,15.428552,0.0,15.428552
winter_security,0,2024-02-28,0.0,0.0,0.0,0.0,0.0,0.0,0.0,0.0,276.908055,0.0,276.908055,1354.374112,0.0,1354.374112,16.799835,0.0,16.799835
winter_security,0,2024-02-29,0.0,0.0,0.0,0.0,0.0,0.0,0.0,0.0,273.352806,0.0,273.352806,1351.162172,0.0,1351.162172,17.642068,0.0,17.642068
winter_security,0,2024-03-01,0.0,0.0,0.0,0.0,0.0,0.0,0.0,0.0,270.073603,0.0,270.073603,1344.612932,0.0,1344.612932,18.191171,0.0,18.191171
winter_security,0,2024-03-02,0.0,0.0,0.0,0.0,0.0,0.0,0.0,0.0,267.548927,0.0,267.548927,1344.21062,0.0,1344.21062,18.562744,0.0,18.562744
winter_security,0,2024-03-03,0.0,0.0,0.0,0.0,0.0,0.0,0.0,0.0,263.229948,0.0,263.229948,1350.232917,0.0,1350.232917,18.411755,0.0,18.411755
winter_security,0,2024-03-04,0.0,0.0,0.0,0.0,0.0,0.0,0.0,0.0,261.586321,0.0,261.586321,1355.707866,0.0,1355.707866,18.698398,0.0,18.698398
winter_security,0,2024-03-05,0.0,0.0,0.0,0.0,0.0,0.0,0.0,0.0,260.400471,0.0,260.400471,1354.738526,0.0,1354.738526,19.256937,0.0,19.256937
winter_security,0,2024-03-06,0.0,0.0,0.0,0.0,0.0,0.0,0.0,0.0,260.16008,0.0,260.16008,1351.950763,0.0,1351.950763,17.873859,0.0,17.873859
winter_security,0,2024-03-07,0.0,0.0,0.0,0.0,0.0,0.0,0.0,0.0,258.67518,0.0,258.67518,1348.756314,0.0,1348.756314,17.221541,0.0,17.221541
winter_security,0,2024-03-08,0.0,0.0,0.0,0.0,0.0,0.0,0.0,0.0,257.347856,0.0,257.347856,1341.276362,0.0,1341.276362,16.57748,0.0,16.57748
winter_security,0,2024-03-09,0.0,0.0,0.0,0.0,0.0,0.0,0.0,0.0,252.082268,0.0,252.082268,1342.554725,0.0,1342.554725,15.524689,0.0,15.524689
winter_security,0,2024-03-10,0.0,0.0,0.0,0.0,0.0,0.0,0.0,0.0,244.98212,0.0,244.98212,1346.489662,0.0,1346.489662,14.988562,0.0,14.988562
winter_security,0,2024-03-11,0.0,0.0,0.0,0.0,0.0,0.0,0.0,0.0,239.420932,0.0,239.420932,1346.426254,0.0,1346.426254,14.490772,0.0,14.490772
winter_security,0,2024-03-12,0.0,0.0,0.0,0.0,0.0,0.0,0.0,0.0,234.471648,0.0,234.471648,1337.893876,0.0,1337.893876,14.739667,0.0,14.739667
winter_security,0,2024-03-13,0.0,0.0,0.0,0.0,0.0,0.0,0.0,0.0,229.822564,0.0,229.822564,1330.789271,0.0,1330.789271,14.939609,0.0,14.939609
winter_security,0,2024-03-14,0.0,0.0,0.0,0.0,0.0,0.0,0.0,0.0,225.742825,0.0,225.742825,1325.374815,0.0,1325.374815,14.984433,0.0,14.984433
winter_security,0,2024-03-15,0.0,0.0,0.0,0.0,0.0,0.0,0.0,0.0,222.68446,0.0,222.68446,1322.726257,0.0,1322.726257,14.55447,0.0,14.55447
winter_security,0,2024-03-16,0.0,0.0,0.0,0.0,0.0,0.0,0.0,0.0,221.874723,0.0,221.874723,1319.968376,0.0,1319.968376,14.854088,0.0,14.854088
winter_security,0,2024-03-17,0.0,0.0,0.0,0.0,0.0,0.0,0.0,0.0,219.787121,0.0,219.787121,1319.03402,0.0,1319.03402,13.936361,0.0,13.936361
winter_security,0,2024-03-18,0.0,0.0,0.0,0.0,0.0,0.0,0.0,0.0,218.554113,0.0,218.554113,1311.731902,0.0,1311.731902,13.171981,0.0,13.171981
winter_security,0,2024-03-19,0.0,0.0,0.0,0.0,0.0,0.0,0.0,0.0,215.351973,0.0,215.351973,1302.070571,0.0,1302.070571,12.901853,0.0,12.901853
winter_security,0,2024-03-20,0.0,0.0,0.0,0.0,0.0,0.0,0.0,0.0,212.070469,0.0,212.070469,1291.671668,0.0,1291.671668,12.79451,0.0,12.79451
winter_security,0,2024-03-21,0.0,0.0,0.0,0.0,0.0,0.0,0.0,0.0,207.662926,0.0,207.662926,1282.230443,0.0,1282.230443,12.76384,0.0,12.76384
winter_security,0,2024-03-22,0.0,0.0,0.0,0.0,0.0,0.0,0.0,0.0,201.380566,0.0,201.380566,1273.823423,0.0,1273.823423,12.785073,0.0,12.785073
winter_security,0,2024-03-23,0.0,0.0,0.0,0.0,0.0,0.0,0.0,0.0,198.444121,0.0,198.444121,1261.903458,0.0,1261.903458,12.819871,0.0,12.819871
winter_security,0,2024-03-24,0.0,0.0,0.0,0.0,0.0,0.0,0.0,0.0,193.849096,0.0,193.849096,1255.737581,0.0,1255.737581,12.832847,0.0,12.832847
winter_security,0,2024-03-25,0.0,0.0,0.0,0.0,0.0,0.0,0.0,0.0,192.349243,0.0,192.349243,1250.835491,0.0,1250.835491,12.467171,0.0,12.467171
winter_security,0,2024-03-26,0.0,0.0,0.0,0.0,0.0,0.0,0.0,0.0,189.700346,0.0,189.700346,1248.463159,0.0,1248.463159,13.729931,0.0,13.729931
winter_security,0,2024-03-27,0.0,0.0,0.0,0.0,0.0,0.0,0.0,0.0,191.603917,0.0,191.603917,1248.498143,0.0,1248.498143,12.522023,0.0,12.522023
winter_security,0,2024-03-28,0.0,0.0,0.0,0.0,0.0,0.0,0.0,0.0,192.995652,0.0,192.995652,1244.152147,0.0,1244.152147,12.171682,0.0,12.171682
winter_security,0,2024-03-29,0.0,0.0,0.0,0.0,0.0,0.0,0.0,0.0,193.939961,0.0,193.939961,1240.319246,0.0,1240.319246,11.813084,0.0,11.813084
winter_security,0,2024-03-30,0.0,0.0,0.0,0.0,0.0,0.0,0.0,0.0,195.873437,0.0,195.873437,1235.848621,0.0,1235.848621,11.867935,0.0,11.867935
winter_security,0,2024-03-31,0.0,0.0,0.0,0.0,0.0,0.0,0.0,0.0,417.418055,0.0,417.418055,1228.959749,0.0,1228.959749,12.274897,0.0,12.274897
winter_security,0,2024-04-01,0.0,0.0,0.0,0.0,0.0,0.0,0.0,0.0,415.996415,0.0,415.996415,1221.229081,0.0,1221.229081,12.761481,0.0,12.761481
winter_security,0,2024-04-02,0.0,0.0,0.0,0.0,0.0,0.0,0.0,0.0,412.808077,0.0,412.808077,1212.292933,0.0,1212.292933,13.049303,0.0,13.049303
winter_security,0,2024-04-03,0.0,0.0,0.0,0.0,0.0,0.0,0.0,0.0,410.03956,0.0,410.03956,1198.273217,0.0,1198.273217,12.981476,0.0,12.981476
winter_security,0,2024-04-04,0.0,0.0,0.0,0.0,0.0,0.0,0.0,0.0,407.497631,0.0,407.497631,1189.571022,0.0,1189.571022,13.326508,0.0,13.326508
winter_security,0,2024-04-05,0.0,0.0,0.0,0.0,0.0,0.0,0.0,0.0,405.362871,0.0,405.362871,1180.943168,0.0,1180.943168,13.528809,0.0,13.528809
winter_security,0,2024-04-06,0.0,0.0,0.0,0.0,0.0,0.0,0.0,0.0,404.969505,0.0,404.969505,1173.90853,0.0,1173.90853,12.805716,0.0,12.805716
winter_security,0,2024-04-07,0.0,0.0,0.0,0.0,0.0,0.0,0.0,0.0,406.016182,0.0,406.016182,1173.464674,0.0,1173.464674,10.471291,0.0,10.471291
winter_security,0,2024-04-08,0.0,0.0,0.0,0.0,0.0,0.0,0.0,0.0,404.916596,0.0,404.916596,1170.009306,0.0,1170.009306,5.922172,0.0,5.922172
winter_security,0,2024-04-09,0.0,0.0,0.0,0.0,0.0,0.0,0.0,0.0,404.931549,0.0,404.931549,1162.619,0.0,1162.619,3.480404,0.0,3.480404
winter_security,0,2024-04-10,0.0,0.0,0.0,0.0,0.0,0.0,0.0,0.0,413.191092,0.0,413.191092,1165.710684,0.0,1165.710684,8.112095,0.0,8.112095
winter_security,0,2024-04-11,0.0,0.0,0.0,0.0,0.0,0.0,0.0,0.0,448.137436,0.0,448.137436,1196.853462,0.0,1196.853462,18.461298,0.0,18.461298
winter_security,0,2024-04-12,0.0,0.0,0.0,0.0,0.0,0.0,0.0,0.0,510.656231,0.0,510.656231,1267.424322,0.0,1267.424322,36.096878,0.0,36.096878
winter_security,0,2024-04-13,0.0,0.0,0.0,0.0,0.0,0.0,0.0,0.0,542.480949,0.0,542.480949,1323.471119,0.0,1323.471119,40.056789,0.0,40.056789
winter_security,0,2024-04-14,0.0,0.0,0.0,0.0,0.0,0.0,0.0,0.0,555.633417,0.0,555.633417,1356.154637,0.0,1356.154637,39.081261,0.0,39.081261
winter_security,0,2024-04-15,0.0,0.0,0.0,0.0,0.0,0.0,0.0,0.0,561.872069,0.0,561.872069,1377.292806,0.0,1377.292806,34.937923,0.0,34.937923
winter_security,0,2024-04-16,0.0,0.0,0.0,0.0,0.0,0.0,0.0,0.0,565.102964,0.0,565.102964,1389.267434,0.0,1389.267434,29.487591,0.0,29.487591
winter_security,0,2024-04-17,0.0,0.0,0.0,0.0,0.0,0.0,0.0,0.0,566.511952,0.0,566.511952,1397.638012,0.0,1397.638012,23.996562,0.0,23.996562
winter_security,0,2024-04-18,0.0,0.0,0.0,0.0,0.0,0.0,0.0,0.0,566.920271,0.0,566.920271,1405.551615,0.0,1405.551615,19.399669,0.0,19.399669
winter_security,0,2024-04-19,0.0,0.0,0.0,0.0,0.0,0.0,0.0,0.0,565.774678,0.0,565.774678,1412.154059,0.0,1412.154059,16.001837,0.0,16.001837
winter_security,0,2024-04-20,0.0,0.0,0.0,0.0,0.0,0.0,0.0,0.0,563.225848,0.0,563.225848,1414.438203,0.0,1414.438203,13.46924,0.0,13.46924
winter_security,0,2024-04-21,0.0,0.0,0.0,0.0,0.0,0.0,0.0,0.0,562.717462,0.0,562.717462,1415.436696,0.0,1415.436696,12.741428,0.0,12.741428
winter_security,0,2024-04-22,0.0,0.0,0.0,0.0,0.0,0.0,0.0,0.0,559.319789,0.0,559.319789,1417.96281,0.0,1417.96281,13.134824,0.0,13.134824
winter_security,0,2024-04-23,0.0,0.0,0.0,0.0,0.0,0.0,0.0,0.0,554.896143,0.0,554.896143,1413.826717,0.0,1413.826717,13.094128,0.0,13.094128
winter_security,0,2024-04-24,0.0,0.0,0.0,0.0,0.0,0.0,0.0,0.0,551.989603,0.0,551.989603,1410.186955,0.0,1410.186955,12.503149,0.0,12.503149
winter_security,0,2024-04-25,0.0,0.0,0.0,0.0,0.0,0.0,0.0,0.0,549.885898,0.0,549.885898,1415.569343,0.0,1415.569343,12.087931,0.0,12.087931
winter_security,0,2024-04-26,0.0,0.0,0.0,0.0,0.0,0.0,0.0,0.0,549.24639,0.0,549.24639,1420.93278,0.0,1420.93278,13.368384,0.0,13.368384
winter_security,0,2024-04-27,0.0,0.0,0.0,0.0,0.0,0.0,0.0,0.0,548.586178,0.0,548.586178,1423.85975,0.0,1423.85975,13.141901,0.0,13.141901
winter_security,0,2024-04-28,0.0,0.0,0.0,0.0,0.0,0.0,0.0,0.0,547.079424,0.0,547.079424,1425.215368,0.0,1425.215368,12.599876,0.0,12.599876
winter_security,0,2024-04-29,0.0,0.0,0.0,0.0,0.0,0.0,0.0,0.0,544.601906,0.0,544.601906,1423.094481,0.0,1423.094481,12.501969,0.0,12.501969
winter_security,0,2024-04-30,0.0,0.0,0.0,0.0,0.0,0.0,0.0,0.0,541.786232,0.0,541.786232,1417.178593,0.0,1417.178593,12.369265,0.0,12.369265
winter_security,0,2024-05-01,0.0,0.0,0.0,0.0,0.0,0.0,0.0,0.0,539.743487,0.0,539.743487,1412.672984,0.0,1412.672984,12.598696,0.0,12.598696
winter_security,0,2024-05-02,0.0,0.0,0.0,0.0,0.0,0.0,0.0,0.0,538.0412,0.0,538.0412,1407.916659,0.0,1407.916659,12.825769,0.0,12.825769
winter_security,0,2024-05-03,0.0,0.0,0.0,0.0,0.0,0.0,0.0,0.0,535.894938,0.0,535.894938,1399.302653,0.0,1399.302653,12.756763,0.0,12.756763
winter_security,0,2024-05-04,0.0,0.0,0.0,0.0,0.0,0.0,0.0,0.0,533.408218,0.0,533.408218,1390.045821,0.0,1390.045821,12.67596,0.0,12.67596
winter_security,0,2024-05-05,0.0,0.0,0.0,0.0,0.0,0.0,0.0,0.0,530.402762,0.0,530.402762,1382.5717,0.0,1382.5717,12.749095,0.0,12.749095
winter_security,0,2024-05-06,0.0,0.0,0.0,0.0,0.0,0.0,0.0,0.0,527.353597,0.0,527.353597,1377.192957,0.0,1377.192957,12.964962,0.0,12.964962
winter_security,0,2024-05-07,0.0,0.0,0.0,0.0,0.0,0.0,0.0,0.0,523.641921,0.0,523.641921,1372.062744,0.0,1372.062744,12.954935,0.0,12.954935
winter_security,0,2024-05-08,0.0,0.0,0.0,0.0,0.0,0.0,0.0,0.0,519.496622,0.0,519.496622,1361.874471,0.0,1361.874471,12.662395,0.0,12.662395
winter_security,0,2024-05-09,0.0,0.0,0.0,0.0,0.0,0.0,0.0,0.0,515.485896,0.0,515.485896,1352.458755,0.0,1352.458755,12.826359,0.0,12.826359
winter_security,0,2024-05-10,0.0,0.0,0.0,0.0,0.0,0.0,0.0,0.0,510.745946,0.0,510.745946,1339.455752,0.0,1339.455752,13.089409,0.0,13.089409
winter_security,0,2024-05-11,0.0,0.0,0.0,0.0,0.0,0.0,0.0,0.0,505.354987,0.0,505.354987,1328.654536,0.0,1328.654536,13.250424,0.0,13.250424
winter_security,0,2024-05-12,0.0,0.0,0.0,0.0,0.0,0.0,0.0,0.0,500.830124,0.0,500.830124,1317.354074,0.0,1317.354074,13.016864,0.0,13.016864
winter_security,0,2024-05-13,0.0,0.0,0.0,0.0,0.0,0.0,0.0,0.0,496.057969,0.0,496.057969,1304.04715,0.0,1304.04715,12.85172,0.0,12.85172
winter_security,0,2024-05-14,0.0,0.0,0.0,0.0,0.0,0.0,0.0,0.0,490.949957,0.0,490.949957,1289.758497,0.0,1289.758497,12.797459,0.0,12.797459
winter_security,0,2024-05-15,0.0,0.0,0.0,0.0,0.0,0.0,0.0,0.0,486.264067,0.0,486.264067,1275.924632,0.0,1275.924632,12.642342,0.0,12.642342
winter_security,0,2024-05-16,0.0,0.0,0.0,0.0,0.0,0.0,0.0,0.0,481.673643,0.0,481.673643,1261.741658,0.0,1261.741658,12.650009,0.0,12.650009
winter_security,0,2024-05-17,0.0,0.0,0.0,0.0,0.0,0.0,0.0,0.0,477.258048,0.0,477.258048,1248.309377,0.0,1248.309377,12.877082,0.0,12.877082
winter_security,0,2024-05-18,0.0,0.0,0.0,0.0,0.0,0.0,0.0,0.0,471.586441,0.0,471.586441,1238.847745,0.0,1238.847745,12.901263,0.0,12.901263
winter_security,0,2024-05-19,0.0,0.0,0.0,0.0,0.0,0.0,0.0,0.0,468.786869,0.0,468.786869,1231.277418,0.0,1231.277418,13.095307,0.0,13.095307
winter_security,0,2024-05-20,0.0,0.0,0.0,0.0,0.0,0.0,0.0,0.0,464.907265,0.0,464.907265,1219.054261,0.0,1219.054261,12.639393,0.0,12.639393
winter_security,0,2024-05-21,0.0,0.0,0.0,0.0,0.0,0.0,0.0,0.0,460.96785,0.0,460.96785,1207.191144,0.0,1207.191144,13.197342,0.0,13.197342
winter_security,0,2024-05-22,0.0,0.0,0.0,0.0,0.0,0.0,0.0,0.0,456.456789,0.0,456.456789,1199.916722,0.0,1199.916722,13.168442,0.0,13.168442
winter_security,0,2024-05-23,0.0,0.0,0.0,0.0,0.0,0.0,0.0,0.0,451.824958,0.0,451.824958,1188.08713,0.0,1188.08713,13.160185,0.0,13.160185
winter_security,0,2024-05-24,0.0,0.0,0.0,0.0,0.0,0.0,0.0,0.0,446.507611,0.0,446.507611,1174.960956,0.0,1174.960956,13.003299,0.0,13.003299
winter_security,0,2024-05-25,0.0,0.0,0.0,0.0,0.0,0.0,0.0,0.0,441.753859,0.0,441.753859,1160.640234,0.0,1160.640234,12.754993,0.0,12.754993
winter_security,0,2024-05-26,0.0,0.0,0.0,0.0,0.0,0.0,0.0,0.0,437.477438,0.0,437.477438,1153.49117,0.0,1153.49117,12.628186,0.0,12.628186
winter_security,0,2024-05-27,0.0,0.0,0.0,0.0,0.0,0.0,0.0,0.0,433.421854,0.0,433.421854,1141.131722,0.0,1141.131722,12.756763,0.0,12.756763
winter_security,0,2024-05-28,0.0,0.0,0.0,0.0,0.0,0.0,0.0,0.0,428.539281,0.0,428.539281,1124.701775,0.0,1124.701775,12.683038,0.0,12.683038
winter_security,0,2024-05-29,0.0,0.0,0.0,0.0,0.0,0.0,0.0,0.0,424.467594,0.0,424.467594,1106.874667,0.0,1106.874667,12.685987,0.0,12.685987
winter_security,0,2024-05-30,0.0,0.0,0.0,0.0,0.0,0.0,0.0,0.0,420.259034,0.0,420.259034,1091.582419,0.0,1091.582419,12.605184,0.0,12.605184
winter_security,0,2024-05-31,0.0,0.0,0.0,0.0,0.0,0.0,0.0,0.0,416.226454,0.0,416.226454,1081.929834,0.0,1081.929834,12.455375,0.0,12.455375
winter_security,0,2024-06-01,0.0,0.0,0.0,0.0,0.0,0.0,0.0,0.0,412.849484,0.0,412.849484,1075.938876,0.0,1075.938876,12.739658,0.0,12.739658
winter_security,0,2024-06-02,0.0,0.0,0.0,0.0,0.0,0.0,0.0,0.0,409.80032,0.0,409.80032,1070.614795,0.0,1070.614795,13.425005,0.0,13.425005
winter_security,0,2024-06-03,0.0,0.0,0.0,0.0,0.0,0.0,0.0,0.0,405.675724,0.0,405.675724,1061.075178,0.0,1061.075178,13.033378,0.0,13.033378
winter_security,0,2024-06-04,0.0,0.0,0.0,0.0,0.0,0.0,0.0,0.0,401.537326,0.0,401.537326,1049.130432,0.0,1049.130432,12.729042,0.0,12.729042
winter_security,0,2024-06-05,0.0,0.0,0.0,0.0,0.0,0.0,0.0,0.0,396.576539,0.0,396.576539,1033.449719,0.0,1033.449719,13.258682,0.0,13.258682
winter_security,0,2024-06-06,0.0,0.0,0.0,0.0,0.0,0.0,0.0,0.0,391.567445,0.0,391.567445,1019.408867,0.0,1019.408867,13.93754,0.0,13.93754
winter_security,0,2024-06-07,0.0,0.0,0.0,0.0,0.0,0.0,0.0,0.0,387.15415,0.0,387.15415,1007.611345,0.0,1007.611345,14.533237,0.0,14.533237
winter_security,0,2024-06-08,0.0,0.0,0.0,0.0,0.0,0.0,0.0,0.0,385.011339,0.0,385.011339,996.224152,0.0,996.224152,14.474257,0.0,14.474257
winter_security,0,2024-06-09,0.0,0.0,0.0,0.0,0.0,0.0,0.0,0.0,383.822038,0.0,383.822038,986.518362,0.0,986.518362,13.803066,0.0,13.803066
winter_security,0,2024-06-10,0.0,0.0,0.0,0.0,0.0,0.0,0.0,0.0,381.557306,0.0,381.557306,980.402046,0.0,980.402046,13.273426,0.0,13.273426
winter_security,0,2024-06-11,0.0,0.0,0.0,0.0,0.0,0.0,0.0,0.0,379.345483,0.0,379.345483,971.820837,0.0,971.820837,12.465402,0.0,12.465402
winter_security,0,2024-06-12,0.0,0.0,0.0,0.0,0.0,0.0,0.0,0.0,374.619336,0.0,374.619336,960.75287,0.0,960.75287,12.662395,0.0,12.662395
winter_security,0,2024-06-13,0.0,0.0,0.0,0.0,0.0,0.0,0.0,0.0,369.402056,0.0,369.402056,949.216997,0.0,949.216997,12.819871,0.0,12.819871
winter_security,0,2024-06-14,0.0,0.0,0.0,0.0,0.0,0.0,0.0,0.0,364.717316,0.0,364.717316,940.675873,0.0,940.675873,13.025121,0.0,13.025121
winter_security,0,2024-06-15,0.0,0.0,0.0,0.0,0.0,0.0,0.0,0.0,364.050203,0.0,364.050203,935.501201,0.0,935.501201,13.219165,0.0,13.219165
winter_security,0,2024-06-16,0.0,0.0,0.0,0.0,0.0,0.0,0.0,0.0,361.42201,0.0,361.42201,937.805023,0.0,937.805023,13.032199,0.0,13.032199
winter_security,0,2024-06-17,0.0,0.0,0.0,0.0,0.0,0.0,0.0,0.0,358.684548,0.0,358.684548,935.594491,0.0,935.594491,13.219755,0.0,13.219755
winter_security,0,2024-06-18,0.0,0.0,0.0,0.0,0.0,0.0,0.0,0.0,354.319562,0.0,354.319562,929.575838,0.0,929.575838,12.941959,0.0,12.941959
winter_security,0,2024-06-19,0.0,0.0,0.0,0.0,0.0,0.0,0.0,0.0,349.671628,0.0,349.671628,928.602854,0.0,928.602854,13.074074,0.0,13.074074
winter_security,0,2024-06-20,0.0,0.0,0.0,0.0,0.0,0.0,0.0,0.0,345.689657,0.0,345.689657,920.585028,0.0,920.585028,13.055201,0.0,13.055201
winter_security,0,2024-06-21,0.0,0.0,0.0,0.0,0.0,0.0,0.0,0.0,340.19518,0.0,340.19518,914.279217,0.0,914.279217,12.971449,0.0,12.971449
winter_security,0,2024-06-22,0.0,0.0,0.0,0.0,0.0,0.0,0.0,0.0,337.384106,0.0,337.384106,906.265035,0.0,906.265035,12.750275,0.0,12.750275
winter_security,0,2024-06-23,0.0,0.0,0.0,0.0,0.0,0.0,0.0,0.0,336.715843,0.0,336.715843,899.398756,0.0,899.398756,12.638213,0.0,12.638213
winter_security,0,2024-06-24,0.0,0.0,0.0,0.0,0.0,0.0,0.0,0.0,335.643862,0.0,335.643862,889.26806,0.0,889.26806,13.095897,0.0,13.095897
winter_security,0,2024-06-25,0.0,0.0,0.0,0.0,0.0,0.0,0.0,0.0,332.090913,0.0,332.090913,877.238042,0.0,877.238042,13.294069,0.0,13.294069
winter_security,0,2024-06-26,0.0,0.0,0.0,0.0,0.0,0.0,0.0,0.0,327.511991,0.0,327.511991,868.750852,0.0,868.750852,13.131875,0.0,13.131875
winter_security,0,2024-06-27,0.0,0.0,0.0,0.0,0.0,0.0,0.0,0.0,323.804915,0.0,323.804915,863.32765,0.0,863.32765,12.838745,0.0,12.838745
winter_security,0,2024-06-28,0.0,0.0,0.0,0.0,0.0,0.0,0.0,0.0,321.908245,0.0,321.908245,856.470117,0.0,856.470117,12.659446,0.0,12.659446
winter_security,0,2024-06-29,0.0,0.0,0.0,0.0,0.0,0.0,0.0,0.0,321.253785,0.0,321.253785,847.743871,0.0,847.743871,12.741428,0.0,12.741428
winter_security,0,2024-06-30,0.0,0.0,0.0,0.0,0.0,0.0,0.0,0.0,322.862906,0.0,322.862906,836.753889,0.0,836.753889,12.53087,0.0,12.53087
winter_security,0,2024-07-01,0.0,0.0,0.0,0.0,0.0,0.0,0.0,0.0,323.163107,0.0,323.163107,833.611187,0.0,833.611187,13.806015,0.0,13.806015
winter_security,0,2024-07-02,0.0,0.0,0.0,0.0,0.0,0.0,0.0,0.0,325.568163,0.0,325.568163,834.361878,0.0,834.361878,14.922504,0.0,14.922504
winter_security,0,2024-07-03,0.0,0.0,0.0,0.0,0.0,0.0,0.0,0.0,324.708968,0.0,324.708968,828.817691,0.0,828.817691,13.163724,0.0,13.163724
winter_security,0,2024-07-04,0.0,0.0,0.0,0.0,0.0,0.0,0.0,0.0,321.774823,0.0,321.774823,825.669888,0.0,825.669888,12.430014,0.0,12.430014
winter_security,0,2024-07-05,0.0,0.0,0.0,0.0,0.0,0.0,0.0,0.0,316.487381,0.0,316.487381,820.369858,0.0,820.369858,12.562129,0.0,12.562129
winter_security,0,2024-07-06,0.0,0.0,0.0,0.0,0.0,0.0,0.0,0.0,313.470422,0.0,313.470422,815.935674,0.0,815.935674,12.866465,0.0,12.866465
winter_security,0,2024-07-07,0.0,0.0,0.0,0.0,0.0,0.0,0.0,0.0,311.14473,0.0,311.14473,811.106467,0.0,811.106467,13.166673,0.0,13.166673
winter_security,0,2024-07-08,0.0,0.0,0.0,0.0,0.0,0.0,0.0,0.0,308.284197,0.0,308.284197,802.394069,0.0,802.394069,13.124207,0.0,13.124207
winter_security,0,2024-07-09,0.0,0.0,0.0,0.0,0.0,0.0,0.0,0.0,304.102092,0.0,304.102092,786.719186,0.0,786.719186,12.757352,0.0,12.757352
winter_security,0,2024-07-10,0.0,0.0,0.0,0.0,0.0,0.0,0.0,0.0,299.365593,0.0,299.365593,771.883913,0.0,771.883913,12.562719,0.0,12.562719
winter_security,0,2024-07-11,0.0,0.0,0.0,0.0,0.0,0.0,0.0,0.0,293.037226,0.0,293.037226,759.340071,0.0,759.340071,12.64765,0.0,12.64765
winter_security,0,2024-07-12,0.0,0.0,0.0,0.0,0.0,0.0,0.0,0.0,289.294494,0.0,289.294494,751.004477,0.0,751.004477,13.051072,0.0,13.051072
winter_security,0,2024-07-13,0.0,0.0,0.0,0.0,0.0,0.0,0.0,0.0,289.50728,0.0,289.50728,738.633367,0.0,738.633367,13.206779,0.0,13.206779
winter_security,0,2024-07-14,0.0,0.0,0.0,0.0,0.0,0.0,0.0,0.0,291.367144,0.0,291.367144,725.577889,0.0,725.577889,13.102975,0.0,13.102975
winter_security,0,2024-07-15,0.0,0.0,0.0,0.0,0.0,0.0,0.0,0.0,293.565165,0.0,293.565165,713.868555,0.0,713.868555,12.750275,0.0,12.750275
winter_security,0,2024-07-16,0.0,0.0,0.0,0.0,0.0,0.0,0.0,0.0,295.686123,0.0,295.686123,695.219329,0.0,695.219329,12.595158,0.0,12.595158
winter_security,0,2024-07-17,0.0,0.0,0.0,0.0,0.0,0.0,0.0,0.0,297.736918,0.0,297.736918,674.084075,0.0,674.084075,12.931933,0.0,12.931933
winter_security,0,2024-07-18,0.0,0.0,0.0,0.0,0.0,0.0,0.0,0.0,299.956793,0.0,299.956793,653.0924,0.0,653.0924,13.114181,0.0,13.114181
winter_security,0,2024-07-19,0.0,0.0,0.0,0.0,0.0,0.0,0.0,0.0,302.535528,0.0,302.535528,631.857296,0.0,631.857296,12.907161,0.0,12.907161
winter_security,0,2024-07-20,0.0,0.0,0.0,0.0,0.0,0.0,0.0,0.0,304.707094,0.0,304.707094,610.279644,0.0,610.279644,12.879441,0.0,12.879441
winter_security,0,2024-07-21,0.0,0.0,0.0,0.0,0.0,0.0,0.0,0.0,307.28928,0.0,307.28928,593.43791,0.0,593.43791,12.91247,0.0,12.91247
winter_security,0,2024-07-22,0.0,0.0,0.0,0.0,0.0,0.0,0.0,0.0,309.923224,0.0,309.923224,574.777023,0.0,574.777023,12.879441,0.0,12.879441
winter_security,0,2024-07-23,0.0,0.0,0.0,0.0,0.0,0.0,0.0,0.0,311.326461,0.0,311.326461,554.905555,0.0,554.905555,12.723144,0.0,12.723144
winter_security,0,2024-07-24,0.0,0.0,0.0,0.0,0.0,0.0,0.0,0.0,311.853249,0.0,311.853249,532.735367,0.0,532.735367,12.688936,0.0,12.688936
winter_security,0,2024-07-25,0.0,0.0,0.0,0.0,0.0,0.0,0.0,0.0,311.638163,0.0,311.638163,515.47893,0.0,515.47893,12.913649,0.0,12.913649
winter_security,0,2024-07-26,0.0,0.0,0.0,0.0,0.0,0.0,0.0,0.0,309.01342,0.0,309.01342,499.143002,0.0,499.143002,13.031609,0.0,13.031609
winter_security,0,2024-07-27,0.0,0.0,0.0,0.0,0.0,0.0,0.0,0.0,306.589962,0.0,306.589962,487.30758,0.0,487.30758,12.883569,0.0,12.883569
winter_security,0,2024-07-28,0.0,0.0,0.0,0.0,0.0,0.0,0.0,0.0,306.351872,0.0,306.351872,476.62662,0.0,476.62662,12.761481,0.0,12.761481
winter_security,0,2024-07-29,0.0,0.0,0.0,0.0,0.0,0.0,0.0,0.0,306.239152,0.0,306.239152,469.944005,0.0,469.944005,13.187906,0.0,13.187906
winter_security,0,2024-07-30,0.0,0.0,0.0,0.0,0.0,0.0,0.0,0.0,310.01984,0.0,310.01984,466.596503,0.0,466.596503,14.581601,0.0,14.581601
winter_security,0,2024-07-31,0.0,0.0,0.0,0.0,0.0,0.0,0.0,0.0,311.364417,0.0,311.364417,458.84397,0.0,458.84397,14.99446,0.0,14.99446
winter_security,0,2024-08-01,0.0,0.0,0.0,0.0,0.0,0.0,0.0,0.0,312.442149,0.0,312.442149,448.525238,0.0,448.525238,14.858806,0.0,14.858806
winter_security,0,2024-08-02,0.0,0.0,0.0,0.0,0.0,0.0,0.0,0.0,311.953316,0.0,311.953316,439.283711,0.0,439.283711,14.541494,0.0,14.541494
winter_security,0,2024-08-03,0.0,0.0,0.0,0.0,0.0,0.0,0.0,0.0,311.050414,0.0,311.050414,430.039998,0.0,430.039998,13.930463,0.0,13.930463
winter_security,0,2024-08-04,0.0,0.0,0.0,0.0,0.0,0.0,0.0,0.0,307.147806,0.0,307.147806,421.51418,0.0,421.51418,12.995631,0.0,12.995631
winter_security,0,2024-08-05,0.0,0.0,0.0,0.0,0.0,0.0,0.0,0.0,304.899176,0.0,304.899176,408.474007,0.0,408.474007,12.532049,0.0,12.532049
winter_security,0,2024-08-06,0.0,0.0,0.0,0.0,0.0,0.0,0.0,0.0,302.774768,0.0,302.774768,393.175929,0.0,393.175929,12.744967,0.0,12.744967
winter_security,0,2024-08-07,0.0,0.0,0.0,0.0,0.0,0.0,0.0,0.0,301.299069,0.0,301.299069,371.90074,0.0,371.90074,12.808665,0.0,12.808665
winter_security,0,2024-08-08,0.0,0.0,0.0,0.0,0.0,0.0,0.0,0.0,299.833722,0.0,299.833722,355.960564,0.0,355.960564,13.14662,0.0,13.14662
winter_security,0,2024-08-09,0.0,0.0,0.0,0.0,0.0,0.0,0.0,0.0,299.188463,0.0,299.188463,342.639065,0.0,342.639065,13.199112,0.0,13.199112
winter_security,0,2024-08-10,0.0,0.0,0.0,0.0,0.0,0.0,0.0,0.0,297.657555,0.0,297.657555,335.721039,0.0,335.721039,12.945498,0.0,12.945498
winter_security,0,2024-08-11,0.0,0.0,0.0,0.0,0.0,0.0,0.0,0.0,295.713727,0.0,295.713727,329.335785,0.0,329.335785,12.672421,0.0,12.672421
winter_security,0,2024-08-12,0.0,0.0,0.0,0.0,0.0,0.0,0.0,0.0,295.234096,0.0,295.234096,324.209945,0.0,324.209945,12.612852,0.0,12.612852
winter_security,0,2024-08-13,0.0,0.0,0.0,0.0,0.0,0.0,0.0,0.0,293.975784,0.0,293.975784,316.633788,0.0,316.633788,13.017454,0.0,13.017454
winter_security,0,2024-08-14,0.0,0.0,0.0,0.0,0.0,0.0,0.0,0.0,293.235059,0.0,293.235059,308.113801,0.0,308.113801,13.180828,0.0,13.180828
winter_security,0,2024-08-15,0.0,0.0,0.0,0.0,0.0,0.0,0.0,0.0,293.876867,0.0,293.876867,302.311609,0.0,302.311609,12.988554,0.0,12.988554
winter_security,0,2024-08-16,0.0,0.0,0.0,0.0,0.0,0.0,0.0,0.0,295.913861,0.0,295.913861,299.606932,0.0,299.606932,12.772097,0.0,12.772097
winter_security,0,2024-08-17,0.0,0.0,0.0,0.0,0.0,0.0,0.0,0.0,294.412858,0.0,294.412858,301.68336,0.0,301.68336,13.077023,0.0,13.077023
winter_security,0,2024-08-18,0.0,0.0,0.0,0.0,0.0,0.0,0.0,0.0,293.432893,0.0,293.432893,306.275699,0.0,306.275699,12.849361,0.0,12.849361
winter_security,0,2024-08-19,0.0,0.0,0.0,0.0,0.0,0.0,0.0,0.0,291.470662,0.0,291.470662,308.537978,0.0,308.537978,12.61639,0.0,12.61639
winter_security,0,2024-08-20,0.0,0.0,0.0,0.0,0.0,0.0,0.0,0.0,290.013366,0.0,290.013366,303.49158,0.0,303.49158,12.671242,0.0,12.671242
winter_security,0,2024-08-21,0.0,0.0,0.0,0.0,0.0,0.0,0.0,0.0,288.859721,0.0,288.859721,296.340329,0.0,296.340329,12.658856,0.0,12.658856
winter_security,0,2024-08-22,0.0,0.0,0.0,0.0,0.0,0.0,0.0,0.0,288.121297,0.0,288.121297,291.58692,0.0,291.58692,12.665934,0.0,12.665934
winter_security,0,2024-08-23,0.0,0.0,0.0,0.0,0.0,0.0,0.0,0.0,289.616549,0.0,289.616549,297.997682,0.0,297.997682,13.454495,0.0,13.454495
winter_security,0,2024-08-24,0.0,0.0,0.0,0.0,0.0,0.0,0.0,0.0,296.707495,0.0,296.707495,311.205485,0.0,311.205485,14.372812,0.0,14.372812
winter_security,0,2024-08-25,0.0,0.0,0.0,0.0,0.0,0.0,0.0,0.0,298.445438,0.0,298.445438,321.803358,0.0,321.803358,15.495789,0.0,15.495789
winter_security,0,2024-08-26,0.0,0.0,0.0,0.0,0.0,0.0,0.0,0.0,300.567546,0.0,300.567546,333.389521,0.0,333.389521,19.230396,0.0,19.230396
winter_security,0,2024-08-27,0.0,0.0,0.0,0.0,0.0,0.0,0.0,0.0,301.452045,0.0,301.452045,343.258567,0.0,343.258567,17.971765,0.0,17.971765
winter_security,0,2024-08-28,0.0,0.0,0.0,0.0,0.0,0.0,0.0,0.0,303.062317,0.0,303.062317,353.037239,0.0,353.037239,16.394643,0.0,16.394643
winter_security,0,2024-08-29,0.0,0.0,0.0,0.0,0.0,0.0,0.0,0.0,306.478393,0.0,306.478393,362.696384,0.0,362.696384,15.475146,0.0,15.475146
winter_security,0,2024-08-30,0.0,0.0,0.0,0.0,0.0,0.0,0.0,0.0,312.798709,0.0,312.798709,374.774505,0.0,374.774505,14.592217,0.0,14.592217
winter_security,0,2024-08-31,0.0,0.0,0.0,0.0,0.0,0.0,0.0,0.0,320.877672,0.0,320.877672,385.043677,0.0,385.043677,11.746437,0.0,11.746437
winter_security,0,2024-09-01,0.0,0.0,0.0,0.0,0.0,0.0,0.0,0.0,338.346818,0.0,338.346818,398.161834,0.0,398.161834,12.388138,0.0,12.388138
winter_security,0,2024-09-02,0.0,0.0,0.0,0.0,0.0,0.0,0.0,0.0,358.627039,0.0,358.627039,415.040739,0.0,415.040739,16.143978,0.0,16.143978
winter_security,0,2024-09-03,0.0,0.0,0.0,0.0,0.0,0.0,0.0,0.0,380.527883,0.0,380.527883,432.435653,0.0,432.435653,22.177032,0.0,22.177032
winter_security,0,2024-09-04,0.0,0.0,0.0,0.0,0.0,0.0,0.0,0.0,403.439747,0.0,403.439747,452.526498,0.0,452.526498,26.29265,0.0,26.29265
winter_security,0,2024-09-05,0.0,0.0,0.0,0.0,0.0,0.0,0.0,0.0,413.031215,0.0,413.031215,470.575898,0.0,470.575898,24.240149,0.0,24.240149
winter_security,0,2024-09-06,0.0,0.0,0.0,0.0,0.0,0.0,0.0,0.0,418.879951,0.0,418.879951,485.185236,0.0,485.185236,19.800732,0.0,19.800732
winter_security,0,2024-09-07,0.0,0.0,0.0,0.0,0.0,0.0,0.0,0.0,428.06425,0.0,428.06425,496.847925,0.0,496.847925,16.28671,0.0,16.28671
winter_security,0,2024-09-08,0.0,0.0,0.0,0.0,0.0,0.0,0.0,0.0,440.842906,0.0,440.842906,508.981437,0.0,508.981437,18.090315,0.0,18.090315
winter_security,0,2024-09-09,0.0,0.0,0.0,0.0,0.0,0.0,0.0,0.0,451.248711,0.0,451.248711,522.888185,0.0,522.888185,15.797766,0.0,15.797766
winter_security,0,2024-09-10,0.0,0.0,0.0,0.0,0.0,0.0,0.0,0.0,457.7059,0.0,457.7059,537.880157,0.0,537.880157,15.797766,0.0,15.797766
winter_security,0,2024-09-11,0.0,0.0,0.0,0.0,0.0,0.0,0.0,0.0,462.735698,0.0,462.735698,551.265064,0.0,551.265064,15.509944,0.0,15.509944
winter_security,0,2024-09-12,0.0,0.0,0.0,0.0,0.0,0.0,0.0,0.0,464.987778,0.0,464.987778,563.040722,0.0,563.040722,14.811032,0.0,14.811032
winter_security,0,2024-09-13,0.0,0.0,0.0,0.0,0.0,0.0,0.0,0.0,467.333024,0.0,467.333024,576.82357,0.0,576.82357,15.387266,0.0,15.387266
winter_security,0,2024-09-14,0.0,0.0,0.0,0.0,0.0,0.0,0.0,0.0,470.474204,0.0,470.474204,592.208379,0.0,592.208379,15.72935,0.0,15.72935
winter_security,0,2024-09-15,0.0,0.0,0.0,0.0,0.0,0.0,0.0,0.0,472.52845,0.0,472.52845,604.618845,0.0,604.618845,14.99446,0.0,14.99446
winter_security,0,2024-09-16,0.0,0.0,0.0,0.0,0.0,0.0,0.0,0.0,473.725802,0.0,473.725802,616.385757,0.0,616.385757,13.939899,0.0,13.939899
winter_security,0,2024-09-17,0.0,0.0,0.0,0.0,0.0,0.0,0.0,0.0,474.373361,0.0,474.373361,623.362089,0.0,623.362089,12.964372,0.0,12.964372
winter_security,0,2024-09-18,0.0,0.0,0.0,0.0,0.0,0.0,0.0,0.0,471.608295,0.0,471.608295,628.644627,0.0,628.644627,12.550333,0.0,12.550333
winter_security,0,2024-09-19,0.0,0.0,0.0,0.0,0.0,0.0,0.0,0.0,470.447749,0.0,470.447749,637.954663,0.0,637.954663,12.661805,0.0,12.661805
winter_security,0,2024-09-20,0.0,0.0,0.0,0.0,0.0,0.0,0.0,0.0,469.2688,0.0,469.2688,647.543111,0.0,647.543111,13.471599,0.0,13.471599
winter_security,0,2024-09-21,0.0,0.0,0.0,0.0,0.0,0.0,0.0,0.0,469.97962,0.0,469.97962,656.122863,0.0,656.122863,14.653556,0.0,14.653556
winter_security,0,2024-09-22,0.0,0.0,0.0,0.0,0.0,0.0,0.0,0.0,475.300418,0.0,475.300418,663.710681,0.0,663.710681,13.854968,0.0,13.854968
winter_security,0,2024-09-23,0.0,0.0,0.0,0.0,0.0,0.0,0.0,0.0,480.659171,0.0,480.659171,669.542025,0.0,669.542025,14.190564,0.0,14.190564
winter_security,0,2024-09-24,0.0,0.0,0.0,0.0,0.0,0.0,0.0,0.0,483.564561,0.0,483.564561,677.404611,0.0,677.404611,13.73347,0.0,13.73347
winter_security,0,2024-09-25,0.0,0.0,0.0,0.0,0.0,0.0,0.0,0.0,484.462863,0.0,484.462863,684.396248,0.0,684.396248,12.515535,0.0,12.515535
winter_security,0,2024-09-26,0.0,0.0,0.0,0.0,0.0,0.0,0.0,0.0,484.628491,0.0,484.628491,692.449058,0.0,692.449058,11.639683,0.0,11.639683
winter_security,0,2024-09-27,0.0,0.0,0.0,0.0,0.0,0.0,0.0,0.0,488.543751,0.0,488.543751,703.720368,0.0,703.720368,15.385497,0.0,15.385497
winter_security,0,2024-09-28,0.0,0.0,0.0,0.0,0.0,0.0,0.0,0.0,490.96491,0.0,490.96491,714.89693,0.0,714.89693,15.240996,0.0,15.240996
winter_security,0,2024-09-29,0.0,0.0,0.0,0.0,0.0,0.0,0.0,0.0,492.501569,0.0,492.501569,726.424057,0.0,726.424057,14.145739,0.0,14.145739
winter_security,0,2024-09-30,0.0,0.0,0.0,0.0,0.0,0.0,0.0,0.0,269.857366,0.0,269.857366,737.381242,0.0,737.381242,12.819281,0.0,12.819281
winter_security,0,2024-10-01,0.0,0.0,0.0,0.0,0.0,0.0,0.0,0.0,265.507332,0.0,265.507332,745.75838,0.0,745.75838,11.7659,0.0,11.7659
winter_security,0,2024-10-02,0.0,0.0,0.0,0.0,0.0,0.0,0.0,0.0,260.587953,0.0,260.587953,755.429186,0.0,755.429186,11.727563,0.0,11.727563
winter_security,0,2024-10-03,0.0,0.0,0.0,0.0,0.0,0.0,0.0,0.0,264.673442,0.0,264.673442,771.687858,0.0,771.687858,14.514364,0.0,14.514364
winter_security,0,2024-10-04,0.0,0.0,0.0,0.0,0.0,0.0,0.0,0.0,270.598091,0.0,270.598091,786.951682,0.0,786.951682,15.338903,0.0,15.338903
winter_security,0,2024-10-05,0.0,0.0,0.0,0.0,0.0,0.0,0.0,0.0,274.818153,0.0,274.818153,800.527543,0.0,800.527543,18.754429,0.0,18.754429
winter_security,0,2024-10-06,0.0,0.0,0.0,0.0,0.0,0.0,0.0,0.0,277.94323,0.0,277.94323,813.947434,0.0,813.947434,23.935813,0.0,23.935813
winter_security,0,2024-10-07,0.0,0.0,0.0,0.0,0.0,0.0,0.0,0.0,282.785547,0.0,282.785547,823.987026,0.0,823.987026,26.560418,0.0,26.560418
winter_security,0,2024-10-08,0.0,0.0,0.0,0.0,0.0,0.0,0.0,0.0,291.592582,0.0,291.592582,832.644762,0.0,832.644762,27.195042,0.0,27.195042
winter_security,0,2024-10-09,0.0,0.0,0.0,0.0,0.0,0.0,0.0,0.0,303.02091,0.0,303.02091,841.560503,0.0,841.560503,27.623826,0.0,27.623826
winter_security,0,2024-10-10,0.0,0.0,0.0,0.0,0.0,0.0,0.0,0.0,309.242309,0.0,309.242309,849.483581,0.0,849.483581,25.29353,0.0,25.29353
winter_security,0,2024-10-11,0.0,0.0,0.0,0.0,0.0,0.0,0.0,0.0,312.936732,0.0,312.936732,856.12028,0.0,856.12028,23.214489,0.0,23.214489
winter_security,0,2024-10-12,0.0,0.0,0.0,0.0,0.0,0.0,0.0,0.0,320.150749,0.0,320.150749,860.682737,0.0,860.682737,21.389061,0.0,21.389061
winter_security,0,2024-10-13,0.0,0.0,0.0,0.0,0.0,0.0,0.0,0.0,327.089869,0.0,327.089869,865.431773,0.0,865.431773,21.857361,0.0,21.857361
winter_security,0,2024-10-14,0.0,0.0,0.0,0.0,0.0,0.0,0.0,0.0,333.330822,0.0,333.330822,869.476034,0.0,869.476034,19.479292,0.0,19.479292
winter_security,0,2024-10-15,0.0,0.0,0.0,0.0,0.0,0.0,0.0,0.0,335.022757,0.0,335.022757,871.22449,0.0,871.22449,16.366922,0.0,16.366922
winter_security,0,2024-10-16,0.0,0.0,0.0,0.0,0.0,0.0,0.0,0.0,335.282701,0.0,335.282701,870.90818,0.0,870.90818,15.004487,0.0,15.004487
winter_security,0,2024-10-17,0.0,0.0,0.0,0.0,0.0,0.0,0.0,0.0,334.847928,0.0,334.847928,865.500283,0.0,865.500283,13.669182,0.0,13.669182
winter_security,0,2024-10-18,0.0,0.0,0.0,0.0,0.0,0.0,0.0,0.0,333.25951,0.0,333.25951,860.751246,0.0,860.751246,12.982066,0.0,12.982066
winter_security,0,2024-10-19,0.0,0.0,0.0,0.0,0.0,0.0,0.0,0.0,327.241695,0.0,327.241695,862.140391,0.0,862.140391,13.109462,0.0,13.109462
winter_security,0,2024-10-20,0.0,0.0,0.0,0.0,0.0,0.0,0.0,0.0,320.472803,0.0,320.472803,867.756003,0.0,867.756003,12.987374,0.0,12.987374
winter_security,0,2024-10-21,0.0,0.0,0.0,0.0,0.0,0.0,0.0,0.0,313.913247,0.0,313.913247,873.453243,0.0,873.453243,12.49902,0.0,12.49902
winter_security,0,2024-10-22,0.0,0.0,0.0,0.0,0.0,0.0,0.0,0.0,307.564176,0.0,307.564176,876.020172,0.0,876.020172,11.566548,0.0,11.566548
winter_security,0,2024-10-23,0.0,0.0,0.0,0.0,0.0,0.0,0.0,0.0,301.830459,0.0,301.830459,880.928093,0.0,880.928093,7.731085,0.0,7.731085
winter_security,0,2024-10-24,0.0,0.0,0.0,0.0,0.0,0.0,0.0,0.0,300.05686,0.0,300.05686,893.832704,0.0,893.832704,7.263375,0.0,7.263375
winter_security,0,2024-10-25,0.0,0.0,0.0,0.0,0.0,0.0,0.0,0.0,317.689334,0.0,317.689334,916.167607,0.0,916.167607,24.698423,0.0,24.698423
winter_security,0,2024-10-26,0.0,0.0,0.0,0.0,0.0,0.0,0.0,0.0,351.425674,0.0,351.425674,949.53185,0.0,949.53185,32.490258,0.0,32.490258
winter_security,0,2024-10-27,0.0,0.0,0.0,0.0,0.0,0.0,0.0,0.0,377.37175,0.0,377.37175,974.365901,0.0,974.365901,33.682241,0.0,33.682241
winter_security,0,2024-10-28,0.0,0.0,0.0,0.0,0.0,0.0,0.0,0.0,394.348614,0.0,394.348614,990.859256,0.0,990.859256,31.248141,0.0,31.248141
winter_security,0,2024-10-29,0.0,0.0,0.0,0.0,0.0,0.0,0.0,0.0,408.61447,0.0,408.61447,1004.899379,0.0,1004.899379,27.893954,0.0,27.893954
winter_security,0,2024-10-30,0.0,0.0,0.0,0.0,0.0,0.0,0.0,0.0,417.423806,0.0,417.423806,1018.616632,0.0,1018.616632,25.627356,0.0,25.627356
winter_security,0,2024-10-31,0.0,0.0,0.0,0.0,0.0,0.0,0.0,0.0,422.988444,0.0,422.988444,1033.430041,0.0,1033.430041,22.658308,0.0,22.658308
winter_security,0,2024-11-01,0.0,0.0,0.0,0.0,0.0,0.0,0.0,0.0,425.990451,0.0,425.990451,1048.510201,0.0,1048.510201,23.830829,0.0,23.830829
winter_security,0,2024-11-02,0.0,0.0,0.0,0.0,0.0,0.0,0.0,0.0,430.07709,0.0,430.07709,1062.790837,0.0,1062.790837,26.062628,0.0,26.062628
winter_security,0,2024-11-03,0.0,0.0,0.0,0.0,0.0,0.0,0.0,0.0,430.425599,0.0,430.425599,1078.244156,0.0,1078.244156,26.664813,0.0,26.664813
winter_security,0,2024-11-04,0.0,0.0,0.0,0.0,0.0,0.0,0.0,0.0,428.642798,0.0,428.642798,1092.540826,0.0,1092.540826,24.539177,0.0,24.539177
winter_security,0,2024-11-05,0.0,0.0,0.0,0.0,0.0,0.0,0.0,0.0,426.585101,0.0,426.585101,1106.357928,0.0,1106.357928,21.295872,0.0,21.295872
winter_security,0,2024-11-06,0.0,0.0,0.0,0.0,0.0,0.0,0.0,0.0,425.555677,0.0,425.555677,1119.599986,0.0,1119.599986,18.995656,0.0,18.995656
winter_security,0,2024-11-07,0.0,0.0,0.0,0.0,0.0,0.0,0.0,0.0,425.499318,0.0,425.499318,1131.664988,0.0,1131.664988,15.491071,0.0,15.491071
winter_security,0,2024-11-08,0.0,0.0,0.0,0.0,0.0,0.0,0.0,0.0,426.535643,0.0,426.535643,1147.74437,0.0,1147.74437,13.795988,0.0,13.795988
winter_security,0,2024-11-09,0.0,0.0,0.0,0.0,0.0,0.0,0.0,0.0,452.280435,0.0,452.280435,1182.072121,0.0,1182.072121,37.281785,0.0,37.281785
winter_security,0,2024-11-10,0.0,0.0,0.0,0.0,0.0,0.0,0.0,0.0,502.609474,0.0,502.609474,1233.808635,0.0,1233.808635,55.286579,0.0,55.286579
winter_security,0,2024-11-11,0.0,0.0,0.0,0.0,0.0,0.0,0.0,0.0,522.675758,0.0,522.675758,1278.038959,0.0,1278.038959,54.161242,0.0,54.161242
winter_security,0,2024-11-12,0.0,0.0,0.0,0.0,0.0,0.0,0.0,0.0,531.256205,0.0,531.256205,1308.837001,0.0,1308.837001,49.471161,0.0,49.471161
winter_security,0,2024-11-13,0.0,0.0,0.0,0.0,0.0,0.0,0.0,0.0,536.053665,0.0,536.053665,1330.509401,0.0,1330.509401,44.365271,0.0,44.365271
winter_security,0,2024-11-14,0.0,0.0,0.0,0.0,0.0,0.0,0.0,0.0,539.061422,0.0,539.061422,1349.268679,0.0,1349.268679,39.558409,0.0,39.558409
winter_security,0,2024-11-15,0.0,0.0,0.0,0.0,0.0,0.0,0.0,0.0,550.027372,0.0,550.027372,1369.768396,0.0,1369.768396,37.058841,0.0,37.058841
winter_security,0,2024-11-16,0.0,0.0,0.0,0.0,0.0,0.0,0.0,0.0,564.134501,0.0,564.134501,1390.279046,0.0,1390.279046,34.459007,0.0,34.459007
winter_security,0,2024-11-17,0.0,0.0,0.0,0.0,0.0,0.0,0.0,0.0,571.705078,0.0,571.705078,1410.821763,0.0,1410.821763,30.132831,0.0,30.132831
winter_security,0,2024-11-18,0.0,0.0,0.0,0.0,0.0,0.0,0.0,0.0,574.794499,0.0,574.794499,1430.474584,0.0,1430.474584,24.870644,0.0,24.870644
winter_security,0,2024-11-19,0.0,0.0,0.0,0.0,0.0,0.0,0.0,0.0,576.668165,0.0,576.668165,1446.027023,0.0,1446.027023,20.290855,0.0,20.290855
winter_security,0,2024-11-20,0.0,0.0,0.0,0.0,0.0,0.0,0.0,0.0,577.41004,0.0,577.41004,1457.076769,0.0,1457.076769,16.096794,0.0,16.096794
winter_security,0,2024-11-21,0.0,0.0,0.0,0.0,0.0,0.0,0.0,0.0,575.729607,0.0,575.729607,1464.577128,0.0,1464.577128,13.991212,0.0,13.991212
winter_security,0,2024-11-22,0.0,0.0,0.0,0.0,0.0,0.0,0.0,0.0,573.763925,0.0,573.763925,1469.872785,0.0,1469.872785,13.138952,0.0,13.138952
winter_security,0,2024-11-23,0.0,0.0,0.0,0.0,0.0,0.0,0.0,0.0,571.094325,0.0,571.094325,1471.368338,0.0,1471.368338,12.944319,0.0,12.944319
winter_security,0,2024-11-24,0.0,0.0,0.0,0.0,0.0,0.0,0.0,0.0,567.617288,0.0,567.617288,1471.483492,0.0,1471.483492,13.048713,0.0,13.048713
winter_security,0,2024-11-25,0.0,0.0,0.0,0.0,0.0,0.0,0.0,0.0,563.567455,0.0,563.567455,1476.13268,0.0,1476.13268,12.659446,0.0,12.659446
winter_security,0,2024-11-26,0.0,0.0,0.0,0.0,0.0,0.0,0.0,0.0,559.538326,0.0,559.538326,1478.974376,0.0,1478.974376,12.592209,0.0,12.592209
winter_security,0,2024-11-27,0.0,0.0,0.0,0.0,0.0,0.0,0.0,0.0,556.815817,0.0,556.815817,1476.824337,0.0,1476.824337,12.512586,0.0,12.512586
winter_security,0,2024-11-28,0.0,0.0,0.0,0.0,0.0,0.0,0.0,0.0,557.300048,0.0,557.300048,1475.93371,0.0,1475.93371,12.191145,0.0,12.191145
winter_security,0,2024-11-29,0.0,0.0,0.0,0.0,0.0,0.0,0.0,0.0,556.48111,0.0,556.48111,1478.405162,0.0,1478.405162,12.481326,0.0,12.481326
winter_security,0,2024-11-30,0.0,0.0,0.0,0.0,0.0,0.0,0.0,0.0,555.394177,0.0,555.394177,1484.27805,0.0,1484.27805,12.788022,0.0,12.788022
winter_security,0,2024-12-01,0.0,0.0,0.0,0.0,0.0,0.0,0.0,0.0,554.633899,0.0,554.633899,1494.792109,0.0,1494.792109,12.50138,0.0,12.50138
winter_security,0,2024-12-02,0.0,0.0,0.0,0.0,0.0,0.0,0.0,0.0,552.592304,0.0,552.592304,1501.609556,0.0,1501.609556,12.582772,0.0,12.582772
winter_security,0,2024-12-03,0.0,0.0,0.0,0.0,0.0,0.0,0.0,0.0,550.587516,0.0,550.587516,1505.338235,0.0,1505.338235,12.946678,0.0,12.946678
winter_security,0,2024-12-04,0.0,0.0,0.0,0.0,0.0,0.0,0.0,0.0,550.094083,0.0,550.094083,1513.565963,0.0,1513.565963,15.719913,0.0,15.719913
winter_security,0,2024-12-05,0.0,0.0,0.0,0.0,0.0,0.0,0.0,0.0,554.068003,0.0,554.068003,1528.627173,0.0,1528.627173,18.801023,0.0,18.801023
winter_security,0,2024-12-06,0.0,0.0,0.0,0.0,0.0,0.0,0.0,0.0,558.920672,0.0,558.920672,1549.076601,0.0,1549.076601,17.339501,0.0,17.339501
winter_security,0,2024-12-07,0.0,0.0,0.0,0.0,0.0,0.0,0.0,0.0,560.80584,0.0,560.80584,1568.980138,0.0,1568.980138,13.423825,0.0,13.423825
winter_security,0,2024-12-08,0.0,0.0,0.0,0.0,0.0,0.0,0.0,0.0,561.881271,0.0,561.881271,1587.814485,0.0,1587.814485,11.895656,0.0,11.895656
winter_security,0,2024-12-09,0.0,0.0,0.0,0.0,0.0,0.0,0.0,0.0,565.85059,0.0,565.85059,1603.957274,0.0,1603.957274,14.514364,0.0,14.514364
winter_security,0,2024-12-10,0.0,0.0,0.0,0.0,0.0,0.0,0.0,0.0,571.079372,0.0,571.079372,1614.266532,0.0,1614.266532,14.871782,0.0,14.871782
winter_security,0,2024-12-11,0.0,0.0,0.0,0.0,0.0,0.0,0.0,0.0,571.72003,0.0,571.72003,1619.60519,0.0,1619.60519,12.898314,0.0,12.898314
winter_security,0,2024-12-12,0.0,0.0,0.0,0.0,0.0,0.0,0.0,0.0,569.488654,0.0,569.488654,1620.308508,0.0,1620.308508,11.616681,0.0,11.616681
winter_security,0,2024-12-13,0.0,0.0,0.0,0.0,0.0,0.0,0.0,0.0,565.511283,0.0,565.511283,1621.303357,0.0,1621.303357,13.170801,0.0,13.170801
winter_security,0,2024-12-14,0.0,0.0,0.0,0.0,0.0,0.0,0.0,0.0,563.766439,0.0,563.766439,1634.146746,0.0,1634.146746,15.64029,0.0,15.64029
winter_security,0,2024-12-15,0.0,0.0,0.0,0.0,0.0,0.0,0.0,0.0,570.515777,0.0,570.515777,1655.063352,0.0,1655.063352,24.574565,0.0,24.574565
winter_security,0,2024-12-16,0.0,0.0,0.0,0.0,0.0,0.0,0.0,0.0,576.920057,0.0,576.920057,1676.611123,0.0,1676.611123,23.823751,0.0,23.823751
winter_security,0,2024-12-17,0.0,0.0,0.0,0.0,0.0,0.0,0.0,0.0,579.197442,0.0,579.197442,1697.471609,0.0,1697.471609,21.4504,0.0,21.4504
winter_security,0,2024-12-18,0.0,0.0,0.0,0.0,0.0,0.0,0.0,0.0,578.159967,0.0,578.159967,1715.512264,0.0,1715.512264,19.238654,0.0,19.238654
winter_security,0,2024-12-19,0.0,0.0,0.0,0.0,0.0,0.0,0.0,0.0,575.082047,0.0,575.082047,1727.371737,0.0,1727.371737,16.795706,0.0,16.795706
winter_security,0,2024-12-20,0.0,0.0,0.0,0.0,0.0,0.0,0.0,0.0,571.603861,0.0,571.603861,1736.893133,0.0,1736.893133,15.070544,0.0,15.070544
winter_security,0,2024-12-21,0.0,0.0,0.0,0.0,0.0,0.0,0.0,0.0,569.336828,0.0,569.336828,1747.243934,0.0,1747.243934,14.831675,0.0,14.831675
winter_security,0,2024-12-22,0.0,0.0,0.0,0.0,0.0,0.0,0.0,0.0,566.520003,0.0,566.520003,1758.588855,0.0,1758.588855,15.025719,0.0,15.025719
winter_security,0,2024-12-23,0.0,0.0,0.0,0.0,0.0,0.0,0.0,0.0,562.961303,0.0,562.961303,1761.245429,0.0,1761.245429,15.05344,0.0,15.05344
winter_security,0,2024-12-24,0.0,0.0,0.0,0.0,0.0,0.0,0.0,0.0,558.602068,0.0,558.602068,1759.156611,0.0,1759.156611,16.027788,0.0,16.027788
winter_security,0,2024-12-25,0.0,0.0,0.0,0.0,0.0,0.0,0.0,0.0,554.555685,0.0,554.555685,1757.070708,0.0,1757.070708,15.942857,0.0,15.942857
winter_security,0,2024-12-26,0.0,0.0,0.0,0.0,0.0,0.0,0.0,0.0,551.432909,0.0,551.432909,1762.068275,0.0,1762.068275,15.918675,0.0,15.918675
winter_security,0,2024-12-27,0.0,0.0,0.0,0.0,0.0,0.0,0.0,0.0,551.67675,0.0,551.67675,1768.801179,0.0,1768.801179,14.875321,0.0,14.875321
winter_security,0,2024-12-28,0.0,0.0,0.0,0.0,0.0,0.0,0.0,0.0,552.837296,0.0,552.837296,1771.943881,0.0,1771.943881,14.908939,0.0,14.908939
winter_security,0,2024-12-29,0.0,0.0,0.0,0.0,0.0,0.0,0.0,0.0,549.658159,0.0,549.658159,1775.027548,0.0,1775.027548,14.335654,0.0,14.335654
winter_security,0,2024-12-30,0.0,0.0,0.0,0.0,0.0,0.0,0.0,0.0,547.299111,0.0,547.299111,1778.286862,0.0,1778.286862,14.804545,0.0,14.804545
winter_security,0,2024-12-31,0.0,0.0,0.0,0.0,0.0,0.0,0.0,0.0,547.144985,0.0,547.144985,1781.938285,0.0,1781.938285,14.880039,0.0,14.880039
winter_security,500,2024-01-01,1707.04906,0.0,1707.04906,0.0,0.0,0.0,0.0,1.707049,156.869209,0.889404,157.758613,1173.727052,0.726234,1174.453286,13.077023,0.091412,13.168435
winter_security,500,2024-01-02,1707.04906,0.0,1707.04906,0.0,0.0,0.0,0.0,3.414098,165.885579,1.77794,167.663519,1180.355005,1.452509,1181.807514,13.108283,0.183649,13.291932
winter_security,500,2024-01-03,1707.04906,0.0,1707.04906,0.0,0.0,0.0,0.0,5.121147,169.62371,2.665188,172.288898,1181.145053,2.180054,1183.325107,13.347151,0.275905,13.623056
winter_security,500,2024-01-04,1707.04906,0.0,1707.04906,0.0,0.0,0.0,0.0,6.828196,168.623041,3.553119,172.17616,1181.771845,2.906675,1184.67852,13.077023,0.368403,13.445426
winter_security,500,2024-01-05,1707.04906,0.0,1707.04906,0.0,0.0,0.0,0.0,8.535245,167.150793,4.443104,171.593897,1184.511505,3.630922,1188.142427,12.82223,0.461219,13.283449
winter_security,500,2024-01-06,1707.04906,0.0,1707.04906,0.0,0.0,0.0,0.0,10.242294,166.277796,5.334174,171.61197,1185.1485,4.354665,1189.503165,13.404952,0.553455,13.958407
winter_security,500,2024-01-07,1707.04906,0.0,1707.04906,0.0,0.0,0.0,0.0,11.949343,165.897081,6.226525,172.123606,1187.195046,5.077019,1192.272065,13.388437,0.6458,14.034237
winter_security,500,2024-01-08,1707.04906,0.0,1707.04906,0.0,0.0,0.0,0.0,13.656392,164.069423,7.119123,171.188546,1185.781851,5.799505,1191.581356,13.592508,0.737765,14.330273
winter_security,500,2024-01-09,1707.04906,0.0,1707.04906,0.0,0.0,0.0,0.0,15.363442,163.40116,8.011237,171.412397,1184.802307,6.522052,1191.324359,13.065227,0.830152,13.895379
winter_security,500,2024-01-10,1707.04906,0.0,1707.04906,0.0,0.0,0.0,0.0,17.070491,160.648746,8.901925,169.550671,1179.176492,7.246928,1186.42342,13.515834,0.921637,14.437471
winter_security,500,2024-01-11,1707.04906,0.0,1707.04906,0.0,0.0,0.0,0.0,18.77754,160.154163,9.792304,169.946467,1178.446936,7.971889,1186.418825,13.215036,1.013347,14.228383
winter_security,500,2024-01-12,1707.04906,0.0,1707.04906,0.0,0.0,0.0,0.0,20.484589,157.198164,10.682189,167.880353,1174.822479,8.697694,1183.520173,13.20383,1.104706,14.308536
winter_security,500,2024-01-13,1707.04906,0.0,1707.04906,0.0,0.0,0.0,0.0,22.191638,153.305908,11.571995,164.877903,1171.180531,9.423911,1180.604442,13.123028,1.195732,14.31876
winter_security,500,2024-01-14,1707.04906,0.0,1707.04906,0.0,0.0,0.0,0.0,23.898687,150.408569,12.465729,162.874298,1176.181741,10.145807,1186.327548,12.834616,1.287151,14.121767
winter_security,500,2024-01-15,1707.04906,0.0,1707.04906,0.0,0.0,0.0,0.0,25.605736,148.343971,13.363271,161.707242,1180.658197,10.864482,1191.522679,13.576583,1.377983,14.954566
winter_security,500,2024-01-16,1707.04906,0.0,1707.04906,0.0,0.0,0.0,0.0,27.312785,147.650404,14.258821,161.909225,1176.881415,11.584857,1188.466272,13.023352,1.469107,14.492459
winter_security,500,2024-01-17,1707.04906,0.0,1707.04906,0.0,0.0,0.0,0.0,29.019834,145.240747,15.152137,160.392884,1171.10619,12.307342,1183.413532,12.434732,1.560354,13.995086
winter_security,500,2024-01-18,1707.04906,0.0,1707.04906,0.0,0.0,0.0,0.0,30.726883,142.212287,16.042927,158.255214,1165.314202,13.031171,1178.345373,10.701903,1.652785,12.354688
winter_security,500,2024-01-19,1707.04906,0.0,1707.04906,0.0,0.0,0.0,0.0,32.433932,147.561839,16.933254,164.495093,1169.327123,13.754966,1183.082089,10.723725,1.745712,12.469437
winter_security,500,2024-01-20,1707.04906,0.0,1707.04906,0.0,0.0,0.0,0.0,34.140981,192.373397,17.836065,210.209462,1215.454584,14.478324,1229.932908,27.633853,1.826592,29.460445
winter_security,500,2024-01-21,1707.04906,0.0,1707.04906,0.0,0.0,0.0,0.0,35.84803,224.966444,18.759123,243.725567,1273.137597,15.181196,1288.318793,31.907536,1.907711,33.815247
winter_security,500,2024-01-22,1707.04906,0.0,1707.04906,0.0,0.0,0.0,0.0,37.555079,237.908427,19.689898,257.598325,1300.21352,15.869391,1316.082911,27.782482,1.99579,29.778272
winter_security,500,2024-01-23,1707.04906,0.0,1707.04906,0.0,0.0,0.0,0.0,39.262128,256.091844,20.622515,276.714359,1319.627285,16.55163,1336.178915,26.287931,2.087983,28.375914
winter_security,500,2024-01-24,1707.04906,0.0,1707.04906,0.0,0.0,0.0,0.0,40.969177,271.925415,21.560883,293.486298,1342.787949,17.223475,1360.011424,24.622929,2.184819,26.807748
winter_security,500,2024-01-25,1707.04906,0.0,1707.04906,0.0,0.0,0.0,0.0,42.676227,277.05528,22.501515,299.556795,1354.315077,17.886929,1372.202006,20.529134,2.287782,22.816916
winter_security,500,2024-01-26,1707.04906,0.0,1707.04906,0.0,0.0,0.0,0.0,44.383276,279.576505,23.440026,303.016531,1359.29661,18.544794,1377.841404,14.589268,2.398455,16.987723
winter_security,500,2024-01-27,1707.04906,0.0,1707.04906,0.0,0.0,0.0,0.0,46.090325,295.399724,24.378781,319.778505,1370.925045,19.202127,1390.127172,16.25722,2.509416,18.766636
winter_security,500,2024-01-28,1707.04906,0.0,1707.04906,0.0,0.0,0.0,0.0,47.797374,317.933175,25.32841,343.261585,1402.432236,19.84556,1422.277796,17.647376,2.623404,20.27078
winter_security,500,2024-01-29,1707.04906,0.0,1707.04906,0.0,0.0,0.0,0.0,49.504423,328.736947,26.287659,355.024606,1426.209488,20.472382,1446.68187,14.792749,2.744381,17.53713
winter_security,500,2024-01-30,1707.04906,0.0,1707.04906,0.0,0.0,0.0,0.0,51.211472,336.543314,27.249078,363.792392,1435.444455,21.094723,1456.539178,14.34863,2.867671,17.216301
winter_security,500,2024-01-31,1707.04906,0.0,1707.04906,0.0,0.0,0.0,0.0,52.918521,338.372122,28.211023,366.583145,1437.456746,21.716216,1459.172962,14.405841,2.991282,17.397123
winter_security,500,2024-02-01,1714.15607,0.0,1714.15607,0.0,0.0,0.0,0.0,54.632677,337.903993,29.176023,367.080016,1436.749055,22.340266,1459.089321,13.580122,3.116387,16.696509
winter_security,500,2024-02-02,1714.15607,0.0,1714.15607,0.0,0.0,0.0,0.0,56.346833,339.219815,30.136261,369.356076,1433.003613,22.967842,1455.971455,12.460683,3.24273,15.703413
winter_security,500,2024-02-03,1714.15607,0.0,1714.15607,0.0,0.0,0.0,0.0,58.060989,341.576563,31.094051,372.670614,1431.976696,23.597517,1455.574213,12.304387,3.369422,15.673809
winter_security,500,2024-02-04,1714.15607,0.0,1714.15607,0.0,0.0,0.0,0.0,59.775145,344.427894,32.052385,376.480279,1434.889089,24.226045,1459.115134,12.316183,3.496715,15.812898
winter_security,500,2024-02-05,1714.15607,0.0,1714.15607,0.0,0.0,0.0,0.0,61.489301,345.021394,33.011628,378.033022,1436.396303,24.853542,1461.249845,12.394036,3.624131,16.018167
winter_security,500,2024-02-06,1714.15607,0.0,1714.15607,0.0,0.0,0.0,0.0,63.203457,342.412754,33.969484,376.382238,1432.907408,25.482715,1458.390123,12.11919,3.751259,15.870449
winter_security,500,2024-02-07,1714.15607,0.0,1714.15607,0.0,0.0,0.0,0.0,64.917613,338.30196,34.927848,373.229808,1430.04822,26.112451,1456.160671,12.363367,3.877315,16.240682
winter_security,500,2024-02-08,1714.15607,0.0,1714.15607,0.0,0.0,0.0,0.0,66.631769,333.548209,35.885476,369.433685,1424.767868,26.744794,1451.512662,12.976168,4.001499,16.977667
winter_security,500,2024-02-09,1714.15607,0.0,1714.15607,0.0,0.0,0.0,0.0,68.345925,329.194724,36.843736,366.03846,1422.163769,27.377169,1449.540938,12.933702,4.12502,17.058722
winter_security,500,2024-02-10,1714.15607,0.0,1714.15607,0.0,0.0,0.0,0.0,70.060082,324.615802,37.802028,362.41783,1418.591059,28.010347,1446.601406,12.934292,4.247707,17.181999
winter_security,500,2024-02-11,1714.15607,0.0,1714.15607,0.0,0.0,0.0,0.0,71.774238,324.264993,38.758209,363.023202,1415.816415,28.645734,1444.462149,12.768559,4.370295,17.138854
winter_security,500,2024-02-12,1714.15607,0.0,1714.15607,0.0,0.0,0.0,0.0,73.488394,320.907577,39.710232,360.617809,1407.776724,29.286529,1437.063253,12.847592,4.491633,17.339225
winter_security,500,2024-02-13,1714.15607,0.0,1714.15607,0.0,0.0,0.0,0.0,75.20255,315.080694,40.657819,355.738513,1397.307124,29.933438,1427.240562,12.905982,4.611292,17.517274
winter_security,500,2024-02-14,1714.15607,0.0,1714.15607,0.0,0.0,0.0,0.0,76.916706,308.863895,41.603137,350.467032,1389.190907,30.584126,1419.775033,13.009197,4.729443,17.73864
winter_security,500,2024-02-15,1714.15607,0.0,1714.15607,0.0,0.0,0.0,0.0,78.630862,303.050815,42.547895,345.59871,1384.287359,31.23566,1415.523019,12.44122,4.847307,17.288527
winter_security,500,2024-02-16,1714.15607,0.0,1714.15607,0.0,0.0,0.0,0.0,80.345018,297.664456,43.495161,341.159617,1381.913569,31.887099,1413.800668,13.772986,4.962758,18.735744
winter_security,500,2024-02-17,1714.15607,0.0,1714.15607,0.0,0.0,0.0,0.0,82.059174,298.171692,44.444377,342.616069,1385.083238,32.536026,1417.619264,13.598406,5.07877,18.677176
winter_security,500,2024-02-18,1714.15607,0.0,1714.15607,0.0,0.0,0.0,0.0,83.77333,297.360805,45.401961,342.762766,1395.782418,33.175164,1428.957582,13.209728,5.196204,18.405932
winter_security,500,2024-02-19,1714.15607,0.0,1714.15607,0.0,0.0,0.0,0.0,85.487486,294.999457,46.367972,341.367429,1405.080793,33.804837,1438.88563,12.915419,5.314678,18.230097
winter_security,500,2024-02-20,1714.15607,0.0,1714.15607,0.0,0.0,0.0,0.0,87.201642,290.506799,47.335318,337.842117,1402.884109,34.434368,1437.318477,13.347741,5.431956,18.779697
winter_security,500,2024-02-21,1714.15607,0.0,1714.15607,0.0,0.0,0.0,0.0,88.915798,287.443832,48.300356,335.744188,1397.439042,35.067144,1432.506186,13.453315,5.548299,19.001614
winter_security,500,2024-02-22,1714.15607,0.0,1714.15607,0.0,0.0,0.0,0.0,90.629954,284.546494,49.257628,333.804122,1385.438177,35.708568,1421.146745,13.064638,5.663758,18.728396
winter_security,500,2024-02-23,1714.15607,0.0,1714.15607,0.0,0.0,0.0,0.0,92.34411,280.424198,50.208061,330.632259,1373.100593,36.358284,1409.458877,13.034558,5.777765,18.812323
winter_security,500,2024-02-24,1714.15607,0.0,1714.15607,0.0,0.0,0.0,0.0,94.058267,278.930096,51.152051,330.082147,1362.913049,37.015826,1399.928875,13.312353,5.890389,19.202742
winter_security,500,2024-02-25,1714.15607,0.0,1714.15607,0.0,0.0,0.0,0.0,95.772423,281.889546,52.08978,333.979326,1354.737797,37.682653,1392.42045,15.373111,5.99999,21.373101
winter_security,500,2024-02-26,1714.15607,0.0,1714.15607,0.0,0.0,0.0,0.0,97.486579,284.896153,53.026539,337.922692,1356.978211,38.348652,1395.326863,14.297907,6.111388,20.409295
winter_security,500,2024-02-27,1714.15607,0.0,1714.15607,0.0,0.0,0.0,0.0,99.200735,280.979742,53.96684,334.946582,1357.440288,39.012824,1396.453112,15.428552,6.221071,21.649623
winter_security,500,2024-02-28,1714.15607,0.0,1714.15607,0.0,0.0,0.0,0.0,100.914891,276.908055,54.908353,331.816408,1354.374112,39.678106,1394.052218,16.799835,6.328431,23.128266
winter_security,500,2024-02-29,1714.15607,0.0,1714.15607,0.0,0.0,0.0,0.0,102.629047,273.352806,55.850266,329.203072,1351.162172,40.344602,1391.506774,17.642068,6.434179,24.076247
winter_security,500,2024-03-01,1617.938092,0.0,1617.938092,0.0,0.0,0.0,0.0,104.246985,270.073603,56.737038,326.810641,1344.612932,40.977356,1385.590288,18.191171,6.532591,24.723762
winter_security,500,2024-03-02,1617.938092,0.0,1617.938092,0.0,0.0,0.0,0.0,105.864923,267.548927,57.625211,325.174138,1344.21062,41.609366,1385.819986,18.562744,6.630346,25.19309
winter_security,500,2024-03-03,1617.938092,0.0,1617.938092,0.0,0.0,0.0,0.0,107.482861,263.229948,58.519849,321.749797,1350.232917,42.234606,1392.467523,18.411755,6.728407,25.140162
winter_security,500,2024-03-04,1617.938092,0.0,1617.938092,0.0,0.0,0.0,0.0,109.100799,261.586321,59.419408,321.005729,1355.707866,42.85497,1398.562836,18.698398,6.826421,25.524819
winter_security,500,2024-03-05,1617.938092,0.0,1617.938092,0.0,0.0,0.0,0.0,110.718737,260.400471,60.319342,320.719813,1354.738526,43.475783,1398.214309,19.256937,6.923612,26.180549
winter_security,500,2024-03-06,1617.938092,0.0,1617.938092,0.0,0.0,0.0,0.0,112.336675,260.16008,61.216504,321.376584,1351.950763,44.097967,1396.04873,17.873859,7.022205,24.896064
winter_security,500,2024-03-07,1617.938092,0.0,1617.938092,0.0,0.0,0.0,0.0,113.954614,258.67518,62.111826,320.787006,1348.756314,44.721581,1393.477895,17.221541,7.121206,24.342747
winter_security,500,2024-03-08,1617.938092,0.0,1617.938092,0.0,0.0,0.0,0.0,115.572552,257.347856,63.002303,320.350159,1341.276362,45.349959,1386.626321,16.57748,7.220289,23.797769
winter_security,500,2024-03-09,1617.938092,0.0,1617.938092,0.0,0.0,0.0,0.0,117.19049,252.082268,63.895866,315.978134,1342.554725,45.97433,1388.529055,15.524689,7.320294,22.844983
winter_security,500,2024-03-10,1617.938092,0.0,1617.938092,0.0,0.0,0.0,0.0,118.808428,244.98212,64.79568,309.7778,1346.489662,46.592069,1393.081731,14.988562,7.420679,22.409241
winter_security,500,2024-03-11,1617.938092,0.0,1617.938092,0.0,0.0,0.0,0.0,120.426366,239.420932,65.698151,305.119083,1346.426254,47.207006,1393.63326,14.490772,7.521209,22.011981
winter_security,500,2024-03-12,1617.938092,0.0,1617.938092,0.0,0.0,0.0,0.0,122.044304,234.471648,66.597652,301.0693,1337.893876,47.826221,1385.720097,14.739667,7.62043,22.360097
winter_security,500,2024-03-13,1617.938092,0.0,1617.938092,0.0,0.0,0.0,0.0,123.662242,229.822564,67.495002,297.317566,1330.789271,48.448689,1379.23796,14.939609,7.718551,22.65816
winter_security,500,2024-03-14,1617.938092,0.0,1617.938092,0.0,0.0,0.0,0.0,125.28018,225.742825,68.390953,294.133778,1325.374815,49.073301,1374.448116,14.984433,7.815926,22.800359
winter_security,500,2024-03-15,1617.938092,0.0,1617.938092,0.0,0.0,0.0,0.0,126.898118,222.68446,69.286494,291.970954,1322.726257,49.698249,1372.424506,14.55447,7.913375,22.467845
winter_security,500,2024-03-16,1617.938092,0.0,1617.938092,0.0,0.0,0.0,0.0,128.516056,221.874723,70.180838,292.055561,1319.968376,50.324991,1370.293367,14.854088,8.010227,22.864315
winter_security,500,2024-03-17,1617.938092,0.0,1617.938092,0.0,0.0,0.0,0.0,130.133994,219.787121,71.075073,290.862194,1319.03402,50.951025,1369.985045,13.936361,8.107897,22.044258
winter_security,500,2024-03-18,1617.938092,0.0,1617.938092,0.0,0.0,0.0,0.0,131.751933,218.554113,71.964655,290.518768,1311.731902,51.58147,1363.313372,13.171981,8.205808,21.377789
winter_security,500,2024-03-19,1617.938092,0.0,1617.938092,0.0,0.0,0.0,0.0,133.369871,215.351973,72.849491,288.201464,1302.070571,52.21728,1354.287851,12.901853,8.303099,21.204952
winter_security,500,2024-03-20,1617.938092,0.0,1617.938092,0.0,0.0,0.0,0.0,134.987809,212.070469,73.729342,285.799811,1291.671668,52.858921,1344.530589,12.79451,8.399546,21.194056
winter_security,500,2024-03-21,1617.938092,0.0,1617.938092,0.0,0.0,0.0,0.0,136.605747,207.662926,74.605549,282.268475,1282.230443,53.505129,1335.735572,12.76384,8.495069,21.258909
winter_security,500,2024-03-22,1617.938092,0.0,1617.938092,0.0,0.0,0.0,0.0,138.223685,201.380566,75.479847,276.860413,1273.823423,54.154267,1327.97769,12.785073,8.589571,21.374644
winter_security,500,2024-03-23,1617.938092,0.0,1617.938092,0.0,0.0,0.0,0.0,139.841623,198.444121,76.348367,274.792488,1261.903458,54.810208,1316.713666,12.819871,8.683048,21.502919
winter_security,500,2024-03-24,1617.938092,0.0,1617.938092,0.0,0.0,0.0,0.0,141.459561,193.849096,77.215559,271.064655,1255.737581,55.468195,1311.205776,12.832847,8.775808,21.608655
winter_security,500,2024-03-25,1617.938092,0.0,1617.938092,0.0,0.0,0.0,0.0,143.077499,192.349243,78.080351,270.429594,1250.835491,56.128606,1306.964097,12.467171,8.868542,21.335713
winter_security,500,2024-03-26,1617.938092,0.0,1617.938092,0.0,0.0,0.0,0.0,144.695437,189.700346,78.945865,268.646211,1248.463159,56.78996,1305.253119,13.729931,8.959612,22.689543
winter_security,500,2024-03-27,1617.938092,0.0,1617.938092,0.0,0.0,0.0,0.0,146.313375,191.603917,79.809672,271.413589,1248.498143,57.451612,1305.949755,12.522023,9.052091,21.574114
winter_security,500,2024-03-28,1617.938092,0.0,1617.938092,0.0,0.0,0.0,0.0,147.931313,192.995652,80.669925,273.665577,1244.152147,58.116637,1302.268784,12.171682,9.144752,21.316434
winter_security,500,2024-03-29,1617.938092,0.0,1617.938092,0.0,0.0,0.0,0.0,149.549252,193.939961,81.527173,275.467134,1240.319246,58.784473,1299.103719,11.813084,9.237606,21.05069
winter_security,500,2024-03-30,1617.938092,0.0,1617.938092,0.0,0.0,0.0,0.0,151.16719,195.873437,82.380768,278.254205,1235.848621,59.456183,1295.304804,11.867935,9.330239,21.198174
winter_security,500,2024-03-31,1617.938092,0.0,1617.938092,0.0,0.0,0.0,0.0,152.785128,417.418055,83.091295,500.50935,1228.959749,60.2552,1289.214949,12.274897,9.438633,21.71353
winter_security,500,2024-04-01,1048.557277,0.0,1048.557277,0.0,0.0,0.0,0.0,153.833685,415.996415,83.549742,499.546157,1221.229081,60.775973,1282.005054,12.761481,9.50797,22.269451
winter_security,500,2024-04-02,1048.557277,0.0,1048.557277,0.0,0.0,0.0,0.0,154.882242,412.808077,84.006509,496.814586,1212.292933,61.299331,1273.592264,13.049303,9.576402,22.625705
winter_security,500,2024-04-03,1048.557277,0.0,1048.557277,0.0,0.0,0.0,0.0,155.9308,410.03956,84.459457,494.499017,1198.273217,61.82737,1260.100587,12.981476,9.643973,22.625449
winter_security,500,2024-04-04,1048.557277,0.0,1048.557277,0.0,0.0,0.0,0.0,156.979357,407.497631,84.91061,492.408241,1189.571022,62.358071,1251.929093,13.326508,9.710676,23.037184
winter_security,500,2024-04-05,1048.557277,0.0,1048.557277,0.0,0.0,0.0,0.0,158.027914,405.362871,85.359783,490.722654,1180.943168,62.891471,1243.834639,13.528809,9.77666,23.305469
winter_security,500,2024-04-06,1048.557277,0.0,1048.557277,0.0,0.0,0.0,0.0,159.076471,404.969505,85.806423,490.775928,1173.90853,63.427233,1237.335763,12.805716,9.842816,22.648532
winter_security,500,2024-04-07,1048.557277,0.0,1048.557277,0.0,0.0,0.0,0.0,160.125029,406.016182,86.251604,492.267786,1173.464674,63.962634,1237.427308,10.471291,9.910791,20.382082
winter_security,500,2024-04-08,1048.557277,0.0,1048.557277,0.0,0.0,0.0,0.0,161.173586,404.916596,86.694539,491.611135,1170.009306,64.497067,1234.506373,5.922172,9.98198,15.904152
winter_security,500,2024-04-09,1048.557277,0.0,1048.557277,0.0,0.0,0.0,0.0,162.222143,404.931549,87.134117,492.065666,1162.619,65.033424,1227.652424,3.480404,10.054602,13.535006
winter_security,500,2024-04-10,1048.557277,0.0,1048.557277,0.0,0.0,0.0,0.0,163.270701,413.191092,87.572421,500.763513,1165.710684,65.573937,1231.284621,8.112095,10.124343,18.236438
winter_security,500,2024-04-11,1048.557277,0.0,1048.557277,0.0,0.0,0.0,0.0,164.319258,448.137436,88.008119,536.145555,1196.853462,66.121635,1262.975097,18.461298,10.189503,28.650801
winter_security,500,2024-04-12,1048.557277,0.0,1048.557277,0.0,0.0,0.0,0.0,165.367815,510.656231,88.443928,599.100159,1267.424322,66.677453,1334.101775,36.096878,10.246434,46.343312
winter_security,500,2024-04-13,1048.557277,0.0,1048.557277,0.0,0.0,0.0,0.0,166.416372,542.480949,88.88666,631.367609,1323.471119,67.225227,1390.696346,40.056789,10.304485,50.361274
winter_security,500,2024-04-14,1048.557277,0.0,1048.557277,0.0,0.0,0.0,0.0,167.46493,555.633417,89.336027,644.969444,1356.154637,67.762402,1423.917039,39.081261,10.366501,49.447762
winter_security,500,2024-04-15,1048.557277,0.0,1048.557277,0.0,0.0,0.0,0.0,168.513487,561.872069,89.789772,651.661841,1377.292806,68.288702,1445.581508,34.937923,10.435013,45.372936
winter_security,500,2024-04-16,1048.557277,0.0,1048.557277,0.0,0.0,0.0,0.0,169.562044,565.102964,90.244698,655.347662,1389.267434,68.806565,1458.073999,29.487591,10.510781,39.998372
winter_security,500,2024-04-17,1048.557277,0.0,1048.557277,0.0,0.0,0.0,0.0,170.610601,566.511952,90.700165,657.212117,1397.638012,69.316931,1466.954943,23.996562,10.593506,34.590068
winter_security,500,2024-04-18,1048.557277,0.0,1048.557277,0.0,0.0,0.0,0.0,171.659159,566.920271,91.157091,658.077362,1405.551615,69.81994,1475.371555,19.399669,10.682128,30.081797
winter_security,500,2024-04-19,1048.557277,0.0,1048.557277,0.0,0.0,0.0,0.0,172.707716,565.774678,91.616489,657.391167,1412.154059,70.316156,1482.470215,16.001837,10.775072,26.776909
winter_security,500,2024-04-20,1048.557277,0.0,1048.557277,0.0,0.0,0.0,0.0,173.756273,563.225848,92.077485,655.303333,1414.438203,70.808014,1485.246217,13.46924,10.870775,24.340015
winter_security,500,2024-04-21,1048.557277,0.0,1048.557277,0.0,0.0,0.0,0.0,174.804831,562.717462,92.538969,655.256431,1415.436696,71.29853,1486.735226,12.741428,10.967331,23.708759
winter_security,500,2024-04-22,1048.557277,0.0,1048.557277,0.0,0.0,0.0,0.0,175.853388,559.319789,93.004308,652.324097,1417.96281,71.785721,1489.748531,13.134824,11.063359,24.198183
winter_security,500,2024-04-23,1048.557277,0.0,1048.557277,0.0,0.0,0.0,0.0,176.901945,554.896143,93.470375,648.366518,1413.826717,72.273079,1486.099796,13.094128,11.158491,24.252619
winter_security,500,2024-04-24,1048.557277,0.0,1048.557277,0.0,0.0,0.0,0.0,177.950502,551.989603,93.936126,645.925729,1410.186955,72.760822,1482.947777,12.503149,11.253555,23.756704
winter_security,500,2024-04-25,1048.557277,0.0,1048.557277,0.0,0.0,0.0,0.0,178.99906,549.885898,94.405914,644.291812,1415.569343,73.243719,1488.813062,12.087931,11.349427,23.437358
winter_security,500,2024-04-26,1048.557277,0.0,1048.557277,0.0,0.0,0.0,0.0,180.047617,549.24639,94.879717,644.126107,1420.93278,73.723483,1494.656263,13.368384,11.444417,24.812801
winter_security,500,2024-04-27,1048.557277,0.0,1048.557277,0.0,0.0,0.0,0.0,181.096174,548.586178,95.355435,643.941613,1423.85975,74.200835,1498.060585,13.141901,11.539904,24.681805
winter_security,500,2024-04-28,1048.557277,0.0,1048.557277,0.0,0.0,0.0,0.0,182.144732,547.079424,95.832596,642.91202,1425.215368,74.676164,1499.891532,12.599876,11.635971,24.235847
winter_security,500,2024-04-29,1048.557277,0.0,1048.557277,0.0,0.0,0.0,0.0,183.193289,544.601906,96.310168,640.912074,1423.094481,75.151483,1498.245964,12.501969,11.731638,24.233607
winter_security,500,2024-04-30,1048.557277,0.0,1048.557277,0.0,0.0,0.0,0.0,184.241846,541.786232,96.78628,638.572512,1417.178593,75.629069,1492.807662,12.369265,11.826496,24.195761
winter_security,500,2024-05-01,958.899616,958.899616,0.0,19959.172384,0.0,0.0,0.0,164.282674,539.743487,86.301289,626.044776,1412.672984,67.436068,1480.109052,12.598696,10.545316,23.144012
winter_security,500,2024-05-02,958.899616,958.899616,0.0,20183.559384,0.0,0.0,0.0,144.099114,538.0412,75.698423,613.739623,1407.916659,59.150959,1467.067618,12.825769,9.249732,22.075501
winter_security,500,2024-05-03,958.899616,958.899616,0.0,20742.173384,0.0,0.0,0.0,123.356941,535.894938,64.802105,600.697043,1399.302653,50.636546,1449.939199,12.756763,7.91829,20.675053
winter_security,500,2024-05-04,958.899616,958.899616,0.0,18871.470384,0.0,0.0,0.0,104.485471,533.408218,54.888508,588.296726,1390.045821,42.890033,1432.935854,12.67596,6.706929,19.382889
winter_security,500,2024-05-05,958.899616,958.899616,0.0,17106.312384,0.0,0.0,0.0,87.379158,530.402762,45.902187,576.304949,1382.5717,35.868097,1418.439797,12.749095,5.608874,18.357969
winter_security,500,2024-05-06,958.899616,958.899616,0.0,20008.286384,0.0,0.0,0.0,67.370872,527.353597,35.391396,562.744993,1377.192957,27.654935,1404.847892,12.964962,4.324541,17.289503
winter_security,500,2024-05-07,958.899616,958.899616,0.0,21275.758384,0.0,0.0,0.0,46.095113,523.641921,24.214773,547.856694,1372.062744,18.921492,1390.984236,12.954935,2.958848,15.913783
winter_security,500,2024-05-08,958.899616,958.899616,0.0,23973.012384,0.0,0.0,0.0,22.122101,519.496622,11.621225,531.117847,1361.874471,9.080857,1370.955328,12.662395,1.420019,14.082414
winter_security,500,2024-05-09,958.899616,958.899616,0.0,21537.406384,0.0,0.0,0.0,0.584695,515.485896,0.307153,515.793049,1352.458755,0.24001,1352.698765,12.826359,0.037532,12.863891
winter_security,500,2024-05-10,958.899616,958.899616,0.0,584.694619,0.0,0.0,0.0,-0.0,510.745946,0.0,510.745946,1339.455752,-0.0,1339.455752,13.089409,0.0,13.089409
winter_security,500,2024-05-11,958.899616,958.899616,0.0,0.0,0.0,0.0,0.0,-0.0,505.354987,0.0,505.354987,1328.654536,-0.0,1328.654536,13.250424,0.0,13.250424
winter_security,500,2024-05-12,958.899616,958.899616,0.0,0.0,0.0,0.0,0.0,-0.0,500.830124,0.0,500.830124,1317.354074,-0.0,1317.354074,13.016864,0.0,13.016864
winter_security,500,2024-05-13,958.899616,958.899616,0.0,0.0,0.0,0.0,0.0,-0.0,496.057969,0.0,496.057969,1304.04715,-0.0,1304.04715,12.85172,0.0,12.85172
winter_security,500,2024-05-14,958.899616,958.899616,0.0,0.0,0.0,0.0,0.0,-0.0,490.949957,0.0,490.949957,1289.758497,-0.0,1289.758497,12.797459,0.0,12.797459
winter_security,500,2024-05-15,958.899616,958.899616,0.0,0.0,0.0,0.0,0.0,-0.0,486.264067,0.0,486.264067,1275.924632,-0.0,1275.924632,12.642342,0.0,12.642342
winter_security,500,2024-05-16,958.899616,958.899616,0.0,0.0,0.0,0.0,0.0,-0.0,481.673643,0.0,481.673643,1261.741658,-0.0,1261.741658,12.650009,0.0,12.650009
winter_security,500,2024-05-17,958.899616,958.899616,0.0,0.0,0.0,0.0,0.0,-0.0,477.258048,0.0,477.258048,1248.309377,-0.0,1248.309377,12.877082,0.0,12.877082
winter_security,500,2024-05-18,958.899616,958.899616,0.0,0.0,0.0,0.0,0.0,-0.0,471.586441,0.0,471.586441,1238.847745,-0.0,1238.847745,12.901263,0.0,12.901263
winter_security,500,2024-05-19,958.899616,958.899616,0.0,0.0,0.0,0.0,0.0,-0.0,468.786869,0.0,468.786869,1231.277418,-0.0,1231.277418,13.095307,0.0,13.095307
winter_security,500,2024-05-20,958.899616,958.899616,0.0,0.0,0.0,0.0,0.0,-0.0,464.907265,0.0,464.907265,1219.054261,-0.0,1219.054261,12.639393,0.0,12.639393
winter_security,500,2024-05-21,958.899616,958.899616,0.0,0.0,0.0,0.0,0.0,-0.0,460.96785,0.0,460.96785,1207.191144,-0.0,1207.191144,13.197342,0.0,13.197342
winter_security,500,2024-05-22,958.899616,958.899616,0.0,0.0,0.0,0.0,0.0,-0.0,456.456789,0.0,456.456789,1199.916722,-0.0,1199.916722,13.168442,0.0,13.168442
winter_security,500,2024-05-23,958.899616,958.899616,0.0,0.0,0.0,0.0,0.0,-0.0,451.824958,0.0,451.824958,1188.08713,-0.0,1188.08713,13.160185,0.0,13.160185
winter_security,500,2024-05-24,958.899616,958.899616,0.0,0.0,0.0,0.0,0.0,-0.0,446.507611,0.0,446.507611,1174.960956,-0.0,1174.960956,13.003299,0.0,13.003299
winter_security,500,2024-05-25,958.899616,958.899616,0.0,0.0,0.0,0.0,0.0,-0.0,441.753859,0.0,441.753859,1160.640234,-0.0,1160.640234,12.754993,0.0,12.754993
winter_security,500,2024-05-26,958.899616,958.899616,0.0,0.0,0.0,0.0,0.0,-0.0,437.477438,0.0,437.477438,1153.49117,-0.0,1153.49117,12.628186,0.0,12.628186
winter_security,500,2024-05-27,958.899616,958.899616,0.0,0.0,0.0,0.0,0.0,-0.0,433.421854,0.0,433.421854,1141.131722,-0.0,1141.131722,12.756763,0.0,12.756763
winter_security,500,2024-05-28,958.899616,958.899616,0.0,0.0,0.0,0.0,0.0,-0.0,428.539281,0.0,428.539281,1124.701775,-0.0,1124.701775,12.683038,0.0,12.683038
winter_security,500,2024-05-29,958.899616,958.899616,0.0,0.0,0.0,0.0,0.0,-0.0,424.467594,0.0,424.467594,1106.874667,-0.0,1106.874667,12.685987,0.0,12.685987
winter_security,500,2024-05-30,958.899616,958.899616,0.0,0.0,0.0,0.0,0.0,-0.0,420.259034,0.0,420.259034,1091.582419,-0.0,1091.582419,12.605184,0.0,12.605184
winter_security,500,2024-05-31,958.899616,958.899616,0.0,0.0,0.0,0.0,0.0,-0.0,416.226454,0.0,416.226454,1081.929834,-0.0,1081.929834,12.455375,0.0,12.455375
winter_security,500,2024-06-01,736.122197,736.122197,0.0,0.0,0.0,0.0,0.0,-0.0,412.849484,0.0,412.849484,1075.938876,-0.0,1075.938876,12.739658,0.0,12.739658
winter_security,500,2024-06-02,736.122197,736.122197,0.0,0.0,0.0,0.0,0.0,-0.0,409.80032,0.0,409.80032,1070.614795,-0.0,1070.614795,13.425005,0.0,13.425005
winter_security,500,2024-06-03,736.122197,736.122197,0.0,0.0,0.0,0.0,0.0,-0.0,405.675724,0.0,405.675724,1061.075178,-0.0,1061.075178,13.033378,0.0,13.033378
winter_security,500,2024-06-04,736.122197,736.122197,0.0,0.0,0.0,0.0,0.0,-0.0,401.537326,0.0,401.537326,1049.130432,-0.0,1049.130432,12.729042,0.0,12.729042
winter_security,500,2024-06-05,736.122197,736.122197,0.0,0.0,0.0,0.0,0.0,-0.0,396.576539,0.0,396.576539,1033.449719,-0.0,1033.449719,13.258682,0.0,13.258682
winter_security,500,2024-06-06,736.122197,736.122197,0.0,0.0,0.0,0.0,0.0,-0.0,391.567445,0.0,391.567445,1019.408867,-0.0,1019.408867,13.93754,0.0,13.93754
winter_security,500,2024-06-07,736.122197,736.122197,0.0,0.0,0.0,0.0,0.0,-0.0,387.15415,0.0,387.15415,1007.611345,-0.0,1007.611345,14.533237,0.0,14.533237
winter_security,500,2024-06-08,736.122197,736.122197,0.0,0.0,0.0,0.0,0.0,-0.0,385.011339,0.0,385.011339,996.224152,-0.0,996.224152,14.474257,0.0,14.474257
winter_security,500,2024-06-09,736.122197,736.122197,0.0,0.0,0.0,0.0,0.0,-0.0,383.822038,0.0,383.822038,986.518362,-0.0,986.518362,13.803066,0.0,13.803066
winter_security,500,2024-06-10,736.122197,736.122197,0.0,0.0,0.0,0.0,0.0,-0.0,381.557306,0.0,381.557306,980.402046,-0.0,980.402046,13.273426,0.0,13.273426
winter_security,500,2024-06-11,736.122197,736.122197,0.0,0.0,0.0,0.0,0.0,-0.0,379.345483,0.0,379.345483,971.820837,-0.0,971.820837,12.465402,0.0,12.465402
winter_security,500,2024-06-12,736.122197,736.122197,0.0,0.0,0.0,0.0,0.0,-0.0,374.619336,0.0,374.619336,960.75287,-0.0,960.75287,12.662395,0.0,12.662395
winter_security,500,2024-06-13,736.122197,736.122197,0.0,0.0,0.0,0.0,0.0,-0.0,369.402056,0.0,369.402056,949.216997,-0.0,949.216997,12.819871,0.0,12.819871
winter_security,500,2024-06-14,736.122197,736.122197,0.0,0.0,0.0,0.0,0.0,-0.0,364.717316,0.0,364.717316,940.675873,-0.0,940.675873,13.025121,0.0,13.025121
winter_security,500,2024-06-15,736.122197,736.122197,0.0,0.0,0.0,0.0,0.0,-0.0,364.050203,0.0,364.050203,935.501201,-0.0,935.501201,13.219165,0.0,13.219165
winter_security,500,2024-06-16,736.122197,736.122197,0.0,0.0,0.0,0.0,0.0,-0.0,361.42201,0.0,361.42201,937.805023,-0.0,937.805023,13.032199,0.0,13.032199
winter_security,500,2024-06-17,736.122197,736.122197,0.0,0.0,0.0,0.0,0.0,-0.0,358.684548,0.0,358.684548,935.594491,-0.0,935.594491,13.219755,0.0,13.219755
winter_security,500,2024-06-18,736.122197,736.122197,0.0,0.0,0.0,0.0,0.0,-0.0,354.319562,0.0,354.319562,929.575838,-0.0,929.575838,12.941959,0.0,12.941959
winter_security,500,2024-06-19,736.122197,736.122197,0.0,0.0,0.0,0.0,0.0,-0.0,349.671628,0.0,349.671628,928.602854,-0.0,928.602854,13.074074,0.0,13.074074
winter_security,500,2024-06-20,736.122197,736.122197,0.0,0.0,0.0,0.0,0.0,-0.0,345.689657,0.0,345.689657,920.585028,-0.0,920.585028,13.055201,0.0,13.055201
winter_security,500,2024-06-21,736.122197,736.122197,0.0,0.0,0.0,0.0,0.0,-0.0,340.19518,0.0,340.19518,914.279217,-0.0,914.279217,12.971449,0.0,12.971449
winter_security,500,2024-06-22,736.122197,736.122197,0.0,0.0,0.0,0.0,0.0,-0.0,337.384106,0.0,337.384106,906.265035,-0.0,906.265035,12.750275,0.0,12.750275
winter_security,500,2024-06-23,736.122197,736.122197,0.0,0.0,0.0,0.0,0.0,-0.0,336.715843,0.0,336.715843,899.398756,-0.0,899.398756,12.638213,0.0,12.638213
winter_security,500,2024-06-24,736.122197,736.122197,0.0,0.0,0.0,0.0,0.0,-0.0,335.643862,0.0,335.643862,889.26806,-0.0,889.26806,13.095897,0.0,13.095897
winter_security,500,2024-06-25,736.122197,736.122197,0.0,0.0,0.0,0.0,0.0,-0.0,332.090913,0.0,332.090913,877.238042,-0.0,877.238042,13.294069,0.0,13.294069
winter_security,500,2024-06-26,736.122197,736.122197,0.0,0.0,0.0,0.0,0.0,-0.0,327.511991,0.0,327.511991,868.750852,-0.0,868.750852,13.131875,0.0,13.131875
winter_security,500,2024-06-27,736.122197,736.122197,0.0,0.0,0.0,0.0,0.0,-0.0,323.804915,0.0,323.804915,863.32765,-0.0,863.32765,12.838745,0.0,12.838745
winter_security,500,2024-06-28,736.122197,736.122197,0.0,0.0,0.0,0.0,0.0,-0.0,321.908245,0.0,321.908245,856.470117,-0.0,856.470117,12.659446,0.0,12.659446
winter_security,500,2024-06-29,736.122197,736.122197,0.0,0.0,0.0,0.0,0.0,-0.0,321.253785,0.0,321.253785,847.743871,-0.0,847.743871,12.741428,0.0,12.741428
winter_security,500,2024-06-30,736.122197,736.122197,0.0,0.0,0.0,0.0,0.0,-0.0,322.862906,0.0,322.862906,836.753889,-0.0,836.753889,12.53087,0.0,12.53087
winter_security,500,2024-07-01,774.664057,774.664057,0.0,0.0,0.0,0.0,0.0,-0.0,323.163107,0.0,323.163107,833.611187,-0.0,833.611187,13.806015,0.0,13.806015
winter_security,500,2024-07-02,774.664057,774.664057,0.0,0.0,0.0,0.0,0.0,-0.0,325.568163,0.0,325.568163,834.361878,-0.0,834.361878,14.922504,0.0,14.922504
winter_security,500,2024-07-03,774.664057,774.664057,0.0,0.0,0.0,0.0,0.0,-0.0,324.708968,0.0,324.708968,828.817691,-0.0,828.817691,13.163724,0.0,13.163724
winter_security,500,2024-07-04,774.664057,774.664057,0.0,0.0,0.0,0.0,0.0,-0.0,321.774823,0.0,321.774823,825.669888,-0.0,825.669888,12.430014,0.0,12.430014
winter_security,500,2024-07-05,774.664057,774.664057,0.0,0.0,0.0,0.0,0.0,-0.0,316.487381,0.0,316.487381,820.369858,-0.0,820.369858,12.562129,0.0,12.562129
winter_security,500,2024-07-06,774.664057,774.664057,0.0,0.0,0.0,0.0,0.0,-0.0,313.470422,0.0,313.470422,815.935674,-0.0,815.935674,12.866465,0.0,12.866465
winter_security,500,2024-07-07,774.664057,774.664057,0.0,0.0,0.0,0.0,0.0,-0.0,311.14473,0.0,311.14473,811.106467,-0.0,811.106467,13.166673,0.0,13.166673
winter_security,500,2024-07-08,774.664057,774.664057,0.0,0.0,0.0,0.0,0.0,-0.0,308.284197,0.0,308.284197,802.394069,-0.0,802.394069,13.124207,0.0,13.124207
winter_security,500,2024-07-09,774.664057,774.664057,0.0,0.0,0.0,0.0,0.0,-0.0,304.102092,0.0,304.102092,786.719186,-0.0,786.719186,12.757352,0.0,12.757352
winter_security,500,2024-07-10,774.664057,774.664057,0.0,0.0,0.0,0.0,0.0,-0.0,299.365593,0.0,299.365593,771.883913,-0.0,771.883913,12.562719,0.0,12.562719
winter_security,500,2024-07-11,774.664057,774.664057,0.0,0.0,0.0,0.0,0.0,-0.0,293.037226,0.0,293.037226,759.340071,-0.0,759.340071,12.64765,0.0,12.64765
winter_security,500,2024-07-12,774.664057,774.664057,0.0,0.0,0.0,0.0,0.0,-0.0,289.294494,0.0,289.294494,751.004477,-0.0,751.004477,13.051072,0.0,13.051072
winter_security,500,2024-07-13,774.664057,774.664057,0.0,0.0,0.0,0.0,0.0,-0.0,289.50728,0.0,289.50728,738.633367,-0.0,738.633367,13.206779,0.0,13.206779
winter_security,500,2024-07-14,774.664057,774.664057,0.0,0.0,0.0,0.0,0.0,-0.0,291.367144,0.0,291.367144,725.577889,-0.0,725.577889,13.102975,0.0,13.102975
winter_security,500,2024-07-15,774.664057,774.664057,0.0,0.0,0.0,0.0,0.0,-0.0,293.565165,0.0,293.565165,713.868555,-0.0,713.868555,12.750275,0.0,12.750275
winter_security,500,2024-07-16,774.664057,774.664057,0.0,0.0,0.0,0.0,0.0,-0.0,295.686123,0.0,295.686123,695.219329,-0.0,695.219329,12.595158,0.0,12.595158
winter_security,500,2024-07-17,774.664057,774.664057,0.0,0.0,0.0,0.0,0.0,-0.0,297.736918,0.0,297.736918,674.084075,-0.0,674.084075,12.931933,0.0,12.931933
winter_security,500,2024-07-18,774.664057,774.664057,0.0,0.0,0.0,0.0,0.0,-0.0,299.956793,0.0,299.956793,653.0924,-0.0,653.0924,13.114181,0.0,13.114181
winter_security,500,2024-07-19,774.664057,774.664057,0.0,0.0,0.0,0.0,0.0,-0.0,302.535528,0.0,302.535528,631.857296,-0.0,631.857296,12.907161,0.0,12.907161
winter_security,500,2024-07-20,774.664057,774.664057,0.0,0.0,0.0,0.0,0.0,-0.0,304.707094,0.0,304.707094,610.279644,-0.0,610.279644,12.879441,0.0,12.879441
winter_security,500,2024-07-21,774.664057,774.664057,0.0,0.0,0.0,0.0,0.0,-0.0,307.28928,0.0,307.28928,593.43791,-0.0,593.43791,12.91247,0.0,12.91247
winter_security,500,2024-07-22,774.664057,774.664057,0.0,0.0,0.0,0.0,0.0,-0.0,309.923224,0.0,309.923224,574.777023,-0.0,574.777023,12.879441,0.0,12.879441
winter_security,500,2024-07-23,774.664057,774.664057,0.0,0.0,0.0,0.0,0.0,-0.0,311.326461,0.0,311.326461,554.905555,-0.0,554.905555,12.723144,0.0,12.723144
winter_security,500,2024-07-24,774.664057,774.664057,0.0,0.0,0.0,0.0,0.0,-0.0,311.853249,0.0,311.853249,532.735367,-0.0,532.735367,12.688936,0.0,12.688936
winter_security,500,2024-07-25,774.664057,774.664057,0.0,0.0,0.0,0.0,0.0,-0.0,311.638163,0.0,311.638163,515.47893,-0.0,515.47893,12.913649,0.0,12.913649
winter_security,500,2024-07-26,774.664057,774.664057,0.0,0.0,0.0,0.0,0.0,-0.0,309.01342,0.0,309.01342,499.143002,-0.0,499.143002,13.031609,0.0,13.031609
winter_security,500,2024-07-27,774.664057,774.664057,0.0,0.0,0.0,0.0,0.0,-0.0,306.589962,0.0,306.589962,487.30758,-0.0,487.30758,12.883569,0.0,12.883569
winter_security,500,2024-07-28,774.664057,774.664057,0.0,0.0,0.0,0.0,0.0,-0.0,306.351872,0.0,306.351872,476.62662,-0.0,476.62662,12.761481,0.0,12.761481
winter_security,500,2024-07-29,774.664057,774.664057,0.0,0.0,0.0,0.0,0.0,-0.0,306.239152,0.0,306.239152,469.944005,-0.0,469.944005,13.187906,0.0,13.187906
winter_security,500,2024-07-30,774.664057,774.664057,0.0,0.0,0.0,0.0,0.0,-0.0,310.01984,0.0,310.01984,466.596503,-0.0,466.596503,14.581601,0.0,14.581601
winter_security,500,2024-07-31,774.664057,774.664057,0.0,0.0,0.0,0.0,0.0,-0.0,311.364417,0.0,311.364417,458.84397,-0.0,458.84397,14.99446,0.0,14.99446
winter_security,500,2024-08-01,1100.083097,1100.083097,0.0,0.0,0.0,0.0,0.0,-0.0,312.442149,0.0,312.442149,448.525238,-0.0,448.525238,14.858806,0.0,14.858806
winter_security,500,2024-08-02,1100.083097,1100.083097,0.0,0.0,0.0,0.0,0.0,-0.0,311.953316,0.0,311.953316,439.283711,-0.0,439.283711,14.541494,0.0,14.541494
winter_security,500,2024-08-03,1100.083097,1100.083097,0.0,0.0,0.0,0.0,0.0,-0.0,311.050414,0.0,311.050414,430.039998,-0.0,430.039998,13.930463,0.0,13.930463
winter_security,500,2024-08-04,1100.083097,1100.083097,0.0,0.0,0.0,0.0,0.0,-0.0,307.147806,0.0,307.147806,421.51418,-0.0,421.51418,12.995631,0.0,12.995631
winter_security,500,2024-08-05,1100.083097,1100.083097,0.0,0.0,0.0,0.0,0.0,-0.0,304.899176,0.0,304.899176,408.474007,-0.0,408.474007,12.532049,0.0,12.532049
winter_security,500,2024-08-06,1100.083097,1100.083097,0.0,0.0,0.0,0.0,0.0,-0.0,302.774768,0.0,302.774768,393.175929,-0.0,393.175929,12.744967,0.0,12.744967
winter_security,500,2024-08-07,1100.083097,1100.083097,0.0,0.0,0.0,0.0,0.0,-0.0,301.299069,0.0,301.299069,371.90074,-0.0,371.90074,12.808665,0.0,12.808665
winter_security,500,2024-08-08,1100.083097,1100.083097,0.0,0.0,0.0,0.0,0.0,-0.0,299.833722,0.0,299.833722,355.960564,-0.0,355.960564,13.14662,0.0,13.14662
winter_security,500,2024-08-09,1100.083097,1100.083097,0.0,0.0,0.0,0.0,0.0,-0.0,299.188463,0.0,299.188463,342.639065,-0.0,342.639065,13.199112,0.0,13.199112
winter_security,500,2024-08-10,1100.083097,1100.083097,0.0,0.0,0.0,0.0,0.0,-0.0,297.657555,0.0,297.657555,335.721039,-0.0,335.721039,12.945498,0.0,12.945498
winter_security,500,2024-08-11,1100.083097,1100.083097,0.0,0.0,0.0,0.0,0.0,-0.0,295.713727,0.0,295.713727,329.335785,-0.0,329.335785,12.672421,0.0,12.672421
winter_security,500,2024-08-12,1100.083097,1100.083097,0.0,0.0,0.0,0.0,0.0,-0.0,295.234096,0.0,295.234096,324.209945,-0.0,324.209945,12.612852,0.0,12.612852
winter_security,500,2024-08-13,1100.083097,1100.083097,0.0,0.0,0.0,0.0,0.0,-0.0,293.975784,0.0,293.975784,316.633788,-0.0,316.633788,13.017454,0.0,13.017454
winter_security,500,2024-08-14,1100.083097,1100.083097,0.0,0.0,0.0,0.0,0.0,-0.0,293.235059,0.0,293.235059,308.113801,-0.0,308.113801,13.180828,0.0,13.180828
winter_security,500,2024-08-15,1100.083097,1100.083097,0.0,0.0,0.0,0.0,0.0,-0.0,293.876867,0.0,293.876867,302.311609,-0.0,302.311609,12.988554,0.0,12.988554
winter_security,500,2024-08-16,1100.083097,1100.083097,0.0,0.0,0.0,0.0,0.0,-0.0,295.913861,0.0,295.913861,299.606932,-0.0,299.606932,12.772097,0.0,12.772097
winter_security,500,2024-08-17,1100.083097,1100.083097,0.0,0.0,0.0,0.0,0.0,-0.0,294.412858,0.0,294.412858,301.68336,-0.0,301.68336,13.077023,0.0,13.077023
winter_security,500,2024-08-18,1100.083097,1100.083097,0.0,0.0,0.0,0.0,0.0,-0.0,293.432893,0.0,293.432893,306.275699,-0.0,306.275699,12.849361,0.0,12.849361
winter_security,500,2024-08-19,1100.083097,1100.083097,0.0,0.0,0.0,0.0,0.0,-0.0,291.470662,0.0,291.470662,308.537978,-0.0,308.537978,12.61639,0.0,12.61639
winter_security,500,2024-08-20,1100.083097,1100.083097,0.0,0.0,0.0,0.0,0.0,-0.0,290.013366,0.0,290.013366,303.49158,-0.0,303.49158,12.671242,0.0,12.671242
winter_security,500,2024-08-21,1100.083097,1100.083097,0.0,0.0,0.0,0.0,0.0,-0.0,288.859721,0.0,288.859721,296.340329,-0.0,296.340329,12.658856,0.0,12.658856
winter_security,500,2024-08-22,1100.083097,1100.083097,0.0,0.0,0.0,0.0,0.0,-0.0,288.121297,0.0,288.121297,291.58692,-0.0,291.58692,12.665934,0.0,12.665934
winter_security,500,2024-08-23,1100.083097,1100.083097,0.0,0.0,0.0,0.0,0.0,-0.0,289.616549,0.0,289.616549,297.997682,-0.0,297.997682,13.454495,0.0,13.454495
winter_security,500,2024-08-24,1100.083097,1100.083097,0.0,0.0,0.0,0.0,0.0,-0.0,296.707495,0.0,296.707495,311.205485,-0.0,311.205485,14.372812,0.0,14.372812
winter_security,500,2024-08-25,1100.083097,1100.083097,0.0,0.0,0.0,0.0,0.0,-0.0,298.445438,0.0,298.445438,321.803358,-0.0,321.803358,15.495789,0.0,15.495789
winter_security,500,2024-08-26,1100.083097,1100.083097,0.0,0.0,0.0,0.0,0.0,-0.0,300.567546,0.0,300.567546,333.389521,-0.0,333.389521,19.230396,0.0,19.230396
winter_security,500,2024-08-27,1100.083097,1100.083097,0.0,0.0,0.0,0.0,0.0,-0.0,301.452045,0.0,301.452045,343.258567,-0.0,343.258567,17.971765,0.0,17.971765
winter_security,500,2024-08-28,1100.083097,1100.083097,0.0,0.0,0.0,0.0,0.0,-0.0,303.062317,0.0,303.062317,353.037239,-0.0,353.037239,16.394643,0.0,16.394643
winter_security,500,2024-08-29,1100.083097,1100.083097,0.0,0.0,0.0,0.0,0.0,-0.0,306.478393,0.0,306.478393,362.696384,-0.0,362.696384,15.475146,0.0,15.475146
winter_security,500,2024-08-30,1100.083097,1100.083097,0.0,0.0,0.0,0.0,0.0,-0.0,312.798709,0.0,312.798709,374.774505,-0.0,374.774505,14.592217,0.0,14.592217
winter_security,500,2024-08-31,1100.083097,1100.083097,0.0,0.0,0.0,0.0,0.0,-0.0,320.877672,0.0,320.877672,385.043677,-0.0,385.043677,11.746437,0.0,11.746437
winter_security,500,2024-09-01,1372.472911,1372.472911,0.0,0.0,0.0,0.0,0.0,-0.0,338.346818,0.0,338.346818,398.161834,-0.0,398.161834,12.388138,0.0,12.388138
winter_security,500,2024-09-02,1372.472911,1372.472911,0.0,0.0,0.0,0.0,0.0,-0.0,358.627039,0.0,358.627039,415.040739,-0.0,415.040739,16.143978,0.0,16.143978
winter_security,500,2024-09-03,1372.472911,1372.472911,0.0,0.0,0.0,0.0,0.0,-0.0,380.527883,0.0,380.527883,432.435653,-0.0,432.435653,22.177032,0.0,22.177032
winter_security,500,2024-09-04,1372.472911,1372.472911,0.0,0.0,0.0,0.0,0.0,-0.0,403.439747,0.0,403.439747,452.526498,-0.0,452.526498,26.29265,0.0,26.29265
winter_security,500,2024-09-05,1372.472911,1372.472911,0.0,0.0,0.0,0.0,0.0,-0.0,413.031215,0.0,413.031215,470.575898,-0.0,470.575898,24.240149,0.0,24.240149
winter_security,500,2024-09-06,1372.472911,1372.472911,0.0,0.0,0.0,0.0,0.0,-0.0,418.879951,0.0,418.879951,485.185236,-0.0,485.185236,19.800732,0.0,19.800732
winter_security,500,2024-09-07,1372.472911,1372.472911,0.0,0.0,0.0,0.0,0.0,-0.0,428.06425,0.0,428.06425,496.847925,-0.0,496.847925,16.28671,0.0,16.28671
winter_security,500,2024-09-08,1372.472911,1372.472911,0.0,0.0,0.0,0.0,0.0,-0.0,440.842906,0.0,440.842906,508.981437,-0.0,508.981437,18.090315,0.0,18.090315
winter_security,500,2024-09-09,1372.472911,1372.472911,0.0,0.0,0.0,0.0,0.0,-0.0,451.248711,0.0,451.248711,522.888185,-0.0,522.888185,15.797766,0.0,15.797766
winter_security,500,2024-09-10,1372.472911,1372.472911,0.0,0.0,0.0,0.0,0.0,-0.0,457.7059,0.0,457.7059,537.880157,-0.0,537.880157,15.797766,0.0,15.797766
winter_security,500,2024-09-11,1372.472911,1372.472911,0.0,0.0,0.0,0.0,0.0,-0.0,462.735698,0.0,462.735698,551.265064,-0.0,551.265064,15.509944,0.0,15.509944
winter_security,500,2024-09-12,1372.472911,1372.472911,0.0,0.0,0.0,0.0,0.0,-0.0,464.987778,0.0,464.987778,563.040722,-0.0,563.040722,14.811032,0.0,14.811032
winter_security,500,2024-09-13,1372.472911,1372.472911,0.0,0.0,0.0,0.0,0.0,-0.0,467.333024,0.0,467.333024,576.82357,-0.0,576.82357,15.387266,0.0,15.387266
winter_security,500,2024-09-14,1372.472911,1372.472911,0.0,0.0,0.0,0.0,0.0,-0.0,470.474204,0.0,470.474204,592.208379,-0.0,592.208379,15.72935,0.0,15.72935
winter_security,500,2024-09-15,1372.472911,1372.472911,0.0,0.0,0.0,0.0,0.0,-0.0,472.52845,0.0,472.52845,604.618845,-0.0,604.618845,14.99446,0.0,14.99446
winter_security,500,2024-09-16,1372.472911,1372.472911,0.0,0.0,0.0,0.0,0.0,-0.0,473.725802,0.0,473.725802,616.385757,-0.0,616.385757,13.939899,0.0,13.939899
winter_security,500,2024-09-17,1372.472911,1372.472911,0.0,0.0,0.0,0.0,0.0,-0.0,474.373361,0.0,474.373361,623.362089,-0.0,623.362089,12.964372,0.0,12.964372
winter_security,500,2024-09-18,1372.472911,1372.472911,0.0,0.0,0.0,0.0,0.0,-0.0,471.608295,0.0,471.608295,628.644627,-0.0,628.644627,12.550333,0.0,12.550333
winter_security,500,2024-09-19,1372.472911,1372.472911,0.0,0.0,0.0,0.0,0.0,-0.0,470.447749,0.0,470.447749,637.954663,-0.0,637.954663,12.661805,0.0,12.661805
winter_security,500,2024-09-20,1372.472911,1372.472911,0.0,0.0,0.0,0.0,0.0,-0.0,469.2688,0.0,469.2688,647.543111,-0.0,647.543111,13.471599,0.0,13.471599
winter_security,500,2024-09-21,1372.472911,1372.472911,0.0,0.0,0.0,0.0,0.0,-0.0,469.97962,0.0,469.97962,656.122863,-0.0,656.122863,14.653556,0.0,14.653556
winter_security,500,2024-09-22,1372.472911,1372.472911,0.0,0.0,0.0,0.0,0.0,-0.0,475.300418,0.0,475.300418,663.710681,-0.0,663.710681,13.854968,0.0,13.854968
winter_security,500,2024-09-23,1372.472911,1372.472911,0.0,0.0,0.0,0.0,0.0,-0.0,480.659171,0.0,480.659171,669.542025,-0.0,669.542025,14.190564,0.0,14.190564
winter_security,500,2024-09-24,1372.472911,1372.472911,0.0,0.0,0.0,0.0,0.0,-0.0,483.564561,0.0,483.564561,677.404611,-0.0,677.404611,13.73347,0.0,13.73347
winter_security,500,2024-09-25,1372.472911,1372.472911,0.0,0.0,0.0,0.0,0.0,-0.0,484.462863,0.0,484.462863,684.396248,-0.0,684.396248,12.515535,0.0,12.515535
winter_security,500,2024-09-26,1372.472911,1372.472911,0.0,0.0,0.0,0.0,0.0,-0.0,484.628491,0.0,484.628491,692.449058,-0.0,692.449058,11.639683,0.0,11.639683
winter_security,500,2024-09-27,1372.472911,1372.472911,0.0,0.0,0.0,0.0,0.0,-0.0,488.543751,0.0,488.543751,703.720368,-0.0,703.720368,15.385497,0.0,15.385497
winter_security,500,2024-09-28,1372.472911,1372.472911,0.0,0.0,0.0,0.0,0.0,-0.0,490.96491,0.0,490.96491,714.89693,-0.0,714.89693,15.240996,0.0,15.240996
winter_security,500,2024-09-29,1372.472911,1372.472911,0.0,0.0,0.0,0.0,0.0,-0.0,492.501569,0.0,492.501569,726.424057,-0.0,726.424057,14.145739,0.0,14.145739
winter_security,500,2024-09-30,1372.472911,1372.472911,0.0,0.0,0.0,0.0,0.0,-0.0,269.857366,0.0,269.857366,737.381242,-0.0,737.381242,12.819281,0.0,12.819281
winter_security,500,2024-10-01,1583.633103,1583.633103,0.0,0.0,0.0,0.0,0.0,-0.0,265.507332,0.0,265.507332,745.75838,-0.0,745.75838,11.7659,0.0,11.7659
winter_security,500,2024-10-02,1583.633103,1583.633103,0.0,0.0,0.0,0.0,0.0,-0.0,260.587953,0.0,260.587953,755.429186,-0.0,755.429186,11.727563,0.0,11.727563
winter_security,500,2024-10-03,1583.633103,1583.633103,0.0,0.0,0.0,0.0,0.0,-0.0,264.673442,0.0,264.673442,771.687858,-0.0,771.687858,14.514364,0.0,14.514364
winter_security,500,2024-10-04,1583.633103,1583.633103,0.0,0.0,0.0,0.0,0.0,-0.0,270.598091,0.0,270.598091,786.951682,-0.0,786.951682,15.338903,0.0,15.338903
winter_security,500,2024-10-05,1583.633103,1583.633103,0.0,0.0,0.0,0.0,0.0,-0.0,274.818153,0.0,274.818153,800.527543,-0.0,800.527543,18.754429,0.0,18.754429
winter_security,500,2024-10-06,1583.633103,1583.633103,0.0,0.0,0.0,0.0,0.0,-0.0,277.94323,0.0,277.94323,813.947434,-0.0,813.947434,23.935813,0.0,23.935813
winter_security,500,2024-10-07,1583.633103,1583.633103,0.0,0.0,0.0,0.0,0.0,-0.0,282.785547,0.0,282.785547,823.987026,-0.0,823.987026,26.560418,0.0,26.560418
winter_security,500,2024-10-08,1583.633103,1583.633103,0.0,0.0,0.0,0.0,0.0,-0.0,291.592582,0.0,291.592582,832.644762,-0.0,832.644762,27.195042,0.0,27.195042
winter_security,500,2024-10-09,1583.633103,1583.633103,0.0,0.0,0.0,0.0,0.0,-0.0,303.02091,0.0,303.02091,841.560503,-0.0,841.560503,27.623826,0.0,27.623826
winter_security,500,2024-10-10,1583.633103,1583.633103,0.0,0.0,0.0,0.0,0.0,-0.0,309.242309,0.0,309.242309,849.483581,-0.0,849.483581,25.29353,0.0,25.29353
winter_security,500,2024-10-11,1583.633103,1583.633103,0.0,0.0,0.0,0.0,0.0,-0.0,312.936732,0.0,312.936732,856.12028,-0.0,856.12028,23.214489,0.0,23.214489
winter_security,500,2024-10-12,1583.633103,1583.633103,0.0,0.0,0.0,0.0,0.0,-0.0,320.150749,0.0,320.150749,860.682737,-0.0,860.682737,21.389061,0.0,21.389061
winter_security,500,2024-10-13,1583.633103,1583.633103,0.0,0.0,0.0,0.0,0.0,-0.0,327.089869,0.0,327.089869,865.431773,-0.0,865.431773,21.857361,0.0,21.857361
winter_security,500,2024-10-14,1583.633103,1583.633103,0.0,0.0,0.0,0.0,0.0,-0.0,333.330822,0.0,333.330822,869.476034,-0.0,869.476034,19.479292,0.0,19.479292
winter_security,500,2024-10-15,1583.633103,1583.633103,0.0,0.0,0.0,0.0,0.0,-0.0,335.022757,0.0,335.022757,871.22449,-0.0,871.22449,16.366922,0.0,16.366922
winter_security,500,2024-10-16,1583.633103,1583.633103,0.0,0.0,0.0,0.0,0.0,-0.0,335.282701,0.0,335.282701,870.90818,-0.0,870.90818,15.004487,0.0,15.004487
winter_security,500,2024-10-17,1583.633103,1583.633103,0.0,0.0,0.0,0.0,0.0,-0.0,334.847928,0.0,334.847928,865.500283,-0.0,865.500283,13.669182,0.0,13.669182
winter_security,500,2024-10-18,1583.633103,1583.633103,0.0,0.0,0.0,0.0,0.0,-0.0,333.25951,0.0,333.25951,860.751246,-0.0,860.751246,12.982066,0.0,12.982066
winter_security,500,2024-10-19,1583.633103,1583.633103,0.0,0.0,0.0,0.0,0.0,-0.0,327.241695,0.0,327.241695,862.140391,-0.0,862.140391,13.109462,0.0,13.109462
winter_security,500,2024-10-20,1583.633103,1583.633103,0.0,0.0,0.0,0.0,0.0,-0.0,320.472803,0.0,320.472803,867.756003,-0.0,867.756003,12.987374,0.0,12.987374
winter_security,500,2024-10-21,1583.633103,1583.633103,0.0,0.0,0.0,0.0,0.0,-0.0,313.913247,0.0,313.913247,873.453243,-0.0,873.453243,12.49902,0.0,12.49902
winter_security,500,2024-10-22,1583.633103,1583.633103,0.0,0.0,0.0,0.0,0.0,-0.0,307.564176,0.0,307.564176,876.020172,-0.0,876.020172,11.566548,0.0,11.566548
winter_security,500,2024-10-23,1583.633103,1583.633103,0.0,0.0,0.0,0.0,0.0,-0.0,301.830459,0.0,301.830459,880.928093,-0.0,880.928093,7.731085,0.0,7.731085
winter_security,500,2024-10-24,1583.633103,1583.633103,0.0,0.0,0.0,0.0,0.0,-0.0,300.05686,0.0,300.05686,893.832704,-0.0,893.832704,7.263375,0.0,7.263375
winter_security,500,2024-10-25,1583.633103,1583.633103,0.0,0.0,0.0,0.0,0.0,-0.0,317.689334,0.0,317.689334,916.167607,-0.0,916.167607,24.698423,0.0,24.698423
winter_security,500,2024-10-26,1583.633103,1583.633103,0.0,0.0,0.0,0.0,0.0,-0.0,351.425674,0.0,351.425674,949.53185,-0.0,949.53185,32.490258,0.0,32.490258
winter_security,500,2024-10-27,1583.633103,1583.633103,0.0,0.0,0.0,0.0,0.0,-0.0,377.37175,0.0,377.37175,974.365901,-0.0,974.365901,33.682241,0.0,33.682241
winter_security,500,2024-10-28,1583.633103,1583.633103,0.0,0.0,0.0,0.0,0.0,-0.0,394.348614,0.0,394.348614,990.859256,-0.0,990.859256,31.248141,0.0,31.248141
winter_security,500,2024-10-29,1583.633103,1583.633103,0.0,0.0,0.0,0.0,0.0,-0.0,408.61447,0.0,408.61447,1004.899379,-0.0,1004.899379,27.893954,0.0,27.893954
winter_security,500,2024-10-30,1583.633103,1583.633103,0.0,0.0,0.0,0.0,0.0,-0.0,417.423806,0.0,417.423806,1018.616632,-0.0,1018.616632,25.627356,0.0,25.627356
winter_security,500,2024-10-31,1583.633103,1583.633103,0.0,0.0,0.0,0.0,0.0,-0.0,422.988444,0.0,422.988444,1033.430041,-0.0,1033.430041,22.658308,0.0,22.658308
winter_security,500,2024-11-01,1843.312304,1843.312304,0.0,0.0,0.0,0.0,0.0,-0.0,425.990451,0.0,425.990451,1048.510201,-0.0,1048.510201,23.830829,0.0,23.830829
winter_security,500,2024-11-02,1843.312304,1843.312304,0.0,0.0,0.0,0.0,0.0,-0.0,430.07709,0.0,430.07709,1062.790837,-0.0,1062.790837,26.062628,0.0,26.062628
winter_security,500,2024-11-03,1843.312304,1843.312304,0.0,0.0,0.0,0.0,0.0,-0.0,430.425599,0.0,430.425599,1078.244156,-0.0,1078.244156,26.664813,0.0,26.664813
winter_security,500,2024-11-04,1843.312304,1843.312304,0.0,0.0,0.0,0.0,0.0,-0.0,428.642798,0.0,428.642798,1092.540826,-0.0,1092.540826,24.539177,0.0,24.539177
winter_security,500,2024-11-05,1843.312304,1843.312304,0.0,0.0,0.0,0.0,0.0,-0.0,426.585101,0.0,426.585101,1106.357928,-0.0,1106.357928,21.295872,0.0,21.295872
winter_security,500,2024-11-06,1843.312304,1843.312304,0.0,0.0,0.0,0.0,0.0,-0.0,425.555677,0.0,425.555677,1119.599986,-0.0,1119.599986,18.995656,0.0,18.995656
winter_security,500,2024-11-07,1843.312304,1843.312304,0.0,0.0,0.0,0.0,0.0,-0.0,425.499318,0.0,425.499318,1131.664988,-0.0,1131.664988,15.491071,0.0,15.491071
winter_security,500,2024-11-08,1843.312304,1843.312304,0.0,0.0,0.0,0.0,0.0,-0.0,426.535643,0.0,426.535643,1147.74437,-0.0,1147.74437,13.795988,0.0,13.795988
winter_security,500,2024-11-09,1843.312304,1843.312304,0.0,0.0,0.0,0.0,0.0,-0.0,452.280435,0.0,452.280435,1182.072121,-0.0,1182.072121,37.281785,0.0,37.281785
winter_security,500,2024-11-10,1843.312304,1843.312304,0.0,0.0,0.0,0.0,0.0,-0.0,502.609474,0.0,502.609474,1233.808635,-0.0,1233.808635,55.286579,0.0,55.286579
winter_security,500,2024-11-11,1843.312304,1843.312304,0.0,0.0,0.0,0.0,0.0,-0.0,522.675758,0.0,522.675758,1278.038959,-0.0,1278.038959,54.161242,0.0,54.161242
winter_security,500,2024-11-12,1843.312304,1843.312304,0.0,0.0,0.0,0.0,0.0,-0.0,531.256205,0.0,531.256205,1308.837001,-0.0,1308.837001,49.471161,0.0,49.471161
winter_security,500,2024-11-13,1843.312304,1843.312304,0.0,0.0,0.0,0.0,0.0,-0.0,536.053665,0.0,536.053665,1330.509401,-0.0,1330.509401,44.365271,0.0,44.365271
winter_security,500,2024-11-14,1843.312304,1843.312304,0.0,0.0,0.0,0.0,0.0,-0.0,539.061422,0.0,539.061422,1349.268679,-0.0,1349.268679,39.558409,0.0,39.558409
winter_security,500,2024-11-15,1843.312304,1843.312304,0.0,0.0,0.0,0.0,0.0,-0.0,550.027372,0.0,550.027372,1369.768396,-0.0,1369.768396,37.058841,0.0,37.058841
winter_security,500,2024-11-16,1843.312304,1843.312304,0.0,0.0,0.0,0.0,0.0,-0.0,564.134501,0.0,564.134501,1390.279046,-0.0,1390.279046,34.459007,0.0,34.459007
winter_security,500,2024-11-17,1843.312304,1843.312304,0.0,0.0,0.0,0.0,0.0,-0.0,571.705078,0.0,571.705078,1410.821763,-0.0,1410.821763,30.132831,0.0,30.132831
winter_security,500,2024-11-18,1843.312304,1843.312304,0.0,0.0,0.0,0.0,0.0,-0.0,574.794499,0.0,574.794499,1430.474584,-0.0,1430.474584,24.870644,0.0,24.870644
winter_security,500,2024-11-19,1843.312304,1843.312304,0.0,0.0,0.0,0.0,0.0,-0.0,576.668165,0.0,576.668165,1446.027023,-0.0,1446.027023,20.290855,0.0,20.290855
winter_security,500,2024-11-20,1843.312304,1843.312304,0.0,0.0,0.0,0.0,0.0,-0.0,577.41004,0.0,577.41004,1457.076769,-0.0,1457.076769,16.096794,0.0,16.096794
winter_security,500,2024-11-21,1843.312304,1843.312304,0.0,0.0,0.0,0.0,0.0,-0.0,575.729607,0.0,575.729607,1464.577128,-0.0,1464.577128,13.991212,0.0,13.991212
winter_security,500,2024-11-22,1843.312304,1843.312304,0.0,0.0,0.0,0.0,0.0,-0.0,573.763925,0.0,573.763925,1469.872785,-0.0,1469.872785,13.138952,0.0,13.138952
winter_security,500,2024-11-23,1843.312304,1843.312304,0.0,0.0,0.0,0.0,0.0,-0.0,571.094325,0.0,571.094325,1471.368338,-0.0,1471.368338,12.944319,0.0,12.944319
winter_security,500,2024-11-24,1843.312304,1843.312304,0.0,0.0,0.0,0.0,0.0,-0.0,567.617288,0.0,567.617288,1471.483492,-0.0,1471.483492,13.048713,0.0,13.048713
winter_security,500,2024-11-25,1843.312304,1843.312304,0.0,0.0,0.0,0.0,0.0,-0.0,563.567455,0.0,563.567455,1476.13268,-0.0,1476.13268,12.659446,0.0,12.659446
winter_security,500,2024-11-26,1843.312304,1843.312304,0.0,0.0,0.0,0.0,0.0,-0.0,559.538326,0.0,559.538326,1478.974376,-0.0,1478.974376,12.592209,0.0,12.592209
winter_security,500,2024-11-27,1843.312304,1843.312304,0.0,0.0,0.0,0.0,0.0,-0.0,556.815817,0.0,556.815817,1476.824337,-0.0,1476.824337,12.512586,0.0,12.512586
winter_security,500,2024-11-28,1843.312304,1843.312304,0.0,0.0,0.0,0.0,0.0,-0.0,557.300048,0.0,557.300048,1475.93371,-0.0,1475.93371,12.191145,0.0,12.191145
winter_security,500,2024-11-29,1843.312304,1843.312304,0.0,0.0,0.0,0.0,0.0,-0.0,556.48111,0.0,556.48111,1478.405162,-0.0,1478.405162,12.481326,0.0,12.481326
winter_security,500,2024-11-30,1843.312304,1843.312304,0.0,0.0,0.0,0.0,0.0,-0.0,555.394177,0.0,555.394177,1484.27805,-0.0,1484.27805,12.788022,0.0,12.788022
winter_security,500,2024-12-01,1944.040499,1865.197,78.843499,0.0,0.0,0.0,0.0,0.078843,554.633899,0.039166,554.673065,1494.792109,0.032283,1494.824392,12.50138,0.007395,12.508775
winter_security,500,2024-12-02,1944.040499,1944.040499,0.0,78.843499,0.0,0.0,0.0,0.0,552.592304,0.0,552.592304,1501.609556,0.0,1501.609556,12.582772,0.0,12.582772
winter_security,500,2024-12-03,1944.040499,1944.040499,0.0,0.0,0.0,0.0,0.0,0.0,550.587516,0.0,550.587516,1505.338235,0.0,1505.338235,12.946678,0.0,12.946678
winter_security,500,2024-12-04,1944.040499,1944.040499,0.0,0.0,0.0,0.0,0.0,0.0,550.094083,0.0,550.094083,1513.565963,0.0,1513.565963,15.719913,0.0,15.719913
winter_security,500,2024-12-05,1944.040499,1944.040499,0.0,0.0,0.0,0.0,0.0,0.0,554.068003,0.0,554.068003,1528.627173,0.0,1528.627173,18.801023,0.0,18.801023
winter_security,500,2024-12-06,1944.040499,1944.040499,0.0,0.0,0.0,0.0,0.0,0.0,558.920672,0.0,558.920672,1549.076601,0.0,1549.076601,17.339501,0.0,17.339501
winter_security,500,2024-12-07,1944.040499,1944.040499,0.0,0.0,0.0,0.0,0.0,0.0,560.80584,0.0,560.80584,1568.980138,0.0,1568.980138,13.423825,0.0,13.423825
winter_security,500,2024-12-08,1944.040499,1944.040499,0.0,0.0,0.0,0.0,0.0,0.0,561.881271,0.0,561.881271,1587.814485,0.0,1587.814485,11.895656,0.0,11.895656
winter_security,500,2024-12-09,1944.040499,1944.040499,0.0,0.0,0.0,0.0,0.0,0.0,565.85059,0.0,565.85059,1603.957274,0.0,1603.957274,14.514364,0.0,14.514364
winter_security,500,2024-12-10,1944.040499,1944.040499,0.0,0.0,0.0,0.0,0.0,0.0,571.079372,0.0,571.079372,1614.266532,0.0,1614.266532,14.871782,0.0,14.871782
winter_security,500,2024-12-11,1944.040499,1944.040499,0.0,0.0,0.0,0.0,0.0,0.0,571.72003,0.0,571.72003,1619.60519,0.0,1619.60519,12.898314,0.0,12.898314
winter_security,500,2024-12-12,1944.040499,1944.040499,0.0,0.0,0.0,0.0,0.0,0.0,569.488654,0.0,569.488654,1620.308508,0.0,1620.308508,11.616681,0.0,11.616681
winter_security,500,2024-12-13,1944.040499,1944.040499,0.0,0.0,0.0,0.0,0.0,0.0,565.511283,0.0,565.511283,1621.303357,0.0,1621.303357,13.170801,0.0,13.170801
winter_security,500,2024-12-14,1944.040499,1892.331,51.709499,0.0,0.0,0.0,0.0,0.051709,563.766439,0.029868,563.796307,1634.146746,0.016292,1634.163038,15.64029,0.00555,15.64584
winter_security,500,2024-12-15,1944.040499,1939.625,4.415499,0.0,0.0,0.0,0.0,0.056125,570.515777,0.0325,570.548277,1655.063352,0.01763,1655.080982,24.574565,0.005995,24.58056
winter_security,500,2024-12-16,1944.040499,1944.040499,0.0,56.124998,0.0,0.0,0.0,0.0,576.920057,0.0,576.920057,1676.611123,0.0,1676.611123,23.823751,0.0,23.823751
winter_security,500,2024-12-17,1944.040499,1931.968,12.072499,0.0,0.0,0.0,0.0,0.012072,579.197442,0.007523,579.204965,1697.471609,0.0032,1697.474809,21.4504,0.001349,21.451749
winter_security,500,2024-12-18,1944.040499,1901.339,42.701499,0.0,0.0,0.0,0.0,0.054774,578.159967,0.034741,578.194708,1715.512264,0.013681,1715.525945,19.238654,0.006352,19.245006
winter_security,500,2024-12-19,1944.040499,1543.331,400.709499,0.0,0.0,0.0,0.0,0.455483,575.082047,0.294154,575.376201,1727.371737,0.106244,1727.477981,16.795706,0.055086,16.850792
winter_security,500,2024-12-20,1944.040499,1944.040499,0.0,455.483497,0.0,0.0,0.0,-0.0,571.603861,0.0,571.603861,1736.893133,-0.0,1736.893133,15.070544,0.0,15.070544
winter_security,500,2024-12-21,1944.040499,1944.040499,0.0,0.0,0.0,0.0,0.0,-0.0,569.336828,0.0,569.336828,1747.243934,-0.0,1747.243934,14.831675,0.0,14.831675
winter_security,500,2024-12-22,1944.040499,1944.040499,0.0,0.0,0.0,0.0,0.0,-0.0,566.520003,0.0,566.520003,1758.588855,-0.0,1758.588855,15.025719,0.0,15.025719
winter_security,500,2024-12-23,1944.040499,1944.040499,0.0,0.0,0.0,0.0,0.0,-0.0,562.961303,0.0,562.961303,1761.245429,-0.0,1761.245429,15.05344,0.0,15.05344
winter_security,500,2024-12-24,1944.040499,1944.040499,0.0,0.0,0.0,0.0,0.0,-0.0,558.602068,0.0,558.602068,1759.156611,-0.0,1759.156611,16.027788,0.0,16.027788
winter_security,500,2024-12-25,1944.040499,1944.040499,0.0,0.0,0.0,0.0,0.0,-0.0,554.555685,0.0,554.555685,1757.070708,-0.0,1757.070708,15.942857,0.0,15.942857
winter_security,500,2024-12-26,1944.040499,1944.040499,0.0,0.0,0.0,0.0,0.0,-0.0,551.432909,0.0,551.432909,1762.068275,-0.0,1762.068275,15.918675,0.0,15.918675
winter_security,500,2024-12-27,1944.040499,1944.040499,0.0,0.0,0.0,0.0,0.0,-0.0,551.67675,0.0,551.67675,1768.801179,-0.0,1768.801179,14.875321,0.0,14.875321
winter_security,500,2024-12-28,1944.040499,1944.040499,0.0,0.0,0.0,0.0,0.0,-0.0,552.837296,0.0,552.837296,1771.943881,-0.0,1771.943881,14.908939,0.0,14.908939
winter_security,500,2024-12-29,1944.040499,1944.040499,0.0,0.0,0.0,0.0,0.0,-0.0,549.658159,0.0,549.658159,1775.027548,-0.0,1775.027548,14.335654,0.0,14.335654
winter_security,500,2024-12-30,1944.040499,1944.040499,0.0,0.0,0.0,0.0,0.0,-0.0,547.299111,0.0,547.299111,1778.286862,-0.0,1778.286862,14.804545,0.0,14.804545
winter_security,500,2024-12-31,1944.040499,1944.040499,0.0,0.0,0.0,0.0,0.0,-0.0,547.144985,0.0,547.144985,1781.938285,-0.0,1781.938285,14.880039,0.0,14.880039
winter_security,1000,2024-01-01,3414.09812,0.0,3414.09812,0.0,0.0,0.0,0.0,3.414098,156.869209,1.778808,158.648017,1173.727052,1.452467,1175.179519,13.077023,0.182823,13.259846
winter_security,1000,2024-01-02,3414.09812,0.0,3414.09812,0.0,0.0,0.0,0.0,6.828196,165.885579,3.555879,169.441458,1180.355005,2.905018,1183.260023,13.108283,0.367299,13.475582
winter_security,1000,2024-01-03,3414.09812,0.0,3414.09812,0.0,0.0,0.0,0.0,10.242294,169.62371,5.330367,174.954077,1181.145053,4.360114,1185.505167,13.347151,0.551814,13.898965
winter_security,1000,2024-01-04,3414.09812,0.0,3414.09812,0.0,0.0,0.0,0.0,13.656392,168.623041,7.106226,175.729267,1181.771845,5.813354,1187.585199,13.077023,0.736813,13.813836
winter_security,1000,2024-01-05,3414.09812,0.0,3414.09812,0.0,0.0,0.0,0.0,17.070491,167.150793,8.886211,176.037004,1184.511505,7.261829,1191.773334,12.82223,0.922451,13.744681
winter_security,1000,2024-01-06,3414.09812,0.0,3414.09812,0.0,0.0,0.0,0.0,20.484589,166.277796,10.668376,176.946172,1185.1485,8.70929,1193.85779,13.404952,1.106922,14.511874
winter_security,1000,2024-01-07,3414.09812,0.0,3414.09812,0.0,0.0,0.0,0.0,23.898687,165.897081,12.453118,178.350199,1187.195046,10.153956,1197.349002,13.388437,1.291613,14.68005
winter_security,1000,2024-01-08,3414.09812,0.0,3414.09812,0.0,0.0,0.0,0.0,27.312785,164.069423,14.238359,178.307782,1185.781851,11.598887,1197.380738,13.592508,1.475539,15.068047
winter_security,1000,2024-01-09,3414.09812,0.0,3414.09812,0.0,0.0,0.0,0.0,30.726883,163.40116,16.022625,179.423785,1184.802307,13.043941,1197.846248,13.065227,1.660317,14.725544
winter_security,1000,2024-01-10,3414.09812,0.0,3414.09812,0.0,0.0,0.0,0.0,34.140981,160.648746,17.80401,178.452756,1179.176492,14.493698,1193.67019,13.515834,1.843273,15.359107
winter_security,1000,2024-01-11,3414.09812,0.0,3414.09812,0.0,0.0,0.0,0.0,37.555079,160.154163,19.584771,179.738934,1178.446936,15.943625,1194.390561,13.215036,2.026683,15.241719
winter_security,1000,2024-01-12,3414.09812,0.0,3414.09812,0.0,0.0,0.0,0.0,40.969177,157.198164,21.364534,178.562698,1174.822479,17.39526,1192.217739,13.20383,2.209383,15.413213
winter_security,1000,2024-01-13,3414.09812,0.0,3414.09812,0.0,0.0,0.0,0.0,44.383276,153.305908,23.144137,176.450045,1171.180531,18.84773,1190.028261,13.123028,2.391409,15.514437
winter_security,1000,2024-01-14,3414.09812,0.0,3414.09812,0.0,0.0,0.0,0.0,47.797374,150.408569,24.931701,175.34027,1176.181741,20.29144,1196.473181,12.834616,2.574233,15.408849
winter_security,1000,2024-01-15,3414.09812,0.0,3414.09812,0.0,0.0,0.0,0.0,51.211472,148.343971,26.726992,175.070963,1180.658197,21.728615,1202.386812,13.576583,2.755864,16.332447
winter_security,1000,2024-01-16,3414.09812,0.0,3414.09812,0.0,0.0,0.0,0.0,54.62557,147.650404,28.518237,176.168641,1176.881415,23.169243,1200.050658,13.023352,2.93809,15.961442
winter_security,1000,2024-01-17,3414.09812,0.0,3414.09812,0.0,0.0,0.0,0.0,58.039668,145.240747,30.304939,175.545686,1171.10619,24.614164,1195.720354,12.434732,3.120565,15.555297
winter_security,1000,2024-01-18,3414.09812,0.0,3414.09812,0.0,0.0,0.0,0.0,61.453766,142.212287,32.086498,174.298785,1165.314202,26.061818,1191.37602,10.701903,3.30545,14.007353
winter_security,1000,2024-01-19,3414.09812,0.0,3414.09812,0.0,0.0,0.0,0.0,64.867864,147.561839,33.867117,181.428956,1169.327123,27.509401,1196.836524,10.723725,3.491346,14.215071
winter_security,1000,2024-01-20,3414.09812,0.0,3414.09812,0.0,0.0,0.0,0.0,68.281962,192.373397,35.673227,228.046624,1215.454584,28.956095,1244.410679,27.633853,3.65264,31.286493
winter_security,1000,2024-01-21,3414.09812,0.0,3414.09812,0.0,0.0,0.0,0.0,71.696061,224.966444,37.520829,262.487273,1273.137597,30.360837,1303.498434,31.907536,3.814394,35.72193
winter_security,1000,2024-01-22,3414.09812,0.0,3414.09812,0.0,0.0,0.0,0.0,75.110159,237.908427,39.384301,277.292728,1300.21352,31.735447,1331.948967,27.782482,3.990411,31.772893
winter_security,1000,2024-01-23,3414.09812,0.0,3414.09812,0.0,0.0,0.0,0.0,78.524257,256.091844,41.251608,297.343452,1319.627285,33.097766,1352.725051,26.287931,4.174883,30.462814
winter_security,1000,2024-01-24,3414.09812,0.0,3414.09812,0.0,0.0,0.0,0.0,81.938355,271.925415,43.130821,315.056236,1342.787949,34.438614,1377.226563,24.622929,4.36892,28.991849
winter_security,1000,2024-01-25,3414.09812,0.0,3414.09812,0.0,0.0,0.0,0.0,85.352453,277.05528,45.014729,322.070009,1354.315077,35.762124,1390.077201,20.529134,4.5756,25.104734
winter_security,1000,2024-01-26,3414.09812,0.0,3414.09812,0.0,0.0,0.0,0.0,88.766551,279.576505,46.894258,326.470763,1359.29661,37.074083,1396.370693,14.589268,4.798211,19.387479
winter_security,1000,2024-01-27,3414.09812,0.0,3414.09812,0.0,0.0,0.0,0.0,92.180649,295.399724,48.774349,344.174073,1370.925045,38.384854,1409.309899,16.25722,5.021446,21.278666
winter_security,1000,2024-01-28,3414.09812,0.0,3414.09812,0.0,0.0,0.0,0.0,95.594747,317.933175,50.677141,368.610316,1402.432236,39.666578,1442.098814,17.647376,5.251028,22.898404
winter_security,1000,2024-01-29,3414.09812,0.0,3414.09812,0.0,0.0,0.0,0.0,99.008845,328.736947,52.600059,381.337006,1426.209488,40.91358,1467.123068,14.792749,5.495206,20.287955
winter_security,1000,2024-01-30,3414.09812,0.0,3414.09812,0.0,0.0,0.0,0.0,102.422944,336.543314,54.527568,391.070882,1435.444455,42.151136,1477.595591,14.34863,5.74424,20.09287
winter_security,1000,2024-01-31,3414.09812,0.0,3414.09812,0.0,0.0,0.0,0.0,105.837042,338.372122,56.456191,394.828313,1437.456746,43.386896,1480.843642,14.405841,5.993955,20.399796
winter_security,1000,2024-02-01,3428.31214,0.0,3428.31214,0.0,0.0,0.0,0.0,109.265354,337.903993,58.390848,396.294841,1436.749055,44.627751,1481.376806,13.580122,6.246755,19.826877
winter_security,1000,2024-02-02,3428.31214,0.0,3428.31214,0.0,0.0,0.0,0.0,112.693666,339.219815,60.315509,399.535324,1433.003613,45.876018,1478.879631,12.460683,6.50214,18.962823
winter_security,1000,2024-02-03,3428.31214,0.0,3428.31214,0.0,0.0,0.0,0.0,116.121978,341.576563,62.235034,403.811597,1431.976696,47.128683,1479.105379,12.304387,6.758261,19.062648
winter_security,1000,2024-02-04,3428.31214,0.0,3428.31214,0.0,0.0,0.0,0.0,119.55029,344.427894,64.155725,408.583619,1434.889089,48.378903,1483.267992,12.316183,7.015662,19.331845
winter_security,1000,2024-02-05,3428.31214,0.0,3428.31214,0.0,0.0,0.0,0.0,122.978602,345.021394,66.078338,411.099732,1436.396303,49.626938,1486.023241,12.394036,7.273326,19.667362
winter_security,1000,2024-02-06,3428.31214,0.0,3428.31214,0.0,0.0,0.0,0.0,126.406915,342.412754,67.998002,410.410756,1432.907408,50.878547,1483.785955,12.11919,7.530366,19.649556
winter_security,1000,2024-02-07,3428.31214,0.0,3428.31214,0.0,0.0,0.0,0.0,129.835227,338.30196,69.918716,408.220676,1430.04822,52.131386,1482.179606,12.363367,7.785125,20.148492
winter_security,1000,2024-02-08,3428.31214,0.0,3428.31214,0.0,0.0,0.0,0.0,133.263539,333.548209,71.83784,405.386049,1424.767868,53.389795,1478.157663,12.976168,8.035904,21.012072
winter_security,1000,2024-02-09,3428.31214,0.0,3428.31214,0.0,0.0,0.0,0.0,136.691851,329.194724,73.758278,402.953002,1422.163769,54.648309,1476.812078,12.933702,8.285265,21.218967
winter_security,1000,2024-02-10,3428.31214,0.0,3428.31214,0.0,0.0,0.0,0.0,140.120163,324.615802,75.678755,400.294557,1418.591059,55.908569,1474.499628,12.934292,8.532839,21.467131
winter_security,1000,2024-02-11,3428.31214,0.0,3428.31214,0.0,0.0,0.0,0.0,143.548475,324.264993,77.594739,401.859732,1415.816415,57.173539,1472.989954,12.768559,8.780197,21.548756
winter_security,1000,2024-02-12,3428.31214,0.0,3428.31214,0.0,0.0,0.0,0.0,146.976787,320.907577,79.501853,400.40943,1407.776724,58.450057,1466.226781,12.847592,9.024878,21.87247
winter_security,1000,2024-02-13,3428.31214,0.0,3428.31214,0.0,0.0,0.0,0.0,150.4051,315.080694,81.399489,396.480183,1397.307124,59.739649,1457.046773,12.905982,9.265961,22.171943
winter_security,1000,2024-02-14,3428.31214,0.0,3428.31214,0.0,0.0,0.0,0.0,153.833412,308.863895,83.292266,392.156161,1389.190907,61.037335,1450.228242,13.009197,9.503811,22.513008
winter_security,1000,2024-02-15,3428.31214,0.0,3428.31214,0.0,0.0,0.0,0.0,157.261724,303.050815,85.183828,388.234643,1384.287359,62.33686,1446.624219,12.44122,9.741036,22.182256
winter_security,1000,2024-02-16,3428.31214,0.0,3428.31214,0.0,0.0,0.0,0.0,160.690036,297.664456,87.080729,384.745185,1381.913569,63.636202,1445.549771,13.772986,9.973105,23.746091
winter_security,1000,2024-02-17,3428.31214,0.0,3428.31214,0.0,0.0,0.0,0.0,164.118348,298.171692,88.981805,387.153497,1385.083238,64.930167,1450.013405,13.598406,10.206377,23.804783
winter_security,1000,2024-02-18,3428.31214,0.0,3428.31214,0.0,0.0,0.0,0.0,167.54666,297.360805,90.900821,388.261626,1395.782418,66.203137,1461.985555,13.209728,10.442702,23.65243
winter_security,1000,2024-02-19,3428.31214,0.0,3428.31214,0.0,0.0,0.0,0.0,170.974972,294.999457,92.837936,387.837393,1405.080793,67.455768,1472.536561,12.915419,10.681268,23.596687
winter_security,1000,2024-02-20,3428.31214,0.0,3428.31214,0.0,0.0,0.0,0.0,174.403285,290.506799,94.777895,385.284694,1402.884109,68.708134,1471.592243,13.347741,10.917256,24.264997
winter_security,1000,2024-02-21,3428.31214,0.0,3428.31214,0.0,0.0,0.0,0.0,177.831597,287.443832,96.71285,384.156682,1397.439042,69.967524,1467.406566,13.453315,11.151222,24.604537
winter_security,1000,2024-02-22,3428.31214,0.0,3428.31214,0.0,0.0,0.0,0.0,181.259909,284.546494,98.631032,383.177526,1385.438177,71.245605,1456.683782,13.064638,11.383272,24.44791
winter_security,1000,2024-02-23,3428.31214,0.0,3428.31214,0.0,0.0,0.0,0.0,184.688221,280.424198,100.534438,380.958636,1373.100593,72.541605,1445.642198,13.034558,11.612178,24.646736
winter_security,1000,2024-02-24,3428.31214,0.0,3428.31214,0.0,0.0,0.0,0.0,188.116533,278.930096,102.423935,381.354031,1362.913049,73.854503,1436.767552,13.312353,11.838096,25.150449
winter_security,1000,2024-02-25,3428.31214,0.0,3428.31214,0.0,0.0,0.0,0.0,191.544845,281.889546,104.299918,386.189464,1354.737797,75.187439,1429.925236,15.373111,12.057488,27.430599
winter_security,1000,2024-02-26,3428.31214,0.0,3428.31214,0.0,0.0,0.0,0.0,194.973157,284.896153,106.173807,391.06996,1356.978211,76.518585,1433.496796,14.297907,12.280766,26.578673
winter_security,1000,2024-02-27,3428.31214,0.0,3428.31214,0.0,0.0,0.0,0.0,198.40147,280.979742,108.055362,389.035104,1357.440288,77.845778,1435.286066,15.428552,12.500329,27.928881
winter_security,1000,2024-02-28,3428.31214,0.0,3428.31214,0.0,0.0,0.0,0.0,201.829782,276.908055,109.93954,386.847595,1354.374112,79.175382,1433.549494,16.799835,12.714859,29.514694
winter_security,1000,2024-02-29,3428.31214,0.0,3428.31214,0.0,0.0,0.0,0.0,205.258094,273.352806,111.82458,385.177386,1351.162172,80.507624,1431.669796,17.642068,12.92589,30.567958
winter_security,1000,2024-03-01,3235.876185,0.0,3235.876185,0.0,0.0,0.0,0.0,208.49397,270.073603,113.59887,383.672473,1344.612932,81.773062,1426.385994,18.191171,13.122038,31.313209
winter_security,1000,2024-03-02,3235.876185,0.0,3235.876185,0.0,0.0,0.0,0.0,211.729846,267.548927,115.376206,382.925133,1344.21062,83.036881,1427.247501,18.562744,13.316759,31.879503
winter_security,1000,2024-03-03,3235.876185,0.0,3235.876185,0.0,0.0,0.0,0.0,214.965722,263.229948,117.167623,380.397571,1350.232917,84.285954,1434.518871,18.411755,13.512145,31.9239
winter_security,1000,2024-03-04,3235.876185,0.0,3235.876185,0.0,0.0,0.0,0.0,218.201599,261.586321,118.969789,380.55611,1355.707866,85.524382,1441.232248,18.698398,13.707428,32.405826
winter_security,1000,2024-03-05,3235.876185,0.0,3235.876185,0.0,0.0,0.0,0.0,221.437475,260.400471,120.772768,381.173239,1354.738526,86.763794,1441.50232,19.256937,13.900913,33.15785
winter_security,1000,2024-03-06,3235.876185,0.0,3235.876185,0.0,0.0,0.0,0.0,224.673351,260.16008,122.56967,382.72975,1351.950763,88.006215,1439.956978,17.873859,14.097466,31.971325
winter_security,1000,2024-03-07,3235.876185,0.0,3235.876185,0.0,0.0,0.0,0.0,227.909227,258.67518,124.362534,383.037714,1348.756314,89.251775,1438.008089,17.221541,14.294918,31.516459
winter_security,1000,2024-03-08,3235.876185,0.0,3235.876185,0.0,0.0,0.0,0.0,231.145103,257.347856,126.144759,383.492615,1341.276362,90.507791,1431.784153,16.57748,14.492554,31.070034
winter_security,1000,2024-03-09,3235.876185,0.0,3235.876185,0.0,0.0,0.0,0.0,234.380979,252.082268,127.933749,380.016017,1342.554725,91.755017,1434.309742,15.524689,14.692213,30.216902
winter_security,1000,2024-03-10,3235.876185,0.0,3235.876185,0.0,0.0,0.0,0.0,237.616856,244.98212,129.736468,374.718588,1346.489662,92.987679,1439.477341,14.988562,14.892709,29.881271
winter_security,1000,2024-03-11,3235.876185,0.0,3235.876185,0.0,0.0,0.0,0.0,240.852732,239.420932,131.545013,370.965945,1346.426254,94.214194,1440.640448,14.490772,15.093525,29.584297
winter_security,1000,2024-03-12,3235.876185,0.0,3235.876185,0.0,0.0,0.0,0.0,244.088608,234.471648,133.346984,367.818632,1337.893876,95.450158,1433.344034,14.739667,15.291466,30.031133
winter_security,1000,2024-03-13,3235.876185,0.0,3235.876185,0.0,0.0,0.0,0.0,247.324484,229.822564,135.144191,364.966755,1330.789271,96.693306,1427.482577,14.939609,15.486987,30.426596
winter_security,1000,2024-03-14,3235.876185,0.0,3235.876185,0.0,0.0,0.0,0.0,250.56036,225.742825,136.938296,362.681121,1325.374815,97.941192,1423.316007,14.984433,15.680873,30.665306
winter_security,1000,2024-03-15,3235.876185,0.0,3235.876185,0.0,0.0,0.0,0.0,253.796237,222.68446,138.731489,361.415949,1322.726257,99.189824,1421.916081,14.55447,15.874923,30.429393
winter_security,1000,2024-03-16,3235.876185,0.0,3235.876185,0.0,0.0,0.0,0.0,257.032113,221.874723,140.52203,362.396753,1319.968376,100.442421,1420.410797,14.854088,16.067661,30.921749
winter_security,1000,2024-03-17,3235.876185,0.0,3235.876185,0.0,0.0,0.0,0.0,260.267989,219.787121,142.312326,362.099447,1319.03402,101.693455,1420.727475,13.936361,16.262208,30.198569
winter_security,1000,2024-03-18,3235.876185,0.0,3235.876185,0.0,0.0,0.0,0.0,263.503865,218.554113,144.092317,362.64643,1311.731902,102.954253,1414.686155,13.171981,16.457295,29.629276
winter_security,1000,2024-03-19,3235.876185,0.0,3235.876185,0.0,0.0,0.0,0.0,266.739741,215.351973,145.861797,361.21377,1302.070571,104.226926,1406.297497,12.901853,16.651019,29.552872
winter_security,1000,2024-03-20,3235.876185,0.0,3235.876185,0.0,0.0,0.0,0.0,269.975617,212.070469,147.620243,359.690712,1291.671668,105.512493,1397.184161,12.79451,16.842882,29.637392
winter_security,1000,2024-03-21,3235.876185,0.0,3235.876185,0.0,0.0,0.0,0.0,273.211494,207.662926,149.370635,357.033561,1282.230443,106.808149,1389.038592,12.76384,17.032709,29.796549
winter_security,1000,2024-03-22,3235.876185,0.0,3235.876185,0.0,0.0,0.0,0.0,276.44737,201.380566,151.11682,352.497386,1273.823423,108.110258,1381.933681,12.785073,17.220292,30.005365
winter_security,1000,2024-03-23,3235.876185,0.0,3235.876185,0.0,0.0,0.0,0.0,279.683246,198.444121,152.850234,351.294355,1261.903458,109.427393,1371.330851,12.819871,17.405619,30.22549
winter_security,1000,2024-03-24,3235.876185,0.0,3235.876185,0.0,0.0,0.0,0.0,282.919122,193.849096,154.580732,348.429828,1255.737581,110.749021,1366.486602,12.832847,17.589369,30.422216
winter_security,1000,2024-03-25,3235.876185,0.0,3235.876185,0.0,0.0,0.0,0.0,286.154998,192.349243,156.305928,348.655171,1250.835491,112.075997,1362.911488,12.467171,17.773073,30.240244
winter_security,1000,2024-03-26,3235.876185,0.0,3235.876185,0.0,0.0,0.0,0.0,289.390875,189.700346,158.032737,347.733083,1248.463159,113.405052,1361.868211,13.729931,17.953086,31.683017
winter_security,1000,2024-03-27,3235.876185,0.0,3235.876185,0.0,0.0,0.0,0.0,292.626751,191.603917,159.75575,351.359667,1248.498143,114.734771,1363.232914,12.522023,18.13623,30.658253
winter_security,1000,2024-03-28,3235.876185,0.0,3235.876185,0.0,0.0,0.0,0.0,295.862627,192.995652,161.470859,354.466511,1244.152147,116.071985,1360.224132,12.171682,18.319784,30.491466
winter_security,1000,2024-03-29,3235.876185,0.0,3235.876185,0.0,0.0,0.0,0.0,299.098503,193.939961,163.179282,357.119243,1240.319246,117.415446,1357.734692,11.813084,18.503775,30.316859
winter_security,1000,2024-03-30,3235.876185,0.0,3235.876185,0.0,0.0,0.0,0.0,302.334379,195.873437,164.879564,360.753001,1235.848621,118.767541,1354.616162,11.867935,18.687274,30.555209
winter_security,1000,2024-03-31,3235.876185,0.0,3235.876185,0.0,0.0,0.0,0.0,305.570256,417.418055,166.251941,583.669996,1228.959749,120.411926,1349.371675,12.274897,18.906388,31.181285
winter_security,1000,2024-04-01,2097.114554,0.0,2097.114554,0.0,0.0,0.0,0.0,307.66737,415.996415,167.136965,583.13338,1221.229081,121.484104,1342.713185,12.761481,19.046301,31.807782
winter_security,1000,2024-04-02,2097.114554,0.0,2097.114554,0.0,0.0,0.0,0.0,309.764485,412.808077,168.0185,580.826577,1212.292933,122.561851,1334.854784,13.049303,19.184133,32.233436
winter_security,1000,2024-04-03,2097.114554,0.0,2097.114554,0.0,0.0,0.0,0.0,311.861599,410.03956,168.891813,578.931373,1198.273217,123.649801,1321.923018,12.981476,19.319985,32.301461
winter_security,1000,2024-04-04,2097.114554,0.0,2097.114554,0.0,0.0,0.0,0.0,313.958714,407.497631,169.761352,577.258983,1189.571022,124.743511,1314.314533,13.326508,19.453851,32.780359
winter_security,1000,2024-04-05,2097.114554,0.0,2097.114554,0.0,0.0,0.0,0.0,316.055828,405.362871,170.626684,575.989555,1180.943168,125.843072,1306.78624,13.528809,19.586073,33.114882
winter_security,1000,2024-04-06,2097.114554,0.0,2097.114554,0.0,0.0,0.0,0.0,318.152943,404.969505,171.486476,576.455981,1173.90853,126.947782,1300.856312,12.805716,19.718685,32.524401
winter_security,1000,2024-04-07,2097.114554,0.0,2097.114554,0.0,0.0,0.0,0.0,320.250057,406.016182,172.34299,578.359172,1173.464674,128.051619,1301.516293,10.471291,19.855449,30.32674
winter_security,1000,2024-04-08,2097.114554,0.0,2097.114554,0.0,0.0,0.0,0.0,322.347172,404.916596,173.194649,578.111245,1170.009306,129.152977,1299.162283,5.922172,19.999546,25.921718
winter_security,1000,2024-04-09,2097.114554,0.0,2097.114554,0.0,0.0,0.0,0.0,324.444287,404.931549,174.038938,578.970487,1162.619,130.25845,1292.87745,3.480404,20.146898,23.627302
winter_security,1000,2024-04-10,2097.114554,0.0,2097.114554,0.0,0.0,0.0,0.0,326.541401,413.191092,174.879812,588.070904,1165.710684,131.373904,1297.084588,8.112095,20.287685,28.39978
winter_security,1000,2024-04-11,2097.114554,0.0,2097.114554,0.0,0.0,0.0,0.0,328.638516,448.137436,175.712039,623.849475,1196.853462,132.508506,1329.361968,18.461298,20.417971,38.879269
winter_security,1000,2024-04-12,2097.114554,0.0,2097.114554,0.0,0.0,0.0,0.0,330.73563,510.656231,176.537888,687.194119,1267.424322,133.668991,1401.093313,36.096878,20.528751,56.625629
winter_security,1000,2024-04-13,2097.114554,0.0,2097.114554,0.0,0.0,0.0,0.0,332.832745,542.480949,177.375177,719.856126,1323.471119,134.815687,1458.286806,40.056789,20.641881,60.69867
winter_security,1000,2024-04-14,2097.114554,0.0,2097.114554,0.0,0.0,0.0,0.0,334.929859,555.633417,178.225799,733.859216,1356.154637,135.939534,1492.094171,39.081261,20.764526,59.845787
winter_security,1000,2024-04-15,2097.114554,0.0,2097.114554,0.0,0.0,0.0,0.0,337.026974,561.872069,179.08566,740.957729,1377.292806,137.038186,1514.330992,34.937923,20.903128,55.841051
winter_security,1000,2024-04-16,2097.114554,0.0,2097.114554,0.0,0.0,0.0,0.0,339.124088,565.102964,179.947788,745.050752,1389.267434,138.116598,1527.384032,29.487591,21.059703,50.547294
winter_security,1000,2024-04-17,2097.114554,0.0,2097.114554,0.0,0.0,0.0,0.0,341.221203,566.511952,180.810969,747.322921,1397.638012,139.176666,1536.814678,23.996562,21.233568,45.23013
winter_security,1000,2024-04-18,2097.114554,0.0,2097.114554,0.0,0.0,0.0,0.0,343.318317,566.920271,181.677526,748.597797,1405.551615,140.218641,1545.770256,19.399669,21.42215,40.821819
winter_security,1000,2024-04-19,2097.114554,0.0,2097.114554,0.0,0.0,0.0,0.0,345.415432,565.774678,182.550107,748.324785,1412.154059,141.243778,1553.397837,16.001837,21.621547,37.623384
winter_security,1000,2024-04-20,2097.114554,0.0,2097.114554,0.0,0.0,0.0,0.0,347.512547,563.225848,183.426865,746.652713,1414.438203,142.257905,1556.696108,13.46924,21.827777,35.297017
winter_security,1000,2024-04-21,2097.114554,0.0,2097.114554,0.0,0.0,0.0,0.0,349.609661,562.717462,184.304858,747.02232,1415.436696,143.268666,1558.705362,12.741428,22.036137,34.777565
winter_security,1000,2024-04-22,2097.114554,0.0,2097.114554,0.0,0.0,0.0,0.0,351.706776,559.319789,185.192541,744.51233,1417.96281,144.271074,1562.233884,13.134824,22.243161,35.377985
winter_security,1000,2024-04-23,2097.114554,0.0,2097.114554,0.0,0.0,0.0,0.0,353.80389,554.896143,186.082575,740.978718,1413.826717,145.273557,1559.100274,13.094128,22.447759,35.541887
winter_security,1000,2024-04-24,2097.114554,0.0,2097.114554,0.0,0.0,0.0,0.0,355.901005,551.989603,186.972243,738.961846,1410.186955,146.27672,1556.463675,12.503149,22.652042,35.155191
winter_security,1000,2024-04-25,2097.114554,0.0,2097.114554,0.0,0.0,0.0,0.0,357.998119,549.885898,187.871872,737.75777,1415.569343,147.267838,1562.837181,12.087931,22.858409,34.94634
winter_security,1000,2024-04-26,2097.114554,0.0,2097.114554,0.0,0.0,0.0,0.0,360.095234,549.24639,188.781266,738.027656,1420.93278,148.251286,1569.184066,13.368384,23.062682,36.431066
winter_security,1000,2024-04-27,2097.114554,0.0,2097.114554,0.0,0.0,0.0,0.0,362.192348,548.586178,189.69538,738.281558,1423.85975,149.228715,1573.088465,13.141901,23.268254,36.410155
winter_security,1000,2024-04-28,2097.114554,0.0,2097.114554,0.0,0.0,0.0,0.0,364.289463,547.079424,190.613181,737.692605,1425.215368,150.201005,1575.416373,12.599876,23.475277,36.075153
winter_security,1000,2024-04-29,2097.114554,0.0,2097.114554,0.0,0.0,0.0,0.0,366.386578,544.601906,191.53227,736.134176,1423.094481,151.173122,1574.267603,12.501969,23.681185,36.183154
winter_security,1000,2024-04-30,2097.114554,0.0,2097.114554,0.0,0.0,0.0,0.0,368.483692,541.786232,192.44813,734.234362,1417.178593,152.150696,1569.329289,12.369265,23.884865,36.25413
winter_security,1000,2024-05-01,1917.799232,1917.799232,0.0,19000.272768,0.0,0.0,0.0,349.483419,539.743487,182.52485,722.268337,1412.672984,144.305289,1556.978273,12.598696,22.65328,35.251976
winter_security,1000,2024-05-02,1917.799232,1917.799232,0.0,19224.659768,0.0,0.0,0.0,330.25876,538.0412,172.484379,710.525579,1407.916659,136.36723,1544.283889,12.825769,21.407151,34.23292
winter_security,1000,2024-05-03,1917.799232,1917.799232,0.0,19783.273768,0.0,0.0,0.0,310.475486,535.894938,162.152161,698.047099,1399.302653,128.198513,1527.501166,12.756763,20.124812,32.881575
winter_security,1000,2024-05-04,1917.799232,1917.799232,0.0,17912.570768,0.0,0.0,0.0,292.562915,533.408218,152.796955,686.205173,1390.045821,120.802229,1510.84805,12.67596,18.963731,31.639691
winter_security,1000,2024-05-05,1917.799232,1917.799232,0.0,16147.412768,0.0,0.0,0.0,276.415502,530.402762,144.363639,674.766401,1382.5717,114.134796,1496.706496,12.749095,17.917067,30.666162
winter_security,1000,2024-05-06,1917.799232,1917.799232,0.0,19049.386768,0.0,0.0,0.0,257.366116,527.353597,134.414708,661.768305,1377.192957,106.269109,1483.462066,12.964962,16.682299,29.647261
winter_security,1000,2024-05-07,1917.799232,1917.799232,0.0,20316.858768,0.0,0.0,0.0,237.049257,523.641921,123.803813,647.445734,1372.062744,97.88007,1469.942814,12.954935,15.365373,28.320308
winter_security,1000,2024-05-08,1917.799232,1917.799232,0.0,23014.112768,0.0,0.0,0.0,214.035144,519.496622,111.784223,631.280845,1361.874471,88.377307,1450.251778,12.662395,13.873614,26.536009
winter_security,1000,2024-05-09,1917.799232,1917.799232,0.0,20578.506768,0.0,0.0,0.0,193.456637,515.485896,101.036678,616.522574,1352.458755,79.88023,1432.338985,12.826359,12.539729,25.366088
winter_security,1000,2024-05-10,1917.799232,1917.799232,0.0,22953.741768,0.0,0.0,0.0,170.502895,510.745946,89.048618,599.794564,1339.455752,70.402395,1409.858147,13.089409,11.051883,24.141292
winter_security,1000,2024-05-11,1917.799232,1917.799232,0.0,19610.094768,0.0,0.0,0.0,150.892801,505.354987,78.806846,584.161833,1328.654536,62.305185,1390.959721,13.250424,9.78077,23.031194
winter_security,1000,2024-05-12,1917.799232,1917.799232,0.0,20593.902768,0.0,0.0,0.0,130.298898,500.830124,68.051259,568.881383,1317.354074,53.801752,1371.155826,13.016864,8.445887,21.462751
winter_security,1000,2024-05-13,1917.799232,1917.799232,0.0,25710.516768,0.0,0.0,0.0,104.588381,496.057969,54.623417,550.681386,1304.04715,43.185615,1347.232765,12.85172,6.779349,19.631069
winter_security,1000,2024-05-14,1917.799232,1917.799232,0.0,26389.618768,0.0,0.0,0.0,78.198762,490.949957,40.8409,531.790857,1289.758497,32.289071,1322.047568,12.797459,5.068791,17.86625
winter_security,1000,2024-05-15,1917.799232,1917.799232,0.0,25226.034768,0.0,0.0,0.0,52.972728,486.264067,27.666088,513.930155,1275.924632,21.872983,1297.797615,12.642342,3.433657,16.075999
winter_security,1000,2024-05-16,1917.799232,1917.799232,0.0,24389.681768,0.0,0.0,0.0,28.583046,481.673643,14.928079,496.601722,1261.741658,11.802233,1273.543891,12.650009,1.852734,14.502743
winter_security,1000,2024-05-17,1917.799232,1917.799232,0.0,24917.773768,0.0,0.0,0.0,3.665272,477.258048,1.914263,479.172311,1248.309377,1.513428,1249.822805,12.877082,0.23758,13.114662
winter_security,1000,2024-05-18,1917.799232,1917.799232,0.0,3665.272098,0.0,0.0,0.0,0.0,471.586441,0.0,471.586441,1238.847745,0.0,1238.847745,12.901263,0.0,12.901263
winter_security,1000,2024-05-19,1917.799232,1917.799232,0.0,0.0,0.0,0.0,0.0,0.0,468.786869,0.0,468.786869,1231.277418,0.0,1231.277418,13.095307,0.0,13.095307
winter_security,1000,2024-05-20,1917.799232,1917.799232,0.0,0.0,0.0,0.0,0.0,0.0,464.907265,0.0,464.907265,1219.054261,0.0,1219.054261,12.639393,0.0,12.639393
winter_security,1000,2024-05-21,1917.799232,1917.799232,0.0,0.0,0.0,0.0,0.0,0.0,460.96785,0.0,460.96785,1207.191144,0.0,1207.191144,13.197342,0.0,13.197342
winter_security,1000,2024-05-22,1917.799232,1917.799232,0.0,0.0,0.0,0.0,0.0,0.0,456.456789,0.0,456.456789,1199.916722,0.0,1199.916722,13.168442,0.0,13.168442
winter_security,1000,2024-05-23,1917.799232,1917.799232,0.0,0.0,0.0,0.0,0.0,0.0,451.824958,0.0,451.824958,1188.08713,0.0,1188.08713,13.160185,0.0,13.160185
winter_security,1000,2024-05-24,1917.799232,1917.799232,0.0,0.0,0.0,0.0,0.0,0.0,446.507611,0.0,446.507611,1174.960956,0.0,1174.960956,13.003299,0.0,13.003299
winter_security,1000,2024-05-25,1917.799232,1917.799232,0.0,0.0,0.0,0.0,0.0,0.0,441.753859,0.0,441.753859,1160.640234,0.0,1160.640234,12.754993,0.0,12.754993
winter_security,1000,2024-05-26,1917.799232,1917.799232,0.0,0.0,0.0,0.0,0.0,0.0,437.477438,0.0,437.477438,1153.49117,0.0,1153.49117,12.628186,0.0,12.628186
winter_security,1000,2024-05-27,1917.799232,1917.799232,0.0,0.0,0.0,0.0,0.0,0.0,433.421854,0.0,433.421854,1141.131722,0.0,1141.131722,12.756763,0.0,12.756763
winter_security,1000,2024-05-28,1917.799232,1917.799232,0.0,0.0,0.0,0.0,0.0,0.0,428.539281,0.0,428.539281,1124.701775,0.0,1124.701775,12.683038,0.0,12.683038
winter_security,1000,2024-05-29,1917.799232,1917.799232,0.0,0.0,0.0,0.0,0.0,0.0,424.467594,0.0,424.467594,1106.874667,0.0,1106.874667,12.685987,0.0,12.685987
winter_security,1000,2024-05-30,1917.799232,1917.799232,0.0,0.0,0.0,0.0,0.0,0.0,420.259034,0.0,420.259034,1091.582419,0.0,1091.582419,12.605184,0.0,12.605184
winter_security,1000,2024-05-31,1917.799232,1917.799232,0.0,0.0,0.0,0.0,0.0,0.0,416.226454,0.0,416.226454,1081.929834,0.0,1081.929834,12.455375,0.0,12.455375
winter_security,1000,2024-06-01,1472.244394,1472.244394,0.0,0.0,0.0,0.0,0.0,0.0,412.849484,0.0,412.849484,1075.938876,0.0,1075.938876,12.739658,0.0,12.739658
winter_security,1000,2024-06-02,1472.244394,1472.244394,0.0,0.0,0.0,0.0,0.0,0.0,409.80032,0.0,409.80032,1070.614795,0.0,1070.614795,13.425005,0.0,13.425005
winter_security,1000,2024-06-03,1472.244394,1472.244394,0.0,0.0,0.0,0.0,0.0,0.0,405.675724,0.0,405.675724,1061.075178,0.0,1061.075178,13.033378,0.0,13.033378
winter_security,1000,2024-06-04,1472.244394,1472.244394,0.0,0.0,0.0,0.0,0.0,0.0,401.537326,0.0,401.537326,1049.130432,0.0,1049.130432,12.729042,0.0,12.729042
winter_security,1000,2024-06-05,1472.244394,1472.244394,0.0,0.0,0.0,0.0,0.0,0.0,396.576539,0.0,396.576539,1033.449719,0.0,1033.449719,13.258682,0.0,13.258682
winter_security,1000,2024-06-06,1472.244394,1472.244394,0.0,0.0,0.0,0.0,0.0,0.0,391.567445,0.0,391.567445,1019.408867,0.0,1019.408867,13.93754,0.0,13.93754
winter_security,1000,2024-06-07,1472.244394,1472.244394,0.0,0.0,0.0,0.0,0.0,0.0,387.15415,0.0,387.15415,1007.611345,0.0,1007.611345,14.533237,0.0,14.533237
winter_security,1000,2024-06-08,1472.244394,1472.244394,0.0,0.0,0.0,0.0,0.0,0.0,385.011339,0.0,385.011339,996.224152,0.0,996.224152,14.474257,0.0,14.474257
winter_security,1000,2024-06-09,1472.244394,1472.244394,0.0,0.0,0.0,0.0,0.0,0.0,383.822038,0.0,383.822038,986.518362,0.0,986.518362,13.803066,0.0,13.803066
winter_security,1000,2024-06-10,1472.244394,1472.244394,0.0,0.0,0.0,0.0,0.0,0.0,381.557306,0.0,381.557306,980.402046,0.0,980.402046,13.273426,0.0,13.273426
winter_security,1000,2024-06-11,1472.244394,1472.244394,0.0,0.0,0.0,0.0,0.0,0.0,379.345483,0.0,379.345483,971.820837,0.0,971.820837,12.465402,0.0,12.465402
winter_security,1000,2024-06-12,1472.244394,1472.244394,0.0,0.0,0.0,0.0,0.0,0.0,374.619336,0.0,374.619336,960.75287,0.0,960.75287,12.662395,0.0,12.662395
winter_security,1000,2024-06-13,1472.244394,1472.244394,0.0,0.0,0.0,0.0,0.0,0.0,369.402056,0.0,369.402056,949.216997,0.0,949.216997,12.819871,0.0,12.819871
winter_security,1000,2024-06-14,1472.244394,1472.244394,0.0,0.0,0.0,0.0,0.0,0.0,364.717316,0.0,364.717316,940.675873,0.0,940.675873,13.025121,0.0,13.025121
winter_security,1000,2024-06-15,1472.244394,1472.244394,0.0,0.0,0.0,0.0,0.0,0.0,364.050203,0.0,364.050203,935.501201,0.0,935.501201,13.219165,0.0,13.219165
winter_security,1000,2024-06-16,1472.244394,1472.244394,0.0,0.0,0.0,0.0,0.0,0.0,361.42201,0.0,361.42201,937.805023,0.0,937.805023,13.032199,0.0,13.032199
winter_security,1000,2024-06-17,1472.244394,1472.244394,0.0,0.0,0.0,0.0,0.0,0.0,358.684548,0.0,358.684548,935.594491,0.0,935.594491,13.219755,0.0,13.219755
winter_security,1000,2024-06-18,1472.244394,1472.244394,0.0,0.0,0.0,0.0,0.0,0.0,354.319562,0.0,354.319562,929.575838,0.0,929.575838,12.941959,0.0,12.941959
winter_security,1000,2024-06-19,1472.244394,1472.244394,0.0,0.0,0.0,0.0,0.0,0.0,349.671628,0.0,349.671628,928.602854,0.0,928.602854,13.074074,0.0,13.074074
winter_security,1000,2024-06-20,1472.244394,1472.244394,0.0,0.0,0.0,0.0,0.0,0.0,345.689657,0.0,345.689657,920.585028,0.0,920.585028,13.055201,0.0,13.055201
winter_security,1000,2024-06-21,1472.244394,1472.244394,0.0,0.0,0.0,0.0,0.0,0.0,340.19518,0.0,340.19518,914.279217,0.0,914.279217,12.971449,0.0,12.971449
winter_security,1000,2024-06-22,1472.244394,1472.244394,0.0,0.0,0.0,0.0,0.0,0.0,337.384106,0.0,337.384106,906.265035,0.0,906.265035,12.750275,0.0,12.750275
winter_security,1000,2024-06-23,1472.244394,1472.244394,0.0,0.0,0.0,0.0,0.0,0.0,336.715843,0.0,336.715843,899.398756,0.0,899.398756,12.638213,0.0,12.638213
winter_security,1000,2024-06-24,1472.244394,1472.244394,0.0,0.0,0.0,0.0,0.0,0.0,335.643862,0.0,335.643862,889.26806,0.0,889.26806,13.095897,0.0,13.095897
winter_security,1000,2024-06-25,1472.244394,1472.244394,0.0,0.0,0.0,0.0,0.0,0.0,332.090913,0.0,332.090913,877.238042,0.0,877.238042,13.294069,0.0,13.294069
winter_security,1000,2024-06-26,1472.244394,1472.244394,0.0,0.0,0.0,0.0,0.0,0.0,327.511991,0.0,327.511991,868.750852,0.0,868.750852,13.131875,0.0,13.131875
winter_security,1000,2024-06-27,1472.244394,1472.244394,0.0,0.0,0.0,0.0,0.0,0.0,323.804915,0.0,323.804915,863.32765,0.0,863.32765,12.838745,0.0,12.838745
winter_security,1000,2024-06-28,1472.244394,1472.244394,0.0,0.0,0.0,0.0,0.0,0.0,321.908245,0.0,321.908245,856.470117,0.0,856.470117,12.659446,0.0,12.659446
winter_security,1000,2024-06-29,1472.244394,1472.244394,0.0,0.0,0.0,0.0,0.0,0.0,321.253785,0.0,321.253785,847.743871,0.0,847.743871,12.741428,0.0,12.741428
winter_security,1000,2024-06-30,1472.244394,1472.244394,0.0,0.0,0.0,0.0,0.0,0.0,322.862906,0.0,322.862906,836.753889,0.0,836.753889,12.53087,0.0,12.53087
winter_security,1000,2024-07-01,1549.328114,1549.328114,0.0,0.0,0.0,0.0,0.0,0.0,323.163107,0.0,323.163107,833.611187,0.0,833.611187,13.806015,0.0,13.806015
winter_security,1000,2024-07-02,1549.328114,1549.328114,0.0,0.0,0.0,0.0,0.0,0.0,325.568163,0.0,325.568163,834.361878,0.0,834.361878,14.922504,0.0,14.922504
winter_security,1000,2024-07-03,1549.328114,1549.328114,0.0,0.0,0.0,0.0,0.0,0.0,324.708968,0.0,324.708968,828.817691,0.0,828.817691,13.163724,0.0,13.163724
winter_security,1000,2024-07-04,1549.328114,1549.328114,0.0,0.0,0.0,0.0,0.0,0.0,321.774823,0.0,321.774823,825.669888,0.0,825.669888,12.430014,0.0,12.430014
winter_security,1000,2024-07-05,1549.328114,1549.328114,0.0,0.0,0.0,0.0,0.0,0.0,316.487381,0.0,316.487381,820.369858,0.0,820.369858,12.562129,0.0,12.562129
winter_security,1000,2024-07-06,1549.328114,1549.328114,0.0,0.0,0.0,0.0,0.0,0.0,313.470422,0.0,313.470422,815.935674,0.0,815.935674,12.866465,0.0,12.866465
winter_security,1000,2024-07-07,1549.328114,1549.328114,0.0,0.0,0.0,0.0,0.0,0.0,311.14473,0.0,311.14473,811.106467,0.0,811.106467,13.166673,0.0,13.166673
winter_security,1000,2024-07-08,1549.328114,1549.328114,0.0,0.0,0.0,0.0,0.0,0.0,308.284197,0.0,308.284197,802.394069,0.0,802.394069,13.124207,0.0,13.124207
winter_security,1000,2024-07-09,1549.328114,1549.328114,0.0,0.0,0.0,0.0,0.0,0.0,304.102092,0.0,304.102092,786.719186,0.0,786.719186,12.757352,0.0,12.757352
winter_security,1000,2024-07-10,1549.328114,1549.328114,0.0,0.0,0.0,0.0,0.0,0.0,299.365593,0.0,299.365593,771.883913,0.0,771.883913,12.562719,0.0,12.562719
winter_security,1000,2024-07-11,1549.328114,1549.328114,0.0,0.0,0.0,0.0,0.0,0.0,293.037226,0.0,293.037226,759.340071,0.0,759.340071,12.64765,0.0,12.64765
winter_security,1000,2024-07-12,1549.328114,1549.328114,0.0,0.0,0.0,0.0,0.0,0.0,289.294494,0.0,289.294494,751.004477,0.0,751.004477,13.051072,0.0,13.051072
winter_security,1000,2024-07-13,1549.328114,1549.328114,0.0,0.0,0.0,0.0,0.0,0.0,289.50728,0.0,289.50728,738.633367,0.0,738.633367,13.206779,0.0,13.206779
winter_security,1000,2024-07-14,1549.328114,1549.328114,0.0,0.0,0.0,0.0,0.0,0.0,291.367144,0.0,291.367144,725.577889,0.0,725.577889,13.102975,0.0,13.102975
winter_security,1000,2024-07-15,1549.328114,1549.328114,0.0,0.0,0.0,0.0,0.0,0.0,293.565165,0.0,293.565165,713.868555,0.0,713.868555,12.750275,0.0,12.750275
winter_security,1000,2024-07-16,1549.328114,1549.328114,0.0,0.0,0.0,0.0,0.0,0.0,295.686123,0.0,295.686123,695.219329,0.0,695.219329,12.595158,0.0,12.595158
winter_security,1000,2024-07-17,1549.328114,1549.328114,0.0,0.0,0.0,0.0,0.0,0.0,297.736918,0.0,297.736918,674.084075,0.0,674.084075,12.931933,0.0,12.931933
winter_security,1000,2024-07-18,1549.328114,1549.328114,0.0,0.0,0.0,0.0,0.0,0.0,299.956793,0.0,299.956793,653.0924,0.0,653.0924,13.114181,0.0,13.114181
winter_security,1000,2024-07-19,1549.328114,1549.328114,0.0,0.0,0.0,0.0,0.0,0.0,302.535528,0.0,302.535528,631.857296,0.0,631.857296,12.907161,0.0,12.907161
winter_security,1000,2024-07-20,1549.328114,1549.328114,0.0,0.0,0.0,0.0,0.0,0.0,304.707094,0.0,304.707094,610.279644,0.0,610.279644,12.879441,0.0,12.879441
winter_security,1000,2024-07-21,1549.328114,1549.328114,0.0,0.0,0.0,0.0,0.0,0.0,307.28928,0.0,307.28928,593.43791,0.0,593.43791,12.91247,0.0,12.91247
winter_security,1000,2024-07-22,1549.328114,1549.328114,0.0,0.0,0.0,0.0,0.0,0.0,309.923224,0.0,309.923224,574.777023,0.0,574.777023,12.879441,0.0,12.879441
winter_security,1000,2024-07-23,1549.328114,1549.328114,0.0,0.0,0.0,0.0,0.0,0.0,311.326461,0.0,311.326461,554.905555,0.0,554.905555,12.723144,0.0,12.723144
winter_security,1000,2024-07-24,1549.328114,1549.328114,0.0,0.0,0.0,0.0,0.0,0.0,311.853249,0.0,311.853249,532.735367,0.0,532.735367,12.688936,0.0,12.688936
winter_security,1000,2024-07-25,1549.328114,1549.328114,0.0,0.0,0.0,0.0,0.0,0.0,311.638163,0.0,311.638163,515.47893,0.0,515.47893,12.913649,0.0,12.913649
winter_security,1000,2024-07-26,1549.328114,1549.328114,0.0,0.0,0.0,0.0,0.0,0.0,309.01342,0.0,309.01342,499.143002,0.0,499.143002,13.031609,0.0,13.031609
winter_security,1000,2024-07-27,1549.328114,1549.328114,0.0,0.0,0.0,0.0,0.0,0.0,306.589962,0.0,306.589962,487.30758,0.0,487.30758,12.883569,0.0,12.883569
winter_security,1000,2024-07-28,1549.328114,1549.328114,0.0,0.0,0.0,0.0,0.0,0.0,306.351872,0.0,306.351872,476.62662,0.0,476.62662,12.761481,0.0,12.761481
winter_security,1000,2024-07-29,1549.328114,1549.328114,0.0,0.0,0.0,0.0,0.0,0.0,306.239152,0.0,306.239152,469.944005,0.0,469.944005,13.187906,0.0,13.187906
winter_security,1000,2024-07-30,1549.328114,1549.328114,0.0,0.0,0.0,0.0,0.0,0.0,310.01984,0.0,310.01984,466.596503,0.0,466.596503,14.581601,0.0,14.581601
winter_security,1000,2024-07-31,1549.328114,1549.328114,0.0,0.0,0.0,0.0,0.0,0.0,311.364417,0.0,311.364417,458.84397,0.0,458.84397,14.99446,0.0,14.99446
winter_security,1000,2024-08-01,2200.166195,2200.166195,0.0,0.0,0.0,0.0,0.0,0.0,312.442149,0.0,312.442149,448.525238,0.0,448.525238,14.858806,0.0,14.858806
winter_security,1000,2024-08-02,2200.166195,2200.166195,0.0,0.0,0.0,0.0,0.0,0.0,311.953316,0.0,311.953316,439.283711,0.0,439.283711,14.541494,0.0,14.541494
winter_security,1000,2024-08-03,2200.166195,2200.166195,0.0,0.0,0.0,0.0,0.0,0.0,311.050414,0.0,311.050414,430.039998,0.0,430.039998,13.930463,0.0,13.930463
winter_security,1000,2024-08-04,2200.166195,2200.166195,0.0,0.0,0.0,0.0,0.0,0.0,307.147806,0.0,307.147806,421.51418,0.0,421.51418,12.995631,0.0,12.995631
winter_security,1000,2024-08-05,2200.166195,2200.166195,0.0,0.0,0.0,0.0,0.0,0.0,304.899176,0.0,304.899176,408.474007,0.0,408.474007,12.532049,0.0,12.532049
winter_security,1000,2024-08-06,2200.166195,2200.166195,0.0,0.0,0.0,0.0,0.0,0.0,302.774768,0.0,302.774768,393.175929,0.0,393.175929,12.744967,0.0,12.744967
winter_security,1000,2024-08-07,2200.166195,2200.166195,0.0,0.0,0.0,0.0,0.0,0.0,301.299069,0.0,301.299069,371.90074,0.0,371.90074,12.808665,0.0,12.808665
winter_security,1000,2024-08-08,2200.166195,2200.166195,0.0,0.0,0.0,0.0,0.0,0.0,299.833722,0.0,299.833722,355.960564,0.0,355.960564,13.14662,0.0,13.14662
winter_security,1000,2024-08-09,2200.166195,2200.166195,0.0,0.0,0.0,0.0,0.0,0.0,299.188463,0.0,299.188463,342.639065,0.0,342.639065,13.199112,0.0,13.199112
winter_security,1000,2024-08-10,2200.166195,2200.166195,0.0,0.0,0.0,0.0,0.0,0.0,297.657555,0.0,297.657555,335.721039,0.0,335.721039,12.945498,0.0,12.945498
winter_security,1000,2024-08-11,2200.166195,2200.166195,0.0,0.0,0.0,0.0,0.0,0.0,295.713727,0.0,295.713727,329.335785,0.0,329.335785,12.672421,0.0,12.672421
winter_security,1000,2024-08-12,2200.166195,2200.166195,0.0,0.0,0.0,0.0,0.0,0.0,295.234096,0.0,295.234096,324.209945,0.0,324.209945,12.612852,0.0,12.612852
winter_security,1000,2024-08-13,2200.166195,2200.166195,0.0,0.0,0.0,0.0,0.0,0.0,293.975784,0.0,293.975784,316.633788,0.0,316.633788,13.017454,0.0,13.017454
winter_security,1000,2024-08-14,2200.166195,2200.166195,0.0,0.0,0.0,0.0,0.0,0.0,293.235059,0.0,293.235059,308.113801,0.0,308.113801,13.180828,0.0,13.180828
winter_security,1000,2024-08-15,2200.166195,2200.166195,0.0,0.0,0.0,0.0,0.0,0.0,293.876867,0.0,293.876867,302.311609,0.0,302.311609,12.988554,0.0,12.988554
winter_security,1000,2024-08-16,2200.166195,2200.166195,0.0,0.0,0.0,0.0,0.0,0.0,295.913861,0.0,295.913861,299.606932,0.0,299.606932,12.772097,0.0,12.772097
winter_security,1000,2024-08-17,2200.166195,2200.166195,0.0,0.0,0.0,0.0,0.0,0.0,294.412858,0.0,294.412858,301.68336,0.0,301.68336,13.077023,0.0,13.077023
winter_security,1000,2024-08-18,2200.166195,2200.166195,0.0,0.0,0.0,0.0,0.0,0.0,293.432893,0.0,293.432893,306.275699,0.0,306.275699,12.849361,0.0,12.849361
winter_security,1000,2024-08-19,2200.166195,2200.166195,0.0,0.0,0.0,0.0,0.0,0.0,291.470662,0.0,291.470662,308.537978,0.0,308.537978,12.61639,0.0,12.61639
winter_security,1000,2024-08-20,2200.166195,2200.166195,0.0,0.0,0.0,0.0,0.0,0.0,290.013366,0.0,290.013366,303.49158,0.0,303.49158,12.671242,0.0,12.671242
winter_security,1000,2024-08-21,2200.166195,2200.166195,0.0,0.0,0.0,0.0,0.0,0.0,288.859721,0.0,288.859721,296.340329,0.0,296.340329,12.658856,0.0,12.658856
winter_security,1000,2024-08-22,2200.166195,2200.166195,0.0,0.0,0.0,0.0,0.0,0.0,288.121297,0.0,288.121297,291.58692,0.0,291.58692,12.665934,0.0,12.665934
winter_security,1000,2024-08-23,2200.166195,2200.166195,0.0,0.0,0.0,0.0,0.0,0.0,289.616549,0.0,289.616549,297.997682,0.0,297.997682,13.454495,0.0,13.454495
winter_security,1000,2024-08-24,2200.166195,2200.166195,0.0,0.0,0.0,0.0,0.0,0.0,296.707495,0.0,296.707495,311.205485,0.0,311.205485,14.372812,0.0,14.372812
winter_security,1000,2024-08-25,2200.166195,2200.166195,0.0,0.0,0.0,0.0,0.0,0.0,298.445438,0.0,298.445438,321.803358,0.0,321.803358,15.495789,0.0,15.495789
winter_security,1000,2024-08-26,2200.166195,2200.166195,0.0,0.0,0.0,0.0,0.0,0.0,300.567546,0.0,300.567546,333.389521,0.0,333.389521,19.230396,0.0,19.230396
winter_security,1000,2024-08-27,2200.166195,2200.166195,0.0,0.0,0.0,0.0,0.0,0.0,301.452045,0.0,301.452045,343.258567,0.0,343.258567,17.971765,0.0,17.971765
winter_security,1000,2024-08-28,2200.166195,2200.166195,0.0,0.0,0.0,0.0,0.0,0.0,303.062317,0.0,303.062317,353.037239,0.0,353.037239,16.394643,0.0,16.394643
winter_security,1000,2024-08-29,2200.166195,2200.166195,0.0,0.0,0.0,0.0,0.0,0.0,306.478393,0.0,306.478393,362.696384,0.0,362.696384,15.475146,0.0,15.475146
winter_security,1000,2024-08-30,2200.166195,2200.166195,0.0,0.0,0.0,0.0,0.0,0.0,312.798709,0.0,312.798709,374.774505,0.0,374.774505,14.592217,0.0,14.592217
winter_security,1000,2024-08-31,2200.166195,2200.166195,0.0,0.0,0.0,0.0,0.0,0.0,320.877672,0.0,320.877672,385.043677,0.0,385.043677,11.746437,0.0,11.746437
winter_security,1000,2024-09-01,2744.945823,2744.945823,0.0,0.0,0.0,0.0,0.0,0.0,338.346818,0.0,338.346818,398.161834,0.0,398.161834,12.388138,0.0,12.388138
winter_security,1000,2024-09-02,2744.945823,2744.945823,0.0,0.0,0.0,0.0,0.0,0.0,358.627039,0.0,358.627039,415.040739,0.0,415.040739,16.143978,0.0,16.143978
winter_security,1000,2024-09-03,2744.945823,2744.945823,0.0,0.0,0.0,0.0,0.0,0.0,380.527883,0.0,380.527883,432.435653,0.0,432.435653,22.177032,0.0,22.177032
winter_security,1000,2024-09-04,2744.945823,2744.945823,0.0,0.0,0.0,0.0,0.0,0.0,403.439747,0.0,403.439747,452.526498,0.0,452.526498,26.29265,0.0,26.29265
winter_security,1000,2024-09-05,2744.945823,2744.945823,0.0,0.0,0.0,0.0,0.0,0.0,413.031215,0.0,413.031215,470.575898,0.0,470.575898,24.240149,0.0,24.240149
winter_security,1000,2024-09-06,2744.945823,2744.945823,0.0,0.0,0.0,0.0,0.0,0.0,418.879951,0.0,418.879951,485.185236,0.0,485.185236,19.800732,0.0,19.800732
winter_security,1000,2024-09-07,2744.945823,2744.945823,0.0,0.0,0.0,0.0,0.0,0.0,428.06425,0.0,428.06425,496.847925,0.0,496.847925,16.28671,0.0,16.28671
winter_security,1000,2024-09-08,2744.945823,2744.945823,0.0,0.0,0.0,0.0,0.0,0.0,440.842906,0.0,440.842906,508.981437,0.0,508.981437,18.090315,0.0,18.090315
winter_security,1000,2024-09-09,2744.945823,2744.945823,0.0,0.0,0.0,0.0,0.0,0.0,451.248711,0.0,451.248711,522.888185,0.0,522.888185,15.797766,0.0,15.797766
winter_security,1000,2024-09-10,2744.945823,2744.945823,0.0,0.0,0.0,0.0,0.0,0.0,457.7059,0.0,457.7059,537.880157,0.0,537.880157,15.797766,0.0,15.797766
winter_security,1000,2024-09-11,2744.945823,2744.945823,0.0,0.0,0.0,0.0,0.0,0.0,462.735698,0.0,462.735698,551.265064,0.0,551.265064,15.509944,0.0,15.509944
winter_security,1000,2024-09-12,2744.945823,2744.945823,0.0,0.0,0.0,0.0,0.0,0.0,464.987778,0.0,464.987778,563.040722,0.0,563.040722,14.811032,0.0,14.811032
winter_security,1000,2024-09-13,2744.945823,2744.945823,0.0,0.0,0.0,0.0,0.0,0.0,467.333024,0.0,467.333024,576.82357,0.0,576.82357,15.387266,0.0,15.387266
winter_security,1000,2024-09-14,2744.945823,2744.945823,0.0,0.0,0.0,0.0,0.0,0.0,470.474204,0.0,470.474204,592.208379,0.0,592.208379,15.72935,0.0,15.72935
winter_security,1000,2024-09-15,2744.945823,2744.945823,0.0,0.0,0.0,0.0,0.0,0.0,472.52845,0.0,472.52845,604.618845,0.0,604.618845,14.99446,0.0,14.99446
winter_security,1000,2024-09-16,2744.945823,2744.945823,0.0,0.0,0.0,0.0,0.0,0.0,473.725802,0.0,473.725802,616.385757,0.0,616.385757,13.939899,0.0,13.939899
winter_security,1000,2024-09-17,2744.945823,2744.945823,0.0,0.0,0.0,0.0,0.0,0.0,474.373361,0.0,474.373361,623.362089,0.0,623.362089,12.964372,0.0,12.964372
winter_security,1000,2024-09-18,2744.945823,2744.945823,0.0,0.0,0.0,0.0,0.0,0.0,471.608295,0.0,471.608295,628.644627,0.0,628.644627,12.550333,0.0,12.550333
winter_security,1000,2024-09-19,2744.945823,2744.945823,0.0,0.0,0.0,0.0,0.0,0.0,470.447749,0.0,470.447749,637.954663,0.0,637.954663,12.661805,0.0,12.661805
winter_security,1000,2024-09-20,2744.945823,2744.945823,0.0,0.0,0.0,0.0,0.0,0.0,469.2688,0.0,469.2688,647.543111,0.0,647.543111,13.471599,0.0,13.471599
winter_security,1000,2024-09-21,2744.945823,2744.945823,0.0,0.0,0.0,0.0,0.0,0.0,469.97962,0.0,469.97962,656.122863,0.0,656.122863,14.653556,0.0,14.653556
winter_security,1000,2024-09-22,2744.945823,2744.945823,0.0,0.0,0.0,0.0,0.0,0.0,475.300418,0.0,475.300418,663.710681,0.0,663.710681,13.854968,0.0,13.854968
winter_security,1000,2024-09-23,2744.945823,2744.945823,0.0,0.0,0.0,0.0,0.0,0.0,480.659171,0.0,480.659171,669.542025,0.0,669.542025,14.190564,0.0,14.190564
winter_security,1000,2024-09-24,2744.945823,2744.945823,0.0,0.0,0.0,0.0,0.0,0.0,483.564561,0.0,483.564561,677.404611,0.0,677.404611,13.73347,0.0,13.73347
winter_security,1000,2024-09-25,2744.945823,2744.945823,0.0,0.0,0.0,0.0,0.0,0.0,484.462863,0.0,484.462863,684.396248,0.0,684.396248,12.515535,0.0,12.515535
winter_security,1000,2024-09-26,2744.945823,2744.945823,0.0,0.0,0.0,0.0,0.0,0.0,484.628491,0.0,484.628491,692.449058,0.0,692.449058,11.639683,0.0,11.639683
winter_security,1000,2024-09-27,2744.945823,2744.945823,0.0,0.0,0.0,0.0,0.0,0.0,488.543751,0.0,488.543751,703.720368,0.0,703.720368,15.385497,0.0,15.385497
winter_security,1000,2024-09-28,2744.945823,2744.945823,0.0,0.0,0.0,0.0,0.0,0.0,490.96491,0.0,490.96491,714.89693,0.0,714.89693,15.240996,0.0,15.240996
winter_security,1000,2024-09-29,2744.945823,2744.945823,0.0,0.0,0.0,0.0,0.0,0.0,492.501569,0.0,492.501569,726.424057,0.0,726.424057,14.145739,0.0,14.145739
winter_security,1000,2024-09-30,2744.945823,2744.945823,0.0,0.0,0.0,0.0,0.0,0.0,269.857366,0.0,269.857366,737.381242,0.0,737.381242,12.819281,0.0,12.819281
winter_security,1000,2024-10-01,3167.266207,3167.266207,0.0,0.0,0.0,0.0,0.0,0.0,265.507332,0.0,265.507332,745.75838,0.0,745.75838,11.7659,0.0,11.7659
winter_security,1000,2024-10-02,3167.266207,3167.266207,0.0,0.0,0.0,0.0,0.0,0.0,260.587953,0.0,260.587953,755.429186,0.0,755.429186,11.727563,0.0,11.727563
winter_security,1000,2024-10-03,3167.266207,3167.266207,0.0,0.0,0.0,0.0,0.0,0.0,264.673442,0.0,264.673442,771.687858,0.0,771.687858,14.514364,0.0,14.514364
winter_security,1000,2024-10-04,3167.266207,3167.266207,0.0,0.0,0.0,0.0,0.0,0.0,270.598091,0.0,270.598091,786.951682,0.0,786.951682,15.338903,0.0,15.338903
winter_security,1000,2024-10-05,3167.266207,3167.266207,0.0,0.0,0.0,0.0,0.0,0.0,274.818153,0.0,274.818153,800.527543,0.0,800.527543,18.754429,0.0,18.754429
winter_security,1000,2024-10-06,3167.266207,3167.266207,0.0,0.0,0.0,0.0,0.0,0.0,277.94323,0.0,277.94323,813.947434,0.0,813.947434,23.935813,0.0,23.935813
winter_security,1000,2024-10-07,3167.266207,3167.266207,0.0,0.0,0.0,0.0,0.0,0.0,282.785547,0.0,282.785547,823.987026,0.0,823.987026,26.560418,0.0,26.560418
winter_security,1000,2024-10-08,3167.266207,3167.266207,0.0,0.0,0.0,0.0,0.0,0.0,291.592582,0.0,291.592582,832.644762,0.0,832.644762,27.195042,0.0,27.195042
winter_security,1000,2024-10-09,3167.266207,3167.266207,0.0,0.0,0.0,0.0,0.0,0.0,303.02091,0.0,303.02091,841.560503,0.0,841.560503,27.623826,0.0,27.623826
winter_security,1000,2024-10-10,3167.266207,3167.266207,0.0,0.0,0.0,0.0,0.0,0.0,309.242309,0.0,309.242309,849.483581,0.0,849.483581,25.29353,0.0,25.29353
winter_security,1000,2024-10-11,3167.266207,3167.266207,0.0,0.0,0.0,0.0,0.0,0.0,312.936732,0.0,312.936732,856.12028,0.0,856.12028,23.214489,0.0,23.214489
winter_security,1000,2024-10-12,3167.266207,3167.266207,0.0,0.0,0.0,0.0,0.0,0.0,320.150749,0.0,320.150749,860.682737,0.0,860.682737,21.389061,0.0,21.389061
winter_security,1000,2024-10-13,3167.266207,3167.266207,0.0,0.0,0.0,0.0,0.0,0.0,327.089869,0.0,327.089869,865.431773,0.0,865.431773,21.857361,0.0,21.857361
winter_security,1000,2024-10-14,3167.266207,3167.266207,0.0,0.0,0.0,0.0,0.0,0.0,333.330822,0.0,333.330822,869.476034,0.0,869.476034,19.479292,0.0,19.479292
winter_security,1000,2024-10-15,3167.266207,3167.266207,0.0,0.0,0.0,0.0,0.0,0.0,335.022757,0.0,335.022757,871.22449,0.0,871.22449,16.366922,0.0,16.366922
winter_security,1000,2024-10-16,3167.266207,3167.266207,0.0,0.0,0.0,0.0,0.0,0.0,335.282701,0.0,335.282701,870.90818,0.0,870.90818,15.004487,0.0,15.004487
winter_security,1000,2024-10-17,3167.266207,3167.266207,0.0,0.0,0.0,0.0,0.0,0.0,334.847928,0.0,334.847928,865.500283,0.0,865.500283,13.669182,0.0,13.669182
winter_security,1000,2024-10-18,3167.266207,3167.266207,0.0,0.0,0.0,0.0,0.0,0.0,333.25951,0.0,333.25951,860.751246,0.0,860.751246,12.982066,0.0,12.982066
winter_security,1000,2024-10-19,3167.266207,3167.266207,0.0,0.0,0.0,0.0,0.0,0.0,327.241695,0.0,327.241695,862.140391,0.0,862.140391,13.109462,0.0,13.109462
winter_security,1000,2024-10-20,3167.266207,3167.266207,0.0,0.0,0.0,0.0,0.0,0.0,320.472803,0.0,320.472803,867.756003,0.0,867.756003,12.987374,0.0,12.987374
winter_security,1000,2024-10-21,3167.266207,3167.266207,0.0,0.0,0.0,0.0,0.0,0.0,313.913247,0.0,313.913247,873.453243,0.0,873.453243,12.49902,0.0,12.49902
winter_security,1000,2024-10-22,3167.266207,3167.266207,0.0,0.0,0.0,0.0,0.0,0.0,307.564176,0.0,307.564176,876.020172,0.0,876.020172,11.566548,0.0,11.566548
winter_security,1000,2024-10-23,3167.266207,3167.266207,0.0,0.0,0.0,0.0,0.0,0.0,301.830459,0.0,301.830459,880.928093,0.0,880.928093,7.731085,0.0,7.731085
winter_security,1000,2024-10-24,3167.266207,3167.266207,0.0,0.0,0.0,0.0,0.0,0.0,300.05686,0.0,300.05686,893.832704,0.0,893.832704,7.263375,0.0,7.263375
winter_security,1000,2024-10-25,3167.266207,3167.266207,0.0,0.0,0.0,0.0,0.0,0.0,317.689334,0.0,317.689334,916.167607,0.0,916.167607,24.698423,0.0,24.698423
winter_security,1000,2024-10-26,3167.266207,3167.266207,0.0,0.0,0.0,0.0,0.0,0.0,351.425674,0.0,351.425674,949.53185,0.0,949.53185,32.490258,0.0,32.490258
winter_security,1000,2024-10-27,3167.266207,3167.266207,0.0,0.0,0.0,0.0,0.0,0.0,377.37175,0.0,377.37175,974.365901,0.0,974.365901,33.682241,0.0,33.682241
winter_security,1000,2024-10-28,3167.266207,3167.266207,0.0,0.0,0.0,0.0,0.0,0.0,394.348614,0.0,394.348614,990.859256,0.0,990.859256,31.248141,0.0,31.248141
winter_security,1000,2024-10-29,3167.266207,3167.266207,0.0,0.0,0.0,0.0,0.0,0.0,408.61447,0.0,408.61447,1004.899379,0.0,1004.899379,27.893954,0.0,27.893954
winter_security,1000,2024-10-30,3167.266207,3167.266207,0.0,0.0,0.0,0.0,0.0,0.0,417.423806,0.0,417.423806,1018.616632,0.0,1018.616632,25.627356,0.0,25.627356
winter_security,1000,2024-10-31,3167.266207,3167.266207,0.0,0.0,0.0,0.0,0.0,0.0,422.988444,0.0,422.988444,1033.430041,0.0,1033.430041,22.658308,0.0,22.658308
winter_security,1000,2024-11-01,3686.624608,3686.624608,0.0,0.0,0.0,0.0,0.0,0.0,425.990451,0.0,425.990451,1048.510201,0.0,1048.510201,23.830829,0.0,23.830829
winter_security,1000,2024-11-02,3686.624608,3686.624608,0.0,0.0,0.0,0.0,0.0,0.0,430.07709,0.0,430.07709,1062.790837,0.0,1062.790837,26.062628,0.0,26.062628
winter_security,1000,2024-11-03,3686.624608,3092.313,594.311608,0.0,0.0,0.0,0.0,0.594312,430.425599,0.240678,430.666277,1078.244156,0.323128,1078.567284,26.664813,0.030505,26.695318
winter_security,1000,2024-11-04,3686.624608,3686.624608,0.0,46.176392,0.0,0.0,0.0,0.548135,428.642798,0.221978,428.864776,1092.540826,0.298022,1092.838848,24.539177,0.028135,24.567312
winter_security,1000,2024-11-05,3686.624608,3686.624608,0.0,548.135215,0.0,0.0,0.0,0.0,426.585101,0.0,426.585101,1106.357928,0.0,1106.357928,21.295872,0.0,21.295872
winter_security,1000,2024-11-06,3686.624608,3686.624608,0.0,0.0,0.0,0.0,0.0,0.0,425.555677,0.0,425.555677,1119.599986,0.0,1119.599986,18.995656,0.0,18.995656
winter_security,1000,2024-11-07,3686.624608,3686.624608,0.0,0.0,0.0,0.0,0.0,0.0,425.499318,0.0,425.499318,1131.664988,0.0,1131.664988,15.491071,0.0,15.491071
winter_security,1000,2024-11-08,3686.624608,2768.567,918.057608,0.0,0.0,0.0,0.0,0.918058,426.535643,0.387838,426.923481,1147.74437,0.473195,1148.217565,13.795988,0.057025,13.853013
winter_security,1000,2024-11-09,3686.624608,2243.053,1443.571608,0.0,0.0,0.0,0.0,2.361629,452.280435,1.007827,453.288262,1182.072121,1.226536,1183.298657,37.281785,0.127266,37.409051
winter_security,1000,2024-11-10,3686.624608,2166.441,1520.183608,0.0,0.0,0.0,0.0,3.881813,502.609474,1.662241,504.271715,1233.808635,2.033271,1235.841906,55.286579,0.186301,55.47288
winter_security,1000,2024-11-11,3686.624608,3686.624608,0.0,595.016392,0.0,0.0,0.0,3.286796,522.675758,1.407448,524.083206,1278.038959,1.721605,1279.760564,54.161242,0.157744,54.318986
winter_security,1000,2024-11-12,3686.624608,3686.624608,0.0,2046.904392,0.0,0.0,0.0,1.239892,531.256205,0.530937,531.787142,1308.837001,0.649448,1309.486449,49.471161,0.059506,49.530667
winter_security,1000,2024-11-13,3686.624608,3686.624608,0.0,716.477392,0.0,0.0,0.0,0.523415,536.053665,0.224133,536.277798,1330.509401,0.274162,1330.783563,44.365271,0.02512,44.390391
winter_security,1000,2024-11-14,3686.624608,3686.624608,0.0,523.414646,0.0,0.0,0.0,0.0,539.061422,0.0,539.061422,1349.268679,0.0,1349.268679,39.558409,0.0,39.558409
winter_security,1000,2024-11-15,3686.624608,3325.097,361.527608,0.0,0.0,0.0,0.0,0.361528,550.027372,0.163589,550.190961,1369.768396,0.175602,1369.943998,37.058841,0.022336,37.081177
winter_security,1000,2024-11-16,3686.624608,2240.284,1446.340608,0.0,0.0,0.0,0.0,1.807868,564.134501,0.818579,564.95308,1390.279046,0.871243,1391.150289,34.459007,0.118046,34.577053
winter_security,1000,2024-11-17,3686.624608,2237.171,1449.453608,0.0,0.0,0.0,0.0,3.257322,571.705078,1.47954,573.184618,1410.821763,1.555417,1412.37718,30.132831,0.222365,30.355196
winter_security,1000,2024-11-18,3686.624608,2576.192,1110.432608,0.0,0.0,0.0,0.0,4.367754,574.794499,1.991332,576.785831,1430.474584,2.066889,1432.541473,24.870644,0.309534,25.180178
winter_security,1000,2024-11-19,3686.624608,2680.226,1006.398608,0.0,0.0,0.0,0.0,5.374153,576.668165,2.459311,579.127476,1446.027023,2.520594,1448.547617,20.290855,0.394248,20.685103
winter_security,1000,2024-11-20,3686.624608,2725.872,960.752608,0.0,0.0,0.0,0.0,6.334906,577.41004,2.908812,580.318852,1457.076769,2.946217,1460.022986,16.096794,0.479877,16.576671
winter_security,1000,2024-11-21,3686.624608,2471.993,1214.631608,0.0,0.0,0.0,0.0,7.549537,575.729607,3.481367,579.210974,1464.577128,3.476991,1468.054119,13.991212,0.591179,14.582391
winter_security,1000,2024-11-22,3686.624608,2539.781,1146.843608,0.0,0.0,0.0,0.0,8.696381,573.763925,4.025682,577.789607,1469.872785,3.97315,1473.845935,13.138952,0.697549,13.836501
winter_security,1000,2024-11-23,3686.624608,1866.447,1820.177608,0.0,0.0,0.0,0.0,10.516558,571.094325,4.893373,575.987698,1471.368338,4.756687,1476.125025,12.944319,0.866498,13.810817
winter_security,1000,2024-11-24,3686.624608,3045.187,641.437608,0.0,0.0,0.0,0.0,11.157996,567.617288,5.200424,572.817712,1471.483492,5.031805,1476.515297,13.048713,0.925767,13.97448
winter_security,1000,2024-11-25,3686.624608,3618.655,67.969608,0.0,0.0,0.0,0.0,11.225966,563.567455,5.233252,568.800707,1476.13268,5.060638,1481.193318,12.659446,0.932076,13.591522
winter_security,1000,2024-11-26,3686.624608,3082.769,603.855608,0.0,0.0,0.0,0.0,11.829821,559.538326,5.527031,565.065357,1478.974376,5.314693,1484.289069,12.592209,0.988097,13.580306
winter_security,1000,2024-11-27,3686.624608,3686.624608,0.0,1183.942392,0.0,0.0,0.0,10.645879,556.815817,4.973879,561.789696,1476.824337,4.782792,1481.607129,12.512586,0.889207,13.401793
winter_security,1000,2024-11-28,3686.624608,3686.624608,0.0,1965.388392,0.0,0.0,0.0,8.680491,557.300048,4.055627,561.355675,1475.93371,3.899817,1479.833527,12.191145,0.725046,12.916191
winter_security,1000,2024-11-29,3686.624608,3686.624608,0.0,1499.522392,0.0,0.0,0.0,7.180968,556.48111,3.355033,559.836143,1478.405162,3.226139,1481.631301,12.481326,0.599797,13.081123
winter_security,1000,2024-11-30,3686.624608,2037.891,1648.733608,0.0,0.0,0.0,0.0,8.829702,555.394177,4.165144,559.559321,1484.27805,3.911997,1488.190047,12.788022,0.752561,13.540583
winter_security,1000,2024-12-01,3888.080998,1865.197,2022.883998,0.0,0.0,0.0,0.0,10.852586,554.633899,5.170484,559.804383,1494.792109,4.739661,1499.53177,12.50138,0.942441,13.443821
winter_security,1000,2024-12-02,3888.080998,3888.080998,0.0,840.928002,0.0,0.0,0.0,10.011658,552.592304,4.769841,557.362145,1501.609556,4.372402,1505.981958,12.582772,0.869415,13.452187
winter_security,1000,2024-12-03,3888.080998,3888.080998,0.0,143.971002,0.0,0.0,0.0,9.867687,550.587516,4.701249,555.288765,1505.338235,4.309525,1509.64776,12.946678,0.856912,13.80359
winter_security,1000,2024-12-04,3888.080998,3888.080998,0.0,152.655002,0.0,0.0,0.0,9.715032,550.094083,4.62852,554.722603,1513.565963,4.242856,1517.808819,15.719913,0.843656,16.563569
winter_security,1000,2024-12-05,3888.080998,3492.548,395.532998,0.0,0.0,0.0,0.0,10.110565,554.068003,4.833773,558.901776,1528.627173,4.397123,1533.024296,18.801023,0.879669,19.680692
winter_security,1000,2024-12-06,3888.080998,3888.080998,0.0,350.583002,0.0,0.0,0.0,9.759982,558.920672,4.666162,563.586834,1549.076601,4.244653,1553.321254,17.339501,0.849166,18.188667
winter_security,1000,2024-12-07,3888.080998,2493.363,1394.717998,0.0,0.0,0.0,0.0,11.1547,560.80584,5.413548,566.219388,1568.980138,4.750442,1573.73058,13.423825,0.990709,14.414534
winter_security,1000,2024-12-08,3888.080998,2323.79,1564.290998,0.0,0.0,0.0,0.0,12.718991,561.881271,6.267776,568.149047,1587.814485,5.295577,1593.110062,11.895656,1.155638,13.051294
winter_security,1000,2024-12-09,3888.080998,3269.917,618.163998,0.0,0.0,0.0,0.0,13.337155,565.85059,6.611593,572.462183,1603.957274,5.504913,1609.462187,14.514364,1.220649,15.735013
winter_security,1000,2024-12-10,3888.080998,3089.807,798.273998,0.0,0.0,0.0,0.0,14.135429,571.079372,7.059108,578.13848,1614.266532,5.770437,1620.036969,14.871782,1.305884,16.177666
winter_security,1000,2024-12-11,3888.080998,3888.080998,0.0,411.923002,0.0,0.0,0.0,13.723506,571.72003,6.853397,578.573427,1619.60519,5.60228,1625.20747,12.898314,1.267829,14.166143
winter_security,1000,2024-12-12,3888.080998,3888.080998,0.0,3183.081002,0.0,0.0,0.0,10.540425,569.488654,5.263795,574.752449,1620.308508,4.302866,1624.611374,11.616681,0.973764,12.590445
winter_security,1000,2024-12-13,3888.080998,3182.089,705.991998,0.0,0.0,0.0,0.0,11.246417,565.511283,5.66406,571.175343,1621.303357,4.531815,1625.835172,13.170801,1.050541,14.221342
winter_security,1000,2024-12-14,3888.080998,1892.331,1995.749998,0.0,0.0,0.0,0.0,13.242167,563.766439,6.81889,570.585329,1634.146746,5.158153,1639.304899,15.64029,1.265123,16.905413
winter_security,1000,2024-12-15,3888.080998,1939.625,1948.455998,0.0,0.0,0.0,0.0,15.190623,570.515777,7.982928,578.498705,1655.063352,5.745746,1660.809098,24.574565,1.461949,26.036514
winter_security,1000,2024-12-16,3888.080998,3888.080998,0.0,228.038002,0.0,0.0,0.0,14.962585,576.920057,7.86309,584.783147,1676.611123,5.659492,1682.270615,23.823751,1.440002,25.263753
winter_security,1000,2024-12-17,3888.080998,1931.968,1956.112998,0.0,0.0,0.0,0.0,16.918698,579.197442,9.085997,588.283439,1697.471609,6.17342,1703.645029,21.4504,1.65928,23.10968
winter_security,1000,2024-12-18,3888.080998,1901.339,1986.741998,0.0,0.0,0.0,0.0,18.90544,578.159967,10.357148,588.517115,1715.512264,6.655353,1722.167617,19.238654,1.892939,21.131593
winter_security,1000,2024-12-19,3888.080998,1543.331,2344.749998,0.0,0.0,0.0,0.0,21.25019,575.082047,11.881461,586.963508,1727.371737,7.189252,1734.560989,16.795706,2.179476,18.975182
winter_security,1000,2024-12-20,3888.080998,2628.882,1259.198998,0.0,0.0,0.0,0.0,22.509389,571.603861,12.711578,584.315439,1736.893133,7.460328,1744.353461,15.070544,2.337483,17.408027
winter_security,1000,2024-12-21,3888.080998,2254.907,1633.173998,0.0,0.0,0.0,0.0,24.142563,569.336828,13.806148,583.142976,1747.243934,7.791053,1755.034987,14.831675,2.545362,17.377037
winter_security,1000,2024-12-22,3888.080998,2036.176,1851.904998,0.0,0.0,0.0,0.0,25.994468,566.520003,15.071335,581.591338,1758.588855,8.13951,1766.728365,15.025719,2.783623,17.809342
winter_security,1000,2024-12-23,3888.080998,2022.988,1865.092998,0.0,0.0,0.0,0.0,27.859561,562.961303,16.353814,579.315117,1761.245429,8.482558,1769.727987,15.05344,3.023188,18.076628
winter_security,1000,2024-12-24,3888.080998,2014.282,1873.798998,0.0,0.0,0.0,0.0,29.73336,558.602068,17.643944,576.246012,1759.156611,8.830232,1767.986843,16.027788,3.259184,19.286972
winter_security,1000,2024-12-25,3888.080998,2047.353,1840.727998,0.0,0.0,0.0,0.0,31.574088,554.555685,18.910665,573.46635,1757.070708,9.174313,1766.245021,15.942857,3.48911,19.431967
winter_security,1000,2024-12-26,3888.080998,2182.42,1705.660998,0.0,0.0,0.0,0.0,33.279749,551.432909,20.095611,571.52852,1762.068275,9.481323,1771.549598,15.918675,3.702814,19.621489
winter_security,1000,2024-12-27,3888.080998,2067.668,1820.412998,0.0,0.0,0.0,0.0,35.100162,551.67675,21.370919,573.047669,1768.801179,9.793445,1778.594624,14.875321,3.935798,18.811119
winter_security,1000,2024-12-28,3888.080998,2547.943,1340.137998,0.0,0.0,0.0,0.0,36.4403,552.837296,22.313593,575.150889,1771.943881,10.018329,1781.96221,14.908939,4.108377,19.017316
winter_security,1000,2024-12-29,3888.080998,2769.536,1118.544998,0.0,0.0,0.0,0.0,37.558845,549.658159,23.105009,572.763168,1775.027548,10.200585,1785.228133,14.335654,4.253251,18.588905
winter_security,1000,2024-12-30,3888.080998,2538.884,1349.196998,0.0,0.0,0.0,0.0,38.908042,547.299111,24.066485,571.365596,1778.286862,10.414161,1788.701023,14.804545,4.427396,19.231941
winter_security,1000,2024-12-31,3888.080998,3510.916,377.164998,0.0,0.0,0.0,0.0,39.285207,547.144985,24.336832,571.481817,1781.938285,10.472072,1792.410357,14.880039,4.476302,19.356341
winter_security,1500,2024-01-01,5121.147181,0.0,5121.147181,0.0,0.0,0.0,0.0,5.121147,156.869209,2.668212,159.537421,1173.727052,2.178701,1175.905753,13.077023,0.274235,13.351258
winter_security,1500,2024-01-02,5121.147181,0.0,5121.147181,0.0,0.0,0.0,0.0,10.242294,165.885579,5.333815,171.219394,1180.355005,4.357528,1184.712533,13.108283,0.550951,13.659234
winter_security,1500,2024-01-03,5121.147181,0.0,5121.147181,0.0,0.0,0.0,0.0,15.363442,169.62371,7.995537,177.619247,1181.145053,6.540179,1187.685232,13.347151,0.827726,14.174877
winter_security,1500,2024-01-04,5121.147181,0.0,5121.147181,0.0,0.0,0.0,0.0,20.484589,168.623041,10.659321,179.282362,1181.771845,8.720039,1190.491884,13.077023,1.105229,14.182252
winter_security,1500,2024-01-05,5121.147181,0.0,5121.147181,0.0,0.0,0.0,0.0,25.605736,167.150793,13.32932,180.480113,1184.511505,10.892721,1195.404226,12.82223,1.383695,14.205925
winter_security,1500,2024-01-06,5121.147181,0.0,5121.147181,0.0,0.0,0.0,0.0,30.726883,166.277796,16.002607,182.280403,1185.1485,13.063874,1198.212374,13.404952,1.660402,15.065354
winter_security,1500,2024-01-07,5121.147181,0.0,5121.147181,0.0,0.0,0.0,0.0,35.84803,165.897081,18.679782,184.576863,1187.195046,15.230808,1202.425854,13.388437,1.93744,15.325877
winter_security,1500,2024-01-08,5121.147181,0.0,5121.147181,0.0,0.0,0.0,0.0,40.969177,164.069423,21.357711,185.427134,1185.781851,17.398143,1203.179994,13.592508,2.213323,15.805831
winter_security,1500,2024-01-09,5121.147181,0.0,5121.147181,0.0,0.0,0.0,0.0,46.090325,163.40116,24.034166,187.435326,1184.802307,19.565664,1204.367971,13.065227,2.490494,15.555721
winter_security,1500,2024-01-10,5121.147181,0.0,5121.147181,0.0,0.0,0.0,0.0,51.211472,160.648746,26.706259,187.355005,1179.176492,21.740307,1200.916799,13.515834,2.764906,16.28074
winter_security,1500,2024-01-11,5121.147181,0.0,5121.147181,0.0,0.0,0.0,0.0,56.332619,160.154163,29.377405,189.531568,1178.446936,23.915208,1202.362144,13.215036,3.040007,16.255043
winter_security,1500,2024-01-12,5121.147181,0.0,5121.147181,0.0,0.0,0.0,0.0,61.453766,157.198164,32.047036,189.2452,1174.822479,26.092699,1200.915178,13.20383,3.314031,16.517861
winter_security,1500,2024-01-13,5121.147181,0.0,5121.147181,0.0,0.0,0.0,0.0,66.574913,153.305908,34.716425,188.022333,1171.180531,28.271458,1199.451989,13.123028,3.58703,16.710058
winter_security,1500,2024-01-14,5121.147181,0.0,5121.147181,0.0,0.0,0.0,0.0,71.696061,150.408569,37.397919,187.806488,1176.181741,30.436899,1206.61864,12.834616,3.861243,16.695859
winter_security,1500,2024-01-15,5121.147181,0.0,5121.147181,0.0,0.0,0.0,0.0,76.817208,148.343971,40.091176,188.435147,1180.658197,32.592391,1213.250588,13.576583,4.133641,17.710224
winter_security,1500,2024-01-16,5121.147181,0.0,5121.147181,0.0,0.0,0.0,0.0,81.938355,147.650404,42.778264,190.428668,1176.881415,34.753146,1211.634561,13.023352,4.406945,17.430297
winter_security,1500,2024-01-17,5121.147181,0.0,5121.147181,0.0,0.0,0.0,0.0,87.059502,145.240747,45.458424,190.699171,1171.10619,36.920449,1208.026639,12.434732,4.680629,17.115361
winter_security,1500,2024-01-18,5121.147181,0.0,5121.147181,0.0,0.0,0.0,0.0,92.180649,142.212287,48.13073,190.343017,1165.314202,39.091927,1204.406129,10.701903,4.957992,15.659895
winter_security,1500,2024-01-19,5121.147181,0.0,5121.147181,0.0,0.0,0.0,0.0,97.301796,147.561839,50.801599,198.363438,1169.327123,41.263296,1210.590419,10.723725,5.236901,15.960626
winter_security,1500,2024-01-20,5121.147181,0.0,5121.147181,0.0,0.0,0.0,0.0,102.422944,192.373397,53.511528,245.884925,1215.454584,43.433302,1258.887886,27.633853,5.478114,33.111967
winter_security,1500,2024-01-21,5121.147181,0.0,5121.147181,0.0,0.0,0.0,0.0,107.544091,224.966444,56.285264,281.251708,1273.137597,45.538843,1318.67644,31.907536,5.719984,37.62752
winter_security,1500,2024-01-22,5121.147181,0.0,5121.147181,0.0,0.0,0.0,0.0,112.665238,237.908427,59.083495,296.991922,1300.21352,47.597951,1347.811471,27.782482,5.983792,33.766274
winter_security,1500,2024-01-23,5121.147181,0.0,5121.147181,0.0,0.0,0.0,0.0,117.786385,256.091844,61.887725,317.979569,1319.627285,49.63802,1369.265305,26.287931,6.260639,32.54857
winter_security,1500,2024-01-24,5121.147181,0.0,5121.147181,0.0,0.0,0.0,0.0,122.907532,271.925415,64.710461,336.635876,1342.787949,51.644792,1394.432741,24.622929,6.55228,31.175209
winter_security,1500,2024-01-25,5121.147181,0.0,5121.147181,0.0,0.0,0.0,0.0,128.02868,277.05528,67.540507,344.595787,1354.315077,53.624663,1407.93974,20.529134,6.86351,27.392644
winter_security,1500,2024-01-26,5121.147181,0.0,5121.147181,0.0,0.0,0.0,0.0,133.149827,279.576505,70.363765,349.94027,1359.29661,55.58661,1414.88322,14.589268,7.199451,21.788719
winter_security,1500,2024-01-27,5121.147181,0.0,5121.147181,0.0,0.0,0.0,0.0,138.270974,295.399724,73.187993,368.587717,1370.925045,57.546567,1428.471612,16.25722,7.536413,23.793633
winter_security,1500,2024-01-28,5121.147181,0.0,5121.147181,0.0,0.0,0.0,0.0,143.392121,317.933175,76.047826,393.981001,1402.432236,59.46092,1461.893156,17.647376,7.883376,25.530752
winter_security,1500,2024-01-29,5121.147181,0.0,5121.147181,0.0,0.0,0.0,0.0,148.513268,328.736947,78.939298,407.676245,1426.209488,61.32073,1487.530218,14.792749,8.25324,23.045989
winter_security,1500,2024-01-30,5121.147181,0.0,5121.147181,0.0,0.0,0.0,0.0,153.634415,336.543314,81.838073,418.381387,1435.444455,63.16557,1498.610025,14.34863,8.630772,22.979402
winter_security,1500,2024-01-31,5121.147181,0.0,5121.147181,0.0,0.0,0.0,0.0,158.755563,338.372122,84.738627,423.110749,1437.456746,65.007549,1502.464295,14.405841,9.009387,23.415228
winter_security,1500,2024-02-01,5142.46821,0.0,5142.46821,0.0,0.0,0.0,0.0,163.898031,337.903993,87.648102,425.552095,1436.749055,66.857139,1503.606194,13.580122,9.39279,22.972912
winter_security,1500,2024-02-02,5142.46821,0.0,5142.46821,0.0,0.0,0.0,0.0,169.040499,339.219815,90.541802,429.761617,1433.003613,68.718446,1501.722059,12.460683,9.780251,22.240934
winter_security,1500,2024-02-03,5142.46821,0.0,5142.46821,0.0,0.0,0.0,0.0,174.182967,341.576563,93.427403,435.003966,1431.976696,70.586684,1502.56338,12.304387,10.16888,22.473267
winter_security,1500,2024-02-04,5142.46821,0.0,5142.46821,0.0,0.0,0.0,0.0,179.325435,344.427894,96.314884,440.742778,1434.889089,72.450996,1507.340085,12.316183,10.559556,22.875739
winter_security,1500,2024-02-05,5142.46821,0.0,5142.46821,0.0,0.0,0.0,0.0,184.467904,345.021394,99.205422,444.226816,1436.396303,74.311823,1510.708126,12.394036,10.950659,23.344695
winter_security,1500,2024-02-06,5142.46821,0.0,5142.46821,0.0,0.0,0.0,0.0,189.610372,342.412754,102.09124,444.503994,1432.907408,76.178389,1509.085797,12.11919,11.340744,23.459934
winter_security,1500,2024-02-07,5142.46821,0.0,5142.46821,0.0,0.0,0.0,0.0,194.75284,338.30196,104.978687,443.280647,1430.04822,78.046978,1508.095198,12.363367,11.727175,24.090542
winter_security,1500,2024-02-08,5142.46821,0.0,5142.46821,0.0,0.0,0.0,0.0,199.895308,333.548209,107.863547,441.411756,1424.767868,79.924526,1504.692394,12.976168,12.107235,25.083403
winter_security,1500,2024-02-09,5142.46821,0.0,5142.46821,0.0,0.0,0.0,0.0,205.037776,329.194724,110.750462,439.945186,1422.163769,81.802306,1503.966075,12.933702,12.485008,25.41871
winter_security,1500,2024-02-10,5142.46821,0.0,5142.46821,0.0,0.0,0.0,0.0,210.180245,324.615802,113.637391,438.253193,1418.591059,83.68295,1502.274009,12.934292,12.859904,25.794196
winter_security,1500,2024-02-11,5142.46821,0.0,5142.46821,0.0,0.0,0.0,0.0,215.322713,324.264993,116.51712,440.782113,1415.816415,85.571151,1501.387566,12.768559,13.234442,26.003001
winter_security,1500,2024-02-12,5142.46821,0.0,5142.46821,0.0,0.0,0.0,0.0,220.465181,320.907577,119.382594,440.290171,1407.776724,87.477927,1495.254651,12.847592,13.60466,26.452252
winter_security,1500,2024-02-13,5142.46821,0.0,5142.46821,0.0,0.0,0.0,0.0,225.607649,315.080694,122.23282,437.313514,1397.307124,89.405762,1486.712886,12.905982,13.969067,26.875049
winter_security,1500,2024-02-14,5142.46821,0.0,5142.46821,0.0,0.0,0.0,0.0,230.750118,308.863895,125.075205,433.9391,1389.190907,91.346656,1480.537563,13.009197,14.328257,27.337454
winter_security,1500,2024-02-15,5142.46821,0.0,5142.46821,0.0,0.0,0.0,0.0,235.892586,303.050815,127.91561,430.966425,1384.287359,93.290558,1477.577917,12.44122,14.686418,27.127638
winter_security,1500,2024-02-16,5142.46821,0.0,5142.46821,0.0,0.0,0.0,0.0,241.035054,297.664456,130.764574,428.42903,1381.913569,95.234198,1477.147767,13.772986,15.036282,28.809268
winter_security,1500,2024-02-17,5142.46821,0.0,5142.46821,0.0,0.0,0.0,0.0,246.177522,298.171692,133.620274,431.791966,1385.083238,97.169163,1482.252401,13.598406,15.388086,28.986492
winter_security,1500,2024-02-18,5142.46821,0.0,5142.46821,0.0,0.0,0.0,0.0,251.31999,297.360805,136.504964,433.865769,1395.782418,99.070189,1494.852607,13.209728,15.744837,28.954565
winter_security,1500,2024-02-19,5142.46821,0.0,5142.46821,0.0,0.0,0.0,0.0,256.462459,294.999457,139.418973,434.41843,1405.080793,100.938261,1506.019054,12.915419,16.105225,29.020644
winter_security,1500,2024-02-20,5142.46821,0.0,5142.46821,0.0,0.0,0.0,0.0,261.604927,290.506799,142.337537,432.844336,1402.884109,102.805966,1505.690075,13.347741,16.461424,29.809165
winter_security,1500,2024-02-21,5142.46821,0.0,5142.46821,0.0,0.0,0.0,0.0,266.747395,287.443832,145.247921,432.691753,1397.439042,104.68515,1502.124192,13.453315,16.814324,30.267639
winter_security,1500,2024-02-22,5142.46821,0.0,5142.46821,0.0,0.0,0.0,0.0,271.889863,284.546494,148.130963,432.677457,1385.438177,106.594813,1492.03299,13.064638,17.164087,30.228725
winter_security,1500,2024-02-23,5142.46821,0.0,5142.46821,0.0,0.0,0.0,0.0,277.032331,280.424198,150.989919,431.414117,1373.100593,108.533695,1481.634288,13.034558,17.508718,30.543276
winter_security,1500,2024-02-24,5142.46821,0.0,5142.46821,0.0,0.0,0.0,0.0,282.1748,278.930096,153.826219,432.756315,1362.913049,110.500104,1473.413153,13.312353,17.848477,31.16083
winter_security,1500,2024-02-25,5142.46821,0.0,5142.46821,0.0,0.0,0.0,0.0,287.317268,281.889546,156.640506,438.530052,1354.737797,112.499155,1467.236952,15.373111,18.177607,33.550718
winter_security,1500,2024-02-26,5142.46821,0.0,5142.46821,0.0,0.0,0.0,0.0,292.459736,284.896153,159.451376,444.347529,1356.978211,114.495283,1471.473494,14.297907,18.513077,32.810984
winter_security,1500,2024-02-27,5142.46821,0.0,5142.46821,0.0,0.0,0.0,0.0,297.602204,280.979742,162.274779,443.254521,1357.440288,116.48495,1473.925238,15.428552,18.842475,34.271027
winter_security,1500,2024-02-28,5142.46821,0.0,5142.46821,0.0,0.0,0.0,0.0,302.744672,276.908055,165.102469,442.010524,1354.374112,118.47857,1472.852682,16.799835,19.163634,35.963469
winter_security,1500,2024-02-29,5142.46821,0.0,5142.46821,0.0,0.0,0.0,0.0,307.887141,273.352806,167.931565,441.284371,1351.162172,120.476518,1471.63869,17.642068,19.479058,37.121126
winter_security,1500,2024-03-01,4853.814277,0.0,4853.814277,0.0,0.0,0.0,0.0,312.740955,270.073603,170.593739,440.667342,1344.612932,122.375412,1466.988344,18.191171,19.771804,37.962975
winter_security,1500,2024-03-02,4853.814277,0.0,4853.814277,0.0,0.0,0.0,0.0,317.594769,267.548927,173.260919,440.809846,1344.21062,124.271643,1468.482263,18.562744,20.062207,38.624951
winter_security,1500,2024-03-03,4853.814277,0.0,4853.814277,0.0,0.0,0.0,0.0,322.448584,263.229948,175.951287,439.181235,1350.232917,126.143593,1476.37651,18.411755,20.353703,38.765458
winter_security,1500,2024-03-04,4853.814277,0.0,4853.814277,0.0,0.0,0.0,0.0,327.302398,261.586321,178.659405,440.245726,1355.707866,127.997972,1483.705838,18.698398,20.645021,39.343419
winter_security,1500,2024-03-05,4853.814277,0.0,4853.814277,0.0,0.0,0.0,0.0,332.156212,260.400471,181.36886,441.769331,1354.738526,129.853981,1484.592507,19.256937,20.933372,40.190309
winter_security,1500,2024-03-06,4853.814277,0.0,4853.814277,0.0,0.0,0.0,0.0,337.010026,260.16008,184.068235,444.228315,1351.950763,131.714983,1483.665746,17.873859,21.226808,39.100667
winter_security,1500,2024-03-07,4853.814277,0.0,4853.814277,0.0,0.0,0.0,0.0,341.863841,258.67518,186.760898,445.436078,1348.756314,133.581202,1482.337516,17.221541,21.521741,38.743282
winter_security,1500,2024-03-08,4853.814277,0.0,4853.814277,0.0,0.0,0.0,0.0,346.717655,257.347856,189.435881,446.783737,1341.276362,135.464786,1476.741148,16.57748,21.816988,38.394468
winter_security,1500,2024-03-09,4853.814277,0.0,4853.814277,0.0,0.0,0.0,0.0,351.571469,252.082268,192.122095,444.204363,1342.554725,137.333769,1479.888494,15.524689,22.115605,37.640294
winter_security,1500,2024-03-10,4853.814277,0.0,4853.814277,0.0,0.0,0.0,0.0,356.425283,244.98212,194.831139,439.813259,1346.489662,139.17853,1485.668192,14.988562,22.415615,37.404177
winter_security,1500,2024-03-11,4853.814277,0.0,4853.814277,0.0,0.0,0.0,0.0,361.279098,239.420932,197.549861,436.970793,1346.426254,141.013073,1487.439327,14.490772,22.716164,37.206936
winter_security,1500,2024-03-12,4853.814277,0.0,4853.814277,0.0,0.0,0.0,0.0,366.132912,234.471648,200.257553,434.729201,1337.893876,142.863432,1480.757308,14.739667,23.011928,37.751595
winter_security,1500,2024-03-13,4853.814277,0.0,4853.814277,0.0,0.0,0.0,0.0,370.986726,229.822564,202.957249,432.779813,1330.789271,144.725809,1475.51508,14.939609,23.303668,38.243277
winter_security,1500,2024-03-14,4853.814277,0.0,4853.814277,0.0,0.0,0.0,0.0,375.840541,225.742825,205.651733,431.394558,1325.374815,146.596115,1471.97093,14.984433,23.592692,38.577125
winter_security,1500,2024-03-15,4853.814277,0.0,4853.814277,0.0,0.0,0.0,0.0,380.694355,222.68446,208.344674,431.029134,1322.726257,148.467679,1471.193936,14.55447,23.882002,38.436472
winter_security,1500,2024-03-16,4853.814277,0.0,4853.814277,0.0,0.0,0.0,0.0,385.548169,221.874723,211.033166,432.907889,1319.968376,150.345883,1470.314259,14.854088,24.16912,39.023208
winter_security,1500,2024-03-17,4853.814277,0.0,4853.814277,0.0,0.0,0.0,0.0,390.401983,219.787121,213.721239,433.50836,1319.03402,152.221468,1471.255488,13.936361,24.459276,38.395637
winter_security,1500,2024-03-18,4853.814277,0.0,4853.814277,0.0,0.0,0.0,0.0,395.255798,218.554113,216.392,434.946113,1311.731902,154.113445,1465.845347,13.171981,24.750353,37.922334
winter_security,1500,2024-03-19,4853.814277,0.0,4853.814277,0.0,0.0,0.0,0.0,400.109612,215.351973,219.045107,434.39708,1302.070571,156.025345,1458.095916,12.901853,25.039161,37.941014
winter_security,1500,2024-03-20,4853.814277,0.0,4853.814277,0.0,0.0,0.0,0.0,404.963426,212.070469,221.679699,433.750168,1291.671668,157.958862,1449.63053,12.79451,25.324865,38.119375
winter_security,1500,2024-03-21,4853.814277,0.0,4853.814277,0.0,0.0,0.0,0.0,409.817241,207.662926,224.300797,431.963723,1282.230443,159.909268,1442.139711,12.76384,25.607176,38.371016
winter_security,1500,2024-03-22,4853.814277,0.0,4853.814277,0.0,0.0,0.0,0.0,414.671055,201.380566,226.914884,428.29545,1273.823423,161.870426,1435.693849,12.785073,25.885745,38.670818
winter_security,1500,2024-03-23,4853.814277,0.0,4853.814277,0.0,0.0,0.0,0.0,419.524869,198.444121,229.507566,427.951687,1261.903458,163.856745,1425.760203,12.819871,26.160558,38.980429
winter_security,1500,2024-03-24,4853.814277,0.0,4853.814277,0.0,0.0,0.0,0.0,424.378683,193.849096,232.095412,425.944508,1255.737581,165.850522,1421.588103,12.832847,26.432749,39.265596
winter_security,1500,2024-03-25,4853.814277,0.0,4853.814277,0.0,0.0,0.0,0.0,429.232498,192.349243,234.674376,427.023619,1250.835491,167.853241,1418.688732,12.467171,26.704881,39.172052
winter_security,1500,2024-03-26,4853.814277,0.0,4853.814277,0.0,0.0,0.0,0.0,434.086312,189.700346,237.256089,426.956435,1248.463159,169.859425,1418.322584,13.729931,26.970799,40.70073
winter_security,1500,2024-03-27,4853.814277,0.0,4853.814277,0.0,0.0,0.0,0.0,438.940126,191.603917,239.831381,431.435298,1248.498143,171.866739,1420.364882,12.522023,27.242005,39.764028
winter_security,1500,2024-03-28,4853.814277,0.0,4853.814277,0.0,0.0,0.0,0.0,443.79394,192.995652,242.393328,435.38898,1244.152147,173.886697,1418.038844,12.171682,27.513915,39.685597
winter_security,1500,2024-03-29,4853.814277,0.0,4853.814277,0.0,0.0,0.0,0.0,448.647755,193.939961,244.943979,438.88394,1240.319246,175.9172,1416.236446,11.813084,27.786575,39.599659
winter_security,1500,2024-03-30,4853.814277,0.0,4853.814277,0.0,0.0,0.0,0.0,453.501569,195.873437,247.480843,443.35428,1235.848621,177.962318,1413.810939,11.867935,28.058409,39.926344
winter_security,1500,2024-03-31,4853.814277,0.0,4853.814277,0.0,0.0,0.0,0.0,458.355383,417.418055,249.441855,666.85991,1228.959749,180.521885,1409.481634,12.274897,28.391643,40.66654
winter_security,1500,2024-04-01,3145.671831,0.0,3145.671831,0.0,0.0,0.0,0.0,461.501055,415.996415,250.705672,666.702087,1221.229081,182.191459,1403.42054,12.761481,28.603923,41.365404
winter_security,1500,2024-04-02,3145.671831,0.0,3145.671831,0.0,0.0,0.0,0.0,464.646727,412.808077,251.964202,664.772279,1212.292933,183.869987,1396.16292,13.049303,28.812538,41.861841
winter_security,1500,2024-04-03,3145.671831,0.0,3145.671831,0.0,0.0,0.0,0.0,467.792399,410.03956,253.209515,663.249075,1198.273217,185.565222,1383.838439,12.981476,29.017662,41.999138
winter_security,1500,2024-04-04,3145.671831,0.0,3145.671831,0.0,0.0,0.0,0.0,470.938071,407.497631,254.448982,661.946613,1189.571022,187.269784,1376.840806,13.326508,29.219304,42.545812
winter_security,1500,2024-04-05,3145.671831,0.0,3145.671831,0.0,0.0,0.0,0.0,474.083742,405.362871,255.681819,661.04469,1180.943168,188.983854,1369.927022,13.528809,29.418069,42.946878
winter_security,1500,2024-04-06,3145.671831,0.0,3145.671831,0.0,0.0,0.0,0.0,477.229414,404.969505,256.905537,661.875042,1173.90853,190.706365,1364.614895,12.805716,29.617512,42.423228
winter_security,1500,2024-04-07,3145.671831,0.0,3145.671831,0.0,0.0,0.0,0.0,480.375086,406.016182,258.123647,664.139829,1173.464674,192.427232,1365.891906,10.471291,29.824207,40.295498
winter_security,1500,2024-04-08,3145.671831,0.0,3145.671831,0.0,0.0,0.0,0.0,483.520758,404.916596,259.333897,664.250493,1170.009306,194.143158,1364.152464,5.922172,30.043703,35.965875
winter_security,1500,2024-04-09,3145.671831,0.0,3145.671831,0.0,0.0,0.0,0.0,486.66643,404.931549,260.531945,665.463494,1162.619,195.865633,1358.484633,3.480404,30.268852,33.749256
winter_security,1500,2024-04-10,3145.671831,0.0,3145.671831,0.0,0.0,0.0,0.0,489.812102,413.191092,261.722863,674.913955,1165.710684,197.606685,1363.317369,8.112095,30.482554,38.594649
winter_security,1500,2024-04-11,3145.671831,0.0,3145.671831,0.0,0.0,0.0,0.0,492.957773,448.137436,262.892278,711.029714,1196.853462,199.387697,1396.241159,18.461298,30.677799,49.139097
winter_security,1500,2024-04-12,3145.671831,0.0,3145.671831,0.0,0.0,0.0,0.0,496.103445,510.656231,264.033549,774.68978,1267.424322,201.232781,1468.657103,36.096878,30.837115,66.933993
winter_security,1500,2024-04-13,3145.671831,0.0,3145.671831,0.0,0.0,0.0,0.0,499.249117,542.480949,265.182271,807.66322,1323.471119,203.066964,1526.538083,40.056789,30.999882,71.056671
winter_security,1500,2024-04-14,3145.671831,0.0,3145.671831,0.0,0.0,0.0,0.0,502.394789,555.633417,266.348449,821.981866,1356.154637,204.865872,1561.020509,39.081261,31.180468,70.261729
winter_security,1500,2024-04-15,3145.671831,0.0,3145.671831,0.0,0.0,0.0,0.0,505.540461,561.872069,267.528071,829.40014,1377.292806,206.620326,1583.913132,34.937923,31.392064,66.329987
winter_security,1500,2024-04-16,3145.671831,0.0,3145.671831,0.0,0.0,0.0,0.0,508.686133,565.102964,268.71017,833.813134,1389.267434,208.336907,1597.604341,29.487591,31.639055,61.126646
winter_security,1500,2024-04-17,3145.671831,0.0,3145.671831,0.0,0.0,0.0,0.0,511.831804,566.511952,269.89346,836.405412,1397.638012,210.01805,1607.656062,23.996562,31.920295,55.916857
winter_security,1500,2024-04-18,3145.671831,0.0,3145.671831,0.0,0.0,0.0,0.0,514.977476,566.920271,271.08266,838.002931,1405.551615,211.663932,1617.215547,19.399669,32.230884,51.630553
winter_security,1500,2024-04-19,3145.671831,0.0,3145.671831,0.0,0.0,0.0,0.0,518.123148,565.774678,272.283429,838.058107,1412.154059,213.276596,1625.430655,16.001837,32.563124,48.564961
winter_security,1500,2024-04-20,3145.671831,0.0,3145.671831,0.0,0.0,0.0,0.0,521.26882,563.225848,273.493108,836.718956,1414.438203,214.866888,1629.305091,13.46924,32.908824,46.378064
winter_security,1500,2024-04-21,3145.671831,0.0,3145.671831,0.0,0.0,0.0,0.0,524.414492,562.717462,274.705309,837.422771,1415.436696,216.450413,1631.887109,12.741428,33.258769,46.000197
winter_security,1500,2024-04-22,3145.671831,0.0,3145.671831,0.0,0.0,0.0,0.0,527.560164,559.319789,275.937053,835.256842,1417.96281,218.017112,1635.979922,13.134824,33.605999,46.740823
winter_security,1500,2024-04-23,3145.671831,0.0,3145.671831,0.0,0.0,0.0,0.0,530.705835,554.896143,277.175151,832.071294,1413.826717,219.582924,1633.409641,13.094128,33.94776,47.041888
winter_security,1500,2024-04-24,3145.671831,0.0,3145.671831,0.0,0.0,0.0,0.0,533.851507,551.989603,278.413831,830.403434,1410.186955,221.149256,1631.336211,12.503149,34.28842,46.791569
winter_security,1500,2024-04-25,3145.671831,0.0,3145.671831,0.0,0.0,0.0,0.0,536.997179,549.885898,279.672032,829.55793,1415.569343,222.691685,1638.261028,12.087931,34.633462,46.721393
winter_security,1500,2024-04-26,3145.671831,0.0,3145.671831,0.0,0.0,0.0,0.0,540.142851,549.24639,280.948933,830.195323,1420.93278,224.219238,1645.152018,13.368384,34.97468,48.343064
winter_security,1500,2024-04-27,3145.671831,0.0,3145.671831,0.0,0.0,0.0,0.0,543.288523,548.586178,282.23508,830.821258,1423.85975,225.734763,1649.594513,13.141901,35.318679,48.46058
winter_security,1500,2024-04-28,3145.671831,0.0,3145.671831,0.0,0.0,0.0,0.0,546.434195,547.079424,283.528864,830.608288,1425.215368,227.239741,1652.455109,12.599876,35.665589,48.265465
winter_security,1500,2024-04-29,3145.671831,0.0,3145.671831,0.0,0.0,0.0,0.0,549.579866,544.601906,284.826046,829.427952,1423.094481,228.743935,1651.838416,12.501969,36.009885,48.511854
winter_security,1500,2024-04-30,3145.671831,0.0,3145.671831,0.0,0.0,0.0,0.0,552.725538,541.786232,286.118061,827.904293,1417.178593,230.25845,1647.437043,12.369265,36.349028,48.718293
winter_security,1500,2024-05-01,2876.698849,2876.698849,0.0,18041.373151,0.0,0.0,0.0,534.684165,539.743487,276.778954,816.522441,1412.672984,222.742642,1635.415626,12.598696,35.162568,47.761264
winter_security,1500,2024-05-02,2876.698849,2876.698849,0.0,18265.760151,0.0,0.0,0.0,516.418405,538.0412,267.323694,805.364894,1407.916659,215.133358,1623.050017,12.825769,33.961353,46.787122
winter_security,1500,2024-05-03,2876.698849,2876.698849,0.0,18824.374151,0.0,0.0,0.0,497.594031,535.894938,257.579267,793.474205,1399.302653,207.291363,1606.594016,12.756763,32.723401,45.480164
winter_security,1500,2024-05-04,2876.698849,2876.698849,0.0,16953.671151,0.0,0.0,0.0,480.64036,533.408218,248.803209,782.211427,1390.045821,200.228678,1590.274499,12.67596,31.608472,44.284432
winter_security,1500,2024-05-05,2876.698849,2876.698849,0.0,15188.513151,0.0,0.0,0.0,465.451846,530.402762,240.940884,771.343646,1382.5717,193.901336,1576.473036,12.749095,30.609626,43.358721
winter_security,1500,2024-05-06,2876.698849,2876.698849,0.0,18090.487151,0.0,0.0,0.0,447.361359,527.353597,231.576353,758.92995,1377.192957,186.365069,1563.558026,12.964962,29.419937,42.384899
winter_security,1500,2024-05-07,2876.698849,2876.698849,0.0,19357.959151,0.0,0.0,0.0,428.0034,523.641921,221.555717,745.197638,1372.062744,178.300789,1550.363533,12.954935,28.146895,41.10183
winter_security,1500,2024-05-08,2876.698849,2876.698849,0.0,22055.213151,0.0,0.0,0.0,405.948187,519.496622,210.138848,729.63547,1361.874471,169.112867,1530.987338,12.662395,26.696472,39.358867
winter_security,1500,2024-05-09,2876.698849,2876.698849,0.0,19619.607151,0.0,0.0,0.0,386.32858,515.485896,199.98277,715.468666,1352.458755,160.939587,1513.398342,12.826359,25.406223,38.232582
winter_security,1500,2024-05-10,2876.698849,2876.698849,0.0,21994.842151,0.0,0.0,0.0,364.333738,510.745946,188.597152,699.343098,1339.455752,151.776815,1491.232567,13.089409,23.959771,37.04918
winter_security,1500,2024-05-11,2876.698849,2876.698849,0.0,18651.195151,0.0,0.0,0.0,345.682543,505.354987,178.942372,684.297359,1328.654536,144.006963,1472.661499,13.250424,22.733207,35.983631
winter_security,1500,2024-05-12,2876.698849,2876.698849,0.0,19635.003151,0.0,0.0,0.0,326.047539,500.830124,168.778324,669.608448,1317.354074,135.82727,1453.181344,13.016864,21.441946,34.45881
winter_security,1500,2024-05-13,2876.698849,2876.698849,0.0,24751.617151,0.0,0.0,0.0,301.295922,496.057969,155.965663,652.023632,1304.04715,125.51606,1429.56321,12.85172,19.814199,32.665919
winter_security,1500,2024-05-14,2876.698849,2876.698849,0.0,25430.719151,0.0,0.0,0.0,275.865203,490.949957,142.801466,633.751423,1289.758497,114.921945,1404.680442,12.797459,18.141792,30.939251
winter_security,1500,2024-05-15,2876.698849,2876.698849,0.0,24267.135151,0.0,0.0,0.0,251.598068,486.264067,130.239597,616.503664,1275.924632,104.812564,1380.737196,12.642342,16.545907,29.188249
winter_security,1500,2024-05-16,2876.698849,2876.698849,0.0,23430.782151,0.0,0.0,0.0,228.167286,481.673643,118.110666,599.784309,1261.741658,95.051598,1356.793256,12.650009,15.005022,27.655031
winter_security,1500,2024-05-17,2876.698849,2876.698849,0.0,23958.874151,0.0,0.0,0.0,204.208412,477.258048,105.708368,582.966416,1248.309377,85.070635,1333.380012,12.877082,13.429409,26.306491
winter_security,1500,2024-05-18,2876.698849,2876.698849,0.0,20481.934151,0.0,0.0,0.0,183.726477,471.586441,95.105907,566.692348,1238.847745,76.538121,1315.385866,12.901263,12.08245,24.983713
winter_security,1500,2024-05-19,2876.698849,2876.698849,0.0,23962.503151,0.0,0.0,0.0,159.763974,468.786869,82.701731,551.4886,1231.277418,66.555646,1297.833064,13.095307,10.506598,23.601905
winter_security,1500,2024-05-20,2876.698849,2876.698849,0.0,25165.513151,0.0,0.0,0.0,134.598461,464.907265,69.674817,534.582082,1219.054261,56.072012,1275.126273,12.639393,8.851632,21.491025
winter_security,1500,2024-05-21,2876.698849,2876.698849,0.0,20474.284151,0.0,0.0,0.0,114.124177,460.96785,59.076315,520.044165,1207.191144,47.542685,1254.733829,13.197342,7.505177,20.702519
winter_security,1500,2024-05-22,2876.698849,2876.698849,0.0,18598.023151,0.0,0.0,0.0,95.526154,456.456789,49.449059,505.905848,1199.916722,39.794984,1239.711706,13.168442,6.28211,19.450552
winter_security,1500,2024-05-23,2876.698849,2876.698849,0.0,23936.676151,0.0,0.0,0.0,71.589478,451.824958,37.058252,488.88321,1188.08713,29.823269,1217.910399,13.160185,4.707957,17.868142
winter_security,1500,2024-05-24,2876.698849,2876.698849,0.0,24130.122151,0.0,0.0,0.0,47.459356,446.507611,24.567308,471.074919,1174.960956,19.770966,1194.731922,13.003299,3.121081,16.12438
winter_security,1500,2024-05-25,2876.698849,2876.698849,0.0,21602.256151,0.0,0.0,0.0,25.857099,441.753859,13.384913,455.138772,1160.640234,10.77174,1171.411974,12.754993,1.700447,14.45544
winter_security,1500,2024-05-26,2876.698849,2876.698849,0.0,19188.098151,0.0,0.0,0.0,6.669001,437.477438,3.452205,440.929643,1153.49117,2.778221,1156.269391,12.628186,0.438575,13.066761
winter_security,1500,2024-05-27,2876.698849,2876.698849,0.0,6669.001285,0.0,0.0,0.0,0.0,433.421854,0.0,433.421854,1141.131722,-0.0,1141.131722,12.756763,0.0,12.756763
winter_security,1500,2024-05-28,2876.698849,2876.698849,0.0,0.0,0.0,0.0,0.0,0.0,428.539281,0.0,428.539281,1124.701775,0.0,1124.701775,12.683038,0.0,12.683038
winter_security,1500,2024-05-29,2876.698849,2876.698849,0.0,0.0,0.0,0.0,0.0,0.0,424.467594,0.0,424.467594,1106.874667,0.0,1106.874667,12.685987,0.0,12.685987
winter_security,1500,2024-05-30,2876.698849,2876.698849,0.0,0.0,0.0,0.0,0.0,0.0,420.259034,0.0,420.259034,1091.582419,0.0,1091.582419,12.605184,0.0,12.605184
winter_security,1500,2024-05-31,2876.698849,2876.698849,0.0,0.0,0.0,0.0,0.0,0.0,416.226454,0.0,416.226454,1081.929834,0.0,1081.929834,12.455375,0.0,12.455375
winter_security,1500,2024-06-01,2208.36659,2208.36659,0.0,0.0,0.0,0.0,0.0,0.0,412.849484,0.0,412.849484,1075.938876,0.0,1075.938876,12.739658,0.0,12.739658
winter_security,1500,2024-06-02,2208.36659,2208.36659,0.0,0.0,0.0,0.0,0.0,0.0,409.80032,0.0,409.80032,1070.614795,0.0,1070.614795,13.425005,0.0,13.425005
winter_security,1500,2024-06-03,2208.36659,2208.36659,0.0,0.0,0.0,0.0,0.0,0.0,405.675724,0.0,405.675724,1061.075178,0.0,1061.075178,13.033378,0.0,13.033378
winter_security,1500,2024-06-04,2208.36659,2208.36659,0.0,0.0,0.0,0.0,0.0,0.0,401.537326,0.0,401.537326,1049.130432,0.0,1049.130432,12.729042,0.0,12.729042
winter_security,1500,2024-06-05,2208.36659,2208.36659,0.0,0.0,0.0,0.0,0.0,0.0,396.576539,0.0,396.576539,1033.449719,0.0,1033.449719,13.258682,0.0,13.258682
winter_security,1500,2024-06-06,2208.36659,2208.36659,0.0,0.0,0.0,0.0,0.0,0.0,391.567445,0.0,391.567445,1019.408867,0.0,1019.408867,13.93754,0.0,13.93754
winter_security,1500,2024-06-07,2208.36659,2208.36659,0.0,0.0,0.0,0.0,0.0,0.0,387.15415,0.0,387.15415,1007.611345,0.0,1007.611345,14.533237,0.0,14.533237
winter_security,1500,2024-06-08,2208.36659,2208.36659,0.0,0.0,0.0,0.0,0.0,0.0,385.011339,0.0,385.011339,996.224152,0.0,996.224152,14.474257,0.0,14.474257
winter_security,1500,2024-06-09,2208.36659,2208.36659,0.0,0.0,0.0,0.0,0.0,0.0,383.822038,0.0,383.822038,986.518362,0.0,986.518362,13.803066,0.0,13.803066
winter_security,1500,2024-06-10,2208.36659,2208.36659,0.0,0.0,0.0,0.0,0.0,0.0,381.557306,0.0,381.557306,980.402046,0.0,980.402046,13.273426,0.0,13.273426
winter_security,1500,2024-06-11,2208.36659,2208.36659,0.0,0.0,0.0,0.0,0.0,0.0,379.345483,0.0,379.345483,971.820837,0.0,971.820837,12.465402,0.0,12.465402
winter_security,1500,2024-06-12,2208.36659,2208.36659,0.0,0.0,0.0,0.0,0.0,0.0,374.619336,0.0,374.619336,960.75287,0.0,960.75287,12.662395,0.0,12.662395
winter_security,1500,2024-06-13,2208.36659,2208.36659,0.0,0.0,0.0,0.0,0.0,0.0,369.402056,0.0,369.402056,949.216997,0.0,949.216997,12.819871,0.0,12.819871
winter_security,1500,2024-06-14,2208.36659,2208.36659,0.0,0.0,0.0,0.0,0.0,0.0,364.717316,0.0,364.717316,940.675873,0.0,940.675873,13.025121,0.0,13.025121
winter_security,1500,2024-06-15,2208.36659,2208.36659,0.0,0.0,0.0,0.0,0.0,0.0,364.050203,0.0,364.050203,935.501201,0.0,935.501201,13.219165,0.0,13.219165
winter_security,1500,2024-06-16,2208.36659,2208.36659,0.0,0.0,0.0,0.0,0.0,0.0,361.42201,0.0,361.42201,937.805023,0.0,937.805023,13.032199,0.0,13.032199
winter_security,1500,2024-06-17,2208.36659,2208.36659,0.0,0.0,0.0,0.0,0.0,0.0,358.684548,0.0,358.684548,935.594491,0.0,935.594491,13.219755,0.0,13.219755
winter_security,1500,2024-06-18,2208.36659,2208.36659,0.0,0.0,0.0,0.0,0.0,0.0,354.319562,0.0,354.319562,929.575838,0.0,929.575838,12.941959,0.0,12.941959
winter_security,1500,2024-06-19,2208.36659,2208.36659,0.0,0.0,0.0,0.0,0.0,0.0,349.671628,0.0,349.671628,928.602854,0.0,928.602854,13.074074,0.0,13.074074
winter_security,1500,2024-06-20,2208.36659,2208.36659,0.0,0.0,0.0,0.0,0.0,0.0,345.689657,0.0,345.689657,920.585028,0.0,920.585028,13.055201,0.0,13.055201
winter_security,1500,2024-06-21,2208.36659,2208.36659,0.0,0.0,0.0,0.0,0.0,0.0,340.19518,0.0,340.19518,914.279217,0.0,914.279217,12.971449,0.0,12.971449
winter_security,1500,2024-06-22,2208.36659,2208.36659,0.0,0.0,0.0,0.0,0.0,0.0,337.384106,0.0,337.384106,906.265035,0.0,906.265035,12.750275,0.0,12.750275
winter_security,1500,2024-06-23,2208.36659,2208.36659,0.0,0.0,0.0,0.0,0.0,0.0,336.715843,0.0,336.715843,899.398756,0.0,899.398756,12.638213,0.0,12.638213
winter_security,1500,2024-06-24,2208.36659,2208.36659,0.0,0.0,0.0,0.0,0.0,0.0,335.643862,0.0,335.643862,889.26806,0.0,889.26806,13.095897,0.0,13.095897
winter_security,1500,2024-06-25,2208.36659,2208.36659,0.0,0.0,0.0,0.0,0.0,0.0,332.090913,0.0,332.090913,877.238042,0.0,877.238042,13.294069,0.0,13.294069
winter_security,1500,2024-06-26,2208.36659,2208.36659,0.0,0.0,0.0,0.0,0.0,0.0,327.511991,0.0,327.511991,868.750852,0.0,868.750852,13.131875,0.0,13.131875
winter_security,1500,2024-06-27,2208.36659,2208.36659,0.0,0.0,0.0,0.0,0.0,0.0,323.804915,0.0,323.804915,863.32765,0.0,863.32765,12.838745,0.0,12.838745
winter_security,1500,2024-06-28,2208.36659,2208.36659,0.0,0.0,0.0,0.0,0.0,0.0,321.908245,0.0,321.908245,856.470117,0.0,856.470117,12.659446,0.0,12.659446
winter_security,1500,2024-06-29,2208.36659,2208.36659,0.0,0.0,0.0,0.0,0.0,0.0,321.253785,0.0,321.253785,847.743871,0.0,847.743871,12.741428,0.0,12.741428
winter_security,1500,2024-06-30,2208.36659,2208.36659,0.0,0.0,0.0,0.0,0.0,0.0,322.862906,0.0,322.862906,836.753889,0.0,836.753889,12.53087,0.0,12.53087
winter_security,1500,2024-07-01,2323.992171,2323.992171,0.0,0.0,0.0,0.0,0.0,0.0,323.163107,0.0,323.163107,833.611187,0.0,833.611187,13.806015,0.0,13.806015
winter_security,1500,2024-07-02,2323.992171,2323.992171,0.0,0.0,0.0,0.0,0.0,0.0,325.568163,0.0,325.568163,834.361878,0.0,834.361878,14.922504,0.0,14.922504
winter_security,1500,2024-07-03,2323.992171,2323.992171,0.0,0.0,0.0,0.0,0.0,0.0,324.708968,0.0,324.708968,828.817691,0.0,828.817691,13.163724,0.0,13.163724
winter_security,1500,2024-07-04,2323.992171,2323.992171,0.0,0.0,0.0,0.0,0.0,0.0,321.774823,0.0,321.774823,825.669888,0.0,825.669888,12.430014,0.0,12.430014
winter_security,1500,2024-07-05,2323.992171,2323.992171,0.0,0.0,0.0,0.0,0.0,0.0,316.487381,0.0,316.487381,820.369858,0.0,820.369858,12.562129,0.0,12.562129
winter_security,1500,2024-07-06,2323.992171,2323.992171,0.0,0.0,0.0,0.0,0.0,0.0,313.470422,0.0,313.470422,815.935674,0.0,815.935674,12.866465,0.0,12.866465
winter_security,1500,2024-07-07,2323.992171,2323.992171,0.0,0.0,0.0,0.0,0.0,0.0,311.14473,0.0,311.14473,811.106467,0.0,811.106467,13.166673,0.0,13.166673
winter_security,1500,2024-07-08,2323.992171,2323.992171,0.0,0.0,0.0,0.0,0.0,0.0,308.284197,0.0,308.284197,802.394069,0.0,802.394069,13.124207,0.0,13.124207
winter_security,1500,2024-07-09,2323.992171,2323.992171,0.0,0.0,0.0,0.0,0.0,0.0,304.102092,0.0,304.102092,786.719186,0.0,786.719186,12.757352,0.0,12.757352
winter_security,1500,2024-07-10,2323.992171,2323.992171,0.0,0.0,0.0,0.0,0.0,0.0,299.365593,0.0,299.365593,771.883913,0.0,771.883913,12.562719,0.0,12.562719
winter_security,1500,2024-07-11,2323.992171,2323.992171,0.0,0.0,0.0,0.0,0.0,0.0,293.037226,0.0,293.037226,759.340071,0.0,759.340071,12.64765,0.0,12.64765
winter_security,1500,2024-07-12,2323.992171,2323.992171,0.0,0.0,0.0,0.0,0.0,0.0,289.294494,0.0,289.294494,751.004477,0.0,751.004477,13.051072,0.0,13.051072
winter_security,1500,2024-07-13,2323.992171,2323.992171,0.0,0.0,0.0,0.0,0.0,0.0,289.50728,0.0,289.50728,738.633367,0.0,738.633367,13.206779,0.0,13.206779
winter_security,1500,2024-07-14,2323.992171,2323.992171,0.0,0.0,0.0,0.0,0.0,0.0,291.367144,0.0,291.367144,725.577889,0.0,725.577889,13.102975,0.0,13.102975
winter_security,1500,2024-07-15,2323.992171,2323.992171,0.0,0.0,0.0,0.0,0.0,0.0,293.565165,0.0,293.565165,713.868555,0.0,713.868555,12.750275,0.0,12.750275
winter_security,1500,2024-07-16,2323.992171,2323.992171,0.0,0.0,0.0,0.0,0.0,0.0,295.686123,0.0,295.686123,695.219329,0.0,695.219329,12.595158,0.0,12.595158
winter_security,1500,2024-07-17,2323.992171,2323.992171,0.0,0.0,0.0,0.0,0.0,0.0,297.736918,0.0,297.736918,674.084075,0.0,674.084075,12.931933,0.0,12.931933
winter_security,1500,2024-07-18,2323.992171,2323.992171,0.0,0.0,0.0,0.0,0.0,0.0,299.956793,0.0,299.956793,653.0924,0.0,653.0924,13.114181,0.0,13.114181
winter_security,1500,2024-07-19,2323.992171,2323.992171,0.0,0.0,0.0,0.0,0.0,0.0,302.535528,0.0,302.535528,631.857296,0.0,631.857296,12.907161,0.0,12.907161
winter_security,1500,2024-07-20,2323.992171,2323.992171,0.0,0.0,0.0,0.0,0.0,0.0,304.707094,0.0,304.707094,610.279644,0.0,610.279644,12.879441,0.0,12.879441
winter_security,1500,2024-07-21,2323.992171,2323.992171,0.0,0.0,0.0,0.0,0.0,0.0,307.28928,0.0,307.28928,593.43791,0.0,593.43791,12.91247,0.0,12.91247
winter_security,1500,2024-07-22,2323.992171,2323.992171,0.0,0.0,0.0,0.0,0.0,0.0,309.923224,0.0,309.923224,574.777023,0.0,574.777023,12.879441,0.0,12.879441
winter_security,1500,2024-07-23,2323.992171,2323.992171,0.0,0.0,0.0,0.0,0.0,0.0,311.326461,0.0,311.326461,554.905555,0.0,554.905555,12.723144,0.0,12.723144
winter_security,1500,2024-07-24,2323.992171,2323.992171,0.0,0.0,0.0,0.0,0.0,0.0,311.853249,0.0,311.853249,532.735367,0.0,532.735367,12.688936,0.0,12.688936
winter_security,1500,2024-07-25,2323.992171,2323.992171,0.0,0.0,0.0,0.0,0.0,0.0,311.638163,0.0,311.638163,515.47893,0.0,515.47893,12.913649,0.0,12.913649
winter_security,1500,2024-07-26,2323.992171,2323.992171,0.0,0.0,0.0,0.0,0.0,0.0,309.01342,0.0,309.01342,499.143002,0.0,499.143002,13.031609,0.0,13.031609
winter_security,1500,2024-07-27,2323.992171,2323.992171,0.0,0.0,0.0,0.0,0.0,0.0,306.589962,0.0,306.589962,487.30758,0.0,487.30758,12.883569,0.0,12.883569
winter_security,1500,2024-07-28,2323.992171,2323.992171,0.0,0.0,0.0,0.0,0.0,0.0,306.351872,0.0,306.351872,476.62662,0.0,476.62662,12.761481,0.0,12.761481
winter_security,1500,2024-07-29,2323.992171,2323.992171,0.0,0.0,0.0,0.0,0.0,0.0,306.239152,0.0,306.239152,469.944005,0.0,469.944005,13.187906,0.0,13.187906
winter_security,1500,2024-07-30,2323.992171,2323.992171,0.0,0.0,0.0,0.0,0.0,0.0,310.01984,0.0,310.01984,466.596503,0.0,466.596503,14.581601,0.0,14.581601
winter_security,1500,2024-07-31,2323.992171,2323.992171,0.0,0.0,0.0,0.0,0.0,0.0,311.364417,0.0,311.364417,458.84397,0.0,458.84397,14.99446,0.0,14.99446
winter_security,1500,2024-08-01,3300.249292,3300.249292,0.0,0.0,0.0,0.0,0.0,0.0,312.442149,0.0,312.442149,448.525238,0.0,448.525238,14.858806,0.0,14.858806
winter_security,1500,2024-08-02,3300.249292,3300.249292,0.0,0.0,0.0,0.0,0.0,0.0,311.953316,0.0,311.953316,439.283711,0.0,439.283711,14.541494,0.0,14.541494
winter_security,1500,2024-08-03,3300.249292,3300.249292,0.0,0.0,0.0,0.0,0.0,0.0,311.050414,0.0,311.050414,430.039998,0.0,430.039998,13.930463,0.0,13.930463
winter_security,1500,2024-08-04,3300.249292,3300.249292,0.0,0.0,0.0,0.0,0.0,0.0,307.147806,0.0,307.147806,421.51418,0.0,421.51418,12.995631,0.0,12.995631
winter_security,1500,2024-08-05,3300.249292,3300.249292,0.0,0.0,0.0,0.0,0.0,0.0,304.899176,0.0,304.899176,408.474007,0.0,408.474007,12.532049,0.0,12.532049
winter_security,1500,2024-08-06,3300.249292,3300.249292,0.0,0.0,0.0,0.0,0.0,0.0,302.774768,0.0,302.774768,393.175929,0.0,393.175929,12.744967,0.0,12.744967
winter_security,1500,2024-08-07,3300.249292,3300.249292,0.0,0.0,0.0,0.0,0.0,0.0,301.299069,0.0,301.299069,371.90074,0.0,371.90074,12.808665,0.0,12.808665
winter_security,1500,2024-08-08,3300.249292,3300.249292,0.0,0.0,0.0,0.0,0.0,0.0,299.833722,0.0,299.833722,355.960564,0.0,355.960564,13.14662,0.0,13.14662
winter_security,1500,2024-08-09,3300.249292,3300.249292,0.0,0.0,0.0,0.0,0.0,0.0,299.188463,0.0,299.188463,342.639065,0.0,342.639065,13.199112,0.0,13.199112
winter_security,1500,2024-08-10,3300.249292,3300.249292,0.0,0.0,0.0,0.0,0.0,0.0,297.657555,0.0,297.657555,335.721039,0.0,335.721039,12.945498,0.0,12.945498
winter_security,1500,2024-08-11,3300.249292,3300.249292,0.0,0.0,0.0,0.0,0.0,0.0,295.713727,0.0,295.713727,329.335785,0.0,329.335785,12.672421,0.0,12.672421
winter_security,1500,2024-08-12,3300.249292,3300.249292,0.0,0.0,0.0,0.0,0.0,0.0,295.234096,0.0,295.234096,324.209945,0.0,324.209945,12.612852,0.0,12.612852
winter_security,1500,2024-08-13,3300.249292,3300.249292,0.0,0.0,0.0,0.0,0.0,0.0,293.975784,0.0,293.975784,316.633788,0.0,316.633788,13.017454,0.0,13.017454
winter_security,1500,2024-08-14,3300.249292,3300.249292,0.0,0.0,0.0,0.0,0.0,0.0,293.235059,0.0,293.235059,308.113801,0.0,308.113801,13.180828,0.0,13.180828
winter_security,1500,2024-08-15,3300.249292,3300.249292,0.0,0.0,0.0,0.0,0.0,0.0,293.876867,0.0,293.876867,302.311609,0.0,302.311609,12.988554,0.0,12.988554
winter_security,1500,2024-08-16,3300.249292,3300.249292,0.0,0.0,0.0,0.0,0.0,0.0,295.913861,0.0,295.913861,299.606932,0.0,299.606932,12.772097,0.0,12.772097
winter_security,1500,2024-08-17,3300.249292,3300.249292,0.0,0.0,0.0,0.0,0.0,0.0,294.412858,0.0,294.412858,301.68336,0.0,301.68336,13.077023,0.0,13.077023
winter_security,1500,2024-08-18,3300.249292,3300.249292,0.0,0.0,0.0,0.0,0.0,0.0,293.432893,0.0,293.432893,306.275699,0.0,306.275699,12.849361,0.0,12.849361
winter_security,1500,2024-08-19,3300.249292,3300.249292,0.0,0.0,0.0,0.0,0.0,0.0,291.470662,0.0,291.470662,308.537978,0.0,308.537978,12.61639,0.0,12.61639
winter_security,1500,2024-08-20,3300.249292,3300.249292,0.0,0.0,0.0,0.0,0.0,0.0,290.013366,0.0,290.013366,303.49158,0.0,303.49158,12.671242,0.0,12.671242
winter_security,1500,2024-08-21,3300.249292,3300.249292,0.0,0.0,0.0,0.0,0.0,0.0,288.859721,0.0,288.859721,296.340329,0.0,296.340329,12.658856,0.0,12.658856
winter_security,1500,2024-08-22,3300.249292,3300.249292,0.0,0.0,0.0,0.0,0.0,0.0,288.121297,0.0,288.121297,291.58692,0.0,291.58692,12.665934,0.0,12.665934
winter_security,1500,2024-08-23,3300.249292,3300.249292,0.0,0.0,0.0,0.0,0.0,0.0,289.616549,0.0,289.616549,297.997682,0.0,297.997682,13.454495,0.0,13.454495
winter_security,1500,2024-08-24,3300.249292,3300.249292,0.0,0.0,0.0,0.0,0.0,0.0,296.707495,0.0,296.707495,311.205485,0.0,311.205485,14.372812,0.0,14.372812
winter_security,1500,2024-08-25,3300.249292,3300.249292,0.0,0.0,0.0,0.0,0.0,0.0,298.445438,0.0,298.445438,321.803358,0.0,321.803358,15.495789,0.0,15.495789
winter_security,1500,2024-08-26,3300.249292,3300.249292,0.0,0.0,0.0,0.0,0.0,0.0,300.567546,0.0,300.567546,333.389521,0.0,333.389521,19.230396,0.0,19.230396
winter_security,1500,2024-08-27,3300.249292,3300.249292,0.0,0.0,0.0,0.0,0.0,0.0,301.452045,0.0,301.452045,343.258567,0.0,343.258567,17.971765,0.0,17.971765
winter_security,1500,2024-08-28,3300.249292,3300.249292,0.0,0.0,0.0,0.0,0.0,0.0,303.062317,0.0,303.062317,353.037239,0.0,353.037239,16.394643,0.0,16.394643
winter_security,1500,2024-08-29,3300.249292,3300.249292,0.0,0.0,0.0,0.0,0.0,0.0,306.478393,0.0,306.478393,362.696384,0.0,362.696384,15.475146,0.0,15.475146
winter_security,1500,2024-08-30,3300.249292,3300.249292,0.0,0.0,0.0,0.0,0.0,0.0,312.798709,0.0,312.798709,374.774505,0.0,374.774505,14.592217,0.0,14.592217
winter_security,1500,2024-08-31,3300.249292,3300.249292,0.0,0.0,0.0,0.0,0.0,0.0,320.877672,0.0,320.877672,385.043677,0.0,385.043677,11.746437,0.0,11.746437
winter_security,1500,2024-09-01,4117.418734,4117.418734,0.0,0.0,0.0,0.0,0.0,0.0,338.346818,0.0,338.346818,398.161834,0.0,398.161834,12.388138,0.0,12.388138
winter_security,1500,2024-09-02,4117.418734,4117.418734,0.0,0.0,0.0,0.0,0.0,0.0,358.627039,0.0,358.627039,415.040739,0.0,415.040739,16.143978,0.0,16.143978
winter_security,1500,2024-09-03,4117.418734,4117.418734,0.0,0.0,0.0,0.0,0.0,0.0,380.527883,0.0,380.527883,432.435653,0.0,432.435653,22.177032,0.0,22.177032
winter_security,1500,2024-09-04,4117.418734,4117.418734,0.0,0.0,0.0,0.0,0.0,0.0,403.439747,0.0,403.439747,452.526498,0.0,452.526498,26.29265,0.0,26.29265
winter_security,1500,2024-09-05,4117.418734,4117.418734,0.0,0.0,0.0,0.0,0.0,0.0,413.031215,0.0,413.031215,470.575898,0.0,470.575898,24.240149,0.0,24.240149
winter_security,1500,2024-09-06,4117.418734,4117.418734,0.0,0.0,0.0,0.0,0.0,0.0,418.879951,0.0,418.879951,485.185236,0.0,485.185236,19.800732,0.0,19.800732
winter_security,1500,2024-09-07,4117.418734,4117.418734,0.0,0.0,0.0,0.0,0.0,0.0,428.06425,0.0,428.06425,496.847925,0.0,496.847925,16.28671,0.0,16.28671
winter_security,1500,2024-09-08,4117.418734,4117.418734,0.0,0.0,0.0,0.0,0.0,0.0,440.842906,0.0,440.842906,508.981437,0.0,508.981437,18.090315,0.0,18.090315
winter_security,1500,2024-09-09,4117.418734,4117.418734,0.0,0.0,0.0,0.0,0.0,0.0,451.248711,0.0,451.248711,522.888185,0.0,522.888185,15.797766,0.0,15.797766
winter_security,1500,2024-09-10,4117.418734,4117.418734,0.0,0.0,0.0,0.0,0.0,0.0,457.7059,0.0,457.7059,537.880157,0.0,537.880157,15.797766,0.0,15.797766
winter_security,1500,2024-09-11,4117.418734,4117.418734,0.0,0.0,0.0,0.0,0.0,0.0,462.735698,0.0,462.735698,551.265064,0.0,551.265064,15.509944,0.0,15.509944
winter_security,1500,2024-09-12,4117.418734,4117.418734,0.0,0.0,0.0,0.0,0.0,0.0,464.987778,0.0,464.987778,563.040722,0.0,563.040722,14.811032,0.0,14.811032
winter_security,1500,2024-09-13,4117.418734,4117.418734,0.0,0.0,0.0,0.0,0.0,0.0,467.333024,0.0,467.333024,576.82357,0.0,576.82357,15.387266,0.0,15.387266
winter_security,1500,2024-09-14,4117.418734,4117.418734,0.0,0.0,0.0,0.0,0.0,0.0,470.474204,0.0,470.474204,592.208379,0.0,592.208379,15.72935,0.0,15.72935
winter_security,1500,2024-09-15,4117.418734,4117.418734,0.0,0.0,0.0,0.0,0.0,0.0,472.52845,0.0,472.52845,604.618845,0.0,604.618845,14.99446,0.0,14.99446
winter_security,1500,2024-09-16,4117.418734,4117.418734,0.0,0.0,0.0,0.0,0.0,0.0,473.725802,0.0,473.725802,616.385757,0.0,616.385757,13.939899,0.0,13.939899
winter_security,1500,2024-09-17,4117.418734,4117.418734,0.0,0.0,0.0,0.0,0.0,0.0,474.373361,0.0,474.373361,623.362089,0.0,623.362089,12.964372,0.0,12.964372
winter_security,1500,2024-09-18,4117.418734,4117.418734,0.0,0.0,0.0,0.0,0.0,0.0,471.608295,0.0,471.608295,628.644627,0.0,628.644627,12.550333,0.0,12.550333
winter_security,1500,2024-09-19,4117.418734,4117.418734,0.0,0.0,0.0,0.0,0.0,0.0,470.447749,0.0,470.447749,637.954663,0.0,637.954663,12.661805,0.0,12.661805
winter_security,1500,2024-09-20,4117.418734,4117.418734,0.0,0.0,0.0,0.0,0.0,0.0,469.2688,0.0,469.2688,647.543111,0.0,647.543111,13.471599,0.0,13.471599
winter_security,1500,2024-09-21,4117.418734,4117.418734,0.0,0.0,0.0,0.0,0.0,0.0,469.97962,0.0,469.97962,656.122863,0.0,656.122863,14.653556,0.0,14.653556
winter_security,1500,2024-09-22,4117.418734,4117.418734,0.0,0.0,0.0,0.0,0.0,0.0,475.300418,0.0,475.300418,663.710681,0.0,663.710681,13.854968,0.0,13.854968
winter_security,1500,2024-09-23,4117.418734,4117.418734,0.0,0.0,0.0,0.0,0.0,0.0,480.659171,0.0,480.659171,669.542025,0.0,669.542025,14.190564,0.0,14.190564
winter_security,1500,2024-09-24,4117.418734,4117.418734,0.0,0.0,0.0,0.0,0.0,0.0,483.564561,0.0,483.564561,677.404611,0.0,677.404611,13.73347,0.0,13.73347
winter_security,1500,2024-09-25,4117.418734,4117.418734,0.0,0.0,0.0,0.0,0.0,0.0,484.462863,0.0,484.462863,684.396248,0.0,684.396248,12.515535,0.0,12.515535
winter_security,1500,2024-09-26,4117.418734,4117.418734,0.0,0.0,0.0,0.0,0.0,0.0,484.628491,0.0,484.628491,692.449058,0.0,692.449058,11.639683,0.0,11.639683
winter_security,1500,2024-09-27,4117.418734,4117.418734,0.0,0.0,0.0,0.0,0.0,0.0,488.543751,0.0,488.543751,703.720368,0.0,703.720368,15.385497,0.0,15.385497
winter_security,1500,2024-09-28,4117.418734,4117.418734,0.0,0.0,0.0,0.0,0.0,0.0,490.96491,0.0,490.96491,714.89693,0.0,714.89693,15.240996,0.0,15.240996
winter_security,1500,2024-09-29,4117.418734,4117.418734,0.0,0.0,0.0,0.0,0.0,0.0,492.501569,0.0,492.501569,726.424057,0.0,726.424057,14.145739,0.0,14.145739
winter_security,1500,2024-09-30,4117.418734,4117.418734,0.0,0.0,0.0,0.0,0.0,0.0,269.857366,0.0,269.857366,737.381242,0.0,737.381242,12.819281,0.0,12.819281
winter_security,1500,2024-10-01,4750.89931,4750.89931,0.0,0.0,0.0,0.0,0.0,0.0,265.507332,0.0,265.507332,745.75838,0.0,745.75838,11.7659,0.0,11.7659
winter_security,1500,2024-10-02,4750.89931,4750.89931,0.0,0.0,0.0,0.0,0.0,0.0,260.587953,0.0,260.587953,755.429186,0.0,755.429186,11.727563,0.0,11.727563
winter_security,1500,2024-10-03,4750.89931,4750.89931,0.0,0.0,0.0,0.0,0.0,0.0,264.673442,0.0,264.673442,771.687858,0.0,771.687858,14.514364,0.0,14.514364
winter_security,1500,2024-10-04,4750.89931,4750.89931,0.0,0.0,0.0,0.0,0.0,0.0,270.598091,0.0,270.598091,786.951682,0.0,786.951682,15.338903,0.0,15.338903
winter_security,1500,2024-10-05,4750.89931,4750.89931,0.0,0.0,0.0,0.0,0.0,0.0,274.818153,0.0,274.818153,800.527543,0.0,800.527543,18.754429,0.0,18.754429
winter_security,1500,2024-10-06,4750.89931,4750.89931,0.0,0.0,0.0,0.0,0.0,0.0,277.94323,0.0,277.94323,813.947434,0.0,813.947434,23.935813,0.0,23.935813
winter_security,1500,2024-10-07,4750.89931,4750.89931,0.0,0.0,0.0,0.0,0.0,0.0,282.785547,0.0,282.785547,823.987026,0.0,823.987026,26.560418,0.0,26.560418
winter_security,1500,2024-10-08,4750.89931,4750.89931,0.0,0.0,0.0,0.0,0.0,0.0,291.592582,0.0,291.592582,832.644762,0.0,832.644762,27.195042,0.0,27.195042
winter_security,1500,2024-10-09,4750.89931,4750.89931,0.0,0.0,0.0,0.0,0.0,0.0,303.02091,0.0,303.02091,841.560503,0.0,841.560503,27.623826,0.0,27.623826
winter_security,1500,2024-10-10,4750.89931,4750.89931,0.0,0.0,0.0,0.0,0.0,0.0,309.242309,0.0,309.242309,849.483581,0.0,849.483581,25.29353,0.0,25.29353
winter_security,1500,2024-10-11,4750.89931,4750.89931,0.0,0.0,0.0,0.0,0.0,0.0,312.936732,0.0,312.936732,856.12028,0.0,856.12028,23.214489,0.0,23.214489
winter_security,1500,2024-10-12,4750.89931,4750.89931,0.0,0.0,0.0,0.0,0.0,0.0,320.150749,0.0,320.150749,860.682737,0.0,860.682737,21.389061,0.0,21.389061
winter_security,1500,2024-10-13,4750.89931,4750.89931,0.0,0.0,0.0,0.0,0.0,0.0,327.089869,0.0,327.089869,865.431773,0.0,865.431773,21.857361,0.0,21.857361
winter_security,1500,2024-10-14,4750.89931,4750.89931,0.0,0.0,0.0,0.0,0.0,0.0,333.330822,0.0,333.330822,869.476034,0.0,869.476034,19.479292,0.0,19.479292
winter_security,1500,2024-10-15,4750.89931,4750.89931,0.0,0.0,0.0,0.0,0.0,0.0,335.022757,0.0,335.022757,871.22449,0.0,871.22449,16.366922,0.0,16.366922
winter_security,1500,2024-10-16,4750.89931,4750.89931,0.0,0.0,0.0,0.0,0.0,0.0,335.282701,0.0,335.282701,870.90818,0.0,870.90818,15.004487,0.0,15.004487
winter_security,1500,2024-10-17,4750.89931,4750.89931,0.0,0.0,0.0,0.0,0.0,0.0,334.847928,0.0,334.847928,865.500283,0.0,865.500283,13.669182,0.0,13.669182
winter_security,1500,2024-10-18,4750.89931,4750.89931,0.0,0.0,0.0,0.0,0.0,0.0,333.25951,0.0,333.25951,860.751246,0.0,860.751246,12.982066,0.0,12.982066
winter_security,1500,2024-10-19,4750.89931,4750.89931,0.0,0.0,0.0,0.0,0.0,0.0,327.241695,0.0,327.241695,862.140391,0.0,862.140391,13.109462,0.0,13.109462
winter_security,1500,2024-10-20,4750.89931,4750.89931,0.0,0.0,0.0,0.0,0.0,0.0,320.472803,0.0,320.472803,867.756003,0.0,867.756003,12.987374,0.0,12.987374
winter_security,1500,2024-10-21,4750.89931,4750.89931,0.0,0.0,0.0,0.0,0.0,0.0,313.913247,0.0,313.913247,873.453243,0.0,873.453243,12.49902,0.0,12.49902
winter_security,1500,2024-10-22,4750.89931,4750.89931,0.0,0.0,0.0,0.0,0.0,0.0,307.564176,0.0,307.564176,876.020172,0.0,876.020172,11.566548,0.0,11.566548
winter_security,1500,2024-10-23,4750.89931,4750.89931,0.0,0.0,0.0,0.0,0.0,0.0,301.830459,0.0,301.830459,880.928093,0.0,880.928093,7.731085,0.0,7.731085
winter_security,1500,2024-10-24,4750.89931,4750.89931,0.0,0.0,0.0,0.0,0.0,0.0,300.05686,0.0,300.05686,893.832704,0.0,893.832704,7.263375,0.0,7.263375
winter_security,1500,2024-10-25,4750.89931,4750.89931,0.0,0.0,0.0,0.0,0.0,0.0,317.689334,0.0,317.689334,916.167607,0.0,916.167607,24.698423,0.0,24.698423
winter_security,1500,2024-10-26,4750.89931,4750.89931,0.0,0.0,0.0,0.0,0.0,0.0,351.425674,0.0,351.425674,949.53185,0.0,949.53185,32.490258,0.0,32.490258
winter_security,1500,2024-10-27,4750.89931,4750.89931,0.0,0.0,0.0,0.0,0.0,0.0,377.37175,0.0,377.37175,974.365901,0.0,974.365901,33.682241,0.0,33.682241
winter_security,1500,2024-10-28,4750.89931,4750.89931,0.0,0.0,0.0,0.0,0.0,0.0,394.348614,0.0,394.348614,990.859256,0.0,990.859256,31.248141,0.0,31.248141
winter_security,1500,2024-10-29,4750.89931,4750.89931,0.0,0.0,0.0,0.0,0.0,0.0,408.61447,0.0,408.61447,1004.899379,0.0,1004.899379,27.893954,0.0,27.893954
winter_security,1500,2024-10-30,4750.89931,4750.89931,0.0,0.0,0.0,0.0,0.0,0.0,417.423806,0.0,417.423806,1018.616632,0.0,1018.616632,25.627356,0.0,25.627356
winter_security,1500,2024-10-31,4750.89931,4750.89931,0.0,0.0,0.0,0.0,0.0,0.0,422.988444,0.0,422.988444,1033.430041,0.0,1033.430041,22.658308,0.0,22.658308
winter_security,1500,2024-11-01,5529.936912,4805.461,724.475912,0.0,0.0,0.0,0.0,0.724476,425.990451,0.288408,426.278859,1048.510201,0.398441,1048.908642,23.830829,0.037628,23.868457
winter_security,1500,2024-11-02,5529.936912,4114.072,1415.864912,0.0,0.0,0.0,0.0,2.140341,430.07709,0.855902,430.932992,1062.790837,1.174362,1063.965199,26.062628,0.110077,26.172705
winter_security,1500,2024-11-03,5529.936912,3092.313,2437.623912,0.0,0.0,0.0,0.0,4.577965,430.425599,1.843084,432.268683,1078.244156,2.499684,1080.74384,26.664813,0.235196,26.900009
winter_security,1500,2024-11-04,5529.936912,3732.801,1797.135912,0.0,0.0,0.0,0.0,6.375101,428.642798,2.578148,431.220946,1092.540826,3.466288,1096.007114,24.539177,0.330664,24.869841
winter_security,1500,2024-11-05,5529.936912,4651.275,878.661912,0.0,0.0,0.0,0.0,7.253763,426.585101,2.940846,429.525947,1106.357928,3.933368,1110.291296,21.295872,0.379548,21.67542
winter_security,1500,2024-11-06,5529.936912,5529.936912,0.0,1826.788088,0.0,0.0,0.0,5.426974,425.555677,2.200223,427.7559,1119.599986,2.942788,1122.542774,18.995656,0.283963,19.279619
winter_security,1500,2024-11-07,5529.936912,5245.734,284.202912,0.0,0.0,0.0,0.0,5.711177,425.499318,2.319234,427.818552,1131.664988,3.090836,1134.755824,15.491071,0.301108,15.792179
winter_security,1500,2024-11-08,5529.936912,2768.567,2761.369912,0.0,0.0,0.0,0.0,8.472547,426.535643,3.485967,430.02161,1147.74437,4.513847,1152.258217,13.795988,0.472733,14.268721
winter_security,1500,2024-11-09,5529.936912,2243.053,3286.883912,0.0,0.0,0.0,0.0,11.759431,452.280435,4.897983,457.178418,1182.072121,6.2289,1188.301021,37.281785,0.632548,37.914333
winter_security,1500,2024-11-10,5529.936912,2166.441,3363.495912,0.0,0.0,0.0,0.0,15.122927,502.609474,6.346339,508.955813,1233.808635,8.013807,1241.822442,55.286579,0.762782,56.049361
winter_security,1500,2024-11-11,5529.936912,4281.641,1248.295912,0.0,0.0,0.0,0.0,16.371223,522.675758,6.891533,529.567291,1278.038959,8.664739,1286.703698,54.161242,0.814951,54.976193
winter_security,1500,2024-11-12,5529.936912,5529.936912,0.0,203.592088,0.0,0.0,0.0,16.167631,531.256205,6.80583,538.062035,1308.837001,8.556985,1317.393986,49.471161,0.804817,50.275978
winter_security,1500,2024-11-13,5529.936912,4403.102,1126.834912,0.0,0.0,0.0,0.0,17.294466,536.053665,7.309295,543.36296,1330.509401,9.120881,1339.630282,44.365271,0.86429,45.229561
winter_security,1500,2024-11-14,5529.936912,4839.653,690.283912,0.0,0.0,0.0,0.0,17.98475,539.061422,7.620613,546.682035,1349.268679,9.459793,1358.728472,39.558409,0.904344,40.462753
winter_security,1500,2024-11-15,5529.936912,3325.097,2204.839912,0.0,0.0,0.0,0.0,20.18959,550.027372,8.619371,558.646743,1369.768396,10.529221,1380.297617,37.058841,1.040998,38.099839
winter_security,1500,2024-11-16,5529.936912,2240.284,3289.652912,0.0,0.0,0.0,0.0,23.479243,564.134501,10.110807,574.245308,1390.279046,12.108806,1402.387852,34.459007,1.25963,35.718637
winter_security,1500,2024-11-17,5529.936912,2237.171,3292.765912,0.0,0.0,0.0,0.0,26.772008,571.705078,11.61428,583.319358,1410.821763,13.659731,1424.481494,30.132831,1.497997,31.630828
winter_security,1500,2024-11-18,5529.936912,2576.192,2953.744912,0.0,0.0,0.0,0.0,29.725753,574.794499,12.977774,587.772273,1430.474584,15.016386,1445.49097,24.870644,1.731594,26.602238
winter_security,1500,2024-11-19,5529.936912,2680.226,2849.710912,0.0,0.0,0.0,0.0,32.575464,576.668165,14.305292,590.973457,1446.027023,16.296587,1462.32361,20.290855,1.973584,22.264439
winter_security,1500,2024-11-20,5529.936912,2725.872,2804.064912,0.0,0.0,0.0,0.0,35.379529,577.41004,15.619813,593.029853,1457.076769,17.533717,1474.610486,16.096794,2.225998,18.322792
winter_security,1500,2024-11-21,5529.936912,2471.993,3057.943912,0.0,0.0,0.0,0.0,38.437473,575.729607,17.064453,592.79406,1464.577128,18.863837,1483.440965,13.991212,2.509183,16.500395
winter_security,1500,2024-11-22,5529.936912,2539.781,2990.155912,0.0,0.0,0.0,0.0,41.427629,573.763925,18.487078,592.251003,1469.872785,20.151009,1490.023794,13.138952,2.789542,15.928494
winter_security,1500,2024-11-23,5529.936912,1866.447,3663.489912,0.0,0.0,0.0,0.0,45.091119,571.094325,20.237961,591.332286,1471.368338,21.719865,1493.088203,12.944319,3.133293,16.077612
winter_security,1500,2024-11-24,5529.936912,3045.187,2484.749912,0.0,0.0,0.0,0.0,47.575869,567.617288,21.430595,589.047883,1471.483492,22.779922,1494.263414,13.048713,3.365352,16.414065
winter_security,1500,2024-11-25,5529.936912,3618.655,1911.281912,0.0,0.0,0.0,0.0,49.487151,563.567455,22.356485,585.92394,1476.13268,23.585975,1499.718655,12.659446,3.544691,16.204137
winter_security,1500,2024-11-26,5529.936912,3082.769,2447.167912,0.0,0.0,0.0,0.0,51.934319,559.538326,23.550965,583.089291,1478.974376,24.609173,1503.583549,12.592209,3.77418,16.366389
winter_security,1500,2024-11-27,5529.936912,4870.567,659.369912,0.0,0.0,0.0,0.0,52.593689,556.815817,23.873024,580.688841,1476.824337,24.884922,1501.709259,12.512586,3.835742,16.348328
winter_security,1500,2024-11-28,5529.936912,5529.936912,0.0,122.076088,0.0,0.0,0.0,52.471613,557.300048,23.817612,581.11766,1475.93371,24.827161,1500.760871,12.191145,3.826839,16.017984
winter_security,1500,2024-11-29,5529.936912,5186.147,343.789912,0.0,0.0,0.0,0.0,52.815402,556.48111,23.985871,580.466981,1478.405162,24.970541,1503.375703,12.481326,3.85899,16.340316
winter_security,1500,2024-11-30,5529.936912,2037.891,3492.045912,0.0,0.0,0.0,0.0,56.307448,555.394177,25.708452,581.102629,1484.27805,26.412798,1510.690848,12.788022,4.186198,16.97422
winter_security,1500,2024-12-01,5832.121497,1865.197,3966.924497,0.0,0.0,0.0,0.0,60.274373,554.633899,27.688857,582.322756,1494.792109,28.022519,1522.814628,12.50138,4.562997,17.064377
winter_security,1500,2024-12-02,5832.121497,4729.009,1103.112497,0.0,0.0,0.0,0.0,61.377485,552.592304,28.245007,580.837311,1501.609556,28.464239,1530.073795,12.582772,4.66824,17.251012
winter_security,1500,2024-12-03,5832.121497,4032.052,1800.069497,0.0,0.0,0.0,0.0,63.177555,550.587516,29.15864,579.746156,1505.338235,29.179268,1534.517503,12.946678,4.839647,17.786325
winter_security,1500,2024-12-04,5832.121497,4040.736,1791.385497,0.0,0.0,0.0,0.0,64.96894,550.094083,30.079599,580.173682,1513.565963,29.882684,1543.448647,15.719913,5.006657,20.72657
winter_security,1500,2024-12-05,5832.121497,3492.548,2339.573497,0.0,0.0,0.0,0.0,67.308514,554.068003,31.302374,585.370377,1528.627173,30.784119,1559.411292,18.801023,5.222021,24.023044
winter_security,1500,2024-12-06,5832.121497,4238.664,1593.457497,0.0,0.0,0.0,0.0,68.901971,558.920672,32.149633,591.070305,1549.076601,31.376696,1580.453297,17.339501,5.375642,22.715143
winter_security,1500,2024-12-07,5832.121497,2493.363,3338.758497,0.0,0.0,0.0,0.0,72.24073,560.80584,33.955907,594.761747,1568.980138,32.56434,1601.544478,13.423825,5.720483,19.144308
winter_security,1500,2024-12-08,5832.121497,2323.79,3508.331497,0.0,0.0,0.0,0.0,75.749061,561.881271,35.892899,597.77417,1587.814485,33.758264,1621.572749,11.895656,6.097899,17.993555
winter_security,1500,2024-12-09,5832.121497,3269.917,2562.204497,0.0,0.0,0.0,0.0,78.311266,565.85059,37.336,603.18659,1603.957274,34.602309,1638.559583,14.514364,6.372957,20.887321
winter_security,1500,2024-12-10,5832.121497,3089.807,2742.314497,0.0,0.0,0.0,0.0,81.05358,571.079372,38.894095,609.973467,1614.266532,35.487225,1649.753757,14.871782,6.67226,21.544042
winter_security,1500,2024-12-11,5832.121497,4300.004,1532.117497,0.0,0.0,0.0,0.0,82.585698,571.72003,39.767951,611.487981,1619.60519,35.973322,1655.578512,12.898314,6.844425,19.742739
winter_security,1500,2024-12-12,5832.121497,5832.121497,0.0,1239.040503,0.0,0.0,0.0,81.346657,569.488654,39.171309,608.659963,1620.308508,35.433611,1655.742119,11.616681,6.741737,18.358418
winter_security,1500,2024-12-13,5832.121497,3182.089,2650.032497,0.0,0.0,0.0,0.0,83.99669,565.511283,40.69577,606.207053,1621.303357,36.264169,1657.567526,13.170801,7.036751,20.207552
winter_security,1500,2024-12-14,5832.121497,1892.331,3939.790497,0.0,0.0,0.0,0.0,87.93648,563.766439,43.013401,606.77984,1634.146746,37.452877,1671.599623,15.64029,7.470202,23.110492
winter_security,1500,2024-12-15,5832.121497,1939.625,3892.496497,0.0,0.0,0.0,0.0,91.828977,570.515777,45.386115,615.901892,1655.063352,38.571937,1693.635289,24.574565,7.870925,32.44549
winter_security,1500,2024-12-16,5832.121497,4116.119,1716.002497,0.0,0.0,0.0,0.0,93.544979,576.920057,46.458465,623.378522,1676.611123,39.029739,1715.640862,23.823751,8.056775,31.880526
winter_security,1500,2024-12-17,5832.121497,1931.968,3900.153497,0.0,0.0,0.0,0.0,97.445133,579.197442,48.960871,628.158313,1697.471609,39.976935,1737.448544,21.4504,8.507327,29.957727
winter_security,1500,2024-12-18,5832.121497,1901.339,3930.782497,0.0,0.0,0.0,0.0,101.375915,578.159967,51.549487,629.709454,1715.512264,40.840224,1756.352488,19.238654,8.986203,28.224857
winter_security,1500,2024-12-19,5832.121497,1543.331,4288.790497,0.0,0.0,0.0,0.0,105.664706,575.082047,54.424736,629.506783,1727.371737,41.708724,1769.080461,16.795706,9.531246,26.326952
winter_security,1500,2024-12-20,5832.121497,2628.882,3203.239497,0.0,0.0,0.0,0.0,108.867945,571.603861,56.606083,628.209944,1736.893133,42.31145,1779.204583,15.070544,9.950412,25.020956
winter_security,1500,2024-12-21,5832.121497,2254.907,3577.214497,0.0,0.0,0.0,0.0,112.44516,569.336828,59.088093,628.424921,1747.243934,42.930902,1790.174836,14.831675,10.426165,25.25784
winter_security,1500,2024-12-22,5832.121497,2036.176,3795.945497,0.0,0.0,0.0,0.0,116.241105,566.520003,61.779957,628.29996,1758.588855,43.523813,1802.112668,15.025719,10.937335,25.963054
winter_security,1500,2024-12-23,5832.121497,2022.988,3809.133497,0.0,0.0,0.0,0.0,120.050239,562.961303,64.500587,627.46189,1761.245429,44.100331,1805.34576,15.05344,11.44932,26.50276
winter_security,1500,2024-12-24,5832.121497,2014.282,3817.839497,0.0,0.0,0.0,0.0,123.868078,558.602068,67.230404,625.832472,1759.156611,44.686489,1803.8431,16.027788,11.951185,27.978973
winter_security,1500,2024-12-25,5832.121497,2047.353,3784.768497,0.0,0.0,0.0,0.0,127.652847,554.555685,69.933974,624.489659,1757.070708,45.274943,1802.345651,15.942857,12.443929,28.386786
winter_security,1500,2024-12-26,5832.121497,2182.42,3649.701497,0.0,0.0,0.0,0.0,131.302548,551.432909,72.569273,624.002182,1762.068275,45.812504,1807.880779,15.918675,12.920772,28.839447
winter_security,1500,2024-12-27,5832.121497,2067.668,3764.453497,0.0,0.0,0.0,0.0,135.067002,551.67675,75.314328,626.991078,1768.801179,46.32796,1815.129139,14.875321,13.424714,28.300035
winter_security,1500,2024-12-28,5832.121497,2547.943,3284.178497,0.0,0.0,0.0,0.0,138.35118,552.837296,77.720961,630.558257,1771.943881,46.762634,1818.706515,14.908939,13.867585,28.776524
winter_security,1500,2024-12-29,5832.121497,2769.536,3062.585497,0.0,0.0,0.0,0.0,141.413766,549.658159,79.980057,629.638216,1775.027548,47.150467,1822.178015,14.335654,14.283242,28.618896
winter_security,1500,2024-12-30,5832.121497,2538.884,3293.237497,0.0,0.0,0.0,0.0,144.707003,547.299111,82.429454,629.728565,1778.286862,47.54904,1825.835902,14.804545,14.728509,29.533054
winter_security,1500,2024-12-31,5832.121497,3510.916,2321.205497,0.0,0.0,0.0,0.0,147.028209,547.144985,84.167896,631.312881,1781.938285,47.816221,1829.754506,14.880039,15.044092,29.924131
winter_security,2500,2024-01-01,8535.245301,0.0,8535.245301,0.0,0.0,0.0,0.0,8.535245,156.869209,4.447019,161.316228,1173.727052,3.631168,1177.35822,13.077023,0.457058,13.534081
winter_security,2500,2024-01-02,8535.245301,0.0,8535.245301,0.0,0.0,0.0,0.0,17.070491,165.885579,8.889684,174.775263,1180.355005,7.262546,1187.617551,13.108283,0.918261,14.026544
winter_security,2500,2024-01-03,8535.245301,0.0,8535.245301,0.0,0.0,0.0,0.0,25.605736,169.62371,13.32585,182.94956,1181.145053,10.900326,1192.045379,13.347151,1.37956,14.726711
winter_security,2500,2024-01-04,8535.245301,0.0,8535.245301,0.0,0.0,0.0,0.0,34.140981,168.623041,17.765476,186.388517,1181.771845,14.533423,1196.305268,13.077023,1.842082,14.919105
winter_security,2500,2024-01-05,8535.245301,0.0,8535.245301,0.0,0.0,0.0,0.0,42.676227,167.150793,22.215547,189.36634,1184.511505,18.154457,1202.665962,12.82223,2.306222,15.128452
winter_security,2500,2024-01-06,8535.245301,0.0,8535.245301,0.0,0.0,0.0,0.0,51.211472,166.277796,26.671154,192.94895,1185.1485,21.772918,1206.921418,13.404952,2.7674,16.172352
winter_security,2500,2024-01-07,8535.245301,0.0,8535.245301,0.0,0.0,0.0,0.0,59.746717,165.897081,31.133326,197.030407,1187.195046,25.384255,1212.579301,13.388437,3.229136,16.617573
winter_security,2500,2024-01-08,8535.245301,0.0,8535.245301,0.0,0.0,0.0,0.0,68.281962,164.069423,35.596772,199.666195,1185.781851,28.996273,1214.778124,13.592508,3.688918,17.281426
winter_security,2500,2024-01-09,8535.245301,0.0,8535.245301,0.0,0.0,0.0,0.0,76.817208,163.40116,40.057718,203.458878,1184.802307,32.608605,1217.410912,13.065227,4.150884,17.216111
winter_security,2500,2024-01-10,8535.245301,0.0,8535.245301,0.0,0.0,0.0,0.0,85.352453,160.648746,44.511254,205.16,1179.176492,36.233036,1215.409528,13.515834,4.608163,18.123997
winter_security,2500,2024-01-11,8535.245301,0.0,8535.245301,0.0,0.0,0.0,0.0,93.887698,160.154163,48.963178,209.117341,1178.446936,39.857906,1218.304842,13.215036,5.066615,18.281651
winter_security,2500,2024-01-12,8535.245301,0.0,8535.245301,0.0,0.0,0.0,0.0,102.422944,157.198164,53.412518,210.610682,1174.822479,43.487195,1218.309674,13.20383,5.52323,18.72706
winter_security,2500,2024-01-13,8535.245301,0.0,8535.245301,0.0,0.0,0.0,0.0,110.958189,153.305908,57.861444,211.167352,1171.180531,47.118651,1218.299182,13.123028,5.978094,19.101122
winter_security,2500,2024-01-14,8535.245301,0.0,8535.245301,0.0,0.0,0.0,0.0,119.493434,150.408569,62.331111,212.73968,1176.181741,50.727287,1226.909028,12.834616,6.435036,19.269652
winter_security,2500,2024-01-15,8535.245301,0.0,8535.245301,0.0,0.0,0.0,0.0,128.02868,148.343971,66.82098,215.164951,1180.658197,54.318837,1234.977034,13.576583,6.888862,20.465445
winter_security,2500,2024-01-16,8535.245301,0.0,8535.245301,0.0,0.0,0.0,0.0,136.563925,147.650404,71.30023,218.950634,1176.881415,57.919447,1234.800862,13.023352,7.344248,20.3676
winter_security,2500,2024-01-17,8535.245301,0.0,8535.245301,0.0,0.0,0.0,0.0,145.09917,145.240747,75.767524,221.008271,1171.10619,61.531356,1232.637546,12.434732,7.80029,20.235022
winter_security,2500,2024-01-18,8535.245301,0.0,8535.245301,0.0,0.0,0.0,0.0,153.634415,142.212287,80.221244,222.433531,1165.314202,65.15048,1230.464682,10.701903,8.262692,18.964595
winter_security,2500,2024-01-19,8535.245301,0.0,8535.245301,0.0,0.0,0.0,0.0,162.169661,147.561839,84.672471,232.23431,1169.327123,68.769418,1238.096541,10.723725,8.727772,19.451497
winter_security,2500,2024-01-20,8535.245301,0.0,8535.245301,0.0,0.0,0.0,0.0,170.704906,192.373397,89.191726,281.565123,1215.454584,72.385979,1287.840563,27.633853,9.127202,36.761055
winter_security,2500,2024-01-21,8535.245301,0.0,8535.245301,0.0,0.0,0.0,0.0,179.240151,224.966444,93.822973,318.789417,1273.137597,75.889579,1349.027176,31.907536,9.527599,41.435135
winter_security,2500,2024-01-22,8535.245301,0.0,8535.245301,0.0,0.0,0.0,0.0,187.775397,237.908427,98.497551,336.405978,1300.21352,79.311324,1379.524844,27.782482,9.966522,37.749004
winter_security,2500,2024-01-23,8535.245301,0.0,8535.245301,0.0,0.0,0.0,0.0,196.310642,256.091844,103.183048,359.274892,1319.627285,82.699125,1402.32641,26.287931,10.428468,36.716399
winter_security,2500,2024-01-24,8535.245301,0.0,8535.245301,0.0,0.0,0.0,0.0,204.845887,271.925415,107.901779,379.827194,1342.787949,86.027403,1428.815352,24.622929,10.916705,35.539634
winter_security,2500,2024-01-25,8535.245301,0.0,8535.245301,0.0,0.0,0.0,0.0,213.381133,277.05528,112.633696,389.688976,1354.315077,89.307548,1443.622625,20.529134,11.439888,31.969022
winter_security,2500,2024-01-26,8535.245301,0.0,8535.245301,0.0,0.0,0.0,0.0,221.916378,279.576505,117.353492,396.929997,1359.29661,92.555604,1451.852214,14.589268,12.007282,26.59655
winter_security,2500,2024-01-27,8535.245301,0.0,8535.245301,0.0,0.0,0.0,0.0,230.451623,295.399724,122.075401,417.475125,1370.925045,95.799519,1466.724564,16.25722,12.576703,28.833923
winter_security,2500,2024-01-28,8535.245301,0.0,8535.245301,0.0,0.0,0.0,0.0,238.986868,317.933175,126.862569,444.795744,1402.432236,98.959657,1501.391893,17.647376,13.164643,30.812019
winter_security,2500,2024-01-29,8535.245301,0.0,8535.245301,0.0,0.0,0.0,0.0,247.522114,328.736947,131.70804,460.444987,1426.209488,102.019454,1528.228942,14.792749,13.794619,28.587368
winter_security,2500,2024-01-30,8535.245301,0.0,8535.245301,0.0,0.0,0.0,0.0,256.057359,336.543314,136.567328,473.110642,1435.444455,105.051164,1540.495619,14.34863,14.438867,28.787497
winter_security,2500,2024-01-31,8535.245301,0.0,8535.245301,0.0,0.0,0.0,0.0,264.592604,338.372122,141.429997,479.802119,1437.456746,108.07744,1545.534186,14.405841,15.085167,29.491008
winter_security,2500,2024-02-01,8570.78035,0.0,8570.78035,0.0,0.0,0.0,0.0,273.163385,337.903993,146.307028,484.211021,1436.749055,111.116298,1547.865353,13.580122,15.740058,29.32018
winter_security,2500,2024-02-02,8570.78035,0.0,8570.78035,0.0,0.0,0.0,0.0,281.734165,339.219815,151.154718,490.374533,1433.003613,114.177036,1547.180649,12.460683,16.402411,28.863094
winter_security,2500,2024-02-03,8570.78035,0.0,8570.78035,0.0,0.0,0.0,0.0,290.304945,341.576563,155.987363,497.563926,1431.976696,117.250623,1549.227319,12.304387,17.066959,29.371346
winter_security,2500,2024-02-04,8570.78035,0.0,8570.78035,0.0,0.0,0.0,0.0,298.875726,344.427894,160.823663,505.251557,1434.889089,120.316622,1555.205711,12.316183,17.735441,30.051624
winter_security,2500,2024-02-05,8570.78035,0.0,8570.78035,0.0,0.0,0.0,0.0,307.446506,345.021394,165.665764,510.687158,1436.396303,123.37598,1559.772283,12.394036,18.404762,30.798798
winter_security,2500,2024-02-06,8570.78035,0.0,8570.78035,0.0,0.0,0.0,0.0,316.017286,342.412754,170.498798,512.911552,1432.907408,126.446443,1559.353851,12.11919,19.072045,31.191235
winter_security,2500,2024-02-07,8570.78035,0.0,8570.78035,0.0,0.0,0.0,0.0,324.588067,338.30196,175.334748,513.636708,1430.04822,129.521025,1559.569245,12.363367,19.732294,32.095661
winter_security,2500,2024-02-08,8570.78035,0.0,8570.78035,0.0,0.0,0.0,0.0,333.158847,333.548209,180.165551,513.71376,1424.767868,132.613008,1557.380876,12.976168,20.380288,33.356456
winter_security,2500,2024-02-09,8570.78035,0.0,8570.78035,0.0,0.0,0.0,0.0,341.729627,329.194724,185.000096,514.19482,1422.163769,135.705713,1557.869482,12.933702,21.023818,33.95752
winter_security,2500,2024-02-10,8570.78035,0.0,8570.78035,0.0,0.0,0.0,0.0,350.300408,324.615802,189.834468,514.45027,1418.591059,138.804212,1557.395271,12.934292,21.661728,34.59602
winter_security,2500,2024-02-11,8570.78035,0.0,8570.78035,0.0,0.0,0.0,0.0,358.871188,324.264993,194.654949,518.919942,1415.816415,141.917332,1557.733747,12.768559,22.298907,35.067466
winter_security,2500,2024-02-12,8570.78035,0.0,8570.78035,0.0,0.0,0.0,0.0,367.441969,320.907577,199.447757,520.355334,1407.776724,145.066593,1552.843317,12.847592,22.927619,35.775211
winter_security,2500,2024-02-13,8570.78035,0.0,8570.78035,0.0,0.0,0.0,0.0,376.012749,315.080694,204.210879,519.291573,1397.307124,148.256939,1545.564063,12.905982,23.54493,36.450912
winter_security,2500,2024-02-14,8570.78035,0.0,8570.78035,0.0,0.0,0.0,0.0,384.583529,308.863895,208.958663,517.822558,1389.190907,151.472856,1540.663763,13.009197,24.15201,37.161207
winter_security,2500,2024-02-15,8570.78035,0.0,8570.78035,0.0,0.0,0.0,0.0,393.15431,303.050815,213.702486,516.753301,1384.287359,154.694826,1538.982185,12.44122,24.756998,37.198218
winter_security,2500,2024-02-16,8570.78035,0.0,8570.78035,0.0,0.0,0.0,0.0,401.72509,297.664456,218.462881,516.127337,1381.913569,157.916408,1539.829977,13.772986,25.345802,39.118788
winter_security,2500,2024-02-17,8570.78035,0.0,8570.78035,0.0,0.0,0.0,0.0,410.29587,298.171692,223.236478,521.40817,1385.083238,161.120975,1546.204213,13.598406,25.938417,39.536823
winter_security,2500,2024-02-18,8570.78035,0.0,8570.78035,0.0,0.0,0.0,0.0,418.866651,297.360805,228.067202,525.428007,1395.782418,164.258627,1560.041045,13.209728,26.540822,39.75055
winter_security,2500,2024-02-19,8570.78035,0.0,8570.78035,0.0,0.0,0.0,0.0,427.437431,294.999457,232.956053,527.95551,1405.080793,167.330905,1572.411698,12.915419,27.150473,40.065892
winter_security,2500,2024-02-20,8570.78035,0.0,8570.78035,0.0,0.0,0.0,0.0,436.008211,290.506799,237.85372,528.360519,1402.884109,170.402742,1573.286851,13.347741,27.751749,41.09949
winter_security,2500,2024-02-21,8570.78035,0.0,8570.78035,0.0,0.0,0.0,0.0,444.578992,287.443832,242.73479,530.178622,1397.439042,173.497811,1570.936853,13.453315,28.346391,41.799706
winter_security,2500,2024-02-22,8570.78035,0.0,8570.78035,0.0,0.0,0.0,0.0,453.149772,284.546494,247.560817,532.107311,1385.438177,176.65429,1562.092467,13.064638,28.934664,41.999302
winter_security,2500,2024-02-23,8570.78035,0.0,8570.78035,0.0,0.0,0.0,0.0,461.720552,280.424198,252.338346,532.762544,1373.100593,179.869617,1552.97021,13.034558,29.512589,42.547147
winter_security,2500,2024-02-24,8570.78035,0.0,8570.78035,0.0,0.0,0.0,0.0,470.291333,278.930096,257.070338,536.000434,1362.913049,183.140284,1546.053333,13.312353,30.080711,43.393064
winter_security,2500,2024-02-25,8570.78035,0.0,8570.78035,0.0,0.0,0.0,0.0,478.862113,281.889546,261.758041,543.647587,1354.737797,186.476623,1541.21442,15.373111,30.627449,46.00056
winter_security,2500,2024-02-26,8570.78035,0.0,8570.78035,0.0,0.0,0.0,0.0,487.432893,284.896153,266.438819,551.334972,1356.978211,189.807072,1546.785283,14.297907,31.187003,45.48491
winter_security,2500,2024-02-27,8570.78035,0.0,8570.78035,0.0,0.0,0.0,0.0,496.003674,280.979742,271.145067,552.124809,1357.440288,193.124388,1550.564676,15.428552,31.734219,47.162771
winter_security,2500,2024-02-28,8570.78035,0.0,8570.78035,0.0,0.0,0.0,0.0,504.574454,276.908055,275.860053,552.768108,1354.374112,196.449755,1550.823867,16.799835,32.264647,49.064482
winter_security,2500,2024-02-29,8570.78035,0.0,8570.78035,0.0,0.0,0.0,0.0,513.145234,273.352806,280.577901,553.930707,1351.162172,199.783962,1550.946134,17.642068,32.783371,50.425439
winter_security,2500,2024-03-01,8089.690462,0.0,8089.690462,0.0,0.0,0.0,0.0,521.234925,270.073603,285.014235,555.087838,1344.612932,202.957851,1547.570783,18.191171,33.262838,51.454009
winter_security,2500,2024-03-02,8089.690462,0.0,8089.690462,0.0,0.0,0.0,0.0,529.324615,267.548927,289.460889,557.009816,1344.21062,206.126226,1550.336846,18.562744,33.737501,52.300245
winter_security,2500,2024-03-03,8089.690462,0.0,8089.690462,0.0,0.0,0.0,0.0,537.414306,263.229948,293.955587,557.185535,1350.232917,209.244307,1559.477224,18.411755,34.214411,52.626166
winter_security,2500,2024-03-04,8089.690462,0.0,8089.690462,0.0,0.0,0.0,0.0,545.503996,261.586321,298.487325,560.073646,1355.707866,212.325763,1568.033629,18.698398,34.690909,53.389307
winter_security,2500,2024-03-05,8089.690462,0.0,8089.690462,0.0,0.0,0.0,0.0,553.593687,260.400471,303.021829,563.4223,1354.738526,215.410646,1570.149172,19.256937,35.161211,54.418148
winter_security,2500,2024-03-06,8089.690462,0.0,8089.690462,0.0,0.0,0.0,0.0,561.683377,260.16008,307.535051,567.695131,1351.950763,218.506071,1570.456834,17.873859,35.642255,53.516114
winter_security,2500,2024-03-07,8089.690462,0.0,8089.690462,0.0,0.0,0.0,0.0,569.773068,258.67518,312.034025,570.709205,1348.756314,221.612537,1570.368851,17.221541,36.126506,53.348047
winter_security,2500,2024-03-08,8089.690462,0.0,8089.690462,0.0,0.0,0.0,0.0,577.862758,257.347856,316.49548,573.843336,1341.276362,224.755774,1566.032136,16.57748,36.611504,53.188984
winter_security,2500,2024-03-09,8089.690462,0.0,8089.690462,0.0,0.0,0.0,0.0,585.952449,252.082268,320.980761,573.063029,1342.554725,227.867991,1570.422716,15.524689,37.103697,52.628386
winter_security,2500,2024-03-10,8089.690462,0.0,8089.690462,0.0,0.0,0.0,0.0,594.042139,244.98212,325.514674,570.496794,1346.489662,230.92858,1577.418242,14.988562,37.598885,52.587447
winter_security,2500,2024-03-11,8089.690462,0.0,8089.690462,0.0,0.0,0.0,0.0,602.13183,239.420932,330.069156,569.490088,1346.426254,233.967413,1580.393667,14.490772,38.095261,52.586033
winter_security,2500,2024-03-12,8089.690462,0.0,8089.690462,0.0,0.0,0.0,0.0,610.22152,234.471648,334.599635,569.071283,1337.893876,237.04043,1574.934306,14.739667,38.581455,53.321122
winter_security,2500,2024-03-13,8089.690462,0.0,8089.690462,0.0,0.0,0.0,0.0,618.31121,229.822564,339.112705,568.935269,1330.789271,240.139405,1570.928676,14.939609,39.0591,53.998709
winter_security,2500,2024-03-14,8089.690462,0.0,8089.690462,0.0,0.0,0.0,0.0,626.400901,225.742825,343.614401,569.357226,1325.374815,243.255506,1568.630321,14.984433,39.530994,54.515427
winter_security,2500,2024-03-15,8089.690462,0.0,8089.690462,0.0,0.0,0.0,0.0,634.490591,222.68446,348.112685,570.797145,1322.726257,246.374331,1569.100588,14.55447,40.003576,54.558046
winter_security,2500,2024-03-16,8089.690462,0.0,8089.690462,0.0,0.0,0.0,0.0,642.580282,221.874723,352.601277,574.476,1319.968376,249.507566,1569.475942,14.854088,40.471439,55.325527
winter_security,2500,2024-03-17,8089.690462,0.0,8089.690462,0.0,0.0,0.0,0.0,650.669972,219.787121,357.088919,576.87604,1319.03402,252.635082,1571.669102,13.936361,40.945972,54.882333
winter_security,2500,2024-03-18,8089.690462,0.0,8089.690462,0.0,0.0,0.0,0.0,658.759663,218.554113,361.538662,580.092775,1311.731902,255.798384,1567.530286,13.171981,41.422617,54.594598
winter_security,2500,2024-03-19,8089.690462,0.0,8089.690462,0.0,0.0,0.0,0.0,666.849353,215.351973,365.949809,581.301782,1302.070571,259.005115,1561.075686,12.901853,41.89443,54.796283
winter_security,2500,2024-03-20,8089.690462,0.0,8089.690462,0.0,0.0,0.0,0.0,674.939044,212.070469,370.320573,582.391042,1291.671668,262.258871,1553.930539,12.79451,42.3596,55.15411
winter_security,2500,2024-03-21,8089.690462,0.0,8089.690462,0.0,0.0,0.0,0.0,683.028734,207.662926,374.662071,582.324997,1282.230443,265.549158,1547.779601,12.76384,42.817505,55.581345
winter_security,2500,2024-03-22,8089.690462,0.0,8089.690462,0.0,0.0,0.0,0.0,691.118425,201.380566,378.988635,580.369201,1273.823423,268.862378,1542.685801,12.785073,43.267411,56.052484
winter_security,2500,2024-03-23,8089.690462,0.0,8089.690462,0.0,0.0,0.0,0.0,699.208115,198.444121,383.268678,581.712799,1261.903458,272.230129,1534.133587,12.819871,43.709308,56.529179
winter_security,2500,2024-03-24,8089.690462,0.0,8089.690462,0.0,0.0,0.0,0.0,707.297806,193.849096,387.538578,581.387674,1255.737581,275.613599,1531.35118,12.832847,44.145628,56.978475
winter_security,2500,2024-03-25,8089.690462,0.0,8089.690462,0.0,0.0,0.0,0.0,715.387496,192.349243,391.789191,584.138434,1250.835491,279.01635,1529.851841,12.467171,44.581955,57.049126
winter_security,2500,2024-03-26,8089.690462,0.0,8089.690462,0.0,0.0,0.0,0.0,723.477186,189.700346,396.046109,585.746455,1248.463159,282.426505,1530.889664,13.729931,45.004573,58.734504
winter_security,2500,2024-03-27,8089.690462,0.0,8089.690462,0.0,0.0,0.0,0.0,731.566877,191.603917,400.288671,591.892588,1248.498143,285.839239,1534.337382,12.522023,45.438967,57.96099
winter_security,2500,2024-03-28,8089.690462,0.0,8089.690462,0.0,0.0,0.0,0.0,739.656567,192.995652,404.501535,597.497187,1244.152147,289.280028,1533.432175,12.171682,45.875005,58.046687
winter_security,2500,2024-03-29,8089.690462,0.0,8089.690462,0.0,0.0,0.0,0.0,747.746258,193.939961,408.68921,602.629171,1240.319246,292.744251,1533.063497,11.813084,46.312797,58.125881
winter_security,2500,2024-03-30,8089.690462,0.0,8089.690462,0.0,0.0,0.0,0.0,755.835948,195.873437,412.845919,608.719356,1235.848621,296.241261,1532.089882,11.867935,46.748768,58.616703
winter_security,2500,2024-03-31,8089.690462,0.0,8089.690462,0.0,0.0,0.0,0.0,763.925639,417.418055,415.548196,832.966251,1228.959749,301.046221,1530.00597,12.274897,47.331222,59.606119
winter_security,2500,2024-04-01,5242.786385,0.0,5242.786385,0.0,0.0,0.0,0.0,769.168425,415.996415,417.287001,833.283416,1221.229081,304.182142,1525.411223,12.761481,47.699282,60.460763
winter_security,2500,2024-04-02,5242.786385,0.0,5242.786385,0.0,0.0,0.0,0.0,774.411212,412.808077,419.019619,831.827696,1212.292933,307.333639,1519.626572,13.049303,48.057954,61.107257
winter_security,2500,2024-04-03,5242.786385,0.0,5242.786385,0.0,0.0,0.0,0.0,779.653998,410.03956,420.729153,830.768713,1198.273217,310.51716,1508.790377,12.981476,48.407684,61.38916
winter_security,2500,2024-04-04,5242.786385,0.0,5242.786385,0.0,0.0,0.0,0.0,784.896784,407.497631,422.430424,829.928055,1189.571022,313.7177,1503.288722,13.326508,48.74866,62.075168
winter_security,2500,2024-04-05,5242.786385,0.0,5242.786385,0.0,0.0,0.0,0.0,790.139571,405.362871,424.121231,829.484102,1180.943168,316.935904,1497.879072,13.528809,49.082436,62.611245
winter_security,2500,2024-04-06,5242.786385,0.0,5242.786385,0.0,0.0,0.0,0.0,795.382357,404.969505,425.794016,830.763521,1173.90853,320.170484,1494.079014,12.805716,49.417857,62.223573
winter_security,2500,2024-04-07,5242.786385,0.0,5242.786385,0.0,0.0,0.0,0.0,800.625144,406.016182,427.453837,833.470019,1173.464674,323.400002,1496.864676,10.471291,49.771304,60.242595
winter_security,2500,2024-04-08,5242.786385,0.0,5242.786385,0.0,0.0,0.0,0.0,805.86793,404.916596,429.099294,834.01589,1170.009306,326.612174,1496.62148,5.922172,50.156462,56.078634
winter_security,2500,2024-04-09,5242.786385,0.0,5242.786385,0.0,0.0,0.0,0.0,811.110716,404.931549,430.719977,835.651526,1162.619,329.835352,1492.454352,3.480404,50.555388,54.035792
winter_security,2500,2024-04-10,5242.786385,0.0,5242.786385,0.0,0.0,0.0,0.0,816.353503,413.191092,432.313213,845.504305,1165.710684,333.114221,1498.824905,8.112095,50.926068,59.038163
winter_security,2500,2024-04-11,5242.786385,0.0,5242.786385,0.0,0.0,0.0,0.0,821.596289,448.137436,433.79522,881.932656,1196.853462,336.55126,1533.404722,18.461298,51.249809,69.711107
winter_security,2500,2024-04-12,5242.786385,0.0,5242.786385,0.0,0.0,0.0,0.0,826.839075,510.656231,435.013817,945.670048,1267.424322,340.361881,1607.786203,36.096878,51.463378,87.560256
winter_security,2500,2024-04-13,5242.786385,0.0,5242.786385,0.0,0.0,0.0,0.0,832.081862,542.480949,436.048806,978.529755,1323.471119,344.359946,1667.831065,40.056789,51.67311,91.729899
winter_security,2500,2024-04-14,5242.786385,0.0,5242.786385,0.0,0.0,0.0,0.0,837.324648,555.633417,436.993386,992.626803,1356.154637,348.390129,1704.544766,39.081261,51.941133,91.022394
winter_security,2500,2024-04-15,5242.786385,0.0,5242.786385,0.0,0.0,0.0,0.0,842.567435,561.872069,437.889198,999.761267,1377.292806,352.342425,1729.635231,34.937923,52.335812,87.273735
winter_security,2500,2024-04-16,5242.786385,0.0,5242.786385,0.0,0.0,0.0,0.0,847.810221,565.102964,438.74514,1003.848104,1389.267434,356.176939,1745.444373,29.487591,52.888142,82.375733
winter_security,2500,2024-04-17,5242.786385,0.0,5242.786385,0.0,0.0,0.0,0.0,853.053007,566.511952,439.582136,1006.094088,1397.638012,359.871551,1757.509563,23.996562,53.59932,77.595882
winter_security,2500,2024-04-18,5242.786385,0.0,5242.786385,0.0,0.0,0.0,0.0,858.295794,566.920271,440.424351,1007.344622,1405.551615,363.418032,1768.969647,19.399669,54.45341,73.853079
winter_security,2500,2024-04-19,5242.786385,0.0,5242.786385,0.0,0.0,0.0,0.0,863.53858,565.774678,441.309598,1007.084276,1412.154059,366.812669,1778.966728,16.001837,55.416313,71.41815
winter_security,2500,2024-04-20,5242.786385,0.0,5242.786385,0.0,0.0,0.0,0.0,868.781367,563.225848,442.256203,1005.482051,1414.438203,370.086293,1784.524496,13.46924,56.43887,69.90811
winter_security,2500,2024-04-21,5242.786385,0.0,5242.786385,0.0,0.0,0.0,0.0,874.024153,562.717462,443.216962,1005.934424,1415.436696,373.325044,1788.76174,12.741428,57.482147,70.223575
winter_security,2500,2024-04-22,5242.786385,0.0,5242.786385,0.0,0.0,0.0,0.0,879.266939,559.319789,444.281227,1003.601016,1417.96281,376.475565,1794.438375,13.134824,58.510147,71.644971
winter_security,2500,2024-04-23,5242.786385,0.0,5242.786385,0.0,0.0,0.0,0.0,884.509726,554.896143,445.427583,1000.323726,1413.826717,379.594445,1793.421162,13.094128,59.487697,72.581825
winter_security,2500,2024-04-24,5242.786385,0.0,5242.786385,0.0,0.0,0.0,0.0,889.752512,551.989603,446.61475,998.604353,1410.186955,382.694947,1792.881902,12.503149,60.442815,72.945964
winter_security,2500,2024-04-25,5242.786385,0.0,5242.786385,0.0,0.0,0.0,0.0,894.995298,549.885898,447.889467,997.775365,1415.569343,385.678095,1801.247438,12.087931,61.427737,73.515668
winter_security,2500,2024-04-26,5242.786385,0.0,5242.786385,0.0,0.0,0.0,0.0,900.238085,549.24639,449.235861,998.482251,1420.93278,388.59477,1809.52755,13.368384,62.407454,75.775838
winter_security,2500,2024-04-27,5242.786385,0.0,5242.786385,0.0,0.0,0.0,0.0,905.480871,548.586178,450.624698,999.210876,1423.85975,391.447219,1815.306969,13.141901,63.408954,76.550855
winter_security,2500,2024-04-28,5242.786385,0.0,5242.786385,0.0,0.0,0.0,0.0,910.723658,547.079424,452.062482,999.141906,1425.215368,394.235569,1819.450937,12.599876,64.425606,77.025482
winter_security,2500,2024-04-29,5242.786385,0.0,5242.786385,0.0,0.0,0.0,0.0,915.966444,544.601906,453.544442,998.146348,1423.094481,397.009926,1820.104407,12.501969,65.412076,77.914045
winter_security,2500,2024-04-30,5242.786385,0.0,5242.786385,0.0,0.0,0.0,0.0,921.20923,541.786232,455.037628,996.82386,1417.178593,399.828641,1817.007234,12.369265,66.342961,78.712226
winter_security,2500,2024-05-01,4794.498081,4794.498081,0.0,16123.573919,0.0,0.0,0.0,905.085656,539.743487,447.073278,986.816765,1412.672984,392.830593,1805.503577,12.598696,65.181786,77.780482
winter_security,2500,2024-05-02,4794.498081,4794.498081,0.0,16347.960919,0.0,0.0,0.0,888.737696,538.0412,438.99809,977.03929,1407.916659,385.735155,1793.651814,12.825769,64.00445,76.830219
winter_security,2500,2024-05-03,4794.498081,4794.498081,0.0,16906.574919,0.0,0.0,0.0,871.831121,535.894938,430.646971,966.541909,1399.302653,378.397264,1777.699917,12.756763,62.786885,75.543648
winter_security,2500,2024-05-04,4794.498081,4794.498081,0.0,15035.871919,0.0,0.0,0.0,856.795249,533.408218,423.219899,956.628117,1390.045821,371.871306,1761.917127,12.67596,61.704043,74.380003
winter_security,2500,2024-05-05,4794.498081,4794.498081,0.0,13270.713919,0.0,0.0,0.0,843.524535,530.402762,416.664739,947.067501,1382.5717,366.111473,1748.683173,12.749095,60.748323,73.497418
winter_security,2500,2024-05-06,4794.498081,4794.498081,0.0,16172.687919,0.0,0.0,0.0,827.351847,527.353597,408.676129,936.029726,1377.192957,359.092108,1736.285065,12.964962,59.58361,72.548572
winter_security,2500,2024-05-07,4794.498081,4794.498081,0.0,17440.159919,0.0,0.0,0.0,809.911687,523.641921,400.061442,923.703363,1372.062744,351.522628,1723.585372,12.954935,58.327618,71.282553
winter_security,2500,2024-05-08,4794.498081,4794.498081,0.0,20137.413919,0.0,0.0,0.0,789.774273,519.496622,390.114428,909.61105,1361.874471,342.782469,1704.65694,12.662395,56.877376,69.539771
winter_security,2500,2024-05-09,4794.498081,4794.498081,0.0,17701.807919,0.0,0.0,0.0,772.072465,515.485896,381.370498,896.856394,1352.458755,335.099426,1687.558181,12.826359,55.602541,68.4289
winter_security,2500,2024-05-10,4794.498081,4794.498081,0.0,20077.042919,0.0,0.0,0.0,751.995422,510.745946,371.453305,882.199251,1339.455752,326.38547,1665.841222,13.089409,54.156647,67.246056
winter_security,2500,2024-05-11,4794.498081,4794.498081,0.0,16733.395919,0.0,0.0,0.0,735.262026,505.354987,363.187729,868.542716,1328.654536,319.122743,1647.777279,13.250424,52.951554,66.201978
winter_security,2500,2024-05-12,4794.498081,4794.498081,0.0,17717.203919,0.0,0.0,0.0,717.544822,500.830124,354.436194,855.266318,1317.354074,311.433018,1628.787092,13.016864,51.675609,64.692473
winter_security,2500,2024-05-13,4794.498081,4794.498081,0.0,22833.817919,0.0,0.0,0.0,694.711004,496.057969,343.157273,839.215242,1304.04715,301.522551,1605.569701,12.85172,50.031181,62.882901
winter_security,2500,2024-05-14,4794.498081,4794.498081,0.0,23512.919919,0.0,0.0,0.0,671.198085,490.949957,331.542905,822.492862,1289.758497,291.317335,1581.075832,12.797459,48.337845,61.135304
winter_security,2500,2024-05-15,4794.498081,4794.498081,0.0,22349.335919,0.0,0.0,0.0,648.848749,486.264067,320.503297,806.767364,1275.924632,281.617145,1557.541777,12.642342,46.728307,59.370649
winter_security,2500,2024-05-16,4794.498081,4794.498081,0.0,21512.982919,0.0,0.0,0.0,627.335766,481.673643,309.876811,791.550454,1261.741658,272.279954,1534.021612,12.650009,45.179001,57.82901
winter_security,2500,2024-05-17,4794.498081,4794.498081,0.0,22041.074919,0.0,0.0,0.0,605.294691,477.258048,298.989471,776.247519,1248.309377,262.713557,1511.022934,12.877082,43.591663,56.468745
winter_security,2500,2024-05-18,4794.498081,4794.498081,0.0,18564.134919,0.0,0.0,0.0,586.730556,471.586441,289.819589,761.40603,1238.847745,254.656242,1493.503987,12.901263,42.254725,55.155988
winter_security,2500,2024-05-19,4794.498081,4794.498081,0.0,22044.703919,0.0,0.0,0.0,564.685852,468.786869,278.930456,747.717325,1231.277418,245.08827,1476.365688,13.095307,40.667126,53.762433
winter_security,2500,2024-05-20,4794.498081,4794.498081,0.0,23247.713919,0.0,0.0,0.0,541.438138,464.907265,267.447088,732.354353,1219.054261,234.998161,1454.052422,12.639393,38.992889,51.632282
winter_security,2500,2024-05-21,4794.498081,4794.498081,0.0,18556.484919,0.0,0.0,0.0,522.881653,460.96785,258.280985,719.248835,1207.191144,226.944166,1434.13531,13.197342,37.656502,50.853844
winter_security,2500,2024-05-22,4794.498081,4794.498081,0.0,16680.223919,0.0,0.0,0.0,506.201429,456.456789,250.041674,706.498463,1199.916722,219.704518,1419.62124,13.168442,36.455238,49.62368
winter_security,2500,2024-05-23,4794.498081,4794.498081,0.0,22018.876919,0.0,0.0,0.0,484.182552,451.824958,239.165298,690.990256,1188.08713,210.147755,1398.234885,13.160185,34.869499,48.029684
winter_security,2500,2024-05-24,4794.498081,4794.498081,0.0,22212.322919,0.0,0.0,0.0,461.970229,446.507611,228.193368,674.700979,1174.960956,200.507032,1375.467988,13.003299,33.269828,46.273127
winter_security,2500,2024-05-25,4794.498081,4794.498081,0.0,19684.456919,0.0,0.0,0.0,442.285772,441.753859,218.470096,660.223955,1160.640234,191.963469,1352.603703,12.754993,31.852208,44.607201
winter_security,2500,2024-05-26,4794.498081,4794.498081,0.0,17270.298919,0.0,0.0,0.0,425.015473,437.477438,209.939313,647.416751,1153.49117,184.467712,1337.958882,12.628186,30.608448,43.236634
winter_security,2500,2024-05-27,4794.498081,4794.498081,0.0,20277.093919,0.0,0.0,0.0,404.73838,433.421854,199.923303,633.345157,1141.131722,175.666929,1316.798651,12.756763,29.148148,41.904911
winter_security,2500,2024-05-28,4794.498081,4794.498081,0.0,21716.014919,0.0,0.0,0.0,383.022365,428.539281,189.196528,617.735809,1124.701775,166.241616,1290.943391,12.683038,27.58422,40.267258
winter_security,2500,2024-05-29,4794.498081,4794.498081,0.0,23211.191919,0.0,0.0,0.0,359.811173,424.467594,177.731201,602.198795,1106.874667,156.167359,1263.042026,12.685987,25.912613,38.5986
winter_security,2500,2024-05-30,4794.498081,4794.498081,0.0,22161.034919,0.0,0.0,0.0,337.650138,420.259034,166.784605,587.043639,1091.582419,146.548896,1238.131315,12.605184,24.316637,36.921821
winter_security,2500,2024-05-31,4794.498081,4794.498081,0.0,18111.015919,0.0,0.0,0.0,319.539122,416.226454,157.838544,574.064998,1081.929834,138.688247,1220.618081,12.455375,23.012331,35.467706
winter_security,2500,2024-06-01,3680.610984,3680.610984,0.0,14748.120016,0.0,0.0,0.0,304.791002,412.849484,150.553609,563.403093,1075.938876,132.287181,1208.226057,12.739658,21.950212,34.68987
winter_security,2500,2024-06-02,3680.610984,3680.610984,0.0,16213.658016,0.0,0.0,0.0,288.577344,409.80032,142.544762,552.345082,1070.614795,125.250034,1195.864829,13.425005,20.782549,34.207554
winter_security,2500,2024-06-03,3680.610984,3680.610984,0.0,17411.684016,0.0,0.0,0.0,271.16566,405.675724,133.944141,539.619865,1061.075178,117.692912,1178.76809,13.033378,19.528607,32.561985
winter_security,2500,2024-06-04,3680.610984,3680.610984,0.0,21571.189016,0.0,0.0,0.0,249.594471,401.537326,123.288904,524.82623,1049.130432,108.330458,1157.46089,12.729042,17.975109,30.704151
winter_security,2500,2024-06-05,3680.610984,3680.610984,0.0,23410.115016,0.0,0.0,0.0,226.184356,396.576539,111.725316,508.301855,1033.449719,98.169863,1131.619582,13.258682,16.289177,29.547859
winter_security,2500,2024-06-06,3680.610984,3680.610984,0.0,23615.396016,0.0,0.0,0.0,202.56896,391.567445,100.060329,491.627774,1019.408867,87.92017,1107.329037,13.93754,14.588461,28.526001
winter_security,2500,2024-06-07,3680.610984,3680.610984,0.0,22258.877016,0.0,0.0,0.0,180.310083,387.15415,89.065404,476.219554,1007.611345,78.259241,1085.870586,14.533237,12.985437,27.518674
winter_security,2500,2024-06-08,3680.610984,3680.610984,0.0,21431.133016,0.0,0.0,0.0,158.87895,385.011339,78.479349,463.490688,996.224152,68.957575,1065.181727,14.474257,11.442026,25.916283
winter_security,2500,2024-06-09,3680.610984,3680.610984,0.0,18180.697016,0.0,0.0,0.0,140.698253,383.822038,69.498869,453.320907,986.518362,61.066682,1047.585044,13.803066,10.132702,23.935768
winter_security,2500,2024-06-10,3680.610984,3680.610984,0.0,16012.158016,0.0,0.0,0.0,124.686095,381.557306,61.589553,443.146859,980.402046,54.116991,1034.519037,13.273426,8.97955,22.252976
winter_security,2500,2024-06-11,3680.610984,3680.610984,0.0,21117.533016,0.0,0.0,0.0,103.568562,379.345483,51.158403,430.503886,971.820837,44.951435,1016.772272,12.465402,7.458724,19.924126
winter_security,2500,2024-06-12,3680.610984,3680.610984,0.0,24001.870016,0.0,0.0,0.0,79.566692,374.619336,39.302514,413.92185,960.75287,34.534003,995.286873,12.662395,5.730175,18.39257
winter_security,2500,2024-06-13,3680.610984,3680.610984,0.0,23389.400016,0.0,0.0,0.0,56.177292,369.402056,27.749159,397.151215,949.216997,24.382398,973.599395,12.819871,4.045734,16.865605
winter_security,2500,2024-06-14,3680.610984,3680.610984,0.0,23218.559016,0.0,0.0,0.0,32.958733,364.717316,16.280192,380.997508,940.675873,14.304943,954.980816,13.025121,2.373598,15.398719
winter_security,2500,2024-06-15,3680.610984,3680.610984,0.0,18420.520016,0.0,0.0,0.0,14.538213,364.050203,7.18125,371.231453,935.501201,6.30996,941.811161,13.219165,1.047002,14.266167
winter_security,2500,2024-06-16,3680.610984,3680.610984,0.0,14538.212642,0.0,0.0,0.0,0.0,361.42201,0.0,361.42201,937.805023,0.0,937.805023,13.032199,0.0,13.032199
winter_security,2500,2024-06-17,3680.610984,3680.610984,0.0,0.0,0.0,0.0,0.0,0.0,358.684548,0.0,358.684548,935.594491,0.0,935.594491,13.219755,0.0,13.219755
winter_security,2500,2024-06-18,3680.610984,3680.610984,0.0,0.0,0.0,0.0,0.0,0.0,354.319562,0.0,354.319562,929.575838,0.0,929.575838,12.941959,0.0,12.941959
winter_security,2500,2024-06-19,3680.610984,3680.610984,0.0,0.0,0.0,0.0,0.0,0.0,349.671628,0.0,349.671628,928.602854,0.0,928.602854,13.074074,0.0,13.074074
winter_security,2500,2024-06-20,3680.610984,3680.610984,0.0,0.0,0.0,0.0,0.0,0.0,345.689657,0.0,345.689657,920.585028,0.0,920.585028,13.055201,0.0,13.055201
winter_security,2500,2024-06-21,3680.610984,3680.610984,0.0,0.0,0.0,0.0,0.0,0.0,340.19518,0.0,340.19518,914.279217,0.0,914.279217,12.971449,0.0,12.971449
winter_security,2500,2024-06-22,3680.610984,3680.610984,0.0,0.0,0.0,0.0,0.0,0.0,337.384106,0.0,337.384106,906.265035,0.0,906.265035,12.750275,0.0,12.750275
winter_security,2500,2024-06-23,3680.610984,3680.610984,0.0,0.0,0.0,0.0,0.0,0.0,336.715843,0.0,336.715843,899.398756,0.0,899.398756,12.638213,0.0,12.638213
winter_security,2500,2024-06-24,3680.610984,3680.610984,0.0,0.0,0.0,0.0,0.0,0.0,335.643862,0.0,335.643862,889.26806,0.0,889.26806,13.095897,0.0,13.095897
winter_security,2500,2024-06-25,3680.610984,3680.610984,0.0,0.0,0.0,0.0,0.0,0.0,332.090913,0.0,332.090913,877.238042,0.0,877.238042,13.294069,0.0,13.294069
winter_security,2500,2024-06-26,3680.610984,3680.610984,0.0,0.0,0.0,0.0,0.0,0.0,327.511991,0.0,327.511991,868.750852,0.0,868.750852,13.131875,0.0,13.131875
winter_security,2500,2024-06-27,3680.610984,3680.610984,0.0,0.0,0.0,0.0,0.0,0.0,323.804915,0.0,323.804915,863.32765,0.0,863.32765,12.838745,0.0,12.838745
winter_security,2500,2024-06-28,3680.610984,3680.610984,0.0,0.0,0.0,0.0,0.0,0.0,321.908245,0.0,321.908245,856.470117,0.0,856.470117,12.659446,0.0,12.659446
winter_security,2500,2024-06-29,3680.610984,3680.610984,0.0,0.0,0.0,0.0,0.0,0.0,321.253785,0.0,321.253785,847.743871,0.0,847.743871,12.741428,0.0,12.741428
winter_security,2500,2024-06-30,3680.610984,3680.610984,0.0,0.0,0.0,0.0,0.0,0.0,322.862906,0.0,322.862906,836.753889,0.0,836.753889,12.53087,0.0,12.53087
winter_security,2500,2024-07-01,3873.320286,3873.320286,0.0,0.0,0.0,0.0,0.0,0.0,323.163107,0.0,323.163107,833.611187,0.0,833.611187,13.806015,0.0,13.806015
winter_security,2500,2024-07-02,3873.320286,3873.320286,0.0,0.0,0.0,0.0,0.0,0.0,325.568163,0.0,325.568163,834.361878,0.0,834.361878,14.922504,0.0,14.922504
winter_security,2500,2024-07-03,3873.320286,3873.320286,0.0,0.0,0.0,0.0,0.0,0.0,324.708968,0.0,324.708968,828.817691,0.0,828.817691,13.163724,0.0,13.163724
winter_security,2500,2024-07-04,3873.320286,3873.320286,0.0,0.0,0.0,0.0,0.0,0.0,321.774823,0.0,321.774823,825.669888,0.0,825.669888,12.430014,0.0,12.430014
winter_security,2500,2024-07-05,3873.320286,3873.320286,0.0,0.0,0.0,0.0,0.0,0.0,316.487381,0.0,316.487381,820.369858,0.0,820.369858,12.562129,0.0,12.562129
winter_security,2500,2024-07-06,3873.320286,3873.320286,0.0,0.0,0.0,0.0,0.0,0.0,313.470422,0.0,313.470422,815.935674,0.0,815.935674,12.866465,0.0,12.866465
winter_security,2500,2024-07-07,3873.320286,3873.320286,0.0,0.0,0.0,0.0,0.0,0.0,311.14473,0.0,311.14473,811.106467,0.0,811.106467,13.166673,0.0,13.166673
winter_security,2500,2024-07-08,3873.320286,3873.320286,0.0,0.0,0.0,0.0,0.0,0.0,308.284197,0.0,308.284197,802.394069,0.0,802.394069,13.124207,0.0,13.124207
winter_security,2500,2024-07-09,3873.320286,3873.320286,0.0,0.0,0.0,0.0,0.0,0.0,304.102092,0.0,304.102092,786.719186,0.0,786.719186,12.757352,0.0,12.757352
winter_security,2500,2024-07-10,3873.320286,3873.320286,0.0,0.0,0.0,0.0,0.0,0.0,299.365593,0.0,299.365593,771.883913,0.0,771.883913,12.562719,0.0,12.562719
winter_security,2500,2024-07-11,3873.320286,3873.320286,0.0,0.0,0.0,0.0,0.0,0.0,293.037226,0.0,293.037226,759.340071,0.0,759.340071,12.64765,0.0,12.64765
winter_security,2500,2024-07-12,3873.320286,3873.320286,0.0,0.0,0.0,0.0,0.0,0.0,289.294494,0.0,289.294494,751.004477,0.0,751.004477,13.051072,0.0,13.051072
winter_security,2500,2024-07-13,3873.320286,3873.320286,0.0,0.0,0.0,0.0,0.0,0.0,289.50728,0.0,289.50728,738.633367,0.0,738.633367,13.206779,0.0,13.206779
winter_security,2500,2024-07-14,3873.320286,3873.320286,0.0,0.0,0.0,0.0,0.0,0.0,291.367144,0.0,291.367144,725.577889,0.0,725.577889,13.102975,0.0,13.102975
winter_security,2500,2024-07-15,3873.320286,3873.320286,0.0,0.0,0.0,0.0,0.0,0.0,293.565165,0.0,293.565165,713.868555,0.0,713.868555,12.750275,0.0,12.750275
winter_security,2500,2024-07-16,3873.320286,3873.320286,0.0,0.0,0.0,0.0,0.0,0.0,295.686123,0.0,295.686123,695.219329,0.0,695.219329,12.595158,0.0,12.595158
winter_security,2500,2024-07-17,3873.320286,3873.320286,0.0,0.0,0.0,0.0,0.0,0.0,297.736918,0.0,297.736918,674.084075,0.0,674.084075,12.931933,0.0,12.931933
winter_security,2500,2024-07-18,3873.320286,3873.320286,0.0,0.0,0.0,0.0,0.0,0.0,299.956793,0.0,299.956793,653.0924,0.0,653.0924,13.114181,0.0,13.114181
winter_security,2500,2024-07-19,3873.320286,3873.320286,0.0,0.0,0.0,0.0,0.0,0.0,302.535528,0.0,302.535528,631.857296,0.0,631.857296,12.907161,0.0,12.907161
winter_security,2500,2024-07-20,3873.320286,3873.320286,0.0,0.0,0.0,0.0,0.0,0.0,304.707094,0.0,304.707094,610.279644,0.0,610.279644,12.879441,0.0,12.879441
winter_security,2500,2024-07-21,3873.320286,3873.320286,0.0,0.0,0.0,0.0,0.0,0.0,307.28928,0.0,307.28928,593.43791,0.0,593.43791,12.91247,0.0,12.91247
winter_security,2500,2024-07-22,3873.320286,3873.320286,0.0,0.0,0.0,0.0,0.0,0.0,309.923224,0.0,309.923224,574.777023,0.0,574.777023,12.879441,0.0,12.879441
winter_security,2500,2024-07-23,3873.320286,3873.320286,0.0,0.0,0.0,0.0,0.0,0.0,311.326461,0.0,311.326461,554.905555,0.0,554.905555,12.723144,0.0,12.723144
winter_security,2500,2024-07-24,3873.320286,3873.320286,0.0,0.0,0.0,0.0,0.0,0.0,311.853249,0.0,311.853249,532.735367,0.0,532.735367,12.688936,0.0,12.688936
winter_security,2500,2024-07-25,3873.320286,3873.320286,0.0,0.0,0.0,0.0,0.0,0.0,311.638163,0.0,311.638163,515.47893,0.0,515.47893,12.913649,0.0,12.913649
winter_security,2500,2024-07-26,3873.320286,3873.320286,0.0,0.0,0.0,0.0,0.0,0.0,309.01342,0.0,309.01342,499.143002,0.0,499.143002,13.031609,0.0,13.031609
winter_security,2500,2024-07-27,3873.320286,3873.320286,0.0,0.0,0.0,0.0,0.0,0.0,306.589962,0.0,306.589962,487.30758,0.0,487.30758,12.883569,0.0,12.883569
winter_security,2500,2024-07-28,3873.320286,3873.320286,0.0,0.0,0.0,0.0,0.0,0.0,306.351872,0.0,306.351872,476.62662,0.0,476.62662,12.761481,0.0,12.761481
winter_security,2500,2024-07-29,3873.320286,3873.320286,0.0,0.0,0.0,0.0,0.0,0.0,306.239152,0.0,306.239152,469.944005,0.0,469.944005,13.187906,0.0,13.187906
winter_security,2500,2024-07-30,3873.320286,3873.320286,0.0,0.0,0.0,0.0,0.0,0.0,310.01984,0.0,310.01984,466.596503,0.0,466.596503,14.581601,0.0,14.581601
winter_security,2500,2024-07-31,3873.320286,3873.320286,0.0,0.0,0.0,0.0,0.0,0.0,311.364417,0.0,311.364417,458.84397,0.0,458.84397,14.99446,0.0,14.99446
winter_security,2500,2024-08-01,5500.415487,5500.415487,0.0,0.0,0.0,0.0,0.0,0.0,312.442149,0.0,312.442149,448.525238,0.0,448.525238,14.858806,0.0,14.858806
winter_security,2500,2024-08-02,5500.415487,5500.415487,0.0,0.0,0.0,0.0,0.0,0.0,311.953316,0.0,311.953316,439.283711,0.0,439.283711,14.541494,0.0,14.541494
winter_security,2500,2024-08-03,5500.415487,5500.415487,0.0,0.0,0.0,0.0,0.0,0.0,311.050414,0.0,311.050414,430.039998,0.0,430.039998,13.930463,0.0,13.930463
winter_security,2500,2024-08-04,5500.415487,5500.415487,0.0,0.0,0.0,0.0,0.0,0.0,307.147806,0.0,307.147806,421.51418,0.0,421.51418,12.995631,0.0,12.995631
winter_security,2500,2024-08-05,5500.415487,5500.415487,0.0,0.0,0.0,0.0,0.0,0.0,304.899176,0.0,304.899176,408.474007,0.0,408.474007,12.532049,0.0,12.532049
winter_security,2500,2024-08-06,5500.415487,5500.415487,0.0,0.0,0.0,0.0,0.0,0.0,302.774768,0.0,302.774768,393.175929,0.0,393.175929,12.744967,0.0,12.744967
winter_security,2500,2024-08-07,5500.415487,5500.415487,0.0,0.0,0.0,0.0,0.0,0.0,301.299069,0.0,301.299069,371.90074,0.0,371.90074,12.808665,0.0,12.808665
winter_security,2500,2024-08-08,5500.415487,5500.415487,0.0,0.0,0.0,0.0,0.0,0.0,299.833722,0.0,299.833722,355.960564,0.0,355.960564,13.14662,0.0,13.14662
winter_security,2500,2024-08-09,5500.415487,5500.415487,0.0,0.0,0.0,0.0,0.0,0.0,299.188463,0.0,299.188463,342.639065,0.0,342.639065,13.199112,0.0,13.199112
winter_security,2500,2024-08-10,5500.415487,5500.415487,0.0,0.0,0.0,0.0,0.0,0.0,297.657555,0.0,297.657555,335.721039,0.0,335.721039,12.945498,0.0,12.945498
winter_security,2500,2024-08-11,5500.415487,5500.415487,0.0,0.0,0.0,0.0,0.0,0.0,295.713727,0.0,295.713727,329.335785,0.0,329.335785,12.672421,0.0,12.672421
winter_security,2500,2024-08-12,5500.415487,5500.415487,0.0,0.0,0.0,0.0,0.0,0.0,295.234096,0.0,295.234096,324.209945,0.0,324.209945,12.612852,0.0,12.612852
winter_security,2500,2024-08-13,5500.415487,5500.415487,0.0,0.0,0.0,0.0,0.0,0.0,293.975784,0.0,293.975784,316.633788,0.0,316.633788,13.017454,0.0,13.017454
winter_security,2500,2024-08-14,5500.415487,5500.415487,0.0,0.0,0.0,0.0,0.0,0.0,293.235059,0.0,293.235059,308.113801,0.0,308.113801,13.180828,0.0,13.180828
winter_security,2500,2024-08-15,5500.415487,5500.415487,0.0,0.0,0.0,0.0,0.0,0.0,293.876867,0.0,293.876867,302.311609,0.0,302.311609,12.988554,0.0,12.988554
winter_security,2500,2024-08-16,5500.415487,5500.415487,0.0,0.0,0.0,0.0,0.0,0.0,295.913861,0.0,295.913861,299.606932,0.0,299.606932,12.772097,0.0,12.772097
winter_security,2500,2024-08-17,5500.415487,5500.415487,0.0,0.0,0.0,0.0,0.0,0.0,294.412858,0.0,294.412858,301.68336,0.0,301.68336,13.077023,0.0,13.077023
winter_security,2500,2024-08-18,5500.415487,5500.415487,0.0,0.0,0.0,0.0,0.0,0.0,293.432893,0.0,293.432893,306.275699,0.0,306.275699,12.849361,0.0,12.849361
winter_security,2500,2024-08-19,5500.415487,5500.415487,0.0,0.0,0.0,0.0,0.0,0.0,291.470662,0.0,291.470662,308.537978,0.0,308.537978,12.61639,0.0,12.61639
winter_security,2500,2024-08-20,5500.415487,5500.415487,0.0,0.0,0.0,0.0,0.0,0.0,290.013366,0.0,290.013366,303.49158,0.0,303.49158,12.671242,0.0,12.671242
winter_security,2500,2024-08-21,5500.415487,5500.415487,0.0,0.0,0.0,0.0,0.0,0.0,288.859721,0.0,288.859721,296.340329,0.0,296.340329,12.658856,0.0,12.658856
winter_security,2500,2024-08-22,5500.415487,5500.415487,0.0,0.0,0.0,0.0,0.0,0.0,288.121297,0.0,288.121297,291.58692,0.0,291.58692,12.665934,0.0,12.665934
winter_security,2500,2024-08-23,5500.415487,5500.415487,0.0,0.0,0.0,0.0,0.0,0.0,289.616549,0.0,289.616549,297.997682,0.0,297.997682,13.454495,0.0,13.454495
winter_security,2500,2024-08-24,5500.415487,5500.415487,0.0,0.0,0.0,0.0,0.0,0.0,296.707495,0.0,296.707495,311.205485,0.0,311.205485,14.372812,0.0,14.372812
winter_security,2500,2024-08-25,5500.415487,5500.415487,0.0,0.0,0.0,0.0,0.0,0.0,298.445438,0.0,298.445438,321.803358,0.0,321.803358,15.495789,0.0,15.495789
winter_security,2500,2024-08-26,5500.415487,5500.415487,0.0,0.0,0.0,0.0,0.0,0.0,300.567546,0.0,300.567546,333.389521,0.0,333.389521,19.230396,0.0,19.230396
winter_security,2500,2024-08-27,5500.415487,5500.415487,0.0,0.0,0.0,0.0,0.0,0.0,301.452045,0.0,301.452045,343.258567,0.0,343.258567,17.971765,0.0,17.971765
winter_security,2500,2024-08-28,5500.415487,5500.415487,0.0,0.0,0.0,0.0,0.0,0.0,303.062317,0.0,303.062317,353.037239,0.0,353.037239,16.394643,0.0,16.394643
winter_security,2500,2024-08-29,5500.415487,5500.415487,0.0,0.0,0.0,0.0,0.0,0.0,306.478393,0.0,306.478393,362.696384,0.0,362.696384,15.475146,0.0,15.475146
winter_security,2500,2024-08-30,5500.415487,5500.415487,0.0,0.0,0.0,0.0,0.0,0.0,312.798709,0.0,312.798709,374.774505,0.0,374.774505,14.592217,0.0,14.592217
winter_security,2500,2024-08-31,5500.415487,5500.415487,0.0,0.0,0.0,0.0,0.0,0.0,320.877672,0.0,320.877672,385.043677,0.0,385.043677,11.746437,0.0,11.746437
winter_security,2500,2024-09-01,6862.364557,6862.364557,0.0,0.0,0.0,0.0,0.0,0.0,338.346818,0.0,338.346818,398.161834,0.0,398.161834,12.388138,0.0,12.388138
winter_security,2500,2024-09-02,6862.364557,6862.364557,0.0,0.0,0.0,0.0,0.0,0.0,358.627039,0.0,358.627039,415.040739,0.0,415.040739,16.143978,0.0,16.143978
winter_security,2500,2024-09-03,6862.364557,6862.364557,0.0,0.0,0.0,0.0,0.0,0.0,380.527883,0.0,380.527883,432.435653,0.0,432.435653,22.177032,0.0,22.177032
winter_security,2500,2024-09-04,6862.364557,6862.364557,0.0,0.0,0.0,0.0,0.0,0.0,403.439747,0.0,403.439747,452.526498,0.0,452.526498,26.29265,0.0,26.29265
winter_security,2500,2024-09-05,6862.364557,6862.364557,0.0,0.0,0.0,0.0,0.0,0.0,413.031215,0.0,413.031215,470.575898,0.0,470.575898,24.240149,0.0,24.240149
winter_security,2500,2024-09-06,6862.364557,6862.364557,0.0,0.0,0.0,0.0,0.0,0.0,418.879951,0.0,418.879951,485.185236,0.0,485.185236,19.800732,0.0,19.800732
winter_security,2500,2024-09-07,6862.364557,6862.364557,0.0,0.0,0.0,0.0,0.0,0.0,428.06425,0.0,428.06425,496.847925,0.0,496.847925,16.28671,0.0,16.28671
winter_security,2500,2024-09-08,6862.364557,6862.364557,0.0,0.0,0.0,0.0,0.0,0.0,440.842906,0.0,440.842906,508.981437,0.0,508.981437,18.090315,0.0,18.090315
winter_security,2500,2024-09-09,6862.364557,6862.364557,0.0,0.0,0.0,0.0,0.0,0.0,451.248711,0.0,451.248711,522.888185,0.0,522.888185,15.797766,0.0,15.797766
winter_security,2500,2024-09-10,6862.364557,6862.364557,0.0,0.0,0.0,0.0,0.0,0.0,457.7059,0.0,457.7059,537.880157,0.0,537.880157,15.797766,0.0,15.797766
winter_security,2500,2024-09-11,6862.364557,6862.364557,0.0,0.0,0.0,0.0,0.0,0.0,462.735698,0.0,462.735698,551.265064,0.0,551.265064,15.509944,0.0,15.509944
winter_security,2500,2024-09-12,6862.364557,6862.364557,0.0,0.0,0.0,0.0,0.0,0.0,464.987778,0.0,464.987778,563.040722,0.0,563.040722,14.811032,0.0,14.811032
winter_security,2500,2024-09-13,6862.364557,6862.364557,0.0,0.0,0.0,0.0,0.0,0.0,467.333024,0.0,467.333024,576.82357,0.0,576.82357,15.387266,0.0,15.387266
winter_security,2500,2024-09-14,6862.364557,6862.364557,0.0,0.0,0.0,0.0,0.0,0.0,470.474204,0.0,470.474204,592.208379,0.0,592.208379,15.72935,0.0,15.72935
winter_security,2500,2024-09-15,6862.364557,6862.364557,0.0,0.0,0.0,0.0,0.0,0.0,472.52845,0.0,472.52845,604.618845,0.0,604.618845,14.99446,0.0,14.99446
winter_security,2500,2024-09-16,6862.364557,6862.364557,0.0,0.0,0.0,0.0,0.0,0.0,473.725802,0.0,473.725802,616.385757,0.0,616.385757,13.939899,0.0,13.939899
winter_security,2500,2024-09-17,6862.364557,6862.364557,0.0,0.0,0.0,0.0,0.0,0.0,474.373361,0.0,474.373361,623.362089,0.0,623.362089,12.964372,0.0,12.964372
winter_security,2500,2024-09-18,6862.364557,6862.364557,0.0,0.0,0.0,0.0,0.0,0.0,471.608295,0.0,471.608295,628.644627,0.0,628.644627,12.550333,0.0,12.550333
winter_security,2500,2024-09-19,6862.364557,6862.364557,0.0,0.0,0.0,0.0,0.0,0.0,470.447749,0.0,470.447749,637.954663,0.0,637.954663,12.661805,0.0,12.661805
winter_security,2500,2024-09-20,6862.364557,6862.364557,0.0,0.0,0.0,0.0,0.0,0.0,469.2688,0.0,469.2688,647.543111,0.0,647.543111,13.471599,0.0,13.471599
winter_security,2500,2024-09-21,6862.364557,6862.364557,0.0,0.0,0.0,0.0,0.0,0.0,469.97962,0.0,469.97962,656.122863,0.0,656.122863,14.653556,0.0,14.653556
winter_security,2500,2024-09-22,6862.364557,6862.364557,0.0,0.0,0.0,0.0,0.0,0.0,475.300418,0.0,475.300418,663.710681,0.0,663.710681,13.854968,0.0,13.854968
winter_security,2500,2024-09-23,6862.364557,6862.364557,0.0,0.0,0.0,0.0,0.0,0.0,480.659171,0.0,480.659171,669.542025,0.0,669.542025,14.190564,0.0,14.190564
winter_security,2500,2024-09-24,6862.364557,6862.364557,0.0,0.0,0.0,0.0,0.0,0.0,483.564561,0.0,483.564561,677.404611,0.0,677.404611,13.73347,0.0,13.73347
winter_security,2500,2024-09-25,6862.364557,6862.364557,0.0,0.0,0.0,0.0,0.0,0.0,484.462863,0.0,484.462863,684.396248,0.0,684.396248,12.515535,0.0,12.515535
winter_security,2500,2024-09-26,6862.364557,6862.364557,0.0,0.0,0.0,0.0,0.0,0.0,484.628491,0.0,484.628491,692.449058,0.0,692.449058,11.639683,0.0,11.639683
winter_security,2500,2024-09-27,6862.364557,6862.364557,0.0,0.0,0.0,0.0,0.0,0.0,488.543751,0.0,488.543751,703.720368,0.0,703.720368,15.385497,0.0,15.385497
winter_security,2500,2024-09-28,6862.364557,6862.364557,0.0,0.0,0.0,0.0,0.0,0.0,490.96491,0.0,490.96491,714.89693,0.0,714.89693,15.240996,0.0,15.240996
winter_security,2500,2024-09-29,6862.364557,6862.364557,0.0,0.0,0.0,0.0,0.0,0.0,492.501569,0.0,492.501569,726.424057,0.0,726.424057,14.145739,0.0,14.145739
winter_security,2500,2024-09-30,6862.364557,6862.364557,0.0,0.0,0.0,0.0,0.0,0.0,269.857366,0.0,269.857366,737.381242,0.0,737.381242,12.819281,0.0,12.819281
winter_security,2500,2024-10-01,7918.165517,7918.165517,0.0,0.0,0.0,0.0,0.0,0.0,265.507332,0.0,265.507332,745.75838,0.0,745.75838,11.7659,0.0,11.7659
winter_security,2500,2024-10-02,7918.165517,7918.165517,0.0,0.0,0.0,0.0,0.0,0.0,260.587953,0.0,260.587953,755.429186,0.0,755.429186,11.727563,0.0,11.727563
winter_security,2500,2024-10-03,7918.165517,7918.165517,0.0,0.0,0.0,0.0,0.0,0.0,264.673442,0.0,264.673442,771.687858,0.0,771.687858,14.514364,0.0,14.514364
winter_security,2500,2024-10-04,7918.165517,7918.165517,0.0,0.0,0.0,0.0,0.0,0.0,270.598091,0.0,270.598091,786.951682,0.0,786.951682,15.338903,0.0,15.338903
winter_security,2500,2024-10-05,7918.165517,7918.165517,0.0,0.0,0.0,0.0,0.0,0.0,274.818153,0.0,274.818153,800.527543,0.0,800.527543,18.754429,0.0,18.754429
winter_security,2500,2024-10-06,7918.165517,7918.165517,0.0,0.0,0.0,0.0,0.0,0.0,277.94323,0.0,277.94323,813.947434,0.0,813.947434,23.935813,0.0,23.935813
winter_security,2500,2024-10-07,7918.165517,7918.165517,0.0,0.0,0.0,0.0,0.0,0.0,282.785547,0.0,282.785547,823.987026,0.0,823.987026,26.560418,0.0,26.560418
winter_security,2500,2024-10-08,7918.165517,7918.165517,0.0,0.0,0.0,0.0,0.0,0.0,291.592582,0.0,291.592582,832.644762,0.0,832.644762,27.195042,0.0,27.195042
winter_security,2500,2024-10-09,7918.165517,7918.165517,0.0,0.0,0.0,0.0,0.0,0.0,303.02091,0.0,303.02091,841.560503,0.0,841.560503,27.623826,0.0,27.623826
winter_security,2500,2024-10-10,7918.165517,7918.165517,0.0,0.0,0.0,0.0,0.0,0.0,309.242309,0.0,309.242309,849.483581,0.0,849.483581,25.29353,0.0,25.29353
winter_security,2500,2024-10-11,7918.165517,7918.165517,0.0,0.0,0.0,0.0,0.0,0.0,312.936732,0.0,312.936732,856.12028,0.0,856.12028,23.214489,0.0,23.214489
winter_security,2500,2024-10-12,7918.165517,7812.818,105.347517,0.0,0.0,0.0,0.0,0.105348,320.150749,0.041245,320.191994,860.682737,0.059376,860.742113,21.389061,0.004727,21.393788
winter_security,2500,2024-10-13,7918.165517,7918.165517,0.0,105.347517,0.0,0.0,0.0,0.0,327.089869,0.0,327.089869,865.431773,0.0,865.431773,21.857361,0.0,21.857361
winter_security,2500,2024-10-14,7918.165517,7918.165517,0.0,0.0,0.0,0.0,0.0,0.0,333.330822,0.0,333.330822,869.476034,0.0,869.476034,19.479292,0.0,19.479292
winter_security,2500,2024-10-15,7918.165517,7918.165517,0.0,0.0,0.0,0.0,0.0,0.0,335.022757,0.0,335.022757,871.22449,0.0,871.22449,16.366922,0.0,16.366922
winter_security,2500,2024-10-16,7918.165517,7918.165517,0.0,0.0,0.0,0.0,0.0,0.0,335.282701,0.0,335.282701,870.90818,0.0,870.90818,15.004487,0.0,15.004487
winter_security,2500,2024-10-17,7918.165517,7918.165517,0.0,0.0,0.0,0.0,0.0,0.0,334.847928,0.0,334.847928,865.500283,0.0,865.500283,13.669182,0.0,13.669182
winter_security,2500,2024-10-18,7918.165517,7918.165517,0.0,0.0,0.0,0.0,0.0,0.0,333.25951,0.0,333.25951,860.751246,0.0,860.751246,12.982066,0.0,12.982066
winter_security,2500,2024-10-19,7918.165517,7918.165517,0.0,0.0,0.0,0.0,0.0,0.0,327.241695,0.0,327.241695,862.140391,0.0,862.140391,13.109462,0.0,13.109462
winter_security,2500,2024-10-20,7918.165517,7918.165517,0.0,0.0,0.0,0.0,0.0,0.0,320.472803,0.0,320.472803,867.756003,0.0,867.756003,12.987374,0.0,12.987374
winter_security,2500,2024-10-21,7918.165517,7918.165517,0.0,0.0,0.0,0.0,0.0,0.0,313.913247,0.0,313.913247,873.453243,0.0,873.453243,12.49902,0.0,12.49902
winter_security,2500,2024-10-22,7918.165517,7918.165517,0.0,0.0,0.0,0.0,0.0,0.0,307.564176,0.0,307.564176,876.020172,0.0,876.020172,11.566548,0.0,11.566548
winter_security,2500,2024-10-23,7918.165517,7918.165517,0.0,0.0,0.0,0.0,0.0,0.0,301.830459,0.0,301.830459,880.928093,0.0,880.928093,7.731085,0.0,7.731085
winter_security,2500,2024-10-24,7918.165517,7918.165517,0.0,0.0,0.0,0.0,0.0,0.0,300.05686,0.0,300.05686,893.832704,0.0,893.832704,7.263375,0.0,7.263375
winter_security,2500,2024-10-25,7918.165517,7699.558,218.607517,0.0,0.0,0.0,0.0,0.218608,317.689334,0.088609,317.777943,916.167607,0.120286,916.287893,24.698423,0.009712,24.708135
winter_security,2500,2024-10-26,7918.165517,7918.165517,0.0,89.659483,0.0,0.0,0.0,0.128948,351.425674,0.052267,351.477941,949.53185,0.070952,949.602802,32.490258,0.005729,32.495987
winter_security,2500,2024-10-27,7918.165517,7096.929,821.236517,0.0,0.0,0.0,0.0,0.950185,377.37175,0.381024,377.752774,974.365901,0.528616,974.894517,33.682241,0.040544,33.722785
winter_security,2500,2024-10-28,7918.165517,7918.165517,0.0,950.18455,0.0,0.0,0.0,0.0,394.348614,0.0,394.348614,990.859256,0.0,990.859256,31.248141,-0.0,31.248141
winter_security,2500,2024-10-29,7918.165517,7918.165517,0.0,0.0,0.0,0.0,0.0,0.0,408.61447,0.0,408.61447,1004.899379,0.0,1004.899379,27.893954,0.0,27.893954
winter_security,2500,2024-10-30,7918.165517,7918.165517,0.0,0.0,0.0,0.0,0.0,0.0,417.423806,0.0,417.423806,1018.616632,0.0,1018.616632,25.627356,0.0,25.627356
winter_security,2500,2024-10-31,7918.165517,7887.189,30.976517,0.0,0.0,0.0,0.0,0.030977,422.988444,0.012238,423.000682,1033.430041,0.017126,1033.447167,22.658308,0.001612,22.65992
winter_security,2500,2024-11-01,9216.561519,4805.461,4411.100519,0.0,0.0,0.0,0.0,4.442077,425.990451,1.76826,427.758711,1048.510201,2.443102,1050.953303,23.830829,0.230715,24.061544
winter_security,2500,2024-11-02,9216.561519,4114.072,5102.489519,0.0,0.0,0.0,0.0,9.544567,430.07709,3.81343,433.89052,1062.790837,5.239339,1068.030176,26.062628,0.491798,26.554426
winter_security,2500,2024-11-03,9216.561519,3092.313,6124.248519,0.0,0.0,0.0,0.0,15.668815,430.425599,6.29378,436.719379,1078.244156,8.568897,1086.813053,26.664813,0.806138,27.470951
winter_security,2500,2024-11-04,9216.561519,3732.801,5483.760519,0.0,0.0,0.0,0.0,21.152576,428.642798,8.537064,437.179862,1092.540826,11.517994,1104.05882,24.539177,1.097517,25.636694
winter_security,2500,2024-11-05,9216.561519,4651.275,4565.286519,0.0,0.0,0.0,0.0,25.717862,426.585101,10.421988,437.007089,1106.357928,13.944198,1120.302126,21.295872,1.351676,22.647548
winter_security,2500,2024-11-06,9216.561519,7356.725,1859.836519,0.0,0.0,0.0,0.0,27.577699,425.555677,11.196485,436.752162,1119.599986,14.922318,1134.522304,18.995656,1.458895,20.454551
winter_security,2500,2024-11-07,9216.561519,5245.734,3970.827519,0.0,0.0,0.0,0.0,31.548526,425.499318,12.860047,438.359365,1131.664988,16.989589,1148.654577,15.491071,1.69889,17.189961
winter_security,2500,2024-11-08,9216.561519,2768.567,6447.994519,0.0,0.0,0.0,0.0,37.996521,426.535643,15.586169,442.121812,1147.74437,20.309754,1168.054124,13.795988,2.100597,15.896585
winter_security,2500,2024-11-09,9216.561519,2243.053,6973.508519,0.0,0.0,0.0,0.0,44.970029,452.280435,18.585,470.865435,1182.072121,23.946379,1206.0185,37.281785,2.43865,39.720435
winter_security,2500,2024-11-10,9216.561519,2166.441,7050.120519,0.0,0.0,0.0,0.0,52.02015,502.609474,21.624474,524.233948,1233.808635,27.687116,1261.495751,55.286579,2.70856,57.995139
winter_security,2500,2024-11-11,9216.561519,4281.641,4934.920519,0.0,0.0,0.0,0.0,56.95507,522.675758,23.783473,546.459231,1278.038959,30.258564,1308.297523,54.161242,2.913033,57.074275
winter_security,2500,2024-11-12,9216.561519,5733.529,3483.032519,0.0,0.0,0.0,0.0,60.438103,531.256205,25.328442,556.584647,1308.837001,32.032653,1340.869654,49.471161,3.077008,52.548169
winter_security,2500,2024-11-13,9216.561519,4403.102,4813.459519,0.0,0.0,0.0,0.0,65.251562,536.053665,27.48478,563.538445,1330.509401,34.435431,1364.944832,44.365271,3.331351,47.696622
winter_security,2500,2024-11-14,9216.561519,4839.653,4376.908519,0.0,0.0,0.0,0.0,69.628471,539.061422,29.464889,568.526311,1349.268679,36.57693,1385.845609,39.558409,3.586652,43.145061
winter_security,2500,2024-11-15,9216.561519,3325.097,5891.464519,0.0,0.0,0.0,0.0,75.519935,550.027372,32.142708,582.17008,1369.768396,39.422389,1409.190785,37.058841,3.954839,41.01368
winter_security,2500,2024-11-16,9216.561519,2240.284,6976.277519,0.0,0.0,0.0,0.0,82.496213,564.134501,35.316816,599.451317,1390.279046,42.755409,1433.034455,34.459007,4.423987,38.882994
winter_security,2500,2024-11-17,9216.561519,2237.171,6979.390519,0.0,0.0,0.0,0.0,89.475603,571.705078,38.516567,610.221645,1410.821763,46.021549,1456.843312,30.132831,4.937488,35.070319
winter_security,2500,2024-11-18,9216.561519,2576.192,6640.369519,0.0,0.0,0.0,0.0,96.115973,574.794499,41.596727,616.391226,1430.474584,49.045547,1479.520131,24.870644,5.473698,30.344342
winter_security,2500,2024-11-19,9216.561519,2680.226,6536.335519,0.0,0.0,0.0,0.0,102.652308,576.668165,44.658532,621.326697,1446.027023,51.951153,1497.978176,20.290855,6.042623,26.333478
winter_security,2500,2024-11-20,9216.561519,2725.872,6490.689519,0.0,0.0,0.0,0.0,109.142998,577.41004,47.71976,625.1298,1457.076769,54.779805,1511.856574,16.096794,6.643433,22.740227
winter_security,2500,2024-11-21,9216.561519,2471.993,6744.568519,0.0,0.0,0.0,0.0,115.887566,575.729607,50.927375,626.656982,1464.577128,57.67343,1522.250558,13.991212,7.286761,21.277973
winter_security,2500,2024-11-22,9216.561519,2539.781,6676.780519,0.0,0.0,0.0,0.0,122.564347,573.763925,54.127177,627.891102,1469.872785,60.50509,1530.377875,13.138952,7.93208,21.071032
winter_security,2500,2024-11-23,9216.561519,1866.447,7350.114519,0.0,0.0,0.0,0.0,129.914461,571.094325,57.666997,628.761322,1471.368338,63.60445,1534.972788,12.944319,8.643014,21.587333
winter_security,2500,2024-11-24,9216.561519,3045.187,6171.374519,0.0,0.0,0.0,0.0,136.085836,567.617288,60.65299,628.270278,1471.483492,66.195956,1537.679448,13.048713,9.236891,22.285604
winter_security,2500,2024-11-25,9216.561519,3618.655,5597.906519,0.0,0.0,0.0,0.0,141.683743,563.567455,63.389059,626.956514,1476.13268,68.516386,1544.649066,12.659446,9.778298,22.437744
winter_security,2500,2024-11-26,9216.561519,3082.769,6133.792519,0.0,0.0,0.0,0.0,147.817535,559.538326,66.412014,625.95034,1478.974376,71.034381,1550.008757,12.592209,10.37114,22.963349
winter_security,2500,2024-11-27,9216.561519,4870.567,4345.994519,0.0,0.0,0.0,0.0,152.16353,556.815817,68.55534,625.371157,1476.824337,72.819071,1549.643408,12.512586,10.789118,23.301704
winter_security,2500,2024-11-28,9216.561519,5652.013,3564.548519,0.0,0.0,0.0,0.0,155.728078,557.300048,70.309676,627.609724,1475.93371,74.285387,1550.219097,12.191145,11.133015,23.32416
winter_security,2500,2024-11-29,9216.561519,5186.147,4030.414519,0.0,0.0,0.0,0.0,159.758493,556.48111,72.301924,628.783034,1478.405162,75.935211,1554.340373,12.481326,11.521357,24.002683
winter_security,2500,2024-11-30,9216.561519,2037.891,7178.670519,0.0,0.0,0.0,0.0,166.937163,555.394177,75.881923,631.2761,1484.27805,78.840585,1563.118635,12.788022,12.214654,25.002676
winter_security,2500,2024-12-01,9720.202495,1865.197,7855.005495,0.0,0.0,0.0,0.0,174.792169,554.633899,79.852816,634.486715,1494.792109,81.954338,1576.746447,12.50138,12.985015,25.486395
winter_security,2500,2024-12-02,9720.202495,4729.009,4991.193495,0.0,0.0,0.0,0.0,179.783362,552.592304,82.404376,634.99668,1501.609556,83.901979,1585.511535,12.582772,13.477007,26.059779
winter_security,2500,2024-12-03,9720.202495,4032.052,5688.150495,0.0,0.0,0.0,0.0,185.471513,550.587516,85.334535,635.922051,1505.338235,86.100426,1591.438661,12.946678,14.036552,26.98323
winter_security,2500,2024-12-04,9720.202495,4040.736,5679.466495,0.0,0.0,0.0,0.0,191.150979,550.094083,88.30394,638.398023,1513.565963,88.264673,1601.830636,15.719913,14.582366,30.302279
winter_security,2500,2024-12-05,9720.202495,3492.548,6227.654495,0.0,0.0,0.0,0.0,197.378634,554.068003,91.62387,645.691873,1528.627173,90.581949,1619.209122,18.801023,15.172814,33.973837
winter_security,2500,2024-12-06,9720.202495,4238.664,5481.538495,0.0,0.0,0.0,0.0,202.860172,558.920672,94.60676,653.527432,1549.076601,92.532131,1641.608732,17.339501,15.721281,33.060782
winter_security,2500,2024-12-07,9720.202495,2493.363,7226.839495,0.0,0.0,0.0,0.0,210.087012,560.80584,98.621987,659.427827,1568.980138,94.960558,1663.940696,13.423825,16.504466,29.928291
winter_security,2500,2024-12-08,9720.202495,2323.79,7396.412495,0.0,0.0,0.0,0.0,217.483424,561.881271,102.833763,664.715034,1587.814485,97.304208,1685.118693,11.895656,17.345453,29.241109
winter_security,2500,2024-12-09,9720.202495,3269.917,6450.285495,0.0,0.0,0.0,0.0,223.93371,565.85059,106.598623,672.449213,1603.957274,99.256573,1703.213847,14.514364,18.078513,32.592877
winter_security,2500,2024-12-10,9720.202495,3089.807,6630.395495,0.0,0.0,0.0,0.0,230.564105,571.079372,110.512768,681.59214,1614.266532,101.203492,1715.470024,14.871782,18.847846,33.719628
winter_security,2500,2024-12-11,9720.202495,4300.004,5420.198495,0.0,0.0,0.0,0.0,235.984304,571.72003,113.728137,685.448167,1619.60519,102.757282,1722.362472,12.898314,19.498884,32.397198
winter_security,2500,2024-12-12,9720.202495,7071.162,2649.040495,0.0,0.0,0.0,0.0,238.633344,569.488654,115.302116,684.79077,1620.308508,103.509953,1723.818461,11.616681,19.821275,31.437956
winter_security,2500,2024-12-13,9720.202495,3182.089,6538.113495,0.0,0.0,0.0,0.0,245.171458,565.511283,119.221329,684.732612,1621.303357,105.352195,1726.655552,13.170801,20.597933,33.768734
winter_security,2500,2024-12-14,9720.202495,1892.331,7827.871495,0.0,0.0,0.0,0.0,252.999329,563.766439,124.048535,687.814974,1634.146746,107.434704,1741.58145,15.64029,21.516091,37.156381
winter_security,2500,2024-12-15,9720.202495,1939.625,7780.577495,0.0,0.0,0.0,0.0,260.779907,570.515777,129.079293,699.59507,1655.063352,109.340184,1764.403536,24.574565,22.36043,46.934995
winter_security,2500,2024-12-16,9720.202495,4116.119,5604.083495,0.0,0.0,0.0,0.0,266.38399,576.920057,132.829654,709.749711,1676.611123,110.543752,1787.154875,23.823751,23.010585,46.834336
winter_security,2500,2024-12-17,9720.202495,1931.968,7788.234495,0.0,0.0,0.0,0.0,274.172225,579.197442,138.235208,717.43265,1697.471609,111.943229,1809.414838,21.4504,23.993787,45.444187
winter_security,2500,2024-12-18,9720.202495,1901.339,7818.863495,0.0,0.0,0.0,0.0,281.991088,578.159967,143.860625,722.020592,1715.512264,113.077939,1828.590203,19.238654,25.052525,44.291179
winter_security,2500,2024-12-19,9720.202495,1543.331,8176.871495,0.0,0.0,-0.0,0.0,290.16796,575.082047,149.888577,724.970624,1727.371737,114.056993,1841.42873,16.795706,26.22239,43.018096
winter_security,2500,2024-12-20,9720.202495,2628.882,7091.320495,0.0,0.0,0.0,0.0,297.25928,571.603861,155.229177,726.833038,1736.893133,114.753444,1851.646577,15.070544,27.276659,42.347203
winter_security,2500,2024-12-21,9720.202495,2254.907,7465.295495,0.0,0.0,0.0,0.0,304.724575,569.336828,161.002703,730.339531,1747.243934,115.309344,1862.553278,14.831675,28.412528,43.244203
winter_security,2500,2024-12-22,9720.202495,2036.176,7684.026495,0.0,0.0,0.0,0.0,312.408602,566.520003,167.135138,733.655141,1758.588855,115.669302,1874.258157,15.025719,29.604162,44.629881
winter_security,2500,2024-12-23,9720.202495,2022.988,7697.214495,0.0,0.0,0.0,0.0,320.105816,562.961303,173.335981,736.297284,1761.245429,115.975299,1877.220728,15.05344,30.794537,45.847977
winter_security,2500,2024-12-24,9720.202495,2014.282,7705.920495,0.0,0.0,0.0,0.0,327.811737,558.602068,179.542811,738.144879,1759.156611,116.319768,1875.476379,16.027788,31.949158,47.976946
winter_security,2500,2024-12-25,9720.202495,2047.353,7672.849495,0.0,0.0,0.0,0.0,335.484586,554.555685,185.703424,740.259109,1757.070708,116.699583,1873.770291,15.942857,33.08158,49.024437
winter_security,2500,2024-12-26,9720.202495,2182.42,7537.782495,0.0,0.0,0.0,0.0,343.022369,551.432909,191.850196,743.283105,1762.068275,116.972002,1879.040277,15.918675,34.200171,50.118846
winter_security,2500,2024-12-27,9720.202495,2067.668,7652.534495,0.0,0.0,0.0,0.0,350.674903,551.67675,198.189944,749.866694,1768.801179,117.107547,1885.908726,14.875321,35.377412,50.252733
winter_security,2500,2024-12-28,9720.202495,2547.943,7172.259495,0.0,0.0,0.0,0.0,357.847163,552.837296,204.182857,757.020153,1771.943881,117.17024,1889.114121,14.908939,36.494066,51.403005
winter_security,2500,2024-12-29,9720.202495,2769.536,6950.666495,0.0,159.252054,0.0,0.0,364.638577,549.658159,210.04216,759.700319,1775.027548,117.010988,1892.038536,14.335654,37.585429,51.921083
winter_security,2500,2024-12-30,9720.202495,2538.884,7181.318495,0.0,3259.314,0.0,0.0,368.560582,547.299111,216.112545,763.411656,1778.286862,113.751674,1892.038536,14.804545,38.696363,53.500908
winter_security,2500,2024-12-31,9720.202495,3510.916,6209.286495,0.0,3651.423,0.0,0.0,371.118445,547.144985,221.362953,768.507938,1781.938285,110.100251,1892.038536,14.880039,39.655241,54.53528
