scenario_incremental_solar_gwh,date,incremental_solar_mwh,observed_waitaki_generation_mwh,observed_thermal_generation_mwh,observed_upper_waitaki_storage_gwh,counterfactual_storage_delta_gwh,counterfactual_upper_waitaki_storage_gwh,hydro_generation_avoided_and_stored_mwh,storage_limited_hydro_displacement_mwh,thermal_generation_displaced_mwh,curtailed_incremental_solar_mwh
0,2024-01-01,0.0,11797.967,8548.98,1346.755813,0.0,1346.755813,0.0,0.0,0.0,0.0
0,2024-01-02,0.0,13939.435,9347.677,1362.438764,0.0,1362.438764,0.0,0.0,0.0,0.0
0,2024-01-03,0.0,22420.688,10635.853,1367.262118,0.0,1367.262118,0.0,0.0,0.0,0.0
0,2024-01-04,0.0,18560.245,10806.694,1366.554438,0.0,1366.554438,0.0,0.0,0.0,0.0
0,2024-01-05,0.0,20397.112,13305.382,1367.506997,0.0,1367.506997,0.0,0.0,0.0,0.0
0,2024-01-06,0.0,15412.399,13435.169,1367.991076,0.0,1367.991076,0.0,0.0,0.0,0.0
0,2024-01-07,0.0,18043.519,13968.907,1369.6365,0.0,1369.6365,0.0,0.0,0.0,0.0
0,2024-01-08,0.0,21188.958,18121.778,1366.647821,0.0,1366.647821,0.0,0.0,0.0,0.0
0,2024-01-09,0.0,20585.413,18756.185,1364.348443,0.0,1364.348443,0.0,0.0,0.0,0.0
0,2024-01-10,0.0,24649.852,20155.663,1356.527038,0.0,1356.527038,0.0,0.0,0.0,0.0
0,2024-01-11,0.0,21213.377,19658.339,1354.931197,0.0,1354.931197,0.0,0.0,0.0,0.0
0,2024-01-12,0.0,23246.635,19801.531,1348.336893,0.0,1348.336893,0.0,0.0,0.0,0.0
0,2024-01-13,0.0,18666.398,16412.449,1340.70284,0.0,1340.70284,0.0,0.0,0.0,0.0
0,2024-01-14,0.0,16766.116,14953.037,1342.450314,0.0,1342.450314,0.0,0.0,0.0,0.0
0,2024-01-15,0.0,24755.965,16086.181,1345.779037,0.0,1345.779037,0.0,0.0,0.0,0.0
0,2024-01-16,0.0,28572.55,17045.311,1340.625048,0.0,1340.625048,0.0,0.0,0.0,0.0
0,2024-01-17,0.0,32336.319,19562.668,1331.712797,0.0,1331.712797,0.0,0.0,0.0,0.0
0,2024-01-18,0.0,33867.339,19812.901,1320.751055,0.0,1320.751055,0.0,0.0,0.0,0.0
0,2024-01-19,0.0,27642.364,18681.138,1330.140495,0.0,1330.140495,0.0,0.0,0.0,0.0
0,2024-01-20,0.0,22388.467,12999.264,1441.975712,0.0,1441.975712,0.0,0.0,0.0,0.0
0,2024-01-21,0.0,25787.45,14407.832,1537.532853,0.0,1537.532853,0.0,0.0,0.0,0.0
0,2024-01-22,0.0,27986.855,18457.275,1572.453343,0.0,1572.453343,0.0,0.0,0.0,0.0
0,2024-01-23,0.0,23534.848,12526.424,1608.203677,0.0,1608.203677,0.0,0.0,0.0,0.0
0,2024-01-24,0.0,28663.646,6310.409,1645.140434,0.0,1645.140434,0.0,0.0,0.0,0.0
0,2024-01-25,0.0,29005.51,6643.514,1656.738638,0.0,1656.738638,0.0,0.0,0.0,0.0
0,2024-01-26,0.0,28542.686,8156.453,1656.90138,0.0,1656.90138,0.0,0.0,0.0,0.0
0,2024-01-27,0.0,18879.436,7271.013,1686.414156,0.0,1686.414156,0.0,0.0,0.0,0.0
0,2024-01-28,0.0,20931.061,7674.335,1742.172644,0.0,1742.172644,0.0,0.0,0.0,0.0
0,2024-01-29,0.0,21096.408,7039.871,1773.226145,0.0,1773.226145,0.0,0.0,0.0,0.0
0,2024-01-30,0.0,24830.806,9273.12,1789.718672,0.0,1789.718672,0.0,0.0,0.0,0.0
0,2024-01-31,0.0,28921.861,10807.27,1793.630467,0.0,1793.630467,0.0,0.0,0.0,0.0
0,2024-02-01,0.0,27845.727,7944.238,1791.43429,0.0,1791.43429,0.0,0.0,0.0,0.0
0,2024-02-02,0.0,22543.765,7492.62,1787.621356,0.0,1787.621356,0.0,0.0,0.0,0.0
0,2024-02-03,0.0,16338.446,6789.074,1788.758048,0.0,1788.758048,0.0,0.0,0.0,0.0
0,2024-02-04,0.0,17878.876,6889.12,1794.536348,0.0,1794.536348,0.0,0.0,0.0,0.0
0,2024-02-05,0.0,21936.206,7326.016,1796.733268,0.0,1796.733268,0.0,0.0,0.0,0.0
0,2024-02-06,0.0,19464.202,7023.708,1790.296099,0.0,1790.296099,0.0,0.0,0.0,0.0
0,2024-02-07,0.0,26719.213,11041.76,1783.627852,0.0,1783.627852,0.0,0.0,0.0,0.0
0,2024-02-08,0.0,29467.873,11304.604,1774.351,0.0,1774.351,0.0,0.0,0.0,0.0
0,2024-02-09,0.0,29231.232,10448.089,1767.34094,0.0,1767.34094,0.0,0.0,0.0,0.0
0,2024-02-10,0.0,20852.84,9172.639,1759.190037,0.0,1759.190037,0.0,0.0,0.0,0.0
0,2024-02-11,0.0,18577.156,8701.342,1755.859784,0.0,1755.859784,0.0,0.0,0.0,0.0
0,2024-02-12,0.0,27792.556,13393.29,1744.56034,0.0,1744.56034,0.0,0.0,0.0,0.0
0,2024-02-13,0.0,28397.821,12434.27,1728.33601,0.0,1728.33601,0.0,0.0,0.0,0.0
0,2024-02-14,0.0,26297.573,13601.165,1714.130539,0.0,1714.130539,0.0,0.0,0.0,0.0
0,2024-02-15,0.0,25364.651,13687.451,1702.712051,0.0,1702.712051,0.0,0.0,0.0,0.0
0,2024-02-16,0.0,26872.172,16910.314,1696.597593,0.0,1696.597593,0.0,0.0,0.0,0.0
0,2024-02-17,0.0,19798.821,13538.471,1700.058765,0.0,1700.058765,0.0,0.0,0.0,0.0
0,2024-02-18,0.0,16319.434,11382.961,1709.466761,0.0,1709.466761,0.0,0.0,0.0,0.0
0,2024-02-19,0.0,22950.0,13918.353,1716.040104,0.0,1716.040104,0.0,0.0,0.0,0.0
0,2024-02-20,0.0,29408.366,15493.726,1709.884992,0.0,1709.884992,0.0,0.0,0.0,0.0
0,2024-02-21,0.0,27351.682,20809.952,1701.507418,0.0,1701.507418,0.0,0.0,0.0,0.0
0,2024-02-22,0.0,28722.075,21484.774,1686.128918,0.0,1686.128918,0.0,0.0,0.0,0.0
0,2024-02-23,0.0,25504.107,18688.365,1669.631868,0.0,1669.631868,0.0,0.0,0.0,0.0
0,2024-02-24,0.0,20867.145,14668.146,1658.293499,0.0,1658.293499,0.0,0.0,0.0,0.0
0,2024-02-25,0.0,21453.267,15927.419,1655.624219,0.0,1655.624219,0.0,0.0,0.0,0.0
0,2024-02-26,0.0,26026.228,19631.948,1659.542588,0.0,1659.542588,0.0,0.0,0.0,0.0
0,2024-02-27,0.0,26303.337,16636.292,1657.485415,0.0,1657.485415,0.0,0.0,0.0,0.0
0,2024-02-28,0.0,25290.399,19822.962,1652.042075,0.0,1652.042075,0.0,0.0,0.0,0.0
0,2024-02-29,0.0,24602.308,20401.245,1646.315651,0.0,1646.315651,0.0,0.0,0.0,0.0
0,2024-03-01,0.0,21442.062,21055.516,1637.165746,0.0,1637.165746,0.0,0.0,0.0,0.0
0,2024-03-02,0.0,14284.344,16499.939,1634.697919,0.0,1634.697919,0.0,0.0,0.0,0.0
0,2024-03-03,0.0,13775.125,15494.661,1636.214657,0.0,1636.214657,0.0,0.0,0.0,0.0
0,2024-03-04,0.0,17303.75,16825.884,1640.400189,0.0,1640.400189,0.0,0.0,0.0,0.0
0,2024-03-05,0.0,19635.717,12313.703,1638.935199,0.0,1638.935199,0.0,0.0,0.0,0.0
0,2024-03-06,0.0,22461.918,19422.328,1634.197945,0.0,1634.197945,0.0,0.0,0.0,0.0
0,2024-03-07,0.0,20049.357,18217.691,1628.712514,0.0,1628.712514,0.0,0.0,0.0,0.0
0,2024-03-08,0.0,20975.367,17514.245,1619.109358,0.0,1619.109358,0.0,0.0,0.0,0.0
0,2024-03-09,0.0,16183.332,14070.769,1613.821177,0.0,1613.821177,0.0,0.0,0.0,0.0
0,2024-03-10,0.0,16373.378,15975.696,1609.993463,0.0,1609.993463,0.0,0.0,0.0,0.0
0,2024-03-11,0.0,19440.532,17890.711,1603.753737,0.0,1603.753737,0.0,0.0,0.0,0.0
0,2024-03-12,0.0,21703.863,22268.976,1590.57964,0.0,1590.57964,0.0,0.0,0.0,0.0
0,2024-03-13,0.0,19716.32,20119.646,1579.073023,0.0,1579.073023,0.0,0.0,0.0,0.0
0,2024-03-14,0.0,19605.502,22663.027,1569.634219,0.0,1569.634219,0.0,0.0,0.0,0.0
0,2024-03-15,0.0,17814.073,19942.103,1563.395981,0.0,1563.395981,0.0,0.0,0.0,0.0
0,2024-03-16,0.0,15464.92,19397.608,1560.198607,0.0,1560.198607,0.0,0.0,0.0,0.0
0,2024-03-17,0.0,15263.853,16808.752,1556.042594,0.0,1556.042594,0.0,0.0,0.0,0.0
0,2024-03-18,0.0,19324.823,20817.117,1546.562908,0.0,1546.562908,0.0,0.0,0.0,0.0
0,2024-03-19,0.0,21598.029,22142.695,1533.365635,0.0,1533.365635,0.0,0.0,0.0,0.0
0,2024-03-20,0.0,21907.633,23641.049,1519.552581,0.0,1519.552581,0.0,0.0,0.0,0.0
0,2024-03-21,0.0,22854.3,22570.073,1505.665914,0.0,1505.665914,0.0,0.0,0.0,0.0
0,2024-03-22,0.0,23302.079,23257.511,1491.002772,0.0,1491.002772,0.0,0.0,0.0,0.0
0,2024-03-23,0.0,19555.872,22080.123,1476.189363,0.0,1476.189363,0.0,0.0,0.0,0.0
0,2024-03-24,0.0,16990.032,22684.827,1465.444495,0.0,1465.444495,0.0,0.0,0.0,0.0
0,2024-03-25,0.0,18163.446,21652.92,1458.590679,0.0,1458.590679,0.0,0.0,0.0,0.0
0,2024-03-26,0.0,19522.865,22370.842,1455.129869,0.0,1455.129869,0.0,0.0,0.0,0.0
0,2024-03-27,0.0,21297.118,23239.086,1455.575786,0.0,1455.575786,0.0,0.0,0.0,0.0
0,2024-03-28,0.0,18019.462,22256.531,1452.188602,0.0,1452.188602,0.0,0.0,0.0,0.0
0,2024-03-29,0.0,16625.588,21195.563,1448.856883,0.0,1448.856883,0.0,0.0,0.0,0.0
0,2024-03-30,0.0,14586.364,18944.356,1446.387515,0.0,1446.387515,0.0,0.0,0.0,0.0
0,2024-03-31,0.0,16405.894,19399.347,1661.546152,0.0,1661.546152,0.0,0.0,0.0,0.0
0,2024-04-01,0.0,22056.537,19604.209,1652.995126,0.0,1652.995126,0.0,0.0,0.0,0.0
0,2024-04-02,0.0,26431.912,22175.944,1641.226307,0.0,1641.226307,0.0,0.0,0.0,0.0
0,2024-04-03,0.0,22450.892,21667.861,1624.354259,0.0,1624.354259,0.0,0.0,0.0,0.0
0,2024-04-04,0.0,21124.112,21524.896,1613.536499,0.0,1613.536499,0.0,0.0,0.0,0.0
0,2024-04-05,0.0,22341.716,22711.398,1603.023873,0.0,1603.023873,0.0,0.0,0.0,0.0
0,2024-04-06,0.0,16612.751,23191.82,1594.702327,0.0,1594.702327,0.0,0.0,0.0,0.0
0,2024-04-07,0.0,17019.206,24769.781,1592.420451,0.0,1592.420451,0.0,0.0,0.0,0.0
0,2024-04-08,0.0,24273.839,23177.082,1582.244054,0.0,1582.244054,0.0,0.0,0.0,0.0
0,2024-04-09,0.0,20191.874,23109.281,1571.851357,0.0,1571.851357,0.0,0.0,0.0,0.0
0,2024-04-10,0.0,21767.415,21880.519,1588.926063,0.0,1588.926063,0.0,0.0,0.0,0.0
0,2024-04-11,0.0,22654.417,16157.039,1667.803912,0.0,1667.803912,0.0,0.0,0.0,0.0
0,2024-04-12,0.0,23587.928,15215.728,1822.686223,0.0,1822.686223,0.0,0.0,0.0,0.0
0,2024-04-13,0.0,17856.453,10854.541,1915.451083,0.0,1915.451083,0.0,0.0,0.0,0.0
0,2024-04-14,0.0,19822.747,9661.573,1960.081589,0.0,1960.081589,0.0,0.0,0.0,0.0
0,2024-04-15,0.0,24655.459,13866.838,1982.3384,0.0,1982.3384,0.0,0.0,0.0,0.0
0,2024-04-16,0.0,23599.09,13135.104,1990.808833,0.0,1990.808833,0.0,0.0,0.0,0.0
0,2024-04-17,0.0,23084.371,12530.013,1993.803019,0.0,1993.803019,0.0,0.0,0.0,0.0
0,2024-04-18,0.0,21190.731,11629.373,1996.444464,0.0,1996.444464,0.0,0.0,0.0,0.0
0,2024-04-19,0.0,20655.509,13913.485,1997.702542,0.0,1997.702542,0.0,0.0,0.0,0.0
0,2024-04-20,0.0,18528.69,15243.675,1994.308273,0.0,1994.308273,0.0,0.0,0.0,0.0
0,2024-04-21,0.0,14000.994,14512.39,1993.899008,0.0,1993.899008,0.0,0.0,0.0,0.0
0,2024-04-22,0.0,18754.785,14785.677,1993.513576,0.0,1993.513576,0.0,0.0,0.0,0.0
0,2024-04-23,0.0,21422.314,14880.266,1984.903548,0.0,1984.903548,0.0,0.0,0.0,0.0
0,2024-04-24,0.0,18062.597,14948.219,1977.626962,0.0,1977.626962,0.0,0.0,0.0,0.0
0,2024-04-25,0.0,10869.136,13426.084,1980.39255,0.0,1980.39255,0.0,0.0,0.0,0.0
0,2024-04-26,0.0,15618.86,13492.868,1986.698763,0.0,1986.698763,0.0,0.0,0.0,0.0
0,2024-04-27,0.0,16262.734,15476.785,1988.685651,0.0,1988.685651,0.0,0.0,0.0,0.0
0,2024-04-28,0.0,17685.498,15735.926,1987.864723,0.0,1987.864723,0.0,0.0,0.0,0.0
0,2024-04-29,0.0,22004.556,20564.224,1983.145333,0.0,1983.145333,0.0,0.0,0.0,0.0
0,2024-04-30,0.0,22170.055,19865.04,1974.249785,0.0,1974.249785,0.0,0.0,0.0,0.0
0,2024-05-01,0.0,22299.627,20918.072,1967.984945,0.0,1967.984945,0.0,0.0,0.0,0.0
0,2024-05-02,0.0,23918.949,21142.459,1961.806931,0.0,1961.806931,0.0,0.0,0.0,0.0
0,2024-05-03,0.0,25047.874,21701.073,1950.96139,0.0,1950.96139,0.0,0.0,0.0,0.0
0,2024-05-04,0.0,20848.967,19830.37,1939.117989,0.0,1939.117989,0.0,0.0,0.0,0.0
0,2024-05-05,0.0,18311.027,18065.212,1928.728786,0.0,1928.728786,0.0,0.0,0.0,0.0
0,2024-05-06,0.0,20633.868,20967.186,1920.567629,0.0,1920.567629,0.0,0.0,0.0,0.0
0,2024-05-07,0.0,23599.965,22234.658,1911.71335,0.0,1911.71335,0.0,0.0,0.0,0.0
0,2024-05-08,0.0,28242.69,24931.912,1897.01828,0.0,1897.01828,0.0,0.0,0.0,0.0
0,2024-05-09,0.0,24855.329,22496.306,1883.794452,0.0,1883.794452,0.0,0.0,0.0,0.0
0,2024-05-10,0.0,29267.254,24871.541,1866.376556,0.0,1866.376556,0.0,0.0,0.0,0.0
0,2024-05-11,0.0,24533.258,21527.894,1850.38335,0.0,1850.38335,0.0,0.0,0.0,0.0
0,2024-05-12,0.0,27050.306,22511.702,1834.26941,0.0,1834.26941,0.0,0.0,0.0,0.0
0,2024-05-13,0.0,27566.014,27628.316,1815.986259,0.0,1815.986259,0.0,0.0,0.0,0.0
0,2024-05-14,0.0,28606.144,28307.418,1796.522542,0.0,1796.522542,0.0,0.0,0.0,0.0
0,2024-05-15,0.0,26146.553,27143.834,1777.811106,0.0,1777.811106,0.0,0.0,0.0,0.0
0,2024-05-16,0.0,23288.292,26307.481,1759.047182,0.0,1759.047182,0.0,0.0,0.0,0.0
0,2024-05-17,0.0,22997.499,26835.573,1741.479905,0.0,1741.479905,0.0,0.0,0.0,0.0
0,2024-05-18,0.0,16751.921,23358.633,1726.376548,0.0,1726.376548,0.0,0.0,0.0,0.0
0,2024-05-19,0.0,21291.651,26839.202,1716.246433,0.0,1716.246433,0.0,0.0,0.0,0.0
0,2024-05-20,0.0,28769.14,28042.212,1699.580289,0.0,1699.580289,0.0,0.0,0.0,0.0
0,2024-05-21,0.0,21761.381,23350.983,1684.467227,0.0,1684.467227,0.0,0.0,0.0,0.0
0,2024-05-22,0.0,22363.746,21474.722,1672.646031,0.0,1672.646031,0.0,0.0,0.0,0.0
0,2024-05-23,0.0,26462.535,26813.375,1656.174405,0.0,1656.174405,0.0,0.0,0.0,0.0
0,2024-05-24,0.0,28508.72,27006.821,1637.537016,0.0,1637.537016,0.0,0.0,0.0,0.0
0,2024-05-25,0.0,19453.983,24478.955,1618.155706,0.0,1618.155706,0.0,0.0,0.0,0.0
0,2024-05-26,0.0,17311.528,22064.797,1606.573523,0.0,1606.573523,0.0,0.0,0.0,0.0
0,2024-05-27,0.0,26533.692,25071.592,1590.317375,0.0,1590.317375,0.0,0.0,0.0,0.0
0,2024-05-28,0.0,30095.984,26510.513,1568.913752,0.0,1568.913752,0.0,0.0,0.0,0.0
0,2024-05-29,0.0,29060.66,28005.69,1547.018601,0.0,1547.018601,0.0,0.0,0.0,0.0
0,2024-05-30,0.0,27108.743,26955.533,1527.417944,0.0,1527.417944,0.0,0.0,0.0,0.0
0,2024-05-31,0.0,20460.381,22905.514,1513.547657,0.0,1513.547657,0.0,0.0,0.0,0.0
0,2024-06-01,0.0,15187.064,18428.731,1504.531023,0.0,1504.531023,0.0,0.0,0.0,0.0
0,2024-06-02,0.0,19765.735,19894.269,1497.004675,0.0,1497.004675,0.0,0.0,0.0,0.0
0,2024-06-03,0.0,21430.862,21092.295,1482.856521,0.0,1482.856521,0.0,0.0,0.0,0.0
0,2024-06-04,0.0,25872.286,25251.8,1466.397302,0.0,1466.397302,0.0,0.0,0.0,0.0
0,2024-06-05,0.0,27989.289,27090.726,1446.410289,0.0,1446.410289,0.0,0.0,0.0,0.0
0,2024-06-06,0.0,25990.324,27296.007,1428.199223,0.0,1428.199223,0.0,0.0,0.0,0.0
0,2024-06-07,0.0,25309.914,25939.488,1412.724521,0.0,1412.724521,0.0,0.0,0.0,0.0
0,2024-06-08,0.0,21152.732,25111.744,1399.121634,0.0,1399.121634,0.0,0.0,0.0,0.0
0,2024-06-09,0.0,16463.062,21861.308,1387.397138,0.0,1387.397138,0.0,0.0,0.0,0.0
0,2024-06-10,0.0,18011.49,19692.769,1378.361604,0.0,1378.361604,0.0,0.0,0.0,0.0
0,2024-06-11,0.0,22751.632,24798.144,1366.570079,0.0,1366.570079,0.0,0.0,0.0,0.0
0,2024-06-12,0.0,27459.118,27682.481,1351.019393,0.0,1351.019393,0.0,0.0,0.0,0.0
0,2024-06-13,0.0,24521.423,27070.011,1334.460837,0.0,1334.460837,0.0,0.0,0.0,0.0
0,2024-06-14,0.0,21731.335,26899.17,1321.488604,0.0,1321.488604,0.0,0.0,0.0,0.0
0,2024-06-15,0.0,14017.989,22101.131,1315.886604,0.0,1315.886604,0.0,0.0,0.0,0.0
0,2024-06-16,0.0,14349.796,21819.006,1315.331194,0.0,1315.331194,0.0,0.0,0.0,0.0
0,2024-06-17,0.0,23232.68,25774.932,1310.614967,0.0,1310.614967,0.0,0.0,0.0,0.0
0,2024-06-18,0.0,17300.816,23093.959,1299.888051,0.0,1299.888051,0.0,0.0,0.0,0.0
0,2024-06-19,0.0,18625.013,24694.731,1294.43039,0.0,1294.43039,0.0,0.0,0.0,0.0
0,2024-06-20,0.0,19301.655,26822.364,1282.407271,0.0,1282.407271,0.0,0.0,0.0,0.0
0,2024-06-21,0.0,22723.939,28202.361,1270.503489,0.0,1270.503489,0.0,0.0,0.0,0.0
0,2024-06-22,0.0,18234.6,28663.03,1259.404923,0.0,1259.404923,0.0,0.0,0.0,0.0
0,2024-06-23,0.0,18541.362,27844.541,1251.731904,0.0,1251.731904,0.0,0.0,0.0,0.0
0,2024-06-24,0.0,25140.81,29142.691,1241.094797,0.0,1241.094797,0.0,0.0,0.0,0.0
0,2024-06-25,0.0,23384.975,27668.319,1225.756716,0.0,1225.756716,0.0,0.0,0.0,0.0
0,2024-06-26,0.0,18874.883,26299.202,1212.490176,0.0,1212.490176,0.0,0.0,0.0,0.0
0,2024-06-27,0.0,21174.597,28622.985,1202.997671,0.0,1202.997671,0.0,0.0,0.0,0.0
0,2024-06-28,0.0,18360.495,28334.127,1194.021905,0.0,1194.021905,0.0,0.0,0.0,0.0
0,2024-06-29,0.0,16477.074,25813.547,1184.742506,0.0,1184.742506,0.0,0.0,0.0,0.0
0,2024-06-30,0.0,15052.458,26769.413,1175.101453,0.0,1175.101453,0.0,0.0,0.0,0.0
0,2024-07-01,0.0,16197.323,24883.989,1173.834676,0.0,1173.834676,0.0,0.0,0.0,0.0
0,2024-07-02,0.0,19370.172,23822.935,1178.370093,0.0,1178.370093,0.0,0.0,0.0,0.0
0,2024-07-03,0.0,20272.199,27267.903,1169.793349,0.0,1169.793349,0.0,0.0,0.0,0.0
0,2024-07-04,0.0,22454.957,29080.092,1162.80474,0.0,1162.80474,0.0,0.0,0.0,0.0
0,2024-07-05,0.0,21543.608,28908.628,1152.380525,0.0,1152.380525,0.0,0.0,0.0,0.0
0,2024-07-06,0.0,18784.789,27018.15,1145.305457,0.0,1145.305457,0.0,0.0,0.0,0.0
0,2024-07-07,0.0,17143.721,25985.106,1138.521531,0.0,1138.521531,0.0,0.0,0.0,0.0
0,2024-07-08,0.0,26775.821,28334.931,1126.896124,0.0,1126.896124,0.0,0.0,0.0,0.0
0,2024-07-09,0.0,28054.757,28397.159,1106.585806,0.0,1106.585806,0.0,0.0,0.0,0.0
0,2024-07-10,0.0,26504.174,28542.881,1086.773521,0.0,1086.773521,0.0,0.0,0.0,0.0
0,2024-07-11,0.0,24429.346,30086.117,1068.006263,0.0,1068.006263,0.0,0.0,0.0,0.0
0,2024-07-12,0.0,18789.302,31971.206,1056.426455,0.0,1056.426455,0.0,0.0,0.0,0.0
0,2024-07-13,0.0,18149.06,30786.9,1044.460541,0.0,1044.460541,0.0,0.0,0.0,0.0
0,2024-07-14,0.0,17415.682,30010.806,1033.136654,0.0,1033.136654,0.0,0.0,0.0,0.0
0,2024-07-15,0.0,24017.302,32209.017,1023.189502,0.0,1023.189502,0.0,0.0,0.0,0.0
0,2024-07-16,0.0,26222.96,31034.282,1006.469553,0.0,1006.469553,0.0,0.0,0.0,0.0
0,2024-07-17,0.0,27025.476,33817.471,987.801254,0.0,987.801254,0.0,0.0,0.0,0.0
0,2024-07-18,0.0,26989.008,34165.202,969.254661,0.0,969.254661,0.0,0.0,0.0,0.0
0,2024-07-19,0.0,25311.661,32705.684,950.342474,0.0,950.342474,0.0,0.0,0.0,0.0
0,2024-07-20,0.0,22722.59,30341.021,930.902133,0.0,930.902133,0.0,0.0,0.0,0.0
0,2024-07-21,0.0,20585.706,29083.185,916.6834,0.0,916.6834,0.0,0.0,0.0,0.0
0,2024-07-22,0.0,23814.305,33113.408,900.615642,0.0,900.615642,0.0,0.0,0.0,0.0
0,2024-07-23,0.0,25677.219,33626.218,881.954272,0.0,881.954272,0.0,0.0,0.0,0.0
0,2024-07-24,0.0,25081.205,33734.973,860.2686,0.0,860.2686,0.0,0.0,0.0,0.0
0,2024-07-25,0.0,25386.138,32195.834,843.07476,0.0,843.07476,0.0,0.0,0.0,0.0
0,2024-07-26,0.0,24565.045,31411.283,824.259855,0.0,824.259855,0.0,0.0,0.0,0.0
0,2024-07-27,0.0,18189.517,26335.327,809.818039,0.0,809.818039,0.0,0.0,0.0,0.0
0,2024-07-28,0.0,14238.746,27332.2,798.748122,0.0,798.748122,0.0,0.0,0.0,0.0
0,2024-07-29,0.0,16989.137,29243.566,792.479729,0.0,792.479729,0.0,0.0,0.0,0.0
0,2024-07-30,0.0,17945.307,30827.782,794.635133,0.0,794.635133,0.0,0.0,0.0,0.0
0,2024-07-31,0.0,17721.708,29696.485,788.737356,0.0,788.737356,0.0,0.0,0.0,0.0
0,2024-08-01,0.0,16222.588,32568.767,779.328726,0.0,779.328726,0.0,0.0,0.0,0.0
0,2024-08-02,0.0,19023.032,34317.284,769.206257,0.0,769.206257,0.0,0.0,0.0,0.0
0,2024-08-03,0.0,20781.751,30502.043,758.304577,0.0,758.304577,0.0,0.0,0.0,0.0
0,2024-08-04,0.0,21580.736,32565.321,744.72096,0.0,744.72096,0.0,0.0,0.0,0.0
0,2024-08-05,0.0,24247.3,35073.576,728.859299,0.0,728.859299,0.0,0.0,0.0,0.0
0,2024-08-06,0.0,26108.701,34152.741,711.69992,0.0,711.69992,0.0,0.0,0.0,0.0
0,2024-08-07,0.0,24383.118,33007.125,689.027745,0.0,689.027745,0.0,0.0,0.0,0.0
0,2024-08-08,0.0,21190.609,32015.511,672.03984,0.0,672.03984,0.0,0.0,0.0,0.0
0,2024-08-09,0.0,21207.425,32440.94,658.137947,0.0,658.137947,0.0,0.0,0.0,0.0
0,2024-08-10,0.0,17472.081,29421.224,649.375618,0.0,649.375618,0.0,0.0,0.0,0.0
0,2024-08-11,0.0,13414.403,28620.021,640.709089,0.0,640.709089,0.0,0.0,0.0,0.0
0,2024-08-12,0.0,14358.566,29128.35,635.030006,0.0,635.030006,0.0,0.0,0.0,0.0
0,2024-08-13,0.0,14865.823,32561.216,626.695513,0.0,626.695513,0.0,0.0,0.0,0.0
0,2024-08-14,0.0,15967.602,35090.708,617.636686,0.0,617.636686,0.0,0.0,0.0,0.0
0,2024-08-15,0.0,9516.947,32868.212,612.238704,0.0,612.238704,0.0,0.0,0.0,0.0
0,2024-08-16,0.0,10050.906,30463.41,611.303542,0.0,611.303542,0.0,0.0,0.0,0.0
0,2024-08-17,0.0,8376.052,25294.677,612.25577,0.0,612.25577,0.0,0.0,0.0,0.0
0,2024-08-18,0.0,7982.22,22625.544,615.586817,0.0,615.586817,0.0,0.0,0.0,0.0
0,2024-08-19,0.0,12964.939,30063.735,615.598978,0.0,615.598978,0.0,0.0,0.0,0.0
0,2024-08-20,0.0,15638.381,32608.158,609.163065,0.0,609.163065,0.0,0.0,0.0,0.0
0,2024-08-21,0.0,14177.425,33594.612,600.842864,0.0,600.842864,0.0,0.0,0.0,0.0
0,2024-08-22,0.0,10422.099,31570.577,595.359777,0.0,595.359777,0.0,0.0,0.0,0.0
0,2024-08-23,0.0,8350.261,24573.958,604.240233,0.0,604.240233,0.0,0.0,0.0,0.0
0,2024-08-24,0.0,9109.092,20423.475,625.673765,0.0,625.673765,0.0,0.0,0.0,0.0
0,2024-08-25,0.0,7406.545,23705.647,639.397268,0.0,639.397268,0.0,0.0,0.0,0.0
0,2024-08-26,0.0,11441.212,26601.153,657.720471,0.0,657.720471,0.0,0.0,0.0,0.0
0,2024-08-27,0.0,12177.615,20327.863,666.9187,0.0,666.9187,0.0,0.0,0.0,0.0
0,2024-08-28,0.0,13178.078,15812.714,676.35876,0.0,676.35876,0.0,0.0,0.0,0.0
0,2024-08-29,0.0,12751.901,14743.087,688.29774,0.0,688.29774,0.0,0.0,0.0,0.0
0,2024-08-30,0.0,13799.899,11767.47,705.605123,0.0,705.605123,0.0,0.0,0.0,0.0
0,2024-08-31,0.0,15851.079,11539.883,720.436668,0.0,720.436668,0.0,0.0,0.0,0.0
0,2024-09-01,0.0,16368.525,10753.09,751.816934,0.0,751.816934,0.0,0.0,0.0,0.0
0,2024-09-02,0.0,17823.583,10850.624,793.617231,0.0,793.617231,0.0,0.0,0.0,0.0
0,2024-09-03,0.0,19539.651,10098.72,840.36816,0.0,840.36816,0.0,0.0,0.0,0.0
0,2024-09-04,0.0,22163.267,10553.303,888.456624,0.0,888.456624,0.0,0.0,0.0,0.0
0,2024-09-05,0.0,23049.782,12409.704,913.561174,0.0,913.561174,0.0,0.0,0.0,0.0
0,2024-09-06,0.0,20981.051,10121.037,928.533367,0.0,928.533367,0.0,0.0,0.0,0.0
0,2024-09-07,0.0,15585.308,10138.786,945.038004,0.0,945.038004,0.0,0.0,0.0,0.0
0,2024-09-08,0.0,14749.568,9299.0,972.178925,0.0,972.178925,0.0,0.0,0.0,0.0
0,2024-09-09,0.0,17128.44,9903.517,993.658527,0.0,993.658527,0.0,0.0,0.0,0.0
0,2024-09-10,0.0,15211.801,9966.309,1015.107688,0.0,1015.107688,0.0,0.0,0.0,0.0
0,2024-09-11,0.0,16038.479,12195.303,1033.166726,0.0,1033.166726,0.0,0.0,0.0,0.0
0,2024-09-12,0.0,13651.159,11495.31,1046.330804,0.0,1046.330804,0.0,0.0,0.0,0.0
0,2024-09-13,0.0,13688.56,11375.215,1063.170962,0.0,1063.170962,0.0,0.0,0.0,0.0
0,2024-09-14,0.0,14007.517,10199.171,1082.11967,0.0,1082.11967,0.0,0.0,0.0,0.0
0,2024-09-15,0.0,13350.543,9757.062,1095.676264,0.0,1095.676264,0.0,0.0,0.0,0.0
0,2024-09-16,0.0,15861.309,12323.993,1107.337385,0.0,1107.337385,0.0,0.0,0.0,0.0
0,2024-09-17,0.0,18573.575,13518.66,1113.755796,0.0,1113.755796,0.0,0.0,0.0,0.0
0,2024-09-18,0.0,17576.884,14405.356,1115.761632,0.0,1115.761632,0.0,0.0,0.0,0.0
0,2024-09-19,0.0,10401.561,9987.707,1124.04887,0.0,1124.04887,0.0,0.0,0.0,0.0
0,2024-09-20,0.0,10223.082,9371.035,1133.459049,0.0,1133.459049,0.0,0.0,0.0,0.0
0,2024-09-21,0.0,8174.089,9575.134,1144.21019,0.0,1144.21019,0.0,0.0,0.0,0.0
0,2024-09-22,0.0,7341.814,7787.754,1156.131974,0.0,1156.131974,0.0,0.0,0.0,0.0
0,2024-09-23,0.0,11020.372,9668.707,1167.736774,0.0,1167.736774,0.0,0.0,0.0,0.0
0,2024-09-24,0.0,11336.431,10253.196,1177.939909,0.0,1177.939909,0.0,0.0,0.0,0.0
0,2024-09-25,0.0,16286.613,12547.204,1184.32482,0.0,1184.32482,0.0,0.0,0.0,0.0
0,2024-09-26,0.0,12567.461,8825.404,1191.46095,0.0,1191.46095,0.0,0.0,0.0,0.0
0,2024-09-27,0.0,17110.085,12107.155,1211.2763,0.0,1211.2763,0.0,0.0,0.0,0.0
0,2024-09-28,0.0,11140.661,10818.074,1224.695459,0.0,1224.695459,0.0,0.0,0.0,0.0
0,2024-09-29,0.0,10794.214,9838.164,1236.405813,0.0,1236.405813,0.0,0.0,0.0,0.0
0,2024-09-30,0.0,19779.442,12337.89,1023.079663,0.0,1023.079663,0.0,0.0,0.0,0.0
0,2024-10-01,0.0,15251.665,8638.111,1025.805082,0.0,1025.805082,0.0,0.0,0.0,0.0
0,2024-10-02,0.0,14680.904,9403.793,1030.509135,0.0,1030.509135,0.0,0.0,0.0,0.0
0,2024-10-03,0.0,18552.244,9013.079,1054.297004,0.0,1054.297004,0.0,0.0,0.0,0.0
0,2024-10-04,0.0,21473.94,8863.895,1076.504377,0.0,1076.504377,0.0,0.0,0.0,0.0
0,2024-10-05,0.0,12688.125,8789.65,1098.520937,0.0,1098.520937,0.0,0.0,0.0,0.0
0,2024-10-06,0.0,10583.464,8060.511,1121.46865,0.0,1121.46865,0.0,0.0,0.0,0.0
0,2024-10-07,0.0,11909.455,9555.795,1139.593839,0.0,1139.593839,0.0,0.0,0.0,0.0
0,2024-10-08,0.0,11456.432,8928.691,1157.842828,0.0,1157.842828,0.0,0.0,0.0,0.0
0,2024-10-09,0.0,13633.313,9233.874,1178.716754,0.0,1178.716754,0.0,0.0,0.0,0.0
0,2024-10-10,0.0,19848.717,9317.813,1189.981636,0.0,1189.981636,0.0,0.0,0.0,0.0
0,2024-10-11,0.0,16440.377,8926.842,1197.743643,0.0,1197.743643,0.0,0.0,0.0,0.0
0,2024-10-12,0.0,8851.249,7812.818,1207.264397,0.0,1207.264397,0.0,0.0,0.0,0.0
0,2024-10-13,0.0,8678.438,9239.675,1219.531242,0.0,1219.531242,0.0,0.0,0.0,0.0
0,2024-10-14,0.0,15427.749,11681.16,1226.877825,0.0,1226.877825,0.0,0.0,0.0,0.0
0,2024-10-15,0.0,17203.212,10191.283,1226.472196,0.0,1226.472196,0.0,0.0,0.0,0.0
0,2024-10-16,0.0,21593.23,10179.324,1224.73224,0.0,1224.73224,0.0,0.0,0.0,0.0
0,2024-10-17,0.0,23320.843,10928.512,1217.239506,0.0,1217.239506,0.0,0.0,0.0,0.0
0,2024-10-18,0.0,22068.678,9718.876,1210.052967,0.0,1210.052967,0.0,0.0,0.0,0.0
0,2024-10-19,0.0,15361.016,10232.336,1205.581724,0.0,1205.581724,0.0,0.0,0.0,0.0
0,2024-10-20,0.0,13309.534,10642.762,1204.277577,0.0,1204.277577,0.0,0.0,0.0,0.0
0,2024-10-21,0.0,20075.129,10700.598,1202.811792,0.0,1202.811792,0.0,0.0,0.0,0.0
0,2024-10-22,0.0,24216.562,11402.513,1197.877374,0.0,1197.877374,0.0,0.0,0.0,0.0
0,2024-10-23,0.0,21083.987,9333.214,1192.312016,0.0,1192.312016,0.0,0.0,0.0,0.0
0,2024-10-24,0.0,17903.114,8293.736,1202.865069,0.0,1202.865069,0.0,0.0,0.0,0.0
0,2024-10-25,0.0,17552.724,7699.558,1264.3773,0.0,1264.3773,0.0,0.0,0.0,0.0
0,2024-10-26,0.0,17225.654,8007.825,1341.106417,0.0,1341.106417,0.0,0.0,0.0,0.0
0,2024-10-27,0.0,20463.483,7096.929,1393.359503,0.0,1393.359503,0.0,0.0,0.0,0.0
0,2024-10-28,0.0,20311.618,9081.82,1423.821853,0.0,1423.821853,0.0,0.0,0.0,0.0
0,2024-10-29,0.0,19578.292,11143.297,1447.982993,0.0,1447.982993,0.0,0.0,0.0,0.0
0,2024-10-30,0.0,21150.915,11400.033,1467.7087,0.0,1467.7087,0.0,0.0,0.0,0.0
0,2024-10-31,0.0,17696.093,7887.189,1484.417832,0.0,1484.417832,0.0,0.0,0.0,0.0
0,2024-11-01,0.0,18179.606,4805.461,1503.948907,0.0,1503.948907,0.0,0.0,0.0,0.0
0,2024-11-02,0.0,11616.647,4114.072,1525.074063,0.0,1525.074063,0.0,0.0,0.0,0.0
0,2024-11-03,0.0,14998.598,3092.313,1541.620024,0.0,1541.620024,0.0,0.0,0.0,0.0
0,2024-11-04,0.0,20594.469,3732.801,1551.5072,0.0,1551.5072,0.0,0.0,0.0,0.0
0,2024-11-05,0.0,22169.481,4651.275,1559.258785,0.0,1559.258785,0.0,0.0,0.0,0.0
0,2024-11-06,0.0,25874.211,7356.725,1568.628994,0.0,1568.628994,0.0,0.0,0.0,0.0
0,2024-11-07,0.0,23746.046,5245.734,1576.306947,0.0,1576.306947,0.0,0.0,0.0,0.0
0,2024-11-08,0.0,22349.884,2768.567,1591.328005,0.0,1591.328005,0.0,0.0,0.0,0.0
0,2024-11-09,0.0,23410.73,2243.053,1680.422439,0.0,1680.422439,0.0,0.0,0.0,0.0
0,2024-11-10,0.0,26207.795,2166.441,1804.736894,0.0,1804.736894,0.0,0.0,0.0,0.0
0,2024-11-11,0.0,24836.604,4281.641,1867.6429,0.0,1867.6429,0.0,0.0,0.0,0.0
0,2024-11-12,0.0,28571.709,5733.529,1901.225757,0.0,1901.225757,0.0,0.0,0.0,0.0
0,2024-11-13,0.0,28657.739,4403.102,1921.386162,0.0,1921.386162,0.0,0.0,0.0,0.0
0,2024-11-14,0.0,25857.674,4839.653,1937.213257,0.0,1937.213257,0.0,0.0,0.0,0.0
0,2024-11-15,0.0,23719.553,3325.097,1965.590155,0.0,1965.590155,0.0,0.0,0.0,0.0
0,2024-11-16,0.0,19395.878,2240.284,1996.995264,0.0,1996.995264,0.0,0.0,0.0,0.0
0,2024-11-17,0.0,19003.941,2237.171,2019.762612,0.0,2019.762612,0.0,0.0,0.0,0.0
0,2024-11-18,0.0,25506.346,2576.192,2036.00226,0.0,2036.00226,0.0,0.0,0.0,0.0
0,2024-11-19,0.0,25310.939,2680.226,2047.769023,0.0,2047.769023,0.0,0.0,0.0,0.0
0,2024-11-20,0.0,23012.674,2725.872,2054.377955,0.0,2054.377955,0.0,0.0,0.0,0.0
0,2024-11-21,0.0,25239.673,2471.993,2057.595969,0.0,2057.595969,0.0,0.0,0.0,0.0
0,2024-11-22,0.0,24882.732,2539.781,2059.872789,0.0,2059.872789,0.0,0.0,0.0,0.0
0,2024-11-23,0.0,23035.184,1866.447,2058.458229,0.0,2058.458229,0.0,0.0,0.0,0.0
0,2024-11-24,0.0,21718.394,3045.187,2055.225349,0.0,2055.225349,0.0,0.0,0.0,0.0
0,2024-11-25,0.0,23975.42,3618.655,2055.343678,0.0,2055.343678,0.0,0.0,0.0,0.0
0,2024-11-26,0.0,27327.735,3082.769,2054.073158,0.0,2054.073158,0.0,0.0,0.0,0.0
0,2024-11-27,0.0,27224.914,4870.567,2049.102219,0.0,2049.102219,0.0,0.0,0.0,0.0
0,2024-11-28,0.0,22735.712,5652.013,2048.298612,0.0,2048.298612,0.0,0.0,0.0,0.0
0,2024-11-29,0.0,26926.044,5186.147,2050.309709,0.0,2050.309709,0.0,0.0,0.0,0.0
0,2024-11-30,0.0,21928.94,2037.891,2055.474654,0.0,2055.474654,0.0,0.0,0.0,0.0
0,2024-12-01,0.0,20647.272,1865.197,2064.874225,0.0,2064.874225,0.0,0.0,0.0,0.0
0,2024-12-02,0.0,27407.103,4729.009,2069.750655,0.0,2069.750655,0.0,0.0,0.0,0.0
0,2024-12-03,0.0,23446.649,4032.052,2071.924232,0.0,2071.924232,0.0,0.0,0.0,0.0
0,2024-12-04,0.0,25301.145,4040.736,2083.085472,0.0,2083.085472,0.0,0.0,0.0,0.0
0,2024-12-05,0.0,23853.166,3492.548,2105.927994,0.0,2105.927994,0.0,0.0,0.0,0.0
0,2024-12-06,0.0,29881.587,4238.664,2129.424058,0.0,2129.424058,0.0,0.0,0.0,0.0
0,2024-12-07,0.0,22837.534,2493.363,2146.374081,0.0,2146.374081,0.0,0.0,0.0,0.0
0,2024-12-08,0.0,19848.325,2323.79,2164.395468,0.0,2164.395468,0.0,0.0,0.0,0.0
0,2024-12-09,0.0,24748.639,3269.917,2187.743568,0.0,2187.743568,0.0,0.0,0.0,0.0
0,2024-12-10,0.0,31284.291,3089.807,2203.723277,0.0,2203.723277,0.0,0.0,0.0,0.0
0,2024-12-11,0.0,30903.657,4300.004,2207.263938,0.0,2207.263938,0.0,0.0,0.0,0.0
0,2024-12-12,0.0,30977.431,7071.162,2204.152139,0.0,2204.152139,0.0,0.0,0.0,0.0
0,2024-12-13,0.0,27880.339,3182.089,2203.090076,0.0,2203.090076,0.0,0.0,0.0,0.0
0,2024-12-14,0.0,22085.616,1892.331,2217.240219,0.0,2217.240219,0.0,0.0,0.0,0.0
0,2024-12-15,0.0,24984.529,1939.625,2255.946435,0.0,2255.946435,0.0,0.0,0.0,0.0
0,2024-12-16,0.0,28755.763,4116.119,2282.970689,0.0,2282.970689,0.0,0.0,0.0,0.0
0,2024-12-17,0.0,23100.283,1931.968,2303.17576,0.0,2303.17576,0.0,0.0,0.0,0.0
0,2024-12-18,0.0,22418.186,1901.339,2317.445839,0.0,2317.445839,0.0,0.0,0.0,0.0
0,2024-12-19,0.0,22380.795,1543.331,2323.20859,0.0,2323.20859,0.0,0.0,0.0,0.0
0,2024-12-20,0.0,23029.269,2628.882,2327.119982,0.0,2327.119982,0.0,0.0,0.0,0.0
0,2024-12-21,0.0,17016.165,2254.907,2334.908575,0.0,2334.908575,0.0,0.0,0.0,0.0
0,2024-12-22,0.0,19412.908,2036.176,2343.676455,0.0,2343.676455,0.0,0.0,0.0,0.0
0,2024-12-23,0.0,25621.219,2022.988,2342.808584,0.0,2342.808584,0.0,0.0,0.0,0.0
0,2024-12-24,0.0,28825.254,2014.282,2337.564553,0.0,2337.564553,0.0,0.0,0.0,0.0
0,2024-12-25,0.0,25231.679,2047.353,2331.327316,0.0,2331.327316,0.0,0.0,0.0,0.0
0,2024-12-26,0.0,23481.968,2182.42,2333.172225,0.0,2333.172225,0.0,0.0,0.0,0.0
0,2024-12-27,0.0,19865.846,2067.668,2338.859675,0.0,2338.859675,0.0,0.0,0.0,0.0
0,2024-12-28,0.0,22235.853,2547.943,2343.204466,0.0,2343.204466,0.0,0.0,0.0,0.0
0,2024-12-29,0.0,24602.649,2769.536,2342.400576,0.0,2342.400576,0.0,0.0,0.0,0.0
0,2024-12-30,0.0,26749.181,2538.884,2343.88026,0.0,2343.88026,0.0,0.0,0.0,0.0
0,2024-12-31,0.0,24820.639,3510.916,2347.470846,0.0,2347.470846,0.0,0.0,0.0,0.0
500,2024-01-01,1707.04906,11797.967,8548.98,1346.755813,1.707049,1348.462862,1707.04906,0.0,0.0,0.0
500,2024-01-02,1707.04906,13939.435,9347.677,1362.438764,3.414098,1365.852862,1707.04906,0.0,0.0,0.0
500,2024-01-03,1707.04906,22420.688,10635.853,1367.262118,5.121147,1372.383265,1707.04906,0.0,0.0,0.0
500,2024-01-04,1707.04906,18560.245,10806.694,1366.554438,6.828196,1373.382634,1707.04906,0.0,0.0,0.0
500,2024-01-05,1707.04906,20397.112,13305.382,1367.506997,8.535245,1376.042242,1707.04906,0.0,0.0,0.0
500,2024-01-06,1707.04906,15412.399,13435.169,1367.991076,10.242294,1378.23337,1707.04906,0.0,0.0,0.0
500,2024-01-07,1707.04906,18043.519,13968.907,1369.6365,11.949343,1381.585843,1707.04906,0.0,0.0,0.0
500,2024-01-08,1707.04906,21188.958,18121.778,1366.647821,13.656392,1380.304213,1707.04906,0.0,0.0,0.0
500,2024-01-09,1707.04906,20585.413,18756.185,1364.348443,15.363442,1379.711885,1707.04906,0.0,0.0,0.0
500,2024-01-10,1707.04906,24649.852,20155.663,1356.527038,17.070491,1373.597529,1707.04906,0.0,0.0,0.0
500,2024-01-11,1707.04906,21213.377,19658.339,1354.931197,18.77754,1373.708737,1707.04906,0.0,0.0,0.0
500,2024-01-12,1707.04906,23246.635,19801.531,1348.336893,20.484589,1368.821482,1707.04906,0.0,0.0,0.0
500,2024-01-13,1707.04906,18666.398,16412.449,1340.70284,22.191638,1362.894478,1707.04906,0.0,0.0,0.0
500,2024-01-14,1707.04906,16766.116,14953.037,1342.450314,23.898687,1366.349001,1707.04906,0.0,0.0,0.0
500,2024-01-15,1707.04906,24755.965,16086.181,1345.779037,25.605736,1371.384773,1707.04906,0.0,0.0,0.0
500,2024-01-16,1707.04906,28572.55,17045.311,1340.625048,27.312785,1367.937833,1707.04906,0.0,0.0,0.0
500,2024-01-17,1707.04906,32336.319,19562.668,1331.712797,29.019834,1360.732631,1707.04906,0.0,0.0,0.0
500,2024-01-18,1707.04906,33867.339,19812.901,1320.751055,30.726883,1351.477938,1707.04906,0.0,0.0,0.0
500,2024-01-19,1707.04906,27642.364,18681.138,1330.140495,32.433932,1362.574427,1707.04906,0.0,0.0,0.0
500,2024-01-20,1707.04906,22388.467,12999.264,1441.975712,34.140981,1476.116693,1707.04906,0.0,0.0,0.0
500,2024-01-21,1707.04906,25787.45,14407.832,1537.532853,35.84803,1573.380883,1707.04906,0.0,0.0,0.0
500,2024-01-22,1707.04906,27986.855,18457.275,1572.453343,37.555079,1610.008422,1707.04906,0.0,0.0,0.0
500,2024-01-23,1707.04906,23534.848,12526.424,1608.203677,39.262128,1647.465805,1707.04906,0.0,0.0,0.0
500,2024-01-24,1707.04906,28663.646,6310.409,1645.140434,40.969177,1686.109611,1707.04906,0.0,0.0,0.0
500,2024-01-25,1707.04906,29005.51,6643.514,1656.738638,42.676227,1699.414865,1707.04906,0.0,0.0,0.0
500,2024-01-26,1707.04906,28542.686,8156.453,1656.90138,44.383276,1701.284656,1707.04906,0.0,0.0,0.0
500,2024-01-27,1707.04906,18879.436,7271.013,1686.414156,46.090325,1732.504481,1707.04906,0.0,0.0,0.0
500,2024-01-28,1707.04906,20931.061,7674.335,1742.172644,47.797374,1789.970018,1707.04906,0.0,0.0,0.0
500,2024-01-29,1707.04906,21096.408,7039.871,1773.226145,49.504423,1822.730568,1707.04906,0.0,0.0,0.0
500,2024-01-30,1707.04906,24830.806,9273.12,1789.718672,51.211472,1840.930144,1707.04906,0.0,0.0,0.0
500,2024-01-31,1707.04906,28921.861,10807.27,1793.630467,52.918521,1846.548988,1707.04906,0.0,0.0,0.0
500,2024-02-01,1714.15607,27845.727,7944.238,1791.43429,54.632677,1846.066967,1714.15607,0.0,0.0,0.0
500,2024-02-02,1714.15607,22543.765,7492.62,1787.621356,56.346833,1843.968189,1714.15607,0.0,0.0,0.0
500,2024-02-03,1714.15607,16338.446,6789.074,1788.758048,58.060989,1846.819037,1714.15607,0.0,0.0,0.0
500,2024-02-04,1714.15607,17878.876,6889.12,1794.536348,59.775145,1854.311493,1714.15607,0.0,0.0,0.0
500,2024-02-05,1714.15607,21936.206,7326.016,1796.733268,61.489301,1858.222569,1714.15607,0.0,0.0,0.0
500,2024-02-06,1714.15607,19464.202,7023.708,1790.296099,63.203457,1853.499556,1714.15607,0.0,0.0,0.0
500,2024-02-07,1714.15607,26719.213,11041.76,1783.627852,64.917613,1848.545465,1714.15607,0.0,0.0,0.0
500,2024-02-08,1714.15607,29467.873,11304.604,1774.351,66.631769,1840.982769,1714.15607,0.0,0.0,0.0
500,2024-02-09,1714.15607,29231.232,10448.089,1767.34094,68.345925,1835.686865,1714.15607,0.0,0.0,0.0
500,2024-02-10,1714.15607,20852.84,9172.639,1759.190037,70.060082,1829.250119,1714.15607,0.0,0.0,0.0
500,2024-02-11,1714.15607,18577.156,8701.342,1755.859784,71.774238,1827.634022,1714.15607,0.0,0.0,0.0
500,2024-02-12,1714.15607,27792.556,13393.29,1744.56034,73.488394,1818.048734,1714.15607,0.0,0.0,0.0
500,2024-02-13,1714.15607,28397.821,12434.27,1728.33601,75.20255,1803.53856,1714.15607,0.0,0.0,0.0
500,2024-02-14,1714.15607,26297.573,13601.165,1714.130539,76.916706,1791.047245,1714.15607,0.0,0.0,0.0
500,2024-02-15,1714.15607,25364.651,13687.451,1702.712051,78.630862,1781.342913,1714.15607,0.0,0.0,0.0
500,2024-02-16,1714.15607,26872.172,16910.314,1696.597593,80.345018,1776.942611,1714.15607,0.0,0.0,0.0
500,2024-02-17,1714.15607,19798.821,13538.471,1700.058765,82.059174,1782.117939,1714.15607,0.0,0.0,0.0
500,2024-02-18,1714.15607,16319.434,11382.961,1709.466761,83.77333,1793.240091,1714.15607,0.0,0.0,0.0
500,2024-02-19,1714.15607,22950.0,13918.353,1716.040104,85.487486,1801.52759,1714.15607,0.0,0.0,0.0
500,2024-02-20,1714.15607,29408.366,15493.726,1709.884992,87.201642,1797.086634,1714.15607,0.0,0.0,0.0
500,2024-02-21,1714.15607,27351.682,20809.952,1701.507418,88.915798,1790.423216,1714.15607,0.0,0.0,0.0
500,2024-02-22,1714.15607,28722.075,21484.774,1686.128918,90.629954,1776.758872,1714.15607,0.0,0.0,0.0
500,2024-02-23,1714.15607,25504.107,18688.365,1669.631868,92.34411,1761.975978,1714.15607,0.0,0.0,0.0
500,2024-02-24,1714.15607,20867.145,14668.146,1658.293499,94.058267,1752.351766,1714.15607,0.0,0.0,0.0
500,2024-02-25,1714.15607,21453.267,15927.419,1655.624219,95.772423,1751.396642,1714.15607,0.0,0.0,0.0
500,2024-02-26,1714.15607,26026.228,19631.948,1659.542588,97.486579,1757.029167,1714.15607,0.0,0.0,0.0
500,2024-02-27,1714.15607,26303.337,16636.292,1657.485415,99.200735,1756.68615,1714.15607,0.0,0.0,0.0
500,2024-02-28,1714.15607,25290.399,19822.962,1652.042075,100.914891,1752.956966,1714.15607,0.0,0.0,0.0
500,2024-02-29,1714.15607,24602.308,20401.245,1646.315651,102.629047,1748.944698,1714.15607,0.0,0.0,0.0
500,2024-03-01,1617.938092,21442.062,21055.516,1637.165746,104.246985,1741.412731,1617.938092,0.0,0.0,0.0
500,2024-03-02,1617.938092,14284.344,16499.939,1634.697919,105.864923,1740.562842,1617.938092,0.0,0.0,0.0
500,2024-03-03,1617.938092,13775.125,15494.661,1636.214657,107.482861,1743.697518,1617.938092,0.0,0.0,0.0
500,2024-03-04,1617.938092,17303.75,16825.884,1640.400189,109.100799,1749.500988,1617.938092,0.0,0.0,0.0
500,2024-03-05,1617.938092,19635.717,12313.703,1638.935199,110.718737,1749.653936,1617.938092,0.0,0.0,0.0
500,2024-03-06,1617.938092,22461.918,19422.328,1634.197945,112.336675,1746.53462,1617.938092,0.0,0.0,0.0
500,2024-03-07,1617.938092,20049.357,18217.691,1628.712514,113.954614,1742.667128,1617.938092,0.0,0.0,0.0
500,2024-03-08,1617.938092,20975.367,17514.245,1619.109358,115.572552,1734.68191,1617.938092,0.0,0.0,0.0
500,2024-03-09,1617.938092,16183.332,14070.769,1613.821177,117.19049,1731.011667,1617.938092,0.0,0.0,0.0
500,2024-03-10,1617.938092,16373.378,15975.696,1609.993463,118.808428,1728.801891,1617.938092,0.0,0.0,0.0
500,2024-03-11,1617.938092,19440.532,17890.711,1603.753737,120.426366,1724.180103,1617.938092,0.0,0.0,0.0
500,2024-03-12,1617.938092,21703.863,22268.976,1590.57964,122.044304,1712.623944,1617.938092,0.0,0.0,0.0
500,2024-03-13,1617.938092,19716.32,20119.646,1579.073023,123.662242,1702.735265,1617.938092,0.0,0.0,0.0
500,2024-03-14,1617.938092,19605.502,22663.027,1569.634219,125.28018,1694.914399,1617.938092,0.0,0.0,0.0
500,2024-03-15,1617.938092,17814.073,19942.103,1563.395981,126.898118,1690.294099,1617.938092,0.0,0.0,0.0
500,2024-03-16,1617.938092,15464.92,19397.608,1560.198607,128.516056,1688.714663,1617.938092,0.0,0.0,0.0
500,2024-03-17,1617.938092,15263.853,16808.752,1556.042594,130.133994,1686.176588,1617.938092,0.0,0.0,0.0
500,2024-03-18,1617.938092,19324.823,20817.117,1546.562908,131.751933,1678.314841,1617.938092,0.0,0.0,0.0
500,2024-03-19,1617.938092,21598.029,22142.695,1533.365635,133.369871,1666.735506,1617.938092,0.0,0.0,0.0
500,2024-03-20,1617.938092,21907.633,23641.049,1519.552581,134.987809,1654.54039,1617.938092,0.0,0.0,0.0
500,2024-03-21,1617.938092,22854.3,22570.073,1505.665914,136.605747,1642.271661,1617.938092,0.0,0.0,0.0
500,2024-03-22,1617.938092,23302.079,23257.511,1491.002772,138.223685,1629.226457,1617.938092,0.0,0.0,0.0
500,2024-03-23,1617.938092,19555.872,22080.123,1476.189363,139.841623,1616.030986,1617.938092,0.0,0.0,0.0
500,2024-03-24,1617.938092,16990.032,22684.827,1465.444495,141.459561,1606.904056,1617.938092,0.0,0.0,0.0
500,2024-03-25,1617.938092,18163.446,21652.92,1458.590679,143.077499,1601.668178,1617.938092,0.0,0.0,0.0
500,2024-03-26,1617.938092,19522.865,22370.842,1455.129869,144.695437,1599.825306,1617.938092,0.0,0.0,0.0
500,2024-03-27,1617.938092,21297.118,23239.086,1455.575786,146.313375,1601.889161,1617.938092,0.0,0.0,0.0
500,2024-03-28,1617.938092,18019.462,22256.531,1452.188602,147.931313,1600.119915,1617.938092,0.0,0.0,0.0
500,2024-03-29,1617.938092,16625.588,21195.563,1448.856883,149.549252,1598.406135,1617.938092,0.0,0.0,0.0
500,2024-03-30,1617.938092,14586.364,18944.356,1446.387515,151.16719,1597.554705,1617.938092,0.0,0.0,0.0
500,2024-03-31,1617.938092,16405.894,19399.347,1661.546152,152.785128,1814.33128,1617.938092,0.0,0.0,0.0
500,2024-04-01,1048.557277,22056.537,19604.209,1652.995126,153.833685,1806.828811,1048.557277,0.0,0.0,0.0
500,2024-04-02,1048.557277,26431.912,22175.944,1641.226307,154.882242,1796.108549,1048.557277,0.0,0.0,0.0
500,2024-04-03,1048.557277,22450.892,21667.861,1624.354259,155.9308,1780.285059,1048.557277,0.0,0.0,0.0
500,2024-04-04,1048.557277,21124.112,21524.896,1613.536499,156.979357,1770.515856,1048.557277,0.0,0.0,0.0
500,2024-04-05,1048.557277,22341.716,22711.398,1603.023873,158.027914,1761.051787,1048.557277,0.0,0.0,0.0
500,2024-04-06,1048.557277,16612.751,23191.82,1594.702327,159.076471,1753.778798,1048.557277,0.0,0.0,0.0
500,2024-04-07,1048.557277,17019.206,24769.781,1592.420451,160.125029,1752.54548,1048.557277,0.0,0.0,0.0
500,2024-04-08,1048.557277,24273.839,23177.082,1582.244054,161.173586,1743.41764,1048.557277,0.0,0.0,0.0
500,2024-04-09,1048.557277,20191.874,23109.281,1571.851357,162.222143,1734.0735,1048.557277,0.0,0.0,0.0
500,2024-04-10,1048.557277,21767.415,21880.519,1588.926063,163.270701,1752.196764,1048.557277,0.0,0.0,0.0
500,2024-04-11,1048.557277,22654.417,16157.039,1667.803912,164.319258,1832.12317,1048.557277,0.0,0.0,0.0
500,2024-04-12,1048.557277,23587.928,15215.728,1822.686223,165.367815,1988.054038,1048.557277,0.0,0.0,0.0
500,2024-04-13,1048.557277,17856.453,10854.541,1915.451083,166.416372,2081.867455,1048.557277,0.0,0.0,0.0
500,2024-04-14,1048.557277,19822.747,9661.573,1960.081589,167.46493,2127.546519,1048.557277,0.0,0.0,0.0
500,2024-04-15,1048.557277,24655.459,13866.838,1982.3384,168.513487,2150.851887,1048.557277,0.0,0.0,0.0
500,2024-04-16,1048.557277,23599.09,13135.104,1990.808833,169.562044,2160.370877,1048.557277,0.0,0.0,0.0
500,2024-04-17,1048.557277,23084.371,12530.013,1993.803019,170.610601,2164.41362,1048.557277,0.0,0.0,0.0
500,2024-04-18,1048.557277,21190.731,11629.373,1996.444464,171.659159,2168.103623,1048.557277,0.0,0.0,0.0
500,2024-04-19,1048.557277,20655.509,13913.485,1997.702542,172.707716,2170.410258,1048.557277,0.0,0.0,0.0
500,2024-04-20,1048.557277,18528.69,15243.675,1994.308273,173.756273,2168.064546,1048.557277,0.0,0.0,0.0
500,2024-04-21,1048.557277,14000.994,14512.39,1993.899008,174.804831,2168.703839,1048.557277,0.0,0.0,0.0
500,2024-04-22,1048.557277,18754.785,14785.677,1993.513576,175.853388,2169.366964,1048.557277,0.0,0.0,0.0
500,2024-04-23,1048.557277,21422.314,14880.266,1984.903548,176.901945,2161.805493,1048.557277,0.0,0.0,0.0
500,2024-04-24,1048.557277,18062.597,14948.219,1977.626962,177.950502,2155.577464,1048.557277,0.0,0.0,0.0
500,2024-04-25,1048.557277,10869.136,13426.084,1980.39255,178.99906,2159.39161,1048.557277,0.0,0.0,0.0
500,2024-04-26,1048.557277,15618.86,13492.868,1986.698763,180.047617,2166.74638,1048.557277,0.0,0.0,0.0
500,2024-04-27,1048.557277,16262.734,15476.785,1988.685651,181.096174,2169.781825,1048.557277,0.0,0.0,0.0
500,2024-04-28,1048.557277,17685.498,15735.926,1987.864723,182.144732,2170.009455,1048.557277,0.0,0.0,0.0
500,2024-04-29,1048.557277,22004.556,20564.224,1983.145333,183.193289,2166.338622,1048.557277,0.0,0.0,0.0
500,2024-04-30,1048.557277,22170.055,19865.04,1974.249785,184.241846,2158.491631,1048.557277,0.0,0.0,0.0
500,2024-05-01,958.899616,22299.627,20918.072,1967.984945,185.200746,2153.185691,958.899616,0.0,0.0,0.0
500,2024-05-02,958.899616,23918.949,21142.459,1961.806931,186.159645,2147.966576,958.899616,0.0,0.0,0.0
500,2024-05-03,958.899616,25047.874,21701.073,1950.96139,187.118545,2138.079935,958.899616,0.0,0.0,0.0
500,2024-05-04,958.899616,20848.967,19830.37,1939.117989,188.077445,2127.195434,958.899616,0.0,0.0,0.0
500,2024-05-05,958.899616,18311.027,18065.212,1928.728786,189.036344,2117.76513,958.899616,0.0,0.0,0.0
500,2024-05-06,958.899616,20633.868,20967.186,1920.567629,189.995244,2110.562873,958.899616,0.0,0.0,0.0
500,2024-05-07,958.899616,23599.965,22234.658,1911.71335,190.954143,2102.667493,958.899616,0.0,0.0,0.0
500,2024-05-08,958.899616,28242.69,24931.912,1897.01828,191.913043,2088.931323,958.899616,0.0,0.0,0.0
500,2024-05-09,958.899616,24855.329,22496.306,1883.794452,192.871943,2076.666395,958.899616,0.0,0.0,0.0
500,2024-05-10,958.899616,29267.254,24871.541,1866.376556,193.830842,2060.207398,958.899616,0.0,0.0,0.0
500,2024-05-11,958.899616,24533.258,21527.894,1850.38335,194.789742,2045.173092,958.899616,0.0,0.0,0.0
500,2024-05-12,958.899616,27050.306,22511.702,1834.26941,195.748641,2030.018051,958.899616,0.0,0.0,0.0
500,2024-05-13,958.899616,27566.014,27628.316,1815.986259,196.707541,2012.6938,958.899616,0.0,0.0,0.0
500,2024-05-14,958.899616,28606.144,28307.418,1796.522542,197.666441,1994.188983,958.899616,0.0,0.0,0.0
500,2024-05-15,958.899616,26146.553,27143.834,1777.811106,198.62534,1976.436446,958.899616,0.0,0.0,0.0
500,2024-05-16,958.899616,23288.292,26307.481,1759.047182,199.58424,1958.631422,958.899616,0.0,0.0,0.0
500,2024-05-17,958.899616,22997.499,26835.573,1741.479905,200.54314,1942.023045,958.899616,0.0,0.0,0.0
500,2024-05-18,958.899616,16751.921,23358.633,1726.376548,201.502039,1927.878587,958.899616,0.0,0.0,0.0
500,2024-05-19,958.899616,21291.651,26839.202,1716.246433,202.460939,1918.707372,958.899616,0.0,0.0,0.0
500,2024-05-20,958.899616,28769.14,28042.212,1699.580289,203.419838,1903.000127,958.899616,0.0,0.0,0.0
500,2024-05-21,958.899616,21761.381,23350.983,1684.467227,204.378738,1888.845965,958.899616,0.0,0.0,0.0
500,2024-05-22,958.899616,22363.746,21474.722,1672.646031,205.337638,1877.983669,958.899616,0.0,0.0,0.0
500,2024-05-23,958.899616,26462.535,26813.375,1656.174405,206.296537,1862.470942,958.899616,0.0,0.0,0.0
500,2024-05-24,958.899616,28508.72,27006.821,1637.537016,207.255437,1844.792453,958.899616,0.0,0.0,0.0
500,2024-05-25,958.899616,19453.983,24478.955,1618.155706,208.214336,1826.370042,958.899616,0.0,0.0,0.0
500,2024-05-26,958.899616,17311.528,22064.797,1606.573523,209.173236,1815.746759,958.899616,0.0,0.0,0.0
500,2024-05-27,958.899616,26533.692,25071.592,1590.317375,210.132136,1800.449511,958.899616,0.0,0.0,0.0
500,2024-05-28,958.899616,30095.984,26510.513,1568.913752,211.091035,1780.004787,958.899616,0.0,0.0,0.0
500,2024-05-29,958.899616,29060.66,28005.69,1547.018601,212.049935,1759.068536,958.899616,0.0,0.0,0.0
500,2024-05-30,958.899616,27108.743,26955.533,1527.417944,213.008835,1740.426779,958.899616,0.0,0.0,0.0
500,2024-05-31,958.899616,20460.381,22905.514,1513.547657,213.967734,1727.515391,958.899616,0.0,0.0,0.0
500,2024-06-01,736.122197,15187.064,18428.731,1504.531023,214.703856,1719.234879,736.122197,0.0,0.0,0.0
500,2024-06-02,736.122197,19765.735,19894.269,1497.004675,215.439979,1712.444654,736.122197,0.0,0.0,0.0
500,2024-06-03,736.122197,21430.862,21092.295,1482.856521,216.176101,1699.032622,736.122197,0.0,0.0,0.0
500,2024-06-04,736.122197,25872.286,25251.8,1466.397302,216.912223,1683.309525,736.122197,0.0,0.0,0.0
500,2024-06-05,736.122197,27989.289,27090.726,1446.410289,217.648345,1664.058634,736.122197,0.0,0.0,0.0
500,2024-06-06,736.122197,25990.324,27296.007,1428.199223,218.384467,1646.58369,736.122197,0.0,0.0,0.0
500,2024-06-07,736.122197,25309.914,25939.488,1412.724521,219.12059,1631.845111,736.122197,0.0,0.0,0.0
500,2024-06-08,736.122197,21152.732,25111.744,1399.121634,219.856712,1618.978346,736.122197,0.0,0.0,0.0
500,2024-06-09,736.122197,16463.062,21861.308,1387.397138,220.592834,1607.989972,736.122197,0.0,0.0,0.0
500,2024-06-10,736.122197,18011.49,19692.769,1378.361604,221.328956,1599.69056,736.122197,0.0,0.0,0.0
500,2024-06-11,736.122197,22751.632,24798.144,1366.570079,222.065078,1588.635157,736.122197,0.0,0.0,0.0
500,2024-06-12,736.122197,27459.118,27682.481,1351.019393,222.801201,1573.820594,736.122197,0.0,0.0,0.0
500,2024-06-13,736.122197,24521.423,27070.011,1334.460837,223.537323,1557.99816,736.122197,0.0,0.0,0.0
500,2024-06-14,736.122197,21731.335,26899.17,1321.488604,224.273445,1545.762049,736.122197,0.0,0.0,0.0
500,2024-06-15,736.122197,14017.989,22101.131,1315.886604,225.009567,1540.896171,736.122197,0.0,0.0,0.0
500,2024-06-16,736.122197,14349.796,21819.006,1315.331194,225.745689,1541.076883,736.122197,0.0,0.0,0.0
500,2024-06-17,736.122197,23232.68,25774.932,1310.614967,226.481812,1537.096779,736.122197,0.0,0.0,0.0
500,2024-06-18,736.122197,17300.816,23093.959,1299.888051,227.217934,1527.105985,736.122197,0.0,0.0,0.0
500,2024-06-19,736.122197,18625.013,24694.731,1294.43039,227.954056,1522.384446,736.122197,0.0,0.0,0.0
500,2024-06-20,736.122197,19301.655,26822.364,1282.407271,228.690178,1511.097449,736.122197,0.0,0.0,0.0
500,2024-06-21,736.122197,22723.939,28202.361,1270.503489,229.4263,1499.929789,736.122197,0.0,0.0,0.0
500,2024-06-22,736.122197,18234.6,28663.03,1259.404923,230.162423,1489.567346,736.122197,0.0,0.0,0.0
500,2024-06-23,736.122197,18541.362,27844.541,1251.731904,230.898545,1482.630449,736.122197,0.0,0.0,0.0
500,2024-06-24,736.122197,25140.81,29142.691,1241.094797,231.634667,1472.729464,736.122197,0.0,0.0,0.0
500,2024-06-25,736.122197,23384.975,27668.319,1225.756716,232.370789,1458.127505,736.122197,0.0,0.0,0.0
500,2024-06-26,736.122197,18874.883,26299.202,1212.490176,233.106911,1445.597087,736.122197,0.0,0.0,0.0
500,2024-06-27,736.122197,21174.597,28622.985,1202.997671,233.843033,1436.840704,736.122197,0.0,0.0,0.0
500,2024-06-28,736.122197,18360.495,28334.127,1194.021905,234.579156,1428.601061,736.122197,0.0,0.0,0.0
500,2024-06-29,736.122197,16477.074,25813.547,1184.742506,235.315278,1420.057784,736.122197,0.0,0.0,0.0
500,2024-06-30,736.122197,15052.458,26769.413,1175.101453,236.0514,1411.152853,736.122197,0.0,0.0,0.0
500,2024-07-01,774.664057,16197.323,24883.989,1173.834676,236.826064,1410.66074,774.664057,0.0,0.0,0.0
500,2024-07-02,774.664057,19370.172,23822.935,1178.370093,237.600728,1415.970821,774.664057,0.0,0.0,0.0
500,2024-07-03,774.664057,20272.199,27267.903,1169.793349,238.375392,1408.168741,774.664057,0.0,0.0,0.0
500,2024-07-04,774.664057,22454.957,29080.092,1162.80474,239.150056,1401.954796,774.664057,0.0,0.0,0.0
500,2024-07-05,774.664057,21543.608,28908.628,1152.380525,239.92472,1392.305245,774.664057,0.0,0.0,0.0
500,2024-07-06,774.664057,18784.789,27018.15,1145.305457,240.699384,1386.004841,774.664057,0.0,0.0,0.0
500,2024-07-07,774.664057,17143.721,25985.106,1138.521531,241.474048,1379.995579,774.664057,0.0,0.0,0.0
500,2024-07-08,774.664057,26775.821,28334.931,1126.896124,242.248713,1369.144837,774.664057,0.0,0.0,0.0
500,2024-07-09,774.664057,28054.757,28397.159,1106.585806,243.023377,1349.609183,774.664057,0.0,0.0,0.0
500,2024-07-10,774.664057,26504.174,28542.881,1086.773521,243.798041,1330.571562,774.664057,0.0,0.0,0.0
500,2024-07-11,774.664057,24429.346,30086.117,1068.006263,244.572705,1312.578968,774.664057,0.0,0.0,0.0
500,2024-07-12,774.664057,18789.302,31971.206,1056.426455,245.347369,1301.773824,774.664057,0.0,0.0,0.0
500,2024-07-13,774.664057,18149.06,30786.9,1044.460541,246.122033,1290.582574,774.664057,0.0,0.0,0.0
500,2024-07-14,774.664057,17415.682,30010.806,1033.136654,246.896697,1280.033351,774.664057,0.0,0.0,0.0
500,2024-07-15,774.664057,24017.302,32209.017,1023.189502,247.671361,1270.860863,774.664057,0.0,0.0,0.0
500,2024-07-16,774.664057,26222.96,31034.282,1006.469553,248.446025,1254.915578,774.664057,0.0,0.0,0.0
500,2024-07-17,774.664057,27025.476,33817.471,987.801254,249.220689,1237.021943,774.664057,0.0,0.0,0.0
500,2024-07-18,774.664057,26989.008,34165.202,969.254661,249.995353,1219.250014,774.664057,0.0,0.0,0.0
500,2024-07-19,774.664057,25311.661,32705.684,950.342474,250.770017,1201.112491,774.664057,0.0,0.0,0.0
500,2024-07-20,774.664057,22722.59,30341.021,930.902133,251.544681,1182.446814,774.664057,0.0,0.0,0.0
500,2024-07-21,774.664057,20585.706,29083.185,916.6834,252.319345,1169.002745,774.664057,0.0,0.0,0.0
500,2024-07-22,774.664057,23814.305,33113.408,900.615642,253.094009,1153.709651,774.664057,0.0,0.0,0.0
500,2024-07-23,774.664057,25677.219,33626.218,881.954272,253.868673,1135.822945,774.664057,0.0,0.0,0.0
500,2024-07-24,774.664057,25081.205,33734.973,860.2686,254.643337,1114.911937,774.664057,0.0,0.0,0.0
500,2024-07-25,774.664057,25386.138,32195.834,843.07476,255.418002,1098.492762,774.664057,0.0,0.0,0.0
500,2024-07-26,774.664057,24565.045,31411.283,824.259855,256.192666,1080.452521,774.664057,0.0,0.0,0.0
500,2024-07-27,774.664057,18189.517,26335.327,809.818039,256.96733,1066.785369,774.664057,0.0,0.0,0.0
500,2024-07-28,774.664057,14238.746,27332.2,798.748122,257.741994,1056.490116,774.664057,0.0,0.0,0.0
500,2024-07-29,774.664057,16989.137,29243.566,792.479729,258.516658,1050.996387,774.664057,0.0,0.0,0.0
500,2024-07-30,774.664057,17945.307,30827.782,794.635133,259.291322,1053.926455,774.664057,0.0,0.0,0.0
500,2024-07-31,774.664057,17721.708,29696.485,788.737356,260.065986,1048.803342,774.664057,0.0,0.0,0.0
500,2024-08-01,1100.083097,16222.588,32568.767,779.328726,261.166069,1040.494795,1100.083097,0.0,0.0,0.0
500,2024-08-02,1100.083097,19023.032,34317.284,769.206257,262.266152,1031.472409,1100.083097,0.0,0.0,0.0
500,2024-08-03,1100.083097,20781.751,30502.043,758.304577,263.366235,1021.670812,1100.083097,0.0,0.0,0.0
500,2024-08-04,1100.083097,21580.736,32565.321,744.72096,264.466318,1009.187278,1100.083097,0.0,0.0,0.0
500,2024-08-05,1100.083097,24247.3,35073.576,728.859299,265.566401,994.4257,1100.083097,0.0,0.0,0.0
500,2024-08-06,1100.083097,26108.701,34152.741,711.69992,266.666484,978.366404,1100.083097,0.0,0.0,0.0
500,2024-08-07,1100.083097,24383.118,33007.125,689.027745,267.766568,956.794313,1100.083097,0.0,0.0,0.0
500,2024-08-08,1100.083097,21190.609,32015.511,672.03984,268.866651,940.906491,1100.083097,0.0,0.0,0.0
500,2024-08-09,1100.083097,21207.425,32440.94,658.137947,269.966734,928.104681,1100.083097,0.0,0.0,0.0
500,2024-08-10,1100.083097,17472.081,29421.224,649.375618,271.066817,920.442435,1100.083097,0.0,0.0,0.0
500,2024-08-11,1100.083097,13414.403,28620.021,640.709089,272.1669,912.875989,1100.083097,0.0,0.0,0.0
500,2024-08-12,1100.083097,14358.566,29128.35,635.030006,273.266983,908.296989,1100.083097,0.0,0.0,0.0
500,2024-08-13,1100.083097,14865.823,32561.216,626.695513,274.367066,901.062579,1100.083097,0.0,0.0,0.0
500,2024-08-14,1100.083097,15967.602,35090.708,617.636686,275.467149,893.103835,1100.083097,0.0,0.0,0.0
500,2024-08-15,1100.083097,9516.947,32868.212,612.238704,276.567232,888.805936,1100.083097,0.0,0.0,0.0
500,2024-08-16,1100.083097,10050.906,30463.41,611.303542,277.667315,888.970857,1100.083097,0.0,0.0,0.0
500,2024-08-17,1100.083097,8376.052,25294.677,612.25577,278.767399,891.023169,1100.083097,0.0,0.0,0.0
500,2024-08-18,1100.083097,7982.22,22625.544,615.586817,279.867482,895.454299,1100.083097,0.0,0.0,0.0
500,2024-08-19,1100.083097,12964.939,30063.735,615.598978,280.967565,896.566543,1100.083097,0.0,0.0,0.0
500,2024-08-20,1100.083097,15638.381,32608.158,609.163065,282.067648,891.230713,1100.083097,0.0,0.0,0.0
500,2024-08-21,1100.083097,14177.425,33594.612,600.842864,283.167731,884.010595,1100.083097,0.0,0.0,0.0
500,2024-08-22,1100.083097,10422.099,31570.577,595.359777,284.267814,879.627591,1100.083097,0.0,0.0,0.0
500,2024-08-23,1100.083097,8350.261,24573.958,604.240233,285.367897,889.60813,1100.083097,0.0,0.0,0.0
500,2024-08-24,1100.083097,9109.092,20423.475,625.673765,286.46798,912.141745,1100.083097,0.0,0.0,0.0
500,2024-08-25,1100.083097,7406.545,23705.647,639.397268,287.568063,926.965331,1100.083097,0.0,0.0,0.0
500,2024-08-26,1100.083097,11441.212,26601.153,657.720471,288.668146,946.388617,1100.083097,0.0,0.0,0.0
500,2024-08-27,1100.083097,12177.615,20327.863,666.9187,289.768229,956.686929,1100.083097,0.0,0.0,0.0
500,2024-08-28,1100.083097,13178.078,15812.714,676.35876,290.868313,967.227073,1100.083097,0.0,0.0,0.0
500,2024-08-29,1100.083097,12751.901,14743.087,688.29774,291.968396,980.266136,1100.083097,0.0,0.0,0.0
500,2024-08-30,1100.083097,13799.899,11767.47,705.605123,293.068479,998.673602,1100.083097,0.0,0.0,0.0
500,2024-08-31,1100.083097,15851.079,11539.883,720.436668,294.168562,1014.60523,1100.083097,0.0,0.0,0.0
500,2024-09-01,1372.472911,16368.525,10753.09,751.816934,295.541035,1047.357969,1372.472911,0.0,0.0,0.0
500,2024-09-02,1372.472911,17823.583,10850.624,793.617231,296.913508,1090.530739,1372.472911,0.0,0.0,0.0
500,2024-09-03,1372.472911,19539.651,10098.72,840.36816,298.285981,1138.654141,1372.472911,0.0,0.0,0.0
500,2024-09-04,1372.472911,22163.267,10553.303,888.456624,299.658454,1188.115078,1372.472911,0.0,0.0,0.0
500,2024-09-05,1372.472911,23049.782,12409.704,913.561174,301.030926,1214.5921,1372.472911,0.0,0.0,0.0
500,2024-09-06,1372.472911,20981.051,10121.037,928.533367,302.403399,1230.936766,1372.472911,0.0,0.0,0.0
500,2024-09-07,1372.472911,15585.308,10138.786,945.038004,303.775872,1248.813876,1372.472911,0.0,0.0,0.0
500,2024-09-08,1372.472911,14749.568,9299.0,972.178925,305.148345,1277.32727,1372.472911,0.0,0.0,0.0
500,2024-09-09,1372.472911,17128.44,9903.517,993.658527,306.520818,1300.179345,1372.472911,0.0,0.0,0.0
500,2024-09-10,1372.472911,15211.801,9966.309,1015.107688,307.893291,1323.000979,1372.472911,0.0,0.0,0.0
500,2024-09-11,1372.472911,16038.479,12195.303,1033.166726,309.265764,1342.43249,1372.472911,0.0,0.0,0.0
500,2024-09-12,1372.472911,13651.159,11495.31,1046.330804,310.638237,1356.969041,1372.472911,0.0,0.0,0.0
500,2024-09-13,1372.472911,13688.56,11375.215,1063.170962,312.01071,1375.181672,1372.472911,0.0,0.0,0.0
500,2024-09-14,1372.472911,14007.517,10199.171,1082.11967,313.383183,1395.502853,1372.472911,0.0,0.0,0.0
500,2024-09-15,1372.472911,13350.543,9757.062,1095.676264,314.755656,1410.43192,1372.472911,0.0,0.0,0.0
500,2024-09-16,1372.472911,15861.309,12323.993,1107.337385,316.128128,1423.465513,1372.472911,0.0,0.0,0.0
500,2024-09-17,1372.472911,18573.575,13518.66,1113.755796,317.500601,1431.256397,1372.472911,0.0,0.0,0.0
500,2024-09-18,1372.472911,17576.884,14405.356,1115.761632,318.873074,1434.634706,1372.472911,0.0,0.0,0.0
500,2024-09-19,1372.472911,10401.561,9987.707,1124.04887,320.245547,1444.294417,1372.472911,0.0,0.0,0.0
500,2024-09-20,1372.472911,10223.082,9371.035,1133.459049,321.61802,1455.077069,1372.472911,0.0,0.0,0.0
500,2024-09-21,1372.472911,8174.089,9575.134,1144.21019,322.990493,1467.200683,1372.472911,0.0,0.0,0.0
500,2024-09-22,1372.472911,7341.814,7787.754,1156.131974,324.362966,1480.49494,1372.472911,0.0,0.0,0.0
500,2024-09-23,1372.472911,11020.372,9668.707,1167.736774,325.735439,1493.472213,1372.472911,0.0,0.0,0.0
500,2024-09-24,1372.472911,11336.431,10253.196,1177.939909,327.107912,1505.047821,1372.472911,0.0,0.0,0.0
500,2024-09-25,1372.472911,16286.613,12547.204,1184.32482,328.480385,1512.805205,1372.472911,0.0,0.0,0.0
500,2024-09-26,1372.472911,12567.461,8825.404,1191.46095,329.852858,1521.313808,1372.472911,0.0,0.0,0.0
500,2024-09-27,1372.472911,17110.085,12107.155,1211.2763,331.22533,1542.50163,1372.472911,0.0,0.0,0.0
500,2024-09-28,1372.472911,11140.661,10818.074,1224.695459,332.597803,1557.293262,1372.472911,0.0,0.0,0.0
500,2024-09-29,1372.472911,10794.214,9838.164,1236.405813,333.970276,1570.376089,1372.472911,0.0,0.0,0.0
500,2024-09-30,1372.472911,19779.442,12337.89,1023.079663,335.342749,1358.422412,1372.472911,0.0,0.0,0.0
500,2024-10-01,1583.633103,15251.665,8638.111,1025.805082,336.926382,1362.731464,1583.633103,0.0,0.0,0.0
500,2024-10-02,1583.633103,14680.904,9403.793,1030.509135,338.510015,1369.01915,1583.633103,0.0,0.0,0.0
500,2024-10-03,1583.633103,18552.244,9013.079,1054.297004,340.093649,1394.390653,1583.633103,0.0,0.0,0.0
500,2024-10-04,1583.633103,21473.94,8863.895,1076.504377,341.677282,1418.181659,1583.633103,0.0,0.0,0.0
500,2024-10-05,1583.633103,12688.125,8789.65,1098.520937,343.260915,1441.781852,1583.633103,0.0,0.0,0.0
500,2024-10-06,1583.633103,10583.464,8060.511,1121.46865,344.844548,1466.313198,1583.633103,0.0,0.0,0.0
500,2024-10-07,1583.633103,11909.455,9555.795,1139.593839,346.428181,1486.02202,1583.633103,0.0,0.0,0.0
500,2024-10-08,1583.633103,11456.432,8928.691,1157.842828,348.011814,1505.854642,1583.633103,0.0,0.0,0.0
500,2024-10-09,1583.633103,13633.313,9233.874,1178.716754,349.595447,1528.312201,1583.633103,0.0,0.0,0.0
500,2024-10-10,1583.633103,19848.717,9317.813,1189.981636,351.17908,1541.160716,1583.633103,0.0,0.0,0.0
500,2024-10-11,1583.633103,16440.377,8926.842,1197.743643,352.762713,1550.506356,1583.633103,0.0,0.0,0.0
500,2024-10-12,1583.633103,8851.249,7812.818,1207.264397,354.346346,1561.610743,1583.633103,0.0,0.0,0.0
500,2024-10-13,1583.633103,8678.438,9239.675,1219.531242,355.92998,1575.461222,1583.633103,0.0,0.0,0.0
500,2024-10-14,1583.633103,15427.749,11681.16,1226.877825,357.513613,1584.391438,1583.633103,0.0,0.0,0.0
500,2024-10-15,1583.633103,17203.212,10191.283,1226.472196,359.097246,1585.569442,1583.633103,0.0,0.0,0.0
500,2024-10-16,1583.633103,21593.23,10179.324,1224.73224,360.680879,1585.413119,1583.633103,0.0,0.0,0.0
500,2024-10-17,1583.633103,23320.843,10928.512,1217.239506,362.264512,1579.504018,1583.633103,0.0,0.0,0.0
500,2024-10-18,1583.633103,22068.678,9718.876,1210.052967,363.848145,1573.901112,1583.633103,0.0,0.0,0.0
500,2024-10-19,1583.633103,15361.016,10232.336,1205.581724,365.431778,1571.013502,1583.633103,0.0,0.0,0.0
500,2024-10-20,1583.633103,13309.534,10642.762,1204.277577,367.015411,1571.292988,1583.633103,0.0,0.0,0.0
500,2024-10-21,1583.633103,20075.129,10700.598,1202.811792,368.599044,1571.410836,1583.633103,0.0,0.0,0.0
500,2024-10-22,1583.633103,24216.562,11402.513,1197.877374,370.182677,1568.060051,1583.633103,0.0,0.0,0.0
500,2024-10-23,1583.633103,21083.987,9333.214,1192.312016,371.766311,1564.078327,1583.633103,0.0,0.0,0.0
500,2024-10-24,1583.633103,17903.114,8293.736,1202.865069,373.349944,1576.215013,1583.633103,0.0,0.0,0.0
500,2024-10-25,1583.633103,17552.724,7699.558,1264.3773,374.933577,1639.310877,1583.633103,0.0,0.0,0.0
500,2024-10-26,1583.633103,17225.654,8007.825,1341.106417,376.51721,1717.623627,1583.633103,0.0,0.0,0.0
500,2024-10-27,1583.633103,20463.483,7096.929,1393.359503,378.100843,1771.460346,1583.633103,0.0,0.0,0.0
500,2024-10-28,1583.633103,20311.618,9081.82,1423.821853,379.684476,1803.506329,1583.633103,0.0,0.0,0.0
500,2024-10-29,1583.633103,19578.292,11143.297,1447.982993,381.268109,1829.251102,1583.633103,0.0,0.0,0.0
500,2024-10-30,1583.633103,21150.915,11400.033,1467.7087,382.851742,1850.560442,1583.633103,0.0,0.0,0.0
500,2024-10-31,1583.633103,17696.093,7887.189,1484.417832,384.435375,1868.853207,1583.633103,0.0,0.0,0.0
500,2024-11-01,1843.312304,18179.606,4805.461,1503.948907,386.278688,1890.227595,1843.312304,0.0,0.0,0.0
500,2024-11-02,1843.312304,11616.647,4114.072,1525.074063,388.122,1913.196063,1843.312304,0.0,0.0,0.0
500,2024-11-03,1843.312304,14998.598,3092.313,1541.620024,389.965312,1931.585336,1843.312304,0.0,0.0,0.0
500,2024-11-04,1843.312304,20594.469,3732.801,1551.5072,391.808625,1943.315825,1843.312304,0.0,0.0,0.0
500,2024-11-05,1843.312304,22169.481,4651.275,1559.258785,393.651937,1952.910722,1843.312304,0.0,0.0,0.0
500,2024-11-06,1843.312304,25874.211,7356.725,1568.628994,395.495249,1964.124243,1843.312304,0.0,0.0,0.0
500,2024-11-07,1843.312304,23746.046,5245.734,1576.306947,397.338562,1973.645509,1843.312304,0.0,0.0,0.0
500,2024-11-08,1843.312304,22349.884,2768.567,1591.328005,399.181874,1990.509879,1843.312304,0.0,0.0,0.0
500,2024-11-09,1843.312304,23410.73,2243.053,1680.422439,401.025186,2081.447625,1843.312304,0.0,0.0,0.0
500,2024-11-10,1843.312304,26207.795,2166.441,1804.736894,402.868498,2207.605392,1843.312304,0.0,0.0,0.0
500,2024-11-11,1843.312304,24836.604,4281.641,1867.6429,404.711811,2272.354711,1843.312304,0.0,0.0,0.0
500,2024-11-12,1843.312304,28571.709,5733.529,1901.225757,406.555123,2307.78088,1843.312304,0.0,0.0,0.0
500,2024-11-13,1843.312304,28657.739,4403.102,1921.386162,408.398435,2329.784597,1843.312304,0.0,0.0,0.0
500,2024-11-14,1843.312304,25857.674,4839.653,1937.213257,410.241748,2347.455005,1843.312304,0.0,0.0,0.0
500,2024-11-15,1843.312304,23719.553,3325.097,1965.590155,412.08506,2377.675215,1843.312304,0.0,0.0,0.0
500,2024-11-16,1843.312304,19395.878,2240.284,1996.995264,413.928372,2410.923636,1843.312304,0.0,0.0,0.0
500,2024-11-17,1843.312304,19003.941,2237.171,2019.762612,415.771685,2435.534297,1843.312304,0.0,0.0,0.0
500,2024-11-18,1843.312304,25506.346,2576.192,2036.00226,417.614997,2453.617257,1843.312304,0.0,0.0,0.0
500,2024-11-19,1843.312304,25310.939,2680.226,2047.769023,419.458309,2467.227332,1843.312304,0.0,0.0,0.0
500,2024-11-20,1843.312304,23012.674,2725.872,2054.377955,421.301621,2475.679576,1843.312304,0.0,0.0,0.0
500,2024-11-21,1843.312304,25239.673,2471.993,2057.595969,423.144934,2480.740903,1843.312304,0.0,0.0,0.0
500,2024-11-22,1843.312304,24882.732,2539.781,2059.872789,424.988246,2484.861035,1843.312304,0.0,0.0,0.0
500,2024-11-23,1843.312304,23035.184,1866.447,2058.458229,426.831558,2485.289787,1843.312304,0.0,0.0,0.0
500,2024-11-24,1843.312304,21718.394,3045.187,2055.225349,428.674871,2483.90022,1843.312304,0.0,0.0,0.0
500,2024-11-25,1843.312304,23975.42,3618.655,2055.343678,430.518183,2485.861861,1843.312304,0.0,0.0,0.0
500,2024-11-26,1843.312304,27327.735,3082.769,2054.073158,432.361495,2486.434653,1843.312304,0.0,0.0,0.0
500,2024-11-27,1843.312304,27224.914,4870.567,2049.102219,434.204808,2483.307027,1843.312304,0.0,0.0,0.0
500,2024-11-28,1843.312304,22735.712,5652.013,2048.298612,436.04812,2484.346732,1843.312304,0.0,0.0,0.0
500,2024-11-29,1843.312304,26926.044,5186.147,2050.309709,437.891432,2488.201141,1843.312304,0.0,0.0,0.0
500,2024-11-30,1843.312304,21928.94,2037.891,2055.474654,439.734745,2495.209399,1843.312304,0.0,0.0,0.0
500,2024-12-01,1944.040499,20647.272,1865.197,2064.874225,441.678785,2506.55301,1944.040499,0.0,0.0,0.0
500,2024-12-02,1944.040499,27407.103,4729.009,2069.750655,443.622826,2513.373481,1944.040499,0.0,0.0,0.0
500,2024-12-03,1944.040499,23446.649,4032.052,2071.924232,445.566866,2517.491098,1944.040499,0.0,0.0,0.0
500,2024-12-04,1944.040499,25301.145,4040.736,2083.085472,447.510907,2530.596379,1944.040499,0.0,0.0,0.0
500,2024-12-05,1944.040499,23853.166,3492.548,2105.927994,449.454947,2555.382941,1944.040499,0.0,0.0,0.0
500,2024-12-06,1944.040499,29881.587,4238.664,2129.424058,451.398988,2580.823046,1944.040499,0.0,0.0,0.0
500,2024-12-07,1944.040499,22837.534,2493.363,2146.374081,453.343028,2599.717109,1944.040499,0.0,0.0,0.0
500,2024-12-08,1944.040499,19848.325,2323.79,2164.395468,455.287069,2619.682537,1944.040499,0.0,0.0,0.0
500,2024-12-09,1944.040499,24748.639,3269.917,2187.743568,457.231109,2644.974677,1944.040499,0.0,0.0,0.0
500,2024-12-10,1944.040499,31284.291,3089.807,2203.723277,459.17515,2662.898427,1944.040499,0.0,0.0,0.0
500,2024-12-11,1944.040499,30903.657,4300.004,2207.263938,461.11919,2668.383128,1944.040499,0.0,0.0,0.0
500,2024-12-12,1944.040499,30977.431,7071.162,2204.152139,463.063231,2667.21537,1944.040499,0.0,0.0,0.0
500,2024-12-13,1944.040499,27880.339,3182.089,2203.090076,465.007271,2668.097347,1944.040499,0.0,0.0,0.0
500,2024-12-14,1944.040499,22085.616,1892.331,2217.240219,466.951312,2684.191531,1944.040499,0.0,0.0,0.0
500,2024-12-15,1944.040499,24984.529,1939.625,2255.946435,468.895352,2724.841787,1944.040499,0.0,0.0,0.0
500,2024-12-16,1944.040499,28755.763,4116.119,2282.970689,470.839393,2753.810082,1944.040499,0.0,0.0,0.0
500,2024-12-17,1944.040499,23100.283,1931.968,2303.17576,472.783433,2775.959193,1944.040499,0.0,0.0,0.0
500,2024-12-18,1944.040499,22418.186,1901.339,2317.445839,474.727474,2792.173313,1944.040499,0.0,0.0,0.0
500,2024-12-19,1944.040499,22380.795,1543.331,2323.20859,476.671514,2799.880104,1944.040499,0.0,0.0,0.0
500,2024-12-20,1944.040499,23029.269,2628.882,2327.119982,478.615555,2805.735537,1944.040499,0.0,0.0,0.0
500,2024-12-21,1944.040499,17016.165,2254.907,2334.908575,480.559595,2815.46817,1944.040499,0.0,0.0,0.0
500,2024-12-22,1944.040499,19412.908,2036.176,2343.676455,482.503636,2826.180091,1944.040499,0.0,0.0,0.0
500,2024-12-23,1944.040499,25621.219,2022.988,2342.808584,484.447676,2827.25626,1944.040499,0.0,0.0,0.0
500,2024-12-24,1944.040499,28825.254,2014.282,2337.564553,486.391717,2823.95627,1944.040499,0.0,0.0,0.0
500,2024-12-25,1944.040499,25231.679,2047.353,2331.327316,488.335757,2819.663073,1944.040499,0.0,0.0,0.0
500,2024-12-26,1944.040499,23481.968,2182.42,2333.172225,490.279798,2823.452023,1944.040499,0.0,0.0,0.0
500,2024-12-27,1944.040499,19865.846,2067.668,2338.859675,492.223838,2831.083513,1944.040499,0.0,0.0,0.0
500,2024-12-28,1944.040499,22235.853,2547.943,2343.204466,494.167879,2837.372345,1944.040499,0.0,0.0,0.0
500,2024-12-29,1944.040499,24602.649,2769.536,2342.400576,496.111919,2838.512495,1944.040499,0.0,0.0,0.0
500,2024-12-30,1944.040499,26749.181,2538.884,2343.88026,498.05596,2841.93622,1944.040499,0.0,0.0,0.0
500,2024-12-31,1944.040499,24820.639,3510.916,2347.470846,500.0,2847.470846,1944.040499,0.0,0.0,0.0
1000,2024-01-01,3414.09812,11797.967,8548.98,1346.755813,3.414098,1350.169911,3414.09812,0.0,0.0,0.0
1000,2024-01-02,3414.09812,13939.435,9347.677,1362.438764,6.828196,1369.26696,3414.09812,0.0,0.0,0.0
1000,2024-01-03,3414.09812,22420.688,10635.853,1367.262118,10.242294,1377.504412,3414.09812,0.0,0.0,0.0
1000,2024-01-04,3414.09812,18560.245,10806.694,1366.554438,13.656392,1380.21083,3414.09812,0.0,0.0,0.0
1000,2024-01-05,3414.09812,20397.112,13305.382,1367.506997,17.070491,1384.577488,3414.09812,0.0,0.0,0.0
1000,2024-01-06,3414.09812,15412.399,13435.169,1367.991076,20.484589,1388.475665,3414.09812,0.0,0.0,0.0
1000,2024-01-07,3414.09812,18043.519,13968.907,1369.6365,23.898687,1393.535187,3414.09812,0.0,0.0,0.0
1000,2024-01-08,3414.09812,21188.958,18121.778,1366.647821,27.312785,1393.960606,3414.09812,0.0,0.0,0.0
1000,2024-01-09,3414.09812,20585.413,18756.185,1364.348443,30.726883,1395.075326,3414.09812,0.0,0.0,0.0
1000,2024-01-10,3414.09812,24649.852,20155.663,1356.527038,34.140981,1390.668019,3414.09812,0.0,0.0,0.0
1000,2024-01-11,3414.09812,21213.377,19658.339,1354.931197,37.555079,1392.486276,3414.09812,0.0,0.0,0.0
1000,2024-01-12,3414.09812,23246.635,19801.531,1348.336893,40.969177,1389.30607,3414.09812,0.0,0.0,0.0
1000,2024-01-13,3414.09812,18666.398,16412.449,1340.70284,44.383276,1385.086116,3414.09812,0.0,0.0,0.0
1000,2024-01-14,3414.09812,16766.116,14953.037,1342.450314,47.797374,1390.247688,3414.09812,0.0,0.0,0.0
1000,2024-01-15,3414.09812,24755.965,16086.181,1345.779037,51.211472,1396.990509,3414.09812,0.0,0.0,0.0
1000,2024-01-16,3414.09812,28572.55,17045.311,1340.625048,54.62557,1395.250618,3414.09812,0.0,0.0,0.0
1000,2024-01-17,3414.09812,32336.319,19562.668,1331.712797,58.039668,1389.752465,3414.09812,0.0,0.0,0.0
1000,2024-01-18,3414.09812,33867.339,19812.901,1320.751055,61.453766,1382.204821,3414.09812,0.0,0.0,0.0
1000,2024-01-19,3414.09812,27642.364,18681.138,1330.140495,64.867864,1395.008359,3414.09812,0.0,0.0,0.0
1000,2024-01-20,3414.09812,22388.467,12999.264,1441.975712,68.281962,1510.257674,3414.09812,0.0,0.0,0.0
1000,2024-01-21,3414.09812,25787.45,14407.832,1537.532853,71.696061,1609.228914,3414.09812,0.0,0.0,0.0
1000,2024-01-22,3414.09812,27986.855,18457.275,1572.453343,75.110159,1647.563502,3414.09812,0.0,0.0,0.0
1000,2024-01-23,3414.09812,23534.848,12526.424,1608.203677,78.524257,1686.727934,3414.09812,0.0,0.0,0.0
1000,2024-01-24,3414.09812,28663.646,6310.409,1645.140434,81.938355,1727.078789,3414.09812,0.0,0.0,0.0
1000,2024-01-25,3414.09812,29005.51,6643.514,1656.738638,85.352453,1742.091091,3414.09812,0.0,0.0,0.0
1000,2024-01-26,3414.09812,28542.686,8156.453,1656.90138,88.766551,1745.667931,3414.09812,0.0,0.0,0.0
1000,2024-01-27,3414.09812,18879.436,7271.013,1686.414156,92.180649,1778.594805,3414.09812,0.0,0.0,0.0
1000,2024-01-28,3414.09812,20931.061,7674.335,1742.172644,95.594747,1837.767391,3414.09812,0.0,0.0,0.0
1000,2024-01-29,3414.09812,21096.408,7039.871,1773.226145,99.008845,1872.23499,3414.09812,0.0,0.0,0.0
1000,2024-01-30,3414.09812,24830.806,9273.12,1789.718672,102.422944,1892.141616,3414.09812,0.0,0.0,0.0
1000,2024-01-31,3414.09812,28921.861,10807.27,1793.630467,105.837042,1899.467509,3414.09812,0.0,0.0,0.0
1000,2024-02-01,3428.31214,27845.727,7944.238,1791.43429,109.265354,1900.699644,3428.31214,0.0,0.0,0.0
1000,2024-02-02,3428.31214,22543.765,7492.62,1787.621356,112.693666,1900.315022,3428.31214,0.0,0.0,0.0
1000,2024-02-03,3428.31214,16338.446,6789.074,1788.758048,116.121978,1904.880026,3428.31214,0.0,0.0,0.0
1000,2024-02-04,3428.31214,17878.876,6889.12,1794.536348,119.55029,1914.086638,3428.31214,0.0,0.0,0.0
1000,2024-02-05,3428.31214,21936.206,7326.016,1796.733268,122.978602,1919.71187,3428.31214,0.0,0.0,0.0
1000,2024-02-06,3428.31214,19464.202,7023.708,1790.296099,126.406915,1916.703014,3428.31214,0.0,0.0,0.0
1000,2024-02-07,3428.31214,26719.213,11041.76,1783.627852,129.835227,1913.463079,3428.31214,0.0,0.0,0.0
1000,2024-02-08,3428.31214,29467.873,11304.604,1774.351,133.263539,1907.614539,3428.31214,0.0,0.0,0.0
1000,2024-02-09,3428.31214,29231.232,10448.089,1767.34094,136.691851,1904.032791,3428.31214,0.0,0.0,0.0
1000,2024-02-10,3428.31214,20852.84,9172.639,1759.190037,140.120163,1899.3102,3428.31214,0.0,0.0,0.0
1000,2024-02-11,3428.31214,18577.156,8701.342,1755.859784,143.548475,1899.408259,3428.31214,0.0,0.0,0.0
1000,2024-02-12,3428.31214,27792.556,13393.29,1744.56034,146.976787,1891.537127,3428.31214,0.0,0.0,0.0
1000,2024-02-13,3428.31214,28397.821,12434.27,1728.33601,150.4051,1878.74111,3428.31214,0.0,0.0,0.0
1000,2024-02-14,3428.31214,26297.573,13601.165,1714.130539,153.833412,1867.963951,3428.31214,0.0,0.0,0.0
1000,2024-02-15,3428.31214,25364.651,13687.451,1702.712051,157.261724,1859.973775,3428.31214,0.0,0.0,0.0
1000,2024-02-16,3428.31214,26872.172,16910.314,1696.597593,160.690036,1857.287629,3428.31214,0.0,0.0,0.0
1000,2024-02-17,3428.31214,19798.821,13538.471,1700.058765,164.118348,1864.177113,3428.31214,0.0,0.0,0.0
1000,2024-02-18,3428.31214,16319.434,11382.961,1709.466761,167.54666,1877.013421,3428.31214,0.0,0.0,0.0
1000,2024-02-19,3428.31214,22950.0,13918.353,1716.040104,170.974972,1887.015076,3428.31214,0.0,0.0,0.0
1000,2024-02-20,3428.31214,29408.366,15493.726,1709.884992,174.403285,1884.288277,3428.31214,0.0,0.0,0.0
1000,2024-02-21,3428.31214,27351.682,20809.952,1701.507418,177.831597,1879.339015,3428.31214,0.0,0.0,0.0
1000,2024-02-22,3428.31214,28722.075,21484.774,1686.128918,181.259909,1867.388827,3428.31214,0.0,0.0,0.0
1000,2024-02-23,3428.31214,25504.107,18688.365,1669.631868,184.688221,1854.320089,3428.31214,0.0,0.0,0.0
1000,2024-02-24,3428.31214,20867.145,14668.146,1658.293499,188.116533,1846.410032,3428.31214,0.0,0.0,0.0
1000,2024-02-25,3428.31214,21453.267,15927.419,1655.624219,191.544845,1847.169064,3428.31214,0.0,0.0,0.0
1000,2024-02-26,3428.31214,26026.228,19631.948,1659.542588,194.973157,1854.515745,3428.31214,0.0,0.0,0.0
1000,2024-02-27,3428.31214,26303.337,16636.292,1657.485415,198.40147,1855.886885,3428.31214,0.0,0.0,0.0
1000,2024-02-28,3428.31214,25290.399,19822.962,1652.042075,201.829782,1853.871857,3428.31214,0.0,0.0,0.0
1000,2024-02-29,3428.31214,24602.308,20401.245,1646.315651,205.258094,1851.573745,3428.31214,0.0,0.0,0.0
1000,2024-03-01,3235.876185,21442.062,21055.516,1637.165746,208.49397,1845.659716,3235.876185,0.0,0.0,0.0
1000,2024-03-02,3235.876185,14284.344,16499.939,1634.697919,211.729846,1846.427765,3235.876185,0.0,0.0,0.0
1000,2024-03-03,3235.876185,13775.125,15494.661,1636.214657,214.965722,1851.180379,3235.876185,0.0,0.0,0.0
1000,2024-03-04,3235.876185,17303.75,16825.884,1640.400189,218.201599,1858.601788,3235.876185,0.0,0.0,0.0
1000,2024-03-05,3235.876185,19635.717,12313.703,1638.935199,221.437475,1860.372674,3235.876185,0.0,0.0,0.0
1000,2024-03-06,3235.876185,22461.918,19422.328,1634.197945,224.673351,1858.871296,3235.876185,0.0,0.0,0.0
1000,2024-03-07,3235.876185,20049.357,18217.691,1628.712514,227.909227,1856.621741,3235.876185,0.0,0.0,0.0
1000,2024-03-08,3235.876185,20975.367,17514.245,1619.109358,231.145103,1850.254461,3235.876185,0.0,0.0,0.0
1000,2024-03-09,3235.876185,16183.332,14070.769,1613.821177,234.380979,1848.202156,3235.876185,0.0,0.0,0.0
1000,2024-03-10,3235.876185,16373.378,15975.696,1609.993463,237.616856,1847.610319,3235.876185,0.0,0.0,0.0
1000,2024-03-11,3235.876185,19440.532,17890.711,1603.753737,240.852732,1844.606469,3235.876185,0.0,0.0,0.0
1000,2024-03-12,3235.876185,21703.863,22268.976,1590.57964,244.088608,1834.668248,3235.876185,0.0,0.0,0.0
1000,2024-03-13,3235.876185,19716.32,20119.646,1579.073023,247.324484,1826.397507,3235.876185,0.0,0.0,0.0
1000,2024-03-14,3235.876185,19605.502,22663.027,1569.634219,250.56036,1820.194579,3235.876185,0.0,0.0,0.0
1000,2024-03-15,3235.876185,17814.073,19942.103,1563.395981,253.796237,1817.192218,3235.876185,0.0,0.0,0.0
1000,2024-03-16,3235.876185,15464.92,19397.608,1560.198607,257.032113,1817.23072,3235.876185,0.0,0.0,0.0
1000,2024-03-17,3235.876185,15263.853,16808.752,1556.042594,260.267989,1816.310583,3235.876185,0.0,0.0,0.0
1000,2024-03-18,3235.876185,19324.823,20817.117,1546.562908,263.503865,1810.066773,3235.876185,0.0,0.0,0.0
1000,2024-03-19,3235.876185,21598.029,22142.695,1533.365635,266.739741,1800.105376,3235.876185,0.0,0.0,0.0
1000,2024-03-20,3235.876185,21907.633,23641.049,1519.552581,269.975617,1789.528198,3235.876185,0.0,0.0,0.0
1000,2024-03-21,3235.876185,22854.3,22570.073,1505.665914,273.211494,1778.877408,3235.876185,0.0,0.0,0.0
1000,2024-03-22,3235.876185,23302.079,23257.511,1491.002772,276.44737,1767.450142,3235.876185,0.0,0.0,0.0
1000,2024-03-23,3235.876185,19555.872,22080.123,1476.189363,279.683246,1755.872609,3235.876185,0.0,0.0,0.0
1000,2024-03-24,3235.876185,16990.032,22684.827,1465.444495,282.919122,1748.363617,3235.876185,0.0,0.0,0.0
1000,2024-03-25,3235.876185,18163.446,21652.92,1458.590679,286.154998,1744.745677,3235.876185,0.0,0.0,0.0
1000,2024-03-26,3235.876185,19522.865,22370.842,1455.129869,289.390875,1744.520744,3235.876185,0.0,0.0,0.0
1000,2024-03-27,3235.876185,21297.118,23239.086,1455.575786,292.626751,1748.202537,3235.876185,0.0,0.0,0.0
1000,2024-03-28,3235.876185,18019.462,22256.531,1452.188602,295.862627,1748.051229,3235.876185,0.0,0.0,0.0
1000,2024-03-29,3235.876185,16625.588,21195.563,1448.856883,299.098503,1747.955386,3235.876185,0.0,0.0,0.0
1000,2024-03-30,3235.876185,14586.364,18944.356,1446.387515,302.334379,1748.721894,3235.876185,0.0,0.0,0.0
1000,2024-03-31,3235.876185,16405.894,19399.347,1661.546152,305.570256,1967.116408,3235.876185,0.0,0.0,0.0
1000,2024-04-01,2097.114554,22056.537,19604.209,1652.995126,307.66737,1960.662496,2097.114554,0.0,0.0,0.0
1000,2024-04-02,2097.114554,26431.912,22175.944,1641.226307,309.764485,1950.990792,2097.114554,0.0,0.0,0.0
1000,2024-04-03,2097.114554,22450.892,21667.861,1624.354259,311.861599,1936.215858,2097.114554,0.0,0.0,0.0
1000,2024-04-04,2097.114554,21124.112,21524.896,1613.536499,313.958714,1927.495213,2097.114554,0.0,0.0,0.0
1000,2024-04-05,2097.114554,22341.716,22711.398,1603.023873,316.055828,1919.079701,2097.114554,0.0,0.0,0.0
1000,2024-04-06,2097.114554,16612.751,23191.82,1594.702327,318.152943,1912.85527,2097.114554,0.0,0.0,0.0
1000,2024-04-07,2097.114554,17019.206,24769.781,1592.420451,320.250057,1912.670508,2097.114554,0.0,0.0,0.0
1000,2024-04-08,2097.114554,24273.839,23177.082,1582.244054,322.347172,1904.591226,2097.114554,0.0,0.0,0.0
1000,2024-04-09,2097.114554,20191.874,23109.281,1571.851357,324.444287,1896.295644,2097.114554,0.0,0.0,0.0
1000,2024-04-10,2097.114554,21767.415,21880.519,1588.926063,326.541401,1915.467464,2097.114554,0.0,0.0,0.0
1000,2024-04-11,2097.114554,22654.417,16157.039,1667.803912,328.638516,1996.442428,2097.114554,0.0,0.0,0.0
1000,2024-04-12,2097.114554,23587.928,15215.728,1822.686223,330.73563,2153.421853,2097.114554,0.0,0.0,0.0
1000,2024-04-13,2097.114554,17856.453,10854.541,1915.451083,332.832745,2248.283828,2097.114554,0.0,0.0,0.0
1000,2024-04-14,2097.114554,19822.747,9661.573,1960.081589,334.929859,2295.011448,2097.114554,0.0,0.0,0.0
1000,2024-04-15,2097.114554,24655.459,13866.838,1982.3384,337.026974,2319.365374,2097.114554,0.0,0.0,0.0
1000,2024-04-16,2097.114554,23599.09,13135.104,1990.808833,339.124088,2329.932921,2097.114554,0.0,0.0,0.0
1000,2024-04-17,2097.114554,23084.371,12530.013,1993.803019,341.221203,2335.024222,2097.114554,0.0,0.0,0.0
1000,2024-04-18,2097.114554,21190.731,11629.373,1996.444464,343.318317,2339.762781,2097.114554,0.0,0.0,0.0
1000,2024-04-19,2097.114554,20655.509,13913.485,1997.702542,345.415432,2343.117974,2097.114554,0.0,0.0,0.0
1000,2024-04-20,2097.114554,18528.69,15243.675,1994.308273,347.512547,2341.82082,2097.114554,0.0,0.0,0.0
1000,2024-04-21,2097.114554,14000.994,14512.39,1993.899008,349.609661,2343.508669,2097.114554,0.0,0.0,0.0
1000,2024-04-22,2097.114554,18754.785,14785.677,1993.513576,351.706776,2345.220352,2097.114554,0.0,0.0,0.0
1000,2024-04-23,2097.114554,21422.314,14880.266,1984.903548,353.80389,2338.707438,2097.114554,0.0,0.0,0.0
1000,2024-04-24,2097.114554,18062.597,14948.219,1977.626962,355.901005,2333.527967,2097.114554,0.0,0.0,0.0
1000,2024-04-25,2097.114554,10869.136,13426.084,1980.39255,357.998119,2338.390669,2097.114554,0.0,0.0,0.0
1000,2024-04-26,2097.114554,15618.86,13492.868,1986.698763,360.095234,2346.793997,2097.114554,0.0,0.0,0.0
1000,2024-04-27,2097.114554,16262.734,15476.785,1988.685651,362.192348,2350.877999,2097.114554,0.0,0.0,0.0
1000,2024-04-28,2097.114554,17685.498,15735.926,1987.864723,364.289463,2352.154186,2097.114554,0.0,0.0,0.0
1000,2024-04-29,2097.114554,22004.556,20564.224,1983.145333,366.386578,2349.531911,2097.114554,0.0,0.0,0.0
1000,2024-04-30,2097.114554,22170.055,19865.04,1974.249785,368.483692,2342.733477,2097.114554,0.0,0.0,0.0
1000,2024-05-01,1917.799232,22299.627,20918.072,1967.984945,370.401491,2338.386436,1917.799232,0.0,0.0,0.0
1000,2024-05-02,1917.799232,23918.949,21142.459,1961.806931,372.319291,2334.126222,1917.799232,0.0,0.0,0.0
1000,2024-05-03,1917.799232,25047.874,21701.073,1950.96139,374.23709,2325.19848,1917.799232,0.0,0.0,0.0
1000,2024-05-04,1917.799232,20848.967,19830.37,1939.117989,376.154889,2315.272878,1917.799232,0.0,0.0,0.0
1000,2024-05-05,1917.799232,18311.027,18065.212,1928.728786,378.072688,2306.801474,1917.799232,0.0,0.0,0.0
1000,2024-05-06,1917.799232,20633.868,20967.186,1920.567629,379.990488,2300.558117,1917.799232,0.0,0.0,0.0
1000,2024-05-07,1917.799232,23599.965,22234.658,1911.71335,381.908287,2293.621637,1917.799232,0.0,0.0,0.0
1000,2024-05-08,1917.799232,28242.69,24931.912,1897.01828,383.826086,2280.844366,1917.799232,0.0,0.0,0.0
1000,2024-05-09,1917.799232,24855.329,22496.306,1883.794452,385.743885,2269.538337,1917.799232,0.0,0.0,0.0
1000,2024-05-10,1917.799232,29267.254,24871.541,1866.376556,387.661684,2254.03824,1917.799232,0.0,0.0,0.0
1000,2024-05-11,1917.799232,24533.258,21527.894,1850.38335,389.579484,2239.962834,1917.799232,0.0,0.0,0.0
1000,2024-05-12,1917.799232,27050.306,22511.702,1834.26941,391.497283,2225.766693,1917.799232,0.0,0.0,0.0
1000,2024-05-13,1917.799232,27566.014,27628.316,1815.986259,393.415082,2209.401341,1917.799232,0.0,0.0,0.0
1000,2024-05-14,1917.799232,28606.144,28307.418,1796.522542,395.332881,2191.855423,1917.799232,0.0,0.0,0.0
1000,2024-05-15,1917.799232,26146.553,27143.834,1777.811106,397.250681,2175.061787,1917.799232,0.0,0.0,0.0
1000,2024-05-16,1917.799232,23288.292,26307.481,1759.047182,399.16848,2158.215662,1917.799232,0.0,0.0,0.0
1000,2024-05-17,1917.799232,22997.499,26835.573,1741.479905,401.086279,2142.566184,1917.799232,0.0,0.0,0.0
1000,2024-05-18,1917.799232,16751.921,23358.633,1726.376548,403.004078,2129.380626,1917.799232,0.0,0.0,0.0
1000,2024-05-19,1917.799232,21291.651,26839.202,1716.246433,404.921878,2121.168311,1917.799232,0.0,0.0,0.0
1000,2024-05-20,1917.799232,28769.14,28042.212,1699.580289,406.839677,2106.419966,1917.799232,0.0,0.0,0.0
1000,2024-05-21,1917.799232,21761.381,23350.983,1684.467227,408.757476,2093.224703,1917.799232,0.0,0.0,0.0
1000,2024-05-22,1917.799232,22363.746,21474.722,1672.646031,410.675275,2083.321306,1917.799232,0.0,0.0,0.0
1000,2024-05-23,1917.799232,26462.535,26813.375,1656.174405,412.593074,2068.767479,1917.799232,0.0,0.0,0.0
1000,2024-05-24,1917.799232,28508.72,27006.821,1637.537016,414.510874,2052.04789,1917.799232,0.0,0.0,0.0
1000,2024-05-25,1917.799232,19453.983,24478.955,1618.155706,416.428673,2034.584379,1917.799232,0.0,0.0,0.0
1000,2024-05-26,1917.799232,17311.528,22064.797,1606.573523,418.346472,2024.919995,1917.799232,0.0,0.0,0.0
1000,2024-05-27,1917.799232,26533.692,25071.592,1590.317375,420.264271,2010.581646,1917.799232,0.0,0.0,0.0
1000,2024-05-28,1917.799232,30095.984,26510.513,1568.913752,422.182071,1991.095823,1917.799232,0.0,0.0,0.0
1000,2024-05-29,1917.799232,29060.66,28005.69,1547.018601,424.09987,1971.118471,1917.799232,0.0,0.0,0.0
1000,2024-05-30,1917.799232,27108.743,26955.533,1527.417944,426.017669,1953.435613,1917.799232,0.0,0.0,0.0
1000,2024-05-31,1917.799232,20460.381,22905.514,1513.547657,427.935468,1941.483125,1917.799232,0.0,0.0,0.0
1000,2024-06-01,1472.244394,15187.064,18428.731,1504.531023,429.407713,1933.938736,1472.244394,0.0,0.0,0.0
1000,2024-06-02,1472.244394,19765.735,19894.269,1497.004675,430.879957,1927.884632,1472.244394,0.0,0.0,0.0
1000,2024-06-03,1472.244394,21430.862,21092.295,1482.856521,432.352202,1915.208723,1472.244394,0.0,0.0,0.0
1000,2024-06-04,1472.244394,25872.286,25251.8,1466.397302,433.824446,1900.221748,1472.244394,0.0,0.0,0.0
1000,2024-06-05,1472.244394,27989.289,27090.726,1446.410289,435.29669,1881.706979,1472.244394,0.0,0.0,0.0
1000,2024-06-06,1472.244394,25990.324,27296.007,1428.199223,436.768935,1864.968158,1472.244394,0.0,0.0,0.0
1000,2024-06-07,1472.244394,25309.914,25939.488,1412.724521,438.241179,1850.9657,1472.244394,0.0,0.0,0.0
1000,2024-06-08,1472.244394,21152.732,25111.744,1399.121634,439.713424,1838.835058,1472.244394,0.0,0.0,0.0
1000,2024-06-09,1472.244394,16463.062,21861.308,1387.397138,441.185668,1828.582806,1472.244394,0.0,0.0,0.0
1000,2024-06-10,1472.244394,18011.49,19692.769,1378.361604,442.657912,1821.019516,1472.244394,0.0,0.0,0.0
1000,2024-06-11,1472.244394,22751.632,24798.144,1366.570079,444.130157,1810.700236,1472.244394,0.0,0.0,0.0
1000,2024-06-12,1472.244394,27459.118,27682.481,1351.019393,445.602401,1796.621794,1472.244394,0.0,0.0,0.0
1000,2024-06-13,1472.244394,24521.423,27070.011,1334.460837,447.074645,1781.535482,1472.244394,0.0,0.0,0.0
1000,2024-06-14,1472.244394,21731.335,26899.17,1321.488604,448.54689,1770.035494,1472.244394,0.0,0.0,0.0
1000,2024-06-15,1472.244394,14017.989,22101.131,1315.886604,450.019134,1765.905738,1472.244394,0.0,0.0,0.0
1000,2024-06-16,1472.244394,14349.796,21819.006,1315.331194,451.491379,1766.822573,1472.244394,0.0,0.0,0.0
1000,2024-06-17,1472.244394,23232.68,25774.932,1310.614967,452.963623,1763.57859,1472.244394,0.0,0.0,0.0
1000,2024-06-18,1472.244394,17300.816,23093.959,1299.888051,454.435867,1754.323918,1472.244394,0.0,0.0,0.0
1000,2024-06-19,1472.244394,18625.013,24694.731,1294.43039,455.908112,1750.338502,1472.244394,0.0,0.0,0.0
1000,2024-06-20,1472.244394,19301.655,26822.364,1282.407271,457.380356,1739.787627,1472.244394,0.0,0.0,0.0
1000,2024-06-21,1472.244394,22723.939,28202.361,1270.503489,458.852601,1729.35609,1472.244394,0.0,0.0,0.0
1000,2024-06-22,1472.244394,18234.6,28663.03,1259.404923,460.324845,1719.729768,1472.244394,0.0,0.0,0.0
1000,2024-06-23,1472.244394,18541.362,27844.541,1251.731904,461.797089,1713.528993,1472.244394,0.0,0.0,0.0
1000,2024-06-24,1472.244394,25140.81,29142.691,1241.094797,463.269334,1704.364131,1472.244394,0.0,0.0,0.0
1000,2024-06-25,1472.244394,23384.975,27668.319,1225.756716,464.741578,1690.498294,1472.244394,0.0,0.0,0.0
1000,2024-06-26,1472.244394,18874.883,26299.202,1212.490176,466.213823,1678.703999,1472.244394,0.0,0.0,0.0
1000,2024-06-27,1472.244394,21174.597,28622.985,1202.997671,467.686067,1670.683738,1472.244394,0.0,0.0,0.0
1000,2024-06-28,1472.244394,18360.495,28334.127,1194.021905,469.158311,1663.180216,1472.244394,0.0,0.0,0.0
1000,2024-06-29,1472.244394,16477.074,25813.547,1184.742506,470.630556,1655.373062,1472.244394,0.0,0.0,0.0
1000,2024-06-30,1472.244394,15052.458,26769.413,1175.101453,472.1028,1647.204253,1472.244394,0.0,0.0,0.0
1000,2024-07-01,1549.328114,16197.323,24883.989,1173.834676,473.652128,1647.486804,1549.328114,0.0,0.0,0.0
1000,2024-07-02,1549.328114,19370.172,23822.935,1178.370093,475.201456,1653.571549,1549.328114,0.0,0.0,0.0
1000,2024-07-03,1549.328114,20272.199,27267.903,1169.793349,476.750785,1646.544134,1549.328114,0.0,0.0,0.0
1000,2024-07-04,1549.328114,22454.957,29080.092,1162.80474,478.300113,1641.104853,1549.328114,0.0,0.0,0.0
1000,2024-07-05,1549.328114,21543.608,28908.628,1152.380525,479.849441,1632.229966,1549.328114,0.0,0.0,0.0
1000,2024-07-06,1549.328114,18784.789,27018.15,1145.305457,481.398769,1626.704226,1549.328114,0.0,0.0,0.0
1000,2024-07-07,1549.328114,17143.721,25985.106,1138.521531,482.948097,1621.469628,1549.328114,0.0,0.0,0.0
1000,2024-07-08,1549.328114,26775.821,28334.931,1126.896124,484.497425,1611.393549,1549.328114,0.0,0.0,0.0
1000,2024-07-09,1549.328114,28054.757,28397.159,1106.585806,486.046753,1592.632559,1549.328114,0.0,0.0,0.0
1000,2024-07-10,1549.328114,26504.174,28542.881,1086.773521,487.596081,1574.369602,1549.328114,0.0,0.0,0.0
1000,2024-07-11,1549.328114,24429.346,30086.117,1068.006263,489.145409,1557.151672,1549.328114,0.0,0.0,0.0
1000,2024-07-12,1549.328114,18789.302,31971.206,1056.426455,490.694738,1547.121193,1549.328114,0.0,0.0,0.0
1000,2024-07-13,1549.328114,18149.06,30786.9,1044.460541,492.244066,1536.704607,1549.328114,0.0,0.0,0.0
1000,2024-07-14,1549.328114,17415.682,30010.806,1033.136654,493.793394,1526.930048,1549.328114,0.0,0.0,0.0
1000,2024-07-15,1549.328114,24017.302,32209.017,1023.189502,495.342722,1518.532224,1549.328114,0.0,0.0,0.0
1000,2024-07-16,1549.328114,26222.96,31034.282,1006.469553,496.89205,1503.361603,1549.328114,0.0,0.0,0.0
1000,2024-07-17,1549.328114,27025.476,33817.471,987.801254,498.441378,1486.242632,1549.328114,0.0,0.0,0.0
1000,2024-07-18,1549.328114,26989.008,34165.202,969.254661,499.990706,1469.245367,1549.328114,0.0,0.0,0.0
1000,2024-07-19,1549.328114,25311.661,32705.684,950.342474,501.540034,1451.882508,1549.328114,0.0,0.0,0.0
1000,2024-07-20,1549.328114,22722.59,30341.021,930.902133,503.089362,1433.991495,1549.328114,0.0,0.0,0.0
1000,2024-07-21,1549.328114,20585.706,29083.185,916.6834,504.638691,1421.322091,1549.328114,0.0,0.0,0.0
1000,2024-07-22,1549.328114,23814.305,33113.408,900.615642,506.188019,1406.803661,1549.328114,0.0,0.0,0.0
1000,2024-07-23,1549.328114,25677.219,33626.218,881.954272,507.737347,1389.691619,1549.328114,0.0,0.0,0.0
1000,2024-07-24,1549.328114,25081.205,33734.973,860.2686,509.286675,1369.555275,1549.328114,0.0,0.0,0.0
1000,2024-07-25,1549.328114,25386.138,32195.834,843.07476,510.836003,1353.910763,1549.328114,0.0,0.0,0.0
1000,2024-07-26,1549.328114,24565.045,31411.283,824.259855,512.385331,1336.645186,1549.328114,0.0,0.0,0.0
1000,2024-07-27,1549.328114,18189.517,26335.327,809.818039,513.934659,1323.752698,1549.328114,0.0,0.0,0.0
1000,2024-07-28,1549.328114,14238.746,27332.2,798.748122,515.483987,1314.232109,1549.328114,0.0,0.0,0.0
1000,2024-07-29,1549.328114,16989.137,29243.566,792.479729,517.033315,1309.513044,1549.328114,0.0,0.0,0.0
1000,2024-07-30,1549.328114,17945.307,30827.782,794.635133,518.582644,1313.217777,1549.328114,0.0,0.0,0.0
1000,2024-07-31,1549.328114,17721.708,29696.485,788.737356,520.131972,1308.869328,1549.328114,0.0,0.0,0.0
1000,2024-08-01,2200.166195,16222.588,32568.767,779.328726,522.332138,1301.660864,2200.166195,0.0,0.0,0.0
1000,2024-08-02,2200.166195,19023.032,34317.284,769.206257,524.532304,1293.738561,2200.166195,0.0,0.0,0.0
1000,2024-08-03,2200.166195,20781.751,30502.043,758.304577,526.73247,1285.037047,2200.166195,0.0,0.0,0.0
1000,2024-08-04,2200.166195,21580.736,32565.321,744.72096,528.932636,1273.653596,2200.166195,0.0,0.0,0.0
1000,2024-08-05,2200.166195,24247.3,35073.576,728.859299,531.132803,1259.992102,2200.166195,0.0,0.0,0.0
1000,2024-08-06,2200.166195,26108.701,34152.741,711.69992,533.332969,1245.032889,2200.166195,0.0,0.0,0.0
1000,2024-08-07,2200.166195,24383.118,33007.125,689.027745,535.533135,1224.56088,2200.166195,0.0,0.0,0.0
1000,2024-08-08,2200.166195,21190.609,32015.511,672.03984,537.733301,1209.773141,2200.166195,0.0,0.0,0.0
1000,2024-08-09,2200.166195,21207.425,32440.94,658.137947,539.933467,1198.071414,2200.166195,0.0,0.0,0.0
1000,2024-08-10,2200.166195,17472.081,29421.224,649.375618,542.133634,1191.509252,2200.166195,0.0,0.0,0.0
1000,2024-08-11,2200.166195,13414.403,28620.021,640.709089,544.3338,1185.042889,2200.166195,0.0,0.0,0.0
1000,2024-08-12,2200.166195,14358.566,29128.35,635.030006,546.533966,1181.563972,2200.166195,0.0,0.0,0.0
1000,2024-08-13,2200.166195,14865.823,32561.216,626.695513,548.734132,1175.429645,2200.166195,0.0,0.0,0.0
1000,2024-08-14,2200.166195,15967.602,35090.708,617.636686,550.934298,1168.570984,2200.166195,0.0,0.0,0.0
1000,2024-08-15,2200.166195,9516.947,32868.212,612.238704,553.134465,1165.373169,2200.166195,0.0,0.0,0.0
1000,2024-08-16,2200.166195,10050.906,30463.41,611.303542,555.334631,1166.638173,2200.166195,0.0,0.0,0.0
1000,2024-08-17,2200.166195,8376.052,25294.677,612.25577,557.534797,1169.790567,2200.166195,0.0,0.0,0.0
1000,2024-08-18,2200.166195,7982.22,22625.544,615.586817,559.734963,1175.32178,2200.166195,0.0,0.0,0.0
1000,2024-08-19,2200.166195,12964.939,30063.735,615.598978,561.935129,1177.534107,2200.166195,0.0,0.0,0.0
1000,2024-08-20,2200.166195,15638.381,32608.158,609.163065,564.135296,1173.298361,2200.166195,0.0,0.0,0.0
1000,2024-08-21,2200.166195,14177.425,33594.612,600.842864,566.335462,1167.178326,2200.166195,0.0,0.0,0.0
1000,2024-08-22,2200.166195,10422.099,31570.577,595.359777,568.535628,1163.895405,2200.166195,0.0,0.0,0.0
1000,2024-08-23,2200.166195,8350.261,24573.958,604.240233,570.735794,1174.976027,2200.166195,0.0,0.0,0.0
1000,2024-08-24,2200.166195,9109.092,20423.475,625.673765,572.93596,1198.609725,2200.166195,0.0,0.0,0.0
1000,2024-08-25,2200.166195,7406.545,23705.647,639.397268,575.136127,1214.533395,2200.166195,0.0,0.0,0.0
1000,2024-08-26,2200.166195,11441.212,26601.153,657.720471,577.336293,1235.056764,2200.166195,0.0,0.0,0.0
1000,2024-08-27,2200.166195,12177.615,20327.863,666.9187,579.536459,1246.455159,2200.166195,0.0,0.0,0.0
1000,2024-08-28,2200.166195,13178.078,15812.714,676.35876,581.736625,1258.095385,2200.166195,0.0,0.0,0.0
1000,2024-08-29,2200.166195,12751.901,14743.087,688.29774,583.936791,1272.234531,2200.166195,0.0,0.0,0.0
1000,2024-08-30,2200.166195,13799.899,11767.47,705.605123,586.136958,1291.742081,2200.166195,0.0,0.0,0.0
1000,2024-08-31,2200.166195,15851.079,11539.883,720.436668,588.337124,1308.773792,2200.166195,0.0,0.0,0.0
1000,2024-09-01,2744.945823,16368.525,10753.09,751.816934,591.08207,1342.899004,2744.945823,0.0,0.0,0.0
1000,2024-09-02,2744.945823,17823.583,10850.624,793.617231,593.827015,1387.444246,2744.945823,0.0,0.0,0.0
1000,2024-09-03,2744.945823,19539.651,10098.72,840.36816,596.571961,1436.940121,2744.945823,0.0,0.0,0.0
1000,2024-09-04,2744.945823,22163.267,10553.303,888.456624,599.316907,1487.773531,2744.945823,0.0,0.0,0.0
1000,2024-09-05,2744.945823,23049.782,12409.704,913.561174,602.061853,1515.623027,2744.945823,0.0,0.0,0.0
1000,2024-09-06,2744.945823,20981.051,10121.037,928.533367,604.806799,1533.340166,2744.945823,0.0,0.0,0.0
1000,2024-09-07,2744.945823,15585.308,10138.786,945.038004,607.551744,1552.589748,2744.945823,0.0,0.0,0.0
1000,2024-09-08,2744.945823,14749.568,9299.0,972.178925,610.29669,1582.475615,2744.945823,0.0,0.0,0.0
1000,2024-09-09,2744.945823,17128.44,9903.517,993.658527,613.041636,1606.700163,2744.945823,0.0,0.0,0.0
1000,2024-09-10,2744.945823,15211.801,9966.309,1015.107688,615.786582,1630.89427,2744.945823,0.0,0.0,0.0
1000,2024-09-11,2744.945823,16038.479,12195.303,1033.166726,618.531528,1651.698254,2744.945823,0.0,0.0,0.0
1000,2024-09-12,2744.945823,13651.159,11495.31,1046.330804,621.276474,1667.607278,2744.945823,0.0,0.0,0.0
1000,2024-09-13,2744.945823,13688.56,11375.215,1063.170962,624.021419,1687.192381,2744.945823,0.0,0.0,0.0
1000,2024-09-14,2744.945823,14007.517,10199.171,1082.11967,626.766365,1708.886035,2744.945823,0.0,0.0,0.0
1000,2024-09-15,2744.945823,13350.543,9757.062,1095.676264,629.511311,1725.187575,2744.945823,0.0,0.0,0.0
1000,2024-09-16,2744.945823,15861.309,12323.993,1107.337385,632.256257,1739.593642,2744.945823,0.0,0.0,0.0
1000,2024-09-17,2744.945823,18573.575,13518.66,1113.755796,635.001203,1748.756999,2744.945823,0.0,0.0,0.0
1000,2024-09-18,2744.945823,17576.884,14405.356,1115.761632,637.746149,1753.507781,2744.945823,0.0,0.0,0.0
1000,2024-09-19,2744.945823,10401.561,9987.707,1124.04887,640.491094,1764.539964,2744.945823,0.0,0.0,0.0
1000,2024-09-20,2744.945823,10223.082,9371.035,1133.459049,643.23604,1776.695089,2744.945823,0.0,0.0,0.0
1000,2024-09-21,2744.945823,8174.089,9575.134,1144.21019,645.980986,1790.191176,2744.945823,0.0,0.0,0.0
1000,2024-09-22,2744.945823,7341.814,7787.754,1156.131974,648.725932,1804.857906,2744.945823,0.0,0.0,0.0
1000,2024-09-23,2744.945823,11020.372,9668.707,1167.736774,651.470878,1819.207652,2744.945823,0.0,0.0,0.0
1000,2024-09-24,2744.945823,11336.431,10253.196,1177.939909,654.215823,1832.155732,2744.945823,0.0,0.0,0.0
1000,2024-09-25,2744.945823,16286.613,12547.204,1184.32482,656.960769,1841.285589,2744.945823,0.0,0.0,0.0
1000,2024-09-26,2744.945823,12567.461,8825.404,1191.46095,659.705715,1851.166665,2744.945823,0.0,0.0,0.0
1000,2024-09-27,2744.945823,17110.085,12107.155,1211.2763,662.450661,1873.726961,2744.945823,0.0,0.0,0.0
1000,2024-09-28,2744.945823,11140.661,10818.074,1224.695459,665.195607,1889.891066,2744.945823,0.0,0.0,0.0
1000,2024-09-29,2744.945823,10794.214,9838.164,1236.405813,667.940553,1904.346366,2744.945823,0.0,0.0,0.0
1000,2024-09-30,2744.945823,19779.442,12337.89,1023.079663,670.685498,1693.765161,2744.945823,0.0,0.0,0.0
1000,2024-10-01,3167.266207,15251.665,8638.111,1025.805082,673.852765,1699.657847,3167.266207,0.0,0.0,0.0
1000,2024-10-02,3167.266207,14680.904,9403.793,1030.509135,677.020031,1707.529166,3167.266207,0.0,0.0,0.0
1000,2024-10-03,3167.266207,18552.244,9013.079,1054.297004,680.187297,1734.484301,3167.266207,0.0,0.0,0.0
1000,2024-10-04,3167.266207,21473.94,8863.895,1076.504377,683.354563,1759.85894,3167.266207,0.0,0.0,0.0
1000,2024-10-05,3167.266207,12688.125,8789.65,1098.520937,686.521829,1785.042766,3167.266207,0.0,0.0,0.0
1000,2024-10-06,3167.266207,10583.464,8060.511,1121.46865,689.689096,1811.157746,3167.266207,0.0,0.0,0.0
1000,2024-10-07,3167.266207,11909.455,9555.795,1139.593839,692.856362,1832.450201,3167.266207,0.0,0.0,0.0
1000,2024-10-08,3167.266207,11456.432,8928.691,1157.842828,696.023628,1853.866456,3167.266207,0.0,0.0,0.0
1000,2024-10-09,3167.266207,13633.313,9233.874,1178.716754,699.190894,1877.907648,3167.266207,0.0,0.0,0.0
1000,2024-10-10,3167.266207,19848.717,9317.813,1189.981636,702.35816,1892.339796,3167.266207,0.0,0.0,0.0
1000,2024-10-11,3167.266207,16440.377,8926.842,1197.743643,705.525427,1903.26907,3167.266207,0.0,0.0,0.0
1000,2024-10-12,3167.266207,8851.249,7812.818,1207.264397,708.692693,1915.95709,3167.266207,0.0,0.0,0.0
1000,2024-10-13,3167.266207,8678.438,9239.675,1219.531242,711.859959,1931.391201,3167.266207,0.0,0.0,0.0
1000,2024-10-14,3167.266207,15427.749,11681.16,1226.877825,715.027225,1941.90505,3167.266207,0.0,0.0,0.0
1000,2024-10-15,3167.266207,17203.212,10191.283,1226.472196,718.194492,1944.666688,3167.266207,0.0,0.0,0.0
1000,2024-10-16,3167.266207,21593.23,10179.324,1224.73224,721.361758,1946.093998,3167.266207,0.0,0.0,0.0
1000,2024-10-17,3167.266207,23320.843,10928.512,1217.239506,724.529024,1941.76853,3167.266207,0.0,0.0,0.0
1000,2024-10-18,3167.266207,22068.678,9718.876,1210.052967,727.69629,1937.749257,3167.266207,0.0,0.0,0.0
1000,2024-10-19,3167.266207,15361.016,10232.336,1205.581724,730.863556,1936.44528,3167.266207,0.0,0.0,0.0
1000,2024-10-20,3167.266207,13309.534,10642.762,1204.277577,734.030823,1938.3084,3167.266207,0.0,0.0,0.0
1000,2024-10-21,3167.266207,20075.129,10700.598,1202.811792,737.198089,1940.009881,3167.266207,0.0,0.0,0.0
1000,2024-10-22,3167.266207,24216.562,11402.513,1197.877374,740.365355,1938.242729,3167.266207,0.0,0.0,0.0
1000,2024-10-23,3167.266207,21083.987,9333.214,1192.312016,743.532621,1935.844637,3167.266207,0.0,0.0,0.0
1000,2024-10-24,3167.266207,17903.114,8293.736,1202.865069,746.699887,1949.564956,3167.266207,0.0,0.0,0.0
1000,2024-10-25,3167.266207,17552.724,7699.558,1264.3773,749.867154,2014.244454,3167.266207,0.0,0.0,0.0
1000,2024-10-26,3167.266207,17225.654,8007.825,1341.106417,753.03442,2094.140837,3167.266207,0.0,0.0,0.0
1000,2024-10-27,3167.266207,20463.483,7096.929,1393.359503,756.201686,2149.561189,3167.266207,0.0,0.0,0.0
1000,2024-10-28,3167.266207,20311.618,9081.82,1423.821853,759.368952,2183.190805,3167.266207,0.0,0.0,0.0
1000,2024-10-29,3167.266207,19578.292,11143.297,1447.982993,762.536218,2210.519211,3167.266207,0.0,0.0,0.0
1000,2024-10-30,3167.266207,21150.915,11400.033,1467.7087,765.703485,2233.412185,3167.266207,0.0,0.0,0.0
1000,2024-10-31,3167.266207,17696.093,7887.189,1484.417832,768.870751,2253.288583,3167.266207,0.0,0.0,0.0
1000,2024-11-01,3686.624608,18179.606,4805.461,1503.948907,772.557375,2276.506282,3686.624608,0.0,0.0,0.0
1000,2024-11-02,3686.624608,11616.647,4114.072,1525.074063,776.244,2301.318063,3686.624608,0.0,0.0,0.0
1000,2024-11-03,3686.624608,14998.598,3092.313,1541.620024,779.930625,2321.550649,3686.624608,0.0,0.0,0.0
1000,2024-11-04,3686.624608,20594.469,3732.801,1551.5072,783.617249,2335.124449,3686.624608,0.0,0.0,0.0
1000,2024-11-05,3686.624608,22169.481,4651.275,1559.258785,787.303874,2346.562659,3686.624608,0.0,0.0,0.0
1000,2024-11-06,3686.624608,25874.211,7356.725,1568.628994,790.990498,2359.619492,3686.624608,0.0,0.0,0.0
1000,2024-11-07,3686.624608,23746.046,5245.734,1576.306947,794.677123,2370.98407,3686.624608,0.0,0.0,0.0
1000,2024-11-08,3686.624608,22349.884,2768.567,1591.328005,798.363748,2389.691753,3686.624608,0.0,0.0,0.0
1000,2024-11-09,3686.624608,23410.73,2243.053,1680.422439,802.050372,2482.472811,3686.624608,0.0,0.0,0.0
1000,2024-11-10,3686.624608,26207.795,2166.441,1804.736894,805.736997,2610.473891,3686.624608,0.0,0.0,0.0
1000,2024-11-11,3686.624608,24836.604,4281.641,1867.6429,809.423622,2677.066522,3686.624608,0.0,0.0,0.0
1000,2024-11-12,3686.624608,28571.709,5733.529,1901.225757,813.110246,2714.336003,3686.624608,0.0,0.0,0.0
1000,2024-11-13,3686.624608,28657.739,4403.102,1921.386162,816.796871,2738.183033,3686.624608,0.0,0.0,0.0
1000,2024-11-14,3686.624608,25857.674,4839.653,1937.213257,820.483495,2757.696752,3686.624608,0.0,0.0,0.0
1000,2024-11-15,3686.624608,23719.553,3325.097,1965.590155,824.17012,2789.760275,3686.624608,0.0,0.0,0.0
1000,2024-11-16,3686.624608,19395.878,2240.284,1996.995264,827.856745,2824.852009,3686.624608,0.0,0.0,0.0
1000,2024-11-17,3686.624608,19003.941,2237.171,2019.762612,831.543369,2851.305981,3686.624608,0.0,0.0,0.0
1000,2024-11-18,3686.624608,25506.346,2576.192,2036.00226,835.229994,2871.232254,3686.624608,0.0,0.0,0.0
1000,2024-11-19,3686.624608,25310.939,2680.226,2047.769023,838.916618,2886.685641,3686.624608,0.0,0.0,0.0
1000,2024-11-20,3686.624608,23012.674,2725.872,2054.377955,842.603243,2896.981198,3686.624608,0.0,0.0,0.0
1000,2024-11-21,3686.624608,25239.673,2471.993,2057.595969,846.289868,2903.885837,3686.624608,0.0,0.0,0.0
1000,2024-11-22,3686.624608,24882.732,2539.781,2059.872789,849.976492,2909.849281,3686.624608,0.0,0.0,0.0
1000,2024-11-23,3686.624608,23035.184,1866.447,2058.458229,853.663117,2912.121346,3686.624608,0.0,0.0,0.0
1000,2024-11-24,3686.624608,21718.394,3045.187,2055.225349,857.349741,2912.57509,3686.624608,0.0,0.0,0.0
1000,2024-11-25,3686.624608,23975.42,3618.655,2055.343678,861.036366,2916.380044,3686.624608,0.0,0.0,0.0
1000,2024-11-26,3686.624608,27327.735,3082.769,2054.073158,864.722991,2918.796149,3686.624608,0.0,0.0,0.0
1000,2024-11-27,3686.624608,27224.914,4870.567,2049.102219,868.409615,2917.511834,3686.624608,0.0,0.0,0.0
1000,2024-11-28,3686.624608,22735.712,5652.013,2048.298612,872.09624,2920.394852,3686.624608,0.0,0.0,0.0
1000,2024-11-29,3686.624608,26926.044,5186.147,2050.309709,875.782864,2926.092573,3686.624608,0.0,0.0,0.0
1000,2024-11-30,3686.624608,21928.94,2037.891,2055.474654,879.469489,2934.944143,3686.624608,0.0,0.0,0.0
1000,2024-12-01,3888.080998,20647.272,1865.197,2064.874225,882.441321,2947.315546,2971.831939,916.249059,916.249059,0.0
1000,2024-12-02,3888.080998,27407.103,4729.009,2069.750655,882.441321,2952.191976,0.0,3888.080998,3888.080998,0.0
1000,2024-12-03,3888.080998,23446.649,4032.052,2071.924232,882.441321,2954.365553,0.0,3888.080998,3888.080998,0.0
1000,2024-12-04,3888.080998,25301.145,4040.736,2083.085472,882.441321,2965.526793,0.0,3888.080998,3888.080998,0.0
1000,2024-12-05,3888.080998,23853.166,3492.548,2105.927994,882.441321,2988.369315,0.0,3888.080998,3492.548,395.532998
1000,2024-12-06,3888.080998,29881.587,4238.664,2129.424058,882.441321,3011.865379,0.0,3888.080998,3888.080998,0.0
1000,2024-12-07,3888.080998,22837.534,2493.363,2146.374081,882.441321,3028.815402,0.0,3888.080998,2493.363,1394.717998
1000,2024-12-08,3888.080998,19848.325,2323.79,2164.395468,882.441321,3046.836789,0.0,3888.080998,2323.79,1564.290998
1000,2024-12-09,3888.080998,24748.639,3269.917,2187.743568,882.441321,3070.184889,0.0,3888.080998,3269.917,618.163998
1000,2024-12-10,3888.080998,31284.291,3089.807,2203.723277,882.441321,3086.164598,0.0,3888.080998,3089.807,798.273998
1000,2024-12-11,3888.080998,30903.657,4300.004,2207.263938,882.441321,3089.705259,0.0,3888.080998,3888.080998,0.0
1000,2024-12-12,3888.080998,30977.431,7071.162,2204.152139,882.441321,3086.59346,0.0,3888.080998,3888.080998,0.0
1000,2024-12-13,3888.080998,27880.339,3182.089,2203.090076,882.441321,3085.531397,0.0,3888.080998,3182.089,705.991998
1000,2024-12-14,3888.080998,22085.616,1892.331,2217.240219,882.441321,3099.68154,0.0,3888.080998,1892.331,1995.749998
1000,2024-12-15,3888.080998,24984.529,1939.625,2255.946435,882.441321,3138.387756,0.0,3888.080998,1939.625,1948.455998
1000,2024-12-16,3888.080998,28755.763,4116.119,2282.970689,882.441321,3165.41201,0.0,3888.080998,3888.080998,0.0
1000,2024-12-17,3888.080998,23100.283,1931.968,2303.17576,882.441321,3185.617081,0.0,3888.080998,1931.968,1956.112998
1000,2024-12-18,3888.080998,22418.186,1901.339,2317.445839,882.441321,3199.88716,0.0,3888.080998,1901.339,1986.741998
1000,2024-12-19,3888.080998,22380.795,1543.331,2323.20859,882.441321,3205.649911,0.0,3888.080998,1543.331,2344.749998
1000,2024-12-20,3888.080998,23029.269,2628.882,2327.119982,882.441321,3209.561303,0.0,3888.080998,2628.882,1259.198998
1000,2024-12-21,3888.080998,17016.165,2254.907,2334.908575,882.441321,3217.349896,0.0,3888.080998,2254.907,1633.173998
1000,2024-12-22,3888.080998,19412.908,2036.176,2343.676455,882.441321,3226.117776,0.0,3888.080998,2036.176,1851.904998
1000,2024-12-23,3888.080998,25621.219,2022.988,2342.808584,882.441321,3225.249905,0.0,3888.080998,2022.988,1865.092998
1000,2024-12-24,3888.080998,28825.254,2014.282,2337.564553,882.441321,3220.005874,0.0,3888.080998,2014.282,1873.798998
1000,2024-12-25,3888.080998,25231.679,2047.353,2331.327316,882.441321,3213.768637,0.0,3888.080998,2047.353,1840.727998
1000,2024-12-26,3888.080998,23481.968,2182.42,2333.172225,882.441321,3215.613546,0.0,3888.080998,2182.42,1705.660998
1000,2024-12-27,3888.080998,19865.846,2067.668,2338.859675,882.441321,3221.300996,0.0,3888.080998,2067.668,1820.412998
1000,2024-12-28,3888.080998,22235.853,2547.943,2343.204466,882.441321,3225.645787,0.0,3888.080998,2547.943,1340.137998
1000,2024-12-29,3888.080998,24602.649,2769.536,2342.400576,882.441321,3224.841897,0.0,3888.080998,2769.536,1118.544998
1000,2024-12-30,3888.080998,26749.181,2538.884,2343.88026,882.441321,3226.321581,0.0,3888.080998,2538.884,1349.196998
1000,2024-12-31,3888.080998,24820.639,3510.916,2347.470846,882.441321,3229.912167,0.0,3888.080998,3510.916,377.164998
1500,2024-01-01,5121.147181,11797.967,8548.98,1346.755813,5.121147,1351.87696,5121.147181,0.0,0.0,0.0
1500,2024-01-02,5121.147181,13939.435,9347.677,1362.438764,10.242294,1372.681058,5121.147181,0.0,0.0,0.0
1500,2024-01-03,5121.147181,22420.688,10635.853,1367.262118,15.363442,1382.62556,5121.147181,0.0,0.0,0.0
1500,2024-01-04,5121.147181,18560.245,10806.694,1366.554438,20.484589,1387.039027,5121.147181,0.0,0.0,0.0
1500,2024-01-05,5121.147181,20397.112,13305.382,1367.506997,25.605736,1393.112733,5121.147181,0.0,0.0,0.0
1500,2024-01-06,5121.147181,15412.399,13435.169,1367.991076,30.726883,1398.717959,5121.147181,0.0,0.0,0.0
1500,2024-01-07,5121.147181,18043.519,13968.907,1369.6365,35.84803,1405.48453,5121.147181,0.0,0.0,0.0
1500,2024-01-08,5121.147181,21188.958,18121.778,1366.647821,40.969177,1407.616998,5121.147181,0.0,0.0,0.0
1500,2024-01-09,5121.147181,20585.413,18756.185,1364.348443,46.090325,1410.438768,5121.147181,0.0,0.0,0.0
1500,2024-01-10,5121.147181,24649.852,20155.663,1356.527038,51.211472,1407.73851,5121.147181,0.0,0.0,0.0
1500,2024-01-11,5121.147181,21213.377,19658.339,1354.931197,56.332619,1411.263816,5121.147181,0.0,0.0,0.0
1500,2024-01-12,5121.147181,23246.635,19801.531,1348.336893,61.453766,1409.790659,5121.147181,0.0,0.0,0.0
1500,2024-01-13,5121.147181,18666.398,16412.449,1340.70284,66.574913,1407.277753,5121.147181,0.0,0.0,0.0
1500,2024-01-14,5121.147181,16766.116,14953.037,1342.450314,71.696061,1414.146375,5121.147181,0.0,0.0,0.0
1500,2024-01-15,5121.147181,24755.965,16086.181,1345.779037,76.817208,1422.596245,5121.147181,0.0,0.0,0.0
1500,2024-01-16,5121.147181,28572.55,17045.311,1340.625048,81.938355,1422.563403,5121.147181,0.0,0.0,0.0
1500,2024-01-17,5121.147181,32336.319,19562.668,1331.712797,87.059502,1418.772299,5121.147181,0.0,0.0,0.0
1500,2024-01-18,5121.147181,33867.339,19812.901,1320.751055,92.180649,1412.931704,5121.147181,0.0,0.0,0.0
1500,2024-01-19,5121.147181,27642.364,18681.138,1330.140495,97.301796,1427.442291,5121.147181,0.0,0.0,0.0
1500,2024-01-20,5121.147181,22388.467,12999.264,1441.975712,102.422944,1544.398656,5121.147181,0.0,0.0,0.0
1500,2024-01-21,5121.147181,25787.45,14407.832,1537.532853,107.544091,1645.076944,5121.147181,0.0,0.0,0.0
1500,2024-01-22,5121.147181,27986.855,18457.275,1572.453343,112.665238,1685.118581,5121.147181,0.0,0.0,0.0
1500,2024-01-23,5121.147181,23534.848,12526.424,1608.203677,117.786385,1725.990062,5121.147181,0.0,0.0,0.0
1500,2024-01-24,5121.147181,28663.646,6310.409,1645.140434,122.907532,1768.047966,5121.147181,0.0,0.0,0.0
1500,2024-01-25,5121.147181,29005.51,6643.514,1656.738638,128.02868,1784.767318,5121.147181,0.0,0.0,0.0
1500,2024-01-26,5121.147181,28542.686,8156.453,1656.90138,133.149827,1790.051207,5121.147181,0.0,0.0,0.0
1500,2024-01-27,5121.147181,18879.436,7271.013,1686.414156,138.270974,1824.68513,5121.147181,0.0,0.0,0.0
1500,2024-01-28,5121.147181,20931.061,7674.335,1742.172644,143.392121,1885.564765,5121.147181,0.0,0.0,0.0
1500,2024-01-29,5121.147181,21096.408,7039.871,1773.226145,148.513268,1921.739413,5121.147181,0.0,0.0,0.0
1500,2024-01-30,5121.147181,24830.806,9273.12,1789.718672,153.634415,1943.353087,5121.147181,0.0,0.0,0.0
1500,2024-01-31,5121.147181,28921.861,10807.27,1793.630467,158.755563,1952.38603,5121.147181,0.0,0.0,0.0
1500,2024-02-01,5142.46821,27845.727,7944.238,1791.43429,163.898031,1955.332321,5142.46821,0.0,0.0,0.0
1500,2024-02-02,5142.46821,22543.765,7492.62,1787.621356,169.040499,1956.661855,5142.46821,0.0,0.0,0.0
1500,2024-02-03,5142.46821,16338.446,6789.074,1788.758048,174.182967,1962.941015,5142.46821,0.0,0.0,0.0
1500,2024-02-04,5142.46821,17878.876,6889.12,1794.536348,179.325435,1973.861783,5142.46821,0.0,0.0,0.0
1500,2024-02-05,5142.46821,21936.206,7326.016,1796.733268,184.467904,1981.201172,5142.46821,0.0,0.0,0.0
1500,2024-02-06,5142.46821,19464.202,7023.708,1790.296099,189.610372,1979.906471,5142.46821,0.0,0.0,0.0
1500,2024-02-07,5142.46821,26719.213,11041.76,1783.627852,194.75284,1978.380692,5142.46821,0.0,0.0,0.0
1500,2024-02-08,5142.46821,29467.873,11304.604,1774.351,199.895308,1974.246308,5142.46821,0.0,0.0,0.0
1500,2024-02-09,5142.46821,29231.232,10448.089,1767.34094,205.037776,1972.378716,5142.46821,0.0,0.0,0.0
1500,2024-02-10,5142.46821,20852.84,9172.639,1759.190037,210.180245,1969.370282,5142.46821,0.0,0.0,0.0
1500,2024-02-11,5142.46821,18577.156,8701.342,1755.859784,215.322713,1971.182497,5142.46821,0.0,0.0,0.0
1500,2024-02-12,5142.46821,27792.556,13393.29,1744.56034,220.465181,1965.025521,5142.46821,0.0,0.0,0.0
1500,2024-02-13,5142.46821,28397.821,12434.27,1728.33601,225.607649,1953.943659,5142.46821,0.0,0.0,0.0
1500,2024-02-14,5142.46821,26297.573,13601.165,1714.130539,230.750118,1944.880657,5142.46821,0.0,0.0,0.0
1500,2024-02-15,5142.46821,25364.651,13687.451,1702.712051,235.892586,1938.604637,5142.46821,0.0,0.0,0.0
1500,2024-02-16,5142.46821,26872.172,16910.314,1696.597593,241.035054,1937.632647,5142.46821,0.0,0.0,0.0
1500,2024-02-17,5142.46821,19798.821,13538.471,1700.058765,246.177522,1946.236287,5142.46821,0.0,0.0,0.0
1500,2024-02-18,5142.46821,16319.434,11382.961,1709.466761,251.31999,1960.786751,5142.46821,0.0,0.0,0.0
1500,2024-02-19,5142.46821,22950.0,13918.353,1716.040104,256.462459,1972.502563,5142.46821,0.0,0.0,0.0
1500,2024-02-20,5142.46821,29408.366,15493.726,1709.884992,261.604927,1971.489919,5142.46821,0.0,0.0,0.0
1500,2024-02-21,5142.46821,27351.682,20809.952,1701.507418,266.747395,1968.254813,5142.46821,0.0,0.0,0.0
1500,2024-02-22,5142.46821,28722.075,21484.774,1686.128918,271.889863,1958.018781,5142.46821,0.0,0.0,0.0
1500,2024-02-23,5142.46821,25504.107,18688.365,1669.631868,277.032331,1946.664199,5142.46821,0.0,0.0,0.0
1500,2024-02-24,5142.46821,20867.145,14668.146,1658.293499,282.1748,1940.468299,5142.46821,0.0,0.0,0.0
1500,2024-02-25,5142.46821,21453.267,15927.419,1655.624219,287.317268,1942.941487,5142.46821,0.0,0.0,0.0
1500,2024-02-26,5142.46821,26026.228,19631.948,1659.542588,292.459736,1952.002324,5142.46821,0.0,0.0,0.0
1500,2024-02-27,5142.46821,26303.337,16636.292,1657.485415,297.602204,1955.087619,5142.46821,0.0,0.0,0.0
1500,2024-02-28,5142.46821,25290.399,19822.962,1652.042075,302.744672,1954.786747,5142.46821,0.0,0.0,0.0
1500,2024-02-29,5142.46821,24602.308,20401.245,1646.315651,307.887141,1954.202792,5142.46821,0.0,0.0,0.0
1500,2024-03-01,4853.814277,21442.062,21055.516,1637.165746,312.740955,1949.906701,4853.814277,0.0,0.0,0.0
1500,2024-03-02,4853.814277,14284.344,16499.939,1634.697919,317.594769,1952.292688,4853.814277,0.0,0.0,0.0
1500,2024-03-03,4853.814277,13775.125,15494.661,1636.214657,322.448584,1958.663241,4853.814277,0.0,0.0,0.0
1500,2024-03-04,4853.814277,17303.75,16825.884,1640.400189,327.302398,1967.702587,4853.814277,0.0,0.0,0.0
1500,2024-03-05,4853.814277,19635.717,12313.703,1638.935199,332.156212,1971.091411,4853.814277,0.0,0.0,0.0
1500,2024-03-06,4853.814277,22461.918,19422.328,1634.197945,337.010026,1971.207971,4853.814277,0.0,0.0,0.0
1500,2024-03-07,4853.814277,20049.357,18217.691,1628.712514,341.863841,1970.576355,4853.814277,0.0,0.0,0.0
1500,2024-03-08,4853.814277,20975.367,17514.245,1619.109358,346.717655,1965.827013,4853.814277,0.0,0.0,0.0
1500,2024-03-09,4853.814277,16183.332,14070.769,1613.821177,351.571469,1965.392646,4853.814277,0.0,0.0,0.0
1500,2024-03-10,4853.814277,16373.378,15975.696,1609.993463,356.425283,1966.418746,4853.814277,0.0,0.0,0.0
1500,2024-03-11,4853.814277,19440.532,17890.711,1603.753737,361.279098,1965.032835,4853.814277,0.0,0.0,0.0
1500,2024-03-12,4853.814277,21703.863,22268.976,1590.57964,366.132912,1956.712552,4853.814277,0.0,0.0,0.0
1500,2024-03-13,4853.814277,19716.32,20119.646,1579.073023,370.986726,1950.059749,4853.814277,0.0,0.0,0.0
1500,2024-03-14,4853.814277,19605.502,22663.027,1569.634219,375.840541,1945.47476,4853.814277,0.0,0.0,0.0
1500,2024-03-15,4853.814277,17814.073,19942.103,1563.395981,380.694355,1944.090336,4853.814277,0.0,0.0,0.0
1500,2024-03-16,4853.814277,15464.92,19397.608,1560.198607,385.548169,1945.746776,4853.814277,0.0,0.0,0.0
1500,2024-03-17,4853.814277,15263.853,16808.752,1556.042594,390.401983,1946.444577,4853.814277,0.0,0.0,0.0
1500,2024-03-18,4853.814277,19324.823,20817.117,1546.562908,395.255798,1941.818706,4853.814277,0.0,0.0,0.0
1500,2024-03-19,4853.814277,21598.029,22142.695,1533.365635,400.109612,1933.475247,4853.814277,0.0,0.0,0.0
1500,2024-03-20,4853.814277,21907.633,23641.049,1519.552581,404.963426,1924.516007,4853.814277,0.0,0.0,0.0
1500,2024-03-21,4853.814277,22854.3,22570.073,1505.665914,409.817241,1915.483155,4853.814277,0.0,0.0,0.0
1500,2024-03-22,4853.814277,23302.079,23257.511,1491.002772,414.671055,1905.673827,4853.814277,0.0,0.0,0.0
1500,2024-03-23,4853.814277,19555.872,22080.123,1476.189363,419.524869,1895.714232,4853.814277,0.0,0.0,0.0
1500,2024-03-24,4853.814277,16990.032,22684.827,1465.444495,424.378683,1889.823178,4853.814277,0.0,0.0,0.0
1500,2024-03-25,4853.814277,18163.446,21652.92,1458.590679,429.232498,1887.823177,4853.814277,0.0,0.0,0.0
1500,2024-03-26,4853.814277,19522.865,22370.842,1455.129869,434.086312,1889.216181,4853.814277,0.0,0.0,0.0
1500,2024-03-27,4853.814277,21297.118,23239.086,1455.575786,438.940126,1894.515912,4853.814277,0.0,0.0,0.0
1500,2024-03-28,4853.814277,18019.462,22256.531,1452.188602,443.79394,1895.982542,4853.814277,0.0,0.0,0.0
1500,2024-03-29,4853.814277,16625.588,21195.563,1448.856883,448.647755,1897.504638,4853.814277,0.0,0.0,0.0
1500,2024-03-30,4853.814277,14586.364,18944.356,1446.387515,453.501569,1899.889084,4853.814277,0.0,0.0,0.0
1500,2024-03-31,4853.814277,16405.894,19399.347,1661.546152,458.355383,2119.901535,4853.814277,0.0,0.0,0.0
1500,2024-04-01,3145.671831,22056.537,19604.209,1652.995126,461.501055,2114.496181,3145.671831,0.0,0.0,0.0
1500,2024-04-02,3145.671831,26431.912,22175.944,1641.226307,464.646727,2105.873034,3145.671831,0.0,0.0,0.0
1500,2024-04-03,3145.671831,22450.892,21667.861,1624.354259,467.792399,2092.146658,3145.671831,0.0,0.0,0.0
1500,2024-04-04,3145.671831,21124.112,21524.896,1613.536499,470.938071,2084.47457,3145.671831,0.0,0.0,0.0
1500,2024-04-05,3145.671831,22341.716,22711.398,1603.023873,474.083742,2077.107615,3145.671831,0.0,0.0,0.0
1500,2024-04-06,3145.671831,16612.751,23191.82,1594.702327,477.229414,2071.931741,3145.671831,0.0,0.0,0.0
1500,2024-04-07,3145.671831,17019.206,24769.781,1592.420451,480.375086,2072.795537,3145.671831,0.0,0.0,0.0
1500,2024-04-08,3145.671831,24273.839,23177.082,1582.244054,483.520758,2065.764812,3145.671831,0.0,0.0,0.0
1500,2024-04-09,3145.671831,20191.874,23109.281,1571.851357,486.66643,2058.517787,3145.671831,0.0,0.0,0.0
1500,2024-04-10,3145.671831,21767.415,21880.519,1588.926063,489.812102,2078.738165,3145.671831,0.0,0.0,0.0
1500,2024-04-11,3145.671831,22654.417,16157.039,1667.803912,492.957773,2160.761685,3145.671831,0.0,0.0,0.0
1500,2024-04-12,3145.671831,23587.928,15215.728,1822.686223,496.103445,2318.789668,3145.671831,0.0,0.0,0.0
1500,2024-04-13,3145.671831,17856.453,10854.541,1915.451083,499.249117,2414.7002,3145.671831,0.0,0.0,0.0
1500,2024-04-14,3145.671831,19822.747,9661.573,1960.081589,502.394789,2462.476378,3145.671831,0.0,0.0,0.0
1500,2024-04-15,3145.671831,24655.459,13866.838,1982.3384,505.540461,2487.878861,3145.671831,0.0,0.0,0.0
1500,2024-04-16,3145.671831,23599.09,13135.104,1990.808833,508.686133,2499.494966,3145.671831,0.0,0.0,0.0
1500,2024-04-17,3145.671831,23084.371,12530.013,1993.803019,511.831804,2505.634823,3145.671831,0.0,0.0,0.0
1500,2024-04-18,3145.671831,21190.731,11629.373,1996.444464,514.977476,2511.42194,3145.671831,0.0,0.0,0.0
1500,2024-04-19,3145.671831,20655.509,13913.485,1997.702542,518.123148,2515.82569,3145.671831,0.0,0.0,0.0
1500,2024-04-20,3145.671831,18528.69,15243.675,1994.308273,521.26882,2515.577093,3145.671831,0.0,0.0,0.0
1500,2024-04-21,3145.671831,14000.994,14512.39,1993.899008,524.414492,2518.3135,3145.671831,0.0,0.0,0.0
1500,2024-04-22,3145.671831,18754.785,14785.677,1993.513576,527.560164,2521.07374,3145.671831,0.0,0.0,0.0
1500,2024-04-23,3145.671831,21422.314,14880.266,1984.903548,530.705835,2515.609383,3145.671831,0.0,0.0,0.0
1500,2024-04-24,3145.671831,18062.597,14948.219,1977.626962,533.851507,2511.478469,3145.671831,0.0,0.0,0.0
1500,2024-04-25,3145.671831,10869.136,13426.084,1980.39255,536.997179,2517.389729,3145.671831,0.0,0.0,0.0
1500,2024-04-26,3145.671831,15618.86,13492.868,1986.698763,540.142851,2526.841614,3145.671831,0.0,0.0,0.0
1500,2024-04-27,3145.671831,16262.734,15476.785,1988.685651,543.288523,2531.974174,3145.671831,0.0,0.0,0.0
1500,2024-04-28,3145.671831,17685.498,15735.926,1987.864723,546.434195,2534.298918,3145.671831,0.0,0.0,0.0
1500,2024-04-29,3145.671831,22004.556,20564.224,1983.145333,549.579866,2532.725199,3145.671831,0.0,0.0,0.0
1500,2024-04-30,3145.671831,22170.055,19865.04,1974.249785,552.725538,2526.975323,3145.671831,0.0,0.0,0.0
1500,2024-05-01,2876.698849,22299.627,20918.072,1967.984945,555.602237,2523.587182,2876.698849,0.0,0.0,0.0
1500,2024-05-02,2876.698849,23918.949,21142.459,1961.806931,558.478936,2520.285867,2876.698849,0.0,0.0,0.0
1500,2024-05-03,2876.698849,25047.874,21701.073,1950.96139,561.355635,2512.317025,2876.698849,0.0,0.0,0.0
1500,2024-05-04,2876.698849,20848.967,19830.37,1939.117989,564.232334,2503.350323,2876.698849,0.0,0.0,0.0
1500,2024-05-05,2876.698849,18311.027,18065.212,1928.728786,567.109032,2495.837818,2876.698849,0.0,0.0,0.0
1500,2024-05-06,2876.698849,20633.868,20967.186,1920.567629,569.985731,2490.55336,2876.698849,0.0,0.0,0.0
1500,2024-05-07,2876.698849,23599.965,22234.658,1911.71335,572.86243,2484.57578,2876.698849,0.0,0.0,0.0
1500,2024-05-08,2876.698849,28242.69,24931.912,1897.01828,575.739129,2472.757409,2876.698849,0.0,0.0,0.0
1500,2024-05-09,2876.698849,24855.329,22496.306,1883.794452,578.615828,2462.41028,2876.698849,0.0,0.0,0.0
1500,2024-05-10,2876.698849,29267.254,24871.541,1866.376556,581.492527,2447.869083,2876.698849,0.0,0.0,0.0
1500,2024-05-11,2876.698849,24533.258,21527.894,1850.38335,584.369226,2434.752576,2876.698849,0.0,0.0,0.0
1500,2024-05-12,2876.698849,27050.306,22511.702,1834.26941,587.245924,2421.515334,2876.698849,0.0,0.0,0.0
1500,2024-05-13,2876.698849,27566.014,27628.316,1815.986259,590.122623,2406.108882,2876.698849,0.0,0.0,0.0
1500,2024-05-14,2876.698849,28606.144,28307.418,1796.522542,592.999322,2389.521864,2876.698849,0.0,0.0,0.0
1500,2024-05-15,2876.698849,26146.553,27143.834,1777.811106,595.876021,2373.687127,2876.698849,0.0,0.0,0.0
1500,2024-05-16,2876.698849,23288.292,26307.481,1759.047182,598.75272,2357.799902,2876.698849,0.0,0.0,0.0
1500,2024-05-17,2876.698849,22997.499,26835.573,1741.479905,601.629419,2343.109324,2876.698849,0.0,0.0,0.0
1500,2024-05-18,2876.698849,16751.921,23358.633,1726.376548,604.506117,2330.882665,2876.698849,0.0,0.0,0.0
1500,2024-05-19,2876.698849,21291.651,26839.202,1716.246433,607.382816,2323.629249,2876.698849,0.0,0.0,0.0
1500,2024-05-20,2876.698849,28769.14,28042.212,1699.580289,610.259515,2309.839804,2876.698849,0.0,0.0,0.0
1500,2024-05-21,2876.698849,21761.381,23350.983,1684.467227,613.136214,2297.603441,2876.698849,0.0,0.0,0.0
1500,2024-05-22,2876.698849,22363.746,21474.722,1672.646031,616.012913,2288.658944,2876.698849,0.0,0.0,0.0
1500,2024-05-23,2876.698849,26462.535,26813.375,1656.174405,618.889612,2275.064017,2876.698849,0.0,0.0,0.0
1500,2024-05-24,2876.698849,28508.72,27006.821,1637.537016,621.766311,2259.303327,2876.698849,0.0,0.0,0.0
1500,2024-05-25,2876.698849,19453.983,24478.955,1618.155706,624.643009,2242.798715,2876.698849,0.0,0.0,0.0
1500,2024-05-26,2876.698849,17311.528,22064.797,1606.573523,627.519708,2234.093231,2876.698849,0.0,0.0,0.0
1500,2024-05-27,2876.698849,26533.692,25071.592,1590.317375,630.396407,2220.713782,2876.698849,0.0,0.0,0.0
1500,2024-05-28,2876.698849,30095.984,26510.513,1568.913752,633.273106,2202.186858,2876.698849,0.0,0.0,0.0
1500,2024-05-29,2876.698849,29060.66,28005.69,1547.018601,636.149805,2183.168406,2876.698849,0.0,0.0,0.0
1500,2024-05-30,2876.698849,27108.743,26955.533,1527.417944,639.026504,2166.444448,2876.698849,0.0,0.0,0.0
1500,2024-05-31,2876.698849,20460.381,22905.514,1513.547657,641.903203,2155.45086,2876.698849,0.0,0.0,0.0
1500,2024-06-01,2208.36659,15187.064,18428.731,1504.531023,644.111569,2148.642592,2208.36659,0.0,0.0,0.0
1500,2024-06-02,2208.36659,19765.735,19894.269,1497.004675,646.319936,2143.324611,2208.36659,0.0,0.0,0.0
1500,2024-06-03,2208.36659,21430.862,21092.295,1482.856521,648.528302,2131.384823,2208.36659,0.0,0.0,0.0
1500,2024-06-04,2208.36659,25872.286,25251.8,1466.397302,650.736669,2117.133971,2208.36659,0.0,0.0,0.0
1500,2024-06-05,2208.36659,27989.289,27090.726,1446.410289,652.945035,2099.355324,2208.36659,0.0,0.0,0.0
1500,2024-06-06,2208.36659,25990.324,27296.007,1428.199223,655.153402,2083.352625,2208.36659,0.0,0.0,0.0
1500,2024-06-07,2208.36659,25309.914,25939.488,1412.724521,657.361769,2070.08629,2208.36659,0.0,0.0,0.0
1500,2024-06-08,2208.36659,21152.732,25111.744,1399.121634,659.570135,2058.691769,2208.36659,0.0,0.0,0.0
1500,2024-06-09,2208.36659,16463.062,21861.308,1387.397138,661.778502,2049.17564,2208.36659,0.0,0.0,0.0
1500,2024-06-10,2208.36659,18011.49,19692.769,1378.361604,663.986868,2042.348472,2208.36659,0.0,0.0,0.0
1500,2024-06-11,2208.36659,22751.632,24798.144,1366.570079,666.195235,2032.765314,2208.36659,0.0,0.0,0.0
1500,2024-06-12,2208.36659,27459.118,27682.481,1351.019393,668.403602,2019.422995,2208.36659,0.0,0.0,0.0
1500,2024-06-13,2208.36659,24521.423,27070.011,1334.460837,670.611968,2005.072805,2208.36659,0.0,0.0,0.0
1500,2024-06-14,2208.36659,21731.335,26899.17,1321.488604,672.820335,1994.308939,2208.36659,0.0,0.0,0.0
1500,2024-06-15,2208.36659,14017.989,22101.131,1315.886604,675.028701,1990.915305,2208.36659,0.0,0.0,0.0
1500,2024-06-16,2208.36659,14349.796,21819.006,1315.331194,677.237068,1992.568262,2208.36659,0.0,0.0,0.0
1500,2024-06-17,2208.36659,23232.68,25774.932,1310.614967,679.445435,1990.060402,2208.36659,0.0,0.0,0.0
1500,2024-06-18,2208.36659,17300.816,23093.959,1299.888051,681.653801,1981.541852,2208.36659,0.0,0.0,0.0
1500,2024-06-19,2208.36659,18625.013,24694.731,1294.43039,683.862168,1978.292558,2208.36659,0.0,0.0,0.0
1500,2024-06-20,2208.36659,19301.655,26822.364,1282.407271,686.070534,1968.477805,2208.36659,0.0,0.0,0.0
1500,2024-06-21,2208.36659,22723.939,28202.361,1270.503489,688.278901,1958.78239,2208.36659,0.0,0.0,0.0
1500,2024-06-22,2208.36659,18234.6,28663.03,1259.404923,690.487268,1949.892191,2208.36659,0.0,0.0,0.0
1500,2024-06-23,2208.36659,18541.362,27844.541,1251.731904,692.695634,1944.427538,2208.36659,0.0,0.0,0.0
1500,2024-06-24,2208.36659,25140.81,29142.691,1241.094797,694.904001,1935.998798,2208.36659,0.0,0.0,0.0
1500,2024-06-25,2208.36659,23384.975,27668.319,1225.756716,697.112367,1922.869083,2208.36659,0.0,0.0,0.0
1500,2024-06-26,2208.36659,18874.883,26299.202,1212.490176,699.320734,1911.81091,2208.36659,0.0,0.0,0.0
1500,2024-06-27,2208.36659,21174.597,28622.985,1202.997671,701.5291,1904.526771,2208.36659,0.0,0.0,0.0
1500,2024-06-28,2208.36659,18360.495,28334.127,1194.021905,703.737467,1897.759372,2208.36659,0.0,0.0,0.0
1500,2024-06-29,2208.36659,16477.074,25813.547,1184.742506,705.945834,1890.68834,2208.36659,0.0,0.0,0.0
1500,2024-06-30,2208.36659,15052.458,26769.413,1175.101453,708.1542,1883.255653,2208.36659,0.0,0.0,0.0
1500,2024-07-01,2323.992171,16197.323,24883.989,1173.834676,710.478192,1884.312868,2323.992171,0.0,0.0,0.0
1500,2024-07-02,2323.992171,19370.172,23822.935,1178.370093,712.802185,1891.172278,2323.992171,0.0,0.0,0.0
1500,2024-07-03,2323.992171,20272.199,27267.903,1169.793349,715.126177,1884.919526,2323.992171,0.0,0.0,0.0
1500,2024-07-04,2323.992171,22454.957,29080.092,1162.80474,717.450169,1880.254909,2323.992171,0.0,0.0,0.0
1500,2024-07-05,2323.992171,21543.608,28908.628,1152.380525,719.774161,1872.154686,2323.992171,0.0,0.0,0.0
1500,2024-07-06,2323.992171,18784.789,27018.15,1145.305457,722.098153,1867.40361,2323.992171,0.0,0.0,0.0
1500,2024-07-07,2323.992171,17143.721,25985.106,1138.521531,724.422145,1862.943676,2323.992171,0.0,0.0,0.0
1500,2024-07-08,2323.992171,26775.821,28334.931,1126.896124,726.746138,1853.642262,2323.992171,0.0,0.0,0.0
1500,2024-07-09,2323.992171,28054.757,28397.159,1106.585806,729.07013,1835.655936,2323.992171,0.0,0.0,0.0
1500,2024-07-10,2323.992171,26504.174,28542.881,1086.773521,731.394122,1818.167643,2323.992171,0.0,0.0,0.0
1500,2024-07-11,2323.992171,24429.346,30086.117,1068.006263,733.718114,1801.724377,2323.992171,0.0,0.0,0.0
1500,2024-07-12,2323.992171,18789.302,31971.206,1056.426455,736.042106,1792.468561,2323.992171,0.0,0.0,0.0
1500,2024-07-13,2323.992171,18149.06,30786.9,1044.460541,738.366098,1782.826639,2323.992171,0.0,0.0,0.0
1500,2024-07-14,2323.992171,17415.682,30010.806,1033.136654,740.690091,1773.826745,2323.992171,0.0,0.0,0.0
1500,2024-07-15,2323.992171,24017.302,32209.017,1023.189502,743.014083,1766.203585,2323.992171,0.0,0.0,0.0
1500,2024-07-16,2323.992171,26222.96,31034.282,1006.469553,745.338075,1751.807628,2323.992171,0.0,0.0,0.0
1500,2024-07-17,2323.992171,27025.476,33817.471,987.801254,747.662067,1735.463321,2323.992171,0.0,0.0,0.0
1500,2024-07-18,2323.992171,26989.008,34165.202,969.254661,749.986059,1719.24072,2323.992171,0.0,0.0,0.0
1500,2024-07-19,2323.992171,25311.661,32705.684,950.342474,752.310051,1702.652525,2323.992171,0.0,0.0,0.0
1500,2024-07-20,2323.992171,22722.59,30341.021,930.902133,754.634044,1685.536177,2323.992171,0.0,0.0,0.0
1500,2024-07-21,2323.992171,20585.706,29083.185,916.6834,756.958036,1673.641436,2323.992171,0.0,0.0,0.0
1500,2024-07-22,2323.992171,23814.305,33113.408,900.615642,759.282028,1659.89767,2323.992171,0.0,0.0,0.0
1500,2024-07-23,2323.992171,25677.219,33626.218,881.954272,761.60602,1643.560292,2323.992171,0.0,0.0,0.0
1500,2024-07-24,2323.992171,25081.205,33734.973,860.2686,763.930012,1624.198612,2323.992171,0.0,0.0,0.0
1500,2024-07-25,2323.992171,25386.138,32195.834,843.07476,766.254005,1609.328765,2323.992171,0.0,0.0,0.0
1500,2024-07-26,2323.992171,24565.045,31411.283,824.259855,768.577997,1592.837852,2323.992171,0.0,0.0,0.0
1500,2024-07-27,2323.992171,18189.517,26335.327,809.818039,770.901989,1580.720028,2323.992171,0.0,0.0,0.0
1500,2024-07-28,2323.992171,14238.746,27332.2,798.748122,773.225981,1571.974103,2323.992171,0.0,0.0,0.0
1500,2024-07-29,2323.992171,16989.137,29243.566,792.479729,775.549973,1568.029702,2323.992171,0.0,0.0,0.0
1500,2024-07-30,2323.992171,17945.307,30827.782,794.635133,777.873965,1572.509098,2323.992171,0.0,0.0,0.0
1500,2024-07-31,2323.992171,17721.708,29696.485,788.737356,780.197958,1568.935314,2323.992171,0.0,0.0,0.0
1500,2024-08-01,3300.249292,16222.588,32568.767,779.328726,783.498207,1562.826933,3300.249292,0.0,0.0,0.0
1500,2024-08-02,3300.249292,19023.032,34317.284,769.206257,786.798456,1556.004713,3300.249292,0.0,0.0,0.0
1500,2024-08-03,3300.249292,20781.751,30502.043,758.304577,790.098705,1548.403282,3300.249292,0.0,0.0,0.0
1500,2024-08-04,3300.249292,21580.736,32565.321,744.72096,793.398955,1538.119915,3300.249292,0.0,0.0,0.0
1500,2024-08-05,3300.249292,24247.3,35073.576,728.859299,796.699204,1525.558503,3300.249292,0.0,0.0,0.0
1500,2024-08-06,3300.249292,26108.701,34152.741,711.69992,799.999453,1511.699373,3300.249292,0.0,0.0,0.0
1500,2024-08-07,3300.249292,24383.118,33007.125,689.027745,803.299703,1492.327448,3300.249292,0.0,0.0,0.0
1500,2024-08-08,3300.249292,21190.609,32015.511,672.03984,806.599952,1478.639792,3300.249292,0.0,0.0,0.0
1500,2024-08-09,3300.249292,21207.425,32440.94,658.137947,809.900201,1468.038148,3300.249292,0.0,0.0,0.0
1500,2024-08-10,3300.249292,17472.081,29421.224,649.375618,813.20045,1462.576068,3300.249292,0.0,0.0,0.0
1500,2024-08-11,3300.249292,13414.403,28620.021,640.709089,816.5007,1457.209789,3300.249292,0.0,0.0,0.0
1500,2024-08-12,3300.249292,14358.566,29128.35,635.030006,819.800949,1454.830955,3300.249292,0.0,0.0,0.0
1500,2024-08-13,3300.249292,14865.823,32561.216,626.695513,823.101198,1449.796711,3300.249292,0.0,0.0,0.0
1500,2024-08-14,3300.249292,15967.602,35090.708,617.636686,826.401448,1444.038134,3300.249292,0.0,0.0,0.0
1500,2024-08-15,3300.249292,9516.947,32868.212,612.238704,829.701697,1441.940401,3300.249292,0.0,0.0,0.0
1500,2024-08-16,3300.249292,10050.906,30463.41,611.303542,833.001946,1444.305488,3300.249292,0.0,0.0,0.0
1500,2024-08-17,3300.249292,8376.052,25294.677,612.25577,836.302196,1448.557966,3300.249292,0.0,0.0,0.0
1500,2024-08-18,3300.249292,7982.22,22625.544,615.586817,839.602445,1455.189262,3300.249292,0.0,0.0,0.0
1500,2024-08-19,3300.249292,12964.939,30063.735,615.598978,842.902694,1458.501672,3300.249292,0.0,0.0,0.0
1500,2024-08-20,3300.249292,15638.381,32608.158,609.163065,846.202943,1455.366008,3300.249292,0.0,0.0,0.0
1500,2024-08-21,3300.249292,14177.425,33594.612,600.842864,849.503193,1450.346057,3300.249292,0.0,0.0,0.0
1500,2024-08-22,3300.249292,10422.099,31570.577,595.359777,852.803442,1448.163219,3300.249292,0.0,0.0,0.0
1500,2024-08-23,3300.249292,8350.261,24573.958,604.240233,856.103691,1460.343924,3300.249292,0.0,0.0,0.0
1500,2024-08-24,3300.249292,9109.092,20423.475,625.673765,859.403941,1485.077706,3300.249292,0.0,0.0,0.0
1500,2024-08-25,3300.249292,7406.545,23705.647,639.397268,862.70419,1502.101458,3300.249292,0.0,0.0,0.0
1500,2024-08-26,3300.249292,11441.212,26601.153,657.720471,866.004439,1523.72491,3300.249292,0.0,0.0,0.0
1500,2024-08-27,3300.249292,12177.615,20327.863,666.9187,869.304688,1536.223388,3300.249292,0.0,0.0,0.0
1500,2024-08-28,3300.249292,13178.078,15812.714,676.35876,872.604938,1548.963698,3300.249292,0.0,0.0,0.0
1500,2024-08-29,3300.249292,12751.901,14743.087,688.29774,875.905187,1564.202927,3300.249292,0.0,0.0,0.0
1500,2024-08-30,3300.249292,13799.899,11767.47,705.605123,879.205436,1584.810559,3300.249292,0.0,0.0,0.0
1500,2024-08-31,3300.249292,15851.079,11539.883,720.436668,882.505686,1602.942354,3300.249292,0.0,0.0,0.0
1500,2024-09-01,4117.418734,16368.525,10753.09,751.816934,886.623104,1638.440038,4117.418734,0.0,0.0,0.0
1500,2024-09-02,4117.418734,17823.583,10850.624,793.617231,890.740523,1684.357754,4117.418734,0.0,0.0,0.0
1500,2024-09-03,4117.418734,19539.651,10098.72,840.36816,894.857942,1735.226102,4117.418734,0.0,0.0,0.0
1500,2024-09-04,4117.418734,22163.267,10553.303,888.456624,898.975361,1787.431985,4117.418734,0.0,0.0,0.0
1500,2024-09-05,4117.418734,23049.782,12409.704,913.561174,903.092779,1816.653953,4117.418734,0.0,0.0,0.0
1500,2024-09-06,4117.418734,20981.051,10121.037,928.533367,907.210198,1835.743565,4117.418734,0.0,0.0,0.0
1500,2024-09-07,4117.418734,15585.308,10138.786,945.038004,911.327617,1856.365621,4117.418734,0.0,0.0,0.0
1500,2024-09-08,4117.418734,14749.568,9299.0,972.178925,915.445035,1887.62396,4117.418734,0.0,0.0,0.0
1500,2024-09-09,4117.418734,17128.44,9903.517,993.658527,919.562454,1913.220981,4117.418734,0.0,0.0,0.0
1500,2024-09-10,4117.418734,15211.801,9966.309,1015.107688,923.679873,1938.787561,4117.418734,0.0,0.0,0.0
1500,2024-09-11,4117.418734,16038.479,12195.303,1033.166726,927.797292,1960.964018,4117.418734,0.0,0.0,0.0
1500,2024-09-12,4117.418734,13651.159,11495.31,1046.330804,931.91471,1978.245514,4117.418734,0.0,0.0,0.0
1500,2024-09-13,4117.418734,13688.56,11375.215,1063.170962,936.032129,1999.203091,4117.418734,0.0,0.0,0.0
1500,2024-09-14,4117.418734,14007.517,10199.171,1082.11967,940.149548,2022.269218,4117.418734,0.0,0.0,0.0
1500,2024-09-15,4117.418734,13350.543,9757.062,1095.676264,944.266967,2039.943231,4117.418734,0.0,0.0,0.0
1500,2024-09-16,4117.418734,15861.309,12323.993,1107.337385,948.384385,2055.72177,4117.418734,0.0,0.0,0.0
1500,2024-09-17,4117.418734,18573.575,13518.66,1113.755796,952.501804,2066.2576,4117.418734,0.0,0.0,0.0
1500,2024-09-18,4117.418734,17576.884,14405.356,1115.761632,956.619223,2072.380855,4117.418734,0.0,0.0,0.0
1500,2024-09-19,4117.418734,10401.561,9987.707,1124.04887,960.736642,2084.785512,4117.418734,0.0,0.0,0.0
1500,2024-09-20,4117.418734,10223.082,9371.035,1133.459049,964.85406,2098.313109,4117.418734,0.0,0.0,0.0
1500,2024-09-21,4117.418734,8174.089,9575.134,1144.21019,968.971479,2113.181669,4117.418734,0.0,0.0,0.0
1500,2024-09-22,4117.418734,7341.814,7787.754,1156.131974,973.088898,2129.220872,4117.418734,0.0,0.0,0.0
1500,2024-09-23,4117.418734,11020.372,9668.707,1167.736774,977.206316,2144.94309,4117.418734,0.0,0.0,0.0
1500,2024-09-24,4117.418734,11336.431,10253.196,1177.939909,981.323735,2159.263644,4117.418734,0.0,0.0,0.0
1500,2024-09-25,4117.418734,16286.613,12547.204,1184.32482,985.441154,2169.765974,4117.418734,0.0,0.0,0.0
1500,2024-09-26,4117.418734,12567.461,8825.404,1191.46095,989.558573,2181.019523,4117.418734,0.0,0.0,0.0
1500,2024-09-27,4117.418734,17110.085,12107.155,1211.2763,993.675991,2204.952291,4117.418734,0.0,0.0,0.0
1500,2024-09-28,4117.418734,11140.661,10818.074,1224.695459,997.79341,2222.488869,4117.418734,0.0,0.0,0.0
1500,2024-09-29,4117.418734,10794.214,9838.164,1236.405813,1001.910829,2238.316642,4117.418734,0.0,0.0,0.0
1500,2024-09-30,4117.418734,19779.442,12337.89,1023.079663,1006.028248,2029.107911,4117.418734,0.0,0.0,0.0
1500,2024-10-01,4750.89931,15251.665,8638.111,1025.805082,1010.779147,2036.584229,4750.89931,0.0,0.0,0.0
1500,2024-10-02,4750.89931,14680.904,9403.793,1030.509135,1015.530046,2046.039181,4750.89931,0.0,0.0,0.0
1500,2024-10-03,4750.89931,18552.244,9013.079,1054.297004,1020.280946,2074.57795,4750.89931,0.0,0.0,0.0
1500,2024-10-04,4750.89931,21473.94,8863.895,1076.504377,1025.031845,2101.536222,4750.89931,0.0,0.0,0.0
1500,2024-10-05,4750.89931,12688.125,8789.65,1098.520937,1029.782744,2128.303681,4750.89931,0.0,0.0,0.0
1500,2024-10-06,4750.89931,10583.464,8060.511,1121.46865,1034.533643,2156.002293,4750.89931,0.0,0.0,0.0
1500,2024-10-07,4750.89931,11909.455,9555.795,1139.593839,1039.284543,2178.878382,4750.89931,0.0,0.0,0.0
1500,2024-10-08,4750.89931,11456.432,8928.691,1157.842828,1044.035442,2201.87827,4750.89931,0.0,0.0,0.0
1500,2024-10-09,4750.89931,13633.313,9233.874,1178.716754,1048.786341,2227.503095,4750.89931,0.0,0.0,0.0
1500,2024-10-10,4750.89931,19848.717,9317.813,1189.981636,1053.537241,2243.518877,4750.89931,0.0,0.0,0.0
1500,2024-10-11,4750.89931,16440.377,8926.842,1197.743643,1058.28814,2256.031783,4750.89931,0.0,0.0,0.0
1500,2024-10-12,4750.89931,8851.249,7812.818,1207.264397,1063.039039,2270.303436,4750.89931,0.0,0.0,0.0
1500,2024-10-13,4750.89931,8678.438,9239.675,1219.531242,1067.789939,2287.321181,4750.89931,0.0,0.0,0.0
1500,2024-10-14,4750.89931,15427.749,11681.16,1226.877825,1072.540838,2299.418663,4750.89931,0.0,0.0,0.0
1500,2024-10-15,4750.89931,17203.212,10191.283,1226.472196,1077.291737,2303.763933,4750.89931,0.0,0.0,0.0
1500,2024-10-16,4750.89931,21593.23,10179.324,1224.73224,1082.042637,2306.774877,4750.89931,0.0,0.0,0.0
1500,2024-10-17,4750.89931,23320.843,10928.512,1217.239506,1086.793536,2304.033042,4750.89931,0.0,0.0,0.0
1500,2024-10-18,4750.89931,22068.678,9718.876,1210.052967,1091.544435,2301.597402,4750.89931,0.0,0.0,0.0
1500,2024-10-19,4750.89931,15361.016,10232.336,1205.581724,1096.295335,2301.877059,4750.89931,0.0,0.0,0.0
1500,2024-10-20,4750.89931,13309.534,10642.762,1204.277577,1101.046234,2305.323811,4750.89931,0.0,0.0,0.0
1500,2024-10-21,4750.89931,20075.129,10700.598,1202.811792,1105.797133,2308.608925,4750.89931,0.0,0.0,0.0
1500,2024-10-22,4750.89931,24216.562,11402.513,1197.877374,1110.548032,2308.425406,4750.89931,0.0,0.0,0.0
1500,2024-10-23,4750.89931,21083.987,9333.214,1192.312016,1115.298932,2307.610948,4750.89931,0.0,0.0,0.0
1500,2024-10-24,4750.89931,17903.114,8293.736,1202.865069,1120.049831,2322.9149,4750.89931,0.0,0.0,0.0
1500,2024-10-25,4750.89931,17552.724,7699.558,1264.3773,1124.80073,2389.17803,4750.89931,0.0,0.0,0.0
1500,2024-10-26,4750.89931,17225.654,8007.825,1341.106417,1129.55163,2470.658047,4750.89931,0.0,0.0,0.0
1500,2024-10-27,4750.89931,20463.483,7096.929,1393.359503,1134.302529,2527.662032,4750.89931,0.0,0.0,0.0
1500,2024-10-28,4750.89931,20311.618,9081.82,1423.821853,1139.053428,2562.875281,4750.89931,0.0,0.0,0.0
1500,2024-10-29,4750.89931,19578.292,11143.297,1447.982993,1143.804328,2591.787321,4750.89931,0.0,0.0,0.0
1500,2024-10-30,4750.89931,21150.915,11400.033,1467.7087,1148.555227,2616.263927,4750.89931,0.0,0.0,0.0
1500,2024-10-31,4750.89931,17696.093,7887.189,1484.417832,1153.306126,2637.723958,4750.89931,0.0,0.0,0.0
1500,2024-11-01,5529.936912,18179.606,4805.461,1503.948907,1158.836063,2662.78497,5529.936912,0.0,0.0,0.0
1500,2024-11-02,5529.936912,11616.647,4114.072,1525.074063,1164.366,2689.440063,5529.936912,0.0,0.0,0.0
1500,2024-11-03,5529.936912,14998.598,3092.313,1541.620024,1169.895937,2711.515961,5529.936912,0.0,0.0,0.0
1500,2024-11-04,5529.936912,20594.469,3732.801,1551.5072,1175.425874,2726.933074,5529.936912,0.0,0.0,0.0
1500,2024-11-05,5529.936912,22169.481,4651.275,1559.258785,1180.955811,2740.214596,5529.936912,0.0,0.0,0.0
1500,2024-11-06,5529.936912,25874.211,7356.725,1568.628994,1186.485748,2755.114742,5529.936912,0.0,0.0,0.0
1500,2024-11-07,5529.936912,23746.046,5245.734,1576.306947,1192.015685,2768.322632,5529.936912,0.0,0.0,0.0
1500,2024-11-08,5529.936912,22349.884,2768.567,1591.328005,1197.545622,2788.873627,5529.936912,0.0,0.0,0.0
1500,2024-11-09,5529.936912,23410.73,2243.053,1680.422439,1203.075558,2883.497997,5529.936912,0.0,0.0,0.0
1500,2024-11-10,5529.936912,26207.795,2166.441,1804.736894,1203.075558,3007.812452,0.0,5529.936912,2166.441,3363.495912
1500,2024-11-11,5529.936912,24836.604,4281.641,1867.6429,1203.075558,3070.718458,0.0,5529.936912,4281.641,1248.295912
1500,2024-11-12,5529.936912,28571.709,5733.529,1901.225757,1203.075558,3104.301315,0.0,5529.936912,5529.936912,0.0
1500,2024-11-13,5529.936912,28657.739,4403.102,1921.386162,1203.075558,3124.46172,0.0,5529.936912,4403.102,1126.834912
1500,2024-11-14,5529.936912,25857.674,4839.653,1937.213257,1203.075558,3140.288815,0.0,5529.936912,4839.653,690.283912
1500,2024-11-15,5529.936912,23719.553,3325.097,1965.590155,1203.075558,3168.665713,0.0,5529.936912,3325.097,2204.839912
1500,2024-11-16,5529.936912,19395.878,2240.284,1996.995264,1203.075558,3200.070822,0.0,5529.936912,2240.284,3289.652912
1500,2024-11-17,5529.936912,19003.941,2237.171,2019.762612,1203.075558,3222.83817,0.0,5529.936912,2237.171,3292.765912
1500,2024-11-18,5529.936912,25506.346,2576.192,2036.00226,1203.075558,3239.077818,0.0,5529.936912,2576.192,2953.744912
1500,2024-11-19,5529.936912,25310.939,2680.226,2047.769023,1203.075558,3250.844581,0.0,5529.936912,2680.226,2849.710912
1500,2024-11-20,5529.936912,23012.674,2725.872,2054.377955,1203.075558,3257.453513,0.0,5529.936912,2725.872,2804.064912
1500,2024-11-21,5529.936912,25239.673,2471.993,2057.595969,1203.075558,3260.671527,0.0,5529.936912,2471.993,3057.943912
1500,2024-11-22,5529.936912,24882.732,2539.781,2059.872789,1203.075558,3262.948347,0.0,5529.936912,2539.781,2990.155912
1500,2024-11-23,5529.936912,23035.184,1866.447,2058.458229,1203.075558,3261.533787,0.0,5529.936912,1866.447,3663.489912
1500,2024-11-24,5529.936912,21718.394,3045.187,2055.225349,1203.075558,3258.300907,0.0,5529.936912,3045.187,2484.749912
1500,2024-11-25,5529.936912,23975.42,3618.655,2055.343678,1203.075558,3258.419236,0.0,5529.936912,3618.655,1911.281912
1500,2024-11-26,5529.936912,27327.735,3082.769,2054.073158,1203.075558,3257.148716,0.0,5529.936912,3082.769,2447.167912
1500,2024-11-27,5529.936912,27224.914,4870.567,2049.102219,1203.075558,3252.177777,0.0,5529.936912,4870.567,659.369912
1500,2024-11-28,5529.936912,22735.712,5652.013,2048.298612,1203.075558,3251.37417,0.0,5529.936912,5529.936912,0.0
1500,2024-11-29,5529.936912,26926.044,5186.147,2050.309709,1203.075558,3253.385267,0.0,5529.936912,5186.147,343.789912
1500,2024-11-30,5529.936912,21928.94,2037.891,2055.474654,1203.075558,3258.550212,0.0,5529.936912,2037.891,3492.045912
1500,2024-12-01,5832.121497,20647.272,1865.197,2064.874225,1203.075558,3267.949783,0.0,5832.121497,1865.197,3966.924497
1500,2024-12-02,5832.121497,27407.103,4729.009,2069.750655,1203.075558,3272.826213,0.0,5832.121497,4729.009,1103.112497
1500,2024-12-03,5832.121497,23446.649,4032.052,2071.924232,1203.075558,3274.99979,0.0,5832.121497,4032.052,1800.069497
1500,2024-12-04,5832.121497,25301.145,4040.736,2083.085472,1203.075558,3286.16103,0.0,5832.121497,4040.736,1791.385497
1500,2024-12-05,5832.121497,23853.166,3492.548,2105.927994,1203.075558,3309.003552,0.0,5832.121497,3492.548,2339.573497
1500,2024-12-06,5832.121497,29881.587,4238.664,2129.424058,1203.075558,3332.499616,0.0,5832.121497,4238.664,1593.457497
1500,2024-12-07,5832.121497,22837.534,2493.363,2146.374081,1203.075558,3349.449639,0.0,5832.121497,2493.363,3338.758497
1500,2024-12-08,5832.121497,19848.325,2323.79,2164.395468,1203.075558,3367.471026,0.0,5832.121497,2323.79,3508.331497
1500,2024-12-09,5832.121497,24748.639,3269.917,2187.743568,1203.075558,3390.819126,0.0,5832.121497,3269.917,2562.204497
1500,2024-12-10,5832.121497,31284.291,3089.807,2203.723277,1203.075558,3406.798835,0.0,5832.121497,3089.807,2742.314497
1500,2024-12-11,5832.121497,30903.657,4300.004,2207.263938,1203.075558,3410.339496,0.0,5832.121497,4300.004,1532.117497
1500,2024-12-12,5832.121497,30977.431,7071.162,2204.152139,1203.075558,3407.227697,0.0,5832.121497,5832.121497,0.0
1500,2024-12-13,5832.121497,27880.339,3182.089,2203.090076,1203.075558,3406.165634,0.0,5832.121497,3182.089,2650.032497
1500,2024-12-14,5832.121497,22085.616,1892.331,2217.240219,1203.075558,3420.315777,0.0,5832.121497,1892.331,3939.790497
1500,2024-12-15,5832.121497,24984.529,1939.625,2255.946435,1203.075558,3459.021993,0.0,5832.121497,1939.625,3892.496497
1500,2024-12-16,5832.121497,28755.763,4116.119,2282.970689,1203.075558,3486.046247,0.0,5832.121497,4116.119,1716.002497
1500,2024-12-17,5832.121497,23100.283,1931.968,2303.17576,1203.075558,3506.251318,0.0,5832.121497,1931.968,3900.153497
1500,2024-12-18,5832.121497,22418.186,1901.339,2317.445839,1203.075558,3520.521397,0.0,5832.121497,1901.339,3930.782497
1500,2024-12-19,5832.121497,22380.795,1543.331,2323.20859,1203.075558,3526.284148,0.0,5832.121497,1543.331,4288.790497
1500,2024-12-20,5832.121497,23029.269,2628.882,2327.119982,1203.075558,3530.19554,0.0,5832.121497,2628.882,3203.239497
1500,2024-12-21,5832.121497,17016.165,2254.907,2334.908575,1203.075558,3537.984133,0.0,5832.121497,2254.907,3577.214497
1500,2024-12-22,5832.121497,19412.908,2036.176,2343.676455,1203.075558,3546.752013,0.0,5832.121497,2036.176,3795.945497
1500,2024-12-23,5832.121497,25621.219,2022.988,2342.808584,1203.075558,3545.884142,0.0,5832.121497,2022.988,3809.133497
1500,2024-12-24,5832.121497,28825.254,2014.282,2337.564553,1203.075558,3540.640111,0.0,5832.121497,2014.282,3817.839497
1500,2024-12-25,5832.121497,25231.679,2047.353,2331.327316,1203.075558,3534.402874,0.0,5832.121497,2047.353,3784.768497
1500,2024-12-26,5832.121497,23481.968,2182.42,2333.172225,1203.075558,3536.247783,0.0,5832.121497,2182.42,3649.701497
1500,2024-12-27,5832.121497,19865.846,2067.668,2338.859675,1203.075558,3541.935233,0.0,5832.121497,2067.668,3764.453497
1500,2024-12-28,5832.121497,22235.853,2547.943,2343.204466,1203.075558,3546.280024,0.0,5832.121497,2547.943,3284.178497
1500,2024-12-29,5832.121497,24602.649,2769.536,2342.400576,1203.075558,3545.476134,0.0,5832.121497,2769.536,3062.585497
1500,2024-12-30,5832.121497,26749.181,2538.884,2343.88026,1203.075558,3546.955818,0.0,5832.121497,2538.884,3293.237497
1500,2024-12-31,5832.121497,24820.639,3510.916,2347.470846,1203.075558,3550.546404,0.0,5832.121497,3510.916,2321.205497
2500,2024-01-01,8535.245301,11797.967,8548.98,1346.755813,8.535245,1355.291058,8535.245301,0.0,0.0,0.0
2500,2024-01-02,8535.245301,13939.435,9347.677,1362.438764,17.070491,1379.509255,8535.245301,0.0,0.0,0.0
2500,2024-01-03,8535.245301,22420.688,10635.853,1367.262118,25.605736,1392.867854,8535.245301,0.0,0.0,0.0
2500,2024-01-04,8535.245301,18560.245,10806.694,1366.554438,34.140981,1400.695419,8535.245301,0.0,0.0,0.0
2500,2024-01-05,8535.245301,20397.112,13305.382,1367.506997,42.676227,1410.183224,8535.245301,0.0,0.0,0.0
2500,2024-01-06,8535.245301,15412.399,13435.169,1367.991076,51.211472,1419.202548,8535.245301,0.0,0.0,0.0
2500,2024-01-07,8535.245301,18043.519,13968.907,1369.6365,59.746717,1429.383217,8535.245301,0.0,0.0,0.0
2500,2024-01-08,8535.245301,21188.958,18121.778,1366.647821,68.281962,1434.929783,8535.245301,0.0,0.0,0.0
2500,2024-01-09,8535.245301,20585.413,18756.185,1364.348443,76.817208,1441.165651,8535.245301,0.0,0.0,0.0
2500,2024-01-10,8535.245301,24649.852,20155.663,1356.527038,85.352453,1441.879491,8535.245301,0.0,0.0,0.0
2500,2024-01-11,8535.245301,21213.377,19658.339,1354.931197,93.887698,1448.818895,8535.245301,0.0,0.0,0.0
2500,2024-01-12,8535.245301,23246.635,19801.531,1348.336893,102.422944,1450.759837,8535.245301,0.0,0.0,0.0
2500,2024-01-13,8535.245301,18666.398,16412.449,1340.70284,110.958189,1451.661029,8535.245301,0.0,0.0,0.0
2500,2024-01-14,8535.245301,16766.116,14953.037,1342.450314,119.493434,1461.943748,8535.245301,0.0,0.0,0.0
2500,2024-01-15,8535.245301,24755.965,16086.181,1345.779037,128.02868,1473.807717,8535.245301,0.0,0.0,0.0
2500,2024-01-16,8535.245301,28572.55,17045.311,1340.625048,136.563925,1477.188973,8535.245301,0.0,0.0,0.0
2500,2024-01-17,8535.245301,32336.319,19562.668,1331.712797,145.09917,1476.811967,8535.245301,0.0,0.0,0.0
2500,2024-01-18,8535.245301,33867.339,19812.901,1320.751055,153.634415,1474.38547,8535.245301,0.0,0.0,0.0
2500,2024-01-19,8535.245301,27642.364,18681.138,1330.140495,162.169661,1492.310156,8535.245301,0.0,0.0,0.0
2500,2024-01-20,8535.245301,22388.467,12999.264,1441.975712,170.704906,1612.680618,8535.245301,0.0,0.0,0.0
2500,2024-01-21,8535.245301,25787.45,14407.832,1537.532853,179.240151,1716.773004,8535.245301,0.0,0.0,0.0
2500,2024-01-22,8535.245301,27986.855,18457.275,1572.453343,187.775397,1760.22874,8535.245301,0.0,0.0,0.0
2500,2024-01-23,8535.245301,23534.848,12526.424,1608.203677,196.310642,1804.514319,8535.245301,0.0,0.0,0.0
2500,2024-01-24,8535.245301,28663.646,6310.409,1645.140434,204.845887,1849.986321,8535.245301,0.0,0.0,0.0
2500,2024-01-25,8535.245301,29005.51,6643.514,1656.738638,213.381133,1870.119771,8535.245301,0.0,0.0,0.0
2500,2024-01-26,8535.245301,28542.686,8156.453,1656.90138,221.916378,1878.817758,8535.245301,0.0,0.0,0.0
2500,2024-01-27,8535.245301,18879.436,7271.013,1686.414156,230.451623,1916.865779,8535.245301,0.0,0.0,0.0
2500,2024-01-28,8535.245301,20931.061,7674.335,1742.172644,238.986868,1981.159512,8535.245301,0.0,0.0,0.0
2500,2024-01-29,8535.245301,21096.408,7039.871,1773.226145,247.522114,2020.748259,8535.245301,0.0,0.0,0.0
2500,2024-01-30,8535.245301,24830.806,9273.12,1789.718672,256.057359,2045.776031,8535.245301,0.0,0.0,0.0
2500,2024-01-31,8535.245301,28921.861,10807.27,1793.630467,264.592604,2058.223071,8535.245301,0.0,0.0,0.0
2500,2024-02-01,8570.78035,27845.727,7944.238,1791.43429,273.163385,2064.597675,8570.78035,0.0,0.0,0.0
2500,2024-02-02,8570.78035,22543.765,7492.62,1787.621356,281.734165,2069.355521,8570.78035,0.0,0.0,0.0
2500,2024-02-03,8570.78035,16338.446,6789.074,1788.758048,290.304945,2079.062993,8570.78035,0.0,0.0,0.0
2500,2024-02-04,8570.78035,17878.876,6889.12,1794.536348,298.875726,2093.412074,8570.78035,0.0,0.0,0.0
2500,2024-02-05,8570.78035,21936.206,7326.016,1796.733268,307.446506,2104.179774,8570.78035,0.0,0.0,0.0
2500,2024-02-06,8570.78035,19464.202,7023.708,1790.296099,316.017286,2106.313385,8570.78035,0.0,0.0,0.0
2500,2024-02-07,8570.78035,26719.213,11041.76,1783.627852,324.588067,2108.215919,8570.78035,0.0,0.0,0.0
2500,2024-02-08,8570.78035,29467.873,11304.604,1774.351,333.158847,2107.509847,8570.78035,0.0,0.0,0.0
2500,2024-02-09,8570.78035,29231.232,10448.089,1767.34094,341.729627,2109.070567,8570.78035,0.0,0.0,0.0
2500,2024-02-10,8570.78035,20852.84,9172.639,1759.190037,350.300408,2109.490445,8570.78035,0.0,0.0,0.0
2500,2024-02-11,8570.78035,18577.156,8701.342,1755.859784,358.871188,2114.730972,8570.78035,0.0,0.0,0.0
2500,2024-02-12,8570.78035,27792.556,13393.29,1744.56034,367.441969,2112.002309,8570.78035,0.0,0.0,0.0
2500,2024-02-13,8570.78035,28397.821,12434.27,1728.33601,376.012749,2104.348759,8570.78035,0.0,0.0,0.0
2500,2024-02-14,8570.78035,26297.573,13601.165,1714.130539,384.583529,2098.714068,8570.78035,0.0,0.0,0.0
2500,2024-02-15,8570.78035,25364.651,13687.451,1702.712051,393.15431,2095.866361,8570.78035,0.0,0.0,0.0
2500,2024-02-16,8570.78035,26872.172,16910.314,1696.597593,401.72509,2098.322683,8570.78035,0.0,0.0,0.0
2500,2024-02-17,8570.78035,19798.821,13538.471,1700.058765,410.29587,2110.354635,8570.78035,0.0,0.0,0.0
2500,2024-02-18,8570.78035,16319.434,11382.961,1709.466761,418.866651,2128.333412,8570.78035,0.0,0.0,0.0
2500,2024-02-19,8570.78035,22950.0,13918.353,1716.040104,427.437431,2143.477535,8570.78035,0.0,0.0,0.0
2500,2024-02-20,8570.78035,29408.366,15493.726,1709.884992,436.008211,2145.893203,8570.78035,0.0,0.0,0.0
2500,2024-02-21,8570.78035,27351.682,20809.952,1701.507418,444.578992,2146.08641,8570.78035,0.0,0.0,0.0
2500,2024-02-22,8570.78035,28722.075,21484.774,1686.128918,453.149772,2139.27869,8570.78035,0.0,0.0,0.0
2500,2024-02-23,8570.78035,25504.107,18688.365,1669.631868,461.720552,2131.35242,8570.78035,0.0,0.0,0.0
2500,2024-02-24,8570.78035,20867.145,14668.146,1658.293499,470.291333,2128.584832,8570.78035,0.0,0.0,0.0
2500,2024-02-25,8570.78035,21453.267,15927.419,1655.624219,478.862113,2134.486332,8570.78035,0.0,0.0,0.0
2500,2024-02-26,8570.78035,26026.228,19631.948,1659.542588,487.432893,2146.975481,8570.78035,0.0,0.0,0.0
2500,2024-02-27,8570.78035,26303.337,16636.292,1657.485415,496.003674,2153.489089,8570.78035,0.0,0.0,0.0
2500,2024-02-28,8570.78035,25290.399,19822.962,1652.042075,504.574454,2156.616529,8570.78035,0.0,0.0,0.0
2500,2024-02-29,8570.78035,24602.308,20401.245,1646.315651,513.145234,2159.460885,8570.78035,0.0,0.0,0.0
2500,2024-03-01,8089.690462,21442.062,21055.516,1637.165746,521.234925,2158.400671,8089.690462,0.0,0.0,0.0
2500,2024-03-02,8089.690462,14284.344,16499.939,1634.697919,529.324615,2164.022534,8089.690462,0.0,0.0,0.0
2500,2024-03-03,8089.690462,13775.125,15494.661,1636.214657,537.414306,2173.628963,8089.690462,0.0,0.0,0.0
2500,2024-03-04,8089.690462,17303.75,16825.884,1640.400189,545.503996,2185.904185,8089.690462,0.0,0.0,0.0
2500,2024-03-05,8089.690462,19635.717,12313.703,1638.935199,553.593687,2192.528886,8089.690462,0.0,0.0,0.0
2500,2024-03-06,8089.690462,22461.918,19422.328,1634.197945,561.683377,2195.881322,8089.690462,0.0,0.0,0.0
2500,2024-03-07,8089.690462,20049.357,18217.691,1628.712514,569.773068,2198.485582,8089.690462,0.0,0.0,0.0
2500,2024-03-08,8089.690462,20975.367,17514.245,1619.109358,577.862758,2196.972116,8089.690462,0.0,0.0,0.0
2500,2024-03-09,8089.690462,16183.332,14070.769,1613.821177,585.952449,2199.773626,8089.690462,0.0,0.0,0.0
2500,2024-03-10,8089.690462,16373.378,15975.696,1609.993463,594.042139,2204.035602,8089.690462,0.0,0.0,0.0
2500,2024-03-11,8089.690462,19440.532,17890.711,1603.753737,602.13183,2205.885567,8089.690462,0.0,0.0,0.0
2500,2024-03-12,8089.690462,21703.863,22268.976,1590.57964,610.22152,2200.80116,8089.690462,0.0,0.0,0.0
2500,2024-03-13,8089.690462,19716.32,20119.646,1579.073023,618.31121,2197.384233,8089.690462,0.0,0.0,0.0
2500,2024-03-14,8089.690462,19605.502,22663.027,1569.634219,626.400901,2196.03512,8089.690462,0.0,0.0,0.0
2500,2024-03-15,8089.690462,17814.073,19942.103,1563.395981,634.490591,2197.886572,8089.690462,0.0,0.0,0.0
2500,2024-03-16,8089.690462,15464.92,19397.608,1560.198607,642.580282,2202.778889,8089.690462,0.0,0.0,0.0
2500,2024-03-17,8089.690462,15263.853,16808.752,1556.042594,650.669972,2206.712566,8089.690462,0.0,0.0,0.0
2500,2024-03-18,8089.690462,19324.823,20817.117,1546.562908,658.759663,2205.322571,8089.690462,0.0,0.0,0.0
2500,2024-03-19,8089.690462,21598.029,22142.695,1533.365635,666.849353,2200.214988,8089.690462,0.0,0.0,0.0
2500,2024-03-20,8089.690462,21907.633,23641.049,1519.552581,674.939044,2194.491625,8089.690462,0.0,0.0,0.0
2500,2024-03-21,8089.690462,22854.3,22570.073,1505.665914,683.028734,2188.694648,8089.690462,0.0,0.0,0.0
2500,2024-03-22,8089.690462,23302.079,23257.511,1491.002772,691.118425,2182.121197,8089.690462,0.0,0.0,0.0
2500,2024-03-23,8089.690462,19555.872,22080.123,1476.189363,699.208115,2175.397478,8089.690462,0.0,0.0,0.0
2500,2024-03-24,8089.690462,16990.032,22684.827,1465.444495,707.297806,2172.742301,8089.690462,0.0,0.0,0.0
2500,2024-03-25,8089.690462,18163.446,21652.92,1458.590679,715.387496,2173.978175,8089.690462,0.0,0.0,0.0
2500,2024-03-26,8089.690462,19522.865,22370.842,1455.129869,723.477186,2178.607055,8089.690462,0.0,0.0,0.0
2500,2024-03-27,8089.690462,21297.118,23239.086,1455.575786,731.566877,2187.142663,8089.690462,0.0,0.0,0.0
2500,2024-03-28,8089.690462,18019.462,22256.531,1452.188602,739.656567,2191.845169,8089.690462,0.0,0.0,0.0
2500,2024-03-29,8089.690462,16625.588,21195.563,1448.856883,747.746258,2196.603141,8089.690462,0.0,0.0,0.0
2500,2024-03-30,8089.690462,14586.364,18944.356,1446.387515,755.835948,2202.223463,8089.690462,0.0,0.0,0.0
2500,2024-03-31,8089.690462,16405.894,19399.347,1661.546152,763.925639,2425.471791,8089.690462,0.0,0.0,0.0
2500,2024-04-01,5242.786385,22056.537,19604.209,1652.995126,769.168425,2422.163551,5242.786385,0.0,0.0,0.0
2500,2024-04-02,5242.786385,26431.912,22175.944,1641.226307,774.411212,2415.637519,5242.786385,0.0,0.0,0.0
2500,2024-04-03,5242.786385,22450.892,21667.861,1624.354259,779.653998,2404.008257,5242.786385,0.0,0.0,0.0
2500,2024-04-04,5242.786385,21124.112,21524.896,1613.536499,784.896784,2398.433283,5242.786385,0.0,0.0,0.0
2500,2024-04-05,5242.786385,22341.716,22711.398,1603.023873,790.139571,2393.163444,5242.786385,0.0,0.0,0.0
2500,2024-04-06,5242.786385,16612.751,23191.82,1594.702327,795.382357,2390.084684,5242.786385,0.0,0.0,0.0
2500,2024-04-07,5242.786385,17019.206,24769.781,1592.420451,800.625144,2393.045595,5242.786385,0.0,0.0,0.0
2500,2024-04-08,5242.786385,24273.839,23177.082,1582.244054,805.86793,2388.111984,5242.786385,0.0,0.0,0.0
2500,2024-04-09,5242.786385,20191.874,23109.281,1571.851357,811.110716,2382.962073,5242.786385,0.0,0.0,0.0
2500,2024-04-10,5242.786385,21767.415,21880.519,1588.926063,816.353503,2405.279566,5242.786385,0.0,0.0,0.0
2500,2024-04-11,5242.786385,22654.417,16157.039,1667.803912,821.596289,2489.400201,5242.786385,0.0,0.0,0.0
2500,2024-04-12,5242.786385,23587.928,15215.728,1822.686223,826.839075,2649.525298,5242.786385,0.0,0.0,0.0
2500,2024-04-13,5242.786385,17856.453,10854.541,1915.451083,832.081862,2747.532945,5242.786385,0.0,0.0,0.0
2500,2024-04-14,5242.786385,19822.747,9661.573,1960.081589,837.324648,2797.406237,5242.786385,0.0,0.0,0.0
2500,2024-04-15,5242.786385,24655.459,13866.838,1982.3384,842.567435,2824.905835,5242.786385,0.0,0.0,0.0
2500,2024-04-16,5242.786385,23599.09,13135.104,1990.808833,847.810221,2838.619054,5242.786385,0.0,0.0,0.0
2500,2024-04-17,5242.786385,23084.371,12530.013,1993.803019,853.053007,2846.856026,5242.786385,0.0,0.0,0.0
2500,2024-04-18,5242.786385,21190.731,11629.373,1996.444464,858.295794,2854.740258,5242.786385,0.0,0.0,0.0
2500,2024-04-19,5242.786385,20655.509,13913.485,1997.702542,863.53858,2861.241122,5242.786385,0.0,0.0,0.0
2500,2024-04-20,5242.786385,18528.69,15243.675,1994.308273,868.781367,2863.08964,5242.786385,0.0,0.0,0.0
2500,2024-04-21,5242.786385,14000.994,14512.39,1993.899008,874.024153,2867.923161,5242.786385,0.0,0.0,0.0
2500,2024-04-22,5242.786385,18754.785,14785.677,1993.513576,879.266939,2872.780515,5242.786385,0.0,0.0,0.0
2500,2024-04-23,5242.786385,21422.314,14880.266,1984.903548,884.509726,2869.413274,5242.786385,0.0,0.0,0.0
2500,2024-04-24,5242.786385,18062.597,14948.219,1977.626962,889.752512,2867.379474,5242.786385,0.0,0.0,0.0
2500,2024-04-25,5242.786385,10869.136,13426.084,1980.39255,894.995298,2875.387848,5242.786385,0.0,0.0,0.0
2500,2024-04-26,5242.786385,15618.86,13492.868,1986.698763,900.238085,2886.936848,5242.786385,0.0,0.0,0.0
2500,2024-04-27,5242.786385,16262.734,15476.785,1988.685651,905.480871,2894.166522,5242.786385,0.0,0.0,0.0
2500,2024-04-28,5242.786385,17685.498,15735.926,1987.864723,910.723658,2898.588381,5242.786385,0.0,0.0,0.0
2500,2024-04-29,5242.786385,22004.556,20564.224,1983.145333,915.966444,2899.111777,5242.786385,0.0,0.0,0.0
2500,2024-04-30,5242.786385,22170.055,19865.04,1974.249785,921.20923,2895.459015,5242.786385,0.0,0.0,0.0
2500,2024-05-01,4794.498081,22299.627,20918.072,1967.984945,926.003728,2893.988673,4794.498081,0.0,0.0,0.0
2500,2024-05-02,4794.498081,23918.949,21142.459,1961.806931,930.798227,2892.605158,4794.498081,0.0,0.0,0.0
2500,2024-05-03,4794.498081,25047.874,21701.073,1950.96139,935.592725,2886.554115,4794.498081,0.0,0.0,0.0
2500,2024-05-04,4794.498081,20848.967,19830.37,1939.117989,940.387223,2879.505212,4794.498081,0.0,0.0,0.0
2500,2024-05-05,4794.498081,18311.027,18065.212,1928.728786,945.181721,2873.910507,4794.498081,0.0,0.0,0.0
2500,2024-05-06,4794.498081,20633.868,20967.186,1920.567629,949.976219,2870.543848,4794.498081,0.0,0.0,0.0
2500,2024-05-07,4794.498081,23599.965,22234.658,1911.71335,954.770717,2866.484067,4794.498081,0.0,0.0,0.0
2500,2024-05-08,4794.498081,28242.69,24931.912,1897.01828,959.565215,2856.583495,4794.498081,0.0,0.0,0.0
2500,2024-05-09,4794.498081,24855.329,22496.306,1883.794452,964.359713,2848.154165,4794.498081,0.0,0.0,0.0
2500,2024-05-10,4794.498081,29267.254,24871.541,1866.376556,969.154211,2835.530767,4794.498081,0.0,0.0,0.0
2500,2024-05-11,4794.498081,24533.258,21527.894,1850.38335,973.948709,2824.332059,4794.498081,0.0,0.0,0.0
2500,2024-05-12,4794.498081,27050.306,22511.702,1834.26941,978.743207,2813.012617,4794.498081,0.0,0.0,0.0
2500,2024-05-13,4794.498081,27566.014,27628.316,1815.986259,983.537705,2799.523964,4794.498081,0.0,0.0,0.0
2500,2024-05-14,4794.498081,28606.144,28307.418,1796.522542,988.332204,2784.854746,4794.498081,0.0,0.0,0.0
2500,2024-05-15,4794.498081,26146.553,27143.834,1777.811106,993.126702,2770.937808,4794.498081,0.0,0.0,0.0
2500,2024-05-16,4794.498081,23288.292,26307.481,1759.047182,997.9212,2756.968382,4794.498081,0.0,0.0,0.0
2500,2024-05-17,4794.498081,22997.499,26835.573,1741.479905,1002.715698,2744.195603,4794.498081,0.0,0.0,0.0
2500,2024-05-18,4794.498081,16751.921,23358.633,1726.376548,1007.510196,2733.886744,4794.498081,0.0,0.0,0.0
2500,2024-05-19,4794.498081,21291.651,26839.202,1716.246433,1012.304694,2728.551127,4794.498081,0.0,0.0,0.0
2500,2024-05-20,4794.498081,28769.14,28042.212,1699.580289,1017.099192,2716.679481,4794.498081,0.0,0.0,0.0
2500,2024-05-21,4794.498081,21761.381,23350.983,1684.467227,1021.89369,2706.360917,4794.498081,0.0,0.0,0.0
2500,2024-05-22,4794.498081,22363.746,21474.722,1672.646031,1026.688188,2699.334219,4794.498081,0.0,0.0,0.0
2500,2024-05-23,4794.498081,26462.535,26813.375,1656.174405,1031.482686,2687.657091,4794.498081,0.0,0.0,0.0
2500,2024-05-24,4794.498081,28508.72,27006.821,1637.537016,1036.277184,2673.8142,4794.498081,0.0,0.0,0.0
2500,2024-05-25,4794.498081,19453.983,24478.955,1618.155706,1041.071682,2659.227388,4794.498081,0.0,0.0,0.0
2500,2024-05-26,4794.498081,17311.528,22064.797,1606.573523,1045.86618,2652.439703,4794.498081,0.0,0.0,0.0
2500,2024-05-27,4794.498081,26533.692,25071.592,1590.317375,1050.660679,2640.978054,4794.498081,0.0,0.0,0.0
2500,2024-05-28,4794.498081,30095.984,26510.513,1568.913752,1055.455177,2624.368929,4794.498081,0.0,0.0,0.0
2500,2024-05-29,4794.498081,29060.66,28005.69,1547.018601,1060.249675,2607.268276,4794.498081,0.0,0.0,0.0
2500,2024-05-30,4794.498081,27108.743,26955.533,1527.417944,1065.044173,2592.462117,4794.498081,0.0,0.0,0.0
2500,2024-05-31,4794.498081,20460.381,22905.514,1513.547657,1069.838671,2583.386328,4794.498081,0.0,0.0,0.0
2500,2024-06-01,3680.610984,15187.064,18428.731,1504.531023,1073.519282,2578.050305,3680.610984,0.0,0.0,0.0
2500,2024-06-02,3680.610984,19765.735,19894.269,1497.004675,1077.199893,2574.204568,3680.610984,0.0,0.0,0.0
2500,2024-06-03,3680.610984,21430.862,21092.295,1482.856521,1080.880504,2563.737025,3680.610984,0.0,0.0,0.0
2500,2024-06-04,3680.610984,25872.286,25251.8,1466.397302,1084.561115,2550.958417,3680.610984,0.0,0.0,0.0
2500,2024-06-05,3680.610984,27989.289,27090.726,1446.410289,1088.241726,2534.652015,3680.610984,0.0,0.0,0.0
2500,2024-06-06,3680.610984,25990.324,27296.007,1428.199223,1091.922337,2520.12156,3680.610984,0.0,0.0,0.0
2500,2024-06-07,3680.610984,25309.914,25939.488,1412.724521,1095.602948,2508.327469,3680.610984,0.0,0.0,0.0
2500,2024-06-08,3680.610984,21152.732,25111.744,1399.121634,1099.283559,2498.405193,3680.610984,0.0,0.0,0.0
2500,2024-06-09,3680.610984,16463.062,21861.308,1387.397138,1102.96417,2490.361308,3680.610984,0.0,0.0,0.0
2500,2024-06-10,3680.610984,18011.49,19692.769,1378.361604,1106.644781,2485.006385,3680.610984,0.0,0.0,0.0
2500,2024-06-11,3680.610984,22751.632,24798.144,1366.570079,1110.325392,2476.895471,3680.610984,0.0,0.0,0.0
2500,2024-06-12,3680.610984,27459.118,27682.481,1351.019393,1114.006003,2465.025396,3680.610984,0.0,0.0,0.0
2500,2024-06-13,3680.610984,24521.423,27070.011,1334.460837,1117.686614,2452.147451,3680.610984,0.0,0.0,0.0
2500,2024-06-14,3680.610984,21731.335,26899.17,1321.488604,1121.367225,2442.855829,3680.610984,0.0,0.0,0.0
2500,2024-06-15,3680.610984,14017.989,22101.131,1315.886604,1125.047836,2440.93444,3680.610984,0.0,0.0,0.0
2500,2024-06-16,3680.610984,14349.796,21819.006,1315.331194,1128.728447,2444.059641,3680.610984,0.0,0.0,0.0
2500,2024-06-17,3680.610984,23232.68,25774.932,1310.614967,1132.409058,2443.024025,3680.610984,0.0,0.0,0.0
2500,2024-06-18,3680.610984,17300.816,23093.959,1299.888051,1136.089669,2435.97772,3680.610984,0.0,0.0,0.0
2500,2024-06-19,3680.610984,18625.013,24694.731,1294.43039,1139.77028,2434.20067,3680.610984,0.0,0.0,0.0
2500,2024-06-20,3680.610984,19301.655,26822.364,1282.407271,1143.450891,2425.858162,3680.610984,0.0,0.0,0.0
2500,2024-06-21,3680.610984,22723.939,28202.361,1270.503489,1147.131502,2417.634991,3680.610984,0.0,0.0,0.0
2500,2024-06-22,3680.610984,18234.6,28663.03,1259.404923,1150.812113,2410.217036,3680.610984,0.0,0.0,0.0
2500,2024-06-23,3680.610984,18541.362,27844.541,1251.731904,1154.492724,2406.224628,3680.610984,0.0,0.0,0.0
2500,2024-06-24,3680.610984,25140.81,29142.691,1241.094797,1158.173334,2399.268131,3680.610984,0.0,0.0,0.0
2500,2024-06-25,3680.610984,23384.975,27668.319,1225.756716,1161.853945,2387.610661,3680.610984,0.0,0.0,0.0
2500,2024-06-26,3680.610984,18874.883,26299.202,1212.490176,1165.534556,2378.024732,3680.610984,0.0,0.0,0.0
2500,2024-06-27,3680.610984,21174.597,28622.985,1202.997671,1169.215167,2372.212838,3680.610984,0.0,0.0,0.0
2500,2024-06-28,3680.610984,18360.495,28334.127,1194.021905,1172.895778,2366.917683,3680.610984,0.0,0.0,0.0
2500,2024-06-29,3680.610984,16477.074,25813.547,1184.742506,1176.576389,2361.318895,3680.610984,0.0,0.0,0.0
2500,2024-06-30,3680.610984,15052.458,26769.413,1175.101453,1180.257,2355.358453,3680.610984,0.0,0.0,0.0
2500,2024-07-01,3873.320286,16197.323,24883.989,1173.834676,1184.130321,2357.964997,3873.320286,0.0,0.0,0.0
2500,2024-07-02,3873.320286,19370.172,23822.935,1178.370093,1188.003641,2366.373734,3873.320286,0.0,0.0,0.0
2500,2024-07-03,3873.320286,20272.199,27267.903,1169.793349,1191.876961,2361.67031,3873.320286,0.0,0.0,0.0
2500,2024-07-04,3873.320286,22454.957,29080.092,1162.80474,1195.750282,2358.555022,3873.320286,0.0,0.0,0.0
2500,2024-07-05,3873.320286,21543.608,28908.628,1152.380525,1199.623602,2352.004127,3873.320286,0.0,0.0,0.0
2500,2024-07-06,3873.320286,18784.789,27018.15,1145.305457,1203.496922,2348.802379,3873.320286,0.0,0.0,0.0
2500,2024-07-07,3873.320286,17143.721,25985.106,1138.521531,1207.370242,2345.891773,3873.320286,0.0,0.0,0.0
2500,2024-07-08,3873.320286,26775.821,28334.931,1126.896124,1211.243563,2338.139687,3873.320286,0.0,0.0,0.0
2500,2024-07-09,3873.320286,28054.757,28397.159,1106.585806,1215.116883,2321.702689,3873.320286,0.0,0.0,0.0
2500,2024-07-10,3873.320286,26504.174,28542.881,1086.773521,1218.990203,2305.763724,3873.320286,0.0,0.0,0.0
2500,2024-07-11,3873.320286,24429.346,30086.117,1068.006263,1222.863524,2290.869787,3873.320286,0.0,0.0,0.0
2500,2024-07-12,3873.320286,18789.302,31971.206,1056.426455,1226.736844,2283.163299,3873.320286,0.0,0.0,0.0
2500,2024-07-13,3873.320286,18149.06,30786.9,1044.460541,1230.610164,2275.070705,3873.320286,0.0,0.0,0.0
2500,2024-07-14,3873.320286,17415.682,30010.806,1033.136654,1234.483484,2267.620138,3873.320286,0.0,0.0,0.0
2500,2024-07-15,3873.320286,24017.302,32209.017,1023.189502,1238.356805,2261.546307,3873.320286,0.0,0.0,0.0
2500,2024-07-16,3873.320286,26222.96,31034.282,1006.469553,1242.230125,2248.699678,3873.320286,0.0,0.0,0.0
2500,2024-07-17,3873.320286,27025.476,33817.471,987.801254,1246.103445,2233.904699,3873.320286,0.0,0.0,0.0
2500,2024-07-18,3873.320286,26989.008,34165.202,969.254661,1249.976766,2219.231427,3873.320286,0.0,0.0,0.0
2500,2024-07-19,3873.320286,25311.661,32705.684,950.342474,1253.850086,2204.19256,3873.320286,0.0,0.0,0.0
2500,2024-07-20,3873.320286,22722.59,30341.021,930.902133,1257.723406,2188.625539,3873.320286,0.0,0.0,0.0
2500,2024-07-21,3873.320286,20585.706,29083.185,916.6834,1261.596726,2178.280126,3873.320286,0.0,0.0,0.0
2500,2024-07-22,3873.320286,23814.305,33113.408,900.615642,1265.470047,2166.085689,3873.320286,0.0,0.0,0.0
2500,2024-07-23,3873.320286,25677.219,33626.218,881.954272,1269.343367,2151.297639,3873.320286,0.0,0.0,0.0
2500,2024-07-24,3873.320286,25081.205,33734.973,860.2686,1273.216687,2133.485287,3873.320286,0.0,0.0,0.0
2500,2024-07-25,3873.320286,25386.138,32195.834,843.07476,1277.090008,2120.164768,3873.320286,0.0,0.0,0.0
2500,2024-07-26,3873.320286,24565.045,31411.283,824.259855,1280.963328,2105.223183,3873.320286,0.0,0.0,0.0
2500,2024-07-27,3873.320286,18189.517,26335.327,809.818039,1284.836648,2094.654687,3873.320286,0.0,0.0,0.0
2500,2024-07-28,3873.320286,14238.746,27332.2,798.748122,1288.709968,2087.45809,3873.320286,0.0,0.0,0.0
2500,2024-07-29,3873.320286,16989.137,29243.566,792.479729,1292.583289,2085.063018,3873.320286,0.0,0.0,0.0
2500,2024-07-30,3873.320286,17945.307,30827.782,794.635133,1296.456609,2091.091742,3873.320286,0.0,0.0,0.0
2500,2024-07-31,3873.320286,17721.708,29696.485,788.737356,1300.329929,2089.067285,3873.320286,0.0,0.0,0.0
2500,2024-08-01,5500.415487,16222.588,32568.767,779.328726,1305.830345,2085.159071,5500.415487,0.0,0.0,0.0
2500,2024-08-02,5500.415487,19023.032,34317.284,769.206257,1311.33076,2080.537017,5500.415487,0.0,0.0,0.0
2500,2024-08-03,5500.415487,20781.751,30502.043,758.304577,1316.831176,2075.135753,5500.415487,0.0,0.0,0.0
2500,2024-08-04,5500.415487,21580.736,32565.321,744.72096,1322.331591,2067.052551,5500.415487,0.0,0.0,0.0
2500,2024-08-05,5500.415487,24247.3,35073.576,728.859299,1327.832007,2056.691306,5500.415487,0.0,0.0,0.0
2500,2024-08-06,5500.415487,26108.701,34152.741,711.69992,1333.332422,2045.032342,5500.415487,0.0,0.0,0.0
2500,2024-08-07,5500.415487,24383.118,33007.125,689.027745,1338.832838,2027.860583,5500.415487,0.0,0.0,0.0
2500,2024-08-08,5500.415487,21190.609,32015.511,672.03984,1344.333253,2016.373093,5500.415487,0.0,0.0,0.0
2500,2024-08-09,5500.415487,21207.425,32440.94,658.137947,1349.833669,2007.971616,5500.415487,0.0,0.0,0.0
2500,2024-08-10,5500.415487,17472.081,29421.224,649.375618,1355.334084,2004.709702,5500.415487,0.0,0.0,0.0
2500,2024-08-11,5500.415487,13414.403,28620.021,640.709089,1360.8345,2001.543589,5500.415487,0.0,0.0,0.0
2500,2024-08-12,5500.415487,14358.566,29128.35,635.030006,1366.334915,2001.364921,5500.415487,0.0,0.0,0.0
2500,2024-08-13,5500.415487,14865.823,32561.216,626.695513,1371.835331,1998.530844,5500.415487,0.0,0.0,0.0
2500,2024-08-14,5500.415487,15967.602,35090.708,617.636686,1377.335746,1994.972432,5500.415487,0.0,0.0,0.0
2500,2024-08-15,5500.415487,9516.947,32868.212,612.238704,1382.836162,1995.074866,5500.415487,0.0,0.0,0.0
2500,2024-08-16,5500.415487,10050.906,30463.41,611.303542,1388.336577,1999.640119,5500.415487,0.0,0.0,0.0
2500,2024-08-17,5500.415487,8376.052,25294.677,612.25577,1393.836993,2006.092763,5500.415487,0.0,0.0,0.0
2500,2024-08-18,5500.415487,7982.22,22625.544,615.586817,1399.337408,2014.924225,5500.415487,0.0,0.0,0.0
2500,2024-08-19,5500.415487,12964.939,30063.735,615.598978,1404.837824,2020.436802,5500.415487,0.0,0.0,0.0
2500,2024-08-20,5500.415487,15638.381,32608.158,609.163065,1410.338239,2019.501304,5500.415487,0.0,0.0,0.0
2500,2024-08-21,5500.415487,14177.425,33594.612,600.842864,1415.838654,2016.681518,5500.415487,0.0,0.0,0.0
2500,2024-08-22,5500.415487,10422.099,31570.577,595.359777,1421.33907,2016.698847,5500.415487,0.0,0.0,0.0
2500,2024-08-23,5500.415487,8350.261,24573.958,604.240233,1426.839485,2031.079718,5500.415487,0.0,0.0,0.0
2500,2024-08-24,5500.415487,9109.092,20423.475,625.673765,1432.339901,2058.013666,5500.415487,0.0,0.0,0.0
2500,2024-08-25,5500.415487,7406.545,23705.647,639.397268,1437.840316,2077.237584,5500.415487,0.0,0.0,0.0
2500,2024-08-26,5500.415487,11441.212,26601.153,657.720471,1443.340732,2101.061203,5500.415487,0.0,0.0,0.0
2500,2024-08-27,5500.415487,12177.615,20327.863,666.9187,1448.841147,2115.759847,5500.415487,0.0,0.0,0.0
2500,2024-08-28,5500.415487,13178.078,15812.714,676.35876,1454.341563,2130.700323,5500.415487,0.0,0.0,0.0
2500,2024-08-29,5500.415487,12751.901,14743.087,688.29774,1459.841978,2148.139718,5500.415487,0.0,0.0,0.0
2500,2024-08-30,5500.415487,13799.899,11767.47,705.605123,1465.342394,2170.947517,5500.415487,0.0,0.0,0.0
2500,2024-08-31,5500.415487,15851.079,11539.883,720.436668,1470.842809,2191.279477,5500.415487,0.0,0.0,0.0
2500,2024-09-01,6862.364557,16368.525,10753.09,751.816934,1477.705174,2229.522108,6862.364557,0.0,0.0,0.0
2500,2024-09-02,6862.364557,17823.583,10850.624,793.617231,1484.567538,2278.184769,6862.364557,0.0,0.0,0.0
2500,2024-09-03,6862.364557,19539.651,10098.72,840.36816,1491.429903,2331.798063,6862.364557,0.0,0.0,0.0
2500,2024-09-04,6862.364557,22163.267,10553.303,888.456624,1498.292268,2386.748892,6862.364557,0.0,0.0,0.0
2500,2024-09-05,6862.364557,23049.782,12409.704,913.561174,1505.154632,2418.715806,6862.364557,0.0,0.0,0.0
2500,2024-09-06,6862.364557,20981.051,10121.037,928.533367,1512.016997,2440.550364,6862.364557,0.0,0.0,0.0
2500,2024-09-07,6862.364557,15585.308,10138.786,945.038004,1518.879361,2463.917365,6862.364557,0.0,0.0,0.0
2500,2024-09-08,6862.364557,14749.568,9299.0,972.178925,1525.741726,2497.920651,6862.364557,0.0,0.0,0.0
2500,2024-09-09,6862.364557,17128.44,9903.517,993.658527,1532.60409,2526.262617,6862.364557,0.0,0.0,0.0
2500,2024-09-10,6862.364557,15211.801,9966.309,1015.107688,1539.466455,2554.574143,6862.364557,0.0,0.0,0.0
2500,2024-09-11,6862.364557,16038.479,12195.303,1033.166726,1546.328819,2579.495545,6862.364557,0.0,0.0,0.0
2500,2024-09-12,6862.364557,13651.159,11495.31,1046.330804,1553.191184,2599.521988,6862.364557,0.0,0.0,0.0
2500,2024-09-13,6862.364557,13688.56,11375.215,1063.170962,1560.053549,2623.224511,6862.364557,0.0,0.0,0.0
2500,2024-09-14,6862.364557,14007.517,10199.171,1082.11967,1566.915913,2649.035583,6862.364557,0.0,0.0,0.0
2500,2024-09-15,6862.364557,13350.543,9757.062,1095.676264,1573.778278,2669.454542,6862.364557,0.0,0.0,0.0
2500,2024-09-16,6862.364557,15861.309,12323.993,1107.337385,1580.640642,2687.978027,6862.364557,0.0,0.0,0.0
2500,2024-09-17,6862.364557,18573.575,13518.66,1113.755796,1587.503007,2701.258803,6862.364557,0.0,0.0,0.0
2500,2024-09-18,6862.364557,17576.884,14405.356,1115.761632,1594.365371,2710.127003,6862.364557,0.0,0.0,0.0
2500,2024-09-19,6862.364557,10401.561,9987.707,1124.04887,1601.227736,2725.276606,6862.364557,0.0,0.0,0.0
2500,2024-09-20,6862.364557,10223.082,9371.035,1133.459049,1608.0901,2741.549149,6862.364557,0.0,0.0,0.0
2500,2024-09-21,6862.364557,8174.089,9575.134,1144.21019,1614.952465,2759.162655,6862.364557,0.0,0.0,0.0
2500,2024-09-22,6862.364557,7341.814,7787.754,1156.131974,1621.81483,2777.946804,6862.364557,0.0,0.0,0.0
2500,2024-09-23,6862.364557,11020.372,9668.707,1167.736774,1628.677194,2796.413968,6862.364557,0.0,0.0,0.0
2500,2024-09-24,6862.364557,11336.431,10253.196,1177.939909,1635.539559,2813.479468,6862.364557,0.0,0.0,0.0
2500,2024-09-25,6862.364557,16286.613,12547.204,1184.32482,1642.401923,2826.726743,6862.364557,0.0,0.0,0.0
2500,2024-09-26,6862.364557,12567.461,8825.404,1191.46095,1649.264288,2840.725238,6862.364557,0.0,0.0,0.0
2500,2024-09-27,6862.364557,17110.085,12107.155,1211.2763,1656.126652,2867.402952,6862.364557,0.0,0.0,0.0
2500,2024-09-28,6862.364557,11140.661,10818.074,1224.695459,1662.989017,2887.684476,6862.364557,0.0,0.0,0.0
2500,2024-09-29,6862.364557,10794.214,9838.164,1236.405813,1669.851381,2906.257194,6862.364557,0.0,0.0,0.0
2500,2024-09-30,6862.364557,19779.442,12337.89,1023.079663,1676.713746,2699.793409,6862.364557,0.0,0.0,0.0
2500,2024-10-01,7918.165517,15251.665,8638.111,1025.805082,1684.631912,2710.436994,7918.165517,0.0,0.0,0.0
2500,2024-10-02,7918.165517,14680.904,9403.793,1030.509135,1692.550077,2723.059212,7918.165517,0.0,0.0,0.0
2500,2024-10-03,7918.165517,18552.244,9013.079,1054.297004,1700.468243,2754.765247,7918.165517,0.0,0.0,0.0
2500,2024-10-04,7918.165517,21473.94,8863.895,1076.504377,1708.386408,2784.890785,7918.165517,0.0,0.0,0.0
2500,2024-10-05,7918.165517,12688.125,8789.65,1098.520937,1716.304574,2814.825511,7918.165517,0.0,0.0,0.0
2500,2024-10-06,7918.165517,10583.464,8060.511,1121.46865,1724.222739,2845.691389,7918.165517,0.0,0.0,0.0
2500,2024-10-07,7918.165517,11909.455,9555.795,1139.593839,1732.140905,2871.734744,7918.165517,0.0,0.0,0.0
2500,2024-10-08,7918.165517,11456.432,8928.691,1157.842828,1740.05907,2897.901898,7918.165517,0.0,0.0,0.0
2500,2024-10-09,7918.165517,13633.313,9233.874,1178.716754,1747.977236,2926.69399,7918.165517,0.0,0.0,0.0
2500,2024-10-10,7918.165517,19848.717,9317.813,1189.981636,1755.895401,2945.877037,7918.165517,0.0,0.0,0.0
2500,2024-10-11,7918.165517,16440.377,8926.842,1197.743643,1755.895401,2953.639044,0.0,7918.165517,7918.165517,0.0
2500,2024-10-12,7918.165517,8851.249,7812.818,1207.264397,1755.895401,2963.159798,0.0,7918.165517,7812.818,105.347517
2500,2024-10-13,7918.165517,8678.438,9239.675,1219.531242,1755.895401,2975.426643,0.0,7918.165517,7918.165517,0.0
2500,2024-10-14,7918.165517,15427.749,11681.16,1226.877825,1755.895401,2982.773226,0.0,7918.165517,7918.165517,0.0
2500,2024-10-15,7918.165517,17203.212,10191.283,1226.472196,1755.895401,2982.367597,0.0,7918.165517,7918.165517,0.0
2500,2024-10-16,7918.165517,21593.23,10179.324,1224.73224,1755.895401,2980.627641,0.0,7918.165517,7918.165517,0.0
2500,2024-10-17,7918.165517,23320.843,10928.512,1217.239506,1755.895401,2973.134907,0.0,7918.165517,7918.165517,0.0
2500,2024-10-18,7918.165517,22068.678,9718.876,1210.052967,1755.895401,2965.948368,0.0,7918.165517,7918.165517,0.0
2500,2024-10-19,7918.165517,15361.016,10232.336,1205.581724,1755.895401,2961.477125,0.0,7918.165517,7918.165517,0.0
2500,2024-10-20,7918.165517,13309.534,10642.762,1204.277577,1755.895401,2960.172978,0.0,7918.165517,7918.165517,0.0
2500,2024-10-21,7918.165517,20075.129,10700.598,1202.811792,1755.895401,2958.707193,0.0,7918.165517,7918.165517,0.0
2500,2024-10-22,7918.165517,24216.562,11402.513,1197.877374,1755.895401,2953.772775,0.0,7918.165517,7918.165517,0.0
2500,2024-10-23,7918.165517,21083.987,9333.214,1192.312016,1755.895401,2948.207417,0.0,7918.165517,7918.165517,0.0
2500,2024-10-24,7918.165517,17903.114,8293.736,1202.865069,1755.895401,2958.76047,0.0,7918.165517,7918.165517,0.0
2500,2024-10-25,7918.165517,17552.724,7699.558,1264.3773,1755.895401,3020.272701,0.0,7918.165517,7699.558,218.607517
2500,2024-10-26,7918.165517,17225.654,8007.825,1341.106417,1755.895401,3097.001818,0.0,7918.165517,7918.165517,0.0
2500,2024-10-27,7918.165517,20463.483,7096.929,1393.359503,1755.895401,3149.254904,0.0,7918.165517,7096.929,821.236517
2500,2024-10-28,7918.165517,20311.618,9081.82,1423.821853,1755.895401,3179.717254,0.0,7918.165517,7918.165517,0.0
2500,2024-10-29,7918.165517,19578.292,11143.297,1447.982993,1755.895401,3203.878394,0.0,7918.165517,7918.165517,0.0
2500,2024-10-30,7918.165517,21150.915,11400.033,1467.7087,1755.895401,3223.604101,0.0,7918.165517,7918.165517,0.0
2500,2024-10-31,7918.165517,17696.093,7887.189,1484.417832,1755.895401,3240.313233,0.0,7918.165517,7887.189,30.976517
2500,2024-11-01,9216.561519,18179.606,4805.461,1503.948907,1755.895401,3259.844308,0.0,9216.561519,4805.461,4411.100519
2500,2024-11-02,9216.561519,11616.647,4114.072,1525.074063,1755.895401,3280.969464,0.0,9216.561519,4114.072,5102.489519
2500,2024-11-03,9216.561519,14998.598,3092.313,1541.620024,1755.895401,3297.515425,0.0,9216.561519,3092.313,6124.248519
2500,2024-11-04,9216.561519,20594.469,3732.801,1551.5072,1755.895401,3307.402601,0.0,9216.561519,3732.801,5483.760519
2500,2024-11-05,9216.561519,22169.481,4651.275,1559.258785,1755.895401,3315.154186,0.0,9216.561519,4651.275,4565.286519
2500,2024-11-06,9216.561519,25874.211,7356.725,1568.628994,1755.895401,3324.524395,0.0,9216.561519,7356.725,1859.836519
2500,2024-11-07,9216.561519,23746.046,5245.734,1576.306947,1755.895401,3332.202348,0.0,9216.561519,5245.734,3970.827519
2500,2024-11-08,9216.561519,22349.884,2768.567,1591.328005,1755.895401,3347.223406,0.0,9216.561519,2768.567,6447.994519
2500,2024-11-09,9216.561519,23410.73,2243.053,1680.422439,1755.895401,3436.31784,0.0,9216.561519,2243.053,6973.508519
2500,2024-11-10,9216.561519,26207.795,2166.441,1804.736894,1755.895401,3560.632295,0.0,9216.561519,2166.441,7050.120519
2500,2024-11-11,9216.561519,24836.604,4281.641,1867.6429,1755.895401,3623.538301,0.0,9216.561519,4281.641,4934.920519
2500,2024-11-12,9216.561519,28571.709,5733.529,1901.225757,1755.895401,3657.121158,0.0,9216.561519,5733.529,3483.032519
2500,2024-11-13,9216.561519,28657.739,4403.102,1921.386162,1755.895401,3677.281563,0.0,9216.561519,4403.102,4813.459519
2500,2024-11-14,9216.561519,25857.674,4839.653,1937.213257,1755.895401,3693.108658,0.0,9216.561519,4839.653,4376.908519
2500,2024-11-15,9216.561519,23719.553,3325.097,1965.590155,1755.895401,3721.485556,0.0,9216.561519,3325.097,5891.464519
2500,2024-11-16,9216.561519,19395.878,2240.284,1996.995264,1755.895401,3752.890665,0.0,9216.561519,2240.284,6976.277519
2500,2024-11-17,9216.561519,19003.941,2237.171,2019.762612,1755.895401,3775.658013,0.0,9216.561519,2237.171,6979.390519
2500,2024-11-18,9216.561519,25506.346,2576.192,2036.00226,1755.895401,3791.897661,0.0,9216.561519,2576.192,6640.369519
2500,2024-11-19,9216.561519,25310.939,2680.226,2047.769023,1755.895401,3803.664424,0.0,9216.561519,2680.226,6536.335519
2500,2024-11-20,9216.561519,23012.674,2725.872,2054.377955,1755.895401,3810.273356,0.0,9216.561519,2725.872,6490.689519
2500,2024-11-21,9216.561519,25239.673,2471.993,2057.595969,1755.895401,3813.49137,0.0,9216.561519,2471.993,6744.568519
2500,2024-11-22,9216.561519,24882.732,2539.781,2059.872789,1755.895401,3815.76819,0.0,9216.561519,2539.781,6676.780519
2500,2024-11-23,9216.561519,23035.184,1866.447,2058.458229,1755.895401,3814.35363,0.0,9216.561519,1866.447,7350.114519
2500,2024-11-24,9216.561519,21718.394,3045.187,2055.225349,1755.895401,3811.12075,0.0,9216.561519,3045.187,6171.374519
2500,2024-11-25,9216.561519,23975.42,3618.655,2055.343678,1755.895401,3811.239079,0.0,9216.561519,3618.655,5597.906519
2500,2024-11-26,9216.561519,27327.735,3082.769,2054.073158,1755.895401,3809.968559,0.0,9216.561519,3082.769,6133.792519
2500,2024-11-27,9216.561519,27224.914,4870.567,2049.102219,1755.895401,3804.99762,0.0,9216.561519,4870.567,4345.994519
2500,2024-11-28,9216.561519,22735.712,5652.013,2048.298612,1755.895401,3804.194013,0.0,9216.561519,5652.013,3564.548519
2500,2024-11-29,9216.561519,26926.044,5186.147,2050.309709,1755.895401,3806.20511,0.0,9216.561519,5186.147,4030.414519
2500,2024-11-30,9216.561519,21928.94,2037.891,2055.474654,1755.895401,3811.370055,0.0,9216.561519,2037.891,7178.670519
2500,2024-12-01,9720.202495,20647.272,1865.197,2064.874225,1755.895401,3820.769626,0.0,9720.202495,1865.197,7855.005495
2500,2024-12-02,9720.202495,27407.103,4729.009,2069.750655,1755.895401,3825.646056,0.0,9720.202495,4729.009,4991.193495
2500,2024-12-03,9720.202495,23446.649,4032.052,2071.924232,1755.895401,3827.819633,0.0,9720.202495,4032.052,5688.150495
2500,2024-12-04,9720.202495,25301.145,4040.736,2083.085472,1755.895401,3838.980873,0.0,9720.202495,4040.736,5679.466495
2500,2024-12-05,9720.202495,23853.166,3492.548,2105.927994,1755.895401,3861.823395,0.0,9720.202495,3492.548,6227.654495
2500,2024-12-06,9720.202495,29881.587,4238.664,2129.424058,1755.895401,3885.319459,0.0,9720.202495,4238.664,5481.538495
2500,2024-12-07,9720.202495,22837.534,2493.363,2146.374081,1755.895401,3902.269482,0.0,9720.202495,2493.363,7226.839495
2500,2024-12-08,9720.202495,19848.325,2323.79,2164.395468,1755.895401,3920.290869,0.0,9720.202495,2323.79,7396.412495
2500,2024-12-09,9720.202495,24748.639,3269.917,2187.743568,1755.895401,3943.638969,0.0,9720.202495,3269.917,6450.285495
2500,2024-12-10,9720.202495,31284.291,3089.807,2203.723277,1755.895401,3959.618678,0.0,9720.202495,3089.807,6630.395495
2500,2024-12-11,9720.202495,30903.657,4300.004,2207.263938,1755.895401,3963.159339,0.0,9720.202495,4300.004,5420.198495
2500,2024-12-12,9720.202495,30977.431,7071.162,2204.152139,1755.895401,3960.04754,0.0,9720.202495,7071.162,2649.040495
2500,2024-12-13,9720.202495,27880.339,3182.089,2203.090076,1755.895401,3958.985477,0.0,9720.202495,3182.089,6538.113495
2500,2024-12-14,9720.202495,22085.616,1892.331,2217.240219,1755.895401,3973.13562,0.0,9720.202495,1892.331,7827.871495
2500,2024-12-15,9720.202495,24984.529,1939.625,2255.946435,1755.895401,4011.841836,0.0,9720.202495,1939.625,7780.577495
2500,2024-12-16,9720.202495,28755.763,4116.119,2282.970689,1755.895401,4038.86609,0.0,9720.202495,4116.119,5604.083495
2500,2024-12-17,9720.202495,23100.283,1931.968,2303.17576,1755.895401,4059.071161,0.0,9720.202495,1931.968,7788.234495
2500,2024-12-18,9720.202495,22418.186,1901.339,2317.445839,1755.895401,4073.34124,0.0,9720.202495,1901.339,7818.863495
2500,2024-12-19,9720.202495,22380.795,1543.331,2323.20859,1755.895401,4079.103991,0.0,9720.202495,1543.331,8176.871495
2500,2024-12-20,9720.202495,23029.269,2628.882,2327.119982,1755.895401,4083.015383,0.0,9720.202495,2628.882,7091.320495
2500,2024-12-21,9720.202495,17016.165,2254.907,2334.908575,1755.895401,4090.803976,0.0,9720.202495,2254.907,7465.295495
2500,2024-12-22,9720.202495,19412.908,2036.176,2343.676455,1755.895401,4099.571856,0.0,9720.202495,2036.176,7684.026495
2500,2024-12-23,9720.202495,25621.219,2022.988,2342.808584,1755.895401,4098.703985,0.0,9720.202495,2022.988,7697.214495
2500,2024-12-24,9720.202495,28825.254,2014.282,2337.564553,1755.895401,4093.459954,0.0,9720.202495,2014.282,7705.920495
2500,2024-12-25,9720.202495,25231.679,2047.353,2331.327316,1755.895401,4087.222717,0.0,9720.202495,2047.353,7672.849495
2500,2024-12-26,9720.202495,23481.968,2182.42,2333.172225,1755.895401,4089.067626,0.0,9720.202495,2182.42,7537.782495
2500,2024-12-27,9720.202495,19865.846,2067.668,2338.859675,1755.895401,4094.755076,0.0,9720.202495,2067.668,7652.534495
2500,2024-12-28,9720.202495,22235.853,2547.943,2343.204466,1755.895401,4099.099867,0.0,9720.202495,2547.943,7172.259495
2500,2024-12-29,9720.202495,24602.649,2769.536,2342.400576,1755.895401,4098.295977,0.0,9720.202495,2769.536,6950.666495
2500,2024-12-30,9720.202495,26749.181,2538.884,2343.88026,1755.895401,4099.775661,0.0,9720.202495,2538.884,7181.318495
2500,2024-12-31,9720.202495,24820.639,3510.916,2347.470846,1755.895401,4103.366247,0.0,9720.202495,3510.916,6209.286495
