date,fuel,generation_mwh
2020-01-01,Gas,8740.053
2020-01-01,Geothermal,20916.695
2020-01-01,Hydro,58792.681
2020-01-01,Liquid fuel,0.0
2020-01-01,Wind,8135.508
2020-01-01,Wood,787.433
2020-01-02,Gas,8912.783
2020-01-02,Geothermal,20706.057
2020-01-02,Hydro,58243.7
2020-01-02,Liquid fuel,0.0
2020-01-02,Wind,8604.465
2020-01-02,Wood,732.045
2020-01-03,Gas,9021.526
2020-01-03,Geothermal,20656.505
2020-01-03,Hydro,64015.433
2020-01-03,Liquid fuel,0.0
2020-01-03,Wind,6849.449
2020-01-03,Wood,709.57
2020-01-04,Gas,9671.46
2020-01-04,Geothermal,20691.745
2020-01-04,Hydro,62233.454
2020-01-04,Liquid fuel,0.0
2020-01-04,Wind,4829.457
2020-01-04,Wood,703.658
2020-01-05,Gas,9423.37
2020-01-05,Geothermal,20633.202
2020-01-05,Hydro,59749.319
2020-01-05,Liquid fuel,0.0
2020-01-05,Wind,8516.437
2020-01-05,Wood,714.891
2020-01-06,Coal,1802.066
2020-01-06,Gas,10351.178
2020-01-06,Geothermal,20458.174
2020-01-06,Hydro,65013.471
2020-01-06,Liquid fuel,0.0
2020-01-06,Wind,8605.522
2020-01-06,Wood,723.79
2020-01-07,Coal,3479.041
2020-01-07,Gas,13064.929
2020-01-07,Geothermal,20802.807
2020-01-07,Hydro,65465.686
2020-01-07,Liquid fuel,0.0
2020-01-07,Wind,5101.294
2020-01-07,Wood,742.703
2020-01-08,Coal,7226.862
2020-01-08,Gas,13017.268
2020-01-08,Geothermal,20943.214
2020-01-08,Hydro,66152.676
2020-01-08,Liquid fuel,0.0
2020-01-08,Wind,1618.188
2020-01-08,Wood,737.4
2020-01-09,Coal,6193.9
2020-01-09,Gas,11607.545
2020-01-09,Geothermal,21022.716
2020-01-09,Hydro,66563.663
2020-01-09,Liquid fuel,0.0
2020-01-09,Wind,4267.973
2020-01-09,Wood,633.604
2020-01-10,Coal,6571.482
2020-01-10,Gas,12063.046
2020-01-10,Geothermal,20974.634
2020-01-10,Hydro,64783.981
2020-01-10,Liquid fuel,0.0
2020-01-10,Wind,5613.753
2020-01-10,Wood,733.764
2020-01-11,Coal,4135.032
2020-01-11,Gas,11125.974
2020-01-11,Geothermal,21018.168
2020-01-11,Hydro,60501.711
2020-01-11,Liquid fuel,0.0
2020-01-11,Wind,7260.796
2020-01-11,Wood,739.778
2020-01-12,Coal,4006.353
2020-01-12,Gas,10251.535
2020-01-12,Geothermal,20936.913
2020-01-12,Hydro,56680.506
2020-01-12,Liquid fuel,0.0
2020-01-12,Wind,9536.007
2020-01-12,Wood,725.937
2020-01-13,Coal,8149.903
2020-01-13,Gas,12562.146
2020-01-13,Geothermal,20575.727
2020-01-13,Hydro,63541.308
2020-01-13,Liquid fuel,0.0
2020-01-13,Wind,6738.168
2020-01-13,Wood,661.793
2020-01-14,Coal,7611.473
2020-01-14,Gas,12865.11
2020-01-14,Geothermal,21071.064
2020-01-14,Hydro,63373.848
2020-01-14,Liquid fuel,0.0
2020-01-14,Wind,6521.084
2020-01-14,Wood,472.739
2020-01-15,Coal,8578.792
2020-01-15,Gas,13205.854
2020-01-15,Geothermal,21118.923
2020-01-15,Hydro,65868.415
2020-01-15,Liquid fuel,0.0
2020-01-15,Wind,3231.555
2020-01-15,Wood,731.738
2020-01-16,Coal,8834.523
2020-01-16,Gas,13885.539
2020-01-16,Geothermal,21133.821
2020-01-16,Hydro,64549.617
2020-01-16,Liquid fuel,0.0
2020-01-16,Wind,4035.029
2020-01-16,Wood,746.662
2020-01-17,Coal,8336.093
2020-01-17,Gas,14213.574
2020-01-17,Geothermal,20808.516
2020-01-17,Hydro,64484.992
2020-01-17,Liquid fuel,0.0
2020-01-17,Wind,3450.577
2020-01-17,Wood,739.119
2020-01-18,Coal,7243.349
2020-01-18,Gas,14171.03
2020-01-18,Geothermal,21006.904
2020-01-18,Hydro,57550.407
2020-01-18,Liquid fuel,0.0
2020-01-18,Wind,3350.815
2020-01-18,Wood,693.738
2020-01-19,Coal,7601.841
2020-01-19,Gas,12799.088
2020-01-19,Geothermal,20799.718
2020-01-19,Hydro,57897.725
2020-01-19,Liquid fuel,0.0
2020-01-19,Wind,2925.656
2020-01-19,Wood,693.705
2020-01-20,Coal,8734.273
2020-01-20,Gas,15632.501
2020-01-20,Geothermal,20517.571
2020-01-20,Hydro,65381.347
2020-01-20,Liquid fuel,0.0
2020-01-20,Wind,3365.862
2020-01-20,Wood,0.0
2020-01-21,Coal,10022.692
2020-01-21,Gas,16784.327
2020-01-21,Geothermal,20500.188
2020-01-21,Hydro,67105.734
2020-01-21,Liquid fuel,62.544
2020-01-21,Wind,1004.37
2020-01-21,Wood,0.0
2020-01-22,Coal,8871.842
2020-01-22,Gas,15194.624
2020-01-22,Geothermal,20884.73
2020-01-22,Hydro,63173.929
2020-01-22,Liquid fuel,0.0
2020-01-22,Wind,7117.52
2020-01-22,Wood,0.0
2020-01-23,Coal,8038.007
2020-01-23,Gas,14316.274
2020-01-23,Geothermal,20903.465
2020-01-23,Hydro,63824.612
2020-01-23,Liquid fuel,0.0
2020-01-23,Wind,7917.936
2020-01-23,Wood,97.569
2020-01-24,Coal,7564.636
2020-01-24,Gas,15580.964
2020-01-24,Geothermal,20671.775
2020-01-24,Hydro,67613.862
2020-01-24,Liquid fuel,7.224
2020-01-24,Wind,3912.325
2020-01-24,Wood,700.301
2020-01-25,Coal,6956.305
2020-01-25,Gas,12410.095
2020-01-25,Geothermal,20797.881
2020-01-25,Hydro,56999.856
2020-01-25,Liquid fuel,0.0
2020-01-25,Wind,8068.347
2020-01-25,Wood,732.278
2020-01-26,Coal,4835.099
2020-01-26,Gas,13649.617
2020-01-26,Geothermal,20581.46
2020-01-26,Hydro,59595.722
2020-01-26,Liquid fuel,0.0
2020-01-26,Wind,6175.76
2020-01-26,Wood,756.386
2020-01-27,Coal,4948.369
2020-01-27,Gas,14001.043
2020-01-27,Geothermal,20202.451
2020-01-27,Hydro,63659.237
2020-01-27,Liquid fuel,0.0
2020-01-27,Wind,8710.377
2020-01-27,Wood,721.274
2020-01-28,Coal,7172.695
2020-01-28,Gas,16128.757
2020-01-28,Geothermal,20285.44
2020-01-28,Hydro,67191.322
2020-01-28,Liquid fuel,0.0
2020-01-28,Wind,6761.535
2020-01-28,Wood,750.859
2020-01-29,Coal,8123.766
2020-01-29,Gas,15819.18
2020-01-29,Geothermal,19576.845
2020-01-29,Hydro,67224.083
2020-01-29,Liquid fuel,0.0
2020-01-29,Wind,7883.201
2020-01-29,Wood,796.336
2020-01-30,Coal,7979.479
2020-01-30,Gas,15137.774
2020-01-30,Geothermal,20518.566
2020-01-30,Hydro,65393.638
2020-01-30,Liquid fuel,7.254
2020-01-30,Wind,8466.622
2020-01-30,Wood,683.47
2020-01-31,Coal,6621.265
2020-01-31,Gas,14697.537
2020-01-31,Geothermal,20649.654
2020-01-31,Hydro,62670.587
2020-01-31,Liquid fuel,0.0
2020-01-31,Wind,10659.071
2020-01-31,Wood,699.191
2020-02-01,Coal,5697.75
2020-02-01,Gas,14272.104
2020-02-01,Geothermal,20592.031
2020-02-01,Hydro,56733.152
2020-02-01,Liquid fuel,0.0
2020-02-01,Wind,10473.572
2020-02-01,Wood,756.377
2020-02-02,Coal,3765.874
2020-02-02,Gas,12996.645
2020-02-02,Geothermal,20696.52
2020-02-02,Hydro,59422.939
2020-02-02,Liquid fuel,0.0
2020-02-02,Wind,10075.001
2020-02-02,Wood,758.915
2020-02-03,Coal,5362.5
2020-02-03,Gas,14175.941
2020-02-03,Geothermal,20338.274
2020-02-03,Hydro,69022.323
2020-02-03,Liquid fuel,156.59
2020-02-03,Wind,10125.255
2020-02-03,Wood,783.342
2020-02-04,Coal,5774.873
2020-02-04,Gas,12753.255
2020-02-04,Geothermal,20350.327
2020-02-04,Hydro,71396.881
2020-02-04,Liquid fuel,74.94
2020-02-04,Wind,9195.007
2020-02-04,Wood,767.858
2020-02-05,Coal,5222.53
2020-02-05,Gas,13853.876
2020-02-05,Geothermal,20726.931
2020-02-05,Hydro,64799.407
2020-02-05,Liquid fuel,0.0
2020-02-05,Wind,6229.806
2020-02-05,Wood,800.906
2020-02-06,Coal,4538.614
2020-02-06,Gas,10133.939
2020-02-06,Geothermal,21007.357
2020-02-06,Hydro,59976.41
2020-02-06,Liquid fuel,0.0
2020-02-06,Wind,6393.979
2020-02-06,Wood,833.022
2020-02-07,Coal,6795.859
2020-02-07,Gas,12175.2
2020-02-07,Geothermal,20801.442
2020-02-07,Hydro,65337.686
2020-02-07,Liquid fuel,11.482
2020-02-07,Wind,2998.135
2020-02-07,Wood,757.605
2020-02-08,Coal,4071.621
2020-02-08,Gas,11858.075
2020-02-08,Geothermal,20889.246
2020-02-08,Hydro,56560.69
2020-02-08,Liquid fuel,0.0
2020-02-08,Wind,8705.791
2020-02-08,Wood,785.393
2020-02-09,Coal,4935.77
2020-02-09,Gas,10781.969
2020-02-09,Geothermal,21110.079
2020-02-09,Hydro,59683.061
2020-02-09,Liquid fuel,0.0
2020-02-09,Wind,2389.805
2020-02-09,Wood,772.1
2020-02-10,Coal,6356.692
2020-02-10,Gas,14054.351
2020-02-10,Geothermal,20818.212
2020-02-10,Hydro,64727.428
2020-02-10,Liquid fuel,42.307
2020-02-10,Wind,3278.956
2020-02-10,Wood,770.807
2020-02-11,Coal,6290.153
2020-02-11,Gas,13889.161
2020-02-11,Geothermal,20509.627
2020-02-11,Hydro,66667.099
2020-02-11,Liquid fuel,20.068
2020-02-11,Wind,4609.34
2020-02-11,Wood,788.385
2020-02-12,Coal,6454.906
2020-02-12,Gas,14956.138
2020-02-12,Geothermal,20411.086
2020-02-12,Hydro,69166.728
2020-02-12,Liquid fuel,99.112
2020-02-12,Wind,2459.55
2020-02-12,Wood,805.647
2020-02-13,Coal,5434.278
2020-02-13,Gas,14500.825
2020-02-13,Geothermal,20321.207
2020-02-13,Hydro,68593.202
2020-02-13,Liquid fuel,123.085
2020-02-13,Wind,6985.54
2020-02-13,Wood,737.39
2020-02-14,Coal,6037.961
2020-02-14,Gas,14531.263
2020-02-14,Geothermal,20286.683
2020-02-14,Hydro,68798.886
2020-02-14,Liquid fuel,113.016
2020-02-14,Wind,3956.827
2020-02-14,Wood,678.821
2020-02-15,Coal,5100.717
2020-02-15,Gas,13421.47
2020-02-15,Geothermal,20392.247
2020-02-15,Hydro,63296.735
2020-02-15,Liquid fuel,0.0
2020-02-15,Wind,3224.673
2020-02-15,Wood,635.428
2020-02-16,Coal,4209.971
2020-02-16,Gas,13292.085
2020-02-16,Geothermal,20537.539
2020-02-16,Hydro,60303.467
2020-02-16,Liquid fuel,0.0
2020-02-16,Wind,5150.506
2020-02-16,Wood,645.007
2020-02-17,Coal,3860.603
2020-02-17,Gas,18674.608
2020-02-17,Geothermal,20348.692
2020-02-17,Hydro,68034.056
2020-02-17,Liquid fuel,0.0
2020-02-17,Wind,5778.271
2020-02-17,Wood,792.251
2020-02-18,Coal,5056.424
2020-02-18,Gas,18907.245
2020-02-18,Geothermal,20436.16
2020-02-18,Hydro,69997.033
2020-02-18,Liquid fuel,0.0
2020-02-18,Wind,3840.774
2020-02-18,Wood,756.34
2020-02-19,Coal,4525.064
2020-02-19,Gas,19957.15
2020-02-19,Geothermal,20474.427
2020-02-19,Hydro,67750.552
2020-02-19,Liquid fuel,0.0
2020-02-19,Wind,5216.641
2020-02-19,Wood,452.921
2020-02-20,Coal,4647.726
2020-02-20,Gas,20191.964
2020-02-20,Geothermal,20315.485
2020-02-20,Hydro,70111.592
2020-02-20,Liquid fuel,0.0
2020-02-20,Wind,1822.968
2020-02-20,Wood,436.38
2020-02-21,Coal,4606.457
2020-02-21,Gas,19080.667
2020-02-21,Geothermal,20434.463
2020-02-21,Hydro,64322.354
2020-02-21,Liquid fuel,0.0
2020-02-21,Wind,7119.417
2020-02-21,Wood,677.587
2020-02-22,Coal,3747.813
2020-02-22,Gas,15801.182
2020-02-22,Geothermal,20680.091
2020-02-22,Hydro,58166.134
2020-02-22,Liquid fuel,0.0
2020-02-22,Wind,5606.907
2020-02-22,Wood,762.827
2020-02-23,Coal,3696.456
2020-02-23,Gas,14729.825
2020-02-23,Geothermal,20979.238
2020-02-23,Hydro,53323.24
2020-02-23,Liquid fuel,0.0
2020-02-23,Wind,5517.857
2020-02-23,Wood,727.516
2020-02-24,Coal,4267.831
2020-02-24,Gas,15335.144
2020-02-24,Geothermal,20890.923
2020-02-24,Hydro,66884.049
2020-02-24,Liquid fuel,0.0
2020-02-24,Wind,2395.229
2020-02-24,Wood,731.935
2020-02-25,Coal,4331.433
2020-02-25,Gas,15650.143
2020-02-25,Geothermal,19445.303
2020-02-25,Hydro,68712.561
2020-02-25,Liquid fuel,0.0
2020-02-25,Wind,4065.132
2020-02-25,Wood,736.551
2020-02-26,Coal,4645.792
2020-02-26,Gas,16799.581
2020-02-26,Geothermal,19966.246
2020-02-26,Hydro,70707.211
2020-02-26,Liquid fuel,0.0
2020-02-26,Wind,1893.879
2020-02-26,Wood,738.889
2020-02-27,Coal,5047.889
2020-02-27,Gas,19252.628
2020-02-27,Geothermal,20058.48
2020-02-27,Hydro,65779.545
2020-02-27,Liquid fuel,0.0
2020-02-27,Wind,5044.307
2020-02-27,Wood,732.204
2020-02-28,Coal,4885.652
2020-02-28,Gas,18425.365
2020-02-28,Geothermal,20330.93
2020-02-28,Hydro,64909.413
2020-02-28,Liquid fuel,0.0
2020-02-28,Wind,6117.781
2020-02-28,Wood,696.668
2020-02-29,Coal,3847.992
2020-02-29,Gas,15264.169
2020-02-29,Geothermal,20791.982
2020-02-29,Hydro,57170.102
2020-02-29,Liquid fuel,0.0
2020-02-29,Wind,6748.893
2020-02-29,Wood,761.162
2020-03-01,Coal,3754.753
2020-03-01,Gas,14899.14
2020-03-01,Geothermal,20626.93
2020-03-01,Hydro,59165.927
2020-03-01,Liquid fuel,0.0
2020-03-01,Wind,3275.691
2020-03-01,Wood,751.468
2020-03-02,Coal,7022.657
2020-03-02,Gas,15006.427
2020-03-02,Geothermal,20805.216
2020-03-02,Hydro,67170.614
2020-03-02,Liquid fuel,0.0
2020-03-02,Wind,3109.683
2020-03-02,Wood,739.37
2020-03-03,Coal,6815.091
2020-03-03,Gas,14098.031
2020-03-03,Geothermal,20490.92
2020-03-03,Hydro,67183.687
2020-03-03,Liquid fuel,0.0
2020-03-03,Wind,6552.189
2020-03-03,Wood,455.838
2020-03-04,Coal,4678.25
2020-03-04,Gas,13221.957
2020-03-04,Geothermal,20272.937
2020-03-04,Hydro,67369.761
2020-03-04,Liquid fuel,0.0
2020-03-04,Wind,9005.609
2020-03-04,Wood,0.0
2020-03-05,Coal,4787.375
2020-03-05,Gas,13490.608
2020-03-05,Geothermal,20816.535
2020-03-05,Hydro,66948.262
2020-03-05,Liquid fuel,0.0
2020-03-05,Wind,6608.93
2020-03-05,Wood,541.517
2020-03-06,Coal,7632.177
2020-03-06,Gas,12739.849
2020-03-06,Geothermal,21114.853
2020-03-06,Hydro,66252.912
2020-03-06,Liquid fuel,0.0
2020-03-06,Wind,4183.929
2020-03-06,Wood,774.462
2020-03-07,Coal,6761.043
2020-03-07,Gas,12832.218
2020-03-07,Geothermal,21106.239
2020-03-07,Hydro,57883.154
2020-03-07,Liquid fuel,0.0
2020-03-07,Wind,2692.212
2020-03-07,Wood,666.279
2020-03-08,Coal,4375.692
2020-03-08,Gas,13515.262
2020-03-08,Geothermal,20862.729
2020-03-08,Hydro,58530.934
2020-03-08,Liquid fuel,0.0
2020-03-08,Wind,2872.776
2020-03-08,Wood,496.192
2020-03-09,Coal,7262.327
2020-03-09,Gas,15253.607
2020-03-09,Geothermal,20938.721
2020-03-09,Hydro,62444.045
2020-03-09,Liquid fuel,0.0
2020-03-09,Wind,5076.094
2020-03-09,Wood,804.629
2020-03-10,Coal,7143.621
2020-03-10,Gas,14631.402
2020-03-10,Geothermal,21027.36
2020-03-10,Hydro,62411.493
2020-03-10,Liquid fuel,0.0
2020-03-10,Wind,7063.979
2020-03-10,Wood,811.583
2020-03-11,Coal,8334.435
2020-03-11,Gas,12050.17
2020-03-11,Geothermal,21255.241
2020-03-11,Hydro,65438.108
2020-03-11,Liquid fuel,0.0
2020-03-11,Wind,5058.447
2020-03-11,Wood,776.929
2020-03-12,Coal,10029.482
2020-03-12,Gas,11752.882
2020-03-12,Geothermal,21284.117
2020-03-12,Hydro,66710.055
2020-03-12,Liquid fuel,0.0
2020-03-12,Wind,2686.501
2020-03-12,Wood,671.859
2020-03-13,Coal,8257.556
2020-03-13,Gas,12253.234
2020-03-13,Geothermal,21334.229
2020-03-13,Hydro,65498.013
2020-03-13,Liquid fuel,0.0
2020-03-13,Wind,2988.1
2020-03-13,Wood,651.605
2020-03-14,Coal,4753.649
2020-03-14,Gas,13103.242
2020-03-14,Geothermal,21433.437
2020-03-14,Hydro,61045.729
2020-03-14,Liquid fuel,0.0
2020-03-14,Wind,1659.993
2020-03-14,Wood,775.697
2020-03-15,Coal,5304.414
2020-03-15,Gas,12162.848
2020-03-15,Geothermal,21377.885
2020-03-15,Hydro,58406.005
2020-03-15,Liquid fuel,0.0
2020-03-15,Wind,1807.392
2020-03-15,Wood,772.086
2020-03-16,Coal,8400.501
2020-03-16,Gas,11961.825
2020-03-16,Geothermal,21319.56
2020-03-16,Hydro,61329.655
2020-03-16,Liquid fuel,0.0
2020-03-16,Wind,6292.884
2020-03-16,Wood,785.525
2020-03-17,Coal,8737.965
2020-03-17,Gas,13774.683
2020-03-17,Geothermal,21138.714
2020-03-17,Hydro,60271.461
2020-03-17,Liquid fuel,0.0
2020-03-17,Wind,8939.985
2020-03-17,Wood,801.395
2020-03-18,Coal,10620.545
2020-03-18,Gas,12625.02
2020-03-18,Geothermal,21449.081
2020-03-18,Hydro,66127.85
2020-03-18,Liquid fuel,0.0
2020-03-18,Wind,2415.096
2020-03-18,Wood,695.633
2020-03-19,Coal,9730.703
2020-03-19,Gas,10049.032
2020-03-19,Geothermal,21632.843
2020-03-19,Hydro,60416.317
2020-03-19,Liquid fuel,0.0
2020-03-19,Wind,10372.793
2020-03-19,Wood,795.002
2020-03-20,Coal,9725.8
2020-03-20,Gas,11409.664
2020-03-20,Geothermal,21649.608
2020-03-20,Hydro,63025.821
2020-03-20,Liquid fuel,0.0
2020-03-20,Wind,6482.364
2020-03-20,Wood,790.618
2020-03-21,Coal,6678.732
2020-03-21,Gas,12871.393
2020-03-21,Geothermal,21863.584
2020-03-21,Hydro,59754.504
2020-03-21,Liquid fuel,0.0
2020-03-21,Wind,2575.019
2020-03-21,Wood,730.879
2020-03-22,Coal,4786.977
2020-03-22,Gas,10520.585
2020-03-22,Geothermal,21635.632
2020-03-22,Hydro,53997.225
2020-03-22,Liquid fuel,0.0
2020-03-22,Wind,9535.003
2020-03-22,Wood,738.981
2020-03-23,Coal,8963.376
2020-03-23,Gas,10225.937
2020-03-23,Geothermal,21365.704
2020-03-23,Hydro,61473.593
2020-03-23,Liquid fuel,0.0
2020-03-23,Wind,7833.486
2020-03-23,Wood,831.62
2020-03-24,Coal,8142.72
2020-03-24,Gas,10951.48
2020-03-24,Geothermal,21863.487
2020-03-24,Hydro,63566.011
2020-03-24,Liquid fuel,0.0
2020-03-24,Wind,4955.66
2020-03-24,Wood,761.38
2020-03-25,Coal,5064.489
2020-03-25,Gas,11757.866
2020-03-25,Geothermal,22080.984
2020-03-25,Hydro,60118.375
2020-03-25,Liquid fuel,0.0
2020-03-25,Wind,3395.56
2020-03-25,Wood,798.147
2020-03-26,Coal,3522.336
2020-03-26,Gas,11288.729
2020-03-26,Geothermal,21689.65
2020-03-26,Hydro,51389.436
2020-03-26,Liquid fuel,0.0
2020-03-26,Wind,7442.422
2020-03-26,Wood,766.179
2020-03-27,Coal,41.356
2020-03-27,Gas,14050.197
2020-03-27,Geothermal,21552.873
2020-03-27,Hydro,56809.216
2020-03-27,Liquid fuel,0.0
2020-03-27,Wind,3640.662
2020-03-27,Wood,765.037
2020-03-28,Gas,11484.158
2020-03-28,Geothermal,21466.252
2020-03-28,Hydro,53307.813
2020-03-28,Liquid fuel,0.0
2020-03-28,Wind,6115.194
2020-03-28,Wood,715.189
2020-03-29,Gas,10792.435
2020-03-29,Geothermal,21425.315
2020-03-29,Hydro,55555.707
2020-03-29,Liquid fuel,0.0
2020-03-29,Wind,3613.808
2020-03-29,Wood,705.605
2020-03-30,Gas,11265.448
2020-03-30,Geothermal,21289.223
2020-03-30,Hydro,57820.712
2020-03-30,Liquid fuel,0.0
2020-03-30,Wind,3899.21
2020-03-30,Wood,804.074
2020-03-31,Coal,2764.68
2020-03-31,Gas,11193.003
2020-03-31,Geothermal,21344.32
2020-03-31,Hydro,55971.962
2020-03-31,Liquid fuel,0.0
2020-03-31,Wind,1828.686
2020-03-31,Wood,700.068
2020-04-01,Coal,2266.44
2020-04-01,Gas,11108.654
2020-04-01,Geothermal,21368.575
2020-04-01,Hydro,56560.689
2020-04-01,Liquid fuel,0.0
2020-04-01,Wind,294.878
2020-04-01,Wood,549.594
2020-04-02,Coal,2193.976
2020-04-02,Gas,10891.779
2020-04-02,Geothermal,21395.419
2020-04-02,Hydro,56667.703
2020-04-02,Liquid fuel,0.0
2020-04-02,Wind,1454.607
2020-04-02,Wood,700.821
2020-04-03,Gas,12466.963
2020-04-03,Geothermal,21411.551
2020-04-03,Hydro,56644.871
2020-04-03,Liquid fuel,0.0
2020-04-03,Wind,2563.99
2020-04-03,Wood,724.819
2020-04-04,Gas,12722.055
2020-04-04,Geothermal,21639.64
2020-04-04,Hydro,50775.247
2020-04-04,Liquid fuel,0.0
2020-04-04,Wind,3591.095
2020-04-04,Wood,788.971
2020-04-05,Gas,13091.824
2020-04-05,Geothermal,22967.32
2020-04-05,Hydro,50243.702
2020-04-05,Liquid fuel,0.0
2020-04-05,Wind,3419.344
2020-04-05,Wood,844.14
2020-04-06,Gas,11230.005
2020-04-06,Geothermal,22044.122
2020-04-06,Hydro,57047.906
2020-04-06,Liquid fuel,0.0
2020-04-06,Wind,1868.712
2020-04-06,Wood,777.807
2020-04-07,Gas,10769.854
2020-04-07,Geothermal,21841.471
2020-04-07,Hydro,53682.643
2020-04-07,Liquid fuel,0.0
2020-04-07,Wind,6425.467
2020-04-07,Wood,591.711
2020-04-08,Gas,10554.409
2020-04-08,Geothermal,21778.696
2020-04-08,Hydro,58103.872
2020-04-08,Liquid fuel,0.0
2020-04-08,Wind,3585.238
2020-04-08,Wood,221.637
2020-04-09,Coal,2229.742
2020-04-09,Gas,9200.59
2020-04-09,Geothermal,21888.303
2020-04-09,Hydro,55065.292
2020-04-09,Liquid fuel,0.0
2020-04-09,Wind,5324.944
2020-04-09,Wood,471.682
2020-04-10,Gas,10054.826
2020-04-10,Geothermal,22064.145
2020-04-10,Hydro,56184.171
2020-04-10,Liquid fuel,0.0
2020-04-10,Wind,1155.444
2020-04-10,Wood,733.511
2020-04-11,Gas,10241.19
2020-04-11,Geothermal,22015.659
2020-04-11,Hydro,52103.349
2020-04-11,Liquid fuel,0.0
2020-04-11,Wind,4361.374
2020-04-11,Wood,637.86
2020-04-12,Gas,9051.143
2020-04-12,Geothermal,21841.891
2020-04-12,Hydro,46922.147
2020-04-12,Liquid fuel,0.0
2020-04-12,Wind,8931.891
2020-04-12,Wood,555.85
2020-04-13,Gas,8098.132
2020-04-13,Geothermal,21813.654
2020-04-13,Hydro,46542.556
2020-04-13,Liquid fuel,0.0
2020-04-13,Wind,10530.284
2020-04-13,Wood,700.121
2020-04-14,Gas,10000.305
2020-04-14,Geothermal,22268.623
2020-04-14,Hydro,57620.44
2020-04-14,Liquid fuel,0.0
2020-04-14,Wind,5871.583
2020-04-14,Wood,776.768
2020-04-15,Gas,11447.4
2020-04-15,Geothermal,22197.142
2020-04-15,Hydro,61776.332
2020-04-15,Liquid fuel,0.0
2020-04-15,Wind,3248.016
2020-04-15,Wood,762.34
2020-04-16,Gas,11155.776
2020-04-16,Geothermal,22123.23
2020-04-16,Hydro,56758.482
2020-04-16,Liquid fuel,0.0
2020-04-16,Wind,6941.044
2020-04-16,Wood,821.552
2020-04-17,Gas,10599.034
2020-04-17,Geothermal,21902.166
2020-04-17,Hydro,55536.864
2020-04-17,Liquid fuel,0.0
2020-04-17,Wind,8428.067
2020-04-17,Wood,666.32
2020-04-18,Gas,9203.952
2020-04-18,Geothermal,21794.262
2020-04-18,Hydro,49032.948
2020-04-18,Liquid fuel,0.0
2020-04-18,Wind,10156.016
2020-04-18,Wood,778.413
2020-04-19,Gas,8967.019
2020-04-19,Geothermal,21952.431
2020-04-19,Hydro,46222.144
2020-04-19,Liquid fuel,0.0
2020-04-19,Wind,11242.126
2020-04-19,Wood,780.264
2020-04-20,Coal,2502.69
2020-04-20,Gas,8854.782
2020-04-20,Geothermal,21566.62
2020-04-20,Hydro,52992.976
2020-04-20,Liquid fuel,0.0
2020-04-20,Wind,8039.876
2020-04-20,Wood,684.073
2020-04-21,Coal,2299.797
2020-04-21,Gas,10296.01
2020-04-21,Geothermal,21471.31
2020-04-21,Hydro,60387.795
2020-04-21,Liquid fuel,0.0
2020-04-21,Wind,1935.664
2020-04-21,Wood,805.756
2020-04-22,Coal,2305.747
2020-04-22,Gas,10687.218
2020-04-22,Geothermal,21980.871
2020-04-22,Hydro,56593.449
2020-04-22,Liquid fuel,0.0
2020-04-22,Wind,4715.886
2020-04-22,Wood,475.083
2020-04-23,Coal,2915.811
2020-04-23,Gas,10509.687
2020-04-23,Geothermal,21954.516
2020-04-23,Hydro,57696.175
2020-04-23,Liquid fuel,0.0
2020-04-23,Wind,4952.688
2020-04-23,Wood,0.0
2020-04-24,Coal,2801.294
2020-04-24,Gas,10463.874
2020-04-24,Geothermal,21934.684
2020-04-24,Hydro,55395.83
2020-04-24,Liquid fuel,0.0
2020-04-24,Wind,5397.521
2020-04-24,Wood,0.0
2020-04-25,Gas,9908.471
2020-04-25,Geothermal,22088.539
2020-04-25,Hydro,48833.835
2020-04-25,Liquid fuel,0.0
2020-04-25,Wind,10046.177
2020-04-25,Wood,440.195
2020-04-26,Gas,10767.777
2020-04-26,Geothermal,22019.597
2020-04-26,Hydro,53616.875
2020-04-26,Liquid fuel,0.0
2020-04-26,Wind,4140.827
2020-04-26,Wood,578.84
2020-04-27,Gas,9935.563
2020-04-27,Geothermal,22093.413
2020-04-27,Hydro,49919.86
2020-04-27,Liquid fuel,0.0
2020-04-27,Wind,10593.72
2020-04-27,Wood,530.29
2020-04-28,Coal,3037.299
2020-04-28,Gas,11487.752
2020-04-28,Geothermal,21812.324
2020-04-28,Hydro,58901.991
2020-04-28,Liquid fuel,0.0
2020-04-28,Wind,4718.986
2020-04-28,Wood,787.329
2020-04-29,Coal,4013.613
2020-04-29,Gas,12470.988
2020-04-29,Geothermal,21911.011
2020-04-29,Hydro,62539.94
2020-04-29,Liquid fuel,0.0
2020-04-29,Wind,3769.432
2020-04-29,Wood,743.124
2020-04-30,Coal,3668.026
2020-04-30,Gas,12315.338
2020-04-30,Geothermal,21968.426
2020-04-30,Hydro,58524.208
2020-04-30,Liquid fuel,0.0
2020-04-30,Wind,10006.595
2020-04-30,Wood,786.447
2020-05-01,Coal,3964.361
2020-05-01,Gas,11963.367
2020-05-01,Geothermal,22007.153
2020-05-01,Hydro,57586.706
2020-05-01,Liquid fuel,0.0
2020-05-01,Wind,10160.046
2020-05-01,Wood,811.095
2020-05-02,Coal,3116.017
2020-05-02,Gas,11484.243
2020-05-02,Geothermal,21870.451
2020-05-02,Hydro,53134.798
2020-05-02,Liquid fuel,0.0
2020-05-02,Wind,10354.002
2020-05-02,Wood,753.728
2020-05-03,Coal,2564.231
2020-05-03,Gas,11214.576
2020-05-03,Geothermal,21283.057
2020-05-03,Hydro,54533.305
2020-05-03,Liquid fuel,0.0
2020-05-03,Wind,8575.479
2020-05-03,Wood,715.342
2020-05-04,Coal,2167.537
2020-05-04,Gas,10696.242
2020-05-04,Geothermal,21497.351
2020-05-04,Hydro,64849.069
2020-05-04,Liquid fuel,0.0
2020-05-04,Wind,7514.928
2020-05-04,Wood,750.807
2020-05-05,Coal,2150.48
2020-05-05,Gas,12702.364
2020-05-05,Geothermal,22024.336
2020-05-05,Hydro,71574.736
2020-05-05,Liquid fuel,30.113
2020-05-05,Wind,6683.19
2020-05-05,Wood,836.18
2020-05-06,Coal,3978.59
2020-05-06,Gas,14129.008
2020-05-06,Geothermal,21877.0
2020-05-06,Hydro,71343.607
2020-05-06,Liquid fuel,0.0
2020-05-06,Wind,4066.11
2020-05-06,Wood,731.764
2020-05-07,Coal,3654.372
2020-05-07,Gas,11487.005
2020-05-07,Geothermal,22060.889
2020-05-07,Hydro,67164.317
2020-05-07,Liquid fuel,0.0
2020-05-07,Wind,10385.57
2020-05-07,Wood,876.154
2020-05-08,Coal,3259.067
2020-05-08,Gas,11749.725
2020-05-08,Geothermal,21874.28
2020-05-08,Hydro,66404.814
2020-05-08,Liquid fuel,0.0
2020-05-08,Wind,6904.121
2020-05-08,Wood,876.48
2020-05-09,Coal,3067.089
2020-05-09,Gas,11751.527
2020-05-09,Geothermal,22289.332
2020-05-09,Hydro,64632.284
2020-05-09,Liquid fuel,0.0
2020-05-09,Wind,1226.901
2020-05-09,Wood,806.819
2020-05-10,Coal,2705.898
2020-05-10,Gas,12275.702
2020-05-10,Geothermal,21976.101
2020-05-10,Hydro,60746.6
2020-05-10,Liquid fuel,0.0
2020-05-10,Wind,2599.305
2020-05-10,Wood,784.423
2020-05-11,Coal,3958.674
2020-05-11,Gas,13683.926
2020-05-11,Geothermal,22093.571
2020-05-11,Hydro,68338.334
2020-05-11,Liquid fuel,0.0
2020-05-11,Wind,2103.88
2020-05-11,Wood,808.365
2020-05-12,Coal,4377.016
2020-05-12,Gas,14062.964
2020-05-12,Geothermal,21994.333
2020-05-12,Hydro,69951.584
2020-05-12,Liquid fuel,0.0
2020-05-12,Wind,2257.547
2020-05-12,Wood,753.851
2020-05-13,Coal,4404.805
2020-05-13,Gas,14898.151
2020-05-13,Geothermal,21915.473
2020-05-13,Hydro,70053.656
2020-05-13,Liquid fuel,0.0
2020-05-13,Wind,2570.536
2020-05-13,Wood,749.41
2020-05-14,Coal,4423.094
2020-05-14,Gas,15216.817
2020-05-14,Geothermal,22004.195
2020-05-14,Hydro,70575.721
2020-05-14,Liquid fuel,0.0
2020-05-14,Wind,3231.218
2020-05-14,Wood,834.122
2020-05-15,Coal,4518.138
2020-05-15,Gas,14899.006
2020-05-15,Geothermal,22028.512
2020-05-15,Hydro,70333.103
2020-05-15,Liquid fuel,0.0
2020-05-15,Wind,2477.001
2020-05-15,Wood,824.811
2020-05-16,Coal,4403.571
2020-05-16,Gas,13046.598
2020-05-16,Geothermal,21976.732
2020-05-16,Hydro,61433.958
2020-05-16,Liquid fuel,0.0
2020-05-16,Wind,4373.118
2020-05-16,Wood,816.381
2020-05-17,Coal,4460.07
2020-05-17,Gas,13881.966
2020-05-17,Geothermal,21793.223
2020-05-17,Hydro,62381.416
2020-05-17,Liquid fuel,0.0
2020-05-17,Wind,2645.638
2020-05-17,Wood,820.272
2020-05-18,Coal,8241.535
2020-05-18,Gas,15975.305
2020-05-18,Geothermal,21545.77
2020-05-18,Hydro,69839.502
2020-05-18,Liquid fuel,0.0
2020-05-18,Wind,1661.574
2020-05-18,Wood,677.201
2020-05-19,Coal,8797.095
2020-05-19,Gas,16721.654
2020-05-19,Geothermal,21544.04
2020-05-19,Hydro,70211.413
2020-05-19,Liquid fuel,0.0
2020-05-19,Wind,2909.081
2020-05-19,Wood,711.521
2020-05-20,Coal,8833.604
2020-05-20,Gas,18083.488
2020-05-20,Geothermal,21930.774
2020-05-20,Hydro,72179.581
2020-05-20,Liquid fuel,0.0
2020-05-20,Wind,2211.27
2020-05-20,Wood,735.616
2020-05-21,Coal,8084.547
2020-05-21,Gas,16611.227
2020-05-21,Geothermal,22116.803
2020-05-21,Hydro,69362.709
2020-05-21,Liquid fuel,1.948
2020-05-21,Wind,6947.341
2020-05-21,Wood,735.095
2020-05-22,Coal,7095.023
2020-05-22,Gas,14637.936
2020-05-22,Geothermal,22174.038
2020-05-22,Hydro,65492.795
2020-05-22,Liquid fuel,0.0
2020-05-22,Wind,10102.657
2020-05-22,Wood,735.288
2020-05-23,Coal,4833.129
2020-05-23,Gas,15834.577
2020-05-23,Geothermal,22203.072
2020-05-23,Hydro,67059.438
2020-05-23,Liquid fuel,0.0
2020-05-23,Wind,4152.402
2020-05-23,Wood,733.981
2020-05-24,Coal,5603.457
2020-05-24,Gas,15402.703
2020-05-24,Geothermal,22029.012
2020-05-24,Hydro,65001.78
2020-05-24,Liquid fuel,4.787
2020-05-24,Wind,3062.078
2020-05-24,Wood,732.438
2020-05-25,Coal,5807.736
2020-05-25,Gas,13880.068
2020-05-25,Geothermal,21370.157
2020-05-25,Hydro,72923.178
2020-05-25,Liquid fuel,0.0
2020-05-25,Wind,4469.48
2020-05-25,Wood,731.402
2020-05-26,Coal,7466.945
2020-05-26,Gas,14209.407
2020-05-26,Geothermal,21775.997
2020-05-26,Hydro,69111.56
2020-05-26,Liquid fuel,0.0
2020-05-26,Wind,5603.766
2020-05-26,Wood,0.783
2020-05-27,Coal,8380.528
2020-05-27,Gas,16157.12
2020-05-27,Geothermal,21896.318
2020-05-27,Hydro,70614.676
2020-05-27,Liquid fuel,0.0
2020-05-27,Wind,5540.733
2020-05-27,Wood,0.0
2020-05-28,Coal,8626.316
2020-05-28,Gas,17167.627
2020-05-28,Geothermal,22167.104
2020-05-28,Hydro,71789.125
2020-05-28,Liquid fuel,0.0
2020-05-28,Wind,2287.278
2020-05-28,Wood,831.976
2020-05-29,Coal,8890.2
2020-05-29,Gas,18315.186
2020-05-29,Geothermal,21910.614
2020-05-29,Hydro,69802.712
2020-05-29,Liquid fuel,0.0
2020-05-29,Wind,2126.03
2020-05-29,Wood,897.979
2020-05-30,Coal,4616.334
2020-05-30,Gas,16810.008
2020-05-30,Geothermal,21983.418
2020-05-30,Hydro,61088.312
2020-05-30,Liquid fuel,0.0
2020-05-30,Wind,3992.438
2020-05-30,Wood,887.275
2020-05-31,Coal,4515.615
2020-05-31,Gas,16385.929
2020-05-31,Geothermal,21883.931
2020-05-31,Hydro,60171.261
2020-05-31,Liquid fuel,0.0
2020-05-31,Wind,5764.858
2020-05-31,Wood,867.386
2020-06-01,Coal,4386.13
2020-06-01,Gas,16612.043
2020-06-01,Geothermal,21537.371
2020-06-01,Hydro,60034.177
2020-06-01,Liquid fuel,0.0
2020-06-01,Wind,6573.775
2020-06-01,Wood,816.507
2020-06-02,Coal,6834.597
2020-06-02,Gas,18794.424
2020-06-02,Geothermal,20824.514
2020-06-02,Hydro,63383.908
2020-06-02,Liquid fuel,0.0
2020-06-02,Wind,5793.634
2020-06-02,Wood,839.345
2020-06-03,Coal,7941.328
2020-06-03,Gas,22625.322
2020-06-03,Geothermal,21040.65
2020-06-03,Hydro,61353.464
2020-06-03,Liquid fuel,0.0
2020-06-03,Wind,6596.051
2020-06-03,Wood,858.542
2020-06-04,Coal,7081.583
2020-06-04,Gas,21968.539
2020-06-04,Geothermal,20157.302
2020-06-04,Hydro,62940.554
2020-06-04,Liquid fuel,0.0
2020-06-04,Wind,6205.031
2020-06-04,Wood,810.389
2020-06-05,Coal,6528.721
2020-06-05,Gas,22883.114
2020-06-05,Geothermal,20435.709
2020-06-05,Hydro,65984.712
2020-06-05,Liquid fuel,0.0
2020-06-05,Wind,4672.177
2020-06-05,Wood,737.697
2020-06-06,Coal,4857.919
2020-06-06,Gas,22098.216
2020-06-06,Geothermal,20530.729
2020-06-06,Hydro,59316.682
2020-06-06,Liquid fuel,0.0
2020-06-06,Wind,6952.068
2020-06-06,Wood,868.872
2020-06-07,Coal,6507.147
2020-06-07,Gas,21227.531
2020-06-07,Geothermal,20613.474
2020-06-07,Hydro,58308.868
2020-06-07,Liquid fuel,0.0
2020-06-07,Wind,5766.062
2020-06-07,Wood,854.426
2020-06-08,Coal,8976.115
2020-06-08,Gas,24059.433
2020-06-08,Geothermal,20543.812
2020-06-08,Hydro,64079.504
2020-06-08,Liquid fuel,0.0
2020-06-08,Wind,6849.736
2020-06-08,Wood,809.369
2020-06-09,Coal,10016.727
2020-06-09,Gas,25215.056
2020-06-09,Geothermal,20627.685
2020-06-09,Hydro,64307.446
2020-06-09,Liquid fuel,11.218
2020-06-09,Wind,4103.864
2020-06-09,Wood,653.175
2020-06-10,Coal,9771.098
2020-06-10,Gas,24735.926
2020-06-10,Geothermal,20593.358
2020-06-10,Hydro,64256.978
2020-06-10,Liquid fuel,21.791
2020-06-10,Wind,4571.655
2020-06-10,Wood,186.132
2020-06-11,Coal,9160.161
2020-06-11,Gas,23855.038
2020-06-11,Geothermal,20657.435
2020-06-11,Hydro,59812.492
2020-06-11,Liquid fuel,1.669
2020-06-11,Wind,8031.689
2020-06-11,Wood,808.616
2020-06-12,Coal,9306.669
2020-06-12,Gas,24540.575
2020-06-12,Geothermal,20701.097
2020-06-12,Hydro,59019.752
2020-06-12,Liquid fuel,0.0
2020-06-12,Wind,6600.582
2020-06-12,Wood,828.759
2020-06-13,Coal,9626.897
2020-06-13,Gas,24319.655
2020-06-13,Geothermal,20912.759
2020-06-13,Hydro,56602.502
2020-06-13,Liquid fuel,0.0
2020-06-13,Wind,1767.111
2020-06-13,Wood,699.891
2020-06-14,Coal,9643.792
2020-06-14,Gas,24483.218
2020-06-14,Geothermal,21119.008
2020-06-14,Hydro,57131.636
2020-06-14,Liquid fuel,0.0
2020-06-14,Wind,1585.238
2020-06-14,Wood,887.611
2020-06-15,Coal,9877.617
2020-06-15,Gas,25052.76
2020-06-15,Geothermal,21128.974
2020-06-15,Hydro,62542.346
2020-06-15,Liquid fuel,354.752
2020-06-15,Wind,4692.592
2020-06-15,Wood,892.465
2020-06-16,Coal,9499.029
2020-06-16,Gas,23062.549
2020-06-16,Geothermal,21022.587
2020-06-16,Hydro,58717.634
2020-06-16,Liquid fuel,57.181
2020-06-16,Wind,7084.715
2020-06-16,Wood,840.758
2020-06-17,Coal,9476.413
2020-06-17,Gas,23459.632
2020-06-17,Geothermal,20734.292
2020-06-17,Hydro,56971.184
2020-06-17,Liquid fuel,201.697
2020-06-17,Wind,6967.099
2020-06-17,Wood,663.03
2020-06-18,Coal,10803.791
2020-06-18,Gas,25205.561
2020-06-18,Geothermal,20368.482
2020-06-18,Hydro,61109.349
2020-06-18,Liquid fuel,333.112
2020-06-18,Wind,6648.988
2020-06-18,Wood,831.804
2020-06-19,Coal,8874.869
2020-06-19,Gas,25046.304
2020-06-19,Geothermal,20524.102
2020-06-19,Hydro,61865.982
2020-06-19,Liquid fuel,31.206
2020-06-19,Wind,6634.552
2020-06-19,Wood,707.306
2020-06-20,Coal,7803.993
2020-06-20,Gas,22775.468
2020-06-20,Geothermal,20588.177
2020-06-20,Hydro,55399.585
2020-06-20,Liquid fuel,0.0
2020-06-20,Wind,6153.025
2020-06-20,Wood,599.582
2020-06-21,Coal,9567.166
2020-06-21,Gas,22426.549
2020-06-21,Geothermal,20536.777
2020-06-21,Hydro,49108.222
2020-06-21,Liquid fuel,14.631
2020-06-21,Wind,9911.273
2020-06-21,Wood,550.804
2020-06-22,Coal,10822.304
2020-06-22,Gas,23652.781
2020-06-22,Geothermal,20461.336
2020-06-22,Hydro,62775.644
2020-06-22,Liquid fuel,0.0
2020-06-22,Wind,3086.694
2020-06-22,Wood,519.068
2020-06-23,Coal,11141.786
2020-06-23,Gas,25603.317
2020-06-23,Geothermal,20171.835
2020-06-23,Hydro,63142.027
2020-06-23,Liquid fuel,0.0
2020-06-23,Wind,2553.388
2020-06-23,Wood,541.574
2020-06-24,Coal,11461.221
2020-06-24,Gas,25271.622
2020-06-24,Geothermal,20652.128
2020-06-24,Hydro,62303.411
2020-06-24,Liquid fuel,0.0
2020-06-24,Wind,5377.0
2020-06-24,Wood,492.145
2020-06-25,Coal,11026.992
2020-06-25,Gas,24751.248
2020-06-25,Geothermal,20650.178
2020-06-25,Hydro,59096.457
2020-06-25,Liquid fuel,54.608
2020-06-25,Wind,9052.115
2020-06-25,Wood,807.701
2020-06-26,Coal,10588.103
2020-06-26,Gas,24420.423
2020-06-26,Geothermal,20441.172
2020-06-26,Hydro,58243.029
2020-06-26,Liquid fuel,0.0
2020-06-26,Wind,8359.99
2020-06-26,Wood,811.054
2020-06-27,Coal,9373.834
2020-06-27,Gas,22292.451
2020-06-27,Geothermal,20556.853
2020-06-27,Hydro,52490.696
2020-06-27,Liquid fuel,0.0
2020-06-27,Wind,5061.83
2020-06-27,Wood,848.621
2020-06-28,Coal,6424.774
2020-06-28,Gas,20242.506
2020-06-28,Geothermal,20636.872
2020-06-28,Hydro,55211.581
2020-06-28,Liquid fuel,0.0
2020-06-28,Wind,5882.397
2020-06-28,Wood,846.267
2020-06-29,Coal,9888.071
2020-06-29,Gas,21612.206
2020-06-29,Geothermal,20699.628
2020-06-29,Hydro,67956.801
2020-06-29,Liquid fuel,0.0
2020-06-29,Wind,5259.156
2020-06-29,Wood,784.076
2020-06-30,Coal,10527.894
2020-06-30,Gas,23149.35
2020-06-30,Geothermal,20628.897
2020-06-30,Hydro,66921.988
2020-06-30,Liquid fuel,43.933
2020-06-30,Wind,6747.361
2020-06-30,Wood,627.817
2020-07-01,Coal,10949.649
2020-07-01,Gas,24089.871
2020-07-01,Geothermal,20791.625
2020-07-01,Hydro,72131.436
2020-07-01,Liquid fuel,48.844
2020-07-01,Wind,5276.549
2020-07-01,Wood,709.646
2020-07-02,Coal,11103.569
2020-07-02,Gas,24949.068
2020-07-02,Geothermal,20776.673
2020-07-02,Hydro,71581.481
2020-07-02,Liquid fuel,380.379
2020-07-02,Wind,5696.711
2020-07-02,Wood,827.62
2020-07-03,Coal,11163.281
2020-07-03,Gas,20387.799
2020-07-03,Geothermal,20899.949
2020-07-03,Hydro,75936.088
2020-07-03,Liquid fuel,924.999
2020-07-03,Wind,2931.618
2020-07-03,Wood,851.147
2020-07-04,Coal,14346.951
2020-07-04,Gas,18392.961
2020-07-04,Geothermal,21063.621
2020-07-04,Hydro,60221.646
2020-07-04,Liquid fuel,6.662
2020-07-04,Wind,5757.931
2020-07-04,Wood,839.983
2020-07-05,Coal,11269.127
2020-07-05,Gas,19434.368
2020-07-05,Geothermal,20843.772
2020-07-05,Hydro,55311.984
2020-07-05,Liquid fuel,0.0
2020-07-05,Wind,6122.395
2020-07-05,Wood,771.04
2020-07-06,Coal,4127.718
2020-07-06,Gas,23552.036
2020-07-06,Geothermal,20689.346
2020-07-06,Hydro,69345.894
2020-07-06,Liquid fuel,0.0
2020-07-06,Wind,6469.036
2020-07-06,Wood,772.348
2020-07-07,Coal,4478.21
2020-07-07,Gas,21814.121
2020-07-07,Geothermal,20753.001
2020-07-07,Hydro,72166.009
2020-07-07,Liquid fuel,0.0
2020-07-07,Wind,7778.732
2020-07-07,Wood,683.892
2020-07-08,Coal,6731.452
2020-07-08,Gas,21477.191
2020-07-08,Geothermal,20849.828
2020-07-08,Hydro,78255.898
2020-07-08,Liquid fuel,0.972
2020-07-08,Wind,5848.923
2020-07-08,Wood,786.912
2020-07-09,Coal,8529.601
2020-07-09,Gas,23959.519
2020-07-09,Geothermal,21053.702
2020-07-09,Hydro,75880.924
2020-07-09,Liquid fuel,0.0
2020-07-09,Wind,3252.25
2020-07-09,Wood,754.813
2020-07-10,Coal,7401.046
2020-07-10,Gas,25691.95
2020-07-10,Geothermal,21091.728
2020-07-10,Hydro,73258.435
2020-07-10,Liquid fuel,0.0
2020-07-10,Wind,1999.817
2020-07-10,Wood,834.079
2020-07-11,Coal,4785.433
2020-07-11,Gas,25156.409
2020-07-11,Geothermal,21140.416
2020-07-11,Hydro,59297.059
2020-07-11,Liquid fuel,0.0
2020-07-11,Wind,8281.179
2020-07-11,Wood,836.653
2020-07-12,Coal,4667.638
2020-07-12,Gas,23821.854
2020-07-12,Geothermal,21049.97
2020-07-12,Hydro,52337.808
2020-07-12,Liquid fuel,0.0
2020-07-12,Wind,10899.573
2020-07-12,Wood,814.497
2020-07-13,Coal,7000.174
2020-07-13,Gas,23311.555
2020-07-13,Geothermal,19926.965
2020-07-13,Hydro,66915.486
2020-07-13,Liquid fuel,19.056
2020-07-13,Wind,5474.384
2020-07-13,Wood,665.771
2020-07-14,Coal,6455.321
2020-07-14,Gas,26110.022
2020-07-14,Geothermal,18461.191
2020-07-14,Hydro,73339.84
2020-07-14,Liquid fuel,10.005
2020-07-14,Wind,1373.889
2020-07-14,Wood,316.223
2020-07-15,Coal,5467.723
2020-07-15,Gas,26260.244
2020-07-15,Geothermal,17851.129
2020-07-15,Hydro,73317.372
2020-07-15,Liquid fuel,0.0
2020-07-15,Wind,7089.558
2020-07-15,Wood,198.024
2020-07-16,Coal,5341.039
2020-07-16,Gas,27472.014
2020-07-16,Geothermal,18611.124
2020-07-16,Hydro,71673.422
2020-07-16,Liquid fuel,0.0
2020-07-16,Wind,8488.898
2020-07-16,Wood,241.034
2020-07-17,Coal,4848.323
2020-07-17,Gas,26913.89
2020-07-17,Geothermal,19568.479
2020-07-17,Hydro,67571.813
2020-07-17,Liquid fuel,0.0
2020-07-17,Wind,8482.875
2020-07-17,Wood,264.439
2020-07-18,Coal,4806.533
2020-07-18,Gas,23964.211
2020-07-18,Geothermal,21150.097
2020-07-18,Hydro,57495.299
2020-07-18,Liquid fuel,0.0
2020-07-18,Wind,7147.265
2020-07-18,Wood,283.326
2020-07-19,Coal,4465.015
2020-07-19,Gas,22417.159
2020-07-19,Geothermal,21405.884
2020-07-19,Hydro,55792.799
2020-07-19,Liquid fuel,0.0
2020-07-19,Wind,5737.178
2020-07-19,Wood,285.599
2020-07-20,Coal,5099.076
2020-07-20,Gas,24167.613
2020-07-20,Geothermal,21442.968
2020-07-20,Hydro,67036.125
2020-07-20,Liquid fuel,0.0
2020-07-20,Wind,3811.732
2020-07-20,Wood,261.35
2020-07-21,Coal,4139.218
2020-07-21,Gas,21430.323
2020-07-21,Geothermal,21521.063
2020-07-21,Hydro,67868.59
2020-07-21,Liquid fuel,0.0
2020-07-21,Wind,5759.412
2020-07-21,Wood,20.01
2020-07-22,Coal,4193.929
2020-07-22,Gas,21902.883
2020-07-22,Geothermal,22231.551
2020-07-22,Hydro,74139.455
2020-07-22,Liquid fuel,0.0
2020-07-22,Wind,5653.365
2020-07-22,Wood,100.476
2020-07-23,Coal,3442.967
2020-07-23,Gas,22347.721
2020-07-23,Geothermal,21103.258
2020-07-23,Hydro,69984.51
2020-07-23,Liquid fuel,0.0
2020-07-23,Wind,9333.552
2020-07-23,Wood,313.035
2020-07-24,Coal,3656.883
2020-07-24,Gas,22723.74
2020-07-24,Geothermal,22019.595
2020-07-24,Hydro,71956.664
2020-07-24,Liquid fuel,0.0
2020-07-24,Wind,5252.093
2020-07-24,Wood,335.49
2020-07-25,Coal,3558.436
2020-07-25,Gas,24026.281
2020-07-25,Geothermal,22147.038
2020-07-25,Hydro,62062.682
2020-07-25,Liquid fuel,0.0
2020-07-25,Wind,5926.78
2020-07-25,Wood,313.026
2020-07-26,Coal,3479.223
2020-07-26,Gas,23696.937
2020-07-26,Geothermal,21595.426
2020-07-26,Hydro,63890.148
2020-07-26,Liquid fuel,0.0
2020-07-26,Wind,2820.412
2020-07-26,Wood,524.462
2020-07-27,Coal,5415.903
2020-07-27,Gas,25044.593
2020-07-27,Geothermal,20993.711
2020-07-27,Hydro,76244.904
2020-07-27,Liquid fuel,7.031
2020-07-27,Wind,956.26
2020-07-27,Wood,624.431
2020-07-28,Coal,5616.479
2020-07-28,Gas,24974.883
2020-07-28,Geothermal,20749.362
2020-07-28,Hydro,76015.613
2020-07-28,Liquid fuel,0.0
2020-07-28,Wind,3118.814
2020-07-28,Wood,601.4
2020-07-29,Coal,5209.249
2020-07-29,Gas,24819.518
2020-07-29,Geothermal,20535.26
2020-07-29,Hydro,76821.269
2020-07-29,Liquid fuel,0.0
2020-07-29,Wind,999.417
2020-07-29,Wood,357.647
2020-07-30,Coal,4793.055
2020-07-30,Gas,23890.888
2020-07-30,Geothermal,20933.835
2020-07-30,Hydro,73730.916
2020-07-30,Liquid fuel,0.0
2020-07-30,Wind,3244.598
2020-07-30,Wood,606.985
2020-07-31,Coal,3636.377
2020-07-31,Gas,23229.915
2020-07-31,Geothermal,20967.018
2020-07-31,Hydro,72061.105
2020-07-31,Liquid fuel,0.0
2020-07-31,Wind,3952.084
2020-07-31,Wood,680.28
2020-08-01,Coal,3368.021
2020-08-01,Gas,23967.816
2020-08-01,Geothermal,21055.001
2020-08-01,Hydro,63605.827
2020-08-01,Liquid fuel,0.0
2020-08-01,Wind,3216.774
2020-08-01,Wood,788.263
2020-08-02,Coal,3426.825
2020-08-02,Gas,21954.456
2020-08-02,Geothermal,20999.371
2020-08-02,Hydro,62785.768
2020-08-02,Liquid fuel,0.0
2020-08-02,Wind,3136.318
2020-08-02,Wood,824.33
2020-08-03,Coal,5009.711
2020-08-03,Gas,20754.576
2020-08-03,Geothermal,20948.492
2020-08-03,Hydro,72002.699
2020-08-03,Liquid fuel,0.0
2020-08-03,Wind,3035.907
2020-08-03,Wood,778.178
2020-08-04,Coal,4629.791
2020-08-04,Gas,20211.442
2020-08-04,Geothermal,20947.0
2020-08-04,Hydro,69662.912
2020-08-04,Liquid fuel,0.0
2020-08-04,Wind,6165.34
2020-08-04,Wood,661.486
2020-08-05,Coal,4586.939
2020-08-05,Gas,21768.338
2020-08-05,Geothermal,20860.046
2020-08-05,Hydro,71849.529
2020-08-05,Liquid fuel,0.0
2020-08-05,Wind,4046.736
2020-08-05,Wood,856.183
2020-08-06,Coal,6380.476
2020-08-06,Gas,21127.149
2020-08-06,Geothermal,20775.222
2020-08-06,Hydro,71974.694
2020-08-06,Liquid fuel,0.0
2020-08-06,Wind,2379.099
2020-08-06,Wood,843.21
2020-08-07,Coal,4411.479
2020-08-07,Gas,20974.697
2020-08-07,Geothermal,20657.73
2020-08-07,Hydro,68701.705
2020-08-07,Liquid fuel,0.0
2020-08-07,Wind,4569.485
2020-08-07,Wood,800.289
2020-08-08,Coal,1610.812
2020-08-08,Gas,23063.411
2020-08-08,Geothermal,20830.418
2020-08-08,Hydro,63960.869
2020-08-08,Liquid fuel,0.0
2020-08-08,Wind,5127.376
2020-08-08,Wood,818.458
2020-08-09,Coal,2342.181
2020-08-09,Gas,23746.259
2020-08-09,Geothermal,20920.343
2020-08-09,Hydro,60840.716
2020-08-09,Liquid fuel,0.0
2020-08-09,Wind,6786.547
2020-08-09,Wood,800.779
2020-08-10,Coal,4607.153
2020-08-10,Gas,23123.567
2020-08-10,Geothermal,20580.423
2020-08-10,Hydro,67250.349
2020-08-10,Liquid fuel,0.0
2020-08-10,Wind,8466.127
2020-08-10,Wood,833.149
2020-08-11,Coal,4886.208
2020-08-11,Gas,23890.966
2020-08-11,Geothermal,20561.383
2020-08-11,Hydro,73704.252
2020-08-11,Liquid fuel,0.0
2020-08-11,Wind,5441.53
2020-08-11,Wood,816.439
2020-08-12,Coal,4114.707
2020-08-12,Gas,23861.296
2020-08-12,Geothermal,20600.783
2020-08-12,Hydro,69534.705
2020-08-12,Liquid fuel,0.0
2020-08-12,Wind,5059.669
2020-08-12,Wood,764.208
2020-08-13,Coal,4467.296
2020-08-13,Gas,24620.082
2020-08-13,Geothermal,20961.215
2020-08-13,Hydro,73169.591
2020-08-13,Liquid fuel,0.0
2020-08-13,Wind,1369.964
2020-08-13,Wood,769.839
2020-08-14,Coal,4683.988
2020-08-14,Gas,23855.775
2020-08-14,Geothermal,20789.349
2020-08-14,Hydro,72218.044
2020-08-14,Liquid fuel,0.0
2020-08-14,Wind,4968.896
2020-08-14,Wood,828.529
2020-08-15,Coal,4022.074
2020-08-15,Gas,25056.505
2020-08-15,Geothermal,21063.799
2020-08-15,Hydro,67760.751
2020-08-15,Liquid fuel,0.0
2020-08-15,Wind,688.597
2020-08-15,Wood,853.197
2020-08-16,Coal,4715.158
2020-08-16,Gas,23794.502
2020-08-16,Geothermal,21045.536
2020-08-16,Hydro,65922.251
2020-08-16,Liquid fuel,0.0
2020-08-16,Wind,1809.459
2020-08-16,Wood,833.424
2020-08-17,Coal,9639.984
2020-08-17,Gas,21792.732
2020-08-17,Geothermal,20880.242
2020-08-17,Hydro,75434.682
2020-08-17,Liquid fuel,0.0
2020-08-17,Wind,739.778
2020-08-17,Wood,861.495
2020-08-18,Coal,11223.201
2020-08-18,Gas,19116.459
2020-08-18,Geothermal,20800.518
2020-08-18,Hydro,75582.135
2020-08-18,Liquid fuel,0.0
2020-08-18,Wind,2638.131
2020-08-18,Wood,878.694
2020-08-19,Coal,10679.188
2020-08-19,Gas,19812.953
2020-08-19,Geothermal,20531.6
2020-08-19,Hydro,70916.128
2020-08-19,Liquid fuel,0.0
2020-08-19,Wind,4721.455
2020-08-19,Wood,515.32
2020-08-20,Coal,8244.335
2020-08-20,Gas,17808.285
2020-08-20,Geothermal,20558.58
2020-08-20,Hydro,66463.023
2020-08-20,Liquid fuel,0.0
2020-08-20,Wind,7989.628
2020-08-20,Wood,855.009
2020-08-21,Coal,7906.165
2020-08-21,Gas,16800.417
2020-08-21,Geothermal,20733.973
2020-08-21,Hydro,62601.427
2020-08-21,Liquid fuel,0.0
2020-08-21,Wind,10608.139
2020-08-21,Wood,888.51
2020-08-22,Coal,3920.989
2020-08-22,Gas,17420.89
2020-08-22,Geothermal,20968.484
2020-08-22,Hydro,59818.111
2020-08-22,Liquid fuel,0.0
2020-08-22,Wind,4647.462
2020-08-22,Wood,857.74
2020-08-23,Coal,4468.06
2020-08-23,Gas,17681.875
2020-08-23,Geothermal,20984.175
2020-08-23,Hydro,62506.756
2020-08-23,Liquid fuel,0.0
2020-08-23,Wind,1307.833
2020-08-23,Wood,895.994
2020-08-24,Coal,6747.284
2020-08-24,Gas,15884.194
2020-08-24,Geothermal,20828.912
2020-08-24,Hydro,66548.632
2020-08-24,Liquid fuel,0.0
2020-08-24,Wind,8973.343
2020-08-24,Wood,836.539
2020-08-25,Coal,4744.052
2020-08-25,Gas,19886.223
2020-08-25,Geothermal,20866.448
2020-08-25,Hydro,73818.102
2020-08-25,Liquid fuel,0.0
2020-08-25,Wind,4756.34
2020-08-25,Wood,470.916
2020-08-26,Coal,6905.767
2020-08-26,Gas,21362.437
2020-08-26,Geothermal,20952.33
2020-08-26,Hydro,70483.378
2020-08-26,Liquid fuel,0.0
2020-08-26,Wind,5540.421
2020-08-26,Wood,570.131
2020-08-27,Coal,8767.069
2020-08-27,Gas,21006.603
2020-08-27,Geothermal,20808.45
2020-08-27,Hydro,71078.328
2020-08-27,Liquid fuel,0.0
2020-08-27,Wind,5887.573
2020-08-27,Wood,829.17
2020-08-28,Coal,8542.646
2020-08-28,Gas,21404.968
2020-08-28,Geothermal,20911.618
2020-08-28,Hydro,65316.08
2020-08-28,Liquid fuel,0.0
2020-08-28,Wind,7617.246
2020-08-28,Wood,883.99
2020-08-29,Coal,3927.238
2020-08-29,Gas,20697.561
2020-08-29,Geothermal,20334.126
2020-08-29,Hydro,53698.156
2020-08-29,Liquid fuel,0.0
2020-08-29,Wind,11376.916
2020-08-29,Wood,857.671
2020-08-30,Coal,2783.712
2020-08-30,Gas,20382.852
2020-08-30,Geothermal,20983.373
2020-08-30,Hydro,49841.339
2020-08-30,Liquid fuel,0.0
2020-08-30,Wind,11523.37
2020-08-30,Wood,801.818
2020-08-31,Coal,4992.451
2020-08-31,Gas,21382.781
2020-08-31,Geothermal,20987.349
2020-08-31,Hydro,59044.872
2020-08-31,Liquid fuel,0.0
2020-08-31,Wind,10831.213
2020-08-31,Wood,874.576
2020-09-01,Gas,15568.284
2020-09-01,Geothermal,19808.211
2020-09-01,Hydro,66597.515
2020-09-01,Liquid fuel,137.596
2020-09-01,Wind,8532.147
2020-09-01,Wood,860.897
2020-09-02,Gas,16191.696
2020-09-02,Geothermal,19561.898
2020-09-02,Hydro,69878.414
2020-09-02,Liquid fuel,60.524
2020-09-02,Wind,4433.359
2020-09-02,Wood,888.88
2020-09-03,Gas,16751.007
2020-09-03,Geothermal,19347.874
2020-09-03,Hydro,70243.381
2020-09-03,Liquid fuel,183.463
2020-09-03,Wind,3072.055
2020-09-03,Wood,823.4
2020-09-04,Gas,15263.124
2020-09-04,Geothermal,19463.321
2020-09-04,Hydro,64526.049
2020-09-04,Liquid fuel,187.812
2020-09-04,Wind,7481.462
2020-09-04,Wood,889.632
2020-09-05,Gas,12197.849
2020-09-05,Geothermal,19559.653
2020-09-05,Hydro,54654.13
2020-09-05,Liquid fuel,0.0
2020-09-05,Wind,9284.655
2020-09-05,Wood,880.792
2020-09-06,Gas,11418.203
2020-09-06,Geothermal,19105.558
2020-09-06,Hydro,52175.916
2020-09-06,Liquid fuel,0.0
2020-09-06,Wind,10241.125
2020-09-06,Wood,845.239
2020-09-07,Gas,13047.65
2020-09-07,Geothermal,18738.558
2020-09-07,Hydro,64929.441
2020-09-07,Liquid fuel,0.0
2020-09-07,Wind,5929.46
2020-09-07,Wood,843.819
2020-09-08,Gas,13741.434
2020-09-08,Geothermal,19379.082
2020-09-08,Hydro,65091.727
2020-09-08,Liquid fuel,21.143
2020-09-08,Wind,5000.534
2020-09-08,Wood,799.218
2020-09-09,Gas,13558.072
2020-09-09,Geothermal,20028.424
2020-09-09,Hydro,60368.857
2020-09-09,Liquid fuel,0.0
2020-09-09,Wind,10547.118
2020-09-09,Wood,869.792
2020-09-10,Gas,13405.584
2020-09-10,Geothermal,20465.476
2020-09-10,Hydro,64667.708
2020-09-10,Liquid fuel,0.0
2020-09-10,Wind,7847.686
2020-09-10,Wood,884.77
2020-09-11,Gas,14052.321
2020-09-11,Geothermal,20439.459
2020-09-11,Hydro,65601.94
2020-09-11,Liquid fuel,0.0
2020-09-11,Wind,5698.678
2020-09-11,Wood,865.323
2020-09-12,Gas,13589.615
2020-09-12,Geothermal,20635.625
2020-09-12,Hydro,57016.635
2020-09-12,Liquid fuel,0.0
2020-09-12,Wind,5573.896
2020-09-12,Wood,806.362
2020-09-13,Gas,12508.844
2020-09-13,Geothermal,20591.735
2020-09-13,Hydro,50123.472
2020-09-13,Liquid fuel,0.0
2020-09-13,Wind,10606.295
2020-09-13,Wood,868.55
2020-09-14,Gas,11192.26
2020-09-14,Geothermal,20503.043
2020-09-14,Hydro,57552.267
2020-09-14,Liquid fuel,0.0
2020-09-14,Wind,10681.407
2020-09-14,Wood,886.38
2020-09-15,Gas,10788.504
2020-09-15,Geothermal,20421.718
2020-09-15,Hydro,60338.572
2020-09-15,Liquid fuel,0.0
2020-09-15,Wind,9687.222
2020-09-15,Wood,900.684
2020-09-16,Gas,10494.758
2020-09-16,Geothermal,20471.825
2020-09-16,Hydro,60909.842
2020-09-16,Liquid fuel,0.0
2020-09-16,Wind,9331.152
2020-09-16,Wood,895.546
2020-09-17,Gas,10334.655
2020-09-17,Geothermal,20825.59
2020-09-17,Hydro,58394.128
2020-09-17,Liquid fuel,0.0
2020-09-17,Wind,10698.006
2020-09-17,Wood,710.669
2020-09-18,Gas,10390.871
2020-09-18,Geothermal,21254.192
2020-09-18,Hydro,65839.27
2020-09-18,Liquid fuel,0.0
2020-09-18,Wind,7949.753
2020-09-18,Wood,832.384
2020-09-19,Gas,11227.738
2020-09-19,Geothermal,21326.039
2020-09-19,Hydro,60891.678
2020-09-19,Liquid fuel,0.0
2020-09-19,Wind,4108.502
2020-09-19,Wood,873.859
2020-09-20,Gas,10761.555
2020-09-20,Geothermal,21449.944
2020-09-20,Hydro,59342.81
2020-09-20,Liquid fuel,0.0
2020-09-20,Wind,1744.013
2020-09-20,Wood,563.057
2020-09-21,Gas,10860.996
2020-09-21,Geothermal,21324.195
2020-09-21,Hydro,61805.371
2020-09-21,Liquid fuel,0.0
2020-09-21,Wind,7468.969
2020-09-21,Wood,228.525
2020-09-22,Gas,10254.997
2020-09-22,Geothermal,21257.051
2020-09-22,Hydro,58775.304
2020-09-22,Liquid fuel,0.0
2020-09-22,Wind,10477.923
2020-09-22,Wood,0.0
2020-09-23,Gas,9491.986
2020-09-23,Geothermal,20976.892
2020-09-23,Hydro,59300.03
2020-09-23,Liquid fuel,0.0
2020-09-23,Wind,10349.136
2020-09-23,Wood,500.639
2020-09-24,Gas,6209.584
2020-09-24,Geothermal,20275.429
2020-09-24,Hydro,66808.848
2020-09-24,Liquid fuel,0.0
2020-09-24,Wind,8657.176
2020-09-24,Wood,860.394
2020-09-25,Gas,7150.441
2020-09-25,Geothermal,20269.739
2020-09-25,Hydro,61314.757
2020-09-25,Liquid fuel,0.0
2020-09-25,Wind,10080.885
2020-09-25,Wood,852.826
2020-09-26,Gas,5182.991
2020-09-26,Geothermal,21165.247
2020-09-26,Hydro,59132.207
2020-09-26,Liquid fuel,0.0
2020-09-26,Wind,8220.577
2020-09-26,Wood,861.363
2020-09-27,Gas,4918.006
2020-09-27,Geothermal,19280.98
2020-09-27,Hydro,55024.688
2020-09-27,Liquid fuel,0.0
2020-09-27,Wind,9713.092
2020-09-27,Wood,777.233
2020-09-28,Gas,6204.588
2020-09-28,Geothermal,20906.477
2020-09-28,Hydro,66021.909
2020-09-28,Liquid fuel,0.0
2020-09-28,Wind,9790.626
2020-09-28,Wood,879.144
2020-09-29,Gas,7064.057
2020-09-29,Geothermal,19383.139
2020-09-29,Hydro,71685.091
2020-09-29,Liquid fuel,66.608
2020-09-29,Wind,8119.553
2020-09-29,Wood,789.746
2020-09-30,Gas,7255.332
2020-09-30,Geothermal,18257.131
2020-09-30,Hydro,76810.109
2020-09-30,Liquid fuel,96.553
2020-09-30,Wind,2114.032
2020-09-30,Wood,773.006
2020-10-01,Coal,9449.774
2020-10-01,Gas,13597.441
2020-10-01,Geothermal,18920.056
2020-10-01,Hydro,77639.871
2020-10-01,Liquid fuel,184.785
2020-10-01,Wind,1897.779
2020-10-01,Wood,871.456
2020-10-02,Coal,7521.717
2020-10-02,Gas,14435.215
2020-10-02,Geothermal,19113.019
2020-10-02,Hydro,69313.815
2020-10-02,Liquid fuel,0.93
2020-10-02,Wind,8601.639
2020-10-02,Wood,883.178
2020-10-03,Coal,4132.129
2020-10-03,Gas,14131.246
2020-10-03,Geothermal,19140.007
2020-10-03,Hydro,58535.906
2020-10-03,Liquid fuel,0.0
2020-10-03,Wind,10669.19
2020-10-03,Wood,885.464
2020-10-04,Coal,3150.587
2020-10-04,Gas,14341.793
2020-10-04,Geothermal,17521.115
2020-10-04,Hydro,58506.974
2020-10-04,Liquid fuel,0.0
2020-10-04,Wind,10607.015
2020-10-04,Wood,854.151
2020-10-05,Coal,6474.494
2020-10-05,Gas,15858.77
2020-10-05,Geothermal,16815.714
2020-10-05,Hydro,65023.247
2020-10-05,Liquid fuel,0.0
2020-10-05,Wind,9375.577
2020-10-05,Wood,826.44
2020-10-06,Coal,6388.868
2020-10-06,Gas,15700.589
2020-10-06,Geothermal,17266.266
2020-10-06,Hydro,66164.98
2020-10-06,Liquid fuel,0.0
2020-10-06,Wind,9114.192
2020-10-06,Wood,369.279
2020-10-07,Coal,7483.073
2020-10-07,Gas,17392.149
2020-10-07,Geothermal,17890.164
2020-10-07,Hydro,67939.812
2020-10-07,Liquid fuel,0.0
2020-10-07,Wind,5605.178
2020-10-07,Wood,310.448
2020-10-08,Coal,8126.975
2020-10-08,Gas,18233.861
2020-10-08,Geothermal,18051.943
2020-10-08,Hydro,67745.842
2020-10-08,Liquid fuel,0.0
2020-10-08,Wind,6468.495
2020-10-08,Wood,587.001
2020-10-09,Coal,9231.222
2020-10-09,Gas,17260.931
2020-10-09,Geothermal,18198.866
2020-10-09,Hydro,68723.204
2020-10-09,Liquid fuel,0.0
2020-10-09,Wind,4525.028
2020-10-09,Wood,850.887
2020-10-10,Coal,11232.349
2020-10-10,Gas,7869.397
2020-10-10,Geothermal,18243.673
2020-10-10,Hydro,69924.284
2020-10-10,Liquid fuel,3.207
2020-10-10,Wind,1622.606
2020-10-10,Wood,792.266
2020-10-11,Coal,6739.836
2020-10-11,Gas,12168.552
2020-10-11,Geothermal,18951.989
2020-10-11,Hydro,60430.071
2020-10-11,Liquid fuel,0.0
2020-10-11,Wind,7181.474
2020-10-11,Wood,809.732
2020-10-12,Coal,7771.387
2020-10-12,Gas,19692.412
2020-10-12,Geothermal,20071.989
2020-10-12,Hydro,63069.828
2020-10-12,Liquid fuel,0.0
2020-10-12,Wind,5387.958
2020-10-12,Wood,818.142
2020-10-13,Coal,3524.201
2020-10-13,Gas,20742.256
2020-10-13,Geothermal,20122.992
2020-10-13,Hydro,66836.712
2020-10-13,Liquid fuel,0.0
2020-10-13,Wind,4305.4
2020-10-13,Wood,855.927
2020-10-14,Coal,4284.059
2020-10-14,Gas,20993.886
2020-10-14,Geothermal,20241.329
2020-10-14,Hydro,64109.753
2020-10-14,Liquid fuel,0.0
2020-10-14,Wind,7220.033
2020-10-14,Wood,866.996
2020-10-15,Coal,8732.735
2020-10-15,Gas,20586.727
2020-10-15,Geothermal,20255.347
2020-10-15,Hydro,64710.485
2020-10-15,Liquid fuel,0.0
2020-10-15,Wind,9224.827
2020-10-15,Wood,861.001
2020-10-16,Coal,5522.399
2020-10-16,Gas,20123.77
2020-10-16,Geothermal,20434.691
2020-10-16,Hydro,68426.979
2020-10-16,Liquid fuel,81.025
2020-10-16,Wind,4375.792
2020-10-16,Wood,841.289
2020-10-17,Coal,4951.095
2020-10-17,Gas,16517.102
2020-10-17,Geothermal,20441.32
2020-10-17,Hydro,64921.948
2020-10-17,Liquid fuel,0.0
2020-10-17,Wind,2388.978
2020-10-17,Wood,875.111
2020-10-18,Coal,3910.841
2020-10-18,Gas,16011.611
2020-10-18,Geothermal,20292.867
2020-10-18,Hydro,62122.182
2020-10-18,Liquid fuel,0.0
2020-10-18,Wind,2985.693
2020-10-18,Wood,860.086
2020-10-19,Coal,3781.976
2020-10-19,Gas,16494.563
2020-10-19,Geothermal,19887.249
2020-10-19,Hydro,67429.927
2020-10-19,Liquid fuel,1.677
2020-10-19,Wind,8499.803
2020-10-19,Wood,742.073
2020-10-20,Coal,2773.002
2020-10-20,Gas,15055.298
2020-10-20,Geothermal,19418.19
2020-10-20,Hydro,73217.16
2020-10-20,Liquid fuel,27.275
2020-10-20,Wind,5818.235
2020-10-20,Wood,732.37
2020-10-21,Coal,4415.118
2020-10-21,Gas,15317.647
2020-10-21,Geothermal,19855.281
2020-10-21,Hydro,72817.177
2020-10-21,Liquid fuel,9.985
2020-10-21,Wind,3200.951
2020-10-21,Wood,645.502
2020-10-22,Coal,6570.823
2020-10-22,Gas,14329.277
2020-10-22,Geothermal,19958.439
2020-10-22,Hydro,69273.572
2020-10-22,Liquid fuel,0.0
2020-10-22,Wind,3934.05
2020-10-22,Wood,714.638
2020-10-23,Coal,4915.714
2020-10-23,Gas,14981.074
2020-10-23,Geothermal,20022.018
2020-10-23,Hydro,66750.908
2020-10-23,Liquid fuel,0.0
2020-10-23,Wind,5191.403
2020-10-23,Wood,812.554
2020-10-24,Coal,4014.571
2020-10-24,Gas,15004.172
2020-10-24,Geothermal,18677.55
2020-10-24,Hydro,58830.197
2020-10-24,Liquid fuel,0.0
2020-10-24,Wind,5916.406
2020-10-24,Wood,781.649
2020-10-25,Coal,3575.021
2020-10-25,Gas,14326.857
2020-10-25,Geothermal,17187.183
2020-10-25,Hydro,55952.928
2020-10-25,Liquid fuel,0.0
2020-10-25,Wind,8447.672
2020-10-25,Wood,699.158
2020-10-26,Coal,3867.964
2020-10-26,Gas,14575.86
2020-10-26,Geothermal,17280.661
2020-10-26,Hydro,58891.022
2020-10-26,Liquid fuel,0.0
2020-10-26,Wind,7870.014
2020-10-26,Wood,835.958
2020-10-27,Coal,7732.644
2020-10-27,Gas,14298.8
2020-10-27,Geothermal,17235.578
2020-10-27,Hydro,68214.971
2020-10-27,Liquid fuel,0.0
2020-10-27,Wind,5805.409
2020-10-27,Wood,787.645
2020-10-28,Coal,7458.395
2020-10-28,Gas,14202.916
2020-10-28,Geothermal,17374.491
2020-10-28,Hydro,70532.068
2020-10-28,Liquid fuel,0.0
2020-10-28,Wind,3753.028
2020-10-28,Wood,790.613
2020-10-29,Coal,7445.472
2020-10-29,Gas,13703.754
2020-10-29,Geothermal,17437.4
2020-10-29,Hydro,74332.44
2020-10-29,Liquid fuel,0.0
2020-10-29,Wind,268.516
2020-10-29,Wood,795.223
2020-10-30,Coal,6791.196
2020-10-30,Gas,13881.771
2020-10-30,Geothermal,17678.921
2020-10-30,Hydro,67562.663
2020-10-30,Liquid fuel,0.0
2020-10-30,Wind,4279.803
2020-10-30,Wood,784.028
2020-10-31,Coal,3815.896
2020-10-31,Gas,13145.814
2020-10-31,Geothermal,17724.718
2020-10-31,Hydro,58139.529
2020-10-31,Liquid fuel,0.0
2020-10-31,Wind,9196.434
2020-10-31,Wood,339.67
2020-11-01,Coal,2807.274
2020-11-01,Gas,11968.724
2020-11-01,Geothermal,17522.367
2020-11-01,Hydro,57651.26
2020-11-01,Liquid fuel,0.0
2020-11-01,Wind,9184.922
2020-11-01,Wood,0.0
2020-11-02,Coal,6623.849
2020-11-02,Gas,12759.198
2020-11-02,Geothermal,17769.669
2020-11-02,Hydro,68414.239
2020-11-02,Liquid fuel,0.0
2020-11-02,Wind,5083.874
2020-11-02,Wood,0.0
2020-11-03,Coal,9503.761
2020-11-03,Gas,11657.174
2020-11-03,Geothermal,17495.391
2020-11-03,Hydro,71878.209
2020-11-03,Liquid fuel,0.0
2020-11-03,Wind,4288.449
2020-11-03,Wood,0.0
2020-11-04,Coal,10137.44
2020-11-04,Gas,10051.554
2020-11-04,Geothermal,17287.494
2020-11-04,Hydro,69570.546
2020-11-04,Liquid fuel,0.0
2020-11-04,Wind,5625.55
2020-11-04,Wood,0.0
2020-11-05,Coal,8070.554
2020-11-05,Gas,13276.684
2020-11-05,Geothermal,17490.877
2020-11-05,Hydro,70546.066
2020-11-05,Liquid fuel,0.0
2020-11-05,Wind,5183.528
2020-11-05,Wood,0.0
2020-11-06,Coal,7295.75
2020-11-06,Gas,12329.608
2020-11-06,Geothermal,17605.588
2020-11-06,Hydro,71029.075
2020-11-06,Liquid fuel,0.0
2020-11-06,Wind,3674.34
2020-11-06,Wood,0.0
2020-11-07,Coal,3423.936
2020-11-07,Gas,11351.096
2020-11-07,Geothermal,17858.683
2020-11-07,Hydro,65006.506
2020-11-07,Liquid fuel,0.0
2020-11-07,Wind,4757.331
2020-11-07,Wood,0.0
2020-11-08,Coal,3909.687
2020-11-08,Gas,10387.287
2020-11-08,Geothermal,18191.571
2020-11-08,Hydro,61071.028
2020-11-08,Liquid fuel,0.0
2020-11-08,Wind,7224.25
2020-11-08,Wood,0.0
2020-11-09,Coal,7636.714
2020-11-09,Gas,13369.938
2020-11-09,Geothermal,19356.783
2020-11-09,Hydro,61400.705
2020-11-09,Liquid fuel,0.0
2020-11-09,Wind,9906.871
2020-11-09,Wood,0.0
2020-11-10,Coal,4496.07
2020-11-10,Gas,15182.231
2020-11-10,Geothermal,19542.134
2020-11-10,Hydro,66316.37
2020-11-10,Liquid fuel,0.0
2020-11-10,Wind,7855.533
2020-11-10,Wood,0.0
2020-11-11,Coal,4023.054
2020-11-11,Gas,14336.653
2020-11-11,Geothermal,19527.508
2020-11-11,Hydro,69655.04
2020-11-11,Liquid fuel,0.0
2020-11-11,Wind,4040.309
2020-11-11,Wood,0.0
2020-11-12,Coal,3649.602
2020-11-12,Gas,13771.937
2020-11-12,Geothermal,19403.975
2020-11-12,Hydro,67058.695
2020-11-12,Liquid fuel,0.0
2020-11-12,Wind,4125.606
2020-11-12,Wood,0.0
2020-11-13,Coal,3437.474
2020-11-13,Gas,9455.282
2020-11-13,Geothermal,19741.574
2020-11-13,Hydro,65546.449
2020-11-13,Liquid fuel,0.0
2020-11-13,Wind,7916.813
2020-11-13,Wood,0.0
2020-11-14,Coal,3997.3
2020-11-14,Gas,7033.861
2020-11-14,Geothermal,19852.195
2020-11-14,Hydro,56859.271
2020-11-14,Liquid fuel,71.351
2020-11-14,Wind,10636.052
2020-11-14,Wood,0.0
2020-11-15,Coal,3298.258
2020-11-15,Gas,8483.242
2020-11-15,Geothermal,19822.452
2020-11-15,Hydro,57466.414
2020-11-15,Liquid fuel,0.0
2020-11-15,Wind,8633.133
2020-11-15,Wood,0.0
2020-11-16,Coal,4210.76
2020-11-16,Gas,9620.336
2020-11-16,Geothermal,19664.116
2020-11-16,Hydro,68877.601
2020-11-16,Liquid fuel,0.0
2020-11-16,Wind,6986.374
2020-11-16,Wood,0.0
2020-11-17,Coal,4067.266
2020-11-17,Gas,9638.398
2020-11-17,Geothermal,19883.238
2020-11-17,Hydro,68876.844
2020-11-17,Liquid fuel,0.0
2020-11-17,Wind,8820.546
2020-11-17,Wood,0.0
2020-11-18,Coal,4697.859
2020-11-18,Gas,10019.844
2020-11-18,Geothermal,19823.142
2020-11-18,Hydro,71179.554
2020-11-18,Liquid fuel,0.0
2020-11-18,Wind,7674.579
2020-11-18,Wood,0.0
2020-11-19,Coal,4102.387
2020-11-19,Gas,9968.386
2020-11-19,Geothermal,19671.312
2020-11-19,Hydro,74157.553
2020-11-19,Liquid fuel,0.0
2020-11-19,Wind,5125.04
2020-11-19,Wood,0.0
2020-11-20,Coal,3640.207
2020-11-20,Gas,10696.084
2020-11-20,Geothermal,19625.009
2020-11-20,Hydro,74515.342
2020-11-20,Liquid fuel,0.0
2020-11-20,Wind,3610.178
2020-11-20,Wood,0.0
2020-11-21,Coal,2995.901
2020-11-21,Gas,10775.01
2020-11-21,Geothermal,19734.029
2020-11-21,Hydro,59489.527
2020-11-21,Liquid fuel,0.0
2020-11-21,Wind,10363.461
2020-11-21,Wood,0.0
2020-11-22,Coal,3601.363
2020-11-22,Gas,10363.585
2020-11-22,Geothermal,19755.285
2020-11-22,Hydro,61473.513
2020-11-22,Liquid fuel,0.0
2020-11-22,Wind,7717.104
2020-11-22,Wood,0.0
2020-11-23,Coal,4324.942
2020-11-23,Gas,11096.775
2020-11-23,Geothermal,19884.226
2020-11-23,Hydro,76821.785
2020-11-23,Liquid fuel,0.0
2020-11-23,Wind,1200.656
2020-11-23,Wood,331.249
2020-11-24,Coal,4729.62
2020-11-24,Gas,11131.071
2020-11-24,Geothermal,19960.636
2020-11-24,Hydro,77644.318
2020-11-24,Liquid fuel,0.0
2020-11-24,Wind,1728.266
2020-11-24,Wood,722.541
2020-11-25,Coal,4421.07
2020-11-25,Gas,8608.17
2020-11-25,Geothermal,19713.879
2020-11-25,Hydro,77132.145
2020-11-25,Liquid fuel,4.294
2020-11-25,Wind,5947.901
2020-11-25,Wood,786.25
2020-11-26,Coal,2772.342
2020-11-26,Gas,9247.294
2020-11-26,Geothermal,19980.95
2020-11-26,Hydro,80058.019
2020-11-26,Liquid fuel,0.0
2020-11-26,Wind,1980.606
2020-11-26,Wood,825.551
2020-11-27,Coal,1264.859
2020-11-27,Gas,8792.281
2020-11-27,Geothermal,21064.944
2020-11-27,Hydro,69994.354
2020-11-27,Liquid fuel,0.0
2020-11-27,Wind,9871.495
2020-11-27,Wood,812.407
2020-11-28,Gas,11786.597
2020-11-28,Geothermal,20402.434
2020-11-28,Hydro,62544.045
2020-11-28,Liquid fuel,0.0
2020-11-28,Wind,6267.728
2020-11-28,Wood,817.951
2020-11-29,Coal,116.877
2020-11-29,Gas,12240.499
2020-11-29,Geothermal,20354.817
2020-11-29,Hydro,60345.523
2020-11-29,Liquid fuel,0.0
2020-11-29,Wind,6663.783
2020-11-29,Wood,663.739
2020-11-30,Coal,3646.155
2020-11-30,Gas,11029.207
2020-11-30,Geothermal,20122.073
2020-11-30,Hydro,71737.36
2020-11-30,Liquid fuel,4.247
2020-11-30,Wind,5332.77
2020-11-30,Wood,707.238
2020-12-01,Coal,3143.239
2020-12-01,Gas,10087.699
2020-12-01,Geothermal,19639.394
2020-12-01,Hydro,70256.18
2020-12-01,Liquid fuel,0.0
2020-12-01,Wind,8336.098
2020-12-01,Wood,818.534
2020-12-02,Coal,4858.978
2020-12-02,Gas,6479.975
2020-12-02,Geothermal,20127.564
2020-12-02,Hydro,72927.059
2020-12-02,Liquid fuel,0.0
2020-12-02,Wind,6217.107
2020-12-02,Wood,684.178
2020-12-03,Coal,8657.734
2020-12-03,Gas,3964.991
2020-12-03,Geothermal,17451.923
2020-12-03,Hydro,69975.886
2020-12-03,Liquid fuel,0.0
2020-12-03,Wind,10054.042
2020-12-03,Wood,749.474
2020-12-04,Coal,8598.268
2020-12-04,Gas,4071.531
2020-12-04,Geothermal,17586.983
2020-12-04,Hydro,69030.853
2020-12-04,Liquid fuel,0.0
2020-12-04,Wind,10998.849
2020-12-04,Wood,677.986
2020-12-05,Coal,4634.99
2020-12-05,Gas,9284.756
2020-12-05,Geothermal,20627.89
2020-12-05,Hydro,58583.563
2020-12-05,Liquid fuel,0.0
2020-12-05,Wind,9583.67
2020-12-05,Wood,626.054
2020-12-06,Coal,4306.524
2020-12-06,Gas,9438.449
2020-12-06,Geothermal,20879.443
2020-12-06,Hydro,60488.35
2020-12-06,Liquid fuel,0.0
2020-12-06,Wind,5757.424
2020-12-06,Wood,767.158
2020-12-07,Coal,4794.659
2020-12-07,Gas,8592.251
2020-12-07,Geothermal,20620.925
2020-12-07,Hydro,68346.142
2020-12-07,Liquid fuel,0.0
2020-12-07,Wind,11104.286
2020-12-07,Wood,798.535
2020-12-08,Coal,8062.848
2020-12-08,Gas,5866.634
2020-12-08,Geothermal,19862.6
2020-12-08,Hydro,71920.147
2020-12-08,Liquid fuel,0.0
2020-12-08,Wind,11572.377
2020-12-08,Wood,690.89
2020-12-09,Coal,8340.104
2020-12-09,Gas,6521.955
2020-12-09,Geothermal,20143.909
2020-12-09,Hydro,74432.516
2020-12-09,Liquid fuel,0.0
2020-12-09,Wind,7728.168
2020-12-09,Wood,562.585
2020-12-10,Coal,4267.696
2020-12-10,Gas,10467.488
2020-12-10,Geothermal,20305.821
2020-12-10,Hydro,74628.545
2020-12-10,Liquid fuel,0.0
2020-12-10,Wind,6808.846
2020-12-10,Wood,803.237
2020-12-11,Gas,10003.13
2020-12-11,Geothermal,20862.834
2020-12-11,Hydro,71289.663
2020-12-11,Liquid fuel,4.434
2020-12-11,Wind,10978.229
2020-12-11,Wood,837.854
2020-12-12,Gas,11193.414
2020-12-12,Geothermal,21306.172
2020-12-12,Hydro,61035.849
2020-12-12,Liquid fuel,0.0
2020-12-12,Wind,10753.628
2020-12-12,Wood,802.845
2020-12-13,Gas,12316.935
2020-12-13,Geothermal,21178.644
2020-12-13,Hydro,62766.255
2020-12-13,Liquid fuel,0.0
2020-12-13,Wind,6246.959
2020-12-13,Wood,731.062
2020-12-14,Coal,3238.308
2020-12-14,Gas,11245.734
2020-12-14,Geothermal,21055.902
2020-12-14,Hydro,77294.944
2020-12-14,Liquid fuel,0.0
2020-12-14,Wind,1146.525
2020-12-14,Wood,736.947
2020-12-15,Coal,4000.395
2020-12-15,Gas,11803.95
2020-12-15,Geothermal,20830.58
2020-12-15,Hydro,74524.818
2020-12-15,Liquid fuel,0.0
2020-12-15,Wind,4361.306
2020-12-15,Wood,358.304
2020-12-16,Coal,3820.087
2020-12-16,Gas,10715.493
2020-12-16,Geothermal,19559.171
2020-12-16,Hydro,70322.605
2020-12-16,Liquid fuel,0.0
2020-12-16,Wind,11101.618
2020-12-16,Wood,547.35
2020-12-17,Coal,3501.724
2020-12-17,Gas,12447.615
2020-12-17,Geothermal,20845.408
2020-12-17,Hydro,72948.504
2020-12-17,Liquid fuel,0.0
2020-12-17,Wind,5187.139
2020-12-17,Wood,690.983
2020-12-18,Coal,3393.367
2020-12-18,Gas,12188.027
2020-12-18,Geothermal,21226.968
2020-12-18,Hydro,71566.88
2020-12-18,Liquid fuel,0.0
2020-12-18,Wind,5360.96
2020-12-18,Wood,569.028
2020-12-19,Coal,42.564
2020-12-19,Gas,12261.496
2020-12-19,Geothermal,21485.11
2020-12-19,Hydro,62984.202
2020-12-19,Liquid fuel,0.0
2020-12-19,Wind,10275.592
2020-12-19,Wood,617.737
2020-12-20,Gas,14053.761
2020-12-20,Geothermal,21406.31
2020-12-20,Hydro,63573.026
2020-12-20,Liquid fuel,0.0
2020-12-20,Wind,5018.917
2020-12-20,Wood,657.432
2020-12-21,Coal,3191.79
2020-12-21,Gas,13325.221
2020-12-21,Geothermal,21281.848
2020-12-21,Hydro,74090.39
2020-12-21,Liquid fuel,0.0
2020-12-21,Wind,1515.925
2020-12-21,Wood,576.743
2020-12-22,Coal,3744.96
2020-12-22,Gas,12454.318
2020-12-22,Geothermal,21232.179
2020-12-22,Hydro,68665.554
2020-12-22,Liquid fuel,0.0
2020-12-22,Wind,4403.902
2020-12-22,Wood,617.002
2020-12-23,Coal,3082.994
2020-12-23,Gas,12723.837
2020-12-23,Geothermal,21460.843
2020-12-23,Hydro,64784.453
2020-12-23,Liquid fuel,0.0
2020-12-23,Wind,5136.046
2020-12-23,Wood,663.473
2020-12-24,Coal,2628.6
2020-12-24,Gas,11682.058
2020-12-24,Geothermal,21275.473
2020-12-24,Hydro,55385.152
2020-12-24,Liquid fuel,0.0
2020-12-24,Wind,9528.763
2020-12-24,Wood,807.502
2020-12-25,Gas,11143.209
2020-12-25,Geothermal,21362.037
2020-12-25,Hydro,50673.561
2020-12-25,Liquid fuel,0.0
2020-12-25,Wind,5621.199
2020-12-25,Wood,766.778
2020-12-26,Gas,11535.01
2020-12-26,Geothermal,21444.494
2020-12-26,Hydro,48048.517
2020-12-26,Liquid fuel,0.0
2020-12-26,Wind,7430.544
2020-12-26,Wood,737.93
2020-12-27,Gas,11641.73
2020-12-27,Geothermal,21633.478
2020-12-27,Hydro,49924.973
2020-12-27,Liquid fuel,0.0
2020-12-27,Wind,6829.612
2020-12-27,Wood,770.293
2020-12-28,Gas,11143.581
2020-12-28,Geothermal,21857.719
2020-12-28,Hydro,52667.023
2020-12-28,Liquid fuel,0.0
2020-12-28,Wind,4978.749
2020-12-28,Wood,735.698
2020-12-29,Gas,11392.808
2020-12-29,Geothermal,22015.016
2020-12-29,Hydro,58251.47
2020-12-29,Liquid fuel,0.0
2020-12-29,Wind,2121.693
2020-12-29,Wood,647.106
2020-12-30,Gas,11174.497
2020-12-30,Geothermal,21838.963
2020-12-30,Hydro,59011.388
2020-12-30,Liquid fuel,0.0
2020-12-30,Wind,2179.844
2020-12-30,Wood,598.883
2020-12-31,Gas,11078.09
2020-12-31,Geothermal,21873.744
2020-12-31,Hydro,57760.479
2020-12-31,Liquid fuel,0.0
2020-12-31,Wind,2923.309
2020-12-31,Wood,667.636
2021-01-01,Coal,3105.04
2021-01-01,Gas,10727.932
2021-01-01,Geothermal,21984.947
2021-01-01,Hydro,50470.318
2021-01-01,Liquid fuel,0.0
2021-01-01,Wind,3320.165
2021-01-01,Wood,812.345
2021-01-02,Coal,2202.454
2021-01-02,Gas,11220.326
2021-01-02,Geothermal,22329.152
2021-01-02,Hydro,51095.471
2021-01-02,Liquid fuel,0.0
2021-01-02,Wind,3332.436
2021-01-02,Wood,822.969
2021-01-03,Coal,3.255
2021-01-03,Gas,10882.481
2021-01-03,Geothermal,22258.474
2021-01-03,Hydro,54287.457
2021-01-03,Liquid fuel,0.0
2021-01-03,Wind,3023.795
2021-01-03,Wood,806.33
2021-01-04,Gas,11196.882
2021-01-04,Geothermal,22234.896
2021-01-04,Hydro,53037.48
2021-01-04,Liquid fuel,0.0
2021-01-04,Wind,4650.136
2021-01-04,Wood,808.741
2021-01-05,Coal,4065.898
2021-01-05,Gas,11347.159
2021-01-05,Geothermal,20181.292
2021-01-05,Hydro,59775.81
2021-01-05,Liquid fuel,0.0
2021-01-05,Wind,3929.569
2021-01-05,Wood,686.481
2021-01-06,Coal,5250.25
2021-01-06,Gas,10722.702
2021-01-06,Geothermal,21447.847
2021-01-06,Hydro,60480.466
2021-01-06,Liquid fuel,0.0
2021-01-06,Wind,4253.334
2021-01-06,Wood,701.798
2021-01-07,Coal,5104.421
2021-01-07,Gas,11735.132
2021-01-07,Geothermal,21703.731
2021-01-07,Hydro,56293.7
2021-01-07,Liquid fuel,0.0
2021-01-07,Wind,7550.458
2021-01-07,Wood,777.354
2021-01-08,Coal,5283.856
2021-01-08,Gas,11475.893
2021-01-08,Geothermal,21796.231
2021-01-08,Hydro,59290.515
2021-01-08,Liquid fuel,0.0
2021-01-08,Wind,3663.513
2021-01-08,Wood,804.093
2021-01-09,Coal,4158.175
2021-01-09,Gas,11839.309
2021-01-09,Geothermal,21910.252
2021-01-09,Hydro,54899.729
2021-01-09,Liquid fuel,0.0
2021-01-09,Wind,2334.042
2021-01-09,Wood,775.711
2021-01-10,Coal,4627.969
2021-01-10,Gas,10965.616
2021-01-10,Geothermal,21816.037
2021-01-10,Hydro,49672.711
2021-01-10,Liquid fuel,0.0
2021-01-10,Wind,6874.475
2021-01-10,Wood,678.612
2021-01-11,Coal,5191.78
2021-01-11,Gas,12491.819
2021-01-11,Geothermal,21521.779
2021-01-11,Hydro,60320.348
2021-01-11,Liquid fuel,0.0
2021-01-11,Wind,5225.183
2021-01-11,Wood,687.552
2021-01-12,Coal,5409.158
2021-01-12,Gas,12788.611
2021-01-12,Geothermal,21609.111
2021-01-12,Hydro,66545.239
2021-01-12,Liquid fuel,0.0
2021-01-12,Wind,2138.007
2021-01-12,Wood,754.787
2021-01-13,Coal,6341.272
2021-01-13,Gas,13271.361
2021-01-13,Geothermal,21113.086
2021-01-13,Hydro,67874.645
2021-01-13,Liquid fuel,0.0
2021-01-13,Wind,2072.563
2021-01-13,Wood,748.187
2021-01-14,Coal,8695.822
2021-01-14,Gas,13789.819
2021-01-14,Geothermal,21242.879
2021-01-14,Hydro,66791.369
2021-01-14,Liquid fuel,0.0
2021-01-14,Wind,1634.181
2021-01-14,Wood,687.023
2021-01-15,Coal,9748.749
2021-01-15,Gas,14351.221
2021-01-15,Geothermal,21661.617
2021-01-15,Hydro,62528.855
2021-01-15,Liquid fuel,0.0
2021-01-15,Wind,1864.391
2021-01-15,Wood,695.589
2021-01-16,Coal,9996.651
2021-01-16,Gas,14007.569
2021-01-16,Geothermal,21725.01
2021-01-16,Hydro,53039.341
2021-01-16,Liquid fuel,0.0
2021-01-16,Wind,2995.881
2021-01-16,Wood,702.457
2021-01-17,Coal,7061.644
2021-01-17,Gas,13625.074
2021-01-17,Geothermal,20795.077
2021-01-17,Hydro,47825.46
2021-01-17,Liquid fuel,0.0
2021-01-17,Wind,10298.248
2021-01-17,Wood,676.358
2021-01-18,Coal,7872.568
2021-01-18,Gas,11773.667
2021-01-18,Geothermal,21865.025
2021-01-18,Hydro,53435.418
2021-01-18,Liquid fuel,0.0
2021-01-18,Wind,12755.008
2021-01-18,Wood,763.797
2021-01-19,Coal,9466.513
2021-01-19,Gas,11279.319
2021-01-19,Geothermal,21172.579
2021-01-19,Hydro,55766.481
2021-01-19,Liquid fuel,0.0
2021-01-19,Wind,12367.472
2021-01-19,Wood,759.883
2021-01-20,Coal,7333.763
2021-01-20,Gas,11060.682
2021-01-20,Geothermal,21370.425
2021-01-20,Hydro,57434.15
2021-01-20,Liquid fuel,0.0
2021-01-20,Wind,12149.163
2021-01-20,Wood,489.685
2021-01-21,Coal,8450.749
2021-01-21,Gas,11086.225
2021-01-21,Geothermal,22379.062
2021-01-21,Hydro,56643.832
2021-01-21,Liquid fuel,0.0
2021-01-21,Wind,10614.15
2021-01-21,Wood,759.504
2021-01-22,Coal,10171.567
2021-01-22,Gas,10128.676
2021-01-22,Geothermal,22359.81
2021-01-22,Hydro,57382.327
2021-01-22,Liquid fuel,0.0
2021-01-22,Wind,7565.92
2021-01-22,Wood,761.306
2021-01-23,Coal,5430.337
2021-01-23,Gas,11369.094
2021-01-23,Geothermal,21857.387
2021-01-23,Hydro,49188.815
2021-01-23,Liquid fuel,0.0
2021-01-23,Wind,11929.898
2021-01-23,Wood,774.346
2021-01-24,Coal,4830.411
2021-01-24,Gas,11499.822
2021-01-24,Geothermal,20858.562
2021-01-24,Hydro,49026.078
2021-01-24,Liquid fuel,0.0
2021-01-24,Wind,12514.831
2021-01-24,Wood,761.407
2021-01-25,Coal,8479.635
2021-01-25,Gas,12432.622
2021-01-25,Geothermal,20695.568
2021-01-25,Hydro,56804.239
2021-01-25,Liquid fuel,0.0
2021-01-25,Wind,11454.834
2021-01-25,Wood,807.889
2021-01-26,Coal,9589.491
2021-01-26,Gas,12261.406
2021-01-26,Geothermal,20656.218
2021-01-26,Hydro,64634.454
2021-01-26,Liquid fuel,0.0
2021-01-26,Wind,7920.649
2021-01-26,Wood,755.468
2021-01-27,Coal,8932.888
2021-01-27,Gas,13092.044
2021-01-27,Geothermal,20248.855
2021-01-27,Hydro,66358.802
2021-01-27,Liquid fuel,0.0
2021-01-27,Wind,8358.977
2021-01-27,Wood,766.314
2021-01-28,Coal,7477.61
2021-01-28,Gas,12310.498
2021-01-28,Geothermal,21628.885
2021-01-28,Hydro,63744.578
2021-01-28,Liquid fuel,0.0
2021-01-28,Wind,10040.73
2021-01-28,Wood,760.298
2021-01-29,Coal,5710.114
2021-01-29,Gas,12451.122
2021-01-29,Geothermal,21540.544
2021-01-29,Hydro,64748.112
2021-01-29,Liquid fuel,0.0
2021-01-29,Wind,6443.676
2021-01-29,Wood,468.248
2021-01-30,Coal,10258.181
2021-01-30,Gas,13293.726
2021-01-30,Geothermal,20837.812
2021-01-30,Hydro,52309.147
2021-01-30,Liquid fuel,0.0
2021-01-30,Wind,4647.605
2021-01-30,Wood,665.567
2021-01-31,Coal,7974.308
2021-01-31,Gas,13798.488
2021-01-31,Geothermal,20913.374
2021-01-31,Hydro,54235.396
2021-01-31,Liquid fuel,0.0
2021-01-31,Wind,2327.683
2021-01-31,Wood,777.479
2021-02-01,Coal,7197.286
2021-02-01,Gas,14048.72
2021-02-01,Geothermal,20757.342
2021-02-01,Hydro,62813.653
2021-02-01,Liquid fuel,0.0
2021-02-01,Wind,1697.335
2021-02-01,Wood,786.892
2021-02-02,Coal,9330.131
2021-02-02,Gas,13002.222
2021-02-02,Geothermal,21046.639
2021-02-02,Hydro,66389.69
2021-02-02,Liquid fuel,0.0
2021-02-02,Wind,3664.794
2021-02-02,Wood,790.316
2021-02-03,Coal,8793.753
2021-02-03,Gas,13244.144
2021-02-03,Geothermal,20923.997
2021-02-03,Hydro,70195.058
2021-02-03,Liquid fuel,0.0
2021-02-03,Wind,1731.649
2021-02-03,Wood,298.257
2021-02-04,Coal,8642.9
2021-02-04,Gas,13133.465
2021-02-04,Geothermal,21671.946
2021-02-04,Hydro,62271.499
2021-02-04,Liquid fuel,0.0
2021-02-04,Wind,8573.661
2021-02-04,Wood,222.368
2021-02-05,Coal,7968.195
2021-02-05,Gas,13826.78
2021-02-05,Geothermal,22056.559
2021-02-05,Hydro,63674.932
2021-02-05,Liquid fuel,0.0
2021-02-05,Wind,4913.146
2021-02-05,Wood,268.011
2021-02-06,Coal,8556.947
2021-02-06,Gas,12433.073
2021-02-06,Geothermal,22216.094
2021-02-06,Hydro,54276.398
2021-02-06,Liquid fuel,0.0
2021-02-06,Wind,4568.777
2021-02-06,Wood,365.825
2021-02-07,Coal,8733.411
2021-02-07,Gas,11750.715
2021-02-07,Geothermal,22171.741
2021-02-07,Hydro,55365.053
2021-02-07,Liquid fuel,0.0
2021-02-07,Wind,1815.216
2021-02-07,Wood,713.152
2021-02-08,Coal,8788.675
2021-02-08,Gas,12528.159
2021-02-08,Geothermal,22025.778
2021-02-08,Hydro,54397.989
2021-02-08,Liquid fuel,0.0
2021-02-08,Wind,4513.111
2021-02-08,Wood,742.386
2021-02-09,Coal,9602.505
2021-02-09,Gas,13003.599
2021-02-09,Geothermal,21496.469
2021-02-09,Hydro,60528.478
2021-02-09,Liquid fuel,2.362
2021-02-09,Wind,8343.065
2021-02-09,Wood,772.006
2021-02-10,Coal,10889.353
2021-02-10,Gas,12492.634
2021-02-10,Geothermal,21193.907
2021-02-10,Hydro,59244.294
2021-02-10,Liquid fuel,0.0
2021-02-10,Wind,8609.175
2021-02-10,Wood,763.183
2021-02-11,Coal,10878.529
2021-02-11,Gas,11248.448
2021-02-11,Geothermal,21288.212
2021-02-11,Hydro,58859.345
2021-02-11,Liquid fuel,0.0
2021-02-11,Wind,8379.104
2021-02-11,Wood,778.556
2021-02-12,Coal,10507.546
2021-02-12,Gas,13333.019
2021-02-12,Geothermal,20621.515
2021-02-12,Hydro,60252.477
2021-02-12,Liquid fuel,0.0
2021-02-12,Wind,4794.442
2021-02-12,Wood,727.01
2021-02-13,Coal,10401.409
2021-02-13,Gas,13427.514
2021-02-13,Geothermal,20514.206
2021-02-13,Hydro,55274.136
2021-02-13,Liquid fuel,0.0
2021-02-13,Wind,1863.696
2021-02-13,Wood,722.972
2021-02-14,Coal,10061.308
2021-02-14,Gas,13422.701
2021-02-14,Geothermal,20440.665
2021-02-14,Hydro,52721.147
2021-02-14,Liquid fuel,0.0
2021-02-14,Wind,3447.444
2021-02-14,Wood,728.053
2021-02-15,Coal,10872.347
2021-02-15,Gas,13713.689
2021-02-15,Geothermal,19522.587
2021-02-15,Hydro,63085.71
2021-02-15,Liquid fuel,0.0
2021-02-15,Wind,4727.969
2021-02-15,Wood,837.064
2021-02-16,Coal,10947.381
2021-02-16,Gas,13876.852
2021-02-16,Geothermal,17883.41
2021-02-16,Hydro,57371.815
2021-02-16,Liquid fuel,0.0
2021-02-16,Wind,12507.857
2021-02-16,Wood,786.192
2021-02-17,Coal,11033.911
2021-02-17,Gas,16905.248
2021-02-17,Geothermal,19346.169
2021-02-17,Hydro,54828.564
2021-02-17,Liquid fuel,0.0
2021-02-17,Wind,8593.139
2021-02-17,Wood,778.019
2021-02-18,Coal,8675.193
2021-02-18,Gas,17594.156
2021-02-18,Geothermal,20471.104
2021-02-18,Hydro,62017.283
2021-02-18,Liquid fuel,0.0
2021-02-18,Wind,1823.778
2021-02-18,Wood,749.713
2021-02-19,Coal,9464.371
2021-02-19,Gas,16830.544
2021-02-19,Geothermal,20437.17
2021-02-19,Hydro,59979.027
2021-02-19,Liquid fuel,0.0
2021-02-19,Wind,3212.484
2021-02-19,Wood,825.713
2021-02-20,Coal,9301.473
2021-02-20,Gas,14219.972
2021-02-20,Geothermal,21275.069
2021-02-20,Hydro,51149.897
2021-02-20,Liquid fuel,0.0
2021-02-20,Wind,6517.704
2021-02-20,Wood,792.125
2021-02-21,Coal,8462.358
2021-02-21,Gas,13878.664
2021-02-21,Geothermal,21341.761
2021-02-21,Hydro,50646.353
2021-02-21,Liquid fuel,0.0
2021-02-21,Wind,6902.25
2021-02-21,Wood,697.453
2021-02-22,Coal,9507.168
2021-02-22,Gas,15789.725
2021-02-22,Geothermal,20766.733
2021-02-22,Hydro,61146.785
2021-02-22,Liquid fuel,0.0
2021-02-22,Wind,4394.599
2021-02-22,Wood,521.94
2021-02-23,Coal,11306.341
2021-02-23,Gas,15949.535
2021-02-23,Geothermal,20982.489
2021-02-23,Hydro,61239.682
2021-02-23,Liquid fuel,0.0
2021-02-23,Wind,4761.523
2021-02-23,Wood,700.294
2021-02-24,Coal,13228.065
2021-02-24,Gas,14729.509
2021-02-24,Geothermal,21351.523
2021-02-24,Hydro,58640.488
2021-02-24,Liquid fuel,0.0
2021-02-24,Wind,6673.202
2021-02-24,Wood,423.725
2021-02-25,Coal,14789.826
2021-02-25,Gas,14520.756
2021-02-25,Geothermal,21373.249
2021-02-25,Hydro,61340.743
2021-02-25,Liquid fuel,163.369
2021-02-25,Wind,2141.921
2021-02-25,Wood,348.351
2021-02-26,Coal,13513.584
2021-02-26,Gas,13627.925
2021-02-26,Geothermal,21334.818
2021-02-26,Hydro,62197.425
2021-02-26,Liquid fuel,794.78
2021-02-26,Wind,1762.652
2021-02-26,Wood,286.69
2021-02-27,Coal,11080.316
2021-02-27,Gas,13104.894
2021-02-27,Geothermal,21430.382
2021-02-27,Hydro,57228.189
2021-02-27,Liquid fuel,0.0
2021-02-27,Wind,776.859
2021-02-27,Wood,529.431
2021-02-28,Coal,10952.138
2021-02-28,Gas,12070.69
2021-02-28,Geothermal,21368.627
2021-02-28,Hydro,55099.337
2021-02-28,Liquid fuel,0.0
2021-02-28,Wind,1053.335
2021-02-28,Wood,680.989
2021-03-01,Coal,11959.802
2021-03-01,Gas,13210.487
2021-03-01,Geothermal,21315.544
2021-03-01,Hydro,62203.486
2021-03-01,Liquid fuel,577.022
2021-03-01,Wind,1660.381
2021-03-01,Wood,758.137
2021-03-02,Coal,16222.279
2021-03-02,Gas,11683.179
2021-03-02,Geothermal,21023.092
2021-03-02,Hydro,59761.674
2021-03-02,Liquid fuel,504.609
2021-03-02,Wind,3028.381
2021-03-02,Wood,753.464
2021-03-03,Coal,15809.192
2021-03-03,Gas,12413.113
2021-03-03,Geothermal,20897.55
2021-03-03,Hydro,55909.022
2021-03-03,Liquid fuel,0.953
2021-03-03,Wind,7727.947
2021-03-03,Wood,704.789
2021-03-04,Coal,15637.656
2021-03-04,Gas,12356.407
2021-03-04,Geothermal,21329.551
2021-03-04,Hydro,56904.147
2021-03-04,Liquid fuel,89.343
2021-03-04,Wind,5389.514
2021-03-04,Wood,705.319
2021-03-05,Coal,14033.702
2021-03-05,Gas,12622.718
2021-03-05,Geothermal,21431.888
2021-03-05,Hydro,54079.908
2021-03-05,Liquid fuel,0.0
2021-03-05,Wind,6689.881
2021-03-05,Wood,825.728
2021-03-06,Coal,11162.291
2021-03-06,Gas,12412.962
2021-03-06,Geothermal,21396.22
2021-03-06,Hydro,47684.888
2021-03-06,Liquid fuel,0.0
2021-03-06,Wind,8549.026
2021-03-06,Wood,787.107
2021-03-07,Coal,10930.051
2021-03-07,Gas,12509.562
2021-03-07,Geothermal,21593.481
2021-03-07,Hydro,43743.115
2021-03-07,Liquid fuel,0.0
2021-03-07,Wind,9792.129
2021-03-07,Wood,797.292
2021-03-08,Coal,12225.655
2021-03-08,Gas,10936.807
2021-03-08,Geothermal,21203.016
2021-03-08,Hydro,57373.727
2021-03-08,Liquid fuel,0.0
2021-03-08,Wind,6624.036
2021-03-08,Wood,807.169
2021-03-09,Coal,16081.707
2021-03-09,Gas,10719.046
2021-03-09,Geothermal,21501.048
2021-03-09,Hydro,56965.552
2021-03-09,Liquid fuel,0.0
2021-03-09,Wind,4251.951
2021-03-09,Wood,795.871
2021-03-10,Coal,14754.374
2021-03-10,Gas,10429.73
2021-03-10,Geothermal,21211.414
2021-03-10,Hydro,54786.004
2021-03-10,Liquid fuel,0.0
2021-03-10,Wind,9252.989
2021-03-10,Wood,796.982
2021-03-11,Coal,13852.807
2021-03-11,Gas,10119.737
2021-03-11,Geothermal,21287.785
2021-03-11,Hydro,57469.944
2021-03-11,Liquid fuel,0.0
2021-03-11,Wind,6720.66
2021-03-11,Wood,816.749
2021-03-12,Coal,12915.623
2021-03-12,Gas,9871.995
2021-03-12,Geothermal,21467.675
2021-03-12,Hydro,58114.469
2021-03-12,Liquid fuel,0.0
2021-03-12,Wind,4480.132
2021-03-12,Wood,831.341
2021-03-13,Coal,11386.819
2021-03-13,Gas,10335.263
2021-03-13,Geothermal,21784.094
2021-03-13,Hydro,49586.922
2021-03-13,Liquid fuel,0.0
2021-03-13,Wind,5601.062
2021-03-13,Wood,828.226
2021-03-14,Coal,10896.661
2021-03-14,Gas,10108.781
2021-03-14,Geothermal,21872.672
2021-03-14,Hydro,49616.92
2021-03-14,Liquid fuel,0.0
2021-03-14,Wind,3288.57
2021-03-14,Wood,706.812
2021-03-15,Coal,12217.216
2021-03-15,Gas,10461.102
2021-03-15,Geothermal,21432.071
2021-03-15,Hydro,58720.779
2021-03-15,Liquid fuel,0.0
2021-03-15,Wind,5470.307
2021-03-15,Wood,768.468
2021-03-16,Coal,15594.066
2021-03-16,Gas,9722.275
2021-03-16,Geothermal,21466.719
2021-03-16,Hydro,54234.279
2021-03-16,Liquid fuel,0.0
2021-03-16,Wind,9284.067
2021-03-16,Wood,810.704
2021-03-17,Coal,15652.435
2021-03-17,Gas,9130.933
2021-03-17,Geothermal,21475.294
2021-03-17,Hydro,59157.082
2021-03-17,Liquid fuel,0.0
2021-03-17,Wind,4214.742
2021-03-17,Wood,849.664
2021-03-18,Coal,14756.187
2021-03-18,Gas,9819.521
2021-03-18,Geothermal,21321.736
2021-03-18,Hydro,57078.177
2021-03-18,Liquid fuel,0.0
2021-03-18,Wind,6532.669
2021-03-18,Wood,790.96
2021-03-19,Coal,14919.144
2021-03-19,Gas,9547.079
2021-03-19,Geothermal,21648.674
2021-03-19,Hydro,60813.169
2021-03-19,Liquid fuel,0.0
2021-03-19,Wind,2158.447
2021-03-19,Wood,840.284
2021-03-20,Coal,11497.083
2021-03-20,Gas,9953.96
2021-03-20,Geothermal,21894.114
2021-03-20,Hydro,55065.888
2021-03-20,Liquid fuel,0.0
2021-03-20,Wind,2987.073
2021-03-20,Wood,807.608
2021-03-21,Coal,11399.765
2021-03-21,Gas,9849.564
2021-03-21,Geothermal,21868.627
2021-03-21,Hydro,54386.736
2021-03-21,Liquid fuel,0.0
2021-03-21,Wind,2016.352
2021-03-21,Wood,743.023
2021-03-22,Coal,11494.166
2021-03-22,Gas,11270.909
2021-03-22,Geothermal,21996.975
2021-03-22,Hydro,63192.596
2021-03-22,Liquid fuel,0.0
2021-03-22,Wind,2004.043
2021-03-22,Wood,760.138
2021-03-23,Coal,11517.692
2021-03-23,Gas,10746.678
2021-03-23,Geothermal,21724.781
2021-03-23,Hydro,66572.827
2021-03-23,Liquid fuel,334.814
2021-03-23,Wind,643.005
2021-03-23,Wood,815.09
2021-03-24,Coal,11423.243
2021-03-24,Gas,9413.244
2021-03-24,Geothermal,22264.267
2021-03-24,Hydro,66195.878
2021-03-24,Liquid fuel,946.021
2021-03-24,Wind,1940.605
2021-03-24,Wood,876.51
2021-03-25,Coal,11019.42
2021-03-25,Gas,11823.294
2021-03-25,Geothermal,22144.77
2021-03-25,Hydro,63853.055
2021-03-25,Liquid fuel,31.559
2021-03-25,Wind,3319.186
2021-03-25,Wood,886.699
2021-03-26,Coal,11483.413
2021-03-26,Gas,16001.17
2021-03-26,Geothermal,22275.11
2021-03-26,Hydro,57942.315
2021-03-26,Liquid fuel,0.0
2021-03-26,Wind,2840.266
2021-03-26,Wood,817.439
2021-03-27,Coal,11487.58
2021-03-27,Gas,13512.893
2021-03-27,Geothermal,22133.545
2021-03-27,Hydro,50486.518
2021-03-27,Liquid fuel,0.0
2021-03-27,Wind,3803.449
2021-03-27,Wood,825.261
2021-03-28,Coal,11217.433
2021-03-28,Gas,13951.964
2021-03-28,Geothermal,22046.873
2021-03-28,Hydro,45902.061
2021-03-28,Liquid fuel,0.0
2021-03-28,Wind,6617.754
2021-03-28,Wood,741.928
2021-03-29,Coal,11854.367
2021-03-29,Gas,15003.355
2021-03-29,Geothermal,21717.18
2021-03-29,Hydro,55930.041
2021-03-29,Liquid fuel,0.0
2021-03-29,Wind,7028.994
2021-03-29,Wood,774.362
2021-03-30,Coal,15689.152
2021-03-30,Gas,14678.224
2021-03-30,Geothermal,20715.905
2021-03-30,Hydro,60615.064
2021-03-30,Liquid fuel,0.0
2021-03-30,Wind,1753.293
2021-03-30,Wood,806.342
2021-03-31,Coal,15980.496
2021-03-31,Gas,13819.477
2021-03-31,Geothermal,19860.493
2021-03-31,Hydro,59717.823
2021-03-31,Liquid fuel,0.0
2021-03-31,Wind,3527.316
2021-03-31,Wood,698.69
2021-04-01,Coal,11041.388
2021-04-01,Gas,15207.52
2021-04-01,Geothermal,20570.152
2021-04-01,Hydro,54692.567
2021-04-01,Liquid fuel,0.0
2021-04-01,Wind,9847.616
2021-04-01,Wood,832.399
2021-04-02,Coal,11233.021
2021-04-02,Gas,9643.537
2021-04-02,Geothermal,22323.545
2021-04-02,Hydro,47886.638
2021-04-02,Liquid fuel,0.0
2021-04-02,Wind,9419.907
2021-04-02,Wood,840.974
2021-04-03,Coal,11412.405
2021-04-03,Gas,10261.407
2021-04-03,Geothermal,21679.013
2021-04-03,Hydro,48884.296
2021-04-03,Liquid fuel,0.0
2021-04-03,Wind,5351.932
2021-04-03,Wood,824.619
2021-04-04,Coal,10941.814
2021-04-04,Gas,10291.188
2021-04-04,Geothermal,22694.664
2021-04-04,Hydro,42670.698
2021-04-04,Liquid fuel,0.0
2021-04-04,Wind,12326.458
2021-04-04,Wood,771.764
2021-04-05,Coal,10791.591
2021-04-05,Gas,9721.453
2021-04-05,Geothermal,21752.797
2021-04-05,Hydro,45531.705
2021-04-05,Liquid fuel,0.0
2021-04-05,Wind,11011.45
2021-04-05,Wood,783.415
2021-04-06,Coal,15317.784
2021-04-06,Gas,10756.307
2021-04-06,Geothermal,21673.677
2021-04-06,Hydro,55269.629
2021-04-06,Liquid fuel,0.0
2021-04-06,Wind,6185.493
2021-04-06,Wood,467.024
2021-04-07,Coal,16772.119
2021-04-07,Gas,11538.07
2021-04-07,Geothermal,21896.219
2021-04-07,Hydro,58696.339
2021-04-07,Liquid fuel,0.0
2021-04-07,Wind,2673.628
2021-04-07,Wood,538.484
2021-04-08,Coal,16743.869
2021-04-08,Gas,11465.819
2021-04-08,Geothermal,21703.884
2021-04-08,Hydro,60181.533
2021-04-08,Liquid fuel,152.827
2021-04-08,Wind,1949.132
2021-04-08,Wood,794.803
2021-04-09,Coal,16634.918
2021-04-09,Gas,10044.405
2021-04-09,Geothermal,21529.501
2021-04-09,Hydro,59313.695
2021-04-09,Liquid fuel,681.992
2021-04-09,Wind,3640.423
2021-04-09,Wood,773.892
2021-04-10,Coal,16116.346
2021-04-10,Gas,10095.859
2021-04-10,Geothermal,21414.843
2021-04-10,Hydro,48768.422
2021-04-10,Liquid fuel,615.131
2021-04-10,Wind,7427.154
2021-04-10,Wood,791.339
2021-04-11,Coal,12118.498
2021-04-11,Gas,8622.853
2021-04-11,Geothermal,21116.253
2021-04-11,Hydro,50904.921
2021-04-11,Liquid fuel,52.015
2021-04-11,Wind,7131.732
2021-04-11,Wood,782.209
2021-04-12,Coal,16722.08
2021-04-12,Gas,9439.457
2021-04-12,Geothermal,21109.092
2021-04-12,Hydro,59785.513
2021-04-12,Liquid fuel,344.902
2021-04-12,Wind,2475.101
2021-04-12,Wood,798.998
2021-04-13,Coal,16684.593
2021-04-13,Gas,9908.674
2021-04-13,Geothermal,20427.379
2021-04-13,Hydro,56987.098
2021-04-13,Liquid fuel,520.399
2021-04-13,Wind,7074.083
2021-04-13,Wood,803.895
2021-04-14,Coal,16513.705
2021-04-14,Gas,10170.631
2021-04-14,Geothermal,19838.306
2021-04-14,Hydro,61115.246
2021-04-14,Liquid fuel,764.779
2021-04-14,Wind,3136.571
2021-04-14,Wood,789.86
2021-04-15,Coal,16857.742
2021-04-15,Gas,9015.156
2021-04-15,Geothermal,20286.916
2021-04-15,Hydro,56317.494
2021-04-15,Liquid fuel,98.086
2021-04-15,Wind,9203.837
2021-04-15,Wood,715.172
2021-04-16,Coal,15945.871
2021-04-16,Gas,7631.8
2021-04-16,Geothermal,21323.45
2021-04-16,Hydro,53473.183
2021-04-16,Liquid fuel,5.918
2021-04-16,Wind,11830.694
2021-04-16,Wood,834.663
2021-04-17,Coal,16139.689
2021-04-17,Gas,7015.509
2021-04-17,Geothermal,21665.649
2021-04-17,Hydro,50200.095
2021-04-17,Liquid fuel,0.0
2021-04-17,Wind,6189.971
2021-04-17,Wood,831.597
2021-04-18,Coal,15467.699
2021-04-18,Gas,6561.324
2021-04-18,Geothermal,21709.415
2021-04-18,Hydro,45483.734
2021-04-18,Liquid fuel,0.0
2021-04-18,Wind,10247.313
2021-04-18,Wood,819.48
2021-04-19,Coal,16318.944
2021-04-19,Gas,9805.32
2021-04-19,Geothermal,21123.685
2021-04-19,Hydro,51816.643
2021-04-19,Liquid fuel,0.0
2021-04-19,Wind,10406.598
2021-04-19,Wood,807.659
2021-04-20,Coal,16913.326
2021-04-20,Gas,11322.023
2021-04-20,Geothermal,21240.096
2021-04-20,Hydro,57042.611
2021-04-20,Liquid fuel,153.527
2021-04-20,Wind,6068.685
2021-04-20,Wood,643.24
2021-04-21,Coal,16997.683
2021-04-21,Gas,10325.461
2021-04-21,Geothermal,21216.953
2021-04-21,Hydro,59033.487
2021-04-21,Liquid fuel,0.0
2021-04-21,Wind,2724.372
2021-04-21,Wood,772.57
2021-04-22,Coal,17053.377
2021-04-22,Gas,9938.569
2021-04-22,Geothermal,21486.851
2021-04-22,Hydro,58776.773
2021-04-22,Liquid fuel,0.0
2021-04-22,Wind,3258.834
2021-04-22,Wood,806.451
2021-04-23,Coal,16988.87
2021-04-23,Gas,9598.477
2021-04-23,Geothermal,21380.971
2021-04-23,Hydro,55490.477
2021-04-23,Liquid fuel,0.0
2021-04-23,Wind,6403.273
2021-04-23,Wood,678.848
2021-04-24,Coal,16990.018
2021-04-24,Gas,9208.173
2021-04-24,Geothermal,21065.363
2021-04-24,Hydro,46235.787
2021-04-24,Liquid fuel,0.0
2021-04-24,Wind,7460.867
2021-04-24,Wood,787.755
2021-04-25,Coal,16361.978
2021-04-25,Gas,9232.309
2021-04-25,Geothermal,21494.285
2021-04-25,Hydro,42200.236
2021-04-25,Liquid fuel,0.0
2021-04-25,Wind,10291.014
2021-04-25,Wood,763.201
2021-04-26,Coal,16531.164
2021-04-26,Gas,9743.542
2021-04-26,Geothermal,21579.526
2021-04-26,Hydro,45831.411
2021-04-26,Liquid fuel,0.0
2021-04-26,Wind,9197.61
2021-04-26,Wood,793.456
2021-04-27,Coal,16603.264
2021-04-27,Gas,11852.126
2021-04-27,Geothermal,21613.519
2021-04-27,Hydro,58865.517
2021-04-27,Liquid fuel,0.0
2021-04-27,Wind,6370.42
2021-04-27,Wood,801.19
2021-04-28,Coal,17213.768
2021-04-28,Gas,13432.28
2021-04-28,Geothermal,21959.626
2021-04-28,Hydro,62319.985
2021-04-28,Liquid fuel,378.829
2021-04-28,Wind,1561.131
2021-04-28,Wood,375.849
2021-04-29,Coal,17035.197
2021-04-29,Gas,12842.446
2021-04-29,Geothermal,22110.759
2021-04-29,Hydro,60515.296
2021-04-29,Liquid fuel,376.424
2021-04-29,Wind,3277.273
2021-04-29,Wood,744.993
2021-04-30,Coal,14327.786
2021-04-30,Gas,11445.746
2021-04-30,Geothermal,21940.814
2021-04-30,Hydro,59585.719
2021-04-30,Liquid fuel,0.0
2021-04-30,Wind,7199.374
2021-04-30,Wood,812.298
2021-05-01,Coal,15755.538
2021-05-01,Gas,12606.018
2021-05-01,Geothermal,21164.057
2021-05-01,Hydro,50049.93
2021-05-01,Liquid fuel,0.0
2021-05-01,Wind,4923.801
2021-05-01,Wood,830.588
2021-05-02,Coal,17044.11
2021-05-02,Gas,13324.446
2021-05-02,Geothermal,21431.424
2021-05-02,Hydro,51858.47
2021-05-02,Liquid fuel,0.0
2021-05-02,Wind,784.734
2021-05-02,Wood,767.359
2021-05-03,Coal,15306.898
2021-05-03,Gas,18327.592
2021-05-03,Geothermal,21297.712
2021-05-03,Hydro,59107.251
2021-05-03,Liquid fuel,499.844
2021-05-03,Wind,1680.139
2021-05-03,Wood,789.512
2021-05-04,Coal,16877.82
2021-05-04,Gas,16342.384
2021-05-04,Geothermal,21348.416
2021-05-04,Hydro,53682.291
2021-05-04,Liquid fuel,230.428
2021-05-04,Wind,7962.355
2021-05-04,Wood,808.039
2021-05-05,Coal,16496.299
2021-05-05,Gas,17308.843
2021-05-05,Geothermal,21156.814
2021-05-05,Hydro,49913.544
2021-05-05,Liquid fuel,350.719
2021-05-05,Wind,9063.965
2021-05-05,Wood,839.654
2021-05-06,Coal,16701.374
2021-05-06,Gas,17780.904
2021-05-06,Geothermal,21161.288
2021-05-06,Hydro,52511.161
2021-05-06,Liquid fuel,369.678
2021-05-06,Wind,6081.193
2021-05-06,Wood,724.606
2021-05-07,Coal,15967.419
2021-05-07,Gas,17798.981
2021-05-07,Geothermal,21067.073
2021-05-07,Hydro,53721.921
2021-05-07,Liquid fuel,0.0
2021-05-07,Wind,4854.714
2021-05-07,Wood,789.631
2021-05-08,Coal,13514.19
2021-05-08,Gas,16248.844
2021-05-08,Geothermal,20996.35
2021-05-08,Hydro,47673.999
2021-05-08,Liquid fuel,0.0
2021-05-08,Wind,4593.942
2021-05-08,Wood,668.25
2021-05-09,Coal,9243.127
2021-05-09,Gas,16605.334
2021-05-09,Geothermal,20921.49
2021-05-09,Hydro,41611.03
2021-05-09,Liquid fuel,0.0
2021-05-09,Wind,10746.063
2021-05-09,Wood,833.564
2021-05-10,Coal,12678.632
2021-05-10,Gas,14621.337
2021-05-10,Geothermal,20669.559
2021-05-10,Hydro,51938.466
2021-05-10,Liquid fuel,0.0
2021-05-10,Wind,9563.648
2021-05-10,Wood,838.672
2021-05-11,Coal,10681.328
2021-05-11,Gas,15267.933
2021-05-11,Geothermal,20217.873
2021-05-11,Hydro,52686.438
2021-05-11,Liquid fuel,0.0
2021-05-11,Wind,12209.043
2021-05-11,Wood,877.647
2021-05-12,Coal,12172.144
2021-05-12,Gas,14451.234
2021-05-12,Geothermal,20692.906
2021-05-12,Hydro,57024.331
2021-05-12,Liquid fuel,0.0
2021-05-12,Wind,11297.668
2021-05-12,Wood,776.15
2021-05-13,Coal,14560.988
2021-05-13,Gas,16402.791
2021-05-13,Geothermal,21128.354
2021-05-13,Hydro,61674.643
2021-05-13,Liquid fuel,0.0
2021-05-13,Wind,7174.804
2021-05-13,Wood,794.048
2021-05-14,Coal,15256.69
2021-05-14,Gas,16486.374
2021-05-14,Geothermal,21297.43
2021-05-14,Hydro,65445.322
2021-05-14,Liquid fuel,13.913
2021-05-14,Wind,2630.216
2021-05-14,Wood,803.141
2021-05-15,Coal,9919.744
2021-05-15,Gas,14855.567
2021-05-15,Geothermal,21259.701
2021-05-15,Hydro,48787.734
2021-05-15,Liquid fuel,0.0
2021-05-15,Wind,9703.31
2021-05-15,Wood,812.58
2021-05-16,Coal,10450.104
2021-05-16,Gas,15190.99
2021-05-16,Geothermal,20851.857
2021-05-16,Hydro,48778.838
2021-05-16,Liquid fuel,0.0
2021-05-16,Wind,9607.706
2021-05-16,Wood,835.523
2021-05-17,Coal,12900.586
2021-05-17,Gas,16265.609
2021-05-17,Geothermal,20340.135
2021-05-17,Hydro,58559.793
2021-05-17,Liquid fuel,0.0
2021-05-17,Wind,8192.17
2021-05-17,Wood,829.988
2021-05-18,Coal,12362.148
2021-05-18,Gas,16376.148
2021-05-18,Geothermal,20514.76
2021-05-18,Hydro,57799.049
2021-05-18,Liquid fuel,0.0
2021-05-18,Wind,13176.855
2021-05-18,Wood,840.454
2021-05-19,Coal,11036.228
2021-05-19,Gas,17475.897
2021-05-19,Geothermal,20248.649
2021-05-19,Hydro,58919.133
2021-05-19,Liquid fuel,0.0
2021-05-19,Wind,11430.756
2021-05-19,Wood,868.795
2021-05-20,Coal,13192.91
2021-05-20,Gas,17073.969
2021-05-20,Geothermal,20733.827
2021-05-20,Hydro,60153.665
2021-05-20,Liquid fuel,0.0
2021-05-20,Wind,4952.944
2021-05-20,Wood,715.857
2021-05-21,Coal,12216.23
2021-05-21,Gas,16681.188
2021-05-21,Geothermal,20732.256
2021-05-21,Hydro,58108.445
2021-05-21,Liquid fuel,0.0
2021-05-21,Wind,8585.075
2021-05-21,Wood,632.404
2021-05-22,Coal,10732.064
2021-05-22,Gas,17175.547
2021-05-22,Geothermal,20637.232
2021-05-22,Hydro,54618.629
2021-05-22,Liquid fuel,0.0
2021-05-22,Wind,6612.756
2021-05-22,Wood,740.646
2021-05-23,Coal,9528.86
2021-05-23,Gas,18345.662
2021-05-23,Geothermal,20448.727
2021-05-23,Hydro,54517.58
2021-05-23,Liquid fuel,0.0
2021-05-23,Wind,9234.647
2021-05-23,Wood,832.339
2021-05-24,Coal,13049.301
2021-05-24,Gas,17938.147
2021-05-24,Geothermal,20335.518
2021-05-24,Hydro,59937.318
2021-05-24,Liquid fuel,0.0
2021-05-24,Wind,12448.344
2021-05-24,Wood,742.487
2021-05-25,Coal,13340.484
2021-05-25,Gas,19320.342
2021-05-25,Geothermal,20515.885
2021-05-25,Hydro,62078.164
2021-05-25,Liquid fuel,0.0
2021-05-25,Wind,9789.27
2021-05-25,Wood,610.861
2021-05-26,Coal,15769.452
2021-05-26,Gas,20612.428
2021-05-26,Geothermal,19861.82
2021-05-26,Hydro,67438.837
2021-05-26,Liquid fuel,348.368
2021-05-26,Wind,3237.851
2021-05-26,Wood,709.64
2021-05-27,Coal,15513.955
2021-05-27,Gas,20173.702
2021-05-27,Geothermal,20464.105
2021-05-27,Hydro,67378.246
2021-05-27,Liquid fuel,577.279
2021-05-27,Wind,2596.638
2021-05-27,Wood,708.92
2021-05-28,Coal,14324.813
2021-05-28,Gas,21303.391
2021-05-28,Geothermal,20791.826
2021-05-28,Hydro,65999.6
2021-05-28,Liquid fuel,814.92
2021-05-28,Wind,4824.564
2021-05-28,Wood,834.077
2021-05-29,Coal,10801.552
2021-05-29,Gas,19663.701
2021-05-29,Geothermal,20506.468
2021-05-29,Hydro,60647.686
2021-05-29,Liquid fuel,102.515
2021-05-29,Wind,5144.343
2021-05-29,Wood,801.865
2021-05-30,Coal,10783.881
2021-05-30,Gas,19108.538
2021-05-30,Geothermal,20557.704
2021-05-30,Hydro,59732.503
2021-05-30,Liquid fuel,0.0
2021-05-30,Wind,2732.277
2021-05-30,Wood,820.69
2021-05-31,Coal,13442.403
2021-05-31,Gas,19038.106
2021-05-31,Geothermal,20612.012
2021-05-31,Hydro,66844.438
2021-05-31,Liquid fuel,1895.695
2021-05-31,Wind,3543.97
2021-05-31,Wood,837.366
2021-06-01,Coal,11863.88
2021-06-01,Gas,19704.852
2021-06-01,Geothermal,20497.709
2021-06-01,Hydro,65946.41
2021-06-01,Liquid fuel,909.635
2021-06-01,Wind,5379.597
2021-06-01,Wood,849.846
2021-06-02,Coal,12816.512
2021-06-02,Gas,20165.625
2021-06-02,Geothermal,20790.986
2021-06-02,Hydro,67012.298
2021-06-02,Liquid fuel,1126.178
2021-06-02,Wind,3925.238
2021-06-02,Wood,759.216
2021-06-03,Coal,12478.799
2021-06-03,Gas,21151.551
2021-06-03,Geothermal,20766.686
2021-06-03,Hydro,64905.671
2021-06-03,Liquid fuel,632.887
2021-06-03,Wind,4199.941
2021-06-03,Wood,825.566
2021-06-04,Coal,13256.27
2021-06-04,Gas,21476.021
2021-06-04,Geothermal,21003.406
2021-06-04,Hydro,60890.49
2021-06-04,Liquid fuel,99.377
2021-06-04,Wind,5206.331
2021-06-04,Wood,847.858
2021-06-05,Coal,11053.119
2021-06-05,Gas,20598.574
2021-06-05,Geothermal,21249.679
2021-06-05,Hydro,51282.637
2021-06-05,Liquid fuel,0.0
2021-06-05,Wind,7476.766
2021-06-05,Wood,798.069
2021-06-06,Coal,10519.831
2021-06-06,Gas,20333.524
2021-06-06,Geothermal,21045.147
2021-06-06,Hydro,52490.101
2021-06-06,Liquid fuel,0.0
2021-06-06,Wind,3475.451
2021-06-06,Wood,836.861
2021-06-07,Coal,9679.484
2021-06-07,Gas,19355.449
2021-06-07,Geothermal,18823.173
2021-06-07,Hydro,57493.608
2021-06-07,Liquid fuel,0.0
2021-06-07,Wind,5702.707
2021-06-07,Wood,747.054
2021-06-08,Coal,11850.254
2021-06-08,Gas,20526.404
2021-06-08,Geothermal,18469.166
2021-06-08,Hydro,63439.034
2021-06-08,Liquid fuel,0.0
2021-06-08,Wind,6392.776
2021-06-08,Wood,851.952
2021-06-09,Coal,13660.75
2021-06-09,Gas,22471.406
2021-06-09,Geothermal,18472.477
2021-06-09,Hydro,61736.931
2021-06-09,Liquid fuel,0.0
2021-06-09,Wind,3966.205
2021-06-09,Wood,839.988
2021-06-10,Coal,13818.094
2021-06-10,Gas,22047.434
2021-06-10,Geothermal,18439.645
2021-06-10,Hydro,61017.608
2021-06-10,Liquid fuel,0.0
2021-06-10,Wind,2492.818
2021-06-10,Wood,792.608
2021-06-11,Coal,14272.667
2021-06-11,Gas,22272.592
2021-06-11,Geothermal,18576.466
2021-06-11,Hydro,61737.108
2021-06-11,Liquid fuel,0.0
2021-06-11,Wind,1329.383
2021-06-11,Wood,814.841
2021-06-12,Coal,12920.03
2021-06-12,Gas,22028.902
2021-06-12,Geothermal,18727.074
2021-06-12,Hydro,54361.622
2021-06-12,Liquid fuel,0.0
2021-06-12,Wind,998.195
2021-06-12,Wood,693.025
2021-06-13,Coal,9647.935
2021-06-13,Gas,21017.407
2021-06-13,Geothermal,18761.069
2021-06-13,Hydro,49317.159
2021-06-13,Liquid fuel,0.0
2021-06-13,Wind,8048.594
2021-06-13,Wood,426.282
2021-06-14,Coal,12505.077
2021-06-14,Gas,20142.844
2021-06-14,Geothermal,18683.156
2021-06-14,Hydro,60441.809
2021-06-14,Liquid fuel,0.0
2021-06-14,Wind,5057.981
2021-06-14,Wood,305.414
2021-06-15,Coal,12654.706
2021-06-15,Gas,19842.638
2021-06-15,Geothermal,18316.225
2021-06-15,Hydro,63386.111
2021-06-15,Liquid fuel,0.0
2021-06-15,Wind,5060.247
2021-06-15,Wood,300.177
2021-06-16,Coal,11420.427
2021-06-16,Gas,19045.501
2021-06-16,Geothermal,18368.172
2021-06-16,Hydro,62886.22
2021-06-16,Liquid fuel,0.0
2021-06-16,Wind,6196.971
2021-06-16,Wood,327.405
2021-06-17,Coal,12497.925
2021-06-17,Gas,19566.346
2021-06-17,Geothermal,18675.169
2021-06-17,Hydro,64024.623
2021-06-17,Liquid fuel,0.0
2021-06-17,Wind,4830.783
2021-06-17,Wood,278.496
2021-06-18,Coal,14014.533
2021-06-18,Gas,19955.146
2021-06-18,Geothermal,18877.46
2021-06-18,Hydro,65590.928
2021-06-18,Liquid fuel,0.0
2021-06-18,Wind,3809.427
2021-06-18,Wood,242.403
2021-06-19,Coal,10830.172
2021-06-19,Gas,18765.47
2021-06-19,Geothermal,18780.157
2021-06-19,Hydro,57331.896
2021-06-19,Liquid fuel,0.0
2021-06-19,Wind,8503.432
2021-06-19,Wood,228.856
2021-06-20,Coal,9775.014
2021-06-20,Gas,18120.897
2021-06-20,Geothermal,18588.636
2021-06-20,Hydro,55631.447
2021-06-20,Liquid fuel,0.0
2021-06-20,Wind,9402.739
2021-06-20,Wood,236.576
2021-06-21,Coal,11955.034
2021-06-21,Gas,18650.587
2021-06-21,Geothermal,18562.901
2021-06-21,Hydro,61011.61
2021-06-21,Liquid fuel,0.0
2021-06-21,Wind,10952.834
2021-06-21,Wood,243.948
2021-06-22,Coal,12251.898
2021-06-22,Gas,18875.918
2021-06-22,Geothermal,18465.499
2021-06-22,Hydro,65751.353
2021-06-22,Liquid fuel,0.0
2021-06-22,Wind,6991.254
2021-06-22,Wood,5.665
2021-06-23,Coal,15560.503
2021-06-23,Gas,20459.365
2021-06-23,Geothermal,18213.335
2021-06-23,Hydro,72028.5
2021-06-23,Liquid fuel,17.7
2021-06-23,Wind,1386.011
2021-06-23,Wood,34.704
2021-06-24,Coal,15422.784
2021-06-24,Gas,20446.927
2021-06-24,Geothermal,17920.853
2021-06-24,Hydro,65683.862
2021-06-24,Liquid fuel,34.6
2021-06-24,Wind,9893.679
2021-06-24,Wood,305.234
2021-06-25,Coal,13103.64
2021-06-25,Gas,18451.56
2021-06-25,Geothermal,18626.425
2021-06-25,Hydro,60832.507
2021-06-25,Liquid fuel,0.0
2021-06-25,Wind,12217.585
2021-06-25,Wood,341.633
2021-06-26,Coal,4666.319
2021-06-26,Gas,17276.289
2021-06-26,Geothermal,18757.355
2021-06-26,Hydro,56289.482
2021-06-26,Liquid fuel,0.0
2021-06-26,Wind,12945.443
2021-06-26,Wood,309.589
2021-06-27,Coal,4608.894
2021-06-27,Gas,15811.302
2021-06-27,Geothermal,18750.363
2021-06-27,Hydro,56850.296
2021-06-27,Liquid fuel,0.0
2021-06-27,Wind,11593.335
2021-06-27,Wood,288.743
2021-06-28,Coal,7022.784
2021-06-28,Gas,18266.604
2021-06-28,Geothermal,18583.925
2021-06-28,Hydro,66391.502
2021-06-28,Liquid fuel,0.0
2021-06-28,Wind,12182.763
2021-06-28,Wood,227.978
2021-06-29,Coal,11998.395
2021-06-29,Gas,21121.782
2021-06-29,Geothermal,18753.738
2021-06-29,Hydro,73750.025
2021-06-29,Liquid fuel,65.262
2021-06-29,Wind,9566.662
2021-06-29,Wood,265.9
2021-06-30,Coal,16288.207
2021-06-30,Gas,20780.022
2021-06-30,Geothermal,18857.352
2021-06-30,Hydro,74315.794
2021-06-30,Liquid fuel,28.955
2021-06-30,Wind,3993.194
2021-06-30,Wood,279.911
2021-07-01,Coal,12668.672
2021-07-01,Gas,20626.055
2021-07-01,Geothermal,19210.069
2021-07-01,Hydro,74625.479
2021-07-01,Liquid fuel,0.0
2021-07-01,Wind,2395.931
2021-07-01,Wood,253.818
2021-07-02,Coal,12619.474
2021-07-02,Gas,21886.053
2021-07-02,Geothermal,19451.241
2021-07-02,Hydro,74650.749
2021-07-02,Liquid fuel,0.0
2021-07-02,Wind,1751.292
2021-07-02,Wood,195.278
2021-07-03,Coal,10188.397
2021-07-03,Gas,22299.092
2021-07-03,Geothermal,19526.739
2021-07-03,Hydro,68255.437
2021-07-03,Liquid fuel,0.0
2021-07-03,Wind,1691.9
2021-07-03,Wood,376.27
2021-07-04,Coal,9869.407
2021-07-04,Gas,23191.981
2021-07-04,Geothermal,19559.795
2021-07-04,Hydro,66737.847
2021-07-04,Liquid fuel,0.0
2021-07-04,Wind,2584.469
2021-07-04,Wood,301.906
2021-07-05,Coal,13316.285
2021-07-05,Gas,21551.391
2021-07-05,Geothermal,19481.715
2021-07-05,Hydro,70325.033
2021-07-05,Liquid fuel,0.0
2021-07-05,Wind,9510.465
2021-07-05,Wood,319.068
2021-07-06,Coal,10847.427
2021-07-06,Gas,20309.765
2021-07-06,Geothermal,19207.675
2021-07-06,Hydro,67764.307
2021-07-06,Liquid fuel,0.0
2021-07-06,Wind,10010.651
2021-07-06,Wood,498.976
2021-07-07,Coal,8835.64
2021-07-07,Gas,19639.977
2021-07-07,Geothermal,18794.41
2021-07-07,Hydro,69390.061
2021-07-07,Liquid fuel,0.0
2021-07-07,Wind,8279.573
2021-07-07,Wood,611.217
2021-07-08,Coal,10848.043
2021-07-08,Gas,20333.979
2021-07-08,Geothermal,18489.211
2021-07-08,Hydro,73778.901
2021-07-08,Liquid fuel,0.0
2021-07-08,Wind,5914.759
2021-07-08,Wood,743.348
2021-07-09,Coal,10412.381
2021-07-09,Gas,20513.923
2021-07-09,Geothermal,18858.635
2021-07-09,Hydro,70282.605
2021-07-09,Liquid fuel,0.0
2021-07-09,Wind,8556.472
2021-07-09,Wood,816.234
2021-07-10,Coal,6802.449
2021-07-10,Gas,18987.91
2021-07-10,Geothermal,19053.597
2021-07-10,Hydro,66757.829
2021-07-10,Liquid fuel,0.0
2021-07-10,Wind,6964.528
2021-07-10,Wood,824.123
2021-07-11,Coal,7165.36
2021-07-11,Gas,20291.792
2021-07-11,Geothermal,19200.826
2021-07-11,Hydro,68725.031
2021-07-11,Liquid fuel,0.0
2021-07-11,Wind,5814.359
2021-07-11,Wood,743.128
2021-07-12,Coal,8975.329
2021-07-12,Gas,23549.282
2021-07-12,Geothermal,19013.12
2021-07-12,Hydro,81839.367
2021-07-12,Liquid fuel,153.002
2021-07-12,Wind,4530.854
2021-07-12,Wood,739.859
2021-07-13,Coal,11122.969
2021-07-13,Gas,20757.612
2021-07-13,Geothermal,18998.454
2021-07-13,Hydro,81058.062
2021-07-13,Liquid fuel,87.69
2021-07-13,Wind,3669.66
2021-07-13,Wood,807.692
2021-07-14,Coal,11152.846
2021-07-14,Gas,19910.671
2021-07-14,Geothermal,19054.65
2021-07-14,Hydro,78935.143
2021-07-14,Liquid fuel,29.966
2021-07-14,Wind,7240.358
2021-07-14,Wood,517.972
2021-07-15,Coal,8974.379
2021-07-15,Gas,20653.065
2021-07-15,Geothermal,19024.436
2021-07-15,Hydro,69206.796
2021-07-15,Liquid fuel,0.0
2021-07-15,Wind,11510.582
2021-07-15,Wood,549.518
2021-07-16,Coal,6246.471
2021-07-16,Gas,19910.954
2021-07-16,Geothermal,19152.099
2021-07-16,Hydro,66367.208
2021-07-16,Liquid fuel,0.0
2021-07-16,Wind,12308.667
2021-07-16,Wood,752.917
2021-07-17,Coal,2018.678
2021-07-17,Gas,18674.312
2021-07-17,Geothermal,19039.409
2021-07-17,Hydro,60729.946
2021-07-17,Liquid fuel,0.0
2021-07-17,Wind,12083.026
2021-07-17,Wood,840.163
2021-07-18,Coal,186.145
2021-07-18,Gas,15321.086
2021-07-18,Geothermal,18792.165
2021-07-18,Hydro,66160.756
2021-07-18,Liquid fuel,0.0
2021-07-18,Wind,8909.683
2021-07-18,Wood,792.703
2021-07-19,Coal,3307.316
2021-07-19,Gas,20554.718
2021-07-19,Geothermal,18908.312
2021-07-19,Hydro,75138.953
2021-07-19,Liquid fuel,0.0
2021-07-19,Wind,4420.614
2021-07-19,Wood,826.75
2021-07-20,Coal,6104.597
2021-07-20,Gas,21066.799
2021-07-20,Geothermal,20079.488
2021-07-20,Hydro,75408.087
2021-07-20,Liquid fuel,0.0
2021-07-20,Wind,2482.272
2021-07-20,Wood,818.671
2021-07-21,Coal,5880.494
2021-07-21,Gas,20727.331
2021-07-21,Geothermal,21526.499
2021-07-21,Hydro,73092.319
2021-07-21,Liquid fuel,0.0
2021-07-21,Wind,7368.411
2021-07-21,Wood,819.007
2021-07-22,Coal,3010.716
2021-07-22,Gas,19014.977
2021-07-22,Geothermal,21502.005
2021-07-22,Hydro,69981.258
2021-07-22,Liquid fuel,0.0
2021-07-22,Wind,9115.429
2021-07-22,Wood,823.261
2021-07-23,Coal,3700.328
2021-07-23,Gas,20051.13
2021-07-23,Geothermal,22208.533
2021-07-23,Hydro,76114.26
2021-07-23,Liquid fuel,0.0
2021-07-23,Wind,2393.35
2021-07-23,Wood,824.683
2021-07-24,Coal,4292.227
2021-07-24,Gas,18974.374
2021-07-24,Geothermal,22323.266
2021-07-24,Hydro,68559.945
2021-07-24,Liquid fuel,0.0
2021-07-24,Wind,1333.034
2021-07-24,Wood,848.323
2021-07-25,Coal,1588.583
2021-07-25,Gas,19461.197
2021-07-25,Geothermal,22188.496
2021-07-25,Hydro,65680.185
2021-07-25,Liquid fuel,0.0
2021-07-25,Wind,5442.874
2021-07-25,Wood,830.264
2021-07-26,Coal,3276.984
2021-07-26,Gas,19699.605
2021-07-26,Geothermal,21584.673
2021-07-26,Hydro,71151.26
2021-07-26,Liquid fuel,0.0
2021-07-26,Wind,7876.656
2021-07-26,Wood,654.893
2021-07-27,Coal,1351.177
2021-07-27,Gas,19265.667
2021-07-27,Geothermal,21809.354
2021-07-27,Hydro,75497.854
2021-07-27,Liquid fuel,0.0
2021-07-27,Wind,8833.424
2021-07-27,Wood,796.276
2021-07-28,Coal,3077.31
2021-07-28,Gas,19833.043
2021-07-28,Geothermal,22112.555
2021-07-28,Hydro,74890.203
2021-07-28,Liquid fuel,0.0
2021-07-28,Wind,5079.048
2021-07-28,Wood,836.154
2021-07-29,Coal,3605.013
2021-07-29,Gas,19225.524
2021-07-29,Geothermal,22034.5
2021-07-29,Hydro,77410.386
2021-07-29,Liquid fuel,10.991
2021-07-29,Wind,2398.132
2021-07-29,Wood,714.002
2021-07-30,Coal,4474.046
2021-07-30,Gas,19053.348
2021-07-30,Geothermal,22129.631
2021-07-30,Hydro,71568.611
2021-07-30,Liquid fuel,0.0
2021-07-30,Wind,2579.803
2021-07-30,Wood,724.858
2021-07-31,Coal,3946.729
2021-07-31,Gas,16041.354
2021-07-31,Geothermal,21711.679
2021-07-31,Hydro,65209.758
2021-07-31,Liquid fuel,0.0
2021-07-31,Wind,3053.585
2021-07-31,Wood,599.829
2021-08-01,Coal,5054.995
2021-08-01,Gas,14333.755
2021-08-01,Geothermal,21659.95
2021-08-01,Hydro,67888.203
2021-08-01,Liquid fuel,0.0
2021-08-01,Wind,1153.393
2021-08-01,Wood,328.376
2021-08-02,Coal,5283.271
2021-08-02,Gas,16277.384
2021-08-02,Geothermal,21549.936
2021-08-02,Hydro,78415.724
2021-08-02,Liquid fuel,13.055
2021-08-02,Wind,1154.048
2021-08-02,Wood,308.704
2021-08-03,Coal,5525.215
2021-08-03,Gas,18478.832
2021-08-03,Geothermal,21395.922
2021-08-03,Hydro,76796.429
2021-08-03,Liquid fuel,7.806
2021-08-03,Wind,6549.879
2021-08-03,Wood,697.942
2021-08-04,Coal,7263.201
2021-08-04,Gas,18263.271
2021-08-04,Geothermal,21844.859
2021-08-04,Hydro,76802.28
2021-08-04,Liquid fuel,304.641
2021-08-04,Wind,5005.723
2021-08-04,Wood,766.287
2021-08-05,Coal,7942.514
2021-08-05,Gas,17519.503
2021-08-05,Geothermal,22061.6
2021-08-05,Hydro,80003.776
2021-08-05,Liquid fuel,0.0
2021-08-05,Wind,3646.939
2021-08-05,Wood,820.11
2021-08-06,Coal,7739.309
2021-08-06,Gas,16806.374
2021-08-06,Geothermal,22002.825
2021-08-06,Hydro,77161.24
2021-08-06,Liquid fuel,0.0
2021-08-06,Wind,2498.272
2021-08-06,Wood,834.343
2021-08-07,Coal,3181.527
2021-08-07,Gas,15217.842
2021-08-07,Geothermal,21951.489
2021-08-07,Hydro,66167.662
2021-08-07,Liquid fuel,0.0
2021-08-07,Wind,8931.881
2021-08-07,Wood,837.677
2021-08-08,Coal,3253.594
2021-08-08,Gas,17912.682
2021-08-08,Geothermal,22030.12
2021-08-08,Hydro,69229.842
2021-08-08,Liquid fuel,30.981
2021-08-08,Wind,9364.082
2021-08-08,Wood,847.081
2021-08-09,Coal,7681.846
2021-08-09,Gas,18639.53
2021-08-09,Geothermal,22138.347
2021-08-09,Hydro,81752.534
2021-08-09,Liquid fuel,319.256
2021-08-09,Wind,9337.894
2021-08-09,Wood,864.348
2021-08-10,Coal,7095.396
2021-08-10,Gas,18440.786
2021-08-10,Geothermal,22181.103
2021-08-10,Hydro,81133.57
2021-08-10,Liquid fuel,296.751
2021-08-10,Wind,5447.793
2021-08-10,Wood,859.392
2021-08-11,Coal,5907.189
2021-08-11,Gas,16969.835
2021-08-11,Geothermal,22106.193
2021-08-11,Hydro,77664.629
2021-08-11,Liquid fuel,0.0
2021-08-11,Wind,5487.905
2021-08-11,Wood,846.683
2021-08-12,Coal,5367.923
2021-08-12,Gas,15250.845
2021-08-12,Geothermal,22089.498
2021-08-12,Hydro,72547.398
2021-08-12,Liquid fuel,0.0
2021-08-12,Wind,11366.041
2021-08-12,Wood,809.565
2021-08-13,Coal,4088.872
2021-08-13,Gas,15146.582
2021-08-13,Geothermal,22097.006
2021-08-13,Hydro,74286.477
2021-08-13,Liquid fuel,0.0
2021-08-13,Wind,9945.687
2021-08-13,Wood,212.613
2021-08-14,Coal,2689.882
2021-08-14,Gas,14183.235
2021-08-14,Geothermal,20576.951
2021-08-14,Hydro,68696.592
2021-08-14,Liquid fuel,0.0
2021-08-14,Wind,10712.677
2021-08-14,Wood,841.784
2021-08-15,Coal,3715.808
2021-08-15,Gas,13156.909
2021-08-15,Geothermal,19722.084
2021-08-15,Hydro,69825.114
2021-08-15,Liquid fuel,0.0
2021-08-15,Wind,8005.854
2021-08-15,Wood,688.675
2021-08-16,Coal,3250.376
2021-08-16,Gas,15508.396
2021-08-16,Geothermal,21514.384
2021-08-16,Hydro,72417.143
2021-08-16,Liquid fuel,0.0
2021-08-16,Wind,12594.564
2021-08-16,Wood,838.303
2021-08-17,Coal,3085.397
2021-08-17,Gas,15750.955
2021-08-17,Geothermal,20613.462
2021-08-17,Hydro,73975.769
2021-08-17,Liquid fuel,394.211
2021-08-17,Wind,12435.93
2021-08-17,Wood,861.567
2021-08-18,Coal,7041.286
2021-08-18,Gas,12464.031
2021-08-18,Geothermal,21344.005
2021-08-18,Hydro,68343.02
2021-08-18,Liquid fuel,72.288
2021-08-18,Wind,6846.012
2021-08-18,Wood,831.539
2021-08-19,Coal,5792.828
2021-08-19,Gas,12127.543
2021-08-19,Geothermal,21707.055
2021-08-19,Hydro,65523.222
2021-08-19,Liquid fuel,0.0
2021-08-19,Wind,10388.847
2021-08-19,Wood,806.481
2021-08-20,Coal,3656.521
2021-08-20,Gas,11943.359
2021-08-20,Geothermal,21619.975
2021-08-20,Hydro,65958.096
2021-08-20,Liquid fuel,0.0
2021-08-20,Wind,10544.605
2021-08-20,Wood,815.845
2021-08-21,Coal,5441.461
2021-08-21,Gas,15291.581
2021-08-21,Geothermal,21817.492
2021-08-21,Hydro,65347.918
2021-08-21,Liquid fuel,37.967
2021-08-21,Wind,4261.982
2021-08-21,Wood,861.912
2021-08-22,Coal,3961.08
2021-08-22,Gas,14824.352
2021-08-22,Geothermal,21855.575
2021-08-22,Hydro,60848.159
2021-08-22,Liquid fuel,0.0
2021-08-22,Wind,6521.047
2021-08-22,Wood,857.783
2021-08-23,Coal,4633.751
2021-08-23,Gas,12826.963
2021-08-23,Geothermal,21800.269
2021-08-23,Hydro,64388.364
2021-08-23,Liquid fuel,9.455
2021-08-23,Wind,7464.26
2021-08-23,Wood,849.577
2021-08-24,Coal,5083.192
2021-08-24,Gas,11405.203
2021-08-24,Geothermal,21823.32
2021-08-24,Hydro,59925.881
2021-08-24,Liquid fuel,15.185
2021-08-24,Wind,10735.859
2021-08-24,Wood,763.81
2021-08-25,Coal,4283.797
2021-08-25,Gas,11293.883
2021-08-25,Geothermal,21866.88
2021-08-25,Hydro,60077.738
2021-08-25,Liquid fuel,0.0
2021-08-25,Wind,10905.432
2021-08-25,Wood,642.356
2021-08-26,Coal,4063.312
2021-08-26,Gas,10172.583
2021-08-26,Geothermal,21550.024
2021-08-26,Hydro,63370.357
2021-08-26,Liquid fuel,0.0
2021-08-26,Wind,10674.828
2021-08-26,Wood,779.344
2021-08-27,Coal,1907.982
2021-08-27,Gas,10839.649
2021-08-27,Geothermal,21618.511
2021-08-27,Hydro,72751.991
2021-08-27,Liquid fuel,0.0
2021-08-27,Wind,6185.888
2021-08-27,Wood,825.837
2021-08-28,Coal,796.947
2021-08-28,Gas,11319.07
2021-08-28,Geothermal,21430.196
2021-08-28,Hydro,67338.422
2021-08-28,Liquid fuel,0.0
2021-08-28,Wind,3840.074
2021-08-28,Wood,799.087
2021-08-29,Coal,964.313
2021-08-29,Gas,11063.71
2021-08-29,Geothermal,21772.688
2021-08-29,Hydro,66773.914
2021-08-29,Liquid fuel,0.0
2021-08-29,Wind,1594.914
2021-08-29,Wood,825.464
2021-08-30,Coal,1010.743
2021-08-30,Gas,10907.067
2021-08-30,Geothermal,22143.226
2021-08-30,Hydro,66311.9
2021-08-30,Liquid fuel,0.0
2021-08-30,Wind,12022.77
2021-08-30,Wood,822.519
2021-08-31,Coal,805.791
2021-08-31,Gas,12475.481
2021-08-31,Geothermal,19678.6
2021-08-31,Hydro,74045.777
2021-08-31,Liquid fuel,0.0
2021-08-31,Wind,11168.562
2021-08-31,Wood,830.467
2021-09-01,Coal,1080.927
2021-09-01,Gas,14086.944
2021-09-01,Geothermal,18861.437
2021-09-01,Hydro,79884.44
2021-09-01,Liquid fuel,0.0
2021-09-01,Wind,5412.629
2021-09-01,Wood,666.81
2021-09-02,Coal,2769.237
2021-09-02,Gas,14420.938
2021-09-02,Geothermal,18092.128
2021-09-02,Hydro,79571.524
2021-09-02,Liquid fuel,0.0
2021-09-02,Wind,1962.322
2021-09-02,Wood,766.749
2021-09-03,Coal,3518.628
2021-09-03,Gas,13381.386
2021-09-03,Geothermal,19937.562
2021-09-03,Hydro,75436.808
2021-09-03,Liquid fuel,0.0
2021-09-03,Wind,2687.214
2021-09-03,Wood,865.697
2021-09-04,Coal,2.994
2021-09-04,Gas,11244.56
2021-09-04,Geothermal,19445.635
2021-09-04,Hydro,64886.385
2021-09-04,Liquid fuel,0.0
2021-09-04,Wind,10920.244
2021-09-04,Wood,815.415
2021-09-05,Gas,11819.816
2021-09-05,Geothermal,19779.215
2021-09-05,Hydro,63016.783
2021-09-05,Liquid fuel,0.0
2021-09-05,Wind,9650.178
2021-09-05,Wood,821.868
2021-09-06,Coal,2429.128
2021-09-06,Gas,11804.857
2021-09-06,Geothermal,20238.023
2021-09-06,Hydro,70657.263
2021-09-06,Liquid fuel,0.0
2021-09-06,Wind,9586.273
2021-09-06,Wood,855.075
2021-09-07,Coal,3.53
2021-09-07,Gas,11778.872
2021-09-07,Geothermal,19755.29
2021-09-07,Hydro,72533.633
2021-09-07,Liquid fuel,0.0
2021-09-07,Wind,12012.112
2021-09-07,Wood,765.53
2021-09-08,Coal,2031.452
2021-09-08,Gas,14010.715
2021-09-08,Geothermal,20336.668
2021-09-08,Hydro,78586.981
2021-09-08,Liquid fuel,45.055
2021-09-08,Wind,9990.077
2021-09-08,Wood,784.743
2021-09-09,Gas,12999.003
2021-09-09,Geothermal,20711.082
2021-09-09,Hydro,73417.451
2021-09-09,Liquid fuel,0.0
2021-09-09,Wind,13029.473
2021-09-09,Wood,886.879
2021-09-10,Coal,673.722
2021-09-10,Gas,11987.862
2021-09-10,Geothermal,21730.713
2021-09-10,Hydro,67965.0
2021-09-10,Liquid fuel,0.0
2021-09-10,Wind,11599.934
2021-09-10,Wood,786.904
2021-09-11,Gas,10508.146
2021-09-11,Geothermal,22003.42
2021-09-11,Hydro,68002.835
2021-09-11,Liquid fuel,0.0
2021-09-11,Wind,7387.61
2021-09-11,Wood,827.054
2021-09-12,Gas,11630.604
2021-09-12,Geothermal,22122.032
2021-09-12,Hydro,61435.213
2021-09-12,Liquid fuel,0.0
2021-09-12,Wind,11208.988
2021-09-12,Wood,802.147
2021-09-13,Coal,2547.876
2021-09-13,Gas,10940.092
2021-09-13,Geothermal,20357.645
2021-09-13,Hydro,69580.168
2021-09-13,Liquid fuel,0.0
2021-09-13,Wind,12031.875
2021-09-13,Wood,561.528
2021-09-14,Coal,2385.315
2021-09-14,Gas,11996.411
2021-09-14,Geothermal,20144.108
2021-09-14,Hydro,77905.825
2021-09-14,Liquid fuel,0.0
2021-09-14,Wind,7792.584
2021-09-14,Wood,773.132
2021-09-15,Coal,2549.893
2021-09-15,Gas,14140.454
2021-09-15,Geothermal,20331.215
2021-09-15,Hydro,80564.474
2021-09-15,Liquid fuel,5.844
2021-09-15,Wind,5087.053
2021-09-15,Wood,875.213
2021-09-16,Gas,13489.891
2021-09-16,Geothermal,19635.013
2021-09-16,Hydro,77820.416
2021-09-16,Liquid fuel,0.0
2021-09-16,Wind,12185.41
2021-09-16,Wood,822.956
2021-09-17,Gas,11381.845
2021-09-17,Geothermal,21037.333
2021-09-17,Hydro,78622.113
2021-09-17,Liquid fuel,0.0
2021-09-17,Wind,10092.014
2021-09-17,Wood,893.855
2021-09-18,Coal,2102.936
2021-09-18,Gas,10606.55
2021-09-18,Geothermal,22455.172
2021-09-18,Hydro,73728.88
2021-09-18,Liquid fuel,0.0
2021-09-18,Wind,2432.112
2021-09-18,Wood,839.241
2021-09-19,Coal,2012.71
2021-09-19,Gas,11224.906
2021-09-19,Geothermal,22332.197
2021-09-19,Hydro,66974.623
2021-09-19,Liquid fuel,0.0
2021-09-19,Wind,7938.51
2021-09-19,Wood,870.326
2021-09-20,Coal,2944.084
2021-09-20,Gas,9685.517
2021-09-20,Geothermal,22028.677
2021-09-20,Hydro,67220.385
2021-09-20,Liquid fuel,0.0
2021-09-20,Wind,10940.795
2021-09-20,Wood,882.066
2021-09-21,Coal,2073.291
2021-09-21,Gas,10140.442
2021-09-21,Geothermal,21950.88
2021-09-21,Hydro,68454.541
2021-09-21,Liquid fuel,0.0
2021-09-21,Wind,11494.422
2021-09-21,Wood,833.778
2021-09-22,Coal,2189.08
2021-09-22,Gas,10926.791
2021-09-22,Geothermal,21448.583
2021-09-22,Hydro,76531.445
2021-09-22,Liquid fuel,0.0
2021-09-22,Wind,5762.47
2021-09-22,Wood,813.864
2021-09-23,Coal,2169.438
2021-09-23,Gas,9878.9
2021-09-23,Geothermal,21641.832
2021-09-23,Hydro,76924.892
2021-09-23,Liquid fuel,0.0
2021-09-23,Wind,6135.191
2021-09-23,Wood,434.142
2021-09-24,Gas,9408.729
2021-09-24,Geothermal,21693.763
2021-09-24,Hydro,69865.692
2021-09-24,Liquid fuel,0.0
2021-09-24,Wind,11918.133
2021-09-24,Wood,676.764
2021-09-25,Gas,7673.556
2021-09-25,Geothermal,21671.176
2021-09-25,Hydro,62371.166
2021-09-25,Liquid fuel,0.0
2021-09-25,Wind,11964.161
2021-09-25,Wood,773.513
2021-09-26,Gas,7791.084
2021-09-26,Geothermal,20722.76
2021-09-26,Hydro,64697.813
2021-09-26,Liquid fuel,0.0
2021-09-26,Wind,7596.911
2021-09-26,Wood,722.267
2021-09-27,Coal,3629.068
2021-09-27,Gas,11054.416
2021-09-27,Geothermal,21145.742
2021-09-27,Hydro,76277.386
2021-09-27,Liquid fuel,0.0
2021-09-27,Wind,7653.024
2021-09-27,Wood,691.296
2021-09-28,Coal,3008.902
2021-09-28,Gas,12411.658
2021-09-28,Geothermal,21107.225
2021-09-28,Hydro,79820.701
2021-09-28,Liquid fuel,62.393
2021-09-28,Wind,4703.326
2021-09-28,Wood,749.593
2021-09-29,Coal,2615.152
2021-09-29,Gas,10617.308
2021-09-29,Geothermal,21047.972
2021-09-29,Hydro,75214.904
2021-09-29,Liquid fuel,7.816
2021-09-29,Wind,10881.233
2021-09-29,Wood,859.279
2021-09-30,Coal,1157.405
2021-09-30,Gas,10598.594
2021-09-30,Geothermal,21000.36
2021-09-30,Hydro,77798.343
2021-09-30,Liquid fuel,0.0
2021-09-30,Wind,9543.954
2021-09-30,Wood,659.104
2021-10-01,Coal,1801.163
2021-10-01,Gas,11225.235
2021-10-01,Geothermal,21135.151
2021-10-01,Hydro,75801.25
2021-10-01,Liquid fuel,0.0
2021-10-01,Wind,6066.722
2021-10-01,Wood,841.19
2021-10-02,Gas,9379.512
2021-10-02,Geothermal,21300.398
2021-10-02,Hydro,63212.617
2021-10-02,Liquid fuel,0.0
2021-10-02,Wind,12335.385
2021-10-02,Wood,846.685
2021-10-03,Gas,9438.935
2021-10-03,Geothermal,21243.912
2021-10-03,Hydro,67785.364
2021-10-03,Liquid fuel,0.0
2021-10-03,Wind,6568.656
2021-10-03,Wood,889.824
2021-10-04,Gas,10576.021
2021-10-04,Geothermal,20838.69
2021-10-04,Hydro,81789.267
2021-10-04,Liquid fuel,0.0
2021-10-04,Wind,2384.862
2021-10-04,Wood,802.385
2021-10-05,Gas,12331.527
2021-10-05,Geothermal,20350.433
2021-10-05,Hydro,80597.204
2021-10-05,Liquid fuel,0.0
2021-10-05,Wind,719.859
2021-10-05,Wood,762.59
2021-10-06,Gas,11486.172
2021-10-06,Geothermal,20247.413
2021-10-06,Hydro,79936.462
2021-10-06,Liquid fuel,0.0
2021-10-06,Wind,2268.016
2021-10-06,Wood,279.292
2021-10-07,Gas,10691.504
2021-10-07,Geothermal,20953.214
2021-10-07,Hydro,77443.804
2021-10-07,Liquid fuel,0.0
2021-10-07,Wind,4656.399
2021-10-07,Wood,131.163
2021-10-08,Gas,9772.559
2021-10-08,Geothermal,21024.948
2021-10-08,Hydro,71888.816
2021-10-08,Liquid fuel,0.0
2021-10-08,Wind,6083.648
2021-10-08,Wood,0.0
2021-10-09,Gas,9699.992
2021-10-09,Geothermal,21199.295
2021-10-09,Hydro,61655.62
2021-10-09,Liquid fuel,0.0
2021-10-09,Wind,8443.179
2021-10-09,Wood,0.0
2021-10-10,Gas,9776.148
2021-10-10,Geothermal,21217.996
2021-10-10,Hydro,64123.765
2021-10-10,Liquid fuel,0.0
2021-10-10,Wind,4376.729
2021-10-10,Wood,27.128
2021-10-11,Gas,9354.237
2021-10-11,Geothermal,21279.582
2021-10-11,Hydro,68515.352
2021-10-11,Liquid fuel,0.0
2021-10-11,Wind,12021.619
2021-10-11,Wood,538.895
2021-10-12,Gas,9257.13
2021-10-12,Geothermal,21038.845
2021-10-12,Hydro,72322.542
2021-10-12,Liquid fuel,0.0
2021-10-12,Wind,11639.234
2021-10-12,Wood,715.181
2021-10-13,Gas,11760.451
2021-10-13,Geothermal,21365.44
2021-10-13,Hydro,79997.178
2021-10-13,Liquid fuel,10.301
2021-10-13,Wind,7116.905
2021-10-13,Wood,721.316
2021-10-14,Coal,3287.772
2021-10-14,Gas,10156.197
2021-10-14,Geothermal,21375.767
2021-10-14,Hydro,75039.777
2021-10-14,Liquid fuel,0.0
2021-10-14,Wind,4871.528
2021-10-14,Wood,737.388
2021-10-15,Coal,1097.768
2021-10-15,Gas,9760.443
2021-10-15,Geothermal,21318.954
2021-10-15,Hydro,73121.542
2021-10-15,Liquid fuel,0.0
2021-10-15,Wind,5031.846
2021-10-15,Wood,779.897
2021-10-16,Gas,8210.903
2021-10-16,Geothermal,21410.054
2021-10-16,Hydro,61955.615
2021-10-16,Liquid fuel,0.0
2021-10-16,Wind,10353.949
2021-10-16,Wood,635.95
2021-10-17,Gas,7511.485
2021-10-17,Geothermal,21220.064
2021-10-17,Hydro,60380.891
2021-10-17,Liquid fuel,0.0
2021-10-17,Wind,12729.67
2021-10-17,Wood,725.916
2021-10-18,Gas,8225.345
2021-10-18,Geothermal,20945.296
2021-10-18,Hydro,65605.846
2021-10-18,Liquid fuel,0.0
2021-10-18,Wind,13141.413
2021-10-18,Wood,573.311
2021-10-19,Gas,8255.349
2021-10-19,Geothermal,21139.8
2021-10-19,Hydro,68038.88
2021-10-19,Liquid fuel,0.0
2021-10-19,Wind,11531.343
2021-10-19,Wood,322.347
2021-10-20,Gas,9764.902
2021-10-20,Geothermal,20886.138
2021-10-20,Hydro,72656.941
2021-10-20,Liquid fuel,0.0
2021-10-20,Wind,7439.734
2021-10-20,Wood,408.298
2021-10-21,Gas,10768.69
2021-10-21,Geothermal,20797.609
2021-10-21,Hydro,75098.802
2021-10-21,Liquid fuel,0.0
2021-10-21,Wind,5053.127
2021-10-21,Wood,407.632
2021-10-22,Gas,9835.216
2021-10-22,Geothermal,20777.998
2021-10-22,Hydro,69993.885
2021-10-22,Liquid fuel,0.0
2021-10-22,Wind,9044.332
2021-10-22,Wood,609.424
2021-10-23,Gas,9099.235
2021-10-23,Geothermal,21148.885
2021-10-23,Hydro,66453.267
2021-10-23,Liquid fuel,0.0
2021-10-23,Wind,6085.748
2021-10-23,Wood,673.449
2021-10-24,Gas,9238.223
2021-10-24,Geothermal,20560.846
2021-10-24,Hydro,68573.854
2021-10-24,Liquid fuel,0.0
2021-10-24,Wind,2888.521
2021-10-24,Wood,709.438
2021-10-25,Gas,9244.784
2021-10-25,Geothermal,20623.032
2021-10-25,Hydro,66158.673
2021-10-25,Liquid fuel,0.0
2021-10-25,Wind,3696.112
2021-10-25,Wood,717.282
2021-10-26,Gas,10365.897
2021-10-26,Geothermal,20423.496
2021-10-26,Hydro,74207.969
2021-10-26,Liquid fuel,0.0
2021-10-26,Wind,3499.929
2021-10-26,Wood,670.89
2021-10-27,Gas,10426.859
2021-10-27,Geothermal,18561.737
2021-10-27,Hydro,76765.566
2021-10-27,Liquid fuel,0.0
2021-10-27,Wind,4906.299
2021-10-27,Wood,651.537
2021-10-28,Gas,11102.108
2021-10-28,Geothermal,17971.371
2021-10-28,Hydro,80832.17
2021-10-28,Liquid fuel,0.0
2021-10-28,Wind,1320.759
2021-10-28,Wood,695.078
2021-10-29,Gas,10320.928
2021-10-29,Geothermal,18355.968
2021-10-29,Hydro,76621.475
2021-10-29,Liquid fuel,0.0
2021-10-29,Wind,3639.349
2021-10-29,Wood,685.135
2021-10-30,Gas,8766.278
2021-10-30,Geothermal,19300.535
2021-10-30,Hydro,63356.868
2021-10-30,Liquid fuel,0.0
2021-10-30,Wind,9134.276
2021-10-30,Wood,751.243
2021-10-31,Gas,7817.914
2021-10-31,Geothermal,19704.968
2021-10-31,Hydro,56823.407
2021-10-31,Liquid fuel,0.0
2021-10-31,Wind,14694.842
2021-10-31,Wood,752.428
2021-11-01,Gas,7712.157
2021-11-01,Geothermal,19494.855
2021-11-01,Hydro,74219.678
2021-11-01,Liquid fuel,0.0
2021-11-01,Wind,6601.83
2021-11-01,Wood,775.545
2021-11-02,Gas,9190.568
2021-11-02,Geothermal,19073.65
2021-11-02,Hydro,72881.953
2021-11-02,Liquid fuel,0.0
2021-11-02,Wind,9939.881
2021-11-02,Wood,697.692
2021-11-03,Gas,8094.727
2021-11-03,Geothermal,18798.522
2021-11-03,Hydro,73204.585
2021-11-03,Liquid fuel,0.0
2021-11-03,Wind,15133.128
2021-11-03,Wood,593.731
2021-11-04,Gas,6363.335
2021-11-04,Geothermal,19862.035
2021-11-04,Hydro,74392.62
2021-11-04,Liquid fuel,0.0
2021-11-04,Wind,13819.767
2021-11-04,Wood,577.744
2021-11-05,Gas,6982.464
2021-11-05,Geothermal,21017.761
2021-11-05,Hydro,71807.048
2021-11-05,Liquid fuel,0.0
2021-11-05,Wind,11155.217
2021-11-05,Wood,575.168
2021-11-06,Coal,2966.375
2021-11-06,Gas,2436.552
2021-11-06,Geothermal,21029.814
2021-11-06,Hydro,66199.084
2021-11-06,Liquid fuel,0.0
2021-11-06,Wind,10628.181
2021-11-06,Wood,313.429
2021-11-07,Coal,38.244
2021-11-07,Gas,6799.062
2021-11-07,Geothermal,21046.373
2021-11-07,Hydro,70365.997
2021-11-07,Liquid fuel,0.0
2021-11-07,Wind,2491.536
2021-11-07,Wood,0.0
2021-11-08,Gas,10124.912
2021-11-08,Geothermal,20847.528
2021-11-08,Hydro,76297.349
2021-11-08,Liquid fuel,0.0
2021-11-08,Wind,3221.59
2021-11-08,Wood,0.0
2021-11-09,Gas,10702.796
2021-11-09,Geothermal,20606.995
2021-11-09,Hydro,75075.389
2021-11-09,Liquid fuel,0.0
2021-11-09,Wind,5184.958
2021-11-09,Wood,0.0
2021-11-10,Gas,10882.64
2021-11-10,Geothermal,20790.505
2021-11-10,Hydro,76884.533
2021-11-10,Liquid fuel,0.0
2021-11-10,Wind,3612.887
2021-11-10,Wood,0.0
2021-11-11,Gas,11657.178
2021-11-11,Geothermal,20948.482
2021-11-11,Hydro,76233.519
2021-11-11,Liquid fuel,0.0
2021-11-11,Wind,2362.426
2021-11-11,Wood,0.0
2021-11-12,Gas,10190.425
2021-11-12,Geothermal,21200.181
2021-11-12,Hydro,66757.407
2021-11-12,Liquid fuel,0.0
2021-11-12,Wind,11682.291
2021-11-12,Wood,0.0
2021-11-13,Gas,8314.089
2021-11-13,Geothermal,21224.699
2021-11-13,Hydro,60894.794
2021-11-13,Liquid fuel,0.0
2021-11-13,Wind,11771.548
2021-11-13,Wood,0.0
2021-11-14,Gas,7585.801
2021-11-14,Geothermal,20847.088
2021-11-14,Hydro,58907.615
2021-11-14,Liquid fuel,0.0
2021-11-14,Wind,11200.281
2021-11-14,Wood,0.0
2021-11-15,Gas,9769.615
2021-11-15,Geothermal,21315.597
2021-11-15,Hydro,61247.862
2021-11-15,Liquid fuel,0.0
2021-11-15,Wind,14259.806
2021-11-15,Wood,0.0
2021-11-16,Gas,9606.025
2021-11-16,Geothermal,20618.809
2021-11-16,Hydro,62108.013
2021-11-16,Liquid fuel,0.0
2021-11-16,Wind,14163.093
2021-11-16,Wood,0.0
2021-11-17,Gas,9293.962
2021-11-17,Geothermal,21176.417
2021-11-17,Hydro,65886.244
2021-11-17,Liquid fuel,0.0
2021-11-17,Wind,11236.643
2021-11-17,Wood,0.0
2021-11-18,Coal,1840.523
2021-11-18,Gas,10708.661
2021-11-18,Geothermal,21412.152
2021-11-18,Hydro,71135.67
2021-11-18,Liquid fuel,0.0
2021-11-18,Wind,3308.12
2021-11-18,Wood,0.0
2021-11-19,Coal,845.042
2021-11-19,Gas,9914.483
2021-11-19,Geothermal,21545.97
2021-11-19,Hydro,70407.948
2021-11-19,Liquid fuel,0.0
2021-11-19,Wind,5264.073
2021-11-19,Wood,57.792
2021-11-20,Gas,10378.398
2021-11-20,Geothermal,21650.059
2021-11-20,Hydro,58777.098
2021-11-20,Liquid fuel,0.0
2021-11-20,Wind,9503.062
2021-11-20,Wood,362.637
2021-11-21,Gas,9548.611
2021-11-21,Geothermal,21345.208
2021-11-21,Hydro,60187.16
2021-11-21,Liquid fuel,0.0
2021-11-21,Wind,9189.283
2021-11-21,Wood,464.38
2021-11-22,Coal,692.009
2021-11-22,Gas,11856.891
2021-11-22,Geothermal,20517.641
2021-11-22,Hydro,72215.638
2021-11-22,Liquid fuel,177.058
2021-11-22,Wind,5380.943
2021-11-22,Wood,529.793
2021-11-23,Coal,1480.52
2021-11-23,Gas,9655.495
2021-11-23,Geothermal,20665.137
2021-11-23,Hydro,74247.036
2021-11-23,Liquid fuel,0.0
2021-11-23,Wind,5574.938
2021-11-23,Wood,649.466
2021-11-24,Gas,11114.713
2021-11-24,Geothermal,19562.163
2021-11-24,Hydro,77024.076
2021-11-24,Liquid fuel,0.0
2021-11-24,Wind,2976.227
2021-11-24,Wood,691.189
2021-11-25,Gas,10269.936
2021-11-25,Geothermal,18483.865
2021-11-25,Hydro,78355.544
2021-11-25,Liquid fuel,0.0
2021-11-25,Wind,3886.186
2021-11-25,Wood,725.307
2021-11-26,Gas,10225.537
2021-11-26,Geothermal,21123.001
2021-11-26,Hydro,65185.639
2021-11-26,Liquid fuel,0.0
2021-11-26,Wind,13415.546
2021-11-26,Wood,706.568
2021-11-27,Gas,8847.465
2021-11-27,Geothermal,21041.41
2021-11-27,Hydro,62042.364
2021-11-27,Liquid fuel,0.0
2021-11-27,Wind,9479.919
2021-11-27,Wood,687.646
2021-11-28,Gas,8590.182
2021-11-28,Geothermal,21107.163
2021-11-28,Hydro,63815.321
2021-11-28,Liquid fuel,0.0
2021-11-28,Wind,3699.826
2021-11-28,Wood,719.585
2021-11-29,Gas,10541.273
2021-11-29,Geothermal,20924.504
2021-11-29,Hydro,70687.406
2021-11-29,Liquid fuel,0.0
2021-11-29,Wind,5281.615
2021-11-29,Wood,681.694
2021-11-30,Gas,10614.157
2021-11-30,Geothermal,20930.334
2021-11-30,Hydro,70882.964
2021-11-30,Liquid fuel,0.0
2021-11-30,Wind,6541.549
2021-11-30,Wood,679.318
2021-12-01,Gas,10448.602
2021-12-01,Geothermal,20569.962
2021-12-01,Hydro,69340.59
2021-12-01,Liquid fuel,0.0
2021-12-01,Wind,8891.309
2021-12-01,Wood,686.332
2021-12-02,Gas,10764.74
2021-12-02,Geothermal,20650.754
2021-12-02,Hydro,73799.785
2021-12-02,Liquid fuel,0.0
2021-12-02,Wind,4568.962
2021-12-02,Wood,564.105
2021-12-03,Gas,9768.398
2021-12-03,Geothermal,20123.454
2021-12-03,Hydro,77207.136
2021-12-03,Liquid fuel,0.0
2021-12-03,Wind,2155.743
2021-12-03,Wood,335.731
2021-12-04,Gas,10204.036
2021-12-04,Geothermal,20643.159
2021-12-04,Hydro,66795.469
2021-12-04,Liquid fuel,0.0
2021-12-04,Wind,3490.809
2021-12-04,Wood,333.567
2021-12-05,Gas,8871.013
2021-12-05,Geothermal,20444.497
2021-12-05,Hydro,61674.032
2021-12-05,Liquid fuel,0.0
2021-12-05,Wind,8487.316
2021-12-05,Wood,232.183
2021-12-06,Gas,10880.835
2021-12-06,Geothermal,18334.491
2021-12-06,Hydro,72327.409
2021-12-06,Liquid fuel,0.0
2021-12-06,Wind,8855.887
2021-12-06,Wood,512.749
2021-12-07,Gas,11127.172
2021-12-07,Geothermal,16509.208
2021-12-07,Hydro,79865.18
2021-12-07,Liquid fuel,9.648
2021-12-07,Wind,2999.371
2021-12-07,Wood,714.746
2021-12-08,Gas,10760.59
2021-12-08,Geothermal,16557.682
2021-12-08,Hydro,76947.948
2021-12-08,Liquid fuel,0.0
2021-12-08,Wind,5923.366
2021-12-08,Wood,633.389
2021-12-09,Gas,11488.267
2021-12-09,Geothermal,16896.37
2021-12-09,Hydro,73378.186
2021-12-09,Liquid fuel,0.0
2021-12-09,Wind,9261.832
2021-12-09,Wood,670.227
2021-12-10,Gas,11343.65
2021-12-10,Geothermal,19189.721
2021-12-10,Hydro,73878.627
2021-12-10,Liquid fuel,33.056
2021-12-10,Wind,5252.369
2021-12-10,Wood,641.741
2021-12-11,Gas,9025.67
2021-12-11,Geothermal,19294.634
2021-12-11,Hydro,63720.706
2021-12-11,Liquid fuel,0.0
2021-12-11,Wind,8741.07
2021-12-11,Wood,671.525
2021-12-12,Gas,9639.427
2021-12-12,Geothermal,19535.276
2021-12-12,Hydro,56852.405
2021-12-12,Liquid fuel,0.0
2021-12-12,Wind,11869.796
2021-12-12,Wood,772.325
2021-12-13,Gas,10146.593
2021-12-13,Geothermal,19666.369
2021-12-13,Hydro,74309.37
2021-12-13,Liquid fuel,0.0
2021-12-13,Wind,3043.084
2021-12-13,Wood,731.651
2021-12-14,Gas,9489.424
2021-12-14,Geothermal,18958.227
2021-12-14,Hydro,73263.471
2021-12-14,Liquid fuel,45.102
2021-12-14,Wind,6676.709
2021-12-14,Wood,718.943
2021-12-15,Gas,8949.786
2021-12-15,Geothermal,19594.854
2021-12-15,Hydro,71227.969
2021-12-15,Liquid fuel,9.442
2021-12-15,Wind,8086.479
2021-12-15,Wood,636.233
2021-12-16,Gas,8896.793
2021-12-16,Geothermal,18308.189
2021-12-16,Hydro,75651.102
2021-12-16,Liquid fuel,49.118
2021-12-16,Wind,4153.175
2021-12-16,Wood,660.997
2021-12-17,Gas,7387.421
2021-12-17,Geothermal,17175.53
2021-12-17,Hydro,67645.736
2021-12-17,Liquid fuel,0.0
2021-12-17,Wind,12081.98
2021-12-17,Wood,752.633
2021-12-18,Coal,2391.034
2021-12-18,Gas,2591.682
2021-12-18,Geothermal,20484.348
2021-12-18,Hydro,57593.239
2021-12-18,Liquid fuel,0.0
2021-12-18,Wind,12129.594
2021-12-18,Wood,721.837
2021-12-19,Coal,1723.605
2021-12-19,Gas,2478.045
2021-12-19,Geothermal,20139.826
2021-12-19,Hydro,54226.329
2021-12-19,Liquid fuel,0.0
2021-12-19,Wind,14651.497
2021-12-19,Wood,780.35
2021-12-20,Coal,2283.159
2021-12-20,Gas,2700.618
2021-12-20,Geothermal,20387.608
2021-12-20,Hydro,64305.142
2021-12-20,Liquid fuel,0.0
2021-12-20,Wind,14227.739
2021-12-20,Wood,749.696
2021-12-21,Gas,6919.45
2021-12-21,Geothermal,21103.912
2021-12-21,Hydro,63899.646
2021-12-21,Liquid fuel,0.0
2021-12-21,Wind,13824.198
2021-12-21,Wood,702.273
2021-12-22,Gas,6278.629
2021-12-22,Geothermal,19698.534
2021-12-22,Hydro,66284.649
2021-12-22,Liquid fuel,0.0
2021-12-22,Wind,13948.582
2021-12-22,Wood,726.186
2021-12-23,Gas,6480.937
2021-12-23,Geothermal,19655.329
2021-12-23,Hydro,68777.306
2021-12-23,Liquid fuel,0.0
2021-12-23,Wind,10313.618
2021-12-23,Wood,723.535
2021-12-24,Gas,7120.83
2021-12-24,Geothermal,20077.698
2021-12-24,Hydro,69299.678
2021-12-24,Liquid fuel,0.0
2021-12-24,Wind,6515.689
2021-12-24,Wood,693.13
2021-12-25,Gas,8113.789
2021-12-25,Geothermal,20268.126
2021-12-25,Hydro,56038.569
2021-12-25,Liquid fuel,0.0
2021-12-25,Wind,9182.965
2021-12-25,Wood,712.35
2021-12-26,Coal,2791.467
2021-12-26,Gas,3441.188
2021-12-26,Geothermal,20292.7
2021-12-26,Hydro,60898.553
2021-12-26,Liquid fuel,0.0
2021-12-26,Wind,6586.369
2021-12-26,Wood,703.263
2021-12-27,Coal,3374.248
2021-12-27,Gas,3596.158
2021-12-27,Geothermal,20020.819
2021-12-27,Hydro,61475.505
2021-12-27,Liquid fuel,0.0
2021-12-27,Wind,7506.571
2021-12-27,Wood,700.768
2021-12-28,Coal,4084.841
2021-12-28,Gas,3608.805
2021-12-28,Geothermal,20243.533
2021-12-28,Hydro,65228.07
2021-12-28,Liquid fuel,0.0
2021-12-28,Wind,2667.173
2021-12-28,Wood,706.999
2021-12-29,Coal,1641.764
2021-12-29,Gas,5412.13
2021-12-29,Geothermal,20352.368
2021-12-29,Hydro,64790.761
2021-12-29,Liquid fuel,0.0
2021-12-29,Wind,3957.076
2021-12-29,Wood,623.448
2021-12-30,Gas,6909.142
2021-12-30,Geothermal,20418.066
2021-12-30,Hydro,57905.527
2021-12-30,Liquid fuel,0.0
2021-12-30,Wind,9682.77
2021-12-30,Wood,670.14
2021-12-31,Gas,6191.953
2021-12-31,Geothermal,20347.152
2021-12-31,Hydro,60468.79
2021-12-31,Liquid fuel,0.0
2021-12-31,Wind,7343.136
2021-12-31,Wood,706.031
2022-01-01,Gas,6631.559
2022-01-01,Geothermal,19977.185
2022-01-01,Hydro,58109.99
2022-01-01,Liquid fuel,0.0
2022-01-01,Wind,5912.061
2022-01-01,Wood,609.226
2022-01-02,Gas,7869.886
2022-01-02,Geothermal,19992.336
2022-01-02,Hydro,62043.712
2022-01-02,Liquid fuel,0.0
2022-01-02,Wind,3075.242
2022-01-02,Wood,744.966
2022-01-03,Gas,9640.972
2022-01-03,Geothermal,19945.889
2022-01-03,Hydro,64221.196
2022-01-03,Liquid fuel,0.0
2022-01-03,Wind,2731.952
2022-01-03,Wood,747.626
2022-01-04,Gas,10781.125
2022-01-04,Geothermal,18987.424
2022-01-04,Hydro,66336.03
2022-01-04,Liquid fuel,0.0
2022-01-04,Wind,3134.118
2022-01-04,Wood,750.259
2022-01-05,Gas,11406.035
2022-01-05,Geothermal,19420.096
2022-01-05,Hydro,72862.703
2022-01-05,Liquid fuel,0.0
2022-01-05,Wind,2058.379
2022-01-05,Wood,733.604
2022-01-06,Gas,10785.123
2022-01-06,Geothermal,19214.952
2022-01-06,Hydro,67507.309
2022-01-06,Liquid fuel,0.0
2022-01-06,Wind,9664.302
2022-01-06,Wood,719.827
2022-01-07,Gas,11282.388
2022-01-07,Geothermal,19462.264
2022-01-07,Hydro,67847.758
2022-01-07,Liquid fuel,0.0
2022-01-07,Wind,6544.323
2022-01-07,Wood,734.881
2022-01-08,Gas,12065.52
2022-01-08,Geothermal,20300.059
2022-01-08,Hydro,65263.581
2022-01-08,Liquid fuel,0.0
2022-01-08,Wind,2330.796
2022-01-08,Wood,752.337
2022-01-09,Gas,10926.29
2022-01-09,Geothermal,20171.59
2022-01-09,Hydro,55505.872
2022-01-09,Liquid fuel,0.0
2022-01-09,Wind,13495.822
2022-01-09,Wood,723.204
2022-01-10,Coal,2542.232
2022-01-10,Gas,13702.07
2022-01-10,Geothermal,20187.998
2022-01-10,Hydro,64358.977
2022-01-10,Liquid fuel,0.0
2022-01-10,Wind,9525.304
2022-01-10,Wood,698.993
2022-01-11,Coal,2320.729
2022-01-11,Gas,14748.357
2022-01-11,Geothermal,20162.538
2022-01-11,Hydro,66270.425
2022-01-11,Liquid fuel,31.237
2022-01-11,Wind,9612.342
2022-01-11,Wood,697.325
2022-01-12,Coal,3459.537
2022-01-12,Gas,13513.806
2022-01-12,Geothermal,20197.604
2022-01-12,Hydro,63717.854
2022-01-12,Liquid fuel,0.0
2022-01-12,Wind,11363.774
2022-01-12,Wood,730.388
2022-01-13,Coal,2838.082
2022-01-13,Gas,14284.781
2022-01-13,Geothermal,20197.278
2022-01-13,Hydro,62925.968
2022-01-13,Liquid fuel,0.0
2022-01-13,Wind,10164.375
2022-01-13,Wood,743.043
2022-01-14,Coal,2825.515
2022-01-14,Gas,14143.112
2022-01-14,Geothermal,20845.322
2022-01-14,Hydro,62513.451
2022-01-14,Liquid fuel,0.0
2022-01-14,Wind,8238.649
2022-01-14,Wood,758.251
2022-01-15,Coal,1768.819
2022-01-15,Gas,12858.69
2022-01-15,Geothermal,21018.225
2022-01-15,Hydro,56701.051
2022-01-15,Liquid fuel,0.0
2022-01-15,Wind,8596.334
2022-01-15,Wood,743.138
2022-01-16,Coal,2122.593
2022-01-16,Gas,13038.065
2022-01-16,Geothermal,20815.039
2022-01-16,Hydro,56999.655
2022-01-16,Liquid fuel,0.0
2022-01-16,Wind,6522.363
2022-01-16,Wood,717.886
2022-01-17,Coal,3935.941
2022-01-17,Gas,15467.993
2022-01-17,Geothermal,20583.284
2022-01-17,Hydro,68257.787
2022-01-17,Liquid fuel,82.978
2022-01-17,Wind,3541.869
2022-01-17,Wood,731.233
2022-01-18,Coal,7493.929
2022-01-18,Gas,14775.682
2022-01-18,Geothermal,20310.538
2022-01-18,Hydro,67519.95
2022-01-18,Liquid fuel,813.505
2022-01-18,Wind,2726.207
2022-01-18,Wood,727.807
2022-01-19,Coal,5085.19
2022-01-19,Gas,15754.78
2022-01-19,Geothermal,20646.974
2022-01-19,Hydro,59729.929
2022-01-19,Liquid fuel,0.0
2022-01-19,Wind,13557.089
2022-01-19,Wood,144.78
2022-01-20,Coal,4690.982
2022-01-20,Gas,13961.002
2022-01-20,Geothermal,20571.821
2022-01-20,Hydro,61422.25
2022-01-20,Liquid fuel,0.0
2022-01-20,Wind,8552.408
2022-01-20,Wood,559.457
2022-01-21,Coal,4819.926
2022-01-21,Gas,14129.153
2022-01-21,Geothermal,20805.974
2022-01-21,Hydro,63917.808
2022-01-21,Liquid fuel,0.0
2022-01-21,Wind,2936.369
2022-01-21,Wood,650.541
2022-01-22,Coal,5014.658
2022-01-22,Gas,14534.853
2022-01-22,Geothermal,20568.055
2022-01-22,Hydro,56351.856
2022-01-22,Liquid fuel,0.0
2022-01-22,Wind,3205.487
2022-01-22,Wood,765.646
2022-01-23,Coal,4785.497
2022-01-23,Gas,13724.045
2022-01-23,Geothermal,20737.374
2022-01-23,Hydro,54709.265
2022-01-23,Liquid fuel,0.0
2022-01-23,Wind,4329.625
2022-01-23,Wood,750.701
2022-01-24,Coal,8753.2
2022-01-24,Gas,13910.577
2022-01-24,Geothermal,20700.906
2022-01-24,Hydro,62773.811
2022-01-24,Liquid fuel,0.0
2022-01-24,Wind,2884.529
2022-01-24,Wood,762.467
2022-01-25,Coal,9403.34
2022-01-25,Gas,14825.547
2022-01-25,Geothermal,20321.774
2022-01-25,Hydro,64003.438
2022-01-25,Liquid fuel,0.0
2022-01-25,Wind,2783.356
2022-01-25,Wood,754.307
2022-01-26,Coal,6782.894
2022-01-26,Gas,14539.365
2022-01-26,Geothermal,20087.297
2022-01-26,Hydro,65842.386
2022-01-26,Liquid fuel,0.0
2022-01-26,Wind,6541.315
2022-01-26,Wood,783.263
2022-01-27,Coal,6108.49
2022-01-27,Gas,13313.912
2022-01-27,Geothermal,20613.674
2022-01-27,Hydro,57389.256
2022-01-27,Liquid fuel,0.0
2022-01-27,Wind,12208.653
2022-01-27,Wood,733.459
2022-01-28,Coal,6560.906
2022-01-28,Gas,12704.93
2022-01-28,Geothermal,20940.159
2022-01-28,Hydro,63466.04
2022-01-28,Liquid fuel,0.0
2022-01-28,Wind,3535.79
2022-01-28,Wood,787.399
2022-01-29,Coal,7728.361
2022-01-29,Gas,7148.773
2022-01-29,Geothermal,20879.43
2022-01-29,Hydro,59913.0
2022-01-29,Liquid fuel,0.0
2022-01-29,Wind,4310.611
2022-01-29,Wood,794.967
2022-01-30,Coal,7422.375
2022-01-30,Gas,7095.266
2022-01-30,Geothermal,20594.116
2022-01-30,Hydro,53755.945
2022-01-30,Liquid fuel,0.0
2022-01-30,Wind,9683.36
2022-01-30,Wood,806.826
2022-01-31,Coal,6898.998
2022-01-31,Gas,12354.999
2022-01-31,Geothermal,20600.595
2022-01-31,Hydro,58619.004
2022-01-31,Liquid fuel,0.0
2022-01-31,Wind,7226.1
2022-01-31,Wood,810.866
2022-02-01,Coal,6498.567
2022-02-01,Gas,15710.127
2022-02-01,Geothermal,20436.173
2022-02-01,Hydro,66902.161
2022-02-01,Liquid fuel,27.371
2022-02-01,Wind,2449.619
2022-02-01,Wood,793.984
2022-02-02,Coal,8516.686
2022-02-02,Gas,15576.813
2022-02-02,Geothermal,20108.78
2022-02-02,Hydro,61035.502
2022-02-02,Liquid fuel,0.0
2022-02-02,Wind,8180.196
2022-02-02,Wood,790.04
2022-02-03,Coal,8144.563
2022-02-03,Gas,14389.666
2022-02-03,Geothermal,20056.692
2022-02-03,Hydro,59672.697
2022-02-03,Liquid fuel,0.0
2022-02-03,Wind,10473.352
2022-02-03,Wood,723.159
2022-02-04,Coal,6380.5
2022-02-04,Gas,13855.326
2022-02-04,Geothermal,20328.4
2022-02-04,Hydro,61794.891
2022-02-04,Liquid fuel,0.0
2022-02-04,Wind,8356.633
2022-02-04,Wood,705.327
2022-02-05,Coal,3898.255
2022-02-05,Gas,11090.591
2022-02-05,Geothermal,20685.202
2022-02-05,Hydro,53685.114
2022-02-05,Liquid fuel,0.0
2022-02-05,Wind,11004.681
2022-02-05,Wood,580.384
2022-02-06,Coal,482.048
2022-02-06,Gas,8101.363
2022-02-06,Geothermal,20791.552
2022-02-06,Hydro,55085.35
2022-02-06,Liquid fuel,0.0
2022-02-06,Wind,13259.753
2022-02-06,Wood,603.637
2022-02-07,Coal,39.008
2022-02-07,Gas,8864.871
2022-02-07,Geothermal,21054.24
2022-02-07,Hydro,54454.939
2022-02-07,Liquid fuel,0.0
2022-02-07,Wind,13339.358
2022-02-07,Wood,725.297
2022-02-08,Coal,7105.271
2022-02-08,Gas,12315.777
2022-02-08,Geothermal,20501.425
2022-02-08,Hydro,60475.795
2022-02-08,Liquid fuel,0.0
2022-02-08,Wind,8393.173
2022-02-08,Wood,389.315
2022-02-09,Coal,6932.101
2022-02-09,Gas,14553.445
2022-02-09,Geothermal,19996.789
2022-02-09,Hydro,68332.229
2022-02-09,Liquid fuel,0.0
2022-02-09,Wind,2212.7
2022-02-09,Wood,93.58
2022-02-10,Coal,5126.755
2022-02-10,Gas,13743.549
2022-02-10,Geothermal,19474.046
2022-02-10,Hydro,67525.818
2022-02-10,Liquid fuel,0.0
2022-02-10,Wind,6634.964
2022-02-10,Wood,563.06
2022-02-11,Coal,4782.729
2022-02-11,Gas,14966.362
2022-02-11,Geothermal,19765.481
2022-02-11,Hydro,66684.919
2022-02-11,Liquid fuel,0.0
2022-02-11,Wind,3456.267
2022-02-11,Wood,660.233
2022-02-12,Coal,2858.462
2022-02-12,Gas,12667.678
2022-02-12,Geothermal,19227.498
2022-02-12,Hydro,59292.275
2022-02-12,Liquid fuel,0.0
2022-02-12,Wind,8290.305
2022-02-12,Wood,609.215
2022-02-13,Coal,2418.704
2022-02-13,Gas,13219.687
2022-02-13,Geothermal,19224.074
2022-02-13,Hydro,49475.305
2022-02-13,Liquid fuel,0.0
2022-02-13,Wind,12578.23
2022-02-13,Wood,634.663
2022-02-14,Coal,1906.492
2022-02-14,Gas,14173.347
2022-02-14,Geothermal,20125.436
2022-02-14,Hydro,62651.264
2022-02-14,Liquid fuel,0.0
2022-02-14,Wind,5424.574
2022-02-14,Wood,648.573
2022-02-15,Coal,3127.747
2022-02-15,Gas,14819.235
2022-02-15,Geothermal,19654.204
2022-02-15,Hydro,65136.894
2022-02-15,Liquid fuel,0.0
2022-02-15,Wind,1747.996
2022-02-15,Wood,762.05
2022-02-16,Coal,3100.525
2022-02-16,Gas,12670.569
2022-02-16,Geothermal,19470.61
2022-02-16,Hydro,62090.039
2022-02-16,Liquid fuel,0.0
2022-02-16,Wind,8038.766
2022-02-16,Wood,801.053
2022-02-17,Coal,6509.637
2022-02-17,Gas,14605.04
2022-02-17,Geothermal,19851.535
2022-02-17,Hydro,63766.215
2022-02-17,Liquid fuel,0.0
2022-02-17,Wind,1504.134
2022-02-17,Wood,791.795
2022-02-18,Coal,5479.734
2022-02-18,Gas,13357.357
2022-02-18,Geothermal,20069.55
2022-02-18,Hydro,61663.982
2022-02-18,Liquid fuel,0.0
2022-02-18,Wind,5525.108
2022-02-18,Wood,755.593
2022-02-19,Coal,5602.609
2022-02-19,Gas,12855.298
2022-02-19,Geothermal,20013.7
2022-02-19,Hydro,50848.032
2022-02-19,Liquid fuel,0.0
2022-02-19,Wind,7764.295
2022-02-19,Wood,664.075
2022-02-20,Coal,5827.715
2022-02-20,Gas,14712.382
2022-02-20,Geothermal,20012.412
2022-02-20,Hydro,50562.723
2022-02-20,Liquid fuel,0.0
2022-02-20,Wind,4407.172
2022-02-20,Wood,736.513
2022-02-21,Coal,7113.09
2022-02-21,Gas,14765.309
2022-02-21,Geothermal,20053.545
2022-02-21,Hydro,59950.887
2022-02-21,Liquid fuel,330.811
2022-02-21,Wind,3663.187
2022-02-21,Wood,772.289
2022-02-22,Coal,5990.09
2022-02-22,Gas,12752.566
2022-02-22,Geothermal,19996.842
2022-02-22,Hydro,63133.571
2022-02-22,Liquid fuel,0.0
2022-02-22,Wind,7268.242
2022-02-22,Wood,741.455
2022-02-23,Coal,1734.554
2022-02-23,Gas,12907.012
2022-02-23,Geothermal,19994.961
2022-02-23,Hydro,63722.168
2022-02-23,Liquid fuel,0.0
2022-02-23,Wind,10697.008
2022-02-23,Wood,628.871
2022-02-24,Coal,2569.322
2022-02-24,Gas,12748.852
2022-02-24,Geothermal,20202.053
2022-02-24,Hydro,61319.797
2022-02-24,Liquid fuel,0.0
2022-02-24,Wind,11884.924
2022-02-24,Wood,797.236
2022-02-25,Coal,2877.337
2022-02-25,Gas,13557.43
2022-02-25,Geothermal,20234.809
2022-02-25,Hydro,64119.955
2022-02-25,Liquid fuel,19.209
2022-02-25,Wind,5488.849
2022-02-25,Wood,841.273
2022-02-26,Gas,13777.144
2022-02-26,Geothermal,20229.043
2022-02-26,Hydro,61467.569
2022-02-26,Liquid fuel,0.0
2022-02-26,Wind,3439.82
2022-02-26,Wood,836.547
2022-02-27,Gas,13405.452
2022-02-27,Geothermal,20317.946
2022-02-27,Hydro,52666.893
2022-02-27,Liquid fuel,0.0
2022-02-27,Wind,10407.957
2022-02-27,Wood,788.843
2022-02-28,Coal,3294.696
2022-02-28,Gas,13842.506
2022-02-28,Geothermal,20032.013
2022-02-28,Hydro,65385.811
2022-02-28,Liquid fuel,0.0
2022-02-28,Wind,4928.395
2022-02-28,Wood,751.524
2022-03-01,Coal,2848.826
2022-03-01,Gas,14438.211
2022-03-01,Geothermal,19095.997
2022-03-01,Hydro,69213.993
2022-03-01,Liquid fuel,128.583
2022-03-01,Wind,2730.174
2022-03-01,Wood,740.988
2022-03-02,Coal,3305.052
2022-03-02,Gas,19210.549
2022-03-02,Geothermal,19634.768
2022-03-02,Hydro,59344.475
2022-03-02,Liquid fuel,0.0
2022-03-02,Wind,7491.56
2022-03-02,Wood,738.427
2022-03-03,Coal,3499.415
2022-03-03,Gas,19986.125
2022-03-03,Geothermal,20511.516
2022-03-03,Hydro,58859.781
2022-03-03,Liquid fuel,0.0
2022-03-03,Wind,4900.811
2022-03-03,Wood,780.613
2022-03-04,Coal,3645.96
2022-03-04,Gas,19809.625
2022-03-04,Geothermal,21267.876
2022-03-04,Hydro,62017.281
2022-03-04,Liquid fuel,0.0
2022-03-04,Wind,460.611
2022-03-04,Wood,706.108
2022-03-05,Coal,1841.24
2022-03-05,Gas,19283.201
2022-03-05,Geothermal,21209.428
2022-03-05,Hydro,54989.616
2022-03-05,Liquid fuel,0.0
2022-03-05,Wind,1356.186
2022-03-05,Wood,740.07
2022-03-06,Coal,1577.371
2022-03-06,Gas,18040.401
2022-03-06,Geothermal,20951.192
2022-03-06,Hydro,48951.65
2022-03-06,Liquid fuel,0.0
2022-03-06,Wind,7776.265
2022-03-06,Wood,696.439
2022-03-07,Coal,2960.874
2022-03-07,Gas,19602.152
2022-03-07,Geothermal,20950.627
2022-03-07,Hydro,58507.163
2022-03-07,Liquid fuel,0.0
2022-03-07,Wind,7075.775
2022-03-07,Wood,717.449
2022-03-08,Coal,3005.149
2022-03-08,Gas,19961.593
2022-03-08,Geothermal,20709.714
2022-03-08,Hydro,62959.993
2022-03-08,Liquid fuel,0.0
2022-03-08,Wind,2787.816
2022-03-08,Wood,797.084
2022-03-09,Coal,3797.236
2022-03-09,Gas,16870.307
2022-03-09,Geothermal,20427.04
2022-03-09,Hydro,66361.26
2022-03-09,Liquid fuel,0.0
2022-03-09,Wind,2023.383
2022-03-09,Wood,682.281
2022-03-10,Coal,3364.925
2022-03-10,Gas,15577.438
2022-03-10,Geothermal,20871.0
2022-03-10,Hydro,66408.668
2022-03-10,Liquid fuel,0.0
2022-03-10,Wind,2859.949
2022-03-10,Wood,667.086
2022-03-11,Coal,2608.115
2022-03-11,Gas,15535.737
2022-03-11,Geothermal,21336.195
2022-03-11,Hydro,62927.227
2022-03-11,Liquid fuel,0.0
2022-03-11,Wind,5403.81
2022-03-11,Wood,794.379
2022-03-12,Coal,2.999
2022-03-12,Gas,17289.896
2022-03-12,Geothermal,21238.225
2022-03-12,Hydro,51685.796
2022-03-12,Liquid fuel,0.0
2022-03-12,Wind,9624.416
2022-03-12,Wood,759.558
2022-03-13,Gas,15744.644
2022-03-13,Geothermal,20851.73
2022-03-13,Hydro,47363.521
2022-03-13,Liquid fuel,0.0
2022-03-13,Wind,14640.638
2022-03-13,Wood,791.709
2022-03-14,Coal,2207.412
2022-03-14,Gas,18430.162
2022-03-14,Geothermal,21093.156
2022-03-14,Hydro,57887.436
2022-03-14,Liquid fuel,0.0
2022-03-14,Wind,9720.399
2022-03-14,Wood,823.702
2022-03-15,Coal,3533.65
2022-03-15,Gas,19362.93
2022-03-15,Geothermal,19497.959
2022-03-15,Hydro,58048.129
2022-03-15,Liquid fuel,0.0
2022-03-15,Wind,10216.91
2022-03-15,Wood,808.719
2022-03-16,Coal,3748.772
2022-03-16,Gas,19384.847
2022-03-16,Geothermal,19116.977
2022-03-16,Hydro,56850.627
2022-03-16,Liquid fuel,0.0
2022-03-16,Wind,11210.398
2022-03-16,Wood,840.411
2022-03-17,Coal,3618.073
2022-03-17,Gas,19889.045
2022-03-17,Geothermal,19331.992
2022-03-17,Hydro,58597.495
2022-03-17,Liquid fuel,0.0
2022-03-17,Wind,7920.425
2022-03-17,Wood,820.023
2022-03-18,Coal,4146.672
2022-03-18,Gas,21029.655
2022-03-18,Geothermal,20335.096
2022-03-18,Hydro,59188.525
2022-03-18,Liquid fuel,0.0
2022-03-18,Wind,2984.299
2022-03-18,Wood,765.174
2022-03-19,Coal,2728.623
2022-03-19,Gas,18434.385
2022-03-19,Geothermal,21268.297
2022-03-19,Hydro,52995.349
2022-03-19,Liquid fuel,0.0
2022-03-19,Wind,3179.831
2022-03-19,Wood,785.516
2022-03-20,Coal,2770.818
2022-03-20,Gas,17720.121
2022-03-20,Geothermal,21132.52
2022-03-20,Hydro,48684.212
2022-03-20,Liquid fuel,0.0
2022-03-20,Wind,6521.212
2022-03-20,Wood,728.33
2022-03-21,Coal,2983.441
2022-03-21,Gas,20133.812
2022-03-21,Geothermal,20726.375
2022-03-21,Hydro,57384.81
2022-03-21,Liquid fuel,0.0
2022-03-21,Wind,7659.852
2022-03-21,Wood,769.964
2022-03-22,Coal,4345.993
2022-03-22,Gas,20043.097
2022-03-22,Geothermal,19473.167
2022-03-22,Hydro,61699.358
2022-03-22,Liquid fuel,0.0
2022-03-22,Wind,3460.74
2022-03-22,Wood,703.516
2022-03-23,Coal,6847.884
2022-03-23,Gas,16332.217
2022-03-23,Geothermal,16160.043
2022-03-23,Hydro,64944.074
2022-03-23,Liquid fuel,0.0
2022-03-23,Wind,3064.542
2022-03-23,Wood,722.218
2022-03-24,Coal,5423.463
2022-03-24,Gas,17954.627
2022-03-24,Geothermal,16088.474
2022-03-24,Hydro,57839.367
2022-03-24,Liquid fuel,0.0
2022-03-24,Wind,8443.357
2022-03-24,Wood,439.766
2022-03-25,Coal,2219.092
2022-03-25,Gas,18162.406
2022-03-25,Geothermal,17370.614
2022-03-25,Hydro,54639.802
2022-03-25,Liquid fuel,0.0
2022-03-25,Wind,12921.21
2022-03-25,Wood,329.758
2022-03-26,Coal,2563.469
2022-03-26,Gas,11168.544
2022-03-26,Geothermal,20775.206
2022-03-26,Hydro,52322.153
2022-03-26,Liquid fuel,0.0
2022-03-26,Wind,9951.293
2022-03-26,Wood,729.207
2022-03-27,Coal,766.67
2022-03-27,Gas,13201.176
2022-03-27,Geothermal,21135.174
2022-03-27,Hydro,50077.635
2022-03-27,Liquid fuel,0.0
2022-03-27,Wind,9838.976
2022-03-27,Wood,816.964
2022-03-28,Coal,5690.195
2022-03-28,Gas,12465.934
2022-03-28,Geothermal,20888.926
2022-03-28,Hydro,58950.105
2022-03-28,Liquid fuel,0.0
2022-03-28,Wind,8495.283
2022-03-28,Wood,805.287
2022-03-29,Coal,7563.659
2022-03-29,Gas,12262.936
2022-03-29,Geothermal,20610.528
2022-03-29,Hydro,62385.633
2022-03-29,Liquid fuel,49.309
2022-03-29,Wind,4926.133
2022-03-29,Wood,675.429
2022-03-30,Coal,8145.118
2022-03-30,Gas,12605.951
2022-03-30,Geothermal,20735.341
2022-03-30,Hydro,62820.225
2022-03-30,Liquid fuel,0.0
2022-03-30,Wind,4775.538
2022-03-30,Wood,107.705
2022-03-31,Coal,8349.236
2022-03-31,Gas,13655.394
2022-03-31,Geothermal,20807.759
2022-03-31,Hydro,63522.034
2022-03-31,Liquid fuel,13.458
2022-03-31,Wind,3222.733
2022-03-31,Wood,152.737
2022-04-01,Coal,7908.97
2022-04-01,Gas,13683.598
2022-04-01,Geothermal,21031.532
2022-04-01,Hydro,60036.184
2022-04-01,Liquid fuel,0.0
2022-04-01,Wind,6642.754
2022-04-01,Wood,0.0
2022-04-02,Coal,6720.744
2022-04-02,Gas,14057.891
2022-04-02,Geothermal,20085.945
2022-04-02,Hydro,55633.279
2022-04-02,Liquid fuel,0.0
2022-04-02,Wind,3183.071
2022-04-02,Wood,0.0
2022-04-03,Coal,6526.92
2022-04-03,Gas,14315.095
2022-04-03,Geothermal,19666.186
2022-04-03,Hydro,57164.219
2022-04-03,Liquid fuel,0.0
2022-04-03,Wind,3143.23
2022-04-03,Wood,0.0
2022-04-04,Coal,7992.044
2022-04-04,Gas,14878.633
2022-04-04,Geothermal,18895.828
2022-04-04,Hydro,60766.618
2022-04-04,Liquid fuel,0.0
2022-04-04,Wind,5093.399
2022-04-04,Wood,355.719
2022-04-05,Coal,7320.364
2022-04-05,Gas,15114.42
2022-04-05,Geothermal,18767.303
2022-04-05,Hydro,59373.1
2022-04-05,Liquid fuel,0.0
2022-04-05,Wind,8932.79
2022-04-05,Wood,769.445
2022-04-06,Coal,6637.317
2022-04-06,Gas,15799.858
2022-04-06,Geothermal,18463.587
2022-04-06,Hydro,56260.322
2022-04-06,Liquid fuel,0.0
2022-04-06,Wind,13109.428
2022-04-06,Wood,736.921
2022-04-07,Coal,6570.295
2022-04-07,Gas,16543.531
2022-04-07,Geothermal,19064.842
2022-04-07,Hydro,58595.766
2022-04-07,Liquid fuel,0.0
2022-04-07,Wind,8411.497
2022-04-07,Wood,793.085
2022-04-08,Coal,6385.535
2022-04-08,Gas,18233.87
2022-04-08,Geothermal,19260.316
2022-04-08,Hydro,58263.268
2022-04-08,Liquid fuel,0.0
2022-04-08,Wind,6313.163
2022-04-08,Wood,807.664
2022-04-09,Coal,3732.132
2022-04-09,Gas,20180.938
2022-04-09,Geothermal,20040.505
2022-04-09,Hydro,52929.955
2022-04-09,Liquid fuel,0.0
2022-04-09,Wind,2773.325
2022-04-09,Wood,765.576
2022-04-10,Coal,4111.439
2022-04-10,Gas,19592.505
2022-04-10,Geothermal,21663.995
2022-04-10,Hydro,47033.867
2022-04-10,Liquid fuel,0.0
2022-04-10,Wind,4637.504
2022-04-10,Wood,687.261
2022-04-11,Coal,6735.136
2022-04-11,Gas,21116.355
2022-04-11,Geothermal,21344.796
2022-04-11,Hydro,47837.114
2022-04-11,Liquid fuel,0.0
2022-04-11,Wind,11402.183
2022-04-11,Wood,716.706
2022-04-12,Coal,7130.599
2022-04-12,Gas,20881.578
2022-04-12,Geothermal,20943.755
2022-04-12,Hydro,53980.292
2022-04-12,Liquid fuel,0.0
2022-04-12,Wind,7505.575
2022-04-12,Wood,741.699
2022-04-13,Coal,6393.626
2022-04-13,Gas,21863.979
2022-04-13,Geothermal,21134.735
2022-04-13,Hydro,49743.394
2022-04-13,Liquid fuel,0.0
2022-04-13,Wind,12582.235
2022-04-13,Wood,842.1
2022-04-14,Coal,7310.09
2022-04-14,Gas,22255.255
2022-04-14,Geothermal,21689.074
2022-04-14,Hydro,54740.482
2022-04-14,Liquid fuel,0.0
2022-04-14,Wind,2902.366
2022-04-14,Wood,795.207
2022-04-15,Coal,4946.5
2022-04-15,Gas,20472.841
2022-04-15,Geothermal,21886.482
2022-04-15,Hydro,48766.545
2022-04-15,Liquid fuel,0.0
2022-04-15,Wind,1642.487
2022-04-15,Wood,812.229
2022-04-16,Coal,2759.257
2022-04-16,Gas,19561.641
2022-04-16,Geothermal,21787.604
2022-04-16,Hydro,40365.451
2022-04-16,Liquid fuel,0.0
2022-04-16,Wind,11610.124
2022-04-16,Wood,786.834
2022-04-17,Coal,2430.651
2022-04-17,Gas,19468.282
2022-04-17,Geothermal,21710.04
2022-04-17,Hydro,40998.417
2022-04-17,Liquid fuel,0.0
2022-04-17,Wind,11281.354
2022-04-17,Wood,813.464
2022-04-18,Coal,3519.169
2022-04-18,Gas,20063.44
2022-04-18,Geothermal,21706.369
2022-04-18,Hydro,46795.718
2022-04-18,Liquid fuel,0.0
2022-04-18,Wind,7380.019
2022-04-18,Wood,820.799
2022-04-19,Coal,6366.73
2022-04-19,Gas,21284.268
2022-04-19,Geothermal,21282.014
2022-04-19,Hydro,56767.903
2022-04-19,Liquid fuel,0.0
2022-04-19,Wind,3295.495
2022-04-19,Wood,784.454
2022-04-20,Coal,5783.355
2022-04-20,Gas,21233.843
2022-04-20,Geothermal,21039.724
2022-04-20,Hydro,58349.225
2022-04-20,Liquid fuel,0.0
2022-04-20,Wind,3229.236
2022-04-20,Wood,617.319
2022-04-21,Coal,4855.426
2022-04-21,Gas,19975.658
2022-04-21,Geothermal,20795.26
2022-04-21,Hydro,53518.121
2022-04-21,Liquid fuel,0.0
2022-04-21,Wind,10067.156
2022-04-21,Wood,763.566
2022-04-22,Coal,5026.105
2022-04-22,Gas,17143.705
2022-04-22,Geothermal,21050.576
2022-04-22,Hydro,52256.948
2022-04-22,Liquid fuel,0.0
2022-04-22,Wind,11954.844
2022-04-22,Wood,773.344
2022-04-23,Coal,3464.468
2022-04-23,Gas,13944.875
2022-04-23,Geothermal,21569.908
2022-04-23,Hydro,54865.785
2022-04-23,Liquid fuel,0.0
2022-04-23,Wind,5394.132
2022-04-23,Wood,779.813
2022-04-24,Coal,3473.808
2022-04-24,Gas,14105.338
2022-04-24,Geothermal,21294.35
2022-04-24,Hydro,48125.932
2022-04-24,Liquid fuel,0.0
2022-04-24,Wind,10843.043
2022-04-24,Wood,540.982
2022-04-25,Coal,5290.89
2022-04-25,Gas,14211.087
2022-04-25,Geothermal,21384.142
2022-04-25,Hydro,53621.051
2022-04-25,Liquid fuel,0.0
2022-04-25,Wind,3801.784
2022-04-25,Wood,297.359
2022-04-26,Coal,8185.313
2022-04-26,Gas,14843.27
2022-04-26,Geothermal,21133.409
2022-04-26,Hydro,61814.037
2022-04-26,Liquid fuel,0.0
2022-04-26,Wind,3586.052
2022-04-26,Wood,384.327
2022-04-27,Coal,8087.75
2022-04-27,Gas,14833.583
2022-04-27,Geothermal,20681.923
2022-04-27,Hydro,63700.583
2022-04-27,Liquid fuel,0.0
2022-04-27,Wind,3681.294
2022-04-27,Wood,711.646
2022-04-28,Coal,7090.942
2022-04-28,Gas,14934.617
2022-04-28,Geothermal,20605.338
2022-04-28,Hydro,66424.683
2022-04-28,Liquid fuel,0.0
2022-04-28,Wind,2764.444
2022-04-28,Wood,795.637
2022-04-29,Coal,7600.319
2022-04-29,Gas,16982.905
2022-04-29,Geothermal,20881.602
2022-04-29,Hydro,63589.549
2022-04-29,Liquid fuel,0.0
2022-04-29,Wind,2419.468
2022-04-29,Wood,806.835
2022-04-30,Coal,6112.385
2022-04-30,Gas,17225.84
2022-04-30,Geothermal,20949.236
2022-04-30,Hydro,55870.55
2022-04-30,Liquid fuel,0.0
2022-04-30,Wind,2682.676
2022-04-30,Wood,313.713
2022-05-01,Coal,5580.582
2022-05-01,Gas,16343.05
2022-05-01,Geothermal,20709.851
2022-05-01,Hydro,48302.028
2022-05-01,Liquid fuel,0.0
2022-05-01,Wind,8525.305
2022-05-01,Wood,278.744
2022-05-02,Coal,5458.711
2022-05-02,Gas,13890.345
2022-05-02,Geothermal,20702.067
2022-05-02,Hydro,59440.552
2022-05-02,Liquid fuel,0.0
2022-05-02,Wind,8708.833
2022-05-02,Wood,277.405
2022-05-03,Coal,7472.149
2022-05-03,Gas,13395.856
2022-05-03,Geothermal,20737.253
2022-05-03,Hydro,64738.968
2022-05-03,Liquid fuel,0.0
2022-05-03,Wind,3293.555
2022-05-03,Wood,197.898
2022-05-04,Coal,9227.742
2022-05-04,Gas,13838.72
2022-05-04,Geothermal,20682.311
2022-05-04,Hydro,65428.972
2022-05-04,Liquid fuel,0.0
2022-05-04,Wind,1028.932
2022-05-04,Wood,444.511
2022-05-05,Coal,8524.468
2022-05-05,Gas,14678.078
2022-05-05,Geothermal,20890.449
2022-05-05,Hydro,63415.948
2022-05-05,Liquid fuel,0.0
2022-05-05,Wind,2588.805
2022-05-05,Wood,647.607
2022-05-06,Coal,8853.261
2022-05-06,Gas,16485.202
2022-05-06,Geothermal,21543.428
2022-05-06,Hydro,59851.652
2022-05-06,Liquid fuel,0.0
2022-05-06,Wind,3026.265
2022-05-06,Wood,55.564
2022-05-07,Coal,6803.756
2022-05-07,Gas,15869.483
2022-05-07,Geothermal,21755.24
2022-05-07,Hydro,50400.851
2022-05-07,Liquid fuel,0.0
2022-05-07,Wind,5763.489
2022-05-07,Wood,308.64
2022-05-08,Coal,3982.21
2022-05-08,Gas,14228.154
2022-05-08,Geothermal,21774.744
2022-05-08,Hydro,47310.938
2022-05-08,Liquid fuel,0.0
2022-05-08,Wind,11408.124
2022-05-08,Wood,726.931
2022-05-09,Coal,6833.479
2022-05-09,Gas,16245.773
2022-05-09,Geothermal,21136.396
2022-05-09,Hydro,57353.324
2022-05-09,Liquid fuel,0.0
2022-05-09,Wind,8886.234
2022-05-09,Wood,643.061
2022-05-10,Coal,6423.81
2022-05-10,Gas,17032.612
2022-05-10,Geothermal,20749.545
2022-05-10,Hydro,59782.762
2022-05-10,Liquid fuel,0.0
2022-05-10,Wind,8010.085
2022-05-10,Wood,673.829
2022-05-11,Coal,9254.111
2022-05-11,Gas,16974.709
2022-05-11,Geothermal,20804.806
2022-05-11,Hydro,65569.638
2022-05-11,Liquid fuel,0.0
2022-05-11,Wind,3828.332
2022-05-11,Wood,679.956
2022-05-12,Coal,9518.243
2022-05-12,Gas,18039.07
2022-05-12,Geothermal,21174.273
2022-05-12,Hydro,67388.258
2022-05-12,Liquid fuel,0.0
2022-05-12,Wind,3508.275
2022-05-12,Wood,645.62
2022-05-13,Coal,8379.138
2022-05-13,Gas,17981.07
2022-05-13,Geothermal,21194.741
2022-05-13,Hydro,64787.14
2022-05-13,Liquid fuel,0.0
2022-05-13,Wind,5448.212
2022-05-13,Wood,652.962
2022-05-14,Coal,3820.197
2022-05-14,Gas,16227.096
2022-05-14,Geothermal,20946.933
2022-05-14,Hydro,51155.142
2022-05-14,Liquid fuel,0.0
2022-05-14,Wind,13192.109
2022-05-14,Wood,686.435
2022-05-15,Coal,3101.364
2022-05-15,Gas,16779.699
2022-05-15,Geothermal,20742.212
2022-05-15,Hydro,56939.065
2022-05-15,Liquid fuel,0.0
2022-05-15,Wind,5040.096
2022-05-15,Wood,635.62
2022-05-16,Coal,3574.156
2022-05-16,Gas,17529.707
2022-05-16,Geothermal,20520.599
2022-05-16,Hydro,62005.582
2022-05-16,Liquid fuel,0.0
2022-05-16,Wind,7729.754
2022-05-16,Wood,665.568
2022-05-17,Coal,3742.102
2022-05-17,Gas,18893.08
2022-05-17,Geothermal,20442.52
2022-05-17,Hydro,57104.851
2022-05-17,Liquid fuel,0.236
2022-05-17,Wind,11463.848
2022-05-17,Wood,554.675
2022-05-18,Coal,3650.151
2022-05-18,Gas,20585.64
2022-05-18,Geothermal,20285.183
2022-05-18,Hydro,61114.044
2022-05-18,Liquid fuel,0.0
2022-05-18,Wind,5052.88
2022-05-18,Wood,718.239
2022-05-19,Coal,3.132
2022-05-19,Gas,21032.198
2022-05-19,Geothermal,20613.325
2022-05-19,Hydro,58139.63
2022-05-19,Liquid fuel,0.0
2022-05-19,Wind,12425.033
2022-05-19,Wood,748.212
2022-05-20,Coal,2743.566
2022-05-20,Gas,20283.239
2022-05-20,Geothermal,20880.892
2022-05-20,Hydro,61375.188
2022-05-20,Liquid fuel,0.0
2022-05-20,Wind,12782.691
2022-05-20,Wood,724.482
2022-05-21,Coal,3.413
2022-05-21,Gas,20408.661
2022-05-21,Geothermal,21060.601
2022-05-21,Hydro,55763.888
2022-05-21,Liquid fuel,0.0
2022-05-21,Wind,11758.165
2022-05-21,Wood,709.355
2022-05-22,Coal,1202.499
2022-05-22,Gas,19377.964
2022-05-22,Geothermal,20996.13
2022-05-22,Hydro,50789.006
2022-05-22,Liquid fuel,0.0
2022-05-22,Wind,12708.267
2022-05-22,Wood,608.392
2022-05-23,Coal,8131.232
2022-05-23,Gas,19206.28
2022-05-23,Geothermal,21067.492
2022-05-23,Hydro,60643.38
2022-05-23,Liquid fuel,0.0
2022-05-23,Wind,7022.447
2022-05-23,Wood,376.788
2022-05-24,Coal,9129.194
2022-05-24,Gas,16116.05
2022-05-24,Geothermal,21113.493
2022-05-24,Hydro,65316.789
2022-05-24,Liquid fuel,0.0
2022-05-24,Wind,6694.629
2022-05-24,Wood,321.655
2022-05-25,Coal,7414.501
2022-05-25,Gas,18005.039
2022-05-25,Geothermal,20929.949
2022-05-25,Hydro,63501.872
2022-05-25,Liquid fuel,202.612
2022-05-25,Wind,7494.469
2022-05-25,Wood,628.124
2022-05-26,Coal,7596.638
2022-05-26,Gas,19646.627
2022-05-26,Geothermal,19200.11
2022-05-26,Hydro,68337.629
2022-05-26,Liquid fuel,0.0
2022-05-26,Wind,5645.165
2022-05-26,Wood,758.455
2022-05-27,Coal,8283.616
2022-05-27,Gas,19829.188
2022-05-27,Geothermal,21558.858
2022-05-27,Hydro,70646.786
2022-05-27,Liquid fuel,0.0
2022-05-27,Wind,2073.62
2022-05-27,Wood,790.876
2022-05-28,Coal,5053.93
2022-05-28,Gas,21535.068
2022-05-28,Geothermal,21947.405
2022-05-28,Hydro,59116.255
2022-05-28,Liquid fuel,0.0
2022-05-28,Wind,4120.141
2022-05-28,Wood,816.617
2022-05-29,Coal,4496.138
2022-05-29,Gas,22335.193
2022-05-29,Geothermal,21870.007
2022-05-29,Hydro,56062.005
2022-05-29,Liquid fuel,0.0
2022-05-29,Wind,4510.547
2022-05-29,Wood,821.563
2022-05-30,Coal,3923.741
2022-05-30,Gas,21564.094
2022-05-30,Geothermal,21371.196
2022-05-30,Hydro,66263.223
2022-05-30,Liquid fuel,0.0
2022-05-30,Wind,5531.896
2022-05-30,Wood,805.034
2022-05-31,Coal,1509.655
2022-05-31,Gas,18372.122
2022-05-31,Geothermal,21492.437
2022-05-31,Hydro,58135.529
2022-05-31,Liquid fuel,0.0
2022-05-31,Wind,10979.933
2022-05-31,Wood,718.025
2022-06-01,Gas,16940.015
2022-06-01,Geothermal,21462.412
2022-06-01,Hydro,58887.31
2022-06-01,Liquid fuel,0.0
2022-06-01,Wind,12881.624
2022-06-01,Wood,716.894
2022-06-02,Gas,17854.861
2022-06-02,Geothermal,21687.656
2022-06-02,Hydro,63155.74
2022-06-02,Liquid fuel,0.0
2022-06-02,Wind,10825.769
2022-06-02,Wood,854.618
2022-06-03,Gas,17924.114
2022-06-03,Geothermal,21873.87
2022-06-03,Hydro,67180.521
2022-06-03,Liquid fuel,0.0
2022-06-03,Wind,6751.726
2022-06-03,Wood,835.403
2022-06-04,Gas,17559.762
2022-06-04,Geothermal,21926.351
2022-06-04,Hydro,63051.068
2022-06-04,Liquid fuel,0.0
2022-06-04,Wind,2920.945
2022-06-04,Wood,831.505
2022-06-05,Gas,18606.46
2022-06-05,Geothermal,21806.286
2022-06-05,Hydro,63812.324
2022-06-05,Liquid fuel,0.0
2022-06-05,Wind,4118.57
2022-06-05,Wood,852.504
2022-06-06,Gas,18071.161
2022-06-06,Geothermal,21648.067
2022-06-06,Hydro,60227.468
2022-06-06,Liquid fuel,0.0
2022-06-06,Wind,3941.182
2022-06-06,Wood,798.315
2022-06-07,Coal,2561.306
2022-06-07,Gas,18560.597
2022-06-07,Geothermal,21094.606
2022-06-07,Hydro,67427.137
2022-06-07,Liquid fuel,0.0
2022-06-07,Wind,5352.807
2022-06-07,Wood,810.497
2022-06-08,Coal,2392.231
2022-06-08,Gas,17056.745
2022-06-08,Geothermal,21063.775
2022-06-08,Hydro,61470.973
2022-06-08,Liquid fuel,0.0
2022-06-08,Wind,11068.352
2022-06-08,Wood,765.077
2022-06-09,Gas,17662.408
2022-06-09,Geothermal,21151.385
2022-06-09,Hydro,66109.207
2022-06-09,Liquid fuel,0.0
2022-06-09,Wind,13471.763
2022-06-09,Wood,619.212
2022-06-10,Gas,12727.832
2022-06-10,Geothermal,20433.22
2022-06-10,Hydro,68982.276
2022-06-10,Liquid fuel,0.0
2022-06-10,Wind,15742.584
2022-06-10,Wood,665.76
2022-06-11,Gas,12777.848
2022-06-11,Geothermal,21264.173
2022-06-11,Hydro,61355.397
2022-06-11,Liquid fuel,0.0
2022-06-11,Wind,13378.102
2022-06-11,Wood,614.535
2022-06-12,Gas,13348.661
2022-06-12,Geothermal,21349.521
2022-06-12,Hydro,63485.674
2022-06-12,Liquid fuel,0.0
2022-06-12,Wind,12041.751
2022-06-12,Wood,360.133
2022-06-13,Coal,870.009
2022-06-13,Gas,16997.765
2022-06-13,Geothermal,21346.033
2022-06-13,Hydro,72850.294
2022-06-13,Liquid fuel,0.0
2022-06-13,Wind,12301.988
2022-06-13,Wood,228.721
2022-06-14,Gas,15462.875
2022-06-14,Geothermal,21383.804
2022-06-14,Hydro,73938.156
2022-06-14,Liquid fuel,0.0
2022-06-14,Wind,12649.738
2022-06-14,Wood,222.591
2022-06-15,Gas,14103.829
2022-06-15,Geothermal,21515.907
2022-06-15,Hydro,71810.192
2022-06-15,Liquid fuel,0.0
2022-06-15,Wind,13633.437
2022-06-15,Wood,215.095
2022-06-16,Gas,13396.127
2022-06-16,Geothermal,21741.162
2022-06-16,Hydro,71530.08
2022-06-16,Liquid fuel,0.0
2022-06-16,Wind,12557.572
2022-06-16,Wood,0.0
2022-06-17,Coal,2501.659
2022-06-17,Gas,15607.645
2022-06-17,Geothermal,21786.012
2022-06-17,Hydro,75373.056
2022-06-17,Liquid fuel,0.0
2022-06-17,Wind,3609.585
2022-06-17,Wood,0.0
2022-06-18,Gas,16976.906
2022-06-18,Geothermal,21797.68
2022-06-18,Hydro,71511.439
2022-06-18,Liquid fuel,0.0
2022-06-18,Wind,3239.814
2022-06-18,Wood,0.0
2022-06-19,Gas,15570.994
2022-06-19,Geothermal,21915.042
2022-06-19,Hydro,63989.308
2022-06-19,Liquid fuel,0.0
2022-06-19,Wind,9429.88
2022-06-19,Wood,97.838
2022-06-20,Coal,2370.829
2022-06-20,Gas,17286.021
2022-06-20,Geothermal,21922.494
2022-06-20,Hydro,75061.744
2022-06-20,Liquid fuel,0.0
2022-06-20,Wind,13642.836
2022-06-20,Wood,213.43
2022-06-21,Coal,3837.666
2022-06-21,Gas,19741.184
2022-06-21,Geothermal,21979.723
2022-06-21,Hydro,80604.287
2022-06-21,Liquid fuel,3.356
2022-06-21,Wind,6885.954
2022-06-21,Wood,163.394
2022-06-22,Coal,5534.507
2022-06-22,Gas,19708.59
2022-06-22,Geothermal,21904.029
2022-06-22,Hydro,83577.308
2022-06-22,Liquid fuel,0.0
2022-06-22,Wind,3745.028
2022-06-22,Wood,323.029
2022-06-23,Coal,5455.375
2022-06-23,Gas,20241.154
2022-06-23,Geothermal,22080.151
2022-06-23,Hydro,83781.17
2022-06-23,Liquid fuel,60.878
2022-06-23,Wind,1464.67
2022-06-23,Wood,223.198
2022-06-24,Coal,1158.633
2022-06-24,Gas,19015.2
2022-06-24,Geothermal,22146.949
2022-06-24,Hydro,72388.027
2022-06-24,Liquid fuel,0.0
2022-06-24,Wind,5258.176
2022-06-24,Wood,193.788
2022-06-25,Gas,15749.153
2022-06-25,Geothermal,21715.403
2022-06-25,Hydro,63984.488
2022-06-25,Liquid fuel,0.0
2022-06-25,Wind,5825.733
2022-06-25,Wood,226.815
2022-06-26,Gas,14421.163
2022-06-26,Geothermal,21601.416
2022-06-26,Hydro,64575.418
2022-06-26,Liquid fuel,0.0
2022-06-26,Wind,5884.379
2022-06-26,Wood,238.684
2022-06-27,Coal,2694.564
2022-06-27,Gas,17702.288
2022-06-27,Geothermal,21645.249
2022-06-27,Hydro,72593.705
2022-06-27,Liquid fuel,0.0
2022-06-27,Wind,9876.47
2022-06-27,Wood,243.801
2022-06-28,Coal,3167.494
2022-06-28,Gas,20127.438
2022-06-28,Geothermal,21877.346
2022-06-28,Hydro,81820.23
2022-06-28,Liquid fuel,14.015
2022-06-28,Wind,2077.779
2022-06-28,Wood,360.044
2022-06-29,Coal,5006.214
2022-06-29,Gas,21576.885
2022-06-29,Geothermal,22044.851
2022-06-29,Hydro,80734.407
2022-06-29,Liquid fuel,0.0
2022-06-29,Wind,2763.554
2022-06-29,Wood,313.279
2022-06-30,Coal,3570.071
2022-06-30,Gas,20530.671
2022-06-30,Geothermal,21882.877
2022-06-30,Hydro,73161.655
2022-06-30,Liquid fuel,0.0
2022-06-30,Wind,8966.069
2022-06-30,Wood,219.859
2022-07-01,Coal,2970.343
2022-07-01,Gas,20839.059
2022-07-01,Geothermal,21964.498
2022-07-01,Hydro,68064.224
2022-07-01,Liquid fuel,0.0
2022-07-01,Wind,9336.152
2022-07-01,Wood,219.81
2022-07-02,Coal,2701.579
2022-07-02,Gas,19168.691
2022-07-02,Geothermal,22184.062
2022-07-02,Hydro,64061.071
2022-07-02,Liquid fuel,0.0
2022-07-02,Wind,6402.783
2022-07-02,Wood,319.43
2022-07-03,Coal,3.751
2022-07-03,Gas,18876.343
2022-07-03,Geothermal,22031.196
2022-07-03,Hydro,60915.298
2022-07-03,Liquid fuel,0.0
2022-07-03,Wind,11104.132
2022-07-03,Wood,487.32
2022-07-04,Coal,3381.465
2022-07-04,Gas,20024.381
2022-07-04,Geothermal,21933.736
2022-07-04,Hydro,74716.575
2022-07-04,Liquid fuel,0.0
2022-07-04,Wind,5606.004
2022-07-04,Wood,388.262
2022-07-05,Coal,3003.919
2022-07-05,Gas,21836.546
2022-07-05,Geothermal,21926.8
2022-07-05,Hydro,74947.585
2022-07-05,Liquid fuel,0.0
2022-07-05,Wind,9015.847
2022-07-05,Wood,615.118
2022-07-06,Coal,3462.916
2022-07-06,Gas,20778.685
2022-07-06,Geothermal,21763.041
2022-07-06,Hydro,75126.498
2022-07-06,Liquid fuel,0.0
2022-07-06,Wind,3254.168
2022-07-06,Wood,665.336
2022-07-07,Coal,3857.457
2022-07-07,Gas,21700.076
2022-07-07,Geothermal,22213.353
2022-07-07,Hydro,80785.523
2022-07-07,Liquid fuel,0.0
2022-07-07,Wind,2003.737
2022-07-07,Wood,672.394
2022-07-08,Coal,3.951
2022-07-08,Gas,19654.422
2022-07-08,Geothermal,21577.835
2022-07-08,Hydro,71939.517
2022-07-08,Liquid fuel,0.0
2022-07-08,Wind,9545.308
2022-07-08,Wood,688.438
2022-07-09,Gas,14890.085
2022-07-09,Geothermal,21902.126
2022-07-09,Hydro,57963.115
2022-07-09,Liquid fuel,0.0
2022-07-09,Wind,13550.381
2022-07-09,Wood,333.231
2022-07-10,Gas,16598.053
2022-07-10,Geothermal,22392.873
2022-07-10,Hydro,59883.722
2022-07-10,Liquid fuel,0.0
2022-07-10,Wind,12063.87
2022-07-10,Wood,54.762
2022-07-11,Coal,2349.997
2022-07-11,Gas,20019.262
2022-07-11,Geothermal,22367.392
2022-07-11,Hydro,71785.489
2022-07-11,Liquid fuel,0.0
2022-07-11,Wind,10710.294
2022-07-11,Wood,574.003
2022-07-12,Coal,1065.041
2022-07-12,Gas,18574.265
2022-07-12,Geothermal,21745.236
2022-07-12,Hydro,69307.275
2022-07-12,Liquid fuel,0.0
2022-07-12,Wind,13906.337
2022-07-12,Wood,488.519
2022-07-13,Coal,985.203
2022-07-13,Gas,14520.717
2022-07-13,Geothermal,21904.734
2022-07-13,Hydro,67002.95
2022-07-13,Liquid fuel,0.0
2022-07-13,Wind,14945.39
2022-07-13,Wood,674.554
2022-07-14,Coal,1067.153
2022-07-14,Gas,14543.368
2022-07-14,Geothermal,21384.243
2022-07-14,Hydro,77612.332
2022-07-14,Liquid fuel,0.0
2022-07-14,Wind,7996.588
2022-07-14,Wood,635.8
2022-07-15,Coal,2314.583
2022-07-15,Gas,15935.166
2022-07-15,Geothermal,21677.745
2022-07-15,Hydro,77459.379
2022-07-15,Liquid fuel,0.0
2022-07-15,Wind,4652.49
2022-07-15,Wood,689.831
2022-07-16,Coal,981.535
2022-07-16,Gas,16686.957
2022-07-16,Geothermal,22566.251
2022-07-16,Hydro,73022.255
2022-07-16,Liquid fuel,0.0
2022-07-16,Wind,2161.424
2022-07-16,Wood,726.153
2022-07-17,Gas,15285.087
2022-07-17,Geothermal,22722.893
2022-07-17,Hydro,69531.424
2022-07-17,Liquid fuel,0.0
2022-07-17,Wind,10237.359
2022-07-17,Wood,661.167
2022-07-18,Gas,15406.885
2022-07-18,Geothermal,22535.754
2022-07-18,Hydro,74108.145
2022-07-18,Liquid fuel,0.0
2022-07-18,Wind,14448.659
2022-07-18,Wood,815.41
2022-07-19,Gas,13290.552
2022-07-19,Geothermal,21155.092
2022-07-19,Hydro,76857.739
2022-07-19,Liquid fuel,0.0
2022-07-19,Wind,9962.717
2022-07-19,Wood,750.68
2022-07-20,Coal,761.895
2022-07-20,Gas,13235.833
2022-07-20,Geothermal,20156.208
2022-07-20,Hydro,84060.232
2022-07-20,Liquid fuel,0.0
2022-07-20,Wind,4660.231
2022-07-20,Wood,539.019
2022-07-21,Coal,1060.77
2022-07-21,Gas,13957.783
2022-07-21,Geothermal,20535.316
2022-07-21,Hydro,85092.941
2022-07-21,Liquid fuel,11.846
2022-07-21,Wind,9570.194
2022-07-21,Wood,716.978
2022-07-22,Coal,1705.209
2022-07-22,Gas,12504.387
2022-07-22,Geothermal,20634.27
2022-07-22,Hydro,85535.078
2022-07-22,Liquid fuel,0.0
2022-07-22,Wind,7295.064
2022-07-22,Wood,828.077
2022-07-23,Coal,845.975
2022-07-23,Gas,13289.54
2022-07-23,Geothermal,20419.179
2022-07-23,Hydro,79370.512
2022-07-23,Liquid fuel,0.0
2022-07-23,Wind,5811.367
2022-07-23,Wood,809.534
2022-07-24,Coal,983.481
2022-07-24,Gas,13908.476
2022-07-24,Geothermal,20297.771
2022-07-24,Hydro,81204.868
2022-07-24,Liquid fuel,0.0
2022-07-24,Wind,3731.986
2022-07-24,Wood,800.112
2022-07-25,Coal,1722.857
2022-07-25,Gas,17593.371
2022-07-25,Geothermal,20821.709
2022-07-25,Hydro,83097.922
2022-07-25,Liquid fuel,0.0
2022-07-25,Wind,10229.0
2022-07-25,Wood,769.815
2022-07-26,Coal,1863.24
2022-07-26,Gas,13140.563
2022-07-26,Geothermal,21580.544
2022-07-26,Hydro,79873.017
2022-07-26,Liquid fuel,119.94
2022-07-26,Wind,7064.467
2022-07-26,Wood,704.593
2022-07-27,Coal,1652.006
2022-07-27,Gas,12554.501
2022-07-27,Geothermal,21956.983
2022-07-27,Hydro,78384.286
2022-07-27,Liquid fuel,48.417
2022-07-27,Wind,9035.023
2022-07-27,Wood,807.482
2022-07-28,Coal,1841.694
2022-07-28,Gas,11873.477
2022-07-28,Geothermal,22005.739
2022-07-28,Hydro,74411.167
2022-07-28,Liquid fuel,0.0
2022-07-28,Wind,13742.11
2022-07-28,Wood,764.865
2022-07-29,Coal,1852.817
2022-07-29,Gas,11974.129
2022-07-29,Geothermal,21580.6
2022-07-29,Hydro,71667.347
2022-07-29,Liquid fuel,0.0
2022-07-29,Wind,14136.869
2022-07-29,Wood,599.966
2022-07-30,Coal,1734.701
2022-07-30,Gas,9884.023
2022-07-30,Geothermal,21680.977
2022-07-30,Hydro,72440.292
2022-07-30,Liquid fuel,0.0
2022-07-30,Wind,9612.905
2022-07-30,Wood,535.625
2022-07-31,Coal,2111.95
2022-07-31,Gas,12351.673
2022-07-31,Geothermal,21799.677
2022-07-31,Hydro,72751.814
2022-07-31,Liquid fuel,0.0
2022-07-31,Wind,7643.72
2022-07-31,Wood,660.491
2022-08-01,Coal,3384.105
2022-08-01,Gas,13764.147
2022-08-01,Geothermal,21961.261
2022-08-01,Hydro,81332.434
2022-08-01,Liquid fuel,0.0
2022-08-01,Wind,7374.095
2022-08-01,Wood,759.558
2022-08-02,Coal,2617.971
2022-08-02,Gas,10733.139
2022-08-02,Geothermal,21909.544
2022-08-02,Hydro,74685.957
2022-08-02,Liquid fuel,0.0
2022-08-02,Wind,15477.948
2022-08-02,Wood,684.214
2022-08-03,Coal,2100.32
2022-08-03,Gas,6202.423
2022-08-03,Geothermal,21654.485
2022-08-03,Hydro,75884.39
2022-08-03,Liquid fuel,0.0
2022-08-03,Wind,13784.49
2022-08-03,Wood,669.78
2022-08-04,Coal,2615.623
2022-08-04,Gas,7186.605
2022-08-04,Geothermal,21767.034
2022-08-04,Hydro,78863.861
2022-08-04,Liquid fuel,0.0
2022-08-04,Wind,9776.099
2022-08-04,Wood,749.843
2022-08-05,Coal,2562.596
2022-08-05,Gas,7144.653
2022-08-05,Geothermal,21376.319
2022-08-05,Hydro,76747.265
2022-08-05,Liquid fuel,0.0
2022-08-05,Wind,12364.842
2022-08-05,Wood,765.898
2022-08-06,Coal,2293.207
2022-08-06,Gas,6373.432
2022-08-06,Geothermal,21840.976
2022-08-06,Hydro,68571.445
2022-08-06,Liquid fuel,0.0
2022-08-06,Wind,13416.198
2022-08-06,Wood,709.005
2022-08-07,Coal,2058.003
2022-08-07,Gas,6407.804
2022-08-07,Geothermal,21380.441
2022-08-07,Hydro,70806.323
2022-08-07,Liquid fuel,0.0
2022-08-07,Wind,9807.279
2022-08-07,Wood,713.868
2022-08-08,Coal,2365.16
2022-08-08,Gas,8901.915
2022-08-08,Geothermal,21232.067
2022-08-08,Hydro,84811.052
2022-08-08,Liquid fuel,0.0
2022-08-08,Wind,11161.526
2022-08-08,Wood,730.034
2022-08-09,Coal,2606.772
2022-08-09,Gas,10497.316
2022-08-09,Geothermal,21403.414
2022-08-09,Hydro,81539.96
2022-08-09,Liquid fuel,0.0
2022-08-09,Wind,14437.466
2022-08-09,Wood,736.422
2022-08-10,Coal,3608.288
2022-08-10,Gas,11097.789
2022-08-10,Geothermal,21675.741
2022-08-10,Hydro,86919.782
2022-08-10,Liquid fuel,0.0
2022-08-10,Wind,7103.928
2022-08-10,Wood,780.632
2022-08-11,Coal,5036.629
2022-08-11,Gas,9945.572
2022-08-11,Geothermal,21999.867
2022-08-11,Hydro,88388.534
2022-08-11,Liquid fuel,189.518
2022-08-11,Wind,6055.213
2022-08-11,Wood,767.538
2022-08-12,Coal,5975.581
2022-08-12,Gas,12013.779
2022-08-12,Geothermal,22047.322
2022-08-12,Hydro,91334.051
2022-08-12,Liquid fuel,34.208
2022-08-12,Wind,1306.53
2022-08-12,Wood,810.964
2022-08-13,Coal,2429.949
2022-08-13,Gas,10823.135
2022-08-13,Geothermal,22167.083
2022-08-13,Hydro,83685.814
2022-08-13,Liquid fuel,0.0
2022-08-13,Wind,833.149
2022-08-13,Wood,763.508
2022-08-14,Coal,2242.497
2022-08-14,Gas,10607.209
2022-08-14,Geothermal,22236.762
2022-08-14,Hydro,73546.244
2022-08-14,Liquid fuel,0.0
2022-08-14,Wind,9998.204
2022-08-14,Wood,753.094
2022-08-15,Coal,4411.473
2022-08-15,Gas,12117.833
2022-08-15,Geothermal,21668.137
2022-08-15,Hydro,89663.723
2022-08-15,Liquid fuel,0.867
2022-08-15,Wind,4248.136
2022-08-15,Wood,616.706
2022-08-16,Coal,2344.691
2022-08-16,Gas,10442.896
2022-08-16,Geothermal,21135.034
2022-08-16,Hydro,84228.321
2022-08-16,Liquid fuel,0.0
2022-08-16,Wind,5229.53
2022-08-16,Wood,778.392
2022-08-17,Coal,3828.559
2022-08-17,Gas,9462.489
2022-08-17,Geothermal,20530.936
2022-08-17,Hydro,79154.84
2022-08-17,Liquid fuel,0.0
2022-08-17,Wind,7500.469
2022-08-17,Wood,796.465
2022-08-18,Coal,1986.036
2022-08-18,Gas,8416.612
2022-08-18,Geothermal,20644.095
2022-08-18,Hydro,81347.651
2022-08-18,Liquid fuel,0.0
2022-08-18,Wind,9470.684
2022-08-18,Wood,779.717
2022-08-19,Coal,1971.67
2022-08-19,Gas,8261.136
2022-08-19,Geothermal,21005.385
2022-08-19,Hydro,77726.288
2022-08-19,Liquid fuel,0.0
2022-08-19,Wind,8768.424
2022-08-19,Wood,822.056
2022-08-20,Coal,5.053
2022-08-20,Gas,6575.633
2022-08-20,Geothermal,21212.008
2022-08-20,Hydro,66295.244
2022-08-20,Liquid fuel,0.0
2022-08-20,Wind,11539.089
2022-08-20,Wood,813.667
2022-08-21,Coal,631.11
2022-08-21,Gas,5929.174
2022-08-21,Geothermal,21538.917
2022-08-21,Hydro,63213.066
2022-08-21,Liquid fuel,0.0
2022-08-21,Wind,12017.28
2022-08-21,Wood,822.794
2022-08-22,Coal,1910.541
2022-08-22,Gas,7216.575
2022-08-22,Geothermal,21438.396
2022-08-22,Hydro,82841.118
2022-08-22,Liquid fuel,0.0
2022-08-22,Wind,3570.706
2022-08-22,Wood,796.667
2022-08-23,Coal,1958.438
2022-08-23,Gas,6931.469
2022-08-23,Geothermal,21015.789
2022-08-23,Hydro,83175.291
2022-08-23,Liquid fuel,0.0
2022-08-23,Wind,5868.379
2022-08-23,Wood,793.916
2022-08-24,Coal,822.545
2022-08-24,Gas,6271.035
2022-08-24,Geothermal,20859.592
2022-08-24,Hydro,80097.247
2022-08-24,Liquid fuel,0.0
2022-08-24,Wind,11784.119
2022-08-24,Wood,549.921
2022-08-25,Coal,2197.487
2022-08-25,Gas,7297.448
2022-08-25,Geothermal,20222.672
2022-08-25,Hydro,90053.518
2022-08-25,Liquid fuel,0.0
2022-08-25,Wind,4170.041
2022-08-25,Wood,781.208
2022-08-26,Coal,1409.408
2022-08-26,Gas,7020.265
2022-08-26,Geothermal,18168.704
2022-08-26,Hydro,82481.171
2022-08-26,Liquid fuel,0.0
2022-08-26,Wind,10405.874
2022-08-26,Wood,725.272
2022-08-27,Gas,6034.586
2022-08-27,Geothermal,18944.313
2022-08-27,Hydro,79050.771
2022-08-27,Liquid fuel,0.0
2022-08-27,Wind,5629.851
2022-08-27,Wood,789.636
2022-08-28,Coal,726.702
2022-08-28,Gas,5917.021
2022-08-28,Geothermal,21379.848
2022-08-28,Hydro,75565.635
2022-08-28,Liquid fuel,0.0
2022-08-28,Wind,5570.085
2022-08-28,Wood,806.325
2022-08-29,Coal,1944.17
2022-08-29,Gas,6398.492
2022-08-29,Geothermal,21521.831
2022-08-29,Hydro,87291.389
2022-08-29,Liquid fuel,0.0
2022-08-29,Wind,4880.459
2022-08-29,Wood,779.78
2022-08-30,Coal,3515.625
2022-08-30,Gas,6466.698
2022-08-30,Geothermal,21709.779
2022-08-30,Hydro,89302.34
2022-08-30,Liquid fuel,0.0
2022-08-30,Wind,2194.59
2022-08-30,Wood,772.633
2022-08-31,Coal,2184.575
2022-08-31,Gas,6866.825
2022-08-31,Geothermal,21582.823
2022-08-31,Hydro,89351.943
2022-08-31,Liquid fuel,0.0
2022-08-31,Wind,3019.7
2022-08-31,Wood,753.602
2022-09-01,Gas,6836.25
2022-09-01,Geothermal,21279.628
2022-09-01,Hydro,86122.866
2022-09-01,Liquid fuel,0.0
2022-09-01,Wind,5750.991
2022-09-01,Wood,828.307
2022-09-02,Gas,5713.043
2022-09-02,Geothermal,21475.363
2022-09-02,Hydro,84203.362
2022-09-02,Liquid fuel,0.0
2022-09-02,Wind,7249.118
2022-09-02,Wood,829.537
2022-09-03,Gas,5771.204
2022-09-03,Geothermal,21503.318
2022-09-03,Hydro,73663.108
2022-09-03,Liquid fuel,0.0
2022-09-03,Wind,9140.935
2022-09-03,Wood,775.061
2022-09-04,Coal,449.383
2022-09-04,Gas,5909.497
2022-09-04,Geothermal,21519.38
2022-09-04,Hydro,68913.736
2022-09-04,Liquid fuel,0.0
2022-09-04,Wind,9464.639
2022-09-04,Wood,824.98
2022-09-05,Coal,3303.618
2022-09-05,Gas,8687.833
2022-09-05,Geothermal,21624.42
2022-09-05,Hydro,88979.138
2022-09-05,Liquid fuel,6.785
2022-09-05,Wind,8133.075
2022-09-05,Wood,779.321
2022-09-06,Coal,3627.851
2022-09-06,Gas,8752.191
2022-09-06,Geothermal,20513.079
2022-09-06,Hydro,92366.599
2022-09-06,Liquid fuel,107.895
2022-09-06,Wind,6717.667
2022-09-06,Wood,785.925
2022-09-07,Coal,3488.127
2022-09-07,Gas,9346.162
2022-09-07,Geothermal,19835.536
2022-09-07,Hydro,93055.332
2022-09-07,Liquid fuel,30.577
2022-09-07,Wind,4336.108
2022-09-07,Wood,801.231
2022-09-08,Coal,3160.849
2022-09-08,Gas,7711.479
2022-09-08,Geothermal,20020.852
2022-09-08,Hydro,91078.602
2022-09-08,Liquid fuel,40.088
2022-09-08,Wind,1341.467
2022-09-08,Wood,743.641
2022-09-09,Coal,2682.023
2022-09-09,Gas,8152.422
2022-09-09,Geothermal,20038.826
2022-09-09,Hydro,86503.958
2022-09-09,Liquid fuel,0.0
2022-09-09,Wind,3451.291
2022-09-09,Wood,832.362
2022-09-10,Coal,4.713
2022-09-10,Gas,8326.678
2022-09-10,Geothermal,19998.277
2022-09-10,Hydro,78220.273
2022-09-10,Liquid fuel,0.0
2022-09-10,Wind,5770.637
2022-09-10,Wood,844.734
2022-09-11,Coal,370.05
2022-09-11,Gas,7389.503
2022-09-11,Geothermal,19790.889
2022-09-11,Hydro,77936.796
2022-09-11,Liquid fuel,0.0
2022-09-11,Wind,2906.524
2022-09-11,Wood,794.269
2022-09-12,Coal,566.218
2022-09-12,Gas,7162.22
2022-09-12,Geothermal,19586.509
2022-09-12,Hydro,83883.773
2022-09-12,Liquid fuel,0.0
2022-09-12,Wind,7078.709
2022-09-12,Wood,764.642
2022-09-13,Coal,383.521
2022-09-13,Gas,6848.999
2022-09-13,Geothermal,18426.788
2022-09-13,Hydro,78610.124
2022-09-13,Liquid fuel,0.0
2022-09-13,Wind,15124.417
2022-09-13,Wood,821.551
2022-09-14,Coal,1708.19
2022-09-14,Gas,8177.612
2022-09-14,Geothermal,18315.6
2022-09-14,Hydro,86295.874
2022-09-14,Liquid fuel,0.0
2022-09-14,Wind,8674.503
2022-09-14,Wood,786.759
2022-09-15,Coal,1878.004
2022-09-15,Gas,8100.259
2022-09-15,Geothermal,19865.1
2022-09-15,Hydro,87737.684
2022-09-15,Liquid fuel,77.062
2022-09-15,Wind,6063.192
2022-09-15,Wood,790.052
2022-09-16,Coal,1754.644
2022-09-16,Gas,7684.127
2022-09-16,Geothermal,19727.74
2022-09-16,Hydro,87464.858
2022-09-16,Liquid fuel,0.0
2022-09-16,Wind,5943.009
2022-09-16,Wood,802.045
2022-09-17,Gas,7959.992
2022-09-17,Geothermal,19951.085
2022-09-17,Hydro,77093.778
2022-09-17,Liquid fuel,0.0
2022-09-17,Wind,3685.881
2022-09-17,Wood,747.161
2022-09-18,Gas,7944.011
2022-09-18,Geothermal,19906.154
2022-09-18,Hydro,75817.033
2022-09-18,Liquid fuel,0.0
2022-09-18,Wind,3174.164
2022-09-18,Wood,766.044
2022-09-19,Gas,9880.488
2022-09-19,Geothermal,19486.508
2022-09-19,Hydro,80426.91
2022-09-19,Liquid fuel,0.0
2022-09-19,Wind,8793.006
2022-09-19,Wood,796.935
2022-09-20,Coal,690.955
2022-09-20,Gas,9053.634
2022-09-20,Geothermal,19288.567
2022-09-20,Hydro,79471.506
2022-09-20,Liquid fuel,0.0
2022-09-20,Wind,5140.039
2022-09-20,Wood,561.803
2022-09-21,Coal,465.967
2022-09-21,Gas,8894.134
2022-09-21,Geothermal,19800.379
2022-09-21,Hydro,82337.442
2022-09-21,Liquid fuel,0.0
2022-09-21,Wind,3373.105
2022-09-21,Wood,30.428
2022-09-22,Coal,414.265
2022-09-22,Gas,8337.606
2022-09-22,Geothermal,20434.016
2022-09-22,Hydro,77082.326
2022-09-22,Liquid fuel,0.0
2022-09-22,Wind,12169.207
2022-09-22,Wood,250.629
2022-09-23,Coal,3501.358
2022-09-23,Gas,3198.201
2022-09-23,Geothermal,20582.188
2022-09-23,Hydro,75762.805
2022-09-23,Liquid fuel,0.0
2022-09-23,Wind,12134.267
2022-09-23,Wood,739.79
2022-09-24,Coal,3772.885
2022-09-24,Gas,2497.423
2022-09-24,Geothermal,21001.205
2022-09-24,Hydro,71422.143
2022-09-24,Liquid fuel,0.0
2022-09-24,Wind,6294.129
2022-09-24,Wood,706.915
2022-09-25,Coal,2575.692
2022-09-25,Gas,2426.956
2022-09-25,Geothermal,20459.601
2022-09-25,Hydro,64660.167
2022-09-25,Liquid fuel,0.0
2022-09-25,Wind,8760.917
2022-09-25,Wood,724.474
2022-09-26,Coal,3488.646
2022-09-26,Gas,2584.942
2022-09-26,Geothermal,21535.545
2022-09-26,Hydro,69361.879
2022-09-26,Liquid fuel,0.0
2022-09-26,Wind,8080.962
2022-09-26,Wood,690.696
2022-09-27,Coal,228.65
2022-09-27,Gas,9232.578
2022-09-27,Geothermal,20259.737
2022-09-27,Hydro,80601.729
2022-09-27,Liquid fuel,0.0
2022-09-27,Wind,3124.529
2022-09-27,Wood,733.799
2022-09-28,Gas,9145.411
2022-09-28,Geothermal,19911.757
2022-09-28,Hydro,78907.234
2022-09-28,Liquid fuel,0.0
2022-09-28,Wind,5549.893
2022-09-28,Wood,778.083
2022-09-29,Gas,8374.101
2022-09-29,Geothermal,21141.425
2022-09-29,Hydro,74266.772
2022-09-29,Liquid fuel,0.0
2022-09-29,Wind,10271.827
2022-09-29,Wood,741.149
2022-09-30,Coal,3603.855
2022-09-30,Gas,2003.978
2022-09-30,Geothermal,21233.212
2022-09-30,Hydro,77503.953
2022-09-30,Liquid fuel,0.0
2022-09-30,Wind,12817.066
2022-09-30,Wood,744.443
2022-10-01,Coal,2676.346
2022-10-01,Gas,1909.387
2022-10-01,Geothermal,21364.471
2022-10-01,Hydro,69796.156
2022-10-01,Liquid fuel,0.0
2022-10-01,Wind,14438.621
2022-10-01,Wood,798.781
2022-10-02,Coal,2609.638
2022-10-02,Gas,1987.932
2022-10-02,Geothermal,20638.77
2022-10-02,Hydro,64802.814
2022-10-02,Liquid fuel,0.0
2022-10-02,Wind,14234.614
2022-10-02,Wood,730.356
2022-10-03,Coal,39.003
2022-10-03,Gas,7093.831
2022-10-03,Geothermal,20166.554
2022-10-03,Hydro,80642.261
2022-10-03,Liquid fuel,0.0
2022-10-03,Wind,7519.234
2022-10-03,Wood,712.576
2022-10-04,Gas,6907.07
2022-10-04,Geothermal,19245.681
2022-10-04,Hydro,81288.652
2022-10-04,Liquid fuel,0.0
2022-10-04,Wind,7633.15
2022-10-04,Wood,830.707
2022-10-05,Gas,7355.674
2022-10-05,Geothermal,18507.256
2022-10-05,Hydro,82166.992
2022-10-05,Liquid fuel,0.0
2022-10-05,Wind,13439.818
2022-10-05,Wood,761.442
2022-10-06,Coal,3050.595
2022-10-06,Gas,9207.215
2022-10-06,Geothermal,19143.572
2022-10-06,Hydro,90235.991
2022-10-06,Liquid fuel,21.703
2022-10-06,Wind,7690.126
2022-10-06,Wood,783.172
2022-10-07,Coal,3841.078
2022-10-07,Gas,8379.337
2022-10-07,Geothermal,19278.237
2022-10-07,Hydro,86346.054
2022-10-07,Liquid fuel,97.617
2022-10-07,Wind,3051.994
2022-10-07,Wood,676.758
2022-10-08,Gas,7099.506
2022-10-08,Geothermal,19890.194
2022-10-08,Hydro,77493.817
2022-10-08,Liquid fuel,0.0
2022-10-08,Wind,3899.649
2022-10-08,Wood,751.173
2022-10-09,Gas,6333.067
2022-10-09,Geothermal,20868.82
2022-10-09,Hydro,64530.09
2022-10-09,Liquid fuel,0.0
2022-10-09,Wind,11651.852
2022-10-09,Wood,787.026
2022-10-10,Gas,6785.562
2022-10-10,Geothermal,19968.761
2022-10-10,Hydro,71964.664
2022-10-10,Liquid fuel,0.0
2022-10-10,Wind,13244.615
2022-10-10,Wood,773.226
2022-10-11,Gas,7314.445
2022-10-11,Geothermal,20072.39
2022-10-11,Hydro,75902.139
2022-10-11,Liquid fuel,0.0
2022-10-11,Wind,8983.96
2022-10-11,Wood,657.363
2022-10-12,Gas,7860.99
2022-10-12,Geothermal,19881.362
2022-10-12,Hydro,82263.098
2022-10-12,Liquid fuel,0.0
2022-10-12,Wind,5550.898
2022-10-12,Wood,712.384
2022-10-13,Gas,7139.509
2022-10-13,Geothermal,20319.254
2022-10-13,Hydro,79685.946
2022-10-13,Liquid fuel,0.0
2022-10-13,Wind,9375.834
2022-10-13,Wood,756.045
2022-10-14,Gas,6034.721
2022-10-14,Geothermal,20865.298
2022-10-14,Hydro,79560.964
2022-10-14,Liquid fuel,0.0
2022-10-14,Wind,10437.196
2022-10-14,Wood,754.621
2022-10-15,Gas,6154.702
2022-10-15,Geothermal,20871.706
2022-10-15,Hydro,74708.817
2022-10-15,Liquid fuel,0.0
2022-10-15,Wind,5217.065
2022-10-15,Wood,771.72
2022-10-16,Gas,6201.961
2022-10-16,Geothermal,20754.063
2022-10-16,Hydro,70465.198
2022-10-16,Liquid fuel,0.0
2022-10-16,Wind,4820.71
2022-10-16,Wood,756.81
2022-10-17,Gas,6683.016
2022-10-17,Geothermal,20467.529
2022-10-17,Hydro,76485.571
2022-10-17,Liquid fuel,0.0
2022-10-17,Wind,9516.557
2022-10-17,Wood,782.139
2022-10-18,Gas,7585.142
2022-10-18,Geothermal,20438.266
2022-10-18,Hydro,77794.877
2022-10-18,Liquid fuel,0.0
2022-10-18,Wind,7752.117
2022-10-18,Wood,465.243
2022-10-19,Gas,7803.991
2022-10-19,Geothermal,20627.931
2022-10-19,Hydro,76369.17
2022-10-19,Liquid fuel,0.0
2022-10-19,Wind,10221.576
2022-10-19,Wood,237.073
2022-10-20,Gas,7030.789
2022-10-20,Geothermal,21379.836
2022-10-20,Hydro,71307.529
2022-10-20,Liquid fuel,0.0
2022-10-20,Wind,14806.617
2022-10-20,Wood,473.617
2022-10-21,Gas,6848.947
2022-10-21,Geothermal,21618.286
2022-10-21,Hydro,74258.125
2022-10-21,Liquid fuel,0.0
2022-10-21,Wind,11421.62
2022-10-21,Wood,742.988
2022-10-22,Gas,8101.743
2022-10-22,Geothermal,21425.497
2022-10-22,Hydro,74347.879
2022-10-22,Liquid fuel,0.0
2022-10-22,Wind,1278.656
2022-10-22,Wood,800.486
2022-10-23,Gas,7230.905
2022-10-23,Geothermal,21238.952
2022-10-23,Hydro,60352.264
2022-10-23,Liquid fuel,0.0
2022-10-23,Wind,10983.559
2022-10-23,Wood,681.048
2022-10-24,Gas,6947.156
2022-10-24,Geothermal,21453.374
2022-10-24,Hydro,59814.552
2022-10-24,Liquid fuel,0.0
2022-10-24,Wind,14518.463
2022-10-24,Wood,668.04
2022-10-25,Gas,8256.301
2022-10-25,Geothermal,21450.469
2022-10-25,Hydro,75126.843
2022-10-25,Liquid fuel,0.0
2022-10-25,Wind,9302.845
2022-10-25,Wood,780.027
2022-10-26,Gas,8500.667
2022-10-26,Geothermal,21298.103
2022-10-26,Hydro,74170.019
2022-10-26,Liquid fuel,0.0
2022-10-26,Wind,9365.682
2022-10-26,Wood,785.648
2022-10-27,Coal,623.276
2022-10-27,Gas,7487.771
2022-10-27,Geothermal,21197.454
2022-10-27,Hydro,74180.531
2022-10-27,Liquid fuel,0.0
2022-10-27,Wind,9529.745
2022-10-27,Wood,612.608
2022-10-28,Gas,8097.724
2022-10-28,Geothermal,21394.941
2022-10-28,Hydro,71626.125
2022-10-28,Liquid fuel,0.0
2022-10-28,Wind,8906.365
2022-10-28,Wood,764.105
2022-10-29,Gas,7103.026
2022-10-29,Geothermal,21150.664
2022-10-29,Hydro,58312.948
2022-10-29,Liquid fuel,0.0
2022-10-29,Wind,13532.544
2022-10-29,Wood,837.73
2022-10-30,Gas,6564.322
2022-10-30,Geothermal,21251.594
2022-10-30,Hydro,62256.637
2022-10-30,Liquid fuel,0.0
2022-10-30,Wind,7471.218
2022-10-30,Wood,814.459
2022-10-31,Coal,346.932
2022-10-31,Gas,6252.009
2022-10-31,Geothermal,21093.899
2022-10-31,Hydro,75394.772
2022-10-31,Liquid fuel,0.0
2022-10-31,Wind,3342.491
2022-10-31,Wood,783.743
2022-11-01,Coal,3145.006
2022-11-01,Gas,2264.839
2022-11-01,Geothermal,20558.009
2022-11-01,Hydro,72629.18
2022-11-01,Liquid fuel,0.0
2022-11-01,Wind,9182.762
2022-11-01,Wood,735.387
2022-11-02,Coal,3708.43
2022-11-02,Gas,2233.724
2022-11-02,Geothermal,20032.599
2022-11-02,Hydro,70544.584
2022-11-02,Liquid fuel,0.0
2022-11-02,Wind,12561.162
2022-11-02,Wood,669.454
2022-11-03,Gas,2415.626
2022-11-03,Geothermal,19880.886
2022-11-03,Hydro,73235.987
2022-11-03,Liquid fuel,0.0
2022-11-03,Wind,14020.581
2022-11-03,Wood,673.803
2022-11-04,Gas,2858.494
2022-11-04,Geothermal,20497.68
2022-11-04,Hydro,70506.299
2022-11-04,Liquid fuel,0.0
2022-11-04,Wind,14273.055
2022-11-04,Wood,614.191
2022-11-05,Gas,2531.54
2022-11-05,Geothermal,20901.483
2022-11-05,Hydro,70488.846
2022-11-05,Liquid fuel,0.0
2022-11-05,Wind,7126.166
2022-11-05,Wood,241.325
2022-11-06,Gas,2553.663
2022-11-06,Geothermal,21032.023
2022-11-06,Hydro,72703.066
2022-11-06,Liquid fuel,0.0
2022-11-06,Wind,3269.196
2022-11-06,Wood,0.0
2022-11-07,Coal,1950.453
2022-11-07,Gas,1677.84
2022-11-07,Geothermal,21016.05
2022-11-07,Hydro,79212.21
2022-11-07,Liquid fuel,0.0
2022-11-07,Wind,4259.841
2022-11-07,Wood,0.0
2022-11-08,Coal,2657.198
2022-11-08,Gas,2218.218
2022-11-08,Geothermal,21095.901
2022-11-08,Hydro,81140.53
2022-11-08,Liquid fuel,0.0
2022-11-08,Wind,4911.047
2022-11-08,Wood,0.0
2022-11-09,Coal,2103.688
2022-11-09,Gas,1992.943
2022-11-09,Geothermal,20845.346
2022-11-09,Hydro,82539.842
2022-11-09,Liquid fuel,0.0
2022-11-09,Wind,5192.686
2022-11-09,Wood,0.0
2022-11-10,Coal,3.955
2022-11-10,Gas,2547.069
2022-11-10,Geothermal,18794.142
2022-11-10,Hydro,75213.098
2022-11-10,Liquid fuel,0.0
2022-11-10,Wind,15189.243
2022-11-10,Wood,0.0
2022-11-11,Gas,2179.001
2022-11-11,Geothermal,19110.182
2022-11-11,Hydro,79510.991
2022-11-11,Liquid fuel,0.0
2022-11-11,Wind,12234.371
2022-11-11,Wood,0.0
2022-11-12,Gas,2250.515
2022-11-12,Geothermal,18125.754
2022-11-12,Hydro,78126.083
2022-11-12,Liquid fuel,0.0
2022-11-12,Wind,2968.385
2022-11-12,Wood,0.0
2022-11-13,Gas,2049.496
2022-11-13,Geothermal,17341.814
2022-11-13,Hydro,72572.84
2022-11-13,Liquid fuel,0.0
2022-11-13,Wind,6541.821
2022-11-13,Wood,0.0
2022-11-14,Coal,1967.597
2022-11-14,Gas,1756.304
2022-11-14,Geothermal,17133.929
2022-11-14,Hydro,84190.005
2022-11-14,Liquid fuel,0.0
2022-11-14,Wind,4539.556
2022-11-14,Wood,0.0
2022-11-15,Coal,2534.645
2022-11-15,Gas,3420.841
2022-11-15,Geothermal,17242.898
2022-11-15,Hydro,85483.757
2022-11-15,Liquid fuel,0.0
2022-11-15,Wind,3004.553
2022-11-15,Wood,0.0
2022-11-16,Coal,2403.449
2022-11-16,Gas,3590.526
2022-11-16,Geothermal,16893.033
2022-11-16,Hydro,85754.048
2022-11-16,Liquid fuel,0.0
2022-11-16,Wind,3475.162
2022-11-16,Wood,0.0
2022-11-17,Coal,2508.494
2022-11-17,Gas,3622.644
2022-11-17,Geothermal,16761.534
2022-11-17,Hydro,87614.085
2022-11-17,Liquid fuel,0.0
2022-11-17,Wind,1139.154
2022-11-17,Wood,0.0
2022-11-18,Coal,1127.668
2022-11-18,Gas,2114.148
2022-11-18,Geothermal,16917.657
2022-11-18,Hydro,86263.401
2022-11-18,Liquid fuel,0.0
2022-11-18,Wind,3420.663
2022-11-18,Wood,0.0
2022-11-19,Gas,1893.466
2022-11-19,Geothermal,17313.181
2022-11-19,Hydro,74358.638
2022-11-19,Liquid fuel,0.0
2022-11-19,Wind,5165.905
2022-11-19,Wood,0.0
2022-11-20,Gas,2119.495
2022-11-20,Geothermal,15610.275
2022-11-20,Hydro,74641.286
2022-11-20,Liquid fuel,0.0
2022-11-20,Wind,3298.992
2022-11-20,Wood,0.0
2022-11-21,Coal,1577.388
2022-11-21,Gas,2182.842
2022-11-21,Geothermal,14422.831
2022-11-21,Hydro,77335.295
2022-11-21,Liquid fuel,0.0
2022-11-21,Wind,10569.857
2022-11-21,Wood,0.0
2022-11-22,Coal,1199.872
2022-11-22,Gas,2029.325
2022-11-22,Geothermal,14255.787
2022-11-22,Hydro,79822.2
2022-11-22,Liquid fuel,346.213
2022-11-22,Wind,9688.154
2022-11-22,Wood,0.0
2022-11-23,Coal,544.09
2022-11-23,Gas,3357.829
2022-11-23,Geothermal,14150.099
2022-11-23,Hydro,75791.624
2022-11-23,Liquid fuel,291.941
2022-11-23,Wind,12725.283
2022-11-23,Wood,0.0
2022-11-24,Gas,4530.899
2022-11-24,Geothermal,13992.697
2022-11-24,Hydro,74704.059
2022-11-24,Liquid fuel,146.176
2022-11-24,Wind,13992.463
2022-11-24,Wood,0.0
2022-11-25,Coal,795.686
2022-11-25,Gas,2433.526
2022-11-25,Geothermal,14404.324
2022-11-25,Hydro,78154.067
2022-11-25,Liquid fuel,0.0
2022-11-25,Wind,10026.702
2022-11-25,Wood,0.0
2022-11-26,Gas,2361.126
2022-11-26,Geothermal,14758.535
2022-11-26,Hydro,68802.04
2022-11-26,Liquid fuel,0.0
2022-11-26,Wind,10429.265
2022-11-26,Wood,0.0
2022-11-27,Coal,500.551
2022-11-27,Gas,2005.89
2022-11-27,Geothermal,14607.296
2022-11-27,Hydro,75403.318
2022-11-27,Liquid fuel,0.0
2022-11-27,Wind,4562.741
2022-11-27,Wood,0.0
2022-11-28,Coal,1004.672
2022-11-28,Gas,2305.225
2022-11-28,Geothermal,14572.151
2022-11-28,Hydro,78484.13
2022-11-28,Liquid fuel,0.0
2022-11-28,Wind,8710.692
2022-11-28,Wood,0.0
2022-11-29,Gas,2657.025
2022-11-29,Geothermal,14272.336
2022-11-29,Hydro,77653.855
2022-11-29,Liquid fuel,0.0
2022-11-29,Wind,11575.679
2022-11-29,Wood,0.0
2022-11-30,Coal,789.554
2022-11-30,Gas,1718.788
2022-11-30,Geothermal,13547.868
2022-11-30,Hydro,78365.228
2022-11-30,Liquid fuel,0.0
2022-11-30,Wind,13362.275
2022-11-30,Wood,0.0
2022-12-01,Coal,2022.605
2022-12-01,Gas,2017.4
2022-12-01,Geothermal,12797.525
2022-12-01,Hydro,82694.115
2022-12-01,Liquid fuel,0.0
2022-12-01,Wind,6230.344
2022-12-01,Wood,0.0
2022-12-02,Coal,1652.18
2022-12-02,Gas,2014.512
2022-12-02,Geothermal,13476.513
2022-12-02,Hydro,81010.155
2022-12-02,Liquid fuel,0.0
2022-12-02,Wind,6773.382
2022-12-02,Wood,41.869
2022-12-03,Coal,575.549
2022-12-03,Gas,2103.352
2022-12-03,Geothermal,14490.164
2022-12-03,Hydro,76460.167
2022-12-03,Liquid fuel,0.0
2022-12-03,Wind,2851.559
2022-12-03,Wood,503.507
2022-12-04,Gas,2063.579
2022-12-04,Geothermal,14863.992
2022-12-04,Hydro,65337.097
2022-12-04,Liquid fuel,0.0
2022-12-04,Wind,12231.305
2022-12-04,Wood,741.801
2022-12-05,Gas,5590.35
2022-12-05,Geothermal,15926.398
2022-12-05,Hydro,72523.703
2022-12-05,Liquid fuel,0.0
2022-12-05,Wind,10910.018
2022-12-05,Wood,714.938
2022-12-06,Gas,5266.573
2022-12-06,Geothermal,18454.54
2022-12-06,Hydro,74695.532
2022-12-06,Liquid fuel,0.0
2022-12-06,Wind,9150.277
2022-12-06,Wood,713.961
2022-12-07,Gas,5527.218
2022-12-07,Geothermal,19323.021
2022-12-07,Hydro,74353.555
2022-12-07,Liquid fuel,0.0
2022-12-07,Wind,10910.374
2022-12-07,Wood,587.924
2022-12-08,Coal,1176.148
2022-12-08,Gas,1835.441
2022-12-08,Geothermal,19345.458
2022-12-08,Hydro,80613.017
2022-12-08,Liquid fuel,0.0
2022-12-08,Wind,5891.535
2022-12-08,Wood,685.744
2022-12-09,Gas,2614.558
2022-12-09,Geothermal,19681.184
2022-12-09,Hydro,82358.929
2022-12-09,Liquid fuel,0.0
2022-12-09,Wind,4868.656
2022-12-09,Wood,767.962
2022-12-10,Gas,2340.018
2022-12-10,Geothermal,19477.366
2022-12-10,Hydro,76781.192
2022-12-10,Liquid fuel,0.0
2022-12-10,Wind,2781.73
2022-12-10,Wood,733.335
2022-12-11,Gas,2448.839
2022-12-11,Geothermal,19510.014
2022-12-11,Hydro,74186.008
2022-12-11,Liquid fuel,0.0
2022-12-11,Wind,4034.747
2022-12-11,Wood,714.398
2022-12-12,Coal,2918.398
2022-12-12,Gas,2556.386
2022-12-12,Geothermal,18622.404
2022-12-12,Hydro,82519.367
2022-12-12,Liquid fuel,0.0
2022-12-12,Wind,2471.648
2022-12-12,Wood,539.293
2022-12-13,Coal,3007.17
2022-12-13,Gas,3167.255
2022-12-13,Geothermal,18896.058
2022-12-13,Hydro,84114.468
2022-12-13,Liquid fuel,0.0
2022-12-13,Wind,1814.289
2022-12-13,Wood,423.622
2022-12-14,Gas,6078.292
2022-12-14,Geothermal,19176.172
2022-12-14,Hydro,82784.763
2022-12-14,Liquid fuel,0.0
2022-12-14,Wind,3716.72
2022-12-14,Wood,513.514
2022-12-15,Gas,5744.81
2022-12-15,Geothermal,19777.57
2022-12-15,Hydro,82388.239
2022-12-15,Liquid fuel,0.0
2022-12-15,Wind,3901.257
2022-12-15,Wood,684.488
2022-12-16,Coal,2049.018
2022-12-16,Gas,2195.606
2022-12-16,Geothermal,19751.519
2022-12-16,Hydro,85687.59
2022-12-16,Liquid fuel,0.0
2022-12-16,Wind,2732.302
2022-12-16,Wood,767.683
2022-12-17,Gas,2683.053
2022-12-17,Geothermal,19962.138
2022-12-17,Hydro,77465.723
2022-12-17,Liquid fuel,0.0
2022-12-17,Wind,2119.853
2022-12-17,Wood,730.477
2022-12-18,Gas,2411.209
2022-12-18,Geothermal,19925.189
2022-12-18,Hydro,72988.106
2022-12-18,Liquid fuel,0.0
2022-12-18,Wind,3691.178
2022-12-18,Wood,754.886
2022-12-19,Gas,5367.97
2022-12-19,Geothermal,19977.777
2022-12-19,Hydro,78059.007
2022-12-19,Liquid fuel,0.0
2022-12-19,Wind,3212.437
2022-12-19,Wood,681.366
2022-12-20,Coal,1393.784
2022-12-20,Gas,1825.788
2022-12-20,Geothermal,20273.73
2022-12-20,Hydro,79497.713
2022-12-20,Liquid fuel,0.0
2022-12-20,Wind,4306.314
2022-12-20,Wood,572.789
2022-12-21,Coal,668.97
2022-12-21,Gas,2162.81
2022-12-21,Geothermal,20408.577
2022-12-21,Hydro,71620.065
2022-12-21,Liquid fuel,0.0
2022-12-21,Wind,11353.597
2022-12-21,Wood,557.861
2022-12-22,Coal,818.294
2022-12-22,Gas,2158.09
2022-12-22,Geothermal,20773.401
2022-12-22,Hydro,73289.916
2022-12-22,Liquid fuel,0.0
2022-12-22,Wind,6292.808
2022-12-22,Wood,732.461
2022-12-23,Gas,2094.101
2022-12-23,Geothermal,20847.346
2022-12-23,Hydro,72816.907
2022-12-23,Liquid fuel,0.0
2022-12-23,Wind,2592.941
2022-12-23,Wood,661.23
2022-12-24,Gas,2162.562
2022-12-24,Geothermal,21042.923
2022-12-24,Hydro,64550.727
2022-12-24,Liquid fuel,0.0
2022-12-24,Wind,5348.598
2022-12-24,Wood,667.841
2022-12-25,Gas,2262.219
2022-12-25,Geothermal,21014.807
2022-12-25,Hydro,60090.915
2022-12-25,Liquid fuel,0.0
2022-12-25,Wind,3689.776
2022-12-25,Wood,466.506
2022-12-26,Gas,2129.818
2022-12-26,Geothermal,20621.137
2022-12-26,Hydro,63802.426
2022-12-26,Liquid fuel,0.0
2022-12-26,Wind,2600.295
2022-12-26,Wood,532.629
2022-12-27,Gas,2147.178
2022-12-27,Geothermal,19975.635
2022-12-27,Hydro,63724.248
2022-12-27,Liquid fuel,0.0
2022-12-27,Wind,6042.434
2022-12-27,Wood,443.818
2022-12-28,Gas,2079.462
2022-12-28,Geothermal,19912.937
2022-12-28,Hydro,68359.854
2022-12-28,Liquid fuel,0.0
2022-12-28,Wind,5874.565
2022-12-28,Wood,565.137
2022-12-29,Gas,2083.093
2022-12-29,Geothermal,19820.908
2022-12-29,Hydro,67985.612
2022-12-29,Liquid fuel,0.0
2022-12-29,Wind,8414.151
2022-12-29,Wood,626.737
2022-12-30,Gas,1793.777
2022-12-30,Geothermal,19651.071
2022-12-30,Hydro,63520.975
2022-12-30,Liquid fuel,0.0
2022-12-30,Wind,13048.177
2022-12-30,Wood,659.091
2022-12-31,Gas,2098.709
2022-12-31,Geothermal,19998.361
2022-12-31,Hydro,61313.393
2022-12-31,Liquid fuel,0.0
2022-12-31,Wind,9434.524
2022-12-31,Wood,712.759
2023-01-01,Gas,2249.933
2023-01-01,Geothermal,20170.246
2023-01-01,Hydro,59439.208
2023-01-01,Liquid fuel,0.0
2023-01-01,Wind,8051.045
2023-01-01,Wood,730.44
2023-01-02,Gas,2557.604
2023-01-02,Geothermal,20120.504
2023-01-02,Hydro,64406.463
2023-01-02,Liquid fuel,0.0
2023-01-02,Wind,4772.23
2023-01-02,Wood,731.91
2023-01-03,Gas,3042.52
2023-01-03,Geothermal,19972.475
2023-01-03,Hydro,66155.145
2023-01-03,Liquid fuel,0.0
2023-01-03,Wind,5699.081
2023-01-03,Wood,665.522
2023-01-04,Coal,1049.916
2023-01-04,Gas,1895.579
2023-01-04,Geothermal,20032.873
2023-01-04,Hydro,70836.622
2023-01-04,Liquid fuel,0.0
2023-01-04,Wind,7239.736
2023-01-04,Wood,457.484
2023-01-05,Coal,1083.561
2023-01-05,Gas,2001.626
2023-01-05,Geothermal,19418.117
2023-01-05,Hydro,73246.474
2023-01-05,Liquid fuel,0.0
2023-01-05,Wind,5807.907
2023-01-05,Wood,433.949
2023-01-06,Coal,1429.963
2023-01-06,Gas,1990.596
2023-01-06,Geothermal,17416.231
2023-01-06,Hydro,77503.338
2023-01-06,Liquid fuel,0.0
2023-01-06,Wind,3313.924
2023-01-06,Wood,598.996
2023-01-07,Gas,2600.897
2023-01-07,Geothermal,17456.663
2023-01-07,Hydro,65139.703
2023-01-07,Liquid fuel,0.0
2023-01-07,Wind,10313.568
2023-01-07,Wood,621.714
2023-01-08,Gas,2392.754
2023-01-08,Geothermal,17275.947
2023-01-08,Hydro,60358.947
2023-01-08,Liquid fuel,0.0
2023-01-08,Wind,14278.838
2023-01-08,Wood,668.493
2023-01-09,Coal,2168.881
2023-01-09,Gas,2084.386
2023-01-09,Geothermal,17214.468
2023-01-09,Hydro,68768.963
2023-01-09,Liquid fuel,0.0
2023-01-09,Wind,11952.201
2023-01-09,Wood,708.817
2023-01-10,Coal,2226.93
2023-01-10,Gas,2077.313
2023-01-10,Geothermal,17559.964
2023-01-10,Hydro,70354.526
2023-01-10,Liquid fuel,0.0
2023-01-10,Wind,12336.816
2023-01-10,Wood,801.177
2023-01-11,Coal,1645.698
2023-01-11,Gas,2597.072
2023-01-11,Geothermal,17377.654
2023-01-11,Hydro,68583.359
2023-01-11,Liquid fuel,0.0
2023-01-11,Wind,14948.027
2023-01-11,Wood,649.439
2023-01-12,Coal,3106.562
2023-01-12,Gas,2125.264
2023-01-12,Geothermal,18308.676
2023-01-12,Hydro,71331.807
2023-01-12,Liquid fuel,0.0
2023-01-12,Wind,11198.929
2023-01-12,Wood,769.802
2023-01-13,Coal,3436.903
2023-01-13,Gas,2766.476
2023-01-13,Geothermal,20440.082
2023-01-13,Hydro,73698.34
2023-01-13,Liquid fuel,0.0
2023-01-13,Wind,3711.483
2023-01-13,Wood,682.968
2023-01-14,Coal,3095.497
2023-01-14,Gas,2107.958
2023-01-14,Geothermal,20876.547
2023-01-14,Hydro,66589.217
2023-01-14,Liquid fuel,0.0
2023-01-14,Wind,4071.179
2023-01-14,Wood,604.565
2023-01-15,Coal,3884.369
2023-01-15,Gas,2251.96
2023-01-15,Geothermal,20885.552
2023-01-15,Hydro,65591.289
2023-01-15,Liquid fuel,0.0
2023-01-15,Wind,3220.946
2023-01-15,Wood,774.71
2023-01-16,Coal,323.038
2023-01-16,Gas,11845.193
2023-01-16,Geothermal,20709.984
2023-01-16,Hydro,71289.165
2023-01-16,Liquid fuel,0.0
2023-01-16,Wind,3061.587
2023-01-16,Wood,741.49
2023-01-17,Gas,15541.476
2023-01-17,Geothermal,20568.969
2023-01-17,Hydro,70124.02
2023-01-17,Liquid fuel,0.0
2023-01-17,Wind,2907.287
2023-01-17,Wood,684.551
2023-01-18,Gas,15861.324
2023-01-18,Geothermal,20516.018
2023-01-18,Hydro,69670.204
2023-01-18,Liquid fuel,0.0
2023-01-18,Wind,3643.695
2023-01-18,Wood,702.982
2023-01-19,Coal,917.059
2023-01-19,Gas,15301.123
2023-01-19,Geothermal,19927.565
2023-01-19,Hydro,71175.302
2023-01-19,Liquid fuel,0.0
2023-01-19,Wind,3539.067
2023-01-19,Wood,725.18
2023-01-20,Gas,15587.78
2023-01-20,Geothermal,19961.115
2023-01-20,Hydro,65986.518
2023-01-20,Liquid fuel,0.0
2023-01-20,Wind,9360.768
2023-01-20,Wood,727.989
2023-01-21,Gas,13443.402
2023-01-21,Geothermal,19979.305
2023-01-21,Hydro,61393.432
2023-01-21,Liquid fuel,0.0
2023-01-21,Wind,7091.743
2023-01-21,Wood,745.288
2023-01-22,Gas,13826.307
2023-01-22,Geothermal,20134.72
2023-01-22,Hydro,59818.473
2023-01-22,Liquid fuel,0.0
2023-01-22,Wind,5525.054
2023-01-22,Wood,758.462
2023-01-23,Coal,1970.547
2023-01-23,Gas,16615.569
2023-01-23,Geothermal,20325.121
2023-01-23,Hydro,65454.649
2023-01-23,Liquid fuel,0.0
2023-01-23,Wind,3532.307
2023-01-23,Wood,711.022
2023-01-24,Coal,2386.71
2023-01-24,Gas,15341.222
2023-01-24,Geothermal,20456.71
2023-01-24,Hydro,67973.774
2023-01-24,Liquid fuel,0.0
2023-01-24,Wind,3696.091
2023-01-24,Wood,781.263
2023-01-25,Coal,2113.706
2023-01-25,Gas,16178.563
2023-01-25,Geothermal,19737.503
2023-01-25,Hydro,68816.728
2023-01-25,Liquid fuel,0.0
2023-01-25,Wind,2766.074
2023-01-25,Wood,754.103
2023-01-26,Coal,2395.496
2023-01-26,Gas,16559.822
2023-01-26,Geothermal,20105.034
2023-01-26,Hydro,67823.682
2023-01-26,Liquid fuel,0.0
2023-01-26,Wind,3726.105
2023-01-26,Wood,800.837
2023-01-27,Coal,2325.341
2023-01-27,Gas,17489.716
2023-01-27,Geothermal,20534.611
2023-01-27,Hydro,66391.866
2023-01-27,Liquid fuel,0.0
2023-01-27,Wind,3858.07
2023-01-27,Wood,784.298
2023-01-28,Gas,11306.114
2023-01-28,Geothermal,20376.372
2023-01-28,Hydro,57748.765
2023-01-28,Liquid fuel,0.0
2023-01-28,Wind,12150.635
2023-01-28,Wood,711.805
2023-01-29,Gas,13508.55
2023-01-29,Geothermal,19305.003
2023-01-29,Hydro,62033.987
2023-01-29,Liquid fuel,0.0
2023-01-29,Wind,4984.192
2023-01-29,Wood,656.99
2023-01-30,Coal,1232.74
2023-01-30,Gas,13384.533
2023-01-30,Geothermal,20283.201
2023-01-30,Hydro,67344.306
2023-01-30,Liquid fuel,0.0
2023-01-30,Wind,2981.161
2023-01-30,Wood,610.19
2023-01-31,Coal,1751.609
2023-01-31,Gas,14472.385
2023-01-31,Geothermal,19777.503
2023-01-31,Hydro,70262.329
2023-01-31,Liquid fuel,0.0
2023-01-31,Wind,3687.81
2023-01-31,Wood,682.296
2023-02-01,Coal,2226.18
2023-02-01,Gas,15579.291
2023-02-01,Geothermal,19283.358
2023-02-01,Hydro,70414.718
2023-02-01,Liquid fuel,0.0
2023-02-01,Wind,5225.815
2023-02-01,Wood,740.281
2023-02-02,Coal,3102.001
2023-02-02,Gas,16149.346
2023-02-02,Geothermal,19178.5
2023-02-02,Hydro,72010.681
2023-02-02,Liquid fuel,0.0
2023-02-02,Wind,3878.385
2023-02-02,Wood,742.386
2023-02-03,Coal,1723.683
2023-02-03,Gas,13588.686
2023-02-03,Geothermal,19861.31
2023-02-03,Hydro,74265.75
2023-02-03,Liquid fuel,0.0
2023-02-03,Wind,3980.956
2023-02-03,Wood,719.655
2023-02-04,Gas,10124.424
2023-02-04,Geothermal,20094.107
2023-02-04,Hydro,69688.802
2023-02-04,Liquid fuel,0.0
2023-02-04,Wind,5691.002
2023-02-04,Wood,683.829
2023-02-05,Gas,8867.555
2023-02-05,Geothermal,20091.845
2023-02-05,Hydro,64482.027
2023-02-05,Liquid fuel,0.0
2023-02-05,Wind,7787.177
2023-02-05,Wood,63.577
2023-02-06,Gas,7926.797
2023-02-06,Geothermal,20399.614
2023-02-06,Hydro,61808.559
2023-02-06,Liquid fuel,0.0
2023-02-06,Wind,11890.031
2023-02-06,Wood,0.0
2023-02-07,Gas,9908.158
2023-02-07,Geothermal,20498.454
2023-02-07,Hydro,69162.525
2023-02-07,Liquid fuel,0.0
2023-02-07,Wind,11273.207
2023-02-07,Wood,0.0
2023-02-08,Coal,1212.926
2023-02-08,Gas,8401.086
2023-02-08,Geothermal,20258.917
2023-02-08,Hydro,69770.842
2023-02-08,Liquid fuel,0.0
2023-02-08,Wind,11799.78
2023-02-08,Wood,0.0
2023-02-09,Coal,759.138
2023-02-09,Gas,10785.533
2023-02-09,Geothermal,19570.208
2023-02-09,Hydro,70564.885
2023-02-09,Liquid fuel,0.0
2023-02-09,Wind,7226.087
2023-02-09,Wood,0.0
2023-02-10,Coal,954.344
2023-02-10,Gas,10736.294
2023-02-10,Geothermal,20226.361
2023-02-10,Hydro,72187.093
2023-02-10,Liquid fuel,0.0
2023-02-10,Wind,4406.517
2023-02-10,Wood,0.0
2023-02-11,Gas,9702.008
2023-02-11,Geothermal,20198.098
2023-02-11,Hydro,65165.251
2023-02-11,Liquid fuel,0.0
2023-02-11,Wind,4951.592
2023-02-11,Wood,0.221
2023-02-12,Gas,9348.949
2023-02-12,Geothermal,20543.019
2023-02-12,Hydro,59509.598
2023-02-12,Liquid fuel,0.0
2023-02-12,Wind,9171.92
2023-02-12,Wood,1.918
2023-02-13,Coal,1506.609
2023-02-13,Gas,9034.232
2023-02-13,Geothermal,20153.786
2023-02-13,Hydro,62087.159
2023-02-13,Liquid fuel,0.0
2023-02-13,Wind,13691.454
2023-02-13,Wood,0.0
2023-02-14,Coal,1494.82
2023-02-14,Gas,10076.389
2023-02-14,Geothermal,17134.523
2023-02-14,Hydro,59992.717
2023-02-14,Liquid fuel,0.0
2023-02-14,Wind,12601.729
2023-02-14,Wood,0.0
2023-02-15,Coal,2809.147
2023-02-15,Gas,12060.377
2023-02-15,Geothermal,17458.193
2023-02-15,Hydro,65288.439
2023-02-15,Liquid fuel,0.0
2023-02-15,Wind,5869.424
2023-02-15,Wood,0.0
2023-02-16,Coal,2840.305
2023-02-16,Gas,13743.07
2023-02-16,Geothermal,17350.85
2023-02-16,Hydro,62578.437
2023-02-16,Liquid fuel,0.0
2023-02-16,Wind,7690.31
2023-02-16,Wood,180.544
2023-02-17,Coal,3014.587
2023-02-17,Gas,14443.494
2023-02-17,Geothermal,17228.696
2023-02-17,Hydro,63505.454
2023-02-17,Liquid fuel,0.0
2023-02-17,Wind,4583.334
2023-02-17,Wood,724.1
2023-02-18,Coal,3778.999
2023-02-18,Gas,14807.379
2023-02-18,Geothermal,17766.68
2023-02-18,Hydro,58711.107
2023-02-18,Liquid fuel,0.0
2023-02-18,Wind,806.804
2023-02-18,Wood,579.918
2023-02-19,Coal,3421.648
2023-02-19,Gas,13743.62
2023-02-19,Geothermal,17799.125
2023-02-19,Hydro,54419.747
2023-02-19,Liquid fuel,0.0
2023-02-19,Wind,6336.982
2023-02-19,Wood,570.734
2023-02-20,Coal,2653.279
2023-02-20,Gas,15059.394
2023-02-20,Geothermal,17650.629
2023-02-20,Hydro,65812.974
2023-02-20,Liquid fuel,0.0
2023-02-20,Wind,5791.148
2023-02-20,Wood,430.125
2023-02-21,Coal,2835.737
2023-02-21,Gas,15531.919
2023-02-21,Geothermal,17931.888
2023-02-21,Hydro,62671.767
2023-02-21,Liquid fuel,0.0
2023-02-21,Wind,9709.236
2023-02-21,Wood,586.821
2023-02-22,Coal,2342.106
2023-02-22,Gas,15959.099
2023-02-22,Geothermal,18489.973
2023-02-22,Hydro,62582.577
2023-02-22,Liquid fuel,0.0
2023-02-22,Wind,7639.236
2023-02-22,Wood,73.63
2023-02-23,Gas,13999.945
2023-02-23,Geothermal,19321.286
2023-02-23,Hydro,59150.581
2023-02-23,Liquid fuel,0.0
2023-02-23,Wind,12934.862
2023-02-23,Wood,244.58
2023-02-24,Gas,11127.835
2023-02-24,Geothermal,19865.483
2023-02-24,Hydro,57579.219
2023-02-24,Liquid fuel,0.0
2023-02-24,Wind,15124.503
2023-02-24,Wood,513.724
2023-02-25,Gas,11003.655
2023-02-25,Geothermal,19493.618
2023-02-25,Hydro,52904.766
2023-02-25,Liquid fuel,0.0
2023-02-25,Wind,10886.535
2023-02-25,Wood,521.16
2023-02-26,Coal,2612.068
2023-02-26,Gas,13852.025
2023-02-26,Geothermal,19629.276
2023-02-26,Hydro,54339.231
2023-02-26,Liquid fuel,0.0
2023-02-26,Wind,1882.127
2023-02-26,Wood,556.016
2023-02-27,Coal,3396.767
2023-02-27,Gas,13437.468
2023-02-27,Geothermal,19690.495
2023-02-27,Hydro,63977.48
2023-02-27,Liquid fuel,0.0
2023-02-27,Wind,2145.535
2023-02-27,Wood,697.739
2023-02-28,Coal,2809.155
2023-02-28,Gas,12900.27
2023-02-28,Geothermal,19784.981
2023-02-28,Hydro,64890.751
2023-02-28,Liquid fuel,0.0
2023-02-28,Wind,3620.861
2023-02-28,Wood,657.354
2023-03-01,Coal,3210.033
2023-03-01,Gas,14245.122
2023-03-01,Geothermal,19899.666
2023-03-01,Hydro,65456.826
2023-03-01,Liquid fuel,0.0
2023-03-01,Wind,2094.87
2023-03-01,Wood,641.23
2023-03-02,Coal,2114.963
2023-03-02,Gas,13790.632
2023-03-02,Geothermal,19738.28
2023-03-02,Hydro,62460.327
2023-03-02,Liquid fuel,0.0
2023-03-02,Wind,8224.132
2023-03-02,Wood,748.754
2023-03-03,Coal,2061.382
2023-03-03,Gas,14734.888
2023-03-03,Geothermal,20027.228
2023-03-03,Hydro,63615.389
2023-03-03,Liquid fuel,0.0
2023-03-03,Wind,5036.805
2023-03-03,Wood,710.379
2023-03-04,Coal,2523.144
2023-03-04,Gas,13705.533
2023-03-04,Geothermal,20075.188
2023-03-04,Hydro,56271.165
2023-03-04,Liquid fuel,0.0
2023-03-04,Wind,4365.9
2023-03-04,Wood,649.59
2023-03-05,Coal,2014.639
2023-03-05,Gas,12687.625
2023-03-05,Geothermal,19896.873
2023-03-05,Hydro,53488.027
2023-03-05,Liquid fuel,0.0
2023-03-05,Wind,6704.476
2023-03-05,Wood,589.857
2023-03-06,Coal,2322.185
2023-03-06,Gas,13811.241
2023-03-06,Geothermal,19513.663
2023-03-06,Hydro,61658.834
2023-03-06,Liquid fuel,0.0
2023-03-06,Wind,6199.647
2023-03-06,Wood,639.934
2023-03-07,Coal,2421.499
2023-03-07,Gas,14599.611
2023-03-07,Geothermal,19683.827
2023-03-07,Hydro,65011.348
2023-03-07,Liquid fuel,0.0
2023-03-07,Wind,2302.71
2023-03-07,Wood,691.823
2023-03-08,Coal,2115.133
2023-03-08,Gas,12966.988
2023-03-08,Geothermal,19559.806
2023-03-08,Hydro,60755.481
2023-03-08,Liquid fuel,0.0
2023-03-08,Wind,8960.253
2023-03-08,Wood,653.783
2023-03-09,Gas,14336.552
2023-03-09,Geothermal,19860.649
2023-03-09,Hydro,60185.816
2023-03-09,Liquid fuel,0.0
2023-03-09,Wind,9789.779
2023-03-09,Wood,656.631
2023-03-10,Coal,2402.208
2023-03-10,Gas,13880.801
2023-03-10,Geothermal,19933.858
2023-03-10,Hydro,60950.304
2023-03-10,Liquid fuel,0.0
2023-03-10,Wind,6260.824
2023-03-10,Wood,748.809
2023-03-11,Coal,1648.323
2023-03-11,Gas,12150.854
2023-03-11,Geothermal,19758.432
2023-03-11,Hydro,55598.63
2023-03-11,Liquid fuel,0.0
2023-03-11,Wind,4118.329
2023-03-11,Wood,649.492
2023-03-12,Gas,11052.876
2023-03-12,Geothermal,20213.281
2023-03-12,Hydro,49723.474
2023-03-12,Liquid fuel,0.0
2023-03-12,Wind,10812.963
2023-03-12,Wood,664.592
2023-03-13,Coal,1725.96
2023-03-13,Gas,11816.017
2023-03-13,Geothermal,20216.809
2023-03-13,Hydro,57483.513
2023-03-13,Liquid fuel,0.0
2023-03-13,Wind,11670.331
2023-03-13,Wood,777.848
2023-03-14,Coal,2849.482
2023-03-14,Gas,13204.117
2023-03-14,Geothermal,20256.986
2023-03-14,Hydro,65285.481
2023-03-14,Liquid fuel,0.0
2023-03-14,Wind,1161.169
2023-03-14,Wood,697.779
2023-03-15,Coal,2095.379
2023-03-15,Gas,13998.667
2023-03-15,Geothermal,20159.701
2023-03-15,Hydro,66793.21
2023-03-15,Liquid fuel,0.0
2023-03-15,Wind,517.799
2023-03-15,Wood,662.316
2023-03-16,Coal,1394.355
2023-03-16,Gas,11087.689
2023-03-16,Geothermal,20518.278
2023-03-16,Hydro,65776.859
2023-03-16,Liquid fuel,41.754
2023-03-16,Wind,4965.464
2023-03-16,Wood,707.591
2023-03-17,Gas,10779.827
2023-03-17,Geothermal,20421.239
2023-03-17,Hydro,58507.303
2023-03-17,Liquid fuel,19.199
2023-03-17,Wind,13935.913
2023-03-17,Wood,659.296
2023-03-18,Gas,10190.518
2023-03-18,Geothermal,18661.155
2023-03-18,Hydro,58001.992
2023-03-18,Liquid fuel,0.0
2023-03-18,Wind,6263.065
2023-03-18,Wood,658.199
2023-03-19,Gas,10711.304
2023-03-19,Geothermal,17892.411
2023-03-19,Hydro,58294.042
2023-03-19,Liquid fuel,0.0
2023-03-19,Wind,3232.249
2023-03-19,Wood,658.514
2023-03-20,Gas,10004.646
2023-03-20,Geothermal,18556.145
2023-03-20,Hydro,60065.354
2023-03-20,Liquid fuel,0.0
2023-03-20,Wind,12891.154
2023-03-20,Wood,620.897
2023-03-21,Coal,1094.203
2023-03-21,Gas,10367.676
2023-03-21,Geothermal,18552.687
2023-03-21,Hydro,62578.648
2023-03-21,Liquid fuel,0.0
2023-03-21,Wind,12722.519
2023-03-21,Wood,450.764
2023-03-22,Coal,2542.871
2023-03-22,Gas,12122.517
2023-03-22,Geothermal,18681.017
2023-03-22,Hydro,67892.169
2023-03-22,Liquid fuel,0.0
2023-03-22,Wind,4361.163
2023-03-22,Wood,54.481
2023-03-23,Coal,2727.081
2023-03-23,Gas,13047.835
2023-03-23,Geothermal,18521.686
2023-03-23,Hydro,68498.432
2023-03-23,Liquid fuel,0.0
2023-03-23,Wind,1791.889
2023-03-23,Wood,487.51
2023-03-24,Coal,2936.054
2023-03-24,Gas,13314.432
2023-03-24,Geothermal,18414.35
2023-03-24,Hydro,67184.508
2023-03-24,Liquid fuel,43.049
2023-03-24,Wind,1846.017
2023-03-24,Wood,755.343
2023-03-25,Coal,3.325
2023-03-25,Gas,9378.756
2023-03-25,Geothermal,18429.844
2023-03-25,Hydro,55689.614
2023-03-25,Liquid fuel,0.0
2023-03-25,Wind,11475.631
2023-03-25,Wood,767.831
2023-03-26,Coal,797.848
2023-03-26,Gas,10055.598
2023-03-26,Geothermal,17638.26
2023-03-26,Hydro,56090.243
2023-03-26,Liquid fuel,0.0
2023-03-26,Wind,8457.45
2023-03-26,Wood,763.538
2023-03-27,Coal,2390.932
2023-03-27,Gas,10777.625
2023-03-27,Geothermal,17443.145
2023-03-27,Hydro,61494.487
2023-03-27,Liquid fuel,0.0
2023-03-27,Wind,11494.585
2023-03-27,Wood,750.767
2023-03-28,Coal,2323.49
2023-03-28,Gas,10728.362
2023-03-28,Geothermal,17516.402
2023-03-28,Hydro,65698.407
2023-03-28,Liquid fuel,0.0
2023-03-28,Wind,13638.88
2023-03-28,Wood,732.851
2023-03-29,Coal,2915.957
2023-03-29,Gas,12139.008
2023-03-29,Geothermal,18662.398
2023-03-29,Hydro,69776.25
2023-03-29,Liquid fuel,0.0
2023-03-29,Wind,8893.555
2023-03-29,Wood,799.121
2023-03-30,Coal,3604.021
2023-03-30,Gas,12504.376
2023-03-30,Geothermal,19440.075
2023-03-30,Hydro,69733.979
2023-03-30,Liquid fuel,0.0
2023-03-30,Wind,7003.187
2023-03-30,Wood,750.912
2023-03-31,Coal,4.91
2023-03-31,Gas,13198.854
2023-03-31,Geothermal,19914.976
2023-03-31,Hydro,69967.178
2023-03-31,Liquid fuel,30.226
2023-03-31,Wind,4010.779
2023-03-31,Wood,779.481
2023-04-01,Gas,9952.217
2023-04-01,Geothermal,19908.267
2023-04-01,Hydro,59030.522
2023-04-01,Liquid fuel,0.0
2023-04-01,Wind,8642.283
2023-04-01,Wood,735.633
2023-04-02,Gas,10135.297
2023-04-02,Geothermal,20766.399
2023-04-02,Hydro,57939.684
2023-04-02,Liquid fuel,0.0
2023-04-02,Wind,9568.732
2023-04-02,Wood,811.167
2023-04-03,Gas,11566.409
2023-04-03,Geothermal,18882.757
2023-04-03,Hydro,68995.485
2023-04-03,Liquid fuel,0.0
2023-04-03,Wind,6627.971
2023-04-03,Wood,546.644
2023-04-04,Coal,1624.353
2023-04-04,Gas,11782.092
2023-04-04,Geothermal,17622.557
2023-04-04,Hydro,75848.41
2023-04-04,Liquid fuel,0.0
2023-04-04,Wind,1035.749
2023-04-04,Wood,201.859
2023-04-05,Gas,10233.029
2023-04-05,Geothermal,17849.472
2023-04-05,Hydro,67431.78
2023-04-05,Liquid fuel,0.0
2023-04-05,Wind,11864.707
2023-04-05,Wood,716.949
2023-04-06,Gas,10396.118
2023-04-06,Geothermal,17700.814
2023-04-06,Hydro,71389.414
2023-04-06,Liquid fuel,0.0
2023-04-06,Wind,10291.724
2023-04-06,Wood,766.383
2023-04-07,Gas,8477.186
2023-04-07,Geothermal,17411.293
2023-04-07,Hydro,58359.269
2023-04-07,Liquid fuel,0.0
2023-04-07,Wind,13542.263
2023-04-07,Wood,729.064
2023-04-08,Gas,8522.448
2023-04-08,Geothermal,17528.997
2023-04-08,Hydro,58935.77
2023-04-08,Liquid fuel,0.0
2023-04-08,Wind,11522.52
2023-04-08,Wood,765.862
2023-04-09,Gas,8438.126
2023-04-09,Geothermal,17555.335
2023-04-09,Hydro,63407.423
2023-04-09,Liquid fuel,0.0
2023-04-09,Wind,4447.22
2023-04-09,Wood,561.329
2023-04-10,Gas,8412.278
2023-04-10,Geothermal,17244.284
2023-04-10,Hydro,59114.986
2023-04-10,Liquid fuel,0.0
2023-04-10,Wind,9364.399
2023-04-10,Wood,777.986
2023-04-11,Coal,1018.609
2023-04-11,Gas,9716.598
2023-04-11,Geothermal,17333.913
2023-04-11,Hydro,66941.537
2023-04-11,Liquid fuel,0.0
2023-04-11,Wind,9877.895
2023-04-11,Wood,699.805
2023-04-12,Coal,1163.4
2023-04-12,Gas,9754.167
2023-04-12,Geothermal,17406.891
2023-04-12,Hydro,74358.315
2023-04-12,Liquid fuel,0.0
2023-04-12,Wind,4801.982
2023-04-12,Wood,573.667
2023-04-13,Coal,1780.654
2023-04-13,Gas,9176.806
2023-04-13,Geothermal,17511.349
2023-04-13,Hydro,75034.437
2023-04-13,Liquid fuel,0.0
2023-04-13,Wind,3751.755
2023-04-13,Wood,661.724
2023-04-14,Gas,9248.697
2023-04-14,Geothermal,17651.762
2023-04-14,Hydro,68586.886
2023-04-14,Liquid fuel,0.0
2023-04-14,Wind,10997.388
2023-04-14,Wood,554.78
2023-04-15,Gas,9187.606
2023-04-15,Geothermal,17891.393
2023-04-15,Hydro,62014.324
2023-04-15,Liquid fuel,0.0
2023-04-15,Wind,9109.006
2023-04-15,Wood,743.664
2023-04-16,Gas,9642.93
2023-04-16,Geothermal,17966.674
2023-04-16,Hydro,61278.727
2023-04-16,Liquid fuel,0.0
2023-04-16,Wind,6783.195
2023-04-16,Wood,779.166
2023-04-17,Coal,1717.019
2023-04-17,Gas,9795.798
2023-04-17,Geothermal,17918.925
2023-04-17,Hydro,72275.678
2023-04-17,Liquid fuel,0.0
2023-04-17,Wind,4154.206
2023-04-17,Wood,777.878
2023-04-18,Coal,2070.152
2023-04-18,Gas,9719.192
2023-04-18,Geothermal,17811.375
2023-04-18,Hydro,73468.202
2023-04-18,Liquid fuel,0.0
2023-04-18,Wind,4405.175
2023-04-18,Wood,788.75
2023-04-19,Coal,2635.845
2023-04-19,Gas,10105.735
2023-04-19,Geothermal,17638.032
2023-04-19,Hydro,73187.009
2023-04-19,Liquid fuel,0.0
2023-04-19,Wind,4351.873
2023-04-19,Wood,775.386
2023-04-20,Coal,2965.462
2023-04-20,Gas,9784.456
2023-04-20,Geothermal,17776.851
2023-04-20,Hydro,73684.686
2023-04-20,Liquid fuel,0.0
2023-04-20,Wind,3193.418
2023-04-20,Wood,732.576
2023-04-21,Coal,2471.071
2023-04-21,Gas,9766.716
2023-04-21,Geothermal,17687.512
2023-04-21,Hydro,75265.712
2023-04-21,Liquid fuel,0.0
2023-04-21,Wind,2608.379
2023-04-21,Wood,783.283
2023-04-22,Gas,8597.654
2023-04-22,Geothermal,17617.447
2023-04-22,Hydro,67818.187
2023-04-22,Liquid fuel,0.0
2023-04-22,Wind,4612.274
2023-04-22,Wood,786.026
2023-04-23,Gas,8334.389
2023-04-23,Geothermal,17782.395
2023-04-23,Hydro,62225.533
2023-04-23,Liquid fuel,0.0
2023-04-23,Wind,7108.878
2023-04-23,Wood,768.185
2023-04-24,Coal,687.247
2023-04-24,Gas,8585.975
2023-04-24,Geothermal,18041.557
2023-04-24,Hydro,68549.148
2023-04-24,Liquid fuel,0.0
2023-04-24,Wind,10224.56
2023-04-24,Wood,777.236
2023-04-25,Gas,8662.418
2023-04-25,Geothermal,18143.457
2023-04-25,Hydro,64035.945
2023-04-25,Liquid fuel,0.0
2023-04-25,Wind,11781.273
2023-04-25,Wood,759.249
2023-04-26,Coal,1004.095
2023-04-26,Gas,9270.252
2023-04-26,Geothermal,17027.745
2023-04-26,Hydro,73688.754
2023-04-26,Liquid fuel,0.0
2023-04-26,Wind,9616.049
2023-04-26,Wood,789.574
2023-04-27,Coal,2235.084
2023-04-27,Gas,10709.366
2023-04-27,Geothermal,17076.505
2023-04-27,Hydro,80801.887
2023-04-27,Liquid fuel,97.756
2023-04-27,Wind,554.816
2023-04-27,Wood,522.789
2023-04-28,Coal,1604.174
2023-04-28,Gas,10069.605
2023-04-28,Geothermal,18218.382
2023-04-28,Hydro,76298.924
2023-04-28,Liquid fuel,0.0
2023-04-28,Wind,5027.338
2023-04-28,Wood,821.456
2023-04-29,Coal,1170.308
2023-04-29,Gas,9312.462
2023-04-29,Geothermal,18602.046
2023-04-29,Hydro,69280.767
2023-04-29,Liquid fuel,0.0
2023-04-29,Wind,3838.944
2023-04-29,Wood,815.789
2023-04-30,Coal,1328.906
2023-04-30,Gas,10751.335
2023-04-30,Geothermal,18144.974
2023-04-30,Hydro,64795.754
2023-04-30,Liquid fuel,0.0
2023-04-30,Wind,6110.208
2023-04-30,Wood,768.357
2023-05-01,Coal,1411.582
2023-05-01,Gas,14113.474
2023-05-01,Geothermal,17879.134
2023-05-01,Hydro,69793.141
2023-05-01,Liquid fuel,0.0
2023-05-01,Wind,7012.108
2023-05-01,Wood,736.634
2023-05-02,Coal,1374.61
2023-05-02,Gas,13338.344
2023-05-02,Geothermal,17787.861
2023-05-02,Hydro,70568.119
2023-05-02,Liquid fuel,0.0
2023-05-02,Wind,5570.388
2023-05-02,Wood,720.771
2023-05-03,Coal,1451.501
2023-05-03,Gas,11381.563
2023-05-03,Geothermal,17636.411
2023-05-03,Hydro,72638.369
2023-05-03,Liquid fuel,0.0
2023-05-03,Wind,5801.974
2023-05-03,Wood,754.326
2023-05-04,Coal,1429.299
2023-05-04,Gas,10710.287
2023-05-04,Geothermal,17364.258
2023-05-04,Hydro,76350.01
2023-05-04,Liquid fuel,0.0
2023-05-04,Wind,3286.816
2023-05-04,Wood,699.026
2023-05-05,Coal,567.787
2023-05-05,Gas,9362.765
2023-05-05,Geothermal,17783.476
2023-05-05,Hydro,77506.203
2023-05-05,Liquid fuel,0.0
2023-05-05,Wind,3137.723
2023-05-05,Wood,782.037
2023-05-06,Gas,7663.89
2023-05-06,Geothermal,17936.616
2023-05-06,Hydro,66436.93
2023-05-06,Liquid fuel,0.0
2023-05-06,Wind,5699.351
2023-05-06,Wood,800.598
2023-05-07,Gas,8780.549
2023-05-07,Geothermal,17892.441
2023-05-07,Hydro,68117.588
2023-05-07,Liquid fuel,0.0
2023-05-07,Wind,2403.776
2023-05-07,Wood,747.381
2023-05-08,Coal,1476.378
2023-05-08,Gas,8838.509
2023-05-08,Geothermal,17818.61
2023-05-08,Hydro,76132.289
2023-05-08,Liquid fuel,0.0
2023-05-08,Wind,3129.202
2023-05-08,Wood,793.15
2023-05-09,Gas,9428.154
2023-05-09,Geothermal,17741.513
2023-05-09,Hydro,76305.188
2023-05-09,Liquid fuel,99.795
2023-05-09,Wind,7336.036
2023-05-09,Wood,603.236
2023-05-10,Coal,1728.175
2023-05-10,Gas,7086.535
2023-05-10,Geothermal,17874.781
2023-05-10,Hydro,74120.948
2023-05-10,Liquid fuel,0.0
2023-05-10,Wind,13387.437
2023-05-10,Wood,781.162
2023-05-11,Coal,3081.884
2023-05-11,Gas,9483.548
2023-05-11,Geothermal,18387.333
2023-05-11,Hydro,84224.907
2023-05-11,Liquid fuel,36.275
2023-05-11,Wind,9411.329
2023-05-11,Wood,794.795
2023-05-12,Coal,2457.808
2023-05-12,Gas,10052.9
2023-05-12,Geothermal,18477.123
2023-05-12,Hydro,87560.071
2023-05-12,Liquid fuel,9.254
2023-05-12,Wind,2017.672
2023-05-12,Wood,772.696
2023-05-13,Gas,6993.669
2023-05-13,Geothermal,18515.533
2023-05-13,Hydro,82032.545
2023-05-13,Liquid fuel,0.0
2023-05-13,Wind,1100.267
2023-05-13,Wood,776.857
2023-05-14,Gas,6698.72
2023-05-14,Geothermal,18497.631
2023-05-14,Hydro,71207.16
2023-05-14,Liquid fuel,0.0
2023-05-14,Wind,8609.12
2023-05-14,Wood,785.348
2023-05-15,Coal,2130.777
2023-05-15,Gas,8733.626
2023-05-15,Geothermal,17521.327
2023-05-15,Hydro,85872.716
2023-05-15,Liquid fuel,31.599
2023-05-15,Wind,3742.932
2023-05-15,Wood,766.821
2023-05-16,Coal,3231.674
2023-05-16,Gas,8728.115
2023-05-16,Geothermal,17296.296
2023-05-16,Hydro,90043.293
2023-05-16,Liquid fuel,35.589
2023-05-16,Wind,1436.913
2023-05-16,Wood,778.51
2023-05-17,Coal,1935.697
2023-05-17,Gas,6865.363
2023-05-17,Geothermal,18134.957
2023-05-17,Hydro,84011.835
2023-05-17,Liquid fuel,0.0
2023-05-17,Wind,8767.042
2023-05-17,Wood,686.435
2023-05-18,Coal,3245.302
2023-05-18,Gas,8570.589
2023-05-18,Geothermal,18098.631
2023-05-18,Hydro,87452.981
2023-05-18,Liquid fuel,11.695
2023-05-18,Wind,3897.87
2023-05-18,Wood,810.643
2023-05-19,Gas,6557.14
2023-05-19,Geothermal,17873.958
2023-05-19,Hydro,86766.446
2023-05-19,Liquid fuel,0.0
2023-05-19,Wind,5927.141
2023-05-19,Wood,758.81
2023-05-20,Coal,2357.878
2023-05-20,Gas,2760.474
2023-05-20,Geothermal,17996.15
2023-05-20,Hydro,76926.656
2023-05-20,Liquid fuel,0.0
2023-05-20,Wind,8713.275
2023-05-20,Wood,710.598
2023-05-21,Coal,2477.613
2023-05-21,Gas,2711.117
2023-05-21,Geothermal,18209.36
2023-05-21,Hydro,72693.726
2023-05-21,Liquid fuel,0.0
2023-05-21,Wind,11363.052
2023-05-21,Wood,2.641
2023-05-22,Coal,1408.231
2023-05-22,Gas,8047.063
2023-05-22,Geothermal,18112.968
2023-05-22,Hydro,85885.577
2023-05-22,Liquid fuel,25.271
2023-05-22,Wind,5225.243
2023-05-22,Wood,0.0
2023-05-23,Coal,1806.89
2023-05-23,Gas,7609.588
2023-05-23,Geothermal,18091.835
2023-05-23,Hydro,85930.888
2023-05-23,Liquid fuel,0.0
2023-05-23,Wind,3526.66
2023-05-23,Wood,166.068
2023-05-24,Coal,1897.792
2023-05-24,Gas,6051.131
2023-05-24,Geothermal,18411.932
2023-05-24,Hydro,83885.298
2023-05-24,Liquid fuel,0.0
2023-05-24,Wind,6838.135
2023-05-24,Wood,707.964
2023-05-25,Coal,2895.955
2023-05-25,Gas,6930.168
2023-05-25,Geothermal,17970.229
2023-05-25,Hydro,87437.414
2023-05-25,Liquid fuel,8.487
2023-05-25,Wind,3721.919
2023-05-25,Wood,740.163
2023-05-26,Coal,941.904
2023-05-26,Gas,6107.909
2023-05-26,Geothermal,18505.673
2023-05-26,Hydro,81157.227
2023-05-26,Liquid fuel,0.0
2023-05-26,Wind,12350.549
2023-05-26,Wood,750.309
2023-05-27,Gas,5784.092
2023-05-27,Geothermal,18689.646
2023-05-27,Hydro,72878.085
2023-05-27,Liquid fuel,0.0
2023-05-27,Wind,10473.815
2023-05-27,Wood,686.093
2023-05-28,Gas,5983.757
2023-05-28,Geothermal,18429.753
2023-05-28,Hydro,74474.672
2023-05-28,Liquid fuel,0.0
2023-05-28,Wind,4211.263
2023-05-28,Wood,670.517
2023-05-29,Coal,894.035
2023-05-29,Gas,5633.082
2023-05-29,Geothermal,18197.595
2023-05-29,Hydro,80469.711
2023-05-29,Liquid fuel,0.0
2023-05-29,Wind,8525.463
2023-05-29,Wood,703.267
2023-05-30,Gas,6071.954
2023-05-30,Geothermal,17861.435
2023-05-30,Hydro,79498.664
2023-05-30,Liquid fuel,0.0
2023-05-30,Wind,10540.841
2023-05-30,Wood,616.28
2023-05-31,Coal,5041.809
2023-05-31,Gas,2206.43
2023-05-31,Geothermal,18032.477
2023-05-31,Hydro,82782.987
2023-05-31,Liquid fuel,0.0
2023-05-31,Wind,8350.343
2023-05-31,Wood,652.679
2023-06-01,Coal,7.549
2023-06-01,Gas,6163.515
2023-06-01,Geothermal,18212.858
2023-06-01,Hydro,79809.843
2023-06-01,Liquid fuel,0.0
2023-06-01,Wind,12274.999
2023-06-01,Wood,797.791
2023-06-02,Gas,5900.012
2023-06-02,Geothermal,17969.63
2023-06-02,Hydro,75714.239
2023-06-02,Liquid fuel,0.0
2023-06-02,Wind,13924.877
2023-06-02,Wood,804.34
2023-06-03,Coal,2945.954
2023-06-03,Gas,2608.305
2023-06-03,Geothermal,18506.019
2023-06-03,Hydro,77538.301
2023-06-03,Liquid fuel,0.0
2023-06-03,Wind,6533.176
2023-06-03,Wood,739.689
2023-06-04,Coal,1264.451
2023-06-04,Gas,3183.804
2023-06-04,Geothermal,18617.62
2023-06-04,Hydro,79424.289
2023-06-04,Liquid fuel,0.0
2023-06-04,Wind,8365.362
2023-06-04,Wood,791.74
2023-06-05,Gas,6207.632
2023-06-05,Geothermal,18516.351
2023-06-05,Hydro,76664.894
2023-06-05,Liquid fuel,0.0
2023-06-05,Wind,14301.003
2023-06-05,Wood,728.839
2023-06-06,Coal,457.342
2023-06-06,Gas,8398.502
2023-06-06,Geothermal,17999.996
2023-06-06,Hydro,86300.676
2023-06-06,Liquid fuel,41.34
2023-06-06,Wind,14984.363
2023-06-06,Wood,745.028
2023-06-07,Coal,1647.689
2023-06-07,Gas,6413.927
2023-06-07,Geothermal,18012.987
2023-06-07,Hydro,89442.136
2023-06-07,Liquid fuel,3.729
2023-06-07,Wind,11613.336
2023-06-07,Wood,734.315
2023-06-08,Coal,1586.187
2023-06-08,Gas,7976.897
2023-06-08,Geothermal,18364.655
2023-06-08,Hydro,91847.537
2023-06-08,Liquid fuel,3.04
2023-06-08,Wind,6592.726
2023-06-08,Wood,728.588
2023-06-09,Coal,1566.077
2023-06-09,Gas,6641.562
2023-06-09,Geothermal,18637.269
2023-06-09,Hydro,92915.694
2023-06-09,Liquid fuel,9.424
2023-06-09,Wind,5780.274
2023-06-09,Wood,762.371
2023-06-10,Gas,6157.236
2023-06-10,Geothermal,18803.367
2023-06-10,Hydro,88346.525
2023-06-10,Liquid fuel,0.0
2023-06-10,Wind,2822.362
2023-06-10,Wood,570.047
2023-06-11,Coal,650.258
2023-06-11,Gas,5876.126
2023-06-11,Geothermal,18898.892
2023-06-11,Hydro,88877.481
2023-06-11,Liquid fuel,0.0
2023-06-11,Wind,2898.309
2023-06-11,Wood,283.717
2023-06-12,Coal,1940.389
2023-06-12,Gas,9265.119
2023-06-12,Geothermal,18515.797
2023-06-12,Hydro,91307.169
2023-06-12,Liquid fuel,48.251
2023-06-12,Wind,6033.71
2023-06-12,Wood,223.465
2023-06-13,Coal,3744.38
2023-06-13,Gas,8903.948
2023-06-13,Geothermal,18023.956
2023-06-13,Hydro,93321.213
2023-06-13,Liquid fuel,26.644
2023-06-13,Wind,2919.537
2023-06-13,Wood,248.859
2023-06-14,Coal,3874.777
2023-06-14,Gas,11400.457
2023-06-14,Geothermal,18172.231
2023-06-14,Hydro,94416.729
2023-06-14,Liquid fuel,72.643
2023-06-14,Wind,1684.764
2023-06-14,Wood,284.049
2023-06-15,Coal,3854.111
2023-06-15,Gas,12430.573
2023-06-15,Geothermal,18418.567
2023-06-15,Hydro,93826.114
2023-06-15,Liquid fuel,109.31
2023-06-15,Wind,1953.302
2023-06-15,Wood,25.251
2023-06-16,Coal,4070.449
2023-06-16,Gas,9821.134
2023-06-16,Geothermal,18880.971
2023-06-16,Hydro,92166.514
2023-06-16,Liquid fuel,0.0
2023-06-16,Wind,5435.558
2023-06-16,Wood,0.066
2023-06-17,Coal,38.555
2023-06-17,Gas,8053.701
2023-06-17,Geothermal,18817.677
2023-06-17,Hydro,85472.632
2023-06-17,Liquid fuel,0.0
2023-06-17,Wind,7538.914
2023-06-17,Wood,1.089
2023-06-18,Coal,913.025
2023-06-18,Gas,7215.451
2023-06-18,Geothermal,19622.407
2023-06-18,Hydro,77032.971
2023-06-18,Liquid fuel,0.0
2023-06-18,Wind,9703.131
2023-06-18,Wood,22.319
2023-06-19,Coal,2424.058
2023-06-19,Gas,8910.484
2023-06-19,Geothermal,21063.25
2023-06-19,Hydro,86110.866
2023-06-19,Liquid fuel,0.0
2023-06-19,Wind,4016.446
2023-06-19,Wood,232.133
2023-06-20,Coal,2152.307
2023-06-20,Gas,10446.147
2023-06-20,Geothermal,21085.825
2023-06-20,Hydro,86928.875
2023-06-20,Liquid fuel,0.0
2023-06-20,Wind,2116.731
2023-06-20,Wood,219.331
2023-06-21,Coal,1883.782
2023-06-21,Gas,9931.5
2023-06-21,Geothermal,20993.83
2023-06-21,Hydro,84820.799
2023-06-21,Liquid fuel,0.0
2023-06-21,Wind,6069.056
2023-06-21,Wood,234.45
2023-06-22,Coal,3.876
2023-06-22,Gas,8949.451
2023-06-22,Geothermal,17897.871
2023-06-22,Hydro,84339.394
2023-06-22,Liquid fuel,0.0
2023-06-22,Wind,13030.09
2023-06-22,Wood,261.102
2023-06-23,Gas,10413.673
2023-06-23,Geothermal,19427.608
2023-06-23,Hydro,77830.34
2023-06-23,Liquid fuel,0.0
2023-06-23,Wind,10606.809
2023-06-23,Wood,222.156
2023-06-24,Gas,8817.057
2023-06-24,Geothermal,20917.581
2023-06-24,Hydro,66252.508
2023-06-24,Liquid fuel,0.0
2023-06-24,Wind,11548.232
2023-06-24,Wood,227.585
2023-06-25,Coal,581.261
2023-06-25,Gas,9136.335
2023-06-25,Geothermal,21032.644
2023-06-25,Hydro,66328.937
2023-06-25,Liquid fuel,0.0
2023-06-25,Wind,8037.447
2023-06-25,Wood,225.84
2023-06-26,Coal,1538.926
2023-06-26,Gas,12372.664
2023-06-26,Geothermal,20805.054
2023-06-26,Hydro,81416.568
2023-06-26,Liquid fuel,0.0
2023-06-26,Wind,3517.215
2023-06-26,Wood,239.761
2023-06-27,Coal,2240.376
2023-06-27,Gas,13375.046
2023-06-27,Geothermal,20818.929
2023-06-27,Hydro,82838.194
2023-06-27,Liquid fuel,0.0
2023-06-27,Wind,2199.664
2023-06-27,Wood,237.591
2023-06-28,Coal,1431.088
2023-06-28,Gas,13334.263
2023-06-28,Geothermal,21147.629
2023-06-28,Hydro,81045.058
2023-06-28,Liquid fuel,0.0
2023-06-28,Wind,4637.426
2023-06-28,Wood,230.324
2023-06-29,Gas,11770.216
2023-06-29,Geothermal,21530.74
2023-06-29,Hydro,77069.031
2023-06-29,Liquid fuel,0.0
2023-06-29,Wind,11257.16
2023-06-29,Wood,197.565
2023-06-30,Coal,3437.726
2023-06-30,Gas,7484.994
2023-06-30,Geothermal,21568.857
2023-06-30,Hydro,82031.454
2023-06-30,Liquid fuel,0.0
2023-06-30,Wind,9862.513
2023-06-30,Wood,71.144
2023-07-01,Coal,4652.647
2023-07-01,Gas,7807.686
2023-07-01,Geothermal,21698.842
2023-07-01,Hydro,67579.561
2023-07-01,Liquid fuel,0.0
2023-07-01,Wind,15341.208
2023-07-01,Wood,0.0
2023-07-02,Coal,5659.799
2023-07-02,Gas,6417.304
2023-07-02,Geothermal,21678.185
2023-07-02,Hydro,70503.489
2023-07-02,Liquid fuel,0.0
2023-07-02,Wind,12190.885
2023-07-02,Wood,0.0
2023-07-03,Coal,7824.566
2023-07-03,Gas,10958.749
2023-07-03,Geothermal,21643.133
2023-07-03,Hydro,80483.219
2023-07-03,Liquid fuel,0.0
2023-07-03,Wind,9653.932
2023-07-03,Wood,0.016
2023-07-04,Coal,7397.388
2023-07-04,Gas,8996.842
2023-07-04,Geothermal,21393.816
2023-07-04,Hydro,74149.36
2023-07-04,Liquid fuel,0.0
2023-07-04,Wind,13316.983
2023-07-04,Wood,0.0
2023-07-05,Coal,7319.328
2023-07-05,Gas,8405.691
2023-07-05,Geothermal,21129.762
2023-07-05,Hydro,72997.11
2023-07-05,Liquid fuel,0.0
2023-07-05,Wind,14557.572
2023-07-05,Wood,50.253
2023-07-06,Coal,8331.091
2023-07-06,Gas,11085.129
2023-07-06,Geothermal,21029.471
2023-07-06,Hydro,79521.241
2023-07-06,Liquid fuel,0.0
2023-07-06,Wind,4686.744
2023-07-06,Wood,128.946
2023-07-07,Coal,9144.911
2023-07-07,Gas,13707.269
2023-07-07,Geothermal,17840.044
2023-07-07,Hydro,83941.425
2023-07-07,Liquid fuel,0.0
2023-07-07,Wind,4513.897
2023-07-07,Wood,298.886
2023-07-08,Coal,6636.905
2023-07-08,Gas,10189.546
2023-07-08,Geothermal,19643.813
2023-07-08,Hydro,69037.908
2023-07-08,Liquid fuel,0.0
2023-07-08,Wind,8746.109
2023-07-08,Wood,286.414
2023-07-09,Coal,6734.9
2023-07-09,Gas,10709.539
2023-07-09,Geothermal,19833.295
2023-07-09,Hydro,70121.503
2023-07-09,Liquid fuel,0.0
2023-07-09,Wind,4085.724
2023-07-09,Wood,290.302
2023-07-10,Coal,6941.83
2023-07-10,Gas,11817.391
2023-07-10,Geothermal,18354.277
2023-07-10,Hydro,79655.987
2023-07-10,Liquid fuel,0.0
2023-07-10,Wind,2919.181
2023-07-10,Wood,397.88
2023-07-11,Coal,7402.325
2023-07-11,Gas,11320.769
2023-07-11,Geothermal,18360.711
2023-07-11,Hydro,79664.849
2023-07-11,Liquid fuel,0.0
2023-07-11,Wind,3623.098
2023-07-11,Wood,504.403
2023-07-12,Coal,6851.04
2023-07-12,Gas,11573.851
2023-07-12,Geothermal,18337.664
2023-07-12,Hydro,73895.804
2023-07-12,Liquid fuel,0.0
2023-07-12,Wind,13759.49
2023-07-12,Wood,495.909
2023-07-13,Coal,5965.032
2023-07-13,Gas,10718.399
2023-07-13,Geothermal,18168.286
2023-07-13,Hydro,75513.228
2023-07-13,Liquid fuel,0.0
2023-07-13,Wind,12373.098
2023-07-13,Wood,656.657
2023-07-14,Coal,4826.307
2023-07-14,Gas,8097.862
2023-07-14,Geothermal,19383.876
2023-07-14,Hydro,59429.447
2023-07-14,Liquid fuel,0.0
2023-07-14,Wind,15481.907
2023-07-14,Wood,605.505
2023-07-15,Coal,4565.641
2023-07-15,Gas,7801.894
2023-07-15,Geothermal,20895.541
2023-07-15,Hydro,58837.251
2023-07-15,Liquid fuel,0.0
2023-07-15,Wind,12597.965
2023-07-15,Wood,555.654
2023-07-16,Coal,4718.853
2023-07-16,Gas,7784.709
2023-07-16,Geothermal,20935.324
2023-07-16,Hydro,54331.398
2023-07-16,Liquid fuel,0.0
2023-07-16,Wind,17875.029
2023-07-16,Wood,518.012
2023-07-17,Coal,6803.51
2023-07-17,Gas,11147.068
2023-07-17,Geothermal,20598.583
2023-07-17,Hydro,68671.286
2023-07-17,Liquid fuel,0.0
2023-07-17,Wind,11103.548
2023-07-17,Wood,583.858
2023-07-18,Coal,7112.393
2023-07-18,Gas,9326.458
2023-07-18,Geothermal,20439.083
2023-07-18,Hydro,64721.537
2023-07-18,Liquid fuel,0.0
2023-07-18,Wind,15935.888
2023-07-18,Wood,682.213
2023-07-19,Coal,7489.357
2023-07-19,Gas,10377.76
2023-07-19,Geothermal,20447.882
2023-07-19,Hydro,65608.871
2023-07-19,Liquid fuel,0.0
2023-07-19,Wind,15761.157
2023-07-19,Wood,623.974
2023-07-20,Coal,8216.816
2023-07-20,Gas,12353.748
2023-07-20,Geothermal,19805.146
2023-07-20,Hydro,75297.548
2023-07-20,Liquid fuel,0.0
2023-07-20,Wind,8247.462
2023-07-20,Wood,727.51
2023-07-21,Coal,8127.5
2023-07-21,Gas,11764.54
2023-07-21,Geothermal,20259.562
2023-07-21,Hydro,69825.287
2023-07-21,Liquid fuel,0.0
2023-07-21,Wind,17278.755
2023-07-21,Wood,691.094
2023-07-22,Coal,7921.244
2023-07-22,Gas,13082.829
2023-07-22,Geothermal,21065.582
2023-07-22,Hydro,68937.144
2023-07-22,Liquid fuel,0.0
2023-07-22,Wind,8964.91
2023-07-22,Wood,739.39
2023-07-23,Coal,7710.852
2023-07-23,Gas,14484.913
2023-07-23,Geothermal,21044.272
2023-07-23,Hydro,68858.675
2023-07-23,Liquid fuel,0.0
2023-07-23,Wind,4408.209
2023-07-23,Wood,736.233
2023-07-24,Coal,8477.349
2023-07-24,Gas,13232.574
2023-07-24,Geothermal,20855.144
2023-07-24,Hydro,77560.877
2023-07-24,Liquid fuel,0.0
2023-07-24,Wind,5508.305
2023-07-24,Wood,733.06
2023-07-25,Coal,7947.534
2023-07-25,Gas,12361.013
2023-07-25,Geothermal,20779.087
2023-07-25,Hydro,76525.348
2023-07-25,Liquid fuel,0.0
2023-07-25,Wind,9620.409
2023-07-25,Wood,712.988
2023-07-26,Coal,10802.935
2023-07-26,Gas,13136.96
2023-07-26,Geothermal,19865.556
2023-07-26,Hydro,79275.602
2023-07-26,Liquid fuel,0.0
2023-07-26,Wind,8842.273
2023-07-26,Wood,740.794
2023-07-27,Coal,11067.224
2023-07-27,Gas,13216.238
2023-07-27,Geothermal,20057.091
2023-07-27,Hydro,79597.561
2023-07-27,Liquid fuel,0.0
2023-07-27,Wind,11555.396
2023-07-27,Wood,748.951
2023-07-28,Coal,11583.851
2023-07-28,Gas,12238.335
2023-07-28,Geothermal,21329.888
2023-07-28,Hydro,79409.851
2023-07-28,Liquid fuel,0.0
2023-07-28,Wind,6331.833
2023-07-28,Wood,792.806
2023-07-29,Coal,10109.352
2023-07-29,Gas,13761.142
2023-07-29,Geothermal,22055.429
2023-07-29,Hydro,72777.973
2023-07-29,Liquid fuel,0.0
2023-07-29,Wind,3049.038
2023-07-29,Wood,799.284
2023-07-30,Coal,9479.745
2023-07-30,Gas,12394.027
2023-07-30,Geothermal,22037.54
2023-07-30,Hydro,71787.349
2023-07-30,Liquid fuel,0.0
2023-07-30,Wind,2210.53
2023-07-30,Wood,783.375
2023-07-31,Coal,8700.973
2023-07-31,Gas,11878.634
2023-07-31,Geothermal,22010.731
2023-07-31,Hydro,72261.506
2023-07-31,Liquid fuel,0.0
2023-07-31,Wind,13610.128
2023-07-31,Wood,753.175
2023-08-01,Coal,7116.708
2023-08-01,Gas,10869.635
2023-08-01,Geothermal,21086.633
2023-08-01,Hydro,66326.003
2023-08-01,Liquid fuel,0.0
2023-08-01,Wind,17674.802
2023-08-01,Wood,711.887
2023-08-02,Coal,10077.176
2023-08-02,Gas,11896.667
2023-08-02,Geothermal,21037.926
2023-08-02,Hydro,78432.467
2023-08-02,Liquid fuel,23.347
2023-08-02,Wind,12050.17
2023-08-02,Wood,791.195
2023-08-03,Coal,12586.623
2023-08-03,Gas,14661.11
2023-08-03,Geothermal,21300.742
2023-08-03,Hydro,83540.068
2023-08-03,Liquid fuel,16.475
2023-08-03,Wind,4724.327
2023-08-03,Wood,823.111
2023-08-04,Coal,11135.898
2023-08-04,Gas,12648.739
2023-08-04,Geothermal,19676.713
2023-08-04,Hydro,83318.976
2023-08-04,Liquid fuel,0.0
2023-08-04,Wind,4150.728
2023-08-04,Wood,825.805
2023-08-05,Coal,7376.72
2023-08-05,Gas,9000.305
2023-08-05,Geothermal,20073.066
2023-08-05,Hydro,73698.526
2023-08-05,Liquid fuel,0.0
2023-08-05,Wind,5620.66
2023-08-05,Wood,823.57
2023-08-06,Coal,7433.677
2023-08-06,Gas,10141.603
2023-08-06,Geothermal,21415.492
2023-08-06,Hydro,71994.267
2023-08-06,Liquid fuel,0.0
2023-08-06,Wind,5010.543
2023-08-06,Wood,768.258
2023-08-07,Coal,8984.091
2023-08-07,Gas,9502.932
2023-08-07,Geothermal,21384.203
2023-08-07,Hydro,74763.596
2023-08-07,Liquid fuel,0.0
2023-08-07,Wind,12264.902
2023-08-07,Wood,802.594
2023-08-08,Coal,10677.313
2023-08-08,Gas,10904.606
2023-08-08,Geothermal,21786.33
2023-08-08,Hydro,81625.574
2023-08-08,Liquid fuel,0.0
2023-08-08,Wind,5785.679
2023-08-08,Wood,816.277
2023-08-09,Coal,11089.044
2023-08-09,Gas,12638.33
2023-08-09,Geothermal,21939.089
2023-08-09,Hydro,84624.994
2023-08-09,Liquid fuel,0.0
2023-08-09,Wind,3168.511
2023-08-09,Wood,380.585
2023-08-10,Coal,11460.262
2023-08-10,Gas,13535.283
2023-08-10,Geothermal,21900.306
2023-08-10,Hydro,84201.186
2023-08-10,Liquid fuel,0.0
2023-08-10,Wind,6858.637
2023-08-10,Wood,533.429
2023-08-11,Coal,11270.076
2023-08-11,Gas,13760.226
2023-08-11,Geothermal,21980.965
2023-08-11,Hydro,83480.253
2023-08-11,Liquid fuel,0.0
2023-08-11,Wind,4010.18
2023-08-11,Wood,723.207
2023-08-12,Coal,7906.687
2023-08-12,Gas,11727.097
2023-08-12,Geothermal,22056.988
2023-08-12,Hydro,72118.746
2023-08-12,Liquid fuel,0.0
2023-08-12,Wind,9259.156
2023-08-12,Wood,810.417
2023-08-13,Coal,7028.011
2023-08-13,Gas,9828.524
2023-08-13,Geothermal,21823.552
2023-08-13,Hydro,65894.521
2023-08-13,Liquid fuel,0.0
2023-08-13,Wind,11494.673
2023-08-13,Wood,782.477
2023-08-14,Coal,8579.208
2023-08-14,Gas,10767.372
2023-08-14,Geothermal,21601.486
2023-08-14,Hydro,71920.564
2023-08-14,Liquid fuel,0.0
2023-08-14,Wind,12350.699
2023-08-14,Wood,657.705
2023-08-15,Coal,9359.892
2023-08-15,Gas,11393.963
2023-08-15,Geothermal,21253.447
2023-08-15,Hydro,76107.496
2023-08-15,Liquid fuel,0.0
2023-08-15,Wind,9556.766
2023-08-15,Wood,652.551
2023-08-16,Coal,10980.792
2023-08-16,Gas,12503.701
2023-08-16,Geothermal,20724.915
2023-08-16,Hydro,79201.374
2023-08-16,Liquid fuel,0.0
2023-08-16,Wind,7391.121
2023-08-16,Wood,827.974
2023-08-17,Coal,11168.065
2023-08-17,Gas,11854.769
2023-08-17,Geothermal,21352.94
2023-08-17,Hydro,79055.048
2023-08-17,Liquid fuel,0.0
2023-08-17,Wind,3516.994
2023-08-17,Wood,779.863
2023-08-18,Coal,9942.853
2023-08-18,Gas,11873.977
2023-08-18,Geothermal,21896.35
2023-08-18,Hydro,74601.533
2023-08-18,Liquid fuel,0.0
2023-08-18,Wind,9834.678
2023-08-18,Wood,723.785
2023-08-19,Coal,8490.35
2023-08-19,Gas,12754.143
2023-08-19,Geothermal,21729.181
2023-08-19,Hydro,69833.159
2023-08-19,Liquid fuel,0.0
2023-08-19,Wind,10755.204
2023-08-19,Wood,777.902
2023-08-20,Coal,6997.099
2023-08-20,Gas,9324.223
2023-08-20,Geothermal,21514.189
2023-08-20,Hydro,62128.155
2023-08-20,Liquid fuel,0.0
2023-08-20,Wind,12440.587
2023-08-20,Wood,816.944
2023-08-21,Coal,6451.303
2023-08-21,Gas,11582.172
2023-08-21,Geothermal,21557.13
2023-08-21,Hydro,76981.787
2023-08-21,Liquid fuel,0.0
2023-08-21,Wind,10636.879
2023-08-21,Wood,793.843
2023-08-22,Coal,8458.693
2023-08-22,Gas,12513.533
2023-08-22,Geothermal,21413.427
2023-08-22,Hydro,78045.0
2023-08-22,Liquid fuel,0.0
2023-08-22,Wind,5824.58
2023-08-22,Wood,777.108
2023-08-23,Coal,11038.656
2023-08-23,Gas,14835.312
2023-08-23,Geothermal,21748.809
2023-08-23,Hydro,80355.874
2023-08-23,Liquid fuel,0.0
2023-08-23,Wind,1099.014
2023-08-23,Wood,800.913
2023-08-24,Coal,11853.273
2023-08-24,Gas,14347.523
2023-08-24,Geothermal,21090.862
2023-08-24,Hydro,80250.338
2023-08-24,Liquid fuel,0.0
2023-08-24,Wind,714.153
2023-08-24,Wood,773.517
2023-08-25,Coal,12586.194
2023-08-25,Gas,14638.084
2023-08-25,Geothermal,20666.582
2023-08-25,Hydro,76679.394
2023-08-25,Liquid fuel,0.0
2023-08-25,Wind,1322.722
2023-08-25,Wood,803.526
2023-08-26,Coal,10082.35
2023-08-26,Gas,12840.681
2023-08-26,Geothermal,21546.47
2023-08-26,Hydro,67907.731
2023-08-26,Liquid fuel,0.0
2023-08-26,Wind,4345.226
2023-08-26,Wood,809.322
2023-08-27,Coal,9043.266
2023-08-27,Gas,11292.72
2023-08-27,Geothermal,20882.821
2023-08-27,Hydro,63618.63
2023-08-27,Liquid fuel,0.0
2023-08-27,Wind,10675.252
2023-08-27,Wood,814.005
2023-08-28,Coal,12254.491
2023-08-28,Gas,13754.329
2023-08-28,Geothermal,20871.352
2023-08-28,Hydro,75887.266
2023-08-28,Liquid fuel,0.0
2023-08-28,Wind,6008.973
2023-08-28,Wood,751.038
2023-08-29,Coal,13714.008
2023-08-29,Gas,15429.574
2023-08-29,Geothermal,21201.227
2023-08-29,Hydro,75976.868
2023-08-29,Liquid fuel,0.0
2023-08-29,Wind,2773.066
2023-08-29,Wood,750.855
2023-08-30,Coal,13139.105
2023-08-30,Gas,15205.416
2023-08-30,Geothermal,20728.208
2023-08-30,Hydro,73462.87
2023-08-30,Liquid fuel,0.0
2023-08-30,Wind,4834.853
2023-08-30,Wood,692.901
2023-08-31,Coal,10307.508
2023-08-31,Gas,15275.344
2023-08-31,Geothermal,20504.485
2023-08-31,Hydro,66787.19
2023-08-31,Liquid fuel,0.0
2023-08-31,Wind,11313.388
2023-08-31,Wood,686.208
2023-09-01,Coal,10460.802
2023-09-01,Gas,14891.069
2023-09-01,Geothermal,20713.892
2023-09-01,Hydro,63355.771
2023-09-01,Liquid fuel,0.0
2023-09-01,Wind,11348.479
2023-09-01,Wood,655.823
2023-09-02,Coal,10245.231
2023-09-02,Gas,11678.877
2023-09-02,Geothermal,20934.942
2023-09-02,Hydro,58580.744
2023-09-02,Liquid fuel,0.0
2023-09-02,Wind,7292.761
2023-09-02,Wood,722.9
2023-09-03,Coal,10197.365
2023-09-03,Gas,10698.472
2023-09-03,Geothermal,20856.216
2023-09-03,Hydro,56868.769
2023-09-03,Liquid fuel,0.0
2023-09-03,Wind,9372.379
2023-09-03,Wood,611.253
2023-09-04,Coal,13789.622
2023-09-04,Gas,12371.705
2023-09-04,Geothermal,20894.292
2023-09-04,Hydro,63169.064
2023-09-04,Liquid fuel,0.0
2023-09-04,Wind,9798.404
2023-09-04,Wood,506.111
2023-09-05,Coal,13472.108
2023-09-05,Gas,13694.169
2023-09-05,Geothermal,21432.771
2023-09-05,Hydro,65763.775
2023-09-05,Liquid fuel,0.0
2023-09-05,Wind,5982.658
2023-09-05,Wood,384.964
2023-09-06,Coal,11449.548
2023-09-06,Gas,12997.498
2023-09-06,Geothermal,21272.668
2023-09-06,Hydro,59738.99
2023-09-06,Liquid fuel,0.0
2023-09-06,Wind,8892.787
2023-09-06,Wood,343.463
2023-09-07,Coal,11337.509
2023-09-07,Gas,9650.692
2023-09-07,Geothermal,21473.343
2023-09-07,Hydro,59392.913
2023-09-07,Liquid fuel,0.0
2023-09-07,Wind,11979.186
2023-09-07,Wood,324.138
2023-09-08,Coal,12999.375
2023-09-08,Gas,9811.461
2023-09-08,Geothermal,21636.972
2023-09-08,Hydro,64431.742
2023-09-08,Liquid fuel,0.0
2023-09-08,Wind,3913.082
2023-09-08,Wood,169.899
2023-09-09,Coal,10934.205
2023-09-09,Gas,8175.155
2023-09-09,Geothermal,21765.605
2023-09-09,Hydro,59165.918
2023-09-09,Liquid fuel,0.0
2023-09-09,Wind,4582.967
2023-09-09,Wood,3.024
2023-09-10,Coal,9845.268
2023-09-10,Gas,10358.398
2023-09-10,Geothermal,21332.647
2023-09-10,Hydro,59246.385
2023-09-10,Liquid fuel,0.0
2023-09-10,Wind,3308.454
2023-09-10,Wood,46.418
2023-09-11,Coal,12106.697
2023-09-11,Gas,10021.524
2023-09-11,Geothermal,21000.745
2023-09-11,Hydro,62666.335
2023-09-11,Liquid fuel,0.0
2023-09-11,Wind,11047.992
2023-09-11,Wood,189.692
2023-09-12,Coal,10909.966
2023-09-12,Gas,9104.071
2023-09-12,Geothermal,20849.154
2023-09-12,Hydro,60052.347
2023-09-12,Liquid fuel,0.0
2023-09-12,Wind,18097.088
2023-09-12,Wood,155.278
2023-09-13,Coal,12568.139
2023-09-13,Gas,9753.685
2023-09-13,Geothermal,20224.421
2023-09-13,Hydro,59160.128
2023-09-13,Liquid fuel,0.0
2023-09-13,Wind,17502.76
2023-09-13,Wood,320.943
2023-09-14,Coal,12288.58
2023-09-14,Gas,9923.248
2023-09-14,Geothermal,20159.421
2023-09-14,Hydro,57668.693
2023-09-14,Liquid fuel,0.0
2023-09-14,Wind,19210.445
2023-09-14,Wood,493.98
2023-09-15,Coal,12318.254
2023-09-15,Gas,10106.64
2023-09-15,Geothermal,20231.116
2023-09-15,Hydro,62155.847
2023-09-15,Liquid fuel,0.0
2023-09-15,Wind,13613.114
2023-09-15,Wood,513.841
2023-09-16,Coal,9815.398
2023-09-16,Gas,9991.691
2023-09-16,Geothermal,20389.467
2023-09-16,Hydro,57549.154
2023-09-16,Liquid fuel,0.0
2023-09-16,Wind,12664.876
2023-09-16,Wood,517.252
2023-09-17,Coal,8595.183
2023-09-17,Gas,5872.168
2023-09-17,Geothermal,20405.666
2023-09-17,Hydro,54185.532
2023-09-17,Liquid fuel,0.0
2023-09-17,Wind,15878.39
2023-09-17,Wood,471.927
2023-09-18,Coal,8888.165
2023-09-18,Gas,5530.253
2023-09-18,Geothermal,20215.246
2023-09-18,Hydro,63635.11
2023-09-18,Liquid fuel,0.0
2023-09-18,Wind,15708.447
2023-09-18,Wood,449.573
2023-09-19,Coal,8852.462
2023-09-19,Gas,8180.34
2023-09-19,Geothermal,18981.232
2023-09-19,Hydro,63489.016
2023-09-19,Liquid fuel,0.0
2023-09-19,Wind,15635.806
2023-09-19,Wood,481.122
2023-09-20,Coal,7722.449
2023-09-20,Gas,7378.284
2023-09-20,Geothermal,18397.85
2023-09-20,Hydro,64177.5
2023-09-20,Liquid fuel,0.0
2023-09-20,Wind,14736.398
2023-09-20,Wood,517.423
2023-09-21,Coal,8272.763
2023-09-21,Gas,6124.795
2023-09-21,Geothermal,20563.267
2023-09-21,Hydro,67853.781
2023-09-21,Liquid fuel,0.0
2023-09-21,Wind,8721.802
2023-09-21,Wood,649.553
2023-09-22,Coal,6988.698
2023-09-22,Gas,5447.248
2023-09-22,Geothermal,20977.352
2023-09-22,Hydro,67307.498
2023-09-22,Liquid fuel,0.0
2023-09-22,Wind,11330.447
2023-09-22,Wood,598.689
2023-09-23,Coal,5602.859
2023-09-23,Gas,5818.327
2023-09-23,Geothermal,20631.193
2023-09-23,Hydro,67264.85
2023-09-23,Liquid fuel,0.0
2023-09-23,Wind,7010.711
2023-09-23,Wood,538.881
2023-09-24,Coal,5207.339
2023-09-24,Gas,5590.794
2023-09-24,Geothermal,18981.719
2023-09-24,Hydro,60136.957
2023-09-24,Liquid fuel,0.0
2023-09-24,Wind,11528.593
2023-09-24,Wood,575.448
2023-09-25,Coal,6922.404
2023-09-25,Gas,6708.461
2023-09-25,Geothermal,18952.935
2023-09-25,Hydro,65964.979
2023-09-25,Liquid fuel,0.0
2023-09-25,Wind,18594.999
2023-09-25,Wood,762.011
2023-09-26,Coal,6581.52
2023-09-26,Gas,6801.452
2023-09-26,Geothermal,18816.693
2023-09-26,Hydro,70120.007
2023-09-26,Liquid fuel,0.0
2023-09-26,Wind,14694.711
2023-09-26,Wood,764.111
2023-09-27,Coal,11126.468
2023-09-27,Gas,8458.518
2023-09-27,Geothermal,17761.925
2023-09-27,Hydro,76983.401
2023-09-27,Liquid fuel,0.0
2023-09-27,Wind,7056.418
2023-09-27,Wood,697.646
2023-09-28,Coal,6235.176
2023-09-28,Gas,7846.184
2023-09-28,Geothermal,17562.68
2023-09-28,Hydro,75277.264
2023-09-28,Liquid fuel,0.0
2023-09-28,Wind,10282.576
2023-09-28,Wood,651.498
2023-09-29,Coal,5236.319
2023-09-29,Gas,8228.473
2023-09-29,Geothermal,19042.309
2023-09-29,Hydro,69545.268
2023-09-29,Liquid fuel,0.0
2023-09-29,Wind,14102.49
2023-09-29,Wood,717.529
2023-09-30,Coal,5552.459
2023-09-30,Gas,7436.054
2023-09-30,Geothermal,19357.074
2023-09-30,Hydro,64489.318
2023-09-30,Liquid fuel,0.0
2023-09-30,Wind,12947.361
2023-09-30,Wood,788.323
2023-10-01,Coal,4336.936
2023-10-01,Gas,5898.799
2023-10-01,Geothermal,20592.527
2023-10-01,Hydro,58793.702
2023-10-01,Liquid fuel,0.0
2023-10-01,Wind,16493.611
2023-10-01,Wood,748.891
2023-10-02,Coal,5364.856
2023-10-02,Gas,5843.809
2023-10-02,Geothermal,20344.617
2023-10-02,Hydro,62096.12
2023-10-02,Liquid fuel,0.0
2023-10-02,Wind,17802.031
2023-10-02,Wood,684.922
2023-10-03,Coal,6125.631
2023-10-03,Gas,6409.22
2023-10-03,Geothermal,21101.446
2023-10-03,Hydro,72334.0
2023-10-03,Liquid fuel,0.0
2023-10-03,Wind,9657.984
2023-10-03,Wood,667.838
2023-10-04,Coal,4324.551
2023-10-04,Gas,7112.366
2023-10-04,Geothermal,20929.943
2023-10-04,Hydro,72972.952
2023-10-04,Liquid fuel,0.0
2023-10-04,Wind,11691.696
2023-10-04,Wood,560.936
2023-10-05,Coal,3673.77
2023-10-05,Gas,6824.77
2023-10-05,Geothermal,20017.062
2023-10-05,Hydro,73967.839
2023-10-05,Liquid fuel,0.0
2023-10-05,Wind,7423.316
2023-10-05,Wood,773.672
2023-10-06,Coal,1995.672
2023-10-06,Gas,6990.12
2023-10-06,Geothermal,20377.299
2023-10-06,Hydro,71486.053
2023-10-06,Liquid fuel,0.0
2023-10-06,Wind,10538.41
2023-10-06,Wood,823.509
2023-10-07,Coal,2839.39
2023-10-07,Gas,5231.985
2023-10-07,Geothermal,20501.604
2023-10-07,Hydro,69212.83
2023-10-07,Liquid fuel,0.0
2023-10-07,Wind,8878.642
2023-10-07,Wood,837.777
2023-10-08,Coal,2922.86
2023-10-08,Gas,3963.335
2023-10-08,Geothermal,20087.047
2023-10-08,Hydro,68158.137
2023-10-08,Liquid fuel,0.0
2023-10-08,Wind,10544.189
2023-10-08,Wood,790.245
2023-10-09,Coal,4725.605
2023-10-09,Gas,4598.934
2023-10-09,Geothermal,20084.495
2023-10-09,Hydro,75572.397
2023-10-09,Liquid fuel,7.034
2023-10-09,Wind,10940.886
2023-10-09,Wood,782.882
2023-10-10,Coal,2741.585
2023-10-10,Gas,4467.561
2023-10-10,Geothermal,19897.796
2023-10-10,Hydro,75554.528
2023-10-10,Liquid fuel,0.0
2023-10-10,Wind,13826.018
2023-10-10,Wood,419.714
2023-10-11,Coal,5465.22
2023-10-11,Gas,5164.442
2023-10-11,Geothermal,19980.695
2023-10-11,Hydro,73763.8
2023-10-11,Liquid fuel,0.0
2023-10-11,Wind,9844.258
2023-10-11,Wood,313.168
2023-10-12,Coal,2603.642
2023-10-12,Gas,4858.22
2023-10-12,Geothermal,19140.79
2023-10-12,Hydro,72683.295
2023-10-12,Liquid fuel,0.0
2023-10-12,Wind,15678.108
2023-10-12,Wood,618.251
2023-10-13,Coal,3094.821
2023-10-13,Gas,5246.973
2023-10-13,Geothermal,19196.73
2023-10-13,Hydro,69129.916
2023-10-13,Liquid fuel,0.0
2023-10-13,Wind,15921.14
2023-10-13,Wood,738.916
2023-10-14,Coal,3899.024
2023-10-14,Gas,4350.257
2023-10-14,Geothermal,19577.633
2023-10-14,Hydro,58509.694
2023-10-14,Liquid fuel,0.0
2023-10-14,Wind,17280.726
2023-10-14,Wood,626.042
2023-10-15,Coal,3478.427
2023-10-15,Gas,3077.113
2023-10-15,Geothermal,19616.345
2023-10-15,Hydro,57113.752
2023-10-15,Liquid fuel,0.0
2023-10-15,Wind,17388.171
2023-10-15,Wood,822.449
2023-10-16,Coal,2840.523
2023-10-16,Gas,5312.997
2023-10-16,Geothermal,19770.12
2023-10-16,Hydro,71105.79
2023-10-16,Liquid fuel,0.0
2023-10-16,Wind,12035.416
2023-10-16,Wood,797.343
2023-10-17,Coal,3671.623
2023-10-17,Gas,5245.247
2023-10-17,Geothermal,19323.356
2023-10-17,Hydro,71003.19
2023-10-17,Liquid fuel,0.0
2023-10-17,Wind,14332.932
2023-10-17,Wood,794.085
2023-10-18,Coal,5726.425
2023-10-18,Gas,4669.937
2023-10-18,Geothermal,19339.214
2023-10-18,Hydro,74239.958
2023-10-18,Liquid fuel,0.0
2023-10-18,Wind,5540.351
2023-10-18,Wood,736.475
2023-10-19,Coal,3626.362
2023-10-19,Gas,3160.096
2023-10-19,Geothermal,20052.392
2023-10-19,Hydro,70613.723
2023-10-19,Liquid fuel,0.0
2023-10-19,Wind,10089.088
2023-10-19,Wood,625.624
2023-10-20,Coal,3318.667
2023-10-20,Gas,2761.44
2023-10-20,Geothermal,20607.234
2023-10-20,Hydro,70430.856
2023-10-20,Liquid fuel,0.0
2023-10-20,Wind,9130.32
2023-10-20,Wood,639.981
2023-10-21,Coal,3184.136
2023-10-21,Gas,2758.408
2023-10-21,Geothermal,20956.385
2023-10-21,Hydro,66623.79
2023-10-21,Liquid fuel,0.0
2023-10-21,Wind,4037.064
2023-10-21,Wood,615.024
2023-10-22,Coal,2889.659
2023-10-22,Gas,2866.06
2023-10-22,Geothermal,21119.763
2023-10-22,Hydro,62526.163
2023-10-22,Liquid fuel,0.0
2023-10-22,Wind,7437.441
2023-10-22,Wood,772.926
2023-10-23,Coal,3814.505
2023-10-23,Gas,4110.967
2023-10-23,Geothermal,21312.761
2023-10-23,Hydro,65397.765
2023-10-23,Liquid fuel,0.0
2023-10-23,Wind,2909.554
2023-10-23,Wood,761.243
2023-10-24,Coal,4115.237
2023-10-24,Gas,5012.025
2023-10-24,Geothermal,20725.628
2023-10-24,Hydro,67775.487
2023-10-24,Liquid fuel,0.0
2023-10-24,Wind,10520.352
2023-10-24,Wood,826.466
2023-10-25,Coal,3939.921
2023-10-25,Gas,2542.898
2023-10-25,Geothermal,20047.229
2023-10-25,Hydro,64891.894
2023-10-25,Liquid fuel,0.0
2023-10-25,Wind,18072.39
2023-10-25,Wood,831.686
2023-10-26,Coal,3631.233
2023-10-26,Gas,3157.512
2023-10-26,Geothermal,19684.915
2023-10-26,Hydro,66257.208
2023-10-26,Liquid fuel,0.0
2023-10-26,Wind,17518.545
2023-10-26,Wood,804.814
2023-10-27,Coal,3375.756
2023-10-27,Gas,3224.467
2023-10-27,Geothermal,19981.985
2023-10-27,Hydro,71213.847
2023-10-27,Liquid fuel,0.0
2023-10-27,Wind,15706.682
2023-10-27,Wood,696.912
2023-10-28,Coal,4302.004
2023-10-28,Gas,4172.415
2023-10-28,Geothermal,20680.198
2023-10-28,Hydro,72761.062
2023-10-28,Liquid fuel,0.0
2023-10-28,Wind,2211.435
2023-10-28,Wood,705.888
2023-10-29,Coal,3628.782
2023-10-29,Gas,3237.804
2023-10-29,Geothermal,19849.72
2023-10-29,Hydro,67101.298
2023-10-29,Liquid fuel,0.0
2023-10-29,Wind,8509.171
2023-10-29,Wood,757.069
2023-10-30,Coal,4458.54
2023-10-30,Gas,5428.07
2023-10-30,Geothermal,18053.143
2023-10-30,Hydro,73850.941
2023-10-30,Liquid fuel,0.0
2023-10-30,Wind,12190.698
2023-10-30,Wood,792.931
2023-10-31,Coal,4461.829
2023-10-31,Gas,6446.916
2023-10-31,Geothermal,17453.697
2023-10-31,Hydro,76427.96
2023-10-31,Liquid fuel,0.0
2023-10-31,Wind,7596.928
2023-10-31,Wood,777.552
2023-11-01,Coal,6347.2
2023-11-01,Gas,3414.749
2023-11-01,Geothermal,17719.901
2023-11-01,Hydro,77656.662
2023-11-01,Liquid fuel,26.468
2023-11-01,Wind,5057.249
2023-11-01,Wood,804.301
2023-11-02,Coal,3909.731
2023-11-02,Gas,4288.483
2023-11-02,Geothermal,18651.734
2023-11-02,Hydro,78197.034
2023-11-02,Liquid fuel,0.0
2023-11-02,Wind,5573.301
2023-11-02,Wood,757.074
2023-11-03,Coal,4313.425
2023-11-03,Gas,3830.379
2023-11-03,Geothermal,19575.876
2023-11-03,Hydro,78490.13
2023-11-03,Liquid fuel,0.0
2023-11-03,Wind,4597.695
2023-11-03,Wood,576.04
2023-11-04,Coal,3109.575
2023-11-04,Gas,1896.146
2023-11-04,Geothermal,19670.724
2023-11-04,Hydro,65037.95
2023-11-04,Liquid fuel,0.0
2023-11-04,Wind,8803.22
2023-11-04,Wood,233.039
2023-11-05,Coal,3565.741
2023-11-05,Gas,1999.064
2023-11-05,Geothermal,19842.1
2023-11-05,Hydro,67039.503
2023-11-05,Liquid fuel,0.0
2023-11-05,Wind,5051.204
2023-11-05,Wood,0.0
2023-11-06,Coal,3103.518
2023-11-06,Gas,2120.45
2023-11-06,Geothermal,19460.913
2023-11-06,Hydro,72499.589
2023-11-06,Liquid fuel,0.0
2023-11-06,Wind,10495.419
2023-11-06,Wood,0.0
2023-11-07,Coal,3648.24
2023-11-07,Gas,2573.742
2023-11-07,Geothermal,18521.299
2023-11-07,Hydro,75016.213
2023-11-07,Liquid fuel,0.0
2023-11-07,Wind,9775.701
2023-11-07,Wood,0.0
2023-11-08,Coal,5667.793
2023-11-08,Gas,4447.475
2023-11-08,Geothermal,17385.698
2023-11-08,Hydro,76486.439
2023-11-08,Liquid fuel,0.0
2023-11-08,Wind,4980.398
2023-11-08,Wood,0.0
2023-11-09,Coal,6336.911
2023-11-09,Gas,5027.241
2023-11-09,Geothermal,16935.58
2023-11-09,Hydro,76987.997
2023-11-09,Liquid fuel,0.0
2023-11-09,Wind,3404.914
2023-11-09,Wood,0.0
2023-11-10,Coal,4339.308
2023-11-10,Gas,4065.889
2023-11-10,Geothermal,17585.93
2023-11-10,Hydro,73896.44
2023-11-10,Liquid fuel,0.0
2023-11-10,Wind,6229.486
2023-11-10,Wood,0.0
2023-11-11,Coal,3835.769
2023-11-11,Gas,4562.817
2023-11-11,Geothermal,18520.332
2023-11-11,Hydro,66810.958
2023-11-11,Liquid fuel,0.0
2023-11-11,Wind,3332.724
2023-11-11,Wood,0.0
2023-11-12,Coal,2673.902
2023-11-12,Gas,3178.187
2023-11-12,Geothermal,18251.554
2023-11-12,Hydro,54794.384
2023-11-12,Liquid fuel,0.0
2023-11-12,Wind,16963.156
2023-11-12,Wood,0.0
2023-11-13,Coal,3884.321
2023-11-13,Gas,3512.448
2023-11-13,Geothermal,18638.609
2023-11-13,Hydro,65085.053
2023-11-13,Liquid fuel,0.0
2023-11-13,Wind,15982.273
2023-11-13,Wood,0.0
2023-11-14,Coal,4395.092
2023-11-14,Gas,3630.294
2023-11-14,Geothermal,19554.109
2023-11-14,Hydro,66880.916
2023-11-14,Liquid fuel,0.0
2023-11-14,Wind,16147.778
2023-11-14,Wood,0.0
2023-11-15,Coal,4260.038
2023-11-15,Gas,4237.688
2023-11-15,Geothermal,20089.573
2023-11-15,Hydro,65571.993
2023-11-15,Liquid fuel,0.0
2023-11-15,Wind,16597.85
2023-11-15,Wood,0.0
2023-11-16,Coal,4221.298
2023-11-16,Gas,5112.318
2023-11-16,Geothermal,20552.641
2023-11-16,Hydro,66544.028
2023-11-16,Liquid fuel,0.0
2023-11-16,Wind,13888.71
2023-11-16,Wood,0.0
2023-11-17,Coal,4234.776
2023-11-17,Gas,4361.481
2023-11-17,Geothermal,20375.903
2023-11-17,Hydro,67977.353
2023-11-17,Liquid fuel,0.0
2023-11-17,Wind,13366.993
2023-11-17,Wood,0.0
2023-11-18,Coal,4443.253
2023-11-18,Gas,3799.615
2023-11-18,Geothermal,20330.77
2023-11-18,Hydro,67155.655
2023-11-18,Liquid fuel,0.0
2023-11-18,Wind,5081.927
2023-11-18,Wood,0.0
2023-11-19,Coal,3339.382
2023-11-19,Gas,3713.474
2023-11-19,Geothermal,20223.853
2023-11-19,Hydro,67368.304
2023-11-19,Liquid fuel,0.0
2023-11-19,Wind,4609.342
2023-11-19,Wood,0.0
2023-11-20,Coal,4024.891
2023-11-20,Gas,4430.727
2023-11-20,Geothermal,20044.29
2023-11-20,Hydro,68108.003
2023-11-20,Liquid fuel,0.0
2023-11-20,Wind,13648.264
2023-11-20,Wood,0.0
2023-11-21,Coal,5740.399
2023-11-21,Gas,4658.038
2023-11-21,Geothermal,20059.675
2023-11-21,Hydro,72996.488
2023-11-21,Liquid fuel,0.0
2023-11-21,Wind,7500.067
2023-11-21,Wood,0.0
2023-11-22,Coal,6180.26
2023-11-22,Gas,5464.391
2023-11-22,Geothermal,19816.246
2023-11-22,Hydro,73636.334
2023-11-22,Liquid fuel,0.0
2023-11-22,Wind,5933.176
2023-11-22,Wood,0.0
2023-11-23,Coal,4279.156
2023-11-23,Gas,4910.454
2023-11-23,Geothermal,19354.961
2023-11-23,Hydro,70855.445
2023-11-23,Liquid fuel,0.0
2023-11-23,Wind,11878.677
2023-11-23,Wood,0.0
2023-11-24,Coal,4112.1
2023-11-24,Gas,5421.881
2023-11-24,Geothermal,20643.886
2023-11-24,Hydro,67657.14
2023-11-24,Liquid fuel,0.0
2023-11-24,Wind,13050.758
2023-11-24,Wood,0.0
2023-11-25,Coal,4178.621
2023-11-25,Gas,5404.302
2023-11-25,Geothermal,20372.993
2023-11-25,Hydro,57165.881
2023-11-25,Liquid fuel,0.0
2023-11-25,Wind,15346.45
2023-11-25,Wood,0.0
2023-11-26,Coal,4966.475
2023-11-26,Gas,5147.066
2023-11-26,Geothermal,20351.081
2023-11-26,Hydro,61346.831
2023-11-26,Liquid fuel,0.0
2023-11-26,Wind,6429.674
2023-11-26,Wood,0.0
2023-11-27,Coal,6947.175
2023-11-27,Gas,4168.004
2023-11-27,Geothermal,19721.364
2023-11-27,Hydro,65918.341
2023-11-27,Liquid fuel,0.0
2023-11-27,Wind,12528.597
2023-11-27,Wood,0.0
2023-11-28,Coal,7621.604
2023-11-28,Gas,4235.947
2023-11-28,Geothermal,19526.713
2023-11-28,Hydro,62417.927
2023-11-28,Liquid fuel,0.0
2023-11-28,Wind,18248.654
2023-11-28,Wood,0.0
2023-11-29,Coal,8282.791
2023-11-29,Gas,4541.695
2023-11-29,Geothermal,19721.976
2023-11-29,Hydro,68656.066
2023-11-29,Liquid fuel,0.0
2023-11-29,Wind,8980.354
2023-11-29,Wood,180.191
2023-11-30,Coal,8485.107
2023-11-30,Gas,4388.64
2023-11-30,Geothermal,20569.016
2023-11-30,Hydro,71721.736
2023-11-30,Liquid fuel,0.0
2023-11-30,Wind,4306.96
2023-11-30,Wood,631.246
2023-12-01,Coal,8227.924
2023-12-01,Gas,4135.526
2023-12-01,Geothermal,21050.869
2023-12-01,Hydro,67720.416
2023-12-01,Liquid fuel,0.0
2023-12-01,Wind,6654.579
2023-12-01,Wood,742.474
2023-12-02,Coal,6868.138
2023-12-02,Gas,4287.199
2023-12-02,Geothermal,21023.006
2023-12-02,Hydro,62726.49
2023-12-02,Liquid fuel,0.0
2023-12-02,Wind,3883.334
2023-12-02,Wood,760.591
2023-12-03,Coal,4521.674
2023-12-03,Gas,4089.116
2023-12-03,Geothermal,20704.416
2023-12-03,Hydro,59597.492
2023-12-03,Liquid fuel,0.0
2023-12-03,Wind,10210.731
2023-12-03,Wood,794.32
2023-12-04,Coal,8337.694
2023-12-04,Gas,4086.199
2023-12-04,Geothermal,20119.651
2023-12-04,Hydro,70874.931
2023-12-04,Liquid fuel,0.0
2023-12-04,Wind,7069.809
2023-12-04,Wood,763.062
2023-12-05,Coal,7479.046
2023-12-05,Gas,4397.761
2023-12-05,Geothermal,19913.394
2023-12-05,Hydro,69303.39
2023-12-05,Liquid fuel,0.0
2023-12-05,Wind,10444.548
2023-12-05,Wood,742.632
2023-12-06,Coal,8413.852
2023-12-06,Gas,5337.031
2023-12-06,Geothermal,19213.527
2023-12-06,Hydro,70198.304
2023-12-06,Liquid fuel,0.0
2023-12-06,Wind,7427.872
2023-12-06,Wood,666.783
2023-12-07,Coal,7839.155
2023-12-07,Gas,4233.955
2023-12-07,Geothermal,18248.039
2023-12-07,Hydro,68134.485
2023-12-07,Liquid fuel,0.0
2023-12-07,Wind,12249.36
2023-12-07,Wood,696.317
2023-12-08,Coal,8871.218
2023-12-08,Gas,5217.408
2023-12-08,Geothermal,18253.658
2023-12-08,Hydro,72293.945
2023-12-08,Liquid fuel,0.0
2023-12-08,Wind,4249.356
2023-12-08,Wood,754.706
2023-12-09,Coal,6945.374
2023-12-09,Gas,4433.195
2023-12-09,Geothermal,18408.219
2023-12-09,Hydro,59552.874
2023-12-09,Liquid fuel,0.0
2023-12-09,Wind,10830.767
2023-12-09,Wood,732.997
2023-12-10,Coal,6100.512
2023-12-10,Gas,4115.331
2023-12-10,Geothermal,18673.938
2023-12-10,Hydro,55059.696
2023-12-10,Liquid fuel,0.0
2023-12-10,Wind,15424.056
2023-12-10,Wood,806.619
2023-12-11,Coal,8559.948
2023-12-11,Gas,4640.246
2023-12-11,Geothermal,18807.927
2023-12-11,Hydro,65945.068
2023-12-11,Liquid fuel,0.0
2023-12-11,Wind,10124.533
2023-12-11,Wood,801.256
2023-12-12,Coal,7060.006
2023-12-12,Gas,4481.48
2023-12-12,Geothermal,20039.941
2023-12-12,Hydro,64105.419
2023-12-12,Liquid fuel,0.0
2023-12-12,Wind,14818.107
2023-12-12,Wood,779.992
2023-12-13,Coal,6360.134
2023-12-13,Gas,4919.353
2023-12-13,Geothermal,20440.596
2023-12-13,Hydro,67345.589
2023-12-13,Liquid fuel,0.0
2023-12-13,Wind,11146.415
2023-12-13,Wood,377.883
2023-12-14,Coal,7056.121
2023-12-14,Gas,4533.396
2023-12-14,Geothermal,20672.077
2023-12-14,Hydro,62014.724
2023-12-14,Liquid fuel,0.0
2023-12-14,Wind,15131.452
2023-12-14,Wood,751.148
2023-12-15,Coal,8265.521
2023-12-15,Gas,4527.521
2023-12-15,Geothermal,20639.642
2023-12-15,Hydro,59538.654
2023-12-15,Liquid fuel,0.0
2023-12-15,Wind,16501.713
2023-12-15,Wood,756.969
2023-12-16,Coal,8174.853
2023-12-16,Gas,5194.426
2023-12-16,Geothermal,20794.153
2023-12-16,Hydro,54614.236
2023-12-16,Liquid fuel,0.0
2023-12-16,Wind,12785.277
2023-12-16,Wood,636.264
2023-12-17,Coal,5321.669
2023-12-17,Gas,4876.307
2023-12-17,Geothermal,20789.431
2023-12-17,Hydro,54637.676
2023-12-17,Liquid fuel,0.0
2023-12-17,Wind,14198.829
2023-12-17,Wood,573.133
2023-12-18,Coal,9087.346
2023-12-18,Gas,6371.329
2023-12-18,Geothermal,20158.966
2023-12-18,Hydro,71266.994
2023-12-18,Liquid fuel,0.0
2023-12-18,Wind,3489.14
2023-12-18,Wood,777.268
2023-12-19,Coal,9016.522
2023-12-19,Gas,9483.113
2023-12-19,Geothermal,20235.314
2023-12-19,Hydro,70345.224
2023-12-19,Liquid fuel,0.0
2023-12-19,Wind,2785.278
2023-12-19,Wood,699.033
2023-12-20,Coal,8629.948
2023-12-20,Gas,11810.964
2023-12-20,Geothermal,19946.69
2023-12-20,Hydro,60369.514
2023-12-20,Liquid fuel,0.0
2023-12-20,Wind,11760.564
2023-12-20,Wood,521.698
2023-12-21,Coal,8798.311
2023-12-21,Gas,11889.16
2023-12-21,Geothermal,20496.701
2023-12-21,Hydro,60510.364
2023-12-21,Liquid fuel,0.0
2023-12-21,Wind,10117.532
2023-12-21,Wood,471.544
2023-12-22,Coal,9149.385
2023-12-22,Gas,9386.274
2023-12-22,Geothermal,20514.798
2023-12-22,Hydro,64152.8
2023-12-22,Liquid fuel,0.0
2023-12-22,Wind,3269.151
2023-12-22,Wood,726.339
2023-12-23,Coal,9256.958
2023-12-23,Gas,12179.848
2023-12-23,Geothermal,20458.32
2023-12-23,Hydro,57381.737
2023-12-23,Liquid fuel,0.0
2023-12-23,Wind,2077.048
2023-12-23,Wood,679.681
2023-12-24,Coal,8496.898
2023-12-24,Gas,12014.398
2023-12-24,Geothermal,20401.314
2023-12-24,Hydro,52796.744
2023-12-24,Liquid fuel,0.0
2023-12-24,Wind,6441.613
2023-12-24,Wood,667.063
2023-12-25,Coal,5128.829
2023-12-25,Gas,7527.154
2023-12-25,Geothermal,20318.371
2023-12-25,Hydro,47286.863
2023-12-25,Liquid fuel,0.0
2023-12-25,Wind,13228.041
2023-12-25,Wood,696.114
2023-12-26,Coal,5013.235
2023-12-26,Gas,6963.847
2023-12-26,Geothermal,20365.82
2023-12-26,Hydro,53922.378
2023-12-26,Liquid fuel,0.0
2023-12-26,Wind,6966.87
2023-12-26,Wood,773.89
2023-12-27,Coal,4322.848
2023-12-27,Gas,6851.43
2023-12-27,Geothermal,20359.863
2023-12-27,Hydro,54671.062
2023-12-27,Liquid fuel,0.0
2023-12-27,Wind,10264.555
2023-12-27,Wood,719.859
2023-12-28,Coal,4999.84
2023-12-28,Gas,7754.689
2023-12-28,Geothermal,20433.636
2023-12-28,Hydro,57270.165
2023-12-28,Liquid fuel,0.0
2023-12-28,Wind,5670.126
2023-12-28,Wood,666.73
2023-12-29,Coal,4454.846
2023-12-29,Gas,6682.628
2023-12-29,Geothermal,20300.611
2023-12-29,Hydro,54531.47
2023-12-29,Liquid fuel,0.0
2023-12-29,Wind,11061.725
2023-12-29,Wood,681.742
2023-12-30,Coal,3576.162
2023-12-30,Gas,6428.462
2023-12-30,Geothermal,19997.476
2023-12-30,Hydro,49398.617
2023-12-30,Liquid fuel,0.0
2023-12-30,Wind,15333.986
2023-12-30,Wood,716.074
2023-12-31,Coal,3533.927
2023-12-31,Gas,6349.388
2023-12-31,Geothermal,20046.261
2023-12-31,Hydro,46011.729
2023-12-31,Liquid fuel,0.0
2023-12-31,Wind,17251.757
2023-12-31,Wood,730.368
2024-01-01,Coal,2506.834
2024-01-01,Gas,6042.146
2024-01-01,Geothermal,21340.096
2024-01-01,Hydro,49764.137
2024-01-01,Liquid fuel,0.0
2024-01-01,Solar,117.615
2024-01-01,Wind,9267.589
2024-01-01,Wood,642.637
2024-01-02,Coal,3807.971
2024-01-02,Gas,5539.706
2024-01-02,Geothermal,21426.589
2024-01-02,Hydro,50873.163
2024-01-02,Liquid fuel,0.0
2024-01-02,Solar,110.584
2024-01-02,Wind,8454.323
2024-01-02,Wood,724.536
2024-01-03,Coal,4578.07
2024-01-03,Gas,6057.783
2024-01-03,Geothermal,21357.046
2024-01-03,Hydro,62477.237
2024-01-03,Liquid fuel,0.0
2024-01-03,Solar,72.49
2024-01-03,Wind,1919.941
2024-01-03,Wood,740.579
2024-01-04,Coal,4271.759
2024-01-04,Gas,6534.935
2024-01-04,Geothermal,21163.581
2024-01-04,Hydro,56306.99
2024-01-04,Liquid fuel,0.0
2024-01-04,Solar,68.818
2024-01-04,Wind,11795.861
2024-01-04,Wood,692.98
2024-01-05,Coal,4551.8
2024-01-05,Gas,8753.582
2024-01-05,Geothermal,21454.891
2024-01-05,Hydro,58903.43
2024-01-05,Liquid fuel,0.0
2024-01-05,Solar,104.924
2024-01-05,Wind,8032.679
2024-01-05,Wood,695.254
2024-01-06,Coal,4806.595
2024-01-06,Gas,8628.574
2024-01-06,Geothermal,21300.264
2024-01-06,Hydro,55852.753
2024-01-06,Liquid fuel,0.0
2024-01-06,Solar,104.216
2024-01-06,Wind,5564.647
2024-01-06,Wood,618.074
2024-01-07,Coal,4862.415
2024-01-07,Gas,9106.492
2024-01-07,Geothermal,21097.29
2024-01-07,Hydro,59393.32
2024-01-07,Liquid fuel,0.0
2024-01-07,Solar,99.438
2024-01-07,Wind,1600.957
2024-01-07,Wood,629.593
2024-01-08,Coal,7363.821
2024-01-08,Gas,10757.957
2024-01-08,Geothermal,20735.009
2024-01-08,Hydro,62664.486
2024-01-08,Liquid fuel,0.0
2024-01-08,Solar,105.217
2024-01-08,Wind,5391.267
2024-01-08,Wood,296.944
2024-01-09,Coal,7872.011
2024-01-09,Gas,10884.174
2024-01-09,Geothermal,21025.086
2024-01-09,Hydro,60120.197
2024-01-09,Liquid fuel,0.0
2024-01-09,Solar,91.419
2024-01-09,Wind,10644.936
2024-01-09,Wood,395.091
2024-01-10,Coal,7880.324
2024-01-10,Gas,12275.339
2024-01-10,Geothermal,20780.513
2024-01-10,Hydro,64835.219
2024-01-10,Liquid fuel,0.0
2024-01-10,Solar,120.208
2024-01-10,Wind,6272.654
2024-01-10,Wood,425.812
2024-01-11,Coal,7808.434
2024-01-11,Gas,11849.905
2024-01-11,Geothermal,20979.533
2024-01-11,Hydro,60396.821
2024-01-11,Liquid fuel,0.0
2024-01-11,Solar,103.262
2024-01-11,Wind,12212.859
2024-01-11,Wood,378.255
2024-01-12,Coal,8064.6
2024-01-12,Gas,11736.931
2024-01-12,Geothermal,20336.698
2024-01-12,Hydro,63039.957
2024-01-12,Liquid fuel,0.0
2024-01-12,Solar,86.938
2024-01-12,Wind,8701.899
2024-01-12,Wood,477.026
2024-01-13,Coal,4590.415
2024-01-13,Gas,11822.034
2024-01-13,Geothermal,19478.541
2024-01-13,Hydro,57644.928
2024-01-13,Liquid fuel,0.0
2024-01-13,Solar,106.334
2024-01-13,Wind,10617.95
2024-01-13,Wood,624.414
2024-01-14,Coal,4729.442
2024-01-14,Gas,10223.595
2024-01-14,Geothermal,19944.76
2024-01-14,Hydro,52584.931
2024-01-14,Liquid fuel,0.0
2024-01-14,Solar,94.687
2024-01-14,Wind,15755.823
2024-01-14,Wood,650.831
2024-01-15,Coal,5697.219
2024-01-15,Gas,10388.962
2024-01-15,Geothermal,19785.327
2024-01-15,Hydro,66359.32
2024-01-15,Liquid fuel,0.0
2024-01-15,Solar,53.16
2024-01-15,Wind,9849.712
2024-01-15,Wood,715.094
2024-01-16,Coal,4966.535
2024-01-16,Gas,12054.714
2024-01-16,Geothermal,19814.851
2024-01-16,Hydro,66660.082
2024-01-16,Liquid fuel,24.062
2024-01-16,Solar,37.608
2024-01-16,Wind,9814.827
2024-01-16,Wood,692.511
2024-01-17,Coal,7425.53
2024-01-17,Gas,12137.138
2024-01-17,Geothermal,20001.213
2024-01-17,Hydro,73337.632
2024-01-17,Liquid fuel,0.0
2024-01-17,Solar,112.505
2024-01-17,Wind,3130.119
2024-01-17,Wood,601.796
2024-01-18,Coal,7580.977
2024-01-18,Gas,12231.924
2024-01-18,Geothermal,20162.437
2024-01-18,Hydro,74596.488
2024-01-18,Liquid fuel,0.0
2024-01-18,Solar,110.883
2024-01-18,Wind,2479.771
2024-01-18,Wood,700.59
2024-01-19,Coal,6677.556
2024-01-19,Gas,12003.582
2024-01-19,Geothermal,19906.349
2024-01-19,Hydro,71001.467
2024-01-19,Liquid fuel,0.0
2024-01-19,Solar,70.288
2024-01-19,Wind,7418.08
2024-01-19,Wood,720.917
2024-01-20,Coal,2398.149
2024-01-20,Gas,10601.115
2024-01-20,Geothermal,19880.887
2024-01-20,Hydro,63337.979
2024-01-20,Liquid fuel,0.0
2024-01-20,Solar,68.705
2024-01-20,Wind,11592.617
2024-01-20,Wood,750.641
2024-01-21,Gas,14407.832
2024-01-21,Geothermal,20183.809
2024-01-21,Hydro,69198.579
2024-01-21,Liquid fuel,0.0
2024-01-21,Solar,122.396
2024-01-21,Wind,2050.298
2024-01-21,Wood,757.231
2024-01-22,Coal,2605.503
2024-01-22,Gas,15851.772
2024-01-22,Geothermal,19973.844
2024-01-22,Hydro,75159.279
2024-01-22,Liquid fuel,0.0
2024-01-22,Solar,120.495
2024-01-22,Wind,3566.198
2024-01-22,Wood,737.931
2024-01-23,Coal,2525.708
2024-01-23,Gas,10000.716
2024-01-23,Geothermal,20102.659
2024-01-23,Hydro,66601.135
2024-01-23,Liquid fuel,0.0
2024-01-23,Solar,118.382
2024-01-23,Wind,16437.715
2024-01-23,Wood,702.327
2024-01-24,Coal,2910.322
2024-01-24,Gas,3400.087
2024-01-24,Geothermal,20393.278
2024-01-24,Hydro,74468.592
2024-01-24,Liquid fuel,0.0
2024-01-24,Solar,178.905
2024-01-24,Wind,6955.978
2024-01-24,Wood,700.58
2024-01-25,Coal,4766.876
2024-01-25,Gas,1876.638
2024-01-25,Geothermal,20457.641
2024-01-25,Hydro,74015.289
2024-01-25,Liquid fuel,0.0
2024-01-25,Solar,224.831
2024-01-25,Wind,8056.839
2024-01-25,Wood,727.11
2024-01-26,Coal,1313.546
2024-01-26,Gas,6842.907
2024-01-26,Geothermal,20387.367
2024-01-26,Hydro,75978.019
2024-01-26,Liquid fuel,0.0
2024-01-26,Solar,264.67
2024-01-26,Wind,4162.285
2024-01-26,Wood,787.714
2024-01-27,Gas,7271.013
2024-01-27,Geothermal,20413.878
2024-01-27,Hydro,57753.326
2024-01-27,Liquid fuel,0.0
2024-01-27,Solar,163.762
2024-01-27,Wind,15452.194
2024-01-27,Wood,730.399
2024-01-28,Gas,7674.335
2024-01-28,Geothermal,20361.472
2024-01-28,Hydro,63680.139
2024-01-28,Liquid fuel,0.0
2024-01-28,Solar,74.497
2024-01-28,Wind,9050.801
2024-01-28,Wood,781.826
2024-01-29,Gas,7039.871
2024-01-29,Geothermal,20379.088
2024-01-29,Hydro,65879.722
2024-01-29,Liquid fuel,0.0
2024-01-29,Solar,221.58
2024-01-29,Wind,11532.382
2024-01-29,Wood,773.336
2024-01-30,Gas,9263.654
2024-01-30,Geothermal,19760.419
2024-01-30,Hydro,74190.325
2024-01-30,Liquid fuel,9.466
2024-01-30,Solar,210.473
2024-01-30,Wind,10338.298
2024-01-30,Wood,762.286
2024-01-31,Gas,10733.978
2024-01-31,Geothermal,19412.669
2024-01-31,Hydro,77356.346
2024-01-31,Liquid fuel,73.292
2024-01-31,Solar,247.496
2024-01-31,Wind,8614.665
2024-01-31,Wood,769.018
2024-02-01,Gas,7944.238
2024-02-01,Geothermal,19863.942
2024-02-01,Hydro,77568.652
2024-02-01,Liquid fuel,0.0
2024-02-01,Solar,240.359
2024-02-01,Wind,8731.428
2024-02-01,Wood,713.256
2024-02-02,Gas,7492.62
2024-02-02,Geothermal,20207.69
2024-02-02,Hydro,68340.799
2024-02-02,Liquid fuel,0.0
2024-02-02,Solar,199.296
2024-02-02,Wind,17196.697
2024-02-02,Wood,707.226
2024-02-03,Gas,6789.074
2024-02-03,Geothermal,21095.427
2024-02-03,Hydro,59190.149
2024-02-03,Liquid fuel,0.0
2024-02-03,Solar,212.138
2024-02-03,Wind,14410.936
2024-02-03,Wood,553.315
2024-02-04,Gas,6889.12
2024-02-04,Geothermal,21224.455
2024-02-04,Hydro,58041.151
2024-02-04,Liquid fuel,0.0
2024-02-04,Solar,239.217
2024-02-04,Wind,12094.153
2024-02-04,Wood,739.917
2024-02-05,Gas,7326.016
2024-02-05,Geothermal,20816.84
2024-02-05,Hydro,65281.165
2024-02-05,Liquid fuel,0.0
2024-02-05,Solar,263.613
2024-02-05,Wind,13777.313
2024-02-05,Wood,745.363
2024-02-06,Gas,7023.708
2024-02-06,Geothermal,20670.513
2024-02-06,Hydro,62252.091
2024-02-06,Liquid fuel,0.0
2024-02-06,Solar,260.039
2024-02-06,Wind,13837.953
2024-02-06,Wood,735.828
2024-02-07,Gas,11025.637
2024-02-07,Geothermal,19615.412
2024-02-07,Hydro,72434.039
2024-02-07,Liquid fuel,16.123
2024-02-07,Solar,248.13
2024-02-07,Wind,10390.636
2024-02-07,Wood,722.848
2024-02-08,Gas,11304.604
2024-02-08,Geothermal,19256.742
2024-02-08,Hydro,75577.631
2024-02-08,Liquid fuel,0.0
2024-02-08,Solar,158.762
2024-02-08,Wind,8957.033
2024-02-08,Wood,680.423
2024-02-09,Gas,10448.089
2024-02-09,Geothermal,19600.963
2024-02-09,Hydro,73264.39
2024-02-09,Liquid fuel,0.0
2024-02-09,Solar,145.929
2024-02-09,Wind,10236.892
2024-02-09,Wood,673.185
2024-02-10,Gas,9172.639
2024-02-10,Geothermal,20480.094
2024-02-10,Hydro,60796.07
2024-02-10,Liquid fuel,0.0
2024-02-10,Solar,0.0
2024-02-10,Wind,13504.329
2024-02-10,Wood,760.353
2024-02-11,Gas,8701.342
2024-02-11,Geothermal,20965.213
2024-02-11,Hydro,56701.492
2024-02-11,Liquid fuel,0.0
2024-02-11,Solar,0.0
2024-02-11,Wind,11998.802
2024-02-11,Wood,637.093
2024-02-12,Gas,13393.29
2024-02-12,Geothermal,20382.789
2024-02-12,Hydro,70230.336
2024-02-12,Liquid fuel,0.0
2024-02-12,Solar,229.939
2024-02-12,Wind,4362.538
2024-02-12,Wood,617.169
2024-02-13,Gas,12434.27
2024-02-13,Geothermal,20016.981
2024-02-13,Hydro,70922.737
2024-02-13,Liquid fuel,0.0
2024-02-13,Solar,165.632
2024-02-13,Wind,6962.832
2024-02-13,Wood,663.258
2024-02-14,Coal,2055.153
2024-02-14,Gas,11546.012
2024-02-14,Geothermal,19879.378
2024-02-14,Hydro,66640.928
2024-02-14,Liquid fuel,0.0
2024-02-14,Solar,136.807
2024-02-14,Wind,12199.97
2024-02-14,Wood,765.375
2024-02-15,Coal,5.116
2024-02-15,Gas,13682.335
2024-02-15,Geothermal,19585.439
2024-02-15,Hydro,66629.954
2024-02-15,Liquid fuel,0.0
2024-02-15,Solar,166.989
2024-02-15,Wind,14145.379
2024-02-15,Wood,808.849
2024-02-16,Gas,16910.314
2024-02-16,Geothermal,19897.284
2024-02-16,Hydro,69598.913
2024-02-16,Liquid fuel,0.0
2024-02-16,Solar,121.273
2024-02-16,Wind,6873.454
2024-02-16,Wood,822.207
2024-02-17,Gas,13538.471
2024-02-17,Geothermal,20314.704
2024-02-17,Hydro,63707.811
2024-02-17,Liquid fuel,0.0
2024-02-17,Solar,168.444
2024-02-17,Wind,6264.789
2024-02-17,Wood,825.285
2024-02-18,Gas,11382.961
2024-02-18,Geothermal,20723.621
2024-02-18,Hydro,56421.038
2024-02-18,Liquid fuel,0.0
2024-02-18,Solar,157.402
2024-02-18,Wind,13583.398
2024-02-18,Wood,785.55
2024-02-19,Gas,13918.353
2024-02-19,Geothermal,20347.725
2024-02-19,Hydro,61464.419
2024-02-19,Liquid fuel,0.0
2024-02-19,Solar,221.482
2024-02-19,Wind,18788.184
2024-02-19,Wood,624.72
2024-02-20,Coal,1616.017
2024-02-20,Gas,13877.709
2024-02-20,Geothermal,19697.994
2024-02-20,Hydro,67433.893
2024-02-20,Liquid fuel,0.0
2024-02-20,Solar,228.291
2024-02-20,Wind,11998.474
2024-02-20,Wood,399.948
2024-02-21,Coal,3749.841
2024-02-21,Gas,17060.111
2024-02-21,Geothermal,19447.702
2024-02-21,Hydro,68221.461
2024-02-21,Liquid fuel,0.0
2024-02-21,Solar,190.094
2024-02-21,Wind,4435.623
2024-02-21,Wood,620.207
2024-02-22,Coal,4092.877
2024-02-22,Gas,17344.42
2024-02-22,Geothermal,19602.685
2024-02-22,Hydro,70302.963
2024-02-22,Liquid fuel,47.477
2024-02-22,Solar,158.857
2024-02-22,Wind,2388.194
2024-02-22,Wood,825.398
2024-02-23,Coal,3607.059
2024-02-23,Gas,15081.306
2024-02-23,Geothermal,20331.149
2024-02-23,Hydro,64177.967
2024-02-23,Liquid fuel,0.0
2024-02-23,Solar,173.257
2024-02-23,Wind,9262.185
2024-02-23,Wood,830.003
2024-02-24,Coal,2537.849
2024-02-24,Gas,12130.297
2024-02-24,Geothermal,20735.425
2024-02-24,Hydro,52911.416
2024-02-24,Liquid fuel,0.0
2024-02-24,Solar,150.575
2024-02-24,Wind,16784.281
2024-02-24,Wood,801.431
2024-02-25,Coal,3192.221
2024-02-25,Gas,12735.198
2024-02-25,Geothermal,20786.965
2024-02-25,Hydro,57702.311
2024-02-25,Liquid fuel,0.0
2024-02-25,Solar,78.991
2024-02-25,Wind,8570.382
2024-02-25,Wood,833.197
2024-02-26,Coal,3150.304
2024-02-26,Gas,16481.644
2024-02-26,Geothermal,20947.228
2024-02-26,Hydro,67233.155
2024-02-26,Liquid fuel,0.0
2024-02-26,Solar,89.511
2024-02-26,Wind,4405.217
2024-02-26,Wood,819.413
2024-02-27,Coal,2252.396
2024-02-27,Gas,14383.896
2024-02-27,Geothermal,20776.66
2024-02-27,Hydro,67145.067
2024-02-27,Liquid fuel,0.0
2024-02-27,Solar,105.998
2024-02-27,Wind,8486.681
2024-02-27,Wood,769.126
2024-02-28,Coal,3631.493
2024-02-28,Gas,16191.469
2024-02-28,Geothermal,20787.417
2024-02-28,Hydro,65191.972
2024-02-28,Liquid fuel,0.0
2024-02-28,Solar,222.026
2024-02-28,Wind,6294.582
2024-02-28,Wood,749.021
2024-02-29,Coal,3484.835
2024-02-29,Gas,16916.41
2024-02-29,Geothermal,20940.711
2024-02-29,Hydro,64254.51
2024-02-29,Liquid fuel,0.0
2024-02-29,Solar,199.355
2024-02-29,Wind,5928.86
2024-02-29,Wood,752.178
2024-03-01,Coal,3120.383
2024-03-01,Gas,17935.133
2024-03-01,Geothermal,20807.542
2024-03-01,Hydro,61490.912
2024-03-01,Liquid fuel,0.0
2024-03-01,Solar,233.3
2024-03-01,Wind,7255.994
2024-03-01,Wood,497.721
2024-03-02,Coal,1801.317
2024-03-02,Gas,14698.622
2024-03-02,Geothermal,20628.491
2024-03-02,Hydro,48154.706
2024-03-02,Liquid fuel,0.0
2024-03-02,Solar,185.201
2024-03-02,Wind,16581.117
2024-03-02,Wood,624.319
2024-03-03,Coal,2470.58
2024-03-03,Gas,13024.081
2024-03-03,Geothermal,20416.246
2024-03-03,Hydro,48633.659
2024-03-03,Liquid fuel,0.0
2024-03-03,Solar,64.551
2024-03-03,Wind,16228.97
2024-03-03,Wood,726.147
2024-03-04,Coal,2337.917
2024-03-04,Gas,14487.967
2024-03-04,Geothermal,20326.043
2024-03-04,Hydro,55858.45
2024-03-04,Liquid fuel,0.0
2024-03-04,Solar,47.802
2024-03-04,Wind,18639.884
2024-03-04,Wood,764.287
2024-03-05,Coal,1810.887
2024-03-05,Gas,10502.816
2024-03-05,Geothermal,20908.686
2024-03-05,Hydro,58661.511
2024-03-05,Liquid fuel,0.0
2024-03-05,Solar,193.533
2024-03-05,Wind,17356.234
2024-03-05,Wood,653.396
2024-03-06,Coal,2947.689
2024-03-06,Gas,16474.639
2024-03-06,Geothermal,21104.17
2024-03-06,Hydro,65872.978
2024-03-06,Liquid fuel,0.0
2024-03-06,Solar,182.632
2024-03-06,Wind,3777.54
2024-03-06,Wood,631.255
2024-03-07,Coal,2926.337
2024-03-07,Gas,15291.354
2024-03-07,Geothermal,21551.774
2024-03-07,Hydro,58496.758
2024-03-07,Liquid fuel,0.0
2024-03-07,Solar,201.695
2024-03-07,Wind,13484.521
2024-03-07,Wood,753.646
2024-03-08,Coal,3087.202
2024-03-08,Gas,14427.043
2024-03-08,Geothermal,21124.962
2024-03-08,Hydro,61171.443
2024-03-08,Liquid fuel,0.0
2024-03-08,Solar,201.24
2024-03-08,Wind,10090.511
2024-03-08,Wood,569.123
2024-03-09,Coal,4823.355
2024-03-09,Gas,9247.414
2024-03-09,Geothermal,21309.169
2024-03-09,Hydro,52737.975
2024-03-09,Liquid fuel,0.0
2024-03-09,Solar,237.374
2024-03-09,Wind,12823.683
2024-03-09,Wood,731.625
2024-03-10,Coal,3522.673
2024-03-10,Gas,12453.023
2024-03-10,Geothermal,21440.999
2024-03-10,Hydro,51180.74
2024-03-10,Liquid fuel,0.0
2024-03-10,Solar,205.914
2024-03-10,Wind,11094.565
2024-03-10,Wood,528.953
2024-03-11,Coal,3188.433
2024-03-11,Gas,14702.278
2024-03-11,Geothermal,21176.298
2024-03-11,Hydro,55862.305
2024-03-11,Liquid fuel,0.0
2024-03-11,Solar,228.719
2024-03-11,Wind,16350.83
2024-03-11,Wood,374.867
2024-03-12,Coal,4697.045
2024-03-12,Gas,17571.931
2024-03-12,Geothermal,21031.979
2024-03-12,Hydro,62017.857
2024-03-12,Liquid fuel,0.0
2024-03-12,Solar,214.913
2024-03-12,Wind,8039.595
2024-03-12,Wood,300.317
2024-03-13,Coal,3361.122
2024-03-13,Gas,16758.524
2024-03-13,Geothermal,21013.593
2024-03-13,Hydro,59098.554
2024-03-13,Liquid fuel,0.0
2024-03-13,Solar,146.19
2024-03-13,Wind,12626.59
2024-03-13,Wood,447.719
2024-03-14,Coal,6172.95
2024-03-14,Gas,16490.077
2024-03-14,Geothermal,21032.396
2024-03-14,Hydro,58428.589
2024-03-14,Liquid fuel,0.0
2024-03-14,Solar,198.571
2024-03-14,Wind,10172.276
2024-03-14,Wood,653.539
2024-03-15,Coal,4651.93
2024-03-15,Gas,15290.173
2024-03-15,Geothermal,21457.249
2024-03-15,Hydro,55123.948
2024-03-15,Liquid fuel,0.0
2024-03-15,Solar,156.486
2024-03-15,Wind,14697.683
2024-03-15,Wood,770.621
2024-03-16,Coal,3582.381
2024-03-16,Gas,15815.227
2024-03-16,Geothermal,21726.493
2024-03-16,Hydro,50556.278
2024-03-16,Liquid fuel,0.0
2024-03-16,Solar,258.02
2024-03-16,Wind,7971.667
2024-03-16,Wood,771.632
2024-03-17,Coal,2877.27
2024-03-17,Gas,13931.482
2024-03-17,Geothermal,21769.621
2024-03-17,Hydro,48297.008
2024-03-17,Liquid fuel,0.0
2024-03-17,Solar,247.399
2024-03-17,Wind,10813.878
2024-03-17,Wood,785.976
2024-03-18,Coal,3924.846
2024-03-18,Gas,16892.271
2024-03-18,Geothermal,21010.484
2024-03-18,Hydro,57301.771
2024-03-18,Liquid fuel,0.0
2024-03-18,Solar,223.88
2024-03-18,Wind,9527.668
2024-03-18,Wood,784.872
2024-03-19,Coal,4144.672
2024-03-19,Gas,17998.023
2024-03-19,Geothermal,20655.119
2024-03-19,Hydro,62439.981
2024-03-19,Liquid fuel,0.0
2024-03-19,Solar,249.399
2024-03-19,Wind,6111.08
2024-03-19,Wood,796.045
2024-03-20,Coal,6585.255
2024-03-20,Gas,17055.794
2024-03-20,Geothermal,21046.881
2024-03-20,Hydro,62471.203
2024-03-20,Liquid fuel,0.0
2024-03-20,Solar,222.53
2024-03-20,Wind,4586.822
2024-03-20,Wood,814.319
2024-03-21,Coal,7160.521
2024-03-21,Gas,15409.552
2024-03-21,Geothermal,21753.068
2024-03-21,Hydro,64009.266
2024-03-21,Liquid fuel,0.0
2024-03-21,Solar,224.343
2024-03-21,Wind,2834.93
2024-03-21,Wood,817.203
2024-03-22,Coal,8959.235
2024-03-22,Gas,14298.276
2024-03-22,Geothermal,21673.957
2024-03-22,Hydro,63737.937
2024-03-22,Liquid fuel,0.0
2024-03-22,Solar,259.33
2024-03-22,Wind,1833.929
2024-03-22,Wood,794.906
2024-03-23,Coal,5126.879
2024-03-23,Gas,16953.244
2024-03-23,Geothermal,21756.458
2024-03-23,Hydro,56903.59
2024-03-23,Liquid fuel,0.0
2024-03-23,Solar,225.547
2024-03-23,Wind,2106.1
2024-03-23,Wood,756.125
2024-03-24,Coal,5123.492
2024-03-24,Gas,17561.335
2024-03-24,Geothermal,21452.123
2024-03-24,Hydro,52222.496
2024-03-24,Liquid fuel,0.0
2024-03-24,Solar,268.534
2024-03-24,Wind,4255.601
2024-03-24,Wood,782.879
2024-03-25,Coal,5022.316
2024-03-25,Gas,16630.604
2024-03-25,Geothermal,21404.036
2024-03-25,Hydro,50261.295
2024-03-25,Liquid fuel,0.0
2024-03-25,Solar,326.687
2024-03-25,Wind,17292.623
2024-03-25,Wood,788.649
2024-03-26,Coal,6945.517
2024-03-26,Gas,15425.325
2024-03-26,Geothermal,21050.911
2024-03-26,Hydro,50787.693
2024-03-26,Liquid fuel,0.0
2024-03-26,Solar,327.425
2024-03-26,Wind,18399.905
2024-03-26,Wood,676.052
2024-03-27,Coal,7232.175
2024-03-27,Gas,16006.911
2024-03-27,Geothermal,21215.957
2024-03-27,Hydro,53183.521
2024-03-27,Liquid fuel,0.0
2024-03-27,Solar,284.604
2024-03-27,Wind,16288.889
2024-03-27,Wood,264.331
2024-03-28,Coal,5824.471
2024-03-28,Gas,16432.06
2024-03-28,Geothermal,21287.984
2024-03-28,Hydro,52836.49
2024-03-28,Liquid fuel,0.0
2024-03-28,Solar,305.329
2024-03-28,Wind,17738.048
2024-03-28,Wood,650.929
2024-03-29,Coal,4969.439
2024-03-29,Gas,16226.124
2024-03-29,Geothermal,21994.13
2024-03-29,Hydro,53352.672
2024-03-29,Liquid fuel,0.0
2024-03-29,Solar,231.454
2024-03-29,Wind,5139.023
2024-03-29,Wood,639.416
2024-03-30,Coal,5129.517
2024-03-30,Gas,13814.839
2024-03-30,Geothermal,22515.946
2024-03-30,Hydro,49919.419
2024-03-30,Liquid fuel,0.0
2024-03-30,Solar,355.452
2024-03-30,Wind,10322.498
2024-03-30,Wood,784.354
2024-03-31,Coal,5103.004
2024-03-31,Gas,14296.343
2024-03-31,Geothermal,22479.31
2024-03-31,Hydro,53590.905
2024-03-31,Liquid fuel,0.0
2024-03-31,Solar,396.229
2024-03-31,Wind,3829.124
2024-03-31,Wood,817.615
2024-04-01,Coal,5058.764
2024-04-01,Gas,14545.445
2024-04-01,Geothermal,22457.541
2024-04-01,Hydro,58006.005
2024-04-01,Liquid fuel,0.0
2024-04-01,Solar,319.252
2024-04-01,Wind,1342.587
2024-04-01,Wood,732.132
2024-04-02,Coal,8237.817
2024-04-02,Gas,13938.127
2024-04-02,Geothermal,21692.897
2024-04-02,Hydro,65664.949
2024-04-02,Liquid fuel,0.0
2024-04-02,Solar,251.678
2024-04-02,Wind,1455.822
2024-04-02,Wood,565.06
2024-04-03,Coal,8334.609
2024-04-03,Gas,13333.252
2024-04-03,Geothermal,21154.655
2024-04-03,Hydro,60078.342
2024-04-03,Liquid fuel,0.0
2024-04-03,Solar,258.17
2024-04-03,Wind,9336.51
2024-04-03,Wood,547.728
2024-04-04,Coal,8065.144
2024-04-04,Gas,13459.752
2024-04-04,Geothermal,21252.445
2024-04-04,Hydro,55165.182
2024-04-04,Liquid fuel,0.0
2024-04-04,Solar,312.023
2024-04-04,Wind,14297.413
2024-04-04,Wood,606.521
2024-04-05,Coal,7913.322
2024-04-05,Gas,14798.076
2024-04-05,Geothermal,22177.337
2024-04-05,Hydro,58178.649
2024-04-05,Liquid fuel,0.0
2024-04-05,Solar,183.455
2024-04-05,Wind,8331.671
2024-04-05,Wood,623.76
2024-04-06,Coal,7519.579
2024-04-06,Gas,15672.241
2024-04-06,Geothermal,22437.258
2024-04-06,Hydro,53357.724
2024-04-06,Liquid fuel,0.0
2024-04-06,Solar,262.88
2024-04-06,Wind,3731.112
2024-04-06,Wood,596.449
2024-04-07,Coal,7715.379
2024-04-07,Gas,17054.402
2024-04-07,Geothermal,23363.488
2024-04-07,Hydro,54417.736
2024-04-07,Liquid fuel,0.0
2024-04-07,Solar,241.788
2024-04-07,Wind,2660.674
2024-04-07,Wood,484.19
2024-04-08,Coal,8979.245
2024-04-08,Gas,14197.837
2024-04-08,Geothermal,21872.825
2024-04-08,Hydro,62313.283
2024-04-08,Liquid fuel,0.0
2024-04-08,Solar,349.478
2024-04-08,Wind,4006.135
2024-04-08,Wood,763.954
2024-04-09,Coal,8430.965
2024-04-09,Gas,14678.316
2024-04-09,Geothermal,20976.725
2024-04-09,Hydro,55266.037
2024-04-09,Liquid fuel,0.0
2024-04-09,Solar,254.495
2024-04-09,Wind,12112.123
2024-04-09,Wood,726.184
2024-04-10,Coal,7537.775
2024-04-10,Gas,14338.558
2024-04-10,Geothermal,20327.383
2024-04-10,Hydro,57497.4
2024-04-10,Liquid fuel,4.186
2024-04-10,Solar,177.219
2024-04-10,Wind,10972.313
2024-04-10,Wood,834.906
2024-04-11,Coal,6551.083
2024-04-11,Gas,9605.956
2024-04-11,Geothermal,20786.991
2024-04-11,Hydro,64185.518
2024-04-11,Liquid fuel,0.0
2024-04-11,Solar,51.802
2024-04-11,Wind,12137.649
2024-04-11,Wood,819.702
2024-04-12,Coal,5238.196
2024-04-12,Gas,9977.532
2024-04-12,Geothermal,21691.935
2024-04-12,Hydro,68152.04
2024-04-12,Liquid fuel,0.0
2024-04-12,Solar,187.516
2024-04-12,Wind,8364.973
2024-04-12,Wood,801.414
2024-04-13,Coal,2010.022
2024-04-13,Gas,8844.519
2024-04-13,Geothermal,22276.304
2024-04-13,Hydro,62436.855
2024-04-13,Liquid fuel,0.0
2024-04-13,Solar,255.737
2024-04-13,Wind,6789.745
2024-04-13,Wood,747.747
2024-04-14,Coal,1273.323
2024-04-14,Gas,8388.25
2024-04-14,Geothermal,22392.347
2024-04-14,Hydro,64687.239
2024-04-14,Liquid fuel,0.0
2024-04-14,Solar,293.974
2024-04-14,Wind,2340.229
2024-04-14,Wood,671.633
2024-04-15,Coal,3763.779
2024-04-15,Gas,10036.375
2024-04-15,Geothermal,21630.839
2024-04-15,Hydro,68715.738
2024-04-15,Liquid fuel,66.684
2024-04-15,Solar,300.74
2024-04-15,Wind,5702.37
2024-04-15,Wood,746.087
2024-04-16,Coal,3657.644
2024-04-16,Gas,9410.2
2024-04-16,Geothermal,21053.233
2024-04-16,Hydro,64955.974
2024-04-16,Liquid fuel,67.26
2024-04-16,Solar,330.921
2024-04-16,Wind,12572.487
2024-04-16,Wood,789.646
2024-04-17,Coal,3573.983
2024-04-17,Gas,8889.655
2024-04-17,Geothermal,21216.347
2024-04-17,Hydro,64335.64
2024-04-17,Liquid fuel,66.375
2024-04-17,Solar,286.201
2024-04-17,Wind,12542.564
2024-04-17,Wood,760.341
2024-04-18,Coal,2933.629
2024-04-18,Gas,8695.744
2024-04-18,Geothermal,22101.022
2024-04-18,Hydro,59999.464
2024-04-18,Liquid fuel,0.0
2024-04-18,Solar,225.994
2024-04-18,Wind,17049.403
2024-04-18,Wood,752.657
2024-04-19,Coal,4372.729
2024-04-19,Gas,9540.756
2024-04-19,Geothermal,22078.978
2024-04-19,Hydro,62559.867
2024-04-19,Liquid fuel,0.0
2024-04-19,Solar,246.668
2024-04-19,Wind,13105.562
2024-04-19,Wood,699.93
2024-04-20,Coal,4691.595
2024-04-20,Gas,10499.839
2024-04-20,Geothermal,22184.092
2024-04-20,Hydro,64158.603
2024-04-20,Liquid fuel,52.241
2024-04-20,Solar,106.386
2024-04-20,Wind,3019.003
2024-04-20,Wood,786.596
2024-04-21,Coal,4100.6
2024-04-21,Gas,10411.79
2024-04-21,Geothermal,22165.605
2024-04-21,Hydro,58862.792
2024-04-21,Liquid fuel,0.0
2024-04-21,Solar,202.387
2024-04-21,Wind,5052.991
2024-04-21,Wood,803.616
2024-04-22,Coal,4527.643
2024-04-22,Gas,10258.034
2024-04-22,Geothermal,22189.557
2024-04-22,Hydro,65677.685
2024-04-22,Liquid fuel,0.0
2024-04-22,Solar,283.418
2024-04-22,Wind,9017.39
2024-04-22,Wood,684.971
2024-04-23,Coal,5209.279
2024-04-23,Gas,9670.987
2024-04-23,Geothermal,22389.939
2024-04-23,Hydro,68510.805
2024-04-23,Liquid fuel,0.0
2024-04-23,Solar,302.887
2024-04-23,Wind,7183.749
2024-04-23,Wood,728.414
2024-04-24,Coal,5302.576
2024-04-24,Gas,9645.643
2024-04-24,Geothermal,22425.799
2024-04-24,Hydro,58827.096
2024-04-24,Liquid fuel,0.0
2024-04-24,Solar,233.316
2024-04-24,Wind,16800.647
2024-04-24,Wood,728.218
2024-04-25,Coal,4480.942
2024-04-25,Gas,8945.142
2024-04-25,Geothermal,22491.525
2024-04-25,Hydro,49346.599
2024-04-25,Liquid fuel,0.0
2024-04-25,Solar,138.571
2024-04-25,Wind,18997.023
2024-04-25,Wood,813.156
2024-04-26,Coal,4896.882
2024-04-26,Gas,8595.986
2024-04-26,Geothermal,22268.577
2024-04-26,Hydro,55766.485
2024-04-26,Liquid fuel,0.0
2024-04-26,Solar,180.495
2024-04-26,Wind,17681.182
2024-04-26,Wood,835.297
2024-04-27,Coal,5054.927
2024-04-27,Gas,10421.858
2024-04-27,Geothermal,22654.632
2024-04-27,Hydro,60528.52
2024-04-27,Liquid fuel,0.0
2024-04-27,Solar,292.257
2024-04-27,Wind,6405.563
2024-04-27,Wood,844.706
2024-04-28,Coal,6332.94
2024-04-28,Gas,9402.986
2024-04-28,Geothermal,22654.383
2024-04-28,Hydro,63128.742
2024-04-28,Liquid fuel,0.0
2024-04-28,Solar,284.409
2024-04-28,Wind,1773.42
2024-04-28,Wood,665.465
2024-04-29,Coal,8981.759
2024-04-29,Gas,11582.465
2024-04-29,Geothermal,20611.145
2024-04-29,Hydro,70649.737
2024-04-29,Liquid fuel,0.0
2024-04-29,Solar,204.145
2024-04-29,Wind,2829.826
2024-04-29,Wood,778.77
2024-04-30,Coal,8756.601
2024-04-30,Gas,11108.439
2024-04-30,Geothermal,22307.699
2024-04-30,Hydro,66190.187
2024-04-30,Liquid fuel,0.0
2024-04-30,Solar,256.105
2024-04-30,Wind,6684.768
2024-04-30,Wood,834.322
2024-05-01,Coal,8748.705
2024-05-01,Gas,12169.367
2024-05-01,Geothermal,22045.82
2024-05-01,Hydro,63360.163
2024-05-01,Liquid fuel,0.0
2024-05-01,Solar,269.377
2024-05-01,Wind,11403.584
2024-05-01,Wood,157.719
2024-05-02,Coal,9545.659
2024-05-02,Gas,11596.8
2024-05-02,Geothermal,22402.415
2024-05-02,Hydro,67482.099
2024-05-02,Liquid fuel,0.0
2024-05-02,Solar,240.366
2024-05-02,Wind,6716.61
2024-05-02,Wood,0.0
2024-05-03,Coal,9666.543
2024-05-03,Gas,12034.53
2024-05-03,Geothermal,22440.923
2024-05-03,Hydro,68516.611
2024-05-03,Liquid fuel,0.0
2024-05-03,Solar,280.261
2024-05-03,Wind,5480.02
2024-05-03,Wood,0.0
2024-05-04,Coal,9343.471
2024-05-04,Gas,10486.899
2024-05-04,Geothermal,22530.186
2024-05-04,Hydro,64908.585
2024-05-04,Liquid fuel,0.0
2024-05-04,Solar,289.81
2024-05-04,Wind,2120.729
2024-05-04,Wood,0.0
2024-05-05,Coal,6891.486
2024-05-05,Gas,11173.726
2024-05-05,Geothermal,20525.601
2024-05-05,Hydro,64919.506
2024-05-05,Liquid fuel,0.0
2024-05-05,Solar,215.735
2024-05-05,Wind,3380.44
2024-05-05,Wood,0.0
2024-05-06,Coal,8579.957
2024-05-06,Gas,12387.229
2024-05-06,Geothermal,20009.712
2024-05-06,Hydro,66130.59
2024-05-06,Liquid fuel,0.0
2024-05-06,Solar,175.054
2024-05-06,Wind,11590.655
2024-05-06,Wood,327.211
2024-05-07,Coal,9689.213
2024-05-07,Gas,12545.445
2024-05-07,Geothermal,20005.733
2024-05-07,Hydro,69934.243
2024-05-07,Liquid fuel,0.0
2024-05-07,Solar,171.674
2024-05-07,Wind,10518.721
2024-05-07,Wood,730.694
2024-05-08,Coal,10831.139
2024-05-08,Gas,13930.878
2024-05-08,Geothermal,19942.038
2024-05-08,Hydro,78722.908
2024-05-08,Liquid fuel,169.895
2024-05-08,Solar,294.242
2024-05-08,Wind,2462.282
2024-05-08,Wood,750.735
2024-05-09,Coal,10514.629
2024-05-09,Gas,11894.54
2024-05-09,Geothermal,20734.082
2024-05-09,Hydro,72745.85
2024-05-09,Liquid fuel,87.137
2024-05-09,Solar,270.325
2024-05-09,Wind,14136.097
2024-05-09,Wood,786.67
2024-05-10,Coal,9982.307
2024-05-10,Gas,14575.853
2024-05-10,Geothermal,20948.029
2024-05-10,Hydro,79340.634
2024-05-10,Liquid fuel,313.381
2024-05-10,Solar,295.277
2024-05-10,Wind,5154.347
2024-05-10,Wood,768.507
2024-05-11,Coal,9568.23
2024-05-11,Gas,11959.664
2024-05-11,Geothermal,20902.091
2024-05-11,Hydro,70344.589
2024-05-11,Liquid fuel,0.0
2024-05-11,Solar,257.969
2024-05-11,Wind,5152.145
2024-05-11,Wood,702.744
2024-05-12,Coal,10382.063
2024-05-12,Gas,12129.639
2024-05-12,Geothermal,19779.853
2024-05-12,Hydro,71561.491
2024-05-12,Liquid fuel,0.0
2024-05-12,Solar,230.546
2024-05-12,Wind,2479.794
2024-05-12,Wood,751.048
2024-05-13,Coal,10807.329
2024-05-13,Gas,16738.075
2024-05-13,Geothermal,23349.026
2024-05-13,Hydro,71989.82
2024-05-13,Liquid fuel,82.912
2024-05-13,Solar,220.883
2024-05-13,Wind,1701.763
2024-05-13,Wood,738.374
2024-05-14,Coal,10669.216
2024-05-14,Gas,17534.819
2024-05-14,Geothermal,23382.432
2024-05-14,Hydro,72560.856
2024-05-14,Liquid fuel,103.383
2024-05-14,Solar,149.666
2024-05-14,Wind,3752.947
2024-05-14,Wood,756.592
2024-05-15,Coal,10362.988
2024-05-15,Gas,16697.141
2024-05-15,Geothermal,23239.438
2024-05-15,Hydro,65417.738
2024-05-15,Liquid fuel,83.705
2024-05-15,Solar,116.778
2024-05-15,Wind,6183.1
2024-05-15,Wood,790.361
2024-05-16,Coal,10267.112
2024-05-16,Gas,15952.219
2024-05-16,Geothermal,23235.834
2024-05-16,Hydro,61836.166
2024-05-16,Liquid fuel,88.15
2024-05-16,Solar,160.663
2024-05-16,Wind,10162.264
2024-05-16,Wood,727.323
2024-05-17,Coal,11036.559
2024-05-17,Gas,15799.014
2024-05-17,Geothermal,23018.299
2024-05-17,Hydro,62204.665
2024-05-17,Liquid fuel,0.0
2024-05-17,Solar,245.529
2024-05-17,Wind,8639.473
2024-05-17,Wood,769.302
2024-05-18,Coal,9911.468
2024-05-18,Gas,13447.165
2024-05-18,Geothermal,22985.412
2024-05-18,Hydro,54127.136
2024-05-18,Liquid fuel,0.0
2024-05-18,Solar,249.133
2024-05-18,Wind,13558.927
2024-05-18,Wood,787.931
2024-05-19,Coal,9322.676
2024-05-19,Gas,17516.526
2024-05-19,Geothermal,22386.179
2024-05-19,Hydro,61069.13
2024-05-19,Liquid fuel,0.0
2024-05-19,Solar,262.069
2024-05-19,Wind,2668.536
2024-05-19,Wood,733.146
2024-05-20,Coal,10275.159
2024-05-20,Gas,17767.053
2024-05-20,Geothermal,22176.691
2024-05-20,Hydro,72463.246
2024-05-20,Liquid fuel,0.0
2024-05-20,Solar,93.981
2024-05-20,Wind,4905.14
2024-05-20,Wood,791.531
2024-05-21,Coal,8252.478
2024-05-21,Gas,15098.505
2024-05-21,Geothermal,22002.865
2024-05-21,Hydro,62390.975
2024-05-21,Liquid fuel,0.0
2024-05-21,Solar,157.359
2024-05-21,Wind,16486.93
2024-05-21,Wood,753.453
2024-05-22,Coal,5914.387
2024-05-22,Gas,15560.335
2024-05-22,Geothermal,21936.702
2024-05-22,Hydro,64190.576
2024-05-22,Liquid fuel,0.0
2024-05-22,Solar,196.81
2024-05-22,Wind,14401.453
2024-05-22,Wood,644.716
2024-05-23,Coal,10206.862
2024-05-23,Gas,16606.513
2024-05-23,Geothermal,21719.314
2024-05-23,Hydro,69753.774
2024-05-23,Liquid fuel,0.0
2024-05-23,Solar,164.107
2024-05-23,Wind,5894.815
2024-05-23,Wood,682.171
2024-05-24,Coal,10068.93
2024-05-24,Gas,16937.891
2024-05-24,Geothermal,22252.736
2024-05-24,Hydro,73237.867
2024-05-24,Liquid fuel,0.0
2024-05-24,Solar,236.463
2024-05-24,Wind,3177.056
2024-05-24,Wood,586.702
2024-05-25,Coal,9964.171
2024-05-25,Gas,14458.174
2024-05-25,Geothermal,24369.208
2024-05-25,Hydro,55185.066
2024-05-25,Liquid fuel,56.61
2024-05-25,Solar,210.469
2024-05-25,Wind,11109.893
2024-05-25,Wood,645.107
2024-05-26,Coal,8110.937
2024-05-26,Gas,13953.86
2024-05-26,Geothermal,25911.029
2024-05-26,Hydro,49310.286
2024-05-26,Liquid fuel,0.0
2024-05-26,Solar,159.129
2024-05-26,Wind,15311.26
2024-05-26,Wood,748.954
2024-05-27,Coal,10631.921
2024-05-27,Gas,14439.671
2024-05-27,Geothermal,25624.192
2024-05-27,Hydro,67978.631
2024-05-27,Liquid fuel,0.0
2024-05-27,Solar,147.096
2024-05-27,Wind,7334.264
2024-05-27,Wood,732.481
2024-05-28,Coal,10073.549
2024-05-28,Gas,16436.964
2024-05-28,Geothermal,25782.693
2024-05-28,Hydro,68640.584
2024-05-28,Liquid fuel,0.0
2024-05-28,Solar,171.61
2024-05-28,Wind,8306.571
2024-05-28,Wood,762.609
2024-05-29,Coal,10457.367
2024-05-29,Gas,17548.323
2024-05-29,Geothermal,25957.221
2024-05-29,Hydro,69085.424
2024-05-29,Liquid fuel,0.0
2024-05-29,Solar,177.573
2024-05-29,Wind,10476.562
2024-05-29,Wood,695.61
2024-05-30,Coal,10729.976
2024-05-30,Gas,16225.557
2024-05-30,Geothermal,25940.606
2024-05-30,Hydro,65733.559
2024-05-30,Liquid fuel,0.0
2024-05-30,Solar,224.551
2024-05-30,Wind,8848.195
2024-05-30,Wood,688.62
2024-05-31,Coal,8789.832
2024-05-31,Gas,14115.682
2024-05-31,Geothermal,25990.365
2024-05-31,Hydro,51999.169
2024-05-31,Liquid fuel,0.0
2024-05-31,Solar,235.803
2024-05-31,Wind,18417.667
2024-05-31,Wood,653.995
2024-06-01,Coal,6377.842
2024-06-01,Gas,12050.889
2024-06-01,Geothermal,26177.712
2024-06-01,Hydro,42697.279
2024-06-01,Liquid fuel,0.0
2024-06-01,Solar,190.436
2024-06-01,Wind,18977.355
2024-06-01,Wood,692.055
2024-06-02,Coal,7369.79
2024-06-02,Gas,12524.479
2024-06-02,Geothermal,25823.551
2024-06-02,Hydro,50446.256
2024-06-02,Liquid fuel,0.0
2024-06-02,Solar,122.083
2024-06-02,Wind,8133.953
2024-06-02,Wood,651.189
2024-06-03,Coal,6973.384
2024-06-03,Gas,14118.911
2024-06-03,Geothermal,25875.016
2024-06-03,Hydro,49403.553
2024-06-03,Liquid fuel,0.0
2024-06-03,Solar,175.57
2024-06-03,Wind,13002.072
2024-06-03,Wood,428.17
2024-06-04,Coal,10157.56
2024-06-04,Gas,15094.24
2024-06-04,Geothermal,25989.598
2024-06-04,Hydro,64620.901
2024-06-04,Liquid fuel,0.0
2024-06-04,Solar,139.04
2024-06-04,Wind,8095.378
2024-06-04,Wood,604.59
2024-06-05,Coal,10396.153
2024-06-05,Gas,16694.573
2024-06-05,Geothermal,25918.749
2024-06-05,Hydro,66610.088
2024-06-05,Liquid fuel,0.0
2024-06-05,Solar,145.727
2024-06-05,Wind,8361.325
2024-06-05,Wood,750.224
2024-06-06,Coal,10441.407
2024-06-06,Gas,16854.6
2024-06-06,Geothermal,25993.385
2024-06-06,Hydro,61677.148
2024-06-06,Liquid fuel,0.0
2024-06-06,Solar,103.861
2024-06-06,Wind,9781.303
2024-06-06,Wood,798.034
2024-06-07,Coal,10476.631
2024-06-07,Gas,15462.857
2024-06-07,Geothermal,25752.701
2024-06-07,Hydro,64539.456
2024-06-07,Liquid fuel,0.0
2024-06-07,Solar,140.13
2024-06-07,Wind,3731.208
2024-06-07,Wood,715.543
2024-06-08,Coal,10034.756
2024-06-08,Gas,15076.988
2024-06-08,Geothermal,23880.357
2024-06-08,Hydro,54504.921
2024-06-08,Liquid fuel,0.0
2024-06-08,Solar,122.237
2024-06-08,Wind,6600.457
2024-06-08,Wood,356.62
2024-06-09,Coal,7347.307
2024-06-09,Gas,14514.001
2024-06-09,Geothermal,25629.13
2024-06-09,Hydro,50289.187
2024-06-09,Liquid fuel,0.0
2024-06-09,Solar,64.669
2024-06-09,Wind,12320.149
2024-06-09,Wood,260.483
2024-06-10,Coal,6546.291
2024-06-10,Gas,13146.478
2024-06-10,Geothermal,25074.915
2024-06-10,Hydro,54187.523
2024-06-10,Liquid fuel,0.0
2024-06-10,Solar,128.231
2024-06-10,Wind,16443.68
2024-06-10,Wood,244.044
2024-06-11,Coal,9835.075
2024-06-11,Gas,14963.069
2024-06-11,Geothermal,25384.2
2024-06-11,Hydro,61560.392
2024-06-11,Liquid fuel,0.0
2024-06-11,Solar,179.448
2024-06-11,Wind,9711.965
2024-06-11,Wood,278.527
2024-06-12,Coal,10469.137
2024-06-12,Gas,17213.344
2024-06-12,Geothermal,25315.732
2024-06-12,Hydro,73332.552
2024-06-12,Liquid fuel,0.0
2024-06-12,Solar,203.46
2024-06-12,Wind,1537.598
2024-06-12,Wood,343.71
2024-06-13,Coal,10538.297
2024-06-13,Gas,16531.714
2024-06-13,Geothermal,25673.095
2024-06-13,Hydro,68838.181
2024-06-13,Liquid fuel,0.0
2024-06-13,Solar,74.502
2024-06-13,Wind,4424.785
2024-06-13,Wood,27.171
2024-06-14,Coal,9673.966
2024-06-14,Gas,17225.204
2024-06-14,Geothermal,24672.26
2024-06-14,Hydro,62182.774
2024-06-14,Liquid fuel,0.0
2024-06-14,Solar,64.794
2024-06-14,Wind,7855.705
2024-06-14,Wood,0.0
2024-06-15,Coal,7447.6
2024-06-15,Gas,14653.531
2024-06-15,Geothermal,22858.951
2024-06-15,Hydro,49805.616
2024-06-15,Liquid fuel,0.0
2024-06-15,Solar,168.342
2024-06-15,Wind,14994.066
2024-06-15,Wood,0.0
2024-06-16,Coal,6254.32
2024-06-16,Gas,15564.686
2024-06-16,Geothermal,22775.53
2024-06-16,Hydro,51537.788
2024-06-16,Liquid fuel,0.0
2024-06-16,Solar,143.435
2024-06-16,Wind,13300.025
2024-06-16,Wood,188.467
2024-06-17,Coal,9795.25
2024-06-17,Gas,15979.682
2024-06-17,Geothermal,23178.729
2024-06-17,Hydro,65825.648
2024-06-17,Liquid fuel,0.0
2024-06-17,Solar,128.777
2024-06-17,Wind,4854.914
2024-06-17,Wood,292.399
2024-06-18,Coal,8928.558
2024-06-18,Gas,14165.401
2024-06-18,Geothermal,23249.841
2024-06-18,Hydro,56622.104
2024-06-18,Liquid fuel,0.0
2024-06-18,Solar,141.015
2024-06-18,Wind,17028.106
2024-06-18,Wood,245.617
2024-06-19,Coal,9255.219
2024-06-19,Gas,15439.512
2024-06-19,Geothermal,23533.548
2024-06-19,Hydro,59596.572
2024-06-19,Liquid fuel,0.0
2024-06-19,Solar,133.703
2024-06-19,Wind,16520.309
2024-06-19,Wood,261.432
2024-06-20,Coal,9934.634
2024-06-20,Gas,16887.73
2024-06-20,Geothermal,23328.513
2024-06-20,Hydro,62949.842
2024-06-20,Liquid fuel,0.0
2024-06-20,Solar,100.786
2024-06-20,Wind,10582.756
2024-06-20,Wood,296.723
2024-06-21,Coal,9652.284
2024-06-21,Gas,18550.077
2024-06-21,Geothermal,23670.881
2024-06-21,Hydro,66396.082
2024-06-21,Liquid fuel,0.0
2024-06-21,Solar,167.733
2024-06-21,Wind,3566.995
2024-06-21,Wood,300.389
2024-06-22,Coal,9910.75
2024-06-22,Gas,18752.28
2024-06-22,Geothermal,23651.239
2024-06-22,Hydro,58008.392
2024-06-22,Liquid fuel,0.0
2024-06-22,Solar,116.172
2024-06-22,Wind,3737.458
2024-06-22,Wood,294.282
2024-06-23,Coal,9358.374
2024-06-23,Gas,18486.167
2024-06-23,Geothermal,23566.595
2024-06-23,Hydro,56731.397
2024-06-23,Liquid fuel,0.0
2024-06-23,Solar,59.371
2024-06-23,Wind,4796.463
2024-06-23,Wood,257.911
2024-06-24,Coal,10414.863
2024-06-24,Gas,18727.828
2024-06-24,Geothermal,22254.635
2024-06-24,Hydro,70665.541
2024-06-24,Liquid fuel,0.0
2024-06-24,Solar,106.481
2024-06-24,Wind,2825.237
2024-06-24,Wood,265.699
2024-06-25,Coal,9935.38
2024-06-25,Gas,17732.939
2024-06-25,Geothermal,20499.499
2024-06-25,Hydro,67241.629
2024-06-25,Liquid fuel,0.0
2024-06-25,Solar,112.07
2024-06-25,Wind,10340.959
2024-06-25,Wood,262.358
2024-06-26,Coal,9426.671
2024-06-26,Gas,16872.531
2024-06-26,Geothermal,20217.124
2024-06-26,Hydro,59477.496
2024-06-26,Liquid fuel,0.0
2024-06-26,Solar,145.947
2024-06-26,Wind,15667.978
2024-06-26,Wood,331.38
2024-06-27,Coal,9654.831
2024-06-27,Gas,18968.154
2024-06-27,Geothermal,21137.44
2024-06-27,Hydro,63084.049
2024-06-27,Liquid fuel,0.0
2024-06-27,Solar,221.413
2024-06-27,Wind,8377.316
2024-06-27,Wood,441.656
2024-06-28,Coal,9557.722
2024-06-28,Gas,18776.405
2024-06-28,Geothermal,22089.461
2024-06-28,Hydro,59147.243
2024-06-28,Liquid fuel,0.0
2024-06-28,Solar,183.719
2024-06-28,Wind,3917.395
2024-06-28,Wood,589.72
2024-06-29,Coal,10003.793
2024-06-29,Gas,15809.754
2024-06-29,Geothermal,24081.035
2024-06-29,Hydro,56124.677
2024-06-29,Liquid fuel,0.0
2024-06-29,Solar,177.464
2024-06-29,Wind,4366.71
2024-06-29,Wood,729.255
2024-06-30,Coal,10033.533
2024-06-30,Gas,16735.88
2024-06-30,Geothermal,25971.295
2024-06-30,Hydro,51642.146
2024-06-30,Liquid fuel,0.0
2024-06-30,Solar,184.613
2024-06-30,Wind,9245.302
2024-06-30,Wood,611.512
2024-07-01,Coal,9903.698
2024-07-01,Gas,14980.291
2024-07-01,Geothermal,25415.944
2024-07-01,Hydro,55746.884
2024-07-01,Liquid fuel,0.0
2024-07-01,Solar,62.811
2024-07-01,Wind,18476.387
2024-07-01,Wood,686.185
2024-07-02,Coal,9468.25
2024-07-02,Gas,14354.685
2024-07-02,Geothermal,25548.104
2024-07-02,Hydro,63085.855
2024-07-02,Liquid fuel,0.0
2024-07-02,Solar,167.432
2024-07-02,Wind,13398.556
2024-07-02,Wood,683.303
2024-07-03,Coal,10821.621
2024-07-03,Gas,16446.282
2024-07-03,Geothermal,25839.545
2024-07-03,Hydro,69823.67
2024-07-03,Liquid fuel,0.0
2024-07-03,Solar,219.15
2024-07-03,Wind,6098.588
2024-07-03,Wood,814.213
2024-07-04,Coal,11092.365
2024-07-04,Gas,17987.727
2024-07-04,Geothermal,25939.582
2024-07-04,Hydro,74766.182
2024-07-04,Liquid fuel,0.0
2024-07-04,Solar,203.824
2024-07-04,Wind,3440.252
2024-07-04,Wood,840.113
2024-07-05,Coal,11080.506
2024-07-05,Gas,17828.122
2024-07-05,Geothermal,25978.02
2024-07-05,Hydro,71811.547
2024-07-05,Liquid fuel,0.0
2024-07-05,Solar,230.139
2024-07-05,Wind,7290.29
2024-07-05,Wood,842.761
2024-07-06,Coal,10738.168
2024-07-06,Gas,16279.982
2024-07-06,Geothermal,25980.095
2024-07-06,Hydro,59944.944
2024-07-06,Liquid fuel,0.0
2024-07-06,Solar,181.82
2024-07-06,Wind,8374.364
2024-07-06,Wood,806.331
2024-07-07,Coal,10954.364
2024-07-07,Gas,15030.742
2024-07-07,Geothermal,25911.036
2024-07-07,Hydro,55964.115
2024-07-07,Liquid fuel,0.0
2024-07-07,Solar,197.414
2024-07-07,Wind,10139.782
2024-07-07,Wood,827.78
2024-07-08,Coal,11023.877
2024-07-08,Gas,17311.054
2024-07-08,Geothermal,25758.67
2024-07-08,Hydro,69943.571
2024-07-08,Liquid fuel,0.0
2024-07-08,Solar,195.951
2024-07-08,Wind,1743.337
2024-07-08,Wood,838.587
2024-07-09,Coal,11070.408
2024-07-09,Gas,17326.751
2024-07-09,Geothermal,25677.957
2024-07-09,Hydro,71875.21
2024-07-09,Liquid fuel,0.0
2024-07-09,Solar,178.513
2024-07-09,Wind,1160.77
2024-07-09,Wood,643.478
2024-07-10,Coal,11121.056
2024-07-10,Gas,17371.944
2024-07-10,Geothermal,25703.17
2024-07-10,Hydro,71330.448
2024-07-10,Liquid fuel,49.881
2024-07-10,Solar,237.953
2024-07-10,Wind,4548.055
2024-07-10,Wood,454.641
2024-07-11,Coal,12604.272
2024-07-11,Gas,17380.65
2024-07-11,Geothermal,25693.256
2024-07-11,Hydro,67834.766
2024-07-11,Liquid fuel,101.195
2024-07-11,Solar,216.805
2024-07-11,Wind,7323.783
2024-07-11,Wood,700.156
2024-07-12,Coal,14813.905
2024-07-12,Gas,17157.301
2024-07-12,Geothermal,25594.59
2024-07-12,Hydro,60082.128
2024-07-12,Liquid fuel,0.0
2024-07-12,Solar,129.211
2024-07-12,Wind,15671.135
2024-07-12,Wood,789.506
2024-07-13,Coal,14519.954
2024-07-13,Gas,16266.946
2024-07-13,Geothermal,25602.4
2024-07-13,Hydro,55671.099
2024-07-13,Liquid fuel,0.0
2024-07-13,Solar,197.765
2024-07-13,Wind,10091.148
2024-07-13,Wood,851.698
2024-07-14,Coal,13619.446
2024-07-14,Gas,16391.36
2024-07-14,Geothermal,25557.762
2024-07-14,Hydro,53513.875
2024-07-14,Liquid fuel,0.0
2024-07-14,Solar,125.689
2024-07-14,Wind,10207.644
2024-07-14,Wood,864.054
2024-07-15,Coal,14763.993
2024-07-15,Gas,17445.024
2024-07-15,Geothermal,25457.363
2024-07-15,Hydro,62426.336
2024-07-15,Liquid fuel,0.0
2024-07-15,Solar,99.768
2024-07-15,Wind,11128.85
2024-07-15,Wood,821.146
2024-07-16,Coal,14331.798
2024-07-16,Gas,16702.484
2024-07-16,Geothermal,25126.717
2024-07-16,Hydro,63550.244
2024-07-16,Liquid fuel,0.0
2024-07-16,Solar,170.157
2024-07-16,Wind,3774.901
2024-07-16,Wood,803.52
2024-07-17,Coal,15270.652
2024-07-17,Gas,18546.819
2024-07-17,Geothermal,25114.24
2024-07-17,Hydro,68344.747
2024-07-17,Liquid fuel,0.0
2024-07-17,Solar,132.638
2024-07-17,Wind,1264.185
2024-07-17,Wood,822.584
2024-07-18,Coal,15725.766
2024-07-18,Gas,18439.436
2024-07-18,Geothermal,25369.213
2024-07-18,Hydro,64535.505
2024-07-18,Liquid fuel,0.0
2024-07-18,Solar,214.879
2024-07-18,Wind,1376.91
2024-07-18,Wood,796.806
2024-07-19,Coal,14663.215
2024-07-19,Gas,18042.469
2024-07-19,Geothermal,25552.191
2024-07-19,Hydro,62400.978
2024-07-19,Liquid fuel,0.0
2024-07-19,Solar,30.094
2024-07-19,Wind,4074.697
2024-07-19,Wood,837.41
2024-07-20,Coal,12624.63
2024-07-20,Gas,17716.391
2024-07-20,Geothermal,25398.456
2024-07-20,Hydro,55233.555
2024-07-20,Liquid fuel,0.0
2024-07-20,Solar,137.142
2024-07-20,Wind,3525.882
2024-07-20,Wood,819.479
2024-07-21,Coal,12669.432
2024-07-21,Gas,16413.753
2024-07-21,Geothermal,25461.977
2024-07-21,Hydro,50354.945
2024-07-21,Liquid fuel,0.0
2024-07-21,Solar,105.737
2024-07-21,Wind,8670.499
2024-07-21,Wood,828.426
2024-07-22,Coal,15271.527
2024-07-22,Gas,17841.881
2024-07-22,Geothermal,25527.901
2024-07-22,Hydro,57625.429
2024-07-22,Liquid fuel,0.0
2024-07-22,Solar,154.572
2024-07-22,Wind,8861.11
2024-07-22,Wood,789.856
2024-07-23,Coal,14919.776
2024-07-23,Gas,18706.442
2024-07-23,Geothermal,25556.258
2024-07-23,Hydro,62868.102
2024-07-23,Liquid fuel,0.0
2024-07-23,Solar,241.57
2024-07-23,Wind,4927.261
2024-07-23,Wood,777.871
2024-07-24,Coal,15134.314
2024-07-24,Gas,18600.659
2024-07-24,Geothermal,25466.523
2024-07-24,Hydro,61370.099
2024-07-24,Liquid fuel,0.0
2024-07-24,Solar,213.62
2024-07-24,Wind,5446.951
2024-07-24,Wood,829.391
2024-07-25,Coal,13960.17
2024-07-25,Gas,18235.664
2024-07-25,Geothermal,25560.385
2024-07-25,Hydro,59312.514
2024-07-25,Liquid fuel,0.0
2024-07-25,Solar,232.38
2024-07-25,Wind,7182.212
2024-07-25,Wood,779.705
2024-07-26,Coal,16257.723
2024-07-26,Gas,15153.56
2024-07-26,Geothermal,25360.561
2024-07-26,Hydro,56668.519
2024-07-26,Liquid fuel,0.0
2024-07-26,Solar,179.172
2024-07-26,Wind,9805.458
2024-07-26,Wood,795.785
2024-07-27,Coal,10956.727
2024-07-27,Gas,15378.6
2024-07-27,Geothermal,25568.427
2024-07-27,Hydro,47247.795
2024-07-27,Liquid fuel,0.0
2024-07-27,Solar,236.429
2024-07-27,Wind,13866.359
2024-07-27,Wood,844.433
2024-07-28,Coal,10719.438
2024-07-28,Gas,16612.762
2024-07-28,Geothermal,25417.498
2024-07-28,Hydro,46010.887
2024-07-28,Liquid fuel,0.0
2024-07-28,Solar,207.248
2024-07-28,Wind,13996.777
2024-07-28,Wood,809.182
2024-07-29,Coal,11495.12
2024-07-29,Gas,17748.446
2024-07-29,Geothermal,25194.686
2024-07-29,Hydro,55637.462
2024-07-29,Liquid fuel,0.0
2024-07-29,Solar,61.495
2024-07-29,Wind,16391.39
2024-07-29,Wood,854.294
2024-07-30,Coal,13397.94
2024-07-30,Gas,17429.842
2024-07-30,Geothermal,25103.613
2024-07-30,Hydro,59046.231
2024-07-30,Liquid fuel,0.0
2024-07-30,Solar,136.388
2024-07-30,Wind,12868.701
2024-07-30,Wood,763.311
2024-07-31,Coal,13337.028
2024-07-31,Gas,16359.457
2024-07-31,Geothermal,25310.514
2024-07-31,Hydro,56738.165
2024-07-31,Liquid fuel,0.0
2024-07-31,Solar,116.327
2024-07-31,Wind,17455.029
2024-07-31,Wood,655.241
2024-08-01,Coal,13487.94
2024-08-01,ELE,0.0
2024-08-01,Gas,19080.827
2024-08-01,Geothermal,25327.043
2024-08-01,HYD,0.0
2024-08-01,Hydro,56752.019
2024-08-01,Liquid fuel,0.0
2024-08-01,Solar,159.261
2024-08-01,Wind,18949.547
2024-08-01,Wood,727.927
2024-08-02,Coal,13940.454
2024-08-02,ELE,0.0
2024-08-02,Gas,20376.83
2024-08-02,Geothermal,25442.146
2024-08-02,HYD,0.0
2024-08-02,Hydro,60050.346
2024-08-02,Liquid fuel,0.0
2024-08-02,Solar,143.913
2024-08-02,Wind,10928.367
2024-08-02,Wood,745.292
2024-08-03,Coal,10533.555
2024-08-03,ELE,0.0
2024-08-03,Gas,19059.252
2024-08-03,Geothermal,25495.137
2024-08-03,HYD,0.0
2024-08-03,Hydro,59976.143
2024-08-03,Liquid fuel,909.236
2024-08-03,Solar,167.749
2024-08-03,Wind,6368.715
2024-08-03,Wood,787.152
2024-08-04,Coal,11731.88
2024-08-04,ELE,0.0
2024-08-04,Gas,18983.772
2024-08-04,Geothermal,25538.99
2024-08-04,HYD,0.0
2024-08-04,Hydro,61180.705
2024-08-04,Liquid fuel,1849.669
2024-08-04,Solar,177.199
2024-08-04,Wind,2940.277
2024-08-04,Wood,770.301
2024-08-05,Coal,14740.394
2024-08-05,ELE,0.0
2024-08-05,Gas,18703.056
2024-08-05,Geothermal,25349.567
2024-08-05,HYD,0.0
2024-08-05,Hydro,63517.521
2024-08-05,Liquid fuel,1630.126
2024-08-05,Solar,242.626
2024-08-05,Wind,5621.426
2024-08-05,Wood,804.825
2024-08-06,Coal,14171.074
2024-08-06,ELE,0.0
2024-08-06,Gas,18499.831
2024-08-06,Geothermal,25280.332
2024-08-06,HYD,0.0
2024-08-06,Hydro,66221.695
2024-08-06,Liquid fuel,1481.836
2024-08-06,Solar,280.388
2024-08-06,Wind,3394.528
2024-08-06,Wood,801.404
2024-08-07,Coal,14183.286
2024-08-07,ELE,0.0
2024-08-07,Gas,17444.022
2024-08-07,Geothermal,25164.872
2024-08-07,HYD,0.0
2024-08-07,Hydro,64105.169
2024-08-07,Liquid fuel,1379.817
2024-08-07,Solar,268.927
2024-08-07,Wind,6620.648
2024-08-07,Wood,811.063
2024-08-08,Coal,13505.955
2024-08-08,ELE,0.0
2024-08-08,Gas,17152.278
2024-08-08,Geothermal,25643.961
2024-08-08,HYD,0.0
2024-08-08,Hydro,59352.094
2024-08-08,Liquid fuel,1357.278
2024-08-08,Solar,78.923
2024-08-08,Wind,12478.077
2024-08-08,Wood,773.015
2024-08-09,Coal,13309.485
2024-08-09,ELE,0.0
2024-08-09,Gas,17644.41
2024-08-09,Geothermal,25777.69
2024-08-09,HYD,0.0
2024-08-09,Hydro,57880.269
2024-08-09,Liquid fuel,1487.045
2024-08-09,Solar,250.679
2024-08-09,Wind,8116.989
2024-08-09,Wood,793.029
2024-08-10,Coal,9855.54
2024-08-10,ELE,0.0
2024-08-10,Gas,18054.948
2024-08-10,Geothermal,25621.256
2024-08-10,HYD,0.0
2024-08-10,Hydro,53013.448
2024-08-10,Liquid fuel,1510.736
2024-08-10,Solar,250.599
2024-08-10,Wind,5701.991
2024-08-10,Wood,786.17
2024-08-11,Coal,10027.908
2024-08-11,ELE,0.0
2024-08-11,Gas,17132.56
2024-08-11,Geothermal,25749.606
2024-08-11,HYD,0.0
2024-08-11,Hydro,43193.789
2024-08-11,Liquid fuel,1459.553
2024-08-11,Solar,279.427
2024-08-11,Wind,12065.589
2024-08-11,Wood,458.992
2024-08-12,Coal,11782.852
2024-08-12,ELE,0.0
2024-08-12,Gas,15784.448
2024-08-12,Geothermal,25149.96
2024-08-12,HYD,0.0
2024-08-12,Hydro,47792.252
2024-08-12,Liquid fuel,1561.05
2024-08-12,Solar,182.321
2024-08-12,Wind,19917.652
2024-08-12,Wood,336.864
2024-08-13,Coal,13675.689
2024-08-13,ELE,0.0
2024-08-13,Gas,17368.39
2024-08-13,Geothermal,25791.693
2024-08-13,HYD,0.0
2024-08-13,Hydro,57089.576
2024-08-13,Liquid fuel,1517.137
2024-08-13,Solar,305.912
2024-08-13,Wind,7598.031
2024-08-13,Wood,371.237
2024-08-14,Coal,13350.059
2024-08-14,ELE,0.0
2024-08-14,Gas,20782.39
2024-08-14,Geothermal,25855.636
2024-08-14,HYD,0.0
2024-08-14,Hydro,56160.756
2024-08-14,Liquid fuel,958.259
2024-08-14,Solar,327.891
2024-08-14,Wind,7060.744
2024-08-14,Wood,133.164
2024-08-15,Coal,11579.96
2024-08-15,ELE,0.0
2024-08-15,Gas,21288.252
2024-08-15,Geothermal,26009.713
2024-08-15,HYD,0.0
2024-08-15,Hydro,46496.977
2024-08-15,Liquid fuel,0.0
2024-08-15,Solar,148.742
2024-08-15,Wind,19160.881
2024-08-15,Wood,325.222
2024-08-16,Coal,9455.316
2024-08-16,ELE,0.0
2024-08-16,Gas,21008.094
2024-08-16,Geothermal,25790.271
2024-08-16,HYD,0.0
2024-08-16,Hydro,45392.843
2024-08-16,Liquid fuel,0.0
2024-08-16,Solar,174.8
2024-08-16,Wind,16080.715
2024-08-16,Wood,620.86
2024-08-17,Coal,4776.596
2024-08-17,ELE,0.0
2024-08-17,Gas,20518.081
2024-08-17,Geothermal,25580.564
2024-08-17,HYD,0.0
2024-08-17,Hydro,46548.384
2024-08-17,Liquid fuel,0.0
2024-08-17,Solar,74.06
2024-08-17,Wind,12654.4
2024-08-17,Wood,707.497
2024-08-18,Coal,3473.13
2024-08-18,ELE,0.0
2024-08-18,Gas,19152.414
2024-08-18,Geothermal,23850.573
2024-08-18,HYD,0.0
2024-08-18,Hydro,46082.924
2024-08-18,Liquid fuel,0.0
2024-08-18,Solar,168.062
2024-08-18,Wind,17971.392
2024-08-18,Wood,820.576
2024-08-19,Coal,8647.108
2024-08-19,ELE,0.0
2024-08-19,Gas,21416.627
2024-08-19,Geothermal,25705.868
2024-08-19,HYD,0.0
2024-08-19,Hydro,54731.128
2024-08-19,Liquid fuel,0.0
2024-08-19,Solar,251.358
2024-08-19,Wind,15501.637
2024-08-19,Wood,817.394
2024-08-20,Coal,10853.672
2024-08-20,ELE,0.0
2024-08-20,Gas,21575.436
2024-08-20,Geothermal,26002.182
2024-08-20,HYD,0.0
2024-08-20,Hydro,62282.405
2024-08-20,Liquid fuel,179.05
2024-08-20,Solar,274.09
2024-08-20,Wind,5112.279
2024-08-20,Wood,827.921
2024-08-21,Coal,11883.146
2024-08-21,ELE,0.0
2024-08-21,Gas,21711.466
2024-08-21,Geothermal,26220.729
2024-08-21,HYD,0.0
2024-08-21,Hydro,59028.004
2024-08-21,Liquid fuel,0.0
2024-08-21,Solar,328.883
2024-08-21,Wind,3888.556
2024-08-21,Wood,829.924
2024-08-22,Coal,11434.284
2024-08-22,ELE,0.0
2024-08-22,Gas,20136.293
2024-08-22,Geothermal,26260.737
2024-08-22,HYD,0.0
2024-08-22,Hydro,50106.861
2024-08-22,Liquid fuel,0.0
2024-08-22,Solar,308.281
2024-08-22,Wind,12105.909
2024-08-22,Wood,843.991
2024-08-23,Coal,5764.601
2024-08-23,ELE,0.0
2024-08-23,Gas,18809.357
2024-08-23,Geothermal,26190.68
2024-08-23,HYD,0.0
2024-08-23,Hydro,46145.415
2024-08-23,Liquid fuel,0.0
2024-08-23,Solar,188.615
2024-08-23,Wind,19532.823
2024-08-23,Wood,826.394
2024-08-24,Coal,3688.813
2024-08-24,ELE,0.0
2024-08-24,Gas,16734.662
2024-08-24,Geothermal,26138.061
2024-08-24,HYD,0.0
2024-08-24,Hydro,38771.968
2024-08-24,Liquid fuel,0.0
2024-08-24,Solar,204.342
2024-08-24,Wind,18532.628
2024-08-24,Wood,821.428
2024-08-25,Coal,4486.388
2024-08-25,ELE,0.0
2024-08-25,Gas,19219.259
2024-08-25,Geothermal,26350.377
2024-08-25,HYD,0.0
2024-08-25,Hydro,36832.833
2024-08-25,Liquid fuel,0.0
2024-08-25,Solar,305.664
2024-08-25,Wind,17806.74
2024-08-25,Wood,828.103
2024-08-26,Coal,8531.564
2024-08-26,ELE,0.0
2024-08-26,Gas,18069.589
2024-08-26,Geothermal,25959.111
2024-08-26,HYD,0.0
2024-08-26,Hydro,49082.655
2024-08-26,Liquid fuel,0.0
2024-08-26,Solar,270.58
2024-08-26,Wind,14917.448
2024-08-26,Wood,787.001
2024-08-27,Coal,10892.54
2024-08-27,ELE,0.0
2024-08-27,Gas,9435.323
2024-08-27,Geothermal,25890.068
2024-08-27,HYD,0.0
2024-08-27,Hydro,49028.703
2024-08-27,Liquid fuel,0.0
2024-08-27,Solar,188.696
2024-08-27,Wind,17744.444
2024-08-27,Wood,797.993
2024-08-28,Coal,3730.559
2024-08-28,ELE,0.0
2024-08-28,Gas,12082.155
2024-08-28,Geothermal,26190.638
2024-08-28,HYD,0.0
2024-08-28,Hydro,53185.994
2024-08-28,Liquid fuel,0.0
2024-08-28,Solar,202.426
2024-08-28,Wind,15593.913
2024-08-28,Wood,806.841
2024-08-29,Coal,2108.191
2024-08-29,ELE,0.0
2024-08-29,Gas,12634.896
2024-08-29,Geothermal,26007.815
2024-08-29,HYD,0.0
2024-08-29,Hydro,53362.308
2024-08-29,Liquid fuel,0.0
2024-08-29,Solar,94.404
2024-08-29,Wind,19083.324
2024-08-29,Wood,518.743
2024-08-30,Coal,947.236
2024-08-30,ELE,0.0
2024-08-30,Gas,10820.234
2024-08-30,Geothermal,26267.259
2024-08-30,HYD,0.0
2024-08-30,Hydro,52931.725
2024-08-30,Liquid fuel,0.0
2024-08-30,Solar,301.345
2024-08-30,Wind,18717.582
2024-08-30,Wood,672.774
2024-08-31,Coal,2163.202
2024-08-31,ELE,0.0
2024-08-31,Gas,9376.681
2024-08-31,Geothermal,26029.812
2024-08-31,HYD,0.0
2024-08-31,Hydro,49874.846
2024-08-31,Liquid fuel,0.0
2024-08-31,Solar,151.91
2024-08-31,Wind,14844.827
2024-08-31,Wood,744.936
2024-09-01,Coal,3374.641
2024-09-01,ELE,0.0
2024-09-01,Gas,7378.449
2024-09-01,Geothermal,25926.328
2024-09-01,HYD,0.0
2024-09-01,Hydro,45738.734
2024-09-01,Liquid fuel,0.0
2024-09-01,Solar,267.436
2024-09-01,Wind,14714.663
2024-09-01,Wood,800.157
2024-09-02,Coal,2799.16
2024-09-02,ELE,0.0
2024-09-02,Gas,8051.464
2024-09-02,Geothermal,25947.138
2024-09-02,HYD,0.0
2024-09-02,Hydro,55721.029
2024-09-02,Liquid fuel,0.0
2024-09-02,Solar,243.16
2024-09-02,Wind,14746.125
2024-09-02,Wood,811.577
2024-09-03,Coal,2194.642
2024-09-03,ELE,0.0
2024-09-03,Gas,7904.078
2024-09-03,Geothermal,25237.736
2024-09-03,HYD,0.0
2024-09-03,Hydro,58374.344
2024-09-03,Liquid fuel,0.0
2024-09-03,Solar,149.323
2024-09-03,Wind,16729.907
2024-09-03,Wood,811.798
2024-09-04,Coal,1982.013
2024-09-04,ELE,0.0
2024-09-04,Gas,8571.29
2024-09-04,Geothermal,26063.691
2024-09-04,HYD,0.0
2024-09-04,Hydro,66774.034
2024-09-04,Liquid fuel,0.0
2024-09-04,Solar,312.799
2024-09-04,Wind,9733.407
2024-09-04,Wood,296.623
2024-09-05,Coal,2624.404
2024-09-05,ELE,0.0
2024-09-05,Gas,9785.3
2024-09-05,Geothermal,26408.451
2024-09-05,HYD,0.0
2024-09-05,Hydro,70720.697
2024-09-05,Liquid fuel,0.0
2024-09-05,Solar,336.546
2024-09-05,Wind,4318.623
2024-09-05,Wood,452.736
2024-09-06,Coal,2617.1
2024-09-06,ELE,0.0
2024-09-06,Gas,7503.937
2024-09-06,Geothermal,26401.979
2024-09-06,HYD,0.0
2024-09-06,Hydro,60203.608
2024-09-06,Liquid fuel,0.0
2024-09-06,Solar,349.083
2024-09-06,Wind,15519.227
2024-09-06,Wood,684.437
2024-09-07,Coal,1328.649
2024-09-07,ELE,0.0
2024-09-07,Gas,8810.137
2024-09-07,Geothermal,26146.83
2024-09-07,HYD,0.0
2024-09-07,Hydro,46138.958
2024-09-07,Liquid fuel,0.0
2024-09-07,Solar,194.315
2024-09-07,Wind,19079.817
2024-09-07,Wood,753.311
2024-09-08,Coal,1383.052
2024-09-08,ELE,0.0
2024-09-08,Gas,7915.948
2024-09-08,Geothermal,26321.325
2024-09-08,HYD,0.0
2024-09-08,Hydro,49141.302
2024-09-08,Liquid fuel,0.0
2024-09-08,Solar,331.771
2024-09-08,Wind,14976.043
2024-09-08,Wood,756.612
2024-09-09,Coal,1694.792
2024-09-09,ELE,0.0
2024-09-09,Gas,8208.725
2024-09-09,Geothermal,26445.379
2024-09-09,HYD,0.0
2024-09-09,Hydro,56117.957
2024-09-09,Liquid fuel,0.0
2024-09-09,Solar,306.944
2024-09-09,Wind,18374.496
2024-09-09,Wood,769.889
2024-09-10,Coal,1636.979
2024-09-10,ELE,0.0
2024-09-10,Gas,8329.33
2024-09-10,Geothermal,25542.021
2024-09-10,HYD,0.0
2024-09-10,Hydro,55907.27
2024-09-10,Liquid fuel,0.0
2024-09-10,Solar,164.599
2024-09-10,Wind,20128.766
2024-09-10,Wood,845.415
2024-09-11,Coal,3345.747
2024-09-11,ELE,0.0
2024-09-11,Gas,8849.556
2024-09-11,Geothermal,25987.7
2024-09-11,HYD,0.0
2024-09-11,Hydro,65262.827
2024-09-11,Liquid fuel,0.0
2024-09-11,Solar,403.956
2024-09-11,Wind,8946.837
2024-09-11,Wood,779.574
2024-09-12,Coal,2416.879
2024-09-12,ELE,0.0
2024-09-12,Gas,9078.431
2024-09-12,Geothermal,26455.588
2024-09-12,HYD,0.0
2024-09-12,Hydro,61726.208
2024-09-12,Liquid fuel,0.0
2024-09-12,Solar,395.998
2024-09-12,Wind,17013.162
2024-09-12,Wood,746.734
2024-09-13,Coal,2550.238
2024-09-13,ELE,0.0
2024-09-13,Gas,8824.977
2024-09-13,Geothermal,26726.152
2024-09-13,HYD,0.0
2024-09-13,Hydro,61165.764
2024-09-13,Liquid fuel,0.0
2024-09-13,Solar,203.488
2024-09-13,Wind,17324.708
2024-09-13,Wood,680.372
2024-09-14,Coal,1553.937
2024-09-14,ELE,0.0
2024-09-14,Gas,8645.234
2024-09-14,Geothermal,25572.276
2024-09-14,HYD,0.0
2024-09-14,Hydro,63203.947
2024-09-14,Liquid fuel,0.0
2024-09-14,Solar,128.166
2024-09-14,Wind,7152.289
2024-09-14,Wood,757.09
2024-09-15,Coal,2534.844
2024-09-15,ELE,0.0
2024-09-15,Gas,7222.218
2024-09-15,Geothermal,26200.793
2024-09-15,HYD,0.0
2024-09-15,Hydro,63350.254
2024-09-15,Liquid fuel,0.0
2024-09-15,Solar,314.805
2024-09-15,Wind,3905.188
2024-09-15,Wood,768.63
2024-09-16,Coal,3775.514
2024-09-16,ELE,0.0
2024-09-16,Gas,8548.479
2024-09-16,Geothermal,26280.02
2024-09-16,HYD,0.0
2024-09-16,Hydro,67422.305
2024-09-16,Liquid fuel,0.0
2024-09-16,Solar,159.675
2024-09-16,Wind,11837.989
2024-09-16,Wood,801.693
2024-09-17,Coal,5910.853
2024-09-17,ELE,0.0
2024-09-17,Gas,7517.178
2024-09-17,Geothermal,26429.492
2024-09-17,HYD,0.0
2024-09-17,Hydro,75871.859
2024-09-17,Liquid fuel,90.629
2024-09-17,Solar,241.95
2024-09-17,Wind,11461.801
2024-09-17,Wood,823.029
2024-09-18,Coal,6210.922
2024-09-18,ELE,0.0
2024-09-18,Gas,8144.142
2024-09-18,Geothermal,26200.832
2024-09-18,HYD,0.0
2024-09-18,Hydro,70410.339
2024-09-18,Liquid fuel,50.292
2024-09-18,Solar,384.32
2024-09-18,Wind,10972.75
2024-09-18,Wood,833.772
2024-09-19,Coal,3355.793
2024-09-19,ELE,0.0
2024-09-19,Gas,6631.914
2024-09-19,Geothermal,26205.383
2024-09-19,HYD,0.0
2024-09-19,Hydro,59202.054
2024-09-19,Liquid fuel,0.0
2024-09-19,Solar,257.614
2024-09-19,Wind,21481.914
2024-09-19,Wood,657.026
2024-09-20,Coal,2936.682
2024-09-20,ELE,0.0
2024-09-20,Gas,6434.353
2024-09-20,Geothermal,26324.138
2024-09-20,HYD,0.0
2024-09-20,Hydro,61203.944
2024-09-20,Liquid fuel,0.0
2024-09-20,Solar,170.976
2024-09-20,Wind,18922.128
2024-09-20,Wood,696.257
2024-09-21,Coal,2532.801
2024-09-21,ELE,0.0
2024-09-21,Gas,7042.333
2024-09-21,Geothermal,26489.259
2024-09-21,HYD,0.0
2024-09-21,Hydro,53943.616
2024-09-21,Liquid fuel,0.0
2024-09-21,Solar,388.12
2024-09-21,Wind,11867.987
2024-09-21,Wood,743.968
2024-09-22,Coal,2546.963
2024-09-22,ELE,0.0
2024-09-22,Gas,5240.791
2024-09-22,Geothermal,24780.587
2024-09-22,HYD,0.0
2024-09-22,Hydro,50171.249
2024-09-22,Liquid fuel,0.0
2024-09-22,Solar,364.74
2024-09-22,Wind,16240.296
2024-09-22,Wood,555.387
2024-09-23,Coal,2323.869
2024-09-23,ELE,0.0
2024-09-23,Gas,7344.838
2024-09-23,Geothermal,24023.936
2024-09-23,HYD,0.0
2024-09-23,Hydro,56487.116
2024-09-23,Liquid fuel,0.0
2024-09-23,Solar,361.792
2024-09-23,Wind,17745.879
2024-09-23,Wood,514.735
2024-09-24,Coal,2240.322
2024-09-24,ELE,0.0
2024-09-24,Gas,8012.874
2024-09-24,Geothermal,23757.705
2024-09-24,HYD,0.0
2024-09-24,Hydro,58718.978
2024-09-24,Liquid fuel,0.0
2024-09-24,Solar,296.245
2024-09-24,Wind,16824.135
2024-09-24,Wood,742.876
2024-09-25,Coal,2731.375
2024-09-25,ELE,0.0
2024-09-25,Gas,9815.829
2024-09-25,Geothermal,22447.801
2024-09-25,HYD,0.0
2024-09-25,Hydro,68511.713
2024-09-25,Liquid fuel,0.0
2024-09-25,Solar,424.083
2024-09-25,Wind,6606.805
2024-09-25,Wood,756.178
2024-09-26,ELE,0.0
2024-09-26,Gas,8825.404
2024-09-26,Geothermal,23939.758
2024-09-26,HYD,0.0
2024-09-26,Hydro,60433.791
2024-09-26,Liquid fuel,0.0
2024-09-26,Solar,362.007
2024-09-26,Wind,19308.43
2024-09-26,Wood,304.364
2024-09-27,Coal,4015.072
2024-09-27,ELE,0.0
2024-09-27,Gas,8092.083
2024-09-27,Geothermal,22235.89
2024-09-27,HYD,0.0
2024-09-27,Hydro,69684.723
2024-09-27,Liquid fuel,0.0
2024-09-27,Solar,134.707
2024-09-27,Wind,9373.288
2024-09-27,Wood,317.67
2024-09-28,Coal,2485.368
2024-09-28,ELE,0.0
2024-09-28,Gas,8332.706
2024-09-28,Geothermal,20707.331
2024-09-28,HYD,0.0
2024-09-28,Hydro,59278.673
2024-09-28,Liquid fuel,0.0
2024-09-28,Solar,444.156
2024-09-28,Wind,12440.35
2024-09-28,Wood,668.162
2024-09-29,Coal,1773.395
2024-09-29,ELE,0.0
2024-09-29,Gas,8064.769
2024-09-29,Geothermal,18856.641
2024-09-29,HYD,0.0
2024-09-29,Hydro,56447.674
2024-09-29,Liquid fuel,0.0
2024-09-29,Solar,385.69
2024-09-29,Wind,11016.134
2024-09-29,Wood,585.61
2024-09-30,Coal,2618.534
2024-09-30,ELE,0.0
2024-09-30,Gas,9719.356
2024-09-30,Geothermal,19595.831
2024-09-30,HYD,0.0
2024-09-30,Hydro,73097.458
2024-09-30,Liquid fuel,0.0
2024-09-30,Solar,423.09
2024-09-30,Wind,3333.31
2024-09-30,Wood,718.012
2024-10-01,Coal,144.508
2024-10-01,ELE,0.0
2024-10-01,Gas,8493.603
2024-10-01,Geothermal,19039.177
2024-10-01,HYD,0.0
2024-10-01,Hydro,67035.488
2024-10-01,Liquid fuel,0.0
2024-10-01,Solar,253.86
2024-10-01,Wind,14863.794
2024-10-01,Wood,761.573
2024-10-02,Coal,794.94
2024-10-02,ELE,0.0
2024-10-02,Gas,8608.853
2024-10-02,Geothermal,18836.597
2024-10-02,HYD,0.0
2024-10-02,Hydro,69398.028
2024-10-02,Liquid fuel,0.0
2024-10-02,Solar,186.24
2024-10-02,Wind,14345.416
2024-10-02,Wood,777.811
2024-10-03,Coal,688.387
2024-10-03,ELE,0.0
2024-10-03,Gas,8324.692
2024-10-03,Geothermal,18774.88
2024-10-03,HYD,0.0
2024-10-03,Hydro,76367.294
2024-10-03,Liquid fuel,0.0
2024-10-03,Solar,280.615
2024-10-03,Wind,8352.417
2024-10-03,Wood,782.525
2024-10-04,ELE,0.0
2024-10-04,Gas,8863.895
2024-10-04,Geothermal,19197.042
2024-10-04,HYD,0.0
2024-10-04,Hydro,78443.137
2024-10-04,Liquid fuel,0.0
2024-10-04,Solar,336.153
2024-10-04,Wind,1718.076
2024-10-04,Wood,816.112
2024-10-05,ELE,0.0
2024-10-05,Gas,8789.65
2024-10-05,Geothermal,19252.987
2024-10-05,HYD,0.0
2024-10-05,Hydro,62789.112
2024-10-05,Liquid fuel,0.0
2024-10-05,Solar,385.408
2024-10-05,Wind,7150.295
2024-10-05,Wood,696.919
2024-10-06,Coal,1245.186
2024-10-06,ELE,0.0
2024-10-06,Gas,6815.325
2024-10-06,Geothermal,19074.059
2024-10-06,HYD,0.0
2024-10-06,Hydro,51080.153
2024-10-06,Liquid fuel,0.0
2024-10-06,Solar,323.532
2024-10-06,Wind,18576.866
2024-10-06,Wood,748.801
2024-10-07,Coal,247.325
2024-10-07,ELE,0.0
2024-10-07,Gas,9308.47
2024-10-07,Geothermal,18802.008
2024-10-07,HYD,0.0
2024-10-07,Hydro,58448.36
2024-10-07,Liquid fuel,0.0
2024-10-07,Solar,284.975
2024-10-07,Wind,19402.527
2024-10-07,Wood,764.275
2024-10-08,ELE,0.0
2024-10-08,Gas,8928.691
2024-10-08,Geothermal,18398.67
2024-10-08,HYD,0.0
2024-10-08,Hydro,56951.309
2024-10-08,Liquid fuel,0.0
2024-10-08,Solar,418.513
2024-10-08,Wind,21628.909
2024-10-08,Wood,803.229
2024-10-09,ELE,0.0
2024-10-09,Gas,9233.874
2024-10-09,Geothermal,18481.114
2024-10-09,HYD,0.0
2024-10-09,Hydro,60818.364
2024-10-09,Liquid fuel,0.0
2024-10-09,Solar,213.522
2024-10-09,Wind,20670.003
2024-10-09,Wood,693.18
2024-10-10,ELE,0.0
2024-10-10,Gas,9317.813
2024-10-10,Geothermal,19469.989
2024-10-10,HYD,0.0
2024-10-10,Hydro,74986.6
2024-10-10,Liquid fuel,0.0
2024-10-10,Solar,439.725
2024-10-10,Wind,6877.977
2024-10-10,Wood,627.146
2024-10-11,Coal,1502.788
2024-10-11,ELE,0.0
2024-10-11,Gas,7424.054
2024-10-11,Geothermal,20399.426
2024-10-11,HYD,0.0
2024-10-11,Hydro,73266.856
2024-10-11,Liquid fuel,0.0
2024-10-11,Solar,367.026
2024-10-11,Wind,5677.927
2024-10-11,Wood,700.669
2024-10-12,ELE,0.0
2024-10-12,Gas,7812.818
2024-10-12,Geothermal,20465.744
2024-10-12,HYD,0.0
2024-10-12,Hydro,56913.315
2024-10-12,Liquid fuel,0.0
2024-10-12,Solar,389.757
2024-10-12,Wind,14129.108
2024-10-12,Wood,754.554
2024-10-13,ELE,0.0
2024-10-13,Gas,9239.675
2024-10-13,Geothermal,20626.352
2024-10-13,HYD,0.0
2024-10-13,Hydro,60782.458
2024-10-13,Liquid fuel,0.0
2024-10-13,Solar,287.926
2024-10-13,Wind,9835.457
2024-10-13,Wood,793.975
2024-10-14,Coal,2073.865
2024-10-14,ELE,0.0
2024-10-14,Gas,9607.295
2024-10-14,Geothermal,20006.77
2024-10-14,HYD,0.0
2024-10-14,Hydro,70360.669
2024-10-14,Liquid fuel,0.0
2024-10-14,Solar,291.937
2024-10-14,Wind,9109.655
2024-10-14,Wood,755.751
2024-10-15,Coal,1112.101
2024-10-15,ELE,0.0
2024-10-15,Gas,9079.182
2024-10-15,Geothermal,20359.523
2024-10-15,HYD,0.0
2024-10-15,Hydro,72884.393
2024-10-15,Liquid fuel,0.0
2024-10-15,Solar,356.783
2024-10-15,Wind,10631.08
2024-10-15,Wood,685.005
2024-10-16,Coal,821.646
2024-10-16,ELE,0.0
2024-10-16,Gas,9357.678
2024-10-16,Geothermal,21235.386
2024-10-16,HYD,0.0
2024-10-16,Hydro,75802.615
2024-10-16,Liquid fuel,0.0
2024-10-16,Solar,394.577
2024-10-16,Wind,4785.186
2024-10-16,Wood,330.391
2024-10-17,Coal,1783.538
2024-10-17,ELE,0.0
2024-10-17,Gas,9144.974
2024-10-17,Geothermal,21381.63
2024-10-17,HYD,0.0
2024-10-17,Hydro,76218.371
2024-10-17,Liquid fuel,0.0
2024-10-17,Solar,353.364
2024-10-17,Wind,1949.001
2024-10-17,Wood,262.837
2024-10-18,Coal,4.792
2024-10-18,ELE,0.0
2024-10-18,Gas,9714.084
2024-10-18,Geothermal,21364.615
2024-10-18,HYD,0.0
2024-10-18,Hydro,73422.958
2024-10-18,Liquid fuel,0.0
2024-10-18,Solar,365.601
2024-10-18,Wind,3351.681
2024-10-18,Wood,484.921
2024-10-19,ELE,0.0
2024-10-19,Gas,10232.336
2024-10-19,Geothermal,21408.374
2024-10-19,HYD,0.0
2024-10-19,Hydro,64351.209
2024-10-19,Liquid fuel,0.0
2024-10-19,Solar,362.657
2024-10-19,Wind,1746.046
2024-10-19,Wood,786.905
2024-10-20,ELE,0.0
2024-10-20,Gas,10642.762
2024-10-20,Geothermal,21309.204
2024-10-20,HYD,0.0
2024-10-20,Hydro,61587.13
2024-10-20,Liquid fuel,0.0
2024-10-20,Solar,361.562
2024-10-20,Wind,1716.177
2024-10-20,Wood,806.976
2024-10-21,ELE,0.0
2024-10-21,Gas,10700.598
2024-10-21,Geothermal,21138.568
2024-10-21,HYD,0.0
2024-10-21,Hydro,66075.941
2024-10-21,Liquid fuel,0.0
2024-10-21,Solar,435.641
2024-10-21,Wind,7562.469
2024-10-21,Wood,814.397
2024-10-22,ELE,0.0
2024-10-22,Gas,11402.513
2024-10-22,Geothermal,21016.403
2024-10-22,HYD,0.0
2024-10-22,Hydro,70102.205
2024-10-22,Liquid fuel,0.0
2024-10-22,Solar,449.257
2024-10-22,Wind,3489.672
2024-10-22,Wood,773.08
2024-10-23,ELE,0.0
2024-10-23,Gas,9333.214
2024-10-23,Geothermal,21184.793
2024-10-23,HYD,0.0
2024-10-23,Hydro,61733.263
2024-10-23,Liquid fuel,0.0
2024-10-23,Solar,448.53
2024-10-23,Wind,14391.128
2024-10-23,Wood,633.011
2024-10-24,ELE,0.0
2024-10-24,Gas,8293.736
2024-10-24,Geothermal,21298.063
2024-10-24,HYD,0.0
2024-10-24,Hydro,55799.422
2024-10-24,Liquid fuel,0.0
2024-10-24,Solar,328.954
2024-10-24,Wind,20337.893
2024-10-24,Wood,680.142
2024-10-25,ELE,0.0
2024-10-25,Gas,7699.558
2024-10-25,Geothermal,20461.652
2024-10-25,HYD,0.0
2024-10-25,Hydro,55797.477
2024-10-25,Liquid fuel,0.0
2024-10-25,Solar,340.385
2024-10-25,Wind,19685.854
2024-10-25,Wood,719.059
2024-10-26,ELE,0.0
2024-10-26,Gas,8007.825
2024-10-26,Geothermal,20719.928
2024-10-26,HYD,0.0
2024-10-26,Hydro,55222.668
2024-10-26,Liquid fuel,0.0
2024-10-26,Solar,168.194
2024-10-26,Wind,14778.491
2024-10-26,Wood,748.068
2024-10-27,ELE,0.0
2024-10-27,Gas,7096.929
2024-10-27,Geothermal,21435.62
2024-10-27,HYD,0.0
2024-10-27,Hydro,51614.314
2024-10-27,Liquid fuel,0.0
2024-10-27,Solar,461.904
2024-10-27,Wind,12544.25
2024-10-27,Wood,774.864
2024-10-28,ELE,0.0
2024-10-28,Gas,9081.82
2024-10-28,Geothermal,21586.102
2024-10-28,HYD,0.0
2024-10-28,Hydro,48313.629
2024-10-28,Liquid fuel,0.0
2024-10-28,Solar,366.087
2024-10-28,Wind,16839.673
2024-10-28,Wood,866.35
2024-10-29,ELE,0.0
2024-10-29,Gas,11143.297
2024-10-29,Geothermal,22432.175
2024-10-29,HYD,0.0
2024-10-29,Hydro,55531.532
2024-10-29,Liquid fuel,0.0
2024-10-29,Solar,388.556
2024-10-29,Wind,16847.023
2024-10-29,Wood,840.155
2024-10-30,ELE,0.0
2024-10-30,Gas,11400.033
2024-10-30,Geothermal,20592.646
2024-10-30,HYD,0.0
2024-10-30,Hydro,64816.123
2024-10-30,Liquid fuel,0.0
2024-10-30,Solar,311.404
2024-10-30,Wind,10523.233
2024-10-30,Wood,804.112
2024-10-31,ELE,0.0
2024-10-31,Gas,7887.189
2024-10-31,Geothermal,20116.093
2024-10-31,HYD,0.0
2024-10-31,Hydro,59264.391
2024-10-31,Liquid fuel,0.0
2024-10-31,Solar,367.167
2024-10-31,Wind,18254.875
2024-10-31,Wood,775.92
2024-11-01,Coal,2476.078
2024-11-01,ELE,0.0
2024-11-01,Gas,2329.383
2024-11-01,Geothermal,21550.968
2024-11-01,HYD,0.0
2024-11-01,Hydro,59515.615
2024-11-01,Liquid fuel,0.0
2024-11-01,Solar,441.805
2024-11-01,Wind,18611.457
2024-11-01,Wood,765.283
2024-11-02,Coal,2058.278
2024-11-02,ELE,0.0
2024-11-02,Gas,2055.794
2024-11-02,Geothermal,22175.026
2024-11-02,HYD,0.0
2024-11-02,Hydro,50218.953
2024-11-02,Liquid fuel,0.0
2024-11-02,Solar,403.189
2024-11-02,Wind,20097.382
2024-11-02,Wood,705.695
2024-11-03,Coal,1253.469
2024-11-03,ELE,0.0
2024-11-03,Gas,1838.844
2024-11-03,Geothermal,22678.131
2024-11-03,HYD,0.0
2024-11-03,Hydro,60577.046
2024-11-03,Liquid fuel,0.0
2024-11-03,Solar,332.498
2024-11-03,Wind,10421.932
2024-11-03,Wood,715.048
2024-11-04,Coal,1593.711
2024-11-04,ELE,0.0
2024-11-04,Gas,2139.09
2024-11-04,Geothermal,21898.581
2024-11-04,HYD,0.0
2024-11-04,Hydro,70607.551
2024-11-04,Liquid fuel,0.0
2024-11-04,Solar,491.566
2024-11-04,Wind,11583.043
2024-11-04,Wood,730.345
2024-11-05,Coal,2304.213
2024-11-05,ELE,0.0
2024-11-05,Gas,2347.062
2024-11-05,Geothermal,21530.726
2024-11-05,HYD,0.0
2024-11-05,Hydro,69325.22
2024-11-05,Liquid fuel,0.0
2024-11-05,Solar,510.717
2024-11-05,Wind,13047.314
2024-11-05,Wood,710.822
2024-11-06,Coal,3068.404
2024-11-06,ELE,0.0
2024-11-06,Gas,4288.321
2024-11-06,Geothermal,21106.829
2024-11-06,HYD,0.0
2024-11-06,Hydro,78848.914
2024-11-06,Liquid fuel,0.0
2024-11-06,Solar,356.977
2024-11-06,Wind,1427.094
2024-11-06,Wood,568.018
2024-11-07,Coal,2568.311
2024-11-07,ELE,0.0
2024-11-07,Gas,2677.423
2024-11-07,Geothermal,21100.876
2024-11-07,HYD,0.0
2024-11-07,Hydro,75517.039
2024-11-07,Liquid fuel,0.0
2024-11-07,Solar,234.354
2024-11-07,Wind,6465.836
2024-11-07,Wood,783.851
2024-11-08,Coal,1139.702
2024-11-08,ELE,0.0
2024-11-08,Gas,1628.865
2024-11-08,Geothermal,21022.272
2024-11-08,HYD,0.0
2024-11-08,Hydro,66812.632
2024-11-08,Liquid fuel,0.0
2024-11-08,Solar,359.379
2024-11-08,Wind,17213.787
2024-11-08,Wood,821.295
2024-11-09,ELE,0.0
2024-11-09,Gas,2243.053
2024-11-09,Geothermal,21019.807
2024-11-09,HYD,0.0
2024-11-09,Hydro,57137.516
2024-11-09,Liquid fuel,0.0
2024-11-09,Solar,350.418
2024-11-09,Wind,19083.516
2024-11-09,Wood,808.046
2024-11-10,ELE,0.0
2024-11-10,Gas,2166.441
2024-11-10,Geothermal,20749.329
2024-11-10,HYD,0.0
2024-11-10,Hydro,65202.812
2024-11-10,Liquid fuel,0.0
2024-11-10,Solar,306.928
2024-11-10,Wind,10789.26
2024-11-10,Wood,659.42
2024-11-11,ELE,0.0
2024-11-11,Gas,4281.641
2024-11-11,Geothermal,20339.609
2024-11-11,HYD,0.0
2024-11-11,Hydro,69873.147
2024-11-11,Liquid fuel,0.0
2024-11-11,Solar,193.67
2024-11-11,Wind,13944.021
2024-11-11,Wood,643.519
2024-11-12,Coal,1900.604
2024-11-12,ELE,0.0
2024-11-12,Gas,3832.925
2024-11-12,Geothermal,20749.185
2024-11-12,HYD,0.0
2024-11-12,Hydro,77403.688
2024-11-12,Liquid fuel,0.0
2024-11-12,Solar,226.005
2024-11-12,Wind,5344.517
2024-11-12,Wood,720.868
2024-11-13,Coal,840.781
2024-11-13,ELE,0.0
2024-11-13,Gas,3562.321
2024-11-13,Geothermal,20525.593
2024-11-13,HYD,0.0
2024-11-13,Hydro,82236.026
2024-11-13,Liquid fuel,0.0
2024-11-13,Solar,168.198
2024-11-13,Wind,2981.538
2024-11-13,Wood,341.221
2024-11-14,Coal,786.313
2024-11-14,ELE,0.0
2024-11-14,Gas,4031.332
2024-11-14,Geothermal,20844.851
2024-11-14,HYD,0.0
2024-11-14,Hydro,77208.225
2024-11-14,Liquid fuel,22.008
2024-11-14,Solar,154.544
2024-11-14,Wind,7921.356
2024-11-14,Wood,558.965
2024-11-15,Coal,842.722
2024-11-15,ELE,0.0
2024-11-15,Gas,2482.375
2024-11-15,Geothermal,21754.09
2024-11-15,HYD,0.0
2024-11-15,Hydro,68849.988
2024-11-15,Liquid fuel,0.0
2024-11-15,Solar,166.105
2024-11-15,Wind,15351.693
2024-11-15,Wood,810.224
2024-11-16,ELE,0.0
2024-11-16,Gas,2240.284
2024-11-16,Geothermal,24178.636
2024-11-16,HYD,0.0
2024-11-16,Hydro,56087.482
2024-11-16,Liquid fuel,0.0
2024-11-16,Solar,448.844
2024-11-16,Wind,15326.286
2024-11-16,Wood,768.056
2024-11-17,ELE,0.0
2024-11-17,Gas,2237.171
2024-11-17,Geothermal,24662.002
2024-11-17,HYD,0.0
2024-11-17,Hydro,60929.768
2024-11-17,Liquid fuel,0.0
2024-11-17,Solar,369.065
2024-11-17,Wind,8272.501
2024-11-17,Wood,805.085
2024-11-18,ELE,0.0
2024-11-18,Gas,2576.192
2024-11-18,Geothermal,24295.09
2024-11-18,HYD,0.0
2024-11-18,Hydro,73481.014
2024-11-18,Liquid fuel,0.0
2024-11-18,Solar,468.317
2024-11-18,Wind,5243.289
2024-11-18,Wood,787.393
2024-11-19,ELE,0.0
2024-11-19,Gas,2680.226
2024-11-19,Geothermal,23744.227
2024-11-19,HYD,0.0
2024-11-19,Hydro,73414.511
2024-11-19,Liquid fuel,0.0
2024-11-19,Solar,500.859
2024-11-19,Wind,6784.407
2024-11-19,Wood,749.181
2024-11-20,ELE,0.0
2024-11-20,Gas,2725.872
2024-11-20,Geothermal,21003.83
2024-11-20,HYD,0.0
2024-11-20,Hydro,67360.013
2024-11-20,Liquid fuel,0.0
2024-11-20,Solar,374.01
2024-11-20,Wind,17934.789
2024-11-20,Wood,622.387
2024-11-21,ELE,4.886
2024-11-21,Gas,2471.993
2024-11-21,Geothermal,20601.261
2024-11-21,HYD,0.0
2024-11-21,Hydro,70689.372
2024-11-21,Liquid fuel,0.0
2024-11-21,Solar,349.863
2024-11-21,Wind,16731.25
2024-11-21,Wood,740.774
2024-11-22,ELE,0.0
2024-11-22,Gas,2539.781
2024-11-22,Geothermal,20299.314
2024-11-22,HYD,0.0
2024-11-22,Hydro,73480.074
2024-11-22,Liquid fuel,0.0
2024-11-22,Solar,520.28
2024-11-22,Wind,12042.528
2024-11-22,Wood,760.966
2024-11-23,ELE,0.0
2024-11-23,Gas,1866.447
2024-11-23,Geothermal,20351.207
2024-11-23,HYD,0.0
2024-11-23,Hydro,71733.248
2024-11-23,Liquid fuel,0.0
2024-11-23,Solar,387.57
2024-11-23,Wind,6098.541
2024-11-23,Wood,805.219
2024-11-24,ELE,0.0
2024-11-24,Gas,3045.187
2024-11-24,Geothermal,20772.44
2024-11-24,HYD,0.0
2024-11-24,Hydro,66328.312
2024-11-24,Liquid fuel,0.0
2024-11-24,Solar,435.534
2024-11-24,Wind,7323.755
2024-11-24,Wood,794.609
2024-11-25,ELE,0.0
2024-11-25,Gas,3618.655
2024-11-25,Geothermal,21089.255
2024-11-25,HYD,0.0
2024-11-25,Hydro,67662.797
2024-11-25,Liquid fuel,0.0
2024-11-25,Solar,488.495
2024-11-25,Wind,16888.977
2024-11-25,Wood,772.28
2024-11-26,ELE,0.0
2024-11-26,Gas,3082.769
2024-11-26,Geothermal,20973.547
2024-11-26,HYD,0.0
2024-11-26,Hydro,74057.337
2024-11-26,Liquid fuel,0.0
2024-11-26,Solar,398.049
2024-11-26,Wind,14870.992
2024-11-26,Wood,762.933
2024-11-27,ELE,0.0
2024-11-27,Gas,4870.567
2024-11-27,Geothermal,21609.719
2024-11-27,HYD,0.0
2024-11-27,Hydro,78478.744
2024-11-27,Liquid fuel,0.0
2024-11-27,Solar,396.21
2024-11-27,Wind,6844.731
2024-11-27,Wood,776.645
2024-11-28,ELE,0.0
2024-11-28,Gas,5652.013
2024-11-28,Geothermal,22402.323
2024-11-28,HYD,0.0
2024-11-28,Hydro,68089.798
2024-11-28,Liquid fuel,0.0
2024-11-28,Solar,328.273
2024-11-28,Wind,15880.133
2024-11-28,Wood,752.528
2024-11-29,ELE,0.0
2024-11-29,Gas,5186.147
2024-11-29,Geothermal,22164.071
2024-11-29,HYD,0.0
2024-11-29,Hydro,75735.058
2024-11-29,Liquid fuel,0.0
2024-11-29,Solar,383.056
2024-11-29,Wind,7889.412
2024-11-29,Wood,756.369
2024-11-30,ELE,0.0
2024-11-30,Gas,2037.891
2024-11-30,Geothermal,22892.945
2024-11-30,HYD,0.0
2024-11-30,Hydro,67855.156
2024-11-30,Liquid fuel,0.0
2024-11-30,Solar,237.728
2024-11-30,Wind,10423.587
2024-11-30,Wood,740.013
2024-12-01,ELE,0.0
2024-12-01,Gas,1865.197
2024-12-01,Geothermal,22911.278
2024-12-01,HYD,0.0
2024-12-01,Hydro,70476.512
2024-12-01,Liquid fuel,0.0
2024-12-01,Solar,306.359
2024-12-01,Wind,5479.328
2024-12-01,Wood,719.007
2024-12-02,ELE,0.0
2024-12-02,Gas,4729.009
2024-12-02,Geothermal,22733.832
2024-12-02,HYD,0.0
2024-12-02,Hydro,77504.409
2024-12-02,Liquid fuel,0.0
2024-12-02,Solar,519.574
2024-12-02,Wind,7138.354
2024-12-02,Wood,703.486
2024-12-03,Coal,2534.058
2024-12-03,ELE,0.0
2024-12-03,Gas,1497.994
2024-12-03,Geothermal,24552.865
2024-12-03,HYD,0.0
2024-12-03,Hydro,67902.617
2024-12-03,Liquid fuel,0.0
2024-12-03,Solar,436.655
2024-12-03,Wind,18319.794
2024-12-03,Wood,710.561
2024-12-04,Coal,2791.073
2024-12-04,ELE,0.0
2024-12-04,Gas,1249.663
2024-12-04,Geothermal,23984.337
2024-12-04,HYD,0.0
2024-12-04,Hydro,69903.241
2024-12-04,Liquid fuel,0.0
2024-12-04,Solar,519.341
2024-12-04,Wind,17725.421
2024-12-04,Wood,273.17
2024-12-05,Coal,2138.713
2024-12-05,ELE,0.0
2024-12-05,Gas,1353.835
2024-12-05,Geothermal,24710.64
2024-12-05,HYD,0.0
2024-12-05,Hydro,66766.809
2024-12-05,Liquid fuel,0.0
2024-12-05,Solar,504.158
2024-12-05,Wind,21081.068
2024-12-05,Wood,532.718
2024-12-06,Coal,1609.737
2024-12-06,ELE,0.0
2024-12-06,Gas,2628.927
2024-12-06,Geothermal,24895.087
2024-12-06,HYD,0.0
2024-12-06,Hydro,76632.224
2024-12-06,Liquid fuel,0.0
2024-12-06,Solar,504.019
2024-12-06,Wind,6916.224
2024-12-06,Wood,603.362
2024-12-07,ELE,0.0
2024-12-07,Gas,2493.363
2024-12-07,Geothermal,25644.26
2024-12-07,HYD,0.0
2024-12-07,Hydro,65804.665
2024-12-07,Liquid fuel,0.0
2024-12-07,Solar,441.314
2024-12-07,Wind,8508.003
2024-12-07,Wood,625.243
2024-12-08,ELE,0.0
2024-12-08,Gas,2323.79
2024-12-08,Geothermal,26176.511
2024-12-08,HYD,0.0
2024-12-08,Hydro,56869.485
2024-12-08,Liquid fuel,0.0
2024-12-08,Solar,329.598
2024-12-08,Wind,16017.952
2024-12-08,Wood,599.287
2024-12-09,Coal,1423.576
2024-12-09,ELE,0.0
2024-12-09,Gas,1846.341
2024-12-09,Geothermal,25869.189
2024-12-09,HYD,0.0
2024-12-09,Hydro,62971.85
2024-12-09,Liquid fuel,0.0
2024-12-09,Solar,195.956
2024-12-09,Wind,20450.075
2024-12-09,Wood,552.3
2024-12-10,Coal,1719.799
2024-12-10,ELE,0.0
2024-12-10,Gas,1370.008
2024-12-10,Geothermal,26173.907
2024-12-10,HYD,0.0
2024-12-10,Hydro,70224.452
2024-12-10,Liquid fuel,0.0
2024-12-10,Solar,285.931
2024-12-10,Wind,14006.486
2024-12-10,Wood,576.5
2024-12-11,Coal,1413.247
2024-12-11,ELE,0.0
2024-12-11,Gas,2886.757
2024-12-11,Geothermal,25473.169
2024-12-11,HYD,0.0
2024-12-11,Hydro,70541.902
2024-12-11,Liquid fuel,0.0
2024-12-11,Solar,326.375
2024-12-11,Wind,14193.81
2024-12-11,Wood,716.634
2024-12-12,Coal,3641.464
2024-12-12,ELE,0.0
2024-12-12,Gas,3383.759
2024-12-12,Geothermal,24289.178
2024-12-12,HYD,0.0
2024-12-12,Hydro,78415.573
2024-12-12,Liquid fuel,45.939
2024-12-12,Solar,168.438
2024-12-12,Wind,5482.398
2024-12-12,Wood,777.845
2024-12-13,Coal,1575.74
2024-12-13,ELE,0.0
2024-12-13,Gas,1606.349
2024-12-13,Geothermal,24784.756
2024-12-13,HYD,0.0
2024-12-13,Hydro,70926.439
2024-12-13,Liquid fuel,0.0
2024-12-13,Solar,438.367
2024-12-13,Wind,14456.576
2024-12-13,Wood,652.494
2024-12-14,ELE,0.0
2024-12-14,Gas,1892.331
2024-12-14,Geothermal,24975.117
2024-12-14,HYD,0.0
2024-12-14,Hydro,65496.654
2024-12-14,Liquid fuel,0.0
2024-12-14,Solar,471.292
2024-12-14,Wind,13614.555
2024-12-14,Wood,767.738
2024-12-15,ELE,0.0
2024-12-15,Gas,1939.625
2024-12-15,Geothermal,25026.966
2024-12-15,HYD,0.0
2024-12-15,Hydro,69262.15
2024-12-15,Liquid fuel,0.0
2024-12-15,Solar,423.481
2024-12-15,Wind,8033.929
2024-12-15,Wood,751.919
2024-12-16,Coal,2386.422
2024-12-16,ELE,0.0
2024-12-16,Gas,1729.697
2024-12-16,Geothermal,24688.926
2024-12-16,HYD,0.0
2024-12-16,Hydro,76892.424
2024-12-16,Liquid fuel,0.0
2024-12-16,Solar,137.847
2024-12-16,Wind,9076.597
2024-12-16,Wood,777.188
2024-12-17,ELE,0.0
2024-12-17,Gas,1931.968
2024-12-17,Geothermal,24602.619
2024-12-17,HYD,0.0
2024-12-17,Hydro,65399.864
2024-12-17,Liquid fuel,0.0
2024-12-17,Solar,486.975
2024-12-17,Wind,19522.908
2024-12-17,Wood,773.576
2024-12-18,ELE,0.0
2024-12-18,Gas,1901.339
2024-12-18,Geothermal,24932.418
2024-12-18,HYD,0.0
2024-12-18,Hydro,65646.082
2024-12-18,Liquid fuel,0.0
2024-12-18,Solar,515.348
2024-12-18,Wind,17648.894
2024-12-18,Wood,780.755
2024-12-19,ELE,0.0
2024-12-19,Gas,1543.331
2024-12-19,Geothermal,24711.403
2024-12-19,HYD,0.0
2024-12-19,Hydro,66731.401
2024-12-19,Liquid fuel,0.0
2024-12-19,Solar,507.345
2024-12-19,Wind,17589.868
2024-12-19,Wood,670.855
2024-12-20,Coal,1413.427
2024-12-20,ELE,0.0
2024-12-20,Gas,1215.455
2024-12-20,Geothermal,25707.654
2024-12-20,HYD,0.0
2024-12-20,Hydro,70054.767
2024-12-20,Liquid fuel,0.0
2024-12-20,Solar,495.42
2024-12-20,Wind,7308.284
2024-12-20,Wood,414.329
2024-12-21,ELE,0.0
2024-12-21,Gas,2254.907
2024-12-21,Geothermal,24548.344
2024-12-21,HYD,0.0
2024-12-21,Hydro,61450.74
2024-12-21,Liquid fuel,0.0
2024-12-21,Solar,348.079
2024-12-21,Wind,8474.588
2024-12-21,Wood,388.045
2024-12-22,ELE,0.0
2024-12-22,Gas,2036.176
2024-12-22,Geothermal,24379.917
2024-12-22,HYD,0.0
2024-12-22,Hydro,54724.951
2024-12-22,Liquid fuel,0.0
2024-12-22,Solar,460.67
2024-12-22,Wind,11930.259
2024-12-22,Wood,310.489
2024-12-23,ELE,0.0
2024-12-23,Gas,2022.988
2024-12-23,Geothermal,25102.397
2024-12-23,HYD,0.0
2024-12-23,Hydro,61584.727
2024-12-23,Liquid fuel,0.0
2024-12-23,Solar,480.173
2024-12-23,Wind,8490.904
2024-12-23,Wood,324.332
2024-12-24,ELE,0.0
2024-12-24,Gas,2014.282
2024-12-24,Geothermal,25007.757
2024-12-24,HYD,0.0
2024-12-24,Hydro,62983.39
2024-12-24,Liquid fuel,0.0
2024-12-24,Solar,528.322
2024-12-24,Wind,7220.632
2024-12-24,Wood,644.126
2024-12-25,ELE,0.0
2024-12-25,Gas,2047.353
2024-12-25,Geothermal,25356.133
2024-12-25,HYD,0.0
2024-12-25,Hydro,58184.583
2024-12-25,Liquid fuel,0.0
2024-12-25,Solar,371.571
2024-12-25,Wind,3135.697
2024-12-25,Wood,748.72
2024-12-26,ELE,0.0
2024-12-26,Gas,2182.42
2024-12-26,Geothermal,25466.421
2024-12-26,HYD,0.0
2024-12-26,Hydro,54079.299
2024-12-26,Liquid fuel,0.0
2024-12-26,Solar,290.666
2024-12-26,Wind,7552.826
2024-12-26,Wood,525.41
2024-12-27,ELE,0.0
2024-12-27,Gas,2067.668
2024-12-27,Geothermal,25487.505
2024-12-27,HYD,0.0
2024-12-27,Hydro,46364.828
2024-12-27,Liquid fuel,0.0
2024-12-27,Solar,378.715
2024-12-27,Wind,17272.81
2024-12-27,Wood,544.868
2024-12-28,Coal,355.553
2024-12-28,ELE,0.0
2024-12-28,Gas,2192.39
2024-12-28,Geothermal,25981.923
2024-12-28,HYD,0.0
2024-12-28,Hydro,53397.802
2024-12-28,Liquid fuel,0.0
2024-12-28,Solar,492.998
2024-12-28,Wind,6042.616
2024-12-28,Wood,382.851
2024-12-29,Coal,995.771
2024-12-29,ELE,0.0
2024-12-29,Gas,1773.765
2024-12-29,Geothermal,25923.824
2024-12-29,HYD,0.0
2024-12-29,Hydro,54185.481
2024-12-29,Liquid fuel,0.0
2024-12-29,Solar,512.547
2024-12-29,Wind,6318.149
2024-12-29,Wood,398.551
2024-12-30,Coal,863.122
2024-12-30,ELE,0.0
2024-12-30,Gas,1675.762
2024-12-30,Geothermal,25600.468
2024-12-30,HYD,0.0
2024-12-30,Hydro,55334.395
2024-12-30,Liquid fuel,0.0
2024-12-30,Solar,421.677
2024-12-30,Wind,10000.066
2024-12-30,Wood,456.231
2024-12-31,Coal,1626.993
2024-12-31,ELE,0.0
2024-12-31,Gas,1883.923
2024-12-31,Geothermal,25766.174
2024-12-31,HYD,0.0
2024-12-31,Hydro,51033.182
2024-12-31,Liquid fuel,0.0
2024-12-31,Solar,350.32
2024-12-31,Wind,12219.922
2024-12-31,Wood,516.049
2025-01-01,Coal,1240.129
2025-01-01,ELE,0.0
2025-01-01,Gas,1782.412
2025-01-01,Geothermal,26329.804
2025-01-01,HYD,0.0
2025-01-01,Hydro,54179.381
2025-01-01,Liquid fuel,0.0
2025-01-01,Solar,367.664
2025-01-01,Wind,5430.939
2025-01-01,Wood,749.522
2025-01-02,Coal,1274.96
2025-01-02,ELE,0.0
2025-01-02,Gas,1691.057
2025-01-02,Geothermal,26129.092
2025-01-02,HYD,0.0
2025-01-02,Hydro,54372.618
2025-01-02,Liquid fuel,0.0
2025-01-02,Solar,412.432
2025-01-02,Wind,5176.935
2025-01-02,Wood,694.753
2025-01-03,Coal,997.383
2025-01-03,ELE,0.0
2025-01-03,Gas,1803.526
2025-01-03,Geothermal,26086.711
2025-01-03,HYD,0.0
2025-01-03,Hydro,51604.324
2025-01-03,Liquid fuel,0.0
2025-01-03,Solar,436.478
2025-01-03,Wind,12747.077
2025-01-03,Wood,623.23
2025-01-04,Coal,1432.152
2025-01-04,ELE,0.0
2025-01-04,Gas,1839.274
2025-01-04,Geothermal,26476.903
2025-01-04,HYD,0.0
2025-01-04,Hydro,47757.852
2025-01-04,Liquid fuel,0.0
2025-01-04,Solar,386.473
2025-01-04,Wind,11867.933
2025-01-04,Wood,730.639
2025-01-05,Coal,1363.355
2025-01-05,ELE,0.0
2025-01-05,Gas,1537.075
2025-01-05,Geothermal,26803.032
2025-01-05,HYD,0.0
2025-01-05,Hydro,54620.295
2025-01-05,Liquid fuel,0.0
2025-01-05,Solar,366.773
2025-01-05,Wind,6515.45
2025-01-05,Wood,694.253
2025-01-06,Coal,1156.904
2025-01-06,ELE,0.0
2025-01-06,Gas,1328.318
2025-01-06,Geothermal,26363.814
2025-01-06,HYD,0.0
2025-01-06,Hydro,59349.507
2025-01-06,Liquid fuel,0.0
2025-01-06,Solar,491.75
2025-01-06,Wind,9929.219
2025-01-06,Wood,722.184
2025-01-07,Coal,1000.109
2025-01-07,ELE,0.0
2025-01-07,Gas,1223.353
2025-01-07,Geothermal,26260.908
2025-01-07,HYD,0.0
2025-01-07,Hydro,63491.058
2025-01-07,Liquid fuel,0.0
2025-01-07,Solar,466.651
2025-01-07,Wind,6564.358
2025-01-07,Wood,716.389
2025-01-08,Coal,1449.939
2025-01-08,ELE,0.0
2025-01-08,Gas,1201.05
2025-01-08,Geothermal,26015.438
2025-01-08,HYD,0.0
2025-01-08,Hydro,61284.869
2025-01-08,Liquid fuel,0.0
2025-01-08,Solar,454.235
2025-01-08,Wind,11364.316
2025-01-08,Wood,572.208
2025-01-09,Coal,1418.981
2025-01-09,ELE,0.0
2025-01-09,Gas,1558.489
2025-01-09,Geothermal,26457.768
2025-01-09,HYD,0.0
2025-01-09,Hydro,65637.071
2025-01-09,Liquid fuel,0.0
2025-01-09,Solar,496.377
2025-01-09,Wind,6794.969
2025-01-09,Wood,727.913
2025-01-10,Coal,1820.308
2025-01-10,ELE,0.0
2025-01-10,Gas,1537.563
2025-01-10,Geothermal,26487.473
2025-01-10,HYD,0.0
2025-01-10,Hydro,67854.491
2025-01-10,Liquid fuel,0.0
2025-01-10,Solar,425.46
2025-01-10,Wind,2502.321
2025-01-10,Wood,636.778
2025-01-11,Coal,1559.622
2025-01-11,ELE,0.0
2025-01-11,Gas,1714.875
2025-01-11,Geothermal,26718.863
2025-01-11,HYD,0.0
2025-01-11,Hydro,56718.939
2025-01-11,Liquid fuel,0.0
2025-01-11,Solar,457.949
2025-01-11,Wind,6595.193
2025-01-11,Wood,681.903
2025-01-12,Coal,2287.329
2025-01-12,ELE,0.0
2025-01-12,Gas,1672.667
2025-01-12,Geothermal,26311.238
2025-01-12,HYD,0.0
2025-01-12,Hydro,50516.458
2025-01-12,Liquid fuel,0.0
2025-01-12,Solar,470.229
2025-01-12,Wind,10845.787
2025-01-12,Wood,678.897
2025-01-13,Coal,3508.728
2025-01-13,ELE,0.0
2025-01-13,Gas,4820.167
2025-01-13,Geothermal,24164.411
2025-01-13,HYD,0.0
2025-01-13,Hydro,63225.126
2025-01-13,Liquid fuel,0.0
2025-01-13,Solar,574.32
2025-01-13,Wind,5453.273
2025-01-13,Wood,481.675
2025-01-14,Coal,5729.867
2025-01-14,ELE,0.002
2025-01-14,Gas,7055.802
2025-01-14,Geothermal,22589.558
2025-01-14,HYD,0.0
2025-01-14,Hydro,65758.397
2025-01-14,Liquid fuel,0.0
2025-01-14,Solar,578.192
2025-01-14,Wind,2529.184
2025-01-14,Wood,728.44
2025-01-15,Coal,6233.119
2025-01-15,ELE,0.0
2025-01-15,Gas,7260.499
2025-01-15,Geothermal,22375.278
2025-01-15,HYD,0.0
2025-01-15,Hydro,65390.628
2025-01-15,Liquid fuel,0.0
2025-01-15,Solar,460.27
2025-01-15,Wind,4740.66
2025-01-15,Wood,708.549
2025-01-16,Coal,3131.62
2025-01-16,ELE,3.146
2025-01-16,Gas,9649.117
2025-01-16,Geothermal,21368.669
2025-01-16,HYD,0.0
2025-01-16,Hydro,65010.831
2025-01-16,Liquid fuel,0.0
2025-01-16,Solar,383.439
2025-01-16,Wind,6759.425
2025-01-16,Wood,661.097
2025-01-17,Coal,3288.299
2025-01-17,ELE,3.539
2025-01-17,Gas,10431.585
2025-01-17,Geothermal,21657.241
2025-01-17,HYD,0.0
2025-01-17,Hydro,65759.534
2025-01-17,Liquid fuel,0.0
2025-01-17,Solar,315.762
2025-01-17,Wind,4896.199
2025-01-17,Wood,744.134
2025-01-18,Coal,5.804
2025-01-18,ELE,0.0
2025-01-18,Gas,11291.4
2025-01-18,Geothermal,22407.065
2025-01-18,HYD,0.0
2025-01-18,Hydro,57949.559
2025-01-18,Liquid fuel,0.0
2025-01-18,Solar,333.252
2025-01-18,Wind,5118.034
2025-01-18,Wood,720.178
2025-01-19,ELE,0.0
2025-01-19,Gas,8197.673
2025-01-19,Geothermal,24864.343
2025-01-19,HYD,0.0
2025-01-19,Hydro,54947.089
2025-01-19,Liquid fuel,0.0
2025-01-19,Solar,313.946
2025-01-19,Wind,7281.334
2025-01-19,Wood,698.387
2025-01-20,ELE,0.746
2025-01-20,Gas,13092.28
2025-01-20,Geothermal,24738.379
2025-01-20,HYD,0.0
2025-01-20,Hydro,61179.494
2025-01-20,Liquid fuel,0.0
2025-01-20,Solar,422.439
2025-01-20,Wind,6365.989
2025-01-20,Wood,359.065
2025-01-21,Coal,1933.521
2025-01-21,ELE,0.0
2025-01-21,Gas,14435.49
2025-01-21,Geothermal,23856.952
2025-01-21,HYD,0.0
2025-01-21,Hydro,61274.546
2025-01-21,Liquid fuel,0.0
2025-01-21,Solar,335.46
2025-01-21,Wind,7672.682
2025-01-21,Wood,306.76
2025-01-22,ELE,2.126
2025-01-22,Gas,12899.233
2025-01-22,Geothermal,24099.427
2025-01-22,HYD,0.0
2025-01-22,Hydro,63303.693
2025-01-22,Liquid fuel,0.0
2025-01-22,Solar,490.818
2025-01-22,Wind,8111.438
2025-01-22,Wood,438.14
2025-01-23,Coal,2739.883
2025-01-23,ELE,1.351
2025-01-23,Gas,13347.353
2025-01-23,Geothermal,25056.068
2025-01-23,HYD,0.0
2025-01-23,Hydro,59681.606
2025-01-23,Liquid fuel,0.0
2025-01-23,Solar,635.666
2025-01-23,Wind,10205.814
2025-01-23,Wood,0.0
2025-01-24,Coal,3209.046
2025-01-24,ELE,5.099
2025-01-24,Gas,14432.585
2025-01-24,Geothermal,25601.969
2025-01-24,HYD,0.0
2025-01-24,Hydro,60818.032
2025-01-24,Liquid fuel,0.0
2025-01-24,Solar,672.605
2025-01-24,Wind,5058.418
2025-01-24,Wood,0.0
2025-01-25,Coal,2995.739
2025-01-25,ELE,0.0
2025-01-25,Gas,14509.485
2025-01-25,Geothermal,25682.365
2025-01-25,HYD,0.0
2025-01-25,Hydro,54023.794
2025-01-25,Liquid fuel,0.0
2025-01-25,Solar,386.198
2025-01-25,Wind,3100.85
2025-01-25,Wood,0.0
2025-01-26,Coal,2292.776
2025-01-26,ELE,0.0
2025-01-26,Gas,12929.305
2025-01-26,Geothermal,25563.544
2025-01-26,HYD,0.0
2025-01-26,Hydro,49193.409
2025-01-26,Liquid fuel,0.0
2025-01-26,Solar,309.403
2025-01-26,Wind,8570.057
2025-01-26,Wood,0.0
2025-01-27,ELE,1.771
2025-01-27,Gas,9057.027
2025-01-27,Geothermal,25931.946
2025-01-27,HYD,0.0
2025-01-27,Hydro,53050.301
2025-01-27,Liquid fuel,0.0
2025-01-27,Solar,648.795
2025-01-27,Wind,10914.912
2025-01-27,Wood,0.0
2025-01-28,Coal,2692.396
2025-01-28,ELE,2.211
2025-01-28,Gas,12863.38
2025-01-28,Geothermal,25092.555
2025-01-28,HYD,0.0
2025-01-28,Hydro,60552.714
2025-01-28,Liquid fuel,0.0
2025-01-28,Solar,656.047
2025-01-28,Wind,3770.986
2025-01-28,Wood,0.0
2025-01-29,Coal,36.795
2025-01-29,ELE,2.289
2025-01-29,Gas,13191.57
2025-01-29,Geothermal,23525.838
2025-01-29,HYD,0.0
2025-01-29,Hydro,50442.348
2025-01-29,Liquid fuel,0.0
2025-01-29,Solar,477.508
2025-01-29,Wind,20037.326
2025-01-29,Wood,0.0
2025-01-30,Coal,2979.47
2025-01-30,ELE,0.554
2025-01-30,Gas,15803.137
2025-01-30,Geothermal,23213.219
2025-01-30,HYD,0.0
2025-01-30,Hydro,62476.051
2025-01-30,Liquid fuel,0.0
2025-01-30,Solar,549.7
2025-01-30,Wind,4021.538
2025-01-30,Wood,0.0
2025-01-31,Coal,4280.276
2025-01-31,ELE,0.14
2025-01-31,Gas,16344.791
2025-01-31,Geothermal,22874.804
2025-01-31,HYD,0.0
2025-01-31,Hydro,60771.511
2025-01-31,Liquid fuel,0.0
2025-01-31,Solar,525.21
2025-01-31,Wind,3833.288
2025-01-31,Wood,0.0
2025-02-01,Coal,4310.249
2025-02-01,ELE,0.0
2025-02-01,Gas,15579.1
2025-02-01,Geothermal,23042.044
2025-02-01,HYD,0.0
2025-02-01,Hydro,54001.747
2025-02-01,Liquid fuel,0.0
2025-02-01,Solar,590.427
2025-02-01,Wind,3718.517
2025-02-01,Wood,0.0
2025-02-02,Coal,3668.222
2025-02-02,ELE,0.0
2025-02-02,Gas,15435.467
2025-02-02,Geothermal,22521.431
2025-02-02,HYD,0.0
2025-02-02,Hydro,50369.497
2025-02-02,Liquid fuel,0.0
2025-02-02,Solar,599.209
2025-02-02,Wind,8649.931
2025-02-02,Wood,0.0
2025-02-03,Coal,5437.471
2025-02-03,ELE,0.475
2025-02-03,Gas,15955.015
2025-02-03,Geothermal,24797.394
2025-02-03,HYD,0.0
2025-02-03,Hydro,59989.435
2025-02-03,Liquid fuel,0.0
2025-02-03,Solar,631.237
2025-02-03,Wind,3995.908
2025-02-03,Wood,0.0
2025-02-04,Coal,5771.56
2025-02-04,ELE,0.648
2025-02-04,Gas,15741.497
2025-02-04,Geothermal,25542.092
2025-02-04,HYD,0.0
2025-02-04,Hydro,61392.025
2025-02-04,Liquid fuel,0.0
2025-02-04,Solar,667.465
2025-02-04,Wind,3545.837
2025-02-04,Wood,0.0
2025-02-05,Coal,6242.749
2025-02-05,ELE,0.711
2025-02-05,Gas,15818.16
2025-02-05,Geothermal,25584.435
2025-02-05,HYD,0.0
2025-02-05,Hydro,61003.58
2025-02-05,Liquid fuel,0.0
2025-02-05,Solar,612.693
2025-02-05,Wind,2629.495
2025-02-05,Wood,0.0
2025-02-06,Coal,4766.987
2025-02-06,ELE,0.586
2025-02-06,Gas,16117.6
2025-02-06,Geothermal,25600.564
2025-02-06,HYD,0.0
2025-02-06,Hydro,53963.814
2025-02-06,Liquid fuel,0.0
2025-02-06,Solar,618.399
2025-02-06,Wind,2696.672
2025-02-06,Wood,0.0
2025-02-07,Coal,4994.028
2025-02-07,ELE,1.768
2025-02-07,Gas,15808.413
2025-02-07,Geothermal,25237.897
2025-02-07,HYD,0.0
2025-02-07,Hydro,53379.048
2025-02-07,Liquid fuel,0.0
2025-02-07,Solar,499.405
2025-02-07,Wind,8094.612
2025-02-07,Wood,0.0
2025-02-08,Coal,4955.559
2025-02-08,ELE,0.0
2025-02-08,Gas,14953.022
2025-02-08,Geothermal,25352.87
2025-02-08,HYD,0.0
2025-02-08,Hydro,50819.005
2025-02-08,Liquid fuel,0.0
2025-02-08,Solar,531.335
2025-02-08,Wind,4068.218
2025-02-08,Wood,0.0
2025-02-09,Coal,5075.714
2025-02-09,ELE,0.0
2025-02-09,Gas,15223.802
2025-02-09,Geothermal,25498.234
2025-02-09,HYD,0.0
2025-02-09,Hydro,45910.267
2025-02-09,Liquid fuel,0.0
2025-02-09,Solar,386.673
2025-02-09,Wind,9519.971
2025-02-09,Wood,0.0
2025-02-10,Coal,5547.391
2025-02-10,ELE,0.214
2025-02-10,Gas,16670.389
2025-02-10,Geothermal,25664.028
2025-02-10,HYD,0.0
2025-02-10,Hydro,61173.033
2025-02-10,Liquid fuel,0.0
2025-02-10,Solar,589.327
2025-02-10,Wind,2873.627
2025-02-10,Wood,0.0
2025-02-11,Coal,5453.722
2025-02-11,ELE,0.825
2025-02-11,Gas,15917.011
2025-02-11,Geothermal,25254.215
2025-02-11,HYD,0.0
2025-02-11,Hydro,53612.952
2025-02-11,Liquid fuel,0.0
2025-02-11,Solar,437.359
2025-02-11,Wind,12216.806
2025-02-11,Wood,0.0
2025-02-12,Coal,7526.682
2025-02-12,ELE,2.336
2025-02-12,Gas,16232.916
2025-02-12,Geothermal,25518.076
2025-02-12,HYD,0.0
2025-02-12,Hydro,56200.786
2025-02-12,Liquid fuel,0.0
2025-02-12,Solar,555.886
2025-02-12,Wind,4724.45
2025-02-12,Wood,0.0
2025-02-13,Coal,8068.685
2025-02-13,ELE,0.835
2025-02-13,Gas,15700.428
2025-02-13,Geothermal,25004.302
2025-02-13,HYD,0.0
2025-02-13,Hydro,59170.678
2025-02-13,Liquid fuel,0.0
2025-02-13,Solar,473.766
2025-02-13,Wind,3444.279
2025-02-13,Wood,0.0
2025-02-14,Coal,8249.397
2025-02-14,ELE,1.833
2025-02-14,Gas,15861.362
2025-02-14,Geothermal,24349.175
2025-02-14,HYD,0.0
2025-02-14,Hydro,56984.739
2025-02-14,Liquid fuel,0.0
2025-02-14,Solar,603.986
2025-02-14,Wind,4729.034
2025-02-14,Wood,0.0
2025-02-15,Coal,5347.777
2025-02-15,ELE,0.0
2025-02-15,Gas,16164.508
2025-02-15,Geothermal,24608.163
2025-02-15,HYD,0.0
2025-02-15,Hydro,48766.911
2025-02-15,Liquid fuel,0.0
2025-02-15,Solar,605.267
2025-02-15,Wind,5403.899
2025-02-15,Wood,0.0
2025-02-16,Coal,7932.716
2025-02-16,ELE,0.0
2025-02-16,Gas,15852.207
2025-02-16,Geothermal,24899.324
2025-02-16,HYD,0.0
2025-02-16,Hydro,44689.85
2025-02-16,Liquid fuel,0.0
2025-02-16,Solar,320.812
2025-02-16,Wind,6953.234
2025-02-16,Wood,0.0
2025-02-17,Coal,8611.421
2025-02-17,ELE,2.065
2025-02-17,Gas,15916.708
2025-02-17,Geothermal,24575.388
2025-02-17,HYD,0.0
2025-02-17,Hydro,53447.725
2025-02-17,Liquid fuel,0.0
2025-02-17,Solar,340.346
2025-02-17,Wind,10287.265
2025-02-17,Wood,0.0
2025-02-18,Coal,8643.963
2025-02-18,ELE,2.784
2025-02-18,Gas,15962.137
2025-02-18,Geothermal,24361.245
2025-02-18,HYD,0.0
2025-02-18,Hydro,54289.571
2025-02-18,Liquid fuel,0.0
2025-02-18,Solar,260.925
2025-02-18,Wind,10294.801
2025-02-18,Wood,0.0
2025-02-19,Coal,7709.383
2025-02-19,ELE,4.281
2025-02-19,Gas,14922.818
2025-02-19,Geothermal,24475.606
2025-02-19,HYD,0.0
2025-02-19,Hydro,46929.214
2025-02-19,Liquid fuel,0.0
2025-02-19,Solar,524.646
2025-02-19,Wind,17350.539
2025-02-19,Wood,0.0
2025-02-20,Coal,6613.874
2025-02-20,ELE,2.821
2025-02-20,Gas,15583.834
2025-02-20,Geothermal,24488.208
2025-02-20,HYD,0.0
2025-02-20,Hydro,50452.144
2025-02-20,Liquid fuel,0.0
2025-02-20,Solar,549.051
2025-02-20,Wind,14290.223
2025-02-20,Wood,0.0
2025-02-21,Coal,2550.315
2025-02-21,ELE,0.332
2025-02-21,Gas,15143.269
2025-02-21,Geothermal,24964.706
2025-02-21,HYD,0.0
2025-02-21,Hydro,50828.925
2025-02-21,Liquid fuel,0.0
2025-02-21,Solar,534.288
2025-02-21,Wind,14261.906
2025-02-21,Wood,0.0
2025-02-22,Coal,3455.533
2025-02-22,ELE,0.0
2025-02-22,Gas,15041.22
2025-02-22,Geothermal,25693.076
2025-02-22,HYD,0.0
2025-02-22,Hydro,47223.333
2025-02-22,Liquid fuel,0.0
2025-02-22,Solar,640.026
2025-02-22,Wind,5269.664
2025-02-22,Wood,0.0
2025-02-23,Coal,3473.359
2025-02-23,ELE,0.0
2025-02-23,Gas,13025.736
2025-02-23,Geothermal,26345.742
2025-02-23,HYD,0.0
2025-02-23,Hydro,48616.407
2025-02-23,Liquid fuel,0.0
2025-02-23,Solar,588.195
2025-02-23,Wind,5185.84
2025-02-23,Wood,0.0
2025-02-24,Coal,5657.631
2025-02-24,ELE,0.0
2025-02-24,Gas,15119.135
2025-02-24,Geothermal,24637.141
2025-02-24,HYD,0.0
2025-02-24,Hydro,57794.922
2025-02-24,Liquid fuel,73.992
2025-02-24,Solar,654.986
2025-02-24,Wind,4238.563
2025-02-24,Wood,0.0
2025-02-25,Coal,5020.367
2025-02-25,ELE,0.0
2025-02-25,Gas,15372.827
2025-02-25,Geothermal,24673.618
2025-02-25,HYD,0.0
2025-02-25,Hydro,48304.907
2025-02-25,Liquid fuel,0.0
2025-02-25,Solar,573.284
2025-02-25,Wind,18099.814
2025-02-25,Wood,0.0
2025-02-26,Coal,5013.63
2025-02-26,ELE,0.946
2025-02-26,Gas,14891.363
2025-02-26,Geothermal,25329.894
2025-02-26,HYD,0.0
2025-02-26,Hydro,57796.06
2025-02-26,Liquid fuel,0.0
2025-02-26,Solar,587.201
2025-02-26,Wind,7105.433
2025-02-26,Wood,0.0
2025-02-27,Coal,5439.004
2025-02-27,ELE,0.097
2025-02-27,Gas,15779.183
2025-02-27,Geothermal,25611.897
2025-02-27,HYD,0.0
2025-02-27,Hydro,62582.88
2025-02-27,Liquid fuel,4.768
2025-02-27,Solar,569.425
2025-02-27,Wind,2065.823
2025-02-27,Wood,0.0
2025-02-28,Coal,5543.582
2025-02-28,ELE,0.0
2025-02-28,Gas,16412.515
2025-02-28,Geothermal,25666.42
2025-02-28,HYD,0.0
2025-02-28,Hydro,59461.251
2025-02-28,Liquid fuel,0.0
2025-02-28,Solar,252.213
2025-02-28,Wind,3788.788
2025-02-28,Wood,0.0
2025-03-01,Coal,4969.971
2025-03-01,ELE,0.0
2025-03-01,Gas,14176.743
2025-03-01,Geothermal,25673.591
2025-03-01,HYD,0.0
2025-03-01,Hydro,43460.108
2025-03-01,Liquid fuel,0.0
2025-03-01,Solar,206.667
2025-03-01,Wind,14168.845
2025-03-01,Wood,0.0
2025-03-02,Coal,4581.737
2025-03-02,ELE,0.0
2025-03-02,Gas,13560.548
2025-03-02,Geothermal,25747.355
2025-03-02,HYD,0.0
2025-03-02,Hydro,42659.233
2025-03-02,Liquid fuel,0.0
2025-03-02,Solar,468.028
2025-03-02,Wind,13069.464
2025-03-02,Wood,0.0
2025-03-03,Coal,7157.022
2025-03-03,ELE,1.463
2025-03-03,Gas,13794.928
2025-03-03,Geothermal,25539.16
2025-03-03,HYD,0.0
2025-03-03,Hydro,49726.375
2025-03-03,Liquid fuel,0.0
2025-03-03,Solar,578.337
2025-03-03,Wind,14000.113
2025-03-03,Wood,0.0
2025-03-04,Coal,8763.61
2025-03-04,ELE,0.323
2025-03-04,Gas,14490.411
2025-03-04,Geothermal,25772.654
2025-03-04,HYD,0.0
2025-03-04,Hydro,50814.855
2025-03-04,Liquid fuel,0.0
2025-03-04,Solar,291.38
2025-03-04,Wind,9270.278
2025-03-04,Wood,0.0
2025-03-05,Coal,5399.422
2025-03-05,ELE,16.667
2025-03-05,Gas,13431.239
2025-03-05,Geothermal,25278.341
2025-03-05,HYD,0.0
2025-03-05,Hydro,47688.469
2025-03-05,Liquid fuel,26.889
2025-03-05,Solar,661.792
2025-03-05,Wind,15038.947
2025-03-05,Wood,0.0
2025-03-06,Coal,8001.661
2025-03-06,ELE,42.269
2025-03-06,Gas,14893.518
2025-03-06,Geothermal,25630.177
2025-03-06,HYD,0.0
2025-03-06,Hydro,49583.613
2025-03-06,Liquid fuel,13.793
2025-03-06,Solar,719.771
2025-03-06,Wind,7358.574
2025-03-06,Wood,0.0
2025-03-07,Coal,9753.036
2025-03-07,ELE,3.145
2025-03-07,Gas,15915.001
2025-03-07,Geothermal,25805.743
2025-03-07,HYD,0.0
2025-03-07,Hydro,50370.575
2025-03-07,Liquid fuel,0.0
2025-03-07,Solar,670.976
2025-03-07,Wind,2521.998
2025-03-07,Wood,0.0
2025-03-08,Coal,7858.847
2025-03-08,ELE,0.0
2025-03-08,Gas,14887.109
2025-03-08,Geothermal,26100.639
2025-03-08,HYD,0.0
2025-03-08,Hydro,43805.448
2025-03-08,Liquid fuel,0.0
2025-03-08,Solar,425.365
2025-03-08,Wind,4711.167
2025-03-08,Wood,0.0
2025-03-09,Coal,7521.111
2025-03-09,ELE,0.0
2025-03-09,Gas,14978.001
2025-03-09,Geothermal,25994.831
2025-03-09,HYD,0.0
2025-03-09,Hydro,38772.654
2025-03-09,Liquid fuel,0.0
2025-03-09,Solar,616.733
2025-03-09,Wind,7897.279
2025-03-09,Wood,0.0
2025-03-10,Coal,9655.329
2025-03-10,ELE,0.491
2025-03-10,Gas,16733.034
2025-03-10,Geothermal,23965.982
2025-03-10,HYD,0.0
2025-03-10,Hydro,50992.883
2025-03-10,Liquid fuel,0.0
2025-03-10,Solar,569.207
2025-03-10,Wind,4141.507
2025-03-10,Wood,0.0
2025-03-11,Coal,8884.801
2025-03-11,ELE,0.505
2025-03-11,Gas,17891.738
2025-03-11,Geothermal,22078.845
2025-03-11,HYD,0.0
2025-03-11,Hydro,43980.325
2025-03-11,Liquid fuel,0.0
2025-03-11,Solar,649.654
2025-03-11,Wind,15540.956
2025-03-11,Wood,0.0
2025-03-12,Coal,10319.612
2025-03-12,ELE,11.948
2025-03-12,Gas,17317.268
2025-03-12,Geothermal,21924.424
2025-03-12,HYD,0.0
2025-03-12,Hydro,48514.664
2025-03-12,Liquid fuel,0.0
2025-03-12,Solar,482.138
2025-03-12,Wind,11946.026
2025-03-12,Wood,0.0
2025-03-13,Coal,9994.777
2025-03-13,ELE,7.0
2025-03-13,Gas,18488.842
2025-03-13,Geothermal,25202.357
2025-03-13,HYD,0.0
2025-03-13,Hydro,48174.292
2025-03-13,Liquid fuel,0.0
2025-03-13,Solar,512.411
2025-03-13,Wind,6245.844
2025-03-13,Wood,0.0
2025-03-14,Coal,9284.205
2025-03-14,ELE,9.343
2025-03-14,Gas,18573.765
2025-03-14,Geothermal,25995.049
2025-03-14,HYD,0.0
2025-03-14,Hydro,47716.544
2025-03-14,Liquid fuel,0.0
2025-03-14,Solar,567.092
2025-03-14,Wind,4118.71
2025-03-14,Wood,0.0
2025-03-15,Coal,5945.692
2025-03-15,ELE,0.0
2025-03-15,Gas,15141.35
2025-03-15,Geothermal,26123.743
2025-03-15,HYD,0.0
2025-03-15,Hydro,34040.83
2025-03-15,Liquid fuel,0.0
2025-03-15,Solar,627.693
2025-03-15,Wind,16019.362
2025-03-15,Wood,0.0
2025-03-16,Coal,5823.215
2025-03-16,ELE,0.0
2025-03-16,Gas,15943.245
2025-03-16,Geothermal,25967.703
2025-03-16,HYD,0.0
2025-03-16,Hydro,36773.082
2025-03-16,Liquid fuel,0.0
2025-03-16,Solar,576.161
2025-03-16,Wind,12145.37
2025-03-16,Wood,0.0
2025-03-17,Coal,8730.497
2025-03-17,ELE,9.364
2025-03-17,Gas,17734.842
2025-03-17,Geothermal,25348.519
2025-03-17,HYD,0.0
2025-03-17,Hydro,40807.883
2025-03-17,Liquid fuel,0.0
2025-03-17,Solar,359.39
2025-03-17,Wind,16651.0
2025-03-17,Wood,0.0
2025-03-18,Coal,7566.056
2025-03-18,ELE,0.0
2025-03-18,Gas,17965.872
2025-03-18,Geothermal,25416.583
2025-03-18,HYD,0.0
2025-03-18,Hydro,43552.378
2025-03-18,Liquid fuel,0.0
2025-03-18,Solar,354.542
2025-03-18,Wind,15948.24
2025-03-18,Wood,0.0
2025-03-19,Coal,8606.128
2025-03-19,ELE,0.0
2025-03-19,Gas,17251.661
2025-03-19,Geothermal,26074.383
2025-03-19,HYD,0.0
2025-03-19,Hydro,50227.825
2025-03-19,Liquid fuel,0.0
2025-03-19,Solar,452.426
2025-03-19,Wind,6577.15
2025-03-19,Wood,0.0
2025-03-20,Coal,8141.991
2025-03-20,ELE,0.0
2025-03-20,Gas,15907.421
2025-03-20,Geothermal,26129.406
2025-03-20,HYD,0.0
2025-03-20,Hydro,44633.918
2025-03-20,Liquid fuel,0.0
2025-03-20,Solar,378.372
2025-03-20,Wind,12812.729
2025-03-20,Wood,0.0
2025-03-21,Coal,8024.704
2025-03-21,ELE,72.753
2025-03-21,Gas,16975.231
2025-03-21,Geothermal,26688.371
2025-03-21,HYD,0.0
2025-03-21,Hydro,47542.179
2025-03-21,Liquid fuel,0.0
2025-03-21,Solar,495.83
2025-03-21,Wind,6323.555
2025-03-21,Wood,0.0
2025-03-22,Coal,6834.921
2025-03-22,ELE,0.0
2025-03-22,Gas,15345.186
2025-03-22,Geothermal,26345.966
2025-03-22,HYD,0.0
2025-03-22,Hydro,40085.084
2025-03-22,Liquid fuel,0.0
2025-03-22,Solar,558.65
2025-03-22,Wind,9231.199
2025-03-22,Wood,0.0
2025-03-23,Coal,4216.117
2025-03-23,ELE,0.0
2025-03-23,Gas,14685.967
2025-03-23,Geothermal,26113.672
2025-03-23,HYD,0.0
2025-03-23,Hydro,34954.665
2025-03-23,Liquid fuel,0.0
2025-03-23,Solar,596.847
2025-03-23,Wind,16071.181
2025-03-23,Wood,0.0
2025-03-24,Coal,5372.902
2025-03-24,ELE,59.493
2025-03-24,Gas,17800.858
2025-03-24,Geothermal,25899.085
2025-03-24,HYD,0.0
2025-03-24,Hydro,50796.707
2025-03-24,Liquid fuel,0.0
2025-03-24,Solar,583.739
2025-03-24,Wind,6932.667
2025-03-24,Wood,0.0
2025-03-25,Coal,5505.496
2025-03-25,ELE,3.758
2025-03-25,Gas,17771.451
2025-03-25,Geothermal,25598.372
2025-03-25,HYD,0.0
2025-03-25,Hydro,56419.264
2025-03-25,Liquid fuel,0.0
2025-03-25,Solar,441.933
2025-03-25,Wind,1612.057
2025-03-25,Wood,0.0
2025-03-26,Coal,5586.264
2025-03-26,ELE,0.0
2025-03-26,Gas,18363.408
2025-03-26,Geothermal,25772.687
2025-03-26,HYD,0.0
2025-03-26,Hydro,55567.802
2025-03-26,Liquid fuel,0.0
2025-03-26,Solar,449.313
2025-03-26,Wind,1257.497
2025-03-26,Wood,0.0
2025-03-27,Coal,5548.681
2025-03-27,ELE,0.0
2025-03-27,Gas,18124.312
2025-03-27,Geothermal,26590.115
2025-03-27,HYD,0.0
2025-03-27,Hydro,47852.755
2025-03-27,Liquid fuel,0.0
2025-03-27,Solar,487.642
2025-03-27,Wind,10225.344
2025-03-27,Wood,0.0
2025-03-28,Coal,5534.943
2025-03-28,ELE,7.326
2025-03-28,Gas,18182.835
2025-03-28,Geothermal,26493.543
2025-03-28,HYD,0.0
2025-03-28,Hydro,50975.118
2025-03-28,Liquid fuel,0.0
2025-03-28,Solar,438.134
2025-03-28,Wind,4716.583
2025-03-28,Wood,0.0
2025-03-29,Coal,4957.829
2025-03-29,ELE,0.0
2025-03-29,Gas,16636.558
2025-03-29,Geothermal,26706.302
2025-03-29,HYD,0.0
2025-03-29,Hydro,44145.244
2025-03-29,Liquid fuel,0.0
2025-03-29,Solar,498.517
2025-03-29,Wind,4952.144
2025-03-29,Wood,0.0
2025-03-30,Coal,5339.239
2025-03-30,ELE,0.0
2025-03-30,Gas,15536.386
2025-03-30,Geothermal,26907.192
2025-03-30,HYD,0.0
2025-03-30,Hydro,40908.365
2025-03-30,Liquid fuel,0.0
2025-03-30,Solar,548.849
2025-03-30,Wind,7512.361
2025-03-30,Wood,0.0
2025-03-31,Coal,5543.455
2025-03-31,ELE,0.0
2025-03-31,Gas,16550.556
2025-03-31,Geothermal,26193.703
2025-03-31,HYD,0.0
2025-03-31,Hydro,56656.301
2025-03-31,Liquid fuel,0.0
2025-03-31,Solar,375.979
2025-03-31,Wind,1473.562
2025-03-31,Wood,0.0
2025-04-01,Coal,5565.066
2025-04-01,ELE,9.592
2025-04-01,Gas,14391.815
2025-04-01,Geothermal,25196.747
2025-04-01,HYD,0.0
2025-04-01,Hydro,60496.444
2025-04-01,Liquid fuel,0.0
2025-04-01,Solar,415.732
2025-04-01,Wind,2566.727
2025-04-01,Wood,0.0
2025-04-02,Coal,9096.924
2025-04-02,ELE,54.653
2025-04-02,Gas,11680.177
2025-04-02,Geothermal,26949.205
2025-04-02,HYD,0.0
2025-04-02,Hydro,56890.728
2025-04-02,Liquid fuel,0.0
2025-04-02,Solar,117.62
2025-04-02,Wind,5145.365
2025-04-02,Wood,0.0
2025-04-03,Coal,9355.118
2025-04-03,ELE,59.928
2025-04-03,Gas,12420.614
2025-04-03,Geothermal,26994.674
2025-04-03,HYD,0.0
2025-04-03,Hydro,54728.021
2025-04-03,Liquid fuel,0.0
2025-04-03,Solar,103.722
2025-04-03,Wind,7016.11
2025-04-03,Wood,0.0
2025-04-04,Coal,5629.444
2025-04-04,ELE,32.534
2025-04-04,Gas,12076.867
2025-04-04,Geothermal,26682.946
2025-04-04,HYD,0.0
2025-04-04,Hydro,52832.556
2025-04-04,Liquid fuel,0.0
2025-04-04,Solar,65.212
2025-04-04,Wind,11829.402
2025-04-04,Wood,0.0
2025-04-05,Coal,3632.121
2025-04-05,ELE,0.0
2025-04-05,Gas,12048.961
2025-04-05,Geothermal,26991.539
2025-04-05,HYD,0.0
2025-04-05,Hydro,45116.003
2025-04-05,Liquid fuel,0.0
2025-04-05,Solar,517.413
2025-04-05,Wind,9838.49
2025-04-05,Wood,0.0
2025-04-06,Coal,5364.429
2025-04-06,ELE,0.0
2025-04-06,Gas,13999.609
2025-04-06,Geothermal,26701.557
2025-04-06,HYD,0.0
2025-04-06,Hydro,47064.571
2025-04-06,Liquid fuel,0.0
2025-04-06,Solar,318.167
2025-04-06,Wind,6110.333
2025-04-06,Wood,0.0
2025-04-07,Coal,7328.445
2025-04-07,ELE,0.0
2025-04-07,Gas,13902.256
2025-04-07,Geothermal,21938.777
2025-04-07,HYD,0.0
2025-04-07,Hydro,45285.201
2025-04-07,Liquid fuel,0.0
2025-04-07,Solar,438.289
2025-04-07,Wind,16992.031
2025-04-07,Wood,0.0
2025-04-08,Coal,8244.968
2025-04-08,ELE,0.0
2025-04-08,Gas,13844.585
2025-04-08,Geothermal,18277.158
2025-04-08,HYD,0.0
2025-04-08,Hydro,52080.837
2025-04-08,Liquid fuel,0.0
2025-04-08,Solar,320.05
2025-04-08,Wind,17110.199
2025-04-08,Wood,0.0
2025-04-09,Coal,10020.078
2025-04-09,ELE,20.471
2025-04-09,Gas,14972.3
2025-04-09,Geothermal,17538.07
2025-04-09,HYD,0.0
2025-04-09,Hydro,62695.415
2025-04-09,Liquid fuel,0.0
2025-04-09,Solar,486.169
2025-04-09,Wind,3840.927
2025-04-09,Wood,0.0
2025-04-10,Coal,10594.133
2025-04-10,ELE,54.509
2025-04-10,Gas,15305.204
2025-04-10,Geothermal,18003.55
2025-04-10,HYD,0.0
2025-04-10,Hydro,61208.257
2025-04-10,Liquid fuel,0.0
2025-04-10,Solar,534.075
2025-04-10,Wind,4136.876
2025-04-10,Wood,0.0
2025-04-11,Coal,10395.164
2025-04-11,ELE,31.578
2025-04-11,Gas,15179.875
2025-04-11,Geothermal,21323.274
2025-04-11,HYD,0.0
2025-04-11,Hydro,47838.687
2025-04-11,Liquid fuel,0.0
2025-04-11,Solar,285.002
2025-04-11,Wind,12229.371
2025-04-11,Wood,0.0
2025-04-12,Coal,9637.796
2025-04-12,ELE,0.0
2025-04-12,Gas,14279.687
2025-04-12,Geothermal,23049.833
2025-04-12,HYD,0.0
2025-04-12,Hydro,43189.963
2025-04-12,Liquid fuel,0.0
2025-04-12,Solar,481.745
2025-04-12,Wind,7147.748
2025-04-12,Wood,0.0
2025-04-13,Coal,9510.787
2025-04-13,ELE,0.0
2025-04-13,Gas,14804.959
2025-04-13,Geothermal,22764.206
2025-04-13,HYD,0.0
2025-04-13,Hydro,42907.249
2025-04-13,Liquid fuel,0.0
2025-04-13,Solar,473.068
2025-04-13,Wind,6410.98
2025-04-13,Wood,0.0
2025-04-14,Coal,9456.123
2025-04-14,ELE,0.0
2025-04-14,Gas,15128.728
2025-04-14,Geothermal,23773.483
2025-04-14,HYD,0.0
2025-04-14,Hydro,45426.889
2025-04-14,Liquid fuel,0.0
2025-04-14,Solar,337.371
2025-04-14,Wind,14886.211
2025-04-14,Wood,0.0
2025-04-15,Coal,8386.469
2025-04-15,ELE,6.254
2025-04-15,Gas,16099.824
2025-04-15,Geothermal,25764.785
2025-04-15,HYD,0.0
2025-04-15,Hydro,47021.664
2025-04-15,Liquid fuel,0.0
2025-04-15,Solar,339.23
2025-04-15,Wind,14754.419
2025-04-15,Wood,0.0
2025-04-16,Coal,7341.819
2025-04-16,ELE,221.692
2025-04-16,Gas,12854.5
2025-04-16,Geothermal,25740.027
2025-04-16,HYD,0.0
2025-04-16,Hydro,47976.29
2025-04-16,Liquid fuel,0.0
2025-04-16,Solar,163.967
2025-04-16,Wind,17883.904
2025-04-16,Wood,0.0
2025-04-17,Coal,7345.618
2025-04-17,ELE,7.614
2025-04-17,Gas,14184.626
2025-04-17,Geothermal,25739.256
2025-04-17,HYD,0.0
2025-04-17,Hydro,48394.953
2025-04-17,Liquid fuel,0.0
2025-04-17,Solar,148.727
2025-04-17,Wind,15585.756
2025-04-17,Wood,0.0
2025-04-18,Coal,4959.389
2025-04-18,ELE,0.0
2025-04-18,Gas,9968.951
2025-04-18,Geothermal,25519.082
2025-04-18,HYD,0.0
2025-04-18,Hydro,46039.885
2025-04-18,Liquid fuel,0.0
2025-04-18,Solar,110.065
2025-04-18,Wind,12085.306
2025-04-18,Wood,0.0
2025-04-19,Coal,4335.066
2025-04-19,ELE,0.0
2025-04-19,Gas,10667.97
2025-04-19,Geothermal,25358.375
2025-04-19,HYD,0.0
2025-04-19,Hydro,45277.552
2025-04-19,Liquid fuel,0.0
2025-04-19,Solar,186.631
2025-04-19,Wind,10588.389
2025-04-19,Wood,0.0
2025-04-20,Coal,4138.202
2025-04-20,ELE,0.0
2025-04-20,Gas,11303.529
2025-04-20,Geothermal,25455.718
2025-04-20,HYD,0.0
2025-04-20,Hydro,43959.128
2025-04-20,Liquid fuel,0.0
2025-04-20,Solar,278.695
2025-04-20,Wind,9273.814
2025-04-20,Wood,0.0
2025-04-21,Coal,3500.833
2025-04-21,ELE,0.012
2025-04-21,Gas,14268.213
2025-04-21,Geothermal,25681.128
2025-04-21,HYD,0.0
2025-04-21,Hydro,44035.761
2025-04-21,Liquid fuel,0.0
2025-04-21,Solar,307.19
2025-04-21,Wind,9779.959
2025-04-21,Wood,0.0
2025-04-22,Coal,2878.775
2025-04-22,ELE,223.79
2025-04-22,Gas,15118.014
2025-04-22,Geothermal,25787.449
2025-04-22,HYD,0.0
2025-04-22,Hydro,56948.152
2025-04-22,Liquid fuel,0.0
2025-04-22,Solar,266.558
2025-04-22,Wind,4777.022
2025-04-22,Wood,0.0
2025-04-23,Coal,7861.066
2025-04-23,ELE,41.939
2025-04-23,Gas,14709.173
2025-04-23,Geothermal,26015.769
2025-04-23,HYD,0.0
2025-04-23,Hydro,47645.526
2025-04-23,Liquid fuel,0.0
2025-04-23,Solar,377.626
2025-04-23,Wind,12621.008
2025-04-23,Wood,0.0
2025-04-24,Coal,9169.976
2025-04-24,ELE,64.738
2025-04-24,Gas,15274.365
2025-04-24,Geothermal,26220.813
2025-04-24,HYD,0.0
2025-04-24,Hydro,54996.375
2025-04-24,Liquid fuel,0.0
2025-04-24,Solar,314.242
2025-04-24,Wind,3509.273
2025-04-24,Wood,0.0
2025-04-25,Coal,7964.147
2025-04-25,ELE,0.012
2025-04-25,Gas,15015.079
2025-04-25,Geothermal,26248.701
2025-04-25,HYD,0.0
2025-04-25,Hydro,47107.816
2025-04-25,Liquid fuel,0.0
2025-04-25,Solar,239.688
2025-04-25,Wind,3650.222
2025-04-25,Wood,0.0
2025-04-26,Coal,7932.029
2025-04-26,ELE,0.0
2025-04-26,Gas,14078.774
2025-04-26,Geothermal,26187.531
2025-04-26,HYD,0.0
2025-04-26,Hydro,43509.002
2025-04-26,Liquid fuel,0.0
2025-04-26,Solar,177.792
2025-04-26,Wind,6340.252
2025-04-26,Wood,0.0
2025-04-27,Coal,8152.82
2025-04-27,ELE,0.0
2025-04-27,Gas,13860.613
2025-04-27,Geothermal,25972.705
2025-04-27,HYD,0.0
2025-04-27,Hydro,44730.769
2025-04-27,Liquid fuel,0.0
2025-04-27,Solar,99.455
2025-04-27,Wind,5532.76
2025-04-27,Wood,0.0
2025-04-28,Coal,9209.845
2025-04-28,ELE,83.861
2025-04-28,Gas,15820.628
2025-04-28,Geothermal,25778.284
2025-04-28,HYD,0.0
2025-04-28,Hydro,52588.396
2025-04-28,Liquid fuel,0.0
2025-04-28,Solar,157.742
2025-04-28,Wind,4907.728
2025-04-28,Wood,0.0
2025-04-29,Coal,9013.991
2025-04-29,ELE,0.382
2025-04-29,Gas,14143.51
2025-04-29,Geothermal,25531.791
2025-04-29,HYD,0.0
2025-04-29,Hydro,55172.943
2025-04-29,Liquid fuel,0.0
2025-04-29,Solar,156.237
2025-04-29,Wind,7690.999
2025-04-29,Wood,0.0
2025-04-30,Coal,8443.318
2025-04-30,ELE,31.48
2025-04-30,Gas,13337.138
2025-04-30,Geothermal,25385.987
2025-04-30,HYD,0.0
2025-04-30,Hydro,53442.023
2025-04-30,Liquid fuel,0.0
2025-04-30,Solar,185.074
2025-04-30,Wind,14668.502
2025-04-30,Wood,0.0
2025-05-01,Coal,8682.413
2025-05-01,ELE,0.054
2025-05-01,Gas,12771.291
2025-05-01,Geothermal,25507.003
2025-05-01,HYD,0.0
2025-05-01,Hydro,63436.623
2025-05-01,Liquid fuel,0.0
2025-05-01,Solar,241.145
2025-05-01,Wind,8768.215
2025-05-01,Wood,0.0
2025-05-02,Coal,6169.432
2025-05-02,ELE,0.057
2025-05-02,Gas,17705.61
2025-05-02,Geothermal,26374.851
2025-05-02,HYD,0.0
2025-05-02,Hydro,58209.566
2025-05-02,Liquid fuel,0.0
2025-05-02,Solar,322.634
2025-05-02,Wind,8977.285
2025-05-02,Wood,0.0
2025-05-03,Coal,8005.822
2025-05-03,ELE,0.0
2025-05-03,Gas,17259.637
2025-05-03,Geothermal,27030.629
2025-05-03,HYD,0.0
2025-05-03,Hydro,48151.927
2025-05-03,Liquid fuel,0.0
2025-05-03,Solar,362.341
2025-05-03,Wind,5893.134
2025-05-03,Wood,0.0
2025-05-04,Coal,8206.1
2025-05-04,ELE,0.0
2025-05-04,Gas,16222.484
2025-05-04,Geothermal,27021.916
2025-05-04,HYD,0.0
2025-05-04,Hydro,46175.33
2025-05-04,Liquid fuel,0.0
2025-05-04,Solar,406.541
2025-05-04,Wind,8319.241
2025-05-04,Wood,0.0
2025-05-05,Coal,10833.451
2025-05-05,ELE,0.0
2025-05-05,Gas,19456.358
2025-05-05,Geothermal,27379.316
2025-05-05,HYD,0.0
2025-05-05,Hydro,59467.674
2025-05-05,Liquid fuel,0.0
2025-05-05,Solar,381.932
2025-05-05,Wind,1009.443
2025-05-05,Wood,0.0
2025-05-06,Coal,11095.173
2025-05-06,ELE,0.0
2025-05-06,Gas,16932.19
2025-05-06,Geothermal,27073.063
2025-05-06,HYD,0.0
2025-05-06,Hydro,53840.968
2025-05-06,Liquid fuel,0.0
2025-05-06,Solar,292.265
2025-05-06,Wind,10010.699
2025-05-06,Wood,0.0
2025-05-07,Coal,9383.282
2025-05-07,ELE,0.0
2025-05-07,Gas,14150.914
2025-05-07,Geothermal,27346.696
2025-05-07,HYD,0.0
2025-05-07,Hydro,46266.982
2025-05-07,Liquid fuel,0.0
2025-05-07,Solar,347.497
2025-05-07,Wind,17371.582
2025-05-07,Wood,0.0
2025-05-08,Coal,9088.1
2025-05-08,ELE,0.0
2025-05-08,Gas,15623.853
2025-05-08,Geothermal,26963.222
2025-05-08,HYD,0.0
2025-05-08,Hydro,47432.043
2025-05-08,Liquid fuel,0.0
2025-05-08,Solar,146.685
2025-05-08,Wind,13420.234
2025-05-08,Wood,0.0
2025-05-09,Coal,7157.338
2025-05-09,ELE,0.0
2025-05-09,Gas,14964.791
2025-05-09,Geothermal,26632.592
2025-05-09,HYD,0.0
2025-05-09,Hydro,52534.96
2025-05-09,Liquid fuel,0.0
2025-05-09,Solar,88.285
2025-05-09,Wind,12168.158
2025-05-09,Wood,0.0
2025-05-10,Coal,8008.996
2025-05-10,ELE,0.0
2025-05-10,Gas,13784.454
2025-05-10,Geothermal,27311.047
2025-05-10,HYD,1.467
2025-05-10,Hydro,48874.416
2025-05-10,Liquid fuel,0.0
2025-05-10,Solar,232.037
2025-05-10,Wind,4744.46
2025-05-10,Wood,0.0
2025-05-11,Coal,8076.85
2025-05-11,ELE,0.0
2025-05-11,Gas,12009.63
2025-05-11,Geothermal,27014.076
2025-05-11,HYD,2.893
2025-05-11,Hydro,49971.469
2025-05-11,Liquid fuel,0.0
2025-05-11,Solar,378.783
2025-05-11,Wind,4878.886
2025-05-11,Wood,0.0
2025-05-12,Coal,8622.725
2025-05-12,ELE,58.638
2025-05-12,Gas,14126.147
2025-05-12,Geothermal,26529.588
2025-05-12,HYD,0.0
2025-05-12,Hydro,57864.424
2025-05-12,Liquid fuel,0.0
2025-05-12,Solar,337.084
2025-05-12,Wind,6324.919
2025-05-12,Wood,0.0
2025-05-13,Coal,6636.807
2025-05-13,ELE,53.345
2025-05-13,Gas,13139.467
2025-05-13,Geothermal,25868.303
2025-05-13,HYD,0.129
2025-05-13,Hydro,52984.736
2025-05-13,Liquid fuel,0.0
2025-05-13,Solar,312.625
2025-05-13,Wind,17447.051
2025-05-13,Wood,0.0
2025-05-14,Coal,7526.134
2025-05-14,ELE,55.098
2025-05-14,Gas,13189.168
2025-05-14,Geothermal,26275.845
2025-05-14,HYD,0.243
2025-05-14,Hydro,60870.683
2025-05-14,Liquid fuel,0.0
2025-05-14,Solar,331.38
2025-05-14,Wind,6562.629
2025-05-14,Wood,0.0
2025-05-15,Coal,5286.934
2025-05-15,ELE,59.771
2025-05-15,Gas,11853.543
2025-05-15,Geothermal,26447.566
2025-05-15,HYD,0.0
2025-05-15,Hydro,54816.051
2025-05-15,Liquid fuel,0.0
2025-05-15,Solar,303.678
2025-05-15,Wind,16764.35
2025-05-15,Wood,0.0
2025-05-16,Coal,2735.47
2025-05-16,ELE,50.068
2025-05-16,Gas,11539.979
2025-05-16,Geothermal,26756.217
2025-05-16,HYD,0.0
2025-05-16,Hydro,53512.332
2025-05-16,Liquid fuel,0.0
2025-05-16,Solar,311.559
2025-05-16,Wind,16843.187
2025-05-16,Wood,0.0
2025-05-17,Coal,2521.729
2025-05-17,ELE,0.0
2025-05-17,Gas,8962.71
2025-05-17,Geothermal,26949.793
2025-05-17,HYD,0.0
2025-05-17,Hydro,48947.123
2025-05-17,Liquid fuel,0.0
2025-05-17,Solar,304.406
2025-05-17,Wind,14865.415
2025-05-17,Wood,0.0
2025-05-18,Coal,3566.612
2025-05-18,ELE,0.0
2025-05-18,Gas,8074.676
2025-05-18,Geothermal,26402.123
2025-05-18,HYD,0.0
2025-05-18,Hydro,49421.302
2025-05-18,Liquid fuel,0.0
2025-05-18,Solar,96.759
2025-05-18,Wind,15383.454
2025-05-18,Wood,0.0
2025-05-19,Coal,3506.846
2025-05-19,ELE,4.767
2025-05-19,Gas,13480.158
2025-05-19,Geothermal,26489.773
2025-05-19,HYD,0.0
2025-05-19,Hydro,61747.475
2025-05-19,Liquid fuel,0.0
2025-05-19,Solar,283.92
2025-05-19,Wind,10635.867
2025-05-19,Wood,0.0
2025-05-20,Coal,6697.83
2025-05-20,ELE,31.342
2025-05-20,Gas,13752.574
2025-05-20,Geothermal,26974.433
2025-05-20,HYD,0.0
2025-05-20,Hydro,64129.032
2025-05-20,Liquid fuel,0.0
2025-05-20,Solar,368.755
2025-05-20,Wind,8130.727
2025-05-20,Wood,0.0
2025-05-21,Coal,7201.084
2025-05-21,ELE,6.546
2025-05-21,Gas,13740.672
2025-05-21,Geothermal,26819.368
2025-05-21,HYD,0.0
2025-05-21,Hydro,65762.841
2025-05-21,Liquid fuel,0.0
2025-05-21,Solar,359.835
2025-05-21,Wind,4831.118
2025-05-21,Wood,0.0
2025-05-22,Coal,6901.232
2025-05-22,ELE,39.676
2025-05-22,Gas,13677.113
2025-05-22,Geothermal,27259.345
2025-05-22,HYD,0.0
2025-05-22,Hydro,63845.523
2025-05-22,Liquid fuel,0.0
2025-05-22,Solar,363.604
2025-05-22,Wind,9772.978
2025-05-22,Wood,0.0
2025-05-23,Coal,6698.129
2025-05-23,ELE,79.525
2025-05-23,Gas,13054.931
2025-05-23,Geothermal,27039.245
2025-05-23,HYD,0.0
2025-05-23,Hydro,64733.061
2025-05-23,Liquid fuel,0.0
2025-05-23,Solar,353.079
2025-05-23,Wind,5757.329
2025-05-23,Wood,0.0
2025-05-24,Coal,4479.392
2025-05-24,ELE,0.0
2025-05-24,Gas,12211.247
2025-05-24,Geothermal,27181.184
2025-05-24,HYD,0.0
2025-05-24,Hydro,61055.857
2025-05-24,Liquid fuel,0.0
2025-05-24,Solar,319.549
2025-05-24,Wind,3470.986
2025-05-24,Wood,0.0
2025-05-25,Coal,3261.717
2025-05-25,ELE,0.0
2025-05-25,Gas,10032.958
2025-05-25,Geothermal,27056.449
2025-05-25,HYD,0.0
2025-05-25,Hydro,47269.63
2025-05-25,Liquid fuel,0.0
2025-05-25,Solar,281.743
2025-05-25,Wind,18429.7
2025-05-25,Wood,0.0
2025-05-26,Coal,3064.062
2025-05-26,ELE,0.0
2025-05-26,Gas,11019.445
2025-05-26,Geothermal,26710.873
2025-05-26,HYD,0.0
2025-05-26,Hydro,56132.173
2025-05-26,Liquid fuel,0.0
2025-05-26,Solar,106.87
2025-05-26,Wind,16722.442
2025-05-26,Wood,0.0
2025-05-27,Coal,6597.334
2025-05-27,ELE,139.885
2025-05-27,Gas,11853.154
2025-05-27,Geothermal,26675.321
2025-05-27,HYD,0.0
2025-05-27,Hydro,64589.717
2025-05-27,Liquid fuel,0.0
2025-05-27,Solar,118.48
2025-05-27,Wind,5345.192
2025-05-27,Wood,0.0
2025-05-28,Coal,4097.682
2025-05-28,ELE,99.729
2025-05-28,Gas,12853.472
2025-05-28,Geothermal,26497.923
2025-05-28,HYD,0.0
2025-05-28,Hydro,67439.874
2025-05-28,Liquid fuel,0.0
2025-05-28,Solar,32.419
2025-05-28,Wind,9004.346
2025-05-28,Wood,0.0
2025-05-29,Coal,2139.471
2025-05-29,ELE,0.0
2025-05-29,Gas,11235.962
2025-05-29,Geothermal,26636.599
2025-05-29,HYD,0.0
2025-05-29,Hydro,67388.339
2025-05-29,Liquid fuel,0.0
2025-05-29,Solar,196.315
2025-05-29,Wind,9387.722
2025-05-29,Wood,0.0
2025-05-30,ELE,0.0
2025-05-30,Gas,11252.66
2025-05-30,Geothermal,26768.36
2025-05-30,HYD,0.0
2025-05-30,Hydro,60027.667
2025-05-30,Liquid fuel,0.0
2025-05-30,Solar,270.748
2025-05-30,Wind,16171.731
2025-05-30,Wood,0.0
2025-05-31,ELE,0.0
2025-05-31,Gas,8703.88
2025-05-31,Geothermal,26901.105
2025-05-31,HYD,0.0
2025-05-31,Hydro,48241.487
2025-05-31,Liquid fuel,0.0
2025-05-31,Solar,278.879
2025-05-31,Wind,20376.541
2025-05-31,Wood,0.0
2025-06-01,ELE,0.0
2025-06-01,Gas,9879.004
2025-06-01,Geothermal,26881.349
2025-06-01,HYD,0.0
2025-06-01,Hydro,52377.702
2025-06-01,Liquid fuel,0.0
2025-06-01,Solar,275.834
2025-06-01,Wind,13872.25
2025-06-01,Wood,0.0
2025-06-02,ELE,0.0
2025-06-02,Gas,9489.068
2025-06-02,Geothermal,26982.497
2025-06-02,HYD,0.0
2025-06-02,Hydro,53541.878
2025-06-02,Liquid fuel,0.0
2025-06-02,Solar,312.551
2025-06-02,Wind,15488.763
2025-06-02,Wood,0.0
2025-06-03,Coal,2475.785
2025-06-03,ELE,5.541
2025-06-03,Gas,9605.05
2025-06-03,Geothermal,26979.986
2025-06-03,HYD,0.0
2025-06-03,Hydro,59772.171
2025-06-03,Liquid fuel,0.0
2025-06-03,Solar,232.613
2025-06-03,Wind,18041.918
2025-06-03,Wood,0.0
2025-06-04,Coal,2726.053
2025-06-04,ELE,0.408
2025-06-04,Gas,10849.013
2025-06-04,Geothermal,26469.915
2025-06-04,HYD,0.0
2025-06-04,Hydro,63882.126
2025-06-04,Liquid fuel,0.0
2025-06-04,Solar,18.761
2025-06-04,Wind,14890.937
2025-06-04,Wood,0.0
2025-06-05,Coal,1619.617
2025-06-05,ELE,0.088
2025-06-05,Gas,8659.978
2025-06-05,Geothermal,26308.369
2025-06-05,HYD,0.0
2025-06-05,Hydro,60840.703
2025-06-05,Liquid fuel,0.0
2025-06-05,Solar,187.503
2025-06-05,Wind,17704.177
2025-06-05,Wood,0.0
2025-06-06,Coal,2621.174
2025-06-06,ELE,0.063
2025-06-06,Gas,13893.277
2025-06-06,Geothermal,26864.363
2025-06-06,HYD,0.0
2025-06-06,Hydro,76639.745
2025-06-06,Liquid fuel,0.0
2025-06-06,Solar,174.061
2025-06-06,Wind,4536.765
2025-06-06,Wood,0.0
2025-06-07,Coal,2257.194
2025-06-07,ELE,0.028
2025-06-07,Gas,13901.148
2025-06-07,Geothermal,27138.712
2025-06-07,HYD,0.0
2025-06-07,Hydro,65643.99
2025-06-07,Liquid fuel,0.0
2025-06-07,Solar,300.518
2025-06-07,Wind,9998.405
2025-06-07,Wood,0.0
2025-06-08,Coal,3643.813
2025-06-08,ELE,0.006
2025-06-08,Gas,15270.969
2025-06-08,Geothermal,27367.336
2025-06-08,HYD,0.0
2025-06-08,Hydro,71150.377
2025-06-08,Liquid fuel,0.0
2025-06-08,Solar,321.94
2025-06-08,Wind,2950.913
2025-06-08,Wood,0.0
2025-06-09,Coal,6085.225
2025-06-09,ELE,0.12
2025-06-09,Gas,15359.646
2025-06-09,Geothermal,27189.756
2025-06-09,HYD,0.0
2025-06-09,Hydro,75561.866
2025-06-09,Liquid fuel,0.0
2025-06-09,Solar,278.527
2025-06-09,Wind,3867.191
2025-06-09,Wood,0.0
2025-06-10,Coal,6781.299
2025-06-10,ELE,0.252
2025-06-10,Gas,15446.332
2025-06-10,Geothermal,27085.73
2025-06-10,HYD,0.0
2025-06-10,Hydro,71994.139
2025-06-10,Liquid fuel,0.0
2025-06-10,Solar,160.846
2025-06-10,Wind,8346.8
2025-06-10,Wood,0.0
2025-06-11,Coal,1762.952
2025-06-11,ELE,0.0
2025-06-11,Gas,13852.922
2025-06-11,Geothermal,26592.698
2025-06-11,HYD,0.0
2025-06-11,Hydro,62398.171
2025-06-11,Liquid fuel,0.0
2025-06-11,Solar,238.36
2025-06-11,Wind,17074.88
2025-06-11,Wood,0.0
2025-06-12,Coal,1363.994
2025-06-12,ELE,0.0
2025-06-12,Gas,13107.64
2025-06-12,Geothermal,27117.255
2025-06-12,HYD,0.0
2025-06-12,Hydro,69530.334
2025-06-12,Liquid fuel,0.0
2025-06-12,Solar,194.433
2025-06-12,Wind,9049.008
2025-06-12,Wood,0.0
2025-06-13,ELE,0.0
2025-06-13,Gas,15684.597
2025-06-13,Geothermal,27632.817
2025-06-13,HYD,0.0
2025-06-13,Hydro,69498.353
2025-06-13,Liquid fuel,0.0
2025-06-13,Solar,277.463
2025-06-13,Wind,4713.789
2025-06-13,Wood,0.0
2025-06-14,ELE,0.0
2025-06-14,Gas,14175.406
2025-06-14,Geothermal,27418.374
2025-06-14,HYD,0.0
2025-06-14,Hydro,57989.597
2025-06-14,Liquid fuel,0.0
2025-06-14,Solar,306.092
2025-06-14,Wind,9127.216
2025-06-14,Wood,0.0
2025-06-15,Coal,1152.808
2025-06-15,ELE,0.0
2025-06-15,Gas,16375.733
2025-06-15,Geothermal,27407.734
2025-06-15,HYD,0.0
2025-06-15,Hydro,64475.143
2025-06-15,Liquid fuel,0.0
2025-06-15,Solar,234.442
2025-06-15,Wind,5341.523
2025-06-15,Wood,0.0
2025-06-16,Coal,2671.624
2025-06-16,ELE,0.0
2025-06-16,Gas,17157.032
2025-06-16,Geothermal,25303.402
2025-06-16,HYD,0.0
2025-06-16,Hydro,69986.502
2025-06-16,Liquid fuel,0.0
2025-06-16,Solar,298.328
2025-06-16,Wind,11783.638
2025-06-16,Wood,0.0
2025-06-17,Coal,5546.307
2025-06-17,ELE,0.0
2025-06-17,Gas,17795.014
2025-06-17,Geothermal,24100.367
2025-06-17,HYD,0.0
2025-06-17,Hydro,74837.023
2025-06-17,Liquid fuel,0.0
2025-06-17,Solar,289.41
2025-06-17,Wind,5792.617
2025-06-17,Wood,0.0
2025-06-18,Coal,6844.775
2025-06-18,ELE,0.0
2025-06-18,Gas,18366.809
2025-06-18,Geothermal,24975.633
2025-06-18,HYD,0.0
2025-06-18,Hydro,78617.66
2025-06-18,Liquid fuel,0.0
2025-06-18,Solar,321.334
2025-06-18,Wind,1668.964
2025-06-18,Wood,0.0
2025-06-19,Coal,3402.708
2025-06-19,ELE,0.0
2025-06-19,Gas,16187.946
2025-06-19,Geothermal,25243.134
2025-06-19,HYD,0.0
2025-06-19,Hydro,63230.791
2025-06-19,Liquid fuel,0.0
2025-06-19,Solar,277.043
2025-06-19,Wind,17486.831
2025-06-19,Wood,0.0
2025-06-20,Coal,6.091
2025-06-20,ELE,0.0
2025-06-20,Gas,13702.933
2025-06-20,Geothermal,25768.977
2025-06-20,HYD,0.0
2025-06-20,Hydro,51235.567
2025-06-20,Liquid fuel,0.0
2025-06-20,Solar,222.686
2025-06-20,Wind,18987.752
2025-06-20,Wood,0.0
2025-06-21,ELE,0.0
2025-06-21,Gas,13120.169
2025-06-21,Geothermal,27767.28
2025-06-21,HYD,0.0
2025-06-21,Hydro,62467.233
2025-06-21,Liquid fuel,0.0
2025-06-21,Solar,299.817
2025-06-21,Wind,7064.903
2025-06-21,Wood,0.0
2025-06-22,ELE,0.0
2025-06-22,Gas,14073.414
2025-06-22,Geothermal,27427.697
2025-06-22,HYD,0.0
2025-06-22,Hydro,62754.96
2025-06-22,Liquid fuel,0.0
2025-06-22,Solar,345.597
2025-06-22,Wind,10592.471
2025-06-22,Wood,0.0
2025-06-23,Coal,1964.308
2025-06-23,ELE,0.0
2025-06-23,Gas,14599.155
2025-06-23,Geothermal,27381.635
2025-06-23,HYD,0.0
2025-06-23,Hydro,69768.777
2025-06-23,Liquid fuel,0.0
2025-06-23,Solar,278.067
2025-06-23,Wind,7452.894
2025-06-23,Wood,0.0
2025-06-24,Coal,2208.404
2025-06-24,ELE,0.0
2025-06-24,Gas,13251.421
2025-06-24,Geothermal,27599.013
2025-06-24,HYD,0.0
2025-06-24,Hydro,72622.356
2025-06-24,Liquid fuel,0.0
2025-06-24,Solar,325.256
2025-06-24,Wind,10019.02
2025-06-24,Wood,0.0
2025-06-25,ELE,0.0
2025-06-25,Gas,13643.217
2025-06-25,Geothermal,27661.282
2025-06-25,HYD,0.0
2025-06-25,Hydro,67050.291
2025-06-25,Liquid fuel,0.0
2025-06-25,Solar,206.68
2025-06-25,Wind,15627.355
2025-06-25,Wood,0.0
2025-06-26,ELE,0.0
2025-06-26,Gas,12713.379
2025-06-26,Geothermal,27258.797
2025-06-26,HYD,0.0
2025-06-26,Hydro,59319.111
2025-06-26,Liquid fuel,0.0
2025-06-26,Solar,117.219
2025-06-26,Wind,17311.446
2025-06-26,Wood,0.0
2025-06-27,ELE,0.0
2025-06-27,Gas,13052.42
2025-06-27,Geothermal,27303.296
2025-06-27,HYD,0.0
2025-06-27,Hydro,68149.931
2025-06-27,Liquid fuel,0.0
2025-06-27,Solar,93.184
2025-06-27,Wind,9766.943
2025-06-27,Wood,0.0
2025-06-28,ELE,0.0
2025-06-28,Gas,10312.227
2025-06-28,Geothermal,27614.884
2025-06-28,HYD,0.0
2025-06-28,Hydro,61833.787
2025-06-28,Liquid fuel,0.0
2025-06-28,Solar,246.275
2025-06-28,Wind,10535.707
2025-06-28,Wood,0.0
2025-06-29,ELE,0.0
2025-06-29,Gas,9908.29
2025-06-29,Geothermal,27681.721
2025-06-29,HYD,0.0
2025-06-29,Hydro,64882.614
2025-06-29,Liquid fuel,0.0
2025-06-29,Solar,229.381
2025-06-29,Wind,6213.276
2025-06-29,Wood,0.0
2025-06-30,Coal,204.726
2025-06-30,ELE,0.0
2025-06-30,Gas,7465.319
2025-06-30,Geothermal,27633.02
2025-06-30,HYD,0.0
2025-06-30,Hydro,73863.053
2025-06-30,Liquid fuel,0.0
2025-06-30,Solar,320.198
2025-06-30,Wind,11589.748
2025-06-30,Wood,0.0
2025-07-01,Coal,2696.66
2025-07-01,ELE,0.0
2025-07-01,Gas,7636.124
2025-07-01,Geothermal,27813.799
2025-07-01,HYD,0.0
2025-07-01,Hydro,84966.492
2025-07-01,Liquid fuel,0.0
2025-07-01,Solar,493.306
2025-07-01,Wind,2047.944
2025-07-01,Wood,0.0
2025-07-02,Coal,2850.035
2025-07-02,ELE,0.0
2025-07-02,Gas,9582.173
2025-07-02,Geothermal,27300.438
2025-07-02,HYD,0.0
2025-07-02,Hydro,82790.007
2025-07-02,Liquid fuel,0.0
2025-07-02,Solar,197.788
2025-07-02,Wind,6392.218
2025-07-02,Wood,0.0
2025-07-03,Coal,595.734
2025-07-03,ELE,0.0
2025-07-03,Gas,9431.194
2025-07-03,Geothermal,26775.639
2025-07-03,HYD,0.0
2025-07-03,Hydro,82086.269
2025-07-03,Liquid fuel,0.0
2025-07-03,Solar,39.865
2025-07-03,Wind,8541.65
2025-07-03,Wood,0.0
2025-07-04,Coal,83.982
2025-07-04,ELE,0.0
2025-07-04,Gas,7904.171
2025-07-04,Geothermal,27456.918
2025-07-04,HYD,0.0
2025-07-04,Hydro,73177.818
2025-07-04,Liquid fuel,0.0
2025-07-04,Solar,250.113
2025-07-04,Wind,9007.369
2025-07-04,Wood,0.0
2025-07-05,ELE,0.0
2025-07-05,Gas,7708.789
2025-07-05,Geothermal,27662.043
2025-07-05,HYD,0.0
2025-07-05,Hydro,61269.081
2025-07-05,Liquid fuel,0.0
2025-07-05,Solar,247.242
2025-07-05,Wind,12058.208
2025-07-05,Wood,0.0
2025-07-06,ELE,0.0
2025-07-06,Gas,7496.919
2025-07-06,Geothermal,28072.298
2025-07-06,HYD,0.0
2025-07-06,Hydro,66236.483
2025-07-06,Liquid fuel,0.0
2025-07-06,Solar,411.009
2025-07-06,Wind,9173.575
2025-07-06,Wood,0.0
2025-07-07,Coal,2665.377
2025-07-07,ELE,0.0
2025-07-07,Gas,8394.142
2025-07-07,Geothermal,28063.199
2025-07-07,HYD,0.0
2025-07-07,Hydro,77757.902
2025-07-07,Liquid fuel,0.0
2025-07-07,Solar,475.629
2025-07-07,Wind,10286.741
2025-07-07,Wood,0.0
2025-07-08,Coal,1702.788
2025-07-08,ELE,0.0
2025-07-08,Gas,9027.632
2025-07-08,Geothermal,28002.025
2025-07-08,HYD,0.0
2025-07-08,Hydro,82479.694
2025-07-08,Liquid fuel,0.0
2025-07-08,Solar,364.466
2025-07-08,Wind,7145.991
2025-07-08,Wood,0.0
2025-07-09,Coal,1067.239
2025-07-09,ELE,0.0
2025-07-09,Gas,10211.364
2025-07-09,Geothermal,26452.734
2025-07-09,HYD,0.0
2025-07-09,Hydro,82398.294
2025-07-09,Liquid fuel,0.0
2025-07-09,Solar,156.19
2025-07-09,Wind,6749.821
2025-07-09,Wood,0.0
2025-07-10,ELE,0.0
2025-07-10,Gas,9992.232
2025-07-10,Geothermal,23715.379
2025-07-10,HYD,0.0
2025-07-10,Hydro,80587.934
2025-07-10,Liquid fuel,0.0
2025-07-10,Solar,356.995
2025-07-10,Wind,5965.139
2025-07-10,Wood,0.0
2025-07-11,ELE,0.0
2025-07-11,Gas,8934.503
2025-07-11,Geothermal,23544.354
2025-07-11,HYD,0.0
2025-07-11,Hydro,75488.921
2025-07-11,Liquid fuel,0.0
2025-07-11,Solar,74.95
2025-07-11,Wind,13804.624
2025-07-11,Wood,0.0
2025-07-12,ELE,0.0
2025-07-12,Gas,8414.386
2025-07-12,Geothermal,23799.869
2025-07-12,HYD,0.0
2025-07-12,Hydro,63449.231
2025-07-12,Liquid fuel,0.0
2025-07-12,Solar,414.858
2025-07-12,Wind,11522.618
2025-07-12,Wood,0.0
2025-07-13,ELE,0.0
2025-07-13,Gas,9016.68
2025-07-13,Geothermal,23825.42
2025-07-13,HYD,0.0
2025-07-13,Hydro,71641.059
2025-07-13,Liquid fuel,0.0
2025-07-13,Solar,284.29
2025-07-13,Wind,8147.272
2025-07-13,Wood,0.0
2025-07-14,Coal,1630.401
2025-07-14,ELE,0.014
2025-07-14,Gas,8187.274
2025-07-14,Geothermal,24795.395
2025-07-14,HYD,0.0
2025-07-14,Hydro,79335.732
2025-07-14,Liquid fuel,0.0
2025-07-14,Solar,413.109
2025-07-14,Wind,7348.301
2025-07-14,Wood,0.0
2025-07-15,ELE,0.058
2025-07-15,Gas,8739.21
2025-07-15,Geothermal,27503.993
2025-07-15,HYD,0.0
2025-07-15,Hydro,79236.781
2025-07-15,Liquid fuel,150.446
2025-07-15,Solar,402.241
2025-07-15,Wind,10552.49
2025-07-15,Wood,0.0
2025-07-16,ELE,0.014
2025-07-16,Gas,8597.274
2025-07-16,Geothermal,27379.108
2025-07-16,HYD,0.0
2025-07-16,Hydro,75511.937
2025-07-16,Liquid fuel,67.556
2025-07-16,Solar,473.545
2025-07-16,Wind,12865.938
2025-07-16,Wood,0.0
2025-07-17,Coal,1801.621
2025-07-17,ELE,0.063
2025-07-17,Gas,9259.916
2025-07-17,Geothermal,26813.298
2025-07-17,HYD,0.0
2025-07-17,Hydro,86359.464
2025-07-17,Liquid fuel,0.0
2025-07-17,Solar,296.773
2025-07-17,Wind,6897.176
2025-07-17,Wood,0.0
2025-07-18,Coal,638.56
2025-07-18,ELE,0.106
2025-07-18,Gas,10349.155
2025-07-18,Geothermal,26888.74
2025-07-18,HYD,0.0
2025-07-18,Hydro,81391.78
2025-07-18,Liquid fuel,0.0
2025-07-18,Solar,414.87
2025-07-18,Wind,8101.951
2025-07-18,Wood,0.0
2025-07-19,ELE,0.0
2025-07-19,Gas,9145.265
2025-07-19,Geothermal,27257.865
2025-07-19,HYD,0.0
2025-07-19,Hydro,76827.789
2025-07-19,Liquid fuel,0.0
2025-07-19,Solar,411.145
2025-07-19,Wind,6446.82
2025-07-19,Wood,0.0
2025-07-20,Coal,948.925
2025-07-20,ELE,0.0
2025-07-20,Gas,9219.943
2025-07-20,Geothermal,27220.246
2025-07-20,HYD,0.0
2025-07-20,Hydro,76905.462
2025-07-20,Liquid fuel,0.0
2025-07-20,Solar,529.642
2025-07-20,Wind,2812.673
2025-07-20,Wood,0.0
2025-07-21,Coal,3867.779
2025-07-21,ELE,0.003
2025-07-21,Gas,12670.935
2025-07-21,Geothermal,26732.68
2025-07-21,HYD,0.0
2025-07-21,Hydro,85145.456
2025-07-21,Liquid fuel,26.68
2025-07-21,Solar,546.117
2025-07-21,Wind,4682.881
2025-07-21,Wood,0.0
2025-07-22,Coal,5870.942
2025-07-22,ELE,0.001
2025-07-22,Gas,15667.199
2025-07-22,Geothermal,23971.0
2025-07-22,HYD,0.0
2025-07-22,Hydro,82157.447
2025-07-22,Liquid fuel,0.0
2025-07-22,Solar,553.438
2025-07-22,Wind,6919.048
2025-07-22,Wood,0.0
2025-07-23,Coal,5777.164
2025-07-23,ELE,0.0
2025-07-23,Gas,16081.198
2025-07-23,Geothermal,22938.86
2025-07-23,HYD,0.0
2025-07-23,Hydro,85935.472
2025-07-23,Liquid fuel,0.0
2025-07-23,Solar,523.49
2025-07-23,Wind,4594.3
2025-07-23,Wood,0.0
2025-07-24,Coal,5759.363
2025-07-24,ELE,0.028
2025-07-24,Gas,15825.059
2025-07-24,Geothermal,25257.442
2025-07-24,HYD,0.0
2025-07-24,Hydro,85810.98
2025-07-24,Liquid fuel,14.945
2025-07-24,Solar,575.392
2025-07-24,Wind,1442.164
2025-07-24,Wood,0.0
2025-07-25,Coal,4697.537
2025-07-25,ELE,0.67
2025-07-25,Gas,15681.707
2025-07-25,Geothermal,27351.891
2025-07-25,HYD,0.0
2025-07-25,Hydro,83012.839
2025-07-25,Liquid fuel,16.252
2025-07-25,Solar,597.139
2025-07-25,Wind,2579.771
2025-07-25,Wood,0.0
2025-07-26,Coal,2602.837
2025-07-26,ELE,0.132
2025-07-26,Gas,11749.108
2025-07-26,Geothermal,27014.192
2025-07-26,HYD,0.0
2025-07-26,Hydro,72664.596
2025-07-26,Liquid fuel,0.0
2025-07-26,Solar,537.895
2025-07-26,Wind,4400.567
2025-07-26,Wood,0.0
2025-07-27,ELE,0.425
2025-07-27,Gas,11429.592
2025-07-27,Geothermal,27057.897
2025-07-27,HYD,0.0
2025-07-27,Hydro,66810.925
2025-07-27,Liquid fuel,0.0
2025-07-27,Solar,523.225
2025-07-27,Wind,10001.518
2025-07-27,Wood,0.0
2025-07-28,ELE,26.909
2025-07-28,Gas,11674.865
2025-07-28,Geothermal,26961.689
2025-07-28,HYD,0.0
2025-07-28,Hydro,74555.408
2025-07-28,Liquid fuel,0.0
2025-07-28,Solar,271.072
2025-07-28,Wind,10698.942
2025-07-28,Wood,0.0
2025-07-29,ELE,79.426
2025-07-29,Gas,10563.246
2025-07-29,Geothermal,26707.874
2025-07-29,HYD,0.0
2025-07-29,Hydro,75111.748
2025-07-29,Liquid fuel,0.0
2025-07-29,Solar,156.967
2025-07-29,Wind,13268.892
2025-07-29,Wood,0.0
2025-07-30,ELE,1.119
2025-07-30,Gas,9314.913
2025-07-30,Geothermal,26912.044
2025-07-30,HYD,0.0
2025-07-30,Hydro,73111.999
2025-07-30,Liquid fuel,0.0
2025-07-30,Solar,236.856
2025-07-30,Wind,10509.239
2025-07-30,Wood,0.0
2025-07-31,ELE,27.105
2025-07-31,Gas,9034.815
2025-07-31,Geothermal,27171.323
2025-07-31,HYD,0.0
2025-07-31,Hydro,80733.674
2025-07-31,Liquid fuel,0.0
2025-07-31,Solar,207.278
2025-07-31,Wind,8393.424
2025-07-31,Wood,0.0
2025-08-01,ELE,22.246
2025-08-01,Gas,9892.331
2025-08-01,Geothermal,27462.893
2025-08-01,HYD,0.0
2025-08-01,Hydro,79305.117
2025-08-01,Liquid fuel,0.0
2025-08-01,Solar,324.991
2025-08-01,Wind,10276.682
2025-08-01,Wood,0.0
2025-08-02,ELE,19.969
2025-08-02,Gas,9261.702
2025-08-02,Geothermal,27618.601
2025-08-02,HYD,0.0
2025-08-02,Hydro,75765.421
2025-08-02,Liquid fuel,0.0
2025-08-02,Solar,503.555
2025-08-02,Wind,6353.852
2025-08-02,Wood,0.0
2025-08-03,ELE,26.962
2025-08-03,Gas,9098.476
2025-08-03,Geothermal,27496.309
2025-08-03,HYD,0.0
2025-08-03,Hydro,70626.273
2025-08-03,Liquid fuel,0.0
2025-08-03,Solar,480.758
2025-08-03,Wind,10869.678
2025-08-03,Wood,0.0
2025-08-04,Coal,2724.897
2025-08-04,ELE,60.273
2025-08-04,Gas,12811.271
2025-08-04,Geothermal,27300.933
2025-08-04,HYD,0.0
2025-08-04,Hydro,80734.0
2025-08-04,Liquid fuel,0.0
2025-08-04,Solar,331.901
2025-08-04,Wind,12340.6
2025-08-04,Wood,0.0
2025-08-05,Coal,3061.531
2025-08-05,ELE,16.926
2025-08-05,Gas,13108.257
2025-08-05,Geothermal,26703.545
2025-08-05,HYD,0.0
2025-08-05,Hydro,80589.128
2025-08-05,Liquid fuel,0.0
2025-08-05,Solar,324.345
2025-08-05,Wind,9711.977
2025-08-05,Wood,0.0
2025-08-06,Coal,5647.396
2025-08-06,ELE,55.995
2025-08-06,Gas,12993.466
2025-08-06,Geothermal,23167.749
2025-08-06,HYD,0.0
2025-08-06,Hydro,83625.702
2025-08-06,Liquid fuel,0.0
2025-08-06,Solar,328.136
2025-08-06,Wind,5824.075
2025-08-06,Wood,0.0
2025-08-07,Coal,3215.339
2025-08-07,ELE,0.868
2025-08-07,Gas,12748.195
2025-08-07,Geothermal,24858.64
2025-08-07,HYD,0.0
2025-08-07,Hydro,76110.506
2025-08-07,Liquid fuel,0.0
2025-08-07,Solar,433.63
2025-08-07,Wind,10080.054
2025-08-07,Wood,0.0
2025-08-08,Coal,3.631
2025-08-08,ELE,27.151
2025-08-08,Gas,11886.103
2025-08-08,Geothermal,27566.1
2025-08-08,HYD,0.0
2025-08-08,Hydro,71920.315
2025-08-08,Liquid fuel,0.0
2025-08-08,Solar,249.635
2025-08-08,Wind,13993.45
2025-08-08,Wood,0.0
2025-08-09,ELE,22.366
2025-08-09,Gas,10502.959
2025-08-09,Geothermal,28032.862
2025-08-09,HYD,0.0
2025-08-09,Hydro,70591.08
2025-08-09,Liquid fuel,0.0
2025-08-09,Solar,467.731
2025-08-09,Wind,13856.302
2025-08-09,Wood,0.0
2025-08-10,ELE,27.489
2025-08-10,Gas,11396.332
2025-08-10,Geothermal,27920.591
2025-08-10,HYD,0.0
2025-08-10,Hydro,71982.195
2025-08-10,Liquid fuel,0.0
2025-08-10,Solar,581.909
2025-08-10,Wind,15586.446
2025-08-10,Wood,0.0
2025-08-11,Coal,3177.263
2025-08-11,ELE,33.141
2025-08-11,Gas,15588.06
2025-08-11,Geothermal,27633.27
2025-08-11,HYD,0.0
2025-08-11,Hydro,81096.606
2025-08-11,Liquid fuel,0.0
2025-08-11,Solar,558.973
2025-08-11,Wind,6906.786
2025-08-11,Wood,0.0
2025-08-12,Coal,3619.929
2025-08-12,ELE,33.32
2025-08-12,Gas,15152.763
2025-08-12,Geothermal,27840.224
2025-08-12,HYD,0.0
2025-08-12,Hydro,78685.315
2025-08-12,Liquid fuel,0.0
2025-08-12,Solar,481.265
2025-08-12,Wind,8250.362
2025-08-12,Wood,0.0
2025-08-13,Coal,3617.665
2025-08-13,ELE,38.528
2025-08-13,Gas,14460.697
2025-08-13,Geothermal,27770.356
2025-08-13,HYD,0.0
2025-08-13,Hydro,80630.488
2025-08-13,Liquid fuel,0.0
2025-08-13,Solar,703.562
2025-08-13,Wind,4909.238
2025-08-13,Wood,0.0
2025-08-14,Coal,4892.212
2025-08-14,ELE,56.97
2025-08-14,Gas,13652.58
2025-08-14,Geothermal,28087.274
2025-08-14,HYD,0.0
2025-08-14,Hydro,81046.015
2025-08-14,Liquid fuel,0.0
2025-08-14,Solar,757.77
2025-08-14,Wind,3653.746
2025-08-14,Wood,0.0
2025-08-15,Coal,3546.966
2025-08-15,ELE,48.377
2025-08-15,Gas,13973.765
2025-08-15,Geothermal,28093.713
2025-08-15,HYD,0.0
2025-08-15,Hydro,75435.02
2025-08-15,Liquid fuel,0.0
2025-08-15,Solar,685.854
2025-08-15,Wind,4747.934
2025-08-15,Wood,0.0
2025-08-16,Coal,30.793
2025-08-16,ELE,22.96
2025-08-16,Gas,15530.284
2025-08-16,Geothermal,28147.417
2025-08-16,HYD,0.0
2025-08-16,Hydro,71566.633
2025-08-16,Liquid fuel,0.0
2025-08-16,Solar,494.614
2025-08-16,Wind,4637.013
2025-08-16,Wood,0.0
2025-08-17,ELE,0.295
2025-08-17,Gas,14538.98
2025-08-17,Geothermal,27938.495
2025-08-17,HYD,0.0
2025-08-17,Hydro,70907.44
2025-08-17,Liquid fuel,0.0
2025-08-17,Solar,513.019
2025-08-17,Wind,2503.765
2025-08-17,Wood,0.0
2025-08-18,Coal,1353.507
2025-08-18,ELE,3.163
2025-08-18,Gas,13522.273
2025-08-18,Geothermal,27485.446
2025-08-18,HYD,0.0
2025-08-18,Hydro,71811.37
2025-08-18,Liquid fuel,0.0
2025-08-18,Solar,434.301
2025-08-18,Wind,12447.651
2025-08-18,Wood,0.0
2025-08-19,Coal,3053.822
2025-08-19,ELE,38.857
2025-08-19,Gas,15926.837
2025-08-19,Geothermal,27481.513
2025-08-19,HYD,0.0
2025-08-19,Hydro,75522.671
2025-08-19,Liquid fuel,0.0
2025-08-19,Solar,509.935
2025-08-19,Wind,13230.589
2025-08-19,Wood,0.0
2025-08-20,Coal,4392.27
2025-08-20,ELE,41.681
2025-08-20,Gas,15565.379
2025-08-20,Geothermal,27473.844
2025-08-20,HYD,0.0
2025-08-20,Hydro,74817.736
2025-08-20,Liquid fuel,0.0
2025-08-20,Solar,760.713
2025-08-20,Wind,13606.473
2025-08-20,Wood,0.0
2025-08-21,Coal,4604.977
2025-08-21,ELE,24.204
2025-08-21,Gas,14456.366
2025-08-21,Geothermal,27876.232
2025-08-21,HYD,0.0
2025-08-21,Hydro,77229.368
2025-08-21,Liquid fuel,0.0
2025-08-21,Solar,569.03
2025-08-21,Wind,8348.519
2025-08-21,Wood,0.0
2025-08-22,Coal,5444.951
2025-08-22,ELE,34.158
2025-08-22,Gas,13341.32
2025-08-22,Geothermal,28182.643
2025-08-22,HYD,0.0
2025-08-22,Hydro,80245.72
2025-08-22,Liquid fuel,0.0
2025-08-22,Solar,689.432
2025-08-22,Wind,2911.711
2025-08-22,Wood,0.0
2025-08-23,Coal,7737.461
2025-08-23,ELE,1.91
2025-08-23,Gas,14077.932
2025-08-23,Geothermal,28095.396
2025-08-23,HYD,0.0
2025-08-23,Hydro,68922.073
2025-08-23,Liquid fuel,0.0
2025-08-23,Solar,649.011
2025-08-23,Wind,2866.524
2025-08-23,Wood,0.0
2025-08-24,Coal,7289.061
2025-08-24,ELE,0.65
2025-08-24,Gas,14506.434
2025-08-24,Geothermal,27817.287
2025-08-24,HYD,0.0
2025-08-24,Hydro,67509.108
2025-08-24,Liquid fuel,0.0
2025-08-24,Solar,576.896
2025-08-24,Wind,1768.356
2025-08-24,Wood,0.0
2025-08-25,Coal,7332.596
2025-08-25,ELE,8.825
2025-08-25,Gas,14519.695
2025-08-25,Geothermal,28036.388
2025-08-25,HYD,0.0
2025-08-25,Hydro,72559.683
2025-08-25,Liquid fuel,0.0
2025-08-25,Solar,701.887
2025-08-25,Wind,1631.552
2025-08-25,Wood,0.0
2025-08-26,Coal,6417.046
2025-08-26,ELE,10.869
2025-08-26,Gas,14393.117
2025-08-26,Geothermal,27883.133
2025-08-26,HYD,0.0
2025-08-26,Hydro,71194.457
2025-08-26,Liquid fuel,0.0
2025-08-26,Solar,812.341
2025-08-26,Wind,2782.331
2025-08-26,Wood,0.0
2025-08-27,Coal,5705.262
2025-08-27,ELE,33.293
2025-08-27,Gas,14275.308
2025-08-27,Geothermal,27872.824
2025-08-27,HYD,0.0
2025-08-27,Hydro,70655.569
2025-08-27,Liquid fuel,0.0
2025-08-27,Solar,556.346
2025-08-27,Wind,4264.788
2025-08-27,Wood,0.0
2025-08-28,Coal,3372.418
2025-08-28,ELE,25.636
2025-08-28,Gas,13083.106
2025-08-28,Geothermal,27697.787
2025-08-28,HYD,0.0
2025-08-28,Hydro,62007.662
2025-08-28,Liquid fuel,0.0
2025-08-28,Solar,630.052
2025-08-28,Wind,14682.461
2025-08-28,Wood,0.0
2025-08-29,Coal,40.978
2025-08-29,ELE,103.14
2025-08-29,Gas,12631.82
2025-08-29,Geothermal,27854.226
2025-08-29,HYD,0.0
2025-08-29,Hydro,56916.624
2025-08-29,Liquid fuel,0.0
2025-08-29,Solar,652.259
2025-08-29,Wind,20179.052
2025-08-29,Wood,0.0
2025-08-30,ELE,63.776
2025-08-30,Gas,11359.236
2025-08-30,Geothermal,27966.75
2025-08-30,HYD,0.0
2025-08-30,Hydro,51368.356
2025-08-30,Liquid fuel,0.0
2025-08-30,Solar,747.874
2025-08-30,Wind,20085.65
2025-08-30,Wood,0.0
2025-08-31,Coal,1062.326
2025-08-31,ELE,145.699
2025-08-31,Gas,13730.265
2025-08-31,Geothermal,27829.67
2025-08-31,HYD,0.0
2025-08-31,Hydro,63286.381
2025-08-31,Liquid fuel,0.0
2025-08-31,Solar,334.306
2025-08-31,Wind,11945.245
2025-08-31,Wood,0.0
2025-09-01,Coal,2199.424
2025-09-01,ELE,49.246
2025-09-01,Gas,13726.039
2025-09-01,Geothermal,27617.96
2025-09-01,HYD,0.0
2025-09-01,Hydro,62865.695
2025-09-01,Liquid fuel,0.0
2025-09-01,Solar,772.41
2025-09-01,Wind,17820.981
2025-09-01,Wood,0.0
2025-09-02,Coal,2904.469
2025-09-02,ELE,34.748
2025-09-02,Gas,14484.782
2025-09-02,Geothermal,26832.694
2025-09-02,HYD,0.0
2025-09-02,Hydro,61359.842
2025-09-02,Liquid fuel,0.0
2025-09-02,Solar,657.386
2025-09-02,Wind,17465.093
2025-09-02,Wood,0.0
2025-09-03,Coal,4188.802
2025-09-03,ELE,61.285
2025-09-03,Gas,14706.318
2025-09-03,Geothermal,27280.729
2025-09-03,HYD,0.0
2025-09-03,Hydro,71627.792
2025-09-03,Liquid fuel,0.0
2025-09-03,Solar,977.362
2025-09-03,Wind,4514.959
2025-09-03,Wood,0.0
2025-09-04,Coal,3277.008
2025-09-04,ELE,37.096
2025-09-04,Gas,12799.445
2025-09-04,Geothermal,27762.803
2025-09-04,HYD,0.0
2025-09-04,Hydro,59646.432
2025-09-04,Liquid fuel,0.0
2025-09-04,Solar,824.356
2025-09-04,Wind,19032.597
2025-09-04,Wood,0.0
2025-09-05,Coal,289.164
2025-09-05,ELE,132.109
2025-09-05,Gas,11585.009
2025-09-05,Geothermal,27587.182
2025-09-05,HYD,0.0
2025-09-05,Hydro,56874.589
2025-09-05,Liquid fuel,0.0
2025-09-05,Solar,724.462
2025-09-05,Wind,21691.434
2025-09-05,Wood,0.0
2025-09-06,Coal,1243.499
2025-09-06,ELE,94.366
2025-09-06,Gas,10287.454
2025-09-06,Geothermal,27711.186
2025-09-06,HYD,0.0
2025-09-06,Hydro,64476.203
2025-09-06,Liquid fuel,0.0
2025-09-06,Solar,428.617
2025-09-06,Wind,11711.335
2025-09-06,Wood,0.0
2025-09-07,Coal,1430.743
2025-09-07,ELE,1.845
2025-09-07,Gas,10400.092
2025-09-07,Geothermal,27866.793
2025-09-07,HYD,0.0
2025-09-07,Hydro,59408.939
2025-09-07,Liquid fuel,0.0
2025-09-07,Solar,935.884
2025-09-07,Wind,14195.96
2025-09-07,Wood,0.0
2025-09-08,Coal,5383.637
2025-09-08,ELE,11.662
2025-09-08,Gas,13814.42
2025-09-08,Geothermal,28066.383
2025-09-08,HYD,0.0
2025-09-08,Hydro,70978.319
2025-09-08,Liquid fuel,0.0
2025-09-08,Solar,898.076
2025-09-08,Wind,4577.892
2025-09-08,Wood,0.0
2025-09-09,Coal,4105.939
2025-09-09,ELE,77.141
2025-09-09,Gas,12603.51
2025-09-09,Geothermal,27957.476
2025-09-09,HYD,0.0
2025-09-09,Hydro,69068.727
2025-09-09,Liquid fuel,4.302
2025-09-09,Solar,819.122
2025-09-09,Wind,12998.849
2025-09-09,Wood,0.0
2025-09-10,Coal,1094.758
2025-09-10,ELE,76.411
2025-09-10,Gas,10641.328
2025-09-10,Geothermal,27577.252
2025-09-10,HYD,0.0
2025-09-10,Hydro,60128.815
2025-09-10,Liquid fuel,0.0
2025-09-10,Solar,631.661
2025-09-10,Wind,22269.964
2025-09-10,Wood,0.0
2025-09-11,Coal,1264.899
2025-09-11,ELE,62.807
2025-09-11,Gas,11839.319
2025-09-11,Geothermal,27842.063
2025-09-11,HYD,0.0
2025-09-11,Hydro,68638.82
2025-09-11,Liquid fuel,0.0
2025-09-11,Solar,760.805
2025-09-11,Wind,12578.041
2025-09-11,Wood,0.0
2025-09-12,Coal,3837.62
2025-09-12,ELE,39.122
2025-09-12,Gas,11884.373
2025-09-12,Geothermal,27820.607
2025-09-12,HYD,0.0
2025-09-12,Hydro,72698.783
2025-09-12,Liquid fuel,0.0
2025-09-12,Solar,572.925
2025-09-12,Wind,8236.298
2025-09-12,Wood,0.0
2025-09-13,Coal,90.306
2025-09-13,ELE,104.217
2025-09-13,Gas,9965.139
2025-09-13,Geothermal,27787.76
2025-09-13,HYD,0.0
2025-09-13,Hydro,58987.415
2025-09-13,Liquid fuel,0.0
2025-09-13,Solar,749.603
2025-09-13,Wind,17333.759
2025-09-13,Wood,0.0
2025-09-14,Coal,1645.791
2025-09-14,ELE,3.396
2025-09-14,Gas,10850.08
2025-09-14,Geothermal,27647.656
2025-09-14,HYD,0.0
2025-09-14,Hydro,59982.97
2025-09-14,Liquid fuel,0.0
2025-09-14,Solar,837.765
2025-09-14,Wind,10140.566
2025-09-14,Wood,0.0
2025-09-15,Coal,3152.632
2025-09-15,ELE,40.609
2025-09-15,Gas,10672.217
2025-09-15,Geothermal,27242.186
2025-09-15,HYD,0.0
2025-09-15,Hydro,61141.174
2025-09-15,Liquid fuel,0.0
2025-09-15,Solar,801.196
2025-09-15,Wind,15808.902
2025-09-15,Wood,0.0
2025-09-16,Coal,2541.009
2025-09-16,ELE,108.685
2025-09-16,Gas,9672.352
2025-09-16,Geothermal,27452.762
2025-09-16,HYD,0.0
2025-09-16,Hydro,60286.431
2025-09-16,Liquid fuel,0.0
2025-09-16,Solar,983.803
2025-09-16,Wind,15751.259
2025-09-16,Wood,0.0
2025-09-17,ELE,157.44
2025-09-17,Gas,9539.68
2025-09-17,Geothermal,27127.161
2025-09-17,HYD,0.0
2025-09-17,Hydro,58463.717
2025-09-17,Liquid fuel,0.0
2025-09-17,Solar,745.942
2025-09-17,Wind,19938.635
2025-09-17,Wood,0.0
2025-09-18,ELE,135.497
2025-09-18,Gas,9159.194
2025-09-18,Geothermal,24008.544
2025-09-18,HYD,0.0
2025-09-18,Hydro,65469.789
2025-09-18,Liquid fuel,0.0
2025-09-18,Solar,413.413
2025-09-18,Wind,19722.153
2025-09-18,Wood,0.0
2025-09-19,Coal,2294.652
2025-09-19,ELE,123.738
2025-09-19,Gas,10642.43
2025-09-19,Geothermal,22872.021
2025-09-19,HYD,0.0
2025-09-19,Hydro,73031.101
2025-09-19,Liquid fuel,0.0
2025-09-19,Solar,930.242
2025-09-19,Wind,10155.126
2025-09-19,Wood,0.0
2025-09-20,Coal,2513.903
2025-09-20,ELE,112.179
2025-09-20,Gas,8108.863
2025-09-20,Geothermal,23056.222
2025-09-20,HYD,0.0
2025-09-20,Hydro,68376.74
2025-09-20,Liquid fuel,0.0
2025-09-20,Solar,975.347
2025-09-20,Wind,8659.31
2025-09-20,Wood,0.0
2025-09-21,ELE,101.225
2025-09-21,Gas,8578.034
2025-09-21,Geothermal,23100.659
2025-09-21,HYD,0.0
2025-09-21,Hydro,59015.051
2025-09-21,Liquid fuel,0.0
2025-09-21,Solar,594.332
2025-09-21,Wind,17836.612
2025-09-21,Wood,0.0
2025-09-22,ELE,132.095
2025-09-22,Gas,8945.727
2025-09-22,Geothermal,24710.182
2025-09-22,HYD,0.0
2025-09-22,Hydro,64172.026
2025-09-22,Liquid fuel,0.0
2025-09-22,Solar,713.314
2025-09-22,Wind,17618.625
2025-09-22,Wood,0.0
2025-09-23,ELE,108.455
2025-09-23,Gas,8706.721
2025-09-23,Geothermal,27515.251
2025-09-23,HYD,0.0
2025-09-23,Hydro,66551.423
2025-09-23,Liquid fuel,0.0
2025-09-23,Solar,525.154
2025-09-23,Wind,14259.532
2025-09-23,Wood,0.0
2025-09-24,ELE,119.384
2025-09-24,Gas,8956.345
2025-09-24,Geothermal,27821.603
2025-09-24,HYD,0.0
2025-09-24,Hydro,73436.254
2025-09-24,Liquid fuel,0.0
2025-09-24,Solar,500.728
2025-09-24,Wind,8383.436
2025-09-24,Wood,0.0
2025-09-25,ELE,72.301
2025-09-25,Gas,8556.484
2025-09-25,Geothermal,28034.711
2025-09-25,HYD,0.0
2025-09-25,Hydro,65113.732
2025-09-25,Liquid fuel,0.0
2025-09-25,Solar,778.293
2025-09-25,Wind,15876.038
2025-09-25,Wood,0.0
2025-09-26,ELE,84.304
2025-09-26,Gas,7627.221
2025-09-26,Geothermal,28195.034
2025-09-26,HYD,0.0
2025-09-26,Hydro,61734.708
2025-09-26,Liquid fuel,0.0
2025-09-26,Solar,943.964
2025-09-26,Wind,19374.452
2025-09-26,Wood,0.0
2025-09-27,ELE,13.384
2025-09-27,Gas,6994.372
2025-09-27,Geothermal,28056.076
2025-09-27,HYD,0.0
2025-09-27,Hydro,60294.504
2025-09-27,Liquid fuel,0.0
2025-09-27,Solar,989.414
2025-09-27,Wind,10910.06
2025-09-27,Wood,0.0
2025-09-28,ELE,0.571
2025-09-28,Gas,6969.805
2025-09-28,Geothermal,26617.642
2025-09-28,HYD,0.0
2025-09-28,Hydro,48604.692
2025-09-28,Liquid fuel,0.0
2025-09-28,Solar,956.516
2025-09-28,Wind,16022.286
2025-09-28,Wood,0.0
2025-09-29,Coal,842.751
2025-09-29,ELE,12.194
2025-09-29,Gas,7720.916
2025-09-29,Geothermal,27499.943
2025-09-29,HYD,0.0
2025-09-29,Hydro,58653.116
2025-09-29,Liquid fuel,0.0
2025-09-29,Solar,796.871
2025-09-29,Wind,17410.44
2025-09-29,Wood,0.0
2025-09-30,Coal,2246.745
2025-09-30,ELE,0.05
2025-09-30,Gas,5837.024
2025-09-30,Geothermal,27717.663
2025-09-30,HYD,0.0
2025-09-30,Hydro,66500.608
2025-09-30,Liquid fuel,0.0
2025-09-30,Solar,1046.094
2025-09-30,Wind,13252.843
2025-09-30,Wood,0.0
2025-10-01,Coal,2246.564
2025-10-01,ELE,0.023
2025-10-01,Gas,2321.18
2025-10-01,Geothermal,27385.874
2025-10-01,HYD,0.0
2025-10-01,Hydro,70680.67
2025-10-01,Liquid fuel,0.0
2025-10-01,Solar,816.523
2025-10-01,Wind,15872.687
2025-10-01,Wood,0.0
2025-10-02,Coal,3801.95
2025-10-02,ELE,0.0
2025-10-02,Gas,3218.159
2025-10-02,Geothermal,26991.887
2025-10-02,HYD,0.0
2025-10-02,Hydro,81782.844
2025-10-02,Liquid fuel,0.0
2025-10-02,Solar,607.798
2025-10-02,Wind,5663.037
2025-10-02,Wood,0.0
2025-10-03,Coal,2315.185
2025-10-03,ELE,72.402
2025-10-03,Gas,2627.724
2025-10-03,Geothermal,26718.854
2025-10-03,HYD,0.0
2025-10-03,Hydro,79872.816
2025-10-03,Liquid fuel,0.0
2025-10-03,Solar,381.474
2025-10-03,Wind,4339.49
2025-10-03,Wood,0.0
2025-10-04,Coal,712.887
2025-10-04,ELE,1.078
2025-10-04,Gas,1657.726
2025-10-04,Geothermal,26707.622
2025-10-04,HYD,0.0
2025-10-04,Hydro,68037.503
2025-10-04,Liquid fuel,0.0
2025-10-04,Solar,527.184
2025-10-04,Wind,9775.776
2025-10-04,Wood,0.0
2025-10-05,Coal,912.431
2025-10-05,ELE,0.138
2025-10-05,Gas,1881.523
2025-10-05,Geothermal,26446.516
2025-10-05,HYD,0.0
2025-10-05,Hydro,69388.901
2025-10-05,Liquid fuel,0.0
2025-10-05,Solar,592.362
2025-10-05,Wind,8723.808
2025-10-05,Wood,0.0
2025-10-06,Coal,1932.549
2025-10-06,ELE,79.418
2025-10-06,Gas,2342.489
2025-10-06,Geothermal,24652.098
2025-10-06,HYD,0.0
2025-10-06,Hydro,74650.792
2025-10-06,Liquid fuel,0.0
2025-10-06,Solar,782.484
2025-10-06,Wind,10930.861
2025-10-06,Wood,0.0
2025-10-07,Coal,1250.421
2025-10-07,ELE,240.32
2025-10-07,Gas,2442.432
2025-10-07,Geothermal,22866.745
2025-10-07,HYD,0.0
2025-10-07,Hydro,71233.746
2025-10-07,Liquid fuel,0.0
2025-10-07,Solar,750.476
2025-10-07,Wind,17001.149
2025-10-07,Wood,0.0
2025-10-08,Coal,1084.544
2025-10-08,ELE,235.49
2025-10-08,Gas,2004.471
2025-10-08,Geothermal,24084.088
2025-10-08,HYD,0.0
2025-10-08,Hydro,68340.382
2025-10-08,Liquid fuel,0.0
2025-10-08,Solar,839.298
2025-10-08,Wind,17582.487
2025-10-08,Wood,0.0
2025-10-09,Coal,1049.305
2025-10-09,ELE,158.56
2025-10-09,Gas,1851.217
2025-10-09,Geothermal,24676.901
2025-10-09,HYD,0.0
2025-10-09,Hydro,68330.75
2025-10-09,Liquid fuel,0.0
2025-10-09,Solar,794.201
2025-10-09,Wind,18135.283
2025-10-09,Wood,0.0
2025-10-10,Coal,945.769
2025-10-10,ELE,173.246
2025-10-10,Gas,1639.987
2025-10-10,Geothermal,23953.756
2025-10-10,HYD,0.0
2025-10-10,Hydro,63678.335
2025-10-10,Liquid fuel,0.0
2025-10-10,Solar,603.993
2025-10-10,Wind,20294.441
2025-10-10,Wood,0.0
2025-10-11,ELE,0.038
2025-10-11,Gas,2028.293
2025-10-11,Geothermal,23953.57
2025-10-11,HYD,0.0
2025-10-11,Hydro,56846.038
2025-10-11,Liquid fuel,0.0
2025-10-11,Solar,885.612
2025-10-11,Wind,19291.954
2025-10-11,Wood,0.0
2025-10-12,ELE,0.0
2025-10-12,Gas,2426.185
2025-10-12,Geothermal,24041.751
2025-10-12,HYD,0.0
2025-10-12,Hydro,57240.958
2025-10-12,Liquid fuel,0.0
2025-10-12,Solar,888.539
2025-10-12,Wind,17638.648
2025-10-12,Wood,0.0
2025-10-13,Coal,1149.667
2025-10-13,ELE,85.947
2025-10-13,Gas,2001.639
2025-10-13,Geothermal,23949.256
2025-10-13,HYD,0.0
2025-10-13,Hydro,70831.189
2025-10-13,Liquid fuel,0.0
2025-10-13,Solar,466.627
2025-10-13,Wind,16329.954
2025-10-13,Wood,0.0
2025-10-14,Coal,1453.998
2025-10-14,ELE,61.492
2025-10-14,Gas,2911.76
2025-10-14,Geothermal,24226.039
2025-10-14,HYD,0.0
2025-10-14,Hydro,74851.736
2025-10-14,Liquid fuel,0.0
2025-10-14,Solar,404.4
2025-10-14,Wind,13058.796
2025-10-14,Wood,0.0
2025-10-15,Coal,1127.763
2025-10-15,ELE,0.138
2025-10-15,Gas,2858.174
2025-10-15,Geothermal,24870.356
2025-10-15,HYD,0.0
2025-10-15,Hydro,73776.902
2025-10-15,Liquid fuel,0.0
2025-10-15,Solar,1010.345
2025-10-15,Wind,11005.984
2025-10-15,Wood,0.0
2025-10-16,Coal,1044.573
2025-10-16,ELE,1.257
2025-10-16,Gas,2210.386
2025-10-16,Geothermal,25126.162
2025-10-16,HYD,0.0
2025-10-16,Hydro,68660.143
2025-10-16,Liquid fuel,0.0
2025-10-16,Solar,1062.463
2025-10-16,Wind,16341.682
2025-10-16,Wood,0.0
2025-10-17,Coal,717.999
2025-10-17,ELE,0.63
2025-10-17,Gas,2758.415
2025-10-17,Geothermal,25260.672
2025-10-17,HYD,0.0
2025-10-17,Hydro,74487.356
2025-10-17,Liquid fuel,0.0
2025-10-17,Solar,1213.439
2025-10-17,Wind,8709.15
2025-10-17,Wood,0.0
2025-10-18,Coal,5.006
2025-10-18,ELE,0.011
2025-10-18,Gas,2760.067
2025-10-18,Geothermal,24864.209
2025-10-18,HYD,0.0
2025-10-18,Hydro,59610.477
2025-10-18,Liquid fuel,0.0
2025-10-18,Solar,950.22
2025-10-18,Wind,16742.107
2025-10-18,Wood,0.0
2025-10-19,ELE,0.083
2025-10-19,Gas,3009.835
2025-10-19,Geothermal,25042.042
2025-10-19,HYD,0.0
2025-10-19,Hydro,56821.94
2025-10-19,Liquid fuel,0.0
2025-10-19,Solar,1047.693
2025-10-19,Wind,16690.938
2025-10-19,Wood,0.0
2025-10-20,Coal,1133.752
2025-10-20,ELE,2.373
2025-10-20,Gas,2333.374
2025-10-20,Geothermal,24039.969
2025-10-20,HYD,0.0
2025-10-20,Hydro,67542.734
2025-10-20,Liquid fuel,0.0
2025-10-20,Solar,984.598
2025-10-20,Wind,17725.397
2025-10-20,Wood,0.0
2025-10-21,Coal,1194.157
2025-10-21,ELE,146.873
2025-10-21,Gas,2283.103
2025-10-21,Geothermal,23151.474
2025-10-21,HYD,0.0
2025-10-21,Hydro,69855.696
2025-10-21,Liquid fuel,0.0
2025-10-21,Solar,1042.344
2025-10-21,Wind,16603.982
2025-10-21,Wood,0.0
2025-10-22,Coal,558.045
2025-10-22,ELE,177.363
2025-10-22,Gas,2001.65
2025-10-22,Geothermal,23974.898
2025-10-22,HYD,0.0
2025-10-22,Hydro,70280.009
2025-10-22,Liquid fuel,0.0
2025-10-22,Solar,1196.398
2025-10-22,Wind,15891.292
2025-10-22,Wood,0.0
2025-10-23,ELE,97.499
2025-10-23,Gas,2622.528
2025-10-23,Geothermal,23723.504
2025-10-23,HYD,0.0
2025-10-23,Hydro,71373.058
2025-10-23,Liquid fuel,0.0
2025-10-23,Solar,706.943
2025-10-23,Wind,13326.027
2025-10-23,Wood,0.0
2025-10-24,ELE,190.899
2025-10-24,Gas,1652.981
2025-10-24,Geothermal,22264.877
2025-10-24,HYD,0.0
2025-10-24,Hydro,71055.071
2025-10-24,Liquid fuel,0.0
2025-10-24,Solar,1113.067
2025-10-24,Wind,12696.229
2025-10-24,Wood,0.0
2025-10-25,ELE,29.847
2025-10-25,Gas,2298.261
2025-10-25,Geothermal,22769.063
2025-10-25,HYD,0.0
2025-10-25,Hydro,62809.451
2025-10-25,Liquid fuel,0.0
2025-10-25,Solar,1196.315
2025-10-25,Wind,13498.553
2025-10-25,Wood,0.0
2025-10-26,ELE,1.398
2025-10-26,Gas,2141.142
2025-10-26,Geothermal,23311.447
2025-10-26,HYD,0.0
2025-10-26,Hydro,56897.251
2025-10-26,Liquid fuel,0.0
2025-10-26,Solar,1190.141
2025-10-26,Wind,16347.28
2025-10-26,Wood,0.0
2025-10-27,ELE,0.29
2025-10-27,Gas,1546.643
2025-10-27,Geothermal,22573.7
2025-10-27,HYD,0.0
2025-10-27,Hydro,65348.538
2025-10-27,Liquid fuel,0.0
2025-10-27,Solar,619.085
2025-10-27,Wind,15776.852
2025-10-27,Wood,0.0
2025-10-28,ELE,182.921
2025-10-28,Gas,2517.05
2025-10-28,Geothermal,20823.484
2025-10-28,HYD,0.0
2025-10-28,Hydro,78085.713
2025-10-28,Liquid fuel,4.396
2025-10-28,Solar,786.249
2025-10-28,Wind,13225.197
2025-10-28,Wood,0.0
2025-10-29,ELE,185.77
2025-10-29,Gas,2169.471
2025-10-29,Geothermal,24525.711
2025-10-29,HYD,0.0
2025-10-29,Hydro,72061.106
2025-10-29,Liquid fuel,0.0
2025-10-29,Solar,1140.338
2025-10-29,Wind,14441.897
2025-10-29,Wood,0.0
2025-10-30,ELE,222.312
2025-10-30,Gas,2362.942
2025-10-30,Geothermal,25250.949
2025-10-30,HYD,0.0
2025-10-30,Hydro,70755.584
2025-10-30,Liquid fuel,0.0
2025-10-30,Solar,969.019
2025-10-30,Wind,13675.681
2025-10-30,Wood,0.0
2025-10-31,ELE,115.488
2025-10-31,Gas,2230.512
2025-10-31,Geothermal,25535.709
2025-10-31,HYD,0.0
2025-10-31,Hydro,68144.139
2025-10-31,Liquid fuel,0.0
2025-10-31,Solar,1121.429
2025-10-31,Wind,12139.127
2025-10-31,Wood,0.0
2025-11-01,ELE,0.039
2025-11-01,Gas,2191.406
2025-11-01,Geothermal,25791.374
2025-11-01,HYD,0.0
2025-11-01,Hydro,68983.643
2025-11-01,Liquid fuel,0.0
2025-11-01,Solar,1199.917
2025-11-01,Wind,3864.917
2025-11-01,Wood,0.0
2025-11-02,Coal,571.065
2025-11-02,ELE,199.621
2025-11-02,Gas,1796.612
2025-11-02,Geothermal,19337.349
2025-11-02,HYD,0.0
2025-11-02,Hydro,66884.283
2025-11-02,Liquid fuel,0.0
2025-11-02,Solar,1079.749
2025-11-02,Wind,11988.451
2025-11-02,Wood,0.0
2025-11-03,Coal,1553.877
2025-11-03,ELE,181.705
2025-11-03,Gas,1866.096
2025-11-03,Geothermal,17603.529
2025-11-03,HYD,0.0
2025-11-03,Hydro,79697.446
2025-11-03,Liquid fuel,0.0
2025-11-03,Solar,1302.728
2025-11-03,Wind,8709.806
2025-11-03,Wood,0.0
2025-11-04,Coal,2034.523
2025-11-04,ELE,165.02
2025-11-04,Gas,2303.661
2025-11-04,Geothermal,17526.284
2025-11-04,HYD,0.0
2025-11-04,Hydro,74997.758
2025-11-04,Liquid fuel,0.0
2025-11-04,Solar,1139.579
2025-11-04,Wind,15372.608
2025-11-04,Wood,0.0
2025-11-05,Coal,2229.539
2025-11-05,ELE,46.866
2025-11-05,Gas,3452.563
2025-11-05,Geothermal,17620.031
2025-11-05,HYD,0.0
2025-11-05,Hydro,82146.124
2025-11-05,Liquid fuel,0.0
2025-11-05,Solar,1235.525
2025-11-05,Wind,6969.775
2025-11-05,Wood,0.0
2025-11-06,Coal,2445.61
2025-11-06,ELE,38.501
2025-11-06,Gas,2458.758
2025-11-06,Geothermal,17529.254
2025-11-06,HYD,0.0
2025-11-06,Hydro,77888.323
2025-11-06,Liquid fuel,0.0
2025-11-06,Solar,1308.408
2025-11-06,Wind,13626.345
2025-11-06,Wood,0.0
2025-11-07,Coal,2402.199
2025-11-07,ELE,15.403
2025-11-07,Gas,2815.268
2025-11-07,Geothermal,17561.226
2025-11-07,HYD,0.0
2025-11-07,Hydro,80020.551
2025-11-07,Liquid fuel,0.0
2025-11-07,Solar,1189.044
2025-11-07,Wind,9630.89
2025-11-07,Wood,0.0
2025-11-08,Coal,2.822
2025-11-08,ELE,71.215
2025-11-08,Gas,2491.956
2025-11-08,Geothermal,17494.363
2025-11-08,HYD,0.0
2025-11-08,Hydro,70756.124
2025-11-08,Liquid fuel,0.0
2025-11-08,Solar,1076.656
2025-11-08,Wind,13518.577
2025-11-08,Wood,0.0
2025-11-09,ELE,130.505
2025-11-09,Gas,2895.047
2025-11-09,Geothermal,17568.473
2025-11-09,HYD,0.0
2025-11-09,Hydro,72954.593
2025-11-09,Liquid fuel,0.0
2025-11-09,Solar,863.317
2025-11-09,Wind,9962.392
2025-11-09,Wood,0.0
2025-11-10,Coal,2061.062
2025-11-10,ELE,49.894
2025-11-10,Gas,3408.05
2025-11-10,Geothermal,17694.881
2025-11-10,HYD,0.0
2025-11-10,Hydro,78615.62
2025-11-10,Liquid fuel,0.0
2025-11-10,Solar,672.718
2025-11-10,Wind,12353.396
2025-11-10,Wood,0.0
2025-11-11,Coal,1777.416
2025-11-11,ELE,94.827
2025-11-11,Gas,3429.681
2025-11-11,Geothermal,17799.839
2025-11-11,HYD,0.0
2025-11-11,Hydro,78088.158
2025-11-11,Liquid fuel,0.0
2025-11-11,Solar,1042.451
2025-11-11,Wind,11185.615
2025-11-11,Wood,0.0
2025-11-12,Coal,2269.626
2025-11-12,ELE,130.376
2025-11-12,Gas,2248.339
2025-11-12,Geothermal,18280.337
2025-11-12,HYD,0.0
2025-11-12,Hydro,79646.864
2025-11-12,Liquid fuel,0.0
2025-11-12,Solar,651.232
2025-11-12,Wind,11384.233
2025-11-12,Wood,0.0
2025-11-13,Coal,1414.947
2025-11-13,ELE,169.09
2025-11-13,Gas,2254.402
2025-11-13,Geothermal,18883.442
2025-11-13,HYD,0.0
2025-11-13,Hydro,77137.956
2025-11-13,Liquid fuel,0.0
2025-11-13,Solar,860.821
2025-11-13,Wind,12633.61
2025-11-13,Wood,0.0
2025-11-14,Coal,641.178
2025-11-14,ELE,55.31
2025-11-14,Gas,1932.806
2025-11-14,Geothermal,19404.023
2025-11-14,HYD,0.0
2025-11-14,Hydro,72692.166
2025-11-14,Liquid fuel,0.0
2025-11-14,Solar,1168.056
2025-11-14,Wind,11234.684
2025-11-14,Wood,0.0
2025-11-15,ELE,11.138
2025-11-15,Gas,2775.783
2025-11-15,Geothermal,19483.974
2025-11-15,HYD,0.0
2025-11-15,Hydro,59067.925
2025-11-15,Liquid fuel,0.0
2025-11-15,Solar,930.862
2025-11-15,Wind,17384.127
2025-11-15,Wood,0.0
2025-11-16,ELE,6.543
2025-11-16,Gas,2892.949
2025-11-16,Geothermal,19541.384
2025-11-16,HYD,0.0
2025-11-16,Hydro,71268.44
2025-11-16,Liquid fuel,0.0
2025-11-16,Solar,1050.197
2025-11-16,Wind,2853.007
2025-11-16,Wood,0.0
2025-11-17,Coal,1451.8
2025-11-17,ELE,142.09
2025-11-17,Gas,2661.097
2025-11-17,Geothermal,19128.354
2025-11-17,HYD,0.0
2025-11-17,Hydro,78016.262
2025-11-17,Liquid fuel,0.0
2025-11-17,Solar,1055.688
2025-11-17,Wind,7340.49
2025-11-17,Wood,0.0
2025-11-18,Coal,1358.692
2025-11-18,ELE,120.126
2025-11-18,Gas,3832.92
2025-11-18,Geothermal,18959.753
2025-11-18,HYD,0.0
2025-11-18,Hydro,82114.537
2025-11-18,Liquid fuel,0.0
2025-11-18,Solar,546.898
2025-11-18,Wind,7898.98
2025-11-18,Wood,0.0
2025-11-19,Coal,1867.583
2025-11-19,ELE,17.056
2025-11-19,Gas,3323.571
2025-11-19,Geothermal,19014.823
2025-11-19,HYD,0.0
2025-11-19,Hydro,85271.8
2025-11-19,Liquid fuel,0.0
2025-11-19,Solar,468.618
2025-11-19,Wind,4952.448
2025-11-19,Wood,0.0
2025-11-20,Coal,1241.906
2025-11-20,ELE,86.595
2025-11-20,Gas,2440.367
2025-11-20,Geothermal,19272.131
2025-11-20,HYD,0.0
2025-11-20,Hydro,79842.15
2025-11-20,Liquid fuel,0.0
2025-11-20,Solar,1196.804
2025-11-20,Wind,10582.929
2025-11-20,Wood,0.0
2025-11-21,Coal,968.974
2025-11-21,ELE,0.039
2025-11-21,Gas,2301.72
2025-11-21,Geothermal,19242.329
2025-11-21,HYD,0.0
2025-11-21,Hydro,78016.222
2025-11-21,Liquid fuel,0.0
2025-11-21,Solar,1032.083
2025-11-21,Wind,12451.993
2025-11-21,Wood,0.0
2025-11-22,ELE,105.702
2025-11-22,Gas,2583.092
2025-11-22,Geothermal,18948.106
2025-11-22,HYD,0.0
2025-11-22,Hydro,78245.512
2025-11-22,Liquid fuel,0.0
2025-11-22,Solar,700.201
2025-11-22,Wind,3977.523
2025-11-22,Wood,0.0
2025-11-23,ELE,0.003
2025-11-23,Gas,2133.406
2025-11-23,Geothermal,18863.482
2025-11-23,HYD,0.0
2025-11-23,Hydro,76481.916
2025-11-23,Liquid fuel,0.0
2025-11-23,Solar,1039.582
2025-11-23,Wind,3977.601
2025-11-23,Wood,0.0
2025-11-24,Coal,1425.045
2025-11-24,ELE,45.432
2025-11-24,Gas,1751.27
2025-11-24,Geothermal,19397.9
2025-11-24,HYD,0.0
2025-11-24,Hydro,82957.981
2025-11-24,Liquid fuel,0.0
2025-11-24,Solar,953.613
2025-11-24,Wind,5940.401
2025-11-24,Wood,0.0
2025-11-25,Coal,1557.599
2025-11-25,ELE,89.462
2025-11-25,Gas,1809.048
2025-11-25,Geothermal,19668.122
2025-11-25,HYD,0.0
2025-11-25,Hydro,83018.694
2025-11-25,Liquid fuel,0.0
2025-11-25,Solar,1201.185
2025-11-25,Wind,6545.53
2025-11-25,Wood,0.0
2025-11-26,Coal,1643.856
2025-11-26,ELE,124.954
2025-11-26,Gas,1808.588
2025-11-26,Geothermal,19112.434
2025-11-26,HYD,0.0
2025-11-26,Hydro,78667.283
2025-11-26,Liquid fuel,0.0
2025-11-26,Solar,1199.061
2025-11-26,Wind,12500.859
2025-11-26,Wood,0.0
2025-11-27,Coal,2280.474
2025-11-27,ELE,146.076
2025-11-27,Gas,1887.258
2025-11-27,Geothermal,19083.515
2025-11-27,HYD,0.0
2025-11-27,Hydro,79134.785
2025-11-27,Liquid fuel,0.0
2025-11-27,Solar,1093.863
2025-11-27,Wind,14520.697
2025-11-27,Wood,0.0
2025-11-28,Coal,931.131
2025-11-28,ELE,175.365
2025-11-28,Gas,1666.869
2025-11-28,Geothermal,19231.707
2025-11-28,HYD,0.0
2025-11-28,Hydro,78330.638
2025-11-28,Liquid fuel,0.0
2025-11-28,Solar,919.878
2025-11-28,Wind,13175.384
2025-11-28,Wood,0.0
2025-11-29,ELE,104.046
2025-11-29,Gas,1916.503
2025-11-29,Geothermal,19316.358
2025-11-29,HYD,0.0
2025-11-29,Hydro,70645.097
2025-11-29,Liquid fuel,0.0
2025-11-29,Solar,1358.109
2025-11-29,Wind,11070.503
2025-11-29,Wood,0.0
2025-11-30,ELE,166.366
2025-11-30,Gas,1984.248
2025-11-30,Geothermal,19493.578
2025-11-30,HYD,0.0
2025-11-30,Hydro,70151.05
2025-11-30,Liquid fuel,0.0
2025-11-30,Solar,696.813
2025-11-30,Wind,13364.93
2025-11-30,Wood,0.0
2025-12-01,Coal,1150.369
2025-12-01,ELE,122.617
2025-12-01,Gas,1783.264
2025-12-01,Geothermal,20455.642
2025-12-01,HYD,0.0
2025-12-01,Hydro,70009.547
2025-12-01,Liquid fuel,0.0
2025-12-01,Solar,1157.487
2025-12-01,Wind,17145.553
2025-12-01,Wood,0.0
2025-12-02,Coal,1810.85
2025-12-02,ELE,68.59
2025-12-02,Gas,1841.217
2025-12-02,Geothermal,22623.503
2025-12-02,HYD,0.0
2025-12-02,Hydro,75295.026
2025-12-02,Liquid fuel,0.0
2025-12-02,Solar,805.135
2025-12-02,Wind,10860.704
2025-12-02,Wood,0.0
2025-12-03,Coal,1301.846
2025-12-03,ELE,107.531
2025-12-03,Gas,1783.177
2025-12-03,Geothermal,21508.672
2025-12-03,HYD,0.0
2025-12-03,Hydro,75840.256
2025-12-03,Liquid fuel,0.0
2025-12-03,Solar,654.339
2025-12-03,Wind,12968.181
2025-12-03,Wood,0.0
2025-12-04,Coal,0.471
2025-12-04,ELE,60.838
2025-12-04,Gas,2368.177
2025-12-04,Geothermal,21936.109
2025-12-04,HYD,0.0
2025-12-04,Hydro,72506.19
2025-12-04,Liquid fuel,0.0
2025-12-04,Solar,1209.089
2025-12-04,Wind,10768.659
2025-12-04,Wood,0.0
2025-12-05,Coal,381.515
2025-12-05,ELE,27.8
2025-12-05,Gas,2243.384
2025-12-05,Geothermal,21618.198
2025-12-05,HYD,0.0
2025-12-05,Hydro,70050.196
2025-12-05,Liquid fuel,0.0
2025-12-05,Solar,1285.583
2025-12-05,Wind,13328.7
2025-12-05,Wood,0.0
2025-12-06,ELE,178.356
2025-12-06,Gas,2111.599
2025-12-06,Geothermal,21516.702
2025-12-06,HYD,0.0
2025-12-06,Hydro,62402.927
2025-12-06,Liquid fuel,0.0
2025-12-06,Solar,1352.55
2025-12-06,Wind,15505.853
2025-12-06,Wood,0.0
2025-12-07,ELE,224.519
2025-12-07,Gas,1877.491
2025-12-07,Geothermal,20139.644
2025-12-07,HYD,0.0
2025-12-07,Hydro,68167.926
2025-12-07,Liquid fuel,0.0
2025-12-07,Solar,1243.591
2025-12-07,Wind,12353.728
2025-12-07,Wood,0.0
2025-12-08,Coal,1288.845
2025-12-08,ELE,129.407
2025-12-08,Gas,2384.201
2025-12-08,Geothermal,19254.771
2025-12-08,HYD,0.0
2025-12-08,Hydro,80998.73
2025-12-08,Liquid fuel,73.354
2025-12-08,Solar,1185.309
2025-12-08,Wind,10672.036
2025-12-08,Wood,0.0
2025-12-09,Coal,4430.926
2025-12-09,ELE,206.997
2025-12-09,Gas,2633.219
2025-12-09,Geothermal,19712.224
2025-12-09,HYD,0.0
2025-12-09,Hydro,86314.643
2025-12-09,Liquid fuel,0.0
2025-12-09,Solar,1225.346
2025-12-09,Wind,3623.207
2025-12-09,Wood,0.0
2025-12-10,Coal,2095.628
2025-12-10,ELE,250.261
2025-12-10,Gas,3882.959
2025-12-10,Geothermal,20107.602
2025-12-10,HYD,0.0
2025-12-10,Hydro,84530.416
2025-12-10,Liquid fuel,6.308
2025-12-10,Solar,1261.635
2025-12-10,Wind,6996.451
2025-12-10,Wood,0.0
2025-12-11,Coal,2023.278
2025-12-11,ELE,72.313
2025-12-11,Gas,3702.854
2025-12-11,Geothermal,21058.241
2025-12-11,HYD,0.0
2025-12-11,Hydro,84815.779
2025-12-11,Liquid fuel,10.469
2025-12-11,Solar,1146.012
2025-12-11,Wind,4782.844
2025-12-11,Wood,0.0
2025-12-12,Coal,1308.042
2025-12-12,ELE,47.397
2025-12-12,Gas,2250.467
2025-12-12,Geothermal,21998.382
2025-12-12,HYD,0.0
2025-12-12,Hydro,74693.962
2025-12-12,Liquid fuel,0.0
2025-12-12,Solar,1033.324
2025-12-12,Wind,11761.635
2025-12-12,Wood,0.0
2025-12-13,ELE,228.743
2025-12-13,Gas,2045.231
2025-12-13,Geothermal,21803.517
2025-12-13,HYD,0.0
2025-12-13,Hydro,72496.207
2025-12-13,Liquid fuel,0.0
2025-12-13,Solar,996.654
2025-12-13,Wind,5446.443
2025-12-13,Wood,0.0
2025-12-14,ELE,114.476
2025-12-14,Gas,2500.293
2025-12-14,Geothermal,21268.957
2025-12-14,HYD,0.0
2025-12-14,Hydro,72490.841
2025-12-14,Liquid fuel,0.0
2025-12-14,Solar,1394.396
2025-12-14,Wind,3833.606
2025-12-14,Wood,0.0
2025-12-15,Coal,1287.422
2025-12-15,ELE,41.069
2025-12-15,Gas,1755.753
2025-12-15,Geothermal,20269.267
2025-12-15,HYD,0.0
2025-12-15,Hydro,74477.098
2025-12-15,Liquid fuel,0.0
2025-12-15,Solar,885.207
2025-12-15,Wind,14482.997
2025-12-15,Wood,253.108
2025-12-16,Coal,1155.786
2025-12-16,ELE,115.43
2025-12-16,Gas,1524.103
2025-12-16,Geothermal,22005.99
2025-12-16,HYD,0.0
2025-12-16,Hydro,71903.018
2025-12-16,Liquid fuel,0.0
2025-12-16,Solar,837.511
2025-12-16,Wind,16798.063
2025-12-16,Wood,478.926
2025-12-17,ELE,153.684
2025-12-17,Gas,2518.053
2025-12-17,Geothermal,25087.303
2025-12-17,HYD,0.0
2025-12-17,Hydro,72628.569
2025-12-17,Liquid fuel,0.0
2025-12-17,Solar,1055.397
2025-12-17,Wind,6017.445
2025-12-17,Wood,518.161
2025-12-18,ELE,67.258
2025-12-18,Gas,2687.269
2025-12-18,Geothermal,26580.015
2025-12-18,HYD,0.0
2025-12-18,Hydro,67610.935
2025-12-18,Liquid fuel,0.0
2025-12-18,Solar,1064.289
2025-12-18,Wind,9073.194
2025-12-18,Wood,453.822
2025-12-19,Coal,424.926
2025-12-19,ELE,20.948
2025-12-19,Gas,2001.371
2025-12-19,Geothermal,26943.824
2025-12-19,HYD,0.0
2025-12-19,Hydro,59376.257
2025-12-19,Liquid fuel,0.0
2025-12-19,Solar,741.238
2025-12-19,Wind,17393.467
2025-12-19,Wood,379.969
2025-12-20,ELE,48.055
2025-12-20,Gas,2004.604
2025-12-20,Geothermal,27875.811
2025-12-20,HYD,0.0
2025-12-20,Hydro,54720.581
2025-12-20,Liquid fuel,0.0
2025-12-20,Solar,1069.548
2025-12-20,Wind,12692.691
2025-12-20,Wood,410.897
2025-12-21,ELE,172.013
2025-12-21,Gas,2060.5
2025-12-21,Geothermal,27206.476
2025-12-21,HYD,0.0
2025-12-21,Hydro,59120.892
2025-12-21,Liquid fuel,0.0
2025-12-21,Solar,1201.184
2025-12-21,Wind,4613.987
2025-12-21,Wood,370.213
2025-12-22,ELE,65.559
2025-12-22,Gas,2279.671
2025-12-22,Geothermal,27243.605
2025-12-22,HYD,0.0
2025-12-22,Hydro,65626.835
2025-12-22,Liquid fuel,0.0
2025-12-22,Solar,1114.3
2025-12-22,Wind,6593.477
2025-12-22,Wood,412.485
2025-12-23,ELE,3.01
2025-12-23,Gas,1882.524
2025-12-23,Geothermal,27209.355
2025-12-23,HYD,0.0
2025-12-23,Hydro,56844.925
2025-12-23,Liquid fuel,0.0
2025-12-23,Solar,764.833
2025-12-23,Wind,17453.836
2025-12-23,Wood,487.451
2025-12-24,ELE,59.69
2025-12-24,Gas,1837.666
2025-12-24,Geothermal,27370.012
2025-12-24,HYD,0.0
2025-12-24,Hydro,55943.483
2025-12-24,Liquid fuel,0.0
2025-12-24,Solar,1118.303
2025-12-24,Wind,16055.224
2025-12-24,Wood,433.805
2025-12-25,ELE,67.714
2025-12-25,Gas,2036.656
2025-12-25,Geothermal,27246.458
2025-12-25,HYD,0.0
2025-12-25,Hydro,48175.92
2025-12-25,Liquid fuel,0.0
2025-12-25,Solar,1078.882
2025-12-25,Wind,13857.025
2025-12-25,Wood,393.291
2025-12-26,ELE,42.261
2025-12-26,Gas,2079.529
2025-12-26,Geothermal,27395.651
2025-12-26,HYD,0.0
2025-12-26,Hydro,49426.311
2025-12-26,Liquid fuel,0.0
2025-12-26,Solar,983.953
2025-12-26,Wind,14440.014
2025-12-26,Wood,434.055
2025-12-27,ELE,11.958
2025-12-27,Gas,2094.874
2025-12-27,Geothermal,28451.678
2025-12-27,HYD,0.0
2025-12-27,Hydro,54347.505
2025-12-27,Liquid fuel,0.0
2025-12-27,Solar,793.943
2025-12-27,Wind,9445.635
2025-12-27,Wood,489.856
2025-12-28,ELE,51.88
2025-12-28,Gas,2059.549
2025-12-28,Geothermal,28496.714
2025-12-28,HYD,0.0
2025-12-28,Hydro,59775.569
2025-12-28,Liquid fuel,0.0
2025-12-28,Solar,942.195
2025-12-28,Wind,2794.334
2025-12-28,Wood,455.067
2025-12-29,ELE,3.864
2025-12-29,Gas,2041.419
2025-12-29,Geothermal,28302.244
2025-12-29,HYD,0.0
2025-12-29,Hydro,53126.571
2025-12-29,Liquid fuel,0.0
2025-12-29,Solar,738.17
2025-12-29,Wind,14779.296
2025-12-29,Wood,539.386
2025-12-30,ELE,65.376
2025-12-30,Gas,2047.908
2025-12-30,Geothermal,27299.514
2025-12-30,HYD,0.0
2025-12-30,Hydro,54547.947
2025-12-30,Liquid fuel,0.0
2025-12-30,Solar,675.943
2025-12-30,Wind,15829.699
2025-12-30,Wood,470.875
2025-12-31,ELE,44.43
2025-12-31,Gas,2011.791
2025-12-31,Geothermal,26555.055
2025-12-31,HYD,0.0
2025-12-31,Hydro,59234.22
2025-12-31,Liquid fuel,0.0
2025-12-31,Solar,966.025
2025-12-31,Wind,8642.253
2025-12-31,Wood,436.188
2026-01-01,ELE,53.054
2026-01-01,Gas,1578.413
2026-01-01,Geothermal,27841.296
2026-01-01,HYD,0.0
2026-01-01,Hydro,49869.371
2026-01-01,Liquid fuel,0.0
2026-01-01,Solar,836.173
2026-01-01,Wind,11165.736
2026-01-01,Wood,433.027
2026-01-02,ELE,67.119
2026-01-02,Gas,1326.87
2026-01-02,Geothermal,27888.42
2026-01-02,HYD,0.0
2026-01-02,Hydro,55262.094
2026-01-02,Liquid fuel,0.0
2026-01-02,Solar,761.729
2026-01-02,Wind,5419.681
2026-01-02,Wood,221.796
2026-01-03,ELE,48.645
2026-01-03,Gas,1520.878
2026-01-03,Geothermal,28031.279
2026-01-03,HYD,0.0
2026-01-03,Hydro,50082.043
2026-01-03,Liquid fuel,0.0
2026-01-03,Solar,652.157
2026-01-03,Wind,11441.908
2026-01-03,Wood,0.0
2026-01-04,ELE,82.098
2026-01-04,Gas,1548.306
2026-01-04,Geothermal,27283.212
2026-01-04,HYD,0.0
2026-01-04,Hydro,53507.004
2026-01-04,Liquid fuel,0.0
2026-01-04,Solar,1247.085
2026-01-04,Wind,6480.915
2026-01-04,Wood,0.0
2026-01-05,ELE,70.572
2026-01-05,Gas,1664.475
2026-01-05,Geothermal,27379.207
2026-01-05,HYD,0.0
2026-01-05,Hydro,67072.348
2026-01-05,Liquid fuel,0.0
2026-01-05,Solar,889.613
2026-01-05,Wind,2596.847
2026-01-05,Wood,0.0
2026-01-06,ELE,65.929
2026-01-06,Gas,2040.142
2026-01-06,Geothermal,27467.813
2026-01-06,HYD,0.0
2026-01-06,Hydro,62783.253
2026-01-06,Liquid fuel,0.0
2026-01-06,Solar,1200.777
2026-01-06,Wind,10244.283
2026-01-06,Wood,0.0
2026-01-07,ELE,110.083
2026-01-07,Gas,1620.253
2026-01-07,Geothermal,26372.616
2026-01-07,HYD,0.0
2026-01-07,Hydro,65691.204
2026-01-07,Liquid fuel,0.0
2026-01-07,Solar,1160.27
2026-01-07,Wind,11590.198
2026-01-07,Wood,0.0
2026-01-08,ELE,107.232
2026-01-08,Gas,1982.918
2026-01-08,Geothermal,26269.163
2026-01-08,HYD,0.0
2026-01-08,Hydro,71249.108
2026-01-08,Liquid fuel,0.0
2026-01-08,Solar,1253.207
2026-01-08,Wind,7397.25
2026-01-08,Wood,0.0
2026-01-09,ELE,82.902
2026-01-09,Gas,2107.859
2026-01-09,Geothermal,26311.33
2026-01-09,HYD,0.0
2026-01-09,Hydro,63615.585
2026-01-09,Liquid fuel,0.0
2026-01-09,Solar,1179.716
2026-01-09,Wind,15583.682
2026-01-09,Wood,0.0
2026-01-10,ELE,86.783
2026-01-10,Gas,1941.64
2026-01-10,Geothermal,26730.027
2026-01-10,HYD,0.0
2026-01-10,Hydro,58287.261
2026-01-10,Liquid fuel,0.0
2026-01-10,Solar,1294.736
2026-01-10,Wind,16283.624
2026-01-10,Wood,0.0
2026-01-11,ELE,80.01
2026-01-11,Gas,2030.125
2026-01-11,Geothermal,26634.404
2026-01-11,HYD,0.0
2026-01-11,Hydro,55807.312
2026-01-11,Liquid fuel,0.0
2026-01-11,Solar,1290.582
2026-01-11,Wind,17497.744
2026-01-11,Wood,0.0
2026-01-12,Coal,1550.319
2026-01-12,ELE,157.868
2026-01-12,Gas,1785.116
2026-01-12,Geothermal,26876.612
2026-01-12,HYD,0.0
2026-01-12,Hydro,67525.898
2026-01-12,Liquid fuel,0.0
2026-01-12,Solar,1226.722
2026-01-12,Wind,10881.433
2026-01-12,Wood,124.554
2026-01-13,Coal,1613.423
2026-01-13,ELE,124.438
2026-01-13,Gas,1890.24
2026-01-13,Geothermal,26284.67
2026-01-13,HYD,0.0
2026-01-13,Hydro,69945.786
2026-01-13,Liquid fuel,0.0
2026-01-13,Solar,1084.27
2026-01-13,Wind,9138.463
2026-01-13,Wood,394.538
2026-01-14,Coal,2597.971
2026-01-14,ELE,142.265
2026-01-14,Gas,2369.403
2026-01-14,Geothermal,26411.064
2026-01-14,HYD,0.0
2026-01-14,Hydro,71218.311
2026-01-14,Liquid fuel,0.0
2026-01-14,Solar,711.549
2026-01-14,Wind,7816.889
2026-01-14,Wood,401.121
2026-01-15,Coal,2066.258
2026-01-15,ELE,94.263
2026-01-15,Gas,5710.942
2026-01-15,Geothermal,26943.294
2026-01-15,HYD,0.0
2026-01-15,Hydro,71878.814
2026-01-15,Liquid fuel,0.0
2026-01-15,Solar,519.484
2026-01-15,Wind,5279.735
2026-01-15,Wood,448.265
2026-01-16,Coal,674.922
2026-01-16,ELE,53.675
2026-01-16,Gas,5459.554
2026-01-16,Geothermal,26550.787
2026-01-16,HYD,0.0
2026-01-16,Hydro,67418.655
2026-01-16,Liquid fuel,0.0
2026-01-16,Solar,853.052
2026-01-16,Wind,5957.761
2026-01-16,Wood,454.705
2026-01-17,Coal,1111.111
2026-01-17,ELE,53.645
2026-01-17,Gas,1916.034
2026-01-17,Geothermal,26267.0
2026-01-17,HYD,0.0
2026-01-17,Hydro,54731.406
2026-01-17,Liquid fuel,0.0
2026-01-17,Solar,989.268
2026-01-17,Wind,11799.085
2026-01-17,Wood,453.971
2026-01-18,Coal,1127.807
2026-01-18,ELE,58.549
2026-01-18,Gas,926.55
2026-01-18,Geothermal,26427.027
2026-01-18,HYD,0.0
2026-01-18,Hydro,48915.205
2026-01-18,Liquid fuel,0.0
2026-01-18,Solar,643.647
2026-01-18,Wind,16261.079
2026-01-18,Wood,516.626
2026-01-19,Coal,1649.965
2026-01-19,ELE,4.035
2026-01-19,Gas,882.238
2026-01-19,Geothermal,26223.249
2026-01-19,HYD,0.0
2026-01-19,Hydro,57722.929
2026-01-19,Liquid fuel,0.0
2026-01-19,Solar,1085.222
2026-01-19,Wind,16997.671
2026-01-19,Wood,464.37
2026-01-20,Coal,1365.994
2026-01-20,ELE,90.992
2026-01-20,Gas,916.658
2026-01-20,Geothermal,23631.681
2026-01-20,HYD,0.0
2026-01-20,Hydro,64519.793
2026-01-20,Liquid fuel,0.0
2026-01-20,Solar,836.345
2026-01-20,Wind,15879.559
2026-01-20,Wood,424.221
2026-01-21,Coal,1477.627
2026-01-21,ELE,82.682
2026-01-21,Gas,1348.169
2026-01-21,Geothermal,25572.356
2026-01-21,HYD,0.0
2026-01-21,Hydro,70169.248
2026-01-21,Liquid fuel,0.0
2026-01-21,Solar,248.422
2026-01-21,Wind,12131.774
2026-01-21,Wood,0.022
2026-01-22,Coal,1113.674
2026-01-22,ELE,13.723
2026-01-22,Gas,2048.018
2026-01-22,Geothermal,27354.678
2026-01-22,HYD,0.0
2026-01-22,Hydro,68221.684
2026-01-22,Liquid fuel,0.0
2026-01-22,Solar,794.624
2026-01-22,Wind,9859.311
2026-01-22,Wood,0.0
2026-01-23,Coal,1225.518
2026-01-23,ELE,36.649
2026-01-23,Gas,2088.327
2026-01-23,Geothermal,27569.754
2026-01-23,HYD,0.0
2026-01-23,Hydro,60104.565
2026-01-23,Liquid fuel,0.0
2026-01-23,Solar,877.324
2026-01-23,Wind,15062.51
2026-01-23,Wood,10.412
2026-01-24,Coal,784.478
2026-01-24,ELE,35.746
2026-01-24,Gas,2092.491
2026-01-24,Geothermal,27731.51
2026-01-24,HYD,0.0
2026-01-24,Hydro,52388.771
2026-01-24,Liquid fuel,0.0
2026-01-24,Solar,834.383
2026-01-24,Wind,13541.157
2026-01-24,Wood,388.116
2026-01-25,Coal,973.325
2026-01-25,ELE,52.094
2026-01-25,Gas,1972.938
2026-01-25,Geothermal,27855.589
2026-01-25,HYD,0.0
2026-01-25,Hydro,51098.675
2026-01-25,Liquid fuel,0.0
2026-01-25,Solar,659.848
2026-01-25,Wind,12663.271
2026-01-25,Wood,503.435
2026-01-26,Coal,1529.989
2026-01-26,ELE,37.81
2026-01-26,Gas,2078.943
2026-01-26,Geothermal,27451.364
2026-01-26,HYD,0.0
2026-01-26,Hydro,59353.454
2026-01-26,Liquid fuel,0.0
2026-01-26,Solar,905.831
2026-01-26,Wind,8449.499
2026-01-26,Wood,436.949
2026-01-27,Coal,1642.357
2026-01-27,ELE,55.579
2026-01-27,Gas,1931.366
2026-01-27,Geothermal,26547.911
2026-01-27,HYD,0.0
2026-01-27,Hydro,69880.911
2026-01-27,Liquid fuel,0.0
2026-01-27,Solar,797.202
2026-01-27,Wind,5360.427
2026-01-27,Wood,419.999
2026-01-28,Coal,789.771
2026-01-28,ELE,81.812
2026-01-28,Gas,2071.45
2026-01-28,Geothermal,27269.341
2026-01-28,HYD,0.0
2026-01-28,Hydro,69658.039
2026-01-28,Liquid fuel,0.0
2026-01-28,Solar,1285.304
2026-01-28,Wind,5432.293
2026-01-28,Wood,411.766
2026-01-29,Coal,636.296
2026-01-29,ELE,101.591
2026-01-29,Gas,2061.523
2026-01-29,Geothermal,27286.072
2026-01-29,HYD,0.0
2026-01-29,Hydro,62615.404
2026-01-29,Liquid fuel,0.0
2026-01-29,Solar,1103.648
2026-01-29,Wind,14670.471
2026-01-29,Wood,431.18
2026-01-30,Coal,416.072
2026-01-30,ELE,133.45
2026-01-30,Gas,1761.08
2026-01-30,Geothermal,27645.043
2026-01-30,HYD,0.0
2026-01-30,Hydro,67612.344
2026-01-30,Liquid fuel,0.0
2026-01-30,Solar,1274.821
2026-01-30,Wind,6127.443
2026-01-30,Wood,419.686
2026-01-31,ELE,67.162
2026-01-31,Gas,1772.565
2026-01-31,Geothermal,27044.135
2026-01-31,HYD,0.0
2026-01-31,Hydro,56147.26
2026-01-31,Liquid fuel,0.0
2026-01-31,Solar,1192.058
2026-01-31,Wind,11995.285
2026-01-31,Wood,417.671
2026-02-01,ELE,64.293
2026-02-01,Gas,1792.51
2026-02-01,Geothermal,27684.939
2026-02-01,HYD,0.0
2026-02-01,Hydro,57697.485
2026-02-01,Liquid fuel,0.0
2026-02-01,Solar,1304.106
2026-02-01,Wind,8650.443
2026-02-01,Wood,446.885
2026-02-02,Coal,1273.112
2026-02-02,ELE,152.23
2026-02-02,Gas,2162.72
2026-02-02,Geothermal,27461.264
2026-02-02,HYD,0.0
2026-02-02,Hydro,68436.215
2026-02-02,Liquid fuel,0.0
2026-02-02,Solar,761.434
2026-02-02,Wind,11219.772
2026-02-02,Wood,424.736
2026-02-03,Coal,1363.585
2026-02-03,ELE,163.551
2026-02-03,Gas,1653.235
2026-02-03,Geothermal,27678.961
2026-02-03,HYD,0.0
2026-02-03,Hydro,72643.8
2026-02-03,Liquid fuel,0.0
2026-02-03,Solar,563.112
2026-02-03,Wind,8101.929
2026-02-03,Wood,388.51
2026-02-04,Coal,855.776
2026-02-04,ELE,137.689
2026-02-04,Gas,1564.714
2026-02-04,Geothermal,28545.715
2026-02-04,HYD,0.0
2026-02-04,Hydro,66887.871
2026-02-04,Liquid fuel,0.0
2026-02-04,Solar,1138.856
2026-02-04,Wind,9285.718
2026-02-04,Wood,410.114
2026-02-05,Coal,1025.932
2026-02-05,ELE,98.911
2026-02-05,Gas,2018.378
2026-02-05,Geothermal,28640.643
2026-02-05,HYD,0.0
2026-02-05,Hydro,70238.098
2026-02-05,Liquid fuel,0.0
2026-02-05,Solar,1105.283
2026-02-05,Wind,3801.82
2026-02-05,Wood,486.159
2026-02-06,ELE,58.413
2026-02-06,Gas,2629.211
2026-02-06,Geothermal,28518.38
2026-02-06,HYD,0.0
2026-02-06,Hydro,49666.238
2026-02-06,Liquid fuel,0.0
2026-02-06,Solar,1079.997
2026-02-06,Wind,13927.109
2026-02-06,Wood,466.16
2026-02-07,ELE,65.144
2026-02-07,Gas,1940.349
2026-02-07,Geothermal,28260.474
2026-02-07,HYD,0.0
2026-02-07,Hydro,49461.341
2026-02-07,Liquid fuel,0.0
2026-02-07,Solar,1341.182
2026-02-07,Wind,14431.403
2026-02-07,Wood,424.788
2026-02-08,ELE,215.283
2026-02-08,Gas,2742.113
2026-02-08,Geothermal,28228.584
2026-02-08,HYD,0.0
2026-02-08,Hydro,53777.018
2026-02-08,Liquid fuel,0.0
2026-02-08,Solar,919.222
2026-02-08,Wind,10713.839
2026-02-08,Wood,414.435
2026-02-09,Coal,2109.313
2026-02-09,ELE,137.456
2026-02-09,Gas,1108.431
2026-02-09,Geothermal,28146.721
2026-02-09,HYD,0.0
2026-02-09,Hydro,72911.154
2026-02-09,Liquid fuel,0.0
2026-02-09,Solar,1067.646
2026-02-09,Wind,1579.903
2026-02-09,Wood,418.674
2026-02-10,Coal,2036.437
2026-02-10,ELE,66.259
2026-02-10,Gas,702.127
2026-02-10,Geothermal,28043.954
2026-02-10,HYD,0.0
2026-02-10,Hydro,73072.02
2026-02-10,Liquid fuel,0.0
2026-02-10,Solar,935.407
2026-02-10,Wind,5942.865
2026-02-10,Wood,421.717
2026-02-11,Coal,3152.212
2026-02-11,ELE,145.268
2026-02-11,Gas,902.913
2026-02-11,Geothermal,28242.389
2026-02-11,HYD,0.0
2026-02-11,Hydro,72574.197
2026-02-11,Liquid fuel,0.0
2026-02-11,Solar,909.138
2026-02-11,Wind,5979.948
2026-02-11,Wood,2.899
2026-02-12,Coal,3124.812
2026-02-12,ELE,109.316
2026-02-12,Gas,1361.035
2026-02-12,Geothermal,28210.555
2026-02-12,HYD,0.0
2026-02-12,Hydro,73045.77
2026-02-12,Liquid fuel,0.0
2026-02-12,Solar,973.851
2026-02-12,Wind,5448.658
2026-02-12,Wood,0.0
2026-02-13,Coal,3346.384
2026-02-13,ELE,37.203
2026-02-13,Gas,1940.279
2026-02-13,Geothermal,28038.145
2026-02-13,HYD,0.0
2026-02-13,Hydro,72726.978
2026-02-13,Liquid fuel,0.0
2026-02-13,Solar,343.308
2026-02-13,Wind,6234.788
2026-02-13,Wood,291.44
2026-02-14,Coal,39.487
2026-02-14,ELE,137.475
2026-02-14,Gas,2433.29
2026-02-14,Geothermal,28295.33
2026-02-14,HYD,0.0
2026-02-14,Hydro,61929.36
2026-02-14,Liquid fuel,0.0
2026-02-14,Solar,703.61
2026-02-14,Wind,6836.104
2026-02-14,Wood,490.109
2026-02-15,ELE,184.88
2026-02-15,Gas,2164.049
2026-02-15,Geothermal,28688.686
2026-02-15,HYD,0.0
2026-02-15,Hydro,52816.059
2026-02-15,Liquid fuel,0.0
2026-02-15,Solar,733.985
2026-02-15,Wind,12945.645
2026-02-15,Wood,474.942
2026-02-16,Coal,2073.154
2026-02-16,ELE,213.119
2026-02-16,Gas,2374.952
2026-02-16,Geothermal,28491.167
2026-02-16,HYD,0.0
2026-02-16,Hydro,65638.508
2026-02-16,Liquid fuel,0.0
2026-02-16,Solar,559.723
2026-02-16,Wind,9047.252
2026-02-16,Wood,465.254
2026-02-17,Coal,1907.69
2026-02-17,ELE,81.453
2026-02-17,Gas,1590.119
2026-02-17,Geothermal,28418.225
2026-02-17,HYD,0.0
2026-02-17,Hydro,67572.557
2026-02-17,Liquid fuel,0.0
2026-02-17,Solar,798.705
2026-02-17,Wind,8127.351
2026-02-17,Wood,438.479
2026-02-18,Coal,1813.372
2026-02-18,ELE,101.024
2026-02-18,Gas,1650.087
2026-02-18,Geothermal,27530.553
2026-02-18,HYD,0.0
2026-02-18,Hydro,67001.398
2026-02-18,Liquid fuel,0.0
2026-02-18,Solar,1041.731
2026-02-18,Wind,7683.566
2026-02-18,Wood,392.546
2026-02-19,Coal,1821.887
2026-02-19,ELE,213.156
2026-02-19,Gas,1917.521
2026-02-19,Geothermal,27982.704
2026-02-19,HYD,0.0
2026-02-19,Hydro,55420.396
2026-02-19,Liquid fuel,0.256
2026-02-19,Solar,1015.919
2026-02-19,Wind,18728.178
2026-02-19,Wood,406.176
2026-02-20,Coal,2852.802
2026-02-20,ELE,108.583
2026-02-20,Gas,1958.19
2026-02-20,Geothermal,28880.532
2026-02-20,HYD,0.0
2026-02-20,Hydro,54244.682
2026-02-20,Liquid fuel,0.0
2026-02-20,Solar,1230.482
2026-02-20,Wind,15778.287
2026-02-20,Wood,417.35
2026-02-21,Coal,3374.126
2026-02-21,ELE,237.531
2026-02-21,Gas,2418.703
2026-02-21,Geothermal,29176.136
2026-02-21,HYD,0.0
2026-02-21,Hydro,51683.362
2026-02-21,Liquid fuel,0.0
2026-02-21,Solar,1278.887
2026-02-21,Wind,7774.583
2026-02-21,Wood,417.729
2026-02-22,Coal,2973.62
2026-02-22,ELE,138.554
2026-02-22,Gas,2190.791
2026-02-22,Geothermal,29147.806
2026-02-22,HYD,0.0
2026-02-22,Hydro,48890.995
2026-02-22,Liquid fuel,0.0
2026-02-22,Solar,1161.553
2026-02-22,Wind,10620.958
2026-02-22,Wood,398.433
2026-02-23,Coal,3754.756
2026-02-23,ELE,124.689
2026-02-23,Gas,3203.252
2026-02-23,Geothermal,28348.371
2026-02-23,HYD,0.0
2026-02-23,Hydro,63558.982
2026-02-23,Liquid fuel,0.0
2026-02-23,Solar,1294.916
2026-02-23,Wind,4883.067
2026-02-23,Wood,394.467
2026-02-24,Coal,3116.538
2026-02-24,ELE,94.853
2026-02-24,Gas,2329.765
2026-02-24,Geothermal,28211.97
2026-02-24,HYD,0.0
2026-02-24,Hydro,61862.297
2026-02-24,Liquid fuel,0.0
2026-02-24,Solar,1162.098
2026-02-24,Wind,11201.442
2026-02-24,Wood,249.133
2026-02-25,Coal,3481.475
2026-02-25,ELE,172.786
2026-02-25,Gas,3184.542
2026-02-25,Geothermal,27938.944
2026-02-25,HYD,0.0
2026-02-25,Hydro,66263.299
2026-02-25,Liquid fuel,0.0
2026-02-25,Solar,1357.427
2026-02-25,Wind,7255.03
2026-02-25,Wood,352.757
2026-02-26,Coal,3825.442
2026-02-26,ELE,134.997
2026-02-26,Gas,1185.834
2026-02-26,Geothermal,28199.701
2026-02-26,HYD,0.0
2026-02-26,Hydro,63134.636
2026-02-26,Liquid fuel,0.0
2026-02-26,Solar,504.594
2026-02-26,Wind,14233.805
2026-02-26,Wood,459.007
2026-02-27,Coal,3651.416
2026-02-27,ELE,42.452
2026-02-27,Gas,2207.956
2026-02-27,Geothermal,28204.059
2026-02-27,HYD,0.0
2026-02-27,Hydro,64156.333
2026-02-27,Liquid fuel,0.0
2026-02-27,Solar,1004.827
2026-02-27,Wind,9078.294
2026-02-27,Wood,459.766
2026-02-28,Coal,2924.708
2026-02-28,ELE,53.403
2026-02-28,Gas,1012.373
2026-02-28,Geothermal,29079.301
2026-02-28,HYD,0.0
2026-02-28,Hydro,55802.938
2026-02-28,Liquid fuel,0.0
2026-02-28,Solar,862.199
2026-02-28,Wind,8249.924
2026-02-28,Wood,366.42
2026-03-01,Coal,2997.835
2026-03-01,ELE,183.022
2026-03-01,Gas,1365.549
2026-03-01,Geothermal,27907.981
2026-03-01,HYD,0.0
2026-03-01,Hydro,55342.641
2026-03-01,Liquid fuel,0.0
2026-03-01,Solar,582.289
2026-03-01,Wind,10392.394
2026-03-01,Wood,389.762
2026-03-02,Coal,3457.987
2026-03-02,ELE,200.628
2026-03-02,Gas,1877.68
2026-03-02,Geothermal,27798.694
2026-03-02,HYD,0.0
2026-03-02,Hydro,62399.766
2026-03-02,Liquid fuel,0.0
2026-03-02,Solar,760.838
2026-03-02,Wind,13573.142
2026-03-02,Wood,341.287
2026-03-03,Coal,3052.482
2026-03-03,ELE,68.439
2026-03-03,Gas,2099.177
2026-03-03,Geothermal,27772.505
2026-03-03,HYD,0.0
2026-03-03,Hydro,65794.419
2026-03-03,Liquid fuel,0.0
2026-03-03,Solar,943.217
2026-03-03,Wind,12404.087
2026-03-03,Wood,440.405
2026-03-04,Coal,3406.141
2026-03-04,ELE,165.356
2026-03-04,Gas,2050.849
2026-03-04,Geothermal,27352.098
2026-03-04,HYD,0.0
2026-03-04,Hydro,70454.349
2026-03-04,Liquid fuel,0.0
2026-03-04,Solar,955.107
2026-03-04,Wind,4119.61
2026-03-04,Wood,478.143
2026-03-05,Coal,3203.136
2026-03-05,ELE,116.543
2026-03-05,Gas,2279.754
2026-03-05,Geothermal,27368.355
2026-03-05,HYD,0.0
2026-03-05,Hydro,66456.382
2026-03-05,Liquid fuel,0.0
2026-03-05,Solar,1023.51
2026-03-05,Wind,8456.403
2026-03-05,Wood,453.822
2026-03-06,Coal,2972.171
2026-03-06,ELE,243.109
2026-03-06,Gas,1728.824
2026-03-06,Geothermal,27323.487
2026-03-06,HYD,0.0
2026-03-06,Hydro,57321.634
2026-03-06,Liquid fuel,0.0
2026-03-06,Solar,1132.343
2026-03-06,Wind,16309.74
2026-03-06,Wood,415.744
2026-03-07,Coal,2816.406
2026-03-07,ELE,118.181
2026-03-07,Gas,1721.041
2026-03-07,Geothermal,27407.375
2026-03-07,HYD,0.0
2026-03-07,Hydro,57036.468
2026-03-07,Liquid fuel,0.0
2026-03-07,Solar,1204.908
2026-03-07,Wind,8682.74
2026-03-07,Wood,381.915
2026-03-08,Coal,2541.665
2026-03-08,ELE,87.64
2026-03-08,Gas,1718.655
2026-03-08,Geothermal,25205.169
2026-03-08,HYD,0.0
2026-03-08,Hydro,54913.198
2026-03-08,Liquid fuel,0.0
2026-03-08,Solar,976.34
2026-03-08,Wind,13130.746
2026-03-08,Wood,369.855
2026-03-09,Coal,3594.407
2026-03-09,ELE,38.83
2026-03-09,Gas,2033.476
2026-03-09,Geothermal,24681.949
2026-03-09,HYD,0.0
2026-03-09,Hydro,68976.785
2026-03-09,Liquid fuel,0.0
2026-03-09,Solar,786.557
2026-03-09,Wind,9750.759
2026-03-09,Wood,388.969
2026-03-10,Coal,3424.449
2026-03-10,ELE,49.381
2026-03-10,Gas,2296.26
2026-03-10,Geothermal,24822.476
2026-03-10,HYD,0.0
2026-03-10,Hydro,67847.446
2026-03-10,Liquid fuel,0.0
2026-03-10,Solar,818.853
2026-03-10,Wind,11930.107
2026-03-10,Wood,222.993
2026-03-11,Coal,4650.714
2026-03-11,ELE,13.137
2026-03-11,Gas,3090.969
2026-03-11,Geothermal,25119.087
2026-03-11,HYD,0.0
2026-03-11,Hydro,71806.415
2026-03-11,Liquid fuel,0.0
2026-03-11,Solar,699.282
2026-03-11,Wind,6105.01
2026-03-11,Wood,0.0
2026-03-12,Coal,5233.996
2026-03-12,ELE,54.165
2026-03-12,Gas,3875.947
2026-03-12,Geothermal,24844.793
2026-03-12,HYD,0.0
2026-03-12,Hydro,71151.393
2026-03-12,Liquid fuel,0.0
2026-03-12,Solar,753.737
2026-03-12,Wind,5990.761
2026-03-12,Wood,0.0
2026-03-13,Coal,4286.268
2026-03-13,ELE,76.078
2026-03-13,Gas,5753.961
2026-03-13,Geothermal,24361.386
2026-03-13,HYD,0.0
2026-03-13,Hydro,70636.107
2026-03-13,Liquid fuel,0.0
2026-03-13,Solar,475.364
2026-03-13,Wind,7865.602
2026-03-13,Wood,0.0
2026-03-14,Coal,3494.425
2026-03-14,ELE,234.539
2026-03-14,Gas,3830.157
2026-03-14,Geothermal,24951.553
2026-03-14,HYD,0.0
2026-03-14,Hydro,59778.995
2026-03-14,Liquid fuel,0.0
2026-03-14,Solar,912.596
2026-03-14,Wind,8916.783
2026-03-14,Wood,112.416
2026-03-15,Coal,3753.355
2026-03-15,ELE,107.872
2026-03-15,Gas,3921.38
2026-03-15,Geothermal,26973.823
2026-03-15,HYD,0.0
2026-03-15,Hydro,59305.682
2026-03-15,Liquid fuel,0.0
2026-03-15,Solar,1149.562
2026-03-15,Wind,3496.729
2026-03-15,Wood,324.157
2026-03-16,Coal,4472.05
2026-03-16,ELE,78.052
2026-03-16,Gas,4703.587
2026-03-16,Geothermal,26215.788
2026-03-16,HYD,0.0
2026-03-16,Hydro,64272.979
2026-03-16,Liquid fuel,0.0
2026-03-16,Solar,730.836
2026-03-16,Wind,9223.49
2026-03-16,Wood,313.691
2026-03-17,Coal,4890.601
2026-03-17,ELE,150.529
2026-03-17,Gas,6294.447
2026-03-17,Geothermal,24532.667
2026-03-17,HYD,0.0
2026-03-17,Hydro,72143.728
2026-03-17,Liquid fuel,0.0
2026-03-17,Solar,930.464
2026-03-17,Wind,3050.904
2026-03-17,Wood,397.457
2026-03-18,Coal,5132.903
2026-03-18,ELE,58.218
2026-03-18,Gas,6576.444
2026-03-18,Geothermal,23976.464
2026-03-18,HYD,0.0
2026-03-18,Hydro,70422.748
2026-03-18,Liquid fuel,0.0
2026-03-18,Solar,837.537
2026-03-18,Wind,6220.603
2026-03-18,Wood,353.357
2026-03-19,Coal,5340.969
2026-03-19,ELE,187.996
2026-03-19,Gas,6824.09
2026-03-19,Geothermal,24761.851
2026-03-19,HYD,0.0
2026-03-19,Hydro,67292.356
2026-03-19,Liquid fuel,0.0
2026-03-19,Solar,984.976
2026-03-19,Wind,8772.279
2026-03-19,Wood,371.309
2026-03-20,Coal,5425.116
2026-03-20,ELE,27.65
2026-03-20,Gas,6115.3
2026-03-20,Geothermal,26288.61
2026-03-20,HYD,0.0
2026-03-20,Hydro,67141.682
2026-03-20,Liquid fuel,0.0
2026-03-20,Solar,847.319
2026-03-20,Wind,7323.962
2026-03-20,Wood,320.195
2026-03-21,Coal,5363.938
2026-03-21,ELE,128.522
2026-03-21,Gas,5372.13
2026-03-21,Geothermal,27071.89
2026-03-21,HYD,0.0
2026-03-21,Hydro,62675.699
2026-03-21,Liquid fuel,0.0
2026-03-21,Solar,1058.567
2026-03-21,Wind,2178.873
2026-03-21,Wood,0.0
2026-03-22,Coal,5063.321
2026-03-22,ELE,71.101
2026-03-22,Gas,6774.241
2026-03-22,Geothermal,26999.672
2026-03-22,HYD,0.0
2026-03-22,Hydro,60178.817
2026-03-22,Liquid fuel,0.0
2026-03-22,Solar,844.126
2026-03-22,Wind,1527.166
2026-03-22,Wood,333.006
2026-03-23,Coal,7314.324
2026-03-23,ELE,70.016
2026-03-23,Gas,6307.956
2026-03-23,Geothermal,27176.728
2026-03-23,HYD,0.0
2026-03-23,Hydro,65704.417
2026-03-23,Liquid fuel,0.0
2026-03-23,Solar,946.583
2026-03-23,Wind,3681.645
2026-03-23,Wood,375.322
2026-03-24,Coal,7348.241
2026-03-24,ELE,105.649
2026-03-24,Gas,5824.786
2026-03-24,Geothermal,27431.062
2026-03-24,HYD,0.0
2026-03-24,Hydro,66865.979
2026-03-24,Liquid fuel,0.0
2026-03-24,Solar,659.398
2026-03-24,Wind,3985.436
2026-03-24,Wood,385.923
2026-03-25,Coal,4176.282
2026-03-25,ELE,70.987
2026-03-25,Gas,10046.712
2026-03-25,Geothermal,27360.993
2026-03-25,HYD,0.0
2026-03-25,Hydro,66649.013
2026-03-25,Liquid fuel,0.0
2026-03-25,Solar,293.785
2026-03-25,WIN,0.0
2026-03-25,Wind,5155.837
2026-03-25,Wood,387.596
2026-03-26,Coal,1851.191
2026-03-26,ELE,59.678
2026-03-26,Gas,11326.076
2026-03-26,Geothermal,27261.962
2026-03-26,HYD,0.0
2026-03-26,Hydro,63571.014
2026-03-26,Liquid fuel,0.0
2026-03-26,Solar,131.102
2026-03-26,WIN,0.0
2026-03-26,Wind,11891.936
2026-03-26,Wood,423.321
2026-03-27,Coal,970.023
2026-03-27,ELE,174.082
2026-03-27,Gas,10939.326
2026-03-27,Geothermal,27042.098
2026-03-27,HYD,0.0
2026-03-27,Hydro,60992.483
2026-03-27,Liquid fuel,0.0
2026-03-27,Solar,411.196
2026-03-27,WIN,0.0
2026-03-27,Wind,11166.728
2026-03-27,Wood,430.629
2026-03-28,ELE,55.111
2026-03-28,Gas,9747.048
2026-03-28,Geothermal,27033.58
2026-03-28,HYD,0.0
2026-03-28,Hydro,53189.321
2026-03-28,Liquid fuel,0.0
2026-03-28,Solar,635.922
2026-03-28,WIN,0.0
2026-03-28,Wind,10355.94
2026-03-28,Wood,393.576
2026-03-29,ELE,86.357
2026-03-29,Gas,11316.899
2026-03-29,Geothermal,27199.534
2026-03-29,HYD,0.0
2026-03-29,Hydro,54349.076
2026-03-29,Liquid fuel,0.0
2026-03-29,Solar,527.609
2026-03-29,WIN,0.0
2026-03-29,Wind,6569.781
2026-03-29,Wood,373.012
2026-03-30,Coal,2377.623
2026-03-30,ELE,155.237
2026-03-30,Gas,10605.303
2026-03-30,Geothermal,26943.108
2026-03-30,HYD,0.0
2026-03-30,Hydro,57752.178
2026-03-30,Liquid fuel,0.0
2026-03-30,Solar,534.385
2026-03-30,WIN,0.0
2026-03-30,Wind,10661.184
2026-03-30,Wood,411.182
2026-03-31,Coal,2173.869
2026-03-31,ELE,181.907
2026-03-31,Gas,10771.325
2026-03-31,Geothermal,24003.217
2026-03-31,HYD,0.0
2026-03-31,Hydro,59076.209
2026-03-31,Liquid fuel,0.0
2026-03-31,Solar,674.704
2026-03-31,WIN,0.0
2026-03-31,Wind,13486.166
2026-03-31,Wood,442.873
2026-04-01,Coal,2620.219
2026-04-01,ELE,44.809
2026-04-01,Gas,14161.361
2026-04-01,Geothermal,24778.734
2026-04-01,HYD,0.0
2026-04-01,Hydro,63405.095
2026-04-01,Liquid fuel,0.0
2026-04-01,Solar,977.331
2026-04-01,WIN,4.59
2026-04-01,Wind,4522.012
2026-04-01,Wood,438.442
2026-04-02,Coal,1747.915
2026-04-02,ELE,197.632
2026-04-02,Gas,12927.718
2026-04-02,Geothermal,27919.759
2026-04-02,HYD,0.0
2026-04-02,Hydro,62371.21
2026-04-02,Liquid fuel,0.0
2026-04-02,Solar,1126.008
2026-04-02,WIN,24.637
2026-04-02,Wind,1642.181
2026-04-02,Wood,456.596
2026-04-03,Coal,1497.193
2026-04-03,ELE,177.622
2026-04-03,Gas,7530.056
2026-04-03,Geothermal,27982.156
2026-04-03,HYD,0.0
2026-04-03,Hydro,51340.576
2026-04-03,Liquid fuel,0.0
2026-04-03,Solar,1154.223
2026-04-03,WIN,32.434
2026-04-03,Wind,6654.767
2026-04-03,Wood,430.917
2026-04-04,ELE,105.786
2026-04-04,Gas,9915.159
2026-04-04,Geothermal,28105.176
2026-04-04,HYD,0.0
2026-04-04,Hydro,48998.926
2026-04-04,Liquid fuel,0.0
2026-04-04,Solar,734.695
2026-04-04,WIN,85.331
2026-04-04,Wind,8883.349
2026-04-04,Wood,419.511
2026-04-05,ELE,72.135
2026-04-05,Gas,10333.28
2026-04-05,Geothermal,29251.356
2026-04-05,HYD,0.0
2026-04-05,Hydro,51541.647
2026-04-05,Liquid fuel,0.0
2026-04-05,Solar,613.534
2026-04-05,WIN,329.878
2026-04-05,Wind,7808.72
2026-04-05,Wood,430.484
2026-04-06,Coal,736.534
2026-04-06,ELE,219.973
2026-04-06,Gas,10439.171
2026-04-06,Geothermal,27967.917
2026-04-06,HYD,0.0
2026-04-06,Hydro,49807.427
2026-04-06,Liquid fuel,0.0
2026-04-06,Solar,650.345
2026-04-06,WIN,452.771
2026-04-06,Wind,7861.288
2026-04-06,Wood,439.064
2026-04-07,Coal,1726.258
2026-04-07,ELE,141.409
2026-04-07,Gas,10952.786
2026-04-07,Geothermal,27932.907
2026-04-07,HYD,0.0
2026-04-07,Hydro,57055.998
2026-04-07,Liquid fuel,0.0
2026-04-07,Solar,386.456
2026-04-07,WIN,503.633
2026-04-07,Wind,10845.361
2026-04-07,Wood,375.416
2026-04-08,Coal,1689.862
2026-04-08,ELE,113.73
2026-04-08,Gas,10782.35
2026-04-08,Geothermal,27318.084
2026-04-08,HYD,0.0
2026-04-08,Hydro,60402.596
2026-04-08,Liquid fuel,0.0
2026-04-08,Solar,514.23
2026-04-08,WIN,186.06
2026-04-08,Wind,9567.032
2026-04-08,Wood,257.424
2026-04-09,ELE,160.817
2026-04-09,Gas,9712.888
2026-04-09,Geothermal,28076.808
2026-04-09,HYD,0.0
2026-04-09,Hydro,58084.682
2026-04-09,Liquid fuel,0.0
2026-04-09,Solar,639.145
2026-04-09,WIN,436.634
2026-04-09,Wind,10480.713
2026-04-09,Wood,306.028
2026-04-10,ELE,140.855
2026-04-10,Gas,9245.915
2026-04-10,Geothermal,28995.084
2026-04-10,HYD,0.0
2026-04-10,Hydro,61080.505
2026-04-10,Liquid fuel,0.0
2026-04-10,Solar,539.495
2026-04-10,WIN,241.119
2026-04-10,Wind,6796.931
2026-04-10,Wood,479.644
2026-04-11,ELE,174.153
2026-04-11,Gas,9085.359
2026-04-11,Geothermal,28868.124
2026-04-11,HYD,0.0
2026-04-11,Hydro,51047.002
2026-04-11,Liquid fuel,0.0
2026-04-11,Solar,635.317
2026-04-11,WIN,289.422
2026-04-11,Wind,10521.495
2026-04-11,Wood,442.288
2026-04-12,ELE,30.786
2026-04-12,Gas,9456.386
2026-04-12,Geothermal,28051.356
2026-04-12,HYD,0.0
2026-04-12,Hydro,49308.82
2026-04-12,Liquid fuel,0.0
2026-04-12,Solar,278.87
2026-04-12,WIN,258.373
2026-04-12,Wind,13928.535
2026-04-12,Wood,426.993
2026-04-13,ELE,99.018
2026-04-13,Gas,9302.796
2026-04-13,Geothermal,28274.076
2026-04-13,HYD,0.0
2026-04-13,Hydro,54792.238
2026-04-13,Liquid fuel,0.0
2026-04-13,Solar,420.94
2026-04-13,WIN,34.913
2026-04-13,Wind,16301.911
2026-04-13,Wood,419.795
2026-04-14,ELE,167.093
2026-04-14,Gas,9411.347
2026-04-14,Geothermal,28844.52
2026-04-14,HYD,0.0
2026-04-14,Hydro,57170.65
2026-04-14,Liquid fuel,0.0
2026-04-14,Solar,644.752
2026-04-14,WIN,144.115
2026-04-14,Wind,13957.779
2026-04-14,Wood,335.843
2026-04-15,ELE,150.518
2026-04-15,Gas,7535.514
2026-04-15,Geothermal,29091.77
2026-04-15,HYD,0.0
2026-04-15,Hydro,56994.834
2026-04-15,Liquid fuel,0.0
2026-04-15,Solar,920.904
2026-04-15,WIN,447.997
2026-04-15,Wind,15366.505
2026-04-15,Wood,520.373
2026-04-16,ELE,171.84
2026-04-16,Gas,7639.799
2026-04-16,Geothermal,28866.622
2026-04-16,HYD,0.0
2026-04-16,Hydro,52455.435
2026-04-16,Liquid fuel,0.0
2026-04-16,Solar,897.38
2026-04-16,WIN,661.747
2026-04-16,Wind,19463.091
2026-04-16,Wood,482.415
2026-04-17,ELE,128.458
2026-04-17,Gas,7192.263
2026-04-17,Geothermal,29152.433
2026-04-17,HYD,0.0
2026-04-17,Hydro,56313.956
2026-04-17,Liquid fuel,0.0
2026-04-17,Solar,987.929
2026-04-17,WIN,368.343
2026-04-17,Wind,16821.596
2026-04-17,Wood,490.236
2026-04-18,ELE,165.583
2026-04-18,Gas,7528.957
2026-04-18,Geothermal,28928.678
2026-04-18,HYD,0.0
2026-04-18,Hydro,48087.739
2026-04-18,Liquid fuel,0.0
2026-04-18,Solar,566.34
2026-04-18,WIN,203.457
2026-04-18,Wind,18159.582
2026-04-18,Wood,322.668
2026-04-19,ELE,113.889
2026-04-19,Gas,7444.289
2026-04-19,Geothermal,28917.157
2026-04-19,HYD,0.0
2026-04-19,Hydro,57707.405
2026-04-19,Liquid fuel,0.0
2026-04-19,Solar,658.334
2026-04-19,WIN,70.367
2026-04-19,Wind,6492.53
2026-04-19,Wood,504.74
2026-04-20,ELE,161.366
2026-04-20,Gas,9072.909
2026-04-20,Geothermal,29205.697
2026-04-20,HYD,0.0
2026-04-20,Hydro,66702.793
2026-04-20,Liquid fuel,0.0
2026-04-20,Solar,604.789
2026-04-20,WIN,323.842
2026-04-20,Wind,8275.314
2026-04-20,Wood,446.628
2026-04-21,ELE,179.525
2026-04-21,Gas,8626.958
2026-04-21,Geothermal,29070.349
2026-04-21,HYD,0.0
2026-04-21,Hydro,65791.733
2026-04-21,Liquid fuel,0.0
2026-04-21,Solar,657.158
2026-04-21,WIN,203.283
2026-04-21,Wind,16257.543
2026-04-21,Wood,398.213
2026-04-22,ELE,75.351
2026-04-22,Gas,8264.61
2026-04-22,Geothermal,28132.759
2026-04-22,HYD,0.0
2026-04-22,Hydro,69418.051
2026-04-22,Liquid fuel,0.0
2026-04-22,Solar,683.367
2026-04-22,WIN,2.45
2026-04-22,Wind,14503.773
2026-04-22,Wood,459.492
2026-04-23,ELE,139.28
2026-04-23,Gas,9607.878
2026-04-23,Geothermal,27605.516
2026-04-23,HYD,0.0
2026-04-23,Hydro,78163.729
2026-04-23,Liquid fuel,0.0
2026-04-23,Solar,1004.796
2026-04-23,WIN,223.624
2026-04-23,Wind,3585.009
2026-04-23,Wood,393.405
2026-04-24,ELE,83.2
2026-04-24,Gas,9563.962
2026-04-24,Geothermal,27897.486
2026-04-24,HYD,0.0
2026-04-24,Hydro,78787.806
2026-04-24,Liquid fuel,0.0
2026-04-24,Solar,912.805
2026-04-24,WIN,772.248
2026-04-24,Wind,1149.721
2026-04-24,Wood,264.285
2026-04-25,ELE,102.814
2026-04-25,Gas,9380.623
2026-04-25,Geothermal,28392.483
2026-04-25,HYD,0.0
2026-04-25,Hydro,61128.995
2026-04-25,Liquid fuel,0.0
2026-04-25,Solar,896.907
2026-04-25,WIN,1081.058
2026-04-25,Wind,3565.166
2026-04-25,Wood,286.648
2026-04-26,ELE,232.109
2026-04-26,Gas,8716.202
2026-04-26,Geothermal,28262.211
2026-04-26,HYD,0.0
2026-04-26,Hydro,53615.928
2026-04-26,Liquid fuel,0.0
2026-04-26,Solar,844.327
2026-04-26,WIN,745.637
2026-04-26,Wind,9558.733
2026-04-26,Wood,421.058
2026-04-27,ELE,119.553
2026-04-27,Gas,9107.012
2026-04-27,Geothermal,28217.161
2026-04-27,HYD,0.0
2026-04-27,Hydro,61362.814
2026-04-27,Liquid fuel,0.0
2026-04-27,Solar,900.961
2026-04-27,WIN,813.878
2026-04-27,Wind,2437.027
2026-04-27,Wood,597.868
2026-04-28,Coal,1248.533
2026-04-28,ELE,196.904
2026-04-28,Gas,8876.759
2026-04-28,Geothermal,27998.984
2026-04-28,HYD,0.0
2026-04-28,Hydro,65435.465
2026-04-28,Liquid fuel,0.0
2026-04-28,Solar,886.373
2026-04-28,WIN,587.506
2026-04-28,Wind,6225.38
2026-04-28,Wood,516.686
2026-04-29,ELE,177.127
2026-04-29,Gas,8033.562
2026-04-29,Geothermal,27404.926
2026-04-29,HYD,0.0
2026-04-29,Hydro,61109.755
2026-04-29,Liquid fuel,0.0
2026-04-29,Solar,747.225
2026-04-29,WIN,1220.658
2026-04-29,Wind,15009.841
2026-04-29,Wood,556.668
2026-04-30,ELE,200.054
2026-04-30,Gas,7983.556
2026-04-30,Geothermal,26688.916
2026-04-30,HYD,0.0
2026-04-30,Hydro,66799.865
2026-04-30,Liquid fuel,0.0
2026-04-30,Solar,900.862
2026-04-30,WIN,262.609
2026-04-30,Wind,11607.105
2026-04-30,Wood,522.68
2026-05-01,ELE,112.581
2026-05-01,Gas,7888.442
2026-05-01,Geothermal,26799.038
2026-05-01,HYD,0.0
2026-05-01,Hydro,76304.126
2026-05-01,Liquid fuel,0.0
2026-05-01,Solar,838.684
2026-05-01,WIN,27.715
2026-05-01,Wind,3118.38
2026-05-01,Wood,472.439
2026-05-02,ELE,179.378
2026-05-02,Gas,8006.76
2026-05-02,Geothermal,27748.853
2026-05-02,HYD,0.0
2026-05-02,Hydro,63114.905
2026-05-02,Liquid fuel,0.0
2026-05-02,Solar,777.897
2026-05-02,WIN,333.432
2026-05-02,Wind,7789.967
2026-05-02,Wood,372.912
2026-05-03,ELE,110.206
2026-05-03,Gas,8744.056
2026-05-03,Geothermal,28203.451
2026-05-03,HYD,0.0
2026-05-03,Hydro,64926.864
2026-05-03,Liquid fuel,0.0
2026-05-03,Solar,766.68
2026-05-03,WIN,56.959
2026-05-03,Wind,3702.749
2026-05-03,Wood,78.301
2026-05-04,ELE,5.221
2026-05-04,Gas,10590.361
2026-05-04,Geothermal,28139.733
2026-05-04,HYD,0.0
2026-05-04,Hydro,67413.012
2026-05-04,Liquid fuel,0.0
2026-05-04,Solar,484.535
2026-05-04,WIN,184.046
2026-05-04,Wind,10298.068
2026-05-04,Wood,0.0
2026-05-05,ELE,23.511
2026-05-05,Gas,10718.884
2026-05-05,Geothermal,28255.952
2026-05-05,HYD,0.0
2026-05-05,Hydro,66407.512
2026-05-05,Liquid fuel,0.0
2026-05-05,Solar,388.484
2026-05-05,WIN,203.066
2026-05-05,Wind,11517.507
2026-05-05,Wood,0.0
2026-05-06,ELE,22.283
2026-05-06,Gas,11242.542
2026-05-06,Geothermal,28741.949
2026-05-06,HYD,0.0
2026-05-06,Hydro,61135.606
2026-05-06,Liquid fuel,0.0
2026-05-06,Solar,365.86
2026-05-06,WIN,460.783
2026-05-06,Wind,13045.404
2026-05-06,Wood,0.0
2026-05-07,ELE,129.747
2026-05-07,Gas,8722.67
2026-05-07,Geothermal,29037.816
2026-05-07,HYD,0.0
2026-05-07,Hydro,58845.334
2026-05-07,Liquid fuel,0.0
2026-05-07,Solar,479.458
2026-05-07,WIN,385.833
2026-05-07,Wind,16274.013
2026-05-07,Wood,0.0
2026-05-08,ELE,126.362
2026-05-08,Gas,8082.51
2026-05-08,Geothermal,28799.346
2026-05-08,HYD,0.0
2026-05-08,Hydro,59600.579
2026-05-08,Liquid fuel,0.0
2026-05-08,Solar,243.55
2026-05-08,WIN,367.863
2026-05-08,Wind,15552.054
2026-05-08,Wood,0.0
2026-05-09,ELE,118.704
2026-05-09,Gas,4834.176
2026-05-09,Geothermal,28887.286
2026-05-09,HYD,0.0
2026-05-09,Hydro,47651.504
2026-05-09,Liquid fuel,0.0
2026-05-09,Solar,585.327
2026-05-09,WIN,1369.76
2026-05-09,Wind,18921.35
2026-05-09,Wood,0.0
2026-05-10,Coal,1417.562
2026-05-10,ELE,49.541
2026-05-10,Gas,1993.492
2026-05-10,Geothermal,29073.837
2026-05-10,HYD,0.0
2026-05-10,Hydro,52027.54
2026-05-10,Liquid fuel,0.0
2026-05-10,Solar,550.17
2026-05-10,WIN,1313.395
2026-05-10,Wind,16714.105
2026-05-10,Wood,0.0
2026-05-11,Coal,4944.976
2026-05-11,ELE,72.081
2026-05-11,Gas,3066.081
2026-05-11,Geothermal,29450.753
2026-05-11,HYD,0.0
2026-05-11,Hydro,69501.457
2026-05-11,Liquid fuel,0.0
2026-05-11,Solar,594.09
2026-05-11,WIN,1216.156
2026-05-11,Wind,7609.118
2026-05-11,Wood,0.0
2026-05-12,Coal,3501.996
2026-05-12,ELE,230.045
2026-05-12,Gas,5946.612
2026-05-12,Geothermal,29611.956
2026-05-12,HYD,0.0
2026-05-12,Hydro,69957.934
2026-05-12,Liquid fuel,0.0
2026-05-12,Solar,435.077
2026-05-12,WIN,1446.894
2026-05-12,Wind,7782.521
2026-05-12,Wood,0.0
2026-05-13,ELE,213.798
2026-05-13,Gas,8387.057
2026-05-13,Geothermal,29496.682
2026-05-13,HYD,0.0
2026-05-13,Hydro,71336.116
2026-05-13,Liquid fuel,0.0
2026-05-13,Solar,617.771
2026-05-13,WIN,1208.06
2026-05-13,Wind,6206.116
2026-05-13,Wood,0.0
2026-05-14,ELE,89.402
2026-05-14,Gas,9133.336
2026-05-14,Geothermal,29596.045
2026-05-14,HYD,0.0
2026-05-14,Hydro,73988.415
2026-05-14,Liquid fuel,0.0
2026-05-14,Solar,717.684
2026-05-14,WIN,383.028
2026-05-14,Wind,4871.932
2026-05-14,Wood,0.0
2026-05-15,ELE,206.229
2026-05-15,Gas,9219.71
2026-05-15,Geothermal,28052.248
2026-05-15,HYD,0.0
2026-05-15,Hydro,76496.55
2026-05-15,Liquid fuel,0.0
2026-05-15,Solar,656.104
2026-05-15,WIN,253.593
2026-05-15,Wind,5799.239
2026-05-15,Wood,0.0
2026-05-16,ELE,268.092
2026-05-16,Gas,9209.557
2026-05-16,Geothermal,27484.991
2026-05-16,HYD,0.0
2026-05-16,Hydro,65335.75
2026-05-16,Liquid fuel,0.0
2026-05-16,Solar,672.011
2026-05-16,WIN,218.716
2026-05-16,Wind,7749.269
2026-05-16,Wood,0.0
2026-05-17,ELE,221.834
2026-05-17,Gas,9036.549
2026-05-17,Geothermal,27510.059
2026-05-17,HYD,0.0
2026-05-17,Hydro,68309.482
2026-05-17,Liquid fuel,0.0
2026-05-17,Solar,594.584
2026-05-17,WIN,10.243
2026-05-17,Wind,6158.557
2026-05-17,Wood,0.0
2026-05-18,Coal,3004.184
2026-05-18,ELE,182.784
2026-05-18,Gas,10504.811
2026-05-18,Geothermal,25969.257
2026-05-18,HYD,0.0
2026-05-18,Hydro,77073.57
2026-05-18,Liquid fuel,0.0
2026-05-18,Solar,741.938
2026-05-18,WIN,3.877
2026-05-18,Wind,4722.362
2026-05-18,Wood,0.0
2026-05-19,Coal,4720.836
2026-05-19,ELE,242.866
2026-05-19,Gas,10759.721
2026-05-19,Geothermal,24518.928
2026-05-19,HYD,0.0
2026-05-19,Hydro,79243.961
2026-05-19,Liquid fuel,0.0
2026-05-19,Solar,631.702
2026-05-19,WIN,140.691
2026-05-19,Wind,2017.669
2026-05-19,Wood,0.0
2026-05-20,Coal,1559.195
2026-05-20,ELE,227.256
2026-05-20,Gas,10848.103
2026-05-20,Geothermal,24205.21
2026-05-20,HYD,0.0
2026-05-20,Hydro,77283.624
2026-05-20,Liquid fuel,0.0
2026-05-20,Solar,605.698
2026-05-20,WIN,407.492
2026-05-20,Wind,7684.017
2026-05-20,Wood,0.0
2026-05-21,ELE,279.889
2026-05-21,Gas,10321.279
2026-05-21,Geothermal,24963.785
2026-05-21,HYD,0.0
2026-05-21,Hydro,68655.641
2026-05-21,Liquid fuel,0.0
2026-05-21,Solar,289.348
2026-05-21,WIN,1500.641
2026-05-21,Wind,14497.492
2026-05-21,Wood,0.0
2026-05-22,Coal,813.759
2026-05-22,ELE,181.078
2026-05-22,Gas,9699.079
2026-05-22,Geothermal,26776.297
2026-05-22,HYD,0.0
2026-05-22,Hydro,75478.044
2026-05-22,Liquid fuel,0.0
2026-05-22,Solar,505.69
2026-05-22,WIN,576.898
2026-05-22,Wind,3438.168
2026-05-22,Wood,0.0
2026-05-23,Coal,2203.988
2026-05-23,ELE,113.763
2026-05-23,Gas,8179.718
2026-05-23,Geothermal,27469.856
2026-05-23,HYD,0.0
2026-05-23,Hydro,61065.909
2026-05-23,Liquid fuel,0.0
2026-05-23,Solar,369.147
2026-05-23,WIN,1377.234
2026-05-23,Wind,8121.438
2026-05-23,Wood,0.0
2026-05-24,ELE,229.082
2026-05-24,Gas,9212.555
2026-05-24,Geothermal,27709.088
2026-05-24,HYD,0.0
2026-05-24,Hydro,61037.113
2026-05-24,Liquid fuel,0.0
2026-05-24,Solar,372.036
2026-05-24,WIN,100.208
2026-05-24,Wind,8518.999
2026-05-24,Wood,0.0
2026-05-25,ELE,237.072
2026-05-25,Gas,10279.881
2026-05-25,Geothermal,27676.054
2026-05-25,HYD,0.0
2026-05-25,Hydro,72805.455
2026-05-25,Liquid fuel,0.0
2026-05-25,Solar,579.091
2026-05-25,WIN,517.946
2026-05-25,Wind,7077.784
2026-05-25,Wood,0.0
2026-05-26,ELE,227.8
2026-05-26,Gas,10218.252
2026-05-26,Geothermal,27496.068
2026-05-26,HYD,0.0
2026-05-26,Hydro,73634.862
2026-05-26,Liquid fuel,0.0
2026-05-26,Solar,467.297
2026-05-26,WIN,650.482
2026-05-26,Wind,8932.537
2026-05-26,Wood,0.0
2026-05-27,ELE,201.338
2026-05-27,Gas,10683.566
2026-05-27,Geothermal,28652.903
2026-05-27,HYD,0.0
2026-05-27,Hydro,75446.139
2026-05-27,Liquid fuel,0.0
2026-05-27,Solar,510.507
2026-05-27,WIN,1532.888
2026-05-27,Wind,5934.74
2026-05-27,Wood,0.0
2026-05-28,ELE,248.614
2026-05-28,Gas,10140.027
2026-05-28,Geothermal,29399.484
2026-05-28,HYD,0.0
2026-05-28,Hydro,73622.299
2026-05-28,Liquid fuel,0.0
2026-05-28,Solar,517.849
2026-05-28,WIN,1937.378
2026-05-28,Wind,5332.412
2026-05-28,Wood,0.0
2026-05-29,ELE,155.272
2026-05-29,Gas,9555.215
2026-05-29,Geothermal,29765.058
2026-05-29,HYD,0.0
2026-05-29,Hydro,78887.438
2026-05-29,Liquid fuel,0.0
2026-05-29,Solar,581.279
2026-05-29,WIN,878.168
2026-05-29,Wind,706.113
2026-05-29,Wood,0.0
2026-05-30,ELE,200.922
2026-05-30,Gas,9281.183
2026-05-30,Geothermal,29767.685
2026-05-30,HYD,0.0
2026-05-30,Hydro,66230.931
2026-05-30,Liquid fuel,0.0
2026-05-30,Solar,366.832
2026-05-30,WIN,477.674
2026-05-30,Wind,5073.321
2026-05-30,Wood,173.549
2026-05-31,ELE,235.041
2026-05-31,Gas,7879.914
2026-05-31,Geothermal,29456.283
2026-05-31,HYD,0.0
2026-05-31,Hydro,51325.933
2026-05-31,Liquid fuel,0.0
2026-05-31,Solar,248.806
2026-05-31,WIN,846.892
2026-05-31,Wind,14143.554
2026-05-31,Wood,534.977
2026-06-01,ELE,195.958
2026-06-01,Gas,7848.646
2026-06-01,Geothermal,29049.92
2026-06-01,HYD,0.0
2026-06-01,Hydro,54392.678
2026-06-01,Liquid fuel,0.0
2026-06-01,Solar,159.162
2026-06-01,WIN,657.407
2026-06-01,Wind,10628.757
2026-06-01,Wood,565.943
2026-06-02,ELE,214.836
2026-06-02,Gas,8343.786
2026-06-02,Geothermal,28553.39
2026-06-02,HYD,0.0
2026-06-02,Hydro,62889.694
2026-06-02,Liquid fuel,0.0
2026-06-02,Solar,187.141
2026-06-02,WIN,779.253
2026-06-02,Wind,10386.612
2026-06-02,Wood,554.022
2026-06-03,ELE,206.034
2026-06-03,Gas,8419.561
2026-06-03,Geothermal,29353.162
2026-06-03,HYD,0.0
2026-06-03,Hydro,70931.045
2026-06-03,Liquid fuel,0.0
2026-06-03,Solar,350.206
2026-06-03,WIN,468.043
2026-06-03,Wind,5764.668
2026-06-03,Wood,538.823
2026-06-04,ELE,165.486
2026-06-04,Gas,6996.336
2026-06-04,Geothermal,29292.907
2026-06-04,HYD,0.0
2026-06-04,Hydro,65086.98
2026-06-04,Liquid fuel,0.0
2026-06-04,Solar,378.585
2026-06-04,WIN,904.944
2026-06-04,Wind,14309.747
2026-06-04,Wood,575.82
2026-06-05,ELE,195.772
2026-06-05,Gas,7129.79
2026-06-05,Geothermal,29002.936
2026-06-05,HYD,0.0
2026-06-05,Hydro,60416.842
2026-06-05,Liquid fuel,0.0
2026-06-05,Solar,120.832
2026-06-05,WIN,442.262
2026-06-05,Wind,17022.298
2026-06-05,Wood,514.811
2026-06-06,Coal,3369.145
2026-06-06,ELE,185.415
2026-06-06,Gas,1970.279
2026-06-06,Geothermal,29373.126
2026-06-06,HYD,0.0
2026-06-06,Hydro,56181.451
2026-06-06,Liquid fuel,0.0
2026-06-06,Solar,361.178
2026-06-06,WIN,1757.29
2026-06-06,Wind,12765.938
2026-06-06,Wood,538.669
2026-06-07,Coal,3167.284
2026-06-07,ELE,221.387
2026-06-07,Gas,1768.093
2026-06-07,Geothermal,29665.772
2026-06-07,HYD,0.0
2026-06-07,Hydro,59265.856
2026-06-07,Liquid fuel,0.0
2026-06-07,Solar,545.677
2026-06-07,WIN,1997.223
2026-06-07,Wind,7933.077
2026-06-07,Wood,581.884
2026-06-08,Coal,3863.871
2026-06-08,ELE,63.958
2026-06-08,Gas,3181.563
2026-06-08,Geothermal,29249.61
2026-06-08,HYD,0.0
2026-06-08,Hydro,62064.125
2026-06-08,Liquid fuel,0.0
2026-06-08,Solar,405.328
2026-06-08,WIN,2015.886
2026-06-08,Wind,16454.571
2026-06-08,Wood,558.87
2026-06-09,Coal,4184.992
2026-06-09,ELE,91.92
2026-06-09,Gas,4062.078
2026-06-09,Geothermal,29193.489
2026-06-09,HYD,0.0
2026-06-09,Hydro,69977.511
2026-06-09,Liquid fuel,0.0
2026-06-09,Solar,544.769
2026-06-09,WIN,1629.4
2026-06-09,Wind,10611.404
2026-06-09,Wood,522.205
2026-06-10,Coal,4.055
2026-06-10,ELE,244.635
2026-06-10,Gas,10240.58
2026-06-10,Geothermal,29274.392
2026-06-10,HYD,0.0
2026-06-10,Hydro,78968.191
2026-06-10,Liquid fuel,0.0
2026-06-10,Solar,614.022
2026-06-10,WIN,726.544
2026-06-10,Wind,5605.369
2026-06-10,Wood,573.297
2026-06-11,ELE,232.907
2026-06-11,Gas,12275.099
2026-06-11,Geothermal,29167.693
2026-06-11,HYD,0.0
2026-06-11,Hydro,81966.092
2026-06-11,Liquid fuel,0.0
2026-06-11,Solar,566.883
2026-06-11,WIN,852.898
2026-06-11,Wind,4349.372
2026-06-11,Wood,584.782
2026-06-12,ELE,211.204
2026-06-12,Gas,10008.812
2026-06-12,Geothermal,29518.365
2026-06-12,HYD,0.0
2026-06-12,Hydro,76030.092
2026-06-12,Liquid fuel,0.0
2026-06-12,Solar,384.608
2026-06-12,WIN,1081.262
2026-06-12,Wind,6955.925
2026-06-12,Wood,455.897
2026-06-13,ELE,241.744
2026-06-13,Gas,8987.051
2026-06-13,Geothermal,29849.497
2026-06-13,HYD,0.0
2026-06-13,Hydro,68252.193
2026-06-13,Liquid fuel,0.0
2026-06-13,Solar,481.44
2026-06-13,WIN,429.898
2026-06-13,Wind,5869.189
2026-06-13,Wood,369.522
2026-06-14,ELE,155.572
2026-06-14,Gas,8091.97
2026-06-14,Geothermal,29707.449
2026-06-14,HYD,0.0
2026-06-14,Hydro,54198.246
2026-06-14,Liquid fuel,0.0
2026-06-14,Solar,567.579
2026-06-14,WIN,1439.792
2026-06-14,Wind,15914.295
2026-06-14,Wood,462.263
2026-06-15,Coal,3572.228
2026-06-15,ELE,168.089
2026-06-15,Gas,2776.462
2026-06-15,Geothermal,29527.814
2026-06-15,HYD,0.0
2026-06-15,Hydro,64689.883
2026-06-15,Liquid fuel,0.0
2026-06-15,Solar,331.105
2026-06-15,WIN,1197.981
2026-06-15,Wind,16696.554
2026-06-15,Wood,512.151
2026-06-16,Coal,1843.022
2026-06-16,ELE,237.286
2026-06-16,Gas,7108.963
2026-06-16,Geothermal,29631.313
2026-06-16,HYD,0.0
2026-06-16,Hydro,75893.626
2026-06-16,Liquid fuel,0.0
2026-06-16,Solar,338.936
2026-06-16,WIN,937.306
2026-06-16,Wind,8370.468
2026-06-16,Wood,519.359
2026-06-17,ELE,217.018
2026-06-17,Gas,9656.077
2026-06-17,Geothermal,29225.287
2026-06-17,HYD,0.0
2026-06-17,Hydro,72672.59
2026-06-17,Liquid fuel,0.0
2026-06-17,Solar,304.467
2026-06-17,WIN,2214.92
2026-06-17,Wind,11747.259
2026-06-17,Wood,222.717
2026-06-18,ELE,207.821
2026-06-18,Gas,12135.136
2026-06-18,Geothermal,26695.156
2026-06-18,HYD,0.0
2026-06-18,Hydro,73932.599
2026-06-18,Liquid fuel,0.0
2026-06-18,Solar,422.404
2026-06-18,WIN,1539.904
2026-06-18,Wind,9115.994
2026-06-18,Wood,430.271
2026-06-19,ELE,263.494
2026-06-19,Gas,12140.607
2026-06-19,Geothermal,25164.465
2026-06-19,HYD,0.0
2026-06-19,Hydro,75368.804
2026-06-19,Liquid fuel,0.0
2026-06-19,Solar,539.755
2026-06-19,WIN,0.0
2026-06-19,Wind,9052.007
2026-06-19,Wood,461.355
2026-06-20,Coal,1811.923
2026-06-20,ELE,200.565
2026-06-20,Gas,3634.369
2026-06-20,Geothermal,24670.393
2026-06-20,HYD,0.0
2026-06-20,Hydro,61114.94
2026-06-20,Liquid fuel,0.0
2026-06-20,Solar,432.221
2026-06-20,WIN,0.0
2026-06-20,Wind,19554.828
2026-06-20,Wood,550.571
2026-06-21,Coal,1824.991
2026-06-21,ELE,196.612
2026-06-21,Gas,2999.12
2026-06-21,Geothermal,24811.139
2026-06-21,HYD,0.0
2026-06-21,Hydro,65606.237
2026-06-21,Liquid fuel,0.0
2026-06-21,Solar,296.167
2026-06-21,WIN,0.0
2026-06-21,Wind,12305.177
2026-06-21,Wood,578.185
2026-06-22,Coal,2860.737
2026-06-22,ELE,279.113
2026-06-22,Gas,4424.548
2026-06-22,Geothermal,24042.282
2026-06-22,HYD,0.0
2026-06-22,Hydro,81810.959
2026-06-22,Liquid fuel,0.0
2026-06-22,Solar,568.109
2026-06-22,WIN,0.0
2026-06-22,Wind,5968.894
2026-06-22,Wood,561.356
2026-06-23,Coal,3467.029
2026-06-23,ELE,217.065
2026-06-23,Gas,4989.688
2026-06-23,Geothermal,25835.707
2026-06-23,HYD,0.0
2026-06-23,Hydro,84654.697
2026-06-23,Liquid fuel,0.0
2026-06-23,Solar,398.665
2026-06-23,WIN,0.0
2026-06-23,Wind,4080.679
2026-06-23,Wood,569.939
2026-06-24,Coal,3471.091
2026-06-24,ELE,169.479
2026-06-24,Gas,5347.829
2026-06-24,Geothermal,25065.778
2026-06-24,HYD,0.0
2026-06-24,Hydro,82450.748
2026-06-24,Liquid fuel,0.0
2026-06-24,Solar,189.722
2026-06-24,WIN,0.0
2026-06-24,Wind,9949.6
2026-06-24,Wood,567.837
2026-06-25,Coal,2657.919
2026-06-25,ELE,180.021
2026-06-25,Gas,4107.825
2026-06-25,Geothermal,26687.305
2026-06-25,HYD,0.0
2026-06-25,Hydro,78408.256
2026-06-25,Liquid fuel,0.0
2026-06-25,Solar,227.893
2026-06-25,WIN,0.0
2026-06-25,Wind,14808.694
2026-06-25,Wood,574.255
2026-06-26,Coal,3008.571
2026-06-26,ELE,168.16
2026-06-26,Gas,5447.051
2026-06-26,Geothermal,29098.928
2026-06-26,HYD,419.913
2026-06-26,Hydro,80939.672
2026-06-26,Liquid fuel,0.0
2026-06-26,Solar,177.797
2026-06-26,WIN,0.0
2026-06-26,Wind,12789.916
2026-06-26,Wood,492.368
2026-06-27,Coal,2782.86
2026-06-27,ELE,187.942
2026-06-27,Gas,2984.755
2026-06-27,Geothermal,29483.961
2026-06-27,HYD,1207.293
2026-06-27,Hydro,68809.984
2026-06-27,Liquid fuel,0.0
2026-06-27,Solar,520.997
2026-06-27,WIN,0.0
2026-06-27,Wind,12716.006
2026-06-27,Wood,503.642
2026-06-28,Coal,2346.051
2026-06-28,ELE,155.265
2026-06-28,Gas,2862.934
2026-06-28,Geothermal,29458.695
2026-06-28,HYD,555.114
2026-06-28,Hydro,61891.531
2026-06-28,Liquid fuel,0.0
2026-06-28,Solar,572.142
2026-06-28,WIN,0.0
2026-06-28,Wind,15174.065
2026-06-28,Wood,514.252
2026-06-29,Coal,3367.626
2026-06-29,ELE,209.209
2026-06-29,Gas,4141.684
2026-06-29,Geothermal,29691.686
2026-06-29,HYD,1288.122
2026-06-29,Hydro,74167.137
2026-06-29,Liquid fuel,0.0
2026-06-29,Solar,529.571
2026-06-29,WIN,0.0
2026-06-29,Wind,11518.363
2026-06-29,Wood,555.647
2026-06-30,Coal,3659.434
2026-06-30,ELE,233.115
2026-06-30,Gas,4433.483
2026-06-30,Geothermal,29895.627
2026-06-30,HYD,1179.957
2026-06-30,Hydro,85284.184
2026-06-30,Liquid fuel,0.0
2026-06-30,Solar,507.444
2026-06-30,WIN,0.0
2026-06-30,Wind,4160.904
2026-06-30,Wood,414.166
2026-07-01,Coal,3781.033
2026-07-01,ELE,186.963
2026-07-01,Gas,6992.844
2026-07-01,Geothermal,29776.571
2026-07-01,HYD,1386.165
2026-07-01,Hydro,88982.869
2026-07-01,Liquid fuel,0.0
2026-07-01,Solar,603.78
2026-07-01,WIN,0.0
2026-07-01,Wind,1883.002
2026-07-01,Wood,494.227
2026-07-02,Coal,3706.949
2026-07-02,ELE,169.893
2026-07-02,Gas,7026.759
2026-07-02,Geothermal,29656.355
2026-07-02,HYD,1342.902
2026-07-02,Hydro,84428.991
2026-07-02,Liquid fuel,0.0
2026-07-02,Solar,675.23
2026-07-02,WIN,0.0
2026-07-02,Wind,6525.442
2026-07-02,Wood,588.046
2026-07-03,Coal,1748.41
2026-07-03,ELE,169.617
2026-07-03,Gas,5872.579
2026-07-03,Geothermal,29472.376
2026-07-03,HYD,1407.381
2026-07-03,Hydro,84450.63
2026-07-03,Liquid fuel,0.0
2026-07-03,Solar,541.134
2026-07-03,WIN,0.0
2026-07-03,Wind,8639.097
2026-07-03,Wood,577.817
2026-07-04,Coal,2115.188
2026-07-04,ELE,149.62
2026-07-04,Gas,4087.555
2026-07-04,Geothermal,29236.578
2026-07-04,HYD,227.712
2026-07-04,Hydro,66814.389
2026-07-04,Liquid fuel,0.0
2026-07-04,Solar,386.382
2026-07-04,WIN,0.0
2026-07-04,Wind,14563.048
2026-07-04,Wood,561.692
2026-07-05,Coal,1863.995
2026-07-05,ELE,169.873
2026-07-05,Gas,4337.941
2026-07-05,Geothermal,29420.16
2026-07-05,HYD,83.799
2026-07-05,Hydro,66419.536
2026-07-05,Liquid fuel,0.0
2026-07-05,Solar,359.968
2026-07-05,WIN,0.0
2026-07-05,Wind,8650.927
2026-07-05,Wood,578.093
2026-07-06,Coal,2007.997
2026-07-06,ELE,201.166
2026-07-06,Gas,4032.291
2026-07-06,Geothermal,29455.808
2026-07-06,HYD,149.13
2026-07-06,Hydro,78794.572
2026-07-06,Liquid fuel,0.0
2026-07-06,Solar,215.096
2026-07-06,WIN,0.0
2026-07-06,Wind,13356.162
2026-07-06,Wood,540.169
2026-07-07,Coal,2252.33
2026-07-07,ELE,108.866
2026-07-07,Gas,4766.7
2026-07-07,Geothermal,29544.568
2026-07-07,HYD,733.05
2026-07-07,Hydro,86691.374
2026-07-07,Liquid fuel,0.0
2026-07-07,Solar,233.269
2026-07-07,WIN,0.0
2026-07-07,Wind,7576.571
2026-07-07,Wood,548.179
2026-07-08,Coal,1874.652
2026-07-08,ELE,159.924
2026-07-08,Gas,1912.023
2026-07-08,Geothermal,29575.772
2026-07-08,HYD,96.972
2026-07-08,Hydro,81681.373
2026-07-08,Liquid fuel,0.0
2026-07-08,Solar,408.686
2026-07-08,WIN,0.0
2026-07-08,Wind,11431.461
2026-07-08,Wood,553.723
2026-07-09,Coal,2246.152
2026-07-09,ELE,152.292
2026-07-09,Gas,1831.771
2026-07-09,Geothermal,29623.509
2026-07-09,HYD,254.136
2026-07-09,Hydro,80039.636
2026-07-09,Liquid fuel,0.0
2026-07-09,Solar,339.547
2026-07-09,WIN,0.0
2026-07-09,Wind,17372.259
2026-07-09,Wood,533.233
2026-07-10,Coal,1848.314
2026-07-10,ELE,255.446
2026-07-10,Gas,1767.428
2026-07-10,Geothermal,29871.507
2026-07-10,HYD,506.913
2026-07-10,Hydro,74472.241
2026-07-10,Liquid fuel,0.0
2026-07-10,Solar,626.339
2026-07-10,WIN,40.397
2026-07-10,Wind,11161.63
2026-07-10,Wood,561.411
2026-07-11,Coal,2160.968
2026-07-11,ELE,219.882
2026-07-11,Gas,3275.058
2026-07-11,Geothermal,30112.383
2026-07-11,HYD,1053.639
2026-07-11,Hydro,82179.299
2026-07-11,Liquid fuel,0.0
2026-07-11,Solar,701.704
2026-07-11,WIN,130.115
2026-07-11,Wind,2211.49
2026-07-11,Wood,561.939
2026-07-12,Coal,2600.966
2026-07-12,ELE,208.378
2026-07-12,Gas,3600.632
2026-07-12,Geothermal,30187.929
2026-07-12,HYD,1091.142
2026-07-12,Hydro,83546.667
2026-07-12,Liquid fuel,0.0
2026-07-12,Solar,595.048
2026-07-12,WIN,363.423
2026-07-12,Wind,1635.461
2026-07-12,Wood,546.559
2026-07-13,Coal,1676.169
2026-07-13,ELE,225.42
2026-07-13,Gas,2226.812
2026-07-13,Geothermal,30084.794
2026-07-13,HYD,702.183
2026-07-13,Hydro,80323.556
2026-07-13,Liquid fuel,0.0
2026-07-13,Solar,557.748
2026-07-13,WIN,1253.884
2026-07-13,Wind,14472.135
2026-07-13,Wood,532.346
2026-07-14,Coal,1395.176
2026-07-14,ELE,229.501
2026-07-14,Gas,1501.972
2026-07-14,Geothermal,29591.327
2026-07-14,HYD,93.693
2026-07-14,Hydro,70686.524
2026-07-14,Liquid fuel,0.0
2026-07-14,Solar,485.511
2026-07-14,WIN,1792.371
2026-07-14,Wind,17675.449
2026-07-14,Wood,551.017
2026-07-15,Coal,1601.31
2026-07-15,ELE,227.019
2026-07-15,Gas,1252.7
2026-07-15,Geothermal,29769.428
2026-07-15,HYD,220.308
2026-07-15,Hydro,75051.226
2026-07-15,Liquid fuel,0.0
2026-07-15,Solar,623.579
2026-07-15,WIN,1541.871
2026-07-15,Wind,14210.356
2026-07-15,Wood,533.458
2026-07-16,Coal,1223.93
2026-07-16,ELE,170.172
2026-07-16,Gas,1715.922
2026-07-16,Geothermal,29662.196
2026-07-16,HYD,740.514
2026-07-16,Hydro,72855.481
2026-07-16,Liquid fuel,0.0
2026-07-16,Solar,562.059
2026-07-16,WIN,2869.433
2026-07-16,Wind,12978.728
2026-07-16,Wood,411.3
2026-07-17,Coal,865.879
2026-07-17,ELE,66.274
2026-07-17,Gas,1977.799
2026-07-17,Geothermal,29564.869
2026-07-17,HYD,723.102
2026-07-17,Hydro,74344.032
2026-07-17,Liquid fuel,0.0
2026-07-17,Solar,723.338
2026-07-17,WIN,2443.978
2026-07-17,Wind,14137.395
2026-07-17,Wood,87.465
2026-07-18,Coal,956.086
2026-07-18,ELE,25.875
2026-07-18,Gas,1807.643
2026-07-18,Geothermal,30104.698
2026-07-18,HYD,422.04
2026-07-18,Hydro,62241.096
2026-07-18,Liquid fuel,0.0
2026-07-18,Solar,609.71
2026-07-18,WIN,2294.278
2026-07-18,Wind,15479.361
2026-07-18,Wood,0.0
2026-07-19,Coal,1030.2
2026-07-19,ELE,157.722
2026-07-19,Gas,1829.14
2026-07-19,Geothermal,30074.213
2026-07-19,HYD,934.431
2026-07-19,Hydro,67292.463
2026-07-19,Liquid fuel,0.0
2026-07-19,Solar,593.866
2026-07-19,WIN,1903.909
2026-07-19,Wind,9348.348
2026-07-19,Wood,0.0
2026-07-20,Coal,1936.903
2026-07-20,ELE,201.323
2026-07-20,Gas,3518.522
2026-07-20,Geothermal,29957.917
2026-07-20,HYD,1448.727
2026-07-20,Hydro,85230.145
2026-07-20,Liquid fuel,0.0
2026-07-20,Solar,563.831
2026-07-20,WIN,365.274
2026-07-20,Wind,6729.35
2026-07-20,Wood,0.0
2026-07-21,Coal,2259.249
2026-07-21,ELE,263.032
2026-07-21,Gas,3063.86
2026-07-21,Geothermal,29112.203
2026-07-21,HYD,1525.884
2026-07-21,Hydro,88049.756
2026-07-21,Liquid fuel,0.0
2026-07-21,Solar,633.44
2026-07-21,WIN,2084.223
2026-07-21,Wind,5611.071
2026-07-21,Wood,0.0
2026-07-22,Coal,2500.246
2026-07-22,ELE,168.88
2026-07-22,Gas,4794.113
2026-07-22,Geothermal,29253.568
2026-07-22,HYD,1648.557
2026-07-22,Hydro,88403.763
2026-07-22,Liquid fuel,0.0
2026-07-22,Solar,645.897
2026-07-22,WIN,1115.814
2026-07-22,Wind,4181.155
2026-07-22,Wood,115.341
2026-07-23,Coal,1958.529
2026-07-23,ELE,195.914
2026-07-23,Gas,2287.522
2026-07-23,Geothermal,30222.902
2026-07-23,HYD,1049.703
2026-07-23,Hydro,85237.705
2026-07-23,Liquid fuel,0.0
2026-07-23,Solar,486.761
2026-07-23,WIN,1020.911
2026-07-23,Wind,10649.918
2026-07-23,Wood,475.313
2026-07-24,Coal,1474.139
2026-07-24,ELE,221.252
2026-07-24,Gas,1128.764
2026-07-24,Geothermal,29979.328
2026-07-24,HYD,186.726
2026-07-24,Hydro,75816.817
2026-07-24,Liquid fuel,0.0
2026-07-24,Solar,422.694
2026-07-24,WIN,1149.096
2026-07-24,Wind,17429.801
2026-07-24,Wood,549.828
2026-07-25,Coal,1543.269
2026-07-25,ELE,172.48
2026-07-25,Gas,1217.331
2026-07-25,Geothermal,30015.669
2026-07-25,HYD,1356.348
2026-07-25,Hydro,79626.427
2026-07-25,Liquid fuel,0.0
2026-07-25,Solar,481.713
2026-07-25,WIN,888.223
2026-07-25,Wind,9139.119
2026-07-25,Wood,158.655
2026-07-26,Coal,1805.108
2026-07-26,ELE,178.86
2026-07-26,Gas,2515.2
2026-07-26,Geothermal,30246.868
2026-07-26,HYD,2295.984
2026-07-26,Hydro,88059.777
2026-07-26,Liquid fuel,0.0
2026-07-26,Solar,513.13
2026-07-26,WIN,1032.536
2026-07-26,Wind,4075.746
2026-07-26,Wood,0.0
2026-07-27,Coal,4117.794
2026-07-27,ELE,165.571
2026-07-27,Gas,4599.865
2026-07-27,Geothermal,30192.543
2026-07-27,HYD,2278.455
2026-07-27,Hydro,94843.106
2026-07-27,Liquid fuel,71.229
2026-07-27,Solar,739.544
2026-07-27,WIN,1196.348
2026-07-27,Wind,2841.846
2026-07-27,Wood,250.283
2026-07-28,Coal,5493.961
2026-07-28,ELE,299.957
2026-07-28,Gas,5109.57
2026-07-28,Geothermal,30069.752
2026-07-28,HYD,1688.883
2026-07-28,Hydro,92795.231
2026-07-28,Liquid fuel,25.327
2026-07-28,Solar,757.219
2026-07-28,WIN,687.402
2026-07-28,Wind,2236.499
2026-07-28,Wood,525.601
2026-07-29,Coal,3119.273
2026-07-29,ELE,238.475
2026-07-29,Gas,3504.2
2026-07-29,Geothermal,30282.151
2026-07-29,HYD,1478.994
2026-07-29,Hydro,88689.677
2026-07-29,Liquid fuel,0.0
2026-07-29,Solar,954.246
2026-07-29,WIN,683.843
2026-07-29,Wind,8082.533
2026-07-29,Wood,559.148
2026-07-30,Coal,1241.718
2026-07-30,ELE,304.649
2026-07-30,Gas,1458.546
2026-07-30,Geothermal,30051.01
2026-07-30,HYD,1213.218
2026-07-30,Hydro,77709.504
2026-07-30,Liquid fuel,0.0
2026-07-30,Solar,899.307
2026-07-30,WIN,1504.07
2026-07-30,Wind,18589.401
2026-07-30,Wood,564.402
2026-07-31,Coal,1215.451
2026-07-31,ELE,237.442
2026-07-31,Gas,1527.309
2026-07-31,Geothermal,29829.994
2026-07-31,HYD,1387.116
2026-07-31,Hydro,70139.157
2026-07-31,Liquid fuel,0.0
2026-07-31,Solar,935.718
2026-07-31,WIN,2478.778
2026-07-31,Wind,18954.601
2026-07-31,Wood,572.223
